Container_ID,Container_Type,Size,Cargo_Category,Import_Export,Cargo_Weight_Tons,Hazardous
CONT00001,Dry,20FT,Electronics,Import,23.35,No
CONT00002,Reefer,45FT,Textiles,Export,14.97,No
CONT00003,Open Top,40FT,Electronics,Import,25.46,No
CONT00004,Tank,20FT,Textiles,Export,21.43,No
CONT00005,Dry,45FT,Electronics,Import,6.35,Yes
CONT00006,Reefer,40FT,Textiles,Export,28.39,No
CONT00007,Open Top,20FT,Electronics,Import,23.03,No
CONT00008,Tank,45FT,Textiles,Export,23.65,No
CONT00009,Dry,40FT,Electronics,Import,7.2,No
CONT00010,Reefer,20FT,Textiles,Export,15.26,Yes
CONT00011,Open Top,45FT,Electronics,Import,13.27,No
CONT00012,Tank,40FT,Textiles,Export,27.17,No
CONT00013,Dry,20FT,Electronics,Import,20.1,No
CONT00014,Reefer,45FT,Textiles,Export,24.57,No
CONT00015,Open Top,40FT,Electronics,Import,15.09,Yes
CONT00016,Tank,20FT,Textiles,Export,9.68,No
CONT00017,Dry,45FT,Electronics,Import,17.86,No
CONT00018,Reefer,40FT,Textiles,Export,5.6,No
CONT00019,Open Top,20FT,Electronics,Import,24.69,No
CONT00020,Tank,45FT,Textiles,Export,19.79,Yes
CONT00021,Dry,40FT,Electronics,Import,22.95,No
CONT00022,Reefer,20FT,Textiles,Export,12.86,No
CONT00023,Open Top,45FT,Electronics,Import,28.27,No
CONT00024,Tank,40FT,Textiles,Export,26.33,No
CONT00025,Dry,20FT,Electronics,Import,23.46,Yes
CONT00026,Reefer,45FT,Textiles,Export,8.87,No
CONT00027,Open Top,40FT,Electronics,Import,15.67,No
CONT00028,Tank,20FT,Textiles,Export,5.1,No
CONT00029,Dry,45FT,Electronics,Import,7.86,No
CONT00030,Reefer,40FT,Textiles,Export,21.08,Yes
CONT00031,Open Top,20FT,Electronics,Import,22.62,No
CONT00032,Tank,45FT,Textiles,Export,28.19,No
CONT00033,Dry,40FT,Electronics,Import,12.15,No
CONT00034,Reefer,20FT,Textiles,Export,13.26,No
CONT00035,Open Top,45FT,Electronics,Import,15.74,Yes
CONT00036,Tank,40FT,Textiles,Export,8.74,No
CONT00037,Dry,20FT,Electronics,Import,7.25,No
CONT00038,Reefer,45FT,Textiles,Export,15.89,No
CONT00039,Open Top,40FT,Electronics,Import,9.67,No
CONT00040,Tank,20FT,Textiles,Export,20.75,Yes
CONT00041,Dry,45FT,Electronics,Import,14.93,No
CONT00042,Reefer,40FT,Textiles,Export,24.82,No
CONT00043,Open Top,20FT,Electronics,Import,21.51,No
CONT00044,Tank,45FT,Textiles,Export,11.81,No
CONT00045,Dry,40FT,Electronics,Import,24.81,Yes
CONT00046,Reefer,20FT,Textiles,Export,24.12,No
CONT00047,Open Top,45FT,Electronics,Import,13.69,No
CONT00048,Tank,40FT,Textiles,Export,11.21,No
CONT00049,Dry,20FT,Electronics,Import,21.06,No
CONT00050,Reefer,45FT,Textiles,Export,7.49,Yes
CONT00051,Open Top,40FT,Electronics,Import,9.0,No
CONT00052,Tank,20FT,Textiles,Export,4.18,No
CONT00053,Dry,45FT,Electronics,Import,23.67,No
CONT00054,Reefer,40FT,Textiles,Export,20.62,No
CONT00055,Open Top,20FT,Electronics,Import,21.63,Yes
CONT00056,Tank,45FT,Textiles,Export,23.52,No
CONT00057,Dry,40FT,Electronics,Import,15.47,No
CONT00058,Reefer,20FT,Textiles,Export,18.22,No
CONT00059,Open Top,45FT,Electronics,Import,7.49,No
CONT00060,Tank,40FT,Textiles,Export,6.86,Yes
CONT00061,Dry,20FT,Electronics,Import,20.71,No
CONT00062,Reefer,45FT,Textiles,Export,15.78,No
CONT00063,Open Top,40FT,Electronics,Import,18.13,No
CONT00064,Tank,20FT,Textiles,Export,23.12,No
CONT00065,Dry,45FT,Electronics,Import,19.87,Yes
CONT00066,Reefer,40FT,Textiles,Export,17.84,No
CONT00067,Open Top,20FT,Electronics,Import,17.98,No
CONT00068,Tank,45FT,Textiles,Export,11.6,No
CONT00069,Dry,40FT,Electronics,Import,4.77,No
CONT00070,Reefer,20FT,Textiles,Export,14.92,Yes
CONT00071,Open Top,45FT,Electronics,Import,9.36,No
CONT00072,Tank,40FT,Textiles,Export,14.21,No
CONT00073,Dry,20FT,Electronics,Import,25.34,No
CONT00074,Reefer,45FT,Textiles,Export,9.85,No
CONT00075,Open Top,40FT,Electronics,Import,5.46,Yes
CONT00076,Tank,20FT,Textiles,Export,11.03,No
CONT00077,Dry,45FT,Electronics,Import,11.34,No
CONT00078,Reefer,40FT,Textiles,Export,20.55,No
CONT00079,Open Top,20FT,Electronics,Import,17.93,No
CONT00080,Tank,45FT,Textiles,Export,23.6,Yes
CONT00081,Dry,40FT,Electronics,Import,20.61,No
CONT00082,Reefer,20FT,Textiles,Export,14.16,No
CONT00083,Open Top,45FT,Electronics,Import,24.35,No
CONT00084,Tank,40FT,Textiles,Export,8.17,No
CONT00085,Dry,20FT,Electronics,Import,4.57,Yes
CONT00086,Reefer,45FT,Textiles,Export,6.25,No
CONT00087,Open Top,40FT,Electronics,Import,22.06,No
CONT00088,Tank,20FT,Textiles,Export,15.55,No
CONT00089,Dry,45FT,Electronics,Import,8.03,No
CONT00090,Reefer,40FT,Textiles,Export,16.53,Yes
CONT00091,Open Top,20FT,Electronics,Import,7.81,No
CONT00092,Tank,45FT,Textiles,Export,21.41,No
CONT00093,Dry,40FT,Electronics,Import,15.15,No
CONT00094,Reefer,20FT,Textiles,Export,13.53,No
CONT00095,Open Top,45FT,Electronics,Import,11.54,Yes
CONT00096,Tank,40FT,Textiles,Export,19.76,No
CONT00097,Dry,20FT,Electronics,Import,13.05,No
CONT00098,Reefer,45FT,Textiles,Export,6.19,No
CONT00099,Open Top,40FT,Electronics,Import,6.95,No
CONT00100,Tank,20FT,Textiles,Export,28.05,Yes
CONT00101,Dry,45FT,Electronics,Import,26.71,No
CONT00102,Reefer,40FT,Textiles,Export,21.49,No
CONT00103,Open Top,20FT,Electronics,Import,10.65,No
CONT00104,Tank,45FT,Textiles,Export,28.23,No
CONT00105,Dry,40FT,Electronics,Import,23.47,Yes
CONT00106,Reefer,20FT,Textiles,Export,21.92,No
CONT00107,Open Top,45FT,Electronics,Import,15.23,No
CONT00108,Tank,40FT,Textiles,Export,10.81,No
CONT00109,Dry,20FT,Electronics,Import,6.41,No
CONT00110,Reefer,45FT,Textiles,Export,26.57,Yes
CONT00111,Open Top,40FT,Electronics,Import,15.39,No
CONT00112,Tank,20FT,Textiles,Export,9.06,No
CONT00113,Dry,45FT,Electronics,Import,11.65,No
CONT00114,Reefer,40FT,Textiles,Export,18.48,No
CONT00115,Open Top,20FT,Electronics,Import,8.42,Yes
CONT00116,Tank,45FT,Textiles,Export,25.42,No
CONT00117,Dry,40FT,Electronics,Import,22.96,No
CONT00118,Reefer,20FT,Textiles,Export,21.99,No
CONT00119,Open Top,45FT,Electronics,Import,14.8,No
CONT00120,Tank,40FT,Textiles,Export,19.68,Yes
CONT00121,Dry,20FT,Electronics,Import,18.6,No
CONT00122,Reefer,45FT,Textiles,Export,20.25,No
CONT00123,Open Top,40FT,Electronics,Import,6.11,No
CONT00124,Tank,20FT,Textiles,Export,14.4,No
CONT00125,Dry,45FT,Electronics,Import,5.04,Yes
CONT00126,Reefer,40FT,Textiles,Export,16.35,No
CONT00127,Open Top,20FT,Electronics,Import,12.25,No
CONT00128,Tank,45FT,Textiles,Export,7.61,No
CONT00129,Dry,40FT,Electronics,Import,6.59,No
CONT00130,Reefer,20FT,Textiles,Export,18.69,Yes
CONT00131,Open Top,45FT,Electronics,Import,8.26,No
CONT00132,Tank,40FT,Textiles,Export,27.13,No
CONT00133,Dry,20FT,Electronics,Import,18.53,No
CONT00134,Reefer,45FT,Textiles,Export,12.67,No
CONT00135,Open Top,40FT,Electronics,Import,18.77,Yes
CONT00136,Tank,20FT,Textiles,Export,4.57,No
CONT00137,Dry,45FT,Electronics,Import,27.96,No
CONT00138,Reefer,40FT,Textiles,Export,16.06,No
CONT00139,Open Top,20FT,Electronics,Import,23.57,No
CONT00140,Tank,45FT,Textiles,Export,6.07,Yes
CONT00141,Dry,40FT,Electronics,Import,16.17,No
CONT00142,Reefer,20FT,Textiles,Export,16.27,No
CONT00143,Open Top,45FT,Electronics,Import,27.45,No
CONT00144,Tank,40FT,Textiles,Export,18.29,No
CONT00145,Dry,20FT,Electronics,Import,15.84,Yes
CONT00146,Reefer,45FT,Textiles,Export,10.67,No
CONT00147,Open Top,40FT,Electronics,Import,12.29,No
CONT00148,Tank,20FT,Textiles,Export,17.02,No
CONT00149,Dry,45FT,Electronics,Import,14.97,No
CONT00150,Reefer,40FT,Textiles,Export,4.54,Yes
CONT00151,Open Top,20FT,Electronics,Import,24.66,No
CONT00152,Tank,45FT,Textiles,Export,26.4,No
CONT00153,Dry,40FT,Electronics,Import,7.51,No
CONT00154,Reefer,20FT,Textiles,Export,17.85,No
CONT00155,Open Top,45FT,Electronics,Import,6.71,Yes
CONT00156,Tank,40FT,Textiles,Export,20.81,No
CONT00157,Dry,20FT,Electronics,Import,11.03,No
CONT00158,Reefer,45FT,Textiles,Export,20.49,No
CONT00159,Open Top,40FT,Electronics,Import,22.17,No
CONT00160,Tank,20FT,Textiles,Export,23.22,Yes
CONT00161,Dry,45FT,Electronics,Import,6.69,No
CONT00162,Reefer,40FT,Textiles,Export,26.9,No
CONT00163,Open Top,20FT,Electronics,Import,9.76,No
CONT00164,Tank,45FT,Textiles,Export,4.94,No
CONT00165,Dry,40FT,Electronics,Import,17.87,Yes
CONT00166,Reefer,20FT,Textiles,Export,13.27,No
CONT00167,Open Top,45FT,Electronics,Import,24.74,No
CONT00168,Tank,40FT,Textiles,Export,24.21,No
CONT00169,Dry,20FT,Electronics,Import,11.93,No
CONT00170,Reefer,45FT,Textiles,Export,27.82,Yes
CONT00171,Open Top,40FT,Electronics,Import,11.27,No
CONT00172,Tank,20FT,Textiles,Export,16.88,No
CONT00173,Dry,45FT,Electronics,Import,10.4,No
CONT00174,Reefer,40FT,Textiles,Export,27.4,No
CONT00175,Open Top,20FT,Electronics,Import,8.12,Yes
CONT00176,Tank,45FT,Textiles,Export,5.12,No
CONT00177,Dry,40FT,Electronics,Import,14.88,No
CONT00178,Reefer,20FT,Textiles,Export,28.81,No
CONT00179,Open Top,45FT,Electronics,Import,26.29,No
CONT00180,Tank,40FT,Textiles,Export,22.72,Yes
CONT00181,Dry,20FT,Electronics,Import,26.27,No
CONT00182,Reefer,45FT,Textiles,Export,26.34,No
CONT00183,Open Top,40FT,Electronics,Import,16.97,No
CONT00184,Tank,20FT,Textiles,Export,11.9,No
CONT00185,Dry,45FT,Electronics,Import,23.3,Yes
CONT00186,Reefer,40FT,Textiles,Export,20.54,No
CONT00187,Open Top,20FT,Electronics,Import,13.34,No
CONT00188,Tank,45FT,Textiles,Export,6.36,No
CONT00189,Dry,40FT,Electronics,Import,22.67,No
CONT00190,Reefer,20FT,Textiles,Export,10.56,Yes
CONT00191,Open Top,45FT,Electronics,Import,27.42,No
CONT00192,Tank,40FT,Textiles,Export,10.02,No
CONT00193,Dry,20FT,Electronics,Import,7.07,No
CONT00194,Reefer,45FT,Textiles,Export,24.78,No
CONT00195,Open Top,40FT,Electronics,Import,7.83,Yes
CONT00196,Tank,20FT,Textiles,Export,8.48,No
CONT00197,Dry,45FT,Electronics,Import,18.98,No
CONT00198,Reefer,40FT,Textiles,Export,25.86,No
CONT00199,Open Top,20FT,Electronics,Import,8.91,No
CONT00200,Tank,45FT,Textiles,Export,11.76,Yes
CONT00201,Dry,40FT,Electronics,Import,23.44,No
CONT00202,Reefer,20FT,Textiles,Export,28.3,No
CONT00203,Open Top,45FT,Electronics,Import,16.52,No
CONT00204,Tank,40FT,Textiles,Export,7.6,No
CONT00205,Dry,20FT,Electronics,Import,4.35,Yes
CONT00206,Reefer,45FT,Textiles,Export,9.74,No
CONT00207,Open Top,40FT,Electronics,Import,7.3,No
CONT00208,Tank,20FT,Textiles,Export,20.94,No
CONT00209,Dry,45FT,Electronics,Import,7.05,No
CONT00210,Reefer,40FT,Textiles,Export,16.66,Yes
CONT00211,Open Top,20FT,Electronics,Import,21.36,No
CONT00212,Tank,45FT,Textiles,Export,18.53,No
CONT00213,Dry,40FT,Electronics,Import,8.99,No
CONT00214,Reefer,20FT,Textiles,Export,24.1,No
CONT00215,Open Top,45FT,Electronics,Import,21.89,Yes
CONT00216,Tank,40FT,Textiles,Export,22.47,No
CONT00217,Dry,20FT,Electronics,Import,7.28,No
CONT00218,Reefer,45FT,Textiles,Export,7.09,No
CONT00219,Open Top,40FT,Electronics,Import,27.19,No
CONT00220,Tank,20FT,Textiles,Export,13.94,Yes
CONT00221,Dry,45FT,Electronics,Import,11.52,No
CONT00222,Reefer,40FT,Textiles,Export,16.21,No
CONT00223,Open Top,20FT,Electronics,Import,20.57,No
CONT00224,Tank,45FT,Textiles,Export,27.89,No
CONT00225,Dry,40FT,Electronics,Import,11.16,Yes
CONT00226,Reefer,20FT,Textiles,Export,27.12,No
CONT00227,Open Top,45FT,Electronics,Import,4.62,No
CONT00228,Tank,40FT,Textiles,Export,17.88,No
CONT00229,Dry,20FT,Electronics,Import,19.85,No
CONT00230,Reefer,45FT,Textiles,Export,6.65,Yes
CONT00231,Open Top,40FT,Electronics,Import,7.51,No
CONT00232,Tank,20FT,Textiles,Export,14.48,No
CONT00233,Dry,45FT,Electronics,Import,28.16,No
CONT00234,Reefer,40FT,Textiles,Export,18.9,No
CONT00235,Open Top,20FT,Electronics,Import,27.33,Yes
CONT00236,Tank,45FT,Textiles,Export,24.11,No
CONT00237,Dry,40FT,Electronics,Import,15.68,No
CONT00238,Reefer,20FT,Textiles,Export,23.62,No
CONT00239,Open Top,45FT,Electronics,Import,4.45,No
CONT00240,Tank,40FT,Textiles,Export,6.73,Yes
CONT00241,Dry,20FT,Electronics,Import,24.74,No
CONT00242,Reefer,45FT,Textiles,Export,23.92,No
CONT00243,Open Top,40FT,Electronics,Import,9.82,No
CONT00244,Tank,20FT,Textiles,Export,17.27,No
CONT00245,Dry,45FT,Electronics,Import,19.15,Yes
CONT00246,Reefer,40FT,Textiles,Export,25.69,No
CONT00247,Open Top,20FT,Electronics,Import,19.08,No
CONT00248,Tank,45FT,Textiles,Export,14.31,No
CONT00249,Dry,40FT,Electronics,Import,13.35,No
CONT00250,Reefer,20FT,Textiles,Export,14.65,Yes
CONT00251,Open Top,45FT,Electronics,Import,20.3,No
CONT00252,Tank,40FT,Textiles,Export,25.69,No
CONT00253,Dry,20FT,Electronics,Import,15.35,No
CONT00254,Reefer,45FT,Textiles,Export,10.2,No
CONT00255,Open Top,40FT,Electronics,Import,9.92,Yes
CONT00256,Tank,20FT,Textiles,Export,22.65,No
CONT00257,Dry,45FT,Electronics,Import,24.41,No
CONT00258,Reefer,40FT,Textiles,Export,6.63,No
CONT00259,Open Top,20FT,Electronics,Import,5.66,No
CONT00260,Tank,45FT,Textiles,Export,18.86,Yes
CONT00261,Dry,40FT,Electronics,Import,7.65,No
CONT00262,Reefer,20FT,Textiles,Export,24.62,No
CONT00263,Open Top,45FT,Electronics,Import,11.76,No
CONT00264,Tank,40FT,Textiles,Export,7.6,No
CONT00265,Dry,20FT,Electronics,Import,27.02,Yes
CONT00266,Reefer,45FT,Textiles,Export,8.14,No
CONT00267,Open Top,40FT,Electronics,Import,11.12,No
CONT00268,Tank,20FT,Textiles,Export,7.84,No
CONT00269,Dry,45FT,Electronics,Import,6.89,No
CONT00270,Reefer,40FT,Textiles,Export,4.53,Yes
CONT00271,Open Top,20FT,Electronics,Import,5.38,No
CONT00272,Tank,45FT,Textiles,Export,8.37,No
CONT00273,Dry,40FT,Electronics,Import,5.33,No
CONT00274,Reefer,20FT,Textiles,Export,18.78,No
CONT00275,Open Top,45FT,Electronics,Import,21.02,Yes
CONT00276,Tank,40FT,Textiles,Export,13.84,No
CONT00277,Dry,20FT,Electronics,Import,11.95,No
CONT00278,Reefer,45FT,Textiles,Export,16.61,No
CONT00279,Open Top,40FT,Electronics,Import,25.88,No
CONT00280,Tank,20FT,Textiles,Export,25.28,Yes
CONT00281,Dry,45FT,Electronics,Import,5.09,No
CONT00282,Reefer,40FT,Textiles,Export,8.54,No
CONT00283,Open Top,20FT,Electronics,Import,9.92,No
CONT00284,Tank,45FT,Textiles,Export,10.23,No
CONT00285,Dry,40FT,Electronics,Import,18.28,Yes
CONT00286,Reefer,20FT,Textiles,Export,14.41,No
CONT00287,Open Top,45FT,Electronics,Import,5.23,No
CONT00288,Tank,40FT,Textiles,Export,13.34,No
CONT00289,Dry,20FT,Electronics,Import,17.09,No
CONT00290,Reefer,45FT,Textiles,Export,6.54,Yes
CONT00291,Open Top,40FT,Electronics,Import,24.84,No
CONT00292,Tank,20FT,Textiles,Export,5.3,No
CONT00293,Dry,45FT,Electronics,Import,27.12,No
CONT00294,Reefer,40FT,Textiles,Export,6.48,No
CONT00295,Open Top,20FT,Electronics,Import,25.09,Yes
CONT00296,Tank,45FT,Textiles,Export,26.57,No
CONT00297,Dry,40FT,Electronics,Import,28.49,No
CONT00298,Reefer,20FT,Textiles,Export,24.05,No
CONT00299,Open Top,45FT,Electronics,Import,23.49,No
CONT00300,Tank,40FT,Textiles,Export,20.06,Yes
CONT00301,Dry,20FT,Electronics,Import,23.47,No
CONT00302,Reefer,45FT,Textiles,Export,7.36,No
CONT00303,Open Top,40FT,Electronics,Import,17.4,No
CONT00304,Tank,20FT,Textiles,Export,16.86,No
CONT00305,Dry,45FT,Electronics,Import,25.44,Yes
CONT00306,Reefer,40FT,Textiles,Export,15.57,No
CONT00307,Open Top,20FT,Electronics,Import,13.63,No
CONT00308,Tank,45FT,Textiles,Export,19.99,No
CONT00309,Dry,40FT,Electronics,Import,10.66,No
CONT00310,Reefer,20FT,Textiles,Export,7.49,Yes
CONT00311,Open Top,45FT,Electronics,Import,15.95,No
CONT00312,Tank,40FT,Textiles,Export,14.42,No
CONT00313,Dry,20FT,Electronics,Import,9.81,No
CONT00314,Reefer,45FT,Textiles,Export,13.19,No
CONT00315,Open Top,40FT,Electronics,Import,13.16,Yes
CONT00316,Tank,20FT,Textiles,Export,12.19,No
CONT00317,Dry,45FT,Electronics,Import,13.49,No
CONT00318,Reefer,40FT,Textiles,Export,21.14,No
CONT00319,Open Top,20FT,Electronics,Import,11.42,No
CONT00320,Tank,45FT,Textiles,Export,27.72,Yes
CONT00321,Dry,40FT,Electronics,Import,26.91,No
CONT00322,Reefer,20FT,Textiles,Export,16.02,No
CONT00323,Open Top,45FT,Electronics,Import,12.21,No
CONT00324,Tank,40FT,Textiles,Export,17.39,No
CONT00325,Dry,20FT,Electronics,Import,25.21,Yes
CONT00326,Reefer,45FT,Textiles,Export,20.31,No
CONT00327,Open Top,40FT,Electronics,Import,24.11,No
CONT00328,Tank,20FT,Textiles,Export,17.32,No
CONT00329,Dry,45FT,Electronics,Import,19.82,No
CONT00330,Reefer,40FT,Textiles,Export,11.2,Yes
CONT00331,Open Top,20FT,Electronics,Import,22.37,No
CONT00332,Tank,45FT,Textiles,Export,9.06,No
CONT00333,Dry,40FT,Electronics,Import,21.37,No
CONT00334,Reefer,20FT,Textiles,Export,25.52,No
CONT00335,Open Top,45FT,Electronics,Import,7.3,Yes
CONT00336,Tank,40FT,Textiles,Export,19.36,No
CONT00337,Dry,20FT,Electronics,Import,6.38,No
CONT00338,Reefer,45FT,Textiles,Export,22.14,No
CONT00339,Open Top,40FT,Electronics,Import,6.11,No
CONT00340,Tank,20FT,Textiles,Export,27.4,Yes
CONT00341,Dry,45FT,Electronics,Import,7.44,No
CONT00342,Reefer,40FT,Textiles,Export,27.97,No
CONT00343,Open Top,20FT,Electronics,Import,24.02,No
CONT00344,Tank,45FT,Textiles,Export,18.84,No
CONT00345,Dry,40FT,Electronics,Import,23.57,Yes
CONT00346,Reefer,20FT,Textiles,Export,23.88,No
CONT00347,Open Top,45FT,Electronics,Import,27.65,No
CONT00348,Tank,40FT,Textiles,Export,10.33,No
CONT00349,Dry,20FT,Electronics,Import,18.75,No
CONT00350,Reefer,45FT,Textiles,Export,6.38,Yes
CONT00351,Open Top,40FT,Electronics,Import,19.4,No
CONT00352,Tank,20FT,Textiles,Export,8.28,No
CONT00353,Dry,45FT,Electronics,Import,18.12,No
CONT00354,Reefer,40FT,Textiles,Export,18.31,No
CONT00355,Open Top,20FT,Electronics,Import,15.65,Yes
CONT00356,Tank,45FT,Textiles,Export,17.07,No
CONT00357,Dry,40FT,Electronics,Import,23.1,No
CONT00358,Reefer,20FT,Textiles,Export,23.98,No
CONT00359,Open Top,45FT,Electronics,Import,16.3,No
CONT00360,Tank,40FT,Textiles,Export,18.99,Yes
CONT00361,Dry,20FT,Electronics,Import,27.28,No
CONT00362,Reefer,45FT,Textiles,Export,6.99,No
CONT00363,Open Top,40FT,Electronics,Import,6.93,No
CONT00364,Tank,20FT,Textiles,Export,6.19,No
CONT00365,Dry,45FT,Electronics,Import,20.45,Yes
CONT00366,Reefer,40FT,Textiles,Export,14.47,No
CONT00367,Open Top,20FT,Electronics,Import,23.36,No
CONT00368,Tank,45FT,Textiles,Export,20.78,No
CONT00369,Dry,40FT,Electronics,Import,12.34,No
CONT00370,Reefer,20FT,Textiles,Export,26.46,Yes
CONT00371,Open Top,45FT,Electronics,Import,23.06,No
CONT00372,Tank,40FT,Textiles,Export,10.76,No
CONT00373,Dry,20FT,Electronics,Import,13.1,No
CONT00374,Reefer,45FT,Textiles,Export,11.86,No
CONT00375,Open Top,40FT,Electronics,Import,7.94,Yes
CONT00376,Tank,20FT,Textiles,Export,7.69,No
CONT00377,Dry,45FT,Electronics,Import,27.4,No
CONT00378,Reefer,40FT,Textiles,Export,14.95,No
CONT00379,Open Top,20FT,Electronics,Import,13.58,No
CONT00380,Tank,45FT,Textiles,Export,22.24,Yes
CONT00381,Dry,40FT,Electronics,Import,17.82,No
CONT00382,Reefer,20FT,Textiles,Export,27.4,No
CONT00383,Open Top,45FT,Electronics,Import,23.51,No
CONT00384,Tank,40FT,Textiles,Export,15.98,No
CONT00385,Dry,20FT,Electronics,Import,13.41,Yes
CONT00386,Reefer,45FT,Textiles,Export,28.67,No
CONT00387,Open Top,40FT,Electronics,Import,21.94,No
CONT00388,Tank,20FT,Textiles,Export,27.78,No
CONT00389,Dry,45FT,Electronics,Import,6.96,No
CONT00390,Reefer,40FT,Textiles,Export,25.26,Yes
CONT00391,Open Top,20FT,Electronics,Import,19.93,No
CONT00392,Tank,45FT,Textiles,Export,7.05,No
CONT00393,Dry,40FT,Electronics,Import,18.71,No
CONT00394,Reefer,20FT,Textiles,Export,21.15,No
CONT00395,Open Top,45FT,Electronics,Import,4.31,Yes
CONT00396,Tank,40FT,Textiles,Export,15.36,No
CONT00397,Dry,20FT,Electronics,Import,24.63,No
CONT00398,Reefer,45FT,Textiles,Export,11.38,No
CONT00399,Open Top,40FT,Electronics,Import,15.46,No
CONT00400,Tank,20FT,Textiles,Export,15.06,Yes
CONT00401,Dry,45FT,Electronics,Import,11.55,No
CONT00402,Reefer,40FT,Textiles,Export,26.96,No
CONT00403,Open Top,20FT,Electronics,Import,23.53,No
CONT00404,Tank,45FT,Textiles,Export,6.76,No
CONT00405,Dry,40FT,Electronics,Import,28.93,Yes
CONT00406,Reefer,20FT,Textiles,Export,25.98,No
CONT00407,Open Top,45FT,Electronics,Import,11.1,No
CONT00408,Tank,40FT,Textiles,Export,24.92,No
CONT00409,Dry,20FT,Electronics,Import,6.66,No
CONT00410,Reefer,45FT,Textiles,Export,28.98,Yes
CONT00411,Open Top,40FT,Electronics,Import,20.64,No
CONT00412,Tank,20FT,Textiles,Export,20.25,No
CONT00413,Dry,45FT,Electronics,Import,6.26,No
CONT00414,Reefer,40FT,Textiles,Export,26.43,No
CONT00415,Open Top,20FT,Electronics,Import,4.72,Yes
CONT00416,Tank,45FT,Textiles,Export,10.02,No
CONT00417,Dry,40FT,Electronics,Import,7.58,No
CONT00418,Reefer,20FT,Textiles,Export,23.42,No
CONT00419,Open Top,45FT,Electronics,Import,8.96,No
CONT00420,Tank,40FT,Textiles,Export,26.77,Yes
CONT00421,Dry,20FT,Electronics,Import,20.41,No
CONT00422,Reefer,45FT,Textiles,Export,4.9,No
CONT00423,Open Top,40FT,Electronics,Import,4.14,No
CONT00424,Tank,20FT,Textiles,Export,5.29,No
CONT00425,Dry,45FT,Electronics,Import,19.15,Yes
CONT00426,Reefer,40FT,Textiles,Export,24.04,No
CONT00427,Open Top,20FT,Electronics,Import,9.96,No
CONT00428,Tank,45FT,Textiles,Export,25.24,No
CONT00429,Dry,40FT,Electronics,Import,5.43,No
CONT00430,Reefer,20FT,Textiles,Export,24.02,Yes
CONT00431,Open Top,45FT,Electronics,Import,27.19,No
CONT00432,Tank,40FT,Textiles,Export,23.3,No
CONT00433,Dry,20FT,Electronics,Import,21.45,No
CONT00434,Reefer,45FT,Textiles,Export,24.95,No
CONT00435,Open Top,40FT,Electronics,Import,5.0,Yes
CONT00436,Tank,20FT,Textiles,Export,9.04,No
CONT00437,Dry,45FT,Electronics,Import,7.12,No
CONT00438,Reefer,40FT,Textiles,Export,16.61,No
CONT00439,Open Top,20FT,Electronics,Import,22.63,No
CONT00440,Tank,45FT,Textiles,Export,19.75,Yes
CONT00441,Dry,40FT,Electronics,Import,25.28,No
CONT00442,Reefer,20FT,Textiles,Export,7.88,No
CONT00443,Open Top,45FT,Electronics,Import,22.37,No
CONT00444,Tank,40FT,Textiles,Export,8.83,No
CONT00445,Dry,20FT,Electronics,Import,10.77,Yes
CONT00446,Reefer,45FT,Textiles,Export,21.75,No
CONT00447,Open Top,40FT,Electronics,Import,28.51,No
CONT00448,Tank,20FT,Textiles,Export,19.29,No
CONT00449,Dry,45FT,Electronics,Import,5.36,No
CONT00450,Reefer,40FT,Textiles,Export,19.41,Yes
CONT00451,Open Top,20FT,Electronics,Import,5.06,No
CONT00452,Tank,45FT,Textiles,Export,26.1,No
CONT00453,Dry,40FT,Electronics,Import,21.74,No
CONT00454,Reefer,20FT,Textiles,Export,8.33,No
CONT00455,Open Top,45FT,Electronics,Import,6.29,Yes
CONT00456,Tank,40FT,Textiles,Export,8.59,No
CONT00457,Dry,20FT,Electronics,Import,28.5,No
CONT00458,Reefer,45FT,Textiles,Export,15.46,No
CONT00459,Open Top,40FT,Electronics,Import,23.6,No
CONT00460,Tank,20FT,Textiles,Export,19.91,Yes
CONT00461,Dry,45FT,Electronics,Import,18.31,No
CONT00462,Reefer,40FT,Textiles,Export,7.63,No
CONT00463,Open Top,20FT,Electronics,Import,27.65,No
CONT00464,Tank,45FT,Textiles,Export,11.53,No
CONT00465,Dry,40FT,Electronics,Import,18.45,Yes
CONT00466,Reefer,20FT,Textiles,Export,21.49,No
CONT00467,Open Top,45FT,Electronics,Import,20.23,No
CONT00468,Tank,40FT,Textiles,Export,27.51,No
CONT00469,Dry,20FT,Electronics,Import,7.71,No
CONT00470,Reefer,45FT,Textiles,Export,16.71,Yes
CONT00471,Open Top,40FT,Electronics,Import,14.1,No
CONT00472,Tank,20FT,Textiles,Export,15.85,No
CONT00473,Dry,45FT,Electronics,Import,6.98,No
CONT00474,Reefer,40FT,Textiles,Export,7.35,No
CONT00475,Open Top,20FT,Electronics,Import,10.95,Yes
CONT00476,Tank,45FT,Textiles,Export,11.62,No
CONT00477,Dry,40FT,Electronics,Import,14.7,No
CONT00478,Reefer,20FT,Textiles,Export,19.27,No
CONT00479,Open Top,45FT,Electronics,Import,19.87,No
CONT00480,Tank,40FT,Textiles,Export,14.3,Yes
CONT00481,Dry,20FT,Electronics,Import,14.22,No
CONT00482,Reefer,45FT,Textiles,Export,9.44,No
CONT00483,Open Top,40FT,Electronics,Import,18.71,No
CONT00484,Tank,20FT,Textiles,Export,11.93,No
CONT00485,Dry,45FT,Electronics,Import,4.9,Yes
CONT00486,Reefer,40FT,Textiles,Export,14.46,No
CONT00487,Open Top,20FT,Electronics,Import,15.85,No
CONT00488,Tank,45FT,Textiles,Export,9.64,No
CONT00489,Dry,40FT,Electronics,Import,18.31,No
CONT00490,Reefer,20FT,Textiles,Export,18.14,Yes
CONT00491,Open Top,45FT,Electronics,Import,21.55,No
CONT00492,Tank,40FT,Textiles,Export,20.2,No
CONT00493,Dry,20FT,Electronics,Import,20.31,No
CONT00494,Reefer,45FT,Textiles,Export,11.91,No
CONT00495,Open Top,40FT,Electronics,Import,23.69,Yes
CONT00496,Tank,20FT,Textiles,Export,17.73,No
CONT00497,Dry,45FT,Electronics,Import,14.79,No
CONT00498,Reefer,40FT,Textiles,Export,19.65,No
CONT00499,Open Top,20FT,Electronics,Import,13.02,No
CONT00500,Tank,45FT,Textiles,Export,16.82,Yes
CONT00501,Dry,40FT,Electronics,Import,22.42,No
CONT00502,Reefer,20FT,Textiles,Export,26.16,No
CONT00503,Open Top,45FT,Electronics,Import,27.03,No
CONT00504,Tank,40FT,Textiles,Export,16.59,No
CONT00505,Dry,20FT,Electronics,Import,17.01,Yes
CONT00506,Reefer,45FT,Textiles,Export,24.0,No
CONT00507,Open Top,40FT,Electronics,Import,11.86,No
CONT00508,Tank,20FT,Textiles,Export,24.93,No
CONT00509,Dry,45FT,Electronics,Import,16.35,No
CONT00510,Reefer,40FT,Textiles,Export,6.9,Yes
CONT00511,Open Top,20FT,Electronics,Import,5.8,No
CONT00512,Tank,45FT,Textiles,Export,25.05,No
CONT00513,Dry,40FT,Electronics,Import,5.39,No
CONT00514,Reefer,20FT,Textiles,Export,11.02,No
CONT00515,Open Top,45FT,Electronics,Import,12.35,Yes
CONT00516,Tank,40FT,Textiles,Export,8.32,No
CONT00517,Dry,20FT,Electronics,Import,11.85,No
CONT00518,Reefer,45FT,Textiles,Export,22.57,No
CONT00519,Open Top,40FT,Electronics,Import,4.37,No
CONT00520,Tank,20FT,Textiles,Export,24.68,Yes
CONT00521,Dry,45FT,Electronics,Import,25.41,No
CONT00522,Reefer,40FT,Textiles,Export,13.31,No
CONT00523,Open Top,20FT,Electronics,Import,7.84,No
CONT00524,Tank,45FT,Textiles,Export,19.02,No
CONT00525,Dry,40FT,Electronics,Import,6.99,Yes
CONT00526,Reefer,20FT,Textiles,Export,13.12,No
CONT00527,Open Top,45FT,Electronics,Import,27.96,No
CONT00528,Tank,40FT,Textiles,Export,28.89,No
CONT00529,Dry,20FT,Electronics,Import,23.3,No
CONT00530,Reefer,45FT,Textiles,Export,11.77,Yes
CONT00531,Open Top,40FT,Electronics,Import,21.19,No
CONT00532,Tank,20FT,Textiles,Export,21.64,No
CONT00533,Dry,45FT,Electronics,Import,13.7,No
CONT00534,Reefer,40FT,Textiles,Export,20.02,No
CONT00535,Open Top,20FT,Electronics,Import,4.27,Yes
CONT00536,Tank,45FT,Textiles,Export,9.23,No
CONT00537,Dry,40FT,Electronics,Import,17.13,No
CONT00538,Reefer,20FT,Textiles,Export,8.09,No
CONT00539,Open Top,45FT,Electronics,Import,8.15,No
CONT00540,Tank,40FT,Textiles,Export,24.91,Yes
CONT00541,Dry,20FT,Electronics,Import,28.73,No
CONT00542,Reefer,45FT,Textiles,Export,17.9,No
CONT00543,Open Top,40FT,Electronics,Import,24.98,No
CONT00544,Tank,20FT,Textiles,Export,28.76,No
CONT00545,Dry,45FT,Electronics,Import,7.54,Yes
CONT00546,Reefer,40FT,Textiles,Export,15.21,No
CONT00547,Open Top,20FT,Electronics,Import,13.81,No
CONT00548,Tank,45FT,Textiles,Export,6.0,No
CONT00549,Dry,40FT,Electronics,Import,22.88,No
CONT00550,Reefer,20FT,Textiles,Export,14.84,Yes
CONT00551,Open Top,45FT,Electronics,Import,15.73,No
CONT00552,Tank,40FT,Textiles,Export,7.77,No
CONT00553,Dry,20FT,Electronics,Import,8.52,No
CONT00554,Reefer,45FT,Textiles,Export,26.68,No
CONT00555,Open Top,40FT,Electronics,Import,5.12,Yes
CONT00556,Tank,20FT,Textiles,Export,9.82,No
CONT00557,Dry,45FT,Electronics,Import,11.3,No
CONT00558,Reefer,40FT,Textiles,Export,16.25,No
CONT00559,Open Top,20FT,Electronics,Import,18.66,No
CONT00560,Tank,45FT,Textiles,Export,16.33,Yes
CONT00561,Dry,40FT,Electronics,Import,6.1,No
CONT00562,Reefer,20FT,Textiles,Export,10.09,No
CONT00563,Open Top,45FT,Electronics,Import,25.09,No
CONT00564,Tank,40FT,Textiles,Export,19.94,No
CONT00565,Dry,20FT,Electronics,Import,20.23,Yes
CONT00566,Reefer,45FT,Textiles,Export,20.76,No
CONT00567,Open Top,40FT,Electronics,Import,23.07,No
CONT00568,Tank,20FT,Textiles,Export,5.45,No
CONT00569,Dry,45FT,Electronics,Import,13.17,No
CONT00570,Reefer,40FT,Textiles,Export,17.49,Yes
CONT00571,Open Top,20FT,Electronics,Import,12.46,No
CONT00572,Tank,45FT,Textiles,Export,25.11,No
CONT00573,Dry,40FT,Electronics,Import,16.06,No
CONT00574,Reefer,20FT,Textiles,Export,23.22,No
CONT00575,Open Top,45FT,Electronics,Import,25.3,Yes
CONT00576,Tank,40FT,Textiles,Export,16.62,No
CONT00577,Dry,20FT,Electronics,Import,26.74,No
CONT00578,Reefer,45FT,Textiles,Export,18.68,No
CONT00579,Open Top,40FT,Electronics,Import,25.26,No
CONT00580,Tank,20FT,Textiles,Export,12.51,Yes
CONT00581,Dry,45FT,Electronics,Import,16.47,No
CONT00582,Reefer,40FT,Textiles,Export,17.29,No
CONT00583,Open Top,20FT,Electronics,Import,6.62,No
CONT00584,Tank,45FT,Textiles,Export,13.96,No
CONT00585,Dry,40FT,Electronics,Import,26.93,Yes
CONT00586,Reefer,20FT,Textiles,Export,19.77,No
CONT00587,Open Top,45FT,Electronics,Import,8.44,No
CONT00588,Tank,40FT,Textiles,Export,12.47,No
CONT00589,Dry,20FT,Electronics,Import,8.79,No
CONT00590,Reefer,45FT,Textiles,Export,4.62,Yes
CONT00591,Open Top,40FT,Electronics,Import,27.19,No
CONT00592,Tank,20FT,Textiles,Export,15.21,No
CONT00593,Dry,45FT,Electronics,Import,11.69,No
CONT00594,Reefer,40FT,Textiles,Export,18.96,No
CONT00595,Open Top,20FT,Electronics,Import,4.18,Yes
CONT00596,Tank,45FT,Textiles,Export,10.95,No
CONT00597,Dry,40FT,Electronics,Import,21.58,No
CONT00598,Reefer,20FT,Textiles,Export,19.84,No
CONT00599,Open Top,45FT,Electronics,Import,28.55,No
CONT00600,Tank,40FT,Textiles,Export,19.51,Yes
CONT00601,Dry,20FT,Electronics,Import,15.94,No
CONT00602,Reefer,45FT,Textiles,Export,23.04,No
CONT00603,Open Top,40FT,Electronics,Import,26.58,No
CONT00604,Tank,20FT,Textiles,Export,22.02,No
CONT00605,Dry,45FT,Electronics,Import,28.08,Yes
CONT00606,Reefer,40FT,Textiles,Export,23.55,No
CONT00607,Open Top,20FT,Electronics,Import,25.67,No
CONT00608,Tank,45FT,Textiles,Export,6.85,No
CONT00609,Dry,40FT,Electronics,Import,22.31,No
CONT00610,Reefer,20FT,Textiles,Export,15.0,Yes
CONT00611,Open Top,45FT,Electronics,Import,17.83,No
CONT00612,Tank,40FT,Textiles,Export,20.35,No
CONT00613,Dry,20FT,Electronics,Import,28.25,No
CONT00614,Reefer,45FT,Textiles,Export,28.61,No
CONT00615,Open Top,40FT,Electronics,Import,11.21,Yes
CONT00616,Tank,20FT,Textiles,Export,22.34,No
CONT00617,Dry,45FT,Electronics,Import,22.75,No
CONT00618,Reefer,40FT,Textiles,Export,12.66,No
CONT00619,Open Top,20FT,Electronics,Import,7.1,No
CONT00620,Tank,45FT,Textiles,Export,5.02,Yes
CONT00621,Dry,40FT,Electronics,Import,23.43,No
CONT00622,Reefer,20FT,Textiles,Export,16.24,No
CONT00623,Open Top,45FT,Electronics,Import,28.64,No
CONT00624,Tank,40FT,Textiles,Export,15.62,No
CONT00625,Dry,20FT,Electronics,Import,28.45,Yes
CONT00626,Reefer,45FT,Textiles,Export,14.29,No
CONT00627,Open Top,40FT,Electronics,Import,23.84,No
CONT00628,Tank,20FT,Textiles,Export,6.12,No
CONT00629,Dry,45FT,Electronics,Import,17.89,No
CONT00630,Reefer,40FT,Textiles,Export,24.05,Yes
CONT00631,Open Top,20FT,Electronics,Import,27.12,No
CONT00632,Tank,45FT,Textiles,Export,24.56,No
CONT00633,Dry,40FT,Electronics,Import,4.92,No
CONT00634,Reefer,20FT,Textiles,Export,13.32,No
CONT00635,Open Top,45FT,Electronics,Import,5.22,Yes
CONT00636,Tank,40FT,Textiles,Export,6.73,No
CONT00637,Dry,20FT,Electronics,Import,20.88,No
CONT00638,Reefer,45FT,Textiles,Export,21.83,No
CONT00639,Open Top,40FT,Electronics,Import,23.34,No
CONT00640,Tank,20FT,Textiles,Export,25.64,Yes
CONT00641,Dry,45FT,Electronics,Import,22.49,No
CONT00642,Reefer,40FT,Textiles,Export,24.02,No
CONT00643,Open Top,20FT,Electronics,Import,5.22,No
CONT00644,Tank,45FT,Textiles,Export,9.86,No
CONT00645,Dry,40FT,Electronics,Import,19.55,Yes
CONT00646,Reefer,20FT,Textiles,Export,25.45,No
CONT00647,Open Top,45FT,Electronics,Import,4.11,No
CONT00648,Tank,40FT,Textiles,Export,16.87,No
CONT00649,Dry,20FT,Electronics,Import,20.93,No
CONT00650,Reefer,45FT,Textiles,Export,4.74,Yes
CONT00651,Open Top,40FT,Electronics,Import,14.03,No
CONT00652,Tank,20FT,Textiles,Export,26.39,No
CONT00653,Dry,45FT,Electronics,Import,20.79,No
CONT00654,Reefer,40FT,Textiles,Export,9.94,No
CONT00655,Open Top,20FT,Electronics,Import,25.32,Yes
CONT00656,Tank,45FT,Textiles,Export,12.7,No
CONT00657,Dry,40FT,Electronics,Import,25.33,No
CONT00658,Reefer,20FT,Textiles,Export,11.47,No
CONT00659,Open Top,45FT,Electronics,Import,18.76,No
CONT00660,Tank,40FT,Textiles,Export,13.92,Yes
CONT00661,Dry,20FT,Electronics,Import,10.87,No
CONT00662,Reefer,45FT,Textiles,Export,26.16,No
CONT00663,Open Top,40FT,Electronics,Import,8.69,No
CONT00664,Tank,20FT,Textiles,Export,6.12,No
CONT00665,Dry,45FT,Electronics,Import,12.55,Yes
CONT00666,Reefer,40FT,Textiles,Export,21.94,No
CONT00667,Open Top,20FT,Electronics,Import,24.19,No
CONT00668,Tank,45FT,Textiles,Export,28.97,No
CONT00669,Dry,40FT,Electronics,Import,11.41,No
CONT00670,Reefer,20FT,Textiles,Export,14.2,Yes
CONT00671,Open Top,45FT,Electronics,Import,7.42,No
CONT00672,Tank,40FT,Textiles,Export,18.37,No
CONT00673,Dry,20FT,Electronics,Import,28.94,No
CONT00674,Reefer,45FT,Textiles,Export,21.52,No
CONT00675,Open Top,40FT,Electronics,Import,18.88,Yes
CONT00676,Tank,20FT,Textiles,Export,13.81,No
CONT00677,Dry,45FT,Electronics,Import,26.88,No
CONT00678,Reefer,40FT,Textiles,Export,16.42,No
CONT00679,Open Top,20FT,Electronics,Import,7.36,No
CONT00680,Tank,45FT,Textiles,Export,13.13,Yes
CONT00681,Dry,40FT,Electronics,Import,5.68,No
CONT00682,Reefer,20FT,Textiles,Export,9.05,No
CONT00683,Open Top,45FT,Electronics,Import,4.44,No
CONT00684,Tank,40FT,Textiles,Export,15.33,No
CONT00685,Dry,20FT,Electronics,Import,19.86,Yes
CONT00686,Reefer,45FT,Textiles,Export,12.58,No
CONT00687,Open Top,40FT,Electronics,Import,14.51,No
CONT00688,Tank,20FT,Textiles,Export,27.98,No
CONT00689,Dry,45FT,Electronics,Import,22.8,No
CONT00690,Reefer,40FT,Textiles,Export,17.52,Yes
CONT00691,Open Top,20FT,Electronics,Import,11.11,No
CONT00692,Tank,45FT,Textiles,Export,26.42,No
CONT00693,Dry,40FT,Electronics,Import,9.88,No
CONT00694,Reefer,20FT,Textiles,Export,12.13,No
CONT00695,Open Top,45FT,Electronics,Import,26.73,Yes
CONT00696,Tank,40FT,Textiles,Export,17.24,No
CONT00697,Dry,20FT,Electronics,Import,22.56,No
CONT00698,Reefer,45FT,Textiles,Export,18.77,No
CONT00699,Open Top,40FT,Electronics,Import,20.34,No
CONT00700,Tank,20FT,Textiles,Export,11.48,Yes
CONT00701,Dry,45FT,Electronics,Import,10.03,No
CONT00702,Reefer,40FT,Textiles,Export,12.06,No
CONT00703,Open Top,20FT,Electronics,Import,7.89,No
CONT00704,Tank,45FT,Textiles,Export,25.86,No
CONT00705,Dry,40FT,Electronics,Import,11.08,Yes
CONT00706,Reefer,20FT,Textiles,Export,18.04,No
CONT00707,Open Top,45FT,Electronics,Import,23.8,No
CONT00708,Tank,40FT,Textiles,Export,23.6,No
CONT00709,Dry,20FT,Electronics,Import,14.96,No
CONT00710,Reefer,45FT,Textiles,Export,15.91,Yes
CONT00711,Open Top,40FT,Electronics,Import,28.87,No
CONT00712,Tank,20FT,Textiles,Export,20.86,No
CONT00713,Dry,45FT,Electronics,Import,24.37,No
CONT00714,Reefer,40FT,Textiles,Export,26.56,No
CONT00715,Open Top,20FT,Electronics,Import,23.69,Yes
CONT00716,Tank,45FT,Textiles,Export,8.63,No
CONT00717,Dry,40FT,Electronics,Import,18.05,No
CONT00718,Reefer,20FT,Textiles,Export,6.55,No
CONT00719,Open Top,45FT,Electronics,Import,20.32,No
CONT00720,Tank,40FT,Textiles,Export,27.88,Yes
CONT00721,Dry,20FT,Electronics,Import,16.82,No
CONT00722,Reefer,45FT,Textiles,Export,14.82,No
CONT00723,Open Top,40FT,Electronics,Import,4.9,No
CONT00724,Tank,20FT,Textiles,Export,27.99,No
CONT00725,Dry,45FT,Electronics,Import,6.58,Yes
CONT00726,Reefer,40FT,Textiles,Export,5.03,No
CONT00727,Open Top,20FT,Electronics,Import,10.15,No
CONT00728,Tank,45FT,Textiles,Export,5.64,No
CONT00729,Dry,40FT,Electronics,Import,15.38,No
CONT00730,Reefer,20FT,Textiles,Export,16.9,Yes
CONT00731,Open Top,45FT,Electronics,Import,11.81,No
CONT00732,Tank,40FT,Textiles,Export,5.27,No
CONT00733,Dry,20FT,Electronics,Import,6.79,No
CONT00734,Reefer,45FT,Textiles,Export,13.61,No
CONT00735,Open Top,40FT,Electronics,Import,5.51,Yes
CONT00736,Tank,20FT,Textiles,Export,21.45,No
CONT00737,Dry,45FT,Electronics,Import,9.18,No
CONT00738,Reefer,40FT,Textiles,Export,11.55,No
CONT00739,Open Top,20FT,Electronics,Import,13.85,No
CONT00740,Tank,45FT,Textiles,Export,14.42,Yes
CONT00741,Dry,40FT,Electronics,Import,4.04,No
CONT00742,Reefer,20FT,Textiles,Export,6.8,No
CONT00743,Open Top,45FT,Electronics,Import,25.57,No
CONT00744,Tank,40FT,Textiles,Export,4.03,No
CONT00745,Dry,20FT,Electronics,Import,16.7,Yes
CONT00746,Reefer,45FT,Textiles,Export,16.24,No
CONT00747,Open Top,40FT,Electronics,Import,12.33,No
CONT00748,Tank,20FT,Textiles,Export,14.78,No
CONT00749,Dry,45FT,Electronics,Import,23.51,No
CONT00750,Reefer,40FT,Textiles,Export,25.03,Yes
CONT00751,Open Top,20FT,Electronics,Import,10.51,No
CONT00752,Tank,45FT,Textiles,Export,12.06,No
CONT00753,Dry,40FT,Electronics,Import,10.06,No
CONT00754,Reefer,20FT,Textiles,Export,16.0,No
CONT00755,Open Top,45FT,Electronics,Import,21.08,Yes
CONT00756,Tank,40FT,Textiles,Export,9.71,No
CONT00757,Dry,20FT,Electronics,Import,12.27,No
CONT00758,Reefer,45FT,Textiles,Export,27.26,No
CONT00759,Open Top,40FT,Electronics,Import,5.21,No
CONT00760,Tank,20FT,Textiles,Export,15.52,Yes
CONT00761,Dry,45FT,Electronics,Import,21.79,No
CONT00762,Reefer,40FT,Textiles,Export,7.76,No
CONT00763,Open Top,20FT,Electronics,Import,5.18,No
CONT00764,Tank,45FT,Textiles,Export,7.46,No
CONT00765,Dry,40FT,Electronics,Import,26.97,Yes
CONT00766,Reefer,20FT,Textiles,Export,4.23,No
CONT00767,Open Top,45FT,Electronics,Import,8.71,No
CONT00768,Tank,40FT,Textiles,Export,4.78,No
CONT00769,Dry,20FT,Electronics,Import,6.77,No
CONT00770,Reefer,45FT,Textiles,Export,19.5,Yes
CONT00771,Open Top,40FT,Electronics,Import,10.04,No
CONT00772,Tank,20FT,Textiles,Export,18.23,No
CONT00773,Dry,45FT,Electronics,Import,18.75,No
CONT00774,Reefer,40FT,Textiles,Export,25.24,No
CONT00775,Open Top,20FT,Electronics,Import,4.12,Yes
CONT00776,Tank,45FT,Textiles,Export,25.33,No
CONT00777,Dry,40FT,Electronics,Import,19.48,No
CONT00778,Reefer,20FT,Textiles,Export,8.07,No
CONT00779,Open Top,45FT,Electronics,Import,23.32,No
CONT00780,Tank,40FT,Textiles,Export,25.39,Yes
CONT00781,Dry,20FT,Electronics,Import,10.36,No
CONT00782,Reefer,45FT,Textiles,Export,26.97,No
CONT00783,Open Top,40FT,Electronics,Import,15.36,No
CONT00784,Tank,20FT,Textiles,Export,19.09,No
CONT00785,Dry,45FT,Electronics,Import,28.62,Yes
CONT00786,Reefer,40FT,Textiles,Export,13.04,No
CONT00787,Open Top,20FT,Electronics,Import,24.33,No
CONT00788,Tank,45FT,Textiles,Export,11.96,No
CONT00789,Dry,40FT,Electronics,Import,23.98,No
CONT00790,Reefer,20FT,Textiles,Export,19.02,Yes
CONT00791,Open Top,45FT,Electronics,Import,9.41,No
CONT00792,Tank,40FT,Textiles,Export,14.35,No
CONT00793,Dry,20FT,Electronics,Import,11.94,No
CONT00794,Reefer,45FT,Textiles,Export,5.95,No
CONT00795,Open Top,40FT,Electronics,Import,4.75,Yes
CONT00796,Tank,20FT,Textiles,Export,12.66,No
CONT00797,Dry,45FT,Electronics,Import,4.48,No
CONT00798,Reefer,40FT,Textiles,Export,8.14,No
CONT00799,Open Top,20FT,Electronics,Import,22.13,No
CONT00800,Tank,45FT,Textiles,Export,21.7,Yes
CONT00801,Dry,40FT,Electronics,Import,22.46,No
CONT00802,Reefer,20FT,Textiles,Export,11.93,No
CONT00803,Open Top,45FT,Electronics,Import,26.25,No
CONT00804,Tank,40FT,Textiles,Export,18.85,No
CONT00805,Dry,20FT,Electronics,Import,7.15,Yes
CONT00806,Reefer,45FT,Textiles,Export,7.59,No
CONT00807,Open Top,40FT,Electronics,Import,21.33,No
CONT00808,Tank,20FT,Textiles,Export,8.32,No
CONT00809,Dry,45FT,Electronics,Import,16.68,No
CONT00810,Reefer,40FT,Textiles,Export,28.79,Yes
CONT00811,Open Top,20FT,Electronics,Import,4.1,No
CONT00812,Tank,45FT,Textiles,Export,4.41,No
CONT00813,Dry,40FT,Electronics,Import,28.83,No
CONT00814,Reefer,20FT,Textiles,Export,18.62,No
CONT00815,Open Top,45FT,Electronics,Import,7.17,Yes
CONT00816,Tank,40FT,Textiles,Export,26.43,No
CONT00817,Dry,20FT,Electronics,Import,26.01,No
CONT00818,Reefer,45FT,Textiles,Export,17.41,No
CONT00819,Open Top,40FT,Electronics,Import,19.54,No
CONT00820,Tank,20FT,Textiles,Export,10.83,Yes
CONT00821,Dry,45FT,Electronics,Import,5.26,No
CONT00822,Reefer,40FT,Textiles,Export,18.86,No
CONT00823,Open Top,20FT,Electronics,Import,11.37,No
CONT00824,Tank,45FT,Textiles,Export,20.59,No
CONT00825,Dry,40FT,Electronics,Import,24.91,Yes
CONT00826,Reefer,20FT,Textiles,Export,4.45,No
CONT00827,Open Top,45FT,Electronics,Import,18.89,No
CONT00828,Tank,40FT,Textiles,Export,9.78,No
CONT00829,Dry,20FT,Electronics,Import,25.85,No
CONT00830,Reefer,45FT,Textiles,Export,10.34,Yes
CONT00831,Open Top,40FT,Electronics,Import,19.27,No
CONT00832,Tank,20FT,Textiles,Export,17.84,No
CONT00833,Dry,45FT,Electronics,Import,13.9,No
CONT00834,Reefer,40FT,Textiles,Export,20.94,No
CONT00835,Open Top,20FT,Electronics,Import,22.14,Yes
CONT00836,Tank,45FT,Textiles,Export,18.17,No
CONT00837,Dry,40FT,Electronics,Import,22.96,No
CONT00838,Reefer,20FT,Textiles,Export,28.59,No
CONT00839,Open Top,45FT,Electronics,Import,14.48,No
CONT00840,Tank,40FT,Textiles,Export,16.86,Yes
CONT00841,Dry,20FT,Electronics,Import,4.31,No
CONT00842,Reefer,45FT,Textiles,Export,23.9,No
CONT00843,Open Top,40FT,Electronics,Import,17.01,No
CONT00844,Tank,20FT,Textiles,Export,14.2,No
CONT00845,Dry,45FT,Electronics,Import,6.35,Yes
CONT00846,Reefer,40FT,Textiles,Export,26.24,No
CONT00847,Open Top,20FT,Electronics,Import,13.88,No
CONT00848,Tank,45FT,Textiles,Export,21.06,No
CONT00849,Dry,40FT,Electronics,Import,7.73,No
CONT00850,Reefer,20FT,Textiles,Export,28.04,Yes
CONT00851,Open Top,45FT,Electronics,Import,8.46,No
CONT00852,Tank,40FT,Textiles,Export,8.99,No
CONT00853,Dry,20FT,Electronics,Import,25.47,No
CONT00854,Reefer,45FT,Textiles,Export,26.81,No
CONT00855,Open Top,40FT,Electronics,Import,9.3,Yes
CONT00856,Tank,20FT,Textiles,Export,15.75,No
CONT00857,Dry,45FT,Electronics,Import,22.34,No
CONT00858,Reefer,40FT,Textiles,Export,25.96,No
CONT00859,Open Top,20FT,Electronics,Import,13.48,No
CONT00860,Tank,45FT,Textiles,Export,16.93,Yes
CONT00861,Dry,40FT,Electronics,Import,22.54,No
CONT00862,Reefer,20FT,Textiles,Export,22.28,No
CONT00863,Open Top,45FT,Electronics,Import,23.57,No
CONT00864,Tank,40FT,Textiles,Export,18.25,No
CONT00865,Dry,20FT,Electronics,Import,6.62,Yes
CONT00866,Reefer,45FT,Textiles,Export,26.6,No
CONT00867,Open Top,40FT,Electronics,Import,25.64,No
CONT00868,Tank,20FT,Textiles,Export,23.95,No
CONT00869,Dry,45FT,Electronics,Import,6.5,No
CONT00870,Reefer,40FT,Textiles,Export,9.11,Yes
CONT00871,Open Top,20FT,Electronics,Import,22.59,No
CONT00872,Tank,45FT,Textiles,Export,4.58,No
CONT00873,Dry,40FT,Electronics,Import,28.48,No
CONT00874,Reefer,20FT,Textiles,Export,13.43,No
CONT00875,Open Top,45FT,Electronics,Import,21.98,Yes
CONT00876,Tank,40FT,Textiles,Export,26.19,No
CONT00877,Dry,20FT,Electronics,Import,13.87,No
CONT00878,Reefer,45FT,Textiles,Export,11.98,No
CONT00879,Open Top,40FT,Electronics,Import,19.22,No
CONT00880,Tank,20FT,Textiles,Export,18.52,Yes
CONT00881,Dry,45FT,Electronics,Import,14.23,No
CONT00882,Reefer,40FT,Textiles,Export,19.04,No
CONT00883,Open Top,20FT,Electronics,Import,27.38,No
CONT00884,Tank,45FT,Textiles,Export,15.69,No
CONT00885,Dry,40FT,Electronics,Import,8.92,Yes
CONT00886,Reefer,20FT,Textiles,Export,13.43,No
CONT00887,Open Top,45FT,Electronics,Import,13.85,No
CONT00888,Tank,40FT,Textiles,Export,7.28,No
CONT00889,Dry,20FT,Electronics,Import,8.07,No
CONT00890,Reefer,45FT,Textiles,Export,21.11,Yes
CONT00891,Open Top,40FT,Electronics,Import,12.49,No
CONT00892,Tank,20FT,Textiles,Export,27.87,No
CONT00893,Dry,45FT,Electronics,Import,10.09,No
CONT00894,Reefer,40FT,Textiles,Export,6.47,No
CONT00895,Open Top,20FT,Electronics,Import,22.84,Yes
CONT00896,Tank,45FT,Textiles,Export,26.03,No
CONT00897,Dry,40FT,Electronics,Import,10.95,No
CONT00898,Reefer,20FT,Textiles,Export,9.05,No
CONT00899,Open Top,45FT,Electronics,Import,8.64,No
CONT00900,Tank,40FT,Textiles,Export,17.05,Yes
CONT00901,Dry,20FT,Electronics,Import,15.71,No
CONT00902,Reefer,45FT,Textiles,Export,10.49,No
CONT00903,Open Top,40FT,Electronics,Import,5.13,No
CONT00904,Tank,20FT,Textiles,Export,16.04,No
CONT00905,Dry,45FT,Electronics,Import,27.98,Yes
CONT00906,Reefer,40FT,Textiles,Export,20.31,No
CONT00907,Open Top,20FT,Electronics,Import,16.39,No
CONT00908,Tank,45FT,Textiles,Export,6.77,No
CONT00909,Dry,40FT,Electronics,Import,10.31,No
CONT00910,Reefer,20FT,Textiles,Export,11.37,Yes
CONT00911,Open Top,45FT,Electronics,Import,23.12,No
CONT00912,Tank,40FT,Textiles,Export,25.92,No
CONT00913,Dry,20FT,Electronics,Import,26.54,No
CONT00914,Reefer,45FT,Textiles,Export,28.61,No
CONT00915,Open Top,40FT,Electronics,Import,28.56,Yes
CONT00916,Tank,20FT,Textiles,Export,27.82,No
CONT00917,Dry,45FT,Electronics,Import,5.8,No
CONT00918,Reefer,40FT,Textiles,Export,7.44,No
CONT00919,Open Top,20FT,Electronics,Import,11.61,No
CONT00920,Tank,45FT,Textiles,Export,17.82,Yes
CONT00921,Dry,40FT,Electronics,Import,6.42,No
CONT00922,Reefer,20FT,Textiles,Export,25.14,No
CONT00923,Open Top,45FT,Electronics,Import,19.42,No
CONT00924,Tank,40FT,Textiles,Export,17.56,No
CONT00925,Dry,20FT,Electronics,Import,8.13,Yes
CONT00926,Reefer,45FT,Textiles,Export,10.33,No
CONT00927,Open Top,40FT,Electronics,Import,8.01,No
CONT00928,Tank,20FT,Textiles,Export,25.3,No
CONT00929,Dry,45FT,Electronics,Import,18.61,No
CONT00930,Reefer,40FT,Textiles,Export,22.38,Yes
CONT00931,Open Top,20FT,Electronics,Import,11.4,No
CONT00932,Tank,45FT,Textiles,Export,13.28,No
CONT00933,Dry,40FT,Electronics,Import,14.12,No
CONT00934,Reefer,20FT,Textiles,Export,23.0,No
CONT00935,Open Top,45FT,Electronics,Import,23.31,Yes
CONT00936,Tank,40FT,Textiles,Export,9.17,No
CONT00937,Dry,20FT,Electronics,Import,27.54,No
CONT00938,Reefer,45FT,Textiles,Export,7.02,No
CONT00939,Open Top,40FT,Electronics,Import,26.4,No
CONT00940,Tank,20FT,Textiles,Export,6.51,Yes
CONT00941,Dry,45FT,Electronics,Import,10.61,No
CONT00942,Reefer,40FT,Textiles,Export,25.16,No
CONT00943,Open Top,20FT,Electronics,Import,8.49,No
CONT00944,Tank,45FT,Textiles,Export,14.34,No
CONT00945,Dry,40FT,Electronics,Import,15.25,Yes
CONT00946,Reefer,20FT,Textiles,Export,10.13,No
CONT00947,Open Top,45FT,Electronics,Import,21.76,No
CONT00948,Tank,40FT,Textiles,Export,25.28,No
CONT00949,Dry,20FT,Electronics,Import,25.86,No
CONT00950,Reefer,45FT,Textiles,Export,12.48,Yes
CONT00951,Open Top,40FT,Electronics,Import,17.27,No
CONT00952,Tank,20FT,Textiles,Export,10.21,No
CONT00953,Dry,45FT,Electronics,Import,10.12,No
CONT00954,Reefer,40FT,Textiles,Export,8.03,No
CONT00955,Open Top,20FT,Electronics,Import,27.5,Yes
CONT00956,Tank,45FT,Textiles,Export,26.2,No
CONT00957,Dry,40FT,Electronics,Import,23.43,No
CONT00958,Reefer,20FT,Textiles,Export,16.94,No
CONT00959,Open Top,45FT,Electronics,Import,16.27,No
CONT00960,Tank,40FT,Textiles,Export,17.24,Yes
CONT00961,Dry,20FT,Electronics,Import,17.41,No
CONT00962,Reefer,45FT,Textiles,Export,14.86,No
CONT00963,Open Top,40FT,Electronics,Import,7.29,No
CONT00964,Tank,20FT,Textiles,Export,7.14,No
CONT00965,Dry,45FT,Electronics,Import,27.81,Yes
CONT00966,Reefer,40FT,Textiles,Export,16.05,No
CONT00967,Open Top,20FT,Electronics,Import,27.83,No
CONT00968,Tank,45FT,Textiles,Export,8.09,No
CONT00969,Dry,40FT,Electronics,Import,17.86,No
CONT00970,Reefer,20FT,Textiles,Export,9.19,Yes
CONT00971,Open Top,45FT,Electronics,Import,10.33,No
CONT00972,Tank,40FT,Textiles,Export,4.75,No
CONT00973,Dry,20FT,Electronics,Import,6.97,No
CONT00974,Reefer,45FT,Textiles,Export,26.92,No
CONT00975,Open Top,40FT,Electronics,Import,12.04,Yes
CONT00976,Tank,20FT,Textiles,Export,19.2,No
CONT00977,Dry,45FT,Electronics,Import,15.63,No
CONT00978,Reefer,40FT,Textiles,Export,14.01,No
CONT00979,Open Top,20FT,Electronics,Import,17.3,No
CONT00980,Tank,45FT,Textiles,Export,8.68,Yes
CONT00981,Dry,40FT,Electronics,Import,28.72,No
CONT00982,Reefer,20FT,Textiles,Export,24.46,No
CONT00983,Open Top,45FT,Electronics,Import,22.54,No
CONT00984,Tank,40FT,Textiles,Export,15.72,No
CONT00985,Dry,20FT,Electronics,Import,7.82,Yes
CONT00986,Reefer,45FT,Textiles,Export,27.02,No
CONT00987,Open Top,40FT,Electronics,Import,12.53,No
CONT00988,Tank,20FT,Textiles,Export,5.25,No
CONT00989,Dry,45FT,Electronics,Import,12.56,No
CONT00990,Reefer,40FT,Textiles,Export,23.86,Yes
CONT00991,Open Top,20FT,Electronics,Import,19.57,No
CONT00992,Tank,45FT,Textiles,Export,22.77,No
CONT00993,Dry,40FT,Electronics,Import,23.84,No
CONT00994,Reefer,20FT,Textiles,Export,9.3,No
CONT00995,Open Top,45FT,Electronics,Import,27.09,Yes
CONT00996,Tank,40FT,Textiles,Export,14.95,No
CONT00997,Dry,20FT,Electronics,Import,19.98,No
CONT00998,Reefer,45FT,Textiles,Export,4.06,No
CONT00999,Open Top,40FT,Electronics,Import,28.83,No
CONT01000,Tank,20FT,Textiles,Export,11.02,Yes
CONT01001,Dry,45FT,Electronics,Import,5.55,No
CONT01002,Reefer,40FT,Textiles,Export,15.46,No
CONT01003,Open Top,20FT,Electronics,Import,7.23,No
CONT01004,Tank,45FT,Textiles,Export,7.81,No
CONT01005,Dry,40FT,Electronics,Import,19.81,Yes
CONT01006,Reefer,20FT,Textiles,Export,13.82,No
CONT01007,Open Top,45FT,Electronics,Import,27.05,No
CONT01008,Tank,40FT,Textiles,Export,11.98,No
CONT01009,Dry,20FT,Electronics,Import,22.15,No
CONT01010,Reefer,45FT,Textiles,Export,15.53,Yes
CONT01011,Open Top,40FT,Electronics,Import,20.5,No
CONT01012,Tank,20FT,Textiles,Export,18.99,No
CONT01013,Dry,45FT,Electronics,Import,15.82,No
CONT01014,Reefer,40FT,Textiles,Export,27.75,No
CONT01015,Open Top,20FT,Electronics,Import,12.57,Yes
CONT01016,Tank,45FT,Textiles,Export,8.43,No
CONT01017,Dry,40FT,Electronics,Import,20.95,No
CONT01018,Reefer,20FT,Textiles,Export,25.15,No
CONT01019,Open Top,45FT,Electronics,Import,5.01,No
CONT01020,Tank,40FT,Textiles,Export,15.24,Yes
CONT01021,Dry,20FT,Electronics,Import,26.31,No
CONT01022,Reefer,45FT,Textiles,Export,22.74,No
CONT01023,Open Top,40FT,Electronics,Import,28.8,No
CONT01024,Tank,20FT,Textiles,Export,17.29,No
CONT01025,Dry,45FT,Electronics,Import,20.5,Yes
CONT01026,Reefer,40FT,Textiles,Export,11.56,No
CONT01027,Open Top,20FT,Electronics,Import,27.69,No
CONT01028,Tank,45FT,Textiles,Export,13.16,No
CONT01029,Dry,40FT,Electronics,Import,22.46,No
CONT01030,Reefer,20FT,Textiles,Export,14.08,Yes
CONT01031,Open Top,45FT,Electronics,Import,18.05,No
CONT01032,Tank,40FT,Textiles,Export,21.99,No
CONT01033,Dry,20FT,Electronics,Import,16.72,No
CONT01034,Reefer,45FT,Textiles,Export,26.68,No
CONT01035,Open Top,40FT,Electronics,Import,14.48,Yes
CONT01036,Tank,20FT,Textiles,Export,20.18,No
CONT01037,Dry,45FT,Electronics,Import,12.56,No
CONT01038,Reefer,40FT,Textiles,Export,14.2,No
CONT01039,Open Top,20FT,Electronics,Import,15.0,No
CONT01040,Tank,45FT,Textiles,Export,7.15,Yes
CONT01041,Dry,40FT,Electronics,Import,6.29,No
CONT01042,Reefer,20FT,Textiles,Export,20.69,No
CONT01043,Open Top,45FT,Electronics,Import,20.39,No
CONT01044,Tank,40FT,Textiles,Export,20.57,No
CONT01045,Dry,20FT,Electronics,Import,4.49,Yes
CONT01046,Reefer,45FT,Textiles,Export,12.16,No
CONT01047,Open Top,40FT,Electronics,Import,8.95,No
CONT01048,Tank,20FT,Textiles,Export,23.45,No
CONT01049,Dry,45FT,Electronics,Import,25.52,No
CONT01050,Reefer,40FT,Textiles,Export,10.17,Yes
CONT01051,Open Top,20FT,Electronics,Import,20.7,No
CONT01052,Tank,45FT,Textiles,Export,7.23,No
CONT01053,Dry,40FT,Electronics,Import,10.88,No
CONT01054,Reefer,20FT,Textiles,Export,7.47,No
CONT01055,Open Top,45FT,Electronics,Import,11.09,Yes
CONT01056,Tank,40FT,Textiles,Export,20.87,No
CONT01057,Dry,20FT,Electronics,Import,26.76,No
CONT01058,Reefer,45FT,Textiles,Export,9.06,No
CONT01059,Open Top,40FT,Electronics,Import,17.55,No
CONT01060,Tank,20FT,Textiles,Export,21.53,Yes
CONT01061,Dry,45FT,Electronics,Import,27.82,No
CONT01062,Reefer,40FT,Textiles,Export,19.25,No
CONT01063,Open Top,20FT,Electronics,Import,10.38,No
CONT01064,Tank,45FT,Textiles,Export,19.64,No
CONT01065,Dry,40FT,Electronics,Import,12.01,Yes
CONT01066,Reefer,20FT,Textiles,Export,28.4,No
CONT01067,Open Top,45FT,Electronics,Import,13.99,No
CONT01068,Tank,40FT,Textiles,Export,21.14,No
CONT01069,Dry,20FT,Electronics,Import,4.58,No
CONT01070,Reefer,45FT,Textiles,Export,14.0,Yes
CONT01071,Open Top,40FT,Electronics,Import,25.88,No
CONT01072,Tank,20FT,Textiles,Export,19.26,No
CONT01073,Dry,45FT,Electronics,Import,15.1,No
CONT01074,Reefer,40FT,Textiles,Export,27.4,No
CONT01075,Open Top,20FT,Electronics,Import,25.35,Yes
CONT01076,Tank,45FT,Textiles,Export,12.06,No
CONT01077,Dry,40FT,Electronics,Import,17.61,No
CONT01078,Reefer,20FT,Textiles,Export,16.25,No
CONT01079,Open Top,45FT,Electronics,Import,19.81,No
CONT01080,Tank,40FT,Textiles,Export,12.35,Yes
CONT01081,Dry,20FT,Electronics,Import,10.11,No
CONT01082,Reefer,45FT,Textiles,Export,26.82,No
CONT01083,Open Top,40FT,Electronics,Import,27.1,No
CONT01084,Tank,20FT,Textiles,Export,25.08,No
CONT01085,Dry,45FT,Electronics,Import,28.46,Yes
CONT01086,Reefer,40FT,Textiles,Export,22.62,No
CONT01087,Open Top,20FT,Electronics,Import,23.12,No
CONT01088,Tank,45FT,Textiles,Export,23.06,No
CONT01089,Dry,40FT,Electronics,Import,16.02,No
CONT01090,Reefer,20FT,Textiles,Export,15.41,Yes
CONT01091,Open Top,45FT,Electronics,Import,10.01,No
CONT01092,Tank,40FT,Textiles,Export,20.12,No
CONT01093,Dry,20FT,Electronics,Import,11.23,No
CONT01094,Reefer,45FT,Textiles,Export,10.45,No
CONT01095,Open Top,40FT,Electronics,Import,18.65,Yes
CONT01096,Tank,20FT,Textiles,Export,14.25,No
CONT01097,Dry,45FT,Electronics,Import,9.47,No
CONT01098,Reefer,40FT,Textiles,Export,24.4,No
CONT01099,Open Top,20FT,Electronics,Import,25.51,No
CONT01100,Tank,45FT,Textiles,Export,8.19,Yes
CONT01101,Dry,40FT,Electronics,Import,4.19,No
CONT01102,Reefer,20FT,Textiles,Export,12.4,No
CONT01103,Open Top,45FT,Electronics,Import,23.94,No
CONT01104,Tank,40FT,Textiles,Export,24.98,No
CONT01105,Dry,20FT,Electronics,Import,7.46,Yes
CONT01106,Reefer,45FT,Textiles,Export,23.36,No
CONT01107,Open Top,40FT,Electronics,Import,6.89,No
CONT01108,Tank,20FT,Textiles,Export,13.75,No
CONT01109,Dry,45FT,Electronics,Import,28.97,No
CONT01110,Reefer,40FT,Textiles,Export,8.81,Yes
CONT01111,Open Top,20FT,Electronics,Import,7.85,No
CONT01112,Tank,45FT,Textiles,Export,14.57,No
CONT01113,Dry,40FT,Electronics,Import,19.49,No
CONT01114,Reefer,20FT,Textiles,Export,27.32,No
CONT01115,Open Top,45FT,Electronics,Import,28.52,Yes
CONT01116,Tank,40FT,Textiles,Export,5.74,No
CONT01117,Dry,20FT,Electronics,Import,7.45,No
CONT01118,Reefer,45FT,Textiles,Export,23.77,No
CONT01119,Open Top,40FT,Electronics,Import,10.77,No
CONT01120,Tank,20FT,Textiles,Export,26.12,Yes
CONT01121,Dry,45FT,Electronics,Import,20.59,No
CONT01122,Reefer,40FT,Textiles,Export,6.8,No
CONT01123,Open Top,20FT,Electronics,Import,24.81,No
CONT01124,Tank,45FT,Textiles,Export,8.41,No
CONT01125,Dry,40FT,Electronics,Import,14.59,Yes
CONT01126,Reefer,20FT,Textiles,Export,17.8,No
CONT01127,Open Top,45FT,Electronics,Import,16.52,No
CONT01128,Tank,40FT,Textiles,Export,21.15,No
CONT01129,Dry,20FT,Electronics,Import,20.32,No
CONT01130,Reefer,45FT,Textiles,Export,28.8,Yes
CONT01131,Open Top,40FT,Electronics,Import,28.99,No
CONT01132,Tank,20FT,Textiles,Export,16.91,No
CONT01133,Dry,45FT,Electronics,Import,6.38,No
CONT01134,Reefer,40FT,Textiles,Export,22.2,No
CONT01135,Open Top,20FT,Electronics,Import,28.42,Yes
CONT01136,Tank,45FT,Textiles,Export,11.96,No
CONT01137,Dry,40FT,Electronics,Import,15.53,No
CONT01138,Reefer,20FT,Textiles,Export,14.62,No
CONT01139,Open Top,45FT,Electronics,Import,5.29,No
CONT01140,Tank,40FT,Textiles,Export,20.81,Yes
CONT01141,Dry,20FT,Electronics,Import,12.83,No
CONT01142,Reefer,45FT,Textiles,Export,23.69,No
CONT01143,Open Top,40FT,Electronics,Import,24.8,No
CONT01144,Tank,20FT,Textiles,Export,24.53,No
CONT01145,Dry,45FT,Electronics,Import,14.42,Yes
CONT01146,Reefer,40FT,Textiles,Export,12.04,No
CONT01147,Open Top,20FT,Electronics,Import,22.72,No
CONT01148,Tank,45FT,Textiles,Export,24.03,No
CONT01149,Dry,40FT,Electronics,Import,16.28,No
CONT01150,Reefer,20FT,Textiles,Export,26.33,Yes
CONT01151,Open Top,45FT,Electronics,Import,7.6,No
CONT01152,Tank,40FT,Textiles,Export,25.98,No
CONT01153,Dry,20FT,Electronics,Import,6.4,No
CONT01154,Reefer,45FT,Textiles,Export,7.84,No
CONT01155,Open Top,40FT,Electronics,Import,17.35,Yes
CONT01156,Tank,20FT,Textiles,Export,5.69,No
CONT01157,Dry,45FT,Electronics,Import,5.32,No
CONT01158,Reefer,40FT,Textiles,Export,4.01,No
CONT01159,Open Top,20FT,Electronics,Import,14.91,No
CONT01160,Tank,45FT,Textiles,Export,23.37,Yes
CONT01161,Dry,40FT,Electronics,Import,4.87,No
CONT01162,Reefer,20FT,Textiles,Export,20.31,No
CONT01163,Open Top,45FT,Electronics,Import,24.58,No
CONT01164,Tank,40FT,Textiles,Export,8.2,No
CONT01165,Dry,20FT,Electronics,Import,7.67,Yes
CONT01166,Reefer,45FT,Textiles,Export,25.52,No
CONT01167,Open Top,40FT,Electronics,Import,24.58,No
CONT01168,Tank,20FT,Textiles,Export,17.47,No
CONT01169,Dry,45FT,Electronics,Import,24.48,No
CONT01170,Reefer,40FT,Textiles,Export,6.32,Yes
CONT01171,Open Top,20FT,Electronics,Import,13.86,No
CONT01172,Tank,45FT,Textiles,Export,22.44,No
CONT01173,Dry,40FT,Electronics,Import,10.44,No
CONT01174,Reefer,20FT,Textiles,Export,22.81,No
CONT01175,Open Top,45FT,Electronics,Import,16.6,Yes
CONT01176,Tank,40FT,Textiles,Export,22.76,No
CONT01177,Dry,20FT,Electronics,Import,15.62,No
CONT01178,Reefer,45FT,Textiles,Export,13.2,No
CONT01179,Open Top,40FT,Electronics,Import,9.48,No
CONT01180,Tank,20FT,Textiles,Export,9.21,Yes
CONT01181,Dry,45FT,Electronics,Import,22.79,No
CONT01182,Reefer,40FT,Textiles,Export,6.97,No
CONT01183,Open Top,20FT,Electronics,Import,6.15,No
CONT01184,Tank,45FT,Textiles,Export,8.41,No
CONT01185,Dry,40FT,Electronics,Import,8.38,Yes
CONT01186,Reefer,20FT,Textiles,Export,24.58,No
CONT01187,Open Top,45FT,Electronics,Import,13.96,No
CONT01188,Tank,40FT,Textiles,Export,28.76,No
CONT01189,Dry,20FT,Electronics,Import,7.43,No
CONT01190,Reefer,45FT,Textiles,Export,20.34,Yes
CONT01191,Open Top,40FT,Electronics,Import,15.22,No
CONT01192,Tank,20FT,Textiles,Export,13.82,No
CONT01193,Dry,45FT,Electronics,Import,25.88,No
CONT01194,Reefer,40FT,Textiles,Export,28.39,No
CONT01195,Open Top,20FT,Electronics,Import,25.82,Yes
CONT01196,Tank,45FT,Textiles,Export,8.81,No
CONT01197,Dry,40FT,Electronics,Import,9.52,No
CONT01198,Reefer,20FT,Textiles,Export,20.4,No
CONT01199,Open Top,45FT,Electronics,Import,11.23,No
CONT01200,Tank,40FT,Textiles,Export,22.37,Yes
CONT01201,Dry,20FT,Electronics,Import,18.16,No
CONT01202,Reefer,45FT,Textiles,Export,17.77,No
CONT01203,Open Top,40FT,Electronics,Import,24.71,No
CONT01204,Tank,20FT,Textiles,Export,21.76,No
CONT01205,Dry,45FT,Electronics,Import,4.66,Yes
CONT01206,Reefer,40FT,Textiles,Export,5.24,No
CONT01207,Open Top,20FT,Electronics,Import,19.04,No
CONT01208,Tank,45FT,Textiles,Export,16.15,No
CONT01209,Dry,40FT,Electronics,Import,10.5,No
CONT01210,Reefer,20FT,Textiles,Export,14.47,Yes
CONT01211,Open Top,45FT,Electronics,Import,22.95,No
CONT01212,Tank,40FT,Textiles,Export,24.67,No
CONT01213,Dry,20FT,Electronics,Import,18.03,No
CONT01214,Reefer,45FT,Textiles,Export,13.63,No
CONT01215,Open Top,40FT,Electronics,Import,10.77,Yes
CONT01216,Tank,20FT,Textiles,Export,17.05,No
CONT01217,Dry,45FT,Electronics,Import,11.87,No
CONT01218,Reefer,40FT,Textiles,Export,18.1,No
CONT01219,Open Top,20FT,Electronics,Import,20.92,No
CONT01220,Tank,45FT,Textiles,Export,5.65,Yes
CONT01221,Dry,40FT,Electronics,Import,4.03,No
CONT01222,Reefer,20FT,Textiles,Export,9.31,No
CONT01223,Open Top,45FT,Electronics,Import,26.36,No
CONT01224,Tank,40FT,Textiles,Export,20.16,No
CONT01225,Dry,20FT,Electronics,Import,8.3,Yes
CONT01226,Reefer,45FT,Textiles,Export,26.26,No
CONT01227,Open Top,40FT,Electronics,Import,15.75,No
CONT01228,Tank,20FT,Textiles,Export,15.9,No
CONT01229,Dry,45FT,Electronics,Import,27.39,No
CONT01230,Reefer,40FT,Textiles,Export,5.49,Yes
CONT01231,Open Top,20FT,Electronics,Import,9.38,No
CONT01232,Tank,45FT,Textiles,Export,18.64,No
CONT01233,Dry,40FT,Electronics,Import,8.89,No
CONT01234,Reefer,20FT,Textiles,Export,20.99,No
CONT01235,Open Top,45FT,Electronics,Import,9.35,Yes
CONT01236,Tank,40FT,Textiles,Export,6.48,No
CONT01237,Dry,20FT,Electronics,Import,9.17,No
CONT01238,Reefer,45FT,Textiles,Export,14.57,No
CONT01239,Open Top,40FT,Electronics,Import,8.4,No
CONT01240,Tank,20FT,Textiles,Export,7.37,Yes
CONT01241,Dry,45FT,Electronics,Import,25.51,No
CONT01242,Reefer,40FT,Textiles,Export,12.01,No
CONT01243,Open Top,20FT,Electronics,Import,13.02,No
CONT01244,Tank,45FT,Textiles,Export,5.38,No
CONT01245,Dry,40FT,Electronics,Import,12.93,Yes
CONT01246,Reefer,20FT,Textiles,Export,10.62,No
CONT01247,Open Top,45FT,Electronics,Import,19.26,No
CONT01248,Tank,40FT,Textiles,Export,9.13,No
CONT01249,Dry,20FT,Electronics,Import,26.21,No
CONT01250,Reefer,45FT,Textiles,Export,27.24,Yes
CONT01251,Open Top,40FT,Electronics,Import,6.5,No
CONT01252,Tank,20FT,Textiles,Export,6.69,No
CONT01253,Dry,45FT,Electronics,Import,6.88,No
CONT01254,Reefer,40FT,Textiles,Export,19.49,No
CONT01255,Open Top,20FT,Electronics,Import,7.05,Yes
CONT01256,Tank,45FT,Textiles,Export,25.31,No
CONT01257,Dry,40FT,Electronics,Import,22.86,No
CONT01258,Reefer,20FT,Textiles,Export,24.5,No
CONT01259,Open Top,45FT,Electronics,Import,17.15,No
CONT01260,Tank,40FT,Textiles,Export,28.92,Yes
CONT01261,Dry,20FT,Electronics,Import,5.1,No
CONT01262,Reefer,45FT,Textiles,Export,14.03,No
CONT01263,Open Top,40FT,Electronics,Import,12.1,No
CONT01264,Tank,20FT,Textiles,Export,27.72,No
CONT01265,Dry,45FT,Electronics,Import,18.42,Yes
CONT01266,Reefer,40FT,Textiles,Export,24.15,No
CONT01267,Open Top,20FT,Electronics,Import,8.26,No
CONT01268,Tank,45FT,Textiles,Export,28.47,No
CONT01269,Dry,40FT,Electronics,Import,16.47,No
CONT01270,Reefer,20FT,Textiles,Export,16.34,Yes
CONT01271,Open Top,45FT,Electronics,Import,28.27,No
CONT01272,Tank,40FT,Textiles,Export,13.52,No
CONT01273,Dry,20FT,Electronics,Import,13.94,No
CONT01274,Reefer,45FT,Textiles,Export,18.62,No
CONT01275,Open Top,40FT,Electronics,Import,7.2,Yes
CONT01276,Tank,20FT,Textiles,Export,12.03,No
CONT01277,Dry,45FT,Electronics,Import,8.83,No
CONT01278,Reefer,40FT,Textiles,Export,6.58,No
CONT01279,Open Top,20FT,Electronics,Import,25.65,No
CONT01280,Tank,45FT,Textiles,Export,18.73,Yes
CONT01281,Dry,40FT,Electronics,Import,12.97,No
CONT01282,Reefer,20FT,Textiles,Export,14.22,No
CONT01283,Open Top,45FT,Electronics,Import,14.79,No
CONT01284,Tank,40FT,Textiles,Export,19.83,No
CONT01285,Dry,20FT,Electronics,Import,27.17,Yes
CONT01286,Reefer,45FT,Textiles,Export,27.32,No
CONT01287,Open Top,40FT,Electronics,Import,13.79,No
CONT01288,Tank,20FT,Textiles,Export,12.23,No
CONT01289,Dry,45FT,Electronics,Import,15.28,No
CONT01290,Reefer,40FT,Textiles,Export,18.2,Yes
CONT01291,Open Top,20FT,Electronics,Import,15.55,No
CONT01292,Tank,45FT,Textiles,Export,20.47,No
CONT01293,Dry,40FT,Electronics,Import,17.86,No
CONT01294,Reefer,20FT,Textiles,Export,12.02,No
CONT01295,Open Top,45FT,Electronics,Import,12.64,Yes
CONT01296,Tank,40FT,Textiles,Export,13.46,No
CONT01297,Dry,20FT,Electronics,Import,6.37,No
CONT01298,Reefer,45FT,Textiles,Export,8.15,No
CONT01299,Open Top,40FT,Electronics,Import,22.08,No
CONT01300,Tank,20FT,Textiles,Export,13.73,Yes
CONT01301,Dry,45FT,Electronics,Import,9.36,No
CONT01302,Reefer,40FT,Textiles,Export,18.07,No
CONT01303,Open Top,20FT,Electronics,Import,22.89,No
CONT01304,Tank,45FT,Textiles,Export,10.44,No
CONT01305,Dry,40FT,Electronics,Import,24.67,Yes
CONT01306,Reefer,20FT,Textiles,Export,27.19,No
CONT01307,Open Top,45FT,Electronics,Import,18.93,No
CONT01308,Tank,40FT,Textiles,Export,20.72,No
CONT01309,Dry,20FT,Electronics,Import,5.31,No
CONT01310,Reefer,45FT,Textiles,Export,27.64,Yes
CONT01311,Open Top,40FT,Electronics,Import,13.81,No
CONT01312,Tank,20FT,Textiles,Export,27.1,No
CONT01313,Dry,45FT,Electronics,Import,18.47,No
CONT01314,Reefer,40FT,Textiles,Export,4.12,No
CONT01315,Open Top,20FT,Electronics,Import,4.96,Yes
CONT01316,Tank,45FT,Textiles,Export,21.01,No
CONT01317,Dry,40FT,Electronics,Import,18.07,No
CONT01318,Reefer,20FT,Textiles,Export,4.66,No
CONT01319,Open Top,45FT,Electronics,Import,22.59,No
CONT01320,Tank,40FT,Textiles,Export,25.3,Yes
CONT01321,Dry,20FT,Electronics,Import,16.41,No
CONT01322,Reefer,45FT,Textiles,Export,15.64,No
CONT01323,Open Top,40FT,Electronics,Import,4.14,No
CONT01324,Tank,20FT,Textiles,Export,23.67,No
CONT01325,Dry,45FT,Electronics,Import,12.27,Yes
CONT01326,Reefer,40FT,Textiles,Export,25.97,No
CONT01327,Open Top,20FT,Electronics,Import,13.33,No
CONT01328,Tank,45FT,Textiles,Export,18.13,No
CONT01329,Dry,40FT,Electronics,Import,10.76,No
CONT01330,Reefer,20FT,Textiles,Export,8.01,Yes
CONT01331,Open Top,45FT,Electronics,Import,23.37,No
CONT01332,Tank,40FT,Textiles,Export,16.41,No
CONT01333,Dry,20FT,Electronics,Import,17.41,No
CONT01334,Reefer,45FT,Textiles,Export,28.14,No
CONT01335,Open Top,40FT,Electronics,Import,28.09,Yes
CONT01336,Tank,20FT,Textiles,Export,25.39,No
CONT01337,Dry,45FT,Electronics,Import,8.69,No
CONT01338,Reefer,40FT,Textiles,Export,18.86,No
CONT01339,Open Top,20FT,Electronics,Import,25.95,No
CONT01340,Tank,45FT,Textiles,Export,13.36,Yes
CONT01341,Dry,40FT,Electronics,Import,6.53,No
CONT01342,Reefer,20FT,Textiles,Export,24.27,No
CONT01343,Open Top,45FT,Electronics,Import,16.04,No
CONT01344,Tank,40FT,Textiles,Export,18.11,No
CONT01345,Dry,20FT,Electronics,Import,28.55,Yes
CONT01346,Reefer,45FT,Textiles,Export,19.18,No
CONT01347,Open Top,40FT,Electronics,Import,14.62,No
CONT01348,Tank,20FT,Textiles,Export,13.25,No
CONT01349,Dry,45FT,Electronics,Import,14.44,No
CONT01350,Reefer,40FT,Textiles,Export,6.96,Yes
CONT01351,Open Top,20FT,Electronics,Import,23.87,No
CONT01352,Tank,45FT,Textiles,Export,24.94,No
CONT01353,Dry,40FT,Electronics,Import,11.11,No
CONT01354,Reefer,20FT,Textiles,Export,11.59,No
CONT01355,Open Top,45FT,Electronics,Import,25.86,Yes
CONT01356,Tank,40FT,Textiles,Export,4.6,No
CONT01357,Dry,20FT,Electronics,Import,17.01,No
CONT01358,Reefer,45FT,Textiles,Export,15.59,No
CONT01359,Open Top,40FT,Electronics,Import,21.25,No
CONT01360,Tank,20FT,Textiles,Export,8.08,Yes
CONT01361,Dry,45FT,Electronics,Import,20.71,No
CONT01362,Reefer,40FT,Textiles,Export,13.42,No
CONT01363,Open Top,20FT,Electronics,Import,19.47,No
CONT01364,Tank,45FT,Textiles,Export,5.0,No
CONT01365,Dry,40FT,Electronics,Import,15.54,Yes
CONT01366,Reefer,20FT,Textiles,Export,17.06,No
CONT01367,Open Top,45FT,Electronics,Import,9.36,No
CONT01368,Tank,40FT,Textiles,Export,7.49,No
CONT01369,Dry,20FT,Electronics,Import,8.71,No
CONT01370,Reefer,45FT,Textiles,Export,12.6,Yes
CONT01371,Open Top,40FT,Electronics,Import,6.42,No
CONT01372,Tank,20FT,Textiles,Export,27.68,No
CONT01373,Dry,45FT,Electronics,Import,14.12,No
CONT01374,Reefer,40FT,Textiles,Export,24.22,No
CONT01375,Open Top,20FT,Electronics,Import,28.36,Yes
CONT01376,Tank,45FT,Textiles,Export,6.02,No
CONT01377,Dry,40FT,Electronics,Import,20.29,No
CONT01378,Reefer,20FT,Textiles,Export,25.79,No
CONT01379,Open Top,45FT,Electronics,Import,19.86,No
CONT01380,Tank,40FT,Textiles,Export,14.73,Yes
CONT01381,Dry,20FT,Electronics,Import,14.78,No
CONT01382,Reefer,45FT,Textiles,Export,4.9,No
CONT01383,Open Top,40FT,Electronics,Import,17.37,No
CONT01384,Tank,20FT,Textiles,Export,28.84,No
CONT01385,Dry,45FT,Electronics,Import,27.97,Yes
CONT01386,Reefer,40FT,Textiles,Export,5.01,No
CONT01387,Open Top,20FT,Electronics,Import,21.64,No
CONT01388,Tank,45FT,Textiles,Export,11.54,No
CONT01389,Dry,40FT,Electronics,Import,26.57,No
CONT01390,Reefer,20FT,Textiles,Export,5.13,Yes
CONT01391,Open Top,45FT,Electronics,Import,27.4,No
CONT01392,Tank,40FT,Textiles,Export,24.94,No
CONT01393,Dry,20FT,Electronics,Import,6.94,No
CONT01394,Reefer,45FT,Textiles,Export,5.5,No
CONT01395,Open Top,40FT,Electronics,Import,24.87,Yes
CONT01396,Tank,20FT,Textiles,Export,7.89,No
CONT01397,Dry,45FT,Electronics,Import,17.37,No
CONT01398,Reefer,40FT,Textiles,Export,26.89,No
CONT01399,Open Top,20FT,Electronics,Import,18.19,No
CONT01400,Tank,45FT,Textiles,Export,13.93,Yes
CONT01401,Dry,40FT,Electronics,Import,15.13,No
CONT01402,Reefer,20FT,Textiles,Export,5.58,No
CONT01403,Open Top,45FT,Electronics,Import,28.22,No
CONT01404,Tank,40FT,Textiles,Export,11.77,No
CONT01405,Dry,20FT,Electronics,Import,8.73,Yes
CONT01406,Reefer,45FT,Textiles,Export,11.15,No
CONT01407,Open Top,40FT,Electronics,Import,28.11,No
CONT01408,Tank,20FT,Textiles,Export,6.36,No
CONT01409,Dry,45FT,Electronics,Import,25.68,No
CONT01410,Reefer,40FT,Textiles,Export,21.7,Yes
CONT01411,Open Top,20FT,Electronics,Import,24.75,No
CONT01412,Tank,45FT,Textiles,Export,28.4,No
CONT01413,Dry,40FT,Electronics,Import,25.05,No
CONT01414,Reefer,20FT,Textiles,Export,27.58,No
CONT01415,Open Top,45FT,Electronics,Import,7.17,Yes
CONT01416,Tank,40FT,Textiles,Export,23.89,No
CONT01417,Dry,20FT,Electronics,Import,17.64,No
CONT01418,Reefer,45FT,Textiles,Export,17.59,No
CONT01419,Open Top,40FT,Electronics,Import,26.47,No
CONT01420,Tank,20FT,Textiles,Export,28.3,Yes
CONT01421,Dry,45FT,Electronics,Import,21.62,No
CONT01422,Reefer,40FT,Textiles,Export,16.07,No
CONT01423,Open Top,20FT,Electronics,Import,15.41,No
CONT01424,Tank,45FT,Textiles,Export,13.66,No
CONT01425,Dry,40FT,Electronics,Import,13.04,Yes
CONT01426,Reefer,20FT,Textiles,Export,13.79,No
CONT01427,Open Top,45FT,Electronics,Import,6.24,No
CONT01428,Tank,40FT,Textiles,Export,5.94,No
CONT01429,Dry,20FT,Electronics,Import,23.5,No
CONT01430,Reefer,45FT,Textiles,Export,15.15,Yes
CONT01431,Open Top,40FT,Electronics,Import,27.27,No
CONT01432,Tank,20FT,Textiles,Export,19.31,No
CONT01433,Dry,45FT,Electronics,Import,4.88,No
CONT01434,Reefer,40FT,Textiles,Export,7.94,No
CONT01435,Open Top,20FT,Electronics,Import,9.15,Yes
CONT01436,Tank,45FT,Textiles,Export,28.39,No
CONT01437,Dry,40FT,Electronics,Import,9.47,No
CONT01438,Reefer,20FT,Textiles,Export,16.89,No
CONT01439,Open Top,45FT,Electronics,Import,27.4,No
CONT01440,Tank,40FT,Textiles,Export,28.43,Yes
CONT01441,Dry,20FT,Electronics,Import,9.91,No
CONT01442,Reefer,45FT,Textiles,Export,5.23,No
CONT01443,Open Top,40FT,Electronics,Import,7.84,No
CONT01444,Tank,20FT,Textiles,Export,5.58,No
CONT01445,Dry,45FT,Electronics,Import,8.88,Yes
CONT01446,Reefer,40FT,Textiles,Export,18.21,No
CONT01447,Open Top,20FT,Electronics,Import,26.81,No
CONT01448,Tank,45FT,Textiles,Export,17.43,No
CONT01449,Dry,40FT,Electronics,Import,19.65,No
CONT01450,Reefer,20FT,Textiles,Export,9.05,Yes
CONT01451,Open Top,45FT,Electronics,Import,24.01,No
CONT01452,Tank,40FT,Textiles,Export,19.44,No
CONT01453,Dry,20FT,Electronics,Import,25.6,No
CONT01454,Reefer,45FT,Textiles,Export,27.72,No
CONT01455,Open Top,40FT,Electronics,Import,12.7,Yes
CONT01456,Tank,20FT,Textiles,Export,6.26,No
CONT01457,Dry,45FT,Electronics,Import,9.65,No
CONT01458,Reefer,40FT,Textiles,Export,14.95,No
CONT01459,Open Top,20FT,Electronics,Import,27.64,No
CONT01460,Tank,45FT,Textiles,Export,13.46,Yes
CONT01461,Dry,40FT,Electronics,Import,23.27,No
CONT01462,Reefer,20FT,Textiles,Export,17.51,No
CONT01463,Open Top,45FT,Electronics,Import,8.57,No
CONT01464,Tank,40FT,Textiles,Export,12.02,No
CONT01465,Dry,20FT,Electronics,Import,20.33,Yes
CONT01466,Reefer,45FT,Textiles,Export,20.82,No
CONT01467,Open Top,40FT,Electronics,Import,14.87,No
CONT01468,Tank,20FT,Textiles,Export,9.72,No
CONT01469,Dry,45FT,Electronics,Import,22.05,No
CONT01470,Reefer,40FT,Textiles,Export,8.22,Yes
CONT01471,Open Top,20FT,Electronics,Import,27.42,No
CONT01472,Tank,45FT,Textiles,Export,8.7,No
CONT01473,Dry,40FT,Electronics,Import,6.68,No
CONT01474,Reefer,20FT,Textiles,Export,16.44,No
CONT01475,Open Top,45FT,Electronics,Import,16.99,Yes
CONT01476,Tank,40FT,Textiles,Export,16.7,No
CONT01477,Dry,20FT,Electronics,Import,14.92,No
CONT01478,Reefer,45FT,Textiles,Export,28.87,No
CONT01479,Open Top,40FT,Electronics,Import,16.16,No
CONT01480,Tank,20FT,Textiles,Export,15.95,Yes
CONT01481,Dry,45FT,Electronics,Import,14.54,No
CONT01482,Reefer,40FT,Textiles,Export,5.67,No
CONT01483,Open Top,20FT,Electronics,Import,18.82,No
CONT01484,Tank,45FT,Textiles,Export,9.7,No
CONT01485,Dry,40FT,Electronics,Import,19.94,Yes
CONT01486,Reefer,20FT,Textiles,Export,5.27,No
CONT01487,Open Top,45FT,Electronics,Import,28.53,No
CONT01488,Tank,40FT,Textiles,Export,15.73,No
CONT01489,Dry,20FT,Electronics,Import,26.42,No
CONT01490,Reefer,45FT,Textiles,Export,15.89,Yes
CONT01491,Open Top,40FT,Electronics,Import,5.51,No
CONT01492,Tank,20FT,Textiles,Export,24.56,No
CONT01493,Dry,45FT,Electronics,Import,20.2,No
CONT01494,Reefer,40FT,Textiles,Export,23.54,No
CONT01495,Open Top,20FT,Electronics,Import,14.7,Yes
CONT01496,Tank,45FT,Textiles,Export,19.95,No
CONT01497,Dry,40FT,Electronics,Import,25.41,No
CONT01498,Reefer,20FT,Textiles,Export,19.78,No
CONT01499,Open Top,45FT,Electronics,Import,12.69,No
CONT01500,Tank,40FT,Textiles,Export,20.56,Yes
CONT01501,Dry,20FT,Electronics,Import,20.8,No
CONT01502,Reefer,45FT,Textiles,Export,28.01,No
CONT01503,Open Top,40FT,Electronics,Import,13.27,No
CONT01504,Tank,20FT,Textiles,Export,14.63,No
CONT01505,Dry,45FT,Electronics,Import,24.3,Yes
CONT01506,Reefer,40FT,Textiles,Export,16.64,No
CONT01507,Open Top,20FT,Electronics,Import,22.41,No
CONT01508,Tank,45FT,Textiles,Export,15.49,No
CONT01509,Dry,40FT,Electronics,Import,9.39,No
CONT01510,Reefer,20FT,Textiles,Export,22.63,Yes
CONT01511,Open Top,45FT,Electronics,Import,7.28,No
CONT01512,Tank,40FT,Textiles,Export,8.96,No
CONT01513,Dry,20FT,Electronics,Import,19.67,No
CONT01514,Reefer,45FT,Textiles,Export,22.68,No
CONT01515,Open Top,40FT,Electronics,Import,26.37,Yes
CONT01516,Tank,20FT,Textiles,Export,10.81,No
CONT01517,Dry,45FT,Electronics,Import,6.77,No
CONT01518,Reefer,40FT,Textiles,Export,27.9,No
CONT01519,Open Top,20FT,Electronics,Import,7.86,No
CONT01520,Tank,45FT,Textiles,Export,8.94,Yes
CONT01521,Dry,40FT,Electronics,Import,11.28,No
CONT01522,Reefer,20FT,Textiles,Export,17.23,No
CONT01523,Open Top,45FT,Electronics,Import,26.07,No
CONT01524,Tank,40FT,Textiles,Export,23.01,No
CONT01525,Dry,20FT,Electronics,Import,21.7,Yes
CONT01526,Reefer,45FT,Textiles,Export,8.38,No
CONT01527,Open Top,40FT,Electronics,Import,12.94,No
CONT01528,Tank,20FT,Textiles,Export,15.96,No
CONT01529,Dry,45FT,Electronics,Import,7.69,No
CONT01530,Reefer,40FT,Textiles,Export,10.84,Yes
CONT01531,Open Top,20FT,Electronics,Import,11.71,No
CONT01532,Tank,45FT,Textiles,Export,7.18,No
CONT01533,Dry,40FT,Electronics,Import,17.76,No
CONT01534,Reefer,20FT,Textiles,Export,21.63,No
CONT01535,Open Top,45FT,Electronics,Import,5.75,Yes
CONT01536,Tank,40FT,Textiles,Export,16.03,No
CONT01537,Dry,20FT,Electronics,Import,23.56,No
CONT01538,Reefer,45FT,Textiles,Export,22.7,No
CONT01539,Open Top,40FT,Electronics,Import,24.38,No
CONT01540,Tank,20FT,Textiles,Export,15.21,Yes
CONT01541,Dry,45FT,Electronics,Import,24.51,No
CONT01542,Reefer,40FT,Textiles,Export,10.02,No
CONT01543,Open Top,20FT,Electronics,Import,13.02,No
CONT01544,Tank,45FT,Textiles,Export,8.41,No
CONT01545,Dry,40FT,Electronics,Import,15.69,Yes
CONT01546,Reefer,20FT,Textiles,Export,13.8,No
CONT01547,Open Top,45FT,Electronics,Import,10.02,No
CONT01548,Tank,40FT,Textiles,Export,22.79,No
CONT01549,Dry,20FT,Electronics,Import,11.85,No
CONT01550,Reefer,45FT,Textiles,Export,10.82,Yes
CONT01551,Open Top,40FT,Electronics,Import,7.27,No
CONT01552,Tank,20FT,Textiles,Export,14.97,No
CONT01553,Dry,45FT,Electronics,Import,11.57,No
CONT01554,Reefer,40FT,Textiles,Export,13.23,No
CONT01555,Open Top,20FT,Electronics,Import,9.9,Yes
CONT01556,Tank,45FT,Textiles,Export,23.08,No
CONT01557,Dry,40FT,Electronics,Import,27.25,No
CONT01558,Reefer,20FT,Textiles,Export,16.45,No
CONT01559,Open Top,45FT,Electronics,Import,20.07,No
CONT01560,Tank,40FT,Textiles,Export,25.68,Yes
CONT01561,Dry,20FT,Electronics,Import,28.97,No
CONT01562,Reefer,45FT,Textiles,Export,19.34,No
CONT01563,Open Top,40FT,Electronics,Import,26.24,No
CONT01564,Tank,20FT,Textiles,Export,26.72,No
CONT01565,Dry,45FT,Electronics,Import,23.79,Yes
CONT01566,Reefer,40FT,Textiles,Export,15.52,No
CONT01567,Open Top,20FT,Electronics,Import,6.03,No
CONT01568,Tank,45FT,Textiles,Export,4.4,No
CONT01569,Dry,40FT,Electronics,Import,15.93,No
CONT01570,Reefer,20FT,Textiles,Export,16.36,Yes
CONT01571,Open Top,45FT,Electronics,Import,14.18,No
CONT01572,Tank,40FT,Textiles,Export,18.2,No
CONT01573,Dry,20FT,Electronics,Import,17.8,No
CONT01574,Reefer,45FT,Textiles,Export,24.92,No
CONT01575,Open Top,40FT,Electronics,Import,6.72,Yes
CONT01576,Tank,20FT,Textiles,Export,9.63,No
CONT01577,Dry,45FT,Electronics,Import,23.83,No
CONT01578,Reefer,40FT,Textiles,Export,25.2,No
CONT01579,Open Top,20FT,Electronics,Import,28.87,No
CONT01580,Tank,45FT,Textiles,Export,25.82,Yes
CONT01581,Dry,40FT,Electronics,Import,26.25,No
CONT01582,Reefer,20FT,Textiles,Export,11.86,No
CONT01583,Open Top,45FT,Electronics,Import,14.04,No
CONT01584,Tank,40FT,Textiles,Export,10.7,No
CONT01585,Dry,20FT,Electronics,Import,19.16,Yes
CONT01586,Reefer,45FT,Textiles,Export,27.47,No
CONT01587,Open Top,40FT,Electronics,Import,12.62,No
CONT01588,Tank,20FT,Textiles,Export,17.93,No
CONT01589,Dry,45FT,Electronics,Import,11.41,No
CONT01590,Reefer,40FT,Textiles,Export,8.24,Yes
CONT01591,Open Top,20FT,Electronics,Import,8.88,No
CONT01592,Tank,45FT,Textiles,Export,5.45,No
CONT01593,Dry,40FT,Electronics,Import,27.73,No
CONT01594,Reefer,20FT,Textiles,Export,14.07,No
CONT01595,Open Top,45FT,Electronics,Import,24.85,Yes
CONT01596,Tank,40FT,Textiles,Export,21.03,No
CONT01597,Dry,20FT,Electronics,Import,8.8,No
CONT01598,Reefer,45FT,Textiles,Export,8.39,No
CONT01599,Open Top,40FT,Electronics,Import,24.3,No
CONT01600,Tank,20FT,Textiles,Export,10.62,Yes
CONT01601,Dry,45FT,Electronics,Import,26.83,No
CONT01602,Reefer,40FT,Textiles,Export,7.5,No
CONT01603,Open Top,20FT,Electronics,Import,20.94,No
CONT01604,Tank,45FT,Textiles,Export,24.36,No
CONT01605,Dry,40FT,Electronics,Import,9.88,Yes
CONT01606,Reefer,20FT,Textiles,Export,10.91,No
CONT01607,Open Top,45FT,Electronics,Import,28.11,No
CONT01608,Tank,40FT,Textiles,Export,10.61,No
CONT01609,Dry,20FT,Electronics,Import,14.75,No
CONT01610,Reefer,45FT,Textiles,Export,14.81,Yes
CONT01611,Open Top,40FT,Electronics,Import,10.33,No
CONT01612,Tank,20FT,Textiles,Export,23.39,No
CONT01613,Dry,45FT,Electronics,Import,23.3,No
CONT01614,Reefer,40FT,Textiles,Export,13.46,No
CONT01615,Open Top,20FT,Electronics,Import,24.88,Yes
CONT01616,Tank,45FT,Textiles,Export,9.33,No
CONT01617,Dry,40FT,Electronics,Import,4.11,No
CONT01618,Reefer,20FT,Textiles,Export,18.28,No
CONT01619,Open Top,45FT,Electronics,Import,28.85,No
CONT01620,Tank,40FT,Textiles,Export,4.97,Yes
CONT01621,Dry,20FT,Electronics,Import,9.2,No
CONT01622,Reefer,45FT,Textiles,Export,16.97,No
CONT01623,Open Top,40FT,Electronics,Import,24.25,No
CONT01624,Tank,20FT,Textiles,Export,6.23,No
CONT01625,Dry,45FT,Electronics,Import,13.88,Yes
CONT01626,Reefer,40FT,Textiles,Export,22.68,No
CONT01627,Open Top,20FT,Electronics,Import,13.29,No
CONT01628,Tank,45FT,Textiles,Export,8.72,No
CONT01629,Dry,40FT,Electronics,Import,8.89,No
CONT01630,Reefer,20FT,Textiles,Export,14.25,Yes
CONT01631,Open Top,45FT,Electronics,Import,15.99,No
CONT01632,Tank,40FT,Textiles,Export,25.55,No
CONT01633,Dry,20FT,Electronics,Import,20.06,No
CONT01634,Reefer,45FT,Textiles,Export,21.26,No
CONT01635,Open Top,40FT,Electronics,Import,28.57,Yes
CONT01636,Tank,20FT,Textiles,Export,14.3,No
CONT01637,Dry,45FT,Electronics,Import,14.08,No
CONT01638,Reefer,40FT,Textiles,Export,27.08,No
CONT01639,Open Top,20FT,Electronics,Import,10.15,No
CONT01640,Tank,45FT,Textiles,Export,22.25,Yes
CONT01641,Dry,40FT,Electronics,Import,22.86,No
CONT01642,Reefer,20FT,Textiles,Export,6.44,No
CONT01643,Open Top,45FT,Electronics,Import,15.71,No
CONT01644,Tank,40FT,Textiles,Export,9.01,No
CONT01645,Dry,20FT,Electronics,Import,8.63,Yes
CONT01646,Reefer,45FT,Textiles,Export,15.6,No
CONT01647,Open Top,40FT,Electronics,Import,11.24,No
CONT01648,Tank,20FT,Textiles,Export,23.9,No
CONT01649,Dry,45FT,Electronics,Import,26.69,No
CONT01650,Reefer,40FT,Textiles,Export,24.07,Yes
CONT01651,Open Top,20FT,Electronics,Import,10.65,No
CONT01652,Tank,45FT,Textiles,Export,10.85,No
CONT01653,Dry,40FT,Electronics,Import,10.37,No
CONT01654,Reefer,20FT,Textiles,Export,7.38,No
CONT01655,Open Top,45FT,Electronics,Import,27.59,Yes
CONT01656,Tank,40FT,Textiles,Export,14.05,No
CONT01657,Dry,20FT,Electronics,Import,9.62,No
CONT01658,Reefer,45FT,Textiles,Export,25.17,No
CONT01659,Open Top,40FT,Electronics,Import,13.98,No
CONT01660,Tank,20FT,Textiles,Export,4.88,Yes
CONT01661,Dry,45FT,Electronics,Import,8.05,No
CONT01662,Reefer,40FT,Textiles,Export,19.98,No
CONT01663,Open Top,20FT,Electronics,Import,23.57,No
CONT01664,Tank,45FT,Textiles,Export,9.27,No
CONT01665,Dry,40FT,Electronics,Import,26.93,Yes
CONT01666,Reefer,20FT,Textiles,Export,25.27,No
CONT01667,Open Top,45FT,Electronics,Import,25.21,No
CONT01668,Tank,40FT,Textiles,Export,9.69,No
CONT01669,Dry,20FT,Electronics,Import,5.26,No
CONT01670,Reefer,45FT,Textiles,Export,25.69,Yes
CONT01671,Open Top,40FT,Electronics,Import,11.65,No
CONT01672,Tank,20FT,Textiles,Export,19.47,No
CONT01673,Dry,45FT,Electronics,Import,23.0,No
CONT01674,Reefer,40FT,Textiles,Export,7.21,No
CONT01675,Open Top,20FT,Electronics,Import,23.52,Yes
CONT01676,Tank,45FT,Textiles,Export,27.46,No
CONT01677,Dry,40FT,Electronics,Import,22.21,No
CONT01678,Reefer,20FT,Textiles,Export,15.03,No
CONT01679,Open Top,45FT,Electronics,Import,25.92,No
CONT01680,Tank,40FT,Textiles,Export,17.19,Yes
CONT01681,Dry,20FT,Electronics,Import,22.62,No
CONT01682,Reefer,45FT,Textiles,Export,24.51,No
CONT01683,Open Top,40FT,Electronics,Import,22.73,No
CONT01684,Tank,20FT,Textiles,Export,11.2,No
CONT01685,Dry,45FT,Electronics,Import,6.95,Yes
CONT01686,Reefer,40FT,Textiles,Export,9.96,No
CONT01687,Open Top,20FT,Electronics,Import,16.57,No
CONT01688,Tank,45FT,Textiles,Export,16.63,No
CONT01689,Dry,40FT,Electronics,Import,18.57,No
CONT01690,Reefer,20FT,Textiles,Export,13.88,Yes
CONT01691,Open Top,45FT,Electronics,Import,23.67,No
CONT01692,Tank,40FT,Textiles,Export,26.83,No
CONT01693,Dry,20FT,Electronics,Import,10.17,No
CONT01694,Reefer,45FT,Textiles,Export,22.41,No
CONT01695,Open Top,40FT,Electronics,Import,20.95,Yes
CONT01696,Tank,20FT,Textiles,Export,17.08,No
CONT01697,Dry,45FT,Electronics,Import,8.71,No
CONT01698,Reefer,40FT,Textiles,Export,23.88,No
CONT01699,Open Top,20FT,Electronics,Import,28.02,No
CONT01700,Tank,45FT,Textiles,Export,22.05,Yes
CONT01701,Dry,40FT,Electronics,Import,26.95,No
CONT01702,Reefer,20FT,Textiles,Export,28.6,No
CONT01703,Open Top,45FT,Electronics,Import,12.8,No
CONT01704,Tank,40FT,Textiles,Export,19.96,No
CONT01705,Dry,20FT,Electronics,Import,15.85,Yes
CONT01706,Reefer,45FT,Textiles,Export,28.67,No
CONT01707,Open Top,40FT,Electronics,Import,6.35,No
CONT01708,Tank,20FT,Textiles,Export,14.31,No
CONT01709,Dry,45FT,Electronics,Import,25.89,No
CONT01710,Reefer,40FT,Textiles,Export,11.1,Yes
CONT01711,Open Top,20FT,Electronics,Import,23.69,No
CONT01712,Tank,45FT,Textiles,Export,13.57,No
CONT01713,Dry,40FT,Electronics,Import,28.5,No
CONT01714,Reefer,20FT,Textiles,Export,26.09,No
CONT01715,Open Top,45FT,Electronics,Import,11.53,Yes
CONT01716,Tank,40FT,Textiles,Export,23.25,No
CONT01717,Dry,20FT,Electronics,Import,12.42,No
CONT01718,Reefer,45FT,Textiles,Export,19.16,No
CONT01719,Open Top,40FT,Electronics,Import,20.46,No
CONT01720,Tank,20FT,Textiles,Export,24.74,Yes
CONT01721,Dry,45FT,Electronics,Import,4.61,No
CONT01722,Reefer,40FT,Textiles,Export,9.5,No
CONT01723,Open Top,20FT,Electronics,Import,21.8,No
CONT01724,Tank,45FT,Textiles,Export,18.09,No
CONT01725,Dry,40FT,Electronics,Import,16.39,Yes
CONT01726,Reefer,20FT,Textiles,Export,5.38,No
CONT01727,Open Top,45FT,Electronics,Import,12.71,No
CONT01728,Tank,40FT,Textiles,Export,25.63,No
CONT01729,Dry,20FT,Electronics,Import,4.77,No
CONT01730,Reefer,45FT,Textiles,Export,13.91,Yes
CONT01731,Open Top,40FT,Electronics,Import,27.63,No
CONT01732,Tank,20FT,Textiles,Export,5.27,No
CONT01733,Dry,45FT,Electronics,Import,22.74,No
CONT01734,Reefer,40FT,Textiles,Export,10.44,No
CONT01735,Open Top,20FT,Electronics,Import,25.67,Yes
CONT01736,Tank,45FT,Textiles,Export,22.65,No
CONT01737,Dry,40FT,Electronics,Import,26.14,No
CONT01738,Reefer,20FT,Textiles,Export,9.4,No
CONT01739,Open Top,45FT,Electronics,Import,17.28,No
CONT01740,Tank,40FT,Textiles,Export,23.48,Yes
CONT01741,Dry,20FT,Electronics,Import,10.14,No
CONT01742,Reefer,45FT,Textiles,Export,9.77,No
CONT01743,Open Top,40FT,Electronics,Import,4.68,No
CONT01744,Tank,20FT,Textiles,Export,27.96,No
CONT01745,Dry,45FT,Electronics,Import,21.75,Yes
CONT01746,Reefer,40FT,Textiles,Export,19.89,No
CONT01747,Open Top,20FT,Electronics,Import,22.6,No
CONT01748,Tank,45FT,Textiles,Export,17.29,No
CONT01749,Dry,40FT,Electronics,Import,15.9,No
CONT01750,Reefer,20FT,Textiles,Export,15.24,Yes
CONT01751,Open Top,45FT,Electronics,Import,20.01,No
CONT01752,Tank,40FT,Textiles,Export,9.04,No
CONT01753,Dry,20FT,Electronics,Import,26.2,No
CONT01754,Reefer,45FT,Textiles,Export,24.29,No
CONT01755,Open Top,40FT,Electronics,Import,12.74,Yes
CONT01756,Tank,20FT,Textiles,Export,18.47,No
CONT01757,Dry,45FT,Electronics,Import,7.53,No
CONT01758,Reefer,40FT,Textiles,Export,28.31,No
CONT01759,Open Top,20FT,Electronics,Import,26.57,No
CONT01760,Tank,45FT,Textiles,Export,27.05,Yes
CONT01761,Dry,40FT,Electronics,Import,12.3,No
CONT01762,Reefer,20FT,Textiles,Export,8.23,No
CONT01763,Open Top,45FT,Electronics,Import,9.29,No
CONT01764,Tank,40FT,Textiles,Export,6.25,No
CONT01765,Dry,20FT,Electronics,Import,7.0,Yes
CONT01766,Reefer,45FT,Textiles,Export,5.78,No
CONT01767,Open Top,40FT,Electronics,Import,28.75,No
CONT01768,Tank,20FT,Textiles,Export,5.85,No
CONT01769,Dry,45FT,Electronics,Import,7.31,No
CONT01770,Reefer,40FT,Textiles,Export,24.68,Yes
CONT01771,Open Top,20FT,Electronics,Import,18.51,No
CONT01772,Tank,45FT,Textiles,Export,23.36,No
CONT01773,Dry,40FT,Electronics,Import,19.77,No
CONT01774,Reefer,20FT,Textiles,Export,26.05,No
CONT01775,Open Top,45FT,Electronics,Import,19.96,Yes
CONT01776,Tank,40FT,Textiles,Export,17.05,No
CONT01777,Dry,20FT,Electronics,Import,21.82,No
CONT01778,Reefer,45FT,Textiles,Export,15.18,No
CONT01779,Open Top,40FT,Electronics,Import,12.65,No
CONT01780,Tank,20FT,Textiles,Export,15.69,Yes
CONT01781,Dry,45FT,Electronics,Import,8.24,No
CONT01782,Reefer,40FT,Textiles,Export,23.91,No
CONT01783,Open Top,20FT,Electronics,Import,10.52,No
CONT01784,Tank,45FT,Textiles,Export,7.84,No
CONT01785,Dry,40FT,Electronics,Import,10.16,Yes
CONT01786,Reefer,20FT,Textiles,Export,25.05,No
CONT01787,Open Top,45FT,Electronics,Import,12.26,No
CONT01788,Tank,40FT,Textiles,Export,21.15,No
CONT01789,Dry,20FT,Electronics,Import,25.41,No
CONT01790,Reefer,45FT,Textiles,Export,5.94,Yes
CONT01791,Open Top,40FT,Electronics,Import,23.13,No
CONT01792,Tank,20FT,Textiles,Export,11.69,No
CONT01793,Dry,45FT,Electronics,Import,9.42,No
CONT01794,Reefer,40FT,Textiles,Export,21.22,No
CONT01795,Open Top,20FT,Electronics,Import,26.74,Yes
CONT01796,Tank,45FT,Textiles,Export,11.38,No
CONT01797,Dry,40FT,Electronics,Import,18.22,No
CONT01798,Reefer,20FT,Textiles,Export,11.25,No
CONT01799,Open Top,45FT,Electronics,Import,17.86,No
CONT01800,Tank,40FT,Textiles,Export,19.55,Yes
CONT01801,Dry,20FT,Electronics,Import,19.26,No
CONT01802,Reefer,45FT,Textiles,Export,19.59,No
CONT01803,Open Top,40FT,Electronics,Import,7.38,No
CONT01804,Tank,20FT,Textiles,Export,21.34,No
CONT01805,Dry,45FT,Electronics,Import,20.87,Yes
CONT01806,Reefer,40FT,Textiles,Export,21.06,No
CONT01807,Open Top,20FT,Electronics,Import,5.85,No
CONT01808,Tank,45FT,Textiles,Export,15.17,No
CONT01809,Dry,40FT,Electronics,Import,14.23,No
CONT01810,Reefer,20FT,Textiles,Export,6.17,Yes
CONT01811,Open Top,45FT,Electronics,Import,9.56,No
CONT01812,Tank,40FT,Textiles,Export,15.02,No
CONT01813,Dry,20FT,Electronics,Import,22.57,No
CONT01814,Reefer,45FT,Textiles,Export,9.93,No
CONT01815,Open Top,40FT,Electronics,Import,24.74,Yes
CONT01816,Tank,20FT,Textiles,Export,17.64,No
CONT01817,Dry,45FT,Electronics,Import,23.01,No
CONT01818,Reefer,40FT,Textiles,Export,15.81,No
CONT01819,Open Top,20FT,Electronics,Import,16.48,No
CONT01820,Tank,45FT,Textiles,Export,19.49,Yes
CONT01821,Dry,40FT,Electronics,Import,27.2,No
CONT01822,Reefer,20FT,Textiles,Export,16.3,No
CONT01823,Open Top,45FT,Electronics,Import,17.22,No
CONT01824,Tank,40FT,Textiles,Export,19.05,No
CONT01825,Dry,20FT,Electronics,Import,22.44,Yes
CONT01826,Reefer,45FT,Textiles,Export,5.8,No
CONT01827,Open Top,40FT,Electronics,Import,16.89,No
CONT01828,Tank,20FT,Textiles,Export,16.04,No
CONT01829,Dry,45FT,Electronics,Import,27.04,No
CONT01830,Reefer,40FT,Textiles,Export,16.34,Yes
CONT01831,Open Top,20FT,Electronics,Import,15.71,No
CONT01832,Tank,45FT,Textiles,Export,28.05,No
CONT01833,Dry,40FT,Electronics,Import,15.26,No
CONT01834,Reefer,20FT,Textiles,Export,8.52,No
CONT01835,Open Top,45FT,Electronics,Import,9.42,Yes
CONT01836,Tank,40FT,Textiles,Export,6.38,No
CONT01837,Dry,20FT,Electronics,Import,4.01,No
CONT01838,Reefer,45FT,Textiles,Export,14.8,No
CONT01839,Open Top,40FT,Electronics,Import,23.23,No
CONT01840,Tank,20FT,Textiles,Export,22.34,Yes
CONT01841,Dry,45FT,Electronics,Import,4.8,No
CONT01842,Reefer,40FT,Textiles,Export,18.25,No
CONT01843,Open Top,20FT,Electronics,Import,7.86,No
CONT01844,Tank,45FT,Textiles,Export,27.53,No
CONT01845,Dry,40FT,Electronics,Import,8.18,Yes
CONT01846,Reefer,20FT,Textiles,Export,19.67,No
CONT01847,Open Top,45FT,Electronics,Import,12.16,No
CONT01848,Tank,40FT,Textiles,Export,20.04,No
CONT01849,Dry,20FT,Electronics,Import,14.31,No
CONT01850,Reefer,45FT,Textiles,Export,22.99,Yes
CONT01851,Open Top,40FT,Electronics,Import,9.77,No
CONT01852,Tank,20FT,Textiles,Export,26.64,No
CONT01853,Dry,45FT,Electronics,Import,16.51,No
CONT01854,Reefer,40FT,Textiles,Export,22.9,No
CONT01855,Open Top,20FT,Electronics,Import,25.24,Yes
CONT01856,Tank,45FT,Textiles,Export,28.97,No
CONT01857,Dry,40FT,Electronics,Import,9.6,No
CONT01858,Reefer,20FT,Textiles,Export,11.17,No
CONT01859,Open Top,45FT,Electronics,Import,10.26,No
CONT01860,Tank,40FT,Textiles,Export,10.57,Yes
CONT01861,Dry,20FT,Electronics,Import,18.56,No
CONT01862,Reefer,45FT,Textiles,Export,28.84,No
CONT01863,Open Top,40FT,Electronics,Import,28.76,No
CONT01864,Tank,20FT,Textiles,Export,17.17,No
CONT01865,Dry,45FT,Electronics,Import,19.98,Yes
CONT01866,Reefer,40FT,Textiles,Export,25.5,No
CONT01867,Open Top,20FT,Electronics,Import,27.32,No
CONT01868,Tank,45FT,Textiles,Export,9.1,No
CONT01869,Dry,40FT,Electronics,Import,17.21,No
CONT01870,Reefer,20FT,Textiles,Export,24.82,Yes
CONT01871,Open Top,45FT,Electronics,Import,11.58,No
CONT01872,Tank,40FT,Textiles,Export,15.0,No
CONT01873,Dry,20FT,Electronics,Import,28.64,No
CONT01874,Reefer,45FT,Textiles,Export,28.63,No
CONT01875,Open Top,40FT,Electronics,Import,26.65,Yes
CONT01876,Tank,20FT,Textiles,Export,23.96,No
CONT01877,Dry,45FT,Electronics,Import,10.73,No
CONT01878,Reefer,40FT,Textiles,Export,12.02,No
CONT01879,Open Top,20FT,Electronics,Import,17.68,No
CONT01880,Tank,45FT,Textiles,Export,18.02,Yes
CONT01881,Dry,40FT,Electronics,Import,16.64,No
CONT01882,Reefer,20FT,Textiles,Export,19.92,No
CONT01883,Open Top,45FT,Electronics,Import,14.21,No
CONT01884,Tank,40FT,Textiles,Export,22.73,No
CONT01885,Dry,20FT,Electronics,Import,12.34,Yes
CONT01886,Reefer,45FT,Textiles,Export,12.27,No
CONT01887,Open Top,40FT,Electronics,Import,7.18,No
CONT01888,Tank,20FT,Textiles,Export,8.72,No
CONT01889,Dry,45FT,Electronics,Import,25.26,No
CONT01890,Reefer,40FT,Textiles,Export,15.16,Yes
CONT01891,Open Top,20FT,Electronics,Import,9.7,No
CONT01892,Tank,45FT,Textiles,Export,22.98,No
CONT01893,Dry,40FT,Electronics,Import,17.85,No
CONT01894,Reefer,20FT,Textiles,Export,4.53,No
CONT01895,Open Top,45FT,Electronics,Import,11.91,Yes
CONT01896,Tank,40FT,Textiles,Export,8.43,No
CONT01897,Dry,20FT,Electronics,Import,20.4,No
CONT01898,Reefer,45FT,Textiles,Export,10.88,No
CONT01899,Open Top,40FT,Electronics,Import,5.62,No
CONT01900,Tank,20FT,Textiles,Export,5.37,Yes
CONT01901,Dry,45FT,Electronics,Import,18.54,No
CONT01902,Reefer,40FT,Textiles,Export,4.54,No
CONT01903,Open Top,20FT,Electronics,Import,25.22,No
CONT01904,Tank,45FT,Textiles,Export,7.88,No
CONT01905,Dry,40FT,Electronics,Import,19.16,Yes
CONT01906,Reefer,20FT,Textiles,Export,15.12,No
CONT01907,Open Top,45FT,Electronics,Import,15.07,No
CONT01908,Tank,40FT,Textiles,Export,5.79,No
CONT01909,Dry,20FT,Electronics,Import,24.07,No
CONT01910,Reefer,45FT,Textiles,Export,26.33,Yes
CONT01911,Open Top,40FT,Electronics,Import,4.28,No
CONT01912,Tank,20FT,Textiles,Export,8.47,No
CONT01913,Dry,45FT,Electronics,Import,26.6,No
CONT01914,Reefer,40FT,Textiles,Export,17.74,No
CONT01915,Open Top,20FT,Electronics,Import,7.75,Yes
CONT01916,Tank,45FT,Textiles,Export,9.07,No
CONT01917,Dry,40FT,Electronics,Import,20.5,No
CONT01918,Reefer,20FT,Textiles,Export,22.12,No
CONT01919,Open Top,45FT,Electronics,Import,18.99,No
CONT01920,Tank,40FT,Textiles,Export,27.83,Yes
CONT01921,Dry,20FT,Electronics,Import,16.35,No
CONT01922,Reefer,45FT,Textiles,Export,11.51,No
CONT01923,Open Top,40FT,Electronics,Import,15.93,No
CONT01924,Tank,20FT,Textiles,Export,12.99,No
CONT01925,Dry,45FT,Electronics,Import,9.61,Yes
CONT01926,Reefer,40FT,Textiles,Export,5.15,No
CONT01927,Open Top,20FT,Electronics,Import,12.81,No
CONT01928,Tank,45FT,Textiles,Export,21.79,No
CONT01929,Dry,40FT,Electronics,Import,4.46,No
CONT01930,Reefer,20FT,Textiles,Export,14.98,Yes
CONT01931,Open Top,45FT,Electronics,Import,20.1,No
CONT01932,Tank,40FT,Textiles,Export,19.26,No
CONT01933,Dry,20FT,Electronics,Import,23.42,No
CONT01934,Reefer,45FT,Textiles,Export,24.26,No
CONT01935,Open Top,40FT,Electronics,Import,21.79,Yes
CONT01936,Tank,20FT,Textiles,Export,6.57,No
CONT01937,Dry,45FT,Electronics,Import,15.88,No
CONT01938,Reefer,40FT,Textiles,Export,19.09,No
CONT01939,Open Top,20FT,Electronics,Import,10.14,No
CONT01940,Tank,45FT,Textiles,Export,5.06,Yes
CONT01941,Dry,40FT,Electronics,Import,9.59,No
CONT01942,Reefer,20FT,Textiles,Export,15.37,No
CONT01943,Open Top,45FT,Electronics,Import,14.35,No
CONT01944,Tank,40FT,Textiles,Export,8.42,No
CONT01945,Dry,20FT,Electronics,Import,24.61,Yes
CONT01946,Reefer,45FT,Textiles,Export,27.14,No
CONT01947,Open Top,40FT,Electronics,Import,9.03,No
CONT01948,Tank,20FT,Textiles,Export,27.24,No
CONT01949,Dry,45FT,Electronics,Import,4.45,No
CONT01950,Reefer,40FT,Textiles,Export,27.12,Yes
CONT01951,Open Top,20FT,Electronics,Import,27.8,No
CONT01952,Tank,45FT,Textiles,Export,4.3,No
CONT01953,Dry,40FT,Electronics,Import,23.08,No
CONT01954,Reefer,20FT,Textiles,Export,28.26,No
CONT01955,Open Top,45FT,Electronics,Import,26.65,Yes
CONT01956,Tank,40FT,Textiles,Export,28.27,No
CONT01957,Dry,20FT,Electronics,Import,17.76,No
CONT01958,Reefer,45FT,Textiles,Export,5.95,No
CONT01959,Open Top,40FT,Electronics,Import,25.24,No
CONT01960,Tank,20FT,Textiles,Export,19.35,Yes
CONT01961,Dry,45FT,Electronics,Import,19.37,No
CONT01962,Reefer,40FT,Textiles,Export,14.43,No
CONT01963,Open Top,20FT,Electronics,Import,18.3,No
CONT01964,Tank,45FT,Textiles,Export,7.84,No
CONT01965,Dry,40FT,Electronics,Import,22.49,Yes
CONT01966,Reefer,20FT,Textiles,Export,5.88,No
CONT01967,Open Top,45FT,Electronics,Import,22.24,No
CONT01968,Tank,40FT,Textiles,Export,25.22,No
CONT01969,Dry,20FT,Electronics,Import,15.81,No
CONT01970,Reefer,45FT,Textiles,Export,16.75,Yes
CONT01971,Open Top,40FT,Electronics,Import,11.81,No
CONT01972,Tank,20FT,Textiles,Export,28.24,No
CONT01973,Dry,45FT,Electronics,Import,22.33,No
CONT01974,Reefer,40FT,Textiles,Export,13.22,No
CONT01975,Open Top,20FT,Electronics,Import,8.37,Yes
CONT01976,Tank,45FT,Textiles,Export,9.49,No
CONT01977,Dry,40FT,Electronics,Import,15.6,No
CONT01978,Reefer,20FT,Textiles,Export,27.56,No
CONT01979,Open Top,45FT,Electronics,Import,22.35,No
CONT01980,Tank,40FT,Textiles,Export,9.38,Yes
CONT01981,Dry,20FT,Electronics,Import,25.49,No
CONT01982,Reefer,45FT,Textiles,Export,13.46,No
CONT01983,Open Top,40FT,Electronics,Import,25.29,No
CONT01984,Tank,20FT,Textiles,Export,10.04,No
CONT01985,Dry,45FT,Electronics,Import,19.47,Yes
CONT01986,Reefer,40FT,Textiles,Export,27.17,No
CONT01987,Open Top,20FT,Electronics,Import,10.45,No
CONT01988,Tank,45FT,Textiles,Export,21.32,No
CONT01989,Dry,40FT,Electronics,Import,28.68,No
CONT01990,Reefer,20FT,Textiles,Export,7.76,Yes
CONT01991,Open Top,45FT,Electronics,Import,6.21,No
CONT01992,Tank,40FT,Textiles,Export,20.85,No
CONT01993,Dry,20FT,Electronics,Import,12.49,No
CONT01994,Reefer,45FT,Textiles,Export,5.78,No
CONT01995,Open Top,40FT,Electronics,Import,15.88,Yes
CONT01996,Tank,20FT,Textiles,Export,22.84,No
CONT01997,Dry,45FT,Electronics,Import,11.13,No
CONT01998,Reefer,40FT,Textiles,Export,12.38,No
CONT01999,Open Top,20FT,Electronics,Import,25.14,No
CONT02000,Tank,45FT,Textiles,Export,17.0,Yes
CONT02001,Dry,40FT,Electronics,Import,25.07,No
CONT02002,Reefer,20FT,Textiles,Export,15.16,No
CONT02003,Open Top,45FT,Electronics,Import,27.82,No
CONT02004,Tank,40FT,Textiles,Export,20.27,No
CONT02005,Dry,20FT,Electronics,Import,6.9,Yes
CONT02006,Reefer,45FT,Textiles,Export,26.13,No
CONT02007,Open Top,40FT,Electronics,Import,16.23,No
CONT02008,Tank,20FT,Textiles,Export,7.54,No
CONT02009,Dry,45FT,Electronics,Import,7.82,No
CONT02010,Reefer,40FT,Textiles,Export,21.19,Yes
CONT02011,Open Top,20FT,Electronics,Import,5.18,No
CONT02012,Tank,45FT,Textiles,Export,11.16,No
CONT02013,Dry,40FT,Electronics,Import,7.49,No
CONT02014,Reefer,20FT,Textiles,Export,15.03,No
CONT02015,Open Top,45FT,Electronics,Import,14.36,Yes
CONT02016,Tank,40FT,Textiles,Export,17.05,No
CONT02017,Dry,20FT,Electronics,Import,10.99,No
CONT02018,Reefer,45FT,Textiles,Export,4.8,No
CONT02019,Open Top,40FT,Electronics,Import,19.36,No
CONT02020,Tank,20FT,Textiles,Export,13.34,Yes
CONT02021,Dry,45FT,Electronics,Import,20.28,No
CONT02022,Reefer,40FT,Textiles,Export,6.72,No
CONT02023,Open Top,20FT,Electronics,Import,4.34,No
CONT02024,Tank,45FT,Textiles,Export,10.21,No
CONT02025,Dry,40FT,Electronics,Import,15.41,Yes
CONT02026,Reefer,20FT,Textiles,Export,13.85,No
CONT02027,Open Top,45FT,Electronics,Import,24.26,No
CONT02028,Tank,40FT,Textiles,Export,13.45,No
CONT02029,Dry,20FT,Electronics,Import,17.26,No
CONT02030,Reefer,45FT,Textiles,Export,18.84,Yes
CONT02031,Open Top,40FT,Electronics,Import,4.55,No
CONT02032,Tank,20FT,Textiles,Export,16.88,No
CONT02033,Dry,45FT,Electronics,Import,12.62,No
CONT02034,Reefer,40FT,Textiles,Export,14.53,No
CONT02035,Open Top,20FT,Electronics,Import,6.51,Yes
CONT02036,Tank,45FT,Textiles,Export,23.57,No
CONT02037,Dry,40FT,Electronics,Import,27.56,No
CONT02038,Reefer,20FT,Textiles,Export,4.56,No
CONT02039,Open Top,45FT,Electronics,Import,19.03,No
CONT02040,Tank,40FT,Textiles,Export,23.1,Yes
CONT02041,Dry,20FT,Electronics,Import,11.12,No
CONT02042,Reefer,45FT,Textiles,Export,23.69,No
CONT02043,Open Top,40FT,Electronics,Import,19.81,No
CONT02044,Tank,20FT,Textiles,Export,27.23,No
CONT02045,Dry,45FT,Electronics,Import,28.53,Yes
CONT02046,Reefer,40FT,Textiles,Export,5.06,No
CONT02047,Open Top,20FT,Electronics,Import,15.12,No
CONT02048,Tank,45FT,Textiles,Export,17.67,No
CONT02049,Dry,40FT,Electronics,Import,7.67,No
CONT02050,Reefer,20FT,Textiles,Export,12.41,Yes
CONT02051,Open Top,45FT,Electronics,Import,28.69,No
CONT02052,Tank,40FT,Textiles,Export,4.41,No
CONT02053,Dry,20FT,Electronics,Import,15.31,No
CONT02054,Reefer,45FT,Textiles,Export,25.07,No
CONT02055,Open Top,40FT,Electronics,Import,12.1,Yes
CONT02056,Tank,20FT,Textiles,Export,15.99,No
CONT02057,Dry,45FT,Electronics,Import,28.45,No
CONT02058,Reefer,40FT,Textiles,Export,15.87,No
CONT02059,Open Top,20FT,Electronics,Import,7.27,No
CONT02060,Tank,45FT,Textiles,Export,5.29,Yes
CONT02061,Dry,40FT,Electronics,Import,27.64,No
CONT02062,Reefer,20FT,Textiles,Export,10.65,No
CONT02063,Open Top,45FT,Electronics,Import,16.6,No
CONT02064,Tank,40FT,Textiles,Export,6.27,No
CONT02065,Dry,20FT,Electronics,Import,14.59,Yes
CONT02066,Reefer,45FT,Textiles,Export,27.25,No
CONT02067,Open Top,40FT,Electronics,Import,16.56,No
CONT02068,Tank,20FT,Textiles,Export,28.28,No
CONT02069,Dry,45FT,Electronics,Import,10.47,No
CONT02070,Reefer,40FT,Textiles,Export,16.61,Yes
CONT02071,Open Top,20FT,Electronics,Import,25.49,No
CONT02072,Tank,45FT,Textiles,Export,15.21,No
CONT02073,Dry,40FT,Electronics,Import,10.99,No
CONT02074,Reefer,20FT,Textiles,Export,25.39,No
CONT02075,Open Top,45FT,Electronics,Import,13.75,Yes
CONT02076,Tank,40FT,Textiles,Export,17.27,No
CONT02077,Dry,20FT,Electronics,Import,28.41,No
CONT02078,Reefer,45FT,Textiles,Export,8.66,No
CONT02079,Open Top,40FT,Electronics,Import,11.54,No
CONT02080,Tank,20FT,Textiles,Export,4.78,Yes
CONT02081,Dry,45FT,Electronics,Import,13.8,No
CONT02082,Reefer,40FT,Textiles,Export,9.0,No
CONT02083,Open Top,20FT,Electronics,Import,21.0,No
CONT02084,Tank,45FT,Textiles,Export,8.53,No
CONT02085,Dry,40FT,Electronics,Import,20.87,Yes
CONT02086,Reefer,20FT,Textiles,Export,10.59,No
CONT02087,Open Top,45FT,Electronics,Import,12.88,No
CONT02088,Tank,40FT,Textiles,Export,12.72,No
CONT02089,Dry,20FT,Electronics,Import,21.92,No
CONT02090,Reefer,45FT,Textiles,Export,15.66,Yes
CONT02091,Open Top,40FT,Electronics,Import,13.03,No
CONT02092,Tank,20FT,Textiles,Export,25.32,No
CONT02093,Dry,45FT,Electronics,Import,18.3,No
CONT02094,Reefer,40FT,Textiles,Export,9.35,No
CONT02095,Open Top,20FT,Electronics,Import,26.5,Yes
CONT02096,Tank,45FT,Textiles,Export,12.57,No
CONT02097,Dry,40FT,Electronics,Import,4.97,No
CONT02098,Reefer,20FT,Textiles,Export,16.37,No
CONT02099,Open Top,45FT,Electronics,Import,7.1,No
CONT02100,Tank,40FT,Textiles,Export,9.96,Yes
CONT02101,Dry,20FT,Electronics,Import,22.68,No
CONT02102,Reefer,45FT,Textiles,Export,7.27,No
CONT02103,Open Top,40FT,Electronics,Import,24.17,No
CONT02104,Tank,20FT,Textiles,Export,27.42,No
CONT02105,Dry,45FT,Electronics,Import,19.16,Yes
CONT02106,Reefer,40FT,Textiles,Export,21.76,No
CONT02107,Open Top,20FT,Electronics,Import,21.84,No
CONT02108,Tank,45FT,Textiles,Export,28.82,No
CONT02109,Dry,40FT,Electronics,Import,12.54,No
CONT02110,Reefer,20FT,Textiles,Export,8.07,Yes
CONT02111,Open Top,45FT,Electronics,Import,16.98,No
CONT02112,Tank,40FT,Textiles,Export,17.33,No
CONT02113,Dry,20FT,Electronics,Import,8.45,No
CONT02114,Reefer,45FT,Textiles,Export,19.33,No
CONT02115,Open Top,40FT,Electronics,Import,4.35,Yes
CONT02116,Tank,20FT,Textiles,Export,27.19,No
CONT02117,Dry,45FT,Electronics,Import,10.61,No
CONT02118,Reefer,40FT,Textiles,Export,4.99,No
CONT02119,Open Top,20FT,Electronics,Import,6.71,No
CONT02120,Tank,45FT,Textiles,Export,10.01,Yes
CONT02121,Dry,40FT,Electronics,Import,10.85,No
CONT02122,Reefer,20FT,Textiles,Export,4.82,No
CONT02123,Open Top,45FT,Electronics,Import,10.98,No
CONT02124,Tank,40FT,Textiles,Export,8.82,No
CONT02125,Dry,20FT,Electronics,Import,13.47,Yes
CONT02126,Reefer,45FT,Textiles,Export,13.63,No
CONT02127,Open Top,40FT,Electronics,Import,12.48,No
CONT02128,Tank,20FT,Textiles,Export,12.2,No
CONT02129,Dry,45FT,Electronics,Import,6.24,No
CONT02130,Reefer,40FT,Textiles,Export,4.63,Yes
CONT02131,Open Top,20FT,Electronics,Import,9.05,No
CONT02132,Tank,45FT,Textiles,Export,22.92,No
CONT02133,Dry,40FT,Electronics,Import,28.77,No
CONT02134,Reefer,20FT,Textiles,Export,27.21,No
CONT02135,Open Top,45FT,Electronics,Import,16.61,Yes
CONT02136,Tank,40FT,Textiles,Export,17.3,No
CONT02137,Dry,20FT,Electronics,Import,11.86,No
CONT02138,Reefer,45FT,Textiles,Export,23.35,No
CONT02139,Open Top,40FT,Electronics,Import,23.12,No
CONT02140,Tank,20FT,Textiles,Export,25.11,Yes
CONT02141,Dry,45FT,Electronics,Import,26.39,No
CONT02142,Reefer,40FT,Textiles,Export,14.86,No
CONT02143,Open Top,20FT,Electronics,Import,23.17,No
CONT02144,Tank,45FT,Textiles,Export,24.16,No
CONT02145,Dry,40FT,Electronics,Import,11.71,Yes
CONT02146,Reefer,20FT,Textiles,Export,27.23,No
CONT02147,Open Top,45FT,Electronics,Import,6.36,No
CONT02148,Tank,40FT,Textiles,Export,28.86,No
CONT02149,Dry,20FT,Electronics,Import,23.25,No
CONT02150,Reefer,45FT,Textiles,Export,6.33,Yes
CONT02151,Open Top,40FT,Electronics,Import,20.41,No
CONT02152,Tank,20FT,Textiles,Export,4.85,No
CONT02153,Dry,45FT,Electronics,Import,23.25,No
CONT02154,Reefer,40FT,Textiles,Export,23.98,No
CONT02155,Open Top,20FT,Electronics,Import,19.06,Yes
CONT02156,Tank,45FT,Textiles,Export,25.42,No
CONT02157,Dry,40FT,Electronics,Import,6.45,No
CONT02158,Reefer,20FT,Textiles,Export,10.9,No
CONT02159,Open Top,45FT,Electronics,Import,14.35,No
CONT02160,Tank,40FT,Textiles,Export,5.06,Yes
CONT02161,Dry,20FT,Electronics,Import,15.21,No
CONT02162,Reefer,45FT,Textiles,Export,10.63,No
CONT02163,Open Top,40FT,Electronics,Import,13.82,No
CONT02164,Tank,20FT,Textiles,Export,14.63,No
CONT02165,Dry,45FT,Electronics,Import,25.99,Yes
CONT02166,Reefer,40FT,Textiles,Export,10.76,No
CONT02167,Open Top,20FT,Electronics,Import,26.34,No
CONT02168,Tank,45FT,Textiles,Export,14.65,No
CONT02169,Dry,40FT,Electronics,Import,12.2,No
CONT02170,Reefer,20FT,Textiles,Export,16.56,Yes
CONT02171,Open Top,45FT,Electronics,Import,14.44,No
CONT02172,Tank,40FT,Textiles,Export,10.43,No
CONT02173,Dry,20FT,Electronics,Import,16.57,No
CONT02174,Reefer,45FT,Textiles,Export,7.8,No
CONT02175,Open Top,40FT,Electronics,Import,12.8,Yes
CONT02176,Tank,20FT,Textiles,Export,18.14,No
CONT02177,Dry,45FT,Electronics,Import,14.34,No
CONT02178,Reefer,40FT,Textiles,Export,24.6,No
CONT02179,Open Top,20FT,Electronics,Import,10.42,No
CONT02180,Tank,45FT,Textiles,Export,28.24,Yes
CONT02181,Dry,40FT,Electronics,Import,23.62,No
CONT02182,Reefer,20FT,Textiles,Export,28.19,No
CONT02183,Open Top,45FT,Electronics,Import,24.95,No
CONT02184,Tank,40FT,Textiles,Export,7.55,No
CONT02185,Dry,20FT,Electronics,Import,17.16,Yes
CONT02186,Reefer,45FT,Textiles,Export,8.25,No
CONT02187,Open Top,40FT,Electronics,Import,24.46,No
CONT02188,Tank,20FT,Textiles,Export,18.6,No
CONT02189,Dry,45FT,Electronics,Import,10.59,No
CONT02190,Reefer,40FT,Textiles,Export,27.24,Yes
CONT02191,Open Top,20FT,Electronics,Import,6.88,No
CONT02192,Tank,45FT,Textiles,Export,18.1,No
CONT02193,Dry,40FT,Electronics,Import,22.03,No
CONT02194,Reefer,20FT,Textiles,Export,5.47,No
CONT02195,Open Top,45FT,Electronics,Import,18.95,Yes
CONT02196,Tank,40FT,Textiles,Export,24.4,No
CONT02197,Dry,20FT,Electronics,Import,5.69,No
CONT02198,Reefer,45FT,Textiles,Export,16.81,No
CONT02199,Open Top,40FT,Electronics,Import,10.46,No
CONT02200,Tank,20FT,Textiles,Export,20.57,Yes
CONT02201,Dry,45FT,Electronics,Import,6.97,No
CONT02202,Reefer,40FT,Textiles,Export,27.43,No
CONT02203,Open Top,20FT,Electronics,Import,26.37,No
CONT02204,Tank,45FT,Textiles,Export,8.65,No
CONT02205,Dry,40FT,Electronics,Import,12.08,Yes
CONT02206,Reefer,20FT,Textiles,Export,18.69,No
CONT02207,Open Top,45FT,Electronics,Import,21.95,No
CONT02208,Tank,40FT,Textiles,Export,15.07,No
CONT02209,Dry,20FT,Electronics,Import,7.91,No
CONT02210,Reefer,45FT,Textiles,Export,6.6,Yes
CONT02211,Open Top,40FT,Electronics,Import,28.99,No
CONT02212,Tank,20FT,Textiles,Export,15.38,No
CONT02213,Dry,45FT,Electronics,Import,25.81,No
CONT02214,Reefer,40FT,Textiles,Export,16.06,No
CONT02215,Open Top,20FT,Electronics,Import,27.06,Yes
CONT02216,Tank,45FT,Textiles,Export,6.19,No
CONT02217,Dry,40FT,Electronics,Import,6.85,No
CONT02218,Reefer,20FT,Textiles,Export,27.24,No
CONT02219,Open Top,45FT,Electronics,Import,27.69,No
CONT02220,Tank,40FT,Textiles,Export,11.87,Yes
CONT02221,Dry,20FT,Electronics,Import,12.88,No
CONT02222,Reefer,45FT,Textiles,Export,15.31,No
CONT02223,Open Top,40FT,Electronics,Import,14.4,No
CONT02224,Tank,20FT,Textiles,Export,8.75,No
CONT02225,Dry,45FT,Electronics,Import,26.46,Yes
CONT02226,Reefer,40FT,Textiles,Export,10.33,No
CONT02227,Open Top,20FT,Electronics,Import,21.63,No
CONT02228,Tank,45FT,Textiles,Export,5.68,No
CONT02229,Dry,40FT,Electronics,Import,4.97,No
CONT02230,Reefer,20FT,Textiles,Export,20.34,Yes
CONT02231,Open Top,45FT,Electronics,Import,12.48,No
CONT02232,Tank,40FT,Textiles,Export,20.39,No
CONT02233,Dry,20FT,Electronics,Import,6.35,No
CONT02234,Reefer,45FT,Textiles,Export,27.75,No
CONT02235,Open Top,40FT,Electronics,Import,22.71,Yes
CONT02236,Tank,20FT,Textiles,Export,25.91,No
CONT02237,Dry,45FT,Electronics,Import,7.41,No
CONT02238,Reefer,40FT,Textiles,Export,12.0,No
CONT02239,Open Top,20FT,Electronics,Import,13.21,No
CONT02240,Tank,45FT,Textiles,Export,17.43,Yes
CONT02241,Dry,40FT,Electronics,Import,11.42,No
CONT02242,Reefer,20FT,Textiles,Export,5.52,No
CONT02243,Open Top,45FT,Electronics,Import,13.22,No
CONT02244,Tank,40FT,Textiles,Export,10.36,No
CONT02245,Dry,20FT,Electronics,Import,13.65,Yes
CONT02246,Reefer,45FT,Textiles,Export,8.92,No
CONT02247,Open Top,40FT,Electronics,Import,10.55,No
CONT02248,Tank,20FT,Textiles,Export,19.67,No
CONT02249,Dry,45FT,Electronics,Import,13.7,No
CONT02250,Reefer,40FT,Textiles,Export,12.63,Yes
CONT02251,Open Top,20FT,Electronics,Import,17.35,No
CONT02252,Tank,45FT,Textiles,Export,23.3,No
CONT02253,Dry,40FT,Electronics,Import,13.47,No
CONT02254,Reefer,20FT,Textiles,Export,18.69,No
CONT02255,Open Top,45FT,Electronics,Import,28.16,Yes
CONT02256,Tank,40FT,Textiles,Export,17.05,No
CONT02257,Dry,20FT,Electronics,Import,26.74,No
CONT02258,Reefer,45FT,Textiles,Export,23.84,No
CONT02259,Open Top,40FT,Electronics,Import,5.47,No
CONT02260,Tank,20FT,Textiles,Export,14.73,Yes
CONT02261,Dry,45FT,Electronics,Import,21.46,No
CONT02262,Reefer,40FT,Textiles,Export,28.67,No
CONT02263,Open Top,20FT,Electronics,Import,15.46,No
CONT02264,Tank,45FT,Textiles,Export,6.32,No
CONT02265,Dry,40FT,Electronics,Import,18.05,Yes
CONT02266,Reefer,20FT,Textiles,Export,7.16,No
CONT02267,Open Top,45FT,Electronics,Import,22.79,No
CONT02268,Tank,40FT,Textiles,Export,16.69,No
CONT02269,Dry,20FT,Electronics,Import,22.09,No
CONT02270,Reefer,45FT,Textiles,Export,25.73,Yes
CONT02271,Open Top,40FT,Electronics,Import,19.72,No
CONT02272,Tank,20FT,Textiles,Export,19.31,No
CONT02273,Dry,45FT,Electronics,Import,22.86,No
CONT02274,Reefer,40FT,Textiles,Export,25.06,No
CONT02275,Open Top,20FT,Electronics,Import,25.73,Yes
CONT02276,Tank,45FT,Textiles,Export,4.91,No
CONT02277,Dry,40FT,Electronics,Import,17.9,No
CONT02278,Reefer,20FT,Textiles,Export,9.41,No
CONT02279,Open Top,45FT,Electronics,Import,25.51,No
CONT02280,Tank,40FT,Textiles,Export,20.21,Yes
CONT02281,Dry,20FT,Electronics,Import,14.51,No
CONT02282,Reefer,45FT,Textiles,Export,8.7,No
CONT02283,Open Top,40FT,Electronics,Import,12.48,No
CONT02284,Tank,20FT,Textiles,Export,21.59,No
CONT02285,Dry,45FT,Electronics,Import,9.11,Yes
CONT02286,Reefer,40FT,Textiles,Export,6.34,No
CONT02287,Open Top,20FT,Electronics,Import,26.2,No
CONT02288,Tank,45FT,Textiles,Export,23.11,No
CONT02289,Dry,40FT,Electronics,Import,8.99,No
CONT02290,Reefer,20FT,Textiles,Export,11.31,Yes
CONT02291,Open Top,45FT,Electronics,Import,28.3,No
CONT02292,Tank,40FT,Textiles,Export,21.7,No
CONT02293,Dry,20FT,Electronics,Import,19.26,No
CONT02294,Reefer,45FT,Textiles,Export,11.69,No
CONT02295,Open Top,40FT,Electronics,Import,11.48,Yes
CONT02296,Tank,20FT,Textiles,Export,4.99,No
CONT02297,Dry,45FT,Electronics,Import,22.21,No
CONT02298,Reefer,40FT,Textiles,Export,5.08,No
CONT02299,Open Top,20FT,Electronics,Import,4.12,No
CONT02300,Tank,45FT,Textiles,Export,22.24,Yes
CONT02301,Dry,40FT,Electronics,Import,27.72,No
CONT02302,Reefer,20FT,Textiles,Export,22.91,No
CONT02303,Open Top,45FT,Electronics,Import,15.79,No
CONT02304,Tank,40FT,Textiles,Export,16.15,No
CONT02305,Dry,20FT,Electronics,Import,14.9,Yes
CONT02306,Reefer,45FT,Textiles,Export,12.12,No
CONT02307,Open Top,40FT,Electronics,Import,17.04,No
CONT02308,Tank,20FT,Textiles,Export,14.78,No
CONT02309,Dry,45FT,Electronics,Import,18.95,No
CONT02310,Reefer,40FT,Textiles,Export,26.45,Yes
CONT02311,Open Top,20FT,Electronics,Import,28.88,No
CONT02312,Tank,45FT,Textiles,Export,5.97,No
CONT02313,Dry,40FT,Electronics,Import,13.62,No
CONT02314,Reefer,20FT,Textiles,Export,8.52,No
CONT02315,Open Top,45FT,Electronics,Import,12.8,Yes
CONT02316,Tank,40FT,Textiles,Export,11.19,No
CONT02317,Dry,20FT,Electronics,Import,8.36,No
CONT02318,Reefer,45FT,Textiles,Export,23.1,No
CONT02319,Open Top,40FT,Electronics,Import,16.41,No
CONT02320,Tank,20FT,Textiles,Export,26.98,Yes
CONT02321,Dry,45FT,Electronics,Import,4.81,No
CONT02322,Reefer,40FT,Textiles,Export,5.67,No
CONT02323,Open Top,20FT,Electronics,Import,14.08,No
CONT02324,Tank,45FT,Textiles,Export,6.01,No
CONT02325,Dry,40FT,Electronics,Import,10.57,Yes
CONT02326,Reefer,20FT,Textiles,Export,28.65,No
CONT02327,Open Top,45FT,Electronics,Import,9.22,No
CONT02328,Tank,40FT,Textiles,Export,8.95,No
CONT02329,Dry,20FT,Electronics,Import,18.34,No
CONT02330,Reefer,45FT,Textiles,Export,16.45,Yes
CONT02331,Open Top,40FT,Electronics,Import,18.51,No
CONT02332,Tank,20FT,Textiles,Export,13.42,No
CONT02333,Dry,45FT,Electronics,Import,24.67,No
CONT02334,Reefer,40FT,Textiles,Export,7.46,No
CONT02335,Open Top,20FT,Electronics,Import,14.71,Yes
CONT02336,Tank,45FT,Textiles,Export,21.24,No
CONT02337,Dry,40FT,Electronics,Import,25.71,No
CONT02338,Reefer,20FT,Textiles,Export,13.24,No
CONT02339,Open Top,45FT,Electronics,Import,18.19,No
CONT02340,Tank,40FT,Textiles,Export,5.73,Yes
CONT02341,Dry,20FT,Electronics,Import,8.26,No
CONT02342,Reefer,45FT,Textiles,Export,5.73,No
CONT02343,Open Top,40FT,Electronics,Import,22.2,No
CONT02344,Tank,20FT,Textiles,Export,11.2,No
CONT02345,Dry,45FT,Electronics,Import,22.09,Yes
CONT02346,Reefer,40FT,Textiles,Export,5.66,No
CONT02347,Open Top,20FT,Electronics,Import,25.56,No
CONT02348,Tank,45FT,Textiles,Export,24.89,No
CONT02349,Dry,40FT,Electronics,Import,6.22,No
CONT02350,Reefer,20FT,Textiles,Export,4.59,Yes
CONT02351,Open Top,45FT,Electronics,Import,5.41,No
CONT02352,Tank,40FT,Textiles,Export,25.34,No
CONT02353,Dry,20FT,Electronics,Import,9.87,No
CONT02354,Reefer,45FT,Textiles,Export,17.71,No
CONT02355,Open Top,40FT,Electronics,Import,14.66,Yes
CONT02356,Tank,20FT,Textiles,Export,23.89,No
CONT02357,Dry,45FT,Electronics,Import,16.22,No
CONT02358,Reefer,40FT,Textiles,Export,16.52,No
CONT02359,Open Top,20FT,Electronics,Import,28.73,No
CONT02360,Tank,45FT,Textiles,Export,7.75,Yes
CONT02361,Dry,40FT,Electronics,Import,24.77,No
CONT02362,Reefer,20FT,Textiles,Export,5.29,No
CONT02363,Open Top,45FT,Electronics,Import,15.94,No
CONT02364,Tank,40FT,Textiles,Export,26.16,No
CONT02365,Dry,20FT,Electronics,Import,20.63,Yes
CONT02366,Reefer,45FT,Textiles,Export,21.13,No
CONT02367,Open Top,40FT,Electronics,Import,10.58,No
CONT02368,Tank,20FT,Textiles,Export,14.46,No
CONT02369,Dry,45FT,Electronics,Import,13.16,No
CONT02370,Reefer,40FT,Textiles,Export,17.04,Yes
CONT02371,Open Top,20FT,Electronics,Import,15.56,No
CONT02372,Tank,45FT,Textiles,Export,12.17,No
CONT02373,Dry,40FT,Electronics,Import,11.64,No
CONT02374,Reefer,20FT,Textiles,Export,10.27,No
CONT02375,Open Top,45FT,Electronics,Import,13.13,Yes
CONT02376,Tank,40FT,Textiles,Export,7.75,No
CONT02377,Dry,20FT,Electronics,Import,25.8,No
CONT02378,Reefer,45FT,Textiles,Export,19.05,No
CONT02379,Open Top,40FT,Electronics,Import,7.34,No
CONT02380,Tank,20FT,Textiles,Export,21.35,Yes
CONT02381,Dry,45FT,Electronics,Import,25.19,No
CONT02382,Reefer,40FT,Textiles,Export,9.94,No
CONT02383,Open Top,20FT,Electronics,Import,7.77,No
CONT02384,Tank,45FT,Textiles,Export,4.22,No
CONT02385,Dry,40FT,Electronics,Import,5.18,Yes
CONT02386,Reefer,20FT,Textiles,Export,23.06,No
CONT02387,Open Top,45FT,Electronics,Import,28.68,No
CONT02388,Tank,40FT,Textiles,Export,5.12,No
CONT02389,Dry,20FT,Electronics,Import,22.7,No
CONT02390,Reefer,45FT,Textiles,Export,5.8,Yes
CONT02391,Open Top,40FT,Electronics,Import,18.8,No
CONT02392,Tank,20FT,Textiles,Export,22.9,No
CONT02393,Dry,45FT,Electronics,Import,12.98,No
CONT02394,Reefer,40FT,Textiles,Export,4.27,No
CONT02395,Open Top,20FT,Electronics,Import,18.88,Yes
CONT02396,Tank,45FT,Textiles,Export,28.78,No
CONT02397,Dry,40FT,Electronics,Import,10.44,No
CONT02398,Reefer,20FT,Textiles,Export,8.74,No
CONT02399,Open Top,45FT,Electronics,Import,7.1,No
CONT02400,Tank,40FT,Textiles,Export,17.88,Yes
CONT02401,Dry,20FT,Electronics,Import,18.91,No
CONT02402,Reefer,45FT,Textiles,Export,23.81,No
CONT02403,Open Top,40FT,Electronics,Import,22.83,No
CONT02404,Tank,20FT,Textiles,Export,26.31,No
CONT02405,Dry,45FT,Electronics,Import,24.14,Yes
CONT02406,Reefer,40FT,Textiles,Export,10.18,No
CONT02407,Open Top,20FT,Electronics,Import,17.9,No
CONT02408,Tank,45FT,Textiles,Export,11.44,No
CONT02409,Dry,40FT,Electronics,Import,12.24,No
CONT02410,Reefer,20FT,Textiles,Export,27.3,Yes
CONT02411,Open Top,45FT,Electronics,Import,21.05,No
CONT02412,Tank,40FT,Textiles,Export,28.36,No
CONT02413,Dry,20FT,Electronics,Import,14.42,No
CONT02414,Reefer,45FT,Textiles,Export,17.44,No
CONT02415,Open Top,40FT,Electronics,Import,16.18,Yes
CONT02416,Tank,20FT,Textiles,Export,6.68,No
CONT02417,Dry,45FT,Electronics,Import,9.92,No
CONT02418,Reefer,40FT,Textiles,Export,17.19,No
CONT02419,Open Top,20FT,Electronics,Import,5.68,No
CONT02420,Tank,45FT,Textiles,Export,27.29,Yes
CONT02421,Dry,40FT,Electronics,Import,7.1,No
CONT02422,Reefer,20FT,Textiles,Export,8.95,No
CONT02423,Open Top,45FT,Electronics,Import,23.13,No
CONT02424,Tank,40FT,Textiles,Export,6.42,No
CONT02425,Dry,20FT,Electronics,Import,26.51,Yes
CONT02426,Reefer,45FT,Textiles,Export,22.14,No
CONT02427,Open Top,40FT,Electronics,Import,5.72,No
CONT02428,Tank,20FT,Textiles,Export,21.3,No
CONT02429,Dry,45FT,Electronics,Import,19.79,No
CONT02430,Reefer,40FT,Textiles,Export,22.93,Yes
CONT02431,Open Top,20FT,Electronics,Import,24.7,No
CONT02432,Tank,45FT,Textiles,Export,21.96,No
CONT02433,Dry,40FT,Electronics,Import,18.65,No
CONT02434,Reefer,20FT,Textiles,Export,12.06,No
CONT02435,Open Top,45FT,Electronics,Import,21.43,Yes
CONT02436,Tank,40FT,Textiles,Export,27.92,No
CONT02437,Dry,20FT,Electronics,Import,18.69,No
CONT02438,Reefer,45FT,Textiles,Export,20.61,No
CONT02439,Open Top,40FT,Electronics,Import,14.93,No
CONT02440,Tank,20FT,Textiles,Export,22.9,Yes
CONT02441,Dry,45FT,Electronics,Import,28.94,No
CONT02442,Reefer,40FT,Textiles,Export,8.01,No
CONT02443,Open Top,20FT,Electronics,Import,9.06,No
CONT02444,Tank,45FT,Textiles,Export,17.49,No
CONT02445,Dry,40FT,Electronics,Import,16.03,Yes
CONT02446,Reefer,20FT,Textiles,Export,18.29,No
CONT02447,Open Top,45FT,Electronics,Import,5.23,No
CONT02448,Tank,40FT,Textiles,Export,14.11,No
CONT02449,Dry,20FT,Electronics,Import,18.57,No
CONT02450,Reefer,45FT,Textiles,Export,18.63,Yes
CONT02451,Open Top,40FT,Electronics,Import,20.43,No
CONT02452,Tank,20FT,Textiles,Export,22.01,No
CONT02453,Dry,45FT,Electronics,Import,20.04,No
CONT02454,Reefer,40FT,Textiles,Export,23.76,No
CONT02455,Open Top,20FT,Electronics,Import,19.62,Yes
CONT02456,Tank,45FT,Textiles,Export,17.44,No
CONT02457,Dry,40FT,Electronics,Import,19.15,No
CONT02458,Reefer,20FT,Textiles,Export,6.53,No
CONT02459,Open Top,45FT,Electronics,Import,10.83,No
CONT02460,Tank,40FT,Textiles,Export,17.18,Yes
CONT02461,Dry,20FT,Electronics,Import,25.82,No
CONT02462,Reefer,45FT,Textiles,Export,20.98,No
CONT02463,Open Top,40FT,Electronics,Import,6.26,No
CONT02464,Tank,20FT,Textiles,Export,18.81,No
CONT02465,Dry,45FT,Electronics,Import,9.54,Yes
CONT02466,Reefer,40FT,Textiles,Export,22.35,No
CONT02467,Open Top,20FT,Electronics,Import,24.69,No
CONT02468,Tank,45FT,Textiles,Export,18.84,No
CONT02469,Dry,40FT,Electronics,Import,18.78,No
CONT02470,Reefer,20FT,Textiles,Export,12.46,Yes
CONT02471,Open Top,45FT,Electronics,Import,15.16,No
CONT02472,Tank,40FT,Textiles,Export,25.6,No
CONT02473,Dry,20FT,Electronics,Import,22.08,No
CONT02474,Reefer,45FT,Textiles,Export,16.99,No
CONT02475,Open Top,40FT,Electronics,Import,13.21,Yes
CONT02476,Tank,20FT,Textiles,Export,5.26,No
CONT02477,Dry,45FT,Electronics,Import,7.58,No
CONT02478,Reefer,40FT,Textiles,Export,8.83,No
CONT02479,Open Top,20FT,Electronics,Import,13.33,No
CONT02480,Tank,45FT,Textiles,Export,27.6,Yes
CONT02481,Dry,40FT,Electronics,Import,16.63,No
CONT02482,Reefer,20FT,Textiles,Export,9.87,No
CONT02483,Open Top,45FT,Electronics,Import,6.64,No
CONT02484,Tank,40FT,Textiles,Export,12.46,No
CONT02485,Dry,20FT,Electronics,Import,24.39,Yes
CONT02486,Reefer,45FT,Textiles,Export,13.58,No
CONT02487,Open Top,40FT,Electronics,Import,23.31,No
CONT02488,Tank,20FT,Textiles,Export,24.07,No
CONT02489,Dry,45FT,Electronics,Import,6.77,No
CONT02490,Reefer,40FT,Textiles,Export,19.22,Yes
CONT02491,Open Top,20FT,Electronics,Import,27.98,No
CONT02492,Tank,45FT,Textiles,Export,14.05,No
CONT02493,Dry,40FT,Electronics,Import,5.27,No
CONT02494,Reefer,20FT,Textiles,Export,27.08,No
CONT02495,Open Top,45FT,Electronics,Import,26.09,Yes
CONT02496,Tank,40FT,Textiles,Export,17.05,No
CONT02497,Dry,20FT,Electronics,Import,17.81,No
CONT02498,Reefer,45FT,Textiles,Export,9.29,No
CONT02499,Open Top,40FT,Electronics,Import,24.49,No
CONT02500,Tank,20FT,Textiles,Export,16.47,Yes
CONT02501,Dry,45FT,Electronics,Import,4.85,No
CONT02502,Reefer,40FT,Textiles,Export,21.08,No
CONT02503,Open Top,20FT,Electronics,Import,27.76,No
CONT02504,Tank,45FT,Textiles,Export,24.73,No
CONT02505,Dry,40FT,Electronics,Import,10.93,Yes
CONT02506,Reefer,20FT,Textiles,Export,5.33,No
CONT02507,Open Top,45FT,Electronics,Import,27.51,No
CONT02508,Tank,40FT,Textiles,Export,27.43,No
CONT02509,Dry,20FT,Electronics,Import,17.31,No
CONT02510,Reefer,45FT,Textiles,Export,20.06,Yes
CONT02511,Open Top,40FT,Electronics,Import,15.57,No
CONT02512,Tank,20FT,Textiles,Export,14.49,No
CONT02513,Dry,45FT,Electronics,Import,6.99,No
CONT02514,Reefer,40FT,Textiles,Export,6.42,No
CONT02515,Open Top,20FT,Electronics,Import,9.82,Yes
CONT02516,Tank,45FT,Textiles,Export,24.92,No
CONT02517,Dry,40FT,Electronics,Import,7.65,No
CONT02518,Reefer,20FT,Textiles,Export,9.67,No
CONT02519,Open Top,45FT,Electronics,Import,17.72,No
CONT02520,Tank,40FT,Textiles,Export,9.38,Yes
CONT02521,Dry,20FT,Electronics,Import,8.08,No
CONT02522,Reefer,45FT,Textiles,Export,18.08,No
CONT02523,Open Top,40FT,Electronics,Import,13.2,No
CONT02524,Tank,20FT,Textiles,Export,19.65,No
CONT02525,Dry,45FT,Electronics,Import,26.81,Yes
CONT02526,Reefer,40FT,Textiles,Export,7.77,No
CONT02527,Open Top,20FT,Electronics,Import,26.84,No
CONT02528,Tank,45FT,Textiles,Export,26.56,No
CONT02529,Dry,40FT,Electronics,Import,24.73,No
CONT02530,Reefer,20FT,Textiles,Export,19.78,Yes
CONT02531,Open Top,45FT,Electronics,Import,19.5,No
CONT02532,Tank,40FT,Textiles,Export,19.98,No
CONT02533,Dry,20FT,Electronics,Import,21.26,No
CONT02534,Reefer,45FT,Textiles,Export,4.41,No
CONT02535,Open Top,40FT,Electronics,Import,27.95,Yes
CONT02536,Tank,20FT,Textiles,Export,18.64,No
CONT02537,Dry,45FT,Electronics,Import,23.54,No
CONT02538,Reefer,40FT,Textiles,Export,13.43,No
CONT02539,Open Top,20FT,Electronics,Import,4.31,No
CONT02540,Tank,45FT,Textiles,Export,16.74,Yes
CONT02541,Dry,40FT,Electronics,Import,16.68,No
CONT02542,Reefer,20FT,Textiles,Export,14.92,No
CONT02543,Open Top,45FT,Electronics,Import,12.49,No
CONT02544,Tank,40FT,Textiles,Export,10.25,No
CONT02545,Dry,20FT,Electronics,Import,17.19,Yes
CONT02546,Reefer,45FT,Textiles,Export,13.38,No
CONT02547,Open Top,40FT,Electronics,Import,28.25,No
CONT02548,Tank,20FT,Textiles,Export,8.32,No
CONT02549,Dry,45FT,Electronics,Import,11.99,No
CONT02550,Reefer,40FT,Textiles,Export,11.35,Yes
CONT02551,Open Top,20FT,Electronics,Import,17.58,No
CONT02552,Tank,45FT,Textiles,Export,16.48,No
CONT02553,Dry,40FT,Electronics,Import,20.09,No
CONT02554,Reefer,20FT,Textiles,Export,27.75,No
CONT02555,Open Top,45FT,Electronics,Import,11.13,Yes
CONT02556,Tank,40FT,Textiles,Export,21.32,No
CONT02557,Dry,20FT,Electronics,Import,4.63,No
CONT02558,Reefer,45FT,Textiles,Export,10.56,No
CONT02559,Open Top,40FT,Electronics,Import,15.59,No
CONT02560,Tank,20FT,Textiles,Export,4.77,Yes
CONT02561,Dry,45FT,Electronics,Import,19.44,No
CONT02562,Reefer,40FT,Textiles,Export,20.96,No
CONT02563,Open Top,20FT,Electronics,Import,22.67,No
CONT02564,Tank,45FT,Textiles,Export,16.91,No
CONT02565,Dry,40FT,Electronics,Import,19.1,Yes
CONT02566,Reefer,20FT,Textiles,Export,13.9,No
CONT02567,Open Top,45FT,Electronics,Import,5.03,No
CONT02568,Tank,40FT,Textiles,Export,6.5,No
CONT02569,Dry,20FT,Electronics,Import,20.37,No
CONT02570,Reefer,45FT,Textiles,Export,28.89,Yes
CONT02571,Open Top,40FT,Electronics,Import,4.4,No
CONT02572,Tank,20FT,Textiles,Export,17.94,No
CONT02573,Dry,45FT,Electronics,Import,22.78,No
CONT02574,Reefer,40FT,Textiles,Export,24.67,No
CONT02575,Open Top,20FT,Electronics,Import,17.63,Yes
CONT02576,Tank,45FT,Textiles,Export,19.5,No
CONT02577,Dry,40FT,Electronics,Import,21.42,No
CONT02578,Reefer,20FT,Textiles,Export,25.47,No
CONT02579,Open Top,45FT,Electronics,Import,7.06,No
CONT02580,Tank,40FT,Textiles,Export,27.15,Yes
CONT02581,Dry,20FT,Electronics,Import,4.65,No
CONT02582,Reefer,45FT,Textiles,Export,24.9,No
CONT02583,Open Top,40FT,Electronics,Import,5.92,No
CONT02584,Tank,20FT,Textiles,Export,8.87,No
CONT02585,Dry,45FT,Electronics,Import,4.1,Yes
CONT02586,Reefer,40FT,Textiles,Export,15.13,No
CONT02587,Open Top,20FT,Electronics,Import,12.36,No
CONT02588,Tank,45FT,Textiles,Export,8.15,No
CONT02589,Dry,40FT,Electronics,Import,15.28,No
CONT02590,Reefer,20FT,Textiles,Export,14.06,Yes
CONT02591,Open Top,45FT,Electronics,Import,23.19,No
CONT02592,Tank,40FT,Textiles,Export,26.33,No
CONT02593,Dry,20FT,Electronics,Import,20.31,No
CONT02594,Reefer,45FT,Textiles,Export,7.11,No
CONT02595,Open Top,40FT,Electronics,Import,11.38,Yes
CONT02596,Tank,20FT,Textiles,Export,26.83,No
CONT02597,Dry,45FT,Electronics,Import,6.22,No
CONT02598,Reefer,40FT,Textiles,Export,14.17,No
CONT02599,Open Top,20FT,Electronics,Import,27.56,No
CONT02600,Tank,45FT,Textiles,Export,27.77,Yes
CONT02601,Dry,40FT,Electronics,Import,14.28,No
CONT02602,Reefer,20FT,Textiles,Export,20.68,No
CONT02603,Open Top,45FT,Electronics,Import,15.42,No
CONT02604,Tank,40FT,Textiles,Export,22.84,No
CONT02605,Dry,20FT,Electronics,Import,4.79,Yes
CONT02606,Reefer,45FT,Textiles,Export,7.6,No
CONT02607,Open Top,40FT,Electronics,Import,19.35,No
CONT02608,Tank,20FT,Textiles,Export,9.81,No
CONT02609,Dry,45FT,Electronics,Import,20.65,No
CONT02610,Reefer,40FT,Textiles,Export,12.78,Yes
CONT02611,Open Top,20FT,Electronics,Import,26.17,No
CONT02612,Tank,45FT,Textiles,Export,24.48,No
CONT02613,Dry,40FT,Electronics,Import,16.32,No
CONT02614,Reefer,20FT,Textiles,Export,23.32,No
CONT02615,Open Top,45FT,Electronics,Import,10.78,Yes
CONT02616,Tank,40FT,Textiles,Export,16.36,No
CONT02617,Dry,20FT,Electronics,Import,8.94,No
CONT02618,Reefer,45FT,Textiles,Export,25.52,No
CONT02619,Open Top,40FT,Electronics,Import,24.58,No
CONT02620,Tank,20FT,Textiles,Export,26.55,Yes
CONT02621,Dry,45FT,Electronics,Import,25.94,No
CONT02622,Reefer,40FT,Textiles,Export,27.99,No
CONT02623,Open Top,20FT,Electronics,Import,9.71,No
CONT02624,Tank,45FT,Textiles,Export,27.3,No
CONT02625,Dry,40FT,Electronics,Import,18.28,Yes
CONT02626,Reefer,20FT,Textiles,Export,14.56,No
CONT02627,Open Top,45FT,Electronics,Import,18.01,No
CONT02628,Tank,40FT,Textiles,Export,12.57,No
CONT02629,Dry,20FT,Electronics,Import,11.21,No
CONT02630,Reefer,45FT,Textiles,Export,10.03,Yes
CONT02631,Open Top,40FT,Electronics,Import,6.06,No
CONT02632,Tank,20FT,Textiles,Export,16.41,No
CONT02633,Dry,45FT,Electronics,Import,26.19,No
CONT02634,Reefer,40FT,Textiles,Export,19.75,No
CONT02635,Open Top,20FT,Electronics,Import,17.02,Yes
CONT02636,Tank,45FT,Textiles,Export,14.71,No
CONT02637,Dry,40FT,Electronics,Import,15.61,No
CONT02638,Reefer,20FT,Textiles,Export,9.23,No
CONT02639,Open Top,45FT,Electronics,Import,24.57,No
CONT02640,Tank,40FT,Textiles,Export,8.96,Yes
CONT02641,Dry,20FT,Electronics,Import,21.92,No
CONT02642,Reefer,45FT,Textiles,Export,23.0,No
CONT02643,Open Top,40FT,Electronics,Import,18.37,No
CONT02644,Tank,20FT,Textiles,Export,25.57,No
CONT02645,Dry,45FT,Electronics,Import,11.28,Yes
CONT02646,Reefer,40FT,Textiles,Export,26.04,No
CONT02647,Open Top,20FT,Electronics,Import,22.24,No
CONT02648,Tank,45FT,Textiles,Export,23.97,No
CONT02649,Dry,40FT,Electronics,Import,20.61,No
CONT02650,Reefer,20FT,Textiles,Export,25.16,Yes
CONT02651,Open Top,45FT,Electronics,Import,28.83,No
CONT02652,Tank,40FT,Textiles,Export,14.5,No
CONT02653,Dry,20FT,Electronics,Import,24.35,No
CONT02654,Reefer,45FT,Textiles,Export,22.61,No
CONT02655,Open Top,40FT,Electronics,Import,15.32,Yes
CONT02656,Tank,20FT,Textiles,Export,27.17,No
CONT02657,Dry,45FT,Electronics,Import,13.86,No
CONT02658,Reefer,40FT,Textiles,Export,18.14,No
CONT02659,Open Top,20FT,Electronics,Import,6.65,No
CONT02660,Tank,45FT,Textiles,Export,9.64,Yes
CONT02661,Dry,40FT,Electronics,Import,25.02,No
CONT02662,Reefer,20FT,Textiles,Export,13.91,No
CONT02663,Open Top,45FT,Electronics,Import,13.85,No
CONT02664,Tank,40FT,Textiles,Export,10.15,No
CONT02665,Dry,20FT,Electronics,Import,16.29,Yes
CONT02666,Reefer,45FT,Textiles,Export,24.15,No
CONT02667,Open Top,40FT,Electronics,Import,26.38,No
CONT02668,Tank,20FT,Textiles,Export,5.75,No
CONT02669,Dry,45FT,Electronics,Import,18.37,No
CONT02670,Reefer,40FT,Textiles,Export,15.68,Yes
CONT02671,Open Top,20FT,Electronics,Import,19.36,No
CONT02672,Tank,45FT,Textiles,Export,15.18,No
CONT02673,Dry,40FT,Electronics,Import,13.97,No
CONT02674,Reefer,20FT,Textiles,Export,15.8,No
CONT02675,Open Top,45FT,Electronics,Import,18.55,Yes
CONT02676,Tank,40FT,Textiles,Export,16.52,No
CONT02677,Dry,20FT,Electronics,Import,15.8,No
CONT02678,Reefer,45FT,Textiles,Export,24.45,No
CONT02679,Open Top,40FT,Electronics,Import,22.64,No
CONT02680,Tank,20FT,Textiles,Export,12.53,Yes
CONT02681,Dry,45FT,Electronics,Import,24.01,No
CONT02682,Reefer,40FT,Textiles,Export,25.34,No
CONT02683,Open Top,20FT,Electronics,Import,7.84,No
CONT02684,Tank,45FT,Textiles,Export,18.57,No
CONT02685,Dry,40FT,Electronics,Import,11.13,Yes
CONT02686,Reefer,20FT,Textiles,Export,22.48,No
CONT02687,Open Top,45FT,Electronics,Import,9.97,No
CONT02688,Tank,40FT,Textiles,Export,20.79,No
CONT02689,Dry,20FT,Electronics,Import,10.38,No
CONT02690,Reefer,45FT,Textiles,Export,16.78,Yes
CONT02691,Open Top,40FT,Electronics,Import,27.72,No
CONT02692,Tank,20FT,Textiles,Export,13.53,No
CONT02693,Dry,45FT,Electronics,Import,25.89,No
CONT02694,Reefer,40FT,Textiles,Export,28.67,No
CONT02695,Open Top,20FT,Electronics,Import,25.87,Yes
CONT02696,Tank,45FT,Textiles,Export,8.15,No
CONT02697,Dry,40FT,Electronics,Import,24.49,No
CONT02698,Reefer,20FT,Textiles,Export,4.8,No
CONT02699,Open Top,45FT,Electronics,Import,13.83,No
CONT02700,Tank,40FT,Textiles,Export,25.77,Yes
CONT02701,Dry,20FT,Electronics,Import,21.22,No
CONT02702,Reefer,45FT,Textiles,Export,17.32,No
CONT02703,Open Top,40FT,Electronics,Import,13.7,No
CONT02704,Tank,20FT,Textiles,Export,24.31,No
CONT02705,Dry,45FT,Electronics,Import,21.74,Yes
CONT02706,Reefer,40FT,Textiles,Export,15.71,No
CONT02707,Open Top,20FT,Electronics,Import,26.31,No
CONT02708,Tank,45FT,Textiles,Export,9.75,No
CONT02709,Dry,40FT,Electronics,Import,8.26,No
CONT02710,Reefer,20FT,Textiles,Export,20.07,Yes
CONT02711,Open Top,45FT,Electronics,Import,28.3,No
CONT02712,Tank,40FT,Textiles,Export,10.18,No
CONT02713,Dry,20FT,Electronics,Import,10.24,No
CONT02714,Reefer,45FT,Textiles,Export,7.49,No
CONT02715,Open Top,40FT,Electronics,Import,25.51,Yes
CONT02716,Tank,20FT,Textiles,Export,9.66,No
CONT02717,Dry,45FT,Electronics,Import,16.58,No
CONT02718,Reefer,40FT,Textiles,Export,28.77,No
CONT02719,Open Top,20FT,Electronics,Import,4.3,No
CONT02720,Tank,45FT,Textiles,Export,17.91,Yes
CONT02721,Dry,40FT,Electronics,Import,16.81,No
CONT02722,Reefer,20FT,Textiles,Export,24.19,No
CONT02723,Open Top,45FT,Electronics,Import,12.88,No
CONT02724,Tank,40FT,Textiles,Export,14.26,No
CONT02725,Dry,20FT,Electronics,Import,8.2,Yes
CONT02726,Reefer,45FT,Textiles,Export,22.52,No
CONT02727,Open Top,40FT,Electronics,Import,23.62,No
CONT02728,Tank,20FT,Textiles,Export,7.42,No
CONT02729,Dry,45FT,Electronics,Import,13.84,No
CONT02730,Reefer,40FT,Textiles,Export,26.32,Yes
CONT02731,Open Top,20FT,Electronics,Import,4.07,No
CONT02732,Tank,45FT,Textiles,Export,11.47,No
CONT02733,Dry,40FT,Electronics,Import,17.88,No
CONT02734,Reefer,20FT,Textiles,Export,12.35,No
CONT02735,Open Top,45FT,Electronics,Import,10.8,Yes
CONT02736,Tank,40FT,Textiles,Export,15.5,No
CONT02737,Dry,20FT,Electronics,Import,8.54,No
CONT02738,Reefer,45FT,Textiles,Export,17.24,No
CONT02739,Open Top,40FT,Electronics,Import,21.67,No
CONT02740,Tank,20FT,Textiles,Export,18.38,Yes
CONT02741,Dry,45FT,Electronics,Import,6.33,No
CONT02742,Reefer,40FT,Textiles,Export,25.11,No
CONT02743,Open Top,20FT,Electronics,Import,8.37,No
CONT02744,Tank,45FT,Textiles,Export,23.12,No
CONT02745,Dry,40FT,Electronics,Import,13.01,Yes
CONT02746,Reefer,20FT,Textiles,Export,23.57,No
CONT02747,Open Top,45FT,Electronics,Import,9.16,No
CONT02748,Tank,40FT,Textiles,Export,8.67,No
CONT02749,Dry,20FT,Electronics,Import,16.43,No
CONT02750,Reefer,45FT,Textiles,Export,4.82,Yes
CONT02751,Open Top,40FT,Electronics,Import,9.63,No
CONT02752,Tank,20FT,Textiles,Export,22.1,No
CONT02753,Dry,45FT,Electronics,Import,24.93,No
CONT02754,Reefer,40FT,Textiles,Export,6.02,No
CONT02755,Open Top,20FT,Electronics,Import,26.05,Yes
CONT02756,Tank,45FT,Textiles,Export,23.94,No
CONT02757,Dry,40FT,Electronics,Import,25.74,No
CONT02758,Reefer,20FT,Textiles,Export,21.46,No
CONT02759,Open Top,45FT,Electronics,Import,20.85,No
CONT02760,Tank,40FT,Textiles,Export,17.13,Yes
CONT02761,Dry,20FT,Electronics,Import,20.32,No
CONT02762,Reefer,45FT,Textiles,Export,26.98,No
CONT02763,Open Top,40FT,Electronics,Import,6.51,No
CONT02764,Tank,20FT,Textiles,Export,11.89,No
CONT02765,Dry,45FT,Electronics,Import,5.81,Yes
CONT02766,Reefer,40FT,Textiles,Export,27.62,No
CONT02767,Open Top,20FT,Electronics,Import,15.13,No
CONT02768,Tank,45FT,Textiles,Export,20.88,No
CONT02769,Dry,40FT,Electronics,Import,25.03,No
CONT02770,Reefer,20FT,Textiles,Export,28.78,Yes
CONT02771,Open Top,45FT,Electronics,Import,8.04,No
CONT02772,Tank,40FT,Textiles,Export,23.99,No
CONT02773,Dry,20FT,Electronics,Import,26.19,No
CONT02774,Reefer,45FT,Textiles,Export,5.22,No
CONT02775,Open Top,40FT,Electronics,Import,22.85,Yes
CONT02776,Tank,20FT,Textiles,Export,12.87,No
CONT02777,Dry,45FT,Electronics,Import,20.21,No
CONT02778,Reefer,40FT,Textiles,Export,16.85,No
CONT02779,Open Top,20FT,Electronics,Import,10.49,No
CONT02780,Tank,45FT,Textiles,Export,7.38,Yes
CONT02781,Dry,40FT,Electronics,Import,6.92,No
CONT02782,Reefer,20FT,Textiles,Export,6.58,No
CONT02783,Open Top,45FT,Electronics,Import,19.94,No
CONT02784,Tank,40FT,Textiles,Export,12.79,No
CONT02785,Dry,20FT,Electronics,Import,9.42,Yes
CONT02786,Reefer,45FT,Textiles,Export,21.3,No
CONT02787,Open Top,40FT,Electronics,Import,21.17,No
CONT02788,Tank,20FT,Textiles,Export,17.48,No
CONT02789,Dry,45FT,Electronics,Import,27.37,No
CONT02790,Reefer,40FT,Textiles,Export,13.64,Yes
CONT02791,Open Top,20FT,Electronics,Import,24.9,No
CONT02792,Tank,45FT,Textiles,Export,5.88,No
CONT02793,Dry,40FT,Electronics,Import,22.5,No
CONT02794,Reefer,20FT,Textiles,Export,28.71,No
CONT02795,Open Top,45FT,Electronics,Import,25.16,Yes
CONT02796,Tank,40FT,Textiles,Export,18.49,No
CONT02797,Dry,20FT,Electronics,Import,19.67,No
CONT02798,Reefer,45FT,Textiles,Export,12.83,No
CONT02799,Open Top,40FT,Electronics,Import,20.99,No
CONT02800,Tank,20FT,Textiles,Export,23.26,Yes
CONT02801,Dry,45FT,Electronics,Import,28.96,No
CONT02802,Reefer,40FT,Textiles,Export,16.31,No
CONT02803,Open Top,20FT,Electronics,Import,5.53,No
CONT02804,Tank,45FT,Textiles,Export,18.9,No
CONT02805,Dry,40FT,Electronics,Import,6.98,Yes
CONT02806,Reefer,20FT,Textiles,Export,10.12,No
CONT02807,Open Top,45FT,Electronics,Import,12.22,No
CONT02808,Tank,40FT,Textiles,Export,22.28,No
CONT02809,Dry,20FT,Electronics,Import,8.6,No
CONT02810,Reefer,45FT,Textiles,Export,8.14,Yes
CONT02811,Open Top,40FT,Electronics,Import,5.12,No
CONT02812,Tank,20FT,Textiles,Export,25.83,No
CONT02813,Dry,45FT,Electronics,Import,21.34,No
CONT02814,Reefer,40FT,Textiles,Export,5.0,No
CONT02815,Open Top,20FT,Electronics,Import,4.71,Yes
CONT02816,Tank,45FT,Textiles,Export,17.97,No
CONT02817,Dry,40FT,Electronics,Import,11.06,No
CONT02818,Reefer,20FT,Textiles,Export,18.92,No
CONT02819,Open Top,45FT,Electronics,Import,14.87,No
CONT02820,Tank,40FT,Textiles,Export,27.08,Yes
CONT02821,Dry,20FT,Electronics,Import,11.2,No
CONT02822,Reefer,45FT,Textiles,Export,20.98,No
CONT02823,Open Top,40FT,Electronics,Import,5.35,No
CONT02824,Tank,20FT,Textiles,Export,27.9,No
CONT02825,Dry,45FT,Electronics,Import,28.52,Yes
CONT02826,Reefer,40FT,Textiles,Export,22.48,No
CONT02827,Open Top,20FT,Electronics,Import,15.63,No
CONT02828,Tank,45FT,Textiles,Export,9.5,No
CONT02829,Dry,40FT,Electronics,Import,24.31,No
CONT02830,Reefer,20FT,Textiles,Export,22.41,Yes
CONT02831,Open Top,45FT,Electronics,Import,9.55,No
CONT02832,Tank,40FT,Textiles,Export,15.28,No
CONT02833,Dry,20FT,Electronics,Import,15.57,No
CONT02834,Reefer,45FT,Textiles,Export,24.66,No
CONT02835,Open Top,40FT,Electronics,Import,21.1,Yes
CONT02836,Tank,20FT,Textiles,Export,20.08,No
CONT02837,Dry,45FT,Electronics,Import,20.25,No
CONT02838,Reefer,40FT,Textiles,Export,10.76,No
CONT02839,Open Top,20FT,Electronics,Import,13.29,No
CONT02840,Tank,45FT,Textiles,Export,5.14,Yes
CONT02841,Dry,40FT,Electronics,Import,23.67,No
CONT02842,Reefer,20FT,Textiles,Export,14.82,No
CONT02843,Open Top,45FT,Electronics,Import,14.96,No
CONT02844,Tank,40FT,Textiles,Export,10.13,No
CONT02845,Dry,20FT,Electronics,Import,9.24,Yes
CONT02846,Reefer,45FT,Textiles,Export,18.7,No
CONT02847,Open Top,40FT,Electronics,Import,9.81,No
CONT02848,Tank,20FT,Textiles,Export,5.61,No
CONT02849,Dry,45FT,Electronics,Import,23.19,No
CONT02850,Reefer,40FT,Textiles,Export,13.41,Yes
CONT02851,Open Top,20FT,Electronics,Import,13.51,No
CONT02852,Tank,45FT,Textiles,Export,14.78,No
CONT02853,Dry,40FT,Electronics,Import,24.38,No
CONT02854,Reefer,20FT,Textiles,Export,12.02,No
CONT02855,Open Top,45FT,Electronics,Import,22.95,Yes
CONT02856,Tank,40FT,Textiles,Export,27.49,No
CONT02857,Dry,20FT,Electronics,Import,20.52,No
CONT02858,Reefer,45FT,Textiles,Export,14.79,No
CONT02859,Open Top,40FT,Electronics,Import,22.69,No
CONT02860,Tank,20FT,Textiles,Export,15.45,Yes
CONT02861,Dry,45FT,Electronics,Import,14.36,No
CONT02862,Reefer,40FT,Textiles,Export,17.13,No
CONT02863,Open Top,20FT,Electronics,Import,11.94,No
CONT02864,Tank,45FT,Textiles,Export,6.61,No
CONT02865,Dry,40FT,Electronics,Import,14.37,Yes
CONT02866,Reefer,20FT,Textiles,Export,7.1,No
CONT02867,Open Top,45FT,Electronics,Import,14.26,No
CONT02868,Tank,40FT,Textiles,Export,17.92,No
CONT02869,Dry,20FT,Electronics,Import,27.27,No
CONT02870,Reefer,45FT,Textiles,Export,4.91,Yes
CONT02871,Open Top,40FT,Electronics,Import,19.54,No
CONT02872,Tank,20FT,Textiles,Export,15.44,No
CONT02873,Dry,45FT,Electronics,Import,4.51,No
CONT02874,Reefer,40FT,Textiles,Export,10.24,No
CONT02875,Open Top,20FT,Electronics,Import,6.96,Yes
CONT02876,Tank,45FT,Textiles,Export,9.42,No
CONT02877,Dry,40FT,Electronics,Import,10.86,No
CONT02878,Reefer,20FT,Textiles,Export,14.03,No
CONT02879,Open Top,45FT,Electronics,Import,17.23,No
CONT02880,Tank,40FT,Textiles,Export,4.02,Yes
CONT02881,Dry,20FT,Electronics,Import,8.05,No
CONT02882,Reefer,45FT,Textiles,Export,6.34,No
CONT02883,Open Top,40FT,Electronics,Import,17.74,No
CONT02884,Tank,20FT,Textiles,Export,12.23,No
CONT02885,Dry,45FT,Electronics,Import,17.71,Yes
CONT02886,Reefer,40FT,Textiles,Export,9.55,No
CONT02887,Open Top,20FT,Electronics,Import,4.61,No
CONT02888,Tank,45FT,Textiles,Export,27.53,No
CONT02889,Dry,40FT,Electronics,Import,6.71,No
CONT02890,Reefer,20FT,Textiles,Export,7.17,Yes
CONT02891,Open Top,45FT,Electronics,Import,7.66,No
CONT02892,Tank,40FT,Textiles,Export,28.53,No
CONT02893,Dry,20FT,Electronics,Import,19.44,No
CONT02894,Reefer,45FT,Textiles,Export,19.26,No
CONT02895,Open Top,40FT,Electronics,Import,28.67,Yes
CONT02896,Tank,20FT,Textiles,Export,6.21,No
CONT02897,Dry,45FT,Electronics,Import,28.36,No
CONT02898,Reefer,40FT,Textiles,Export,9.1,No
CONT02899,Open Top,20FT,Electronics,Import,19.58,No
CONT02900,Tank,45FT,Textiles,Export,14.5,Yes
CONT02901,Dry,40FT,Electronics,Import,13.6,No
CONT02902,Reefer,20FT,Textiles,Export,27.28,No
CONT02903,Open Top,45FT,Electronics,Import,7.73,No
CONT02904,Tank,40FT,Textiles,Export,28.93,No
CONT02905,Dry,20FT,Electronics,Import,13.48,Yes
CONT02906,Reefer,45FT,Textiles,Export,20.22,No
CONT02907,Open Top,40FT,Electronics,Import,28.2,No
CONT02908,Tank,20FT,Textiles,Export,5.44,No
CONT02909,Dry,45FT,Electronics,Import,27.07,No
CONT02910,Reefer,40FT,Textiles,Export,18.2,Yes
CONT02911,Open Top,20FT,Electronics,Import,21.61,No
CONT02912,Tank,45FT,Textiles,Export,7.73,No
CONT02913,Dry,40FT,Electronics,Import,17.33,No
CONT02914,Reefer,20FT,Textiles,Export,20.84,No
CONT02915,Open Top,45FT,Electronics,Import,15.41,Yes
CONT02916,Tank,40FT,Textiles,Export,7.87,No
CONT02917,Dry,20FT,Electronics,Import,10.1,No
CONT02918,Reefer,45FT,Textiles,Export,25.36,No
CONT02919,Open Top,40FT,Electronics,Import,4.86,No
CONT02920,Tank,20FT,Textiles,Export,21.72,Yes
CONT02921,Dry,45FT,Electronics,Import,28.98,No
CONT02922,Reefer,40FT,Textiles,Export,4.19,No
CONT02923,Open Top,20FT,Electronics,Import,8.03,No
CONT02924,Tank,45FT,Textiles,Export,20.85,No
CONT02925,Dry,40FT,Electronics,Import,5.5,Yes
CONT02926,Reefer,20FT,Textiles,Export,18.74,No
CONT02927,Open Top,45FT,Electronics,Import,21.1,No
CONT02928,Tank,40FT,Textiles,Export,18.7,No
CONT02929,Dry,20FT,Electronics,Import,13.13,No
CONT02930,Reefer,45FT,Textiles,Export,21.43,Yes
CONT02931,Open Top,40FT,Electronics,Import,18.86,No
CONT02932,Tank,20FT,Textiles,Export,9.19,No
CONT02933,Dry,45FT,Electronics,Import,18.08,No
CONT02934,Reefer,40FT,Textiles,Export,26.05,No
CONT02935,Open Top,20FT,Electronics,Import,20.67,Yes
CONT02936,Tank,45FT,Textiles,Export,15.79,No
CONT02937,Dry,40FT,Electronics,Import,12.04,No
CONT02938,Reefer,20FT,Textiles,Export,6.15,No
CONT02939,Open Top,45FT,Electronics,Import,10.12,No
CONT02940,Tank,40FT,Textiles,Export,4.28,Yes
CONT02941,Dry,20FT,Electronics,Import,28.67,No
CONT02942,Reefer,45FT,Textiles,Export,9.56,No
CONT02943,Open Top,40FT,Electronics,Import,24.37,No
CONT02944,Tank,20FT,Textiles,Export,8.22,No
CONT02945,Dry,45FT,Electronics,Import,11.09,Yes
CONT02946,Reefer,40FT,Textiles,Export,14.46,No
CONT02947,Open Top,20FT,Electronics,Import,12.11,No
CONT02948,Tank,45FT,Textiles,Export,23.96,No
CONT02949,Dry,40FT,Electronics,Import,27.94,No
CONT02950,Reefer,20FT,Textiles,Export,25.88,Yes
CONT02951,Open Top,45FT,Electronics,Import,7.84,No
CONT02952,Tank,40FT,Textiles,Export,23.42,No
CONT02953,Dry,20FT,Electronics,Import,7.7,No
CONT02954,Reefer,45FT,Textiles,Export,26.83,No
CONT02955,Open Top,40FT,Electronics,Import,16.95,Yes
CONT02956,Tank,20FT,Textiles,Export,12.41,No
CONT02957,Dry,45FT,Electronics,Import,7.93,No
CONT02958,Reefer,40FT,Textiles,Export,4.3,No
CONT02959,Open Top,20FT,Electronics,Import,10.2,No
CONT02960,Tank,45FT,Textiles,Export,26.85,Yes
CONT02961,Dry,40FT,Electronics,Import,23.93,No
CONT02962,Reefer,20FT,Textiles,Export,28.24,No
CONT02963,Open Top,45FT,Electronics,Import,6.52,No
CONT02964,Tank,40FT,Textiles,Export,18.8,No
CONT02965,Dry,20FT,Electronics,Import,10.43,Yes
CONT02966,Reefer,45FT,Textiles,Export,17.57,No
CONT02967,Open Top,40FT,Electronics,Import,12.01,No
CONT02968,Tank,20FT,Textiles,Export,11.09,No
CONT02969,Dry,45FT,Electronics,Import,18.35,No
CONT02970,Reefer,40FT,Textiles,Export,8.58,Yes
CONT02971,Open Top,20FT,Electronics,Import,15.73,No
CONT02972,Tank,45FT,Textiles,Export,20.27,No
CONT02973,Dry,40FT,Electronics,Import,7.2,No
CONT02974,Reefer,20FT,Textiles,Export,27.26,No
CONT02975,Open Top,45FT,Electronics,Import,16.64,Yes
CONT02976,Tank,40FT,Textiles,Export,24.49,No
CONT02977,Dry,20FT,Electronics,Import,20.35,No
CONT02978,Reefer,45FT,Textiles,Export,21.75,No
CONT02979,Open Top,40FT,Electronics,Import,21.9,No
CONT02980,Tank,20FT,Textiles,Export,25.88,Yes
CONT02981,Dry,45FT,Electronics,Import,19.34,No
CONT02982,Reefer,40FT,Textiles,Export,10.96,No
CONT02983,Open Top,20FT,Electronics,Import,6.49,No
CONT02984,Tank,45FT,Textiles,Export,19.16,No
CONT02985,Dry,40FT,Electronics,Import,5.66,Yes
CONT02986,Reefer,20FT,Textiles,Export,10.03,No
CONT02987,Open Top,45FT,Electronics,Import,5.52,No
CONT02988,Tank,40FT,Textiles,Export,17.72,No
CONT02989,Dry,20FT,Electronics,Import,8.01,No
CONT02990,Reefer,45FT,Textiles,Export,19.26,Yes
CONT02991,Open Top,40FT,Electronics,Import,23.77,No
CONT02992,Tank,20FT,Textiles,Export,24.55,No
CONT02993,Dry,45FT,Electronics,Import,11.74,No
CONT02994,Reefer,40FT,Textiles,Export,17.72,No
CONT02995,Open Top,20FT,Electronics,Import,18.08,Yes
CONT02996,Tank,45FT,Textiles,Export,15.82,No
CONT02997,Dry,40FT,Electronics,Import,20.38,No
CONT02998,Reefer,20FT,Textiles,Export,9.25,No
CONT02999,Open Top,45FT,Electronics,Import,28.48,No
CONT03000,Tank,40FT,Textiles,Export,6.45,Yes
CONT03001,Dry,20FT,Electronics,Import,24.73,No
CONT03002,Reefer,45FT,Textiles,Export,18.85,No
CONT03003,Open Top,40FT,Electronics,Import,10.12,No
CONT03004,Tank,20FT,Textiles,Export,22.64,No
CONT03005,Dry,45FT,Electronics,Import,6.11,Yes
CONT03006,Reefer,40FT,Textiles,Export,23.36,No
CONT03007,Open Top,20FT,Electronics,Import,18.75,No
CONT03008,Tank,45FT,Textiles,Export,6.77,No
CONT03009,Dry,40FT,Electronics,Import,5.99,No
CONT03010,Reefer,20FT,Textiles,Export,22.77,Yes
CONT03011,Open Top,45FT,Electronics,Import,11.32,No
CONT03012,Tank,40FT,Textiles,Export,26.23,No
CONT03013,Dry,20FT,Electronics,Import,23.05,No
CONT03014,Reefer,45FT,Textiles,Export,21.45,No
CONT03015,Open Top,40FT,Electronics,Import,10.97,Yes
CONT03016,Tank,20FT,Textiles,Export,21.72,No
CONT03017,Dry,45FT,Electronics,Import,27.7,No
CONT03018,Reefer,40FT,Textiles,Export,6.29,No
CONT03019,Open Top,20FT,Electronics,Import,12.15,No
CONT03020,Tank,45FT,Textiles,Export,9.87,Yes
CONT03021,Dry,40FT,Electronics,Import,13.83,No
CONT03022,Reefer,20FT,Textiles,Export,22.56,No
CONT03023,Open Top,45FT,Electronics,Import,15.86,No
CONT03024,Tank,40FT,Textiles,Export,18.27,No
CONT03025,Dry,20FT,Electronics,Import,11.85,Yes
CONT03026,Reefer,45FT,Textiles,Export,7.53,No
CONT03027,Open Top,40FT,Electronics,Import,10.67,No
CONT03028,Tank,20FT,Textiles,Export,25.49,No
CONT03029,Dry,45FT,Electronics,Import,19.06,No
CONT03030,Reefer,40FT,Textiles,Export,13.45,Yes
CONT03031,Open Top,20FT,Electronics,Import,23.75,No
CONT03032,Tank,45FT,Textiles,Export,5.61,No
CONT03033,Dry,40FT,Electronics,Import,10.35,No
CONT03034,Reefer,20FT,Textiles,Export,9.75,No
CONT03035,Open Top,45FT,Electronics,Import,28.63,Yes
CONT03036,Tank,40FT,Textiles,Export,21.65,No
CONT03037,Dry,20FT,Electronics,Import,19.44,No
CONT03038,Reefer,45FT,Textiles,Export,4.12,No
CONT03039,Open Top,40FT,Electronics,Import,8.61,No
CONT03040,Tank,20FT,Textiles,Export,19.89,Yes
CONT03041,Dry,45FT,Electronics,Import,13.49,No
CONT03042,Reefer,40FT,Textiles,Export,27.11,No
CONT03043,Open Top,20FT,Electronics,Import,23.12,No
CONT03044,Tank,45FT,Textiles,Export,15.18,No
CONT03045,Dry,40FT,Electronics,Import,22.74,Yes
CONT03046,Reefer,20FT,Textiles,Export,28.39,No
CONT03047,Open Top,45FT,Electronics,Import,15.52,No
CONT03048,Tank,40FT,Textiles,Export,20.06,No
CONT03049,Dry,20FT,Electronics,Import,26.97,No
CONT03050,Reefer,45FT,Textiles,Export,10.22,Yes
CONT03051,Open Top,40FT,Electronics,Import,26.16,No
CONT03052,Tank,20FT,Textiles,Export,6.44,No
CONT03053,Dry,45FT,Electronics,Import,20.21,No
CONT03054,Reefer,40FT,Textiles,Export,23.57,No
CONT03055,Open Top,20FT,Electronics,Import,19.37,Yes
CONT03056,Tank,45FT,Textiles,Export,16.39,No
CONT03057,Dry,40FT,Electronics,Import,19.43,No
CONT03058,Reefer,20FT,Textiles,Export,7.79,No
CONT03059,Open Top,45FT,Electronics,Import,9.39,No
CONT03060,Tank,40FT,Textiles,Export,10.75,Yes
CONT03061,Dry,20FT,Electronics,Import,18.94,No
CONT03062,Reefer,45FT,Textiles,Export,15.05,No
CONT03063,Open Top,40FT,Electronics,Import,10.11,No
CONT03064,Tank,20FT,Textiles,Export,26.07,No
CONT03065,Dry,45FT,Electronics,Import,13.35,Yes
CONT03066,Reefer,40FT,Textiles,Export,15.15,No
CONT03067,Open Top,20FT,Electronics,Import,14.24,No
CONT03068,Tank,45FT,Textiles,Export,8.55,No
CONT03069,Dry,40FT,Electronics,Import,22.29,No
CONT03070,Reefer,20FT,Textiles,Export,15.21,Yes
CONT03071,Open Top,45FT,Electronics,Import,4.41,No
CONT03072,Tank,40FT,Textiles,Export,28.1,No
CONT03073,Dry,20FT,Electronics,Import,24.39,No
CONT03074,Reefer,45FT,Textiles,Export,22.09,No
CONT03075,Open Top,40FT,Electronics,Import,25.73,Yes
CONT03076,Tank,20FT,Textiles,Export,26.67,No
CONT03077,Dry,45FT,Electronics,Import,12.44,No
CONT03078,Reefer,40FT,Textiles,Export,19.27,No
CONT03079,Open Top,20FT,Electronics,Import,19.22,No
CONT03080,Tank,45FT,Textiles,Export,10.68,Yes
CONT03081,Dry,40FT,Electronics,Import,9.55,No
CONT03082,Reefer,20FT,Textiles,Export,6.85,No
CONT03083,Open Top,45FT,Electronics,Import,20.48,No
CONT03084,Tank,40FT,Textiles,Export,23.52,No
CONT03085,Dry,20FT,Electronics,Import,23.02,Yes
CONT03086,Reefer,45FT,Textiles,Export,11.91,No
CONT03087,Open Top,40FT,Electronics,Import,9.13,No
CONT03088,Tank,20FT,Textiles,Export,15.34,No
CONT03089,Dry,45FT,Electronics,Import,17.67,No
CONT03090,Reefer,40FT,Textiles,Export,26.98,Yes
CONT03091,Open Top,20FT,Electronics,Import,25.87,No
CONT03092,Tank,45FT,Textiles,Export,26.9,No
CONT03093,Dry,40FT,Electronics,Import,25.26,No
CONT03094,Reefer,20FT,Textiles,Export,28.11,No
CONT03095,Open Top,45FT,Electronics,Import,15.64,Yes
CONT03096,Tank,40FT,Textiles,Export,5.19,No
CONT03097,Dry,20FT,Electronics,Import,6.09,No
CONT03098,Reefer,45FT,Textiles,Export,13.76,No
CONT03099,Open Top,40FT,Electronics,Import,10.44,No
CONT03100,Tank,20FT,Textiles,Export,8.25,Yes
CONT03101,Dry,45FT,Electronics,Import,27.83,No
CONT03102,Reefer,40FT,Textiles,Export,8.89,No
CONT03103,Open Top,20FT,Electronics,Import,27.98,No
CONT03104,Tank,45FT,Textiles,Export,23.02,No
CONT03105,Dry,40FT,Electronics,Import,20.02,Yes
CONT03106,Reefer,20FT,Textiles,Export,20.9,No
CONT03107,Open Top,45FT,Electronics,Import,12.29,No
CONT03108,Tank,40FT,Textiles,Export,20.16,No
CONT03109,Dry,20FT,Electronics,Import,8.67,No
CONT03110,Reefer,45FT,Textiles,Export,27.44,Yes
CONT03111,Open Top,40FT,Electronics,Import,11.54,No
CONT03112,Tank,20FT,Textiles,Export,10.38,No
CONT03113,Dry,45FT,Electronics,Import,21.78,No
CONT03114,Reefer,40FT,Textiles,Export,20.41,No
CONT03115,Open Top,20FT,Electronics,Import,15.28,Yes
CONT03116,Tank,45FT,Textiles,Export,19.81,No
CONT03117,Dry,40FT,Electronics,Import,7.99,No
CONT03118,Reefer,20FT,Textiles,Export,20.83,No
CONT03119,Open Top,45FT,Electronics,Import,10.77,No
CONT03120,Tank,40FT,Textiles,Export,10.82,Yes
CONT03121,Dry,20FT,Electronics,Import,8.05,No
CONT03122,Reefer,45FT,Textiles,Export,12.31,No
CONT03123,Open Top,40FT,Electronics,Import,12.28,No
CONT03124,Tank,20FT,Textiles,Export,15.35,No
CONT03125,Dry,45FT,Electronics,Import,8.76,Yes
CONT03126,Reefer,40FT,Textiles,Export,8.83,No
CONT03127,Open Top,20FT,Electronics,Import,17.54,No
CONT03128,Tank,45FT,Textiles,Export,7.22,No
CONT03129,Dry,40FT,Electronics,Import,21.22,No
CONT03130,Reefer,20FT,Textiles,Export,27.6,Yes
CONT03131,Open Top,45FT,Electronics,Import,14.67,No
CONT03132,Tank,40FT,Textiles,Export,26.53,No
CONT03133,Dry,20FT,Electronics,Import,6.46,No
CONT03134,Reefer,45FT,Textiles,Export,5.07,No
CONT03135,Open Top,40FT,Electronics,Import,22.03,Yes
CONT03136,Tank,20FT,Textiles,Export,23.03,No
CONT03137,Dry,45FT,Electronics,Import,25.08,No
CONT03138,Reefer,40FT,Textiles,Export,5.42,No
CONT03139,Open Top,20FT,Electronics,Import,23.42,No
CONT03140,Tank,45FT,Textiles,Export,13.41,Yes
CONT03141,Dry,40FT,Electronics,Import,11.58,No
CONT03142,Reefer,20FT,Textiles,Export,8.33,No
CONT03143,Open Top,45FT,Electronics,Import,28.9,No
CONT03144,Tank,40FT,Textiles,Export,5.59,No
CONT03145,Dry,20FT,Electronics,Import,24.68,Yes
CONT03146,Reefer,45FT,Textiles,Export,19.99,No
CONT03147,Open Top,40FT,Electronics,Import,22.38,No
CONT03148,Tank,20FT,Textiles,Export,21.79,No
CONT03149,Dry,45FT,Electronics,Import,25.46,No
CONT03150,Reefer,40FT,Textiles,Export,8.59,Yes
CONT03151,Open Top,20FT,Electronics,Import,4.02,No
CONT03152,Tank,45FT,Textiles,Export,18.96,No
CONT03153,Dry,40FT,Electronics,Import,12.85,No
CONT03154,Reefer,20FT,Textiles,Export,7.09,No
CONT03155,Open Top,45FT,Electronics,Import,8.65,Yes
CONT03156,Tank,40FT,Textiles,Export,12.29,No
CONT03157,Dry,20FT,Electronics,Import,5.76,No
CONT03158,Reefer,45FT,Textiles,Export,5.42,No
CONT03159,Open Top,40FT,Electronics,Import,26.9,No
CONT03160,Tank,20FT,Textiles,Export,11.8,Yes
CONT03161,Dry,45FT,Electronics,Import,28.56,No
CONT03162,Reefer,40FT,Textiles,Export,28.11,No
CONT03163,Open Top,20FT,Electronics,Import,7.56,No
CONT03164,Tank,45FT,Textiles,Export,21.87,No
CONT03165,Dry,40FT,Electronics,Import,19.02,Yes
CONT03166,Reefer,20FT,Textiles,Export,21.27,No
CONT03167,Open Top,45FT,Electronics,Import,6.4,No
CONT03168,Tank,40FT,Textiles,Export,8.71,No
CONT03169,Dry,20FT,Electronics,Import,5.92,No
CONT03170,Reefer,45FT,Textiles,Export,19.1,Yes
CONT03171,Open Top,40FT,Electronics,Import,28.66,No
CONT03172,Tank,20FT,Textiles,Export,20.8,No
CONT03173,Dry,45FT,Electronics,Import,21.77,No
CONT03174,Reefer,40FT,Textiles,Export,28.61,No
CONT03175,Open Top,20FT,Electronics,Import,20.95,Yes
CONT03176,Tank,45FT,Textiles,Export,5.0,No
CONT03177,Dry,40FT,Electronics,Import,25.68,No
CONT03178,Reefer,20FT,Textiles,Export,13.12,No
CONT03179,Open Top,45FT,Electronics,Import,4.11,No
CONT03180,Tank,40FT,Textiles,Export,16.68,Yes
CONT03181,Dry,20FT,Electronics,Import,27.43,No
CONT03182,Reefer,45FT,Textiles,Export,10.43,No
CONT03183,Open Top,40FT,Electronics,Import,16.29,No
CONT03184,Tank,20FT,Textiles,Export,8.34,No
CONT03185,Dry,45FT,Electronics,Import,5.44,Yes
CONT03186,Reefer,40FT,Textiles,Export,6.01,No
CONT03187,Open Top,20FT,Electronics,Import,22.18,No
CONT03188,Tank,45FT,Textiles,Export,25.6,No
CONT03189,Dry,40FT,Electronics,Import,7.58,No
CONT03190,Reefer,20FT,Textiles,Export,11.21,Yes
CONT03191,Open Top,45FT,Electronics,Import,8.88,No
CONT03192,Tank,40FT,Textiles,Export,4.67,No
CONT03193,Dry,20FT,Electronics,Import,17.84,No
CONT03194,Reefer,45FT,Textiles,Export,21.5,No
CONT03195,Open Top,40FT,Electronics,Import,20.2,Yes
CONT03196,Tank,20FT,Textiles,Export,13.7,No
CONT03197,Dry,45FT,Electronics,Import,17.88,No
CONT03198,Reefer,40FT,Textiles,Export,6.35,No
CONT03199,Open Top,20FT,Electronics,Import,7.86,No
CONT03200,Tank,45FT,Textiles,Export,27.29,Yes
CONT03201,Dry,40FT,Electronics,Import,23.04,No
CONT03202,Reefer,20FT,Textiles,Export,27.07,No
CONT03203,Open Top,45FT,Electronics,Import,26.92,No
CONT03204,Tank,40FT,Textiles,Export,20.23,No
CONT03205,Dry,20FT,Electronics,Import,27.21,Yes
CONT03206,Reefer,45FT,Textiles,Export,14.42,No
CONT03207,Open Top,40FT,Electronics,Import,4.09,No
CONT03208,Tank,20FT,Textiles,Export,5.56,No
CONT03209,Dry,45FT,Electronics,Import,6.74,No
CONT03210,Reefer,40FT,Textiles,Export,6.38,Yes
CONT03211,Open Top,20FT,Electronics,Import,12.79,No
CONT03212,Tank,45FT,Textiles,Export,21.53,No
CONT03213,Dry,40FT,Electronics,Import,23.77,No
CONT03214,Reefer,20FT,Textiles,Export,18.76,No
CONT03215,Open Top,45FT,Electronics,Import,7.66,Yes
CONT03216,Tank,40FT,Textiles,Export,22.7,No
CONT03217,Dry,20FT,Electronics,Import,12.87,No
CONT03218,Reefer,45FT,Textiles,Export,4.32,No
CONT03219,Open Top,40FT,Electronics,Import,11.01,No
CONT03220,Tank,20FT,Textiles,Export,12.27,Yes
CONT03221,Dry,45FT,Electronics,Import,10.86,No
CONT03222,Reefer,40FT,Textiles,Export,24.3,No
CONT03223,Open Top,20FT,Electronics,Import,23.0,No
CONT03224,Tank,45FT,Textiles,Export,21.39,No
CONT03225,Dry,40FT,Electronics,Import,7.48,Yes
CONT03226,Reefer,20FT,Textiles,Export,24.2,No
CONT03227,Open Top,45FT,Electronics,Import,20.93,No
CONT03228,Tank,40FT,Textiles,Export,8.87,No
CONT03229,Dry,20FT,Electronics,Import,20.2,No
CONT03230,Reefer,45FT,Textiles,Export,16.09,Yes
CONT03231,Open Top,40FT,Electronics,Import,14.98,No
CONT03232,Tank,20FT,Textiles,Export,6.8,No
CONT03233,Dry,45FT,Electronics,Import,16.96,No
CONT03234,Reefer,40FT,Textiles,Export,6.5,No
CONT03235,Open Top,20FT,Electronics,Import,8.11,Yes
CONT03236,Tank,45FT,Textiles,Export,7.31,No
CONT03237,Dry,40FT,Electronics,Import,27.85,No
CONT03238,Reefer,20FT,Textiles,Export,11.12,No
CONT03239,Open Top,45FT,Electronics,Import,12.88,No
CONT03240,Tank,40FT,Textiles,Export,12.05,Yes
CONT03241,Dry,20FT,Electronics,Import,26.46,No
CONT03242,Reefer,45FT,Textiles,Export,18.07,No
CONT03243,Open Top,40FT,Electronics,Import,26.98,No
CONT03244,Tank,20FT,Textiles,Export,11.5,No
CONT03245,Dry,45FT,Electronics,Import,6.87,Yes
CONT03246,Reefer,40FT,Textiles,Export,17.91,No
CONT03247,Open Top,20FT,Electronics,Import,12.64,No
CONT03248,Tank,45FT,Textiles,Export,24.05,No
CONT03249,Dry,40FT,Electronics,Import,25.99,No
CONT03250,Reefer,20FT,Textiles,Export,15.81,Yes
CONT03251,Open Top,45FT,Electronics,Import,28.28,No
CONT03252,Tank,40FT,Textiles,Export,17.83,No
CONT03253,Dry,20FT,Electronics,Import,10.77,No
CONT03254,Reefer,45FT,Textiles,Export,16.22,No
CONT03255,Open Top,40FT,Electronics,Import,4.93,Yes
CONT03256,Tank,20FT,Textiles,Export,24.1,No
CONT03257,Dry,45FT,Electronics,Import,6.54,No
CONT03258,Reefer,40FT,Textiles,Export,11.72,No
CONT03259,Open Top,20FT,Electronics,Import,18.13,No
CONT03260,Tank,45FT,Textiles,Export,5.07,Yes
CONT03261,Dry,40FT,Electronics,Import,5.98,No
CONT03262,Reefer,20FT,Textiles,Export,21.4,No
CONT03263,Open Top,45FT,Electronics,Import,5.79,No
CONT03264,Tank,40FT,Textiles,Export,15.93,No
CONT03265,Dry,20FT,Electronics,Import,12.47,Yes
CONT03266,Reefer,45FT,Textiles,Export,9.7,No
CONT03267,Open Top,40FT,Electronics,Import,8.72,No
CONT03268,Tank,20FT,Textiles,Export,23.09,No
CONT03269,Dry,45FT,Electronics,Import,27.79,No
CONT03270,Reefer,40FT,Textiles,Export,7.5,Yes
CONT03271,Open Top,20FT,Electronics,Import,27.99,No
CONT03272,Tank,45FT,Textiles,Export,18.87,No
CONT03273,Dry,40FT,Electronics,Import,20.04,No
CONT03274,Reefer,20FT,Textiles,Export,21.75,No
CONT03275,Open Top,45FT,Electronics,Import,21.6,Yes
CONT03276,Tank,40FT,Textiles,Export,24.5,No
CONT03277,Dry,20FT,Electronics,Import,16.09,No
CONT03278,Reefer,45FT,Textiles,Export,17.33,No
CONT03279,Open Top,40FT,Electronics,Import,12.1,No
CONT03280,Tank,20FT,Textiles,Export,6.63,Yes
CONT03281,Dry,45FT,Electronics,Import,20.62,No
CONT03282,Reefer,40FT,Textiles,Export,4.84,No
CONT03283,Open Top,20FT,Electronics,Import,10.89,No
CONT03284,Tank,45FT,Textiles,Export,6.36,No
CONT03285,Dry,40FT,Electronics,Import,8.77,Yes
CONT03286,Reefer,20FT,Textiles,Export,19.97,No
CONT03287,Open Top,45FT,Electronics,Import,19.71,No
CONT03288,Tank,40FT,Textiles,Export,14.53,No
CONT03289,Dry,20FT,Electronics,Import,6.25,No
CONT03290,Reefer,45FT,Textiles,Export,14.83,Yes
CONT03291,Open Top,40FT,Electronics,Import,12.82,No
CONT03292,Tank,20FT,Textiles,Export,22.01,No
CONT03293,Dry,45FT,Electronics,Import,18.48,No
CONT03294,Reefer,40FT,Textiles,Export,16.29,No
CONT03295,Open Top,20FT,Electronics,Import,16.17,Yes
CONT03296,Tank,45FT,Textiles,Export,28.16,No
CONT03297,Dry,40FT,Electronics,Import,22.91,No
CONT03298,Reefer,20FT,Textiles,Export,16.42,No
CONT03299,Open Top,45FT,Electronics,Import,15.98,No
CONT03300,Tank,40FT,Textiles,Export,4.66,Yes
CONT03301,Dry,20FT,Electronics,Import,27.56,No
CONT03302,Reefer,45FT,Textiles,Export,11.98,No
CONT03303,Open Top,40FT,Electronics,Import,10.4,No
CONT03304,Tank,20FT,Textiles,Export,28.99,No
CONT03305,Dry,45FT,Electronics,Import,21.97,Yes
CONT03306,Reefer,40FT,Textiles,Export,5.18,No
CONT03307,Open Top,20FT,Electronics,Import,5.55,No
CONT03308,Tank,45FT,Textiles,Export,4.64,No
CONT03309,Dry,40FT,Electronics,Import,18.99,No
CONT03310,Reefer,20FT,Textiles,Export,5.79,Yes
CONT03311,Open Top,45FT,Electronics,Import,27.33,No
CONT03312,Tank,40FT,Textiles,Export,27.42,No
CONT03313,Dry,20FT,Electronics,Import,17.65,No
CONT03314,Reefer,45FT,Textiles,Export,19.42,No
CONT03315,Open Top,40FT,Electronics,Import,11.3,Yes
CONT03316,Tank,20FT,Textiles,Export,5.6,No
CONT03317,Dry,45FT,Electronics,Import,22.44,No
CONT03318,Reefer,40FT,Textiles,Export,6.54,No
CONT03319,Open Top,20FT,Electronics,Import,6.14,No
CONT03320,Tank,45FT,Textiles,Export,11.78,Yes
CONT03321,Dry,40FT,Electronics,Import,4.31,No
CONT03322,Reefer,20FT,Textiles,Export,14.85,No
CONT03323,Open Top,45FT,Electronics,Import,21.69,No
CONT03324,Tank,40FT,Textiles,Export,24.03,No
CONT03325,Dry,20FT,Electronics,Import,19.11,Yes
CONT03326,Reefer,45FT,Textiles,Export,25.17,No
CONT03327,Open Top,40FT,Electronics,Import,14.16,No
CONT03328,Tank,20FT,Textiles,Export,25.22,No
CONT03329,Dry,45FT,Electronics,Import,16.66,No
CONT03330,Reefer,40FT,Textiles,Export,9.58,Yes
CONT03331,Open Top,20FT,Electronics,Import,27.6,No
CONT03332,Tank,45FT,Textiles,Export,10.87,No
CONT03333,Dry,40FT,Electronics,Import,4.66,No
CONT03334,Reefer,20FT,Textiles,Export,10.07,No
CONT03335,Open Top,45FT,Electronics,Import,13.17,Yes
CONT03336,Tank,40FT,Textiles,Export,12.78,No
CONT03337,Dry,20FT,Electronics,Import,17.12,No
CONT03338,Reefer,45FT,Textiles,Export,26.08,No
CONT03339,Open Top,40FT,Electronics,Import,11.31,No
CONT03340,Tank,20FT,Textiles,Export,17.02,Yes
CONT03341,Dry,45FT,Electronics,Import,12.5,No
CONT03342,Reefer,40FT,Textiles,Export,24.54,No
CONT03343,Open Top,20FT,Electronics,Import,7.94,No
CONT03344,Tank,45FT,Textiles,Export,6.59,No
CONT03345,Dry,40FT,Electronics,Import,16.57,Yes
CONT03346,Reefer,20FT,Textiles,Export,20.8,No
CONT03347,Open Top,45FT,Electronics,Import,23.89,No
CONT03348,Tank,40FT,Textiles,Export,18.74,No
CONT03349,Dry,20FT,Electronics,Import,23.35,No
CONT03350,Reefer,45FT,Textiles,Export,13.82,Yes
CONT03351,Open Top,40FT,Electronics,Import,4.82,No
CONT03352,Tank,20FT,Textiles,Export,6.9,No
CONT03353,Dry,45FT,Electronics,Import,4.97,No
CONT03354,Reefer,40FT,Textiles,Export,12.22,No
CONT03355,Open Top,20FT,Electronics,Import,16.39,Yes
CONT03356,Tank,45FT,Textiles,Export,12.91,No
CONT03357,Dry,40FT,Electronics,Import,18.01,No
CONT03358,Reefer,20FT,Textiles,Export,16.02,No
CONT03359,Open Top,45FT,Electronics,Import,20.95,No
CONT03360,Tank,40FT,Textiles,Export,20.67,Yes
CONT03361,Dry,20FT,Electronics,Import,11.95,No
CONT03362,Reefer,45FT,Textiles,Export,12.66,No
CONT03363,Open Top,40FT,Electronics,Import,18.63,No
CONT03364,Tank,20FT,Textiles,Export,18.91,No
CONT03365,Dry,45FT,Electronics,Import,11.87,Yes
CONT03366,Reefer,40FT,Textiles,Export,12.26,No
CONT03367,Open Top,20FT,Electronics,Import,21.35,No
CONT03368,Tank,45FT,Textiles,Export,20.19,No
CONT03369,Dry,40FT,Electronics,Import,7.38,No
CONT03370,Reefer,20FT,Textiles,Export,15.03,Yes
CONT03371,Open Top,45FT,Electronics,Import,26.32,No
CONT03372,Tank,40FT,Textiles,Export,4.91,No
CONT03373,Dry,20FT,Electronics,Import,25.38,No
CONT03374,Reefer,45FT,Textiles,Export,8.08,No
CONT03375,Open Top,40FT,Electronics,Import,16.68,Yes
CONT03376,Tank,20FT,Textiles,Export,14.61,No
CONT03377,Dry,45FT,Electronics,Import,4.25,No
CONT03378,Reefer,40FT,Textiles,Export,26.88,No
CONT03379,Open Top,20FT,Electronics,Import,15.37,No
CONT03380,Tank,45FT,Textiles,Export,27.86,Yes
CONT03381,Dry,40FT,Electronics,Import,11.17,No
CONT03382,Reefer,20FT,Textiles,Export,25.66,No
CONT03383,Open Top,45FT,Electronics,Import,27.06,No
CONT03384,Tank,40FT,Textiles,Export,17.92,No
CONT03385,Dry,20FT,Electronics,Import,9.07,Yes
CONT03386,Reefer,45FT,Textiles,Export,21.13,No
CONT03387,Open Top,40FT,Electronics,Import,17.72,No
CONT03388,Tank,20FT,Textiles,Export,27.61,No
CONT03389,Dry,45FT,Electronics,Import,14.98,No
CONT03390,Reefer,40FT,Textiles,Export,10.71,Yes
CONT03391,Open Top,20FT,Electronics,Import,7.46,No
CONT03392,Tank,45FT,Textiles,Export,21.47,No
CONT03393,Dry,40FT,Electronics,Import,28.35,No
CONT03394,Reefer,20FT,Textiles,Export,4.71,No
CONT03395,Open Top,45FT,Electronics,Import,22.51,Yes
CONT03396,Tank,40FT,Textiles,Export,27.17,No
CONT03397,Dry,20FT,Electronics,Import,5.87,No
CONT03398,Reefer,45FT,Textiles,Export,6.75,No
CONT03399,Open Top,40FT,Electronics,Import,21.3,No
CONT03400,Tank,20FT,Textiles,Export,20.2,Yes
CONT03401,Dry,45FT,Electronics,Import,5.72,No
CONT03402,Reefer,40FT,Textiles,Export,24.86,No
CONT03403,Open Top,20FT,Electronics,Import,17.09,No
CONT03404,Tank,45FT,Textiles,Export,26.68,No
CONT03405,Dry,40FT,Electronics,Import,25.95,Yes
CONT03406,Reefer,20FT,Textiles,Export,24.31,No
CONT03407,Open Top,45FT,Electronics,Import,16.9,No
CONT03408,Tank,40FT,Textiles,Export,10.29,No
CONT03409,Dry,20FT,Electronics,Import,16.65,No
CONT03410,Reefer,45FT,Textiles,Export,6.52,Yes
CONT03411,Open Top,40FT,Electronics,Import,20.47,No
CONT03412,Tank,20FT,Textiles,Export,7.35,No
CONT03413,Dry,45FT,Electronics,Import,16.78,No
CONT03414,Reefer,40FT,Textiles,Export,5.36,No
CONT03415,Open Top,20FT,Electronics,Import,11.49,Yes
CONT03416,Tank,45FT,Textiles,Export,9.8,No
CONT03417,Dry,40FT,Electronics,Import,19.5,No
CONT03418,Reefer,20FT,Textiles,Export,23.67,No
CONT03419,Open Top,45FT,Electronics,Import,5.43,No
CONT03420,Tank,40FT,Textiles,Export,25.26,Yes
CONT03421,Dry,20FT,Electronics,Import,25.52,No
CONT03422,Reefer,45FT,Textiles,Export,12.56,No
CONT03423,Open Top,40FT,Electronics,Import,20.48,No
CONT03424,Tank,20FT,Textiles,Export,14.07,No
CONT03425,Dry,45FT,Electronics,Import,7.85,Yes
CONT03426,Reefer,40FT,Textiles,Export,17.22,No
CONT03427,Open Top,20FT,Electronics,Import,6.16,No
CONT03428,Tank,45FT,Textiles,Export,25.96,No
CONT03429,Dry,40FT,Electronics,Import,27.11,No
CONT03430,Reefer,20FT,Textiles,Export,24.54,Yes
CONT03431,Open Top,45FT,Electronics,Import,18.06,No
CONT03432,Tank,40FT,Textiles,Export,17.94,No
CONT03433,Dry,20FT,Electronics,Import,28.62,No
CONT03434,Reefer,45FT,Textiles,Export,10.2,No
CONT03435,Open Top,40FT,Electronics,Import,5.9,Yes
CONT03436,Tank,20FT,Textiles,Export,18.05,No
CONT03437,Dry,45FT,Electronics,Import,12.22,No
CONT03438,Reefer,40FT,Textiles,Export,12.06,No
CONT03439,Open Top,20FT,Electronics,Import,4.18,No
CONT03440,Tank,45FT,Textiles,Export,18.91,Yes
CONT03441,Dry,40FT,Electronics,Import,10.6,No
CONT03442,Reefer,20FT,Textiles,Export,8.7,No
CONT03443,Open Top,45FT,Electronics,Import,5.01,No
CONT03444,Tank,40FT,Textiles,Export,13.11,No
CONT03445,Dry,20FT,Electronics,Import,25.97,Yes
CONT03446,Reefer,45FT,Textiles,Export,12.42,No
CONT03447,Open Top,40FT,Electronics,Import,20.98,No
CONT03448,Tank,20FT,Textiles,Export,22.91,No
CONT03449,Dry,45FT,Electronics,Import,12.2,No
CONT03450,Reefer,40FT,Textiles,Export,24.54,Yes
CONT03451,Open Top,20FT,Electronics,Import,21.3,No
CONT03452,Tank,45FT,Textiles,Export,17.98,No
CONT03453,Dry,40FT,Electronics,Import,4.02,No
CONT03454,Reefer,20FT,Textiles,Export,4.88,No
CONT03455,Open Top,45FT,Electronics,Import,28.77,Yes
CONT03456,Tank,40FT,Textiles,Export,23.56,No
CONT03457,Dry,20FT,Electronics,Import,27.44,No
CONT03458,Reefer,45FT,Textiles,Export,26.56,No
CONT03459,Open Top,40FT,Electronics,Import,4.51,No
CONT03460,Tank,20FT,Textiles,Export,23.8,Yes
CONT03461,Dry,45FT,Electronics,Import,15.28,No
CONT03462,Reefer,40FT,Textiles,Export,23.74,No
CONT03463,Open Top,20FT,Electronics,Import,4.17,No
CONT03464,Tank,45FT,Textiles,Export,11.2,No
CONT03465,Dry,40FT,Electronics,Import,22.78,Yes
CONT03466,Reefer,20FT,Textiles,Export,23.83,No
CONT03467,Open Top,45FT,Electronics,Import,19.49,No
CONT03468,Tank,40FT,Textiles,Export,11.53,No
CONT03469,Dry,20FT,Electronics,Import,11.76,No
CONT03470,Reefer,45FT,Textiles,Export,28.17,Yes
CONT03471,Open Top,40FT,Electronics,Import,14.98,No
CONT03472,Tank,20FT,Textiles,Export,15.18,No
CONT03473,Dry,45FT,Electronics,Import,17.81,No
CONT03474,Reefer,40FT,Textiles,Export,14.24,No
CONT03475,Open Top,20FT,Electronics,Import,17.82,Yes
CONT03476,Tank,45FT,Textiles,Export,14.81,No
CONT03477,Dry,40FT,Electronics,Import,24.67,No
CONT03478,Reefer,20FT,Textiles,Export,26.73,No
CONT03479,Open Top,45FT,Electronics,Import,27.3,No
CONT03480,Tank,40FT,Textiles,Export,18.11,Yes
CONT03481,Dry,20FT,Electronics,Import,15.05,No
CONT03482,Reefer,45FT,Textiles,Export,21.63,No
CONT03483,Open Top,40FT,Electronics,Import,24.96,No
CONT03484,Tank,20FT,Textiles,Export,18.07,No
CONT03485,Dry,45FT,Electronics,Import,21.5,Yes
CONT03486,Reefer,40FT,Textiles,Export,22.74,No
CONT03487,Open Top,20FT,Electronics,Import,20.91,No
CONT03488,Tank,45FT,Textiles,Export,22.65,No
CONT03489,Dry,40FT,Electronics,Import,9.22,No
CONT03490,Reefer,20FT,Textiles,Export,16.46,Yes
CONT03491,Open Top,45FT,Electronics,Import,18.71,No
CONT03492,Tank,40FT,Textiles,Export,4.06,No
CONT03493,Dry,20FT,Electronics,Import,25.4,No
CONT03494,Reefer,45FT,Textiles,Export,19.25,No
CONT03495,Open Top,40FT,Electronics,Import,7.23,Yes
CONT03496,Tank,20FT,Textiles,Export,24.41,No
CONT03497,Dry,45FT,Electronics,Import,21.93,No
CONT03498,Reefer,40FT,Textiles,Export,22.96,No
CONT03499,Open Top,20FT,Electronics,Import,13.8,No
CONT03500,Tank,45FT,Textiles,Export,25.36,Yes
CONT03501,Dry,40FT,Electronics,Import,14.35,No
CONT03502,Reefer,20FT,Textiles,Export,18.26,No
CONT03503,Open Top,45FT,Electronics,Import,4.02,No
CONT03504,Tank,40FT,Textiles,Export,20.12,No
CONT03505,Dry,20FT,Electronics,Import,21.95,Yes
CONT03506,Reefer,45FT,Textiles,Export,18.18,No
CONT03507,Open Top,40FT,Electronics,Import,16.41,No
CONT03508,Tank,20FT,Textiles,Export,24.25,No
CONT03509,Dry,45FT,Electronics,Import,21.03,No
CONT03510,Reefer,40FT,Textiles,Export,10.95,Yes
CONT03511,Open Top,20FT,Electronics,Import,27.98,No
CONT03512,Tank,45FT,Textiles,Export,21.68,No
CONT03513,Dry,40FT,Electronics,Import,28.7,No
CONT03514,Reefer,20FT,Textiles,Export,28.28,No
CONT03515,Open Top,45FT,Electronics,Import,26.97,Yes
CONT03516,Tank,40FT,Textiles,Export,22.88,No
CONT03517,Dry,20FT,Electronics,Import,19.24,No
CONT03518,Reefer,45FT,Textiles,Export,8.3,No
CONT03519,Open Top,40FT,Electronics,Import,17.58,No
CONT03520,Tank,20FT,Textiles,Export,23.13,Yes
CONT03521,Dry,45FT,Electronics,Import,17.02,No
CONT03522,Reefer,40FT,Textiles,Export,25.71,No
CONT03523,Open Top,20FT,Electronics,Import,6.74,No
CONT03524,Tank,45FT,Textiles,Export,13.52,No
CONT03525,Dry,40FT,Electronics,Import,16.65,Yes
CONT03526,Reefer,20FT,Textiles,Export,14.81,No
CONT03527,Open Top,45FT,Electronics,Import,6.71,No
CONT03528,Tank,40FT,Textiles,Export,7.84,No
CONT03529,Dry,20FT,Electronics,Import,24.94,No
CONT03530,Reefer,45FT,Textiles,Export,16.11,Yes
CONT03531,Open Top,40FT,Electronics,Import,5.22,No
CONT03532,Tank,20FT,Textiles,Export,4.41,No
CONT03533,Dry,45FT,Electronics,Import,15.84,No
CONT03534,Reefer,40FT,Textiles,Export,8.11,No
CONT03535,Open Top,20FT,Electronics,Import,21.63,Yes
CONT03536,Tank,45FT,Textiles,Export,23.88,No
CONT03537,Dry,40FT,Electronics,Import,9.71,No
CONT03538,Reefer,20FT,Textiles,Export,18.8,No
CONT03539,Open Top,45FT,Electronics,Import,7.86,No
CONT03540,Tank,40FT,Textiles,Export,11.59,Yes
CONT03541,Dry,20FT,Electronics,Import,26.22,No
CONT03542,Reefer,45FT,Textiles,Export,17.6,No
CONT03543,Open Top,40FT,Electronics,Import,26.15,No
CONT03544,Tank,20FT,Textiles,Export,9.63,No
CONT03545,Dry,45FT,Electronics,Import,12.25,Yes
CONT03546,Reefer,40FT,Textiles,Export,15.77,No
CONT03547,Open Top,20FT,Electronics,Import,16.0,No
CONT03548,Tank,45FT,Textiles,Export,28.94,No
CONT03549,Dry,40FT,Electronics,Import,6.86,No
CONT03550,Reefer,20FT,Textiles,Export,25.3,Yes
CONT03551,Open Top,45FT,Electronics,Import,25.59,No
CONT03552,Tank,40FT,Textiles,Export,17.83,No
CONT03553,Dry,20FT,Electronics,Import,12.6,No
CONT03554,Reefer,45FT,Textiles,Export,16.98,No
CONT03555,Open Top,40FT,Electronics,Import,11.31,Yes
CONT03556,Tank,20FT,Textiles,Export,23.98,No
CONT03557,Dry,45FT,Electronics,Import,16.46,No
CONT03558,Reefer,40FT,Textiles,Export,27.15,No
CONT03559,Open Top,20FT,Electronics,Import,19.57,No
CONT03560,Tank,45FT,Textiles,Export,16.86,Yes
CONT03561,Dry,40FT,Electronics,Import,21.78,No
CONT03562,Reefer,20FT,Textiles,Export,16.6,No
CONT03563,Open Top,45FT,Electronics,Import,26.61,No
CONT03564,Tank,40FT,Textiles,Export,8.61,No
CONT03565,Dry,20FT,Electronics,Import,28.33,Yes
CONT03566,Reefer,45FT,Textiles,Export,24.3,No
CONT03567,Open Top,40FT,Electronics,Import,25.52,No
CONT03568,Tank,20FT,Textiles,Export,16.07,No
CONT03569,Dry,45FT,Electronics,Import,24.93,No
CONT03570,Reefer,40FT,Textiles,Export,11.67,Yes
CONT03571,Open Top,20FT,Electronics,Import,23.05,No
CONT03572,Tank,45FT,Textiles,Export,7.51,No
CONT03573,Dry,40FT,Electronics,Import,11.68,No
CONT03574,Reefer,20FT,Textiles,Export,15.14,No
CONT03575,Open Top,45FT,Electronics,Import,12.06,Yes
CONT03576,Tank,40FT,Textiles,Export,13.68,No
CONT03577,Dry,20FT,Electronics,Import,24.5,No
CONT03578,Reefer,45FT,Textiles,Export,10.42,No
CONT03579,Open Top,40FT,Electronics,Import,22.63,No
CONT03580,Tank,20FT,Textiles,Export,5.84,Yes
CONT03581,Dry,45FT,Electronics,Import,23.14,No
CONT03582,Reefer,40FT,Textiles,Export,23.8,No
CONT03583,Open Top,20FT,Electronics,Import,14.04,No
CONT03584,Tank,45FT,Textiles,Export,22.06,No
CONT03585,Dry,40FT,Electronics,Import,26.88,Yes
CONT03586,Reefer,20FT,Textiles,Export,24.02,No
CONT03587,Open Top,45FT,Electronics,Import,13.76,No
CONT03588,Tank,40FT,Textiles,Export,16.11,No
CONT03589,Dry,20FT,Electronics,Import,23.48,No
CONT03590,Reefer,45FT,Textiles,Export,11.31,Yes
CONT03591,Open Top,40FT,Electronics,Import,24.1,No
CONT03592,Tank,20FT,Textiles,Export,12.2,No
CONT03593,Dry,45FT,Electronics,Import,24.15,No
CONT03594,Reefer,40FT,Textiles,Export,6.17,No
CONT03595,Open Top,20FT,Electronics,Import,5.11,Yes
CONT03596,Tank,45FT,Textiles,Export,28.94,No
CONT03597,Dry,40FT,Electronics,Import,25.74,No
CONT03598,Reefer,20FT,Textiles,Export,26.07,No
CONT03599,Open Top,45FT,Electronics,Import,27.78,No
CONT03600,Tank,40FT,Textiles,Export,14.96,Yes
CONT03601,Dry,20FT,Electronics,Import,11.17,No
CONT03602,Reefer,45FT,Textiles,Export,7.25,No
CONT03603,Open Top,40FT,Electronics,Import,16.53,No
CONT03604,Tank,20FT,Textiles,Export,9.5,No
CONT03605,Dry,45FT,Electronics,Import,27.39,Yes
CONT03606,Reefer,40FT,Textiles,Export,4.1,No
CONT03607,Open Top,20FT,Electronics,Import,7.58,No
CONT03608,Tank,45FT,Textiles,Export,10.16,No
CONT03609,Dry,40FT,Electronics,Import,8.97,No
CONT03610,Reefer,20FT,Textiles,Export,9.64,Yes
CONT03611,Open Top,45FT,Electronics,Import,20.4,No
CONT03612,Tank,40FT,Textiles,Export,12.19,No
CONT03613,Dry,20FT,Electronics,Import,19.38,No
CONT03614,Reefer,45FT,Textiles,Export,26.26,No
CONT03615,Open Top,40FT,Electronics,Import,19.06,Yes
CONT03616,Tank,20FT,Textiles,Export,21.36,No
CONT03617,Dry,45FT,Electronics,Import,13.14,No
CONT03618,Reefer,40FT,Textiles,Export,7.99,No
CONT03619,Open Top,20FT,Electronics,Import,12.01,No
CONT03620,Tank,45FT,Textiles,Export,28.11,Yes
CONT03621,Dry,40FT,Electronics,Import,19.55,No
CONT03622,Reefer,20FT,Textiles,Export,10.94,No
CONT03623,Open Top,45FT,Electronics,Import,15.27,No
CONT03624,Tank,40FT,Textiles,Export,24.89,No
CONT03625,Dry,20FT,Electronics,Import,20.71,Yes
CONT03626,Reefer,45FT,Textiles,Export,18.02,No
CONT03627,Open Top,40FT,Electronics,Import,26.13,No
CONT03628,Tank,20FT,Textiles,Export,20.81,No
CONT03629,Dry,45FT,Electronics,Import,20.07,No
CONT03630,Reefer,40FT,Textiles,Export,8.74,Yes
CONT03631,Open Top,20FT,Electronics,Import,6.66,No
CONT03632,Tank,45FT,Textiles,Export,28.13,No
CONT03633,Dry,40FT,Electronics,Import,18.97,No
CONT03634,Reefer,20FT,Textiles,Export,14.39,No
CONT03635,Open Top,45FT,Electronics,Import,18.73,Yes
CONT03636,Tank,40FT,Textiles,Export,5.55,No
CONT03637,Dry,20FT,Electronics,Import,24.55,No
CONT03638,Reefer,45FT,Textiles,Export,9.42,No
CONT03639,Open Top,40FT,Electronics,Import,24.11,No
CONT03640,Tank,20FT,Textiles,Export,17.36,Yes
CONT03641,Dry,45FT,Electronics,Import,10.91,No
CONT03642,Reefer,40FT,Textiles,Export,4.76,No
CONT03643,Open Top,20FT,Electronics,Import,24.4,No
CONT03644,Tank,45FT,Textiles,Export,8.41,No
CONT03645,Dry,40FT,Electronics,Import,5.3,Yes
CONT03646,Reefer,20FT,Textiles,Export,22.9,No
CONT03647,Open Top,45FT,Electronics,Import,12.75,No
CONT03648,Tank,40FT,Textiles,Export,13.73,No
CONT03649,Dry,20FT,Electronics,Import,10.18,No
CONT03650,Reefer,45FT,Textiles,Export,25.48,Yes
CONT03651,Open Top,40FT,Electronics,Import,11.43,No
CONT03652,Tank,20FT,Textiles,Export,9.25,No
CONT03653,Dry,45FT,Electronics,Import,11.73,No
CONT03654,Reefer,40FT,Textiles,Export,9.08,No
CONT03655,Open Top,20FT,Electronics,Import,11.94,Yes
CONT03656,Tank,45FT,Textiles,Export,6.07,No
CONT03657,Dry,40FT,Electronics,Import,7.96,No
CONT03658,Reefer,20FT,Textiles,Export,14.43,No
CONT03659,Open Top,45FT,Electronics,Import,25.99,No
CONT03660,Tank,40FT,Textiles,Export,5.43,Yes
CONT03661,Dry,20FT,Electronics,Import,9.32,No
CONT03662,Reefer,45FT,Textiles,Export,26.71,No
CONT03663,Open Top,40FT,Electronics,Import,26.25,No
CONT03664,Tank,20FT,Textiles,Export,20.99,No
CONT03665,Dry,45FT,Electronics,Import,10.01,Yes
CONT03666,Reefer,40FT,Textiles,Export,14.5,No
CONT03667,Open Top,20FT,Electronics,Import,9.28,No
CONT03668,Tank,45FT,Textiles,Export,7.21,No
CONT03669,Dry,40FT,Electronics,Import,13.5,No
CONT03670,Reefer,20FT,Textiles,Export,18.4,Yes
CONT03671,Open Top,45FT,Electronics,Import,13.0,No
CONT03672,Tank,40FT,Textiles,Export,19.27,No
CONT03673,Dry,20FT,Electronics,Import,11.41,No
CONT03674,Reefer,45FT,Textiles,Export,12.65,No
CONT03675,Open Top,40FT,Electronics,Import,23.77,Yes
CONT03676,Tank,20FT,Textiles,Export,25.96,No
CONT03677,Dry,45FT,Electronics,Import,12.05,No
CONT03678,Reefer,40FT,Textiles,Export,18.29,No
CONT03679,Open Top,20FT,Electronics,Import,10.95,No
CONT03680,Tank,45FT,Textiles,Export,5.33,Yes
CONT03681,Dry,40FT,Electronics,Import,22.45,No
CONT03682,Reefer,20FT,Textiles,Export,8.28,No
CONT03683,Open Top,45FT,Electronics,Import,14.64,No
CONT03684,Tank,40FT,Textiles,Export,16.18,No
CONT03685,Dry,20FT,Electronics,Import,8.61,Yes
CONT03686,Reefer,45FT,Textiles,Export,6.36,No
CONT03687,Open Top,40FT,Electronics,Import,12.7,No
CONT03688,Tank,20FT,Textiles,Export,27.81,No
CONT03689,Dry,45FT,Electronics,Import,19.38,No
CONT03690,Reefer,40FT,Textiles,Export,13.54,Yes
CONT03691,Open Top,20FT,Electronics,Import,4.97,No
CONT03692,Tank,45FT,Textiles,Export,19.01,No
CONT03693,Dry,40FT,Electronics,Import,6.31,No
CONT03694,Reefer,20FT,Textiles,Export,17.56,No
CONT03695,Open Top,45FT,Electronics,Import,22.8,Yes
CONT03696,Tank,40FT,Textiles,Export,14.59,No
CONT03697,Dry,20FT,Electronics,Import,11.49,No
CONT03698,Reefer,45FT,Textiles,Export,5.18,No
CONT03699,Open Top,40FT,Electronics,Import,4.62,No
CONT03700,Tank,20FT,Textiles,Export,14.75,Yes
CONT03701,Dry,45FT,Electronics,Import,26.08,No
CONT03702,Reefer,40FT,Textiles,Export,10.1,No
CONT03703,Open Top,20FT,Electronics,Import,18.35,No
CONT03704,Tank,45FT,Textiles,Export,21.11,No
CONT03705,Dry,40FT,Electronics,Import,5.52,Yes
CONT03706,Reefer,20FT,Textiles,Export,7.83,No
CONT03707,Open Top,45FT,Electronics,Import,12.28,No
CONT03708,Tank,40FT,Textiles,Export,20.75,No
CONT03709,Dry,20FT,Electronics,Import,14.98,No
CONT03710,Reefer,45FT,Textiles,Export,22.35,Yes
CONT03711,Open Top,40FT,Electronics,Import,25.69,No
CONT03712,Tank,20FT,Textiles,Export,22.96,No
CONT03713,Dry,45FT,Electronics,Import,28.81,No
CONT03714,Reefer,40FT,Textiles,Export,22.86,No
CONT03715,Open Top,20FT,Electronics,Import,25.3,Yes
CONT03716,Tank,45FT,Textiles,Export,24.81,No
CONT03717,Dry,40FT,Electronics,Import,22.26,No
CONT03718,Reefer,20FT,Textiles,Export,24.05,No
CONT03719,Open Top,45FT,Electronics,Import,27.37,No
CONT03720,Tank,40FT,Textiles,Export,15.88,Yes
CONT03721,Dry,20FT,Electronics,Import,19.96,No
CONT03722,Reefer,45FT,Textiles,Export,16.87,No
CONT03723,Open Top,40FT,Electronics,Import,25.28,No
CONT03724,Tank,20FT,Textiles,Export,14.78,No
CONT03725,Dry,45FT,Electronics,Import,24.49,Yes
CONT03726,Reefer,40FT,Textiles,Export,23.98,No
CONT03727,Open Top,20FT,Electronics,Import,28.05,No
CONT03728,Tank,45FT,Textiles,Export,10.22,No
CONT03729,Dry,40FT,Electronics,Import,21.74,No
CONT03730,Reefer,20FT,Textiles,Export,22.92,Yes
CONT03731,Open Top,45FT,Electronics,Import,27.41,No
CONT03732,Tank,40FT,Textiles,Export,26.67,No
CONT03733,Dry,20FT,Electronics,Import,18.34,No
CONT03734,Reefer,45FT,Textiles,Export,18.48,No
CONT03735,Open Top,40FT,Electronics,Import,8.18,Yes
CONT03736,Tank,20FT,Textiles,Export,28.37,No
CONT03737,Dry,45FT,Electronics,Import,10.38,No
CONT03738,Reefer,40FT,Textiles,Export,22.12,No
CONT03739,Open Top,20FT,Electronics,Import,23.89,No
CONT03740,Tank,45FT,Textiles,Export,15.03,Yes
CONT03741,Dry,40FT,Electronics,Import,9.28,No
CONT03742,Reefer,20FT,Textiles,Export,8.72,No
CONT03743,Open Top,45FT,Electronics,Import,25.41,No
CONT03744,Tank,40FT,Textiles,Export,16.77,No
CONT03745,Dry,20FT,Electronics,Import,6.25,Yes
CONT03746,Reefer,45FT,Textiles,Export,21.93,No
CONT03747,Open Top,40FT,Electronics,Import,10.25,No
CONT03748,Tank,20FT,Textiles,Export,25.91,No
CONT03749,Dry,45FT,Electronics,Import,11.74,No
CONT03750,Reefer,40FT,Textiles,Export,9.01,Yes
CONT03751,Open Top,20FT,Electronics,Import,6.12,No
CONT03752,Tank,45FT,Textiles,Export,16.79,No
CONT03753,Dry,40FT,Electronics,Import,15.27,No
CONT03754,Reefer,20FT,Textiles,Export,22.78,No
CONT03755,Open Top,45FT,Electronics,Import,15.62,Yes
CONT03756,Tank,40FT,Textiles,Export,12.6,No
CONT03757,Dry,20FT,Electronics,Import,10.54,No
CONT03758,Reefer,45FT,Textiles,Export,10.95,No
CONT03759,Open Top,40FT,Electronics,Import,27.2,No
CONT03760,Tank,20FT,Textiles,Export,8.13,Yes
CONT03761,Dry,45FT,Electronics,Import,28.7,No
CONT03762,Reefer,40FT,Textiles,Export,12.17,No
CONT03763,Open Top,20FT,Electronics,Import,6.21,No
CONT03764,Tank,45FT,Textiles,Export,10.22,No
CONT03765,Dry,40FT,Electronics,Import,5.46,Yes
CONT03766,Reefer,20FT,Textiles,Export,23.75,No
CONT03767,Open Top,45FT,Electronics,Import,16.81,No
CONT03768,Tank,40FT,Textiles,Export,12.42,No
CONT03769,Dry,20FT,Electronics,Import,20.55,No
CONT03770,Reefer,45FT,Textiles,Export,19.77,Yes
CONT03771,Open Top,40FT,Electronics,Import,27.5,No
CONT03772,Tank,20FT,Textiles,Export,28.03,No
CONT03773,Dry,45FT,Electronics,Import,21.02,No
CONT03774,Reefer,40FT,Textiles,Export,24.45,No
CONT03775,Open Top,20FT,Electronics,Import,23.81,Yes
CONT03776,Tank,45FT,Textiles,Export,16.28,No
CONT03777,Dry,40FT,Electronics,Import,21.61,No
CONT03778,Reefer,20FT,Textiles,Export,5.96,No
CONT03779,Open Top,45FT,Electronics,Import,22.95,No
CONT03780,Tank,40FT,Textiles,Export,28.05,Yes
CONT03781,Dry,20FT,Electronics,Import,6.12,No
CONT03782,Reefer,45FT,Textiles,Export,24.9,No
CONT03783,Open Top,40FT,Electronics,Import,27.32,No
CONT03784,Tank,20FT,Textiles,Export,9.65,No
CONT03785,Dry,45FT,Electronics,Import,17.12,Yes
CONT03786,Reefer,40FT,Textiles,Export,27.2,No
CONT03787,Open Top,20FT,Electronics,Import,28.01,No
CONT03788,Tank,45FT,Textiles,Export,7.2,No
CONT03789,Dry,40FT,Electronics,Import,12.73,No
CONT03790,Reefer,20FT,Textiles,Export,21.45,Yes
CONT03791,Open Top,45FT,Electronics,Import,9.54,No
CONT03792,Tank,40FT,Textiles,Export,12.12,No
CONT03793,Dry,20FT,Electronics,Import,4.58,No
CONT03794,Reefer,45FT,Textiles,Export,7.84,No
CONT03795,Open Top,40FT,Electronics,Import,18.06,Yes
CONT03796,Tank,20FT,Textiles,Export,20.33,No
CONT03797,Dry,45FT,Electronics,Import,20.22,No
CONT03798,Reefer,40FT,Textiles,Export,23.46,No
CONT03799,Open Top,20FT,Electronics,Import,14.38,No
CONT03800,Tank,45FT,Textiles,Export,10.84,Yes
CONT03801,Dry,40FT,Electronics,Import,4.39,No
CONT03802,Reefer,20FT,Textiles,Export,9.17,No
CONT03803,Open Top,45FT,Electronics,Import,11.81,No
CONT03804,Tank,40FT,Textiles,Export,8.46,No
CONT03805,Dry,20FT,Electronics,Import,4.5,Yes
CONT03806,Reefer,45FT,Textiles,Export,7.94,No
CONT03807,Open Top,40FT,Electronics,Import,20.65,No
CONT03808,Tank,20FT,Textiles,Export,19.74,No
CONT03809,Dry,45FT,Electronics,Import,27.39,No
CONT03810,Reefer,40FT,Textiles,Export,23.95,Yes
CONT03811,Open Top,20FT,Electronics,Import,18.19,No
CONT03812,Tank,45FT,Textiles,Export,7.44,No
CONT03813,Dry,40FT,Electronics,Import,18.1,No
CONT03814,Reefer,20FT,Textiles,Export,5.54,No
CONT03815,Open Top,45FT,Electronics,Import,14.77,Yes
CONT03816,Tank,40FT,Textiles,Export,13.76,No
CONT03817,Dry,20FT,Electronics,Import,14.7,No
CONT03818,Reefer,45FT,Textiles,Export,11.0,No
CONT03819,Open Top,40FT,Electronics,Import,21.15,No
CONT03820,Tank,20FT,Textiles,Export,25.02,Yes
CONT03821,Dry,45FT,Electronics,Import,23.21,No
CONT03822,Reefer,40FT,Textiles,Export,19.69,No
CONT03823,Open Top,20FT,Electronics,Import,17.46,No
CONT03824,Tank,45FT,Textiles,Export,4.78,No
CONT03825,Dry,40FT,Electronics,Import,22.07,Yes
CONT03826,Reefer,20FT,Textiles,Export,17.62,No
CONT03827,Open Top,45FT,Electronics,Import,10.77,No
CONT03828,Tank,40FT,Textiles,Export,12.2,No
CONT03829,Dry,20FT,Electronics,Import,27.39,No
CONT03830,Reefer,45FT,Textiles,Export,19.61,Yes
CONT03831,Open Top,40FT,Electronics,Import,15.9,No
CONT03832,Tank,20FT,Textiles,Export,19.52,No
CONT03833,Dry,45FT,Electronics,Import,14.34,No
CONT03834,Reefer,40FT,Textiles,Export,15.75,No
CONT03835,Open Top,20FT,Electronics,Import,11.26,Yes
CONT03836,Tank,45FT,Textiles,Export,15.0,No
CONT03837,Dry,40FT,Electronics,Import,21.14,No
CONT03838,Reefer,20FT,Textiles,Export,5.0,No
CONT03839,Open Top,45FT,Electronics,Import,23.88,No
CONT03840,Tank,40FT,Textiles,Export,11.07,Yes
CONT03841,Dry,20FT,Electronics,Import,21.06,No
CONT03842,Reefer,45FT,Textiles,Export,20.07,No
CONT03843,Open Top,40FT,Electronics,Import,20.32,No
CONT03844,Tank,20FT,Textiles,Export,19.2,No
CONT03845,Dry,45FT,Electronics,Import,27.98,Yes
CONT03846,Reefer,40FT,Textiles,Export,16.71,No
CONT03847,Open Top,20FT,Electronics,Import,22.31,No
CONT03848,Tank,45FT,Textiles,Export,21.64,No
CONT03849,Dry,40FT,Electronics,Import,9.91,No
CONT03850,Reefer,20FT,Textiles,Export,11.08,Yes
CONT03851,Open Top,45FT,Electronics,Import,14.6,No
CONT03852,Tank,40FT,Textiles,Export,10.94,No
CONT03853,Dry,20FT,Electronics,Import,13.17,No
CONT03854,Reefer,45FT,Textiles,Export,13.77,No
CONT03855,Open Top,40FT,Electronics,Import,19.1,Yes
CONT03856,Tank,20FT,Textiles,Export,9.5,No
CONT03857,Dry,45FT,Electronics,Import,24.11,No
CONT03858,Reefer,40FT,Textiles,Export,14.94,No
CONT03859,Open Top,20FT,Electronics,Import,21.66,No
CONT03860,Tank,45FT,Textiles,Export,6.04,Yes
CONT03861,Dry,40FT,Electronics,Import,15.75,No
CONT03862,Reefer,20FT,Textiles,Export,4.71,No
CONT03863,Open Top,45FT,Electronics,Import,20.9,No
CONT03864,Tank,40FT,Textiles,Export,12.59,No
CONT03865,Dry,20FT,Electronics,Import,27.73,Yes
CONT03866,Reefer,45FT,Textiles,Export,12.1,No
CONT03867,Open Top,40FT,Electronics,Import,18.1,No
CONT03868,Tank,20FT,Textiles,Export,10.43,No
CONT03869,Dry,45FT,Electronics,Import,19.5,No
CONT03870,Reefer,40FT,Textiles,Export,15.68,Yes
CONT03871,Open Top,20FT,Electronics,Import,13.27,No
CONT03872,Tank,45FT,Textiles,Export,9.09,No
CONT03873,Dry,40FT,Electronics,Import,6.79,No
CONT03874,Reefer,20FT,Textiles,Export,7.0,No
CONT03875,Open Top,45FT,Electronics,Import,28.98,Yes
CONT03876,Tank,40FT,Textiles,Export,14.31,No
CONT03877,Dry,20FT,Electronics,Import,4.05,No
CONT03878,Reefer,45FT,Textiles,Export,27.82,No
CONT03879,Open Top,40FT,Electronics,Import,4.5,No
CONT03880,Tank,20FT,Textiles,Export,14.46,Yes
CONT03881,Dry,45FT,Electronics,Import,21.94,No
CONT03882,Reefer,40FT,Textiles,Export,26.86,No
CONT03883,Open Top,20FT,Electronics,Import,21.82,No
CONT03884,Tank,45FT,Textiles,Export,15.59,No
CONT03885,Dry,40FT,Electronics,Import,28.36,Yes
CONT03886,Reefer,20FT,Textiles,Export,4.98,No
CONT03887,Open Top,45FT,Electronics,Import,28.67,No
CONT03888,Tank,40FT,Textiles,Export,25.23,No
CONT03889,Dry,20FT,Electronics,Import,27.22,No
CONT03890,Reefer,45FT,Textiles,Export,10.37,Yes
CONT03891,Open Top,40FT,Electronics,Import,7.56,No
CONT03892,Tank,20FT,Textiles,Export,20.58,No
CONT03893,Dry,45FT,Electronics,Import,16.9,No
CONT03894,Reefer,40FT,Textiles,Export,17.08,No
CONT03895,Open Top,20FT,Electronics,Import,27.12,Yes
CONT03896,Tank,45FT,Textiles,Export,19.5,No
CONT03897,Dry,40FT,Electronics,Import,11.78,No
CONT03898,Reefer,20FT,Textiles,Export,14.0,No
CONT03899,Open Top,45FT,Electronics,Import,7.34,No
CONT03900,Tank,40FT,Textiles,Export,8.81,Yes
CONT03901,Dry,20FT,Electronics,Import,7.58,No
CONT03902,Reefer,45FT,Textiles,Export,24.26,No
CONT03903,Open Top,40FT,Electronics,Import,21.62,No
CONT03904,Tank,20FT,Textiles,Export,17.26,No
CONT03905,Dry,45FT,Electronics,Import,13.36,Yes
CONT03906,Reefer,40FT,Textiles,Export,20.71,No
CONT03907,Open Top,20FT,Electronics,Import,24.32,No
CONT03908,Tank,45FT,Textiles,Export,26.03,No
CONT03909,Dry,40FT,Electronics,Import,17.68,No
CONT03910,Reefer,20FT,Textiles,Export,24.5,Yes
CONT03911,Open Top,45FT,Electronics,Import,16.78,No
CONT03912,Tank,40FT,Textiles,Export,15.86,No
CONT03913,Dry,20FT,Electronics,Import,25.64,No
CONT03914,Reefer,45FT,Textiles,Export,13.66,No
CONT03915,Open Top,40FT,Electronics,Import,13.9,Yes
CONT03916,Tank,20FT,Textiles,Export,11.62,No
CONT03917,Dry,45FT,Electronics,Import,16.97,No
CONT03918,Reefer,40FT,Textiles,Export,17.62,No
CONT03919,Open Top,20FT,Electronics,Import,20.51,No
CONT03920,Tank,45FT,Textiles,Export,14.76,Yes
CONT03921,Dry,40FT,Electronics,Import,9.45,No
CONT03922,Reefer,20FT,Textiles,Export,25.67,No
CONT03923,Open Top,45FT,Electronics,Import,12.65,No
CONT03924,Tank,40FT,Textiles,Export,27.07,No
CONT03925,Dry,20FT,Electronics,Import,9.18,Yes
CONT03926,Reefer,45FT,Textiles,Export,18.0,No
CONT03927,Open Top,40FT,Electronics,Import,17.42,No
CONT03928,Tank,20FT,Textiles,Export,24.72,No
CONT03929,Dry,45FT,Electronics,Import,7.47,No
CONT03930,Reefer,40FT,Textiles,Export,26.75,Yes
CONT03931,Open Top,20FT,Electronics,Import,17.29,No
CONT03932,Tank,45FT,Textiles,Export,18.65,No
CONT03933,Dry,40FT,Electronics,Import,16.75,No
CONT03934,Reefer,20FT,Textiles,Export,4.9,No
CONT03935,Open Top,45FT,Electronics,Import,16.43,Yes
CONT03936,Tank,40FT,Textiles,Export,10.59,No
CONT03937,Dry,20FT,Electronics,Import,12.57,No
CONT03938,Reefer,45FT,Textiles,Export,20.23,No
CONT03939,Open Top,40FT,Electronics,Import,16.44,No
CONT03940,Tank,20FT,Textiles,Export,6.33,Yes
CONT03941,Dry,45FT,Electronics,Import,5.83,No
CONT03942,Reefer,40FT,Textiles,Export,8.64,No
CONT03943,Open Top,20FT,Electronics,Import,8.77,No
CONT03944,Tank,45FT,Textiles,Export,19.21,No
CONT03945,Dry,40FT,Electronics,Import,8.45,Yes
CONT03946,Reefer,20FT,Textiles,Export,26.04,No
CONT03947,Open Top,45FT,Electronics,Import,9.24,No
CONT03948,Tank,40FT,Textiles,Export,6.28,No
CONT03949,Dry,20FT,Electronics,Import,25.89,No
CONT03950,Reefer,45FT,Textiles,Export,11.38,Yes
CONT03951,Open Top,40FT,Electronics,Import,14.64,No
CONT03952,Tank,20FT,Textiles,Export,27.98,No
CONT03953,Dry,45FT,Electronics,Import,27.61,No
CONT03954,Reefer,40FT,Textiles,Export,21.87,No
CONT03955,Open Top,20FT,Electronics,Import,5.72,Yes
CONT03956,Tank,45FT,Textiles,Export,18.83,No
CONT03957,Dry,40FT,Electronics,Import,28.73,No
CONT03958,Reefer,20FT,Textiles,Export,27.67,No
CONT03959,Open Top,45FT,Electronics,Import,6.65,No
CONT03960,Tank,40FT,Textiles,Export,13.9,Yes
CONT03961,Dry,20FT,Electronics,Import,11.89,No
CONT03962,Reefer,45FT,Textiles,Export,7.24,No
CONT03963,Open Top,40FT,Electronics,Import,21.37,No
CONT03964,Tank,20FT,Textiles,Export,10.85,No
CONT03965,Dry,45FT,Electronics,Import,12.62,Yes
CONT03966,Reefer,40FT,Textiles,Export,6.26,No
CONT03967,Open Top,20FT,Electronics,Import,16.45,No
CONT03968,Tank,45FT,Textiles,Export,7.95,No
CONT03969,Dry,40FT,Electronics,Import,14.8,No
CONT03970,Reefer,20FT,Textiles,Export,7.58,Yes
CONT03971,Open Top,45FT,Electronics,Import,27.85,No
CONT03972,Tank,40FT,Textiles,Export,7.62,No
CONT03973,Dry,20FT,Electronics,Import,17.05,No
CONT03974,Reefer,45FT,Textiles,Export,8.92,No
CONT03975,Open Top,40FT,Electronics,Import,5.91,Yes
CONT03976,Tank,20FT,Textiles,Export,9.06,No
CONT03977,Dry,45FT,Electronics,Import,5.37,No
CONT03978,Reefer,40FT,Textiles,Export,7.48,No
CONT03979,Open Top,20FT,Electronics,Import,16.34,No
CONT03980,Tank,45FT,Textiles,Export,20.3,Yes
CONT03981,Dry,40FT,Electronics,Import,6.18,No
CONT03982,Reefer,20FT,Textiles,Export,15.03,No
CONT03983,Open Top,45FT,Electronics,Import,18.53,No
CONT03984,Tank,40FT,Textiles,Export,9.86,No
CONT03985,Dry,20FT,Electronics,Import,13.3,Yes
CONT03986,Reefer,45FT,Textiles,Export,5.8,No
CONT03987,Open Top,40FT,Electronics,Import,9.5,No
CONT03988,Tank,20FT,Textiles,Export,15.67,No
CONT03989,Dry,45FT,Electronics,Import,28.76,No
CONT03990,Reefer,40FT,Textiles,Export,28.91,Yes
CONT03991,Open Top,20FT,Electronics,Import,28.49,No
CONT03992,Tank,45FT,Textiles,Export,14.58,No
CONT03993,Dry,40FT,Electronics,Import,6.02,No
CONT03994,Reefer,20FT,Textiles,Export,12.09,No
CONT03995,Open Top,45FT,Electronics,Import,9.94,Yes
CONT03996,Tank,40FT,Textiles,Export,4.35,No
CONT03997,Dry,20FT,Electronics,Import,6.38,No
CONT03998,Reefer,45FT,Textiles,Export,15.33,No
CONT03999,Open Top,40FT,Electronics,Import,12.49,No
CONT04000,Tank,20FT,Textiles,Export,8.51,Yes
CONT04001,Dry,45FT,Electronics,Import,21.9,No
CONT04002,Reefer,40FT,Textiles,Export,12.93,No
CONT04003,Open Top,20FT,Electronics,Import,25.3,No
CONT04004,Tank,45FT,Textiles,Export,10.02,No
CONT04005,Dry,40FT,Electronics,Import,17.46,Yes
CONT04006,Reefer,20FT,Textiles,Export,8.6,No
CONT04007,Open Top,45FT,Electronics,Import,16.38,No
CONT04008,Tank,40FT,Textiles,Export,7.81,No
CONT04009,Dry,20FT,Electronics,Import,8.04,No
CONT04010,Reefer,45FT,Textiles,Export,19.31,Yes
CONT04011,Open Top,40FT,Electronics,Import,10.59,No
CONT04012,Tank,20FT,Textiles,Export,8.31,No
CONT04013,Dry,45FT,Electronics,Import,27.24,No
CONT04014,Reefer,40FT,Textiles,Export,5.08,No
CONT04015,Open Top,20FT,Electronics,Import,18.13,Yes
CONT04016,Tank,45FT,Textiles,Export,17.71,No
CONT04017,Dry,40FT,Electronics,Import,10.27,No
CONT04018,Reefer,20FT,Textiles,Export,15.32,No
CONT04019,Open Top,45FT,Electronics,Import,6.19,No
CONT04020,Tank,40FT,Textiles,Export,22.03,Yes
CONT04021,Dry,20FT,Electronics,Import,9.54,No
CONT04022,Reefer,45FT,Textiles,Export,8.83,No
CONT04023,Open Top,40FT,Electronics,Import,11.87,No
CONT04024,Tank,20FT,Textiles,Export,26.56,No
CONT04025,Dry,45FT,Electronics,Import,23.91,Yes
CONT04026,Reefer,40FT,Textiles,Export,27.67,No
CONT04027,Open Top,20FT,Electronics,Import,20.3,No
CONT04028,Tank,45FT,Textiles,Export,20.57,No
CONT04029,Dry,40FT,Electronics,Import,16.0,No
CONT04030,Reefer,20FT,Textiles,Export,26.63,Yes
CONT04031,Open Top,45FT,Electronics,Import,16.77,No
CONT04032,Tank,40FT,Textiles,Export,12.88,No
CONT04033,Dry,20FT,Electronics,Import,20.01,No
CONT04034,Reefer,45FT,Textiles,Export,17.65,No
CONT04035,Open Top,40FT,Electronics,Import,7.1,Yes
CONT04036,Tank,20FT,Textiles,Export,13.82,No
CONT04037,Dry,45FT,Electronics,Import,11.83,No
CONT04038,Reefer,40FT,Textiles,Export,25.17,No
CONT04039,Open Top,20FT,Electronics,Import,13.47,No
CONT04040,Tank,45FT,Textiles,Export,24.54,Yes
CONT04041,Dry,40FT,Electronics,Import,15.06,No
CONT04042,Reefer,20FT,Textiles,Export,22.84,No
CONT04043,Open Top,45FT,Electronics,Import,7.38,No
CONT04044,Tank,40FT,Textiles,Export,27.12,No
CONT04045,Dry,20FT,Electronics,Import,16.01,Yes
CONT04046,Reefer,45FT,Textiles,Export,10.49,No
CONT04047,Open Top,40FT,Electronics,Import,10.04,No
CONT04048,Tank,20FT,Textiles,Export,10.63,No
CONT04049,Dry,45FT,Electronics,Import,13.17,No
CONT04050,Reefer,40FT,Textiles,Export,21.94,Yes
CONT04051,Open Top,20FT,Electronics,Import,27.74,No
CONT04052,Tank,45FT,Textiles,Export,20.73,No
CONT04053,Dry,40FT,Electronics,Import,17.68,No
CONT04054,Reefer,20FT,Textiles,Export,15.21,No
CONT04055,Open Top,45FT,Electronics,Import,24.7,Yes
CONT04056,Tank,40FT,Textiles,Export,25.24,No
CONT04057,Dry,20FT,Electronics,Import,11.33,No
CONT04058,Reefer,45FT,Textiles,Export,27.84,No
CONT04059,Open Top,40FT,Electronics,Import,13.88,No
CONT04060,Tank,20FT,Textiles,Export,24.0,Yes
CONT04061,Dry,45FT,Electronics,Import,28.17,No
CONT04062,Reefer,40FT,Textiles,Export,21.59,No
CONT04063,Open Top,20FT,Electronics,Import,8.04,No
CONT04064,Tank,45FT,Textiles,Export,18.65,No
CONT04065,Dry,40FT,Electronics,Import,6.97,Yes
CONT04066,Reefer,20FT,Textiles,Export,23.73,No
CONT04067,Open Top,45FT,Electronics,Import,11.03,No
CONT04068,Tank,40FT,Textiles,Export,21.38,No
CONT04069,Dry,20FT,Electronics,Import,26.75,No
CONT04070,Reefer,45FT,Textiles,Export,8.53,Yes
CONT04071,Open Top,40FT,Electronics,Import,13.82,No
CONT04072,Tank,20FT,Textiles,Export,20.18,No
CONT04073,Dry,45FT,Electronics,Import,14.49,No
CONT04074,Reefer,40FT,Textiles,Export,8.37,No
CONT04075,Open Top,20FT,Electronics,Import,4.73,Yes
CONT04076,Tank,45FT,Textiles,Export,14.16,No
CONT04077,Dry,40FT,Electronics,Import,20.23,No
CONT04078,Reefer,20FT,Textiles,Export,18.35,No
CONT04079,Open Top,45FT,Electronics,Import,7.91,No
CONT04080,Tank,40FT,Textiles,Export,15.27,Yes
CONT04081,Dry,20FT,Electronics,Import,13.24,No
CONT04082,Reefer,45FT,Textiles,Export,10.86,No
CONT04083,Open Top,40FT,Electronics,Import,22.23,No
CONT04084,Tank,20FT,Textiles,Export,11.74,No
CONT04085,Dry,45FT,Electronics,Import,17.5,Yes
CONT04086,Reefer,40FT,Textiles,Export,27.08,No
CONT04087,Open Top,20FT,Electronics,Import,17.48,No
CONT04088,Tank,45FT,Textiles,Export,19.43,No
CONT04089,Dry,40FT,Electronics,Import,5.83,No
CONT04090,Reefer,20FT,Textiles,Export,8.45,Yes
CONT04091,Open Top,45FT,Electronics,Import,6.52,No
CONT04092,Tank,40FT,Textiles,Export,23.12,No
CONT04093,Dry,20FT,Electronics,Import,24.9,No
CONT04094,Reefer,45FT,Textiles,Export,8.66,No
CONT04095,Open Top,40FT,Electronics,Import,9.48,Yes
CONT04096,Tank,20FT,Textiles,Export,12.08,No
CONT04097,Dry,45FT,Electronics,Import,18.78,No
CONT04098,Reefer,40FT,Textiles,Export,19.54,No
CONT04099,Open Top,20FT,Electronics,Import,21.17,No
CONT04100,Tank,45FT,Textiles,Export,26.63,Yes
CONT04101,Dry,40FT,Electronics,Import,11.38,No
CONT04102,Reefer,20FT,Textiles,Export,20.47,No
CONT04103,Open Top,45FT,Electronics,Import,17.99,No
CONT04104,Tank,40FT,Textiles,Export,11.65,No
CONT04105,Dry,20FT,Electronics,Import,26.69,Yes
CONT04106,Reefer,45FT,Textiles,Export,6.39,No
CONT04107,Open Top,40FT,Electronics,Import,21.8,No
CONT04108,Tank,20FT,Textiles,Export,22.2,No
CONT04109,Dry,45FT,Electronics,Import,26.88,No
CONT04110,Reefer,40FT,Textiles,Export,16.96,Yes
CONT04111,Open Top,20FT,Electronics,Import,12.04,No
CONT04112,Tank,45FT,Textiles,Export,24.69,No
CONT04113,Dry,40FT,Electronics,Import,23.27,No
CONT04114,Reefer,20FT,Textiles,Export,16.51,No
CONT04115,Open Top,45FT,Electronics,Import,23.2,Yes
CONT04116,Tank,40FT,Textiles,Export,10.7,No
CONT04117,Dry,20FT,Electronics,Import,18.74,No
CONT04118,Reefer,45FT,Textiles,Export,25.63,No
CONT04119,Open Top,40FT,Electronics,Import,11.95,No
CONT04120,Tank,20FT,Textiles,Export,16.09,Yes
CONT04121,Dry,45FT,Electronics,Import,27.78,No
CONT04122,Reefer,40FT,Textiles,Export,23.96,No
CONT04123,Open Top,20FT,Electronics,Import,26.18,No
CONT04124,Tank,45FT,Textiles,Export,13.63,No
CONT04125,Dry,40FT,Electronics,Import,28.91,Yes
CONT04126,Reefer,20FT,Textiles,Export,7.81,No
CONT04127,Open Top,45FT,Electronics,Import,16.97,No
CONT04128,Tank,40FT,Textiles,Export,15.98,No
CONT04129,Dry,20FT,Electronics,Import,23.96,No
CONT04130,Reefer,45FT,Textiles,Export,26.72,Yes
CONT04131,Open Top,40FT,Electronics,Import,22.28,No
CONT04132,Tank,20FT,Textiles,Export,19.67,No
CONT04133,Dry,45FT,Electronics,Import,14.69,No
CONT04134,Reefer,40FT,Textiles,Export,16.76,No
CONT04135,Open Top,20FT,Electronics,Import,16.73,Yes
CONT04136,Tank,45FT,Textiles,Export,4.51,No
CONT04137,Dry,40FT,Electronics,Import,16.58,No
CONT04138,Reefer,20FT,Textiles,Export,25.4,No
CONT04139,Open Top,45FT,Electronics,Import,21.73,No
CONT04140,Tank,40FT,Textiles,Export,23.89,Yes
CONT04141,Dry,20FT,Electronics,Import,13.76,No
CONT04142,Reefer,45FT,Textiles,Export,17.22,No
CONT04143,Open Top,40FT,Electronics,Import,4.84,No
CONT04144,Tank,20FT,Textiles,Export,13.57,No
CONT04145,Dry,45FT,Electronics,Import,15.86,Yes
CONT04146,Reefer,40FT,Textiles,Export,10.38,No
CONT04147,Open Top,20FT,Electronics,Import,4.78,No
CONT04148,Tank,45FT,Textiles,Export,21.26,No
CONT04149,Dry,40FT,Electronics,Import,14.88,No
CONT04150,Reefer,20FT,Textiles,Export,14.39,Yes
CONT04151,Open Top,45FT,Electronics,Import,10.25,No
CONT04152,Tank,40FT,Textiles,Export,17.45,No
CONT04153,Dry,20FT,Electronics,Import,14.95,No
CONT04154,Reefer,45FT,Textiles,Export,15.85,No
CONT04155,Open Top,40FT,Electronics,Import,18.52,Yes
CONT04156,Tank,20FT,Textiles,Export,4.16,No
CONT04157,Dry,45FT,Electronics,Import,26.69,No
CONT04158,Reefer,40FT,Textiles,Export,5.78,No
CONT04159,Open Top,20FT,Electronics,Import,15.27,No
CONT04160,Tank,45FT,Textiles,Export,9.18,Yes
CONT04161,Dry,40FT,Electronics,Import,17.09,No
CONT04162,Reefer,20FT,Textiles,Export,11.01,No
CONT04163,Open Top,45FT,Electronics,Import,25.5,No
CONT04164,Tank,40FT,Textiles,Export,13.91,No
CONT04165,Dry,20FT,Electronics,Import,19.97,Yes
CONT04166,Reefer,45FT,Textiles,Export,10.22,No
CONT04167,Open Top,40FT,Electronics,Import,4.49,No
CONT04168,Tank,20FT,Textiles,Export,14.1,No
CONT04169,Dry,45FT,Electronics,Import,17.41,No
CONT04170,Reefer,40FT,Textiles,Export,15.49,Yes
CONT04171,Open Top,20FT,Electronics,Import,28.05,No
CONT04172,Tank,45FT,Textiles,Export,21.67,No
CONT04173,Dry,40FT,Electronics,Import,28.89,No
CONT04174,Reefer,20FT,Textiles,Export,11.38,No
CONT04175,Open Top,45FT,Electronics,Import,23.73,Yes
CONT04176,Tank,40FT,Textiles,Export,17.89,No
CONT04177,Dry,20FT,Electronics,Import,19.29,No
CONT04178,Reefer,45FT,Textiles,Export,28.65,No
CONT04179,Open Top,40FT,Electronics,Import,20.35,No
CONT04180,Tank,20FT,Textiles,Export,26.47,Yes
CONT04181,Dry,45FT,Electronics,Import,22.14,No
CONT04182,Reefer,40FT,Textiles,Export,7.18,No
CONT04183,Open Top,20FT,Electronics,Import,21.49,No
CONT04184,Tank,45FT,Textiles,Export,16.11,No
CONT04185,Dry,40FT,Electronics,Import,26.97,Yes
CONT04186,Reefer,20FT,Textiles,Export,24.17,No
CONT04187,Open Top,45FT,Electronics,Import,6.6,No
CONT04188,Tank,40FT,Textiles,Export,7.35,No
CONT04189,Dry,20FT,Electronics,Import,5.74,No
CONT04190,Reefer,45FT,Textiles,Export,16.33,Yes
CONT04191,Open Top,40FT,Electronics,Import,6.02,No
CONT04192,Tank,20FT,Textiles,Export,22.09,No
CONT04193,Dry,45FT,Electronics,Import,17.81,No
CONT04194,Reefer,40FT,Textiles,Export,24.9,No
CONT04195,Open Top,20FT,Electronics,Import,10.99,Yes
CONT04196,Tank,45FT,Textiles,Export,16.98,No
CONT04197,Dry,40FT,Electronics,Import,6.94,No
CONT04198,Reefer,20FT,Textiles,Export,26.12,No
CONT04199,Open Top,45FT,Electronics,Import,8.38,No
CONT04200,Tank,40FT,Textiles,Export,6.56,Yes
CONT04201,Dry,20FT,Electronics,Import,9.13,No
CONT04202,Reefer,45FT,Textiles,Export,24.16,No
CONT04203,Open Top,40FT,Electronics,Import,6.65,No
CONT04204,Tank,20FT,Textiles,Export,19.36,No
CONT04205,Dry,45FT,Electronics,Import,22.65,Yes
CONT04206,Reefer,40FT,Textiles,Export,22.78,No
CONT04207,Open Top,20FT,Electronics,Import,8.75,No
CONT04208,Tank,45FT,Textiles,Export,5.54,No
CONT04209,Dry,40FT,Electronics,Import,15.22,No
CONT04210,Reefer,20FT,Textiles,Export,9.06,Yes
CONT04211,Open Top,45FT,Electronics,Import,21.48,No
CONT04212,Tank,40FT,Textiles,Export,12.92,No
CONT04213,Dry,20FT,Electronics,Import,15.23,No
CONT04214,Reefer,45FT,Textiles,Export,6.84,No
CONT04215,Open Top,40FT,Electronics,Import,18.19,Yes
CONT04216,Tank,20FT,Textiles,Export,8.64,No
CONT04217,Dry,45FT,Electronics,Import,20.97,No
CONT04218,Reefer,40FT,Textiles,Export,5.78,No
CONT04219,Open Top,20FT,Electronics,Import,28.4,No
CONT04220,Tank,45FT,Textiles,Export,21.11,Yes
CONT04221,Dry,40FT,Electronics,Import,8.54,No
CONT04222,Reefer,20FT,Textiles,Export,4.35,No
CONT04223,Open Top,45FT,Electronics,Import,12.36,No
CONT04224,Tank,40FT,Textiles,Export,7.82,No
CONT04225,Dry,20FT,Electronics,Import,9.46,Yes
CONT04226,Reefer,45FT,Textiles,Export,25.82,No
CONT04227,Open Top,40FT,Electronics,Import,19.08,No
CONT04228,Tank,20FT,Textiles,Export,8.41,No
CONT04229,Dry,45FT,Electronics,Import,17.92,No
CONT04230,Reefer,40FT,Textiles,Export,10.39,Yes
CONT04231,Open Top,20FT,Electronics,Import,28.41,No
CONT04232,Tank,45FT,Textiles,Export,4.82,No
CONT04233,Dry,40FT,Electronics,Import,22.31,No
CONT04234,Reefer,20FT,Textiles,Export,23.32,No
CONT04235,Open Top,45FT,Electronics,Import,5.68,Yes
CONT04236,Tank,40FT,Textiles,Export,8.3,No
CONT04237,Dry,20FT,Electronics,Import,13.61,No
CONT04238,Reefer,45FT,Textiles,Export,25.7,No
CONT04239,Open Top,40FT,Electronics,Import,17.42,No
CONT04240,Tank,20FT,Textiles,Export,20.38,Yes
CONT04241,Dry,45FT,Electronics,Import,23.58,No
CONT04242,Reefer,40FT,Textiles,Export,24.7,No
CONT04243,Open Top,20FT,Electronics,Import,15.91,No
CONT04244,Tank,45FT,Textiles,Export,16.72,No
CONT04245,Dry,40FT,Electronics,Import,21.95,Yes
CONT04246,Reefer,20FT,Textiles,Export,10.58,No
CONT04247,Open Top,45FT,Electronics,Import,25.36,No
CONT04248,Tank,40FT,Textiles,Export,4.52,No
CONT04249,Dry,20FT,Electronics,Import,8.89,No
CONT04250,Reefer,45FT,Textiles,Export,24.0,Yes
CONT04251,Open Top,40FT,Electronics,Import,12.51,No
CONT04252,Tank,20FT,Textiles,Export,7.75,No
CONT04253,Dry,45FT,Electronics,Import,8.67,No
CONT04254,Reefer,40FT,Textiles,Export,17.27,No
CONT04255,Open Top,20FT,Electronics,Import,25.15,Yes
CONT04256,Tank,45FT,Textiles,Export,5.77,No
CONT04257,Dry,40FT,Electronics,Import,4.76,No
CONT04258,Reefer,20FT,Textiles,Export,15.63,No
CONT04259,Open Top,45FT,Electronics,Import,27.9,No
CONT04260,Tank,40FT,Textiles,Export,10.98,Yes
CONT04261,Dry,20FT,Electronics,Import,27.98,No
CONT04262,Reefer,45FT,Textiles,Export,26.19,No
CONT04263,Open Top,40FT,Electronics,Import,11.08,No
CONT04264,Tank,20FT,Textiles,Export,24.42,No
CONT04265,Dry,45FT,Electronics,Import,21.15,Yes
CONT04266,Reefer,40FT,Textiles,Export,16.8,No
CONT04267,Open Top,20FT,Electronics,Import,14.57,No
CONT04268,Tank,45FT,Textiles,Export,24.39,No
CONT04269,Dry,40FT,Electronics,Import,23.83,No
CONT04270,Reefer,20FT,Textiles,Export,22.92,Yes
CONT04271,Open Top,45FT,Electronics,Import,28.96,No
CONT04272,Tank,40FT,Textiles,Export,15.96,No
CONT04273,Dry,20FT,Electronics,Import,24.17,No
CONT04274,Reefer,45FT,Textiles,Export,25.56,No
CONT04275,Open Top,40FT,Electronics,Import,9.29,Yes
CONT04276,Tank,20FT,Textiles,Export,5.05,No
CONT04277,Dry,45FT,Electronics,Import,14.12,No
CONT04278,Reefer,40FT,Textiles,Export,25.42,No
CONT04279,Open Top,20FT,Electronics,Import,11.23,No
CONT04280,Tank,45FT,Textiles,Export,21.5,Yes
CONT04281,Dry,40FT,Electronics,Import,4.18,No
CONT04282,Reefer,20FT,Textiles,Export,12.88,No
CONT04283,Open Top,45FT,Electronics,Import,19.39,No
CONT04284,Tank,40FT,Textiles,Export,7.24,No
CONT04285,Dry,20FT,Electronics,Import,26.42,Yes
CONT04286,Reefer,45FT,Textiles,Export,7.91,No
CONT04287,Open Top,40FT,Electronics,Import,26.74,No
CONT04288,Tank,20FT,Textiles,Export,9.41,No
CONT04289,Dry,45FT,Electronics,Import,28.86,No
CONT04290,Reefer,40FT,Textiles,Export,19.12,Yes
CONT04291,Open Top,20FT,Electronics,Import,6.11,No
CONT04292,Tank,45FT,Textiles,Export,5.63,No
CONT04293,Dry,40FT,Electronics,Import,5.87,No
CONT04294,Reefer,20FT,Textiles,Export,18.75,No
CONT04295,Open Top,45FT,Electronics,Import,24.24,Yes
CONT04296,Tank,40FT,Textiles,Export,14.07,No
CONT04297,Dry,20FT,Electronics,Import,15.12,No
CONT04298,Reefer,45FT,Textiles,Export,18.73,No
CONT04299,Open Top,40FT,Electronics,Import,17.33,No
CONT04300,Tank,20FT,Textiles,Export,21.2,Yes
CONT04301,Dry,45FT,Electronics,Import,15.79,No
CONT04302,Reefer,40FT,Textiles,Export,21.85,No
CONT04303,Open Top,20FT,Electronics,Import,28.93,No
CONT04304,Tank,45FT,Textiles,Export,12.76,No
CONT04305,Dry,40FT,Electronics,Import,4.31,Yes
CONT04306,Reefer,20FT,Textiles,Export,7.14,No
CONT04307,Open Top,45FT,Electronics,Import,17.84,No
CONT04308,Tank,40FT,Textiles,Export,12.61,No
CONT04309,Dry,20FT,Electronics,Import,27.5,No
CONT04310,Reefer,45FT,Textiles,Export,19.69,Yes
CONT04311,Open Top,40FT,Electronics,Import,17.01,No
CONT04312,Tank,20FT,Textiles,Export,23.95,No
CONT04313,Dry,45FT,Electronics,Import,10.46,No
CONT04314,Reefer,40FT,Textiles,Export,24.49,No
CONT04315,Open Top,20FT,Electronics,Import,4.08,Yes
CONT04316,Tank,45FT,Textiles,Export,19.49,No
CONT04317,Dry,40FT,Electronics,Import,27.37,No
CONT04318,Reefer,20FT,Textiles,Export,23.7,No
CONT04319,Open Top,45FT,Electronics,Import,25.34,No
CONT04320,Tank,40FT,Textiles,Export,13.92,Yes
CONT04321,Dry,20FT,Electronics,Import,24.61,No
CONT04322,Reefer,45FT,Textiles,Export,17.77,No
CONT04323,Open Top,40FT,Electronics,Import,19.46,No
CONT04324,Tank,20FT,Textiles,Export,5.47,No
CONT04325,Dry,45FT,Electronics,Import,9.04,Yes
CONT04326,Reefer,40FT,Textiles,Export,17.77,No
CONT04327,Open Top,20FT,Electronics,Import,5.47,No
CONT04328,Tank,45FT,Textiles,Export,22.54,No
CONT04329,Dry,40FT,Electronics,Import,25.0,No
CONT04330,Reefer,20FT,Textiles,Export,27.01,Yes
CONT04331,Open Top,45FT,Electronics,Import,6.54,No
CONT04332,Tank,40FT,Textiles,Export,27.49,No
CONT04333,Dry,20FT,Electronics,Import,5.69,No
CONT04334,Reefer,45FT,Textiles,Export,15.85,No
CONT04335,Open Top,40FT,Electronics,Import,25.01,Yes
CONT04336,Tank,20FT,Textiles,Export,5.76,No
CONT04337,Dry,45FT,Electronics,Import,4.46,No
CONT04338,Reefer,40FT,Textiles,Export,4.62,No
CONT04339,Open Top,20FT,Electronics,Import,16.78,No
CONT04340,Tank,45FT,Textiles,Export,24.29,Yes
CONT04341,Dry,40FT,Electronics,Import,7.19,No
CONT04342,Reefer,20FT,Textiles,Export,7.12,No
CONT04343,Open Top,45FT,Electronics,Import,18.21,No
CONT04344,Tank,40FT,Textiles,Export,9.86,No
CONT04345,Dry,20FT,Electronics,Import,22.26,Yes
CONT04346,Reefer,45FT,Textiles,Export,27.74,No
CONT04347,Open Top,40FT,Electronics,Import,23.15,No
CONT04348,Tank,20FT,Textiles,Export,25.93,No
CONT04349,Dry,45FT,Electronics,Import,16.99,No
CONT04350,Reefer,40FT,Textiles,Export,24.81,Yes
CONT04351,Open Top,20FT,Electronics,Import,8.57,No
CONT04352,Tank,45FT,Textiles,Export,5.71,No
CONT04353,Dry,40FT,Electronics,Import,20.4,No
CONT04354,Reefer,20FT,Textiles,Export,5.3,No
CONT04355,Open Top,45FT,Electronics,Import,26.31,Yes
CONT04356,Tank,40FT,Textiles,Export,21.29,No
CONT04357,Dry,20FT,Electronics,Import,27.81,No
CONT04358,Reefer,45FT,Textiles,Export,11.85,No
CONT04359,Open Top,40FT,Electronics,Import,16.15,No
CONT04360,Tank,20FT,Textiles,Export,22.54,Yes
CONT04361,Dry,45FT,Electronics,Import,10.07,No
CONT04362,Reefer,40FT,Textiles,Export,17.55,No
CONT04363,Open Top,20FT,Electronics,Import,20.49,No
CONT04364,Tank,45FT,Textiles,Export,28.47,No
CONT04365,Dry,40FT,Electronics,Import,22.62,Yes
CONT04366,Reefer,20FT,Textiles,Export,6.95,No
CONT04367,Open Top,45FT,Electronics,Import,15.88,No
CONT04368,Tank,40FT,Textiles,Export,18.72,No
CONT04369,Dry,20FT,Electronics,Import,7.67,No
CONT04370,Reefer,45FT,Textiles,Export,14.8,Yes
CONT04371,Open Top,40FT,Electronics,Import,11.1,No
CONT04372,Tank,20FT,Textiles,Export,6.97,No
CONT04373,Dry,45FT,Electronics,Import,16.8,No
CONT04374,Reefer,40FT,Textiles,Export,8.14,No
CONT04375,Open Top,20FT,Electronics,Import,18.76,Yes
CONT04376,Tank,45FT,Textiles,Export,8.24,No
CONT04377,Dry,40FT,Electronics,Import,22.09,No
CONT04378,Reefer,20FT,Textiles,Export,8.88,No
CONT04379,Open Top,45FT,Electronics,Import,26.41,No
CONT04380,Tank,40FT,Textiles,Export,4.66,Yes
CONT04381,Dry,20FT,Electronics,Import,17.05,No
CONT04382,Reefer,45FT,Textiles,Export,12.0,No
CONT04383,Open Top,40FT,Electronics,Import,9.63,No
CONT04384,Tank,20FT,Textiles,Export,15.79,No
CONT04385,Dry,45FT,Electronics,Import,25.05,Yes
CONT04386,Reefer,40FT,Textiles,Export,26.88,No
CONT04387,Open Top,20FT,Electronics,Import,11.58,No
CONT04388,Tank,45FT,Textiles,Export,7.86,No
CONT04389,Dry,40FT,Electronics,Import,22.0,No
CONT04390,Reefer,20FT,Textiles,Export,18.55,Yes
CONT04391,Open Top,45FT,Electronics,Import,9.03,No
CONT04392,Tank,40FT,Textiles,Export,23.01,No
CONT04393,Dry,20FT,Electronics,Import,16.97,No
CONT04394,Reefer,45FT,Textiles,Export,20.33,No
CONT04395,Open Top,40FT,Electronics,Import,12.98,Yes
CONT04396,Tank,20FT,Textiles,Export,14.98,No
CONT04397,Dry,45FT,Electronics,Import,8.51,No
CONT04398,Reefer,40FT,Textiles,Export,22.91,No
CONT04399,Open Top,20FT,Electronics,Import,7.93,No
CONT04400,Tank,45FT,Textiles,Export,23.46,Yes
CONT04401,Dry,40FT,Electronics,Import,23.95,No
CONT04402,Reefer,20FT,Textiles,Export,22.67,No
CONT04403,Open Top,45FT,Electronics,Import,4.49,No
CONT04404,Tank,40FT,Textiles,Export,10.83,No
CONT04405,Dry,20FT,Electronics,Import,15.71,Yes
CONT04406,Reefer,45FT,Textiles,Export,18.89,No
CONT04407,Open Top,40FT,Electronics,Import,26.98,No
CONT04408,Tank,20FT,Textiles,Export,13.39,No
CONT04409,Dry,45FT,Electronics,Import,25.88,No
CONT04410,Reefer,40FT,Textiles,Export,8.09,Yes
CONT04411,Open Top,20FT,Electronics,Import,13.28,No
CONT04412,Tank,45FT,Textiles,Export,5.31,No
CONT04413,Dry,40FT,Electronics,Import,22.56,No
CONT04414,Reefer,20FT,Textiles,Export,7.77,No
CONT04415,Open Top,45FT,Electronics,Import,10.43,Yes
CONT04416,Tank,40FT,Textiles,Export,23.38,No
CONT04417,Dry,20FT,Electronics,Import,17.37,No
CONT04418,Reefer,45FT,Textiles,Export,4.35,No
CONT04419,Open Top,40FT,Electronics,Import,4.06,No
CONT04420,Tank,20FT,Textiles,Export,16.77,Yes
CONT04421,Dry,45FT,Electronics,Import,11.62,No
CONT04422,Reefer,40FT,Textiles,Export,8.51,No
CONT04423,Open Top,20FT,Electronics,Import,19.34,No
CONT04424,Tank,45FT,Textiles,Export,9.71,No
CONT04425,Dry,40FT,Electronics,Import,18.81,Yes
CONT04426,Reefer,20FT,Textiles,Export,13.48,No
CONT04427,Open Top,45FT,Electronics,Import,8.67,No
CONT04428,Tank,40FT,Textiles,Export,7.45,No
CONT04429,Dry,20FT,Electronics,Import,9.92,No
CONT04430,Reefer,45FT,Textiles,Export,4.75,Yes
CONT04431,Open Top,40FT,Electronics,Import,11.7,No
CONT04432,Tank,20FT,Textiles,Export,26.55,No
CONT04433,Dry,45FT,Electronics,Import,24.78,No
CONT04434,Reefer,40FT,Textiles,Export,13.3,No
CONT04435,Open Top,20FT,Electronics,Import,18.4,Yes
CONT04436,Tank,45FT,Textiles,Export,18.18,No
CONT04437,Dry,40FT,Electronics,Import,24.72,No
CONT04438,Reefer,20FT,Textiles,Export,9.91,No
CONT04439,Open Top,45FT,Electronics,Import,11.41,No
CONT04440,Tank,40FT,Textiles,Export,11.54,Yes
CONT04441,Dry,20FT,Electronics,Import,5.02,No
CONT04442,Reefer,45FT,Textiles,Export,11.87,No
CONT04443,Open Top,40FT,Electronics,Import,25.95,No
CONT04444,Tank,20FT,Textiles,Export,26.8,No
CONT04445,Dry,45FT,Electronics,Import,6.74,Yes
CONT04446,Reefer,40FT,Textiles,Export,15.45,No
CONT04447,Open Top,20FT,Electronics,Import,13.53,No
CONT04448,Tank,45FT,Textiles,Export,16.23,No
CONT04449,Dry,40FT,Electronics,Import,17.87,No
CONT04450,Reefer,20FT,Textiles,Export,4.51,Yes
CONT04451,Open Top,45FT,Electronics,Import,25.06,No
CONT04452,Tank,40FT,Textiles,Export,28.34,No
CONT04453,Dry,20FT,Electronics,Import,20.34,No
CONT04454,Reefer,45FT,Textiles,Export,20.51,No
CONT04455,Open Top,40FT,Electronics,Import,17.2,Yes
CONT04456,Tank,20FT,Textiles,Export,12.36,No
CONT04457,Dry,45FT,Electronics,Import,7.72,No
CONT04458,Reefer,40FT,Textiles,Export,18.6,No
CONT04459,Open Top,20FT,Electronics,Import,5.12,No
CONT04460,Tank,45FT,Textiles,Export,24.61,Yes
CONT04461,Dry,40FT,Electronics,Import,14.52,No
CONT04462,Reefer,20FT,Textiles,Export,14.37,No
CONT04463,Open Top,45FT,Electronics,Import,12.18,No
CONT04464,Tank,40FT,Textiles,Export,28.23,No
CONT04465,Dry,20FT,Electronics,Import,8.37,Yes
CONT04466,Reefer,45FT,Textiles,Export,7.78,No
CONT04467,Open Top,40FT,Electronics,Import,8.14,No
CONT04468,Tank,20FT,Textiles,Export,20.46,No
CONT04469,Dry,45FT,Electronics,Import,28.8,No
CONT04470,Reefer,40FT,Textiles,Export,9.89,Yes
CONT04471,Open Top,20FT,Electronics,Import,26.64,No
CONT04472,Tank,45FT,Textiles,Export,10.97,No
CONT04473,Dry,40FT,Electronics,Import,20.2,No
CONT04474,Reefer,20FT,Textiles,Export,5.01,No
CONT04475,Open Top,45FT,Electronics,Import,16.39,Yes
CONT04476,Tank,40FT,Textiles,Export,20.36,No
CONT04477,Dry,20FT,Electronics,Import,17.41,No
CONT04478,Reefer,45FT,Textiles,Export,9.95,No
CONT04479,Open Top,40FT,Electronics,Import,24.71,No
CONT04480,Tank,20FT,Textiles,Export,28.25,Yes
CONT04481,Dry,45FT,Electronics,Import,15.48,No
CONT04482,Reefer,40FT,Textiles,Export,19.9,No
CONT04483,Open Top,20FT,Electronics,Import,23.76,No
CONT04484,Tank,45FT,Textiles,Export,10.04,No
CONT04485,Dry,40FT,Electronics,Import,25.61,Yes
CONT04486,Reefer,20FT,Textiles,Export,11.01,No
CONT04487,Open Top,45FT,Electronics,Import,23.4,No
CONT04488,Tank,40FT,Textiles,Export,6.8,No
CONT04489,Dry,20FT,Electronics,Import,11.21,No
CONT04490,Reefer,45FT,Textiles,Export,17.34,Yes
CONT04491,Open Top,40FT,Electronics,Import,17.12,No
CONT04492,Tank,20FT,Textiles,Export,25.26,No
CONT04493,Dry,45FT,Electronics,Import,28.9,No
CONT04494,Reefer,40FT,Textiles,Export,6.68,No
CONT04495,Open Top,20FT,Electronics,Import,10.78,Yes
CONT04496,Tank,45FT,Textiles,Export,12.94,No
CONT04497,Dry,40FT,Electronics,Import,15.97,No
CONT04498,Reefer,20FT,Textiles,Export,16.35,No
CONT04499,Open Top,45FT,Electronics,Import,25.4,No
CONT04500,Tank,40FT,Textiles,Export,23.26,Yes
CONT04501,Dry,20FT,Electronics,Import,4.47,No
CONT04502,Reefer,45FT,Textiles,Export,15.38,No
CONT04503,Open Top,40FT,Electronics,Import,19.45,No
CONT04504,Tank,20FT,Textiles,Export,15.51,No
CONT04505,Dry,45FT,Electronics,Import,7.27,Yes
CONT04506,Reefer,40FT,Textiles,Export,13.94,No
CONT04507,Open Top,20FT,Electronics,Import,14.29,No
CONT04508,Tank,45FT,Textiles,Export,8.69,No
CONT04509,Dry,40FT,Electronics,Import,22.91,No
CONT04510,Reefer,20FT,Textiles,Export,12.04,Yes
CONT04511,Open Top,45FT,Electronics,Import,18.72,No
CONT04512,Tank,40FT,Textiles,Export,16.89,No
CONT04513,Dry,20FT,Electronics,Import,25.94,No
CONT04514,Reefer,45FT,Textiles,Export,7.05,No
CONT04515,Open Top,40FT,Electronics,Import,6.86,Yes
CONT04516,Tank,20FT,Textiles,Export,11.51,No
CONT04517,Dry,45FT,Electronics,Import,14.78,No
CONT04518,Reefer,40FT,Textiles,Export,11.46,No
CONT04519,Open Top,20FT,Electronics,Import,23.08,No
CONT04520,Tank,45FT,Textiles,Export,10.13,Yes
CONT04521,Dry,40FT,Electronics,Import,6.12,No
CONT04522,Reefer,20FT,Textiles,Export,14.34,No
CONT04523,Open Top,45FT,Electronics,Import,23.33,No
CONT04524,Tank,40FT,Textiles,Export,25.26,No
CONT04525,Dry,20FT,Electronics,Import,22.33,Yes
CONT04526,Reefer,45FT,Textiles,Export,17.95,No
CONT04527,Open Top,40FT,Electronics,Import,22.1,No
CONT04528,Tank,20FT,Textiles,Export,21.03,No
CONT04529,Dry,45FT,Electronics,Import,9.86,No
CONT04530,Reefer,40FT,Textiles,Export,17.77,Yes
CONT04531,Open Top,20FT,Electronics,Import,23.27,No
CONT04532,Tank,45FT,Textiles,Export,11.93,No
CONT04533,Dry,40FT,Electronics,Import,20.35,No
CONT04534,Reefer,20FT,Textiles,Export,16.04,No
CONT04535,Open Top,45FT,Electronics,Import,16.58,Yes
CONT04536,Tank,40FT,Textiles,Export,6.25,No
CONT04537,Dry,20FT,Electronics,Import,20.66,No
CONT04538,Reefer,45FT,Textiles,Export,25.64,No
CONT04539,Open Top,40FT,Electronics,Import,7.54,No
CONT04540,Tank,20FT,Textiles,Export,13.15,Yes
CONT04541,Dry,45FT,Electronics,Import,5.22,No
CONT04542,Reefer,40FT,Textiles,Export,4.74,No
CONT04543,Open Top,20FT,Electronics,Import,28.74,No
CONT04544,Tank,45FT,Textiles,Export,16.34,No
CONT04545,Dry,40FT,Electronics,Import,12.89,Yes
CONT04546,Reefer,20FT,Textiles,Export,10.87,No
CONT04547,Open Top,45FT,Electronics,Import,28.5,No
CONT04548,Tank,40FT,Textiles,Export,10.31,No
CONT04549,Dry,20FT,Electronics,Import,22.14,No
CONT04550,Reefer,45FT,Textiles,Export,11.09,Yes
CONT04551,Open Top,40FT,Electronics,Import,5.76,No
CONT04552,Tank,20FT,Textiles,Export,21.08,No
CONT04553,Dry,45FT,Electronics,Import,4.04,No
CONT04554,Reefer,40FT,Textiles,Export,20.89,No
CONT04555,Open Top,20FT,Electronics,Import,10.26,Yes
CONT04556,Tank,45FT,Textiles,Export,22.65,No
CONT04557,Dry,40FT,Electronics,Import,23.24,No
CONT04558,Reefer,20FT,Textiles,Export,22.1,No
CONT04559,Open Top,45FT,Electronics,Import,4.61,No
CONT04560,Tank,40FT,Textiles,Export,21.59,Yes
CONT04561,Dry,20FT,Electronics,Import,28.75,No
CONT04562,Reefer,45FT,Textiles,Export,10.07,No
CONT04563,Open Top,40FT,Electronics,Import,10.86,No
CONT04564,Tank,20FT,Textiles,Export,24.34,No
CONT04565,Dry,45FT,Electronics,Import,8.01,Yes
CONT04566,Reefer,40FT,Textiles,Export,20.51,No
CONT04567,Open Top,20FT,Electronics,Import,22.88,No
CONT04568,Tank,45FT,Textiles,Export,4.93,No
CONT04569,Dry,40FT,Electronics,Import,17.84,No
CONT04570,Reefer,20FT,Textiles,Export,18.4,Yes
CONT04571,Open Top,45FT,Electronics,Import,11.59,No
CONT04572,Tank,40FT,Textiles,Export,25.91,No
CONT04573,Dry,20FT,Electronics,Import,8.07,No
CONT04574,Reefer,45FT,Textiles,Export,13.1,No
CONT04575,Open Top,40FT,Electronics,Import,25.22,Yes
CONT04576,Tank,20FT,Textiles,Export,8.77,No
CONT04577,Dry,45FT,Electronics,Import,24.53,No
CONT04578,Reefer,40FT,Textiles,Export,5.98,No
CONT04579,Open Top,20FT,Electronics,Import,16.23,No
CONT04580,Tank,45FT,Textiles,Export,5.88,Yes
CONT04581,Dry,40FT,Electronics,Import,20.95,No
CONT04582,Reefer,20FT,Textiles,Export,23.77,No
CONT04583,Open Top,45FT,Electronics,Import,25.25,No
CONT04584,Tank,40FT,Textiles,Export,28.53,No
CONT04585,Dry,20FT,Electronics,Import,20.8,Yes
CONT04586,Reefer,45FT,Textiles,Export,23.23,No
CONT04587,Open Top,40FT,Electronics,Import,16.64,No
CONT04588,Tank,20FT,Textiles,Export,26.82,No
CONT04589,Dry,45FT,Electronics,Import,20.09,No
CONT04590,Reefer,40FT,Textiles,Export,26.09,Yes
CONT04591,Open Top,20FT,Electronics,Import,9.89,No
CONT04592,Tank,45FT,Textiles,Export,16.42,No
CONT04593,Dry,40FT,Electronics,Import,22.25,No
CONT04594,Reefer,20FT,Textiles,Export,9.07,No
CONT04595,Open Top,45FT,Electronics,Import,9.28,Yes
CONT04596,Tank,40FT,Textiles,Export,28.45,No
CONT04597,Dry,20FT,Electronics,Import,14.87,No
CONT04598,Reefer,45FT,Textiles,Export,8.55,No
CONT04599,Open Top,40FT,Electronics,Import,12.29,No
CONT04600,Tank,20FT,Textiles,Export,13.93,Yes
CONT04601,Dry,45FT,Electronics,Import,19.58,No
CONT04602,Reefer,40FT,Textiles,Export,27.08,No
CONT04603,Open Top,20FT,Electronics,Import,28.66,No
CONT04604,Tank,45FT,Textiles,Export,20.29,No
CONT04605,Dry,40FT,Electronics,Import,21.5,Yes
CONT04606,Reefer,20FT,Textiles,Export,12.05,No
CONT04607,Open Top,45FT,Electronics,Import,25.43,No
CONT04608,Tank,40FT,Textiles,Export,9.44,No
CONT04609,Dry,20FT,Electronics,Import,6.66,No
CONT04610,Reefer,45FT,Textiles,Export,28.33,Yes
CONT04611,Open Top,40FT,Electronics,Import,25.6,No
CONT04612,Tank,20FT,Textiles,Export,11.59,No
CONT04613,Dry,45FT,Electronics,Import,20.88,No
CONT04614,Reefer,40FT,Textiles,Export,15.68,No
CONT04615,Open Top,20FT,Electronics,Import,12.08,Yes
CONT04616,Tank,45FT,Textiles,Export,11.17,No
CONT04617,Dry,40FT,Electronics,Import,7.4,No
CONT04618,Reefer,20FT,Textiles,Export,17.73,No
CONT04619,Open Top,45FT,Electronics,Import,15.16,No
CONT04620,Tank,40FT,Textiles,Export,16.8,Yes
CONT04621,Dry,20FT,Electronics,Import,9.38,No
CONT04622,Reefer,45FT,Textiles,Export,27.47,No
CONT04623,Open Top,40FT,Electronics,Import,19.96,No
CONT04624,Tank,20FT,Textiles,Export,26.49,No
CONT04625,Dry,45FT,Electronics,Import,6.73,Yes
CONT04626,Reefer,40FT,Textiles,Export,19.57,No
CONT04627,Open Top,20FT,Electronics,Import,25.24,No
CONT04628,Tank,45FT,Textiles,Export,12.27,No
CONT04629,Dry,40FT,Electronics,Import,8.88,No
CONT04630,Reefer,20FT,Textiles,Export,10.63,Yes
CONT04631,Open Top,45FT,Electronics,Import,10.82,No
CONT04632,Tank,40FT,Textiles,Export,15.18,No
CONT04633,Dry,20FT,Electronics,Import,12.15,No
CONT04634,Reefer,45FT,Textiles,Export,10.78,No
CONT04635,Open Top,40FT,Electronics,Import,20.21,Yes
CONT04636,Tank,20FT,Textiles,Export,5.33,No
CONT04637,Dry,45FT,Electronics,Import,12.51,No
CONT04638,Reefer,40FT,Textiles,Export,21.24,No
CONT04639,Open Top,20FT,Electronics,Import,8.4,No
CONT04640,Tank,45FT,Textiles,Export,9.52,Yes
CONT04641,Dry,40FT,Electronics,Import,9.02,No
CONT04642,Reefer,20FT,Textiles,Export,4.02,No
CONT04643,Open Top,45FT,Electronics,Import,15.84,No
CONT04644,Tank,40FT,Textiles,Export,4.97,No
CONT04645,Dry,20FT,Electronics,Import,10.82,Yes
CONT04646,Reefer,45FT,Textiles,Export,28.87,No
CONT04647,Open Top,40FT,Electronics,Import,26.96,No
CONT04648,Tank,20FT,Textiles,Export,9.38,No
CONT04649,Dry,45FT,Electronics,Import,11.75,No
CONT04650,Reefer,40FT,Textiles,Export,15.59,Yes
CONT04651,Open Top,20FT,Electronics,Import,25.11,No
CONT04652,Tank,45FT,Textiles,Export,24.07,No
CONT04653,Dry,40FT,Electronics,Import,7.16,No
CONT04654,Reefer,20FT,Textiles,Export,7.11,No
CONT04655,Open Top,45FT,Electronics,Import,14.42,Yes
CONT04656,Tank,40FT,Textiles,Export,25.75,No
CONT04657,Dry,20FT,Electronics,Import,26.05,No
CONT04658,Reefer,45FT,Textiles,Export,6.68,No
CONT04659,Open Top,40FT,Electronics,Import,18.36,No
CONT04660,Tank,20FT,Textiles,Export,7.89,Yes
CONT04661,Dry,45FT,Electronics,Import,21.15,No
CONT04662,Reefer,40FT,Textiles,Export,26.91,No
CONT04663,Open Top,20FT,Electronics,Import,15.37,No
CONT04664,Tank,45FT,Textiles,Export,6.08,No
CONT04665,Dry,40FT,Electronics,Import,18.48,Yes
CONT04666,Reefer,20FT,Textiles,Export,14.21,No
CONT04667,Open Top,45FT,Electronics,Import,24.27,No
CONT04668,Tank,40FT,Textiles,Export,12.51,No
CONT04669,Dry,20FT,Electronics,Import,25.87,No
CONT04670,Reefer,45FT,Textiles,Export,10.84,Yes
CONT04671,Open Top,40FT,Electronics,Import,7.94,No
CONT04672,Tank,20FT,Textiles,Export,11.66,No
CONT04673,Dry,45FT,Electronics,Import,4.87,No
CONT04674,Reefer,40FT,Textiles,Export,11.03,No
CONT04675,Open Top,20FT,Electronics,Import,20.5,Yes
CONT04676,Tank,45FT,Textiles,Export,7.56,No
CONT04677,Dry,40FT,Electronics,Import,6.78,No
CONT04678,Reefer,20FT,Textiles,Export,7.31,No
CONT04679,Open Top,45FT,Electronics,Import,5.94,No
CONT04680,Tank,40FT,Textiles,Export,25.87,Yes
CONT04681,Dry,20FT,Electronics,Import,27.6,No
CONT04682,Reefer,45FT,Textiles,Export,5.16,No
CONT04683,Open Top,40FT,Electronics,Import,23.0,No
CONT04684,Tank,20FT,Textiles,Export,22.43,No
CONT04685,Dry,45FT,Electronics,Import,28.92,Yes
CONT04686,Reefer,40FT,Textiles,Export,12.7,No
CONT04687,Open Top,20FT,Electronics,Import,11.14,No
CONT04688,Tank,45FT,Textiles,Export,15.33,No
CONT04689,Dry,40FT,Electronics,Import,25.41,No
CONT04690,Reefer,20FT,Textiles,Export,22.21,Yes
CONT04691,Open Top,45FT,Electronics,Import,15.79,No
CONT04692,Tank,40FT,Textiles,Export,10.11,No
CONT04693,Dry,20FT,Electronics,Import,22.18,No
CONT04694,Reefer,45FT,Textiles,Export,25.36,No
CONT04695,Open Top,40FT,Electronics,Import,14.0,Yes
CONT04696,Tank,20FT,Textiles,Export,20.71,No
CONT04697,Dry,45FT,Electronics,Import,14.01,No
CONT04698,Reefer,40FT,Textiles,Export,15.96,No
CONT04699,Open Top,20FT,Electronics,Import,17.12,No
CONT04700,Tank,45FT,Textiles,Export,23.39,Yes
CONT04701,Dry,40FT,Electronics,Import,28.44,No
CONT04702,Reefer,20FT,Textiles,Export,15.11,No
CONT04703,Open Top,45FT,Electronics,Import,12.56,No
CONT04704,Tank,40FT,Textiles,Export,13.34,No
CONT04705,Dry,20FT,Electronics,Import,7.35,Yes
CONT04706,Reefer,45FT,Textiles,Export,11.42,No
CONT04707,Open Top,40FT,Electronics,Import,6.16,No
CONT04708,Tank,20FT,Textiles,Export,14.7,No
CONT04709,Dry,45FT,Electronics,Import,8.18,No
CONT04710,Reefer,40FT,Textiles,Export,12.66,Yes
CONT04711,Open Top,20FT,Electronics,Import,23.84,No
CONT04712,Tank,45FT,Textiles,Export,10.15,No
CONT04713,Dry,40FT,Electronics,Import,19.3,No
CONT04714,Reefer,20FT,Textiles,Export,26.53,No
CONT04715,Open Top,45FT,Electronics,Import,18.17,Yes
CONT04716,Tank,40FT,Textiles,Export,8.84,No
CONT04717,Dry,20FT,Electronics,Import,12.62,No
CONT04718,Reefer,45FT,Textiles,Export,18.76,No
CONT04719,Open Top,40FT,Electronics,Import,16.67,No
CONT04720,Tank,20FT,Textiles,Export,7.72,Yes
CONT04721,Dry,45FT,Electronics,Import,15.17,No
CONT04722,Reefer,40FT,Textiles,Export,17.58,No
CONT04723,Open Top,20FT,Electronics,Import,10.68,No
CONT04724,Tank,45FT,Textiles,Export,19.31,No
CONT04725,Dry,40FT,Electronics,Import,5.75,Yes
CONT04726,Reefer,20FT,Textiles,Export,12.42,No
CONT04727,Open Top,45FT,Electronics,Import,24.11,No
CONT04728,Tank,40FT,Textiles,Export,10.48,No
CONT04729,Dry,20FT,Electronics,Import,19.13,No
CONT04730,Reefer,45FT,Textiles,Export,14.25,Yes
CONT04731,Open Top,40FT,Electronics,Import,11.91,No
CONT04732,Tank,20FT,Textiles,Export,26.9,No
CONT04733,Dry,45FT,Electronics,Import,12.58,No
CONT04734,Reefer,40FT,Textiles,Export,9.92,No
CONT04735,Open Top,20FT,Electronics,Import,26.73,Yes
CONT04736,Tank,45FT,Textiles,Export,22.65,No
CONT04737,Dry,40FT,Electronics,Import,21.04,No
CONT04738,Reefer,20FT,Textiles,Export,5.24,No
CONT04739,Open Top,45FT,Electronics,Import,7.28,No
CONT04740,Tank,40FT,Textiles,Export,19.96,Yes
CONT04741,Dry,20FT,Electronics,Import,9.24,No
CONT04742,Reefer,45FT,Textiles,Export,9.64,No
CONT04743,Open Top,40FT,Electronics,Import,23.48,No
CONT04744,Tank,20FT,Textiles,Export,11.15,No
CONT04745,Dry,45FT,Electronics,Import,5.79,Yes
CONT04746,Reefer,40FT,Textiles,Export,4.91,No
CONT04747,Open Top,20FT,Electronics,Import,15.08,No
CONT04748,Tank,45FT,Textiles,Export,19.43,No
CONT04749,Dry,40FT,Electronics,Import,25.72,No
CONT04750,Reefer,20FT,Textiles,Export,6.77,Yes
CONT04751,Open Top,45FT,Electronics,Import,8.92,No
CONT04752,Tank,40FT,Textiles,Export,17.25,No
CONT04753,Dry,20FT,Electronics,Import,13.1,No
CONT04754,Reefer,45FT,Textiles,Export,16.06,No
CONT04755,Open Top,40FT,Electronics,Import,27.1,Yes
CONT04756,Tank,20FT,Textiles,Export,17.62,No
CONT04757,Dry,45FT,Electronics,Import,14.38,No
CONT04758,Reefer,40FT,Textiles,Export,28.74,No
CONT04759,Open Top,20FT,Electronics,Import,5.63,No
CONT04760,Tank,45FT,Textiles,Export,27.3,Yes
CONT04761,Dry,40FT,Electronics,Import,16.54,No
CONT04762,Reefer,20FT,Textiles,Export,16.59,No
CONT04763,Open Top,45FT,Electronics,Import,27.05,No
CONT04764,Tank,40FT,Textiles,Export,16.68,No
CONT04765,Dry,20FT,Electronics,Import,14.96,Yes
CONT04766,Reefer,45FT,Textiles,Export,10.81,No
CONT04767,Open Top,40FT,Electronics,Import,20.47,No
CONT04768,Tank,20FT,Textiles,Export,18.24,No
CONT04769,Dry,45FT,Electronics,Import,9.36,No
CONT04770,Reefer,40FT,Textiles,Export,21.74,Yes
CONT04771,Open Top,20FT,Electronics,Import,20.1,No
CONT04772,Tank,45FT,Textiles,Export,13.93,No
CONT04773,Dry,40FT,Electronics,Import,4.11,No
CONT04774,Reefer,20FT,Textiles,Export,15.16,No
CONT04775,Open Top,45FT,Electronics,Import,4.15,Yes
CONT04776,Tank,40FT,Textiles,Export,5.87,No
CONT04777,Dry,20FT,Electronics,Import,14.77,No
CONT04778,Reefer,45FT,Textiles,Export,6.05,No
CONT04779,Open Top,40FT,Electronics,Import,10.89,No
CONT04780,Tank,20FT,Textiles,Export,20.39,Yes
CONT04781,Dry,45FT,Electronics,Import,11.72,No
CONT04782,Reefer,40FT,Textiles,Export,28.94,No
CONT04783,Open Top,20FT,Electronics,Import,26.91,No
CONT04784,Tank,45FT,Textiles,Export,18.63,No
CONT04785,Dry,40FT,Electronics,Import,28.17,Yes
CONT04786,Reefer,20FT,Textiles,Export,25.7,No
CONT04787,Open Top,45FT,Electronics,Import,11.97,No
CONT04788,Tank,40FT,Textiles,Export,22.74,No
CONT04789,Dry,20FT,Electronics,Import,7.42,No
CONT04790,Reefer,45FT,Textiles,Export,21.11,Yes
CONT04791,Open Top,40FT,Electronics,Import,16.28,No
CONT04792,Tank,20FT,Textiles,Export,4.42,No
CONT04793,Dry,45FT,Electronics,Import,10.86,No
CONT04794,Reefer,40FT,Textiles,Export,27.88,No
CONT04795,Open Top,20FT,Electronics,Import,11.9,Yes
CONT04796,Tank,45FT,Textiles,Export,8.54,No
CONT04797,Dry,40FT,Electronics,Import,8.69,No
CONT04798,Reefer,20FT,Textiles,Export,15.98,No
CONT04799,Open Top,45FT,Electronics,Import,25.07,No
CONT04800,Tank,40FT,Textiles,Export,22.95,Yes
CONT04801,Dry,20FT,Electronics,Import,14.92,No
CONT04802,Reefer,45FT,Textiles,Export,9.22,No
CONT04803,Open Top,40FT,Electronics,Import,5.15,No
CONT04804,Tank,20FT,Textiles,Export,15.57,No
CONT04805,Dry,45FT,Electronics,Import,24.37,Yes
CONT04806,Reefer,40FT,Textiles,Export,22.24,No
CONT04807,Open Top,20FT,Electronics,Import,14.22,No
CONT04808,Tank,45FT,Textiles,Export,18.87,No
CONT04809,Dry,40FT,Electronics,Import,14.91,No
CONT04810,Reefer,20FT,Textiles,Export,18.48,Yes
CONT04811,Open Top,45FT,Electronics,Import,16.94,No
CONT04812,Tank,40FT,Textiles,Export,21.02,No
CONT04813,Dry,20FT,Electronics,Import,16.69,No
CONT04814,Reefer,45FT,Textiles,Export,27.52,No
CONT04815,Open Top,40FT,Electronics,Import,14.7,Yes
CONT04816,Tank,20FT,Textiles,Export,4.4,No
CONT04817,Dry,45FT,Electronics,Import,9.91,No
CONT04818,Reefer,40FT,Textiles,Export,16.52,No
CONT04819,Open Top,20FT,Electronics,Import,17.51,No
CONT04820,Tank,45FT,Textiles,Export,17.81,Yes
CONT04821,Dry,40FT,Electronics,Import,21.86,No
CONT04822,Reefer,20FT,Textiles,Export,10.87,No
CONT04823,Open Top,45FT,Electronics,Import,20.62,No
CONT04824,Tank,40FT,Textiles,Export,21.6,No
CONT04825,Dry,20FT,Electronics,Import,14.28,Yes
CONT04826,Reefer,45FT,Textiles,Export,14.05,No
CONT04827,Open Top,40FT,Electronics,Import,8.47,No
CONT04828,Tank,20FT,Textiles,Export,14.35,No
CONT04829,Dry,45FT,Electronics,Import,23.67,No
CONT04830,Reefer,40FT,Textiles,Export,26.72,Yes
CONT04831,Open Top,20FT,Electronics,Import,18.84,No
CONT04832,Tank,45FT,Textiles,Export,11.48,No
CONT04833,Dry,40FT,Electronics,Import,21.06,No
CONT04834,Reefer,20FT,Textiles,Export,22.5,No
CONT04835,Open Top,45FT,Electronics,Import,12.31,Yes
CONT04836,Tank,40FT,Textiles,Export,24.66,No
CONT04837,Dry,20FT,Electronics,Import,5.84,No
CONT04838,Reefer,45FT,Textiles,Export,4.27,No
CONT04839,Open Top,40FT,Electronics,Import,7.07,No
CONT04840,Tank,20FT,Textiles,Export,7.9,Yes
CONT04841,Dry,45FT,Electronics,Import,25.97,No
CONT04842,Reefer,40FT,Textiles,Export,14.62,No
CONT04843,Open Top,20FT,Electronics,Import,10.87,No
CONT04844,Tank,45FT,Textiles,Export,14.73,No
CONT04845,Dry,40FT,Electronics,Import,13.87,Yes
CONT04846,Reefer,20FT,Textiles,Export,11.54,No
CONT04847,Open Top,45FT,Electronics,Import,7.45,No
CONT04848,Tank,40FT,Textiles,Export,20.4,No
CONT04849,Dry,20FT,Electronics,Import,7.42,No
CONT04850,Reefer,45FT,Textiles,Export,23.39,Yes
CONT04851,Open Top,40FT,Electronics,Import,9.04,No
CONT04852,Tank,20FT,Textiles,Export,22.28,No
CONT04853,Dry,45FT,Electronics,Import,24.14,No
CONT04854,Reefer,40FT,Textiles,Export,7.13,No
CONT04855,Open Top,20FT,Electronics,Import,6.17,Yes
CONT04856,Tank,45FT,Textiles,Export,27.74,No
CONT04857,Dry,40FT,Electronics,Import,15.58,No
CONT04858,Reefer,20FT,Textiles,Export,19.76,No
CONT04859,Open Top,45FT,Electronics,Import,4.58,No
CONT04860,Tank,40FT,Textiles,Export,10.97,Yes
CONT04861,Dry,20FT,Electronics,Import,16.63,No
CONT04862,Reefer,45FT,Textiles,Export,26.16,No
CONT04863,Open Top,40FT,Electronics,Import,10.79,No
CONT04864,Tank,20FT,Textiles,Export,23.38,No
CONT04865,Dry,45FT,Electronics,Import,20.56,Yes
CONT04866,Reefer,40FT,Textiles,Export,6.88,No
CONT04867,Open Top,20FT,Electronics,Import,11.33,No
CONT04868,Tank,45FT,Textiles,Export,9.95,No
CONT04869,Dry,40FT,Electronics,Import,15.06,No
CONT04870,Reefer,20FT,Textiles,Export,19.88,Yes
CONT04871,Open Top,45FT,Electronics,Import,14.84,No
CONT04872,Tank,40FT,Textiles,Export,10.11,No
CONT04873,Dry,20FT,Electronics,Import,21.4,No
CONT04874,Reefer,45FT,Textiles,Export,18.61,No
CONT04875,Open Top,40FT,Electronics,Import,16.98,Yes
CONT04876,Tank,20FT,Textiles,Export,17.86,No
CONT04877,Dry,45FT,Electronics,Import,9.55,No
CONT04878,Reefer,40FT,Textiles,Export,21.01,No
CONT04879,Open Top,20FT,Electronics,Import,13.69,No
CONT04880,Tank,45FT,Textiles,Export,13.09,Yes
CONT04881,Dry,40FT,Electronics,Import,7.74,No
CONT04882,Reefer,20FT,Textiles,Export,18.92,No
CONT04883,Open Top,45FT,Electronics,Import,19.07,No
CONT04884,Tank,40FT,Textiles,Export,12.51,No
CONT04885,Dry,20FT,Electronics,Import,25.5,Yes
CONT04886,Reefer,45FT,Textiles,Export,25.14,No
CONT04887,Open Top,40FT,Electronics,Import,6.73,No
CONT04888,Tank,20FT,Textiles,Export,21.38,No
CONT04889,Dry,45FT,Electronics,Import,13.85,No
CONT04890,Reefer,40FT,Textiles,Export,28.99,Yes
CONT04891,Open Top,20FT,Electronics,Import,9.63,No
CONT04892,Tank,45FT,Textiles,Export,11.01,No
CONT04893,Dry,40FT,Electronics,Import,15.05,No
CONT04894,Reefer,20FT,Textiles,Export,10.72,No
CONT04895,Open Top,45FT,Electronics,Import,21.3,Yes
CONT04896,Tank,40FT,Textiles,Export,16.02,No
CONT04897,Dry,20FT,Electronics,Import,9.52,No
CONT04898,Reefer,45FT,Textiles,Export,16.66,No
CONT04899,Open Top,40FT,Electronics,Import,26.22,No
CONT04900,Tank,20FT,Textiles,Export,23.81,Yes
CONT04901,Dry,45FT,Electronics,Import,16.47,No
CONT04902,Reefer,40FT,Textiles,Export,11.21,No
CONT04903,Open Top,20FT,Electronics,Import,8.5,No
CONT04904,Tank,45FT,Textiles,Export,25.96,No
CONT04905,Dry,40FT,Electronics,Import,21.75,Yes
CONT04906,Reefer,20FT,Textiles,Export,18.3,No
CONT04907,Open Top,45FT,Electronics,Import,25.99,No
CONT04908,Tank,40FT,Textiles,Export,7.04,No
CONT04909,Dry,20FT,Electronics,Import,21.06,No
CONT04910,Reefer,45FT,Textiles,Export,9.42,Yes
CONT04911,Open Top,40FT,Electronics,Import,7.01,No
CONT04912,Tank,20FT,Textiles,Export,15.64,No
CONT04913,Dry,45FT,Electronics,Import,13.68,No
CONT04914,Reefer,40FT,Textiles,Export,27.53,No
CONT04915,Open Top,20FT,Electronics,Import,12.1,Yes
CONT04916,Tank,45FT,Textiles,Export,24.37,No
CONT04917,Dry,40FT,Electronics,Import,22.72,No
CONT04918,Reefer,20FT,Textiles,Export,20.7,No
CONT04919,Open Top,45FT,Electronics,Import,27.01,No
CONT04920,Tank,40FT,Textiles,Export,14.2,Yes
CONT04921,Dry,20FT,Electronics,Import,13.74,No
CONT04922,Reefer,45FT,Textiles,Export,8.02,No
CONT04923,Open Top,40FT,Electronics,Import,10.89,No
CONT04924,Tank,20FT,Textiles,Export,25.99,No
CONT04925,Dry,45FT,Electronics,Import,15.86,Yes
CONT04926,Reefer,40FT,Textiles,Export,12.53,No
CONT04927,Open Top,20FT,Electronics,Import,9.4,No
CONT04928,Tank,45FT,Textiles,Export,16.12,No
CONT04929,Dry,40FT,Electronics,Import,21.92,No
CONT04930,Reefer,20FT,Textiles,Export,11.17,Yes
CONT04931,Open Top,45FT,Electronics,Import,22.94,No
CONT04932,Tank,40FT,Textiles,Export,19.74,No
CONT04933,Dry,20FT,Electronics,Import,23.69,No
CONT04934,Reefer,45FT,Textiles,Export,10.27,No
CONT04935,Open Top,40FT,Electronics,Import,19.78,Yes
CONT04936,Tank,20FT,Textiles,Export,7.84,No
CONT04937,Dry,45FT,Electronics,Import,13.09,No
CONT04938,Reefer,40FT,Textiles,Export,22.11,No
CONT04939,Open Top,20FT,Electronics,Import,19.79,No
CONT04940,Tank,45FT,Textiles,Export,8.7,Yes
CONT04941,Dry,40FT,Electronics,Import,25.46,No
CONT04942,Reefer,20FT,Textiles,Export,5.33,No
CONT04943,Open Top,45FT,Electronics,Import,18.88,No
CONT04944,Tank,40FT,Textiles,Export,28.6,No
CONT04945,Dry,20FT,Electronics,Import,17.29,Yes
CONT04946,Reefer,45FT,Textiles,Export,24.02,No
CONT04947,Open Top,40FT,Electronics,Import,18.88,No
CONT04948,Tank,20FT,Textiles,Export,23.58,No
CONT04949,Dry,45FT,Electronics,Import,20.39,No
CONT04950,Reefer,40FT,Textiles,Export,21.28,Yes
CONT04951,Open Top,20FT,Electronics,Import,9.7,No
CONT04952,Tank,45FT,Textiles,Export,22.55,No
CONT04953,Dry,40FT,Electronics,Import,9.95,No
CONT04954,Reefer,20FT,Textiles,Export,28.52,No
CONT04955,Open Top,45FT,Electronics,Import,9.69,Yes
CONT04956,Tank,40FT,Textiles,Export,9.92,No
CONT04957,Dry,20FT,Electronics,Import,25.47,No
CONT04958,Reefer,45FT,Textiles,Export,10.07,No
CONT04959,Open Top,40FT,Electronics,Import,13.02,No
CONT04960,Tank,20FT,Textiles,Export,21.87,Yes
CONT04961,Dry,45FT,Electronics,Import,7.97,No
CONT04962,Reefer,40FT,Textiles,Export,7.98,No
CONT04963,Open Top,20FT,Electronics,Import,16.16,No
CONT04964,Tank,45FT,Textiles,Export,10.09,No
CONT04965,Dry,40FT,Electronics,Import,9.89,Yes
CONT04966,Reefer,20FT,Textiles,Export,4.23,No
CONT04967,Open Top,45FT,Electronics,Import,13.26,No
CONT04968,Tank,40FT,Textiles,Export,11.96,No
CONT04969,Dry,20FT,Electronics,Import,4.78,No
CONT04970,Reefer,45FT,Textiles,Export,19.53,Yes
CONT04971,Open Top,40FT,Electronics,Import,19.67,No
CONT04972,Tank,20FT,Textiles,Export,5.77,No
CONT04973,Dry,45FT,Electronics,Import,11.93,No
CONT04974,Reefer,40FT,Textiles,Export,25.82,No
CONT04975,Open Top,20FT,Electronics,Import,18.55,Yes
CONT04976,Tank,45FT,Textiles,Export,14.3,No
CONT04977,Dry,40FT,Electronics,Import,15.63,No
CONT04978,Reefer,20FT,Textiles,Export,9.21,No
CONT04979,Open Top,45FT,Electronics,Import,24.3,No
CONT04980,Tank,40FT,Textiles,Export,26.85,Yes
CONT04981,Dry,20FT,Electronics,Import,26.77,No
CONT04982,Reefer,45FT,Textiles,Export,9.6,No
CONT04983,Open Top,40FT,Electronics,Import,11.77,No
CONT04984,Tank,20FT,Textiles,Export,8.02,No
CONT04985,Dry,45FT,Electronics,Import,11.68,Yes
CONT04986,Reefer,40FT,Textiles,Export,12.32,No
CONT04987,Open Top,20FT,Electronics,Import,19.83,No
CONT04988,Tank,45FT,Textiles,Export,8.74,No
CONT04989,Dry,40FT,Electronics,Import,26.98,No
CONT04990,Reefer,20FT,Textiles,Export,6.58,Yes
CONT04991,Open Top,45FT,Electronics,Import,4.17,No
CONT04992,Tank,40FT,Textiles,Export,25.37,No
CONT04993,Dry,20FT,Electronics,Import,21.59,No
CONT04994,Reefer,45FT,Textiles,Export,12.88,No
CONT04995,Open Top,40FT,Electronics,Import,18.89,Yes
CONT04996,Tank,20FT,Textiles,Export,9.59,No
CONT04997,Dry,45FT,Electronics,Import,8.21,No
CONT04998,Reefer,40FT,Textiles,Export,15.78,No
CONT04999,Open Top,20FT,Electronics,Import,12.83,No
CONT05000,Tank,45FT,Textiles,Export,19.38,Yes
CONT05001,Dry,40FT,Electronics,Import,9.45,No
CONT05002,Reefer,20FT,Textiles,Export,20.57,No
CONT05003,Open Top,45FT,Electronics,Import,23.17,No
CONT05004,Tank,40FT,Textiles,Export,8.17,No
CONT05005,Dry,20FT,Electronics,Import,5.1,Yes
CONT05006,Reefer,45FT,Textiles,Export,14.99,No
CONT05007,Open Top,40FT,Electronics,Import,23.35,No
CONT05008,Tank,20FT,Textiles,Export,20.27,No
CONT05009,Dry,45FT,Electronics,Import,21.55,No
CONT05010,Reefer,40FT,Textiles,Export,14.07,Yes
CONT05011,Open Top,20FT,Electronics,Import,9.87,No
CONT05012,Tank,45FT,Textiles,Export,17.29,No
CONT05013,Dry,40FT,Electronics,Import,9.11,No
CONT05014,Reefer,20FT,Textiles,Export,22.16,No
CONT05015,Open Top,45FT,Electronics,Import,8.92,Yes
CONT05016,Tank,40FT,Textiles,Export,11.28,No
CONT05017,Dry,20FT,Electronics,Import,16.66,No
CONT05018,Reefer,45FT,Textiles,Export,16.17,No
CONT05019,Open Top,40FT,Electronics,Import,19.02,No
CONT05020,Tank,20FT,Textiles,Export,14.94,Yes
CONT05021,Dry,45FT,Electronics,Import,26.99,No
CONT05022,Reefer,40FT,Textiles,Export,25.0,No
CONT05023,Open Top,20FT,Electronics,Import,25.98,No
CONT05024,Tank,45FT,Textiles,Export,19.74,No
CONT05025,Dry,40FT,Electronics,Import,19.88,Yes
CONT05026,Reefer,20FT,Textiles,Export,19.23,No
CONT05027,Open Top,45FT,Electronics,Import,14.87,No
CONT05028,Tank,40FT,Textiles,Export,12.05,No
CONT05029,Dry,20FT,Electronics,Import,18.8,No
CONT05030,Reefer,45FT,Textiles,Export,4.64,Yes
CONT05031,Open Top,40FT,Electronics,Import,4.19,No
CONT05032,Tank,20FT,Textiles,Export,25.29,No
CONT05033,Dry,45FT,Electronics,Import,5.16,No
CONT05034,Reefer,40FT,Textiles,Export,17.12,No
CONT05035,Open Top,20FT,Electronics,Import,19.37,Yes
CONT05036,Tank,45FT,Textiles,Export,8.95,No
CONT05037,Dry,40FT,Electronics,Import,26.39,No
CONT05038,Reefer,20FT,Textiles,Export,8.75,No
CONT05039,Open Top,45FT,Electronics,Import,26.11,No
CONT05040,Tank,40FT,Textiles,Export,23.07,Yes
CONT05041,Dry,20FT,Electronics,Import,10.02,No
CONT05042,Reefer,45FT,Textiles,Export,7.77,No
CONT05043,Open Top,40FT,Electronics,Import,11.91,No
CONT05044,Tank,20FT,Textiles,Export,13.95,No
CONT05045,Dry,45FT,Electronics,Import,10.14,Yes
CONT05046,Reefer,40FT,Textiles,Export,28.97,No
CONT05047,Open Top,20FT,Electronics,Import,9.74,No
CONT05048,Tank,45FT,Textiles,Export,24.77,No
CONT05049,Dry,40FT,Electronics,Import,7.98,No
CONT05050,Reefer,20FT,Textiles,Export,28.51,Yes
CONT05051,Open Top,45FT,Electronics,Import,9.64,No
CONT05052,Tank,40FT,Textiles,Export,14.54,No
CONT05053,Dry,20FT,Electronics,Import,17.96,No
CONT05054,Reefer,45FT,Textiles,Export,7.01,No
CONT05055,Open Top,40FT,Electronics,Import,24.42,Yes
CONT05056,Tank,20FT,Textiles,Export,10.87,No
CONT05057,Dry,45FT,Electronics,Import,17.73,No
CONT05058,Reefer,40FT,Textiles,Export,17.74,No
CONT05059,Open Top,20FT,Electronics,Import,19.07,No
CONT05060,Tank,45FT,Textiles,Export,5.39,Yes
CONT05061,Dry,40FT,Electronics,Import,8.22,No
CONT05062,Reefer,20FT,Textiles,Export,8.03,No
CONT05063,Open Top,45FT,Electronics,Import,11.55,No
CONT05064,Tank,40FT,Textiles,Export,7.62,No
CONT05065,Dry,20FT,Electronics,Import,27.05,Yes
CONT05066,Reefer,45FT,Textiles,Export,16.82,No
CONT05067,Open Top,40FT,Electronics,Import,19.59,No
CONT05068,Tank,20FT,Textiles,Export,12.94,No
CONT05069,Dry,45FT,Electronics,Import,10.91,No
CONT05070,Reefer,40FT,Textiles,Export,16.58,Yes
CONT05071,Open Top,20FT,Electronics,Import,11.36,No
CONT05072,Tank,45FT,Textiles,Export,12.59,No
CONT05073,Dry,40FT,Electronics,Import,15.32,No
CONT05074,Reefer,20FT,Textiles,Export,16.64,No
CONT05075,Open Top,45FT,Electronics,Import,28.61,Yes
CONT05076,Tank,40FT,Textiles,Export,9.58,No
CONT05077,Dry,20FT,Electronics,Import,16.2,No
CONT05078,Reefer,45FT,Textiles,Export,7.74,No
CONT05079,Open Top,40FT,Electronics,Import,12.75,No
CONT05080,Tank,20FT,Textiles,Export,21.93,Yes
CONT05081,Dry,45FT,Electronics,Import,8.36,No
CONT05082,Reefer,40FT,Textiles,Export,18.53,No
CONT05083,Open Top,20FT,Electronics,Import,14.42,No
CONT05084,Tank,45FT,Textiles,Export,5.29,No
CONT05085,Dry,40FT,Electronics,Import,27.33,Yes
CONT05086,Reefer,20FT,Textiles,Export,14.34,No
CONT05087,Open Top,45FT,Electronics,Import,23.6,No
CONT05088,Tank,40FT,Textiles,Export,14.41,No
CONT05089,Dry,20FT,Electronics,Import,27.43,No
CONT05090,Reefer,45FT,Textiles,Export,11.26,Yes
CONT05091,Open Top,40FT,Electronics,Import,14.31,No
CONT05092,Tank,20FT,Textiles,Export,22.97,No
CONT05093,Dry,45FT,Electronics,Import,12.59,No
CONT05094,Reefer,40FT,Textiles,Export,13.11,No
CONT05095,Open Top,20FT,Electronics,Import,28.87,Yes
CONT05096,Tank,45FT,Textiles,Export,17.89,No
CONT05097,Dry,40FT,Electronics,Import,21.23,No
CONT05098,Reefer,20FT,Textiles,Export,20.09,No
CONT05099,Open Top,45FT,Electronics,Import,24.7,No
CONT05100,Tank,40FT,Textiles,Export,25.55,Yes
CONT05101,Dry,20FT,Electronics,Import,18.08,No
CONT05102,Reefer,45FT,Textiles,Export,11.36,No
CONT05103,Open Top,40FT,Electronics,Import,4.57,No
CONT05104,Tank,20FT,Textiles,Export,19.36,No
CONT05105,Dry,45FT,Electronics,Import,24.64,Yes
CONT05106,Reefer,40FT,Textiles,Export,15.26,No
CONT05107,Open Top,20FT,Electronics,Import,8.12,No
CONT05108,Tank,45FT,Textiles,Export,11.2,No
CONT05109,Dry,40FT,Electronics,Import,16.75,No
CONT05110,Reefer,20FT,Textiles,Export,24.92,Yes
CONT05111,Open Top,45FT,Electronics,Import,8.29,No
CONT05112,Tank,40FT,Textiles,Export,19.3,No
CONT05113,Dry,20FT,Electronics,Import,22.83,No
CONT05114,Reefer,45FT,Textiles,Export,27.4,No
CONT05115,Open Top,40FT,Electronics,Import,6.92,Yes
CONT05116,Tank,20FT,Textiles,Export,27.16,No
CONT05117,Dry,45FT,Electronics,Import,19.04,No
CONT05118,Reefer,40FT,Textiles,Export,23.17,No
CONT05119,Open Top,20FT,Electronics,Import,5.34,No
CONT05120,Tank,45FT,Textiles,Export,16.65,Yes
CONT05121,Dry,40FT,Electronics,Import,19.57,No
CONT05122,Reefer,20FT,Textiles,Export,11.67,No
CONT05123,Open Top,45FT,Electronics,Import,14.79,No
CONT05124,Tank,40FT,Textiles,Export,17.86,No
CONT05125,Dry,20FT,Electronics,Import,17.81,Yes
CONT05126,Reefer,45FT,Textiles,Export,5.05,No
CONT05127,Open Top,40FT,Electronics,Import,14.99,No
CONT05128,Tank,20FT,Textiles,Export,9.35,No
CONT05129,Dry,45FT,Electronics,Import,26.92,No
CONT05130,Reefer,40FT,Textiles,Export,28.41,Yes
CONT05131,Open Top,20FT,Electronics,Import,11.49,No
CONT05132,Tank,45FT,Textiles,Export,8.38,No
CONT05133,Dry,40FT,Electronics,Import,9.49,No
CONT05134,Reefer,20FT,Textiles,Export,15.94,No
CONT05135,Open Top,45FT,Electronics,Import,25.86,Yes
CONT05136,Tank,40FT,Textiles,Export,16.5,No
CONT05137,Dry,20FT,Electronics,Import,5.38,No
CONT05138,Reefer,45FT,Textiles,Export,5.0,No
CONT05139,Open Top,40FT,Electronics,Import,9.68,No
CONT05140,Tank,20FT,Textiles,Export,25.07,Yes
CONT05141,Dry,45FT,Electronics,Import,19.54,No
CONT05142,Reefer,40FT,Textiles,Export,18.07,No
CONT05143,Open Top,20FT,Electronics,Import,11.97,No
CONT05144,Tank,45FT,Textiles,Export,27.24,No
CONT05145,Dry,40FT,Electronics,Import,12.28,Yes
CONT05146,Reefer,20FT,Textiles,Export,24.87,No
CONT05147,Open Top,45FT,Electronics,Import,26.4,No
CONT05148,Tank,40FT,Textiles,Export,16.08,No
CONT05149,Dry,20FT,Electronics,Import,26.36,No
CONT05150,Reefer,45FT,Textiles,Export,10.92,Yes
CONT05151,Open Top,40FT,Electronics,Import,20.46,No
CONT05152,Tank,20FT,Textiles,Export,6.2,No
CONT05153,Dry,45FT,Electronics,Import,15.85,No
CONT05154,Reefer,40FT,Textiles,Export,9.43,No
CONT05155,Open Top,20FT,Electronics,Import,5.57,Yes
CONT05156,Tank,45FT,Textiles,Export,4.09,No
CONT05157,Dry,40FT,Electronics,Import,12.12,No
CONT05158,Reefer,20FT,Textiles,Export,18.74,No
CONT05159,Open Top,45FT,Electronics,Import,15.38,No
CONT05160,Tank,40FT,Textiles,Export,11.54,Yes
CONT05161,Dry,20FT,Electronics,Import,28.78,No
CONT05162,Reefer,45FT,Textiles,Export,27.49,No
CONT05163,Open Top,40FT,Electronics,Import,7.14,No
CONT05164,Tank,20FT,Textiles,Export,14.38,No
CONT05165,Dry,45FT,Electronics,Import,20.22,Yes
CONT05166,Reefer,40FT,Textiles,Export,22.34,No
CONT05167,Open Top,20FT,Electronics,Import,13.16,No
CONT05168,Tank,45FT,Textiles,Export,22.66,No
CONT05169,Dry,40FT,Electronics,Import,7.1,No
CONT05170,Reefer,20FT,Textiles,Export,12.3,Yes
CONT05171,Open Top,45FT,Electronics,Import,21.91,No
CONT05172,Tank,40FT,Textiles,Export,19.64,No
CONT05173,Dry,20FT,Electronics,Import,24.93,No
CONT05174,Reefer,45FT,Textiles,Export,5.17,No
CONT05175,Open Top,40FT,Electronics,Import,8.36,Yes
CONT05176,Tank,20FT,Textiles,Export,5.21,No
CONT05177,Dry,45FT,Electronics,Import,8.8,No
CONT05178,Reefer,40FT,Textiles,Export,4.11,No
CONT05179,Open Top,20FT,Electronics,Import,16.61,No
CONT05180,Tank,45FT,Textiles,Export,17.21,Yes
CONT05181,Dry,40FT,Electronics,Import,20.45,No
CONT05182,Reefer,20FT,Textiles,Export,13.62,No
CONT05183,Open Top,45FT,Electronics,Import,4.08,No
CONT05184,Tank,40FT,Textiles,Export,20.85,No
CONT05185,Dry,20FT,Electronics,Import,5.36,Yes
CONT05186,Reefer,45FT,Textiles,Export,25.65,No
CONT05187,Open Top,40FT,Electronics,Import,4.57,No
CONT05188,Tank,20FT,Textiles,Export,17.26,No
CONT05189,Dry,45FT,Electronics,Import,26.37,No
CONT05190,Reefer,40FT,Textiles,Export,18.31,Yes
CONT05191,Open Top,20FT,Electronics,Import,19.21,No
CONT05192,Tank,45FT,Textiles,Export,21.04,No
CONT05193,Dry,40FT,Electronics,Import,7.06,No
CONT05194,Reefer,20FT,Textiles,Export,20.87,No
CONT05195,Open Top,45FT,Electronics,Import,26.01,Yes
CONT05196,Tank,40FT,Textiles,Export,28.36,No
CONT05197,Dry,20FT,Electronics,Import,15.08,No
CONT05198,Reefer,45FT,Textiles,Export,12.61,No
CONT05199,Open Top,40FT,Electronics,Import,22.83,No
CONT05200,Tank,20FT,Textiles,Export,17.57,Yes
CONT05201,Dry,45FT,Electronics,Import,10.43,No
CONT05202,Reefer,40FT,Textiles,Export,8.3,No
CONT05203,Open Top,20FT,Electronics,Import,8.26,No
CONT05204,Tank,45FT,Textiles,Export,15.48,No
CONT05205,Dry,40FT,Electronics,Import,8.25,Yes
CONT05206,Reefer,20FT,Textiles,Export,4.49,No
CONT05207,Open Top,45FT,Electronics,Import,5.3,No
CONT05208,Tank,40FT,Textiles,Export,27.25,No
CONT05209,Dry,20FT,Electronics,Import,5.82,No
CONT05210,Reefer,45FT,Textiles,Export,5.83,Yes
CONT05211,Open Top,40FT,Electronics,Import,15.28,No
CONT05212,Tank,20FT,Textiles,Export,10.13,No
CONT05213,Dry,45FT,Electronics,Import,28.07,No
CONT05214,Reefer,40FT,Textiles,Export,26.77,No
CONT05215,Open Top,20FT,Electronics,Import,14.12,Yes
CONT05216,Tank,45FT,Textiles,Export,15.22,No
CONT05217,Dry,40FT,Electronics,Import,13.38,No
CONT05218,Reefer,20FT,Textiles,Export,4.95,No
CONT05219,Open Top,45FT,Electronics,Import,11.32,No
CONT05220,Tank,40FT,Textiles,Export,7.07,Yes
CONT05221,Dry,20FT,Electronics,Import,6.56,No
CONT05222,Reefer,45FT,Textiles,Export,18.02,No
CONT05223,Open Top,40FT,Electronics,Import,6.47,No
CONT05224,Tank,20FT,Textiles,Export,6.57,No
CONT05225,Dry,45FT,Electronics,Import,16.01,Yes
CONT05226,Reefer,40FT,Textiles,Export,15.06,No
CONT05227,Open Top,20FT,Electronics,Import,7.44,No
CONT05228,Tank,45FT,Textiles,Export,4.11,No
CONT05229,Dry,40FT,Electronics,Import,8.82,No
CONT05230,Reefer,20FT,Textiles,Export,9.9,Yes
CONT05231,Open Top,45FT,Electronics,Import,24.01,No
CONT05232,Tank,40FT,Textiles,Export,26.89,No
CONT05233,Dry,20FT,Electronics,Import,14.15,No
CONT05234,Reefer,45FT,Textiles,Export,14.13,No
CONT05235,Open Top,40FT,Electronics,Import,21.81,Yes
CONT05236,Tank,20FT,Textiles,Export,19.67,No
CONT05237,Dry,45FT,Electronics,Import,8.6,No
CONT05238,Reefer,40FT,Textiles,Export,6.69,No
CONT05239,Open Top,20FT,Electronics,Import,14.94,No
CONT05240,Tank,45FT,Textiles,Export,18.12,Yes
CONT05241,Dry,40FT,Electronics,Import,7.47,No
CONT05242,Reefer,20FT,Textiles,Export,11.33,No
CONT05243,Open Top,45FT,Electronics,Import,11.65,No
CONT05244,Tank,40FT,Textiles,Export,10.53,No
CONT05245,Dry,20FT,Electronics,Import,15.52,Yes
CONT05246,Reefer,45FT,Textiles,Export,20.33,No
CONT05247,Open Top,40FT,Electronics,Import,16.73,No
CONT05248,Tank,20FT,Textiles,Export,9.04,No
CONT05249,Dry,45FT,Electronics,Import,6.57,No
CONT05250,Reefer,40FT,Textiles,Export,24.55,Yes
CONT05251,Open Top,20FT,Electronics,Import,15.98,No
CONT05252,Tank,45FT,Textiles,Export,5.55,No
CONT05253,Dry,40FT,Electronics,Import,10.45,No
CONT05254,Reefer,20FT,Textiles,Export,24.1,No
CONT05255,Open Top,45FT,Electronics,Import,22.79,Yes
CONT05256,Tank,40FT,Textiles,Export,25.9,No
CONT05257,Dry,20FT,Electronics,Import,19.05,No
CONT05258,Reefer,45FT,Textiles,Export,14.57,No
CONT05259,Open Top,40FT,Electronics,Import,14.67,No
CONT05260,Tank,20FT,Textiles,Export,8.85,Yes
CONT05261,Dry,45FT,Electronics,Import,20.27,No
CONT05262,Reefer,40FT,Textiles,Export,18.63,No
CONT05263,Open Top,20FT,Electronics,Import,7.87,No
CONT05264,Tank,45FT,Textiles,Export,26.14,No
CONT05265,Dry,40FT,Electronics,Import,13.21,Yes
CONT05266,Reefer,20FT,Textiles,Export,5.24,No
CONT05267,Open Top,45FT,Electronics,Import,12.2,No
CONT05268,Tank,40FT,Textiles,Export,25.75,No
CONT05269,Dry,20FT,Electronics,Import,26.92,No
CONT05270,Reefer,45FT,Textiles,Export,16.26,Yes
CONT05271,Open Top,40FT,Electronics,Import,27.91,No
CONT05272,Tank,20FT,Textiles,Export,25.88,No
CONT05273,Dry,45FT,Electronics,Import,24.63,No
CONT05274,Reefer,40FT,Textiles,Export,25.49,No
CONT05275,Open Top,20FT,Electronics,Import,13.55,Yes
CONT05276,Tank,45FT,Textiles,Export,22.91,No
CONT05277,Dry,40FT,Electronics,Import,18.43,No
CONT05278,Reefer,20FT,Textiles,Export,21.99,No
CONT05279,Open Top,45FT,Electronics,Import,8.44,No
CONT05280,Tank,40FT,Textiles,Export,22.28,Yes
CONT05281,Dry,20FT,Electronics,Import,27.94,No
CONT05282,Reefer,45FT,Textiles,Export,11.57,No
CONT05283,Open Top,40FT,Electronics,Import,28.65,No
CONT05284,Tank,20FT,Textiles,Export,13.46,No
CONT05285,Dry,45FT,Electronics,Import,8.99,Yes
CONT05286,Reefer,40FT,Textiles,Export,6.81,No
CONT05287,Open Top,20FT,Electronics,Import,23.62,No
CONT05288,Tank,45FT,Textiles,Export,17.87,No
CONT05289,Dry,40FT,Electronics,Import,11.68,No
CONT05290,Reefer,20FT,Textiles,Export,19.21,Yes
CONT05291,Open Top,45FT,Electronics,Import,12.3,No
CONT05292,Tank,40FT,Textiles,Export,15.21,No
CONT05293,Dry,20FT,Electronics,Import,25.57,No
CONT05294,Reefer,45FT,Textiles,Export,20.7,No
CONT05295,Open Top,40FT,Electronics,Import,23.06,Yes
CONT05296,Tank,20FT,Textiles,Export,18.59,No
CONT05297,Dry,45FT,Electronics,Import,28.78,No
CONT05298,Reefer,40FT,Textiles,Export,10.04,No
CONT05299,Open Top,20FT,Electronics,Import,10.56,No
CONT05300,Tank,45FT,Textiles,Export,6.31,Yes
CONT05301,Dry,40FT,Electronics,Import,17.85,No
CONT05302,Reefer,20FT,Textiles,Export,19.33,No
CONT05303,Open Top,45FT,Electronics,Import,22.15,No
CONT05304,Tank,40FT,Textiles,Export,12.39,No
CONT05305,Dry,20FT,Electronics,Import,4.31,Yes
CONT05306,Reefer,45FT,Textiles,Export,19.81,No
CONT05307,Open Top,40FT,Electronics,Import,28.97,No
CONT05308,Tank,20FT,Textiles,Export,11.36,No
CONT05309,Dry,45FT,Electronics,Import,8.6,No
CONT05310,Reefer,40FT,Textiles,Export,11.04,Yes
CONT05311,Open Top,20FT,Electronics,Import,14.64,No
CONT05312,Tank,45FT,Textiles,Export,10.27,No
CONT05313,Dry,40FT,Electronics,Import,12.67,No
CONT05314,Reefer,20FT,Textiles,Export,19.96,No
CONT05315,Open Top,45FT,Electronics,Import,12.63,Yes
CONT05316,Tank,40FT,Textiles,Export,13.9,No
CONT05317,Dry,20FT,Electronics,Import,5.0,No
CONT05318,Reefer,45FT,Textiles,Export,26.95,No
CONT05319,Open Top,40FT,Electronics,Import,14.17,No
CONT05320,Tank,20FT,Textiles,Export,12.2,Yes
CONT05321,Dry,45FT,Electronics,Import,6.16,No
CONT05322,Reefer,40FT,Textiles,Export,19.85,No
CONT05323,Open Top,20FT,Electronics,Import,25.6,No
CONT05324,Tank,45FT,Textiles,Export,5.03,No
CONT05325,Dry,40FT,Electronics,Import,7.63,Yes
CONT05326,Reefer,20FT,Textiles,Export,7.66,No
CONT05327,Open Top,45FT,Electronics,Import,19.06,No
CONT05328,Tank,40FT,Textiles,Export,27.03,No
CONT05329,Dry,20FT,Electronics,Import,14.94,No
CONT05330,Reefer,45FT,Textiles,Export,12.6,Yes
CONT05331,Open Top,40FT,Electronics,Import,23.15,No
CONT05332,Tank,20FT,Textiles,Export,22.56,No
CONT05333,Dry,45FT,Electronics,Import,10.17,No
CONT05334,Reefer,40FT,Textiles,Export,8.02,No
CONT05335,Open Top,20FT,Electronics,Import,12.95,Yes
CONT05336,Tank,45FT,Textiles,Export,23.39,No
CONT05337,Dry,40FT,Electronics,Import,21.38,No
CONT05338,Reefer,20FT,Textiles,Export,20.65,No
CONT05339,Open Top,45FT,Electronics,Import,24.74,No
CONT05340,Tank,40FT,Textiles,Export,10.93,Yes
CONT05341,Dry,20FT,Electronics,Import,12.49,No
CONT05342,Reefer,45FT,Textiles,Export,5.06,No
CONT05343,Open Top,40FT,Electronics,Import,25.72,No
CONT05344,Tank,20FT,Textiles,Export,18.56,No
CONT05345,Dry,45FT,Electronics,Import,11.45,Yes
CONT05346,Reefer,40FT,Textiles,Export,5.74,No
CONT05347,Open Top,20FT,Electronics,Import,22.09,No
CONT05348,Tank,45FT,Textiles,Export,22.72,No
CONT05349,Dry,40FT,Electronics,Import,20.65,No
CONT05350,Reefer,20FT,Textiles,Export,9.09,Yes
CONT05351,Open Top,45FT,Electronics,Import,26.83,No
CONT05352,Tank,40FT,Textiles,Export,22.83,No
CONT05353,Dry,20FT,Electronics,Import,20.44,No
CONT05354,Reefer,45FT,Textiles,Export,20.27,No
CONT05355,Open Top,40FT,Electronics,Import,26.61,Yes
CONT05356,Tank,20FT,Textiles,Export,27.21,No
CONT05357,Dry,45FT,Electronics,Import,18.89,No
CONT05358,Reefer,40FT,Textiles,Export,14.42,No
CONT05359,Open Top,20FT,Electronics,Import,13.09,No
CONT05360,Tank,45FT,Textiles,Export,24.48,Yes
CONT05361,Dry,40FT,Electronics,Import,20.12,No
CONT05362,Reefer,20FT,Textiles,Export,5.93,No
CONT05363,Open Top,45FT,Electronics,Import,7.55,No
CONT05364,Tank,40FT,Textiles,Export,26.5,No
CONT05365,Dry,20FT,Electronics,Import,26.11,Yes
CONT05366,Reefer,45FT,Textiles,Export,27.8,No
CONT05367,Open Top,40FT,Electronics,Import,14.7,No
CONT05368,Tank,20FT,Textiles,Export,23.6,No
CONT05369,Dry,45FT,Electronics,Import,24.71,No
CONT05370,Reefer,40FT,Textiles,Export,11.89,Yes
CONT05371,Open Top,20FT,Electronics,Import,7.63,No
CONT05372,Tank,45FT,Textiles,Export,28.93,No
CONT05373,Dry,40FT,Electronics,Import,4.76,No
CONT05374,Reefer,20FT,Textiles,Export,18.93,No
CONT05375,Open Top,45FT,Electronics,Import,20.26,Yes
CONT05376,Tank,40FT,Textiles,Export,21.04,No
CONT05377,Dry,20FT,Electronics,Import,10.39,No
CONT05378,Reefer,45FT,Textiles,Export,22.04,No
CONT05379,Open Top,40FT,Electronics,Import,9.41,No
CONT05380,Tank,20FT,Textiles,Export,24.73,Yes
CONT05381,Dry,45FT,Electronics,Import,9.48,No
CONT05382,Reefer,40FT,Textiles,Export,21.42,No
CONT05383,Open Top,20FT,Electronics,Import,23.59,No
CONT05384,Tank,45FT,Textiles,Export,8.72,No
CONT05385,Dry,40FT,Electronics,Import,9.95,Yes
CONT05386,Reefer,20FT,Textiles,Export,23.48,No
CONT05387,Open Top,45FT,Electronics,Import,6.15,No
CONT05388,Tank,40FT,Textiles,Export,8.77,No
CONT05389,Dry,20FT,Electronics,Import,15.39,No
CONT05390,Reefer,45FT,Textiles,Export,27.25,Yes
CONT05391,Open Top,40FT,Electronics,Import,18.05,No
CONT05392,Tank,20FT,Textiles,Export,13.69,No
CONT05393,Dry,45FT,Electronics,Import,28.46,No
CONT05394,Reefer,40FT,Textiles,Export,15.59,No
CONT05395,Open Top,20FT,Electronics,Import,14.84,Yes
CONT05396,Tank,45FT,Textiles,Export,14.29,No
CONT05397,Dry,40FT,Electronics,Import,11.8,No
CONT05398,Reefer,20FT,Textiles,Export,12.14,No
CONT05399,Open Top,45FT,Electronics,Import,21.2,No
CONT05400,Tank,40FT,Textiles,Export,5.02,Yes
CONT05401,Dry,20FT,Electronics,Import,21.05,No
CONT05402,Reefer,45FT,Textiles,Export,9.03,No
CONT05403,Open Top,40FT,Electronics,Import,13.61,No
CONT05404,Tank,20FT,Textiles,Export,7.66,No
CONT05405,Dry,45FT,Electronics,Import,17.82,Yes
CONT05406,Reefer,40FT,Textiles,Export,22.23,No
CONT05407,Open Top,20FT,Electronics,Import,12.87,No
CONT05408,Tank,45FT,Textiles,Export,8.09,No
CONT05409,Dry,40FT,Electronics,Import,9.66,No
CONT05410,Reefer,20FT,Textiles,Export,24.45,Yes
CONT05411,Open Top,45FT,Electronics,Import,10.69,No
CONT05412,Tank,40FT,Textiles,Export,23.37,No
CONT05413,Dry,20FT,Electronics,Import,12.28,No
CONT05414,Reefer,45FT,Textiles,Export,8.72,No
CONT05415,Open Top,40FT,Electronics,Import,22.18,Yes
CONT05416,Tank,20FT,Textiles,Export,15.71,No
CONT05417,Dry,45FT,Electronics,Import,4.78,No
CONT05418,Reefer,40FT,Textiles,Export,28.0,No
CONT05419,Open Top,20FT,Electronics,Import,7.69,No
CONT05420,Tank,45FT,Textiles,Export,12.84,Yes
CONT05421,Dry,40FT,Electronics,Import,13.62,No
CONT05422,Reefer,20FT,Textiles,Export,16.24,No
CONT05423,Open Top,45FT,Electronics,Import,23.64,No
CONT05424,Tank,40FT,Textiles,Export,4.15,No
CONT05425,Dry,20FT,Electronics,Import,27.31,Yes
CONT05426,Reefer,45FT,Textiles,Export,20.15,No
CONT05427,Open Top,40FT,Electronics,Import,27.77,No
CONT05428,Tank,20FT,Textiles,Export,24.43,No
CONT05429,Dry,45FT,Electronics,Import,27.2,No
CONT05430,Reefer,40FT,Textiles,Export,19.03,Yes
CONT05431,Open Top,20FT,Electronics,Import,12.93,No
CONT05432,Tank,45FT,Textiles,Export,15.07,No
CONT05433,Dry,40FT,Electronics,Import,20.45,No
CONT05434,Reefer,20FT,Textiles,Export,14.67,No
CONT05435,Open Top,45FT,Electronics,Import,22.29,Yes
CONT05436,Tank,40FT,Textiles,Export,6.3,No
CONT05437,Dry,20FT,Electronics,Import,24.75,No
CONT05438,Reefer,45FT,Textiles,Export,9.1,No
CONT05439,Open Top,40FT,Electronics,Import,27.6,No
CONT05440,Tank,20FT,Textiles,Export,7.89,Yes
CONT05441,Dry,45FT,Electronics,Import,7.23,No
CONT05442,Reefer,40FT,Textiles,Export,24.3,No
CONT05443,Open Top,20FT,Electronics,Import,24.47,No
CONT05444,Tank,45FT,Textiles,Export,22.47,No
CONT05445,Dry,40FT,Electronics,Import,28.01,Yes
CONT05446,Reefer,20FT,Textiles,Export,10.76,No
CONT05447,Open Top,45FT,Electronics,Import,24.67,No
CONT05448,Tank,40FT,Textiles,Export,12.8,No
CONT05449,Dry,20FT,Electronics,Import,17.43,No
CONT05450,Reefer,45FT,Textiles,Export,15.14,Yes
CONT05451,Open Top,40FT,Electronics,Import,4.15,No
CONT05452,Tank,20FT,Textiles,Export,18.36,No
CONT05453,Dry,45FT,Electronics,Import,22.69,No
CONT05454,Reefer,40FT,Textiles,Export,8.36,No
CONT05455,Open Top,20FT,Electronics,Import,27.29,Yes
CONT05456,Tank,45FT,Textiles,Export,17.26,No
CONT05457,Dry,40FT,Electronics,Import,8.46,No
CONT05458,Reefer,20FT,Textiles,Export,20.15,No
CONT05459,Open Top,45FT,Electronics,Import,8.8,No
CONT05460,Tank,40FT,Textiles,Export,5.59,Yes
CONT05461,Dry,20FT,Electronics,Import,21.13,No
CONT05462,Reefer,45FT,Textiles,Export,6.77,No
CONT05463,Open Top,40FT,Electronics,Import,6.66,No
CONT05464,Tank,20FT,Textiles,Export,22.5,No
CONT05465,Dry,45FT,Electronics,Import,5.38,Yes
CONT05466,Reefer,40FT,Textiles,Export,24.24,No
CONT05467,Open Top,20FT,Electronics,Import,23.9,No
CONT05468,Tank,45FT,Textiles,Export,7.53,No
CONT05469,Dry,40FT,Electronics,Import,16.96,No
CONT05470,Reefer,20FT,Textiles,Export,6.42,Yes
CONT05471,Open Top,45FT,Electronics,Import,19.81,No
CONT05472,Tank,40FT,Textiles,Export,5.57,No
CONT05473,Dry,20FT,Electronics,Import,27.61,No
CONT05474,Reefer,45FT,Textiles,Export,9.19,No
CONT05475,Open Top,40FT,Electronics,Import,21.07,Yes
CONT05476,Tank,20FT,Textiles,Export,7.21,No
CONT05477,Dry,45FT,Electronics,Import,9.24,No
CONT05478,Reefer,40FT,Textiles,Export,15.27,No
CONT05479,Open Top,20FT,Electronics,Import,18.33,No
CONT05480,Tank,45FT,Textiles,Export,28.97,Yes
CONT05481,Dry,40FT,Electronics,Import,4.65,No
CONT05482,Reefer,20FT,Textiles,Export,4.01,No
CONT05483,Open Top,45FT,Electronics,Import,12.76,No
CONT05484,Tank,40FT,Textiles,Export,13.15,No
CONT05485,Dry,20FT,Electronics,Import,26.1,Yes
CONT05486,Reefer,45FT,Textiles,Export,26.81,No
CONT05487,Open Top,40FT,Electronics,Import,26.01,No
CONT05488,Tank,20FT,Textiles,Export,7.58,No
CONT05489,Dry,45FT,Electronics,Import,14.3,No
CONT05490,Reefer,40FT,Textiles,Export,22.65,Yes
CONT05491,Open Top,20FT,Electronics,Import,11.82,No
CONT05492,Tank,45FT,Textiles,Export,20.58,No
CONT05493,Dry,40FT,Electronics,Import,9.93,No
CONT05494,Reefer,20FT,Textiles,Export,12.09,No
CONT05495,Open Top,45FT,Electronics,Import,25.51,Yes
CONT05496,Tank,40FT,Textiles,Export,10.26,No
CONT05497,Dry,20FT,Electronics,Import,28.11,No
CONT05498,Reefer,45FT,Textiles,Export,11.66,No
CONT05499,Open Top,40FT,Electronics,Import,4.59,No
CONT05500,Tank,20FT,Textiles,Export,10.37,Yes
CONT05501,Dry,45FT,Electronics,Import,8.28,No
CONT05502,Reefer,40FT,Textiles,Export,16.67,No
CONT05503,Open Top,20FT,Electronics,Import,6.82,No
CONT05504,Tank,45FT,Textiles,Export,19.65,No
CONT05505,Dry,40FT,Electronics,Import,25.87,Yes
CONT05506,Reefer,20FT,Textiles,Export,13.06,No
CONT05507,Open Top,45FT,Electronics,Import,8.21,No
CONT05508,Tank,40FT,Textiles,Export,14.0,No
CONT05509,Dry,20FT,Electronics,Import,23.65,No
CONT05510,Reefer,45FT,Textiles,Export,18.79,Yes
CONT05511,Open Top,40FT,Electronics,Import,6.53,No
CONT05512,Tank,20FT,Textiles,Export,17.43,No
CONT05513,Dry,45FT,Electronics,Import,15.7,No
CONT05514,Reefer,40FT,Textiles,Export,12.18,No
CONT05515,Open Top,20FT,Electronics,Import,6.75,Yes
CONT05516,Tank,45FT,Textiles,Export,28.53,No
CONT05517,Dry,40FT,Electronics,Import,8.4,No
CONT05518,Reefer,20FT,Textiles,Export,8.82,No
CONT05519,Open Top,45FT,Electronics,Import,7.64,No
CONT05520,Tank,40FT,Textiles,Export,18.25,Yes
CONT05521,Dry,20FT,Electronics,Import,15.09,No
CONT05522,Reefer,45FT,Textiles,Export,10.24,No
CONT05523,Open Top,40FT,Electronics,Import,14.74,No
CONT05524,Tank,20FT,Textiles,Export,20.84,No
CONT05525,Dry,45FT,Electronics,Import,11.04,Yes
CONT05526,Reefer,40FT,Textiles,Export,26.88,No
CONT05527,Open Top,20FT,Electronics,Import,11.66,No
CONT05528,Tank,45FT,Textiles,Export,8.95,No
CONT05529,Dry,40FT,Electronics,Import,27.86,No
CONT05530,Reefer,20FT,Textiles,Export,24.26,Yes
CONT05531,Open Top,45FT,Electronics,Import,12.58,No
CONT05532,Tank,40FT,Textiles,Export,25.04,No
CONT05533,Dry,20FT,Electronics,Import,16.97,No
CONT05534,Reefer,45FT,Textiles,Export,12.67,No
CONT05535,Open Top,40FT,Electronics,Import,24.99,Yes
CONT05536,Tank,20FT,Textiles,Export,22.8,No
CONT05537,Dry,45FT,Electronics,Import,11.45,No
CONT05538,Reefer,40FT,Textiles,Export,19.17,No
CONT05539,Open Top,20FT,Electronics,Import,13.23,No
CONT05540,Tank,45FT,Textiles,Export,4.03,Yes
CONT05541,Dry,40FT,Electronics,Import,28.05,No
CONT05542,Reefer,20FT,Textiles,Export,17.74,No
CONT05543,Open Top,45FT,Electronics,Import,18.96,No
CONT05544,Tank,40FT,Textiles,Export,19.0,No
CONT05545,Dry,20FT,Electronics,Import,17.77,Yes
CONT05546,Reefer,45FT,Textiles,Export,11.25,No
CONT05547,Open Top,40FT,Electronics,Import,28.29,No
CONT05548,Tank,20FT,Textiles,Export,19.54,No
CONT05549,Dry,45FT,Electronics,Import,20.77,No
CONT05550,Reefer,40FT,Textiles,Export,15.37,Yes
CONT05551,Open Top,20FT,Electronics,Import,11.2,No
CONT05552,Tank,45FT,Textiles,Export,5.61,No
CONT05553,Dry,40FT,Electronics,Import,12.76,No
CONT05554,Reefer,20FT,Textiles,Export,8.4,No
CONT05555,Open Top,45FT,Electronics,Import,20.55,Yes
CONT05556,Tank,40FT,Textiles,Export,25.98,No
CONT05557,Dry,20FT,Electronics,Import,11.57,No
CONT05558,Reefer,45FT,Textiles,Export,12.32,No
CONT05559,Open Top,40FT,Electronics,Import,20.76,No
CONT05560,Tank,20FT,Textiles,Export,7.73,Yes
CONT05561,Dry,45FT,Electronics,Import,27.24,No
CONT05562,Reefer,40FT,Textiles,Export,13.1,No
CONT05563,Open Top,20FT,Electronics,Import,6.53,No
CONT05564,Tank,45FT,Textiles,Export,8.37,No
CONT05565,Dry,40FT,Electronics,Import,27.32,Yes
CONT05566,Reefer,20FT,Textiles,Export,10.18,No
CONT05567,Open Top,45FT,Electronics,Import,20.56,No
CONT05568,Tank,40FT,Textiles,Export,7.9,No
CONT05569,Dry,20FT,Electronics,Import,8.85,No
CONT05570,Reefer,45FT,Textiles,Export,25.98,Yes
CONT05571,Open Top,40FT,Electronics,Import,7.7,No
CONT05572,Tank,20FT,Textiles,Export,4.47,No
CONT05573,Dry,45FT,Electronics,Import,16.53,No
CONT05574,Reefer,40FT,Textiles,Export,25.57,No
CONT05575,Open Top,20FT,Electronics,Import,12.15,Yes
CONT05576,Tank,45FT,Textiles,Export,7.2,No
CONT05577,Dry,40FT,Electronics,Import,28.56,No
CONT05578,Reefer,20FT,Textiles,Export,20.92,No
CONT05579,Open Top,45FT,Electronics,Import,25.27,No
CONT05580,Tank,40FT,Textiles,Export,22.8,Yes
CONT05581,Dry,20FT,Electronics,Import,21.46,No
CONT05582,Reefer,45FT,Textiles,Export,13.61,No
CONT05583,Open Top,40FT,Electronics,Import,12.11,No
CONT05584,Tank,20FT,Textiles,Export,21.92,No
CONT05585,Dry,45FT,Electronics,Import,21.92,Yes
CONT05586,Reefer,40FT,Textiles,Export,27.76,No
CONT05587,Open Top,20FT,Electronics,Import,18.22,No
CONT05588,Tank,45FT,Textiles,Export,11.37,No
CONT05589,Dry,40FT,Electronics,Import,16.24,No
CONT05590,Reefer,20FT,Textiles,Export,19.34,Yes
CONT05591,Open Top,45FT,Electronics,Import,14.67,No
CONT05592,Tank,40FT,Textiles,Export,23.78,No
CONT05593,Dry,20FT,Electronics,Import,18.62,No
CONT05594,Reefer,45FT,Textiles,Export,4.24,No
CONT05595,Open Top,40FT,Electronics,Import,18.25,Yes
CONT05596,Tank,20FT,Textiles,Export,19.84,No
CONT05597,Dry,45FT,Electronics,Import,26.88,No
CONT05598,Reefer,40FT,Textiles,Export,14.34,No
CONT05599,Open Top,20FT,Electronics,Import,18.36,No
CONT05600,Tank,45FT,Textiles,Export,15.87,Yes
CONT05601,Dry,40FT,Electronics,Import,17.29,No
CONT05602,Reefer,20FT,Textiles,Export,5.68,No
CONT05603,Open Top,45FT,Electronics,Import,26.43,No
CONT05604,Tank,40FT,Textiles,Export,26.76,No
CONT05605,Dry,20FT,Electronics,Import,17.7,Yes
CONT05606,Reefer,45FT,Textiles,Export,17.91,No
CONT05607,Open Top,40FT,Electronics,Import,5.44,No
CONT05608,Tank,20FT,Textiles,Export,18.95,No
CONT05609,Dry,45FT,Electronics,Import,14.73,No
CONT05610,Reefer,40FT,Textiles,Export,21.73,Yes
CONT05611,Open Top,20FT,Electronics,Import,5.18,No
CONT05612,Tank,45FT,Textiles,Export,21.77,No
CONT05613,Dry,40FT,Electronics,Import,11.17,No
CONT05614,Reefer,20FT,Textiles,Export,20.29,No
CONT05615,Open Top,45FT,Electronics,Import,19.68,Yes
CONT05616,Tank,40FT,Textiles,Export,9.67,No
CONT05617,Dry,20FT,Electronics,Import,15.01,No
CONT05618,Reefer,45FT,Textiles,Export,24.89,No
CONT05619,Open Top,40FT,Electronics,Import,19.14,No
CONT05620,Tank,20FT,Textiles,Export,5.72,Yes
CONT05621,Dry,45FT,Electronics,Import,15.07,No
CONT05622,Reefer,40FT,Textiles,Export,11.79,No
CONT05623,Open Top,20FT,Electronics,Import,20.04,No
CONT05624,Tank,45FT,Textiles,Export,19.36,No
CONT05625,Dry,40FT,Electronics,Import,4.26,Yes
CONT05626,Reefer,20FT,Textiles,Export,19.19,No
CONT05627,Open Top,45FT,Electronics,Import,22.37,No
CONT05628,Tank,40FT,Textiles,Export,23.22,No
CONT05629,Dry,20FT,Electronics,Import,5.47,No
CONT05630,Reefer,45FT,Textiles,Export,11.59,Yes
CONT05631,Open Top,40FT,Electronics,Import,14.53,No
CONT05632,Tank,20FT,Textiles,Export,8.49,No
CONT05633,Dry,45FT,Electronics,Import,14.52,No
CONT05634,Reefer,40FT,Textiles,Export,5.78,No
CONT05635,Open Top,20FT,Electronics,Import,6.83,Yes
CONT05636,Tank,45FT,Textiles,Export,20.72,No
CONT05637,Dry,40FT,Electronics,Import,10.56,No
CONT05638,Reefer,20FT,Textiles,Export,21.79,No
CONT05639,Open Top,45FT,Electronics,Import,5.2,No
CONT05640,Tank,40FT,Textiles,Export,18.07,Yes
CONT05641,Dry,20FT,Electronics,Import,13.79,No
CONT05642,Reefer,45FT,Textiles,Export,23.92,No
CONT05643,Open Top,40FT,Electronics,Import,23.6,No
CONT05644,Tank,20FT,Textiles,Export,13.39,No
CONT05645,Dry,45FT,Electronics,Import,19.57,Yes
CONT05646,Reefer,40FT,Textiles,Export,9.69,No
CONT05647,Open Top,20FT,Electronics,Import,18.51,No
CONT05648,Tank,45FT,Textiles,Export,6.03,No
CONT05649,Dry,40FT,Electronics,Import,14.87,No
CONT05650,Reefer,20FT,Textiles,Export,8.57,Yes
CONT05651,Open Top,45FT,Electronics,Import,26.08,No
CONT05652,Tank,40FT,Textiles,Export,15.12,No
CONT05653,Dry,20FT,Electronics,Import,18.77,No
CONT05654,Reefer,45FT,Textiles,Export,13.01,No
CONT05655,Open Top,40FT,Electronics,Import,11.22,Yes
CONT05656,Tank,20FT,Textiles,Export,9.07,No
CONT05657,Dry,45FT,Electronics,Import,26.8,No
CONT05658,Reefer,40FT,Textiles,Export,23.99,No
CONT05659,Open Top,20FT,Electronics,Import,7.33,No
CONT05660,Tank,45FT,Textiles,Export,22.67,Yes
CONT05661,Dry,40FT,Electronics,Import,14.46,No
CONT05662,Reefer,20FT,Textiles,Export,4.38,No
CONT05663,Open Top,45FT,Electronics,Import,17.21,No
CONT05664,Tank,40FT,Textiles,Export,7.25,No
CONT05665,Dry,20FT,Electronics,Import,9.25,Yes
CONT05666,Reefer,45FT,Textiles,Export,21.4,No
CONT05667,Open Top,40FT,Electronics,Import,10.43,No
CONT05668,Tank,20FT,Textiles,Export,26.3,No
CONT05669,Dry,45FT,Electronics,Import,20.43,No
CONT05670,Reefer,40FT,Textiles,Export,24.81,Yes
CONT05671,Open Top,20FT,Electronics,Import,19.38,No
CONT05672,Tank,45FT,Textiles,Export,25.72,No
CONT05673,Dry,40FT,Electronics,Import,13.04,No
CONT05674,Reefer,20FT,Textiles,Export,17.73,No
CONT05675,Open Top,45FT,Electronics,Import,16.9,Yes
CONT05676,Tank,40FT,Textiles,Export,26.59,No
CONT05677,Dry,20FT,Electronics,Import,8.12,No
CONT05678,Reefer,45FT,Textiles,Export,18.45,No
CONT05679,Open Top,40FT,Electronics,Import,22.86,No
CONT05680,Tank,20FT,Textiles,Export,13.25,Yes
CONT05681,Dry,45FT,Electronics,Import,25.69,No
CONT05682,Reefer,40FT,Textiles,Export,13.33,No
CONT05683,Open Top,20FT,Electronics,Import,8.33,No
CONT05684,Tank,45FT,Textiles,Export,18.6,No
CONT05685,Dry,40FT,Electronics,Import,14.51,Yes
CONT05686,Reefer,20FT,Textiles,Export,4.38,No
CONT05687,Open Top,45FT,Electronics,Import,5.75,No
CONT05688,Tank,40FT,Textiles,Export,8.88,No
CONT05689,Dry,20FT,Electronics,Import,23.23,No
CONT05690,Reefer,45FT,Textiles,Export,26.3,Yes
CONT05691,Open Top,40FT,Electronics,Import,17.64,No
CONT05692,Tank,20FT,Textiles,Export,6.64,No
CONT05693,Dry,45FT,Electronics,Import,17.36,No
CONT05694,Reefer,40FT,Textiles,Export,25.39,No
CONT05695,Open Top,20FT,Electronics,Import,22.74,Yes
CONT05696,Tank,45FT,Textiles,Export,11.28,No
CONT05697,Dry,40FT,Electronics,Import,7.1,No
CONT05698,Reefer,20FT,Textiles,Export,26.52,No
CONT05699,Open Top,45FT,Electronics,Import,25.35,No
CONT05700,Tank,40FT,Textiles,Export,5.34,Yes
CONT05701,Dry,20FT,Electronics,Import,24.59,No
CONT05702,Reefer,45FT,Textiles,Export,6.43,No
CONT05703,Open Top,40FT,Electronics,Import,5.58,No
CONT05704,Tank,20FT,Textiles,Export,22.97,No
CONT05705,Dry,45FT,Electronics,Import,17.41,Yes
CONT05706,Reefer,40FT,Textiles,Export,14.36,No
CONT05707,Open Top,20FT,Electronics,Import,26.6,No
CONT05708,Tank,45FT,Textiles,Export,24.98,No
CONT05709,Dry,40FT,Electronics,Import,5.44,No
CONT05710,Reefer,20FT,Textiles,Export,19.4,Yes
CONT05711,Open Top,45FT,Electronics,Import,23.31,No
CONT05712,Tank,40FT,Textiles,Export,17.76,No
CONT05713,Dry,20FT,Electronics,Import,28.58,No
CONT05714,Reefer,45FT,Textiles,Export,21.15,No
CONT05715,Open Top,40FT,Electronics,Import,6.6,Yes
CONT05716,Tank,20FT,Textiles,Export,8.96,No
CONT05717,Dry,45FT,Electronics,Import,24.66,No
CONT05718,Reefer,40FT,Textiles,Export,28.92,No
CONT05719,Open Top,20FT,Electronics,Import,6.46,No
CONT05720,Tank,45FT,Textiles,Export,6.51,Yes
CONT05721,Dry,40FT,Electronics,Import,23.08,No
CONT05722,Reefer,20FT,Textiles,Export,5.61,No
CONT05723,Open Top,45FT,Electronics,Import,5.71,No
CONT05724,Tank,40FT,Textiles,Export,26.22,No
CONT05725,Dry,20FT,Electronics,Import,24.01,Yes
CONT05726,Reefer,45FT,Textiles,Export,26.04,No
CONT05727,Open Top,40FT,Electronics,Import,20.26,No
CONT05728,Tank,20FT,Textiles,Export,12.06,No
CONT05729,Dry,45FT,Electronics,Import,26.66,No
CONT05730,Reefer,40FT,Textiles,Export,11.47,Yes
CONT05731,Open Top,20FT,Electronics,Import,10.89,No
CONT05732,Tank,45FT,Textiles,Export,26.16,No
CONT05733,Dry,40FT,Electronics,Import,21.02,No
CONT05734,Reefer,20FT,Textiles,Export,26.39,No
CONT05735,Open Top,45FT,Electronics,Import,7.9,Yes
CONT05736,Tank,40FT,Textiles,Export,27.81,No
CONT05737,Dry,20FT,Electronics,Import,19.32,No
CONT05738,Reefer,45FT,Textiles,Export,20.7,No
CONT05739,Open Top,40FT,Electronics,Import,26.85,No
CONT05740,Tank,20FT,Textiles,Export,13.52,Yes
CONT05741,Dry,45FT,Electronics,Import,21.99,No
CONT05742,Reefer,40FT,Textiles,Export,20.01,No
CONT05743,Open Top,20FT,Electronics,Import,23.69,No
CONT05744,Tank,45FT,Textiles,Export,26.42,No
CONT05745,Dry,40FT,Electronics,Import,21.0,Yes
CONT05746,Reefer,20FT,Textiles,Export,5.69,No
CONT05747,Open Top,45FT,Electronics,Import,8.58,No
CONT05748,Tank,40FT,Textiles,Export,27.85,No
CONT05749,Dry,20FT,Electronics,Import,28.22,No
CONT05750,Reefer,45FT,Textiles,Export,28.19,Yes
CONT05751,Open Top,40FT,Electronics,Import,4.92,No
CONT05752,Tank,20FT,Textiles,Export,13.56,No
CONT05753,Dry,45FT,Electronics,Import,22.99,No
CONT05754,Reefer,40FT,Textiles,Export,22.82,No
CONT05755,Open Top,20FT,Electronics,Import,6.15,Yes
CONT05756,Tank,45FT,Textiles,Export,19.24,No
CONT05757,Dry,40FT,Electronics,Import,7.57,No
CONT05758,Reefer,20FT,Textiles,Export,16.33,No
CONT05759,Open Top,45FT,Electronics,Import,9.99,No
CONT05760,Tank,40FT,Textiles,Export,5.33,Yes
CONT05761,Dry,20FT,Electronics,Import,6.0,No
CONT05762,Reefer,45FT,Textiles,Export,26.77,No
CONT05763,Open Top,40FT,Electronics,Import,22.62,No
CONT05764,Tank,20FT,Textiles,Export,27.3,No
CONT05765,Dry,45FT,Electronics,Import,15.75,Yes
CONT05766,Reefer,40FT,Textiles,Export,14.33,No
CONT05767,Open Top,20FT,Electronics,Import,12.96,No
CONT05768,Tank,45FT,Textiles,Export,19.41,No
CONT05769,Dry,40FT,Electronics,Import,12.79,No
CONT05770,Reefer,20FT,Textiles,Export,22.66,Yes
CONT05771,Open Top,45FT,Electronics,Import,24.03,No
CONT05772,Tank,40FT,Textiles,Export,25.9,No
CONT05773,Dry,20FT,Electronics,Import,10.07,No
CONT05774,Reefer,45FT,Textiles,Export,17.18,No
CONT05775,Open Top,40FT,Electronics,Import,9.59,Yes
CONT05776,Tank,20FT,Textiles,Export,4.94,No
CONT05777,Dry,45FT,Electronics,Import,21.7,No
CONT05778,Reefer,40FT,Textiles,Export,17.72,No
CONT05779,Open Top,20FT,Electronics,Import,22.1,No
CONT05780,Tank,45FT,Textiles,Export,6.19,Yes
CONT05781,Dry,40FT,Electronics,Import,28.89,No
CONT05782,Reefer,20FT,Textiles,Export,28.86,No
CONT05783,Open Top,45FT,Electronics,Import,15.62,No
CONT05784,Tank,40FT,Textiles,Export,25.65,No
CONT05785,Dry,20FT,Electronics,Import,10.09,Yes
CONT05786,Reefer,45FT,Textiles,Export,22.44,No
CONT05787,Open Top,40FT,Electronics,Import,25.98,No
CONT05788,Tank,20FT,Textiles,Export,24.37,No
CONT05789,Dry,45FT,Electronics,Import,24.29,No
CONT05790,Reefer,40FT,Textiles,Export,15.58,Yes
CONT05791,Open Top,20FT,Electronics,Import,24.5,No
CONT05792,Tank,45FT,Textiles,Export,21.27,No
CONT05793,Dry,40FT,Electronics,Import,7.31,No
CONT05794,Reefer,20FT,Textiles,Export,6.85,No
CONT05795,Open Top,45FT,Electronics,Import,23.3,Yes
CONT05796,Tank,40FT,Textiles,Export,19.64,No
CONT05797,Dry,20FT,Electronics,Import,16.98,No
CONT05798,Reefer,45FT,Textiles,Export,26.68,No
CONT05799,Open Top,40FT,Electronics,Import,20.49,No
CONT05800,Tank,20FT,Textiles,Export,13.9,Yes
CONT05801,Dry,45FT,Electronics,Import,14.35,No
CONT05802,Reefer,40FT,Textiles,Export,19.13,No
CONT05803,Open Top,20FT,Electronics,Import,23.01,No
CONT05804,Tank,45FT,Textiles,Export,18.11,No
CONT05805,Dry,40FT,Electronics,Import,16.72,Yes
CONT05806,Reefer,20FT,Textiles,Export,22.17,No
CONT05807,Open Top,45FT,Electronics,Import,21.63,No
CONT05808,Tank,40FT,Textiles,Export,24.76,No
CONT05809,Dry,20FT,Electronics,Import,5.56,No
CONT05810,Reefer,45FT,Textiles,Export,22.87,Yes
CONT05811,Open Top,40FT,Electronics,Import,16.84,No
CONT05812,Tank,20FT,Textiles,Export,5.87,No
CONT05813,Dry,45FT,Electronics,Import,20.98,No
CONT05814,Reefer,40FT,Textiles,Export,21.91,No
CONT05815,Open Top,20FT,Electronics,Import,17.09,Yes
CONT05816,Tank,45FT,Textiles,Export,23.84,No
CONT05817,Dry,40FT,Electronics,Import,11.51,No
CONT05818,Reefer,20FT,Textiles,Export,9.05,No
CONT05819,Open Top,45FT,Electronics,Import,12.77,No
CONT05820,Tank,40FT,Textiles,Export,14.25,Yes
CONT05821,Dry,20FT,Electronics,Import,21.4,No
CONT05822,Reefer,45FT,Textiles,Export,25.14,No
CONT05823,Open Top,40FT,Electronics,Import,22.02,No
CONT05824,Tank,20FT,Textiles,Export,8.35,No
CONT05825,Dry,45FT,Electronics,Import,13.16,Yes
CONT05826,Reefer,40FT,Textiles,Export,7.96,No
CONT05827,Open Top,20FT,Electronics,Import,21.17,No
CONT05828,Tank,45FT,Textiles,Export,10.2,No
CONT05829,Dry,40FT,Electronics,Import,17.13,No
CONT05830,Reefer,20FT,Textiles,Export,23.8,Yes
CONT05831,Open Top,45FT,Electronics,Import,20.77,No
CONT05832,Tank,40FT,Textiles,Export,11.46,No
CONT05833,Dry,20FT,Electronics,Import,12.32,No
CONT05834,Reefer,45FT,Textiles,Export,20.33,No
CONT05835,Open Top,40FT,Electronics,Import,17.74,Yes
CONT05836,Tank,20FT,Textiles,Export,6.41,No
CONT05837,Dry,45FT,Electronics,Import,25.85,No
CONT05838,Reefer,40FT,Textiles,Export,16.82,No
CONT05839,Open Top,20FT,Electronics,Import,15.83,No
CONT05840,Tank,45FT,Textiles,Export,8.96,Yes
CONT05841,Dry,40FT,Electronics,Import,13.42,No
CONT05842,Reefer,20FT,Textiles,Export,12.32,No
CONT05843,Open Top,45FT,Electronics,Import,10.77,No
CONT05844,Tank,40FT,Textiles,Export,18.19,No
CONT05845,Dry,20FT,Electronics,Import,15.56,Yes
CONT05846,Reefer,45FT,Textiles,Export,26.23,No
CONT05847,Open Top,40FT,Electronics,Import,27.53,No
CONT05848,Tank,20FT,Textiles,Export,9.49,No
CONT05849,Dry,45FT,Electronics,Import,6.5,No
CONT05850,Reefer,40FT,Textiles,Export,23.63,Yes
CONT05851,Open Top,20FT,Electronics,Import,28.87,No
CONT05852,Tank,45FT,Textiles,Export,25.59,No
CONT05853,Dry,40FT,Electronics,Import,4.59,No
CONT05854,Reefer,20FT,Textiles,Export,10.28,No
CONT05855,Open Top,45FT,Electronics,Import,5.08,Yes
CONT05856,Tank,40FT,Textiles,Export,24.52,No
CONT05857,Dry,20FT,Electronics,Import,18.54,No
CONT05858,Reefer,45FT,Textiles,Export,16.84,No
CONT05859,Open Top,40FT,Electronics,Import,17.86,No
CONT05860,Tank,20FT,Textiles,Export,10.31,Yes
CONT05861,Dry,45FT,Electronics,Import,19.04,No
CONT05862,Reefer,40FT,Textiles,Export,4.77,No
CONT05863,Open Top,20FT,Electronics,Import,20.15,No
CONT05864,Tank,45FT,Textiles,Export,22.36,No
CONT05865,Dry,40FT,Electronics,Import,20.83,Yes
CONT05866,Reefer,20FT,Textiles,Export,12.3,No
CONT05867,Open Top,45FT,Electronics,Import,24.66,No
CONT05868,Tank,40FT,Textiles,Export,21.89,No
CONT05869,Dry,20FT,Electronics,Import,7.21,No
CONT05870,Reefer,45FT,Textiles,Export,8.88,Yes
CONT05871,Open Top,40FT,Electronics,Import,19.93,No
CONT05872,Tank,20FT,Textiles,Export,11.24,No
CONT05873,Dry,45FT,Electronics,Import,6.99,No
CONT05874,Reefer,40FT,Textiles,Export,7.87,No
CONT05875,Open Top,20FT,Electronics,Import,8.14,Yes
CONT05876,Tank,45FT,Textiles,Export,15.94,No
CONT05877,Dry,40FT,Electronics,Import,19.18,No
CONT05878,Reefer,20FT,Textiles,Export,8.41,No
CONT05879,Open Top,45FT,Electronics,Import,21.81,No
CONT05880,Tank,40FT,Textiles,Export,11.03,Yes
CONT05881,Dry,20FT,Electronics,Import,11.79,No
CONT05882,Reefer,45FT,Textiles,Export,9.59,No
CONT05883,Open Top,40FT,Electronics,Import,23.63,No
CONT05884,Tank,20FT,Textiles,Export,28.0,No
CONT05885,Dry,45FT,Electronics,Import,16.31,Yes
CONT05886,Reefer,40FT,Textiles,Export,5.05,No
CONT05887,Open Top,20FT,Electronics,Import,10.51,No
CONT05888,Tank,45FT,Textiles,Export,7.95,No
CONT05889,Dry,40FT,Electronics,Import,25.07,No
CONT05890,Reefer,20FT,Textiles,Export,6.12,Yes
CONT05891,Open Top,45FT,Electronics,Import,28.16,No
CONT05892,Tank,40FT,Textiles,Export,18.71,No
CONT05893,Dry,20FT,Electronics,Import,16.94,No
CONT05894,Reefer,45FT,Textiles,Export,25.18,No
CONT05895,Open Top,40FT,Electronics,Import,4.69,Yes
CONT05896,Tank,20FT,Textiles,Export,23.43,No
CONT05897,Dry,45FT,Electronics,Import,6.92,No
CONT05898,Reefer,40FT,Textiles,Export,25.02,No
CONT05899,Open Top,20FT,Electronics,Import,17.23,No
CONT05900,Tank,45FT,Textiles,Export,5.53,Yes
CONT05901,Dry,40FT,Electronics,Import,24.83,No
CONT05902,Reefer,20FT,Textiles,Export,4.68,No
CONT05903,Open Top,45FT,Electronics,Import,7.46,No
CONT05904,Tank,40FT,Textiles,Export,23.95,No
CONT05905,Dry,20FT,Electronics,Import,15.62,Yes
CONT05906,Reefer,45FT,Textiles,Export,26.03,No
CONT05907,Open Top,40FT,Electronics,Import,19.89,No
CONT05908,Tank,20FT,Textiles,Export,19.59,No
CONT05909,Dry,45FT,Electronics,Import,11.31,No
CONT05910,Reefer,40FT,Textiles,Export,7.34,Yes
CONT05911,Open Top,20FT,Electronics,Import,28.03,No
CONT05912,Tank,45FT,Textiles,Export,6.62,No
CONT05913,Dry,40FT,Electronics,Import,17.23,No
CONT05914,Reefer,20FT,Textiles,Export,10.81,No
CONT05915,Open Top,45FT,Electronics,Import,10.6,Yes
CONT05916,Tank,40FT,Textiles,Export,18.86,No
CONT05917,Dry,20FT,Electronics,Import,23.95,No
CONT05918,Reefer,45FT,Textiles,Export,23.43,No
CONT05919,Open Top,40FT,Electronics,Import,25.72,No
CONT05920,Tank,20FT,Textiles,Export,11.32,Yes
CONT05921,Dry,45FT,Electronics,Import,15.64,No
CONT05922,Reefer,40FT,Textiles,Export,4.23,No
CONT05923,Open Top,20FT,Electronics,Import,22.67,No
CONT05924,Tank,45FT,Textiles,Export,11.56,No
CONT05925,Dry,40FT,Electronics,Import,18.04,Yes
CONT05926,Reefer,20FT,Textiles,Export,8.23,No
CONT05927,Open Top,45FT,Electronics,Import,24.48,No
CONT05928,Tank,40FT,Textiles,Export,24.43,No
CONT05929,Dry,20FT,Electronics,Import,25.94,No
CONT05930,Reefer,45FT,Textiles,Export,5.15,Yes
CONT05931,Open Top,40FT,Electronics,Import,28.81,No
CONT05932,Tank,20FT,Textiles,Export,10.19,No
CONT05933,Dry,45FT,Electronics,Import,11.74,No
CONT05934,Reefer,40FT,Textiles,Export,10.23,No
CONT05935,Open Top,20FT,Electronics,Import,10.69,Yes
CONT05936,Tank,45FT,Textiles,Export,17.82,No
CONT05937,Dry,40FT,Electronics,Import,10.0,No
CONT05938,Reefer,20FT,Textiles,Export,13.84,No
CONT05939,Open Top,45FT,Electronics,Import,20.39,No
CONT05940,Tank,40FT,Textiles,Export,24.9,Yes
CONT05941,Dry,20FT,Electronics,Import,21.32,No
CONT05942,Reefer,45FT,Textiles,Export,18.86,No
CONT05943,Open Top,40FT,Electronics,Import,7.69,No
CONT05944,Tank,20FT,Textiles,Export,24.4,No
CONT05945,Dry,45FT,Electronics,Import,4.93,Yes
CONT05946,Reefer,40FT,Textiles,Export,10.6,No
CONT05947,Open Top,20FT,Electronics,Import,5.43,No
CONT05948,Tank,45FT,Textiles,Export,20.69,No
CONT05949,Dry,40FT,Electronics,Import,13.21,No
CONT05950,Reefer,20FT,Textiles,Export,20.3,Yes
CONT05951,Open Top,45FT,Electronics,Import,12.68,No
CONT05952,Tank,40FT,Textiles,Export,15.39,No
CONT05953,Dry,20FT,Electronics,Import,15.45,No
CONT05954,Reefer,45FT,Textiles,Export,5.14,No
CONT05955,Open Top,40FT,Electronics,Import,14.76,Yes
CONT05956,Tank,20FT,Textiles,Export,20.03,No
CONT05957,Dry,45FT,Electronics,Import,17.65,No
CONT05958,Reefer,40FT,Textiles,Export,5.88,No
CONT05959,Open Top,20FT,Electronics,Import,20.7,No
CONT05960,Tank,45FT,Textiles,Export,11.72,Yes
CONT05961,Dry,40FT,Electronics,Import,4.36,No
CONT05962,Reefer,20FT,Textiles,Export,7.89,No
CONT05963,Open Top,45FT,Electronics,Import,16.44,No
CONT05964,Tank,40FT,Textiles,Export,11.76,No
CONT05965,Dry,20FT,Electronics,Import,21.36,Yes
CONT05966,Reefer,45FT,Textiles,Export,10.02,No
CONT05967,Open Top,40FT,Electronics,Import,23.32,No
CONT05968,Tank,20FT,Textiles,Export,11.16,No
CONT05969,Dry,45FT,Electronics,Import,19.52,No
CONT05970,Reefer,40FT,Textiles,Export,23.98,Yes
CONT05971,Open Top,20FT,Electronics,Import,13.64,No
CONT05972,Tank,45FT,Textiles,Export,5.17,No
CONT05973,Dry,40FT,Electronics,Import,17.39,No
CONT05974,Reefer,20FT,Textiles,Export,28.89,No
CONT05975,Open Top,45FT,Electronics,Import,28.22,Yes
CONT05976,Tank,40FT,Textiles,Export,9.53,No
CONT05977,Dry,20FT,Electronics,Import,22.89,No
CONT05978,Reefer,45FT,Textiles,Export,12.62,No
CONT05979,Open Top,40FT,Electronics,Import,8.01,No
CONT05980,Tank,20FT,Textiles,Export,20.65,Yes
CONT05981,Dry,45FT,Electronics,Import,16.52,No
CONT05982,Reefer,40FT,Textiles,Export,17.48,No
CONT05983,Open Top,20FT,Electronics,Import,24.68,No
CONT05984,Tank,45FT,Textiles,Export,12.41,No
CONT05985,Dry,40FT,Electronics,Import,20.68,Yes
CONT05986,Reefer,20FT,Textiles,Export,13.15,No
CONT05987,Open Top,45FT,Electronics,Import,5.07,No
CONT05988,Tank,40FT,Textiles,Export,13.45,No
CONT05989,Dry,20FT,Electronics,Import,27.75,No
CONT05990,Reefer,45FT,Textiles,Export,16.08,Yes
CONT05991,Open Top,40FT,Electronics,Import,6.71,No
CONT05992,Tank,20FT,Textiles,Export,21.2,No
CONT05993,Dry,45FT,Electronics,Import,28.08,No
CONT05994,Reefer,40FT,Textiles,Export,26.7,No
CONT05995,Open Top,20FT,Electronics,Import,18.3,Yes
CONT05996,Tank,45FT,Textiles,Export,13.41,No
CONT05997,Dry,40FT,Electronics,Import,18.52,No
CONT05998,Reefer,20FT,Textiles,Export,24.4,No
CONT05999,Open Top,45FT,Electronics,Import,25.53,No
CONT06000,Tank,40FT,Textiles,Export,24.47,Yes
CONT06001,Dry,20FT,Electronics,Import,15.39,No
CONT06002,Reefer,45FT,Textiles,Export,6.97,No
CONT06003,Open Top,40FT,Electronics,Import,18.23,No
CONT06004,Tank,20FT,Textiles,Export,7.91,No
CONT06005,Dry,45FT,Electronics,Import,5.52,Yes
CONT06006,Reefer,40FT,Textiles,Export,16.47,No
CONT06007,Open Top,20FT,Electronics,Import,20.38,No
CONT06008,Tank,45FT,Textiles,Export,25.35,No
CONT06009,Dry,40FT,Electronics,Import,23.57,No
CONT06010,Reefer,20FT,Textiles,Export,25.43,Yes
CONT06011,Open Top,45FT,Electronics,Import,23.0,No
CONT06012,Tank,40FT,Textiles,Export,21.58,No
CONT06013,Dry,20FT,Electronics,Import,4.25,No
CONT06014,Reefer,45FT,Textiles,Export,19.65,No
CONT06015,Open Top,40FT,Electronics,Import,7.01,Yes
CONT06016,Tank,20FT,Textiles,Export,5.47,No
CONT06017,Dry,45FT,Electronics,Import,7.91,No
CONT06018,Reefer,40FT,Textiles,Export,24.58,No
CONT06019,Open Top,20FT,Electronics,Import,22.6,No
CONT06020,Tank,45FT,Textiles,Export,27.72,Yes
CONT06021,Dry,40FT,Electronics,Import,28.47,No
CONT06022,Reefer,20FT,Textiles,Export,26.33,No
CONT06023,Open Top,45FT,Electronics,Import,7.32,No
CONT06024,Tank,40FT,Textiles,Export,25.96,No
CONT06025,Dry,20FT,Electronics,Import,24.97,Yes
CONT06026,Reefer,45FT,Textiles,Export,25.78,No
CONT06027,Open Top,40FT,Electronics,Import,7.79,No
CONT06028,Tank,20FT,Textiles,Export,6.92,No
CONT06029,Dry,45FT,Electronics,Import,27.1,No
CONT06030,Reefer,40FT,Textiles,Export,8.35,Yes
CONT06031,Open Top,20FT,Electronics,Import,13.22,No
CONT06032,Tank,45FT,Textiles,Export,15.4,No
CONT06033,Dry,40FT,Electronics,Import,7.11,No
CONT06034,Reefer,20FT,Textiles,Export,4.52,No
CONT06035,Open Top,45FT,Electronics,Import,28.85,Yes
CONT06036,Tank,40FT,Textiles,Export,25.92,No
CONT06037,Dry,20FT,Electronics,Import,26.81,No
CONT06038,Reefer,45FT,Textiles,Export,11.11,No
CONT06039,Open Top,40FT,Electronics,Import,9.5,No
CONT06040,Tank,20FT,Textiles,Export,14.65,Yes
CONT06041,Dry,45FT,Electronics,Import,15.33,No
CONT06042,Reefer,40FT,Textiles,Export,4.14,No
CONT06043,Open Top,20FT,Electronics,Import,23.48,No
CONT06044,Tank,45FT,Textiles,Export,28.92,No
CONT06045,Dry,40FT,Electronics,Import,17.22,Yes
CONT06046,Reefer,20FT,Textiles,Export,13.71,No
CONT06047,Open Top,45FT,Electronics,Import,13.82,No
CONT06048,Tank,40FT,Textiles,Export,6.4,No
CONT06049,Dry,20FT,Electronics,Import,10.65,No
CONT06050,Reefer,45FT,Textiles,Export,16.55,Yes
CONT06051,Open Top,40FT,Electronics,Import,14.8,No
CONT06052,Tank,20FT,Textiles,Export,17.63,No
CONT06053,Dry,45FT,Electronics,Import,25.23,No
CONT06054,Reefer,40FT,Textiles,Export,9.63,No
CONT06055,Open Top,20FT,Electronics,Import,4.69,Yes
CONT06056,Tank,45FT,Textiles,Export,4.96,No
CONT06057,Dry,40FT,Electronics,Import,7.35,No
CONT06058,Reefer,20FT,Textiles,Export,18.26,No
CONT06059,Open Top,45FT,Electronics,Import,24.2,No
CONT06060,Tank,40FT,Textiles,Export,26.17,Yes
CONT06061,Dry,20FT,Electronics,Import,19.88,No
CONT06062,Reefer,45FT,Textiles,Export,14.08,No
CONT06063,Open Top,40FT,Electronics,Import,7.86,No
CONT06064,Tank,20FT,Textiles,Export,14.04,No
CONT06065,Dry,45FT,Electronics,Import,12.31,Yes
CONT06066,Reefer,40FT,Textiles,Export,25.75,No
CONT06067,Open Top,20FT,Electronics,Import,16.17,No
CONT06068,Tank,45FT,Textiles,Export,9.65,No
CONT06069,Dry,40FT,Electronics,Import,11.22,No
CONT06070,Reefer,20FT,Textiles,Export,7.41,Yes
CONT06071,Open Top,45FT,Electronics,Import,26.96,No
CONT06072,Tank,40FT,Textiles,Export,5.26,No
CONT06073,Dry,20FT,Electronics,Import,4.32,No
CONT06074,Reefer,45FT,Textiles,Export,8.57,No
CONT06075,Open Top,40FT,Electronics,Import,24.27,Yes
CONT06076,Tank,20FT,Textiles,Export,17.09,No
CONT06077,Dry,45FT,Electronics,Import,19.65,No
CONT06078,Reefer,40FT,Textiles,Export,12.94,No
CONT06079,Open Top,20FT,Electronics,Import,5.72,No
CONT06080,Tank,45FT,Textiles,Export,25.4,Yes
CONT06081,Dry,40FT,Electronics,Import,8.8,No
CONT06082,Reefer,20FT,Textiles,Export,4.83,No
CONT06083,Open Top,45FT,Electronics,Import,18.32,No
CONT06084,Tank,40FT,Textiles,Export,6.08,No
CONT06085,Dry,20FT,Electronics,Import,6.39,Yes
CONT06086,Reefer,45FT,Textiles,Export,24.01,No
CONT06087,Open Top,40FT,Electronics,Import,16.29,No
CONT06088,Tank,20FT,Textiles,Export,10.04,No
CONT06089,Dry,45FT,Electronics,Import,12.72,No
CONT06090,Reefer,40FT,Textiles,Export,22.23,Yes
CONT06091,Open Top,20FT,Electronics,Import,5.66,No
CONT06092,Tank,45FT,Textiles,Export,6.91,No
CONT06093,Dry,40FT,Electronics,Import,19.41,No
CONT06094,Reefer,20FT,Textiles,Export,19.17,No
CONT06095,Open Top,45FT,Electronics,Import,28.31,Yes
CONT06096,Tank,40FT,Textiles,Export,13.36,No
CONT06097,Dry,20FT,Electronics,Import,5.63,No
CONT06098,Reefer,45FT,Textiles,Export,17.44,No
CONT06099,Open Top,40FT,Electronics,Import,19.96,No
CONT06100,Tank,20FT,Textiles,Export,7.49,Yes
CONT06101,Dry,45FT,Electronics,Import,17.82,No
CONT06102,Reefer,40FT,Textiles,Export,8.94,No
CONT06103,Open Top,20FT,Electronics,Import,25.12,No
CONT06104,Tank,45FT,Textiles,Export,24.88,No
CONT06105,Dry,40FT,Electronics,Import,14.74,Yes
CONT06106,Reefer,20FT,Textiles,Export,28.17,No
CONT06107,Open Top,45FT,Electronics,Import,28.49,No
CONT06108,Tank,40FT,Textiles,Export,7.23,No
CONT06109,Dry,20FT,Electronics,Import,13.19,No
CONT06110,Reefer,45FT,Textiles,Export,19.01,Yes
CONT06111,Open Top,40FT,Electronics,Import,6.12,No
CONT06112,Tank,20FT,Textiles,Export,13.57,No
CONT06113,Dry,45FT,Electronics,Import,10.53,No
CONT06114,Reefer,40FT,Textiles,Export,27.8,No
CONT06115,Open Top,20FT,Electronics,Import,14.29,Yes
CONT06116,Tank,45FT,Textiles,Export,23.07,No
CONT06117,Dry,40FT,Electronics,Import,13.67,No
CONT06118,Reefer,20FT,Textiles,Export,7.3,No
CONT06119,Open Top,45FT,Electronics,Import,25.58,No
CONT06120,Tank,40FT,Textiles,Export,4.01,Yes
CONT06121,Dry,20FT,Electronics,Import,5.4,No
CONT06122,Reefer,45FT,Textiles,Export,13.11,No
CONT06123,Open Top,40FT,Electronics,Import,21.17,No
CONT06124,Tank,20FT,Textiles,Export,12.54,No
CONT06125,Dry,45FT,Electronics,Import,5.66,Yes
CONT06126,Reefer,40FT,Textiles,Export,11.95,No
CONT06127,Open Top,20FT,Electronics,Import,10.12,No
CONT06128,Tank,45FT,Textiles,Export,4.14,No
CONT06129,Dry,40FT,Electronics,Import,17.37,No
CONT06130,Reefer,20FT,Textiles,Export,6.92,Yes
CONT06131,Open Top,45FT,Electronics,Import,11.19,No
CONT06132,Tank,40FT,Textiles,Export,20.03,No
CONT06133,Dry,20FT,Electronics,Import,22.13,No
CONT06134,Reefer,45FT,Textiles,Export,10.59,No
CONT06135,Open Top,40FT,Electronics,Import,12.23,Yes
CONT06136,Tank,20FT,Textiles,Export,10.17,No
CONT06137,Dry,45FT,Electronics,Import,27.92,No
CONT06138,Reefer,40FT,Textiles,Export,8.76,No
CONT06139,Open Top,20FT,Electronics,Import,8.58,No
CONT06140,Tank,45FT,Textiles,Export,15.13,Yes
CONT06141,Dry,40FT,Electronics,Import,8.73,No
CONT06142,Reefer,20FT,Textiles,Export,7.92,No
CONT06143,Open Top,45FT,Electronics,Import,6.4,No
CONT06144,Tank,40FT,Textiles,Export,20.0,No
CONT06145,Dry,20FT,Electronics,Import,19.3,Yes
CONT06146,Reefer,45FT,Textiles,Export,20.25,No
CONT06147,Open Top,40FT,Electronics,Import,23.33,No
CONT06148,Tank,20FT,Textiles,Export,12.16,No
CONT06149,Dry,45FT,Electronics,Import,26.96,No
CONT06150,Reefer,40FT,Textiles,Export,22.33,Yes
CONT06151,Open Top,20FT,Electronics,Import,24.12,No
CONT06152,Tank,45FT,Textiles,Export,22.02,No
CONT06153,Dry,40FT,Electronics,Import,12.96,No
CONT06154,Reefer,20FT,Textiles,Export,11.08,No
CONT06155,Open Top,45FT,Electronics,Import,14.56,Yes
CONT06156,Tank,40FT,Textiles,Export,6.43,No
CONT06157,Dry,20FT,Electronics,Import,15.28,No
CONT06158,Reefer,45FT,Textiles,Export,5.08,No
CONT06159,Open Top,40FT,Electronics,Import,4.1,No
CONT06160,Tank,20FT,Textiles,Export,27.29,Yes
CONT06161,Dry,45FT,Electronics,Import,21.23,No
CONT06162,Reefer,40FT,Textiles,Export,18.05,No
CONT06163,Open Top,20FT,Electronics,Import,12.53,No
CONT06164,Tank,45FT,Textiles,Export,18.26,No
CONT06165,Dry,40FT,Electronics,Import,26.29,Yes
CONT06166,Reefer,20FT,Textiles,Export,20.31,No
CONT06167,Open Top,45FT,Electronics,Import,19.06,No
CONT06168,Tank,40FT,Textiles,Export,15.51,No
CONT06169,Dry,20FT,Electronics,Import,12.64,No
CONT06170,Reefer,45FT,Textiles,Export,21.46,Yes
CONT06171,Open Top,40FT,Electronics,Import,28.52,No
CONT06172,Tank,20FT,Textiles,Export,14.62,No
CONT06173,Dry,45FT,Electronics,Import,13.81,No
CONT06174,Reefer,40FT,Textiles,Export,14.7,No
CONT06175,Open Top,20FT,Electronics,Import,14.64,Yes
CONT06176,Tank,45FT,Textiles,Export,28.77,No
CONT06177,Dry,40FT,Electronics,Import,21.67,No
CONT06178,Reefer,20FT,Textiles,Export,12.98,No
CONT06179,Open Top,45FT,Electronics,Import,13.29,No
CONT06180,Tank,40FT,Textiles,Export,14.77,Yes
CONT06181,Dry,20FT,Electronics,Import,4.92,No
CONT06182,Reefer,45FT,Textiles,Export,17.2,No
CONT06183,Open Top,40FT,Electronics,Import,24.28,No
CONT06184,Tank,20FT,Textiles,Export,20.51,No
CONT06185,Dry,45FT,Electronics,Import,8.96,Yes
CONT06186,Reefer,40FT,Textiles,Export,22.2,No
CONT06187,Open Top,20FT,Electronics,Import,21.99,No
CONT06188,Tank,45FT,Textiles,Export,10.56,No
CONT06189,Dry,40FT,Electronics,Import,19.57,No
CONT06190,Reefer,20FT,Textiles,Export,19.27,Yes
CONT06191,Open Top,45FT,Electronics,Import,24.99,No
CONT06192,Tank,40FT,Textiles,Export,7.4,No
CONT06193,Dry,20FT,Electronics,Import,8.87,No
CONT06194,Reefer,45FT,Textiles,Export,16.15,No
CONT06195,Open Top,40FT,Electronics,Import,5.1,Yes
CONT06196,Tank,20FT,Textiles,Export,14.39,No
CONT06197,Dry,45FT,Electronics,Import,23.71,No
CONT06198,Reefer,40FT,Textiles,Export,7.72,No
CONT06199,Open Top,20FT,Electronics,Import,15.5,No
CONT06200,Tank,45FT,Textiles,Export,28.74,Yes
CONT06201,Dry,40FT,Electronics,Import,16.65,No
CONT06202,Reefer,20FT,Textiles,Export,16.46,No
CONT06203,Open Top,45FT,Electronics,Import,17.97,No
CONT06204,Tank,40FT,Textiles,Export,8.65,No
CONT06205,Dry,20FT,Electronics,Import,7.68,Yes
CONT06206,Reefer,45FT,Textiles,Export,20.93,No
CONT06207,Open Top,40FT,Electronics,Import,13.89,No
CONT06208,Tank,20FT,Textiles,Export,11.25,No
CONT06209,Dry,45FT,Electronics,Import,4.78,No
CONT06210,Reefer,40FT,Textiles,Export,25.15,Yes
CONT06211,Open Top,20FT,Electronics,Import,4.81,No
CONT06212,Tank,45FT,Textiles,Export,22.75,No
CONT06213,Dry,40FT,Electronics,Import,13.55,No
CONT06214,Reefer,20FT,Textiles,Export,18.97,No
CONT06215,Open Top,45FT,Electronics,Import,10.19,Yes
CONT06216,Tank,40FT,Textiles,Export,7.88,No
CONT06217,Dry,20FT,Electronics,Import,17.33,No
CONT06218,Reefer,45FT,Textiles,Export,21.39,No
CONT06219,Open Top,40FT,Electronics,Import,8.89,No
CONT06220,Tank,20FT,Textiles,Export,14.91,Yes
CONT06221,Dry,45FT,Electronics,Import,15.12,No
CONT06222,Reefer,40FT,Textiles,Export,9.4,No
CONT06223,Open Top,20FT,Electronics,Import,18.13,No
CONT06224,Tank,45FT,Textiles,Export,7.65,No
CONT06225,Dry,40FT,Electronics,Import,16.74,Yes
CONT06226,Reefer,20FT,Textiles,Export,6.84,No
CONT06227,Open Top,45FT,Electronics,Import,16.14,No
CONT06228,Tank,40FT,Textiles,Export,11.79,No
CONT06229,Dry,20FT,Electronics,Import,15.31,No
CONT06230,Reefer,45FT,Textiles,Export,14.84,Yes
CONT06231,Open Top,40FT,Electronics,Import,26.7,No
CONT06232,Tank,20FT,Textiles,Export,16.25,No
CONT06233,Dry,45FT,Electronics,Import,24.46,No
CONT06234,Reefer,40FT,Textiles,Export,9.64,No
CONT06235,Open Top,20FT,Electronics,Import,12.8,Yes
CONT06236,Tank,45FT,Textiles,Export,5.88,No
CONT06237,Dry,40FT,Electronics,Import,14.52,No
CONT06238,Reefer,20FT,Textiles,Export,20.72,No
CONT06239,Open Top,45FT,Electronics,Import,24.95,No
CONT06240,Tank,40FT,Textiles,Export,18.15,Yes
CONT06241,Dry,20FT,Electronics,Import,20.0,No
CONT06242,Reefer,45FT,Textiles,Export,8.43,No
CONT06243,Open Top,40FT,Electronics,Import,4.93,No
CONT06244,Tank,20FT,Textiles,Export,23.79,No
CONT06245,Dry,45FT,Electronics,Import,8.18,Yes
CONT06246,Reefer,40FT,Textiles,Export,6.28,No
CONT06247,Open Top,20FT,Electronics,Import,27.44,No
CONT06248,Tank,45FT,Textiles,Export,28.09,No
CONT06249,Dry,40FT,Electronics,Import,19.41,No
CONT06250,Reefer,20FT,Textiles,Export,13.47,Yes
CONT06251,Open Top,45FT,Electronics,Import,24.83,No
CONT06252,Tank,40FT,Textiles,Export,9.12,No
CONT06253,Dry,20FT,Electronics,Import,14.73,No
CONT06254,Reefer,45FT,Textiles,Export,12.93,No
CONT06255,Open Top,40FT,Electronics,Import,26.82,Yes
CONT06256,Tank,20FT,Textiles,Export,26.99,No
CONT06257,Dry,45FT,Electronics,Import,20.27,No
CONT06258,Reefer,40FT,Textiles,Export,6.77,No
CONT06259,Open Top,20FT,Electronics,Import,16.05,No
CONT06260,Tank,45FT,Textiles,Export,10.13,Yes
CONT06261,Dry,40FT,Electronics,Import,26.12,No
CONT06262,Reefer,20FT,Textiles,Export,7.46,No
CONT06263,Open Top,45FT,Electronics,Import,5.36,No
CONT06264,Tank,40FT,Textiles,Export,21.61,No
CONT06265,Dry,20FT,Electronics,Import,15.33,Yes
CONT06266,Reefer,45FT,Textiles,Export,24.96,No
CONT06267,Open Top,40FT,Electronics,Import,5.87,No
CONT06268,Tank,20FT,Textiles,Export,24.03,No
CONT06269,Dry,45FT,Electronics,Import,4.93,No
CONT06270,Reefer,40FT,Textiles,Export,4.7,Yes
CONT06271,Open Top,20FT,Electronics,Import,15.53,No
CONT06272,Tank,45FT,Textiles,Export,9.53,No
CONT06273,Dry,40FT,Electronics,Import,18.84,No
CONT06274,Reefer,20FT,Textiles,Export,4.65,No
CONT06275,Open Top,45FT,Electronics,Import,4.88,Yes
CONT06276,Tank,40FT,Textiles,Export,22.18,No
CONT06277,Dry,20FT,Electronics,Import,9.25,No
CONT06278,Reefer,45FT,Textiles,Export,20.41,No
CONT06279,Open Top,40FT,Electronics,Import,22.75,No
CONT06280,Tank,20FT,Textiles,Export,5.48,Yes
CONT06281,Dry,45FT,Electronics,Import,23.24,No
CONT06282,Reefer,40FT,Textiles,Export,10.71,No
CONT06283,Open Top,20FT,Electronics,Import,13.74,No
CONT06284,Tank,45FT,Textiles,Export,6.17,No
CONT06285,Dry,40FT,Electronics,Import,24.97,Yes
CONT06286,Reefer,20FT,Textiles,Export,18.02,No
CONT06287,Open Top,45FT,Electronics,Import,16.62,No
CONT06288,Tank,40FT,Textiles,Export,28.21,No
CONT06289,Dry,20FT,Electronics,Import,12.36,No
CONT06290,Reefer,45FT,Textiles,Export,26.27,Yes
CONT06291,Open Top,40FT,Electronics,Import,21.99,No
CONT06292,Tank,20FT,Textiles,Export,27.21,No
CONT06293,Dry,45FT,Electronics,Import,26.7,No
CONT06294,Reefer,40FT,Textiles,Export,28.78,No
CONT06295,Open Top,20FT,Electronics,Import,7.29,Yes
CONT06296,Tank,45FT,Textiles,Export,23.9,No
CONT06297,Dry,40FT,Electronics,Import,24.11,No
CONT06298,Reefer,20FT,Textiles,Export,20.11,No
CONT06299,Open Top,45FT,Electronics,Import,10.97,No
CONT06300,Tank,40FT,Textiles,Export,28.13,Yes
CONT06301,Dry,20FT,Electronics,Import,9.11,No
CONT06302,Reefer,45FT,Textiles,Export,16.49,No
CONT06303,Open Top,40FT,Electronics,Import,17.04,No
CONT06304,Tank,20FT,Textiles,Export,8.05,No
CONT06305,Dry,45FT,Electronics,Import,22.06,Yes
CONT06306,Reefer,40FT,Textiles,Export,6.22,No
CONT06307,Open Top,20FT,Electronics,Import,21.33,No
CONT06308,Tank,45FT,Textiles,Export,25.22,No
CONT06309,Dry,40FT,Electronics,Import,12.73,No
CONT06310,Reefer,20FT,Textiles,Export,21.74,Yes
CONT06311,Open Top,45FT,Electronics,Import,7.92,No
CONT06312,Tank,40FT,Textiles,Export,25.15,No
CONT06313,Dry,20FT,Electronics,Import,27.8,No
CONT06314,Reefer,45FT,Textiles,Export,7.82,No
CONT06315,Open Top,40FT,Electronics,Import,21.3,Yes
CONT06316,Tank,20FT,Textiles,Export,16.65,No
CONT06317,Dry,45FT,Electronics,Import,17.29,No
CONT06318,Reefer,40FT,Textiles,Export,21.66,No
CONT06319,Open Top,20FT,Electronics,Import,16.22,No
CONT06320,Tank,45FT,Textiles,Export,19.01,Yes
CONT06321,Dry,40FT,Electronics,Import,9.77,No
CONT06322,Reefer,20FT,Textiles,Export,13.46,No
CONT06323,Open Top,45FT,Electronics,Import,25.63,No
CONT06324,Tank,40FT,Textiles,Export,6.75,No
CONT06325,Dry,20FT,Electronics,Import,18.94,Yes
CONT06326,Reefer,45FT,Textiles,Export,8.61,No
CONT06327,Open Top,40FT,Electronics,Import,25.16,No
CONT06328,Tank,20FT,Textiles,Export,18.48,No
CONT06329,Dry,45FT,Electronics,Import,14.08,No
CONT06330,Reefer,40FT,Textiles,Export,10.25,Yes
CONT06331,Open Top,20FT,Electronics,Import,14.92,No
CONT06332,Tank,45FT,Textiles,Export,27.94,No
CONT06333,Dry,40FT,Electronics,Import,16.73,No
CONT06334,Reefer,20FT,Textiles,Export,15.74,No
CONT06335,Open Top,45FT,Electronics,Import,22.66,Yes
CONT06336,Tank,40FT,Textiles,Export,13.48,No
CONT06337,Dry,20FT,Electronics,Import,14.69,No
CONT06338,Reefer,45FT,Textiles,Export,12.42,No
CONT06339,Open Top,40FT,Electronics,Import,7.77,No
CONT06340,Tank,20FT,Textiles,Export,21.85,Yes
CONT06341,Dry,45FT,Electronics,Import,25.83,No
CONT06342,Reefer,40FT,Textiles,Export,26.64,No
CONT06343,Open Top,20FT,Electronics,Import,26.02,No
CONT06344,Tank,45FT,Textiles,Export,15.29,No
CONT06345,Dry,40FT,Electronics,Import,11.1,Yes
CONT06346,Reefer,20FT,Textiles,Export,19.95,No
CONT06347,Open Top,45FT,Electronics,Import,27.87,No
CONT06348,Tank,40FT,Textiles,Export,22.18,No
CONT06349,Dry,20FT,Electronics,Import,16.37,No
CONT06350,Reefer,45FT,Textiles,Export,21.22,Yes
CONT06351,Open Top,40FT,Electronics,Import,23.31,No
CONT06352,Tank,20FT,Textiles,Export,26.98,No
CONT06353,Dry,45FT,Electronics,Import,23.08,No
CONT06354,Reefer,40FT,Textiles,Export,14.83,No
CONT06355,Open Top,20FT,Electronics,Import,10.84,Yes
CONT06356,Tank,45FT,Textiles,Export,16.5,No
CONT06357,Dry,40FT,Electronics,Import,12.2,No
CONT06358,Reefer,20FT,Textiles,Export,27.57,No
CONT06359,Open Top,45FT,Electronics,Import,16.7,No
CONT06360,Tank,40FT,Textiles,Export,15.8,Yes
CONT06361,Dry,20FT,Electronics,Import,12.7,No
CONT06362,Reefer,45FT,Textiles,Export,19.99,No
CONT06363,Open Top,40FT,Electronics,Import,17.0,No
CONT06364,Tank,20FT,Textiles,Export,7.23,No
CONT06365,Dry,45FT,Electronics,Import,25.73,Yes
CONT06366,Reefer,40FT,Textiles,Export,12.98,No
CONT06367,Open Top,20FT,Electronics,Import,14.81,No
CONT06368,Tank,45FT,Textiles,Export,9.14,No
CONT06369,Dry,40FT,Electronics,Import,17.83,No
CONT06370,Reefer,20FT,Textiles,Export,21.55,Yes
CONT06371,Open Top,45FT,Electronics,Import,26.03,No
CONT06372,Tank,40FT,Textiles,Export,5.29,No
CONT06373,Dry,20FT,Electronics,Import,28.33,No
CONT06374,Reefer,45FT,Textiles,Export,21.6,No
CONT06375,Open Top,40FT,Electronics,Import,11.11,Yes
CONT06376,Tank,20FT,Textiles,Export,9.11,No
CONT06377,Dry,45FT,Electronics,Import,11.4,No
CONT06378,Reefer,40FT,Textiles,Export,25.89,No
CONT06379,Open Top,20FT,Electronics,Import,11.28,No
CONT06380,Tank,45FT,Textiles,Export,15.57,Yes
CONT06381,Dry,40FT,Electronics,Import,21.64,No
CONT06382,Reefer,20FT,Textiles,Export,25.8,No
CONT06383,Open Top,45FT,Electronics,Import,20.46,No
CONT06384,Tank,40FT,Textiles,Export,22.83,No
CONT06385,Dry,20FT,Electronics,Import,8.33,Yes
CONT06386,Reefer,45FT,Textiles,Export,25.94,No
CONT06387,Open Top,40FT,Electronics,Import,10.89,No
CONT06388,Tank,20FT,Textiles,Export,7.21,No
CONT06389,Dry,45FT,Electronics,Import,28.41,No
CONT06390,Reefer,40FT,Textiles,Export,9.04,Yes
CONT06391,Open Top,20FT,Electronics,Import,7.42,No
CONT06392,Tank,45FT,Textiles,Export,19.65,No
CONT06393,Dry,40FT,Electronics,Import,11.97,No
CONT06394,Reefer,20FT,Textiles,Export,7.33,No
CONT06395,Open Top,45FT,Electronics,Import,19.03,Yes
CONT06396,Tank,40FT,Textiles,Export,22.97,No
CONT06397,Dry,20FT,Electronics,Import,23.83,No
CONT06398,Reefer,45FT,Textiles,Export,7.89,No
CONT06399,Open Top,40FT,Electronics,Import,17.92,No
CONT06400,Tank,20FT,Textiles,Export,24.34,Yes
CONT06401,Dry,45FT,Electronics,Import,8.03,No
CONT06402,Reefer,40FT,Textiles,Export,9.19,No
CONT06403,Open Top,20FT,Electronics,Import,4.06,No
CONT06404,Tank,45FT,Textiles,Export,17.12,No
CONT06405,Dry,40FT,Electronics,Import,8.87,Yes
CONT06406,Reefer,20FT,Textiles,Export,22.11,No
CONT06407,Open Top,45FT,Electronics,Import,28.06,No
CONT06408,Tank,40FT,Textiles,Export,9.22,No
CONT06409,Dry,20FT,Electronics,Import,20.23,No
CONT06410,Reefer,45FT,Textiles,Export,9.3,Yes
CONT06411,Open Top,40FT,Electronics,Import,4.45,No
CONT06412,Tank,20FT,Textiles,Export,22.96,No
CONT06413,Dry,45FT,Electronics,Import,14.85,No
CONT06414,Reefer,40FT,Textiles,Export,27.67,No
CONT06415,Open Top,20FT,Electronics,Import,17.36,Yes
CONT06416,Tank,45FT,Textiles,Export,7.94,No
CONT06417,Dry,40FT,Electronics,Import,15.24,No
CONT06418,Reefer,20FT,Textiles,Export,9.07,No
CONT06419,Open Top,45FT,Electronics,Import,25.95,No
CONT06420,Tank,40FT,Textiles,Export,21.27,Yes
CONT06421,Dry,20FT,Electronics,Import,12.53,No
CONT06422,Reefer,45FT,Textiles,Export,17.2,No
CONT06423,Open Top,40FT,Electronics,Import,20.74,No
CONT06424,Tank,20FT,Textiles,Export,23.57,No
CONT06425,Dry,45FT,Electronics,Import,6.0,Yes
CONT06426,Reefer,40FT,Textiles,Export,4.56,No
CONT06427,Open Top,20FT,Electronics,Import,6.86,No
CONT06428,Tank,45FT,Textiles,Export,13.87,No
CONT06429,Dry,40FT,Electronics,Import,15.67,No
CONT06430,Reefer,20FT,Textiles,Export,7.41,Yes
CONT06431,Open Top,45FT,Electronics,Import,14.28,No
CONT06432,Tank,40FT,Textiles,Export,15.04,No
CONT06433,Dry,20FT,Electronics,Import,6.73,No
CONT06434,Reefer,45FT,Textiles,Export,26.92,No
CONT06435,Open Top,40FT,Electronics,Import,18.98,Yes
CONT06436,Tank,20FT,Textiles,Export,13.71,No
CONT06437,Dry,45FT,Electronics,Import,16.67,No
CONT06438,Reefer,40FT,Textiles,Export,11.85,No
CONT06439,Open Top,20FT,Electronics,Import,25.36,No
CONT06440,Tank,45FT,Textiles,Export,18.38,Yes
CONT06441,Dry,40FT,Electronics,Import,16.37,No
CONT06442,Reefer,20FT,Textiles,Export,26.77,No
CONT06443,Open Top,45FT,Electronics,Import,24.95,No
CONT06444,Tank,40FT,Textiles,Export,24.32,No
CONT06445,Dry,20FT,Electronics,Import,9.64,Yes
CONT06446,Reefer,45FT,Textiles,Export,7.83,No
CONT06447,Open Top,40FT,Electronics,Import,21.25,No
CONT06448,Tank,20FT,Textiles,Export,15.72,No
CONT06449,Dry,45FT,Electronics,Import,21.09,No
CONT06450,Reefer,40FT,Textiles,Export,23.02,Yes
CONT06451,Open Top,20FT,Electronics,Import,11.38,No
CONT06452,Tank,45FT,Textiles,Export,11.12,No
CONT06453,Dry,40FT,Electronics,Import,16.27,No
CONT06454,Reefer,20FT,Textiles,Export,10.84,No
CONT06455,Open Top,45FT,Electronics,Import,20.68,Yes
CONT06456,Tank,40FT,Textiles,Export,22.67,No
CONT06457,Dry,20FT,Electronics,Import,15.8,No
CONT06458,Reefer,45FT,Textiles,Export,22.09,No
CONT06459,Open Top,40FT,Electronics,Import,16.76,No
CONT06460,Tank,20FT,Textiles,Export,21.82,Yes
CONT06461,Dry,45FT,Electronics,Import,9.62,No
CONT06462,Reefer,40FT,Textiles,Export,22.47,No
CONT06463,Open Top,20FT,Electronics,Import,21.88,No
CONT06464,Tank,45FT,Textiles,Export,10.67,No
CONT06465,Dry,40FT,Electronics,Import,17.9,Yes
CONT06466,Reefer,20FT,Textiles,Export,25.38,No
CONT06467,Open Top,45FT,Electronics,Import,10.24,No
CONT06468,Tank,40FT,Textiles,Export,22.4,No
CONT06469,Dry,20FT,Electronics,Import,27.85,No
CONT06470,Reefer,45FT,Textiles,Export,25.66,Yes
CONT06471,Open Top,40FT,Electronics,Import,14.04,No
CONT06472,Tank,20FT,Textiles,Export,19.18,No
CONT06473,Dry,45FT,Electronics,Import,28.79,No
CONT06474,Reefer,40FT,Textiles,Export,18.21,No
CONT06475,Open Top,20FT,Electronics,Import,6.88,Yes
CONT06476,Tank,45FT,Textiles,Export,5.14,No
CONT06477,Dry,40FT,Electronics,Import,23.76,No
CONT06478,Reefer,20FT,Textiles,Export,14.59,No
CONT06479,Open Top,45FT,Electronics,Import,10.17,No
CONT06480,Tank,40FT,Textiles,Export,12.69,Yes
CONT06481,Dry,20FT,Electronics,Import,22.93,No
CONT06482,Reefer,45FT,Textiles,Export,15.63,No
CONT06483,Open Top,40FT,Electronics,Import,25.71,No
CONT06484,Tank,20FT,Textiles,Export,22.37,No
CONT06485,Dry,45FT,Electronics,Import,28.35,Yes
CONT06486,Reefer,40FT,Textiles,Export,26.21,No
CONT06487,Open Top,20FT,Electronics,Import,10.36,No
CONT06488,Tank,45FT,Textiles,Export,20.48,No
CONT06489,Dry,40FT,Electronics,Import,4.51,No
CONT06490,Reefer,20FT,Textiles,Export,28.78,Yes
CONT06491,Open Top,45FT,Electronics,Import,10.53,No
CONT06492,Tank,40FT,Textiles,Export,20.62,No
CONT06493,Dry,20FT,Electronics,Import,25.23,No
CONT06494,Reefer,45FT,Textiles,Export,8.01,No
CONT06495,Open Top,40FT,Electronics,Import,25.2,Yes
CONT06496,Tank,20FT,Textiles,Export,4.31,No
CONT06497,Dry,45FT,Electronics,Import,15.05,No
CONT06498,Reefer,40FT,Textiles,Export,15.8,No
CONT06499,Open Top,20FT,Electronics,Import,13.35,No
CONT06500,Tank,45FT,Textiles,Export,18.66,Yes
CONT06501,Dry,40FT,Electronics,Import,26.87,No
CONT06502,Reefer,20FT,Textiles,Export,12.17,No
CONT06503,Open Top,45FT,Electronics,Import,18.48,No
CONT06504,Tank,40FT,Textiles,Export,25.94,No
CONT06505,Dry,20FT,Electronics,Import,23.32,Yes
CONT06506,Reefer,45FT,Textiles,Export,5.02,No
CONT06507,Open Top,40FT,Electronics,Import,27.57,No
CONT06508,Tank,20FT,Textiles,Export,5.17,No
CONT06509,Dry,45FT,Electronics,Import,18.72,No
CONT06510,Reefer,40FT,Textiles,Export,18.38,Yes
CONT06511,Open Top,20FT,Electronics,Import,23.66,No
CONT06512,Tank,45FT,Textiles,Export,7.71,No
CONT06513,Dry,40FT,Electronics,Import,8.48,No
CONT06514,Reefer,20FT,Textiles,Export,22.8,No
CONT06515,Open Top,45FT,Electronics,Import,7.74,Yes
CONT06516,Tank,40FT,Textiles,Export,15.74,No
CONT06517,Dry,20FT,Electronics,Import,22.29,No
CONT06518,Reefer,45FT,Textiles,Export,20.28,No
CONT06519,Open Top,40FT,Electronics,Import,9.27,No
CONT06520,Tank,20FT,Textiles,Export,11.6,Yes
CONT06521,Dry,45FT,Electronics,Import,28.22,No
CONT06522,Reefer,40FT,Textiles,Export,15.22,No
CONT06523,Open Top,20FT,Electronics,Import,5.11,No
CONT06524,Tank,45FT,Textiles,Export,9.49,No
CONT06525,Dry,40FT,Electronics,Import,12.56,Yes
CONT06526,Reefer,20FT,Textiles,Export,28.99,No
CONT06527,Open Top,45FT,Electronics,Import,11.57,No
CONT06528,Tank,40FT,Textiles,Export,4.66,No
CONT06529,Dry,20FT,Electronics,Import,16.82,No
CONT06530,Reefer,45FT,Textiles,Export,6.09,Yes
CONT06531,Open Top,40FT,Electronics,Import,10.85,No
CONT06532,Tank,20FT,Textiles,Export,28.81,No
CONT06533,Dry,45FT,Electronics,Import,21.62,No
CONT06534,Reefer,40FT,Textiles,Export,5.27,No
CONT06535,Open Top,20FT,Electronics,Import,15.22,Yes
CONT06536,Tank,45FT,Textiles,Export,8.29,No
CONT06537,Dry,40FT,Electronics,Import,7.07,No
CONT06538,Reefer,20FT,Textiles,Export,18.68,No
CONT06539,Open Top,45FT,Electronics,Import,16.64,No
CONT06540,Tank,40FT,Textiles,Export,22.57,Yes
CONT06541,Dry,20FT,Electronics,Import,26.31,No
CONT06542,Reefer,45FT,Textiles,Export,10.17,No
CONT06543,Open Top,40FT,Electronics,Import,27.07,No
CONT06544,Tank,20FT,Textiles,Export,16.95,No
CONT06545,Dry,45FT,Electronics,Import,10.47,Yes
CONT06546,Reefer,40FT,Textiles,Export,25.14,No
CONT06547,Open Top,20FT,Electronics,Import,4.89,No
CONT06548,Tank,45FT,Textiles,Export,17.99,No
CONT06549,Dry,40FT,Electronics,Import,22.04,No
CONT06550,Reefer,20FT,Textiles,Export,11.0,Yes
CONT06551,Open Top,45FT,Electronics,Import,25.59,No
CONT06552,Tank,40FT,Textiles,Export,10.01,No
CONT06553,Dry,20FT,Electronics,Import,25.0,No
CONT06554,Reefer,45FT,Textiles,Export,5.96,No
CONT06555,Open Top,40FT,Electronics,Import,8.0,Yes
CONT06556,Tank,20FT,Textiles,Export,13.52,No
CONT06557,Dry,45FT,Electronics,Import,25.35,No
CONT06558,Reefer,40FT,Textiles,Export,7.61,No
CONT06559,Open Top,20FT,Electronics,Import,25.89,No
CONT06560,Tank,45FT,Textiles,Export,9.74,Yes
CONT06561,Dry,40FT,Electronics,Import,15.31,No
CONT06562,Reefer,20FT,Textiles,Export,12.82,No
CONT06563,Open Top,45FT,Electronics,Import,6.95,No
CONT06564,Tank,40FT,Textiles,Export,27.61,No
CONT06565,Dry,20FT,Electronics,Import,14.95,Yes
CONT06566,Reefer,45FT,Textiles,Export,21.26,No
CONT06567,Open Top,40FT,Electronics,Import,18.38,No
CONT06568,Tank,20FT,Textiles,Export,16.54,No
CONT06569,Dry,45FT,Electronics,Import,19.41,No
CONT06570,Reefer,40FT,Textiles,Export,26.46,Yes
CONT06571,Open Top,20FT,Electronics,Import,21.48,No
CONT06572,Tank,45FT,Textiles,Export,17.31,No
CONT06573,Dry,40FT,Electronics,Import,20.13,No
CONT06574,Reefer,20FT,Textiles,Export,19.16,No
CONT06575,Open Top,45FT,Electronics,Import,14.83,Yes
CONT06576,Tank,40FT,Textiles,Export,19.62,No
CONT06577,Dry,20FT,Electronics,Import,15.09,No
CONT06578,Reefer,45FT,Textiles,Export,22.94,No
CONT06579,Open Top,40FT,Electronics,Import,28.22,No
CONT06580,Tank,20FT,Textiles,Export,28.0,Yes
CONT06581,Dry,45FT,Electronics,Import,24.52,No
CONT06582,Reefer,40FT,Textiles,Export,19.04,No
CONT06583,Open Top,20FT,Electronics,Import,22.73,No
CONT06584,Tank,45FT,Textiles,Export,8.45,No
CONT06585,Dry,40FT,Electronics,Import,15.98,Yes
CONT06586,Reefer,20FT,Textiles,Export,10.43,No
CONT06587,Open Top,45FT,Electronics,Import,4.09,No
CONT06588,Tank,40FT,Textiles,Export,28.17,No
CONT06589,Dry,20FT,Electronics,Import,25.6,No
CONT06590,Reefer,45FT,Textiles,Export,16.84,Yes
CONT06591,Open Top,40FT,Electronics,Import,10.35,No
CONT06592,Tank,20FT,Textiles,Export,21.32,No
CONT06593,Dry,45FT,Electronics,Import,14.87,No
CONT06594,Reefer,40FT,Textiles,Export,24.08,No
CONT06595,Open Top,20FT,Electronics,Import,28.99,Yes
CONT06596,Tank,45FT,Textiles,Export,12.73,No
CONT06597,Dry,40FT,Electronics,Import,10.11,No
CONT06598,Reefer,20FT,Textiles,Export,10.68,No
CONT06599,Open Top,45FT,Electronics,Import,6.33,No
CONT06600,Tank,40FT,Textiles,Export,13.85,Yes
CONT06601,Dry,20FT,Electronics,Import,4.44,No
CONT06602,Reefer,45FT,Textiles,Export,6.86,No
CONT06603,Open Top,40FT,Electronics,Import,10.79,No
CONT06604,Tank,20FT,Textiles,Export,8.0,No
CONT06605,Dry,45FT,Electronics,Import,22.3,Yes
CONT06606,Reefer,40FT,Textiles,Export,6.64,No
CONT06607,Open Top,20FT,Electronics,Import,25.65,No
CONT06608,Tank,45FT,Textiles,Export,9.53,No
CONT06609,Dry,40FT,Electronics,Import,6.71,No
CONT06610,Reefer,20FT,Textiles,Export,4.25,Yes
CONT06611,Open Top,45FT,Electronics,Import,21.88,No
CONT06612,Tank,40FT,Textiles,Export,10.42,No
CONT06613,Dry,20FT,Electronics,Import,16.74,No
CONT06614,Reefer,45FT,Textiles,Export,6.79,No
CONT06615,Open Top,40FT,Electronics,Import,28.63,Yes
CONT06616,Tank,20FT,Textiles,Export,7.13,No
CONT06617,Dry,45FT,Electronics,Import,14.3,No
CONT06618,Reefer,40FT,Textiles,Export,25.29,No
CONT06619,Open Top,20FT,Electronics,Import,10.12,No
CONT06620,Tank,45FT,Textiles,Export,10.67,Yes
CONT06621,Dry,40FT,Electronics,Import,24.21,No
CONT06622,Reefer,20FT,Textiles,Export,10.83,No
CONT06623,Open Top,45FT,Electronics,Import,4.07,No
CONT06624,Tank,40FT,Textiles,Export,14.7,No
CONT06625,Dry,20FT,Electronics,Import,4.31,Yes
CONT06626,Reefer,45FT,Textiles,Export,26.74,No
CONT06627,Open Top,40FT,Electronics,Import,20.05,No
CONT06628,Tank,20FT,Textiles,Export,18.58,No
CONT06629,Dry,45FT,Electronics,Import,9.04,No
CONT06630,Reefer,40FT,Textiles,Export,21.5,Yes
CONT06631,Open Top,20FT,Electronics,Import,20.93,No
CONT06632,Tank,45FT,Textiles,Export,5.51,No
CONT06633,Dry,40FT,Electronics,Import,26.02,No
CONT06634,Reefer,20FT,Textiles,Export,18.49,No
CONT06635,Open Top,45FT,Electronics,Import,23.81,Yes
CONT06636,Tank,40FT,Textiles,Export,10.57,No
CONT06637,Dry,20FT,Electronics,Import,7.05,No
CONT06638,Reefer,45FT,Textiles,Export,21.56,No
CONT06639,Open Top,40FT,Electronics,Import,23.85,No
CONT06640,Tank,20FT,Textiles,Export,13.65,Yes
CONT06641,Dry,45FT,Electronics,Import,4.59,No
CONT06642,Reefer,40FT,Textiles,Export,24.46,No
CONT06643,Open Top,20FT,Electronics,Import,9.15,No
CONT06644,Tank,45FT,Textiles,Export,12.48,No
CONT06645,Dry,40FT,Electronics,Import,19.71,Yes
CONT06646,Reefer,20FT,Textiles,Export,6.5,No
CONT06647,Open Top,45FT,Electronics,Import,5.8,No
CONT06648,Tank,40FT,Textiles,Export,4.64,No
CONT06649,Dry,20FT,Electronics,Import,26.92,No
CONT06650,Reefer,45FT,Textiles,Export,11.78,Yes
CONT06651,Open Top,40FT,Electronics,Import,20.52,No
CONT06652,Tank,20FT,Textiles,Export,28.73,No
CONT06653,Dry,45FT,Electronics,Import,20.74,No
CONT06654,Reefer,40FT,Textiles,Export,17.13,No
CONT06655,Open Top,20FT,Electronics,Import,17.02,Yes
CONT06656,Tank,45FT,Textiles,Export,13.42,No
CONT06657,Dry,40FT,Electronics,Import,18.99,No
CONT06658,Reefer,20FT,Textiles,Export,27.97,No
CONT06659,Open Top,45FT,Electronics,Import,23.7,No
CONT06660,Tank,40FT,Textiles,Export,14.61,Yes
CONT06661,Dry,20FT,Electronics,Import,12.31,No
CONT06662,Reefer,45FT,Textiles,Export,26.09,No
CONT06663,Open Top,40FT,Electronics,Import,7.39,No
CONT06664,Tank,20FT,Textiles,Export,25.24,No
CONT06665,Dry,45FT,Electronics,Import,10.38,Yes
CONT06666,Reefer,40FT,Textiles,Export,21.89,No
CONT06667,Open Top,20FT,Electronics,Import,24.16,No
CONT06668,Tank,45FT,Textiles,Export,15.92,No
CONT06669,Dry,40FT,Electronics,Import,8.81,No
CONT06670,Reefer,20FT,Textiles,Export,25.12,Yes
CONT06671,Open Top,45FT,Electronics,Import,13.19,No
CONT06672,Tank,40FT,Textiles,Export,12.02,No
CONT06673,Dry,20FT,Electronics,Import,16.75,No
CONT06674,Reefer,45FT,Textiles,Export,14.88,No
CONT06675,Open Top,40FT,Electronics,Import,21.08,Yes
CONT06676,Tank,20FT,Textiles,Export,7.43,No
CONT06677,Dry,45FT,Electronics,Import,14.89,No
CONT06678,Reefer,40FT,Textiles,Export,26.29,No
CONT06679,Open Top,20FT,Electronics,Import,4.9,No
CONT06680,Tank,45FT,Textiles,Export,15.43,Yes
CONT06681,Dry,40FT,Electronics,Import,20.51,No
CONT06682,Reefer,20FT,Textiles,Export,26.19,No
CONT06683,Open Top,45FT,Electronics,Import,18.84,No
CONT06684,Tank,40FT,Textiles,Export,24.61,No
CONT06685,Dry,20FT,Electronics,Import,9.57,Yes
CONT06686,Reefer,45FT,Textiles,Export,12.82,No
CONT06687,Open Top,40FT,Electronics,Import,27.55,No
CONT06688,Tank,20FT,Textiles,Export,26.15,No
CONT06689,Dry,45FT,Electronics,Import,17.95,No
CONT06690,Reefer,40FT,Textiles,Export,15.89,Yes
CONT06691,Open Top,20FT,Electronics,Import,15.28,No
CONT06692,Tank,45FT,Textiles,Export,5.47,No
CONT06693,Dry,40FT,Electronics,Import,26.31,No
CONT06694,Reefer,20FT,Textiles,Export,24.45,No
CONT06695,Open Top,45FT,Electronics,Import,15.41,Yes
CONT06696,Tank,40FT,Textiles,Export,10.99,No
CONT06697,Dry,20FT,Electronics,Import,12.57,No
CONT06698,Reefer,45FT,Textiles,Export,7.08,No
CONT06699,Open Top,40FT,Electronics,Import,22.04,No
CONT06700,Tank,20FT,Textiles,Export,17.92,Yes
CONT06701,Dry,45FT,Electronics,Import,9.85,No
CONT06702,Reefer,40FT,Textiles,Export,19.58,No
CONT06703,Open Top,20FT,Electronics,Import,28.48,No
CONT06704,Tank,45FT,Textiles,Export,7.06,No
CONT06705,Dry,40FT,Electronics,Import,15.46,Yes
CONT06706,Reefer,20FT,Textiles,Export,16.35,No
CONT06707,Open Top,45FT,Electronics,Import,8.17,No
CONT06708,Tank,40FT,Textiles,Export,17.29,No
CONT06709,Dry,20FT,Electronics,Import,19.15,No
CONT06710,Reefer,45FT,Textiles,Export,7.93,Yes
CONT06711,Open Top,40FT,Electronics,Import,7.87,No
CONT06712,Tank,20FT,Textiles,Export,25.41,No
CONT06713,Dry,45FT,Electronics,Import,11.78,No
CONT06714,Reefer,40FT,Textiles,Export,19.76,No
CONT06715,Open Top,20FT,Electronics,Import,19.67,Yes
CONT06716,Tank,45FT,Textiles,Export,24.98,No
CONT06717,Dry,40FT,Electronics,Import,22.5,No
CONT06718,Reefer,20FT,Textiles,Export,25.01,No
CONT06719,Open Top,45FT,Electronics,Import,19.63,No
CONT06720,Tank,40FT,Textiles,Export,15.24,Yes
CONT06721,Dry,20FT,Electronics,Import,13.84,No
CONT06722,Reefer,45FT,Textiles,Export,13.48,No
CONT06723,Open Top,40FT,Electronics,Import,14.46,No
CONT06724,Tank,20FT,Textiles,Export,7.23,No
CONT06725,Dry,45FT,Electronics,Import,14.6,Yes
CONT06726,Reefer,40FT,Textiles,Export,13.74,No
CONT06727,Open Top,20FT,Electronics,Import,4.86,No
CONT06728,Tank,45FT,Textiles,Export,10.88,No
CONT06729,Dry,40FT,Electronics,Import,22.8,No
CONT06730,Reefer,20FT,Textiles,Export,18.45,Yes
CONT06731,Open Top,45FT,Electronics,Import,24.15,No
CONT06732,Tank,40FT,Textiles,Export,17.57,No
CONT06733,Dry,20FT,Electronics,Import,25.35,No
CONT06734,Reefer,45FT,Textiles,Export,23.9,No
CONT06735,Open Top,40FT,Electronics,Import,6.46,Yes
CONT06736,Tank,20FT,Textiles,Export,28.43,No
CONT06737,Dry,45FT,Electronics,Import,4.37,No
CONT06738,Reefer,40FT,Textiles,Export,18.92,No
CONT06739,Open Top,20FT,Electronics,Import,23.81,No
CONT06740,Tank,45FT,Textiles,Export,12.3,Yes
CONT06741,Dry,40FT,Electronics,Import,18.96,No
CONT06742,Reefer,20FT,Textiles,Export,13.05,No
CONT06743,Open Top,45FT,Electronics,Import,5.52,No
CONT06744,Tank,40FT,Textiles,Export,4.21,No
CONT06745,Dry,20FT,Electronics,Import,6.37,Yes
CONT06746,Reefer,45FT,Textiles,Export,6.46,No
CONT06747,Open Top,40FT,Electronics,Import,19.27,No
CONT06748,Tank,20FT,Textiles,Export,17.15,No
CONT06749,Dry,45FT,Electronics,Import,15.39,No
CONT06750,Reefer,40FT,Textiles,Export,21.3,Yes
CONT06751,Open Top,20FT,Electronics,Import,4.42,No
CONT06752,Tank,45FT,Textiles,Export,10.77,No
CONT06753,Dry,40FT,Electronics,Import,23.43,No
CONT06754,Reefer,20FT,Textiles,Export,26.75,No
CONT06755,Open Top,45FT,Electronics,Import,14.96,Yes
CONT06756,Tank,40FT,Textiles,Export,6.04,No
CONT06757,Dry,20FT,Electronics,Import,23.97,No
CONT06758,Reefer,45FT,Textiles,Export,26.13,No
CONT06759,Open Top,40FT,Electronics,Import,14.34,No
CONT06760,Tank,20FT,Textiles,Export,10.08,Yes
CONT06761,Dry,45FT,Electronics,Import,5.1,No
CONT06762,Reefer,40FT,Textiles,Export,18.78,No
CONT06763,Open Top,20FT,Electronics,Import,26.75,No
CONT06764,Tank,45FT,Textiles,Export,20.95,No
CONT06765,Dry,40FT,Electronics,Import,11.93,Yes
CONT06766,Reefer,20FT,Textiles,Export,20.07,No
CONT06767,Open Top,45FT,Electronics,Import,24.8,No
CONT06768,Tank,40FT,Textiles,Export,15.9,No
CONT06769,Dry,20FT,Electronics,Import,24.49,No
CONT06770,Reefer,45FT,Textiles,Export,13.8,Yes
CONT06771,Open Top,40FT,Electronics,Import,12.71,No
CONT06772,Tank,20FT,Textiles,Export,18.57,No
CONT06773,Dry,45FT,Electronics,Import,15.62,No
CONT06774,Reefer,40FT,Textiles,Export,28.43,No
CONT06775,Open Top,20FT,Electronics,Import,16.91,Yes
CONT06776,Tank,45FT,Textiles,Export,13.63,No
CONT06777,Dry,40FT,Electronics,Import,13.87,No
CONT06778,Reefer,20FT,Textiles,Export,17.7,No
CONT06779,Open Top,45FT,Electronics,Import,12.87,No
CONT06780,Tank,40FT,Textiles,Export,22.07,Yes
CONT06781,Dry,20FT,Electronics,Import,13.52,No
CONT06782,Reefer,45FT,Textiles,Export,13.6,No
CONT06783,Open Top,40FT,Electronics,Import,19.42,No
CONT06784,Tank,20FT,Textiles,Export,5.52,No
CONT06785,Dry,45FT,Electronics,Import,20.38,Yes
CONT06786,Reefer,40FT,Textiles,Export,16.62,No
CONT06787,Open Top,20FT,Electronics,Import,15.33,No
CONT06788,Tank,45FT,Textiles,Export,21.98,No
CONT06789,Dry,40FT,Electronics,Import,22.96,No
CONT06790,Reefer,20FT,Textiles,Export,25.16,Yes
CONT06791,Open Top,45FT,Electronics,Import,13.37,No
CONT06792,Tank,40FT,Textiles,Export,12.18,No
CONT06793,Dry,20FT,Electronics,Import,21.86,No
CONT06794,Reefer,45FT,Textiles,Export,18.55,No
CONT06795,Open Top,40FT,Electronics,Import,19.8,Yes
CONT06796,Tank,20FT,Textiles,Export,17.89,No
CONT06797,Dry,45FT,Electronics,Import,23.32,No
CONT06798,Reefer,40FT,Textiles,Export,8.75,No
CONT06799,Open Top,20FT,Electronics,Import,17.89,No
CONT06800,Tank,45FT,Textiles,Export,7.95,Yes
CONT06801,Dry,40FT,Electronics,Import,14.18,No
CONT06802,Reefer,20FT,Textiles,Export,20.6,No
CONT06803,Open Top,45FT,Electronics,Import,16.33,No
CONT06804,Tank,40FT,Textiles,Export,13.49,No
CONT06805,Dry,20FT,Electronics,Import,26.12,Yes
CONT06806,Reefer,45FT,Textiles,Export,23.32,No
CONT06807,Open Top,40FT,Electronics,Import,17.16,No
CONT06808,Tank,20FT,Textiles,Export,27.75,No
CONT06809,Dry,45FT,Electronics,Import,14.61,No
CONT06810,Reefer,40FT,Textiles,Export,23.7,Yes
CONT06811,Open Top,20FT,Electronics,Import,8.2,No
CONT06812,Tank,45FT,Textiles,Export,11.14,No
CONT06813,Dry,40FT,Electronics,Import,12.45,No
CONT06814,Reefer,20FT,Textiles,Export,6.65,No
CONT06815,Open Top,45FT,Electronics,Import,16.55,Yes
CONT06816,Tank,40FT,Textiles,Export,8.81,No
CONT06817,Dry,20FT,Electronics,Import,19.85,No
CONT06818,Reefer,45FT,Textiles,Export,8.75,No
CONT06819,Open Top,40FT,Electronics,Import,7.09,No
CONT06820,Tank,20FT,Textiles,Export,28.23,Yes
CONT06821,Dry,45FT,Electronics,Import,20.46,No
CONT06822,Reefer,40FT,Textiles,Export,27.41,No
CONT06823,Open Top,20FT,Electronics,Import,16.25,No
CONT06824,Tank,45FT,Textiles,Export,4.84,No
CONT06825,Dry,40FT,Electronics,Import,18.36,Yes
CONT06826,Reefer,20FT,Textiles,Export,17.96,No
CONT06827,Open Top,45FT,Electronics,Import,4.37,No
CONT06828,Tank,40FT,Textiles,Export,25.53,No
CONT06829,Dry,20FT,Electronics,Import,19.5,No
CONT06830,Reefer,45FT,Textiles,Export,22.62,Yes
CONT06831,Open Top,40FT,Electronics,Import,16.35,No
CONT06832,Tank,20FT,Textiles,Export,19.46,No
CONT06833,Dry,45FT,Electronics,Import,10.44,No
CONT06834,Reefer,40FT,Textiles,Export,28.34,No
CONT06835,Open Top,20FT,Electronics,Import,14.02,Yes
CONT06836,Tank,45FT,Textiles,Export,8.06,No
CONT06837,Dry,40FT,Electronics,Import,5.4,No
CONT06838,Reefer,20FT,Textiles,Export,19.9,No
CONT06839,Open Top,45FT,Electronics,Import,28.58,No
CONT06840,Tank,40FT,Textiles,Export,26.39,Yes
CONT06841,Dry,20FT,Electronics,Import,21.55,No
CONT06842,Reefer,45FT,Textiles,Export,28.76,No
CONT06843,Open Top,40FT,Electronics,Import,22.07,No
CONT06844,Tank,20FT,Textiles,Export,12.48,No
CONT06845,Dry,45FT,Electronics,Import,19.03,Yes
CONT06846,Reefer,40FT,Textiles,Export,5.99,No
CONT06847,Open Top,20FT,Electronics,Import,9.54,No
CONT06848,Tank,45FT,Textiles,Export,14.44,No
CONT06849,Dry,40FT,Electronics,Import,9.05,No
CONT06850,Reefer,20FT,Textiles,Export,27.84,Yes
CONT06851,Open Top,45FT,Electronics,Import,28.89,No
CONT06852,Tank,40FT,Textiles,Export,13.27,No
CONT06853,Dry,20FT,Electronics,Import,21.73,No
CONT06854,Reefer,45FT,Textiles,Export,14.19,No
CONT06855,Open Top,40FT,Electronics,Import,7.49,Yes
CONT06856,Tank,20FT,Textiles,Export,12.42,No
CONT06857,Dry,45FT,Electronics,Import,9.83,No
CONT06858,Reefer,40FT,Textiles,Export,12.2,No
CONT06859,Open Top,20FT,Electronics,Import,9.38,No
CONT06860,Tank,45FT,Textiles,Export,6.81,Yes
CONT06861,Dry,40FT,Electronics,Import,9.44,No
CONT06862,Reefer,20FT,Textiles,Export,26.64,No
CONT06863,Open Top,45FT,Electronics,Import,6.13,No
CONT06864,Tank,40FT,Textiles,Export,12.12,No
CONT06865,Dry,20FT,Electronics,Import,17.21,Yes
CONT06866,Reefer,45FT,Textiles,Export,12.86,No
CONT06867,Open Top,40FT,Electronics,Import,16.94,No
CONT06868,Tank,20FT,Textiles,Export,5.09,No
CONT06869,Dry,45FT,Electronics,Import,20.21,No
CONT06870,Reefer,40FT,Textiles,Export,18.09,Yes
CONT06871,Open Top,20FT,Electronics,Import,21.02,No
CONT06872,Tank,45FT,Textiles,Export,18.18,No
CONT06873,Dry,40FT,Electronics,Import,14.95,No
CONT06874,Reefer,20FT,Textiles,Export,12.75,No
CONT06875,Open Top,45FT,Electronics,Import,9.66,Yes
CONT06876,Tank,40FT,Textiles,Export,16.5,No
CONT06877,Dry,20FT,Electronics,Import,4.65,No
CONT06878,Reefer,45FT,Textiles,Export,12.21,No
CONT06879,Open Top,40FT,Electronics,Import,20.95,No
CONT06880,Tank,20FT,Textiles,Export,6.72,Yes
CONT06881,Dry,45FT,Electronics,Import,5.57,No
CONT06882,Reefer,40FT,Textiles,Export,20.3,No
CONT06883,Open Top,20FT,Electronics,Import,13.94,No
CONT06884,Tank,45FT,Textiles,Export,24.05,No
CONT06885,Dry,40FT,Electronics,Import,27.43,Yes
CONT06886,Reefer,20FT,Textiles,Export,27.93,No
CONT06887,Open Top,45FT,Electronics,Import,14.64,No
CONT06888,Tank,40FT,Textiles,Export,10.61,No
CONT06889,Dry,20FT,Electronics,Import,19.22,No
CONT06890,Reefer,45FT,Textiles,Export,19.7,Yes
CONT06891,Open Top,40FT,Electronics,Import,19.56,No
CONT06892,Tank,20FT,Textiles,Export,12.04,No
CONT06893,Dry,45FT,Electronics,Import,5.59,No
CONT06894,Reefer,40FT,Textiles,Export,9.25,No
CONT06895,Open Top,20FT,Electronics,Import,7.86,Yes
CONT06896,Tank,45FT,Textiles,Export,7.1,No
CONT06897,Dry,40FT,Electronics,Import,27.16,No
CONT06898,Reefer,20FT,Textiles,Export,4.35,No
CONT06899,Open Top,45FT,Electronics,Import,19.05,No
CONT06900,Tank,40FT,Textiles,Export,27.69,Yes
CONT06901,Dry,20FT,Electronics,Import,13.0,No
CONT06902,Reefer,45FT,Textiles,Export,17.18,No
CONT06903,Open Top,40FT,Electronics,Import,21.39,No
CONT06904,Tank,20FT,Textiles,Export,11.93,No
CONT06905,Dry,45FT,Electronics,Import,15.94,Yes
CONT06906,Reefer,40FT,Textiles,Export,24.43,No
CONT06907,Open Top,20FT,Electronics,Import,22.63,No
CONT06908,Tank,45FT,Textiles,Export,24.21,No
CONT06909,Dry,40FT,Electronics,Import,28.68,No
CONT06910,Reefer,20FT,Textiles,Export,13.26,Yes
CONT06911,Open Top,45FT,Electronics,Import,22.68,No
CONT06912,Tank,40FT,Textiles,Export,19.07,No
CONT06913,Dry,20FT,Electronics,Import,20.67,No
CONT06914,Reefer,45FT,Textiles,Export,22.5,No
CONT06915,Open Top,40FT,Electronics,Import,22.74,Yes
CONT06916,Tank,20FT,Textiles,Export,26.14,No
CONT06917,Dry,45FT,Electronics,Import,12.73,No
CONT06918,Reefer,40FT,Textiles,Export,20.34,No
CONT06919,Open Top,20FT,Electronics,Import,11.01,No
CONT06920,Tank,45FT,Textiles,Export,18.86,Yes
CONT06921,Dry,40FT,Electronics,Import,22.78,No
CONT06922,Reefer,20FT,Textiles,Export,23.78,No
CONT06923,Open Top,45FT,Electronics,Import,14.5,No
CONT06924,Tank,40FT,Textiles,Export,16.72,No
CONT06925,Dry,20FT,Electronics,Import,12.35,Yes
CONT06926,Reefer,45FT,Textiles,Export,8.23,No
CONT06927,Open Top,40FT,Electronics,Import,10.51,No
CONT06928,Tank,20FT,Textiles,Export,26.8,No
CONT06929,Dry,45FT,Electronics,Import,11.72,No
CONT06930,Reefer,40FT,Textiles,Export,28.37,Yes
CONT06931,Open Top,20FT,Electronics,Import,10.04,No
CONT06932,Tank,45FT,Textiles,Export,22.08,No
CONT06933,Dry,40FT,Electronics,Import,18.35,No
CONT06934,Reefer,20FT,Textiles,Export,21.42,No
CONT06935,Open Top,45FT,Electronics,Import,20.1,Yes
CONT06936,Tank,40FT,Textiles,Export,21.67,No
CONT06937,Dry,20FT,Electronics,Import,26.64,No
CONT06938,Reefer,45FT,Textiles,Export,18.09,No
CONT06939,Open Top,40FT,Electronics,Import,5.7,No
CONT06940,Tank,20FT,Textiles,Export,10.77,Yes
CONT06941,Dry,45FT,Electronics,Import,21.71,No
CONT06942,Reefer,40FT,Textiles,Export,16.35,No
CONT06943,Open Top,20FT,Electronics,Import,17.71,No
CONT06944,Tank,45FT,Textiles,Export,18.91,No
CONT06945,Dry,40FT,Electronics,Import,13.57,Yes
CONT06946,Reefer,20FT,Textiles,Export,23.35,No
CONT06947,Open Top,45FT,Electronics,Import,22.09,No
CONT06948,Tank,40FT,Textiles,Export,21.86,No
CONT06949,Dry,20FT,Electronics,Import,21.88,No
CONT06950,Reefer,45FT,Textiles,Export,26.26,Yes
CONT06951,Open Top,40FT,Electronics,Import,18.88,No
CONT06952,Tank,20FT,Textiles,Export,28.18,No
CONT06953,Dry,45FT,Electronics,Import,6.98,No
CONT06954,Reefer,40FT,Textiles,Export,19.8,No
CONT06955,Open Top,20FT,Electronics,Import,21.92,Yes
CONT06956,Tank,45FT,Textiles,Export,15.93,No
CONT06957,Dry,40FT,Electronics,Import,11.21,No
CONT06958,Reefer,20FT,Textiles,Export,17.75,No
CONT06959,Open Top,45FT,Electronics,Import,13.12,No
CONT06960,Tank,40FT,Textiles,Export,26.73,Yes
CONT06961,Dry,20FT,Electronics,Import,12.92,No
CONT06962,Reefer,45FT,Textiles,Export,8.39,No
CONT06963,Open Top,40FT,Electronics,Import,18.41,No
CONT06964,Tank,20FT,Textiles,Export,13.9,No
CONT06965,Dry,45FT,Electronics,Import,6.4,Yes
CONT06966,Reefer,40FT,Textiles,Export,18.12,No
CONT06967,Open Top,20FT,Electronics,Import,17.45,No
CONT06968,Tank,45FT,Textiles,Export,8.33,No
CONT06969,Dry,40FT,Electronics,Import,18.94,No
CONT06970,Reefer,20FT,Textiles,Export,18.18,Yes
CONT06971,Open Top,45FT,Electronics,Import,23.34,No
CONT06972,Tank,40FT,Textiles,Export,13.04,No
CONT06973,Dry,20FT,Electronics,Import,10.22,No
CONT06974,Reefer,45FT,Textiles,Export,27.78,No
CONT06975,Open Top,40FT,Electronics,Import,18.03,Yes
CONT06976,Tank,20FT,Textiles,Export,4.68,No
CONT06977,Dry,45FT,Electronics,Import,24.52,No
CONT06978,Reefer,40FT,Textiles,Export,8.92,No
CONT06979,Open Top,20FT,Electronics,Import,23.65,No
CONT06980,Tank,45FT,Textiles,Export,21.63,Yes
CONT06981,Dry,40FT,Electronics,Import,28.22,No
CONT06982,Reefer,20FT,Textiles,Export,28.14,No
CONT06983,Open Top,45FT,Electronics,Import,10.86,No
CONT06984,Tank,40FT,Textiles,Export,23.16,No
CONT06985,Dry,20FT,Electronics,Import,11.92,Yes
CONT06986,Reefer,45FT,Textiles,Export,19.73,No
CONT06987,Open Top,40FT,Electronics,Import,18.94,No
CONT06988,Tank,20FT,Textiles,Export,5.36,No
CONT06989,Dry,45FT,Electronics,Import,4.13,No
CONT06990,Reefer,40FT,Textiles,Export,5.44,Yes
CONT06991,Open Top,20FT,Electronics,Import,7.2,No
CONT06992,Tank,45FT,Textiles,Export,10.44,No
CONT06993,Dry,40FT,Electronics,Import,26.67,No
CONT06994,Reefer,20FT,Textiles,Export,16.97,No
CONT06995,Open Top,45FT,Electronics,Import,23.92,Yes
CONT06996,Tank,40FT,Textiles,Export,24.96,No
CONT06997,Dry,20FT,Electronics,Import,22.37,No
CONT06998,Reefer,45FT,Textiles,Export,13.78,No
CONT06999,Open Top,40FT,Electronics,Import,25.6,No
CONT07000,Tank,20FT,Textiles,Export,22.55,Yes
CONT07001,Dry,45FT,Electronics,Import,22.58,No
CONT07002,Reefer,40FT,Textiles,Export,26.54,No
CONT07003,Open Top,20FT,Electronics,Import,18.97,No
CONT07004,Tank,45FT,Textiles,Export,17.21,No
CONT07005,Dry,40FT,Electronics,Import,26.25,Yes
CONT07006,Reefer,20FT,Textiles,Export,15.36,No
CONT07007,Open Top,45FT,Electronics,Import,24.29,No
CONT07008,Tank,40FT,Textiles,Export,5.35,No
CONT07009,Dry,20FT,Electronics,Import,4.03,No
CONT07010,Reefer,45FT,Textiles,Export,17.21,Yes
CONT07011,Open Top,40FT,Electronics,Import,5.84,No
CONT07012,Tank,20FT,Textiles,Export,28.41,No
CONT07013,Dry,45FT,Electronics,Import,4.14,No
CONT07014,Reefer,40FT,Textiles,Export,21.95,No
CONT07015,Open Top,20FT,Electronics,Import,10.08,Yes
CONT07016,Tank,45FT,Textiles,Export,28.19,No
CONT07017,Dry,40FT,Electronics,Import,13.54,No
CONT07018,Reefer,20FT,Textiles,Export,4.68,No
CONT07019,Open Top,45FT,Electronics,Import,4.67,No
CONT07020,Tank,40FT,Textiles,Export,17.83,Yes
CONT07021,Dry,20FT,Electronics,Import,28.67,No
CONT07022,Reefer,45FT,Textiles,Export,28.49,No
CONT07023,Open Top,40FT,Electronics,Import,12.43,No
CONT07024,Tank,20FT,Textiles,Export,16.07,No
CONT07025,Dry,45FT,Electronics,Import,6.51,Yes
CONT07026,Reefer,40FT,Textiles,Export,17.05,No
CONT07027,Open Top,20FT,Electronics,Import,18.99,No
CONT07028,Tank,45FT,Textiles,Export,10.28,No
CONT07029,Dry,40FT,Electronics,Import,19.3,No
CONT07030,Reefer,20FT,Textiles,Export,26.49,Yes
CONT07031,Open Top,45FT,Electronics,Import,4.02,No
CONT07032,Tank,40FT,Textiles,Export,9.72,No
CONT07033,Dry,20FT,Electronics,Import,9.25,No
CONT07034,Reefer,45FT,Textiles,Export,7.1,No
CONT07035,Open Top,40FT,Electronics,Import,8.15,Yes
CONT07036,Tank,20FT,Textiles,Export,19.65,No
CONT07037,Dry,45FT,Electronics,Import,6.57,No
CONT07038,Reefer,40FT,Textiles,Export,22.46,No
CONT07039,Open Top,20FT,Electronics,Import,26.18,No
CONT07040,Tank,45FT,Textiles,Export,27.16,Yes
CONT07041,Dry,40FT,Electronics,Import,20.5,No
CONT07042,Reefer,20FT,Textiles,Export,8.93,No
CONT07043,Open Top,45FT,Electronics,Import,6.13,No
CONT07044,Tank,40FT,Textiles,Export,9.8,No
CONT07045,Dry,20FT,Electronics,Import,28.05,Yes
CONT07046,Reefer,45FT,Textiles,Export,28.06,No
CONT07047,Open Top,40FT,Electronics,Import,13.55,No
CONT07048,Tank,20FT,Textiles,Export,12.14,No
CONT07049,Dry,45FT,Electronics,Import,16.75,No
CONT07050,Reefer,40FT,Textiles,Export,11.29,Yes
CONT07051,Open Top,20FT,Electronics,Import,28.49,No
CONT07052,Tank,45FT,Textiles,Export,9.53,No
CONT07053,Dry,40FT,Electronics,Import,13.23,No
CONT07054,Reefer,20FT,Textiles,Export,14.73,No
CONT07055,Open Top,45FT,Electronics,Import,7.13,Yes
CONT07056,Tank,40FT,Textiles,Export,13.57,No
CONT07057,Dry,20FT,Electronics,Import,25.42,No
CONT07058,Reefer,45FT,Textiles,Export,7.51,No
CONT07059,Open Top,40FT,Electronics,Import,18.6,No
CONT07060,Tank,20FT,Textiles,Export,14.17,Yes
CONT07061,Dry,45FT,Electronics,Import,8.26,No
CONT07062,Reefer,40FT,Textiles,Export,4.31,No
CONT07063,Open Top,20FT,Electronics,Import,10.83,No
CONT07064,Tank,45FT,Textiles,Export,5.55,No
CONT07065,Dry,40FT,Electronics,Import,13.42,Yes
CONT07066,Reefer,20FT,Textiles,Export,24.26,No
CONT07067,Open Top,45FT,Electronics,Import,21.99,No
CONT07068,Tank,40FT,Textiles,Export,27.68,No
CONT07069,Dry,20FT,Electronics,Import,14.68,No
CONT07070,Reefer,45FT,Textiles,Export,21.7,Yes
CONT07071,Open Top,40FT,Electronics,Import,20.63,No
CONT07072,Tank,20FT,Textiles,Export,9.43,No
CONT07073,Dry,45FT,Electronics,Import,11.59,No
CONT07074,Reefer,40FT,Textiles,Export,17.25,No
CONT07075,Open Top,20FT,Electronics,Import,23.92,Yes
CONT07076,Tank,45FT,Textiles,Export,15.55,No
CONT07077,Dry,40FT,Electronics,Import,9.69,No
CONT07078,Reefer,20FT,Textiles,Export,28.84,No
CONT07079,Open Top,45FT,Electronics,Import,6.89,No
CONT07080,Tank,40FT,Textiles,Export,27.9,Yes
CONT07081,Dry,20FT,Electronics,Import,24.23,No
CONT07082,Reefer,45FT,Textiles,Export,24.97,No
CONT07083,Open Top,40FT,Electronics,Import,23.87,No
CONT07084,Tank,20FT,Textiles,Export,9.2,No
CONT07085,Dry,45FT,Electronics,Import,19.81,Yes
CONT07086,Reefer,40FT,Textiles,Export,22.92,No
CONT07087,Open Top,20FT,Electronics,Import,22.64,No
CONT07088,Tank,45FT,Textiles,Export,10.79,No
CONT07089,Dry,40FT,Electronics,Import,8.53,No
CONT07090,Reefer,20FT,Textiles,Export,12.2,Yes
CONT07091,Open Top,45FT,Electronics,Import,16.0,No
CONT07092,Tank,40FT,Textiles,Export,18.34,No
CONT07093,Dry,20FT,Electronics,Import,24.92,No
CONT07094,Reefer,45FT,Textiles,Export,23.23,No
CONT07095,Open Top,40FT,Electronics,Import,20.9,Yes
CONT07096,Tank,20FT,Textiles,Export,10.59,No
CONT07097,Dry,45FT,Electronics,Import,15.97,No
CONT07098,Reefer,40FT,Textiles,Export,12.39,No
CONT07099,Open Top,20FT,Electronics,Import,9.87,No
CONT07100,Tank,45FT,Textiles,Export,4.26,Yes
CONT07101,Dry,40FT,Electronics,Import,12.49,No
CONT07102,Reefer,20FT,Textiles,Export,10.4,No
CONT07103,Open Top,45FT,Electronics,Import,18.3,No
CONT07104,Tank,40FT,Textiles,Export,5.56,No
CONT07105,Dry,20FT,Electronics,Import,10.76,Yes
CONT07106,Reefer,45FT,Textiles,Export,5.12,No
CONT07107,Open Top,40FT,Electronics,Import,20.04,No
CONT07108,Tank,20FT,Textiles,Export,18.2,No
CONT07109,Dry,45FT,Electronics,Import,12.44,No
CONT07110,Reefer,40FT,Textiles,Export,7.68,Yes
CONT07111,Open Top,20FT,Electronics,Import,27.95,No
CONT07112,Tank,45FT,Textiles,Export,18.61,No
CONT07113,Dry,40FT,Electronics,Import,20.98,No
CONT07114,Reefer,20FT,Textiles,Export,17.28,No
CONT07115,Open Top,45FT,Electronics,Import,24.16,Yes
CONT07116,Tank,40FT,Textiles,Export,26.41,No
CONT07117,Dry,20FT,Electronics,Import,13.57,No
CONT07118,Reefer,45FT,Textiles,Export,21.25,No
CONT07119,Open Top,40FT,Electronics,Import,9.75,No
CONT07120,Tank,20FT,Textiles,Export,20.3,Yes
CONT07121,Dry,45FT,Electronics,Import,13.98,No
CONT07122,Reefer,40FT,Textiles,Export,4.17,No
CONT07123,Open Top,20FT,Electronics,Import,27.89,No
CONT07124,Tank,45FT,Textiles,Export,25.71,No
CONT07125,Dry,40FT,Electronics,Import,11.27,Yes
CONT07126,Reefer,20FT,Textiles,Export,28.94,No
CONT07127,Open Top,45FT,Electronics,Import,11.93,No
CONT07128,Tank,40FT,Textiles,Export,15.47,No
CONT07129,Dry,20FT,Electronics,Import,25.28,No
CONT07130,Reefer,45FT,Textiles,Export,11.61,Yes
CONT07131,Open Top,40FT,Electronics,Import,15.26,No
CONT07132,Tank,20FT,Textiles,Export,20.64,No
CONT07133,Dry,45FT,Electronics,Import,7.26,No
CONT07134,Reefer,40FT,Textiles,Export,14.56,No
CONT07135,Open Top,20FT,Electronics,Import,11.74,Yes
CONT07136,Tank,45FT,Textiles,Export,20.92,No
CONT07137,Dry,40FT,Electronics,Import,7.4,No
CONT07138,Reefer,20FT,Textiles,Export,9.82,No
CONT07139,Open Top,45FT,Electronics,Import,21.78,No
CONT07140,Tank,40FT,Textiles,Export,7.91,Yes
CONT07141,Dry,20FT,Electronics,Import,14.55,No
CONT07142,Reefer,45FT,Textiles,Export,21.82,No
CONT07143,Open Top,40FT,Electronics,Import,23.14,No
CONT07144,Tank,20FT,Textiles,Export,6.37,No
CONT07145,Dry,45FT,Electronics,Import,25.3,Yes
CONT07146,Reefer,40FT,Textiles,Export,22.1,No
CONT07147,Open Top,20FT,Electronics,Import,12.48,No
CONT07148,Tank,45FT,Textiles,Export,23.1,No
CONT07149,Dry,40FT,Electronics,Import,22.21,No
CONT07150,Reefer,20FT,Textiles,Export,19.02,Yes
CONT07151,Open Top,45FT,Electronics,Import,17.96,No
CONT07152,Tank,40FT,Textiles,Export,22.37,No
CONT07153,Dry,20FT,Electronics,Import,28.98,No
CONT07154,Reefer,45FT,Textiles,Export,18.46,No
CONT07155,Open Top,40FT,Electronics,Import,24.22,Yes
CONT07156,Tank,20FT,Textiles,Export,22.61,No
CONT07157,Dry,45FT,Electronics,Import,25.4,No
CONT07158,Reefer,40FT,Textiles,Export,27.86,No
CONT07159,Open Top,20FT,Electronics,Import,8.83,No
CONT07160,Tank,45FT,Textiles,Export,8.14,Yes
CONT07161,Dry,40FT,Electronics,Import,18.66,No
CONT07162,Reefer,20FT,Textiles,Export,15.23,No
CONT07163,Open Top,45FT,Electronics,Import,18.27,No
CONT07164,Tank,40FT,Textiles,Export,23.95,No
CONT07165,Dry,20FT,Electronics,Import,27.29,Yes
CONT07166,Reefer,45FT,Textiles,Export,14.44,No
CONT07167,Open Top,40FT,Electronics,Import,21.95,No
CONT07168,Tank,20FT,Textiles,Export,8.92,No
CONT07169,Dry,45FT,Electronics,Import,17.36,No
CONT07170,Reefer,40FT,Textiles,Export,4.55,Yes
CONT07171,Open Top,20FT,Electronics,Import,16.59,No
CONT07172,Tank,45FT,Textiles,Export,17.63,No
CONT07173,Dry,40FT,Electronics,Import,22.39,No
CONT07174,Reefer,20FT,Textiles,Export,20.24,No
CONT07175,Open Top,45FT,Electronics,Import,12.96,Yes
CONT07176,Tank,40FT,Textiles,Export,4.14,No
CONT07177,Dry,20FT,Electronics,Import,6.89,No
CONT07178,Reefer,45FT,Textiles,Export,28.33,No
CONT07179,Open Top,40FT,Electronics,Import,27.06,No
CONT07180,Tank,20FT,Textiles,Export,12.13,Yes
CONT07181,Dry,45FT,Electronics,Import,10.47,No
CONT07182,Reefer,40FT,Textiles,Export,14.91,No
CONT07183,Open Top,20FT,Electronics,Import,21.25,No
CONT07184,Tank,45FT,Textiles,Export,12.92,No
CONT07185,Dry,40FT,Electronics,Import,5.68,Yes
CONT07186,Reefer,20FT,Textiles,Export,14.07,No
CONT07187,Open Top,45FT,Electronics,Import,10.51,No
CONT07188,Tank,40FT,Textiles,Export,12.12,No
CONT07189,Dry,20FT,Electronics,Import,8.07,No
CONT07190,Reefer,45FT,Textiles,Export,20.47,Yes
CONT07191,Open Top,40FT,Electronics,Import,17.17,No
CONT07192,Tank,20FT,Textiles,Export,10.77,No
CONT07193,Dry,45FT,Electronics,Import,17.85,No
CONT07194,Reefer,40FT,Textiles,Export,16.32,No
CONT07195,Open Top,20FT,Electronics,Import,23.9,Yes
CONT07196,Tank,45FT,Textiles,Export,27.9,No
CONT07197,Dry,40FT,Electronics,Import,7.27,No
CONT07198,Reefer,20FT,Textiles,Export,26.1,No
CONT07199,Open Top,45FT,Electronics,Import,21.62,No
CONT07200,Tank,40FT,Textiles,Export,21.31,Yes
CONT07201,Dry,20FT,Electronics,Import,13.36,No
CONT07202,Reefer,45FT,Textiles,Export,12.6,No
CONT07203,Open Top,40FT,Electronics,Import,4.14,No
CONT07204,Tank,20FT,Textiles,Export,28.56,No
CONT07205,Dry,45FT,Electronics,Import,19.16,Yes
CONT07206,Reefer,40FT,Textiles,Export,14.06,No
CONT07207,Open Top,20FT,Electronics,Import,17.59,No
CONT07208,Tank,45FT,Textiles,Export,5.01,No
CONT07209,Dry,40FT,Electronics,Import,8.34,No
CONT07210,Reefer,20FT,Textiles,Export,19.58,Yes
CONT07211,Open Top,45FT,Electronics,Import,16.86,No
CONT07212,Tank,40FT,Textiles,Export,23.68,No
CONT07213,Dry,20FT,Electronics,Import,20.47,No
CONT07214,Reefer,45FT,Textiles,Export,19.04,No
CONT07215,Open Top,40FT,Electronics,Import,24.38,Yes
CONT07216,Tank,20FT,Textiles,Export,5.71,No
CONT07217,Dry,45FT,Electronics,Import,21.27,No
CONT07218,Reefer,40FT,Textiles,Export,21.89,No
CONT07219,Open Top,20FT,Electronics,Import,10.88,No
CONT07220,Tank,45FT,Textiles,Export,8.89,Yes
CONT07221,Dry,40FT,Electronics,Import,9.35,No
CONT07222,Reefer,20FT,Textiles,Export,8.95,No
CONT07223,Open Top,45FT,Electronics,Import,17.09,No
CONT07224,Tank,40FT,Textiles,Export,7.39,No
CONT07225,Dry,20FT,Electronics,Import,20.48,Yes
CONT07226,Reefer,45FT,Textiles,Export,6.63,No
CONT07227,Open Top,40FT,Electronics,Import,4.67,No
CONT07228,Tank,20FT,Textiles,Export,11.98,No
CONT07229,Dry,45FT,Electronics,Import,8.8,No
CONT07230,Reefer,40FT,Textiles,Export,28.72,Yes
CONT07231,Open Top,20FT,Electronics,Import,11.57,No
CONT07232,Tank,45FT,Textiles,Export,9.55,No
CONT07233,Dry,40FT,Electronics,Import,8.92,No
CONT07234,Reefer,20FT,Textiles,Export,13.35,No
CONT07235,Open Top,45FT,Electronics,Import,19.15,Yes
CONT07236,Tank,40FT,Textiles,Export,23.55,No
CONT07237,Dry,20FT,Electronics,Import,13.11,No
CONT07238,Reefer,45FT,Textiles,Export,19.65,No
CONT07239,Open Top,40FT,Electronics,Import,16.05,No
CONT07240,Tank,20FT,Textiles,Export,25.16,Yes
CONT07241,Dry,45FT,Electronics,Import,18.23,No
CONT07242,Reefer,40FT,Textiles,Export,11.25,No
CONT07243,Open Top,20FT,Electronics,Import,21.59,No
CONT07244,Tank,45FT,Textiles,Export,24.5,No
CONT07245,Dry,40FT,Electronics,Import,15.64,Yes
CONT07246,Reefer,20FT,Textiles,Export,28.68,No
CONT07247,Open Top,45FT,Electronics,Import,25.98,No
CONT07248,Tank,40FT,Textiles,Export,8.92,No
CONT07249,Dry,20FT,Electronics,Import,23.67,No
CONT07250,Reefer,45FT,Textiles,Export,19.02,Yes
CONT07251,Open Top,40FT,Electronics,Import,17.37,No
CONT07252,Tank,20FT,Textiles,Export,16.85,No
CONT07253,Dry,45FT,Electronics,Import,25.34,No
CONT07254,Reefer,40FT,Textiles,Export,19.27,No
CONT07255,Open Top,20FT,Electronics,Import,17.44,Yes
CONT07256,Tank,45FT,Textiles,Export,5.22,No
CONT07257,Dry,40FT,Electronics,Import,15.21,No
CONT07258,Reefer,20FT,Textiles,Export,26.7,No
CONT07259,Open Top,45FT,Electronics,Import,21.79,No
CONT07260,Tank,40FT,Textiles,Export,5.27,Yes
CONT07261,Dry,20FT,Electronics,Import,26.1,No
CONT07262,Reefer,45FT,Textiles,Export,24.67,No
CONT07263,Open Top,40FT,Electronics,Import,17.67,No
CONT07264,Tank,20FT,Textiles,Export,4.56,No
CONT07265,Dry,45FT,Electronics,Import,18.06,Yes
CONT07266,Reefer,40FT,Textiles,Export,5.36,No
CONT07267,Open Top,20FT,Electronics,Import,12.01,No
CONT07268,Tank,45FT,Textiles,Export,19.72,No
CONT07269,Dry,40FT,Electronics,Import,26.82,No
CONT07270,Reefer,20FT,Textiles,Export,12.94,Yes
CONT07271,Open Top,45FT,Electronics,Import,25.5,No
CONT07272,Tank,40FT,Textiles,Export,26.96,No
CONT07273,Dry,20FT,Electronics,Import,4.53,No
CONT07274,Reefer,45FT,Textiles,Export,9.99,No
CONT07275,Open Top,40FT,Electronics,Import,21.75,Yes
CONT07276,Tank,20FT,Textiles,Export,22.92,No
CONT07277,Dry,45FT,Electronics,Import,13.81,No
CONT07278,Reefer,40FT,Textiles,Export,20.42,No
CONT07279,Open Top,20FT,Electronics,Import,19.3,No
CONT07280,Tank,45FT,Textiles,Export,22.49,Yes
CONT07281,Dry,40FT,Electronics,Import,21.97,No
CONT07282,Reefer,20FT,Textiles,Export,6.15,No
CONT07283,Open Top,45FT,Electronics,Import,7.96,No
CONT07284,Tank,40FT,Textiles,Export,7.32,No
CONT07285,Dry,20FT,Electronics,Import,27.31,Yes
CONT07286,Reefer,45FT,Textiles,Export,26.84,No
CONT07287,Open Top,40FT,Electronics,Import,23.94,No
CONT07288,Tank,20FT,Textiles,Export,6.92,No
CONT07289,Dry,45FT,Electronics,Import,18.36,No
CONT07290,Reefer,40FT,Textiles,Export,8.68,Yes
CONT07291,Open Top,20FT,Electronics,Import,13.21,No
CONT07292,Tank,45FT,Textiles,Export,10.68,No
CONT07293,Dry,40FT,Electronics,Import,24.72,No
CONT07294,Reefer,20FT,Textiles,Export,7.61,No
CONT07295,Open Top,45FT,Electronics,Import,20.15,Yes
CONT07296,Tank,40FT,Textiles,Export,28.6,No
CONT07297,Dry,20FT,Electronics,Import,21.18,No
CONT07298,Reefer,45FT,Textiles,Export,5.98,No
CONT07299,Open Top,40FT,Electronics,Import,26.7,No
CONT07300,Tank,20FT,Textiles,Export,20.08,Yes
CONT07301,Dry,45FT,Electronics,Import,15.41,No
CONT07302,Reefer,40FT,Textiles,Export,20.49,No
CONT07303,Open Top,20FT,Electronics,Import,25.98,No
CONT07304,Tank,45FT,Textiles,Export,15.93,No
CONT07305,Dry,40FT,Electronics,Import,17.28,Yes
CONT07306,Reefer,20FT,Textiles,Export,15.31,No
CONT07307,Open Top,45FT,Electronics,Import,5.81,No
CONT07308,Tank,40FT,Textiles,Export,23.68,No
CONT07309,Dry,20FT,Electronics,Import,7.16,No
CONT07310,Reefer,45FT,Textiles,Export,13.86,Yes
CONT07311,Open Top,40FT,Electronics,Import,13.67,No
CONT07312,Tank,20FT,Textiles,Export,11.0,No
CONT07313,Dry,45FT,Electronics,Import,14.06,No
CONT07314,Reefer,40FT,Textiles,Export,19.45,No
CONT07315,Open Top,20FT,Electronics,Import,11.78,Yes
CONT07316,Tank,45FT,Textiles,Export,8.31,No
CONT07317,Dry,40FT,Electronics,Import,25.73,No
CONT07318,Reefer,20FT,Textiles,Export,28.27,No
CONT07319,Open Top,45FT,Electronics,Import,15.46,No
CONT07320,Tank,40FT,Textiles,Export,12.18,Yes
CONT07321,Dry,20FT,Electronics,Import,5.19,No
CONT07322,Reefer,45FT,Textiles,Export,4.92,No
CONT07323,Open Top,40FT,Electronics,Import,13.82,No
CONT07324,Tank,20FT,Textiles,Export,27.26,No
CONT07325,Dry,45FT,Electronics,Import,22.27,Yes
CONT07326,Reefer,40FT,Textiles,Export,12.73,No
CONT07327,Open Top,20FT,Electronics,Import,28.2,No
CONT07328,Tank,45FT,Textiles,Export,14.72,No
CONT07329,Dry,40FT,Electronics,Import,10.92,No
CONT07330,Reefer,20FT,Textiles,Export,14.66,Yes
CONT07331,Open Top,45FT,Electronics,Import,9.29,No
CONT07332,Tank,40FT,Textiles,Export,26.14,No
CONT07333,Dry,20FT,Electronics,Import,13.03,No
CONT07334,Reefer,45FT,Textiles,Export,20.45,No
CONT07335,Open Top,40FT,Electronics,Import,13.73,Yes
CONT07336,Tank,20FT,Textiles,Export,26.54,No
CONT07337,Dry,45FT,Electronics,Import,20.06,No
CONT07338,Reefer,40FT,Textiles,Export,16.21,No
CONT07339,Open Top,20FT,Electronics,Import,7.3,No
CONT07340,Tank,45FT,Textiles,Export,26.55,Yes
CONT07341,Dry,40FT,Electronics,Import,17.67,No
CONT07342,Reefer,20FT,Textiles,Export,11.13,No
CONT07343,Open Top,45FT,Electronics,Import,25.95,No
CONT07344,Tank,40FT,Textiles,Export,5.36,No
CONT07345,Dry,20FT,Electronics,Import,11.85,Yes
CONT07346,Reefer,45FT,Textiles,Export,17.42,No
CONT07347,Open Top,40FT,Electronics,Import,12.5,No
CONT07348,Tank,20FT,Textiles,Export,15.92,No
CONT07349,Dry,45FT,Electronics,Import,10.61,No
CONT07350,Reefer,40FT,Textiles,Export,7.25,Yes
CONT07351,Open Top,20FT,Electronics,Import,4.92,No
CONT07352,Tank,45FT,Textiles,Export,7.94,No
CONT07353,Dry,40FT,Electronics,Import,27.82,No
CONT07354,Reefer,20FT,Textiles,Export,18.39,No
CONT07355,Open Top,45FT,Electronics,Import,16.22,Yes
CONT07356,Tank,40FT,Textiles,Export,13.61,No
CONT07357,Dry,20FT,Electronics,Import,21.71,No
CONT07358,Reefer,45FT,Textiles,Export,7.53,No
CONT07359,Open Top,40FT,Electronics,Import,10.9,No
CONT07360,Tank,20FT,Textiles,Export,20.4,Yes
CONT07361,Dry,45FT,Electronics,Import,15.98,No
CONT07362,Reefer,40FT,Textiles,Export,23.25,No
CONT07363,Open Top,20FT,Electronics,Import,26.43,No
CONT07364,Tank,45FT,Textiles,Export,24.58,No
CONT07365,Dry,40FT,Electronics,Import,8.61,Yes
CONT07366,Reefer,20FT,Textiles,Export,6.29,No
CONT07367,Open Top,45FT,Electronics,Import,8.24,No
CONT07368,Tank,40FT,Textiles,Export,23.59,No
CONT07369,Dry,20FT,Electronics,Import,26.85,No
CONT07370,Reefer,45FT,Textiles,Export,27.14,Yes
CONT07371,Open Top,40FT,Electronics,Import,11.46,No
CONT07372,Tank,20FT,Textiles,Export,25.01,No
CONT07373,Dry,45FT,Electronics,Import,17.41,No
CONT07374,Reefer,40FT,Textiles,Export,24.57,No
CONT07375,Open Top,20FT,Electronics,Import,17.71,Yes
CONT07376,Tank,45FT,Textiles,Export,7.65,No
CONT07377,Dry,40FT,Electronics,Import,5.98,No
CONT07378,Reefer,20FT,Textiles,Export,27.93,No
CONT07379,Open Top,45FT,Electronics,Import,14.65,No
CONT07380,Tank,40FT,Textiles,Export,12.76,Yes
CONT07381,Dry,20FT,Electronics,Import,12.91,No
CONT07382,Reefer,45FT,Textiles,Export,13.47,No
CONT07383,Open Top,40FT,Electronics,Import,27.62,No
CONT07384,Tank,20FT,Textiles,Export,5.57,No
CONT07385,Dry,45FT,Electronics,Import,6.98,Yes
CONT07386,Reefer,40FT,Textiles,Export,23.74,No
CONT07387,Open Top,20FT,Electronics,Import,17.74,No
CONT07388,Tank,45FT,Textiles,Export,7.21,No
CONT07389,Dry,40FT,Electronics,Import,4.86,No
CONT07390,Reefer,20FT,Textiles,Export,9.61,Yes
CONT07391,Open Top,45FT,Electronics,Import,10.52,No
CONT07392,Tank,40FT,Textiles,Export,4.36,No
CONT07393,Dry,20FT,Electronics,Import,9.4,No
CONT07394,Reefer,45FT,Textiles,Export,22.46,No
CONT07395,Open Top,40FT,Electronics,Import,25.39,Yes
CONT07396,Tank,20FT,Textiles,Export,26.46,No
CONT07397,Dry,45FT,Electronics,Import,13.75,No
CONT07398,Reefer,40FT,Textiles,Export,11.99,No
CONT07399,Open Top,20FT,Electronics,Import,29.0,No
CONT07400,Tank,45FT,Textiles,Export,23.23,Yes
CONT07401,Dry,40FT,Electronics,Import,17.43,No
CONT07402,Reefer,20FT,Textiles,Export,10.37,No
CONT07403,Open Top,45FT,Electronics,Import,12.03,No
CONT07404,Tank,40FT,Textiles,Export,16.88,No
CONT07405,Dry,20FT,Electronics,Import,17.55,Yes
CONT07406,Reefer,45FT,Textiles,Export,4.34,No
CONT07407,Open Top,40FT,Electronics,Import,27.99,No
CONT07408,Tank,20FT,Textiles,Export,18.39,No
CONT07409,Dry,45FT,Electronics,Import,18.73,No
CONT07410,Reefer,40FT,Textiles,Export,9.29,Yes
CONT07411,Open Top,20FT,Electronics,Import,23.12,No
CONT07412,Tank,45FT,Textiles,Export,22.43,No
CONT07413,Dry,40FT,Electronics,Import,6.38,No
CONT07414,Reefer,20FT,Textiles,Export,18.87,No
CONT07415,Open Top,45FT,Electronics,Import,20.45,Yes
CONT07416,Tank,40FT,Textiles,Export,24.89,No
CONT07417,Dry,20FT,Electronics,Import,9.15,No
CONT07418,Reefer,45FT,Textiles,Export,25.94,No
CONT07419,Open Top,40FT,Electronics,Import,15.54,No
CONT07420,Tank,20FT,Textiles,Export,6.41,Yes
CONT07421,Dry,45FT,Electronics,Import,6.64,No
CONT07422,Reefer,40FT,Textiles,Export,8.95,No
CONT07423,Open Top,20FT,Electronics,Import,11.07,No
CONT07424,Tank,45FT,Textiles,Export,16.41,No
CONT07425,Dry,40FT,Electronics,Import,22.72,Yes
CONT07426,Reefer,20FT,Textiles,Export,8.67,No
CONT07427,Open Top,45FT,Electronics,Import,28.82,No
CONT07428,Tank,40FT,Textiles,Export,8.04,No
CONT07429,Dry,20FT,Electronics,Import,18.98,No
CONT07430,Reefer,45FT,Textiles,Export,27.22,Yes
CONT07431,Open Top,40FT,Electronics,Import,24.81,No
CONT07432,Tank,20FT,Textiles,Export,20.2,No
CONT07433,Dry,45FT,Electronics,Import,21.89,No
CONT07434,Reefer,40FT,Textiles,Export,7.36,No
CONT07435,Open Top,20FT,Electronics,Import,4.24,Yes
CONT07436,Tank,45FT,Textiles,Export,14.85,No
CONT07437,Dry,40FT,Electronics,Import,6.24,No
CONT07438,Reefer,20FT,Textiles,Export,12.94,No
CONT07439,Open Top,45FT,Electronics,Import,9.59,No
CONT07440,Tank,40FT,Textiles,Export,26.91,Yes
CONT07441,Dry,20FT,Electronics,Import,26.0,No
CONT07442,Reefer,45FT,Textiles,Export,24.47,No
CONT07443,Open Top,40FT,Electronics,Import,21.85,No
CONT07444,Tank,20FT,Textiles,Export,7.85,No
CONT07445,Dry,45FT,Electronics,Import,5.21,Yes
CONT07446,Reefer,40FT,Textiles,Export,20.35,No
CONT07447,Open Top,20FT,Electronics,Import,20.06,No
CONT07448,Tank,45FT,Textiles,Export,13.24,No
CONT07449,Dry,40FT,Electronics,Import,15.82,No
CONT07450,Reefer,20FT,Textiles,Export,16.23,Yes
CONT07451,Open Top,45FT,Electronics,Import,10.0,No
CONT07452,Tank,40FT,Textiles,Export,11.85,No
CONT07453,Dry,20FT,Electronics,Import,14.46,No
CONT07454,Reefer,45FT,Textiles,Export,19.08,No
CONT07455,Open Top,40FT,Electronics,Import,27.9,Yes
CONT07456,Tank,20FT,Textiles,Export,17.46,No
CONT07457,Dry,45FT,Electronics,Import,22.28,No
CONT07458,Reefer,40FT,Textiles,Export,24.18,No
CONT07459,Open Top,20FT,Electronics,Import,6.84,No
CONT07460,Tank,45FT,Textiles,Export,20.33,Yes
CONT07461,Dry,40FT,Electronics,Import,16.05,No
CONT07462,Reefer,20FT,Textiles,Export,18.31,No
CONT07463,Open Top,45FT,Electronics,Import,4.96,No
CONT07464,Tank,40FT,Textiles,Export,26.66,No
CONT07465,Dry,20FT,Electronics,Import,27.82,Yes
CONT07466,Reefer,45FT,Textiles,Export,4.09,No
CONT07467,Open Top,40FT,Electronics,Import,9.32,No
CONT07468,Tank,20FT,Textiles,Export,8.5,No
CONT07469,Dry,45FT,Electronics,Import,23.53,No
CONT07470,Reefer,40FT,Textiles,Export,18.95,Yes
CONT07471,Open Top,20FT,Electronics,Import,8.43,No
CONT07472,Tank,45FT,Textiles,Export,24.35,No
CONT07473,Dry,40FT,Electronics,Import,12.84,No
CONT07474,Reefer,20FT,Textiles,Export,15.52,No
CONT07475,Open Top,45FT,Electronics,Import,13.68,Yes
CONT07476,Tank,40FT,Textiles,Export,17.03,No
CONT07477,Dry,20FT,Electronics,Import,16.0,No
CONT07478,Reefer,45FT,Textiles,Export,10.86,No
CONT07479,Open Top,40FT,Electronics,Import,14.61,No
CONT07480,Tank,20FT,Textiles,Export,26.71,Yes
CONT07481,Dry,45FT,Electronics,Import,16.57,No
CONT07482,Reefer,40FT,Textiles,Export,26.91,No
CONT07483,Open Top,20FT,Electronics,Import,17.75,No
CONT07484,Tank,45FT,Textiles,Export,23.22,No
CONT07485,Dry,40FT,Electronics,Import,11.34,Yes
CONT07486,Reefer,20FT,Textiles,Export,23.76,No
CONT07487,Open Top,45FT,Electronics,Import,10.61,No
CONT07488,Tank,40FT,Textiles,Export,4.49,No
CONT07489,Dry,20FT,Electronics,Import,8.02,No
CONT07490,Reefer,45FT,Textiles,Export,4.54,Yes
CONT07491,Open Top,40FT,Electronics,Import,27.68,No
CONT07492,Tank,20FT,Textiles,Export,29.0,No
CONT07493,Dry,45FT,Electronics,Import,23.06,No
CONT07494,Reefer,40FT,Textiles,Export,6.7,No
CONT07495,Open Top,20FT,Electronics,Import,26.47,Yes
CONT07496,Tank,45FT,Textiles,Export,22.59,No
CONT07497,Dry,40FT,Electronics,Import,12.31,No
CONT07498,Reefer,20FT,Textiles,Export,16.56,No
CONT07499,Open Top,45FT,Electronics,Import,20.54,No
CONT07500,Tank,40FT,Textiles,Export,4.6,Yes
CONT07501,Dry,20FT,Electronics,Import,16.54,No
CONT07502,Reefer,45FT,Textiles,Export,22.31,No
CONT07503,Open Top,40FT,Electronics,Import,8.71,No
CONT07504,Tank,20FT,Textiles,Export,15.09,No
CONT07505,Dry,45FT,Electronics,Import,17.31,Yes
CONT07506,Reefer,40FT,Textiles,Export,22.39,No
CONT07507,Open Top,20FT,Electronics,Import,28.11,No
CONT07508,Tank,45FT,Textiles,Export,25.21,No
CONT07509,Dry,40FT,Electronics,Import,19.54,No
CONT07510,Reefer,20FT,Textiles,Export,18.59,Yes
CONT07511,Open Top,45FT,Electronics,Import,19.08,No
CONT07512,Tank,40FT,Textiles,Export,17.63,No
CONT07513,Dry,20FT,Electronics,Import,5.48,No
CONT07514,Reefer,45FT,Textiles,Export,21.46,No
CONT07515,Open Top,40FT,Electronics,Import,21.91,Yes
CONT07516,Tank,20FT,Textiles,Export,16.81,No
CONT07517,Dry,45FT,Electronics,Import,25.76,No
CONT07518,Reefer,40FT,Textiles,Export,20.81,No
CONT07519,Open Top,20FT,Electronics,Import,13.07,No
CONT07520,Tank,45FT,Textiles,Export,4.49,Yes
CONT07521,Dry,40FT,Electronics,Import,5.48,No
CONT07522,Reefer,20FT,Textiles,Export,12.79,No
CONT07523,Open Top,45FT,Electronics,Import,15.55,No
CONT07524,Tank,40FT,Textiles,Export,8.17,No
CONT07525,Dry,20FT,Electronics,Import,8.73,Yes
CONT07526,Reefer,45FT,Textiles,Export,9.76,No
CONT07527,Open Top,40FT,Electronics,Import,23.51,No
CONT07528,Tank,20FT,Textiles,Export,23.28,No
CONT07529,Dry,45FT,Electronics,Import,13.57,No
CONT07530,Reefer,40FT,Textiles,Export,8.31,Yes
CONT07531,Open Top,20FT,Electronics,Import,6.77,No
CONT07532,Tank,45FT,Textiles,Export,6.18,No
CONT07533,Dry,40FT,Electronics,Import,13.78,No
CONT07534,Reefer,20FT,Textiles,Export,5.14,No
CONT07535,Open Top,45FT,Electronics,Import,12.34,Yes
CONT07536,Tank,40FT,Textiles,Export,28.04,No
CONT07537,Dry,20FT,Electronics,Import,16.69,No
CONT07538,Reefer,45FT,Textiles,Export,24.57,No
CONT07539,Open Top,40FT,Electronics,Import,7.23,No
CONT07540,Tank,20FT,Textiles,Export,10.7,Yes
CONT07541,Dry,45FT,Electronics,Import,27.66,No
CONT07542,Reefer,40FT,Textiles,Export,13.59,No
CONT07543,Open Top,20FT,Electronics,Import,20.21,No
CONT07544,Tank,45FT,Textiles,Export,28.4,No
CONT07545,Dry,40FT,Electronics,Import,17.77,Yes
CONT07546,Reefer,20FT,Textiles,Export,11.63,No
CONT07547,Open Top,45FT,Electronics,Import,17.3,No
CONT07548,Tank,40FT,Textiles,Export,5.37,No
CONT07549,Dry,20FT,Electronics,Import,6.81,No
CONT07550,Reefer,45FT,Textiles,Export,4.18,Yes
CONT07551,Open Top,40FT,Electronics,Import,26.11,No
CONT07552,Tank,20FT,Textiles,Export,20.78,No
CONT07553,Dry,45FT,Electronics,Import,11.46,No
CONT07554,Reefer,40FT,Textiles,Export,9.53,No
CONT07555,Open Top,20FT,Electronics,Import,21.08,Yes
CONT07556,Tank,45FT,Textiles,Export,26.99,No
CONT07557,Dry,40FT,Electronics,Import,11.48,No
CONT07558,Reefer,20FT,Textiles,Export,12.04,No
CONT07559,Open Top,45FT,Electronics,Import,25.36,No
CONT07560,Tank,40FT,Textiles,Export,26.33,Yes
CONT07561,Dry,20FT,Electronics,Import,26.85,No
CONT07562,Reefer,45FT,Textiles,Export,11.33,No
CONT07563,Open Top,40FT,Electronics,Import,7.01,No
CONT07564,Tank,20FT,Textiles,Export,15.0,No
CONT07565,Dry,45FT,Electronics,Import,11.39,Yes
CONT07566,Reefer,40FT,Textiles,Export,26.1,No
CONT07567,Open Top,20FT,Electronics,Import,4.92,No
CONT07568,Tank,45FT,Textiles,Export,19.85,No
CONT07569,Dry,40FT,Electronics,Import,26.65,No
CONT07570,Reefer,20FT,Textiles,Export,28.42,Yes
CONT07571,Open Top,45FT,Electronics,Import,20.25,No
CONT07572,Tank,40FT,Textiles,Export,27.75,No
CONT07573,Dry,20FT,Electronics,Import,5.89,No
CONT07574,Reefer,45FT,Textiles,Export,12.98,No
CONT07575,Open Top,40FT,Electronics,Import,4.22,Yes
CONT07576,Tank,20FT,Textiles,Export,28.53,No
CONT07577,Dry,45FT,Electronics,Import,26.57,No
CONT07578,Reefer,40FT,Textiles,Export,4.7,No
CONT07579,Open Top,20FT,Electronics,Import,4.45,No
CONT07580,Tank,45FT,Textiles,Export,13.17,Yes
CONT07581,Dry,40FT,Electronics,Import,10.46,No
CONT07582,Reefer,20FT,Textiles,Export,25.17,No
CONT07583,Open Top,45FT,Electronics,Import,8.01,No
CONT07584,Tank,40FT,Textiles,Export,23.77,No
CONT07585,Dry,20FT,Electronics,Import,17.86,Yes
CONT07586,Reefer,45FT,Textiles,Export,13.43,No
CONT07587,Open Top,40FT,Electronics,Import,7.64,No
CONT07588,Tank,20FT,Textiles,Export,28.94,No
CONT07589,Dry,45FT,Electronics,Import,19.45,No
CONT07590,Reefer,40FT,Textiles,Export,14.98,Yes
CONT07591,Open Top,20FT,Electronics,Import,13.28,No
CONT07592,Tank,45FT,Textiles,Export,26.64,No
CONT07593,Dry,40FT,Electronics,Import,24.53,No
CONT07594,Reefer,20FT,Textiles,Export,24.28,No
CONT07595,Open Top,45FT,Electronics,Import,19.4,Yes
CONT07596,Tank,40FT,Textiles,Export,26.2,No
CONT07597,Dry,20FT,Electronics,Import,11.48,No
CONT07598,Reefer,45FT,Textiles,Export,21.59,No
CONT07599,Open Top,40FT,Electronics,Import,14.11,No
CONT07600,Tank,20FT,Textiles,Export,19.0,Yes
CONT07601,Dry,45FT,Electronics,Import,28.95,No
CONT07602,Reefer,40FT,Textiles,Export,28.61,No
CONT07603,Open Top,20FT,Electronics,Import,16.82,No
CONT07604,Tank,45FT,Textiles,Export,18.35,No
CONT07605,Dry,40FT,Electronics,Import,26.43,Yes
CONT07606,Reefer,20FT,Textiles,Export,28.64,No
CONT07607,Open Top,45FT,Electronics,Import,23.47,No
CONT07608,Tank,40FT,Textiles,Export,5.63,No
CONT07609,Dry,20FT,Electronics,Import,12.07,No
CONT07610,Reefer,45FT,Textiles,Export,26.41,Yes
CONT07611,Open Top,40FT,Electronics,Import,23.21,No
CONT07612,Tank,20FT,Textiles,Export,22.56,No
CONT07613,Dry,45FT,Electronics,Import,20.7,No
CONT07614,Reefer,40FT,Textiles,Export,14.38,No
CONT07615,Open Top,20FT,Electronics,Import,14.08,Yes
CONT07616,Tank,45FT,Textiles,Export,24.22,No
CONT07617,Dry,40FT,Electronics,Import,11.34,No
CONT07618,Reefer,20FT,Textiles,Export,21.12,No
CONT07619,Open Top,45FT,Electronics,Import,22.16,No
CONT07620,Tank,40FT,Textiles,Export,25.11,Yes
CONT07621,Dry,20FT,Electronics,Import,12.0,No
CONT07622,Reefer,45FT,Textiles,Export,22.55,No
CONT07623,Open Top,40FT,Electronics,Import,6.66,No
CONT07624,Tank,20FT,Textiles,Export,7.45,No
CONT07625,Dry,45FT,Electronics,Import,14.43,Yes
CONT07626,Reefer,40FT,Textiles,Export,5.38,No
CONT07627,Open Top,20FT,Electronics,Import,27.69,No
CONT07628,Tank,45FT,Textiles,Export,26.55,No
CONT07629,Dry,40FT,Electronics,Import,5.22,No
CONT07630,Reefer,20FT,Textiles,Export,24.96,Yes
CONT07631,Open Top,45FT,Electronics,Import,16.72,No
CONT07632,Tank,40FT,Textiles,Export,21.55,No
CONT07633,Dry,20FT,Electronics,Import,26.17,No
CONT07634,Reefer,45FT,Textiles,Export,18.42,No
CONT07635,Open Top,40FT,Electronics,Import,6.91,Yes
CONT07636,Tank,20FT,Textiles,Export,4.06,No
CONT07637,Dry,45FT,Electronics,Import,16.42,No
CONT07638,Reefer,40FT,Textiles,Export,27.73,No
CONT07639,Open Top,20FT,Electronics,Import,18.32,No
CONT07640,Tank,45FT,Textiles,Export,13.32,Yes
CONT07641,Dry,40FT,Electronics,Import,4.77,No
CONT07642,Reefer,20FT,Textiles,Export,26.87,No
CONT07643,Open Top,45FT,Electronics,Import,12.18,No
CONT07644,Tank,40FT,Textiles,Export,21.62,No
CONT07645,Dry,20FT,Electronics,Import,21.36,Yes
CONT07646,Reefer,45FT,Textiles,Export,10.35,No
CONT07647,Open Top,40FT,Electronics,Import,5.59,No
CONT07648,Tank,20FT,Textiles,Export,13.63,No
CONT07649,Dry,45FT,Electronics,Import,11.93,No
CONT07650,Reefer,40FT,Textiles,Export,21.51,Yes
CONT07651,Open Top,20FT,Electronics,Import,24.49,No
CONT07652,Tank,45FT,Textiles,Export,9.56,No
CONT07653,Dry,40FT,Electronics,Import,17.21,No
CONT07654,Reefer,20FT,Textiles,Export,5.02,No
CONT07655,Open Top,45FT,Electronics,Import,9.36,Yes
CONT07656,Tank,40FT,Textiles,Export,23.04,No
CONT07657,Dry,20FT,Electronics,Import,23.83,No
CONT07658,Reefer,45FT,Textiles,Export,23.41,No
CONT07659,Open Top,40FT,Electronics,Import,7.56,No
CONT07660,Tank,20FT,Textiles,Export,17.78,Yes
CONT07661,Dry,45FT,Electronics,Import,14.57,No
CONT07662,Reefer,40FT,Textiles,Export,28.79,No
CONT07663,Open Top,20FT,Electronics,Import,20.35,No
CONT07664,Tank,45FT,Textiles,Export,27.38,No
CONT07665,Dry,40FT,Electronics,Import,7.63,Yes
CONT07666,Reefer,20FT,Textiles,Export,15.27,No
CONT07667,Open Top,45FT,Electronics,Import,23.29,No
CONT07668,Tank,40FT,Textiles,Export,13.2,No
CONT07669,Dry,20FT,Electronics,Import,19.81,No
CONT07670,Reefer,45FT,Textiles,Export,16.79,Yes
CONT07671,Open Top,40FT,Electronics,Import,28.8,No
CONT07672,Tank,20FT,Textiles,Export,8.35,No
CONT07673,Dry,45FT,Electronics,Import,27.38,No
CONT07674,Reefer,40FT,Textiles,Export,14.04,No
CONT07675,Open Top,20FT,Electronics,Import,15.7,Yes
CONT07676,Tank,45FT,Textiles,Export,17.22,No
CONT07677,Dry,40FT,Electronics,Import,10.63,No
CONT07678,Reefer,20FT,Textiles,Export,28.09,No
CONT07679,Open Top,45FT,Electronics,Import,26.79,No
CONT07680,Tank,40FT,Textiles,Export,28.32,Yes
CONT07681,Dry,20FT,Electronics,Import,28.92,No
CONT07682,Reefer,45FT,Textiles,Export,20.75,No
CONT07683,Open Top,40FT,Electronics,Import,15.29,No
CONT07684,Tank,20FT,Textiles,Export,25.27,No
CONT07685,Dry,45FT,Electronics,Import,4.6,Yes
CONT07686,Reefer,40FT,Textiles,Export,24.86,No
CONT07687,Open Top,20FT,Electronics,Import,16.43,No
CONT07688,Tank,45FT,Textiles,Export,20.83,No
CONT07689,Dry,40FT,Electronics,Import,13.35,No
CONT07690,Reefer,20FT,Textiles,Export,13.22,Yes
CONT07691,Open Top,45FT,Electronics,Import,4.79,No
CONT07692,Tank,40FT,Textiles,Export,14.59,No
CONT07693,Dry,20FT,Electronics,Import,14.21,No
CONT07694,Reefer,45FT,Textiles,Export,9.62,No
CONT07695,Open Top,40FT,Electronics,Import,10.18,Yes
CONT07696,Tank,20FT,Textiles,Export,18.6,No
CONT07697,Dry,45FT,Electronics,Import,11.94,No
CONT07698,Reefer,40FT,Textiles,Export,24.76,No
CONT07699,Open Top,20FT,Electronics,Import,6.78,No
CONT07700,Tank,45FT,Textiles,Export,18.44,Yes
CONT07701,Dry,40FT,Electronics,Import,8.0,No
CONT07702,Reefer,20FT,Textiles,Export,17.21,No
CONT07703,Open Top,45FT,Electronics,Import,17.81,No
CONT07704,Tank,40FT,Textiles,Export,20.06,No
CONT07705,Dry,20FT,Electronics,Import,14.69,Yes
CONT07706,Reefer,45FT,Textiles,Export,16.74,No
CONT07707,Open Top,40FT,Electronics,Import,8.52,No
CONT07708,Tank,20FT,Textiles,Export,15.58,No
CONT07709,Dry,45FT,Electronics,Import,13.33,No
CONT07710,Reefer,40FT,Textiles,Export,20.65,Yes
CONT07711,Open Top,20FT,Electronics,Import,14.87,No
CONT07712,Tank,45FT,Textiles,Export,23.48,No
CONT07713,Dry,40FT,Electronics,Import,14.65,No
CONT07714,Reefer,20FT,Textiles,Export,9.89,No
CONT07715,Open Top,45FT,Electronics,Import,10.84,Yes
CONT07716,Tank,40FT,Textiles,Export,5.13,No
CONT07717,Dry,20FT,Electronics,Import,17.5,No
CONT07718,Reefer,45FT,Textiles,Export,24.77,No
CONT07719,Open Top,40FT,Electronics,Import,23.23,No
CONT07720,Tank,20FT,Textiles,Export,14.94,Yes
CONT07721,Dry,45FT,Electronics,Import,8.9,No
CONT07722,Reefer,40FT,Textiles,Export,25.59,No
CONT07723,Open Top,20FT,Electronics,Import,5.42,No
CONT07724,Tank,45FT,Textiles,Export,13.98,No
CONT07725,Dry,40FT,Electronics,Import,25.42,Yes
CONT07726,Reefer,20FT,Textiles,Export,13.83,No
CONT07727,Open Top,45FT,Electronics,Import,6.95,No
CONT07728,Tank,40FT,Textiles,Export,10.65,No
CONT07729,Dry,20FT,Electronics,Import,19.0,No
CONT07730,Reefer,45FT,Textiles,Export,7.8,Yes
CONT07731,Open Top,40FT,Electronics,Import,20.37,No
CONT07732,Tank,20FT,Textiles,Export,14.95,No
CONT07733,Dry,45FT,Electronics,Import,12.36,No
CONT07734,Reefer,40FT,Textiles,Export,10.02,No
CONT07735,Open Top,20FT,Electronics,Import,24.58,Yes
CONT07736,Tank,45FT,Textiles,Export,13.92,No
CONT07737,Dry,40FT,Electronics,Import,22.46,No
CONT07738,Reefer,20FT,Textiles,Export,15.01,No
CONT07739,Open Top,45FT,Electronics,Import,6.3,No
CONT07740,Tank,40FT,Textiles,Export,15.01,Yes
CONT07741,Dry,20FT,Electronics,Import,16.69,No
CONT07742,Reefer,45FT,Textiles,Export,15.45,No
CONT07743,Open Top,40FT,Electronics,Import,24.41,No
CONT07744,Tank,20FT,Textiles,Export,26.77,No
CONT07745,Dry,45FT,Electronics,Import,23.67,Yes
CONT07746,Reefer,40FT,Textiles,Export,18.57,No
CONT07747,Open Top,20FT,Electronics,Import,17.54,No
CONT07748,Tank,45FT,Textiles,Export,20.12,No
CONT07749,Dry,40FT,Electronics,Import,11.2,No
CONT07750,Reefer,20FT,Textiles,Export,24.3,Yes
CONT07751,Open Top,45FT,Electronics,Import,25.42,No
CONT07752,Tank,40FT,Textiles,Export,10.68,No
CONT07753,Dry,20FT,Electronics,Import,26.57,No
CONT07754,Reefer,45FT,Textiles,Export,25.22,No
CONT07755,Open Top,40FT,Electronics,Import,14.61,Yes
CONT07756,Tank,20FT,Textiles,Export,26.73,No
CONT07757,Dry,45FT,Electronics,Import,7.01,No
CONT07758,Reefer,40FT,Textiles,Export,4.7,No
CONT07759,Open Top,20FT,Electronics,Import,12.7,No
CONT07760,Tank,45FT,Textiles,Export,18.14,Yes
CONT07761,Dry,40FT,Electronics,Import,12.79,No
CONT07762,Reefer,20FT,Textiles,Export,27.55,No
CONT07763,Open Top,45FT,Electronics,Import,10.37,No
CONT07764,Tank,40FT,Textiles,Export,11.03,No
CONT07765,Dry,20FT,Electronics,Import,19.87,Yes
CONT07766,Reefer,45FT,Textiles,Export,4.1,No
CONT07767,Open Top,40FT,Electronics,Import,22.19,No
CONT07768,Tank,20FT,Textiles,Export,13.44,No
CONT07769,Dry,45FT,Electronics,Import,28.44,No
CONT07770,Reefer,40FT,Textiles,Export,21.29,Yes
CONT07771,Open Top,20FT,Electronics,Import,5.31,No
CONT07772,Tank,45FT,Textiles,Export,6.32,No
CONT07773,Dry,40FT,Electronics,Import,6.2,No
CONT07774,Reefer,20FT,Textiles,Export,27.82,No
CONT07775,Open Top,45FT,Electronics,Import,21.1,Yes
CONT07776,Tank,40FT,Textiles,Export,14.69,No
CONT07777,Dry,20FT,Electronics,Import,9.01,No
CONT07778,Reefer,45FT,Textiles,Export,25.84,No
CONT07779,Open Top,40FT,Electronics,Import,9.04,No
CONT07780,Tank,20FT,Textiles,Export,21.67,Yes
CONT07781,Dry,45FT,Electronics,Import,23.08,No
CONT07782,Reefer,40FT,Textiles,Export,11.37,No
CONT07783,Open Top,20FT,Electronics,Import,16.62,No
CONT07784,Tank,45FT,Textiles,Export,9.57,No
CONT07785,Dry,40FT,Electronics,Import,13.47,Yes
CONT07786,Reefer,20FT,Textiles,Export,28.13,No
CONT07787,Open Top,45FT,Electronics,Import,21.33,No
CONT07788,Tank,40FT,Textiles,Export,25.17,No
CONT07789,Dry,20FT,Electronics,Import,17.51,No
CONT07790,Reefer,45FT,Textiles,Export,9.98,Yes
CONT07791,Open Top,40FT,Electronics,Import,21.82,No
CONT07792,Tank,20FT,Textiles,Export,16.51,No
CONT07793,Dry,45FT,Electronics,Import,8.42,No
CONT07794,Reefer,40FT,Textiles,Export,14.31,No
CONT07795,Open Top,20FT,Electronics,Import,19.87,Yes
CONT07796,Tank,45FT,Textiles,Export,22.38,No
CONT07797,Dry,40FT,Electronics,Import,10.08,No
CONT07798,Reefer,20FT,Textiles,Export,25.9,No
CONT07799,Open Top,45FT,Electronics,Import,13.49,No
CONT07800,Tank,40FT,Textiles,Export,10.78,Yes
CONT07801,Dry,20FT,Electronics,Import,8.88,No
CONT07802,Reefer,45FT,Textiles,Export,24.1,No
CONT07803,Open Top,40FT,Electronics,Import,12.85,No
CONT07804,Tank,20FT,Textiles,Export,16.08,No
CONT07805,Dry,45FT,Electronics,Import,9.57,Yes
CONT07806,Reefer,40FT,Textiles,Export,21.15,No
CONT07807,Open Top,20FT,Electronics,Import,23.53,No
CONT07808,Tank,45FT,Textiles,Export,12.49,No
CONT07809,Dry,40FT,Electronics,Import,27.63,No
CONT07810,Reefer,20FT,Textiles,Export,4.77,Yes
CONT07811,Open Top,45FT,Electronics,Import,7.32,No
CONT07812,Tank,40FT,Textiles,Export,18.72,No
CONT07813,Dry,20FT,Electronics,Import,21.54,No
CONT07814,Reefer,45FT,Textiles,Export,10.27,No
CONT07815,Open Top,40FT,Electronics,Import,17.85,Yes
CONT07816,Tank,20FT,Textiles,Export,11.96,No
CONT07817,Dry,45FT,Electronics,Import,17.85,No
CONT07818,Reefer,40FT,Textiles,Export,20.48,No
CONT07819,Open Top,20FT,Electronics,Import,28.32,No
CONT07820,Tank,45FT,Textiles,Export,15.39,Yes
CONT07821,Dry,40FT,Electronics,Import,20.21,No
CONT07822,Reefer,20FT,Textiles,Export,18.45,No
CONT07823,Open Top,45FT,Electronics,Import,11.94,No
CONT07824,Tank,40FT,Textiles,Export,10.33,No
CONT07825,Dry,20FT,Electronics,Import,28.7,Yes
CONT07826,Reefer,45FT,Textiles,Export,9.17,No
CONT07827,Open Top,40FT,Electronics,Import,23.76,No
CONT07828,Tank,20FT,Textiles,Export,7.66,No
CONT07829,Dry,45FT,Electronics,Import,24.11,No
CONT07830,Reefer,40FT,Textiles,Export,8.64,Yes
CONT07831,Open Top,20FT,Electronics,Import,28.18,No
CONT07832,Tank,45FT,Textiles,Export,21.15,No
CONT07833,Dry,40FT,Electronics,Import,6.25,No
CONT07834,Reefer,20FT,Textiles,Export,21.33,No
CONT07835,Open Top,45FT,Electronics,Import,19.09,Yes
CONT07836,Tank,40FT,Textiles,Export,12.44,No
CONT07837,Dry,20FT,Electronics,Import,10.52,No
CONT07838,Reefer,45FT,Textiles,Export,21.97,No
CONT07839,Open Top,40FT,Electronics,Import,22.53,No
CONT07840,Tank,20FT,Textiles,Export,12.18,Yes
CONT07841,Dry,45FT,Electronics,Import,25.91,No
CONT07842,Reefer,40FT,Textiles,Export,10.72,No
CONT07843,Open Top,20FT,Electronics,Import,5.75,No
CONT07844,Tank,45FT,Textiles,Export,19.0,No
CONT07845,Dry,40FT,Electronics,Import,6.68,Yes
CONT07846,Reefer,20FT,Textiles,Export,10.92,No
CONT07847,Open Top,45FT,Electronics,Import,16.68,No
CONT07848,Tank,40FT,Textiles,Export,11.16,No
CONT07849,Dry,20FT,Electronics,Import,9.37,No
CONT07850,Reefer,45FT,Textiles,Export,21.58,Yes
CONT07851,Open Top,40FT,Electronics,Import,17.67,No
CONT07852,Tank,20FT,Textiles,Export,24.99,No
CONT07853,Dry,45FT,Electronics,Import,18.53,No
CONT07854,Reefer,40FT,Textiles,Export,16.09,No
CONT07855,Open Top,20FT,Electronics,Import,10.53,Yes
CONT07856,Tank,45FT,Textiles,Export,23.8,No
CONT07857,Dry,40FT,Electronics,Import,8.92,No
CONT07858,Reefer,20FT,Textiles,Export,10.06,No
CONT07859,Open Top,45FT,Electronics,Import,25.04,No
CONT07860,Tank,40FT,Textiles,Export,22.53,Yes
CONT07861,Dry,20FT,Electronics,Import,19.32,No
CONT07862,Reefer,45FT,Textiles,Export,4.97,No
CONT07863,Open Top,40FT,Electronics,Import,7.18,No
CONT07864,Tank,20FT,Textiles,Export,16.5,No
CONT07865,Dry,45FT,Electronics,Import,22.66,Yes
CONT07866,Reefer,40FT,Textiles,Export,15.6,No
CONT07867,Open Top,20FT,Electronics,Import,4.43,No
CONT07868,Tank,45FT,Textiles,Export,8.61,No
CONT07869,Dry,40FT,Electronics,Import,18.72,No
CONT07870,Reefer,20FT,Textiles,Export,21.36,Yes
CONT07871,Open Top,45FT,Electronics,Import,4.84,No
CONT07872,Tank,40FT,Textiles,Export,5.08,No
CONT07873,Dry,20FT,Electronics,Import,10.53,No
CONT07874,Reefer,45FT,Textiles,Export,6.09,No
CONT07875,Open Top,40FT,Electronics,Import,17.55,Yes
CONT07876,Tank,20FT,Textiles,Export,7.09,No
CONT07877,Dry,45FT,Electronics,Import,20.21,No
CONT07878,Reefer,40FT,Textiles,Export,23.43,No
CONT07879,Open Top,20FT,Electronics,Import,28.26,No
CONT07880,Tank,45FT,Textiles,Export,27.71,Yes
CONT07881,Dry,40FT,Electronics,Import,10.83,No
CONT07882,Reefer,20FT,Textiles,Export,4.74,No
CONT07883,Open Top,45FT,Electronics,Import,12.24,No
CONT07884,Tank,40FT,Textiles,Export,21.71,No
CONT07885,Dry,20FT,Electronics,Import,5.5,Yes
CONT07886,Reefer,45FT,Textiles,Export,12.99,No
CONT07887,Open Top,40FT,Electronics,Import,11.45,No
CONT07888,Tank,20FT,Textiles,Export,9.48,No
CONT07889,Dry,45FT,Electronics,Import,21.65,No
CONT07890,Reefer,40FT,Textiles,Export,20.48,Yes
CONT07891,Open Top,20FT,Electronics,Import,17.39,No
CONT07892,Tank,45FT,Textiles,Export,26.77,No
CONT07893,Dry,40FT,Electronics,Import,6.58,No
CONT07894,Reefer,20FT,Textiles,Export,7.74,No
CONT07895,Open Top,45FT,Electronics,Import,13.59,Yes
CONT07896,Tank,40FT,Textiles,Export,20.4,No
CONT07897,Dry,20FT,Electronics,Import,18.6,No
CONT07898,Reefer,45FT,Textiles,Export,5.85,No
CONT07899,Open Top,40FT,Electronics,Import,27.96,No
CONT07900,Tank,20FT,Textiles,Export,11.63,Yes
CONT07901,Dry,45FT,Electronics,Import,12.97,No
CONT07902,Reefer,40FT,Textiles,Export,19.59,No
CONT07903,Open Top,20FT,Electronics,Import,27.63,No
CONT07904,Tank,45FT,Textiles,Export,20.57,No
CONT07905,Dry,40FT,Electronics,Import,27.87,Yes
CONT07906,Reefer,20FT,Textiles,Export,8.69,No
CONT07907,Open Top,45FT,Electronics,Import,19.47,No
CONT07908,Tank,40FT,Textiles,Export,24.72,No
CONT07909,Dry,20FT,Electronics,Import,16.73,No
CONT07910,Reefer,45FT,Textiles,Export,13.05,Yes
CONT07911,Open Top,40FT,Electronics,Import,28.62,No
CONT07912,Tank,20FT,Textiles,Export,7.52,No
CONT07913,Dry,45FT,Electronics,Import,14.27,No
CONT07914,Reefer,40FT,Textiles,Export,25.83,No
CONT07915,Open Top,20FT,Electronics,Import,26.51,Yes
CONT07916,Tank,45FT,Textiles,Export,28.51,No
CONT07917,Dry,40FT,Electronics,Import,26.12,No
CONT07918,Reefer,20FT,Textiles,Export,5.27,No
CONT07919,Open Top,45FT,Electronics,Import,27.24,No
CONT07920,Tank,40FT,Textiles,Export,14.7,Yes
CONT07921,Dry,20FT,Electronics,Import,20.29,No
CONT07922,Reefer,45FT,Textiles,Export,13.86,No
CONT07923,Open Top,40FT,Electronics,Import,24.34,No
CONT07924,Tank,20FT,Textiles,Export,18.4,No
CONT07925,Dry,45FT,Electronics,Import,25.14,Yes
CONT07926,Reefer,40FT,Textiles,Export,8.84,No
CONT07927,Open Top,20FT,Electronics,Import,8.62,No
CONT07928,Tank,45FT,Textiles,Export,15.01,No
CONT07929,Dry,40FT,Electronics,Import,4.12,No
CONT07930,Reefer,20FT,Textiles,Export,21.32,Yes
CONT07931,Open Top,45FT,Electronics,Import,11.4,No
CONT07932,Tank,40FT,Textiles,Export,17.93,No
CONT07933,Dry,20FT,Electronics,Import,5.75,No
CONT07934,Reefer,45FT,Textiles,Export,8.27,No
CONT07935,Open Top,40FT,Electronics,Import,19.57,Yes
CONT07936,Tank,20FT,Textiles,Export,11.64,No
CONT07937,Dry,45FT,Electronics,Import,9.37,No
CONT07938,Reefer,40FT,Textiles,Export,9.72,No
CONT07939,Open Top,20FT,Electronics,Import,9.37,No
CONT07940,Tank,45FT,Textiles,Export,19.57,Yes
CONT07941,Dry,40FT,Electronics,Import,8.19,No
CONT07942,Reefer,20FT,Textiles,Export,13.07,No
CONT07943,Open Top,45FT,Electronics,Import,21.2,No
CONT07944,Tank,40FT,Textiles,Export,16.84,No
CONT07945,Dry,20FT,Electronics,Import,18.93,Yes
CONT07946,Reefer,45FT,Textiles,Export,10.27,No
CONT07947,Open Top,40FT,Electronics,Import,27.32,No
CONT07948,Tank,20FT,Textiles,Export,14.35,No
CONT07949,Dry,45FT,Electronics,Import,11.17,No
CONT07950,Reefer,40FT,Textiles,Export,26.61,Yes
CONT07951,Open Top,20FT,Electronics,Import,20.38,No
CONT07952,Tank,45FT,Textiles,Export,19.35,No
CONT07953,Dry,40FT,Electronics,Import,26.17,No
CONT07954,Reefer,20FT,Textiles,Export,5.46,No
CONT07955,Open Top,45FT,Electronics,Import,24.94,Yes
CONT07956,Tank,40FT,Textiles,Export,20.95,No
CONT07957,Dry,20FT,Electronics,Import,13.0,No
CONT07958,Reefer,45FT,Textiles,Export,10.41,No
CONT07959,Open Top,40FT,Electronics,Import,6.62,No
CONT07960,Tank,20FT,Textiles,Export,27.53,Yes
CONT07961,Dry,45FT,Electronics,Import,7.55,No
CONT07962,Reefer,40FT,Textiles,Export,10.49,No
CONT07963,Open Top,20FT,Electronics,Import,21.28,No
CONT07964,Tank,45FT,Textiles,Export,21.75,No
CONT07965,Dry,40FT,Electronics,Import,8.02,Yes
CONT07966,Reefer,20FT,Textiles,Export,24.35,No
CONT07967,Open Top,45FT,Electronics,Import,16.76,No
CONT07968,Tank,40FT,Textiles,Export,25.21,No
CONT07969,Dry,20FT,Electronics,Import,6.18,No
CONT07970,Reefer,45FT,Textiles,Export,5.07,Yes
CONT07971,Open Top,40FT,Electronics,Import,19.92,No
CONT07972,Tank,20FT,Textiles,Export,7.75,No
CONT07973,Dry,45FT,Electronics,Import,17.12,No
CONT07974,Reefer,40FT,Textiles,Export,4.35,No
CONT07975,Open Top,20FT,Electronics,Import,23.5,Yes
CONT07976,Tank,45FT,Textiles,Export,26.49,No
CONT07977,Dry,40FT,Electronics,Import,24.97,No
CONT07978,Reefer,20FT,Textiles,Export,27.96,No
CONT07979,Open Top,45FT,Electronics,Import,26.58,No
CONT07980,Tank,40FT,Textiles,Export,15.1,Yes
CONT07981,Dry,20FT,Electronics,Import,13.96,No
CONT07982,Reefer,45FT,Textiles,Export,26.4,No
CONT07983,Open Top,40FT,Electronics,Import,27.17,No
CONT07984,Tank,20FT,Textiles,Export,28.32,No
CONT07985,Dry,45FT,Electronics,Import,23.21,Yes
CONT07986,Reefer,40FT,Textiles,Export,9.05,No
CONT07987,Open Top,20FT,Electronics,Import,27.62,No
CONT07988,Tank,45FT,Textiles,Export,27.68,No
CONT07989,Dry,40FT,Electronics,Import,20.65,No
CONT07990,Reefer,20FT,Textiles,Export,25.43,Yes
CONT07991,Open Top,45FT,Electronics,Import,18.03,No
CONT07992,Tank,40FT,Textiles,Export,27.6,No
CONT07993,Dry,20FT,Electronics,Import,6.35,No
CONT07994,Reefer,45FT,Textiles,Export,25.6,No
CONT07995,Open Top,40FT,Electronics,Import,5.39,Yes
CONT07996,Tank,20FT,Textiles,Export,12.48,No
CONT07997,Dry,45FT,Electronics,Import,7.38,No
CONT07998,Reefer,40FT,Textiles,Export,15.98,No
CONT07999,Open Top,20FT,Electronics,Import,9.81,No
CONT08000,Tank,45FT,Textiles,Export,27.8,Yes
CONT08001,Dry,40FT,Electronics,Import,17.98,No
CONT08002,Reefer,20FT,Textiles,Export,26.44,No
CONT08003,Open Top,45FT,Electronics,Import,10.95,No
CONT08004,Tank,40FT,Textiles,Export,4.65,No
CONT08005,Dry,20FT,Electronics,Import,23.39,Yes
CONT08006,Reefer,45FT,Textiles,Export,21.56,No
CONT08007,Open Top,40FT,Electronics,Import,17.64,No
CONT08008,Tank,20FT,Textiles,Export,24.38,No
CONT08009,Dry,45FT,Electronics,Import,25.0,No
CONT08010,Reefer,40FT,Textiles,Export,18.7,Yes
CONT08011,Open Top,20FT,Electronics,Import,28.15,No
CONT08012,Tank,45FT,Textiles,Export,21.99,No
CONT08013,Dry,40FT,Electronics,Import,20.92,No
CONT08014,Reefer,20FT,Textiles,Export,13.04,No
CONT08015,Open Top,45FT,Electronics,Import,4.06,Yes
CONT08016,Tank,40FT,Textiles,Export,10.02,No
CONT08017,Dry,20FT,Electronics,Import,23.1,No
CONT08018,Reefer,45FT,Textiles,Export,21.75,No
CONT08019,Open Top,40FT,Electronics,Import,12.28,No
CONT08020,Tank,20FT,Textiles,Export,19.64,Yes
CONT08021,Dry,45FT,Electronics,Import,8.88,No
CONT08022,Reefer,40FT,Textiles,Export,10.59,No
CONT08023,Open Top,20FT,Electronics,Import,27.69,No
CONT08024,Tank,45FT,Textiles,Export,14.33,No
CONT08025,Dry,40FT,Electronics,Import,10.12,Yes
CONT08026,Reefer,20FT,Textiles,Export,16.18,No
CONT08027,Open Top,45FT,Electronics,Import,13.68,No
CONT08028,Tank,40FT,Textiles,Export,22.24,No
CONT08029,Dry,20FT,Electronics,Import,28.05,No
CONT08030,Reefer,45FT,Textiles,Export,18.79,Yes
CONT08031,Open Top,40FT,Electronics,Import,18.78,No
CONT08032,Tank,20FT,Textiles,Export,13.12,No
CONT08033,Dry,45FT,Electronics,Import,18.12,No
CONT08034,Reefer,40FT,Textiles,Export,11.98,No
CONT08035,Open Top,20FT,Electronics,Import,4.03,Yes
CONT08036,Tank,45FT,Textiles,Export,25.65,No
CONT08037,Dry,40FT,Electronics,Import,14.74,No
CONT08038,Reefer,20FT,Textiles,Export,16.3,No
CONT08039,Open Top,45FT,Electronics,Import,6.09,No
CONT08040,Tank,40FT,Textiles,Export,24.93,Yes
CONT08041,Dry,20FT,Electronics,Import,8.26,No
CONT08042,Reefer,45FT,Textiles,Export,14.27,No
CONT08043,Open Top,40FT,Electronics,Import,25.01,No
CONT08044,Tank,20FT,Textiles,Export,15.44,No
CONT08045,Dry,45FT,Electronics,Import,27.28,Yes
CONT08046,Reefer,40FT,Textiles,Export,9.23,No
CONT08047,Open Top,20FT,Electronics,Import,21.88,No
CONT08048,Tank,45FT,Textiles,Export,28.45,No
CONT08049,Dry,40FT,Electronics,Import,17.74,No
CONT08050,Reefer,20FT,Textiles,Export,21.3,Yes
CONT08051,Open Top,45FT,Electronics,Import,13.83,No
CONT08052,Tank,40FT,Textiles,Export,22.78,No
CONT08053,Dry,20FT,Electronics,Import,26.72,No
CONT08054,Reefer,45FT,Textiles,Export,21.58,No
CONT08055,Open Top,40FT,Electronics,Import,27.4,Yes
CONT08056,Tank,20FT,Textiles,Export,18.72,No
CONT08057,Dry,45FT,Electronics,Import,18.43,No
CONT08058,Reefer,40FT,Textiles,Export,11.62,No
CONT08059,Open Top,20FT,Electronics,Import,21.74,No
CONT08060,Tank,45FT,Textiles,Export,26.05,Yes
CONT08061,Dry,40FT,Electronics,Import,20.16,No
CONT08062,Reefer,20FT,Textiles,Export,9.83,No
CONT08063,Open Top,45FT,Electronics,Import,17.6,No
CONT08064,Tank,40FT,Textiles,Export,22.9,No
CONT08065,Dry,20FT,Electronics,Import,27.48,Yes
CONT08066,Reefer,45FT,Textiles,Export,7.91,No
CONT08067,Open Top,40FT,Electronics,Import,7.19,No
CONT08068,Tank,20FT,Textiles,Export,14.32,No
CONT08069,Dry,45FT,Electronics,Import,7.14,No
CONT08070,Reefer,40FT,Textiles,Export,28.51,Yes
CONT08071,Open Top,20FT,Electronics,Import,14.61,No
CONT08072,Tank,45FT,Textiles,Export,17.34,No
CONT08073,Dry,40FT,Electronics,Import,9.68,No
CONT08074,Reefer,20FT,Textiles,Export,15.23,No
CONT08075,Open Top,45FT,Electronics,Import,28.62,Yes
CONT08076,Tank,40FT,Textiles,Export,16.22,No
CONT08077,Dry,20FT,Electronics,Import,4.22,No
CONT08078,Reefer,45FT,Textiles,Export,10.06,No
CONT08079,Open Top,40FT,Electronics,Import,28.46,No
CONT08080,Tank,20FT,Textiles,Export,28.73,Yes
CONT08081,Dry,45FT,Electronics,Import,9.26,No
CONT08082,Reefer,40FT,Textiles,Export,19.38,No
CONT08083,Open Top,20FT,Electronics,Import,5.92,No
CONT08084,Tank,45FT,Textiles,Export,18.44,No
CONT08085,Dry,40FT,Electronics,Import,7.15,Yes
CONT08086,Reefer,20FT,Textiles,Export,24.47,No
CONT08087,Open Top,45FT,Electronics,Import,27.49,No
CONT08088,Tank,40FT,Textiles,Export,8.32,No
CONT08089,Dry,20FT,Electronics,Import,15.57,No
CONT08090,Reefer,45FT,Textiles,Export,6.55,Yes
CONT08091,Open Top,40FT,Electronics,Import,12.48,No
CONT08092,Tank,20FT,Textiles,Export,5.63,No
CONT08093,Dry,45FT,Electronics,Import,10.61,No
CONT08094,Reefer,40FT,Textiles,Export,28.76,No
CONT08095,Open Top,20FT,Electronics,Import,5.12,Yes
CONT08096,Tank,45FT,Textiles,Export,25.47,No
CONT08097,Dry,40FT,Electronics,Import,5.94,No
CONT08098,Reefer,20FT,Textiles,Export,17.22,No
CONT08099,Open Top,45FT,Electronics,Import,15.3,No
CONT08100,Tank,40FT,Textiles,Export,27.29,Yes
CONT08101,Dry,20FT,Electronics,Import,8.98,No
CONT08102,Reefer,45FT,Textiles,Export,8.49,No
CONT08103,Open Top,40FT,Electronics,Import,22.72,No
CONT08104,Tank,20FT,Textiles,Export,22.14,No
CONT08105,Dry,45FT,Electronics,Import,21.48,Yes
CONT08106,Reefer,40FT,Textiles,Export,4.65,No
CONT08107,Open Top,20FT,Electronics,Import,10.5,No
CONT08108,Tank,45FT,Textiles,Export,25.0,No
CONT08109,Dry,40FT,Electronics,Import,19.02,No
CONT08110,Reefer,20FT,Textiles,Export,19.05,Yes
CONT08111,Open Top,45FT,Electronics,Import,11.4,No
CONT08112,Tank,40FT,Textiles,Export,10.5,No
CONT08113,Dry,20FT,Electronics,Import,27.66,No
CONT08114,Reefer,45FT,Textiles,Export,22.19,No
CONT08115,Open Top,40FT,Electronics,Import,7.17,Yes
CONT08116,Tank,20FT,Textiles,Export,27.44,No
CONT08117,Dry,45FT,Electronics,Import,18.56,No
CONT08118,Reefer,40FT,Textiles,Export,12.33,No
CONT08119,Open Top,20FT,Electronics,Import,13.93,No
CONT08120,Tank,45FT,Textiles,Export,22.14,Yes
CONT08121,Dry,40FT,Electronics,Import,13.41,No
CONT08122,Reefer,20FT,Textiles,Export,18.47,No
CONT08123,Open Top,45FT,Electronics,Import,21.76,No
CONT08124,Tank,40FT,Textiles,Export,8.88,No
CONT08125,Dry,20FT,Electronics,Import,27.61,Yes
CONT08126,Reefer,45FT,Textiles,Export,12.9,No
CONT08127,Open Top,40FT,Electronics,Import,14.48,No
CONT08128,Tank,20FT,Textiles,Export,21.46,No
CONT08129,Dry,45FT,Electronics,Import,19.22,No
CONT08130,Reefer,40FT,Textiles,Export,15.0,Yes
CONT08131,Open Top,20FT,Electronics,Import,20.24,No
CONT08132,Tank,45FT,Textiles,Export,26.57,No
CONT08133,Dry,40FT,Electronics,Import,24.01,No
CONT08134,Reefer,20FT,Textiles,Export,24.61,No
CONT08135,Open Top,45FT,Electronics,Import,10.46,Yes
CONT08136,Tank,40FT,Textiles,Export,14.49,No
CONT08137,Dry,20FT,Electronics,Import,17.85,No
CONT08138,Reefer,45FT,Textiles,Export,5.1,No
CONT08139,Open Top,40FT,Electronics,Import,23.24,No
CONT08140,Tank,20FT,Textiles,Export,12.09,Yes
CONT08141,Dry,45FT,Electronics,Import,11.06,No
CONT08142,Reefer,40FT,Textiles,Export,10.48,No
CONT08143,Open Top,20FT,Electronics,Import,11.08,No
CONT08144,Tank,45FT,Textiles,Export,12.45,No
CONT08145,Dry,40FT,Electronics,Import,19.12,Yes
CONT08146,Reefer,20FT,Textiles,Export,18.59,No
CONT08147,Open Top,45FT,Electronics,Import,10.39,No
CONT08148,Tank,40FT,Textiles,Export,9.16,No
CONT08149,Dry,20FT,Electronics,Import,24.66,No
CONT08150,Reefer,45FT,Textiles,Export,6.32,Yes
CONT08151,Open Top,40FT,Electronics,Import,16.82,No
CONT08152,Tank,20FT,Textiles,Export,17.01,No
CONT08153,Dry,45FT,Electronics,Import,18.35,No
CONT08154,Reefer,40FT,Textiles,Export,26.14,No
CONT08155,Open Top,20FT,Electronics,Import,19.6,Yes
CONT08156,Tank,45FT,Textiles,Export,28.34,No
CONT08157,Dry,40FT,Electronics,Import,25.78,No
CONT08158,Reefer,20FT,Textiles,Export,9.37,No
CONT08159,Open Top,45FT,Electronics,Import,10.03,No
CONT08160,Tank,40FT,Textiles,Export,12.62,Yes
CONT08161,Dry,20FT,Electronics,Import,13.79,No
CONT08162,Reefer,45FT,Textiles,Export,17.82,No
CONT08163,Open Top,40FT,Electronics,Import,9.81,No
CONT08164,Tank,20FT,Textiles,Export,9.56,No
CONT08165,Dry,45FT,Electronics,Import,13.53,Yes
CONT08166,Reefer,40FT,Textiles,Export,20.8,No
CONT08167,Open Top,20FT,Electronics,Import,21.2,No
CONT08168,Tank,45FT,Textiles,Export,28.4,No
CONT08169,Dry,40FT,Electronics,Import,9.06,No
CONT08170,Reefer,20FT,Textiles,Export,13.82,Yes
CONT08171,Open Top,45FT,Electronics,Import,28.12,No
CONT08172,Tank,40FT,Textiles,Export,21.25,No
CONT08173,Dry,20FT,Electronics,Import,18.81,No
CONT08174,Reefer,45FT,Textiles,Export,17.49,No
CONT08175,Open Top,40FT,Electronics,Import,5.89,Yes
CONT08176,Tank,20FT,Textiles,Export,26.33,No
CONT08177,Dry,45FT,Electronics,Import,19.64,No
CONT08178,Reefer,40FT,Textiles,Export,18.29,No
CONT08179,Open Top,20FT,Electronics,Import,17.49,No
CONT08180,Tank,45FT,Textiles,Export,13.8,Yes
CONT08181,Dry,40FT,Electronics,Import,10.37,No
CONT08182,Reefer,20FT,Textiles,Export,22.88,No
CONT08183,Open Top,45FT,Electronics,Import,16.74,No
CONT08184,Tank,40FT,Textiles,Export,4.85,No
CONT08185,Dry,20FT,Electronics,Import,13.98,Yes
CONT08186,Reefer,45FT,Textiles,Export,27.22,No
CONT08187,Open Top,40FT,Electronics,Import,13.35,No
CONT08188,Tank,20FT,Textiles,Export,14.33,No
CONT08189,Dry,45FT,Electronics,Import,19.6,No
CONT08190,Reefer,40FT,Textiles,Export,24.04,Yes
CONT08191,Open Top,20FT,Electronics,Import,20.71,No
CONT08192,Tank,45FT,Textiles,Export,25.25,No
CONT08193,Dry,40FT,Electronics,Import,6.85,No
CONT08194,Reefer,20FT,Textiles,Export,27.11,No
CONT08195,Open Top,45FT,Electronics,Import,26.6,Yes
CONT08196,Tank,40FT,Textiles,Export,16.98,No
CONT08197,Dry,20FT,Electronics,Import,19.62,No
CONT08198,Reefer,45FT,Textiles,Export,9.32,No
CONT08199,Open Top,40FT,Electronics,Import,15.2,No
CONT08200,Tank,20FT,Textiles,Export,9.07,Yes
CONT08201,Dry,45FT,Electronics,Import,4.55,No
CONT08202,Reefer,40FT,Textiles,Export,28.52,No
CONT08203,Open Top,20FT,Electronics,Import,10.48,No
CONT08204,Tank,45FT,Textiles,Export,18.83,No
CONT08205,Dry,40FT,Electronics,Import,11.51,Yes
CONT08206,Reefer,20FT,Textiles,Export,13.27,No
CONT08207,Open Top,45FT,Electronics,Import,13.94,No
CONT08208,Tank,40FT,Textiles,Export,12.38,No
CONT08209,Dry,20FT,Electronics,Import,19.93,No
CONT08210,Reefer,45FT,Textiles,Export,28.02,Yes
CONT08211,Open Top,40FT,Electronics,Import,14.72,No
CONT08212,Tank,20FT,Textiles,Export,28.33,No
CONT08213,Dry,45FT,Electronics,Import,20.69,No
CONT08214,Reefer,40FT,Textiles,Export,19.18,No
CONT08215,Open Top,20FT,Electronics,Import,9.93,Yes
CONT08216,Tank,45FT,Textiles,Export,5.57,No
CONT08217,Dry,40FT,Electronics,Import,25.3,No
CONT08218,Reefer,20FT,Textiles,Export,18.35,No
CONT08219,Open Top,45FT,Electronics,Import,14.36,No
CONT08220,Tank,40FT,Textiles,Export,24.3,Yes
CONT08221,Dry,20FT,Electronics,Import,11.76,No
CONT08222,Reefer,45FT,Textiles,Export,23.59,No
CONT08223,Open Top,40FT,Electronics,Import,12.2,No
CONT08224,Tank,20FT,Textiles,Export,27.02,No
CONT08225,Dry,45FT,Electronics,Import,10.7,Yes
CONT08226,Reefer,40FT,Textiles,Export,7.44,No
CONT08227,Open Top,20FT,Electronics,Import,21.45,No
CONT08228,Tank,45FT,Textiles,Export,8.07,No
CONT08229,Dry,40FT,Electronics,Import,27.73,No
CONT08230,Reefer,20FT,Textiles,Export,20.39,Yes
CONT08231,Open Top,45FT,Electronics,Import,9.77,No
CONT08232,Tank,40FT,Textiles,Export,9.22,No
CONT08233,Dry,20FT,Electronics,Import,27.1,No
CONT08234,Reefer,45FT,Textiles,Export,19.2,No
CONT08235,Open Top,40FT,Electronics,Import,26.34,Yes
CONT08236,Tank,20FT,Textiles,Export,6.76,No
CONT08237,Dry,45FT,Electronics,Import,27.13,No
CONT08238,Reefer,40FT,Textiles,Export,17.0,No
CONT08239,Open Top,20FT,Electronics,Import,20.71,No
CONT08240,Tank,45FT,Textiles,Export,13.32,Yes
CONT08241,Dry,40FT,Electronics,Import,5.48,No
CONT08242,Reefer,20FT,Textiles,Export,27.95,No
CONT08243,Open Top,45FT,Electronics,Import,28.86,No
CONT08244,Tank,40FT,Textiles,Export,13.11,No
CONT08245,Dry,20FT,Electronics,Import,27.6,Yes
CONT08246,Reefer,45FT,Textiles,Export,8.19,No
CONT08247,Open Top,40FT,Electronics,Import,7.87,No
CONT08248,Tank,20FT,Textiles,Export,5.83,No
CONT08249,Dry,45FT,Electronics,Import,13.78,No
CONT08250,Reefer,40FT,Textiles,Export,5.31,Yes
CONT08251,Open Top,20FT,Electronics,Import,13.87,No
CONT08252,Tank,45FT,Textiles,Export,7.46,No
CONT08253,Dry,40FT,Electronics,Import,22.26,No
CONT08254,Reefer,20FT,Textiles,Export,24.83,No
CONT08255,Open Top,45FT,Electronics,Import,21.2,Yes
CONT08256,Tank,40FT,Textiles,Export,9.01,No
CONT08257,Dry,20FT,Electronics,Import,23.17,No
CONT08258,Reefer,45FT,Textiles,Export,10.24,No
CONT08259,Open Top,40FT,Electronics,Import,22.99,No
CONT08260,Tank,20FT,Textiles,Export,18.18,Yes
CONT08261,Dry,45FT,Electronics,Import,13.17,No
CONT08262,Reefer,40FT,Textiles,Export,6.09,No
CONT08263,Open Top,20FT,Electronics,Import,24.69,No
CONT08264,Tank,45FT,Textiles,Export,27.49,No
CONT08265,Dry,40FT,Electronics,Import,20.65,Yes
CONT08266,Reefer,20FT,Textiles,Export,28.11,No
CONT08267,Open Top,45FT,Electronics,Import,27.35,No
CONT08268,Tank,40FT,Textiles,Export,8.87,No
CONT08269,Dry,20FT,Electronics,Import,22.28,No
CONT08270,Reefer,45FT,Textiles,Export,12.73,Yes
CONT08271,Open Top,40FT,Electronics,Import,16.19,No
CONT08272,Tank,20FT,Textiles,Export,7.92,No
CONT08273,Dry,45FT,Electronics,Import,28.37,No
CONT08274,Reefer,40FT,Textiles,Export,22.15,No
CONT08275,Open Top,20FT,Electronics,Import,10.67,Yes
CONT08276,Tank,45FT,Textiles,Export,13.29,No
CONT08277,Dry,40FT,Electronics,Import,14.56,No
CONT08278,Reefer,20FT,Textiles,Export,22.69,No
CONT08279,Open Top,45FT,Electronics,Import,27.14,No
CONT08280,Tank,40FT,Textiles,Export,12.04,Yes
CONT08281,Dry,20FT,Electronics,Import,15.81,No
CONT08282,Reefer,45FT,Textiles,Export,18.83,No
CONT08283,Open Top,40FT,Electronics,Import,13.83,No
CONT08284,Tank,20FT,Textiles,Export,16.6,No
CONT08285,Dry,45FT,Electronics,Import,6.64,Yes
CONT08286,Reefer,40FT,Textiles,Export,8.19,No
CONT08287,Open Top,20FT,Electronics,Import,14.03,No
CONT08288,Tank,45FT,Textiles,Export,26.87,No
CONT08289,Dry,40FT,Electronics,Import,12.73,No
CONT08290,Reefer,20FT,Textiles,Export,10.24,Yes
CONT08291,Open Top,45FT,Electronics,Import,22.57,No
CONT08292,Tank,40FT,Textiles,Export,27.73,No
CONT08293,Dry,20FT,Electronics,Import,15.48,No
CONT08294,Reefer,45FT,Textiles,Export,4.22,No
CONT08295,Open Top,40FT,Electronics,Import,21.2,Yes
CONT08296,Tank,20FT,Textiles,Export,14.38,No
CONT08297,Dry,45FT,Electronics,Import,20.84,No
CONT08298,Reefer,40FT,Textiles,Export,10.94,No
CONT08299,Open Top,20FT,Electronics,Import,4.06,No
CONT08300,Tank,45FT,Textiles,Export,12.61,Yes
CONT08301,Dry,40FT,Electronics,Import,21.62,No
CONT08302,Reefer,20FT,Textiles,Export,13.83,No
CONT08303,Open Top,45FT,Electronics,Import,9.48,No
CONT08304,Tank,40FT,Textiles,Export,15.6,No
CONT08305,Dry,20FT,Electronics,Import,22.81,Yes
CONT08306,Reefer,45FT,Textiles,Export,6.99,No
CONT08307,Open Top,40FT,Electronics,Import,21.29,No
CONT08308,Tank,20FT,Textiles,Export,20.68,No
CONT08309,Dry,45FT,Electronics,Import,13.27,No
CONT08310,Reefer,40FT,Textiles,Export,28.26,Yes
CONT08311,Open Top,20FT,Electronics,Import,26.37,No
CONT08312,Tank,45FT,Textiles,Export,11.9,No
CONT08313,Dry,40FT,Electronics,Import,4.78,No
CONT08314,Reefer,20FT,Textiles,Export,11.71,No
CONT08315,Open Top,45FT,Electronics,Import,9.12,Yes
CONT08316,Tank,40FT,Textiles,Export,17.68,No
CONT08317,Dry,20FT,Electronics,Import,26.97,No
CONT08318,Reefer,45FT,Textiles,Export,25.76,No
CONT08319,Open Top,40FT,Electronics,Import,11.65,No
CONT08320,Tank,20FT,Textiles,Export,14.71,Yes
CONT08321,Dry,45FT,Electronics,Import,4.91,No
CONT08322,Reefer,40FT,Textiles,Export,17.6,No
CONT08323,Open Top,20FT,Electronics,Import,5.58,No
CONT08324,Tank,45FT,Textiles,Export,27.47,No
CONT08325,Dry,40FT,Electronics,Import,25.67,Yes
CONT08326,Reefer,20FT,Textiles,Export,9.35,No
CONT08327,Open Top,45FT,Electronics,Import,21.48,No
CONT08328,Tank,40FT,Textiles,Export,18.2,No
CONT08329,Dry,20FT,Electronics,Import,24.03,No
CONT08330,Reefer,45FT,Textiles,Export,15.89,Yes
CONT08331,Open Top,40FT,Electronics,Import,8.79,No
CONT08332,Tank,20FT,Textiles,Export,20.0,No
CONT08333,Dry,45FT,Electronics,Import,6.01,No
CONT08334,Reefer,40FT,Textiles,Export,18.61,No
CONT08335,Open Top,20FT,Electronics,Import,9.32,Yes
CONT08336,Tank,45FT,Textiles,Export,21.12,No
CONT08337,Dry,40FT,Electronics,Import,24.7,No
CONT08338,Reefer,20FT,Textiles,Export,6.74,No
CONT08339,Open Top,45FT,Electronics,Import,14.01,No
CONT08340,Tank,40FT,Textiles,Export,22.34,Yes
CONT08341,Dry,20FT,Electronics,Import,8.09,No
CONT08342,Reefer,45FT,Textiles,Export,18.16,No
CONT08343,Open Top,40FT,Electronics,Import,20.8,No
CONT08344,Tank,20FT,Textiles,Export,12.87,No
CONT08345,Dry,45FT,Electronics,Import,24.8,Yes
CONT08346,Reefer,40FT,Textiles,Export,16.77,No
CONT08347,Open Top,20FT,Electronics,Import,19.67,No
CONT08348,Tank,45FT,Textiles,Export,7.52,No
CONT08349,Dry,40FT,Electronics,Import,4.58,No
CONT08350,Reefer,20FT,Textiles,Export,5.27,Yes
CONT08351,Open Top,45FT,Electronics,Import,26.6,No
CONT08352,Tank,40FT,Textiles,Export,26.07,No
CONT08353,Dry,20FT,Electronics,Import,24.19,No
CONT08354,Reefer,45FT,Textiles,Export,8.99,No
CONT08355,Open Top,40FT,Electronics,Import,17.14,Yes
CONT08356,Tank,20FT,Textiles,Export,23.9,No
CONT08357,Dry,45FT,Electronics,Import,20.87,No
CONT08358,Reefer,40FT,Textiles,Export,6.89,No
CONT08359,Open Top,20FT,Electronics,Import,26.39,No
CONT08360,Tank,45FT,Textiles,Export,8.02,Yes
CONT08361,Dry,40FT,Electronics,Import,8.29,No
CONT08362,Reefer,20FT,Textiles,Export,26.53,No
CONT08363,Open Top,45FT,Electronics,Import,16.12,No
CONT08364,Tank,40FT,Textiles,Export,13.32,No
CONT08365,Dry,20FT,Electronics,Import,17.84,Yes
CONT08366,Reefer,45FT,Textiles,Export,28.53,No
CONT08367,Open Top,40FT,Electronics,Import,6.99,No
CONT08368,Tank,20FT,Textiles,Export,22.92,No
CONT08369,Dry,45FT,Electronics,Import,12.36,No
CONT08370,Reefer,40FT,Textiles,Export,6.93,Yes
CONT08371,Open Top,20FT,Electronics,Import,14.55,No
CONT08372,Tank,45FT,Textiles,Export,17.72,No
CONT08373,Dry,40FT,Electronics,Import,9.15,No
CONT08374,Reefer,20FT,Textiles,Export,14.13,No
CONT08375,Open Top,45FT,Electronics,Import,19.89,Yes
CONT08376,Tank,40FT,Textiles,Export,18.41,No
CONT08377,Dry,20FT,Electronics,Import,22.08,No
CONT08378,Reefer,45FT,Textiles,Export,24.91,No
CONT08379,Open Top,40FT,Electronics,Import,14.23,No
CONT08380,Tank,20FT,Textiles,Export,14.57,Yes
CONT08381,Dry,45FT,Electronics,Import,16.42,No
CONT08382,Reefer,40FT,Textiles,Export,18.16,No
CONT08383,Open Top,20FT,Electronics,Import,6.71,No
CONT08384,Tank,45FT,Textiles,Export,11.82,No
CONT08385,Dry,40FT,Electronics,Import,8.3,Yes
CONT08386,Reefer,20FT,Textiles,Export,13.65,No
CONT08387,Open Top,45FT,Electronics,Import,28.33,No
CONT08388,Tank,40FT,Textiles,Export,18.57,No
CONT08389,Dry,20FT,Electronics,Import,14.73,No
CONT08390,Reefer,45FT,Textiles,Export,18.15,Yes
CONT08391,Open Top,40FT,Electronics,Import,20.73,No
CONT08392,Tank,20FT,Textiles,Export,14.87,No
CONT08393,Dry,45FT,Electronics,Import,15.19,No
CONT08394,Reefer,40FT,Textiles,Export,21.54,No
CONT08395,Open Top,20FT,Electronics,Import,5.52,Yes
CONT08396,Tank,45FT,Textiles,Export,17.5,No
CONT08397,Dry,40FT,Electronics,Import,17.68,No
CONT08398,Reefer,20FT,Textiles,Export,22.92,No
CONT08399,Open Top,45FT,Electronics,Import,28.57,No
CONT08400,Tank,40FT,Textiles,Export,23.89,Yes
CONT08401,Dry,20FT,Electronics,Import,16.59,No
CONT08402,Reefer,45FT,Textiles,Export,8.24,No
CONT08403,Open Top,40FT,Electronics,Import,18.71,No
CONT08404,Tank,20FT,Textiles,Export,24.86,No
CONT08405,Dry,45FT,Electronics,Import,27.31,Yes
CONT08406,Reefer,40FT,Textiles,Export,24.63,No
CONT08407,Open Top,20FT,Electronics,Import,8.72,No
CONT08408,Tank,45FT,Textiles,Export,21.81,No
CONT08409,Dry,40FT,Electronics,Import,26.0,No
CONT08410,Reefer,20FT,Textiles,Export,21.03,Yes
CONT08411,Open Top,45FT,Electronics,Import,21.14,No
CONT08412,Tank,40FT,Textiles,Export,16.5,No
CONT08413,Dry,20FT,Electronics,Import,19.92,No
CONT08414,Reefer,45FT,Textiles,Export,11.36,No
CONT08415,Open Top,40FT,Electronics,Import,6.22,Yes
CONT08416,Tank,20FT,Textiles,Export,24.69,No
CONT08417,Dry,45FT,Electronics,Import,27.58,No
CONT08418,Reefer,40FT,Textiles,Export,25.42,No
CONT08419,Open Top,20FT,Electronics,Import,12.35,No
CONT08420,Tank,45FT,Textiles,Export,6.34,Yes
CONT08421,Dry,40FT,Electronics,Import,11.0,No
CONT08422,Reefer,20FT,Textiles,Export,25.07,No
CONT08423,Open Top,45FT,Electronics,Import,20.4,No
CONT08424,Tank,40FT,Textiles,Export,28.17,No
CONT08425,Dry,20FT,Electronics,Import,12.57,Yes
CONT08426,Reefer,45FT,Textiles,Export,17.79,No
CONT08427,Open Top,40FT,Electronics,Import,23.75,No
CONT08428,Tank,20FT,Textiles,Export,9.85,No
CONT08429,Dry,45FT,Electronics,Import,28.1,No
CONT08430,Reefer,40FT,Textiles,Export,18.81,Yes
CONT08431,Open Top,20FT,Electronics,Import,4.2,No
CONT08432,Tank,45FT,Textiles,Export,4.63,No
CONT08433,Dry,40FT,Electronics,Import,26.06,No
CONT08434,Reefer,20FT,Textiles,Export,20.13,No
CONT08435,Open Top,45FT,Electronics,Import,23.08,Yes
CONT08436,Tank,40FT,Textiles,Export,23.6,No
CONT08437,Dry,20FT,Electronics,Import,14.51,No
CONT08438,Reefer,45FT,Textiles,Export,23.97,No
CONT08439,Open Top,40FT,Electronics,Import,27.44,No
CONT08440,Tank,20FT,Textiles,Export,8.3,Yes
CONT08441,Dry,45FT,Electronics,Import,23.1,No
CONT08442,Reefer,40FT,Textiles,Export,11.69,No
CONT08443,Open Top,20FT,Electronics,Import,12.04,No
CONT08444,Tank,45FT,Textiles,Export,14.32,No
CONT08445,Dry,40FT,Electronics,Import,25.59,Yes
CONT08446,Reefer,20FT,Textiles,Export,4.55,No
CONT08447,Open Top,45FT,Electronics,Import,14.85,No
CONT08448,Tank,40FT,Textiles,Export,21.0,No
CONT08449,Dry,20FT,Electronics,Import,6.76,No
CONT08450,Reefer,45FT,Textiles,Export,23.81,Yes
CONT08451,Open Top,40FT,Electronics,Import,27.55,No
CONT08452,Tank,20FT,Textiles,Export,6.27,No
CONT08453,Dry,45FT,Electronics,Import,7.82,No
CONT08454,Reefer,40FT,Textiles,Export,28.35,No
CONT08455,Open Top,20FT,Electronics,Import,8.95,Yes
CONT08456,Tank,45FT,Textiles,Export,5.97,No
CONT08457,Dry,40FT,Electronics,Import,27.8,No
CONT08458,Reefer,20FT,Textiles,Export,26.32,No
CONT08459,Open Top,45FT,Electronics,Import,20.39,No
CONT08460,Tank,40FT,Textiles,Export,17.79,Yes
CONT08461,Dry,20FT,Electronics,Import,26.98,No
CONT08462,Reefer,45FT,Textiles,Export,20.39,No
CONT08463,Open Top,40FT,Electronics,Import,20.46,No
CONT08464,Tank,20FT,Textiles,Export,25.09,No
CONT08465,Dry,45FT,Electronics,Import,20.33,Yes
CONT08466,Reefer,40FT,Textiles,Export,16.59,No
CONT08467,Open Top,20FT,Electronics,Import,13.74,No
CONT08468,Tank,45FT,Textiles,Export,16.58,No
CONT08469,Dry,40FT,Electronics,Import,17.06,No
CONT08470,Reefer,20FT,Textiles,Export,13.02,Yes
CONT08471,Open Top,45FT,Electronics,Import,15.2,No
CONT08472,Tank,40FT,Textiles,Export,24.05,No
CONT08473,Dry,20FT,Electronics,Import,14.41,No
CONT08474,Reefer,45FT,Textiles,Export,4.64,No
CONT08475,Open Top,40FT,Electronics,Import,11.08,Yes
CONT08476,Tank,20FT,Textiles,Export,9.79,No
CONT08477,Dry,45FT,Electronics,Import,23.84,No
CONT08478,Reefer,40FT,Textiles,Export,15.23,No
CONT08479,Open Top,20FT,Electronics,Import,11.01,No
CONT08480,Tank,45FT,Textiles,Export,24.27,Yes
CONT08481,Dry,40FT,Electronics,Import,4.48,No
CONT08482,Reefer,20FT,Textiles,Export,8.36,No
CONT08483,Open Top,45FT,Electronics,Import,24.67,No
CONT08484,Tank,40FT,Textiles,Export,17.77,No
CONT08485,Dry,20FT,Electronics,Import,23.34,Yes
CONT08486,Reefer,45FT,Textiles,Export,24.95,No
CONT08487,Open Top,40FT,Electronics,Import,27.55,No
CONT08488,Tank,20FT,Textiles,Export,5.59,No
CONT08489,Dry,45FT,Electronics,Import,23.98,No
CONT08490,Reefer,40FT,Textiles,Export,21.72,Yes
CONT08491,Open Top,20FT,Electronics,Import,9.18,No
CONT08492,Tank,45FT,Textiles,Export,27.29,No
CONT08493,Dry,40FT,Electronics,Import,14.11,No
CONT08494,Reefer,20FT,Textiles,Export,26.19,No
CONT08495,Open Top,45FT,Electronics,Import,19.13,Yes
CONT08496,Tank,40FT,Textiles,Export,17.17,No
CONT08497,Dry,20FT,Electronics,Import,7.99,No
CONT08498,Reefer,45FT,Textiles,Export,26.86,No
CONT08499,Open Top,40FT,Electronics,Import,17.92,No
CONT08500,Tank,20FT,Textiles,Export,4.15,Yes
CONT08501,Dry,45FT,Electronics,Import,4.46,No
CONT08502,Reefer,40FT,Textiles,Export,23.44,No
CONT08503,Open Top,20FT,Electronics,Import,8.05,No
CONT08504,Tank,45FT,Textiles,Export,18.97,No
CONT08505,Dry,40FT,Electronics,Import,21.03,Yes
CONT08506,Reefer,20FT,Textiles,Export,10.98,No
CONT08507,Open Top,45FT,Electronics,Import,18.23,No
CONT08508,Tank,40FT,Textiles,Export,10.01,No
CONT08509,Dry,20FT,Electronics,Import,27.66,No
CONT08510,Reefer,45FT,Textiles,Export,25.5,Yes
CONT08511,Open Top,40FT,Electronics,Import,11.2,No
CONT08512,Tank,20FT,Textiles,Export,17.22,No
CONT08513,Dry,45FT,Electronics,Import,16.52,No
CONT08514,Reefer,40FT,Textiles,Export,28.0,No
CONT08515,Open Top,20FT,Electronics,Import,13.85,Yes
CONT08516,Tank,45FT,Textiles,Export,18.06,No
CONT08517,Dry,40FT,Electronics,Import,27.22,No
CONT08518,Reefer,20FT,Textiles,Export,8.07,No
CONT08519,Open Top,45FT,Electronics,Import,17.76,No
CONT08520,Tank,40FT,Textiles,Export,6.64,Yes
CONT08521,Dry,20FT,Electronics,Import,19.44,No
CONT08522,Reefer,45FT,Textiles,Export,13.14,No
CONT08523,Open Top,40FT,Electronics,Import,28.19,No
CONT08524,Tank,20FT,Textiles,Export,14.39,No
CONT08525,Dry,45FT,Electronics,Import,7.4,Yes
CONT08526,Reefer,40FT,Textiles,Export,24.85,No
CONT08527,Open Top,20FT,Electronics,Import,24.52,No
CONT08528,Tank,45FT,Textiles,Export,21.37,No
CONT08529,Dry,40FT,Electronics,Import,22.72,No
CONT08530,Reefer,20FT,Textiles,Export,10.62,Yes
CONT08531,Open Top,45FT,Electronics,Import,20.05,No
CONT08532,Tank,40FT,Textiles,Export,4.95,No
CONT08533,Dry,20FT,Electronics,Import,8.92,No
CONT08534,Reefer,45FT,Textiles,Export,27.31,No
CONT08535,Open Top,40FT,Electronics,Import,22.48,Yes
CONT08536,Tank,20FT,Textiles,Export,9.77,No
CONT08537,Dry,45FT,Electronics,Import,6.78,No
CONT08538,Reefer,40FT,Textiles,Export,27.72,No
CONT08539,Open Top,20FT,Electronics,Import,6.8,No
CONT08540,Tank,45FT,Textiles,Export,10.43,Yes
CONT08541,Dry,40FT,Electronics,Import,8.57,No
CONT08542,Reefer,20FT,Textiles,Export,4.19,No
CONT08543,Open Top,45FT,Electronics,Import,11.85,No
CONT08544,Tank,40FT,Textiles,Export,28.35,No
CONT08545,Dry,20FT,Electronics,Import,12.55,Yes
CONT08546,Reefer,45FT,Textiles,Export,16.61,No
CONT08547,Open Top,40FT,Electronics,Import,22.65,No
CONT08548,Tank,20FT,Textiles,Export,17.78,No
CONT08549,Dry,45FT,Electronics,Import,22.59,No
CONT08550,Reefer,40FT,Textiles,Export,20.54,Yes
CONT08551,Open Top,20FT,Electronics,Import,19.21,No
CONT08552,Tank,45FT,Textiles,Export,20.24,No
CONT08553,Dry,40FT,Electronics,Import,23.98,No
CONT08554,Reefer,20FT,Textiles,Export,21.75,No
CONT08555,Open Top,45FT,Electronics,Import,23.79,Yes
CONT08556,Tank,40FT,Textiles,Export,7.64,No
CONT08557,Dry,20FT,Electronics,Import,20.94,No
CONT08558,Reefer,45FT,Textiles,Export,22.43,No
CONT08559,Open Top,40FT,Electronics,Import,11.5,No
CONT08560,Tank,20FT,Textiles,Export,25.86,Yes
CONT08561,Dry,45FT,Electronics,Import,11.62,No
CONT08562,Reefer,40FT,Textiles,Export,10.1,No
CONT08563,Open Top,20FT,Electronics,Import,25.68,No
CONT08564,Tank,45FT,Textiles,Export,10.18,No
CONT08565,Dry,40FT,Electronics,Import,14.39,Yes
CONT08566,Reefer,20FT,Textiles,Export,13.2,No
CONT08567,Open Top,45FT,Electronics,Import,26.45,No
CONT08568,Tank,40FT,Textiles,Export,15.38,No
CONT08569,Dry,20FT,Electronics,Import,21.36,No
CONT08570,Reefer,45FT,Textiles,Export,23.85,Yes
CONT08571,Open Top,40FT,Electronics,Import,19.7,No
CONT08572,Tank,20FT,Textiles,Export,27.59,No
CONT08573,Dry,45FT,Electronics,Import,24.06,No
CONT08574,Reefer,40FT,Textiles,Export,14.01,No
CONT08575,Open Top,20FT,Electronics,Import,27.77,Yes
CONT08576,Tank,45FT,Textiles,Export,17.11,No
CONT08577,Dry,40FT,Electronics,Import,4.56,No
CONT08578,Reefer,20FT,Textiles,Export,10.5,No
CONT08579,Open Top,45FT,Electronics,Import,19.54,No
CONT08580,Tank,40FT,Textiles,Export,7.92,Yes
CONT08581,Dry,20FT,Electronics,Import,18.6,No
CONT08582,Reefer,45FT,Textiles,Export,13.04,No
CONT08583,Open Top,40FT,Electronics,Import,17.36,No
CONT08584,Tank,20FT,Textiles,Export,4.05,No
CONT08585,Dry,45FT,Electronics,Import,25.21,Yes
CONT08586,Reefer,40FT,Textiles,Export,13.05,No
CONT08587,Open Top,20FT,Electronics,Import,7.5,No
CONT08588,Tank,45FT,Textiles,Export,14.95,No
CONT08589,Dry,40FT,Electronics,Import,16.15,No
CONT08590,Reefer,20FT,Textiles,Export,19.94,Yes
CONT08591,Open Top,45FT,Electronics,Import,17.11,No
CONT08592,Tank,40FT,Textiles,Export,5.09,No
CONT08593,Dry,20FT,Electronics,Import,25.79,No
CONT08594,Reefer,45FT,Textiles,Export,15.41,No
CONT08595,Open Top,40FT,Electronics,Import,5.92,Yes
CONT08596,Tank,20FT,Textiles,Export,23.32,No
CONT08597,Dry,45FT,Electronics,Import,20.5,No
CONT08598,Reefer,40FT,Textiles,Export,20.24,No
CONT08599,Open Top,20FT,Electronics,Import,14.67,No
CONT08600,Tank,45FT,Textiles,Export,14.26,Yes
CONT08601,Dry,40FT,Electronics,Import,17.41,No
CONT08602,Reefer,20FT,Textiles,Export,5.26,No
CONT08603,Open Top,45FT,Electronics,Import,11.47,No
CONT08604,Tank,40FT,Textiles,Export,28.7,No
CONT08605,Dry,20FT,Electronics,Import,20.55,Yes
CONT08606,Reefer,45FT,Textiles,Export,14.47,No
CONT08607,Open Top,40FT,Electronics,Import,9.56,No
CONT08608,Tank,20FT,Textiles,Export,22.63,No
CONT08609,Dry,45FT,Electronics,Import,10.51,No
CONT08610,Reefer,40FT,Textiles,Export,8.06,Yes
CONT08611,Open Top,20FT,Electronics,Import,7.86,No
CONT08612,Tank,45FT,Textiles,Export,22.23,No
CONT08613,Dry,40FT,Electronics,Import,20.07,No
CONT08614,Reefer,20FT,Textiles,Export,5.75,No
CONT08615,Open Top,45FT,Electronics,Import,6.88,Yes
CONT08616,Tank,40FT,Textiles,Export,19.85,No
CONT08617,Dry,20FT,Electronics,Import,18.28,No
CONT08618,Reefer,45FT,Textiles,Export,21.15,No
CONT08619,Open Top,40FT,Electronics,Import,8.45,No
CONT08620,Tank,20FT,Textiles,Export,22.16,Yes
CONT08621,Dry,45FT,Electronics,Import,27.4,No
CONT08622,Reefer,40FT,Textiles,Export,19.03,No
CONT08623,Open Top,20FT,Electronics,Import,8.9,No
CONT08624,Tank,45FT,Textiles,Export,20.99,No
CONT08625,Dry,40FT,Electronics,Import,12.58,Yes
CONT08626,Reefer,20FT,Textiles,Export,5.23,No
CONT08627,Open Top,45FT,Electronics,Import,11.56,No
CONT08628,Tank,40FT,Textiles,Export,26.64,No
CONT08629,Dry,20FT,Electronics,Import,14.28,No
CONT08630,Reefer,45FT,Textiles,Export,25.62,Yes
CONT08631,Open Top,40FT,Electronics,Import,16.72,No
CONT08632,Tank,20FT,Textiles,Export,16.92,No
CONT08633,Dry,45FT,Electronics,Import,4.13,No
CONT08634,Reefer,40FT,Textiles,Export,19.93,No
CONT08635,Open Top,20FT,Electronics,Import,6.7,Yes
CONT08636,Tank,45FT,Textiles,Export,15.97,No
CONT08637,Dry,40FT,Electronics,Import,10.51,No
CONT08638,Reefer,20FT,Textiles,Export,13.81,No
CONT08639,Open Top,45FT,Electronics,Import,17.43,No
CONT08640,Tank,40FT,Textiles,Export,4.36,Yes
CONT08641,Dry,20FT,Electronics,Import,11.11,No
CONT08642,Reefer,45FT,Textiles,Export,28.74,No
CONT08643,Open Top,40FT,Electronics,Import,5.43,No
CONT08644,Tank,20FT,Textiles,Export,11.98,No
CONT08645,Dry,45FT,Electronics,Import,12.04,Yes
CONT08646,Reefer,40FT,Textiles,Export,13.48,No
CONT08647,Open Top,20FT,Electronics,Import,21.12,No
CONT08648,Tank,45FT,Textiles,Export,10.19,No
CONT08649,Dry,40FT,Electronics,Import,15.51,No
CONT08650,Reefer,20FT,Textiles,Export,20.12,Yes
CONT08651,Open Top,45FT,Electronics,Import,12.06,No
CONT08652,Tank,40FT,Textiles,Export,27.72,No
CONT08653,Dry,20FT,Electronics,Import,28.49,No
CONT08654,Reefer,45FT,Textiles,Export,6.99,No
CONT08655,Open Top,40FT,Electronics,Import,12.6,Yes
CONT08656,Tank,20FT,Textiles,Export,9.2,No
CONT08657,Dry,45FT,Electronics,Import,8.67,No
CONT08658,Reefer,40FT,Textiles,Export,16.27,No
CONT08659,Open Top,20FT,Electronics,Import,18.1,No
CONT08660,Tank,45FT,Textiles,Export,14.64,Yes
CONT08661,Dry,40FT,Electronics,Import,10.81,No
CONT08662,Reefer,20FT,Textiles,Export,10.97,No
CONT08663,Open Top,45FT,Electronics,Import,28.8,No
CONT08664,Tank,40FT,Textiles,Export,27.09,No
CONT08665,Dry,20FT,Electronics,Import,5.9,Yes
CONT08666,Reefer,45FT,Textiles,Export,20.41,No
CONT08667,Open Top,40FT,Electronics,Import,15.42,No
CONT08668,Tank,20FT,Textiles,Export,21.22,No
CONT08669,Dry,45FT,Electronics,Import,18.92,No
CONT08670,Reefer,40FT,Textiles,Export,26.23,Yes
CONT08671,Open Top,20FT,Electronics,Import,5.67,No
CONT08672,Tank,45FT,Textiles,Export,12.74,No
CONT08673,Dry,40FT,Electronics,Import,28.64,No
CONT08674,Reefer,20FT,Textiles,Export,8.56,No
CONT08675,Open Top,45FT,Electronics,Import,7.18,Yes
CONT08676,Tank,40FT,Textiles,Export,22.22,No
CONT08677,Dry,20FT,Electronics,Import,23.44,No
CONT08678,Reefer,45FT,Textiles,Export,20.81,No
CONT08679,Open Top,40FT,Electronics,Import,23.4,No
CONT08680,Tank,20FT,Textiles,Export,21.34,Yes
CONT08681,Dry,45FT,Electronics,Import,7.39,No
CONT08682,Reefer,40FT,Textiles,Export,19.21,No
CONT08683,Open Top,20FT,Electronics,Import,23.42,No
CONT08684,Tank,45FT,Textiles,Export,25.64,No
CONT08685,Dry,40FT,Electronics,Import,10.16,Yes
CONT08686,Reefer,20FT,Textiles,Export,7.19,No
CONT08687,Open Top,45FT,Electronics,Import,23.53,No
CONT08688,Tank,40FT,Textiles,Export,10.41,No
CONT08689,Dry,20FT,Electronics,Import,4.8,No
CONT08690,Reefer,45FT,Textiles,Export,24.63,Yes
CONT08691,Open Top,40FT,Electronics,Import,16.65,No
CONT08692,Tank,20FT,Textiles,Export,12.17,No
CONT08693,Dry,45FT,Electronics,Import,4.29,No
CONT08694,Reefer,40FT,Textiles,Export,4.88,No
CONT08695,Open Top,20FT,Electronics,Import,23.82,Yes
CONT08696,Tank,45FT,Textiles,Export,16.24,No
CONT08697,Dry,40FT,Electronics,Import,7.74,No
CONT08698,Reefer,20FT,Textiles,Export,12.96,No
CONT08699,Open Top,45FT,Electronics,Import,8.13,No
CONT08700,Tank,40FT,Textiles,Export,6.82,Yes
CONT08701,Dry,20FT,Electronics,Import,10.91,No
CONT08702,Reefer,45FT,Textiles,Export,17.74,No
CONT08703,Open Top,40FT,Electronics,Import,9.25,No
CONT08704,Tank,20FT,Textiles,Export,12.59,No
CONT08705,Dry,45FT,Electronics,Import,15.95,Yes
CONT08706,Reefer,40FT,Textiles,Export,14.5,No
CONT08707,Open Top,20FT,Electronics,Import,7.22,No
CONT08708,Tank,45FT,Textiles,Export,4.97,No
CONT08709,Dry,40FT,Electronics,Import,4.89,No
CONT08710,Reefer,20FT,Textiles,Export,12.75,Yes
CONT08711,Open Top,45FT,Electronics,Import,21.97,No
CONT08712,Tank,40FT,Textiles,Export,7.28,No
CONT08713,Dry,20FT,Electronics,Import,23.67,No
CONT08714,Reefer,45FT,Textiles,Export,21.89,No
CONT08715,Open Top,40FT,Electronics,Import,4.1,Yes
CONT08716,Tank,20FT,Textiles,Export,4.67,No
CONT08717,Dry,45FT,Electronics,Import,8.88,No
CONT08718,Reefer,40FT,Textiles,Export,5.4,No
CONT08719,Open Top,20FT,Electronics,Import,17.28,No
CONT08720,Tank,45FT,Textiles,Export,4.99,Yes
CONT08721,Dry,40FT,Electronics,Import,24.07,No
CONT08722,Reefer,20FT,Textiles,Export,16.32,No
CONT08723,Open Top,45FT,Electronics,Import,22.2,No
CONT08724,Tank,40FT,Textiles,Export,22.77,No
CONT08725,Dry,20FT,Electronics,Import,16.67,Yes
CONT08726,Reefer,45FT,Textiles,Export,27.13,No
CONT08727,Open Top,40FT,Electronics,Import,28.76,No
CONT08728,Tank,20FT,Textiles,Export,12.98,No
CONT08729,Dry,45FT,Electronics,Import,7.15,No
CONT08730,Reefer,40FT,Textiles,Export,13.08,Yes
CONT08731,Open Top,20FT,Electronics,Import,9.58,No
CONT08732,Tank,45FT,Textiles,Export,17.28,No
CONT08733,Dry,40FT,Electronics,Import,13.46,No
CONT08734,Reefer,20FT,Textiles,Export,16.01,No
CONT08735,Open Top,45FT,Electronics,Import,23.08,Yes
CONT08736,Tank,40FT,Textiles,Export,10.85,No
CONT08737,Dry,20FT,Electronics,Import,17.44,No
CONT08738,Reefer,45FT,Textiles,Export,12.38,No
CONT08739,Open Top,40FT,Electronics,Import,23.62,No
CONT08740,Tank,20FT,Textiles,Export,19.99,Yes
CONT08741,Dry,45FT,Electronics,Import,4.21,No
CONT08742,Reefer,40FT,Textiles,Export,20.5,No
CONT08743,Open Top,20FT,Electronics,Import,8.25,No
CONT08744,Tank,45FT,Textiles,Export,22.11,No
CONT08745,Dry,40FT,Electronics,Import,18.18,Yes
CONT08746,Reefer,20FT,Textiles,Export,14.04,No
CONT08747,Open Top,45FT,Electronics,Import,21.35,No
CONT08748,Tank,40FT,Textiles,Export,25.41,No
CONT08749,Dry,20FT,Electronics,Import,23.47,No
CONT08750,Reefer,45FT,Textiles,Export,17.63,Yes
CONT08751,Open Top,40FT,Electronics,Import,22.07,No
CONT08752,Tank,20FT,Textiles,Export,14.35,No
CONT08753,Dry,45FT,Electronics,Import,23.73,No
CONT08754,Reefer,40FT,Textiles,Export,24.73,No
CONT08755,Open Top,20FT,Electronics,Import,7.43,Yes
CONT08756,Tank,45FT,Textiles,Export,9.95,No
CONT08757,Dry,40FT,Electronics,Import,10.75,No
CONT08758,Reefer,20FT,Textiles,Export,8.15,No
CONT08759,Open Top,45FT,Electronics,Import,13.81,No
CONT08760,Tank,40FT,Textiles,Export,8.83,Yes
CONT08761,Dry,20FT,Electronics,Import,18.89,No
CONT08762,Reefer,45FT,Textiles,Export,6.54,No
CONT08763,Open Top,40FT,Electronics,Import,10.75,No
CONT08764,Tank,20FT,Textiles,Export,20.64,No
CONT08765,Dry,45FT,Electronics,Import,13.96,Yes
CONT08766,Reefer,40FT,Textiles,Export,14.54,No
CONT08767,Open Top,20FT,Electronics,Import,23.95,No
CONT08768,Tank,45FT,Textiles,Export,28.61,No
CONT08769,Dry,40FT,Electronics,Import,18.13,No
CONT08770,Reefer,20FT,Textiles,Export,5.98,Yes
CONT08771,Open Top,45FT,Electronics,Import,6.57,No
CONT08772,Tank,40FT,Textiles,Export,28.21,No
CONT08773,Dry,20FT,Electronics,Import,20.98,No
CONT08774,Reefer,45FT,Textiles,Export,22.81,No
CONT08775,Open Top,40FT,Electronics,Import,20.89,Yes
CONT08776,Tank,20FT,Textiles,Export,8.49,No
CONT08777,Dry,45FT,Electronics,Import,15.21,No
CONT08778,Reefer,40FT,Textiles,Export,23.95,No
CONT08779,Open Top,20FT,Electronics,Import,25.66,No
CONT08780,Tank,45FT,Textiles,Export,9.93,Yes
CONT08781,Dry,40FT,Electronics,Import,18.9,No
CONT08782,Reefer,20FT,Textiles,Export,7.93,No
CONT08783,Open Top,45FT,Electronics,Import,27.96,No
CONT08784,Tank,40FT,Textiles,Export,10.31,No
CONT08785,Dry,20FT,Electronics,Import,22.17,Yes
CONT08786,Reefer,45FT,Textiles,Export,9.78,No
CONT08787,Open Top,40FT,Electronics,Import,19.4,No
CONT08788,Tank,20FT,Textiles,Export,20.48,No
CONT08789,Dry,45FT,Electronics,Import,12.21,No
CONT08790,Reefer,40FT,Textiles,Export,24.47,Yes
CONT08791,Open Top,20FT,Electronics,Import,26.13,No
CONT08792,Tank,45FT,Textiles,Export,25.38,No
CONT08793,Dry,40FT,Electronics,Import,12.27,No
CONT08794,Reefer,20FT,Textiles,Export,22.61,No
CONT08795,Open Top,45FT,Electronics,Import,17.99,Yes
CONT08796,Tank,40FT,Textiles,Export,18.82,No
CONT08797,Dry,20FT,Electronics,Import,15.94,No
CONT08798,Reefer,45FT,Textiles,Export,19.01,No
CONT08799,Open Top,40FT,Electronics,Import,7.39,No
CONT08800,Tank,20FT,Textiles,Export,14.22,Yes
CONT08801,Dry,45FT,Electronics,Import,8.44,No
CONT08802,Reefer,40FT,Textiles,Export,11.0,No
CONT08803,Open Top,20FT,Electronics,Import,7.2,No
CONT08804,Tank,45FT,Textiles,Export,9.31,No
CONT08805,Dry,40FT,Electronics,Import,23.55,Yes
CONT08806,Reefer,20FT,Textiles,Export,17.75,No
CONT08807,Open Top,45FT,Electronics,Import,4.59,No
CONT08808,Tank,40FT,Textiles,Export,23.71,No
CONT08809,Dry,20FT,Electronics,Import,26.74,No
CONT08810,Reefer,45FT,Textiles,Export,26.01,Yes
CONT08811,Open Top,40FT,Electronics,Import,24.58,No
CONT08812,Tank,20FT,Textiles,Export,28.81,No
CONT08813,Dry,45FT,Electronics,Import,18.66,No
CONT08814,Reefer,40FT,Textiles,Export,28.06,No
CONT08815,Open Top,20FT,Electronics,Import,27.72,Yes
CONT08816,Tank,45FT,Textiles,Export,11.83,No
CONT08817,Dry,40FT,Electronics,Import,25.59,No
CONT08818,Reefer,20FT,Textiles,Export,23.81,No
CONT08819,Open Top,45FT,Electronics,Import,23.39,No
CONT08820,Tank,40FT,Textiles,Export,26.41,Yes
CONT08821,Dry,20FT,Electronics,Import,13.6,No
CONT08822,Reefer,45FT,Textiles,Export,14.0,No
CONT08823,Open Top,40FT,Electronics,Import,20.0,No
CONT08824,Tank,20FT,Textiles,Export,22.45,No
CONT08825,Dry,45FT,Electronics,Import,25.99,Yes
CONT08826,Reefer,40FT,Textiles,Export,25.9,No
CONT08827,Open Top,20FT,Electronics,Import,22.03,No
CONT08828,Tank,45FT,Textiles,Export,27.92,No
CONT08829,Dry,40FT,Electronics,Import,8.47,No
CONT08830,Reefer,20FT,Textiles,Export,27.76,Yes
CONT08831,Open Top,45FT,Electronics,Import,5.6,No
CONT08832,Tank,40FT,Textiles,Export,17.89,No
CONT08833,Dry,20FT,Electronics,Import,6.25,No
CONT08834,Reefer,45FT,Textiles,Export,18.2,No
CONT08835,Open Top,40FT,Electronics,Import,13.75,Yes
CONT08836,Tank,20FT,Textiles,Export,6.04,No
CONT08837,Dry,45FT,Electronics,Import,20.2,No
CONT08838,Reefer,40FT,Textiles,Export,22.28,No
CONT08839,Open Top,20FT,Electronics,Import,8.35,No
CONT08840,Tank,45FT,Textiles,Export,21.36,Yes
CONT08841,Dry,40FT,Electronics,Import,8.48,No
CONT08842,Reefer,20FT,Textiles,Export,7.43,No
CONT08843,Open Top,45FT,Electronics,Import,7.68,No
CONT08844,Tank,40FT,Textiles,Export,18.98,No
CONT08845,Dry,20FT,Electronics,Import,23.47,Yes
CONT08846,Reefer,45FT,Textiles,Export,18.92,No
CONT08847,Open Top,40FT,Electronics,Import,24.23,No
CONT08848,Tank,20FT,Textiles,Export,18.79,No
CONT08849,Dry,45FT,Electronics,Import,23.93,No
CONT08850,Reefer,40FT,Textiles,Export,28.41,Yes
CONT08851,Open Top,20FT,Electronics,Import,13.77,No
CONT08852,Tank,45FT,Textiles,Export,7.75,No
CONT08853,Dry,40FT,Electronics,Import,7.38,No
CONT08854,Reefer,20FT,Textiles,Export,18.94,No
CONT08855,Open Top,45FT,Electronics,Import,17.68,Yes
CONT08856,Tank,40FT,Textiles,Export,8.61,No
CONT08857,Dry,20FT,Electronics,Import,26.05,No
CONT08858,Reefer,45FT,Textiles,Export,27.92,No
CONT08859,Open Top,40FT,Electronics,Import,10.33,No
CONT08860,Tank,20FT,Textiles,Export,9.17,Yes
CONT08861,Dry,45FT,Electronics,Import,9.35,No
CONT08862,Reefer,40FT,Textiles,Export,13.69,No
CONT08863,Open Top,20FT,Electronics,Import,25.33,No
CONT08864,Tank,45FT,Textiles,Export,18.9,No
CONT08865,Dry,40FT,Electronics,Import,5.69,Yes
CONT08866,Reefer,20FT,Textiles,Export,15.82,No
CONT08867,Open Top,45FT,Electronics,Import,6.26,No
CONT08868,Tank,40FT,Textiles,Export,14.16,No
CONT08869,Dry,20FT,Electronics,Import,14.09,No
CONT08870,Reefer,45FT,Textiles,Export,20.21,Yes
CONT08871,Open Top,40FT,Electronics,Import,17.74,No
CONT08872,Tank,20FT,Textiles,Export,25.87,No
CONT08873,Dry,45FT,Electronics,Import,4.41,No
CONT08874,Reefer,40FT,Textiles,Export,23.35,No
CONT08875,Open Top,20FT,Electronics,Import,4.57,Yes
CONT08876,Tank,45FT,Textiles,Export,11.61,No
CONT08877,Dry,40FT,Electronics,Import,25.99,No
CONT08878,Reefer,20FT,Textiles,Export,21.26,No
CONT08879,Open Top,45FT,Electronics,Import,8.3,No
CONT08880,Tank,40FT,Textiles,Export,16.27,Yes
CONT08881,Dry,20FT,Electronics,Import,22.05,No
CONT08882,Reefer,45FT,Textiles,Export,27.43,No
CONT08883,Open Top,40FT,Electronics,Import,19.86,No
CONT08884,Tank,20FT,Textiles,Export,4.62,No
CONT08885,Dry,45FT,Electronics,Import,16.49,Yes
CONT08886,Reefer,40FT,Textiles,Export,7.82,No
CONT08887,Open Top,20FT,Electronics,Import,5.19,No
CONT08888,Tank,45FT,Textiles,Export,18.96,No
CONT08889,Dry,40FT,Electronics,Import,23.42,No
CONT08890,Reefer,20FT,Textiles,Export,4.9,Yes
CONT08891,Open Top,45FT,Electronics,Import,23.59,No
CONT08892,Tank,40FT,Textiles,Export,21.66,No
CONT08893,Dry,20FT,Electronics,Import,22.8,No
CONT08894,Reefer,45FT,Textiles,Export,10.12,No
CONT08895,Open Top,40FT,Electronics,Import,13.84,Yes
CONT08896,Tank,20FT,Textiles,Export,6.99,No
CONT08897,Dry,45FT,Electronics,Import,9.97,No
CONT08898,Reefer,40FT,Textiles,Export,11.57,No
CONT08899,Open Top,20FT,Electronics,Import,11.99,No
CONT08900,Tank,45FT,Textiles,Export,8.38,Yes
CONT08901,Dry,40FT,Electronics,Import,8.72,No
CONT08902,Reefer,20FT,Textiles,Export,26.54,No
CONT08903,Open Top,45FT,Electronics,Import,23.6,No
CONT08904,Tank,40FT,Textiles,Export,12.61,No
CONT08905,Dry,20FT,Electronics,Import,27.69,Yes
CONT08906,Reefer,45FT,Textiles,Export,9.97,No
CONT08907,Open Top,40FT,Electronics,Import,14.17,No
CONT08908,Tank,20FT,Textiles,Export,24.34,No
CONT08909,Dry,45FT,Electronics,Import,15.07,No
CONT08910,Reefer,40FT,Textiles,Export,9.87,Yes
CONT08911,Open Top,20FT,Electronics,Import,13.21,No
CONT08912,Tank,45FT,Textiles,Export,16.52,No
CONT08913,Dry,40FT,Electronics,Import,19.52,No
CONT08914,Reefer,20FT,Textiles,Export,14.14,No
CONT08915,Open Top,45FT,Electronics,Import,14.78,Yes
CONT08916,Tank,40FT,Textiles,Export,10.6,No
CONT08917,Dry,20FT,Electronics,Import,17.38,No
CONT08918,Reefer,45FT,Textiles,Export,9.49,No
CONT08919,Open Top,40FT,Electronics,Import,25.69,No
CONT08920,Tank,20FT,Textiles,Export,22.68,Yes
CONT08921,Dry,45FT,Electronics,Import,14.26,No
CONT08922,Reefer,40FT,Textiles,Export,22.68,No
CONT08923,Open Top,20FT,Electronics,Import,4.17,No
CONT08924,Tank,45FT,Textiles,Export,12.61,No
CONT08925,Dry,40FT,Electronics,Import,15.01,Yes
CONT08926,Reefer,20FT,Textiles,Export,15.74,No
CONT08927,Open Top,45FT,Electronics,Import,22.72,No
CONT08928,Tank,40FT,Textiles,Export,28.07,No
CONT08929,Dry,20FT,Electronics,Import,13.5,No
CONT08930,Reefer,45FT,Textiles,Export,12.76,Yes
CONT08931,Open Top,40FT,Electronics,Import,19.26,No
CONT08932,Tank,20FT,Textiles,Export,11.03,No
CONT08933,Dry,45FT,Electronics,Import,7.53,No
CONT08934,Reefer,40FT,Textiles,Export,28.04,No
CONT08935,Open Top,20FT,Electronics,Import,24.24,Yes
CONT08936,Tank,45FT,Textiles,Export,27.96,No
CONT08937,Dry,40FT,Electronics,Import,9.45,No
CONT08938,Reefer,20FT,Textiles,Export,4.45,No
CONT08939,Open Top,45FT,Electronics,Import,14.93,No
CONT08940,Tank,40FT,Textiles,Export,27.34,Yes
CONT08941,Dry,20FT,Electronics,Import,7.46,No
CONT08942,Reefer,45FT,Textiles,Export,6.93,No
CONT08943,Open Top,40FT,Electronics,Import,5.72,No
CONT08944,Tank,20FT,Textiles,Export,23.13,No
CONT08945,Dry,45FT,Electronics,Import,23.65,Yes
CONT08946,Reefer,40FT,Textiles,Export,21.38,No
CONT08947,Open Top,20FT,Electronics,Import,5.33,No
CONT08948,Tank,45FT,Textiles,Export,22.08,No
CONT08949,Dry,40FT,Electronics,Import,15.22,No
CONT08950,Reefer,20FT,Textiles,Export,7.95,Yes
CONT08951,Open Top,45FT,Electronics,Import,11.38,No
CONT08952,Tank,40FT,Textiles,Export,16.53,No
CONT08953,Dry,20FT,Electronics,Import,12.24,No
CONT08954,Reefer,45FT,Textiles,Export,28.24,No
CONT08955,Open Top,40FT,Electronics,Import,15.87,Yes
CONT08956,Tank,20FT,Textiles,Export,13.3,No
CONT08957,Dry,45FT,Electronics,Import,20.83,No
CONT08958,Reefer,40FT,Textiles,Export,20.26,No
CONT08959,Open Top,20FT,Electronics,Import,4.06,No
CONT08960,Tank,45FT,Textiles,Export,19.46,Yes
CONT08961,Dry,40FT,Electronics,Import,10.09,No
CONT08962,Reefer,20FT,Textiles,Export,13.38,No
CONT08963,Open Top,45FT,Electronics,Import,21.66,No
CONT08964,Tank,40FT,Textiles,Export,17.93,No
CONT08965,Dry,20FT,Electronics,Import,13.22,Yes
CONT08966,Reefer,45FT,Textiles,Export,8.19,No
CONT08967,Open Top,40FT,Electronics,Import,16.64,No
CONT08968,Tank,20FT,Textiles,Export,11.98,No
CONT08969,Dry,45FT,Electronics,Import,26.82,No
CONT08970,Reefer,40FT,Textiles,Export,17.36,Yes
CONT08971,Open Top,20FT,Electronics,Import,25.65,No
CONT08972,Tank,45FT,Textiles,Export,13.75,No
CONT08973,Dry,40FT,Electronics,Import,24.69,No
CONT08974,Reefer,20FT,Textiles,Export,5.41,No
CONT08975,Open Top,45FT,Electronics,Import,11.45,Yes
CONT08976,Tank,40FT,Textiles,Export,5.95,No
CONT08977,Dry,20FT,Electronics,Import,4.79,No
CONT08978,Reefer,45FT,Textiles,Export,26.97,No
CONT08979,Open Top,40FT,Electronics,Import,21.92,No
CONT08980,Tank,20FT,Textiles,Export,19.63,Yes
CONT08981,Dry,45FT,Electronics,Import,17.31,No
CONT08982,Reefer,40FT,Textiles,Export,18.24,No
CONT08983,Open Top,20FT,Electronics,Import,19.97,No
CONT08984,Tank,45FT,Textiles,Export,24.66,No
CONT08985,Dry,40FT,Electronics,Import,18.92,Yes
CONT08986,Reefer,20FT,Textiles,Export,22.71,No
CONT08987,Open Top,45FT,Electronics,Import,11.02,No
CONT08988,Tank,40FT,Textiles,Export,28.42,No
CONT08989,Dry,20FT,Electronics,Import,4.8,No
CONT08990,Reefer,45FT,Textiles,Export,13.66,Yes
CONT08991,Open Top,40FT,Electronics,Import,26.05,No
CONT08992,Tank,20FT,Textiles,Export,8.51,No
CONT08993,Dry,45FT,Electronics,Import,7.53,No
CONT08994,Reefer,40FT,Textiles,Export,13.14,No
CONT08995,Open Top,20FT,Electronics,Import,14.7,Yes
CONT08996,Tank,45FT,Textiles,Export,27.33,No
CONT08997,Dry,40FT,Electronics,Import,24.9,No
CONT08998,Reefer,20FT,Textiles,Export,15.6,No
CONT08999,Open Top,45FT,Electronics,Import,28.32,No
CONT09000,Tank,40FT,Textiles,Export,20.06,Yes
CONT09001,Dry,20FT,Electronics,Import,25.84,No
CONT09002,Reefer,45FT,Textiles,Export,10.15,No
CONT09003,Open Top,40FT,Electronics,Import,16.22,No
CONT09004,Tank,20FT,Textiles,Export,4.74,No
CONT09005,Dry,45FT,Electronics,Import,4.22,Yes
CONT09006,Reefer,40FT,Textiles,Export,21.64,No
CONT09007,Open Top,20FT,Electronics,Import,6.96,No
CONT09008,Tank,45FT,Textiles,Export,17.7,No
CONT09009,Dry,40FT,Electronics,Import,21.4,No
CONT09010,Reefer,20FT,Textiles,Export,4.81,Yes
CONT09011,Open Top,45FT,Electronics,Import,15.22,No
CONT09012,Tank,40FT,Textiles,Export,21.1,No
CONT09013,Dry,20FT,Electronics,Import,26.24,No
CONT09014,Reefer,45FT,Textiles,Export,11.48,No
CONT09015,Open Top,40FT,Electronics,Import,28.36,Yes
CONT09016,Tank,20FT,Textiles,Export,25.11,No
CONT09017,Dry,45FT,Electronics,Import,20.27,No
CONT09018,Reefer,40FT,Textiles,Export,13.8,No
CONT09019,Open Top,20FT,Electronics,Import,21.78,No
CONT09020,Tank,45FT,Textiles,Export,24.4,Yes
CONT09021,Dry,40FT,Electronics,Import,11.58,No
CONT09022,Reefer,20FT,Textiles,Export,28.82,No
CONT09023,Open Top,45FT,Electronics,Import,26.72,No
CONT09024,Tank,40FT,Textiles,Export,16.14,No
CONT09025,Dry,20FT,Electronics,Import,22.07,Yes
CONT09026,Reefer,45FT,Textiles,Export,17.1,No
CONT09027,Open Top,40FT,Electronics,Import,23.02,No
CONT09028,Tank,20FT,Textiles,Export,24.67,No
CONT09029,Dry,45FT,Electronics,Import,4.58,No
CONT09030,Reefer,40FT,Textiles,Export,5.98,Yes
CONT09031,Open Top,20FT,Electronics,Import,12.41,No
CONT09032,Tank,45FT,Textiles,Export,26.94,No
CONT09033,Dry,40FT,Electronics,Import,13.96,No
CONT09034,Reefer,20FT,Textiles,Export,26.19,No
CONT09035,Open Top,45FT,Electronics,Import,15.56,Yes
CONT09036,Tank,40FT,Textiles,Export,11.22,No
CONT09037,Dry,20FT,Electronics,Import,26.52,No
CONT09038,Reefer,45FT,Textiles,Export,18.02,No
CONT09039,Open Top,40FT,Electronics,Import,13.01,No
CONT09040,Tank,20FT,Textiles,Export,5.11,Yes
CONT09041,Dry,45FT,Electronics,Import,6.77,No
CONT09042,Reefer,40FT,Textiles,Export,7.48,No
CONT09043,Open Top,20FT,Electronics,Import,13.12,No
CONT09044,Tank,45FT,Textiles,Export,19.18,No
CONT09045,Dry,40FT,Electronics,Import,11.69,Yes
CONT09046,Reefer,20FT,Textiles,Export,5.64,No
CONT09047,Open Top,45FT,Electronics,Import,10.62,No
CONT09048,Tank,40FT,Textiles,Export,14.22,No
CONT09049,Dry,20FT,Electronics,Import,28.81,No
CONT09050,Reefer,45FT,Textiles,Export,13.82,Yes
CONT09051,Open Top,40FT,Electronics,Import,6.23,No
CONT09052,Tank,20FT,Textiles,Export,18.53,No
CONT09053,Dry,45FT,Electronics,Import,26.99,No
CONT09054,Reefer,40FT,Textiles,Export,23.67,No
CONT09055,Open Top,20FT,Electronics,Import,24.91,Yes
CONT09056,Tank,45FT,Textiles,Export,27.21,No
CONT09057,Dry,40FT,Electronics,Import,19.91,No
CONT09058,Reefer,20FT,Textiles,Export,28.87,No
CONT09059,Open Top,45FT,Electronics,Import,4.83,No
CONT09060,Tank,40FT,Textiles,Export,24.87,Yes
CONT09061,Dry,20FT,Electronics,Import,25.43,No
CONT09062,Reefer,45FT,Textiles,Export,26.92,No
CONT09063,Open Top,40FT,Electronics,Import,15.95,No
CONT09064,Tank,20FT,Textiles,Export,23.69,No
CONT09065,Dry,45FT,Electronics,Import,8.88,Yes
CONT09066,Reefer,40FT,Textiles,Export,19.08,No
CONT09067,Open Top,20FT,Electronics,Import,12.97,No
CONT09068,Tank,45FT,Textiles,Export,18.9,No
CONT09069,Dry,40FT,Electronics,Import,20.89,No
CONT09070,Reefer,20FT,Textiles,Export,12.68,Yes
CONT09071,Open Top,45FT,Electronics,Import,9.41,No
CONT09072,Tank,40FT,Textiles,Export,12.04,No
CONT09073,Dry,20FT,Electronics,Import,20.6,No
CONT09074,Reefer,45FT,Textiles,Export,20.92,No
CONT09075,Open Top,40FT,Electronics,Import,22.53,Yes
CONT09076,Tank,20FT,Textiles,Export,7.16,No
CONT09077,Dry,45FT,Electronics,Import,24.46,No
CONT09078,Reefer,40FT,Textiles,Export,21.2,No
CONT09079,Open Top,20FT,Electronics,Import,4.76,No
CONT09080,Tank,45FT,Textiles,Export,12.39,Yes
CONT09081,Dry,40FT,Electronics,Import,15.67,No
CONT09082,Reefer,20FT,Textiles,Export,13.02,No
CONT09083,Open Top,45FT,Electronics,Import,6.94,No
CONT09084,Tank,40FT,Textiles,Export,9.18,No
CONT09085,Dry,20FT,Electronics,Import,4.61,Yes
CONT09086,Reefer,45FT,Textiles,Export,6.33,No
CONT09087,Open Top,40FT,Electronics,Import,10.66,No
CONT09088,Tank,20FT,Textiles,Export,24.5,No
CONT09089,Dry,45FT,Electronics,Import,17.17,No
CONT09090,Reefer,40FT,Textiles,Export,14.61,Yes
CONT09091,Open Top,20FT,Electronics,Import,20.55,No
CONT09092,Tank,45FT,Textiles,Export,17.54,No
CONT09093,Dry,40FT,Electronics,Import,7.29,No
CONT09094,Reefer,20FT,Textiles,Export,9.57,No
CONT09095,Open Top,45FT,Electronics,Import,9.56,Yes
CONT09096,Tank,40FT,Textiles,Export,19.0,No
CONT09097,Dry,20FT,Electronics,Import,15.54,No
CONT09098,Reefer,45FT,Textiles,Export,13.69,No
CONT09099,Open Top,40FT,Electronics,Import,17.92,No
CONT09100,Tank,20FT,Textiles,Export,28.25,Yes
CONT09101,Dry,45FT,Electronics,Import,11.85,No
CONT09102,Reefer,40FT,Textiles,Export,17.0,No
CONT09103,Open Top,20FT,Electronics,Import,16.01,No
CONT09104,Tank,45FT,Textiles,Export,21.92,No
CONT09105,Dry,40FT,Electronics,Import,22.26,Yes
CONT09106,Reefer,20FT,Textiles,Export,22.23,No
CONT09107,Open Top,45FT,Electronics,Import,9.04,No
CONT09108,Tank,40FT,Textiles,Export,15.23,No
CONT09109,Dry,20FT,Electronics,Import,24.28,No
CONT09110,Reefer,45FT,Textiles,Export,13.54,Yes
CONT09111,Open Top,40FT,Electronics,Import,28.61,No
CONT09112,Tank,20FT,Textiles,Export,13.12,No
CONT09113,Dry,45FT,Electronics,Import,16.44,No
CONT09114,Reefer,40FT,Textiles,Export,15.86,No
CONT09115,Open Top,20FT,Electronics,Import,14.84,Yes
CONT09116,Tank,45FT,Textiles,Export,25.14,No
CONT09117,Dry,40FT,Electronics,Import,7.88,No
CONT09118,Reefer,20FT,Textiles,Export,18.19,No
CONT09119,Open Top,45FT,Electronics,Import,19.47,No
CONT09120,Tank,40FT,Textiles,Export,25.28,Yes
CONT09121,Dry,20FT,Electronics,Import,19.23,No
CONT09122,Reefer,45FT,Textiles,Export,28.0,No
CONT09123,Open Top,40FT,Electronics,Import,25.8,No
CONT09124,Tank,20FT,Textiles,Export,12.72,No
CONT09125,Dry,45FT,Electronics,Import,25.5,Yes
CONT09126,Reefer,40FT,Textiles,Export,27.96,No
CONT09127,Open Top,20FT,Electronics,Import,10.43,No
CONT09128,Tank,45FT,Textiles,Export,19.26,No
CONT09129,Dry,40FT,Electronics,Import,11.05,No
CONT09130,Reefer,20FT,Textiles,Export,20.24,Yes
CONT09131,Open Top,45FT,Electronics,Import,6.34,No
CONT09132,Tank,40FT,Textiles,Export,22.35,No
CONT09133,Dry,20FT,Electronics,Import,14.5,No
CONT09134,Reefer,45FT,Textiles,Export,18.68,No
CONT09135,Open Top,40FT,Electronics,Import,4.65,Yes
CONT09136,Tank,20FT,Textiles,Export,21.39,No
CONT09137,Dry,45FT,Electronics,Import,16.4,No
CONT09138,Reefer,40FT,Textiles,Export,19.63,No
CONT09139,Open Top,20FT,Electronics,Import,11.89,No
CONT09140,Tank,45FT,Textiles,Export,7.65,Yes
CONT09141,Dry,40FT,Electronics,Import,14.89,No
CONT09142,Reefer,20FT,Textiles,Export,27.6,No
CONT09143,Open Top,45FT,Electronics,Import,9.69,No
CONT09144,Tank,40FT,Textiles,Export,20.9,No
CONT09145,Dry,20FT,Electronics,Import,5.25,Yes
CONT09146,Reefer,45FT,Textiles,Export,21.95,No
CONT09147,Open Top,40FT,Electronics,Import,9.96,No
CONT09148,Tank,20FT,Textiles,Export,15.29,No
CONT09149,Dry,45FT,Electronics,Import,13.19,No
CONT09150,Reefer,40FT,Textiles,Export,6.82,Yes
CONT09151,Open Top,20FT,Electronics,Import,12.64,No
CONT09152,Tank,45FT,Textiles,Export,12.75,No
CONT09153,Dry,40FT,Electronics,Import,17.05,No
CONT09154,Reefer,20FT,Textiles,Export,28.31,No
CONT09155,Open Top,45FT,Electronics,Import,15.75,Yes
CONT09156,Tank,40FT,Textiles,Export,26.86,No
CONT09157,Dry,20FT,Electronics,Import,15.54,No
CONT09158,Reefer,45FT,Textiles,Export,6.69,No
CONT09159,Open Top,40FT,Electronics,Import,9.75,No
CONT09160,Tank,20FT,Textiles,Export,14.19,Yes
CONT09161,Dry,45FT,Electronics,Import,12.13,No
CONT09162,Reefer,40FT,Textiles,Export,25.65,No
CONT09163,Open Top,20FT,Electronics,Import,20.97,No
CONT09164,Tank,45FT,Textiles,Export,18.46,No
CONT09165,Dry,40FT,Electronics,Import,16.28,Yes
CONT09166,Reefer,20FT,Textiles,Export,13.93,No
CONT09167,Open Top,45FT,Electronics,Import,19.3,No
CONT09168,Tank,40FT,Textiles,Export,7.12,No
CONT09169,Dry,20FT,Electronics,Import,8.06,No
CONT09170,Reefer,45FT,Textiles,Export,11.58,Yes
CONT09171,Open Top,40FT,Electronics,Import,8.28,No
CONT09172,Tank,20FT,Textiles,Export,20.93,No
CONT09173,Dry,45FT,Electronics,Import,4.62,No
CONT09174,Reefer,40FT,Textiles,Export,8.0,No
CONT09175,Open Top,20FT,Electronics,Import,26.57,Yes
CONT09176,Tank,45FT,Textiles,Export,28.94,No
CONT09177,Dry,40FT,Electronics,Import,16.19,No
CONT09178,Reefer,20FT,Textiles,Export,16.38,No
CONT09179,Open Top,45FT,Electronics,Import,23.33,No
CONT09180,Tank,40FT,Textiles,Export,4.9,Yes
CONT09181,Dry,20FT,Electronics,Import,14.68,No
CONT09182,Reefer,45FT,Textiles,Export,6.5,No
CONT09183,Open Top,40FT,Electronics,Import,14.02,No
CONT09184,Tank,20FT,Textiles,Export,28.6,No
CONT09185,Dry,45FT,Electronics,Import,22.84,Yes
CONT09186,Reefer,40FT,Textiles,Export,28.63,No
CONT09187,Open Top,20FT,Electronics,Import,22.65,No
CONT09188,Tank,45FT,Textiles,Export,19.2,No
CONT09189,Dry,40FT,Electronics,Import,22.86,No
CONT09190,Reefer,20FT,Textiles,Export,20.48,Yes
CONT09191,Open Top,45FT,Electronics,Import,15.6,No
CONT09192,Tank,40FT,Textiles,Export,11.31,No
CONT09193,Dry,20FT,Electronics,Import,17.0,No
CONT09194,Reefer,45FT,Textiles,Export,10.46,No
CONT09195,Open Top,40FT,Electronics,Import,16.17,Yes
CONT09196,Tank,20FT,Textiles,Export,7.65,No
CONT09197,Dry,45FT,Electronics,Import,18.13,No
CONT09198,Reefer,40FT,Textiles,Export,10.13,No
CONT09199,Open Top,20FT,Electronics,Import,11.34,No
CONT09200,Tank,45FT,Textiles,Export,16.48,Yes
CONT09201,Dry,40FT,Electronics,Import,8.06,No
CONT09202,Reefer,20FT,Textiles,Export,28.06,No
CONT09203,Open Top,45FT,Electronics,Import,15.17,No
CONT09204,Tank,40FT,Textiles,Export,12.81,No
CONT09205,Dry,20FT,Electronics,Import,4.73,Yes
CONT09206,Reefer,45FT,Textiles,Export,25.08,No
CONT09207,Open Top,40FT,Electronics,Import,19.65,No
CONT09208,Tank,20FT,Textiles,Export,14.41,No
CONT09209,Dry,45FT,Electronics,Import,10.14,No
CONT09210,Reefer,40FT,Textiles,Export,22.63,Yes
CONT09211,Open Top,20FT,Electronics,Import,27.64,No
CONT09212,Tank,45FT,Textiles,Export,13.52,No
CONT09213,Dry,40FT,Electronics,Import,7.37,No
CONT09214,Reefer,20FT,Textiles,Export,6.73,No
CONT09215,Open Top,45FT,Electronics,Import,4.16,Yes
CONT09216,Tank,40FT,Textiles,Export,22.6,No
CONT09217,Dry,20FT,Electronics,Import,28.53,No
CONT09218,Reefer,45FT,Textiles,Export,28.82,No
CONT09219,Open Top,40FT,Electronics,Import,23.6,No
CONT09220,Tank,20FT,Textiles,Export,8.05,Yes
CONT09221,Dry,45FT,Electronics,Import,28.44,No
CONT09222,Reefer,40FT,Textiles,Export,12.2,No
CONT09223,Open Top,20FT,Electronics,Import,12.34,No
CONT09224,Tank,45FT,Textiles,Export,21.18,No
CONT09225,Dry,40FT,Electronics,Import,5.23,Yes
CONT09226,Reefer,20FT,Textiles,Export,24.64,No
CONT09227,Open Top,45FT,Electronics,Import,28.93,No
CONT09228,Tank,40FT,Textiles,Export,23.38,No
CONT09229,Dry,20FT,Electronics,Import,23.54,No
CONT09230,Reefer,45FT,Textiles,Export,13.76,Yes
CONT09231,Open Top,40FT,Electronics,Import,5.65,No
CONT09232,Tank,20FT,Textiles,Export,23.82,No
CONT09233,Dry,45FT,Electronics,Import,18.93,No
CONT09234,Reefer,40FT,Textiles,Export,26.73,No
CONT09235,Open Top,20FT,Electronics,Import,6.9,Yes
CONT09236,Tank,45FT,Textiles,Export,11.63,No
CONT09237,Dry,40FT,Electronics,Import,13.02,No
CONT09238,Reefer,20FT,Textiles,Export,21.08,No
CONT09239,Open Top,45FT,Electronics,Import,23.69,No
CONT09240,Tank,40FT,Textiles,Export,28.03,Yes
CONT09241,Dry,20FT,Electronics,Import,11.39,No
CONT09242,Reefer,45FT,Textiles,Export,16.34,No
CONT09243,Open Top,40FT,Electronics,Import,4.72,No
CONT09244,Tank,20FT,Textiles,Export,10.32,No
CONT09245,Dry,45FT,Electronics,Import,13.35,Yes
CONT09246,Reefer,40FT,Textiles,Export,18.85,No
CONT09247,Open Top,20FT,Electronics,Import,15.77,No
CONT09248,Tank,45FT,Textiles,Export,13.11,No
CONT09249,Dry,40FT,Electronics,Import,19.6,No
CONT09250,Reefer,20FT,Textiles,Export,24.72,Yes
CONT09251,Open Top,45FT,Electronics,Import,10.04,No
CONT09252,Tank,40FT,Textiles,Export,12.57,No
CONT09253,Dry,20FT,Electronics,Import,21.62,No
CONT09254,Reefer,45FT,Textiles,Export,23.45,No
CONT09255,Open Top,40FT,Electronics,Import,24.63,Yes
CONT09256,Tank,20FT,Textiles,Export,9.23,No
CONT09257,Dry,45FT,Electronics,Import,17.48,No
CONT09258,Reefer,40FT,Textiles,Export,26.5,No
CONT09259,Open Top,20FT,Electronics,Import,13.8,No
CONT09260,Tank,45FT,Textiles,Export,14.75,Yes
CONT09261,Dry,40FT,Electronics,Import,28.62,No
CONT09262,Reefer,20FT,Textiles,Export,6.83,No
CONT09263,Open Top,45FT,Electronics,Import,21.64,No
CONT09264,Tank,40FT,Textiles,Export,25.25,No
CONT09265,Dry,20FT,Electronics,Import,7.77,Yes
CONT09266,Reefer,45FT,Textiles,Export,21.86,No
CONT09267,Open Top,40FT,Electronics,Import,15.74,No
CONT09268,Tank,20FT,Textiles,Export,25.32,No
CONT09269,Dry,45FT,Electronics,Import,26.69,No
CONT09270,Reefer,40FT,Textiles,Export,25.81,Yes
CONT09271,Open Top,20FT,Electronics,Import,5.61,No
CONT09272,Tank,45FT,Textiles,Export,22.92,No
CONT09273,Dry,40FT,Electronics,Import,27.04,No
CONT09274,Reefer,20FT,Textiles,Export,19.53,No
CONT09275,Open Top,45FT,Electronics,Import,19.02,Yes
CONT09276,Tank,40FT,Textiles,Export,5.13,No
CONT09277,Dry,20FT,Electronics,Import,25.4,No
CONT09278,Reefer,45FT,Textiles,Export,5.16,No
CONT09279,Open Top,40FT,Electronics,Import,11.84,No
CONT09280,Tank,20FT,Textiles,Export,27.15,Yes
CONT09281,Dry,45FT,Electronics,Import,27.74,No
CONT09282,Reefer,40FT,Textiles,Export,28.8,No
CONT09283,Open Top,20FT,Electronics,Import,15.91,No
CONT09284,Tank,45FT,Textiles,Export,8.44,No
CONT09285,Dry,40FT,Electronics,Import,16.2,Yes
CONT09286,Reefer,20FT,Textiles,Export,6.56,No
CONT09287,Open Top,45FT,Electronics,Import,25.81,No
CONT09288,Tank,40FT,Textiles,Export,18.01,No
CONT09289,Dry,20FT,Electronics,Import,14.11,No
CONT09290,Reefer,45FT,Textiles,Export,5.99,Yes
CONT09291,Open Top,40FT,Electronics,Import,14.13,No
CONT09292,Tank,20FT,Textiles,Export,25.65,No
CONT09293,Dry,45FT,Electronics,Import,21.59,No
CONT09294,Reefer,40FT,Textiles,Export,6.06,No
CONT09295,Open Top,20FT,Electronics,Import,8.0,Yes
CONT09296,Tank,45FT,Textiles,Export,13.81,No
CONT09297,Dry,40FT,Electronics,Import,6.53,No
CONT09298,Reefer,20FT,Textiles,Export,27.35,No
CONT09299,Open Top,45FT,Electronics,Import,20.31,No
CONT09300,Tank,40FT,Textiles,Export,6.37,Yes
CONT09301,Dry,20FT,Electronics,Import,23.7,No
CONT09302,Reefer,45FT,Textiles,Export,13.21,No
CONT09303,Open Top,40FT,Electronics,Import,10.12,No
CONT09304,Tank,20FT,Textiles,Export,18.25,No
CONT09305,Dry,45FT,Electronics,Import,4.33,Yes
CONT09306,Reefer,40FT,Textiles,Export,15.63,No
CONT09307,Open Top,20FT,Electronics,Import,25.1,No
CONT09308,Tank,45FT,Textiles,Export,27.2,No
CONT09309,Dry,40FT,Electronics,Import,12.56,No
CONT09310,Reefer,20FT,Textiles,Export,20.06,Yes
CONT09311,Open Top,45FT,Electronics,Import,9.67,No
CONT09312,Tank,40FT,Textiles,Export,18.01,No
CONT09313,Dry,20FT,Electronics,Import,10.35,No
CONT09314,Reefer,45FT,Textiles,Export,18.28,No
CONT09315,Open Top,40FT,Electronics,Import,8.29,Yes
CONT09316,Tank,20FT,Textiles,Export,27.53,No
CONT09317,Dry,45FT,Electronics,Import,26.17,No
CONT09318,Reefer,40FT,Textiles,Export,12.42,No
CONT09319,Open Top,20FT,Electronics,Import,23.42,No
CONT09320,Tank,45FT,Textiles,Export,6.39,Yes
CONT09321,Dry,40FT,Electronics,Import,22.51,No
CONT09322,Reefer,20FT,Textiles,Export,11.06,No
CONT09323,Open Top,45FT,Electronics,Import,7.39,No
CONT09324,Tank,40FT,Textiles,Export,20.95,No
CONT09325,Dry,20FT,Electronics,Import,15.75,Yes
CONT09326,Reefer,45FT,Textiles,Export,17.25,No
CONT09327,Open Top,40FT,Electronics,Import,17.01,No
CONT09328,Tank,20FT,Textiles,Export,5.49,No
CONT09329,Dry,45FT,Electronics,Import,5.28,No
CONT09330,Reefer,40FT,Textiles,Export,19.03,Yes
CONT09331,Open Top,20FT,Electronics,Import,19.6,No
CONT09332,Tank,45FT,Textiles,Export,5.18,No
CONT09333,Dry,40FT,Electronics,Import,13.46,No
CONT09334,Reefer,20FT,Textiles,Export,19.32,No
CONT09335,Open Top,45FT,Electronics,Import,20.42,Yes
CONT09336,Tank,40FT,Textiles,Export,24.71,No
CONT09337,Dry,20FT,Electronics,Import,14.52,No
CONT09338,Reefer,45FT,Textiles,Export,17.71,No
CONT09339,Open Top,40FT,Electronics,Import,18.46,No
CONT09340,Tank,20FT,Textiles,Export,11.8,Yes
CONT09341,Dry,45FT,Electronics,Import,5.35,No
CONT09342,Reefer,40FT,Textiles,Export,4.11,No
CONT09343,Open Top,20FT,Electronics,Import,24.9,No
CONT09344,Tank,45FT,Textiles,Export,9.01,No
CONT09345,Dry,40FT,Electronics,Import,19.76,Yes
CONT09346,Reefer,20FT,Textiles,Export,18.43,No
CONT09347,Open Top,45FT,Electronics,Import,13.99,No
CONT09348,Tank,40FT,Textiles,Export,24.84,No
CONT09349,Dry,20FT,Electronics,Import,21.46,No
CONT09350,Reefer,45FT,Textiles,Export,4.57,Yes
CONT09351,Open Top,40FT,Electronics,Import,23.42,No
CONT09352,Tank,20FT,Textiles,Export,16.67,No
CONT09353,Dry,45FT,Electronics,Import,12.68,No
CONT09354,Reefer,40FT,Textiles,Export,22.17,No
CONT09355,Open Top,20FT,Electronics,Import,21.15,Yes
CONT09356,Tank,45FT,Textiles,Export,11.76,No
CONT09357,Dry,40FT,Electronics,Import,28.58,No
CONT09358,Reefer,20FT,Textiles,Export,20.22,No
CONT09359,Open Top,45FT,Electronics,Import,19.14,No
CONT09360,Tank,40FT,Textiles,Export,5.75,Yes
CONT09361,Dry,20FT,Electronics,Import,10.98,No
CONT09362,Reefer,45FT,Textiles,Export,15.17,No
CONT09363,Open Top,40FT,Electronics,Import,19.77,No
CONT09364,Tank,20FT,Textiles,Export,16.82,No
CONT09365,Dry,45FT,Electronics,Import,23.08,Yes
CONT09366,Reefer,40FT,Textiles,Export,10.56,No
CONT09367,Open Top,20FT,Electronics,Import,21.55,No
CONT09368,Tank,45FT,Textiles,Export,24.41,No
CONT09369,Dry,40FT,Electronics,Import,23.13,No
CONT09370,Reefer,20FT,Textiles,Export,23.27,Yes
CONT09371,Open Top,45FT,Electronics,Import,26.21,No
CONT09372,Tank,40FT,Textiles,Export,6.1,No
CONT09373,Dry,20FT,Electronics,Import,21.43,No
CONT09374,Reefer,45FT,Textiles,Export,28.22,No
CONT09375,Open Top,40FT,Electronics,Import,18.34,Yes
CONT09376,Tank,20FT,Textiles,Export,9.43,No
CONT09377,Dry,45FT,Electronics,Import,28.97,No
CONT09378,Reefer,40FT,Textiles,Export,8.37,No
CONT09379,Open Top,20FT,Electronics,Import,12.39,No
CONT09380,Tank,45FT,Textiles,Export,8.3,Yes
CONT09381,Dry,40FT,Electronics,Import,15.61,No
CONT09382,Reefer,20FT,Textiles,Export,14.47,No
CONT09383,Open Top,45FT,Electronics,Import,16.28,No
CONT09384,Tank,40FT,Textiles,Export,27.2,No
CONT09385,Dry,20FT,Electronics,Import,15.96,Yes
CONT09386,Reefer,45FT,Textiles,Export,16.87,No
CONT09387,Open Top,40FT,Electronics,Import,26.17,No
CONT09388,Tank,20FT,Textiles,Export,24.44,No
CONT09389,Dry,45FT,Electronics,Import,9.99,No
CONT09390,Reefer,40FT,Textiles,Export,4.32,Yes
CONT09391,Open Top,20FT,Electronics,Import,19.74,No
CONT09392,Tank,45FT,Textiles,Export,25.12,No
CONT09393,Dry,40FT,Electronics,Import,17.82,No
CONT09394,Reefer,20FT,Textiles,Export,9.28,No
CONT09395,Open Top,45FT,Electronics,Import,22.53,Yes
CONT09396,Tank,40FT,Textiles,Export,20.74,No
CONT09397,Dry,20FT,Electronics,Import,18.13,No
CONT09398,Reefer,45FT,Textiles,Export,25.58,No
CONT09399,Open Top,40FT,Electronics,Import,23.61,No
CONT09400,Tank,20FT,Textiles,Export,20.7,Yes
CONT09401,Dry,45FT,Electronics,Import,20.62,No
CONT09402,Reefer,40FT,Textiles,Export,20.56,No
CONT09403,Open Top,20FT,Electronics,Import,17.13,No
CONT09404,Tank,45FT,Textiles,Export,15.6,No
CONT09405,Dry,40FT,Electronics,Import,21.74,Yes
CONT09406,Reefer,20FT,Textiles,Export,19.26,No
CONT09407,Open Top,45FT,Electronics,Import,16.25,No
CONT09408,Tank,40FT,Textiles,Export,7.17,No
CONT09409,Dry,20FT,Electronics,Import,21.55,No
CONT09410,Reefer,45FT,Textiles,Export,20.15,Yes
CONT09411,Open Top,40FT,Electronics,Import,12.56,No
CONT09412,Tank,20FT,Textiles,Export,12.91,No
CONT09413,Dry,45FT,Electronics,Import,10.17,No
CONT09414,Reefer,40FT,Textiles,Export,28.05,No
CONT09415,Open Top,20FT,Electronics,Import,25.51,Yes
CONT09416,Tank,45FT,Textiles,Export,18.03,No
CONT09417,Dry,40FT,Electronics,Import,14.04,No
CONT09418,Reefer,20FT,Textiles,Export,22.42,No
CONT09419,Open Top,45FT,Electronics,Import,17.19,No
CONT09420,Tank,40FT,Textiles,Export,28.4,Yes
CONT09421,Dry,20FT,Electronics,Import,5.38,No
CONT09422,Reefer,45FT,Textiles,Export,4.86,No
CONT09423,Open Top,40FT,Electronics,Import,18.22,No
CONT09424,Tank,20FT,Textiles,Export,9.08,No
CONT09425,Dry,45FT,Electronics,Import,19.11,Yes
CONT09426,Reefer,40FT,Textiles,Export,23.54,No
CONT09427,Open Top,20FT,Electronics,Import,7.45,No
CONT09428,Tank,45FT,Textiles,Export,15.02,No
CONT09429,Dry,40FT,Electronics,Import,21.22,No
CONT09430,Reefer,20FT,Textiles,Export,24.85,Yes
CONT09431,Open Top,45FT,Electronics,Import,16.41,No
CONT09432,Tank,40FT,Textiles,Export,9.15,No
CONT09433,Dry,20FT,Electronics,Import,18.64,No
CONT09434,Reefer,45FT,Textiles,Export,15.36,No
CONT09435,Open Top,40FT,Electronics,Import,23.3,Yes
CONT09436,Tank,20FT,Textiles,Export,17.89,No
CONT09437,Dry,45FT,Electronics,Import,10.99,No
CONT09438,Reefer,40FT,Textiles,Export,22.86,No
CONT09439,Open Top,20FT,Electronics,Import,16.94,No
CONT09440,Tank,45FT,Textiles,Export,8.44,Yes
CONT09441,Dry,40FT,Electronics,Import,18.08,No
CONT09442,Reefer,20FT,Textiles,Export,27.71,No
CONT09443,Open Top,45FT,Electronics,Import,21.64,No
CONT09444,Tank,40FT,Textiles,Export,11.47,No
CONT09445,Dry,20FT,Electronics,Import,21.77,Yes
CONT09446,Reefer,45FT,Textiles,Export,11.07,No
CONT09447,Open Top,40FT,Electronics,Import,17.57,No
CONT09448,Tank,20FT,Textiles,Export,17.16,No
CONT09449,Dry,45FT,Electronics,Import,10.18,No
CONT09450,Reefer,40FT,Textiles,Export,12.7,Yes
CONT09451,Open Top,20FT,Electronics,Import,27.55,No
CONT09452,Tank,45FT,Textiles,Export,10.26,No
CONT09453,Dry,40FT,Electronics,Import,24.03,No
CONT09454,Reefer,20FT,Textiles,Export,20.68,No
CONT09455,Open Top,45FT,Electronics,Import,17.32,Yes
CONT09456,Tank,40FT,Textiles,Export,7.44,No
CONT09457,Dry,20FT,Electronics,Import,9.11,No
CONT09458,Reefer,45FT,Textiles,Export,8.47,No
CONT09459,Open Top,40FT,Electronics,Import,18.67,No
CONT09460,Tank,20FT,Textiles,Export,28.33,Yes
CONT09461,Dry,45FT,Electronics,Import,25.93,No
CONT09462,Reefer,40FT,Textiles,Export,4.63,No
CONT09463,Open Top,20FT,Electronics,Import,10.84,No
CONT09464,Tank,45FT,Textiles,Export,7.93,No
CONT09465,Dry,40FT,Electronics,Import,28.39,Yes
CONT09466,Reefer,20FT,Textiles,Export,9.89,No
CONT09467,Open Top,45FT,Electronics,Import,9.03,No
CONT09468,Tank,40FT,Textiles,Export,19.52,No
CONT09469,Dry,20FT,Electronics,Import,17.9,No
CONT09470,Reefer,45FT,Textiles,Export,9.65,Yes
CONT09471,Open Top,40FT,Electronics,Import,20.76,No
CONT09472,Tank,20FT,Textiles,Export,6.43,No
CONT09473,Dry,45FT,Electronics,Import,4.48,No
CONT09474,Reefer,40FT,Textiles,Export,6.06,No
CONT09475,Open Top,20FT,Electronics,Import,13.12,Yes
CONT09476,Tank,45FT,Textiles,Export,28.38,No
CONT09477,Dry,40FT,Electronics,Import,17.68,No
CONT09478,Reefer,20FT,Textiles,Export,22.87,No
CONT09479,Open Top,45FT,Electronics,Import,12.04,No
CONT09480,Tank,40FT,Textiles,Export,21.98,Yes
CONT09481,Dry,20FT,Electronics,Import,28.15,No
CONT09482,Reefer,45FT,Textiles,Export,12.94,No
CONT09483,Open Top,40FT,Electronics,Import,28.98,No
CONT09484,Tank,20FT,Textiles,Export,19.96,No
CONT09485,Dry,45FT,Electronics,Import,22.71,Yes
CONT09486,Reefer,40FT,Textiles,Export,10.3,No
CONT09487,Open Top,20FT,Electronics,Import,20.08,No
CONT09488,Tank,45FT,Textiles,Export,16.78,No
CONT09489,Dry,40FT,Electronics,Import,27.91,No
CONT09490,Reefer,20FT,Textiles,Export,26.62,Yes
CONT09491,Open Top,45FT,Electronics,Import,13.92,No
CONT09492,Tank,40FT,Textiles,Export,27.67,No
CONT09493,Dry,20FT,Electronics,Import,26.12,No
CONT09494,Reefer,45FT,Textiles,Export,18.76,No
CONT09495,Open Top,40FT,Electronics,Import,6.05,Yes
CONT09496,Tank,20FT,Textiles,Export,8.02,No
CONT09497,Dry,45FT,Electronics,Import,5.92,No
CONT09498,Reefer,40FT,Textiles,Export,6.7,No
CONT09499,Open Top,20FT,Electronics,Import,28.42,No
CONT09500,Tank,45FT,Textiles,Export,9.3,Yes
CONT09501,Dry,40FT,Electronics,Import,21.27,No
CONT09502,Reefer,20FT,Textiles,Export,19.91,No
CONT09503,Open Top,45FT,Electronics,Import,19.78,No
CONT09504,Tank,40FT,Textiles,Export,9.17,No
CONT09505,Dry,20FT,Electronics,Import,18.48,Yes
CONT09506,Reefer,45FT,Textiles,Export,19.64,No
CONT09507,Open Top,40FT,Electronics,Import,18.26,No
CONT09508,Tank,20FT,Textiles,Export,8.65,No
CONT09509,Dry,45FT,Electronics,Import,22.08,No
CONT09510,Reefer,40FT,Textiles,Export,5.83,Yes
CONT09511,Open Top,20FT,Electronics,Import,18.78,No
CONT09512,Tank,45FT,Textiles,Export,14.91,No
CONT09513,Dry,40FT,Electronics,Import,10.26,No
CONT09514,Reefer,20FT,Textiles,Export,24.18,No
CONT09515,Open Top,45FT,Electronics,Import,8.4,Yes
CONT09516,Tank,40FT,Textiles,Export,27.32,No
CONT09517,Dry,20FT,Electronics,Import,26.11,No
CONT09518,Reefer,45FT,Textiles,Export,13.01,No
CONT09519,Open Top,40FT,Electronics,Import,11.63,No
CONT09520,Tank,20FT,Textiles,Export,7.44,Yes
CONT09521,Dry,45FT,Electronics,Import,26.91,No
CONT09522,Reefer,40FT,Textiles,Export,19.69,No
CONT09523,Open Top,20FT,Electronics,Import,4.79,No
CONT09524,Tank,45FT,Textiles,Export,16.77,No
CONT09525,Dry,40FT,Electronics,Import,6.14,Yes
CONT09526,Reefer,20FT,Textiles,Export,18.34,No
CONT09527,Open Top,45FT,Electronics,Import,16.72,No
CONT09528,Tank,40FT,Textiles,Export,6.07,No
CONT09529,Dry,20FT,Electronics,Import,24.4,No
CONT09530,Reefer,45FT,Textiles,Export,10.56,Yes
CONT09531,Open Top,40FT,Electronics,Import,17.54,No
CONT09532,Tank,20FT,Textiles,Export,19.98,No
CONT09533,Dry,45FT,Electronics,Import,28.06,No
CONT09534,Reefer,40FT,Textiles,Export,16.35,No
CONT09535,Open Top,20FT,Electronics,Import,26.93,Yes
CONT09536,Tank,45FT,Textiles,Export,12.87,No
CONT09537,Dry,40FT,Electronics,Import,25.44,No
CONT09538,Reefer,20FT,Textiles,Export,9.9,No
CONT09539,Open Top,45FT,Electronics,Import,21.69,No
CONT09540,Tank,40FT,Textiles,Export,6.22,Yes
CONT09541,Dry,20FT,Electronics,Import,28.65,No
CONT09542,Reefer,45FT,Textiles,Export,27.85,No
CONT09543,Open Top,40FT,Electronics,Import,15.06,No
CONT09544,Tank,20FT,Textiles,Export,17.1,No
CONT09545,Dry,45FT,Electronics,Import,18.94,Yes
CONT09546,Reefer,40FT,Textiles,Export,10.88,No
CONT09547,Open Top,20FT,Electronics,Import,20.86,No
CONT09548,Tank,45FT,Textiles,Export,21.46,No
CONT09549,Dry,40FT,Electronics,Import,17.13,No
CONT09550,Reefer,20FT,Textiles,Export,7.69,Yes
CONT09551,Open Top,45FT,Electronics,Import,26.98,No
CONT09552,Tank,40FT,Textiles,Export,6.88,No
CONT09553,Dry,20FT,Electronics,Import,19.73,No
CONT09554,Reefer,45FT,Textiles,Export,6.58,No
CONT09555,Open Top,40FT,Electronics,Import,7.65,Yes
CONT09556,Tank,20FT,Textiles,Export,4.51,No
CONT09557,Dry,45FT,Electronics,Import,13.08,No
CONT09558,Reefer,40FT,Textiles,Export,19.99,No
CONT09559,Open Top,20FT,Electronics,Import,17.04,No
CONT09560,Tank,45FT,Textiles,Export,20.86,Yes
CONT09561,Dry,40FT,Electronics,Import,20.88,No
CONT09562,Reefer,20FT,Textiles,Export,7.5,No
CONT09563,Open Top,45FT,Electronics,Import,5.43,No
CONT09564,Tank,40FT,Textiles,Export,19.63,No
CONT09565,Dry,20FT,Electronics,Import,20.33,Yes
CONT09566,Reefer,45FT,Textiles,Export,17.92,No
CONT09567,Open Top,40FT,Electronics,Import,10.14,No
CONT09568,Tank,20FT,Textiles,Export,24.27,No
CONT09569,Dry,45FT,Electronics,Import,5.89,No
CONT09570,Reefer,40FT,Textiles,Export,19.81,Yes
CONT09571,Open Top,20FT,Electronics,Import,7.01,No
CONT09572,Tank,45FT,Textiles,Export,20.36,No
CONT09573,Dry,40FT,Electronics,Import,14.44,No
CONT09574,Reefer,20FT,Textiles,Export,21.95,No
CONT09575,Open Top,45FT,Electronics,Import,5.3,Yes
CONT09576,Tank,40FT,Textiles,Export,17.88,No
CONT09577,Dry,20FT,Electronics,Import,7.62,No
CONT09578,Reefer,45FT,Textiles,Export,21.06,No
CONT09579,Open Top,40FT,Electronics,Import,7.0,No
CONT09580,Tank,20FT,Textiles,Export,5.84,Yes
CONT09581,Dry,45FT,Electronics,Import,21.83,No
CONT09582,Reefer,40FT,Textiles,Export,5.59,No
CONT09583,Open Top,20FT,Electronics,Import,9.61,No
CONT09584,Tank,45FT,Textiles,Export,24.62,No
CONT09585,Dry,40FT,Electronics,Import,24.24,Yes
CONT09586,Reefer,20FT,Textiles,Export,25.35,No
CONT09587,Open Top,45FT,Electronics,Import,12.15,No
CONT09588,Tank,40FT,Textiles,Export,17.2,No
CONT09589,Dry,20FT,Electronics,Import,23.33,No
CONT09590,Reefer,45FT,Textiles,Export,7.42,Yes
CONT09591,Open Top,40FT,Electronics,Import,22.11,No
CONT09592,Tank,20FT,Textiles,Export,6.44,No
CONT09593,Dry,45FT,Electronics,Import,26.83,No
CONT09594,Reefer,40FT,Textiles,Export,19.93,No
CONT09595,Open Top,20FT,Electronics,Import,16.33,Yes
CONT09596,Tank,45FT,Textiles,Export,16.12,No
CONT09597,Dry,40FT,Electronics,Import,8.53,No
CONT09598,Reefer,20FT,Textiles,Export,12.65,No
CONT09599,Open Top,45FT,Electronics,Import,22.18,No
CONT09600,Tank,40FT,Textiles,Export,17.52,Yes
CONT09601,Dry,20FT,Electronics,Import,17.23,No
CONT09602,Reefer,45FT,Textiles,Export,8.88,No
CONT09603,Open Top,40FT,Electronics,Import,21.26,No
CONT09604,Tank,20FT,Textiles,Export,13.8,No
CONT09605,Dry,45FT,Electronics,Import,8.57,Yes
CONT09606,Reefer,40FT,Textiles,Export,27.59,No
CONT09607,Open Top,20FT,Electronics,Import,16.67,No
CONT09608,Tank,45FT,Textiles,Export,17.2,No
CONT09609,Dry,40FT,Electronics,Import,28.53,No
CONT09610,Reefer,20FT,Textiles,Export,13.16,Yes
CONT09611,Open Top,45FT,Electronics,Import,27.58,No
CONT09612,Tank,40FT,Textiles,Export,21.37,No
CONT09613,Dry,20FT,Electronics,Import,19.83,No
CONT09614,Reefer,45FT,Textiles,Export,9.86,No
CONT09615,Open Top,40FT,Electronics,Import,5.29,Yes
CONT09616,Tank,20FT,Textiles,Export,14.94,No
CONT09617,Dry,45FT,Electronics,Import,4.25,No
CONT09618,Reefer,40FT,Textiles,Export,5.78,No
CONT09619,Open Top,20FT,Electronics,Import,18.88,No
CONT09620,Tank,45FT,Textiles,Export,22.11,Yes
CONT09621,Dry,40FT,Electronics,Import,8.2,No
CONT09622,Reefer,20FT,Textiles,Export,22.31,No
CONT09623,Open Top,45FT,Electronics,Import,27.74,No
CONT09624,Tank,40FT,Textiles,Export,22.58,No
CONT09625,Dry,20FT,Electronics,Import,23.62,Yes
CONT09626,Reefer,45FT,Textiles,Export,21.52,No
CONT09627,Open Top,40FT,Electronics,Import,9.62,No
CONT09628,Tank,20FT,Textiles,Export,13.02,No
CONT09629,Dry,45FT,Electronics,Import,27.73,No
CONT09630,Reefer,40FT,Textiles,Export,20.53,Yes
CONT09631,Open Top,20FT,Electronics,Import,23.73,No
CONT09632,Tank,45FT,Textiles,Export,28.22,No
CONT09633,Dry,40FT,Electronics,Import,9.79,No
CONT09634,Reefer,20FT,Textiles,Export,12.04,No
CONT09635,Open Top,45FT,Electronics,Import,20.12,Yes
CONT09636,Tank,40FT,Textiles,Export,4.61,No
CONT09637,Dry,20FT,Electronics,Import,18.28,No
CONT09638,Reefer,45FT,Textiles,Export,24.22,No
CONT09639,Open Top,40FT,Electronics,Import,19.26,No
CONT09640,Tank,20FT,Textiles,Export,11.38,Yes
CONT09641,Dry,45FT,Electronics,Import,22.1,No
CONT09642,Reefer,40FT,Textiles,Export,7.65,No
CONT09643,Open Top,20FT,Electronics,Import,26.37,No
CONT09644,Tank,45FT,Textiles,Export,6.52,No
CONT09645,Dry,40FT,Electronics,Import,25.59,Yes
CONT09646,Reefer,20FT,Textiles,Export,16.45,No
CONT09647,Open Top,45FT,Electronics,Import,14.72,No
CONT09648,Tank,40FT,Textiles,Export,16.52,No
CONT09649,Dry,20FT,Electronics,Import,9.01,No
CONT09650,Reefer,45FT,Textiles,Export,15.44,Yes
CONT09651,Open Top,40FT,Electronics,Import,25.24,No
CONT09652,Tank,20FT,Textiles,Export,24.02,No
CONT09653,Dry,45FT,Electronics,Import,8.08,No
CONT09654,Reefer,40FT,Textiles,Export,20.84,No
CONT09655,Open Top,20FT,Electronics,Import,25.42,Yes
CONT09656,Tank,45FT,Textiles,Export,24.49,No
CONT09657,Dry,40FT,Electronics,Import,14.64,No
CONT09658,Reefer,20FT,Textiles,Export,5.2,No
CONT09659,Open Top,45FT,Electronics,Import,27.28,No
CONT09660,Tank,40FT,Textiles,Export,13.9,Yes
CONT09661,Dry,20FT,Electronics,Import,13.02,No
CONT09662,Reefer,45FT,Textiles,Export,22.99,No
CONT09663,Open Top,40FT,Electronics,Import,10.6,No
CONT09664,Tank,20FT,Textiles,Export,24.87,No
CONT09665,Dry,45FT,Electronics,Import,5.9,Yes
CONT09666,Reefer,40FT,Textiles,Export,22.52,No
CONT09667,Open Top,20FT,Electronics,Import,28.14,No
CONT09668,Tank,45FT,Textiles,Export,28.89,No
CONT09669,Dry,40FT,Electronics,Import,27.1,No
CONT09670,Reefer,20FT,Textiles,Export,25.77,Yes
CONT09671,Open Top,45FT,Electronics,Import,10.97,No
CONT09672,Tank,40FT,Textiles,Export,28.17,No
CONT09673,Dry,20FT,Electronics,Import,27.2,No
CONT09674,Reefer,45FT,Textiles,Export,17.36,No
CONT09675,Open Top,40FT,Electronics,Import,14.05,Yes
CONT09676,Tank,20FT,Textiles,Export,6.73,No
CONT09677,Dry,45FT,Electronics,Import,18.77,No
CONT09678,Reefer,40FT,Textiles,Export,21.51,No
CONT09679,Open Top,20FT,Electronics,Import,14.1,No
CONT09680,Tank,45FT,Textiles,Export,14.15,Yes
CONT09681,Dry,40FT,Electronics,Import,18.33,No
CONT09682,Reefer,20FT,Textiles,Export,4.69,No
CONT09683,Open Top,45FT,Electronics,Import,27.95,No
CONT09684,Tank,40FT,Textiles,Export,11.25,No
CONT09685,Dry,20FT,Electronics,Import,7.52,Yes
CONT09686,Reefer,45FT,Textiles,Export,4.14,No
CONT09687,Open Top,40FT,Electronics,Import,25.42,No
CONT09688,Tank,20FT,Textiles,Export,25.58,No
CONT09689,Dry,45FT,Electronics,Import,6.38,No
CONT09690,Reefer,40FT,Textiles,Export,7.81,Yes
CONT09691,Open Top,20FT,Electronics,Import,15.2,No
CONT09692,Tank,45FT,Textiles,Export,8.64,No
CONT09693,Dry,40FT,Electronics,Import,22.4,No
CONT09694,Reefer,20FT,Textiles,Export,5.45,No
CONT09695,Open Top,45FT,Electronics,Import,17.74,Yes
CONT09696,Tank,40FT,Textiles,Export,13.57,No
CONT09697,Dry,20FT,Electronics,Import,15.62,No
CONT09698,Reefer,45FT,Textiles,Export,14.62,No
CONT09699,Open Top,40FT,Electronics,Import,7.83,No
CONT09700,Tank,20FT,Textiles,Export,9.51,Yes
CONT09701,Dry,45FT,Electronics,Import,5.62,No
CONT09702,Reefer,40FT,Textiles,Export,6.88,No
CONT09703,Open Top,20FT,Electronics,Import,28.45,No
CONT09704,Tank,45FT,Textiles,Export,10.99,No
CONT09705,Dry,40FT,Electronics,Import,11.68,Yes
CONT09706,Reefer,20FT,Textiles,Export,7.18,No
CONT09707,Open Top,45FT,Electronics,Import,22.88,No
CONT09708,Tank,40FT,Textiles,Export,27.1,No
CONT09709,Dry,20FT,Electronics,Import,23.74,No
CONT09710,Reefer,45FT,Textiles,Export,19.32,Yes
CONT09711,Open Top,40FT,Electronics,Import,24.33,No
CONT09712,Tank,20FT,Textiles,Export,14.11,No
CONT09713,Dry,45FT,Electronics,Import,25.49,No
CONT09714,Reefer,40FT,Textiles,Export,23.96,No
CONT09715,Open Top,20FT,Electronics,Import,4.04,Yes
CONT09716,Tank,45FT,Textiles,Export,16.19,No
CONT09717,Dry,40FT,Electronics,Import,10.62,No
CONT09718,Reefer,20FT,Textiles,Export,6.16,No
CONT09719,Open Top,45FT,Electronics,Import,25.15,No
CONT09720,Tank,40FT,Textiles,Export,4.2,Yes
CONT09721,Dry,20FT,Electronics,Import,22.25,No
CONT09722,Reefer,45FT,Textiles,Export,28.7,No
CONT09723,Open Top,40FT,Electronics,Import,16.05,No
CONT09724,Tank,20FT,Textiles,Export,13.28,No
CONT09725,Dry,45FT,Electronics,Import,19.15,Yes
CONT09726,Reefer,40FT,Textiles,Export,24.12,No
CONT09727,Open Top,20FT,Electronics,Import,10.01,No
CONT09728,Tank,45FT,Textiles,Export,10.27,No
CONT09729,Dry,40FT,Electronics,Import,19.18,No
CONT09730,Reefer,20FT,Textiles,Export,27.5,Yes
CONT09731,Open Top,45FT,Electronics,Import,11.46,No
CONT09732,Tank,40FT,Textiles,Export,13.42,No
CONT09733,Dry,20FT,Electronics,Import,28.83,No
CONT09734,Reefer,45FT,Textiles,Export,8.41,No
CONT09735,Open Top,40FT,Electronics,Import,5.92,Yes
CONT09736,Tank,20FT,Textiles,Export,18.74,No
CONT09737,Dry,45FT,Electronics,Import,4.61,No
CONT09738,Reefer,40FT,Textiles,Export,8.51,No
CONT09739,Open Top,20FT,Electronics,Import,19.56,No
CONT09740,Tank,45FT,Textiles,Export,20.49,Yes
CONT09741,Dry,40FT,Electronics,Import,16.76,No
CONT09742,Reefer,20FT,Textiles,Export,13.59,No
CONT09743,Open Top,45FT,Electronics,Import,18.4,No
CONT09744,Tank,40FT,Textiles,Export,20.08,No
CONT09745,Dry,20FT,Electronics,Import,24.09,Yes
CONT09746,Reefer,45FT,Textiles,Export,23.82,No
CONT09747,Open Top,40FT,Electronics,Import,20.62,No
CONT09748,Tank,20FT,Textiles,Export,26.36,No
CONT09749,Dry,45FT,Electronics,Import,24.95,No
CONT09750,Reefer,40FT,Textiles,Export,7.33,Yes
CONT09751,Open Top,20FT,Electronics,Import,27.92,No
CONT09752,Tank,45FT,Textiles,Export,26.29,No
CONT09753,Dry,40FT,Electronics,Import,12.02,No
CONT09754,Reefer,20FT,Textiles,Export,4.5,No
CONT09755,Open Top,45FT,Electronics,Import,19.1,Yes
CONT09756,Tank,40FT,Textiles,Export,14.96,No
CONT09757,Dry,20FT,Electronics,Import,22.74,No
CONT09758,Reefer,45FT,Textiles,Export,17.11,No
CONT09759,Open Top,40FT,Electronics,Import,5.91,No
CONT09760,Tank,20FT,Textiles,Export,10.12,Yes
CONT09761,Dry,45FT,Electronics,Import,26.06,No
CONT09762,Reefer,40FT,Textiles,Export,4.94,No
CONT09763,Open Top,20FT,Electronics,Import,22.42,No
CONT09764,Tank,45FT,Textiles,Export,11.3,No
CONT09765,Dry,40FT,Electronics,Import,15.32,Yes
CONT09766,Reefer,20FT,Textiles,Export,17.28,No
CONT09767,Open Top,45FT,Electronics,Import,10.25,No
CONT09768,Tank,40FT,Textiles,Export,20.3,No
CONT09769,Dry,20FT,Electronics,Import,21.34,No
CONT09770,Reefer,45FT,Textiles,Export,6.13,Yes
CONT09771,Open Top,40FT,Electronics,Import,13.35,No
CONT09772,Tank,20FT,Textiles,Export,22.61,No
CONT09773,Dry,45FT,Electronics,Import,22.04,No
CONT09774,Reefer,40FT,Textiles,Export,17.62,No
CONT09775,Open Top,20FT,Electronics,Import,23.44,Yes
CONT09776,Tank,45FT,Textiles,Export,6.69,No
CONT09777,Dry,40FT,Electronics,Import,6.96,No
CONT09778,Reefer,20FT,Textiles,Export,20.44,No
CONT09779,Open Top,45FT,Electronics,Import,21.33,No
CONT09780,Tank,40FT,Textiles,Export,24.36,Yes
CONT09781,Dry,20FT,Electronics,Import,8.53,No
CONT09782,Reefer,45FT,Textiles,Export,16.92,No
CONT09783,Open Top,40FT,Electronics,Import,20.52,No
CONT09784,Tank,20FT,Textiles,Export,9.59,No
CONT09785,Dry,45FT,Electronics,Import,16.92,Yes
CONT09786,Reefer,40FT,Textiles,Export,19.96,No
CONT09787,Open Top,20FT,Electronics,Import,9.36,No
CONT09788,Tank,45FT,Textiles,Export,13.39,No
CONT09789,Dry,40FT,Electronics,Import,9.41,No
CONT09790,Reefer,20FT,Textiles,Export,26.57,Yes
CONT09791,Open Top,45FT,Electronics,Import,9.92,No
CONT09792,Tank,40FT,Textiles,Export,7.02,No
CONT09793,Dry,20FT,Electronics,Import,4.88,No
CONT09794,Reefer,45FT,Textiles,Export,5.12,No
CONT09795,Open Top,40FT,Electronics,Import,8.79,Yes
CONT09796,Tank,20FT,Textiles,Export,19.21,No
CONT09797,Dry,45FT,Electronics,Import,4.44,No
CONT09798,Reefer,40FT,Textiles,Export,11.17,No
CONT09799,Open Top,20FT,Electronics,Import,5.45,No
CONT09800,Tank,45FT,Textiles,Export,14.09,Yes
CONT09801,Dry,40FT,Electronics,Import,5.21,No
CONT09802,Reefer,20FT,Textiles,Export,19.19,No
CONT09803,Open Top,45FT,Electronics,Import,21.21,No
CONT09804,Tank,40FT,Textiles,Export,22.28,No
CONT09805,Dry,20FT,Electronics,Import,9.61,Yes
CONT09806,Reefer,45FT,Textiles,Export,25.71,No
CONT09807,Open Top,40FT,Electronics,Import,21.26,No
CONT09808,Tank,20FT,Textiles,Export,5.42,No
CONT09809,Dry,45FT,Electronics,Import,15.02,No
CONT09810,Reefer,40FT,Textiles,Export,23.19,Yes
CONT09811,Open Top,20FT,Electronics,Import,11.77,No
CONT09812,Tank,45FT,Textiles,Export,13.54,No
CONT09813,Dry,40FT,Electronics,Import,19.74,No
CONT09814,Reefer,20FT,Textiles,Export,5.39,No
CONT09815,Open Top,45FT,Electronics,Import,28.17,Yes
CONT09816,Tank,40FT,Textiles,Export,8.36,No
CONT09817,Dry,20FT,Electronics,Import,4.67,No
CONT09818,Reefer,45FT,Textiles,Export,4.13,No
CONT09819,Open Top,40FT,Electronics,Import,13.99,No
CONT09820,Tank,20FT,Textiles,Export,26.11,Yes
CONT09821,Dry,45FT,Electronics,Import,24.49,No
CONT09822,Reefer,40FT,Textiles,Export,26.8,No
CONT09823,Open Top,20FT,Electronics,Import,17.34,No
CONT09824,Tank,45FT,Textiles,Export,15.22,No
CONT09825,Dry,40FT,Electronics,Import,13.65,Yes
CONT09826,Reefer,20FT,Textiles,Export,5.16,No
CONT09827,Open Top,45FT,Electronics,Import,26.74,No
CONT09828,Tank,40FT,Textiles,Export,16.4,No
CONT09829,Dry,20FT,Electronics,Import,15.38,No
CONT09830,Reefer,45FT,Textiles,Export,16.88,Yes
CONT09831,Open Top,40FT,Electronics,Import,23.85,No
CONT09832,Tank,20FT,Textiles,Export,9.61,No
CONT09833,Dry,45FT,Electronics,Import,21.75,No
CONT09834,Reefer,40FT,Textiles,Export,21.77,No
CONT09835,Open Top,20FT,Electronics,Import,25.24,Yes
CONT09836,Tank,45FT,Textiles,Export,4.22,No
CONT09837,Dry,40FT,Electronics,Import,8.26,No
CONT09838,Reefer,20FT,Textiles,Export,15.78,No
CONT09839,Open Top,45FT,Electronics,Import,25.26,No
CONT09840,Tank,40FT,Textiles,Export,28.13,Yes
CONT09841,Dry,20FT,Electronics,Import,18.87,No
CONT09842,Reefer,45FT,Textiles,Export,9.3,No
CONT09843,Open Top,40FT,Electronics,Import,8.61,No
CONT09844,Tank,20FT,Textiles,Export,19.99,No
CONT09845,Dry,45FT,Electronics,Import,9.25,Yes
CONT09846,Reefer,40FT,Textiles,Export,17.83,No
CONT09847,Open Top,20FT,Electronics,Import,24.87,No
CONT09848,Tank,45FT,Textiles,Export,13.75,No
CONT09849,Dry,40FT,Electronics,Import,13.46,No
CONT09850,Reefer,20FT,Textiles,Export,4.9,Yes
CONT09851,Open Top,45FT,Electronics,Import,10.35,No
CONT09852,Tank,40FT,Textiles,Export,21.45,No
CONT09853,Dry,20FT,Electronics,Import,13.01,No
CONT09854,Reefer,45FT,Textiles,Export,7.96,No
CONT09855,Open Top,40FT,Electronics,Import,6.64,Yes
CONT09856,Tank,20FT,Textiles,Export,6.38,No
CONT09857,Dry,45FT,Electronics,Import,20.48,No
CONT09858,Reefer,40FT,Textiles,Export,19.32,No
CONT09859,Open Top,20FT,Electronics,Import,16.96,No
CONT09860,Tank,45FT,Textiles,Export,16.51,Yes
CONT09861,Dry,40FT,Electronics,Import,7.83,No
CONT09862,Reefer,20FT,Textiles,Export,16.52,No
CONT09863,Open Top,45FT,Electronics,Import,5.5,No
CONT09864,Tank,40FT,Textiles,Export,27.15,No
CONT09865,Dry,20FT,Electronics,Import,5.45,Yes
CONT09866,Reefer,45FT,Textiles,Export,14.59,No
CONT09867,Open Top,40FT,Electronics,Import,4.01,No
CONT09868,Tank,20FT,Textiles,Export,23.65,No
CONT09869,Dry,45FT,Electronics,Import,8.15,No
CONT09870,Reefer,40FT,Textiles,Export,27.12,Yes
CONT09871,Open Top,20FT,Electronics,Import,5.1,No
CONT09872,Tank,45FT,Textiles,Export,24.52,No
CONT09873,Dry,40FT,Electronics,Import,20.42,No
CONT09874,Reefer,20FT,Textiles,Export,10.24,No
CONT09875,Open Top,45FT,Electronics,Import,9.06,Yes
CONT09876,Tank,40FT,Textiles,Export,12.94,No
CONT09877,Dry,20FT,Electronics,Import,24.71,No
CONT09878,Reefer,45FT,Textiles,Export,25.55,No
CONT09879,Open Top,40FT,Electronics,Import,8.38,No
CONT09880,Tank,20FT,Textiles,Export,12.84,Yes
CONT09881,Dry,45FT,Electronics,Import,9.94,No
CONT09882,Reefer,40FT,Textiles,Export,7.07,No
CONT09883,Open Top,20FT,Electronics,Import,20.16,No
CONT09884,Tank,45FT,Textiles,Export,12.65,No
CONT09885,Dry,40FT,Electronics,Import,9.63,Yes
CONT09886,Reefer,20FT,Textiles,Export,25.65,No
CONT09887,Open Top,45FT,Electronics,Import,22.71,No
CONT09888,Tank,40FT,Textiles,Export,23.34,No
CONT09889,Dry,20FT,Electronics,Import,4.98,No
CONT09890,Reefer,45FT,Textiles,Export,26.88,Yes
CONT09891,Open Top,40FT,Electronics,Import,18.37,No
CONT09892,Tank,20FT,Textiles,Export,16.6,No
CONT09893,Dry,45FT,Electronics,Import,4.26,No
CONT09894,Reefer,40FT,Textiles,Export,26.44,No
CONT09895,Open Top,20FT,Electronics,Import,17.6,Yes
CONT09896,Tank,45FT,Textiles,Export,24.63,No
CONT09897,Dry,40FT,Electronics,Import,20.39,No
CONT09898,Reefer,20FT,Textiles,Export,23.92,No
CONT09899,Open Top,45FT,Electronics,Import,21.32,No
CONT09900,Tank,40FT,Textiles,Export,27.02,Yes
CONT09901,Dry,20FT,Electronics,Import,9.64,No
CONT09902,Reefer,45FT,Textiles,Export,9.05,No
CONT09903,Open Top,40FT,Electronics,Import,21.81,No
CONT09904,Tank,20FT,Textiles,Export,16.53,No
CONT09905,Dry,45FT,Electronics,Import,18.98,Yes
CONT09906,Reefer,40FT,Textiles,Export,21.71,No
CONT09907,Open Top,20FT,Electronics,Import,17.69,No
CONT09908,Tank,45FT,Textiles,Export,23.69,No
CONT09909,Dry,40FT,Electronics,Import,11.97,No
CONT09910,Reefer,20FT,Textiles,Export,25.47,Yes
CONT09911,Open Top,45FT,Electronics,Import,6.69,No
CONT09912,Tank,40FT,Textiles,Export,19.85,No
CONT09913,Dry,20FT,Electronics,Import,26.25,No
CONT09914,Reefer,45FT,Textiles,Export,10.32,No
CONT09915,Open Top,40FT,Electronics,Import,12.17,Yes
CONT09916,Tank,20FT,Textiles,Export,11.64,No
CONT09917,Dry,45FT,Electronics,Import,18.11,No
CONT09918,Reefer,40FT,Textiles,Export,14.32,No
CONT09919,Open Top,20FT,Electronics,Import,6.7,No
CONT09920,Tank,45FT,Textiles,Export,26.28,Yes
CONT09921,Dry,40FT,Electronics,Import,9.12,No
CONT09922,Reefer,20FT,Textiles,Export,17.35,No
CONT09923,Open Top,45FT,Electronics,Import,18.87,No
CONT09924,Tank,40FT,Textiles,Export,5.02,No
CONT09925,Dry,20FT,Electronics,Import,6.39,Yes
CONT09926,Reefer,45FT,Textiles,Export,28.29,No
CONT09927,Open Top,40FT,Electronics,Import,20.61,No
CONT09928,Tank,20FT,Textiles,Export,4.84,No
CONT09929,Dry,45FT,Electronics,Import,23.85,No
CONT09930,Reefer,40FT,Textiles,Export,16.71,Yes
CONT09931,Open Top,20FT,Electronics,Import,5.88,No
CONT09932,Tank,45FT,Textiles,Export,21.02,No
CONT09933,Dry,40FT,Electronics,Import,16.48,No
CONT09934,Reefer,20FT,Textiles,Export,9.12,No
CONT09935,Open Top,45FT,Electronics,Import,25.94,Yes
CONT09936,Tank,40FT,Textiles,Export,11.28,No
CONT09937,Dry,20FT,Electronics,Import,11.11,No
CONT09938,Reefer,45FT,Textiles,Export,10.82,No
CONT09939,Open Top,40FT,Electronics,Import,23.19,No
CONT09940,Tank,20FT,Textiles,Export,21.65,Yes
CONT09941,Dry,45FT,Electronics,Import,26.58,No
CONT09942,Reefer,40FT,Textiles,Export,9.73,No
CONT09943,Open Top,20FT,Electronics,Import,23.66,No
CONT09944,Tank,45FT,Textiles,Export,18.33,No
CONT09945,Dry,40FT,Electronics,Import,11.72,Yes
CONT09946,Reefer,20FT,Textiles,Export,4.89,No
CONT09947,Open Top,45FT,Electronics,Import,24.47,No
CONT09948,Tank,40FT,Textiles,Export,10.03,No
CONT09949,Dry,20FT,Electronics,Import,19.79,No
CONT09950,Reefer,45FT,Textiles,Export,17.72,Yes
CONT09951,Open Top,40FT,Electronics,Import,4.11,No
CONT09952,Tank,20FT,Textiles,Export,28.86,No
CONT09953,Dry,45FT,Electronics,Import,24.36,No
CONT09954,Reefer,40FT,Textiles,Export,16.16,No
CONT09955,Open Top,20FT,Electronics,Import,21.01,Yes
CONT09956,Tank,45FT,Textiles,Export,15.91,No
CONT09957,Dry,40FT,Electronics,Import,22.61,No
CONT09958,Reefer,20FT,Textiles,Export,7.36,No
CONT09959,Open Top,45FT,Electronics,Import,15.16,No
CONT09960,Tank,40FT,Textiles,Export,12.39,Yes
CONT09961,Dry,20FT,Electronics,Import,15.49,No
CONT09962,Reefer,45FT,Textiles,Export,15.26,No
CONT09963,Open Top,40FT,Electronics,Import,7.58,No
CONT09964,Tank,20FT,Textiles,Export,28.41,No
CONT09965,Dry,45FT,Electronics,Import,4.39,Yes
CONT09966,Reefer,40FT,Textiles,Export,4.25,No
CONT09967,Open Top,20FT,Electronics,Import,13.34,No
CONT09968,Tank,45FT,Textiles,Export,19.51,No
CONT09969,Dry,40FT,Electronics,Import,8.49,No
CONT09970,Reefer,20FT,Textiles,Export,17.33,Yes
CONT09971,Open Top,45FT,Electronics,Import,22.07,No
CONT09972,Tank,40FT,Textiles,Export,6.35,No
CONT09973,Dry,20FT,Electronics,Import,28.61,No
CONT09974,Reefer,45FT,Textiles,Export,12.42,No
CONT09975,Open Top,40FT,Electronics,Import,20.06,Yes
CONT09976,Tank,20FT,Textiles,Export,6.77,No
CONT09977,Dry,45FT,Electronics,Import,21.74,No
CONT09978,Reefer,40FT,Textiles,Export,25.01,No
CONT09979,Open Top,20FT,Electronics,Import,6.63,No
CONT09980,Tank,45FT,Textiles,Export,7.15,Yes
CONT09981,Dry,40FT,Electronics,Import,11.03,No
CONT09982,Reefer,20FT,Textiles,Export,4.3,No
CONT09983,Open Top,45FT,Electronics,Import,28.65,No
CONT09984,Tank,40FT,Textiles,Export,18.96,No
CONT09985,Dry,20FT,Electronics,Import,19.19,Yes
CONT09986,Reefer,45FT,Textiles,Export,27.97,No
CONT09987,Open Top,40FT,Electronics,Import,24.8,No
CONT09988,Tank,20FT,Textiles,Export,24.36,No
CONT09989,Dry,45FT,Electronics,Import,12.49,No
CONT09990,Reefer,40FT,Textiles,Export,12.37,Yes
CONT09991,Open Top,20FT,Electronics,Import,11.29,No
CONT09992,Tank,45FT,Textiles,Export,12.67,No
CONT09993,Dry,40FT,Electronics,Import,13.24,No
CONT09994,Reefer,20FT,Textiles,Export,7.5,No
CONT09995,Open Top,45FT,Electronics,Import,12.9,Yes
CONT09996,Tank,40FT,Textiles,Export,15.17,No
CONT09997,Dry,20FT,Electronics,Import,11.73,No
CONT09998,Reefer,45FT,Textiles,Export,8.13,No
CONT09999,Open Top,40FT,Electronics,Import,13.34,No
CONT10000,Tank,20FT,Textiles,Export,16.02,Yes
