Ship_Record_ID,Ship_ID,Ship_Name,Shipping_Line,Ship_Type,TEU_Capacity,Flag
SR00001,SHP00001,Vessel-00001,Maersk,Panamax,3000,India
SR00002,SHP00002,Vessel-00002,MSC,Post-Panamax,4500,Singapore
SR00003,SHP00003,Vessel-00003,CMA CGM,Ultra Large Container Vessel,6500,Liberia
SR00004,SHP00004,Vessel-00004,Hapag-Lloyd,Panamax,8500,Panama
SR00005,SHP00005,Vessel-00005,Evergreen,Post-Panamax,12000,Malta
SR00006,SHP00006,Vessel-00006,ONE,Ultra Large Container Vessel,3000,India
SR00007,SHP00007,Vessel-00007,Maersk,Panamax,4500,Singapore
SR00008,SHP00008,Vessel-00008,MSC,Post-Panamax,6500,Liberia
SR00009,SHP00009,Vessel-00009,CMA CGM,Ultra Large Container Vessel,8500,Panama
SR00010,SHP00010,Vessel-00010,Hapag-Lloyd,Panamax,12000,Malta
SR00011,SHP00011,Vessel-00011,Evergreen,Post-Panamax,3000,India
SR00012,SHP00012,Vessel-00012,ONE,Ultra Large Container Vessel,4500,Singapore
SR00013,SHP00013,Vessel-00013,Maersk,Panamax,6500,Liberia
SR00014,SHP00014,Vessel-00014,MSC,Post-Panamax,8500,Panama
SR00015,SHP00015,Vessel-00015,CMA CGM,Ultra Large Container Vessel,12000,Malta
SR00016,SHP00016,Vessel-00016,Hapag-Lloyd,Panamax,3000,India
SR00017,SHP00017,Vessel-00017,Evergreen,Post-Panamax,4500,Singapore
SR00018,SHP00018,Vessel-00018,ONE,Ultra Large Container Vessel,6500,Liberia
SR00019,SHP00019,Vessel-00019,Maersk,Panamax,8500,Panama
SR00020,SHP00020,Vessel-00020,MSC,Post-Panamax,12000,Malta
SR00021,SHP00021,Vessel-00021,CMA CGM,Ultra Large Container Vessel,3000,India
SR00022,SHP00022,Vessel-00022,Hapag-Lloyd,Panamax,4500,Singapore
SR00023,SHP00023,Vessel-00023,Evergreen,Post-Panamax,6500,Liberia
SR00024,SHP00024,Vessel-00024,ONE,Ultra Large Container Vessel,8500,Panama
SR00025,SHP00025,Vessel-00025,Maersk,Panamax,12000,Malta
SR00026,SHP00026,Vessel-00026,MSC,Post-Panamax,3000,India
SR00027,SHP00027,Vessel-00027,CMA CGM,Ultra Large Container Vessel,4500,Singapore
SR00028,SHP00028,Vessel-00028,Hapag-Lloyd,Panamax,6500,Liberia
SR00029,SHP00029,Vessel-00029,Evergreen,Post-Panamax,8500,Panama
SR00030,SHP00030,Vessel-00030,ONE,Ultra Large Container Vessel,12000,Malta
SR00031,SHP00031,Vessel-00031,Maersk,Panamax,3000,India
SR00032,SHP00032,Vessel-00032,MSC,Post-Panamax,4500,Singapore
SR00033,SHP00033,Vessel-00033,CMA CGM,Ultra Large Container Vessel,6500,Liberia
SR00034,SHP00034,Vessel-00034,Hapag-Lloyd,Panamax,8500,Panama
SR00035,SHP00035,Vessel-00035,Evergreen,Post-Panamax,12000,Malta
SR00036,SHP00036,Vessel-00036,ONE,Ultra Large Container Vessel,3000,India
SR00037,SHP00037,Vessel-00037,Maersk,Panamax,4500,Singapore
SR00038,SHP00038,Vessel-00038,MSC,Post-Panamax,6500,Liberia
SR00039,SHP00039,Vessel-00039,CMA CGM,Ultra Large Container Vessel,8500,Panama
SR00040,SHP00040,Vessel-00040,Hapag-Lloyd,Panamax,12000,Malta
SR00041,SHP00041,Vessel-00041,Evergreen,Post-Panamax,3000,India
SR00042,SHP00042,Vessel-00042,ONE,Ultra Large Container Vessel,4500,Singapore
SR00043,SHP00043,Vessel-00043,Maersk,Panamax,6500,Liberia
SR00044,SHP00044,Vessel-00044,MSC,Post-Panamax,8500,Panama
SR00045,SHP00045,Vessel-00045,CMA CGM,Ultra Large Container Vessel,12000,Malta
SR00046,SHP00046,Vessel-00046,Hapag-Lloyd,Panamax,3000,India
SR00047,SHP00047,Vessel-00047,Evergreen,Post-Panamax,4500,Singapore
SR00048,SHP00048,Vessel-00048,ONE,Ultra Large Container Vessel,6500,Liberia
SR00049,SHP00049,Vessel-00049,Maersk,Panamax,8500,Panama
SR00050,SHP00050,Vessel-00050,MSC,Post-Panamax,12000,Malta
SR00051,SHP00051,Vessel-00051,CMA CGM,Ultra Large Container Vessel,3000,India
SR00052,SHP00052,Vessel-00052,Hapag-Lloyd,Panamax,4500,Singapore
SR00053,SHP00053,Vessel-00053,Evergreen,Post-Panamax,6500,Liberia
SR00054,SHP00054,Vessel-00054,ONE,Ultra Large Container Vessel,8500,Panama
SR00055,SHP00055,Vessel-00055,Maersk,Panamax,12000,Malta
SR00056,SHP00056,Vessel-00056,MSC,Post-Panamax,3000,India
SR00057,SHP00057,Vessel-00057,CMA CGM,Ultra Large Container Vessel,4500,Singapore
SR00058,SHP00058,Vessel-00058,Hapag-Lloyd,Panamax,6500,Liberia
SR00059,SHP00059,Vessel-00059,Evergreen,Post-Panamax,8500,Panama
SR00060,SHP00060,Vessel-00060,ONE,Ultra Large Container Vessel,12000,Malta
SR00061,SHP00061,Vessel-00061,Maersk,Panamax,3000,India
SR00062,SHP00062,Vessel-00062,MSC,Post-Panamax,4500,Singapore
SR00063,SHP00063,Vessel-00063,CMA CGM,Ultra Large Container Vessel,6500,Liberia
SR00064,SHP00064,Vessel-00064,Hapag-Lloyd,Panamax,8500,Panama
SR00065,SHP00065,Vessel-00065,Evergreen,Post-Panamax,12000,Malta
SR00066,SHP00066,Vessel-00066,ONE,Ultra Large Container Vessel,3000,India
SR00067,SHP00067,Vessel-00067,Maersk,Panamax,4500,Singapore
SR00068,SHP00068,Vessel-00068,MSC,Post-Panamax,6500,Liberia
SR00069,SHP00069,Vessel-00069,CMA CGM,Ultra Large Container Vessel,8500,Panama
SR00070,SHP00070,Vessel-00070,Hapag-Lloyd,Panamax,12000,Malta
SR00071,SHP00071,Vessel-00071,Evergreen,Post-Panamax,3000,India
SR00072,SHP00072,Vessel-00072,ONE,Ultra Large Container Vessel,4500,Singapore
SR00073,SHP00073,Vessel-00073,Maersk,Panamax,6500,Liberia
SR00074,SHP00074,Vessel-00074,MSC,Post-Panamax,8500,Panama
SR00075,SHP00075,Vessel-00075,CMA CGM,Ultra Large Container Vessel,12000,Malta
SR00076,SHP00076,Vessel-00076,Hapag-Lloyd,Panamax,3000,India
SR00077,SHP00077,Vessel-00077,Evergreen,Post-Panamax,4500,Singapore
SR00078,SHP00078,Vessel-00078,ONE,Ultra Large Container Vessel,6500,Liberia
SR00079,SHP00079,Vessel-00079,Maersk,Panamax,8500,Panama
SR00080,SHP00080,Vessel-00080,MSC,Post-Panamax,12000,Malta
SR00081,SHP00081,Vessel-00081,CMA CGM,Ultra Large Container Vessel,3000,India
SR00082,SHP00082,Vessel-00082,Hapag-Lloyd,Panamax,4500,Singapore
SR00083,SHP00083,Vessel-00083,Evergreen,Post-Panamax,6500,Liberia
SR00084,SHP00084,Vessel-00084,ONE,Ultra Large Container Vessel,8500,Panama
SR00085,SHP00085,Vessel-00085,Maersk,Panamax,12000,Malta
SR00086,SHP00086,Vessel-00086,MSC,Post-Panamax,3000,India
SR00087,SHP00087,Vessel-00087,CMA CGM,Ultra Large Container Vessel,4500,Singapore
SR00088,SHP00088,Vessel-00088,Hapag-Lloyd,Panamax,6500,Liberia
SR00089,SHP00089,Vessel-00089,Evergreen,Post-Panamax,8500,Panama
SR00090,SHP00090,Vessel-00090,ONE,Ultra Large Container Vessel,12000,Malta
SR00091,SHP00091,Vessel-00091,Maersk,Panamax,3000,India
SR00092,SHP00092,Vessel-00092,MSC,Post-Panamax,4500,Singapore
SR00093,SHP00093,Vessel-00093,CMA CGM,Ultra Large Container Vessel,6500,Liberia
SR00094,SHP00094,Vessel-00094,Hapag-Lloyd,Panamax,8500,Panama
SR00095,SHP00095,Vessel-00095,Evergreen,Post-Panamax,12000,Malta
SR00096,SHP00096,Vessel-00096,ONE,Ultra Large Container Vessel,3000,India
SR00097,SHP00097,Vessel-00097,Maersk,Panamax,4500,Singapore
SR00098,SHP00098,Vessel-00098,MSC,Post-Panamax,6500,Liberia
SR00099,SHP00099,Vessel-00099,CMA CGM,Ultra Large Container Vessel,8500,Panama
SR00100,SHP00100,Vessel-00100,Hapag-Lloyd,Panamax,12000,Malta
SR00101,SHP00101,Vessel-00101,Evergreen,Post-Panamax,3000,India
SR00102,SHP00102,Vessel-00102,ONE,Ultra Large Container Vessel,4500,Singapore
SR00103,SHP00103,Vessel-00103,Maersk,Panamax,6500,Liberia
SR00104,SHP00104,Vessel-00104,MSC,Post-Panamax,8500,Panama
SR00105,SHP00105,Vessel-00105,CMA CGM,Ultra Large Container Vessel,12000,Malta
SR00106,SHP00106,Vessel-00106,Hapag-Lloyd,Panamax,3000,India
SR00107,SHP00107,Vessel-00107,Evergreen,Post-Panamax,4500,Singapore
SR00108,SHP00108,Vessel-00108,ONE,Ultra Large Container Vessel,6500,Liberia
SR00109,SHP00109,Vessel-00109,Maersk,Panamax,8500,Panama
SR00110,SHP00110,Vessel-00110,MSC,Post-Panamax,12000,Malta
SR00111,SHP00111,Vessel-00111,CMA CGM,Ultra Large Container Vessel,3000,India
SR00112,SHP00112,Vessel-00112,Hapag-Lloyd,Panamax,4500,Singapore
SR00113,SHP00113,Vessel-00113,Evergreen,Post-Panamax,6500,Liberia
SR00114,SHP00114,Vessel-00114,ONE,Ultra Large Container Vessel,8500,Panama
SR00115,SHP00115,Vessel-00115,Maersk,Panamax,12000,Malta
SR00116,SHP00116,Vessel-00116,MSC,Post-Panamax,3000,India
SR00117,SHP00117,Vessel-00117,CMA CGM,Ultra Large Container Vessel,4500,Singapore
SR00118,SHP00118,Vessel-00118,Hapag-Lloyd,Panamax,6500,Liberia
SR00119,SHP00119,Vessel-00119,Evergreen,Post-Panamax,8500,Panama
SR00120,SHP00120,Vessel-00120,ONE,Ultra Large Container Vessel,12000,Malta
SR00121,SHP00121,Vessel-00121,Maersk,Panamax,3000,India
SR00122,SHP00122,Vessel-00122,MSC,Post-Panamax,4500,Singapore
SR00123,SHP00123,Vessel-00123,CMA CGM,Ultra Large Container Vessel,6500,Liberia
SR00124,SHP00124,Vessel-00124,Hapag-Lloyd,Panamax,8500,Panama
SR00125,SHP00125,Vessel-00125,Evergreen,Post-Panamax,12000,Malta
SR00126,SHP00126,Vessel-00126,ONE,Ultra Large Container Vessel,3000,India
SR00127,SHP00127,Vessel-00127,Maersk,Panamax,4500,Singapore
SR00128,SHP00128,Vessel-00128,MSC,Post-Panamax,6500,Liberia
SR00129,SHP00129,Vessel-00129,CMA CGM,Ultra Large Container Vessel,8500,Panama
SR00130,SHP00130,Vessel-00130,Hapag-Lloyd,Panamax,12000,Malta
SR00131,SHP00131,Vessel-00131,Evergreen,Post-Panamax,3000,India
SR00132,SHP00132,Vessel-00132,ONE,Ultra Large Container Vessel,4500,Singapore
SR00133,SHP00133,Vessel-00133,Maersk,Panamax,6500,Liberia
SR00134,SHP00134,Vessel-00134,MSC,Post-Panamax,8500,Panama
SR00135,SHP00135,Vessel-00135,CMA CGM,Ultra Large Container Vessel,12000,Malta
SR00136,SHP00136,Vessel-00136,Hapag-Lloyd,Panamax,3000,India
SR00137,SHP00137,Vessel-00137,Evergreen,Post-Panamax,4500,Singapore
SR00138,SHP00138,Vessel-00138,ONE,Ultra Large Container Vessel,6500,Liberia
SR00139,SHP00139,Vessel-00139,Maersk,Panamax,8500,Panama
SR00140,SHP00140,Vessel-00140,MSC,Post-Panamax,12000,Malta
SR00141,SHP00141,Vessel-00141,CMA CGM,Ultra Large Container Vessel,3000,India
SR00142,SHP00142,Vessel-00142,Hapag-Lloyd,Panamax,4500,Singapore
SR00143,SHP00143,Vessel-00143,Evergreen,Post-Panamax,6500,Liberia
SR00144,SHP00144,Vessel-00144,ONE,Ultra Large Container Vessel,8500,Panama
SR00145,SHP00145,Vessel-00145,Maersk,Panamax,12000,Malta
SR00146,SHP00146,Vessel-00146,MSC,Post-Panamax,3000,India
SR00147,SHP00147,Vessel-00147,CMA CGM,Ultra Large Container Vessel,4500,Singapore
SR00148,SHP00148,Vessel-00148,Hapag-Lloyd,Panamax,6500,Liberia
SR00149,SHP00149,Vessel-00149,Evergreen,Post-Panamax,8500,Panama
SR00150,SHP00150,Vessel-00150,ONE,Ultra Large Container Vessel,12000,Malta
SR00151,SHP00151,Vessel-00151,Maersk,Panamax,3000,India
SR00152,SHP00152,Vessel-00152,MSC,Post-Panamax,4500,Singapore
SR00153,SHP00153,Vessel-00153,CMA CGM,Ultra Large Container Vessel,6500,Liberia
SR00154,SHP00154,Vessel-00154,Hapag-Lloyd,Panamax,8500,Panama
SR00155,SHP00155,Vessel-00155,Evergreen,Post-Panamax,12000,Malta
SR00156,SHP00156,Vessel-00156,ONE,Ultra Large Container Vessel,3000,India
SR00157,SHP00157,Vessel-00157,Maersk,Panamax,4500,Singapore
SR00158,SHP00158,Vessel-00158,MSC,Post-Panamax,6500,Liberia
SR00159,SHP00159,Vessel-00159,CMA CGM,Ultra Large Container Vessel,8500,Panama
SR00160,SHP00160,Vessel-00160,Hapag-Lloyd,Panamax,12000,Malta
SR00161,SHP00161,Vessel-00161,Evergreen,Post-Panamax,3000,India
SR00162,SHP00162,Vessel-00162,ONE,Ultra Large Container Vessel,4500,Singapore
SR00163,SHP00163,Vessel-00163,Maersk,Panamax,6500,Liberia
SR00164,SHP00164,Vessel-00164,MSC,Post-Panamax,8500,Panama
SR00165,SHP00165,Vessel-00165,CMA CGM,Ultra Large Container Vessel,12000,Malta
SR00166,SHP00166,Vessel-00166,Hapag-Lloyd,Panamax,3000,India
SR00167,SHP00167,Vessel-00167,Evergreen,Post-Panamax,4500,Singapore
SR00168,SHP00168,Vessel-00168,ONE,Ultra Large Container Vessel,6500,Liberia
SR00169,SHP00169,Vessel-00169,Maersk,Panamax,8500,Panama
SR00170,SHP00170,Vessel-00170,MSC,Post-Panamax,12000,Malta
SR00171,SHP00171,Vessel-00171,CMA CGM,Ultra Large Container Vessel,3000,India
SR00172,SHP00172,Vessel-00172,Hapag-Lloyd,Panamax,4500,Singapore
SR00173,SHP00173,Vessel-00173,Evergreen,Post-Panamax,6500,Liberia
SR00174,SHP00174,Vessel-00174,ONE,Ultra Large Container Vessel,8500,Panama
SR00175,SHP00175,Vessel-00175,Maersk,Panamax,12000,Malta
SR00176,SHP00176,Vessel-00176,MSC,Post-Panamax,3000,India
SR00177,SHP00177,Vessel-00177,CMA CGM,Ultra Large Container Vessel,4500,Singapore
SR00178,SHP00178,Vessel-00178,Hapag-Lloyd,Panamax,6500,Liberia
SR00179,SHP00179,Vessel-00179,Evergreen,Post-Panamax,8500,Panama
SR00180,SHP00180,Vessel-00180,ONE,Ultra Large Container Vessel,12000,Malta
SR00181,SHP00181,Vessel-00181,Maersk,Panamax,3000,India
SR00182,SHP00182,Vessel-00182,MSC,Post-Panamax,4500,Singapore
SR00183,SHP00183,Vessel-00183,CMA CGM,Ultra Large Container Vessel,6500,Liberia
SR00184,SHP00184,Vessel-00184,Hapag-Lloyd,Panamax,8500,Panama
SR00185,SHP00185,Vessel-00185,Evergreen,Post-Panamax,12000,Malta
SR00186,SHP00186,Vessel-00186,ONE,Ultra Large Container Vessel,3000,India
SR00187,SHP00187,Vessel-00187,Maersk,Panamax,4500,Singapore
SR00188,SHP00188,Vessel-00188,MSC,Post-Panamax,6500,Liberia
SR00189,SHP00189,Vessel-00189,CMA CGM,Ultra Large Container Vessel,8500,Panama
SR00190,SHP00190,Vessel-00190,Hapag-Lloyd,Panamax,12000,Malta
SR00191,SHP00191,Vessel-00191,Evergreen,Post-Panamax,3000,India
SR00192,SHP00192,Vessel-00192,ONE,Ultra Large Container Vessel,4500,Singapore
SR00193,SHP00193,Vessel-00193,Maersk,Panamax,6500,Liberia
SR00194,SHP00194,Vessel-00194,MSC,Post-Panamax,8500,Panama
SR00195,SHP00195,Vessel-00195,CMA CGM,Ultra Large Container Vessel,12000,Malta
SR00196,SHP00196,Vessel-00196,Hapag-Lloyd,Panamax,3000,India
SR00197,SHP00197,Vessel-00197,Evergreen,Post-Panamax,4500,Singapore
SR00198,SHP00198,Vessel-00198,ONE,Ultra Large Container Vessel,6500,Liberia
SR00199,SHP00199,Vessel-00199,Maersk,Panamax,8500,Panama
SR00200,SHP00200,Vessel-00200,MSC,Post-Panamax,12000,Malta
SR00201,SHP00201,Vessel-00201,CMA CGM,Ultra Large Container Vessel,3000,India
SR00202,SHP00202,Vessel-00202,Hapag-Lloyd,Panamax,4500,Singapore
SR00203,SHP00203,Vessel-00203,Evergreen,Post-Panamax,6500,Liberia
SR00204,SHP00204,Vessel-00204,ONE,Ultra Large Container Vessel,8500,Panama
SR00205,SHP00205,Vessel-00205,Maersk,Panamax,12000,Malta
SR00206,SHP00206,Vessel-00206,MSC,Post-Panamax,3000,India
SR00207,SHP00207,Vessel-00207,CMA CGM,Ultra Large Container Vessel,4500,Singapore
SR00208,SHP00208,Vessel-00208,Hapag-Lloyd,Panamax,6500,Liberia
SR00209,SHP00209,Vessel-00209,Evergreen,Post-Panamax,8500,Panama
SR00210,SHP00210,Vessel-00210,ONE,Ultra Large Container Vessel,12000,Malta
SR00211,SHP00211,Vessel-00211,Maersk,Panamax,3000,India
SR00212,SHP00212,Vessel-00212,MSC,Post-Panamax,4500,Singapore
SR00213,SHP00213,Vessel-00213,CMA CGM,Ultra Large Container Vessel,6500,Liberia
SR00214,SHP00214,Vessel-00214,Hapag-Lloyd,Panamax,8500,Panama
SR00215,SHP00215,Vessel-00215,Evergreen,Post-Panamax,12000,Malta
SR00216,SHP00216,Vessel-00216,ONE,Ultra Large Container Vessel,3000,India
SR00217,SHP00217,Vessel-00217,Maersk,Panamax,4500,Singapore
SR00218,SHP00218,Vessel-00218,MSC,Post-Panamax,6500,Liberia
SR00219,SHP00219,Vessel-00219,CMA CGM,Ultra Large Container Vessel,8500,Panama
SR00220,SHP00220,Vessel-00220,Hapag-Lloyd,Panamax,12000,Malta
SR00221,SHP00221,Vessel-00221,Evergreen,Post-Panamax,3000,India
SR00222,SHP00222,Vessel-00222,ONE,Ultra Large Container Vessel,4500,Singapore
SR00223,SHP00223,Vessel-00223,Maersk,Panamax,6500,Liberia
SR00224,SHP00224,Vessel-00224,MSC,Post-Panamax,8500,Panama
SR00225,SHP00225,Vessel-00225,CMA CGM,Ultra Large Container Vessel,12000,Malta
SR00226,SHP00226,Vessel-00226,Hapag-Lloyd,Panamax,3000,India
SR00227,SHP00227,Vessel-00227,Evergreen,Post-Panamax,4500,Singapore
SR00228,SHP00228,Vessel-00228,ONE,Ultra Large Container Vessel,6500,Liberia
SR00229,SHP00229,Vessel-00229,Maersk,Panamax,8500,Panama
SR00230,SHP00230,Vessel-00230,MSC,Post-Panamax,12000,Malta
SR00231,SHP00231,Vessel-00231,CMA CGM,Ultra Large Container Vessel,3000,India
SR00232,SHP00232,Vessel-00232,Hapag-Lloyd,Panamax,4500,Singapore
SR00233,SHP00233,Vessel-00233,Evergreen,Post-Panamax,6500,Liberia
SR00234,SHP00234,Vessel-00234,ONE,Ultra Large Container Vessel,8500,Panama
SR00235,SHP00235,Vessel-00235,Maersk,Panamax,12000,Malta
SR00236,SHP00236,Vessel-00236,MSC,Post-Panamax,3000,India
SR00237,SHP00237,Vessel-00237,CMA CGM,Ultra Large Container Vessel,4500,Singapore
SR00238,SHP00238,Vessel-00238,Hapag-Lloyd,Panamax,6500,Liberia
SR00239,SHP00239,Vessel-00239,Evergreen,Post-Panamax,8500,Panama
SR00240,SHP00240,Vessel-00240,ONE,Ultra Large Container Vessel,12000,Malta
SR00241,SHP00241,Vessel-00241,Maersk,Panamax,3000,India
SR00242,SHP00242,Vessel-00242,MSC,Post-Panamax,4500,Singapore
SR00243,SHP00243,Vessel-00243,CMA CGM,Ultra Large Container Vessel,6500,Liberia
SR00244,SHP00244,Vessel-00244,Hapag-Lloyd,Panamax,8500,Panama
SR00245,SHP00245,Vessel-00245,Evergreen,Post-Panamax,12000,Malta
SR00246,SHP00246,Vessel-00246,ONE,Ultra Large Container Vessel,3000,India
SR00247,SHP00247,Vessel-00247,Maersk,Panamax,4500,Singapore
SR00248,SHP00248,Vessel-00248,MSC,Post-Panamax,6500,Liberia
SR00249,SHP00249,Vessel-00249,CMA CGM,Ultra Large Container Vessel,8500,Panama
SR00250,SHP00250,Vessel-00250,Hapag-Lloyd,Panamax,12000,Malta
SR00251,SHP00251,Vessel-00251,Evergreen,Post-Panamax,3000,India
SR00252,SHP00252,Vessel-00252,ONE,Ultra Large Container Vessel,4500,Singapore
SR00253,SHP00253,Vessel-00253,Maersk,Panamax,6500,Liberia
SR00254,SHP00254,Vessel-00254,MSC,Post-Panamax,8500,Panama
SR00255,SHP00255,Vessel-00255,CMA CGM,Ultra Large Container Vessel,12000,Malta
SR00256,SHP00256,Vessel-00256,Hapag-Lloyd,Panamax,3000,India
SR00257,SHP00257,Vessel-00257,Evergreen,Post-Panamax,4500,Singapore
SR00258,SHP00258,Vessel-00258,ONE,Ultra Large Container Vessel,6500,Liberia
SR00259,SHP00259,Vessel-00259,Maersk,Panamax,8500,Panama
SR00260,SHP00260,Vessel-00260,MSC,Post-Panamax,12000,Malta
SR00261,SHP00261,Vessel-00261,CMA CGM,Ultra Large Container Vessel,3000,India
SR00262,SHP00262,Vessel-00262,Hapag-Lloyd,Panamax,4500,Singapore
SR00263,SHP00263,Vessel-00263,Evergreen,Post-Panamax,6500,Liberia
SR00264,SHP00264,Vessel-00264,ONE,Ultra Large Container Vessel,8500,Panama
SR00265,SHP00265,Vessel-00265,Maersk,Panamax,12000,Malta
SR00266,SHP00266,Vessel-00266,MSC,Post-Panamax,3000,India
SR00267,SHP00267,Vessel-00267,CMA CGM,Ultra Large Container Vessel,4500,Singapore
SR00268,SHP00268,Vessel-00268,Hapag-Lloyd,Panamax,6500,Liberia
SR00269,SHP00269,Vessel-00269,Evergreen,Post-Panamax,8500,Panama
SR00270,SHP00270,Vessel-00270,ONE,Ultra Large Container Vessel,12000,Malta
SR00271,SHP00271,Vessel-00271,Maersk,Panamax,3000,India
SR00272,SHP00272,Vessel-00272,MSC,Post-Panamax,4500,Singapore
SR00273,SHP00273,Vessel-00273,CMA CGM,Ultra Large Container Vessel,6500,Liberia
SR00274,SHP00274,Vessel-00274,Hapag-Lloyd,Panamax,8500,Panama
SR00275,SHP00275,Vessel-00275,Evergreen,Post-Panamax,12000,Malta
SR00276,SHP00276,Vessel-00276,ONE,Ultra Large Container Vessel,3000,India
SR00277,SHP00277,Vessel-00277,Maersk,Panamax,4500,Singapore
SR00278,SHP00278,Vessel-00278,MSC,Post-Panamax,6500,Liberia
SR00279,SHP00279,Vessel-00279,CMA CGM,Ultra Large Container Vessel,8500,Panama
SR00280,SHP00280,Vessel-00280,Hapag-Lloyd,Panamax,12000,Malta
SR00281,SHP00281,Vessel-00281,Evergreen,Post-Panamax,3000,India
SR00282,SHP00282,Vessel-00282,ONE,Ultra Large Container Vessel,4500,Singapore
SR00283,SHP00283,Vessel-00283,Maersk,Panamax,6500,Liberia
SR00284,SHP00284,Vessel-00284,MSC,Post-Panamax,8500,Panama
SR00285,SHP00285,Vessel-00285,CMA CGM,Ultra Large Container Vessel,12000,Malta
SR00286,SHP00286,Vessel-00286,Hapag-Lloyd,Panamax,3000,India
SR00287,SHP00287,Vessel-00287,Evergreen,Post-Panamax,4500,Singapore
SR00288,SHP00288,Vessel-00288,ONE,Ultra Large Container Vessel,6500,Liberia
SR00289,SHP00289,Vessel-00289,Maersk,Panamax,8500,Panama
SR00290,SHP00290,Vessel-00290,MSC,Post-Panamax,12000,Malta
SR00291,SHP00291,Vessel-00291,CMA CGM,Ultra Large Container Vessel,3000,India
SR00292,SHP00292,Vessel-00292,Hapag-Lloyd,Panamax,4500,Singapore
SR00293,SHP00293,Vessel-00293,Evergreen,Post-Panamax,6500,Liberia
SR00294,SHP00294,Vessel-00294,ONE,Ultra Large Container Vessel,8500,Panama
SR00295,SHP00295,Vessel-00295,Maersk,Panamax,12000,Malta
SR00296,SHP00296,Vessel-00296,MSC,Post-Panamax,3000,India
SR00297,SHP00297,Vessel-00297,CMA CGM,Ultra Large Container Vessel,4500,Singapore
SR00298,SHP00298,Vessel-00298,Hapag-Lloyd,Panamax,6500,Liberia
SR00299,SHP00299,Vessel-00299,Evergreen,Post-Panamax,8500,Panama
SR00300,SHP00300,Vessel-00300,ONE,Ultra Large Container Vessel,12000,Malta
SR00301,SHP00301,Vessel-00301,Maersk,Panamax,3000,India
SR00302,SHP00302,Vessel-00302,MSC,Post-Panamax,4500,Singapore
SR00303,SHP00303,Vessel-00303,CMA CGM,Ultra Large Container Vessel,6500,Liberia
SR00304,SHP00304,Vessel-00304,Hapag-Lloyd,Panamax,8500,Panama
SR00305,SHP00305,Vessel-00305,Evergreen,Post-Panamax,12000,Malta
SR00306,SHP00306,Vessel-00306,ONE,Ultra Large Container Vessel,3000,India
SR00307,SHP00307,Vessel-00307,Maersk,Panamax,4500,Singapore
SR00308,SHP00308,Vessel-00308,MSC,Post-Panamax,6500,Liberia
SR00309,SHP00309,Vessel-00309,CMA CGM,Ultra Large Container Vessel,8500,Panama
SR00310,SHP00310,Vessel-00310,Hapag-Lloyd,Panamax,12000,Malta
SR00311,SHP00311,Vessel-00311,Evergreen,Post-Panamax,3000,India
SR00312,SHP00312,Vessel-00312,ONE,Ultra Large Container Vessel,4500,Singapore
SR00313,SHP00313,Vessel-00313,Maersk,Panamax,6500,Liberia
SR00314,SHP00314,Vessel-00314,MSC,Post-Panamax,8500,Panama
SR00315,SHP00315,Vessel-00315,CMA CGM,Ultra Large Container Vessel,12000,Malta
SR00316,SHP00316,Vessel-00316,Hapag-Lloyd,Panamax,3000,India
SR00317,SHP00317,Vessel-00317,Evergreen,Post-Panamax,4500,Singapore
SR00318,SHP00318,Vessel-00318,ONE,Ultra Large Container Vessel,6500,Liberia
SR00319,SHP00319,Vessel-00319,Maersk,Panamax,8500,Panama
SR00320,SHP00320,Vessel-00320,MSC,Post-Panamax,12000,Malta
SR00321,SHP00321,Vessel-00321,CMA CGM,Ultra Large Container Vessel,3000,India
SR00322,SHP00322,Vessel-00322,Hapag-Lloyd,Panamax,4500,Singapore
SR00323,SHP00323,Vessel-00323,Evergreen,Post-Panamax,6500,Liberia
SR00324,SHP00324,Vessel-00324,ONE,Ultra Large Container Vessel,8500,Panama
SR00325,SHP00325,Vessel-00325,Maersk,Panamax,12000,Malta
SR00326,SHP00326,Vessel-00326,MSC,Post-Panamax,3000,India
SR00327,SHP00327,Vessel-00327,CMA CGM,Ultra Large Container Vessel,4500,Singapore
SR00328,SHP00328,Vessel-00328,Hapag-Lloyd,Panamax,6500,Liberia
SR00329,SHP00329,Vessel-00329,Evergreen,Post-Panamax,8500,Panama
SR00330,SHP00330,Vessel-00330,ONE,Ultra Large Container Vessel,12000,Malta
SR00331,SHP00331,Vessel-00331,Maersk,Panamax,3000,India
SR00332,SHP00332,Vessel-00332,MSC,Post-Panamax,4500,Singapore
SR00333,SHP00333,Vessel-00333,CMA CGM,Ultra Large Container Vessel,6500,Liberia
SR00334,SHP00334,Vessel-00334,Hapag-Lloyd,Panamax,8500,Panama
SR00335,SHP00335,Vessel-00335,Evergreen,Post-Panamax,12000,Malta
SR00336,SHP00336,Vessel-00336,ONE,Ultra Large Container Vessel,3000,India
SR00337,SHP00337,Vessel-00337,Maersk,Panamax,4500,Singapore
SR00338,SHP00338,Vessel-00338,MSC,Post-Panamax,6500,Liberia
SR00339,SHP00339,Vessel-00339,CMA CGM,Ultra Large Container Vessel,8500,Panama
SR00340,SHP00340,Vessel-00340,Hapag-Lloyd,Panamax,12000,Malta
SR00341,SHP00341,Vessel-00341,Evergreen,Post-Panamax,3000,India
SR00342,SHP00342,Vessel-00342,ONE,Ultra Large Container Vessel,4500,Singapore
SR00343,SHP00343,Vessel-00343,Maersk,Panamax,6500,Liberia
SR00344,SHP00344,Vessel-00344,MSC,Post-Panamax,8500,Panama
SR00345,SHP00345,Vessel-00345,CMA CGM,Ultra Large Container Vessel,12000,Malta
SR00346,SHP00346,Vessel-00346,Hapag-Lloyd,Panamax,3000,India
SR00347,SHP00347,Vessel-00347,Evergreen,Post-Panamax,4500,Singapore
SR00348,SHP00348,Vessel-00348,ONE,Ultra Large Container Vessel,6500,Liberia
SR00349,SHP00349,Vessel-00349,Maersk,Panamax,8500,Panama
SR00350,SHP00350,Vessel-00350,MSC,Post-Panamax,12000,Malta
SR00351,SHP00351,Vessel-00351,CMA CGM,Ultra Large Container Vessel,3000,India
SR00352,SHP00352,Vessel-00352,Hapag-Lloyd,Panamax,4500,Singapore
SR00353,SHP00353,Vessel-00353,Evergreen,Post-Panamax,6500,Liberia
SR00354,SHP00354,Vessel-00354,ONE,Ultra Large Container Vessel,8500,Panama
SR00355,SHP00355,Vessel-00355,Maersk,Panamax,12000,Malta
SR00356,SHP00356,Vessel-00356,MSC,Post-Panamax,3000,India
SR00357,SHP00357,Vessel-00357,CMA CGM,Ultra Large Container Vessel,4500,Singapore
SR00358,SHP00358,Vessel-00358,Hapag-Lloyd,Panamax,6500,Liberia
SR00359,SHP00359,Vessel-00359,Evergreen,Post-Panamax,8500,Panama
SR00360,SHP00360,Vessel-00360,ONE,Ultra Large Container Vessel,12000,Malta
SR00361,SHP00361,Vessel-00361,Maersk,Panamax,3000,India
SR00362,SHP00362,Vessel-00362,MSC,Post-Panamax,4500,Singapore
SR00363,SHP00363,Vessel-00363,CMA CGM,Ultra Large Container Vessel,6500,Liberia
SR00364,SHP00364,Vessel-00364,Hapag-Lloyd,Panamax,8500,Panama
SR00365,SHP00365,Vessel-00365,Evergreen,Post-Panamax,12000,Malta
SR00366,SHP00366,Vessel-00366,ONE,Ultra Large Container Vessel,3000,India
SR00367,SHP00367,Vessel-00367,Maersk,Panamax,4500,Singapore
SR00368,SHP00368,Vessel-00368,MSC,Post-Panamax,6500,Liberia
SR00369,SHP00369,Vessel-00369,CMA CGM,Ultra Large Container Vessel,8500,Panama
SR00370,SHP00370,Vessel-00370,Hapag-Lloyd,Panamax,12000,Malta
SR00371,SHP00371,Vessel-00371,Evergreen,Post-Panamax,3000,India
SR00372,SHP00372,Vessel-00372,ONE,Ultra Large Container Vessel,4500,Singapore
SR00373,SHP00373,Vessel-00373,Maersk,Panamax,6500,Liberia
SR00374,SHP00374,Vessel-00374,MSC,Post-Panamax,8500,Panama
SR00375,SHP00375,Vessel-00375,CMA CGM,Ultra Large Container Vessel,12000,Malta
SR00376,SHP00376,Vessel-00376,Hapag-Lloyd,Panamax,3000,India
SR00377,SHP00377,Vessel-00377,Evergreen,Post-Panamax,4500,Singapore
SR00378,SHP00378,Vessel-00378,ONE,Ultra Large Container Vessel,6500,Liberia
SR00379,SHP00379,Vessel-00379,Maersk,Panamax,8500,Panama
SR00380,SHP00380,Vessel-00380,MSC,Post-Panamax,12000,Malta
SR00381,SHP00381,Vessel-00381,CMA CGM,Ultra Large Container Vessel,3000,India
SR00382,SHP00382,Vessel-00382,Hapag-Lloyd,Panamax,4500,Singapore
SR00383,SHP00383,Vessel-00383,Evergreen,Post-Panamax,6500,Liberia
SR00384,SHP00384,Vessel-00384,ONE,Ultra Large Container Vessel,8500,Panama
SR00385,SHP00385,Vessel-00385,Maersk,Panamax,12000,Malta
SR00386,SHP00386,Vessel-00386,MSC,Post-Panamax,3000,India
SR00387,SHP00387,Vessel-00387,CMA CGM,Ultra Large Container Vessel,4500,Singapore
SR00388,SHP00388,Vessel-00388,Hapag-Lloyd,Panamax,6500,Liberia
SR00389,SHP00389,Vessel-00389,Evergreen,Post-Panamax,8500,Panama
SR00390,SHP00390,Vessel-00390,ONE,Ultra Large Container Vessel,12000,Malta
SR00391,SHP00391,Vessel-00391,Maersk,Panamax,3000,India
SR00392,SHP00392,Vessel-00392,MSC,Post-Panamax,4500,Singapore
SR00393,SHP00393,Vessel-00393,CMA CGM,Ultra Large Container Vessel,6500,Liberia
SR00394,SHP00394,Vessel-00394,Hapag-Lloyd,Panamax,8500,Panama
SR00395,SHP00395,Vessel-00395,Evergreen,Post-Panamax,12000,Malta
SR00396,SHP00396,Vessel-00396,ONE,Ultra Large Container Vessel,3000,India
SR00397,SHP00397,Vessel-00397,Maersk,Panamax,4500,Singapore
SR00398,SHP00398,Vessel-00398,MSC,Post-Panamax,6500,Liberia
SR00399,SHP00399,Vessel-00399,CMA CGM,Ultra Large Container Vessel,8500,Panama
SR00400,SHP00400,Vessel-00400,Hapag-Lloyd,Panamax,12000,Malta
SR00401,SHP00401,Vessel-00401,Evergreen,Post-Panamax,3000,India
SR00402,SHP00402,Vessel-00402,ONE,Ultra Large Container Vessel,4500,Singapore
SR00403,SHP00403,Vessel-00403,Maersk,Panamax,6500,Liberia
SR00404,SHP00404,Vessel-00404,MSC,Post-Panamax,8500,Panama
SR00405,SHP00405,Vessel-00405,CMA CGM,Ultra Large Container Vessel,12000,Malta
SR00406,SHP00406,Vessel-00406,Hapag-Lloyd,Panamax,3000,India
SR00407,SHP00407,Vessel-00407,Evergreen,Post-Panamax,4500,Singapore
SR00408,SHP00408,Vessel-00408,ONE,Ultra Large Container Vessel,6500,Liberia
SR00409,SHP00409,Vessel-00409,Maersk,Panamax,8500,Panama
SR00410,SHP00410,Vessel-00410,MSC,Post-Panamax,12000,Malta
SR00411,SHP00411,Vessel-00411,CMA CGM,Ultra Large Container Vessel,3000,India
SR00412,SHP00412,Vessel-00412,Hapag-Lloyd,Panamax,4500,Singapore
SR00413,SHP00413,Vessel-00413,Evergreen,Post-Panamax,6500,Liberia
SR00414,SHP00414,Vessel-00414,ONE,Ultra Large Container Vessel,8500,Panama
SR00415,SHP00415,Vessel-00415,Maersk,Panamax,12000,Malta
SR00416,SHP00416,Vessel-00416,MSC,Post-Panamax,3000,India
SR00417,SHP00417,Vessel-00417,CMA CGM,Ultra Large Container Vessel,4500,Singapore
SR00418,SHP00418,Vessel-00418,Hapag-Lloyd,Panamax,6500,Liberia
SR00419,SHP00419,Vessel-00419,Evergreen,Post-Panamax,8500,Panama
SR00420,SHP00420,Vessel-00420,ONE,Ultra Large Container Vessel,12000,Malta
SR00421,SHP00421,Vessel-00421,Maersk,Panamax,3000,India
SR00422,SHP00422,Vessel-00422,MSC,Post-Panamax,4500,Singapore
SR00423,SHP00423,Vessel-00423,CMA CGM,Ultra Large Container Vessel,6500,Liberia
SR00424,SHP00424,Vessel-00424,Hapag-Lloyd,Panamax,8500,Panama
SR00425,SHP00425,Vessel-00425,Evergreen,Post-Panamax,12000,Malta
SR00426,SHP00426,Vessel-00426,ONE,Ultra Large Container Vessel,3000,India
SR00427,SHP00427,Vessel-00427,Maersk,Panamax,4500,Singapore
SR00428,SHP00428,Vessel-00428,MSC,Post-Panamax,6500,Liberia
SR00429,SHP00429,Vessel-00429,CMA CGM,Ultra Large Container Vessel,8500,Panama
SR00430,SHP00430,Vessel-00430,Hapag-Lloyd,Panamax,12000,Malta
SR00431,SHP00431,Vessel-00431,Evergreen,Post-Panamax,3000,India
SR00432,SHP00432,Vessel-00432,ONE,Ultra Large Container Vessel,4500,Singapore
SR00433,SHP00433,Vessel-00433,Maersk,Panamax,6500,Liberia
SR00434,SHP00434,Vessel-00434,MSC,Post-Panamax,8500,Panama
SR00435,SHP00435,Vessel-00435,CMA CGM,Ultra Large Container Vessel,12000,Malta
SR00436,SHP00436,Vessel-00436,Hapag-Lloyd,Panamax,3000,India
SR00437,SHP00437,Vessel-00437,Evergreen,Post-Panamax,4500,Singapore
SR00438,SHP00438,Vessel-00438,ONE,Ultra Large Container Vessel,6500,Liberia
SR00439,SHP00439,Vessel-00439,Maersk,Panamax,8500,Panama
SR00440,SHP00440,Vessel-00440,MSC,Post-Panamax,12000,Malta
SR00441,SHP00441,Vessel-00441,CMA CGM,Ultra Large Container Vessel,3000,India
SR00442,SHP00442,Vessel-00442,Hapag-Lloyd,Panamax,4500,Singapore
SR00443,SHP00443,Vessel-00443,Evergreen,Post-Panamax,6500,Liberia
SR00444,SHP00444,Vessel-00444,ONE,Ultra Large Container Vessel,8500,Panama
SR00445,SHP00445,Vessel-00445,Maersk,Panamax,12000,Malta
SR00446,SHP00446,Vessel-00446,MSC,Post-Panamax,3000,India
SR00447,SHP00447,Vessel-00447,CMA CGM,Ultra Large Container Vessel,4500,Singapore
SR00448,SHP00448,Vessel-00448,Hapag-Lloyd,Panamax,6500,Liberia
SR00449,SHP00449,Vessel-00449,Evergreen,Post-Panamax,8500,Panama
SR00450,SHP00450,Vessel-00450,ONE,Ultra Large Container Vessel,12000,Malta
SR00451,SHP00451,Vessel-00451,Maersk,Panamax,3000,India
SR00452,SHP00452,Vessel-00452,MSC,Post-Panamax,4500,Singapore
SR00453,SHP00453,Vessel-00453,CMA CGM,Ultra Large Container Vessel,6500,Liberia
SR00454,SHP00454,Vessel-00454,Hapag-Lloyd,Panamax,8500,Panama
SR00455,SHP00455,Vessel-00455,Evergreen,Post-Panamax,12000,Malta
SR00456,SHP00456,Vessel-00456,ONE,Ultra Large Container Vessel,3000,India
SR00457,SHP00457,Vessel-00457,Maersk,Panamax,4500,Singapore
SR00458,SHP00458,Vessel-00458,MSC,Post-Panamax,6500,Liberia
SR00459,SHP00459,Vessel-00459,CMA CGM,Ultra Large Container Vessel,8500,Panama
SR00460,SHP00460,Vessel-00460,Hapag-Lloyd,Panamax,12000,Malta
SR00461,SHP00461,Vessel-00461,Evergreen,Post-Panamax,3000,India
SR00462,SHP00462,Vessel-00462,ONE,Ultra Large Container Vessel,4500,Singapore
SR00463,SHP00463,Vessel-00463,Maersk,Panamax,6500,Liberia
SR00464,SHP00464,Vessel-00464,MSC,Post-Panamax,8500,Panama
SR00465,SHP00465,Vessel-00465,CMA CGM,Ultra Large Container Vessel,12000,Malta
SR00466,SHP00466,Vessel-00466,Hapag-Lloyd,Panamax,3000,India
SR00467,SHP00467,Vessel-00467,Evergreen,Post-Panamax,4500,Singapore
SR00468,SHP00468,Vessel-00468,ONE,Ultra Large Container Vessel,6500,Liberia
SR00469,SHP00469,Vessel-00469,Maersk,Panamax,8500,Panama
SR00470,SHP00470,Vessel-00470,MSC,Post-Panamax,12000,Malta
SR00471,SHP00471,Vessel-00471,CMA CGM,Ultra Large Container Vessel,3000,India
SR00472,SHP00472,Vessel-00472,Hapag-Lloyd,Panamax,4500,Singapore
SR00473,SHP00473,Vessel-00473,Evergreen,Post-Panamax,6500,Liberia
SR00474,SHP00474,Vessel-00474,ONE,Ultra Large Container Vessel,8500,Panama
SR00475,SHP00475,Vessel-00475,Maersk,Panamax,12000,Malta
SR00476,SHP00476,Vessel-00476,MSC,Post-Panamax,3000,India
SR00477,SHP00477,Vessel-00477,CMA CGM,Ultra Large Container Vessel,4500,Singapore
SR00478,SHP00478,Vessel-00478,Hapag-Lloyd,Panamax,6500,Liberia
SR00479,SHP00479,Vessel-00479,Evergreen,Post-Panamax,8500,Panama
SR00480,SHP00480,Vessel-00480,ONE,Ultra Large Container Vessel,12000,Malta
SR00481,SHP00481,Vessel-00481,Maersk,Panamax,3000,India
SR00482,SHP00482,Vessel-00482,MSC,Post-Panamax,4500,Singapore
SR00483,SHP00483,Vessel-00483,CMA CGM,Ultra Large Container Vessel,6500,Liberia
SR00484,SHP00484,Vessel-00484,Hapag-Lloyd,Panamax,8500,Panama
SR00485,SHP00485,Vessel-00485,Evergreen,Post-Panamax,12000,Malta
SR00486,SHP00486,Vessel-00486,ONE,Ultra Large Container Vessel,3000,India
SR00487,SHP00487,Vessel-00487,Maersk,Panamax,4500,Singapore
SR00488,SHP00488,Vessel-00488,MSC,Post-Panamax,6500,Liberia
SR00489,SHP00489,Vessel-00489,CMA CGM,Ultra Large Container Vessel,8500,Panama
SR00490,SHP00490,Vessel-00490,Hapag-Lloyd,Panamax,12000,Malta
SR00491,SHP00491,Vessel-00491,Evergreen,Post-Panamax,3000,India
SR00492,SHP00492,Vessel-00492,ONE,Ultra Large Container Vessel,4500,Singapore
SR00493,SHP00493,Vessel-00493,Maersk,Panamax,6500,Liberia
SR00494,SHP00494,Vessel-00494,MSC,Post-Panamax,8500,Panama
SR00495,SHP00495,Vessel-00495,CMA CGM,Ultra Large Container Vessel,12000,Malta
SR00496,SHP00496,Vessel-00496,Hapag-Lloyd,Panamax,3000,India
SR00497,SHP00497,Vessel-00497,Evergreen,Post-Panamax,4500,Singapore
SR00498,SHP00498,Vessel-00498,ONE,Ultra Large Container Vessel,6500,Liberia
SR00499,SHP00499,Vessel-00499,Maersk,Panamax,8500,Panama
SR00500,SHP00500,Vessel-00500,MSC,Post-Panamax,12000,Malta
SR00501,SHP00501,Vessel-00501,CMA CGM,Ultra Large Container Vessel,3000,India
SR00502,SHP00502,Vessel-00502,Hapag-Lloyd,Panamax,4500,Singapore
SR00503,SHP00503,Vessel-00503,Evergreen,Post-Panamax,6500,Liberia
SR00504,SHP00504,Vessel-00504,ONE,Ultra Large Container Vessel,8500,Panama
SR00505,SHP00505,Vessel-00505,Maersk,Panamax,12000,Malta
SR00506,SHP00506,Vessel-00506,MSC,Post-Panamax,3000,India
SR00507,SHP00507,Vessel-00507,CMA CGM,Ultra Large Container Vessel,4500,Singapore
SR00508,SHP00508,Vessel-00508,Hapag-Lloyd,Panamax,6500,Liberia
SR00509,SHP00509,Vessel-00509,Evergreen,Post-Panamax,8500,Panama
SR00510,SHP00510,Vessel-00510,ONE,Ultra Large Container Vessel,12000,Malta
SR00511,SHP00511,Vessel-00511,Maersk,Panamax,3000,India
SR00512,SHP00512,Vessel-00512,MSC,Post-Panamax,4500,Singapore
SR00513,SHP00513,Vessel-00513,CMA CGM,Ultra Large Container Vessel,6500,Liberia
SR00514,SHP00514,Vessel-00514,Hapag-Lloyd,Panamax,8500,Panama
SR00515,SHP00515,Vessel-00515,Evergreen,Post-Panamax,12000,Malta
SR00516,SHP00516,Vessel-00516,ONE,Ultra Large Container Vessel,3000,India
SR00517,SHP00517,Vessel-00517,Maersk,Panamax,4500,Singapore
SR00518,SHP00518,Vessel-00518,MSC,Post-Panamax,6500,Liberia
SR00519,SHP00519,Vessel-00519,CMA CGM,Ultra Large Container Vessel,8500,Panama
SR00520,SHP00520,Vessel-00520,Hapag-Lloyd,Panamax,12000,Malta
SR00521,SHP00521,Vessel-00521,Evergreen,Post-Panamax,3000,India
SR00522,SHP00522,Vessel-00522,ONE,Ultra Large Container Vessel,4500,Singapore
SR00523,SHP00523,Vessel-00523,Maersk,Panamax,6500,Liberia
SR00524,SHP00524,Vessel-00524,MSC,Post-Panamax,8500,Panama
SR00525,SHP00525,Vessel-00525,CMA CGM,Ultra Large Container Vessel,12000,Malta
SR00526,SHP00526,Vessel-00526,Hapag-Lloyd,Panamax,3000,India
SR00527,SHP00527,Vessel-00527,Evergreen,Post-Panamax,4500,Singapore
SR00528,SHP00528,Vessel-00528,ONE,Ultra Large Container Vessel,6500,Liberia
SR00529,SHP00529,Vessel-00529,Maersk,Panamax,8500,Panama
SR00530,SHP00530,Vessel-00530,MSC,Post-Panamax,12000,Malta
SR00531,SHP00531,Vessel-00531,CMA CGM,Ultra Large Container Vessel,3000,India
SR00532,SHP00532,Vessel-00532,Hapag-Lloyd,Panamax,4500,Singapore
SR00533,SHP00533,Vessel-00533,Evergreen,Post-Panamax,6500,Liberia
SR00534,SHP00534,Vessel-00534,ONE,Ultra Large Container Vessel,8500,Panama
SR00535,SHP00535,Vessel-00535,Maersk,Panamax,12000,Malta
SR00536,SHP00536,Vessel-00536,MSC,Post-Panamax,3000,India
SR00537,SHP00537,Vessel-00537,CMA CGM,Ultra Large Container Vessel,4500,Singapore
SR00538,SHP00538,Vessel-00538,Hapag-Lloyd,Panamax,6500,Liberia
SR00539,SHP00539,Vessel-00539,Evergreen,Post-Panamax,8500,Panama
SR00540,SHP00540,Vessel-00540,ONE,Ultra Large Container Vessel,12000,Malta
SR00541,SHP00541,Vessel-00541,Maersk,Panamax,3000,India
SR00542,SHP00542,Vessel-00542,MSC,Post-Panamax,4500,Singapore
SR00543,SHP00543,Vessel-00543,CMA CGM,Ultra Large Container Vessel,6500,Liberia
SR00544,SHP00544,Vessel-00544,Hapag-Lloyd,Panamax,8500,Panama
SR00545,SHP00545,Vessel-00545,Evergreen,Post-Panamax,12000,Malta
SR00546,SHP00546,Vessel-00546,ONE,Ultra Large Container Vessel,3000,India
SR00547,SHP00547,Vessel-00547,Maersk,Panamax,4500,Singapore
SR00548,SHP00548,Vessel-00548,MSC,Post-Panamax,6500,Liberia
SR00549,SHP00549,Vessel-00549,CMA CGM,Ultra Large Container Vessel,8500,Panama
SR00550,SHP00550,Vessel-00550,Hapag-Lloyd,Panamax,12000,Malta
SR00551,SHP00551,Vessel-00551,Evergreen,Post-Panamax,3000,India
SR00552,SHP00552,Vessel-00552,ONE,Ultra Large Container Vessel,4500,Singapore
SR00553,SHP00553,Vessel-00553,Maersk,Panamax,6500,Liberia
SR00554,SHP00554,Vessel-00554,MSC,Post-Panamax,8500,Panama
SR00555,SHP00555,Vessel-00555,CMA CGM,Ultra Large Container Vessel,12000,Malta
SR00556,SHP00556,Vessel-00556,Hapag-Lloyd,Panamax,3000,India
SR00557,SHP00557,Vessel-00557,Evergreen,Post-Panamax,4500,Singapore
SR00558,SHP00558,Vessel-00558,ONE,Ultra Large Container Vessel,6500,Liberia
SR00559,SHP00559,Vessel-00559,Maersk,Panamax,8500,Panama
SR00560,SHP00560,Vessel-00560,MSC,Post-Panamax,12000,Malta
SR00561,SHP00561,Vessel-00561,CMA CGM,Ultra Large Container Vessel,3000,India
SR00562,SHP00562,Vessel-00562,Hapag-Lloyd,Panamax,4500,Singapore
SR00563,SHP00563,Vessel-00563,Evergreen,Post-Panamax,6500,Liberia
SR00564,SHP00564,Vessel-00564,ONE,Ultra Large Container Vessel,8500,Panama
SR00565,SHP00565,Vessel-00565,Maersk,Panamax,12000,Malta
SR00566,SHP00566,Vessel-00566,MSC,Post-Panamax,3000,India
SR00567,SHP00567,Vessel-00567,CMA CGM,Ultra Large Container Vessel,4500,Singapore
SR00568,SHP00568,Vessel-00568,Hapag-Lloyd,Panamax,6500,Liberia
SR00569,SHP00569,Vessel-00569,Evergreen,Post-Panamax,8500,Panama
SR00570,SHP00570,Vessel-00570,ONE,Ultra Large Container Vessel,12000,Malta
SR00571,SHP00571,Vessel-00571,Maersk,Panamax,3000,India
SR00572,SHP00572,Vessel-00572,MSC,Post-Panamax,4500,Singapore
SR00573,SHP00573,Vessel-00573,CMA CGM,Ultra Large Container Vessel,6500,Liberia
SR00574,SHP00574,Vessel-00574,Hapag-Lloyd,Panamax,8500,Panama
SR00575,SHP00575,Vessel-00575,Evergreen,Post-Panamax,12000,Malta
SR00576,SHP00576,Vessel-00576,ONE,Ultra Large Container Vessel,3000,India
SR00577,SHP00577,Vessel-00577,Maersk,Panamax,4500,Singapore
SR00578,SHP00578,Vessel-00578,MSC,Post-Panamax,6500,Liberia
SR00579,SHP00579,Vessel-00579,CMA CGM,Ultra Large Container Vessel,8500,Panama
SR00580,SHP00580,Vessel-00580,Hapag-Lloyd,Panamax,12000,Malta
SR00581,SHP00581,Vessel-00581,Evergreen,Post-Panamax,3000,India
SR00582,SHP00582,Vessel-00582,ONE,Ultra Large Container Vessel,4500,Singapore
SR00583,SHP00583,Vessel-00583,Maersk,Panamax,6500,Liberia
SR00584,SHP00584,Vessel-00584,MSC,Post-Panamax,8500,Panama
SR00585,SHP00585,Vessel-00585,CMA CGM,Ultra Large Container Vessel,12000,Malta
SR00586,SHP00586,Vessel-00586,Hapag-Lloyd,Panamax,3000,India
SR00587,SHP00587,Vessel-00587,Evergreen,Post-Panamax,4500,Singapore
SR00588,SHP00588,Vessel-00588,ONE,Ultra Large Container Vessel,6500,Liberia
SR00589,SHP00589,Vessel-00589,Maersk,Panamax,8500,Panama
SR00590,SHP00590,Vessel-00590,MSC,Post-Panamax,12000,Malta
SR00591,SHP00591,Vessel-00591,CMA CGM,Ultra Large Container Vessel,3000,India
SR00592,SHP00592,Vessel-00592,Hapag-Lloyd,Panamax,4500,Singapore
SR00593,SHP00593,Vessel-00593,Evergreen,Post-Panamax,6500,Liberia
SR00594,SHP00594,Vessel-00594,ONE,Ultra Large Container Vessel,8500,Panama
SR00595,SHP00595,Vessel-00595,Maersk,Panamax,12000,Malta
SR00596,SHP00596,Vessel-00596,MSC,Post-Panamax,3000,India
SR00597,SHP00597,Vessel-00597,CMA CGM,Ultra Large Container Vessel,4500,Singapore
SR00598,SHP00598,Vessel-00598,Hapag-Lloyd,Panamax,6500,Liberia
SR00599,SHP00599,Vessel-00599,Evergreen,Post-Panamax,8500,Panama
SR00600,SHP00600,Vessel-00600,ONE,Ultra Large Container Vessel,12000,Malta
SR00601,SHP00601,Vessel-00601,Maersk,Panamax,3000,India
SR00602,SHP00602,Vessel-00602,MSC,Post-Panamax,4500,Singapore
SR00603,SHP00603,Vessel-00603,CMA CGM,Ultra Large Container Vessel,6500,Liberia
SR00604,SHP00604,Vessel-00604,Hapag-Lloyd,Panamax,8500,Panama
SR00605,SHP00605,Vessel-00605,Evergreen,Post-Panamax,12000,Malta
SR00606,SHP00606,Vessel-00606,ONE,Ultra Large Container Vessel,3000,India
SR00607,SHP00607,Vessel-00607,Maersk,Panamax,4500,Singapore
SR00608,SHP00608,Vessel-00608,MSC,Post-Panamax,6500,Liberia
SR00609,SHP00609,Vessel-00609,CMA CGM,Ultra Large Container Vessel,8500,Panama
SR00610,SHP00610,Vessel-00610,Hapag-Lloyd,Panamax,12000,Malta
SR00611,SHP00611,Vessel-00611,Evergreen,Post-Panamax,3000,India
SR00612,SHP00612,Vessel-00612,ONE,Ultra Large Container Vessel,4500,Singapore
SR00613,SHP00613,Vessel-00613,Maersk,Panamax,6500,Liberia
SR00614,SHP00614,Vessel-00614,MSC,Post-Panamax,8500,Panama
SR00615,SHP00615,Vessel-00615,CMA CGM,Ultra Large Container Vessel,12000,Malta
SR00616,SHP00616,Vessel-00616,Hapag-Lloyd,Panamax,3000,India
SR00617,SHP00617,Vessel-00617,Evergreen,Post-Panamax,4500,Singapore
SR00618,SHP00618,Vessel-00618,ONE,Ultra Large Container Vessel,6500,Liberia
SR00619,SHP00619,Vessel-00619,Maersk,Panamax,8500,Panama
SR00620,SHP00620,Vessel-00620,MSC,Post-Panamax,12000,Malta
SR00621,SHP00621,Vessel-00621,CMA CGM,Ultra Large Container Vessel,3000,India
SR00622,SHP00622,Vessel-00622,Hapag-Lloyd,Panamax,4500,Singapore
SR00623,SHP00623,Vessel-00623,Evergreen,Post-Panamax,6500,Liberia
SR00624,SHP00624,Vessel-00624,ONE,Ultra Large Container Vessel,8500,Panama
SR00625,SHP00625,Vessel-00625,Maersk,Panamax,12000,Malta
SR00626,SHP00626,Vessel-00626,MSC,Post-Panamax,3000,India
SR00627,SHP00627,Vessel-00627,CMA CGM,Ultra Large Container Vessel,4500,Singapore
SR00628,SHP00628,Vessel-00628,Hapag-Lloyd,Panamax,6500,Liberia
SR00629,SHP00629,Vessel-00629,Evergreen,Post-Panamax,8500,Panama
SR00630,SHP00630,Vessel-00630,ONE,Ultra Large Container Vessel,12000,Malta
SR00631,SHP00631,Vessel-00631,Maersk,Panamax,3000,India
SR00632,SHP00632,Vessel-00632,MSC,Post-Panamax,4500,Singapore
SR00633,SHP00633,Vessel-00633,CMA CGM,Ultra Large Container Vessel,6500,Liberia
SR00634,SHP00634,Vessel-00634,Hapag-Lloyd,Panamax,8500,Panama
SR00635,SHP00635,Vessel-00635,Evergreen,Post-Panamax,12000,Malta
SR00636,SHP00636,Vessel-00636,ONE,Ultra Large Container Vessel,3000,India
SR00637,SHP00637,Vessel-00637,Maersk,Panamax,4500,Singapore
SR00638,SHP00638,Vessel-00638,MSC,Post-Panamax,6500,Liberia
SR00639,SHP00639,Vessel-00639,CMA CGM,Ultra Large Container Vessel,8500,Panama
SR00640,SHP00640,Vessel-00640,Hapag-Lloyd,Panamax,12000,Malta
SR00641,SHP00641,Vessel-00641,Evergreen,Post-Panamax,3000,India
SR00642,SHP00642,Vessel-00642,ONE,Ultra Large Container Vessel,4500,Singapore
SR00643,SHP00643,Vessel-00643,Maersk,Panamax,6500,Liberia
SR00644,SHP00644,Vessel-00644,MSC,Post-Panamax,8500,Panama
SR00645,SHP00645,Vessel-00645,CMA CGM,Ultra Large Container Vessel,12000,Malta
SR00646,SHP00646,Vessel-00646,Hapag-Lloyd,Panamax,3000,India
SR00647,SHP00647,Vessel-00647,Evergreen,Post-Panamax,4500,Singapore
SR00648,SHP00648,Vessel-00648,ONE,Ultra Large Container Vessel,6500,Liberia
SR00649,SHP00649,Vessel-00649,Maersk,Panamax,8500,Panama
SR00650,SHP00650,Vessel-00650,MSC,Post-Panamax,12000,Malta
SR00651,SHP00651,Vessel-00651,CMA CGM,Ultra Large Container Vessel,3000,India
SR00652,SHP00652,Vessel-00652,Hapag-Lloyd,Panamax,4500,Singapore
SR00653,SHP00653,Vessel-00653,Evergreen,Post-Panamax,6500,Liberia
SR00654,SHP00654,Vessel-00654,ONE,Ultra Large Container Vessel,8500,Panama
SR00655,SHP00655,Vessel-00655,Maersk,Panamax,12000,Malta
SR00656,SHP00656,Vessel-00656,MSC,Post-Panamax,3000,India
SR00657,SHP00657,Vessel-00657,CMA CGM,Ultra Large Container Vessel,4500,Singapore
SR00658,SHP00658,Vessel-00658,Hapag-Lloyd,Panamax,6500,Liberia
SR00659,SHP00659,Vessel-00659,Evergreen,Post-Panamax,8500,Panama
SR00660,SHP00660,Vessel-00660,ONE,Ultra Large Container Vessel,12000,Malta
SR00661,SHP00661,Vessel-00661,Maersk,Panamax,3000,India
SR00662,SHP00662,Vessel-00662,MSC,Post-Panamax,4500,Singapore
SR00663,SHP00663,Vessel-00663,CMA CGM,Ultra Large Container Vessel,6500,Liberia
SR00664,SHP00664,Vessel-00664,Hapag-Lloyd,Panamax,8500,Panama
SR00665,SHP00665,Vessel-00665,Evergreen,Post-Panamax,12000,Malta
SR00666,SHP00666,Vessel-00666,ONE,Ultra Large Container Vessel,3000,India
SR00667,SHP00667,Vessel-00667,Maersk,Panamax,4500,Singapore
SR00668,SHP00668,Vessel-00668,MSC,Post-Panamax,6500,Liberia
SR00669,SHP00669,Vessel-00669,CMA CGM,Ultra Large Container Vessel,8500,Panama
SR00670,SHP00670,Vessel-00670,Hapag-Lloyd,Panamax,12000,Malta
SR00671,SHP00671,Vessel-00671,Evergreen,Post-Panamax,3000,India
SR00672,SHP00672,Vessel-00672,ONE,Ultra Large Container Vessel,4500,Singapore
SR00673,SHP00673,Vessel-00673,Maersk,Panamax,6500,Liberia
SR00674,SHP00674,Vessel-00674,MSC,Post-Panamax,8500,Panama
SR00675,SHP00675,Vessel-00675,CMA CGM,Ultra Large Container Vessel,12000,Malta
SR00676,SHP00676,Vessel-00676,Hapag-Lloyd,Panamax,3000,India
SR00677,SHP00677,Vessel-00677,Evergreen,Post-Panamax,4500,Singapore
SR00678,SHP00678,Vessel-00678,ONE,Ultra Large Container Vessel,6500,Liberia
SR00679,SHP00679,Vessel-00679,Maersk,Panamax,8500,Panama
SR00680,SHP00680,Vessel-00680,MSC,Post-Panamax,12000,Malta
SR00681,SHP00681,Vessel-00681,CMA CGM,Ultra Large Container Vessel,3000,India
SR00682,SHP00682,Vessel-00682,Hapag-Lloyd,Panamax,4500,Singapore
SR00683,SHP00683,Vessel-00683,Evergreen,Post-Panamax,6500,Liberia
SR00684,SHP00684,Vessel-00684,ONE,Ultra Large Container Vessel,8500,Panama
SR00685,SHP00685,Vessel-00685,Maersk,Panamax,12000,Malta
SR00686,SHP00686,Vessel-00686,MSC,Post-Panamax,3000,India
SR00687,SHP00687,Vessel-00687,CMA CGM,Ultra Large Container Vessel,4500,Singapore
SR00688,SHP00688,Vessel-00688,Hapag-Lloyd,Panamax,6500,Liberia
SR00689,SHP00689,Vessel-00689,Evergreen,Post-Panamax,8500,Panama
SR00690,SHP00690,Vessel-00690,ONE,Ultra Large Container Vessel,12000,Malta
SR00691,SHP00691,Vessel-00691,Maersk,Panamax,3000,India
SR00692,SHP00692,Vessel-00692,MSC,Post-Panamax,4500,Singapore
SR00693,SHP00693,Vessel-00693,CMA CGM,Ultra Large Container Vessel,6500,Liberia
SR00694,SHP00694,Vessel-00694,Hapag-Lloyd,Panamax,8500,Panama
SR00695,SHP00695,Vessel-00695,Evergreen,Post-Panamax,12000,Malta
SR00696,SHP00696,Vessel-00696,ONE,Ultra Large Container Vessel,3000,India
SR00697,SHP00697,Vessel-00697,Maersk,Panamax,4500,Singapore
SR00698,SHP00698,Vessel-00698,MSC,Post-Panamax,6500,Liberia
SR00699,SHP00699,Vessel-00699,CMA CGM,Ultra Large Container Vessel,8500,Panama
SR00700,SHP00700,Vessel-00700,Hapag-Lloyd,Panamax,12000,Malta
SR00701,SHP00701,Vessel-00701,Evergreen,Post-Panamax,3000,India
SR00702,SHP00702,Vessel-00702,ONE,Ultra Large Container Vessel,4500,Singapore
SR00703,SHP00703,Vessel-00703,Maersk,Panamax,6500,Liberia
SR00704,SHP00704,Vessel-00704,MSC,Post-Panamax,8500,Panama
SR00705,SHP00705,Vessel-00705,CMA CGM,Ultra Large Container Vessel,12000,Malta
SR00706,SHP00706,Vessel-00706,Hapag-Lloyd,Panamax,3000,India
SR00707,SHP00707,Vessel-00707,Evergreen,Post-Panamax,4500,Singapore
SR00708,SHP00708,Vessel-00708,ONE,Ultra Large Container Vessel,6500,Liberia
SR00709,SHP00709,Vessel-00709,Maersk,Panamax,8500,Panama
SR00710,SHP00710,Vessel-00710,MSC,Post-Panamax,12000,Malta
SR00711,SHP00711,Vessel-00711,CMA CGM,Ultra Large Container Vessel,3000,India
SR00712,SHP00712,Vessel-00712,Hapag-Lloyd,Panamax,4500,Singapore
SR00713,SHP00713,Vessel-00713,Evergreen,Post-Panamax,6500,Liberia
SR00714,SHP00714,Vessel-00714,ONE,Ultra Large Container Vessel,8500,Panama
SR00715,SHP00715,Vessel-00715,Maersk,Panamax,12000,Malta
SR00716,SHP00716,Vessel-00716,MSC,Post-Panamax,3000,India
SR00717,SHP00717,Vessel-00717,CMA CGM,Ultra Large Container Vessel,4500,Singapore
SR00718,SHP00718,Vessel-00718,Hapag-Lloyd,Panamax,6500,Liberia
SR00719,SHP00719,Vessel-00719,Evergreen,Post-Panamax,8500,Panama
SR00720,SHP00720,Vessel-00720,ONE,Ultra Large Container Vessel,12000,Malta
SR00721,SHP00721,Vessel-00721,Maersk,Panamax,3000,India
SR00722,SHP00722,Vessel-00722,MSC,Post-Panamax,4500,Singapore
SR00723,SHP00723,Vessel-00723,CMA CGM,Ultra Large Container Vessel,6500,Liberia
SR00724,SHP00724,Vessel-00724,Hapag-Lloyd,Panamax,8500,Panama
SR00725,SHP00725,Vessel-00725,Evergreen,Post-Panamax,12000,Malta
SR00726,SHP00726,Vessel-00726,ONE,Ultra Large Container Vessel,3000,India
SR00727,SHP00727,Vessel-00727,Maersk,Panamax,4500,Singapore
SR00728,SHP00728,Vessel-00728,MSC,Post-Panamax,6500,Liberia
SR00729,SHP00729,Vessel-00729,CMA CGM,Ultra Large Container Vessel,8500,Panama
SR00730,SHP00730,Vessel-00730,Hapag-Lloyd,Panamax,12000,Malta
SR00731,SHP00731,Vessel-00731,Evergreen,Post-Panamax,3000,India
SR00732,SHP00732,Vessel-00732,ONE,Ultra Large Container Vessel,4500,Singapore
SR00733,SHP00733,Vessel-00733,Maersk,Panamax,6500,Liberia
SR00734,SHP00734,Vessel-00734,MSC,Post-Panamax,8500,Panama
SR00735,SHP00735,Vessel-00735,CMA CGM,Ultra Large Container Vessel,12000,Malta
SR00736,SHP00736,Vessel-00736,Hapag-Lloyd,Panamax,3000,India
SR00737,SHP00737,Vessel-00737,Evergreen,Post-Panamax,4500,Singapore
SR00738,SHP00738,Vessel-00738,ONE,Ultra Large Container Vessel,6500,Liberia
SR00739,SHP00739,Vessel-00739,Maersk,Panamax,8500,Panama
SR00740,SHP00740,Vessel-00740,MSC,Post-Panamax,12000,Malta
SR00741,SHP00741,Vessel-00741,CMA CGM,Ultra Large Container Vessel,3000,India
SR00742,SHP00742,Vessel-00742,Hapag-Lloyd,Panamax,4500,Singapore
SR00743,SHP00743,Vessel-00743,Evergreen,Post-Panamax,6500,Liberia
SR00744,SHP00744,Vessel-00744,ONE,Ultra Large Container Vessel,8500,Panama
SR00745,SHP00745,Vessel-00745,Maersk,Panamax,12000,Malta
SR00746,SHP00746,Vessel-00746,MSC,Post-Panamax,3000,India
SR00747,SHP00747,Vessel-00747,CMA CGM,Ultra Large Container Vessel,4500,Singapore
SR00748,SHP00748,Vessel-00748,Hapag-Lloyd,Panamax,6500,Liberia
SR00749,SHP00749,Vessel-00749,Evergreen,Post-Panamax,8500,Panama
SR00750,SHP00750,Vessel-00750,ONE,Ultra Large Container Vessel,12000,Malta
SR00751,SHP00751,Vessel-00751,Maersk,Panamax,3000,India
SR00752,SHP00752,Vessel-00752,MSC,Post-Panamax,4500,Singapore
SR00753,SHP00753,Vessel-00753,CMA CGM,Ultra Large Container Vessel,6500,Liberia
SR00754,SHP00754,Vessel-00754,Hapag-Lloyd,Panamax,8500,Panama
SR00755,SHP00755,Vessel-00755,Evergreen,Post-Panamax,12000,Malta
SR00756,SHP00756,Vessel-00756,ONE,Ultra Large Container Vessel,3000,India
SR00757,SHP00757,Vessel-00757,Maersk,Panamax,4500,Singapore
SR00758,SHP00758,Vessel-00758,MSC,Post-Panamax,6500,Liberia
SR00759,SHP00759,Vessel-00759,CMA CGM,Ultra Large Container Vessel,8500,Panama
SR00760,SHP00760,Vessel-00760,Hapag-Lloyd,Panamax,12000,Malta
SR00761,SHP00761,Vessel-00761,Evergreen,Post-Panamax,3000,India
SR00762,SHP00762,Vessel-00762,ONE,Ultra Large Container Vessel,4500,Singapore
SR00763,SHP00763,Vessel-00763,Maersk,Panamax,6500,Liberia
SR00764,SHP00764,Vessel-00764,MSC,Post-Panamax,8500,Panama
SR00765,SHP00765,Vessel-00765,CMA CGM,Ultra Large Container Vessel,12000,Malta
SR00766,SHP00766,Vessel-00766,Hapag-Lloyd,Panamax,3000,India
SR00767,SHP00767,Vessel-00767,Evergreen,Post-Panamax,4500,Singapore
SR00768,SHP00768,Vessel-00768,ONE,Ultra Large Container Vessel,6500,Liberia
SR00769,SHP00769,Vessel-00769,Maersk,Panamax,8500,Panama
SR00770,SHP00770,Vessel-00770,MSC,Post-Panamax,12000,Malta
SR00771,SHP00771,Vessel-00771,CMA CGM,Ultra Large Container Vessel,3000,India
SR00772,SHP00772,Vessel-00772,Hapag-Lloyd,Panamax,4500,Singapore
SR00773,SHP00773,Vessel-00773,Evergreen,Post-Panamax,6500,Liberia
SR00774,SHP00774,Vessel-00774,ONE,Ultra Large Container Vessel,8500,Panama
SR00775,SHP00775,Vessel-00775,Maersk,Panamax,12000,Malta
SR00776,SHP00776,Vessel-00776,MSC,Post-Panamax,3000,India
SR00777,SHP00777,Vessel-00777,CMA CGM,Ultra Large Container Vessel,4500,Singapore
SR00778,SHP00778,Vessel-00778,Hapag-Lloyd,Panamax,6500,Liberia
SR00779,SHP00779,Vessel-00779,Evergreen,Post-Panamax,8500,Panama
SR00780,SHP00780,Vessel-00780,ONE,Ultra Large Container Vessel,12000,Malta
SR00781,SHP00781,Vessel-00781,Maersk,Panamax,3000,India
SR00782,SHP00782,Vessel-00782,MSC,Post-Panamax,4500,Singapore
SR00783,SHP00783,Vessel-00783,CMA CGM,Ultra Large Container Vessel,6500,Liberia
SR00784,SHP00784,Vessel-00784,Hapag-Lloyd,Panamax,8500,Panama
SR00785,SHP00785,Vessel-00785,Evergreen,Post-Panamax,12000,Malta
SR00786,SHP00786,Vessel-00786,ONE,Ultra Large Container Vessel,3000,India
SR00787,SHP00787,Vessel-00787,Maersk,Panamax,4500,Singapore
SR00788,SHP00788,Vessel-00788,MSC,Post-Panamax,6500,Liberia
SR00789,SHP00789,Vessel-00789,CMA CGM,Ultra Large Container Vessel,8500,Panama
SR00790,SHP00790,Vessel-00790,Hapag-Lloyd,Panamax,12000,Malta
SR00791,SHP00791,Vessel-00791,Evergreen,Post-Panamax,3000,India
SR00792,SHP00792,Vessel-00792,ONE,Ultra Large Container Vessel,4500,Singapore
SR00793,SHP00793,Vessel-00793,Maersk,Panamax,6500,Liberia
SR00794,SHP00794,Vessel-00794,MSC,Post-Panamax,8500,Panama
SR00795,SHP00795,Vessel-00795,CMA CGM,Ultra Large Container Vessel,12000,Malta
SR00796,SHP00796,Vessel-00796,Hapag-Lloyd,Panamax,3000,India
SR00797,SHP00797,Vessel-00797,Evergreen,Post-Panamax,4500,Singapore
SR00798,SHP00798,Vessel-00798,ONE,Ultra Large Container Vessel,6500,Liberia
SR00799,SHP00799,Vessel-00799,Maersk,Panamax,8500,Panama
SR00800,SHP00800,Vessel-00800,MSC,Post-Panamax,12000,Malta
SR00801,SHP00801,Vessel-00801,CMA CGM,Ultra Large Container Vessel,3000,India
SR00802,SHP00802,Vessel-00802,Hapag-Lloyd,Panamax,4500,Singapore
SR00803,SHP00803,Vessel-00803,Evergreen,Post-Panamax,6500,Liberia
SR00804,SHP00804,Vessel-00804,ONE,Ultra Large Container Vessel,8500,Panama
SR00805,SHP00805,Vessel-00805,Maersk,Panamax,12000,Malta
SR00806,SHP00806,Vessel-00806,MSC,Post-Panamax,3000,India
SR00807,SHP00807,Vessel-00807,CMA CGM,Ultra Large Container Vessel,4500,Singapore
SR00808,SHP00808,Vessel-00808,Hapag-Lloyd,Panamax,6500,Liberia
SR00809,SHP00809,Vessel-00809,Evergreen,Post-Panamax,8500,Panama
SR00810,SHP00810,Vessel-00810,ONE,Ultra Large Container Vessel,12000,Malta
SR00811,SHP00811,Vessel-00811,Maersk,Panamax,3000,India
SR00812,SHP00812,Vessel-00812,MSC,Post-Panamax,4500,Singapore
SR00813,SHP00813,Vessel-00813,CMA CGM,Ultra Large Container Vessel,6500,Liberia
SR00814,SHP00814,Vessel-00814,Hapag-Lloyd,Panamax,8500,Panama
SR00815,SHP00815,Vessel-00815,Evergreen,Post-Panamax,12000,Malta
SR00816,SHP00816,Vessel-00816,ONE,Ultra Large Container Vessel,3000,India
SR00817,SHP00817,Vessel-00817,Maersk,Panamax,4500,Singapore
SR00818,SHP00818,Vessel-00818,MSC,Post-Panamax,6500,Liberia
SR00819,SHP00819,Vessel-00819,CMA CGM,Ultra Large Container Vessel,8500,Panama
SR00820,SHP00820,Vessel-00820,Hapag-Lloyd,Panamax,12000,Malta
SR00821,SHP00821,Vessel-00821,Evergreen,Post-Panamax,3000,India
SR00822,SHP00822,Vessel-00822,ONE,Ultra Large Container Vessel,4500,Singapore
SR00823,SHP00823,Vessel-00823,Maersk,Panamax,6500,Liberia
SR00824,SHP00824,Vessel-00824,MSC,Post-Panamax,8500,Panama
SR00825,SHP00825,Vessel-00825,CMA CGM,Ultra Large Container Vessel,12000,Malta
SR00826,SHP00826,Vessel-00826,Hapag-Lloyd,Panamax,3000,India
SR00827,SHP00827,Vessel-00827,Evergreen,Post-Panamax,4500,Singapore
SR00828,SHP00828,Vessel-00828,ONE,Ultra Large Container Vessel,6500,Liberia
SR00829,SHP00829,Vessel-00829,Maersk,Panamax,8500,Panama
SR00830,SHP00830,Vessel-00830,MSC,Post-Panamax,12000,Malta
SR00831,SHP00831,Vessel-00831,CMA CGM,Ultra Large Container Vessel,3000,India
SR00832,SHP00832,Vessel-00832,Hapag-Lloyd,Panamax,4500,Singapore
SR00833,SHP00833,Vessel-00833,Evergreen,Post-Panamax,6500,Liberia
SR00834,SHP00834,Vessel-00834,ONE,Ultra Large Container Vessel,8500,Panama
SR00835,SHP00835,Vessel-00835,Maersk,Panamax,12000,Malta
SR00836,SHP00836,Vessel-00836,MSC,Post-Panamax,3000,India
SR00837,SHP00837,Vessel-00837,CMA CGM,Ultra Large Container Vessel,4500,Singapore
SR00838,SHP00838,Vessel-00838,Hapag-Lloyd,Panamax,6500,Liberia
SR00839,SHP00839,Vessel-00839,Evergreen,Post-Panamax,8500,Panama
SR00840,SHP00840,Vessel-00840,ONE,Ultra Large Container Vessel,12000,Malta
SR00841,SHP00841,Vessel-00841,Maersk,Panamax,3000,India
SR00842,SHP00842,Vessel-00842,MSC,Post-Panamax,4500,Singapore
SR00843,SHP00843,Vessel-00843,CMA CGM,Ultra Large Container Vessel,6500,Liberia
SR00844,SHP00844,Vessel-00844,Hapag-Lloyd,Panamax,8500,Panama
SR00845,SHP00845,Vessel-00845,Evergreen,Post-Panamax,12000,Malta
SR00846,SHP00846,Vessel-00846,ONE,Ultra Large Container Vessel,3000,India
SR00847,SHP00847,Vessel-00847,Maersk,Panamax,4500,Singapore
SR00848,SHP00848,Vessel-00848,MSC,Post-Panamax,6500,Liberia
SR00849,SHP00849,Vessel-00849,CMA CGM,Ultra Large Container Vessel,8500,Panama
SR00850,SHP00850,Vessel-00850,Hapag-Lloyd,Panamax,12000,Malta
SR00851,SHP00851,Vessel-00851,Evergreen,Post-Panamax,3000,India
SR00852,SHP00852,Vessel-00852,ONE,Ultra Large Container Vessel,4500,Singapore
SR00853,SHP00853,Vessel-00853,Maersk,Panamax,6500,Liberia
SR00854,SHP00854,Vessel-00854,MSC,Post-Panamax,8500,Panama
SR00855,SHP00855,Vessel-00855,CMA CGM,Ultra Large Container Vessel,12000,Malta
SR00856,SHP00856,Vessel-00856,Hapag-Lloyd,Panamax,3000,India
SR00857,SHP00857,Vessel-00857,Evergreen,Post-Panamax,4500,Singapore
SR00858,SHP00858,Vessel-00858,ONE,Ultra Large Container Vessel,6500,Liberia
SR00859,SHP00859,Vessel-00859,Maersk,Panamax,8500,Panama
SR00860,SHP00860,Vessel-00860,MSC,Post-Panamax,12000,Malta
SR00861,SHP00861,Vessel-00861,CMA CGM,Ultra Large Container Vessel,3000,India
SR00862,SHP00862,Vessel-00862,Hapag-Lloyd,Panamax,4500,Singapore
SR00863,SHP00863,Vessel-00863,Evergreen,Post-Panamax,6500,Liberia
SR00864,SHP00864,Vessel-00864,ONE,Ultra Large Container Vessel,8500,Panama
SR00865,SHP00865,Vessel-00865,Maersk,Panamax,12000,Malta
SR00866,SHP00866,Vessel-00866,MSC,Post-Panamax,3000,India
SR00867,SHP00867,Vessel-00867,CMA CGM,Ultra Large Container Vessel,4500,Singapore
SR00868,SHP00868,Vessel-00868,Hapag-Lloyd,Panamax,6500,Liberia
SR00869,SHP00869,Vessel-00869,Evergreen,Post-Panamax,8500,Panama
SR00870,SHP00870,Vessel-00870,ONE,Ultra Large Container Vessel,12000,Malta
SR00871,SHP00871,Vessel-00871,Maersk,Panamax,3000,India
SR00872,SHP00872,Vessel-00872,MSC,Post-Panamax,4500,Singapore
SR00873,SHP00873,Vessel-00873,CMA CGM,Ultra Large Container Vessel,6500,Liberia
SR00874,SHP00874,Vessel-00874,Hapag-Lloyd,Panamax,8500,Panama
SR00875,SHP00875,Vessel-00875,Evergreen,Post-Panamax,12000,Malta
SR00876,SHP00876,Vessel-00876,ONE,Ultra Large Container Vessel,3000,India
SR00877,SHP00877,Vessel-00877,Maersk,Panamax,4500,Singapore
SR00878,SHP00878,Vessel-00878,MSC,Post-Panamax,6500,Liberia
SR00879,SHP00879,Vessel-00879,CMA CGM,Ultra Large Container Vessel,8500,Panama
SR00880,SHP00880,Vessel-00880,Hapag-Lloyd,Panamax,12000,Malta
SR00881,SHP00881,Vessel-00881,Evergreen,Post-Panamax,3000,India
SR00882,SHP00882,Vessel-00882,ONE,Ultra Large Container Vessel,4500,Singapore
SR00883,SHP00883,Vessel-00883,Maersk,Panamax,6500,Liberia
SR00884,SHP00884,Vessel-00884,MSC,Post-Panamax,8500,Panama
SR00885,SHP00885,Vessel-00885,CMA CGM,Ultra Large Container Vessel,12000,Malta
SR00886,SHP00886,Vessel-00886,Hapag-Lloyd,Panamax,3000,India
SR00887,SHP00887,Vessel-00887,Evergreen,Post-Panamax,4500,Singapore
SR00888,SHP00888,Vessel-00888,ONE,Ultra Large Container Vessel,6500,Liberia
SR00889,SHP00889,Vessel-00889,Maersk,Panamax,8500,Panama
SR00890,SHP00890,Vessel-00890,MSC,Post-Panamax,12000,Malta
SR00891,SHP00891,Vessel-00891,CMA CGM,Ultra Large Container Vessel,3000,India
SR00892,SHP00892,Vessel-00892,Hapag-Lloyd,Panamax,4500,Singapore
SR00893,SHP00893,Vessel-00893,Evergreen,Post-Panamax,6500,Liberia
SR00894,SHP00894,Vessel-00894,ONE,Ultra Large Container Vessel,8500,Panama
SR00895,SHP00895,Vessel-00895,Maersk,Panamax,12000,Malta
SR00896,SHP00896,Vessel-00896,MSC,Post-Panamax,3000,India
SR00897,SHP00897,Vessel-00897,CMA CGM,Ultra Large Container Vessel,4500,Singapore
SR00898,SHP00898,Vessel-00898,Hapag-Lloyd,Panamax,6500,Liberia
SR00899,SHP00899,Vessel-00899,Evergreen,Post-Panamax,8500,Panama
SR00900,SHP00900,Vessel-00900,ONE,Ultra Large Container Vessel,12000,Malta
SR00901,SHP00901,Vessel-00901,Maersk,Panamax,3000,India
SR00902,SHP00902,Vessel-00902,MSC,Post-Panamax,4500,Singapore
SR00903,SHP00903,Vessel-00903,CMA CGM,Ultra Large Container Vessel,6500,Liberia
SR00904,SHP00904,Vessel-00904,Hapag-Lloyd,Panamax,8500,Panama
SR00905,SHP00905,Vessel-00905,Evergreen,Post-Panamax,12000,Malta
SR00906,SHP00906,Vessel-00906,ONE,Ultra Large Container Vessel,3000,India
SR00907,SHP00907,Vessel-00907,Maersk,Panamax,4500,Singapore
SR00908,SHP00908,Vessel-00908,MSC,Post-Panamax,6500,Liberia
SR00909,SHP00909,Vessel-00909,CMA CGM,Ultra Large Container Vessel,8500,Panama
SR00910,SHP00910,Vessel-00910,Hapag-Lloyd,Panamax,12000,Malta
SR00911,SHP00911,Vessel-00911,Evergreen,Post-Panamax,3000,India
SR00912,SHP00912,Vessel-00912,ONE,Ultra Large Container Vessel,4500,Singapore
SR00913,SHP00913,Vessel-00913,Maersk,Panamax,6500,Liberia
SR00914,SHP00914,Vessel-00914,MSC,Post-Panamax,8500,Panama
SR00915,SHP00915,Vessel-00915,CMA CGM,Ultra Large Container Vessel,12000,Malta
SR00916,SHP00916,Vessel-00916,Hapag-Lloyd,Panamax,3000,India
SR00917,SHP00917,Vessel-00917,Evergreen,Post-Panamax,4500,Singapore
SR00918,SHP00918,Vessel-00918,ONE,Ultra Large Container Vessel,6500,Liberia
SR00919,SHP00919,Vessel-00919,Maersk,Panamax,8500,Panama
SR00920,SHP00920,Vessel-00920,MSC,Post-Panamax,12000,Malta
SR00921,SHP00921,Vessel-00921,CMA CGM,Ultra Large Container Vessel,3000,India
SR00922,SHP00922,Vessel-00922,Hapag-Lloyd,Panamax,4500,Singapore
SR00923,SHP00923,Vessel-00923,Evergreen,Post-Panamax,6500,Liberia
SR00924,SHP00924,Vessel-00924,ONE,Ultra Large Container Vessel,8500,Panama
SR00925,SHP00925,Vessel-00925,Maersk,Panamax,12000,Malta
SR00926,SHP00926,Vessel-00926,MSC,Post-Panamax,3000,India
SR00927,SHP00927,Vessel-00927,CMA CGM,Ultra Large Container Vessel,4500,Singapore
SR00928,SHP00928,Vessel-00928,Hapag-Lloyd,Panamax,6500,Liberia
SR00929,SHP00929,Vessel-00929,Evergreen,Post-Panamax,8500,Panama
SR00930,SHP00930,Vessel-00930,ONE,Ultra Large Container Vessel,12000,Malta
SR00931,SHP00931,Vessel-00931,Maersk,Panamax,3000,India
SR00932,SHP00932,Vessel-00932,MSC,Post-Panamax,4500,Singapore
SR00933,SHP00933,Vessel-00933,CMA CGM,Ultra Large Container Vessel,6500,Liberia
SR00934,SHP00934,Vessel-00934,Hapag-Lloyd,Panamax,8500,Panama
SR00935,SHP00935,Vessel-00935,Evergreen,Post-Panamax,12000,Malta
SR00936,SHP00936,Vessel-00936,ONE,Ultra Large Container Vessel,3000,India
SR00937,SHP00937,Vessel-00937,Maersk,Panamax,4500,Singapore
SR00938,SHP00938,Vessel-00938,MSC,Post-Panamax,6500,Liberia
SR00939,SHP00939,Vessel-00939,CMA CGM,Ultra Large Container Vessel,8500,Panama
SR00940,SHP00940,Vessel-00940,Hapag-Lloyd,Panamax,12000,Malta
SR00941,SHP00941,Vessel-00941,Evergreen,Post-Panamax,3000,India
SR00942,SHP00942,Vessel-00942,ONE,Ultra Large Container Vessel,4500,Singapore
SR00943,SHP00943,Vessel-00943,Maersk,Panamax,6500,Liberia
SR00944,SHP00944,Vessel-00944,MSC,Post-Panamax,8500,Panama
SR00945,SHP00945,Vessel-00945,CMA CGM,Ultra Large Container Vessel,12000,Malta
SR00946,SHP00946,Vessel-00946,Hapag-Lloyd,Panamax,3000,India
SR00947,SHP00947,Vessel-00947,Evergreen,Post-Panamax,4500,Singapore
SR00948,SHP00948,Vessel-00948,ONE,Ultra Large Container Vessel,6500,Liberia
SR00949,SHP00949,Vessel-00949,Maersk,Panamax,8500,Panama
SR00950,SHP00950,Vessel-00950,MSC,Post-Panamax,12000,Malta
SR00951,SHP00951,Vessel-00951,CMA CGM,Ultra Large Container Vessel,3000,India
SR00952,SHP00952,Vessel-00952,Hapag-Lloyd,Panamax,4500,Singapore
SR00953,SHP00953,Vessel-00953,Evergreen,Post-Panamax,6500,Liberia
SR00954,SHP00954,Vessel-00954,ONE,Ultra Large Container Vessel,8500,Panama
SR00955,SHP00955,Vessel-00955,Maersk,Panamax,12000,Malta
SR00956,SHP00956,Vessel-00956,MSC,Post-Panamax,3000,India
SR00957,SHP00957,Vessel-00957,CMA CGM,Ultra Large Container Vessel,4500,Singapore
SR00958,SHP00958,Vessel-00958,Hapag-Lloyd,Panamax,6500,Liberia
SR00959,SHP00959,Vessel-00959,Evergreen,Post-Panamax,8500,Panama
SR00960,SHP00960,Vessel-00960,ONE,Ultra Large Container Vessel,12000,Malta
SR00961,SHP00961,Vessel-00961,Maersk,Panamax,3000,India
SR00962,SHP00962,Vessel-00962,MSC,Post-Panamax,4500,Singapore
SR00963,SHP00963,Vessel-00963,CMA CGM,Ultra Large Container Vessel,6500,Liberia
SR00964,SHP00964,Vessel-00964,Hapag-Lloyd,Panamax,8500,Panama
SR00965,SHP00965,Vessel-00965,Evergreen,Post-Panamax,12000,Malta
SR00966,SHP00966,Vessel-00966,ONE,Ultra Large Container Vessel,3000,India
SR00967,SHP00967,Vessel-00967,Maersk,Panamax,4500,Singapore
SR00968,SHP00968,Vessel-00968,MSC,Post-Panamax,6500,Liberia
SR00969,SHP00969,Vessel-00969,CMA CGM,Ultra Large Container Vessel,8500,Panama
SR00970,SHP00970,Vessel-00970,Hapag-Lloyd,Panamax,12000,Malta
SR00971,SHP00971,Vessel-00971,Evergreen,Post-Panamax,3000,India
SR00972,SHP00972,Vessel-00972,ONE,Ultra Large Container Vessel,4500,Singapore
SR00973,SHP00973,Vessel-00973,Maersk,Panamax,6500,Liberia
SR00974,SHP00974,Vessel-00974,MSC,Post-Panamax,8500,Panama
SR00975,SHP00975,Vessel-00975,CMA CGM,Ultra Large Container Vessel,12000,Malta
SR00976,SHP00976,Vessel-00976,Hapag-Lloyd,Panamax,3000,India
SR00977,SHP00977,Vessel-00977,Evergreen,Post-Panamax,4500,Singapore
SR00978,SHP00978,Vessel-00978,ONE,Ultra Large Container Vessel,6500,Liberia
SR00979,SHP00979,Vessel-00979,Maersk,Panamax,8500,Panama
SR00980,SHP00980,Vessel-00980,MSC,Post-Panamax,12000,Malta
SR00981,SHP00981,Vessel-00981,CMA CGM,Ultra Large Container Vessel,3000,India
SR00982,SHP00982,Vessel-00982,Hapag-Lloyd,Panamax,4500,Singapore
SR00983,SHP00983,Vessel-00983,Evergreen,Post-Panamax,6500,Liberia
SR00984,SHP00984,Vessel-00984,ONE,Ultra Large Container Vessel,8500,Panama
SR00985,SHP00985,Vessel-00985,Maersk,Panamax,12000,Malta
SR00986,SHP00986,Vessel-00986,MSC,Post-Panamax,3000,India
SR00987,SHP00987,Vessel-00987,CMA CGM,Ultra Large Container Vessel,4500,Singapore
SR00988,SHP00988,Vessel-00988,Hapag-Lloyd,Panamax,6500,Liberia
SR00989,SHP00989,Vessel-00989,Evergreen,Post-Panamax,8500,Panama
SR00990,SHP00990,Vessel-00990,ONE,Ultra Large Container Vessel,12000,Malta
SR00991,SHP00991,Vessel-00991,Maersk,Panamax,3000,India
SR00992,SHP00992,Vessel-00992,MSC,Post-Panamax,4500,Singapore
SR00993,SHP00993,Vessel-00993,CMA CGM,Ultra Large Container Vessel,6500,Liberia
SR00994,SHP00994,Vessel-00994,Hapag-Lloyd,Panamax,8500,Panama
SR00995,SHP00995,Vessel-00995,Evergreen,Post-Panamax,12000,Malta
SR00996,SHP00996,Vessel-00996,ONE,Ultra Large Container Vessel,3000,India
SR00997,SHP00997,Vessel-00997,Maersk,Panamax,4500,Singapore
SR00998,SHP00998,Vessel-00998,MSC,Post-Panamax,6500,Liberia
SR00999,SHP00999,Vessel-00999,CMA CGM,Ultra Large Container Vessel,8500,Panama
SR01000,SHP01000,Vessel-01000,Hapag-Lloyd,Panamax,12000,Malta
SR01001,SHP01001,Vessel-01001,Evergreen,Post-Panamax,3000,India
SR01002,SHP01002,Vessel-01002,ONE,Ultra Large Container Vessel,4500,Singapore
SR01003,SHP01003,Vessel-01003,Maersk,Panamax,6500,Liberia
SR01004,SHP01004,Vessel-01004,MSC,Post-Panamax,8500,Panama
SR01005,SHP01005,Vessel-01005,CMA CGM,Ultra Large Container Vessel,12000,Malta
SR01006,SHP01006,Vessel-01006,Hapag-Lloyd,Panamax,3000,India
SR01007,SHP01007,Vessel-01007,Evergreen,Post-Panamax,4500,Singapore
SR01008,SHP01008,Vessel-01008,ONE,Ultra Large Container Vessel,6500,Liberia
SR01009,SHP01009,Vessel-01009,Maersk,Panamax,8500,Panama
SR01010,SHP01010,Vessel-01010,MSC,Post-Panamax,12000,Malta
SR01011,SHP01011,Vessel-01011,CMA CGM,Ultra Large Container Vessel,3000,India
SR01012,SHP01012,Vessel-01012,Hapag-Lloyd,Panamax,4500,Singapore
SR01013,SHP01013,Vessel-01013,Evergreen,Post-Panamax,6500,Liberia
SR01014,SHP01014,Vessel-01014,ONE,Ultra Large Container Vessel,8500,Panama
SR01015,SHP01015,Vessel-01015,Maersk,Panamax,12000,Malta
SR01016,SHP01016,Vessel-01016,MSC,Post-Panamax,3000,India
SR01017,SHP01017,Vessel-01017,CMA CGM,Ultra Large Container Vessel,4500,Singapore
SR01018,SHP01018,Vessel-01018,Hapag-Lloyd,Panamax,6500,Liberia
SR01019,SHP01019,Vessel-01019,Evergreen,Post-Panamax,8500,Panama
SR01020,SHP01020,Vessel-01020,ONE,Ultra Large Container Vessel,12000,Malta
SR01021,SHP01021,Vessel-01021,Maersk,Panamax,3000,India
SR01022,SHP01022,Vessel-01022,MSC,Post-Panamax,4500,Singapore
SR01023,SHP01023,Vessel-01023,CMA CGM,Ultra Large Container Vessel,6500,Liberia
SR01024,SHP01024,Vessel-01024,Hapag-Lloyd,Panamax,8500,Panama
SR01025,SHP01025,Vessel-01025,Evergreen,Post-Panamax,12000,Malta
SR01026,SHP01026,Vessel-01026,ONE,Ultra Large Container Vessel,3000,India
SR01027,SHP01027,Vessel-01027,Maersk,Panamax,4500,Singapore
SR01028,SHP01028,Vessel-01028,MSC,Post-Panamax,6500,Liberia
SR01029,SHP01029,Vessel-01029,CMA CGM,Ultra Large Container Vessel,8500,Panama
SR01030,SHP01030,Vessel-01030,Hapag-Lloyd,Panamax,12000,Malta
SR01031,SHP01031,Vessel-01031,Evergreen,Post-Panamax,3000,India
SR01032,SHP01032,Vessel-01032,ONE,Ultra Large Container Vessel,4500,Singapore
SR01033,SHP01033,Vessel-01033,Maersk,Panamax,6500,Liberia
SR01034,SHP01034,Vessel-01034,MSC,Post-Panamax,8500,Panama
SR01035,SHP01035,Vessel-01035,CMA CGM,Ultra Large Container Vessel,12000,Malta
SR01036,SHP01036,Vessel-01036,Hapag-Lloyd,Panamax,3000,India
SR01037,SHP01037,Vessel-01037,Evergreen,Post-Panamax,4500,Singapore
SR01038,SHP01038,Vessel-01038,ONE,Ultra Large Container Vessel,6500,Liberia
SR01039,SHP01039,Vessel-01039,Maersk,Panamax,8500,Panama
SR01040,SHP01040,Vessel-01040,MSC,Post-Panamax,12000,Malta
SR01041,SHP01041,Vessel-01041,CMA CGM,Ultra Large Container Vessel,3000,India
SR01042,SHP01042,Vessel-01042,Hapag-Lloyd,Panamax,4500,Singapore
SR01043,SHP01043,Vessel-01043,Evergreen,Post-Panamax,6500,Liberia
SR01044,SHP01044,Vessel-01044,ONE,Ultra Large Container Vessel,8500,Panama
SR01045,SHP01045,Vessel-01045,Maersk,Panamax,12000,Malta
SR01046,SHP01046,Vessel-01046,MSC,Post-Panamax,3000,India
SR01047,SHP01047,Vessel-01047,CMA CGM,Ultra Large Container Vessel,4500,Singapore
SR01048,SHP01048,Vessel-01048,Hapag-Lloyd,Panamax,6500,Liberia
SR01049,SHP01049,Vessel-01049,Evergreen,Post-Panamax,8500,Panama
SR01050,SHP01050,Vessel-01050,ONE,Ultra Large Container Vessel,12000,Malta
SR01051,SHP01051,Vessel-01051,Maersk,Panamax,3000,India
SR01052,SHP01052,Vessel-01052,MSC,Post-Panamax,4500,Singapore
SR01053,SHP01053,Vessel-01053,CMA CGM,Ultra Large Container Vessel,6500,Liberia
SR01054,SHP01054,Vessel-01054,Hapag-Lloyd,Panamax,8500,Panama
SR01055,SHP01055,Vessel-01055,Evergreen,Post-Panamax,12000,Malta
SR01056,SHP01056,Vessel-01056,ONE,Ultra Large Container Vessel,3000,India
SR01057,SHP01057,Vessel-01057,Maersk,Panamax,4500,Singapore
SR01058,SHP01058,Vessel-01058,MSC,Post-Panamax,6500,Liberia
SR01059,SHP01059,Vessel-01059,CMA CGM,Ultra Large Container Vessel,8500,Panama
SR01060,SHP01060,Vessel-01060,Hapag-Lloyd,Panamax,12000,Malta
SR01061,SHP01061,Vessel-01061,Evergreen,Post-Panamax,3000,India
SR01062,SHP01062,Vessel-01062,ONE,Ultra Large Container Vessel,4500,Singapore
SR01063,SHP01063,Vessel-01063,Maersk,Panamax,6500,Liberia
SR01064,SHP01064,Vessel-01064,MSC,Post-Panamax,8500,Panama
SR01065,SHP01065,Vessel-01065,CMA CGM,Ultra Large Container Vessel,12000,Malta
SR01066,SHP01066,Vessel-01066,Hapag-Lloyd,Panamax,3000,India
SR01067,SHP01067,Vessel-01067,Evergreen,Post-Panamax,4500,Singapore
SR01068,SHP01068,Vessel-01068,ONE,Ultra Large Container Vessel,6500,Liberia
SR01069,SHP01069,Vessel-01069,Maersk,Panamax,8500,Panama
SR01070,SHP01070,Vessel-01070,MSC,Post-Panamax,12000,Malta
SR01071,SHP01071,Vessel-01071,CMA CGM,Ultra Large Container Vessel,3000,India
SR01072,SHP01072,Vessel-01072,Hapag-Lloyd,Panamax,4500,Singapore
SR01073,SHP01073,Vessel-01073,Evergreen,Post-Panamax,6500,Liberia
SR01074,SHP01074,Vessel-01074,ONE,Ultra Large Container Vessel,8500,Panama
SR01075,SHP01075,Vessel-01075,Maersk,Panamax,12000,Malta
SR01076,SHP01076,Vessel-01076,MSC,Post-Panamax,3000,India
SR01077,SHP01077,Vessel-01077,CMA CGM,Ultra Large Container Vessel,4500,Singapore
SR01078,SHP01078,Vessel-01078,Hapag-Lloyd,Panamax,6500,Liberia
SR01079,SHP01079,Vessel-01079,Evergreen,Post-Panamax,8500,Panama
SR01080,SHP01080,Vessel-01080,ONE,Ultra Large Container Vessel,12000,Malta
SR01081,SHP01081,Vessel-01081,Maersk,Panamax,3000,India
SR01082,SHP01082,Vessel-01082,MSC,Post-Panamax,4500,Singapore
SR01083,SHP01083,Vessel-01083,CMA CGM,Ultra Large Container Vessel,6500,Liberia
SR01084,SHP01084,Vessel-01084,Hapag-Lloyd,Panamax,8500,Panama
SR01085,SHP01085,Vessel-01085,Evergreen,Post-Panamax,12000,Malta
SR01086,SHP01086,Vessel-01086,ONE,Ultra Large Container Vessel,3000,India
SR01087,SHP01087,Vessel-01087,Maersk,Panamax,4500,Singapore
SR01088,SHP01088,Vessel-01088,MSC,Post-Panamax,6500,Liberia
SR01089,SHP01089,Vessel-01089,CMA CGM,Ultra Large Container Vessel,8500,Panama
SR01090,SHP01090,Vessel-01090,Hapag-Lloyd,Panamax,12000,Malta
SR01091,SHP01091,Vessel-01091,Evergreen,Post-Panamax,3000,India
SR01092,SHP01092,Vessel-01092,ONE,Ultra Large Container Vessel,4500,Singapore
SR01093,SHP01093,Vessel-01093,Maersk,Panamax,6500,Liberia
SR01094,SHP01094,Vessel-01094,MSC,Post-Panamax,8500,Panama
SR01095,SHP01095,Vessel-01095,CMA CGM,Ultra Large Container Vessel,12000,Malta
SR01096,SHP01096,Vessel-01096,Hapag-Lloyd,Panamax,3000,India
SR01097,SHP01097,Vessel-01097,Evergreen,Post-Panamax,4500,Singapore
SR01098,SHP01098,Vessel-01098,ONE,Ultra Large Container Vessel,6500,Liberia
SR01099,SHP01099,Vessel-01099,Maersk,Panamax,8500,Panama
SR01100,SHP01100,Vessel-01100,MSC,Post-Panamax,12000,Malta
SR01101,SHP01101,Vessel-01101,CMA CGM,Ultra Large Container Vessel,3000,India
SR01102,SHP01102,Vessel-01102,Hapag-Lloyd,Panamax,4500,Singapore
SR01103,SHP01103,Vessel-01103,Evergreen,Post-Panamax,6500,Liberia
SR01104,SHP01104,Vessel-01104,ONE,Ultra Large Container Vessel,8500,Panama
SR01105,SHP01105,Vessel-01105,Maersk,Panamax,12000,Malta
SR01106,SHP01106,Vessel-01106,MSC,Post-Panamax,3000,India
SR01107,SHP01107,Vessel-01107,CMA CGM,Ultra Large Container Vessel,4500,Singapore
SR01108,SHP01108,Vessel-01108,Hapag-Lloyd,Panamax,6500,Liberia
SR01109,SHP01109,Vessel-01109,Evergreen,Post-Panamax,8500,Panama
SR01110,SHP01110,Vessel-01110,ONE,Ultra Large Container Vessel,12000,Malta
SR01111,SHP01111,Vessel-01111,Maersk,Panamax,3000,India
SR01112,SHP01112,Vessel-01112,MSC,Post-Panamax,4500,Singapore
SR01113,SHP01113,Vessel-01113,CMA CGM,Ultra Large Container Vessel,6500,Liberia
SR01114,SHP01114,Vessel-01114,Hapag-Lloyd,Panamax,8500,Panama
SR01115,SHP01115,Vessel-01115,Evergreen,Post-Panamax,12000,Malta
SR01116,SHP01116,Vessel-01116,ONE,Ultra Large Container Vessel,3000,India
SR01117,SHP01117,Vessel-01117,Maersk,Panamax,4500,Singapore
SR01118,SHP01118,Vessel-01118,MSC,Post-Panamax,6500,Liberia
SR01119,SHP01119,Vessel-01119,CMA CGM,Ultra Large Container Vessel,8500,Panama
SR01120,SHP01120,Vessel-01120,Hapag-Lloyd,Panamax,12000,Malta
SR01121,SHP01121,Vessel-01121,Evergreen,Post-Panamax,3000,India
SR01122,SHP01122,Vessel-01122,ONE,Ultra Large Container Vessel,4500,Singapore
SR01123,SHP01123,Vessel-01123,Maersk,Panamax,6500,Liberia
SR01124,SHP01124,Vessel-01124,MSC,Post-Panamax,8500,Panama
SR01125,SHP01125,Vessel-01125,CMA CGM,Ultra Large Container Vessel,12000,Malta
SR01126,SHP01126,Vessel-01126,Hapag-Lloyd,Panamax,3000,India
SR01127,SHP01127,Vessel-01127,Evergreen,Post-Panamax,4500,Singapore
SR01128,SHP01128,Vessel-01128,ONE,Ultra Large Container Vessel,6500,Liberia
SR01129,SHP01129,Vessel-01129,Maersk,Panamax,8500,Panama
SR01130,SHP01130,Vessel-01130,MSC,Post-Panamax,12000,Malta
SR01131,SHP01131,Vessel-01131,CMA CGM,Ultra Large Container Vessel,3000,India
SR01132,SHP01132,Vessel-01132,Hapag-Lloyd,Panamax,4500,Singapore
SR01133,SHP01133,Vessel-01133,Evergreen,Post-Panamax,6500,Liberia
SR01134,SHP01134,Vessel-01134,ONE,Ultra Large Container Vessel,8500,Panama
SR01135,SHP01135,Vessel-01135,Maersk,Panamax,12000,Malta
SR01136,SHP01136,Vessel-01136,MSC,Post-Panamax,3000,India
SR01137,SHP01137,Vessel-01137,CMA CGM,Ultra Large Container Vessel,4500,Singapore
SR01138,SHP01138,Vessel-01138,Hapag-Lloyd,Panamax,6500,Liberia
SR01139,SHP01139,Vessel-01139,Evergreen,Post-Panamax,8500,Panama
SR01140,SHP01140,Vessel-01140,ONE,Ultra Large Container Vessel,12000,Malta
SR01141,SHP01141,Vessel-01141,Maersk,Panamax,3000,India
SR01142,SHP01142,Vessel-01142,MSC,Post-Panamax,4500,Singapore
SR01143,SHP01143,Vessel-01143,CMA CGM,Ultra Large Container Vessel,6500,Liberia
SR01144,SHP01144,Vessel-01144,Hapag-Lloyd,Panamax,8500,Panama
SR01145,SHP01145,Vessel-01145,Evergreen,Post-Panamax,12000,Malta
SR01146,SHP01146,Vessel-01146,ONE,Ultra Large Container Vessel,3000,India
SR01147,SHP01147,Vessel-01147,Maersk,Panamax,4500,Singapore
SR01148,SHP01148,Vessel-01148,MSC,Post-Panamax,6500,Liberia
SR01149,SHP01149,Vessel-01149,CMA CGM,Ultra Large Container Vessel,8500,Panama
SR01150,SHP01150,Vessel-01150,Hapag-Lloyd,Panamax,12000,Malta
SR01151,SHP01151,Vessel-01151,Evergreen,Post-Panamax,3000,India
SR01152,SHP01152,Vessel-01152,ONE,Ultra Large Container Vessel,4500,Singapore
SR01153,SHP01153,Vessel-01153,Maersk,Panamax,6500,Liberia
SR01154,SHP01154,Vessel-01154,MSC,Post-Panamax,8500,Panama
SR01155,SHP01155,Vessel-01155,CMA CGM,Ultra Large Container Vessel,12000,Malta
SR01156,SHP01156,Vessel-01156,Hapag-Lloyd,Panamax,3000,India
SR01157,SHP01157,Vessel-01157,Evergreen,Post-Panamax,4500,Singapore
SR01158,SHP01158,Vessel-01158,ONE,Ultra Large Container Vessel,6500,Liberia
SR01159,SHP01159,Vessel-01159,Maersk,Panamax,8500,Panama
SR01160,SHP01160,Vessel-01160,MSC,Post-Panamax,12000,Malta
SR01161,SHP01161,Vessel-01161,CMA CGM,Ultra Large Container Vessel,3000,India
SR01162,SHP01162,Vessel-01162,Hapag-Lloyd,Panamax,4500,Singapore
SR01163,SHP01163,Vessel-01163,Evergreen,Post-Panamax,6500,Liberia
SR01164,SHP01164,Vessel-01164,ONE,Ultra Large Container Vessel,8500,Panama
SR01165,SHP01165,Vessel-01165,Maersk,Panamax,12000,Malta
SR01166,SHP01166,Vessel-01166,MSC,Post-Panamax,3000,India
SR01167,SHP01167,Vessel-01167,CMA CGM,Ultra Large Container Vessel,4500,Singapore
SR01168,SHP01168,Vessel-01168,Hapag-Lloyd,Panamax,6500,Liberia
SR01169,SHP01169,Vessel-01169,Evergreen,Post-Panamax,8500,Panama
SR01170,SHP01170,Vessel-01170,ONE,Ultra Large Container Vessel,12000,Malta
SR01171,SHP01171,Vessel-01171,Maersk,Panamax,3000,India
SR01172,SHP01172,Vessel-01172,MSC,Post-Panamax,4500,Singapore
SR01173,SHP01173,Vessel-01173,CMA CGM,Ultra Large Container Vessel,6500,Liberia
SR01174,SHP01174,Vessel-01174,Hapag-Lloyd,Panamax,8500,Panama
SR01175,SHP01175,Vessel-01175,Evergreen,Post-Panamax,12000,Malta
SR01176,SHP01176,Vessel-01176,ONE,Ultra Large Container Vessel,3000,India
SR01177,SHP01177,Vessel-01177,Maersk,Panamax,4500,Singapore
SR01178,SHP01178,Vessel-01178,MSC,Post-Panamax,6500,Liberia
SR01179,SHP01179,Vessel-01179,CMA CGM,Ultra Large Container Vessel,8500,Panama
SR01180,SHP01180,Vessel-01180,Hapag-Lloyd,Panamax,12000,Malta
SR01181,SHP01181,Vessel-01181,Evergreen,Post-Panamax,3000,India
SR01182,SHP01182,Vessel-01182,ONE,Ultra Large Container Vessel,4500,Singapore
SR01183,SHP01183,Vessel-01183,Maersk,Panamax,6500,Liberia
SR01184,SHP01184,Vessel-01184,MSC,Post-Panamax,8500,Panama
SR01185,SHP01185,Vessel-01185,CMA CGM,Ultra Large Container Vessel,12000,Malta
SR01186,SHP01186,Vessel-01186,Hapag-Lloyd,Panamax,3000,India
SR01187,SHP01187,Vessel-01187,Evergreen,Post-Panamax,4500,Singapore
SR01188,SHP01188,Vessel-01188,ONE,Ultra Large Container Vessel,6500,Liberia
SR01189,SHP01189,Vessel-01189,Maersk,Panamax,8500,Panama
SR01190,SHP01190,Vessel-01190,MSC,Post-Panamax,12000,Malta
SR01191,SHP01191,Vessel-01191,CMA CGM,Ultra Large Container Vessel,3000,India
SR01192,SHP01192,Vessel-01192,Hapag-Lloyd,Panamax,4500,Singapore
SR01193,SHP01193,Vessel-01193,Evergreen,Post-Panamax,6500,Liberia
SR01194,SHP01194,Vessel-01194,ONE,Ultra Large Container Vessel,8500,Panama
SR01195,SHP01195,Vessel-01195,Maersk,Panamax,12000,Malta
SR01196,SHP01196,Vessel-01196,MSC,Post-Panamax,3000,India
SR01197,SHP01197,Vessel-01197,CMA CGM,Ultra Large Container Vessel,4500,Singapore
SR01198,SHP01198,Vessel-01198,Hapag-Lloyd,Panamax,6500,Liberia
SR01199,SHP01199,Vessel-01199,Evergreen,Post-Panamax,8500,Panama
SR01200,SHP01200,Vessel-01200,ONE,Ultra Large Container Vessel,12000,Malta
SR01201,SHP01201,Vessel-01201,Maersk,Panamax,3000,India
SR01202,SHP01202,Vessel-01202,MSC,Post-Panamax,4500,Singapore
SR01203,SHP01203,Vessel-01203,CMA CGM,Ultra Large Container Vessel,6500,Liberia
SR01204,SHP01204,Vessel-01204,Hapag-Lloyd,Panamax,8500,Panama
SR01205,SHP01205,Vessel-01205,Evergreen,Post-Panamax,12000,Malta
SR01206,SHP01206,Vessel-01206,ONE,Ultra Large Container Vessel,3000,India
SR01207,SHP01207,Vessel-01207,Maersk,Panamax,4500,Singapore
SR01208,SHP01208,Vessel-01208,MSC,Post-Panamax,6500,Liberia
SR01209,SHP01209,Vessel-01209,CMA CGM,Ultra Large Container Vessel,8500,Panama
SR01210,SHP01210,Vessel-01210,Hapag-Lloyd,Panamax,12000,Malta
SR01211,SHP01211,Vessel-01211,Evergreen,Post-Panamax,3000,India
SR01212,SHP01212,Vessel-01212,ONE,Ultra Large Container Vessel,4500,Singapore
SR01213,SHP01213,Vessel-01213,Maersk,Panamax,6500,Liberia
SR01214,SHP01214,Vessel-01214,MSC,Post-Panamax,8500,Panama
SR01215,SHP01215,Vessel-01215,CMA CGM,Ultra Large Container Vessel,12000,Malta
SR01216,SHP01216,Vessel-01216,Hapag-Lloyd,Panamax,3000,India
SR01217,SHP01217,Vessel-01217,Evergreen,Post-Panamax,4500,Singapore
SR01218,SHP01218,Vessel-01218,ONE,Ultra Large Container Vessel,6500,Liberia
SR01219,SHP01219,Vessel-01219,Maersk,Panamax,8500,Panama
SR01220,SHP01220,Vessel-01220,MSC,Post-Panamax,12000,Malta
SR01221,SHP01221,Vessel-01221,CMA CGM,Ultra Large Container Vessel,3000,India
SR01222,SHP01222,Vessel-01222,Hapag-Lloyd,Panamax,4500,Singapore
SR01223,SHP01223,Vessel-01223,Evergreen,Post-Panamax,6500,Liberia
SR01224,SHP01224,Vessel-01224,ONE,Ultra Large Container Vessel,8500,Panama
SR01225,SHP01225,Vessel-01225,Maersk,Panamax,12000,Malta
SR01226,SHP01226,Vessel-01226,MSC,Post-Panamax,3000,India
SR01227,SHP01227,Vessel-01227,CMA CGM,Ultra Large Container Vessel,4500,Singapore
SR01228,SHP01228,Vessel-01228,Hapag-Lloyd,Panamax,6500,Liberia
SR01229,SHP01229,Vessel-01229,Evergreen,Post-Panamax,8500,Panama
SR01230,SHP01230,Vessel-01230,ONE,Ultra Large Container Vessel,12000,Malta
SR01231,SHP01231,Vessel-01231,Maersk,Panamax,3000,India
SR01232,SHP01232,Vessel-01232,MSC,Post-Panamax,4500,Singapore
SR01233,SHP01233,Vessel-01233,CMA CGM,Ultra Large Container Vessel,6500,Liberia
SR01234,SHP01234,Vessel-01234,Hapag-Lloyd,Panamax,8500,Panama
SR01235,SHP01235,Vessel-01235,Evergreen,Post-Panamax,12000,Malta
SR01236,SHP01236,Vessel-01236,ONE,Ultra Large Container Vessel,3000,India
SR01237,SHP01237,Vessel-01237,Maersk,Panamax,4500,Singapore
SR01238,SHP01238,Vessel-01238,MSC,Post-Panamax,6500,Liberia
SR01239,SHP01239,Vessel-01239,CMA CGM,Ultra Large Container Vessel,8500,Panama
SR01240,SHP01240,Vessel-01240,Hapag-Lloyd,Panamax,12000,Malta
SR01241,SHP01241,Vessel-01241,Evergreen,Post-Panamax,3000,India
SR01242,SHP01242,Vessel-01242,ONE,Ultra Large Container Vessel,4500,Singapore
SR01243,SHP01243,Vessel-01243,Maersk,Panamax,6500,Liberia
SR01244,SHP01244,Vessel-01244,MSC,Post-Panamax,8500,Panama
SR01245,SHP01245,Vessel-01245,CMA CGM,Ultra Large Container Vessel,12000,Malta
SR01246,SHP01246,Vessel-01246,Hapag-Lloyd,Panamax,3000,India
SR01247,SHP01247,Vessel-01247,Evergreen,Post-Panamax,4500,Singapore
SR01248,SHP01248,Vessel-01248,ONE,Ultra Large Container Vessel,6500,Liberia
SR01249,SHP01249,Vessel-01249,Maersk,Panamax,8500,Panama
SR01250,SHP01250,Vessel-01250,MSC,Post-Panamax,12000,Malta
SR01251,SHP01251,Vessel-01251,CMA CGM,Ultra Large Container Vessel,3000,India
SR01252,SHP01252,Vessel-01252,Hapag-Lloyd,Panamax,4500,Singapore
SR01253,SHP01253,Vessel-01253,Evergreen,Post-Panamax,6500,Liberia
SR01254,SHP01254,Vessel-01254,ONE,Ultra Large Container Vessel,8500,Panama
SR01255,SHP01255,Vessel-01255,Maersk,Panamax,12000,Malta
SR01256,SHP01256,Vessel-01256,MSC,Post-Panamax,3000,India
SR01257,SHP01257,Vessel-01257,CMA CGM,Ultra Large Container Vessel,4500,Singapore
SR01258,SHP01258,Vessel-01258,Hapag-Lloyd,Panamax,6500,Liberia
SR01259,SHP01259,Vessel-01259,Evergreen,Post-Panamax,8500,Panama
SR01260,SHP01260,Vessel-01260,ONE,Ultra Large Container Vessel,12000,Malta
SR01261,SHP01261,Vessel-01261,Maersk,Panamax,3000,India
SR01262,SHP01262,Vessel-01262,MSC,Post-Panamax,4500,Singapore
SR01263,SHP01263,Vessel-01263,CMA CGM,Ultra Large Container Vessel,6500,Liberia
SR01264,SHP01264,Vessel-01264,Hapag-Lloyd,Panamax,8500,Panama
SR01265,SHP01265,Vessel-01265,Evergreen,Post-Panamax,12000,Malta
SR01266,SHP01266,Vessel-01266,ONE,Ultra Large Container Vessel,3000,India
SR01267,SHP01267,Vessel-01267,Maersk,Panamax,4500,Singapore
SR01268,SHP01268,Vessel-01268,MSC,Post-Panamax,6500,Liberia
SR01269,SHP01269,Vessel-01269,CMA CGM,Ultra Large Container Vessel,8500,Panama
SR01270,SHP01270,Vessel-01270,Hapag-Lloyd,Panamax,12000,Malta
SR01271,SHP01271,Vessel-01271,Evergreen,Post-Panamax,3000,India
SR01272,SHP01272,Vessel-01272,ONE,Ultra Large Container Vessel,4500,Singapore
SR01273,SHP01273,Vessel-01273,Maersk,Panamax,6500,Liberia
SR01274,SHP01274,Vessel-01274,MSC,Post-Panamax,8500,Panama
SR01275,SHP01275,Vessel-01275,CMA CGM,Ultra Large Container Vessel,12000,Malta
SR01276,SHP01276,Vessel-01276,Hapag-Lloyd,Panamax,3000,India
SR01277,SHP01277,Vessel-01277,Evergreen,Post-Panamax,4500,Singapore
SR01278,SHP01278,Vessel-01278,ONE,Ultra Large Container Vessel,6500,Liberia
SR01279,SHP01279,Vessel-01279,Maersk,Panamax,8500,Panama
SR01280,SHP01280,Vessel-01280,MSC,Post-Panamax,12000,Malta
SR01281,SHP01281,Vessel-01281,CMA CGM,Ultra Large Container Vessel,3000,India
SR01282,SHP01282,Vessel-01282,Hapag-Lloyd,Panamax,4500,Singapore
SR01283,SHP01283,Vessel-01283,Evergreen,Post-Panamax,6500,Liberia
SR01284,SHP01284,Vessel-01284,ONE,Ultra Large Container Vessel,8500,Panama
SR01285,SHP01285,Vessel-01285,Maersk,Panamax,12000,Malta
SR01286,SHP01286,Vessel-01286,MSC,Post-Panamax,3000,India
SR01287,SHP01287,Vessel-01287,CMA CGM,Ultra Large Container Vessel,4500,Singapore
SR01288,SHP01288,Vessel-01288,Hapag-Lloyd,Panamax,6500,Liberia
SR01289,SHP01289,Vessel-01289,Evergreen,Post-Panamax,8500,Panama
SR01290,SHP01290,Vessel-01290,ONE,Ultra Large Container Vessel,12000,Malta
SR01291,SHP01291,Vessel-01291,Maersk,Panamax,3000,India
SR01292,SHP01292,Vessel-01292,MSC,Post-Panamax,4500,Singapore
SR01293,SHP01293,Vessel-01293,CMA CGM,Ultra Large Container Vessel,6500,Liberia
SR01294,SHP01294,Vessel-01294,Hapag-Lloyd,Panamax,8500,Panama
SR01295,SHP01295,Vessel-01295,Evergreen,Post-Panamax,12000,Malta
SR01296,SHP01296,Vessel-01296,ONE,Ultra Large Container Vessel,3000,India
SR01297,SHP01297,Vessel-01297,Maersk,Panamax,4500,Singapore
SR01298,SHP01298,Vessel-01298,MSC,Post-Panamax,6500,Liberia
SR01299,SHP01299,Vessel-01299,CMA CGM,Ultra Large Container Vessel,8500,Panama
SR01300,SHP01300,Vessel-01300,Hapag-Lloyd,Panamax,12000,Malta
SR01301,SHP01301,Vessel-01301,Evergreen,Post-Panamax,3000,India
SR01302,SHP01302,Vessel-01302,ONE,Ultra Large Container Vessel,4500,Singapore
SR01303,SHP01303,Vessel-01303,Maersk,Panamax,6500,Liberia
SR01304,SHP01304,Vessel-01304,MSC,Post-Panamax,8500,Panama
SR01305,SHP01305,Vessel-01305,CMA CGM,Ultra Large Container Vessel,12000,Malta
SR01306,SHP01306,Vessel-01306,Hapag-Lloyd,Panamax,3000,India
SR01307,SHP01307,Vessel-01307,Evergreen,Post-Panamax,4500,Singapore
SR01308,SHP01308,Vessel-01308,ONE,Ultra Large Container Vessel,6500,Liberia
SR01309,SHP01309,Vessel-01309,Maersk,Panamax,8500,Panama
SR01310,SHP01310,Vessel-01310,MSC,Post-Panamax,12000,Malta
SR01311,SHP01311,Vessel-01311,CMA CGM,Ultra Large Container Vessel,3000,India
SR01312,SHP01312,Vessel-01312,Hapag-Lloyd,Panamax,4500,Singapore
SR01313,SHP01313,Vessel-01313,Evergreen,Post-Panamax,6500,Liberia
SR01314,SHP01314,Vessel-01314,ONE,Ultra Large Container Vessel,8500,Panama
SR01315,SHP01315,Vessel-01315,Maersk,Panamax,12000,Malta
SR01316,SHP01316,Vessel-01316,MSC,Post-Panamax,3000,India
SR01317,SHP01317,Vessel-01317,CMA CGM,Ultra Large Container Vessel,4500,Singapore
SR01318,SHP01318,Vessel-01318,Hapag-Lloyd,Panamax,6500,Liberia
SR01319,SHP01319,Vessel-01319,Evergreen,Post-Panamax,8500,Panama
SR01320,SHP01320,Vessel-01320,ONE,Ultra Large Container Vessel,12000,Malta
SR01321,SHP01321,Vessel-01321,Maersk,Panamax,3000,India
SR01322,SHP01322,Vessel-01322,MSC,Post-Panamax,4500,Singapore
SR01323,SHP01323,Vessel-01323,CMA CGM,Ultra Large Container Vessel,6500,Liberia
SR01324,SHP01324,Vessel-01324,Hapag-Lloyd,Panamax,8500,Panama
SR01325,SHP01325,Vessel-01325,Evergreen,Post-Panamax,12000,Malta
SR01326,SHP01326,Vessel-01326,ONE,Ultra Large Container Vessel,3000,India
SR01327,SHP01327,Vessel-01327,Maersk,Panamax,4500,Singapore
SR01328,SHP01328,Vessel-01328,MSC,Post-Panamax,6500,Liberia
SR01329,SHP01329,Vessel-01329,CMA CGM,Ultra Large Container Vessel,8500,Panama
SR01330,SHP01330,Vessel-01330,Hapag-Lloyd,Panamax,12000,Malta
SR01331,SHP01331,Vessel-01331,Evergreen,Post-Panamax,3000,India
SR01332,SHP01332,Vessel-01332,ONE,Ultra Large Container Vessel,4500,Singapore
SR01333,SHP01333,Vessel-01333,Maersk,Panamax,6500,Liberia
SR01334,SHP01334,Vessel-01334,MSC,Post-Panamax,8500,Panama
SR01335,SHP01335,Vessel-01335,CMA CGM,Ultra Large Container Vessel,12000,Malta
SR01336,SHP01336,Vessel-01336,Hapag-Lloyd,Panamax,3000,India
SR01337,SHP01337,Vessel-01337,Evergreen,Post-Panamax,4500,Singapore
SR01338,SHP01338,Vessel-01338,ONE,Ultra Large Container Vessel,6500,Liberia
SR01339,SHP01339,Vessel-01339,Maersk,Panamax,8500,Panama
SR01340,SHP01340,Vessel-01340,MSC,Post-Panamax,12000,Malta
SR01341,SHP01341,Vessel-01341,CMA CGM,Ultra Large Container Vessel,3000,India
SR01342,SHP01342,Vessel-01342,Hapag-Lloyd,Panamax,4500,Singapore
SR01343,SHP01343,Vessel-01343,Evergreen,Post-Panamax,6500,Liberia
SR01344,SHP01344,Vessel-01344,ONE,Ultra Large Container Vessel,8500,Panama
SR01345,SHP01345,Vessel-01345,Maersk,Panamax,12000,Malta
SR01346,SHP01346,Vessel-01346,MSC,Post-Panamax,3000,India
SR01347,SHP01347,Vessel-01347,CMA CGM,Ultra Large Container Vessel,4500,Singapore
SR01348,SHP01348,Vessel-01348,Hapag-Lloyd,Panamax,6500,Liberia
SR01349,SHP01349,Vessel-01349,Evergreen,Post-Panamax,8500,Panama
SR01350,SHP01350,Vessel-01350,ONE,Ultra Large Container Vessel,12000,Malta
SR01351,SHP01351,Vessel-01351,Maersk,Panamax,3000,India
SR01352,SHP01352,Vessel-01352,MSC,Post-Panamax,4500,Singapore
SR01353,SHP01353,Vessel-01353,CMA CGM,Ultra Large Container Vessel,6500,Liberia
SR01354,SHP01354,Vessel-01354,Hapag-Lloyd,Panamax,8500,Panama
SR01355,SHP01355,Vessel-01355,Evergreen,Post-Panamax,12000,Malta
SR01356,SHP01356,Vessel-01356,ONE,Ultra Large Container Vessel,3000,India
SR01357,SHP01357,Vessel-01357,Maersk,Panamax,4500,Singapore
SR01358,SHP01358,Vessel-01358,MSC,Post-Panamax,6500,Liberia
SR01359,SHP01359,Vessel-01359,CMA CGM,Ultra Large Container Vessel,8500,Panama
SR01360,SHP01360,Vessel-01360,Hapag-Lloyd,Panamax,12000,Malta
SR01361,SHP01361,Vessel-01361,Evergreen,Post-Panamax,3000,India
SR01362,SHP01362,Vessel-01362,ONE,Ultra Large Container Vessel,4500,Singapore
SR01363,SHP01363,Vessel-01363,Maersk,Panamax,6500,Liberia
SR01364,SHP01364,Vessel-01364,MSC,Post-Panamax,8500,Panama
SR01365,SHP01365,Vessel-01365,CMA CGM,Ultra Large Container Vessel,12000,Malta
SR01366,SHP01366,Vessel-01366,Hapag-Lloyd,Panamax,3000,India
SR01367,SHP01367,Vessel-01367,Evergreen,Post-Panamax,4500,Singapore
SR01368,SHP01368,Vessel-01368,ONE,Ultra Large Container Vessel,6500,Liberia
SR01369,SHP01369,Vessel-01369,Maersk,Panamax,8500,Panama
SR01370,SHP01370,Vessel-01370,MSC,Post-Panamax,12000,Malta
SR01371,SHP01371,Vessel-01371,CMA CGM,Ultra Large Container Vessel,3000,India
SR01372,SHP01372,Vessel-01372,Hapag-Lloyd,Panamax,4500,Singapore
SR01373,SHP01373,Vessel-01373,Evergreen,Post-Panamax,6500,Liberia
SR01374,SHP01374,Vessel-01374,ONE,Ultra Large Container Vessel,8500,Panama
SR01375,SHP01375,Vessel-01375,Maersk,Panamax,12000,Malta
SR01376,SHP01376,Vessel-01376,MSC,Post-Panamax,3000,India
SR01377,SHP01377,Vessel-01377,CMA CGM,Ultra Large Container Vessel,4500,Singapore
SR01378,SHP01378,Vessel-01378,Hapag-Lloyd,Panamax,6500,Liberia
SR01379,SHP01379,Vessel-01379,Evergreen,Post-Panamax,8500,Panama
SR01380,SHP01380,Vessel-01380,ONE,Ultra Large Container Vessel,12000,Malta
SR01381,SHP01381,Vessel-01381,Maersk,Panamax,3000,India
SR01382,SHP01382,Vessel-01382,MSC,Post-Panamax,4500,Singapore
SR01383,SHP01383,Vessel-01383,CMA CGM,Ultra Large Container Vessel,6500,Liberia
SR01384,SHP01384,Vessel-01384,Hapag-Lloyd,Panamax,8500,Panama
SR01385,SHP01385,Vessel-01385,Evergreen,Post-Panamax,12000,Malta
SR01386,SHP01386,Vessel-01386,ONE,Ultra Large Container Vessel,3000,India
SR01387,SHP01387,Vessel-01387,Maersk,Panamax,4500,Singapore
SR01388,SHP01388,Vessel-01388,MSC,Post-Panamax,6500,Liberia
SR01389,SHP01389,Vessel-01389,CMA CGM,Ultra Large Container Vessel,8500,Panama
SR01390,SHP01390,Vessel-01390,Hapag-Lloyd,Panamax,12000,Malta
SR01391,SHP01391,Vessel-01391,Evergreen,Post-Panamax,3000,India
SR01392,SHP01392,Vessel-01392,ONE,Ultra Large Container Vessel,4500,Singapore
SR01393,SHP01393,Vessel-01393,Maersk,Panamax,6500,Liberia
SR01394,SHP01394,Vessel-01394,MSC,Post-Panamax,8500,Panama
SR01395,SHP01395,Vessel-01395,CMA CGM,Ultra Large Container Vessel,12000,Malta
SR01396,SHP01396,Vessel-01396,Hapag-Lloyd,Panamax,3000,India
SR01397,SHP01397,Vessel-01397,Evergreen,Post-Panamax,4500,Singapore
SR01398,SHP01398,Vessel-01398,ONE,Ultra Large Container Vessel,6500,Liberia
SR01399,SHP01399,Vessel-01399,Maersk,Panamax,8500,Panama
SR01400,SHP01400,Vessel-01400,MSC,Post-Panamax,12000,Malta
SR01401,SHP01401,Vessel-01401,CMA CGM,Ultra Large Container Vessel,3000,India
SR01402,SHP01402,Vessel-01402,Hapag-Lloyd,Panamax,4500,Singapore
SR01403,SHP01403,Vessel-01403,Evergreen,Post-Panamax,6500,Liberia
SR01404,SHP01404,Vessel-01404,ONE,Ultra Large Container Vessel,8500,Panama
SR01405,SHP01405,Vessel-01405,Maersk,Panamax,12000,Malta
SR01406,SHP01406,Vessel-01406,MSC,Post-Panamax,3000,India
SR01407,SHP01407,Vessel-01407,CMA CGM,Ultra Large Container Vessel,4500,Singapore
SR01408,SHP01408,Vessel-01408,Hapag-Lloyd,Panamax,6500,Liberia
SR01409,SHP01409,Vessel-01409,Evergreen,Post-Panamax,8500,Panama
SR01410,SHP01410,Vessel-01410,ONE,Ultra Large Container Vessel,12000,Malta
SR01411,SHP01411,Vessel-01411,Maersk,Panamax,3000,India
SR01412,SHP01412,Vessel-01412,MSC,Post-Panamax,4500,Singapore
SR01413,SHP01413,Vessel-01413,CMA CGM,Ultra Large Container Vessel,6500,Liberia
SR01414,SHP01414,Vessel-01414,Hapag-Lloyd,Panamax,8500,Panama
SR01415,SHP01415,Vessel-01415,Evergreen,Post-Panamax,12000,Malta
SR01416,SHP01416,Vessel-01416,ONE,Ultra Large Container Vessel,3000,India
SR01417,SHP01417,Vessel-01417,Maersk,Panamax,4500,Singapore
SR01418,SHP01418,Vessel-01418,MSC,Post-Panamax,6500,Liberia
SR01419,SHP01419,Vessel-01419,CMA CGM,Ultra Large Container Vessel,8500,Panama
SR01420,SHP01420,Vessel-01420,Hapag-Lloyd,Panamax,12000,Malta
SR01421,SHP01421,Vessel-01421,Evergreen,Post-Panamax,3000,India
SR01422,SHP01422,Vessel-01422,ONE,Ultra Large Container Vessel,4500,Singapore
SR01423,SHP01423,Vessel-01423,Maersk,Panamax,6500,Liberia
SR01424,SHP01424,Vessel-01424,MSC,Post-Panamax,8500,Panama
SR01425,SHP01425,Vessel-01425,CMA CGM,Ultra Large Container Vessel,12000,Malta
SR01426,SHP01426,Vessel-01426,Hapag-Lloyd,Panamax,3000,India
SR01427,SHP01427,Vessel-01427,Evergreen,Post-Panamax,4500,Singapore
SR01428,SHP01428,Vessel-01428,ONE,Ultra Large Container Vessel,6500,Liberia
SR01429,SHP01429,Vessel-01429,Maersk,Panamax,8500,Panama
SR01430,SHP01430,Vessel-01430,MSC,Post-Panamax,12000,Malta
SR01431,SHP01431,Vessel-01431,CMA CGM,Ultra Large Container Vessel,3000,India
SR01432,SHP01432,Vessel-01432,Hapag-Lloyd,Panamax,4500,Singapore
SR01433,SHP01433,Vessel-01433,Evergreen,Post-Panamax,6500,Liberia
SR01434,SHP01434,Vessel-01434,ONE,Ultra Large Container Vessel,8500,Panama
SR01435,SHP01435,Vessel-01435,Maersk,Panamax,12000,Malta
SR01436,SHP01436,Vessel-01436,MSC,Post-Panamax,3000,India
SR01437,SHP01437,Vessel-01437,CMA CGM,Ultra Large Container Vessel,4500,Singapore
SR01438,SHP01438,Vessel-01438,Hapag-Lloyd,Panamax,6500,Liberia
SR01439,SHP01439,Vessel-01439,Evergreen,Post-Panamax,8500,Panama
SR01440,SHP01440,Vessel-01440,ONE,Ultra Large Container Vessel,12000,Malta
SR01441,SHP01441,Vessel-01441,Maersk,Panamax,3000,India
SR01442,SHP01442,Vessel-01442,MSC,Post-Panamax,4500,Singapore
SR01443,SHP01443,Vessel-01443,CMA CGM,Ultra Large Container Vessel,6500,Liberia
SR01444,SHP01444,Vessel-01444,Hapag-Lloyd,Panamax,8500,Panama
SR01445,SHP01445,Vessel-01445,Evergreen,Post-Panamax,12000,Malta
SR01446,SHP01446,Vessel-01446,ONE,Ultra Large Container Vessel,3000,India
SR01447,SHP01447,Vessel-01447,Maersk,Panamax,4500,Singapore
SR01448,SHP01448,Vessel-01448,MSC,Post-Panamax,6500,Liberia
SR01449,SHP01449,Vessel-01449,CMA CGM,Ultra Large Container Vessel,8500,Panama
SR01450,SHP01450,Vessel-01450,Hapag-Lloyd,Panamax,12000,Malta
SR01451,SHP01451,Vessel-01451,Evergreen,Post-Panamax,3000,India
SR01452,SHP01452,Vessel-01452,ONE,Ultra Large Container Vessel,4500,Singapore
SR01453,SHP01453,Vessel-01453,Maersk,Panamax,6500,Liberia
SR01454,SHP01454,Vessel-01454,MSC,Post-Panamax,8500,Panama
SR01455,SHP01455,Vessel-01455,CMA CGM,Ultra Large Container Vessel,12000,Malta
SR01456,SHP01456,Vessel-01456,Hapag-Lloyd,Panamax,3000,India
SR01457,SHP01457,Vessel-01457,Evergreen,Post-Panamax,4500,Singapore
SR01458,SHP01458,Vessel-01458,ONE,Ultra Large Container Vessel,6500,Liberia
SR01459,SHP01459,Vessel-01459,Maersk,Panamax,8500,Panama
SR01460,SHP01460,Vessel-01460,MSC,Post-Panamax,12000,Malta
SR01461,SHP01461,Vessel-01461,CMA CGM,Ultra Large Container Vessel,3000,India
SR01462,SHP01462,Vessel-01462,Hapag-Lloyd,Panamax,4500,Singapore
SR01463,SHP01463,Vessel-01463,Evergreen,Post-Panamax,6500,Liberia
SR01464,SHP01464,Vessel-01464,ONE,Ultra Large Container Vessel,8500,Panama
SR01465,SHP01465,Vessel-01465,Maersk,Panamax,12000,Malta
SR01466,SHP01466,Vessel-01466,MSC,Post-Panamax,3000,India
SR01467,SHP01467,Vessel-01467,CMA CGM,Ultra Large Container Vessel,4500,Singapore
SR01468,SHP01468,Vessel-01468,Hapag-Lloyd,Panamax,6500,Liberia
SR01469,SHP01469,Vessel-01469,Evergreen,Post-Panamax,8500,Panama
SR01470,SHP01470,Vessel-01470,ONE,Ultra Large Container Vessel,12000,Malta
SR01471,SHP01471,Vessel-01471,Maersk,Panamax,3000,India
SR01472,SHP01472,Vessel-01472,MSC,Post-Panamax,4500,Singapore
SR01473,SHP01473,Vessel-01473,CMA CGM,Ultra Large Container Vessel,6500,Liberia
SR01474,SHP01474,Vessel-01474,Hapag-Lloyd,Panamax,8500,Panama
SR01475,SHP01475,Vessel-01475,Evergreen,Post-Panamax,12000,Malta
SR01476,SHP01476,Vessel-01476,ONE,Ultra Large Container Vessel,3000,India
SR01477,SHP01477,Vessel-01477,Maersk,Panamax,4500,Singapore
SR01478,SHP01478,Vessel-01478,MSC,Post-Panamax,6500,Liberia
SR01479,SHP01479,Vessel-01479,CMA CGM,Ultra Large Container Vessel,8500,Panama
SR01480,SHP01480,Vessel-01480,Hapag-Lloyd,Panamax,12000,Malta
SR01481,SHP01481,Vessel-01481,Evergreen,Post-Panamax,3000,India
SR01482,SHP01482,Vessel-01482,ONE,Ultra Large Container Vessel,4500,Singapore
SR01483,SHP01483,Vessel-01483,Maersk,Panamax,6500,Liberia
SR01484,SHP01484,Vessel-01484,MSC,Post-Panamax,8500,Panama
SR01485,SHP01485,Vessel-01485,CMA CGM,Ultra Large Container Vessel,12000,Malta
SR01486,SHP01486,Vessel-01486,Hapag-Lloyd,Panamax,3000,India
SR01487,SHP01487,Vessel-01487,Evergreen,Post-Panamax,4500,Singapore
SR01488,SHP01488,Vessel-01488,ONE,Ultra Large Container Vessel,6500,Liberia
SR01489,SHP01489,Vessel-01489,Maersk,Panamax,8500,Panama
SR01490,SHP01490,Vessel-01490,MSC,Post-Panamax,12000,Malta
SR01491,SHP01491,Vessel-01491,CMA CGM,Ultra Large Container Vessel,3000,India
SR01492,SHP01492,Vessel-01492,Hapag-Lloyd,Panamax,4500,Singapore
SR01493,SHP01493,Vessel-01493,Evergreen,Post-Panamax,6500,Liberia
SR01494,SHP01494,Vessel-01494,ONE,Ultra Large Container Vessel,8500,Panama
SR01495,SHP01495,Vessel-01495,Maersk,Panamax,12000,Malta
SR01496,SHP01496,Vessel-01496,MSC,Post-Panamax,3000,India
SR01497,SHP01497,Vessel-01497,CMA CGM,Ultra Large Container Vessel,4500,Singapore
SR01498,SHP01498,Vessel-01498,Hapag-Lloyd,Panamax,6500,Liberia
SR01499,SHP01499,Vessel-01499,Evergreen,Post-Panamax,8500,Panama
SR01500,SHP01500,Vessel-01500,ONE,Ultra Large Container Vessel,12000,Malta
SR01501,SHP01501,Vessel-01501,Maersk,Panamax,3000,India
SR01502,SHP01502,Vessel-01502,MSC,Post-Panamax,4500,Singapore
SR01503,SHP01503,Vessel-01503,CMA CGM,Ultra Large Container Vessel,6500,Liberia
SR01504,SHP01504,Vessel-01504,Hapag-Lloyd,Panamax,8500,Panama
SR01505,SHP01505,Vessel-01505,Evergreen,Post-Panamax,12000,Malta
SR01506,SHP01506,Vessel-01506,ONE,Ultra Large Container Vessel,3000,India
SR01507,SHP01507,Vessel-01507,Maersk,Panamax,4500,Singapore
SR01508,SHP01508,Vessel-01508,MSC,Post-Panamax,6500,Liberia
SR01509,SHP01509,Vessel-01509,CMA CGM,Ultra Large Container Vessel,8500,Panama
SR01510,SHP01510,Vessel-01510,Hapag-Lloyd,Panamax,12000,Malta
SR01511,SHP01511,Vessel-01511,Evergreen,Post-Panamax,3000,India
SR01512,SHP01512,Vessel-01512,ONE,Ultra Large Container Vessel,4500,Singapore
SR01513,SHP01513,Vessel-01513,Maersk,Panamax,6500,Liberia
SR01514,SHP01514,Vessel-01514,MSC,Post-Panamax,8500,Panama
SR01515,SHP01515,Vessel-01515,CMA CGM,Ultra Large Container Vessel,12000,Malta
SR01516,SHP01516,Vessel-01516,Hapag-Lloyd,Panamax,3000,India
SR01517,SHP01517,Vessel-01517,Evergreen,Post-Panamax,4500,Singapore
SR01518,SHP01518,Vessel-01518,ONE,Ultra Large Container Vessel,6500,Liberia
SR01519,SHP01519,Vessel-01519,Maersk,Panamax,8500,Panama
SR01520,SHP01520,Vessel-01520,MSC,Post-Panamax,12000,Malta
SR01521,SHP01521,Vessel-01521,CMA CGM,Ultra Large Container Vessel,3000,India
SR01522,SHP01522,Vessel-01522,Hapag-Lloyd,Panamax,4500,Singapore
SR01523,SHP01523,Vessel-01523,Evergreen,Post-Panamax,6500,Liberia
SR01524,SHP01524,Vessel-01524,ONE,Ultra Large Container Vessel,8500,Panama
SR01525,SHP01525,Vessel-01525,Maersk,Panamax,12000,Malta
SR01526,SHP01526,Vessel-01526,MSC,Post-Panamax,3000,India
SR01527,SHP01527,Vessel-01527,CMA CGM,Ultra Large Container Vessel,4500,Singapore
SR01528,SHP01528,Vessel-01528,Hapag-Lloyd,Panamax,6500,Liberia
SR01529,SHP01529,Vessel-01529,Evergreen,Post-Panamax,8500,Panama
SR01530,SHP01530,Vessel-01530,ONE,Ultra Large Container Vessel,12000,Malta
SR01531,SHP01531,Vessel-01531,Maersk,Panamax,3000,India
SR01532,SHP01532,Vessel-01532,MSC,Post-Panamax,4500,Singapore
SR01533,SHP01533,Vessel-01533,CMA CGM,Ultra Large Container Vessel,6500,Liberia
SR01534,SHP01534,Vessel-01534,Hapag-Lloyd,Panamax,8500,Panama
SR01535,SHP01535,Vessel-01535,Evergreen,Post-Panamax,12000,Malta
SR01536,SHP01536,Vessel-01536,ONE,Ultra Large Container Vessel,3000,India
SR01537,SHP01537,Vessel-01537,Maersk,Panamax,4500,Singapore
SR01538,SHP01538,Vessel-01538,MSC,Post-Panamax,6500,Liberia
SR01539,SHP01539,Vessel-01539,CMA CGM,Ultra Large Container Vessel,8500,Panama
SR01540,SHP01540,Vessel-01540,Hapag-Lloyd,Panamax,12000,Malta
SR01541,SHP01541,Vessel-01541,Evergreen,Post-Panamax,3000,India
SR01542,SHP01542,Vessel-01542,ONE,Ultra Large Container Vessel,4500,Singapore
SR01543,SHP01543,Vessel-01543,Maersk,Panamax,6500,Liberia
SR01544,SHP01544,Vessel-01544,MSC,Post-Panamax,8500,Panama
SR01545,SHP01545,Vessel-01545,CMA CGM,Ultra Large Container Vessel,12000,Malta
SR01546,SHP01546,Vessel-01546,Hapag-Lloyd,Panamax,3000,India
SR01547,SHP01547,Vessel-01547,Evergreen,Post-Panamax,4500,Singapore
SR01548,SHP01548,Vessel-01548,ONE,Ultra Large Container Vessel,6500,Liberia
SR01549,SHP01549,Vessel-01549,Maersk,Panamax,8500,Panama
SR01550,SHP01550,Vessel-01550,MSC,Post-Panamax,12000,Malta
SR01551,SHP01551,Vessel-01551,CMA CGM,Ultra Large Container Vessel,3000,India
SR01552,SHP01552,Vessel-01552,Hapag-Lloyd,Panamax,4500,Singapore
SR01553,SHP01553,Vessel-01553,Evergreen,Post-Panamax,6500,Liberia
SR01554,SHP01554,Vessel-01554,ONE,Ultra Large Container Vessel,8500,Panama
SR01555,SHP01555,Vessel-01555,Maersk,Panamax,12000,Malta
SR01556,SHP01556,Vessel-01556,MSC,Post-Panamax,3000,India
SR01557,SHP01557,Vessel-01557,CMA CGM,Ultra Large Container Vessel,4500,Singapore
SR01558,SHP01558,Vessel-01558,Hapag-Lloyd,Panamax,6500,Liberia
SR01559,SHP01559,Vessel-01559,Evergreen,Post-Panamax,8500,Panama
SR01560,SHP01560,Vessel-01560,ONE,Ultra Large Container Vessel,12000,Malta
SR01561,SHP01561,Vessel-01561,Maersk,Panamax,3000,India
SR01562,SHP01562,Vessel-01562,MSC,Post-Panamax,4500,Singapore
SR01563,SHP01563,Vessel-01563,CMA CGM,Ultra Large Container Vessel,6500,Liberia
SR01564,SHP01564,Vessel-01564,Hapag-Lloyd,Panamax,8500,Panama
SR01565,SHP01565,Vessel-01565,Evergreen,Post-Panamax,12000,Malta
SR01566,SHP01566,Vessel-01566,ONE,Ultra Large Container Vessel,3000,India
SR01567,SHP01567,Vessel-01567,Maersk,Panamax,4500,Singapore
SR01568,SHP01568,Vessel-01568,MSC,Post-Panamax,6500,Liberia
SR01569,SHP01569,Vessel-01569,CMA CGM,Ultra Large Container Vessel,8500,Panama
SR01570,SHP01570,Vessel-01570,Hapag-Lloyd,Panamax,12000,Malta
SR01571,SHP01571,Vessel-01571,Evergreen,Post-Panamax,3000,India
SR01572,SHP01572,Vessel-01572,ONE,Ultra Large Container Vessel,4500,Singapore
SR01573,SHP01573,Vessel-01573,Maersk,Panamax,6500,Liberia
SR01574,SHP01574,Vessel-01574,MSC,Post-Panamax,8500,Panama
SR01575,SHP01575,Vessel-01575,CMA CGM,Ultra Large Container Vessel,12000,Malta
SR01576,SHP01576,Vessel-01576,Hapag-Lloyd,Panamax,3000,India
SR01577,SHP01577,Vessel-01577,Evergreen,Post-Panamax,4500,Singapore
SR01578,SHP01578,Vessel-01578,ONE,Ultra Large Container Vessel,6500,Liberia
SR01579,SHP01579,Vessel-01579,Maersk,Panamax,8500,Panama
SR01580,SHP01580,Vessel-01580,MSC,Post-Panamax,12000,Malta
SR01581,SHP01581,Vessel-01581,CMA CGM,Ultra Large Container Vessel,3000,India
SR01582,SHP01582,Vessel-01582,Hapag-Lloyd,Panamax,4500,Singapore
SR01583,SHP01583,Vessel-01583,Evergreen,Post-Panamax,6500,Liberia
SR01584,SHP01584,Vessel-01584,ONE,Ultra Large Container Vessel,8500,Panama
SR01585,SHP01585,Vessel-01585,Maersk,Panamax,12000,Malta
SR01586,SHP01586,Vessel-01586,MSC,Post-Panamax,3000,India
SR01587,SHP01587,Vessel-01587,CMA CGM,Ultra Large Container Vessel,4500,Singapore
SR01588,SHP01588,Vessel-01588,Hapag-Lloyd,Panamax,6500,Liberia
SR01589,SHP01589,Vessel-01589,Evergreen,Post-Panamax,8500,Panama
SR01590,SHP01590,Vessel-01590,ONE,Ultra Large Container Vessel,12000,Malta
SR01591,SHP01591,Vessel-01591,Maersk,Panamax,3000,India
SR01592,SHP01592,Vessel-01592,MSC,Post-Panamax,4500,Singapore
SR01593,SHP01593,Vessel-01593,CMA CGM,Ultra Large Container Vessel,6500,Liberia
SR01594,SHP01594,Vessel-01594,Hapag-Lloyd,Panamax,8500,Panama
SR01595,SHP01595,Vessel-01595,Evergreen,Post-Panamax,12000,Malta
SR01596,SHP01596,Vessel-01596,ONE,Ultra Large Container Vessel,3000,India
SR01597,SHP01597,Vessel-01597,Maersk,Panamax,4500,Singapore
SR01598,SHP01598,Vessel-01598,MSC,Post-Panamax,6500,Liberia
SR01599,SHP01599,Vessel-01599,CMA CGM,Ultra Large Container Vessel,8500,Panama
SR01600,SHP01600,Vessel-01600,Hapag-Lloyd,Panamax,12000,Malta
SR01601,SHP01601,Vessel-01601,Evergreen,Post-Panamax,3000,India
SR01602,SHP01602,Vessel-01602,ONE,Ultra Large Container Vessel,4500,Singapore
SR01603,SHP01603,Vessel-01603,Maersk,Panamax,6500,Liberia
SR01604,SHP01604,Vessel-01604,MSC,Post-Panamax,8500,Panama
SR01605,SHP01605,Vessel-01605,CMA CGM,Ultra Large Container Vessel,12000,Malta
SR01606,SHP01606,Vessel-01606,Hapag-Lloyd,Panamax,3000,India
SR01607,SHP01607,Vessel-01607,Evergreen,Post-Panamax,4500,Singapore
SR01608,SHP01608,Vessel-01608,ONE,Ultra Large Container Vessel,6500,Liberia
SR01609,SHP01609,Vessel-01609,Maersk,Panamax,8500,Panama
SR01610,SHP01610,Vessel-01610,MSC,Post-Panamax,12000,Malta
SR01611,SHP01611,Vessel-01611,CMA CGM,Ultra Large Container Vessel,3000,India
SR01612,SHP01612,Vessel-01612,Hapag-Lloyd,Panamax,4500,Singapore
SR01613,SHP01613,Vessel-01613,Evergreen,Post-Panamax,6500,Liberia
SR01614,SHP01614,Vessel-01614,ONE,Ultra Large Container Vessel,8500,Panama
SR01615,SHP01615,Vessel-01615,Maersk,Panamax,12000,Malta
SR01616,SHP01616,Vessel-01616,MSC,Post-Panamax,3000,India
SR01617,SHP01617,Vessel-01617,CMA CGM,Ultra Large Container Vessel,4500,Singapore
SR01618,SHP01618,Vessel-01618,Hapag-Lloyd,Panamax,6500,Liberia
SR01619,SHP01619,Vessel-01619,Evergreen,Post-Panamax,8500,Panama
SR01620,SHP01620,Vessel-01620,ONE,Ultra Large Container Vessel,12000,Malta
SR01621,SHP01621,Vessel-01621,Maersk,Panamax,3000,India
SR01622,SHP01622,Vessel-01622,MSC,Post-Panamax,4500,Singapore
SR01623,SHP01623,Vessel-01623,CMA CGM,Ultra Large Container Vessel,6500,Liberia
SR01624,SHP01624,Vessel-01624,Hapag-Lloyd,Panamax,8500,Panama
SR01625,SHP01625,Vessel-01625,Evergreen,Post-Panamax,12000,Malta
SR01626,SHP01626,Vessel-01626,ONE,Ultra Large Container Vessel,3000,India
SR01627,SHP01627,Vessel-01627,Maersk,Panamax,4500,Singapore
SR01628,SHP01628,Vessel-01628,MSC,Post-Panamax,6500,Liberia
SR01629,SHP01629,Vessel-01629,CMA CGM,Ultra Large Container Vessel,8500,Panama
SR01630,SHP01630,Vessel-01630,Hapag-Lloyd,Panamax,12000,Malta
SR01631,SHP01631,Vessel-01631,Evergreen,Post-Panamax,3000,India
SR01632,SHP01632,Vessel-01632,ONE,Ultra Large Container Vessel,4500,Singapore
SR01633,SHP01633,Vessel-01633,Maersk,Panamax,6500,Liberia
SR01634,SHP01634,Vessel-01634,MSC,Post-Panamax,8500,Panama
SR01635,SHP01635,Vessel-01635,CMA CGM,Ultra Large Container Vessel,12000,Malta
SR01636,SHP01636,Vessel-01636,Hapag-Lloyd,Panamax,3000,India
SR01637,SHP01637,Vessel-01637,Evergreen,Post-Panamax,4500,Singapore
SR01638,SHP01638,Vessel-01638,ONE,Ultra Large Container Vessel,6500,Liberia
SR01639,SHP01639,Vessel-01639,Maersk,Panamax,8500,Panama
SR01640,SHP01640,Vessel-01640,MSC,Post-Panamax,12000,Malta
SR01641,SHP01641,Vessel-01641,CMA CGM,Ultra Large Container Vessel,3000,India
SR01642,SHP01642,Vessel-01642,Hapag-Lloyd,Panamax,4500,Singapore
SR01643,SHP01643,Vessel-01643,Evergreen,Post-Panamax,6500,Liberia
SR01644,SHP01644,Vessel-01644,ONE,Ultra Large Container Vessel,8500,Panama
SR01645,SHP01645,Vessel-01645,Maersk,Panamax,12000,Malta
SR01646,SHP01646,Vessel-01646,MSC,Post-Panamax,3000,India
SR01647,SHP01647,Vessel-01647,CMA CGM,Ultra Large Container Vessel,4500,Singapore
SR01648,SHP01648,Vessel-01648,Hapag-Lloyd,Panamax,6500,Liberia
SR01649,SHP01649,Vessel-01649,Evergreen,Post-Panamax,8500,Panama
SR01650,SHP01650,Vessel-01650,ONE,Ultra Large Container Vessel,12000,Malta
SR01651,SHP01651,Vessel-01651,Maersk,Panamax,3000,India
SR01652,SHP01652,Vessel-01652,MSC,Post-Panamax,4500,Singapore
SR01653,SHP01653,Vessel-01653,CMA CGM,Ultra Large Container Vessel,6500,Liberia
SR01654,SHP01654,Vessel-01654,Hapag-Lloyd,Panamax,8500,Panama
SR01655,SHP01655,Vessel-01655,Evergreen,Post-Panamax,12000,Malta
SR01656,SHP01656,Vessel-01656,ONE,Ultra Large Container Vessel,3000,India
SR01657,SHP01657,Vessel-01657,Maersk,Panamax,4500,Singapore
SR01658,SHP01658,Vessel-01658,MSC,Post-Panamax,6500,Liberia
SR01659,SHP01659,Vessel-01659,CMA CGM,Ultra Large Container Vessel,8500,Panama
SR01660,SHP01660,Vessel-01660,Hapag-Lloyd,Panamax,12000,Malta
SR01661,SHP01661,Vessel-01661,Evergreen,Post-Panamax,3000,India
SR01662,SHP01662,Vessel-01662,ONE,Ultra Large Container Vessel,4500,Singapore
SR01663,SHP01663,Vessel-01663,Maersk,Panamax,6500,Liberia
SR01664,SHP01664,Vessel-01664,MSC,Post-Panamax,8500,Panama
SR01665,SHP01665,Vessel-01665,CMA CGM,Ultra Large Container Vessel,12000,Malta
SR01666,SHP01666,Vessel-01666,Hapag-Lloyd,Panamax,3000,India
SR01667,SHP01667,Vessel-01667,Evergreen,Post-Panamax,4500,Singapore
SR01668,SHP01668,Vessel-01668,ONE,Ultra Large Container Vessel,6500,Liberia
SR01669,SHP01669,Vessel-01669,Maersk,Panamax,8500,Panama
SR01670,SHP01670,Vessel-01670,MSC,Post-Panamax,12000,Malta
SR01671,SHP01671,Vessel-01671,CMA CGM,Ultra Large Container Vessel,3000,India
SR01672,SHP01672,Vessel-01672,Hapag-Lloyd,Panamax,4500,Singapore
SR01673,SHP01673,Vessel-01673,Evergreen,Post-Panamax,6500,Liberia
SR01674,SHP01674,Vessel-01674,ONE,Ultra Large Container Vessel,8500,Panama
SR01675,SHP01675,Vessel-01675,Maersk,Panamax,12000,Malta
SR01676,SHP01676,Vessel-01676,MSC,Post-Panamax,3000,India
SR01677,SHP01677,Vessel-01677,CMA CGM,Ultra Large Container Vessel,4500,Singapore
SR01678,SHP01678,Vessel-01678,Hapag-Lloyd,Panamax,6500,Liberia
SR01679,SHP01679,Vessel-01679,Evergreen,Post-Panamax,8500,Panama
SR01680,SHP01680,Vessel-01680,ONE,Ultra Large Container Vessel,12000,Malta
SR01681,SHP01681,Vessel-01681,Maersk,Panamax,3000,India
SR01682,SHP01682,Vessel-01682,MSC,Post-Panamax,4500,Singapore
SR01683,SHP01683,Vessel-01683,CMA CGM,Ultra Large Container Vessel,6500,Liberia
SR01684,SHP01684,Vessel-01684,Hapag-Lloyd,Panamax,8500,Panama
SR01685,SHP01685,Vessel-01685,Evergreen,Post-Panamax,12000,Malta
SR01686,SHP01686,Vessel-01686,ONE,Ultra Large Container Vessel,3000,India
SR01687,SHP01687,Vessel-01687,Maersk,Panamax,4500,Singapore
SR01688,SHP01688,Vessel-01688,MSC,Post-Panamax,6500,Liberia
SR01689,SHP01689,Vessel-01689,CMA CGM,Ultra Large Container Vessel,8500,Panama
SR01690,SHP01690,Vessel-01690,Hapag-Lloyd,Panamax,12000,Malta
SR01691,SHP01691,Vessel-01691,Evergreen,Post-Panamax,3000,India
SR01692,SHP01692,Vessel-01692,ONE,Ultra Large Container Vessel,4500,Singapore
SR01693,SHP01693,Vessel-01693,Maersk,Panamax,6500,Liberia
SR01694,SHP01694,Vessel-01694,MSC,Post-Panamax,8500,Panama
SR01695,SHP01695,Vessel-01695,CMA CGM,Ultra Large Container Vessel,12000,Malta
SR01696,SHP01696,Vessel-01696,Hapag-Lloyd,Panamax,3000,India
SR01697,SHP01697,Vessel-01697,Evergreen,Post-Panamax,4500,Singapore
SR01698,SHP01698,Vessel-01698,ONE,Ultra Large Container Vessel,6500,Liberia
SR01699,SHP01699,Vessel-01699,Maersk,Panamax,8500,Panama
SR01700,SHP01700,Vessel-01700,MSC,Post-Panamax,12000,Malta
SR01701,SHP01701,Vessel-01701,CMA CGM,Ultra Large Container Vessel,3000,India
SR01702,SHP01702,Vessel-01702,Hapag-Lloyd,Panamax,4500,Singapore
SR01703,SHP01703,Vessel-01703,Evergreen,Post-Panamax,6500,Liberia
SR01704,SHP01704,Vessel-01704,ONE,Ultra Large Container Vessel,8500,Panama
SR01705,SHP01705,Vessel-01705,Maersk,Panamax,12000,Malta
SR01706,SHP01706,Vessel-01706,MSC,Post-Panamax,3000,India
SR01707,SHP01707,Vessel-01707,CMA CGM,Ultra Large Container Vessel,4500,Singapore
SR01708,SHP01708,Vessel-01708,Hapag-Lloyd,Panamax,6500,Liberia
SR01709,SHP01709,Vessel-01709,Evergreen,Post-Panamax,8500,Panama
SR01710,SHP01710,Vessel-01710,ONE,Ultra Large Container Vessel,12000,Malta
SR01711,SHP01711,Vessel-01711,Maersk,Panamax,3000,India
SR01712,SHP01712,Vessel-01712,MSC,Post-Panamax,4500,Singapore
SR01713,SHP01713,Vessel-01713,CMA CGM,Ultra Large Container Vessel,6500,Liberia
SR01714,SHP01714,Vessel-01714,Hapag-Lloyd,Panamax,8500,Panama
SR01715,SHP01715,Vessel-01715,Evergreen,Post-Panamax,12000,Malta
SR01716,SHP01716,Vessel-01716,ONE,Ultra Large Container Vessel,3000,India
SR01717,SHP01717,Vessel-01717,Maersk,Panamax,4500,Singapore
SR01718,SHP01718,Vessel-01718,MSC,Post-Panamax,6500,Liberia
SR01719,SHP01719,Vessel-01719,CMA CGM,Ultra Large Container Vessel,8500,Panama
SR01720,SHP01720,Vessel-01720,Hapag-Lloyd,Panamax,12000,Malta
SR01721,SHP01721,Vessel-01721,Evergreen,Post-Panamax,3000,India
SR01722,SHP01722,Vessel-01722,ONE,Ultra Large Container Vessel,4500,Singapore
SR01723,SHP01723,Vessel-01723,Maersk,Panamax,6500,Liberia
SR01724,SHP01724,Vessel-01724,MSC,Post-Panamax,8500,Panama
SR01725,SHP01725,Vessel-01725,CMA CGM,Ultra Large Container Vessel,12000,Malta
SR01726,SHP01726,Vessel-01726,Hapag-Lloyd,Panamax,3000,India
SR01727,SHP01727,Vessel-01727,Evergreen,Post-Panamax,4500,Singapore
SR01728,SHP01728,Vessel-01728,ONE,Ultra Large Container Vessel,6500,Liberia
SR01729,SHP01729,Vessel-01729,Maersk,Panamax,8500,Panama
SR01730,SHP01730,Vessel-01730,MSC,Post-Panamax,12000,Malta
SR01731,SHP01731,Vessel-01731,CMA CGM,Ultra Large Container Vessel,3000,India
SR01732,SHP01732,Vessel-01732,Hapag-Lloyd,Panamax,4500,Singapore
SR01733,SHP01733,Vessel-01733,Evergreen,Post-Panamax,6500,Liberia
SR01734,SHP01734,Vessel-01734,ONE,Ultra Large Container Vessel,8500,Panama
SR01735,SHP01735,Vessel-01735,Maersk,Panamax,12000,Malta
SR01736,SHP01736,Vessel-01736,MSC,Post-Panamax,3000,India
SR01737,SHP01737,Vessel-01737,CMA CGM,Ultra Large Container Vessel,4500,Singapore
SR01738,SHP01738,Vessel-01738,Hapag-Lloyd,Panamax,6500,Liberia
SR01739,SHP01739,Vessel-01739,Evergreen,Post-Panamax,8500,Panama
SR01740,SHP01740,Vessel-01740,ONE,Ultra Large Container Vessel,12000,Malta
SR01741,SHP01741,Vessel-01741,Maersk,Panamax,3000,India
SR01742,SHP01742,Vessel-01742,MSC,Post-Panamax,4500,Singapore
SR01743,SHP01743,Vessel-01743,CMA CGM,Ultra Large Container Vessel,6500,Liberia
SR01744,SHP01744,Vessel-01744,Hapag-Lloyd,Panamax,8500,Panama
SR01745,SHP01745,Vessel-01745,Evergreen,Post-Panamax,12000,Malta
SR01746,SHP01746,Vessel-01746,ONE,Ultra Large Container Vessel,3000,India
SR01747,SHP01747,Vessel-01747,Maersk,Panamax,4500,Singapore
SR01748,SHP01748,Vessel-01748,MSC,Post-Panamax,6500,Liberia
SR01749,SHP01749,Vessel-01749,CMA CGM,Ultra Large Container Vessel,8500,Panama
SR01750,SHP01750,Vessel-01750,Hapag-Lloyd,Panamax,12000,Malta
SR01751,SHP01751,Vessel-01751,Evergreen,Post-Panamax,3000,India
SR01752,SHP01752,Vessel-01752,ONE,Ultra Large Container Vessel,4500,Singapore
SR01753,SHP01753,Vessel-01753,Maersk,Panamax,6500,Liberia
SR01754,SHP01754,Vessel-01754,MSC,Post-Panamax,8500,Panama
SR01755,SHP01755,Vessel-01755,CMA CGM,Ultra Large Container Vessel,12000,Malta
SR01756,SHP01756,Vessel-01756,Hapag-Lloyd,Panamax,3000,India
SR01757,SHP01757,Vessel-01757,Evergreen,Post-Panamax,4500,Singapore
SR01758,SHP01758,Vessel-01758,ONE,Ultra Large Container Vessel,6500,Liberia
SR01759,SHP01759,Vessel-01759,Maersk,Panamax,8500,Panama
SR01760,SHP01760,Vessel-01760,MSC,Post-Panamax,12000,Malta
SR01761,SHP01761,Vessel-01761,CMA CGM,Ultra Large Container Vessel,3000,India
SR01762,SHP01762,Vessel-01762,Hapag-Lloyd,Panamax,4500,Singapore
SR01763,SHP01763,Vessel-01763,Evergreen,Post-Panamax,6500,Liberia
SR01764,SHP01764,Vessel-01764,ONE,Ultra Large Container Vessel,8500,Panama
SR01765,SHP01765,Vessel-01765,Maersk,Panamax,12000,Malta
SR01766,SHP01766,Vessel-01766,MSC,Post-Panamax,3000,India
SR01767,SHP01767,Vessel-01767,CMA CGM,Ultra Large Container Vessel,4500,Singapore
SR01768,SHP01768,Vessel-01768,Hapag-Lloyd,Panamax,6500,Liberia
SR01769,SHP01769,Vessel-01769,Evergreen,Post-Panamax,8500,Panama
SR01770,SHP01770,Vessel-01770,ONE,Ultra Large Container Vessel,12000,Malta
SR01771,SHP01771,Vessel-01771,Maersk,Panamax,3000,India
SR01772,SHP01772,Vessel-01772,MSC,Post-Panamax,4500,Singapore
SR01773,SHP01773,Vessel-01773,CMA CGM,Ultra Large Container Vessel,6500,Liberia
SR01774,SHP01774,Vessel-01774,Hapag-Lloyd,Panamax,8500,Panama
SR01775,SHP01775,Vessel-01775,Evergreen,Post-Panamax,12000,Malta
SR01776,SHP01776,Vessel-01776,ONE,Ultra Large Container Vessel,3000,India
SR01777,SHP01777,Vessel-01777,Maersk,Panamax,4500,Singapore
SR01778,SHP01778,Vessel-01778,MSC,Post-Panamax,6500,Liberia
SR01779,SHP01779,Vessel-01779,CMA CGM,Ultra Large Container Vessel,8500,Panama
SR01780,SHP01780,Vessel-01780,Hapag-Lloyd,Panamax,12000,Malta
SR01781,SHP01781,Vessel-01781,Evergreen,Post-Panamax,3000,India
SR01782,SHP01782,Vessel-01782,ONE,Ultra Large Container Vessel,4500,Singapore
SR01783,SHP01783,Vessel-01783,Maersk,Panamax,6500,Liberia
SR01784,SHP01784,Vessel-01784,MSC,Post-Panamax,8500,Panama
SR01785,SHP01785,Vessel-01785,CMA CGM,Ultra Large Container Vessel,12000,Malta
SR01786,SHP01786,Vessel-01786,Hapag-Lloyd,Panamax,3000,India
SR01787,SHP01787,Vessel-01787,Evergreen,Post-Panamax,4500,Singapore
SR01788,SHP01788,Vessel-01788,ONE,Ultra Large Container Vessel,6500,Liberia
SR01789,SHP01789,Vessel-01789,Maersk,Panamax,8500,Panama
SR01790,SHP01790,Vessel-01790,MSC,Post-Panamax,12000,Malta
SR01791,SHP01791,Vessel-01791,CMA CGM,Ultra Large Container Vessel,3000,India
SR01792,SHP01792,Vessel-01792,Hapag-Lloyd,Panamax,4500,Singapore
SR01793,SHP01793,Vessel-01793,Evergreen,Post-Panamax,6500,Liberia
SR01794,SHP01794,Vessel-01794,ONE,Ultra Large Container Vessel,8500,Panama
SR01795,SHP01795,Vessel-01795,Maersk,Panamax,12000,Malta
SR01796,SHP01796,Vessel-01796,MSC,Post-Panamax,3000,India
SR01797,SHP01797,Vessel-01797,CMA CGM,Ultra Large Container Vessel,4500,Singapore
SR01798,SHP01798,Vessel-01798,Hapag-Lloyd,Panamax,6500,Liberia
SR01799,SHP01799,Vessel-01799,Evergreen,Post-Panamax,8500,Panama
SR01800,SHP01800,Vessel-01800,ONE,Ultra Large Container Vessel,12000,Malta
SR01801,SHP01801,Vessel-01801,Maersk,Panamax,3000,India
SR01802,SHP01802,Vessel-01802,MSC,Post-Panamax,4500,Singapore
SR01803,SHP01803,Vessel-01803,CMA CGM,Ultra Large Container Vessel,6500,Liberia
SR01804,SHP01804,Vessel-01804,Hapag-Lloyd,Panamax,8500,Panama
SR01805,SHP01805,Vessel-01805,Evergreen,Post-Panamax,12000,Malta
SR01806,SHP01806,Vessel-01806,ONE,Ultra Large Container Vessel,3000,India
SR01807,SHP01807,Vessel-01807,Maersk,Panamax,4500,Singapore
SR01808,SHP01808,Vessel-01808,MSC,Post-Panamax,6500,Liberia
SR01809,SHP01809,Vessel-01809,CMA CGM,Ultra Large Container Vessel,8500,Panama
SR01810,SHP01810,Vessel-01810,Hapag-Lloyd,Panamax,12000,Malta
SR01811,SHP01811,Vessel-01811,Evergreen,Post-Panamax,3000,India
SR01812,SHP01812,Vessel-01812,ONE,Ultra Large Container Vessel,4500,Singapore
SR01813,SHP01813,Vessel-01813,Maersk,Panamax,6500,Liberia
SR01814,SHP01814,Vessel-01814,MSC,Post-Panamax,8500,Panama
SR01815,SHP01815,Vessel-01815,CMA CGM,Ultra Large Container Vessel,12000,Malta
SR01816,SHP01816,Vessel-01816,Hapag-Lloyd,Panamax,3000,India
SR01817,SHP01817,Vessel-01817,Evergreen,Post-Panamax,4500,Singapore
SR01818,SHP01818,Vessel-01818,ONE,Ultra Large Container Vessel,6500,Liberia
SR01819,SHP01819,Vessel-01819,Maersk,Panamax,8500,Panama
SR01820,SHP01820,Vessel-01820,MSC,Post-Panamax,12000,Malta
SR01821,SHP01821,Vessel-01821,CMA CGM,Ultra Large Container Vessel,3000,India
SR01822,SHP01822,Vessel-01822,Hapag-Lloyd,Panamax,4500,Singapore
SR01823,SHP01823,Vessel-01823,Evergreen,Post-Panamax,6500,Liberia
SR01824,SHP01824,Vessel-01824,ONE,Ultra Large Container Vessel,8500,Panama
SR01825,SHP01825,Vessel-01825,Maersk,Panamax,12000,Malta
SR01826,SHP01826,Vessel-01826,MSC,Post-Panamax,3000,India
SR01827,SHP01827,Vessel-01827,CMA CGM,Ultra Large Container Vessel,4500,Singapore
SR01828,SHP01828,Vessel-01828,Hapag-Lloyd,Panamax,6500,Liberia
SR01829,SHP01829,Vessel-01829,Evergreen,Post-Panamax,8500,Panama
SR01830,SHP01830,Vessel-01830,ONE,Ultra Large Container Vessel,12000,Malta
SR01831,SHP01831,Vessel-01831,Maersk,Panamax,3000,India
SR01832,SHP01832,Vessel-01832,MSC,Post-Panamax,4500,Singapore
SR01833,SHP01833,Vessel-01833,CMA CGM,Ultra Large Container Vessel,6500,Liberia
SR01834,SHP01834,Vessel-01834,Hapag-Lloyd,Panamax,8500,Panama
SR01835,SHP01835,Vessel-01835,Evergreen,Post-Panamax,12000,Malta
SR01836,SHP01836,Vessel-01836,ONE,Ultra Large Container Vessel,3000,India
SR01837,SHP01837,Vessel-01837,Maersk,Panamax,4500,Singapore
SR01838,SHP01838,Vessel-01838,MSC,Post-Panamax,6500,Liberia
SR01839,SHP01839,Vessel-01839,CMA CGM,Ultra Large Container Vessel,8500,Panama
SR01840,SHP01840,Vessel-01840,Hapag-Lloyd,Panamax,12000,Malta
SR01841,SHP01841,Vessel-01841,Evergreen,Post-Panamax,3000,India
SR01842,SHP01842,Vessel-01842,ONE,Ultra Large Container Vessel,4500,Singapore
SR01843,SHP01843,Vessel-01843,Maersk,Panamax,6500,Liberia
SR01844,SHP01844,Vessel-01844,MSC,Post-Panamax,8500,Panama
SR01845,SHP01845,Vessel-01845,CMA CGM,Ultra Large Container Vessel,12000,Malta
SR01846,SHP01846,Vessel-01846,Hapag-Lloyd,Panamax,3000,India
SR01847,SHP01847,Vessel-01847,Evergreen,Post-Panamax,4500,Singapore
SR01848,SHP01848,Vessel-01848,ONE,Ultra Large Container Vessel,6500,Liberia
SR01849,SHP01849,Vessel-01849,Maersk,Panamax,8500,Panama
SR01850,SHP01850,Vessel-01850,MSC,Post-Panamax,12000,Malta
SR01851,SHP01851,Vessel-01851,CMA CGM,Ultra Large Container Vessel,3000,India
SR01852,SHP01852,Vessel-01852,Hapag-Lloyd,Panamax,4500,Singapore
SR01853,SHP01853,Vessel-01853,Evergreen,Post-Panamax,6500,Liberia
SR01854,SHP01854,Vessel-01854,ONE,Ultra Large Container Vessel,8500,Panama
SR01855,SHP01855,Vessel-01855,Maersk,Panamax,12000,Malta
SR01856,SHP01856,Vessel-01856,MSC,Post-Panamax,3000,India
SR01857,SHP01857,Vessel-01857,CMA CGM,Ultra Large Container Vessel,4500,Singapore
SR01858,SHP01858,Vessel-01858,Hapag-Lloyd,Panamax,6500,Liberia
SR01859,SHP01859,Vessel-01859,Evergreen,Post-Panamax,8500,Panama
SR01860,SHP01860,Vessel-01860,ONE,Ultra Large Container Vessel,12000,Malta
SR01861,SHP01861,Vessel-01861,Maersk,Panamax,3000,India
SR01862,SHP01862,Vessel-01862,MSC,Post-Panamax,4500,Singapore
SR01863,SHP01863,Vessel-01863,CMA CGM,Ultra Large Container Vessel,6500,Liberia
SR01864,SHP01864,Vessel-01864,Hapag-Lloyd,Panamax,8500,Panama
SR01865,SHP01865,Vessel-01865,Evergreen,Post-Panamax,12000,Malta
SR01866,SHP01866,Vessel-01866,ONE,Ultra Large Container Vessel,3000,India
SR01867,SHP01867,Vessel-01867,Maersk,Panamax,4500,Singapore
SR01868,SHP01868,Vessel-01868,MSC,Post-Panamax,6500,Liberia
SR01869,SHP01869,Vessel-01869,CMA CGM,Ultra Large Container Vessel,8500,Panama
SR01870,SHP01870,Vessel-01870,Hapag-Lloyd,Panamax,12000,Malta
SR01871,SHP01871,Vessel-01871,Evergreen,Post-Panamax,3000,India
SR01872,SHP01872,Vessel-01872,ONE,Ultra Large Container Vessel,4500,Singapore
SR01873,SHP01873,Vessel-01873,Maersk,Panamax,6500,Liberia
SR01874,SHP01874,Vessel-01874,MSC,Post-Panamax,8500,Panama
SR01875,SHP01875,Vessel-01875,CMA CGM,Ultra Large Container Vessel,12000,Malta
SR01876,SHP01876,Vessel-01876,Hapag-Lloyd,Panamax,3000,India
SR01877,SHP01877,Vessel-01877,Evergreen,Post-Panamax,4500,Singapore
SR01878,SHP01878,Vessel-01878,ONE,Ultra Large Container Vessel,6500,Liberia
SR01879,SHP01879,Vessel-01879,Maersk,Panamax,8500,Panama
SR01880,SHP01880,Vessel-01880,MSC,Post-Panamax,12000,Malta
SR01881,SHP01881,Vessel-01881,CMA CGM,Ultra Large Container Vessel,3000,India
SR01882,SHP01882,Vessel-01882,Hapag-Lloyd,Panamax,4500,Singapore
SR01883,SHP01883,Vessel-01883,Evergreen,Post-Panamax,6500,Liberia
SR01884,SHP01884,Vessel-01884,ONE,Ultra Large Container Vessel,8500,Panama
SR01885,SHP01885,Vessel-01885,Maersk,Panamax,12000,Malta
SR01886,SHP01886,Vessel-01886,MSC,Post-Panamax,3000,India
SR01887,SHP01887,Vessel-01887,CMA CGM,Ultra Large Container Vessel,4500,Singapore
SR01888,SHP01888,Vessel-01888,Hapag-Lloyd,Panamax,6500,Liberia
SR01889,SHP01889,Vessel-01889,Evergreen,Post-Panamax,8500,Panama
SR01890,SHP01890,Vessel-01890,ONE,Ultra Large Container Vessel,12000,Malta
SR01891,SHP01891,Vessel-01891,Maersk,Panamax,3000,India
SR01892,SHP01892,Vessel-01892,MSC,Post-Panamax,4500,Singapore
SR01893,SHP01893,Vessel-01893,CMA CGM,Ultra Large Container Vessel,6500,Liberia
SR01894,SHP01894,Vessel-01894,Hapag-Lloyd,Panamax,8500,Panama
SR01895,SHP01895,Vessel-01895,Evergreen,Post-Panamax,12000,Malta
SR01896,SHP01896,Vessel-01896,ONE,Ultra Large Container Vessel,3000,India
SR01897,SHP01897,Vessel-01897,Maersk,Panamax,4500,Singapore
SR01898,SHP01898,Vessel-01898,MSC,Post-Panamax,6500,Liberia
SR01899,SHP01899,Vessel-01899,CMA CGM,Ultra Large Container Vessel,8500,Panama
SR01900,SHP01900,Vessel-01900,Hapag-Lloyd,Panamax,12000,Malta
SR01901,SHP01901,Vessel-01901,Evergreen,Post-Panamax,3000,India
SR01902,SHP01902,Vessel-01902,ONE,Ultra Large Container Vessel,4500,Singapore
SR01903,SHP01903,Vessel-01903,Maersk,Panamax,6500,Liberia
SR01904,SHP01904,Vessel-01904,MSC,Post-Panamax,8500,Panama
SR01905,SHP01905,Vessel-01905,CMA CGM,Ultra Large Container Vessel,12000,Malta
SR01906,SHP01906,Vessel-01906,Hapag-Lloyd,Panamax,3000,India
SR01907,SHP01907,Vessel-01907,Evergreen,Post-Panamax,4500,Singapore
SR01908,SHP01908,Vessel-01908,ONE,Ultra Large Container Vessel,6500,Liberia
SR01909,SHP01909,Vessel-01909,Maersk,Panamax,8500,Panama
SR01910,SHP01910,Vessel-01910,MSC,Post-Panamax,12000,Malta
SR01911,SHP01911,Vessel-01911,CMA CGM,Ultra Large Container Vessel,3000,India
SR01912,SHP01912,Vessel-01912,Hapag-Lloyd,Panamax,4500,Singapore
SR01913,SHP01913,Vessel-01913,Evergreen,Post-Panamax,6500,Liberia
SR01914,SHP01914,Vessel-01914,ONE,Ultra Large Container Vessel,8500,Panama
SR01915,SHP01915,Vessel-01915,Maersk,Panamax,12000,Malta
SR01916,SHP01916,Vessel-01916,MSC,Post-Panamax,3000,India
SR01917,SHP01917,Vessel-01917,CMA CGM,Ultra Large Container Vessel,4500,Singapore
SR01918,SHP01918,Vessel-01918,Hapag-Lloyd,Panamax,6500,Liberia
SR01919,SHP01919,Vessel-01919,Evergreen,Post-Panamax,8500,Panama
SR01920,SHP01920,Vessel-01920,ONE,Ultra Large Container Vessel,12000,Malta
SR01921,SHP01921,Vessel-01921,Maersk,Panamax,3000,India
SR01922,SHP01922,Vessel-01922,MSC,Post-Panamax,4500,Singapore
SR01923,SHP01923,Vessel-01923,CMA CGM,Ultra Large Container Vessel,6500,Liberia
SR01924,SHP01924,Vessel-01924,Hapag-Lloyd,Panamax,8500,Panama
SR01925,SHP01925,Vessel-01925,Evergreen,Post-Panamax,12000,Malta
SR01926,SHP01926,Vessel-01926,ONE,Ultra Large Container Vessel,3000,India
SR01927,SHP01927,Vessel-01927,Maersk,Panamax,4500,Singapore
SR01928,SHP01928,Vessel-01928,MSC,Post-Panamax,6500,Liberia
SR01929,SHP01929,Vessel-01929,CMA CGM,Ultra Large Container Vessel,8500,Panama
SR01930,SHP01930,Vessel-01930,Hapag-Lloyd,Panamax,12000,Malta
SR01931,SHP01931,Vessel-01931,Evergreen,Post-Panamax,3000,India
SR01932,SHP01932,Vessel-01932,ONE,Ultra Large Container Vessel,4500,Singapore
SR01933,SHP01933,Vessel-01933,Maersk,Panamax,6500,Liberia
SR01934,SHP01934,Vessel-01934,MSC,Post-Panamax,8500,Panama
SR01935,SHP01935,Vessel-01935,CMA CGM,Ultra Large Container Vessel,12000,Malta
SR01936,SHP01936,Vessel-01936,Hapag-Lloyd,Panamax,3000,India
SR01937,SHP01937,Vessel-01937,Evergreen,Post-Panamax,4500,Singapore
SR01938,SHP01938,Vessel-01938,ONE,Ultra Large Container Vessel,6500,Liberia
SR01939,SHP01939,Vessel-01939,Maersk,Panamax,8500,Panama
SR01940,SHP01940,Vessel-01940,MSC,Post-Panamax,12000,Malta
SR01941,SHP01941,Vessel-01941,CMA CGM,Ultra Large Container Vessel,3000,India
SR01942,SHP01942,Vessel-01942,Hapag-Lloyd,Panamax,4500,Singapore
SR01943,SHP01943,Vessel-01943,Evergreen,Post-Panamax,6500,Liberia
SR01944,SHP01944,Vessel-01944,ONE,Ultra Large Container Vessel,8500,Panama
SR01945,SHP01945,Vessel-01945,Maersk,Panamax,12000,Malta
SR01946,SHP01946,Vessel-01946,MSC,Post-Panamax,3000,India
SR01947,SHP01947,Vessel-01947,CMA CGM,Ultra Large Container Vessel,4500,Singapore
SR01948,SHP01948,Vessel-01948,Hapag-Lloyd,Panamax,6500,Liberia
SR01949,SHP01949,Vessel-01949,Evergreen,Post-Panamax,8500,Panama
SR01950,SHP01950,Vessel-01950,ONE,Ultra Large Container Vessel,12000,Malta
SR01951,SHP01951,Vessel-01951,Maersk,Panamax,3000,India
SR01952,SHP01952,Vessel-01952,MSC,Post-Panamax,4500,Singapore
SR01953,SHP01953,Vessel-01953,CMA CGM,Ultra Large Container Vessel,6500,Liberia
SR01954,SHP01954,Vessel-01954,Hapag-Lloyd,Panamax,8500,Panama
SR01955,SHP01955,Vessel-01955,Evergreen,Post-Panamax,12000,Malta
SR01956,SHP01956,Vessel-01956,ONE,Ultra Large Container Vessel,3000,India
SR01957,SHP01957,Vessel-01957,Maersk,Panamax,4500,Singapore
SR01958,SHP01958,Vessel-01958,MSC,Post-Panamax,6500,Liberia
SR01959,SHP01959,Vessel-01959,CMA CGM,Ultra Large Container Vessel,8500,Panama
SR01960,SHP01960,Vessel-01960,Hapag-Lloyd,Panamax,12000,Malta
SR01961,SHP01961,Vessel-01961,Evergreen,Post-Panamax,3000,India
SR01962,SHP01962,Vessel-01962,ONE,Ultra Large Container Vessel,4500,Singapore
SR01963,SHP01963,Vessel-01963,Maersk,Panamax,6500,Liberia
SR01964,SHP01964,Vessel-01964,MSC,Post-Panamax,8500,Panama
SR01965,SHP01965,Vessel-01965,CMA CGM,Ultra Large Container Vessel,12000,Malta
SR01966,SHP01966,Vessel-01966,Hapag-Lloyd,Panamax,3000,India
SR01967,SHP01967,Vessel-01967,Evergreen,Post-Panamax,4500,Singapore
SR01968,SHP01968,Vessel-01968,ONE,Ultra Large Container Vessel,6500,Liberia
SR01969,SHP01969,Vessel-01969,Maersk,Panamax,8500,Panama
SR01970,SHP01970,Vessel-01970,MSC,Post-Panamax,12000,Malta
SR01971,SHP01971,Vessel-01971,CMA CGM,Ultra Large Container Vessel,3000,India
SR01972,SHP01972,Vessel-01972,Hapag-Lloyd,Panamax,4500,Singapore
SR01973,SHP01973,Vessel-01973,Evergreen,Post-Panamax,6500,Liberia
SR01974,SHP01974,Vessel-01974,ONE,Ultra Large Container Vessel,8500,Panama
SR01975,SHP01975,Vessel-01975,Maersk,Panamax,12000,Malta
SR01976,SHP01976,Vessel-01976,MSC,Post-Panamax,3000,India
SR01977,SHP01977,Vessel-01977,CMA CGM,Ultra Large Container Vessel,4500,Singapore
SR01978,SHP01978,Vessel-01978,Hapag-Lloyd,Panamax,6500,Liberia
SR01979,SHP01979,Vessel-01979,Evergreen,Post-Panamax,8500,Panama
SR01980,SHP01980,Vessel-01980,ONE,Ultra Large Container Vessel,12000,Malta
SR01981,SHP01981,Vessel-01981,Maersk,Panamax,3000,India
SR01982,SHP01982,Vessel-01982,MSC,Post-Panamax,4500,Singapore
SR01983,SHP01983,Vessel-01983,CMA CGM,Ultra Large Container Vessel,6500,Liberia
SR01984,SHP01984,Vessel-01984,Hapag-Lloyd,Panamax,8500,Panama
SR01985,SHP01985,Vessel-01985,Evergreen,Post-Panamax,12000,Malta
SR01986,SHP01986,Vessel-01986,ONE,Ultra Large Container Vessel,3000,India
SR01987,SHP01987,Vessel-01987,Maersk,Panamax,4500,Singapore
SR01988,SHP01988,Vessel-01988,MSC,Post-Panamax,6500,Liberia
SR01989,SHP01989,Vessel-01989,CMA CGM,Ultra Large Container Vessel,8500,Panama
SR01990,SHP01990,Vessel-01990,Hapag-Lloyd,Panamax,12000,Malta
SR01991,SHP01991,Vessel-01991,Evergreen,Post-Panamax,3000,India
SR01992,SHP01992,Vessel-01992,ONE,Ultra Large Container Vessel,4500,Singapore
SR01993,SHP01993,Vessel-01993,Maersk,Panamax,6500,Liberia
SR01994,SHP01994,Vessel-01994,MSC,Post-Panamax,8500,Panama
SR01995,SHP01995,Vessel-01995,CMA CGM,Ultra Large Container Vessel,12000,Malta
SR01996,SHP01996,Vessel-01996,Hapag-Lloyd,Panamax,3000,India
SR01997,SHP01997,Vessel-01997,Evergreen,Post-Panamax,4500,Singapore
SR01998,SHP01998,Vessel-01998,ONE,Ultra Large Container Vessel,6500,Liberia
SR01999,SHP01999,Vessel-01999,Maersk,Panamax,8500,Panama
SR02000,SHP02000,Vessel-02000,MSC,Post-Panamax,12000,Malta
SR02001,SHP02001,Vessel-02001,CMA CGM,Ultra Large Container Vessel,3000,India
SR02002,SHP02002,Vessel-02002,Hapag-Lloyd,Panamax,4500,Singapore
SR02003,SHP02003,Vessel-02003,Evergreen,Post-Panamax,6500,Liberia
SR02004,SHP02004,Vessel-02004,ONE,Ultra Large Container Vessel,8500,Panama
SR02005,SHP02005,Vessel-02005,Maersk,Panamax,12000,Malta
SR02006,SHP02006,Vessel-02006,MSC,Post-Panamax,3000,India
SR02007,SHP02007,Vessel-02007,CMA CGM,Ultra Large Container Vessel,4500,Singapore
SR02008,SHP02008,Vessel-02008,Hapag-Lloyd,Panamax,6500,Liberia
SR02009,SHP02009,Vessel-02009,Evergreen,Post-Panamax,8500,Panama
SR02010,SHP02010,Vessel-02010,ONE,Ultra Large Container Vessel,12000,Malta
SR02011,SHP02011,Vessel-02011,Maersk,Panamax,3000,India
SR02012,SHP02012,Vessel-02012,MSC,Post-Panamax,4500,Singapore
SR02013,SHP02013,Vessel-02013,CMA CGM,Ultra Large Container Vessel,6500,Liberia
SR02014,SHP02014,Vessel-02014,Hapag-Lloyd,Panamax,8500,Panama
SR02015,SHP02015,Vessel-02015,Evergreen,Post-Panamax,12000,Malta
SR02016,SHP02016,Vessel-02016,ONE,Ultra Large Container Vessel,3000,India
SR02017,SHP02017,Vessel-02017,Maersk,Panamax,4500,Singapore
SR02018,SHP02018,Vessel-02018,MSC,Post-Panamax,6500,Liberia
SR02019,SHP02019,Vessel-02019,CMA CGM,Ultra Large Container Vessel,8500,Panama
SR02020,SHP02020,Vessel-02020,Hapag-Lloyd,Panamax,12000,Malta
SR02021,SHP02021,Vessel-02021,Evergreen,Post-Panamax,3000,India
SR02022,SHP02022,Vessel-02022,ONE,Ultra Large Container Vessel,4500,Singapore
SR02023,SHP02023,Vessel-02023,Maersk,Panamax,6500,Liberia
SR02024,SHP02024,Vessel-02024,MSC,Post-Panamax,8500,Panama
SR02025,SHP02025,Vessel-02025,CMA CGM,Ultra Large Container Vessel,12000,Malta
SR02026,SHP02026,Vessel-02026,Hapag-Lloyd,Panamax,3000,India
SR02027,SHP02027,Vessel-02027,Evergreen,Post-Panamax,4500,Singapore
SR02028,SHP02028,Vessel-02028,ONE,Ultra Large Container Vessel,6500,Liberia
SR02029,SHP02029,Vessel-02029,Maersk,Panamax,8500,Panama
SR02030,SHP02030,Vessel-02030,MSC,Post-Panamax,12000,Malta
SR02031,SHP02031,Vessel-02031,CMA CGM,Ultra Large Container Vessel,3000,India
SR02032,SHP02032,Vessel-02032,Hapag-Lloyd,Panamax,4500,Singapore
SR02033,SHP02033,Vessel-02033,Evergreen,Post-Panamax,6500,Liberia
SR02034,SHP02034,Vessel-02034,ONE,Ultra Large Container Vessel,8500,Panama
SR02035,SHP02035,Vessel-02035,Maersk,Panamax,12000,Malta
SR02036,SHP02036,Vessel-02036,MSC,Post-Panamax,3000,India
SR02037,SHP02037,Vessel-02037,CMA CGM,Ultra Large Container Vessel,4500,Singapore
SR02038,SHP02038,Vessel-02038,Hapag-Lloyd,Panamax,6500,Liberia
SR02039,SHP02039,Vessel-02039,Evergreen,Post-Panamax,8500,Panama
SR02040,SHP02040,Vessel-02040,ONE,Ultra Large Container Vessel,12000,Malta
SR02041,SHP02041,Vessel-02041,Maersk,Panamax,3000,India
SR02042,SHP02042,Vessel-02042,MSC,Post-Panamax,4500,Singapore
SR02043,SHP02043,Vessel-02043,CMA CGM,Ultra Large Container Vessel,6500,Liberia
SR02044,SHP02044,Vessel-02044,Hapag-Lloyd,Panamax,8500,Panama
SR02045,SHP02045,Vessel-02045,Evergreen,Post-Panamax,12000,Malta
SR02046,SHP02046,Vessel-02046,ONE,Ultra Large Container Vessel,3000,India
SR02047,SHP02047,Vessel-02047,Maersk,Panamax,4500,Singapore
SR02048,SHP02048,Vessel-02048,MSC,Post-Panamax,6500,Liberia
SR02049,SHP02049,Vessel-02049,CMA CGM,Ultra Large Container Vessel,8500,Panama
SR02050,SHP02050,Vessel-02050,Hapag-Lloyd,Panamax,12000,Malta
SR02051,SHP02051,Vessel-02051,Evergreen,Post-Panamax,3000,India
SR02052,SHP02052,Vessel-02052,ONE,Ultra Large Container Vessel,4500,Singapore
SR02053,SHP02053,Vessel-02053,Maersk,Panamax,6500,Liberia
SR02054,SHP02054,Vessel-02054,MSC,Post-Panamax,8500,Panama
SR02055,SHP02055,Vessel-02055,CMA CGM,Ultra Large Container Vessel,12000,Malta
SR02056,SHP02056,Vessel-02056,Hapag-Lloyd,Panamax,3000,India
SR02057,SHP02057,Vessel-02057,Evergreen,Post-Panamax,4500,Singapore
SR02058,SHP02058,Vessel-02058,ONE,Ultra Large Container Vessel,6500,Liberia
SR02059,SHP02059,Vessel-02059,Maersk,Panamax,8500,Panama
SR02060,SHP02060,Vessel-02060,MSC,Post-Panamax,12000,Malta
SR02061,SHP02061,Vessel-02061,CMA CGM,Ultra Large Container Vessel,3000,India
SR02062,SHP02062,Vessel-02062,Hapag-Lloyd,Panamax,4500,Singapore
SR02063,SHP02063,Vessel-02063,Evergreen,Post-Panamax,6500,Liberia
SR02064,SHP02064,Vessel-02064,ONE,Ultra Large Container Vessel,8500,Panama
SR02065,SHP02065,Vessel-02065,Maersk,Panamax,12000,Malta
SR02066,SHP02066,Vessel-02066,MSC,Post-Panamax,3000,India
SR02067,SHP02067,Vessel-02067,CMA CGM,Ultra Large Container Vessel,4500,Singapore
SR02068,SHP02068,Vessel-02068,Hapag-Lloyd,Panamax,6500,Liberia
SR02069,SHP02069,Vessel-02069,Evergreen,Post-Panamax,8500,Panama
SR02070,SHP02070,Vessel-02070,ONE,Ultra Large Container Vessel,12000,Malta
SR02071,SHP02071,Vessel-02071,Maersk,Panamax,3000,India
SR02072,SHP02072,Vessel-02072,MSC,Post-Panamax,4500,Singapore
SR02073,SHP02073,Vessel-02073,CMA CGM,Ultra Large Container Vessel,6500,Liberia
SR02074,SHP02074,Vessel-02074,Hapag-Lloyd,Panamax,8500,Panama
SR02075,SHP02075,Vessel-02075,Evergreen,Post-Panamax,12000,Malta
SR02076,SHP02076,Vessel-02076,ONE,Ultra Large Container Vessel,3000,India
SR02077,SHP02077,Vessel-02077,Maersk,Panamax,4500,Singapore
SR02078,SHP02078,Vessel-02078,MSC,Post-Panamax,6500,Liberia
SR02079,SHP02079,Vessel-02079,CMA CGM,Ultra Large Container Vessel,8500,Panama
SR02080,SHP02080,Vessel-02080,Hapag-Lloyd,Panamax,12000,Malta
SR02081,SHP02081,Vessel-02081,Evergreen,Post-Panamax,3000,India
SR02082,SHP02082,Vessel-02082,ONE,Ultra Large Container Vessel,4500,Singapore
SR02083,SHP02083,Vessel-02083,Maersk,Panamax,6500,Liberia
SR02084,SHP02084,Vessel-02084,MSC,Post-Panamax,8500,Panama
SR02085,SHP02085,Vessel-02085,CMA CGM,Ultra Large Container Vessel,12000,Malta
SR02086,SHP02086,Vessel-02086,Hapag-Lloyd,Panamax,3000,India
SR02087,SHP02087,Vessel-02087,Evergreen,Post-Panamax,4500,Singapore
SR02088,SHP02088,Vessel-02088,ONE,Ultra Large Container Vessel,6500,Liberia
SR02089,SHP02089,Vessel-02089,Maersk,Panamax,8500,Panama
SR02090,SHP02090,Vessel-02090,MSC,Post-Panamax,12000,Malta
SR02091,SHP02091,Vessel-02091,CMA CGM,Ultra Large Container Vessel,3000,India
SR02092,SHP02092,Vessel-02092,Hapag-Lloyd,Panamax,4500,Singapore
SR02093,SHP02093,Vessel-02093,Evergreen,Post-Panamax,6500,Liberia
SR02094,SHP02094,Vessel-02094,ONE,Ultra Large Container Vessel,8500,Panama
SR02095,SHP02095,Vessel-02095,Maersk,Panamax,12000,Malta
SR02096,SHP02096,Vessel-02096,MSC,Post-Panamax,3000,India
SR02097,SHP02097,Vessel-02097,CMA CGM,Ultra Large Container Vessel,4500,Singapore
SR02098,SHP02098,Vessel-02098,Hapag-Lloyd,Panamax,6500,Liberia
SR02099,SHP02099,Vessel-02099,Evergreen,Post-Panamax,8500,Panama
SR02100,SHP02100,Vessel-02100,ONE,Ultra Large Container Vessel,12000,Malta
SR02101,SHP02101,Vessel-02101,Maersk,Panamax,3000,India
SR02102,SHP02102,Vessel-02102,MSC,Post-Panamax,4500,Singapore
SR02103,SHP02103,Vessel-02103,CMA CGM,Ultra Large Container Vessel,6500,Liberia
SR02104,SHP02104,Vessel-02104,Hapag-Lloyd,Panamax,8500,Panama
SR02105,SHP02105,Vessel-02105,Evergreen,Post-Panamax,12000,Malta
SR02106,SHP02106,Vessel-02106,ONE,Ultra Large Container Vessel,3000,India
SR02107,SHP02107,Vessel-02107,Maersk,Panamax,4500,Singapore
SR02108,SHP02108,Vessel-02108,MSC,Post-Panamax,6500,Liberia
SR02109,SHP02109,Vessel-02109,CMA CGM,Ultra Large Container Vessel,8500,Panama
SR02110,SHP02110,Vessel-02110,Hapag-Lloyd,Panamax,12000,Malta
SR02111,SHP02111,Vessel-02111,Evergreen,Post-Panamax,3000,India
SR02112,SHP02112,Vessel-02112,ONE,Ultra Large Container Vessel,4500,Singapore
SR02113,SHP02113,Vessel-02113,Maersk,Panamax,6500,Liberia
SR02114,SHP02114,Vessel-02114,MSC,Post-Panamax,8500,Panama
SR02115,SHP02115,Vessel-02115,CMA CGM,Ultra Large Container Vessel,12000,Malta
SR02116,SHP02116,Vessel-02116,Hapag-Lloyd,Panamax,3000,India
SR02117,SHP02117,Vessel-02117,Evergreen,Post-Panamax,4500,Singapore
SR02118,SHP02118,Vessel-02118,ONE,Ultra Large Container Vessel,6500,Liberia
SR02119,SHP02119,Vessel-02119,Maersk,Panamax,8500,Panama
SR02120,SHP02120,Vessel-02120,MSC,Post-Panamax,12000,Malta
SR02121,SHP02121,Vessel-02121,CMA CGM,Ultra Large Container Vessel,3000,India
SR02122,SHP02122,Vessel-02122,Hapag-Lloyd,Panamax,4500,Singapore
SR02123,SHP02123,Vessel-02123,Evergreen,Post-Panamax,6500,Liberia
SR02124,SHP02124,Vessel-02124,ONE,Ultra Large Container Vessel,8500,Panama
SR02125,SHP02125,Vessel-02125,Maersk,Panamax,12000,Malta
SR02126,SHP02126,Vessel-02126,MSC,Post-Panamax,3000,India
SR02127,SHP02127,Vessel-02127,CMA CGM,Ultra Large Container Vessel,4500,Singapore
SR02128,SHP02128,Vessel-02128,Hapag-Lloyd,Panamax,6500,Liberia
SR02129,SHP02129,Vessel-02129,Evergreen,Post-Panamax,8500,Panama
SR02130,SHP02130,Vessel-02130,ONE,Ultra Large Container Vessel,12000,Malta
SR02131,SHP02131,Vessel-02131,Maersk,Panamax,3000,India
SR02132,SHP02132,Vessel-02132,MSC,Post-Panamax,4500,Singapore
SR02133,SHP02133,Vessel-02133,CMA CGM,Ultra Large Container Vessel,6500,Liberia
SR02134,SHP02134,Vessel-02134,Hapag-Lloyd,Panamax,8500,Panama
SR02135,SHP02135,Vessel-02135,Evergreen,Post-Panamax,12000,Malta
SR02136,SHP02136,Vessel-02136,ONE,Ultra Large Container Vessel,3000,India
SR02137,SHP02137,Vessel-02137,Maersk,Panamax,4500,Singapore
SR02138,SHP02138,Vessel-02138,MSC,Post-Panamax,6500,Liberia
SR02139,SHP02139,Vessel-02139,CMA CGM,Ultra Large Container Vessel,8500,Panama
SR02140,SHP02140,Vessel-02140,Hapag-Lloyd,Panamax,12000,Malta
SR02141,SHP02141,Vessel-02141,Evergreen,Post-Panamax,3000,India
SR02142,SHP02142,Vessel-02142,ONE,Ultra Large Container Vessel,4500,Singapore
SR02143,SHP02143,Vessel-02143,Maersk,Panamax,6500,Liberia
SR02144,SHP02144,Vessel-02144,MSC,Post-Panamax,8500,Panama
SR02145,SHP02145,Vessel-02145,CMA CGM,Ultra Large Container Vessel,12000,Malta
SR02146,SHP02146,Vessel-02146,Hapag-Lloyd,Panamax,3000,India
SR02147,SHP02147,Vessel-02147,Evergreen,Post-Panamax,4500,Singapore
SR02148,SHP02148,Vessel-02148,ONE,Ultra Large Container Vessel,6500,Liberia
SR02149,SHP02149,Vessel-02149,Maersk,Panamax,8500,Panama
SR02150,SHP02150,Vessel-02150,MSC,Post-Panamax,12000,Malta
SR02151,SHP02151,Vessel-02151,CMA CGM,Ultra Large Container Vessel,3000,India
SR02152,SHP02152,Vessel-02152,Hapag-Lloyd,Panamax,4500,Singapore
SR02153,SHP02153,Vessel-02153,Evergreen,Post-Panamax,6500,Liberia
SR02154,SHP02154,Vessel-02154,ONE,Ultra Large Container Vessel,8500,Panama
SR02155,SHP02155,Vessel-02155,Maersk,Panamax,12000,Malta
SR02156,SHP02156,Vessel-02156,MSC,Post-Panamax,3000,India
SR02157,SHP02157,Vessel-02157,CMA CGM,Ultra Large Container Vessel,4500,Singapore
SR02158,SHP02158,Vessel-02158,Hapag-Lloyd,Panamax,6500,Liberia
SR02159,SHP02159,Vessel-02159,Evergreen,Post-Panamax,8500,Panama
SR02160,SHP02160,Vessel-02160,ONE,Ultra Large Container Vessel,12000,Malta
SR02161,SHP02161,Vessel-02161,Maersk,Panamax,3000,India
SR02162,SHP02162,Vessel-02162,MSC,Post-Panamax,4500,Singapore
SR02163,SHP02163,Vessel-02163,CMA CGM,Ultra Large Container Vessel,6500,Liberia
SR02164,SHP02164,Vessel-02164,Hapag-Lloyd,Panamax,8500,Panama
SR02165,SHP02165,Vessel-02165,Evergreen,Post-Panamax,12000,Malta
SR02166,SHP02166,Vessel-02166,ONE,Ultra Large Container Vessel,3000,India
SR02167,SHP02167,Vessel-02167,Maersk,Panamax,4500,Singapore
SR02168,SHP02168,Vessel-02168,MSC,Post-Panamax,6500,Liberia
SR02169,SHP02169,Vessel-02169,CMA CGM,Ultra Large Container Vessel,8500,Panama
SR02170,SHP02170,Vessel-02170,Hapag-Lloyd,Panamax,12000,Malta
SR02171,SHP02171,Vessel-02171,Evergreen,Post-Panamax,3000,India
SR02172,SHP02172,Vessel-02172,ONE,Ultra Large Container Vessel,4500,Singapore
SR02173,SHP02173,Vessel-02173,Maersk,Panamax,6500,Liberia
SR02174,SHP02174,Vessel-02174,MSC,Post-Panamax,8500,Panama
SR02175,SHP02175,Vessel-02175,CMA CGM,Ultra Large Container Vessel,12000,Malta
SR02176,SHP02176,Vessel-02176,Hapag-Lloyd,Panamax,3000,India
SR02177,SHP02177,Vessel-02177,Evergreen,Post-Panamax,4500,Singapore
SR02178,SHP02178,Vessel-02178,ONE,Ultra Large Container Vessel,6500,Liberia
SR02179,SHP02179,Vessel-02179,Maersk,Panamax,8500,Panama
SR02180,SHP02180,Vessel-02180,MSC,Post-Panamax,12000,Malta
SR02181,SHP02181,Vessel-02181,CMA CGM,Ultra Large Container Vessel,3000,India
SR02182,SHP02182,Vessel-02182,Hapag-Lloyd,Panamax,4500,Singapore
SR02183,SHP02183,Vessel-02183,Evergreen,Post-Panamax,6500,Liberia
SR02184,SHP02184,Vessel-02184,ONE,Ultra Large Container Vessel,8500,Panama
SR02185,SHP02185,Vessel-02185,Maersk,Panamax,12000,Malta
SR02186,SHP02186,Vessel-02186,MSC,Post-Panamax,3000,India
SR02187,SHP02187,Vessel-02187,CMA CGM,Ultra Large Container Vessel,4500,Singapore
SR02188,SHP02188,Vessel-02188,Hapag-Lloyd,Panamax,6500,Liberia
SR02189,SHP02189,Vessel-02189,Evergreen,Post-Panamax,8500,Panama
SR02190,SHP02190,Vessel-02190,ONE,Ultra Large Container Vessel,12000,Malta
SR02191,SHP02191,Vessel-02191,Maersk,Panamax,3000,India
SR02192,SHP02192,Vessel-02192,MSC,Post-Panamax,4500,Singapore
SR02193,SHP02193,Vessel-02193,CMA CGM,Ultra Large Container Vessel,6500,Liberia
SR02194,SHP02194,Vessel-02194,Hapag-Lloyd,Panamax,8500,Panama
SR02195,SHP02195,Vessel-02195,Evergreen,Post-Panamax,12000,Malta
SR02196,SHP02196,Vessel-02196,ONE,Ultra Large Container Vessel,3000,India
SR02197,SHP02197,Vessel-02197,Maersk,Panamax,4500,Singapore
SR02198,SHP02198,Vessel-02198,MSC,Post-Panamax,6500,Liberia
SR02199,SHP02199,Vessel-02199,CMA CGM,Ultra Large Container Vessel,8500,Panama
SR02200,SHP02200,Vessel-02200,Hapag-Lloyd,Panamax,12000,Malta
SR02201,SHP02201,Vessel-02201,Evergreen,Post-Panamax,3000,India
SR02202,SHP02202,Vessel-02202,ONE,Ultra Large Container Vessel,4500,Singapore
SR02203,SHP02203,Vessel-02203,Maersk,Panamax,6500,Liberia
SR02204,SHP02204,Vessel-02204,MSC,Post-Panamax,8500,Panama
SR02205,SHP02205,Vessel-02205,CMA CGM,Ultra Large Container Vessel,12000,Malta
SR02206,SHP02206,Vessel-02206,Hapag-Lloyd,Panamax,3000,India
SR02207,SHP02207,Vessel-02207,Evergreen,Post-Panamax,4500,Singapore
SR02208,SHP02208,Vessel-02208,ONE,Ultra Large Container Vessel,6500,Liberia
SR02209,SHP02209,Vessel-02209,Maersk,Panamax,8500,Panama
SR02210,SHP02210,Vessel-02210,MSC,Post-Panamax,12000,Malta
SR02211,SHP02211,Vessel-02211,CMA CGM,Ultra Large Container Vessel,3000,India
SR02212,SHP02212,Vessel-02212,Hapag-Lloyd,Panamax,4500,Singapore
SR02213,SHP02213,Vessel-02213,Evergreen,Post-Panamax,6500,Liberia
SR02214,SHP02214,Vessel-02214,ONE,Ultra Large Container Vessel,8500,Panama
SR02215,SHP02215,Vessel-02215,Maersk,Panamax,12000,Malta
SR02216,SHP02216,Vessel-02216,MSC,Post-Panamax,3000,India
SR02217,SHP02217,Vessel-02217,CMA CGM,Ultra Large Container Vessel,4500,Singapore
SR02218,SHP02218,Vessel-02218,Hapag-Lloyd,Panamax,6500,Liberia
SR02219,SHP02219,Vessel-02219,Evergreen,Post-Panamax,8500,Panama
SR02220,SHP02220,Vessel-02220,ONE,Ultra Large Container Vessel,12000,Malta
SR02221,SHP02221,Vessel-02221,Maersk,Panamax,3000,India
SR02222,SHP02222,Vessel-02222,MSC,Post-Panamax,4500,Singapore
SR02223,SHP02223,Vessel-02223,CMA CGM,Ultra Large Container Vessel,6500,Liberia
SR02224,SHP02224,Vessel-02224,Hapag-Lloyd,Panamax,8500,Panama
SR02225,SHP02225,Vessel-02225,Evergreen,Post-Panamax,12000,Malta
SR02226,SHP02226,Vessel-02226,ONE,Ultra Large Container Vessel,3000,India
SR02227,SHP02227,Vessel-02227,Maersk,Panamax,4500,Singapore
SR02228,SHP02228,Vessel-02228,MSC,Post-Panamax,6500,Liberia
SR02229,SHP02229,Vessel-02229,CMA CGM,Ultra Large Container Vessel,8500,Panama
SR02230,SHP02230,Vessel-02230,Hapag-Lloyd,Panamax,12000,Malta
SR02231,SHP02231,Vessel-02231,Evergreen,Post-Panamax,3000,India
SR02232,SHP02232,Vessel-02232,ONE,Ultra Large Container Vessel,4500,Singapore
SR02233,SHP02233,Vessel-02233,Maersk,Panamax,6500,Liberia
SR02234,SHP02234,Vessel-02234,MSC,Post-Panamax,8500,Panama
SR02235,SHP02235,Vessel-02235,CMA CGM,Ultra Large Container Vessel,12000,Malta
SR02236,SHP02236,Vessel-02236,Hapag-Lloyd,Panamax,3000,India
SR02237,SHP02237,Vessel-02237,Evergreen,Post-Panamax,4500,Singapore
SR02238,SHP02238,Vessel-02238,ONE,Ultra Large Container Vessel,6500,Liberia
SR02239,SHP02239,Vessel-02239,Maersk,Panamax,8500,Panama
SR02240,SHP02240,Vessel-02240,MSC,Post-Panamax,12000,Malta
SR02241,SHP02241,Vessel-02241,CMA CGM,Ultra Large Container Vessel,3000,India
SR02242,SHP02242,Vessel-02242,Hapag-Lloyd,Panamax,4500,Singapore
SR02243,SHP02243,Vessel-02243,Evergreen,Post-Panamax,6500,Liberia
SR02244,SHP02244,Vessel-02244,ONE,Ultra Large Container Vessel,8500,Panama
SR02245,SHP02245,Vessel-02245,Maersk,Panamax,12000,Malta
SR02246,SHP02246,Vessel-02246,MSC,Post-Panamax,3000,India
SR02247,SHP02247,Vessel-02247,CMA CGM,Ultra Large Container Vessel,4500,Singapore
SR02248,SHP02248,Vessel-02248,Hapag-Lloyd,Panamax,6500,Liberia
SR02249,SHP02249,Vessel-02249,Evergreen,Post-Panamax,8500,Panama
SR02250,SHP02250,Vessel-02250,ONE,Ultra Large Container Vessel,12000,Malta
SR02251,SHP02251,Vessel-02251,Maersk,Panamax,3000,India
SR02252,SHP02252,Vessel-02252,MSC,Post-Panamax,4500,Singapore
SR02253,SHP02253,Vessel-02253,CMA CGM,Ultra Large Container Vessel,6500,Liberia
SR02254,SHP02254,Vessel-02254,Hapag-Lloyd,Panamax,8500,Panama
SR02255,SHP02255,Vessel-02255,Evergreen,Post-Panamax,12000,Malta
SR02256,SHP02256,Vessel-02256,ONE,Ultra Large Container Vessel,3000,India
SR02257,SHP02257,Vessel-02257,Maersk,Panamax,4500,Singapore
SR02258,SHP02258,Vessel-02258,MSC,Post-Panamax,6500,Liberia
SR02259,SHP02259,Vessel-02259,CMA CGM,Ultra Large Container Vessel,8500,Panama
SR02260,SHP02260,Vessel-02260,Hapag-Lloyd,Panamax,12000,Malta
SR02261,SHP02261,Vessel-02261,Evergreen,Post-Panamax,3000,India
SR02262,SHP02262,Vessel-02262,ONE,Ultra Large Container Vessel,4500,Singapore
SR02263,SHP02263,Vessel-02263,Maersk,Panamax,6500,Liberia
SR02264,SHP02264,Vessel-02264,MSC,Post-Panamax,8500,Panama
SR02265,SHP02265,Vessel-02265,CMA CGM,Ultra Large Container Vessel,12000,Malta
SR02266,SHP02266,Vessel-02266,Hapag-Lloyd,Panamax,3000,India
SR02267,SHP02267,Vessel-02267,Evergreen,Post-Panamax,4500,Singapore
SR02268,SHP02268,Vessel-02268,ONE,Ultra Large Container Vessel,6500,Liberia
SR02269,SHP02269,Vessel-02269,Maersk,Panamax,8500,Panama
SR02270,SHP02270,Vessel-02270,MSC,Post-Panamax,12000,Malta
SR02271,SHP02271,Vessel-02271,CMA CGM,Ultra Large Container Vessel,3000,India
SR02272,SHP02272,Vessel-02272,Hapag-Lloyd,Panamax,4500,Singapore
SR02273,SHP02273,Vessel-02273,Evergreen,Post-Panamax,6500,Liberia
SR02274,SHP02274,Vessel-02274,ONE,Ultra Large Container Vessel,8500,Panama
SR02275,SHP02275,Vessel-02275,Maersk,Panamax,12000,Malta
SR02276,SHP02276,Vessel-02276,MSC,Post-Panamax,3000,India
SR02277,SHP02277,Vessel-02277,CMA CGM,Ultra Large Container Vessel,4500,Singapore
SR02278,SHP02278,Vessel-02278,Hapag-Lloyd,Panamax,6500,Liberia
SR02279,SHP02279,Vessel-02279,Evergreen,Post-Panamax,8500,Panama
SR02280,SHP02280,Vessel-02280,ONE,Ultra Large Container Vessel,12000,Malta
SR02281,SHP02281,Vessel-02281,Maersk,Panamax,3000,India
SR02282,SHP02282,Vessel-02282,MSC,Post-Panamax,4500,Singapore
SR02283,SHP02283,Vessel-02283,CMA CGM,Ultra Large Container Vessel,6500,Liberia
SR02284,SHP02284,Vessel-02284,Hapag-Lloyd,Panamax,8500,Panama
SR02285,SHP02285,Vessel-02285,Evergreen,Post-Panamax,12000,Malta
SR02286,SHP02286,Vessel-02286,ONE,Ultra Large Container Vessel,3000,India
SR02287,SHP02287,Vessel-02287,Maersk,Panamax,4500,Singapore
SR02288,SHP02288,Vessel-02288,MSC,Post-Panamax,6500,Liberia
SR02289,SHP02289,Vessel-02289,CMA CGM,Ultra Large Container Vessel,8500,Panama
SR02290,SHP02290,Vessel-02290,Hapag-Lloyd,Panamax,12000,Malta
SR02291,SHP02291,Vessel-02291,Evergreen,Post-Panamax,3000,India
SR02292,SHP02292,Vessel-02292,ONE,Ultra Large Container Vessel,4500,Singapore
SR02293,SHP02293,Vessel-02293,Maersk,Panamax,6500,Liberia
SR02294,SHP02294,Vessel-02294,MSC,Post-Panamax,8500,Panama
SR02295,SHP02295,Vessel-02295,CMA CGM,Ultra Large Container Vessel,12000,Malta
SR02296,SHP02296,Vessel-02296,Hapag-Lloyd,Panamax,3000,India
SR02297,SHP02297,Vessel-02297,Evergreen,Post-Panamax,4500,Singapore
SR02298,SHP02298,Vessel-02298,ONE,Ultra Large Container Vessel,6500,Liberia
SR02299,SHP02299,Vessel-02299,Maersk,Panamax,8500,Panama
SR02300,SHP02300,Vessel-02300,MSC,Post-Panamax,12000,Malta
SR02301,SHP02301,Vessel-02301,CMA CGM,Ultra Large Container Vessel,3000,India
SR02302,SHP02302,Vessel-02302,Hapag-Lloyd,Panamax,4500,Singapore
SR02303,SHP02303,Vessel-02303,Evergreen,Post-Panamax,6500,Liberia
SR02304,SHP02304,Vessel-02304,ONE,Ultra Large Container Vessel,8500,Panama
SR02305,SHP02305,Vessel-02305,Maersk,Panamax,12000,Malta
SR02306,SHP02306,Vessel-02306,MSC,Post-Panamax,3000,India
SR02307,SHP02307,Vessel-02307,CMA CGM,Ultra Large Container Vessel,4500,Singapore
SR02308,SHP02308,Vessel-02308,Hapag-Lloyd,Panamax,6500,Liberia
SR02309,SHP02309,Vessel-02309,Evergreen,Post-Panamax,8500,Panama
SR02310,SHP02310,Vessel-02310,ONE,Ultra Large Container Vessel,12000,Malta
SR02311,SHP02311,Vessel-02311,Maersk,Panamax,3000,India
SR02312,SHP02312,Vessel-02312,MSC,Post-Panamax,4500,Singapore
SR02313,SHP02313,Vessel-02313,CMA CGM,Ultra Large Container Vessel,6500,Liberia
SR02314,SHP02314,Vessel-02314,Hapag-Lloyd,Panamax,8500,Panama
SR02315,SHP02315,Vessel-02315,Evergreen,Post-Panamax,12000,Malta
SR02316,SHP02316,Vessel-02316,ONE,Ultra Large Container Vessel,3000,India
SR02317,SHP02317,Vessel-02317,Maersk,Panamax,4500,Singapore
SR02318,SHP02318,Vessel-02318,MSC,Post-Panamax,6500,Liberia
SR02319,SHP02319,Vessel-02319,CMA CGM,Ultra Large Container Vessel,8500,Panama
SR02320,SHP02320,Vessel-02320,Hapag-Lloyd,Panamax,12000,Malta
SR02321,SHP02321,Vessel-02321,Evergreen,Post-Panamax,3000,India
SR02322,SHP02322,Vessel-02322,ONE,Ultra Large Container Vessel,4500,Singapore
SR02323,SHP02323,Vessel-02323,Maersk,Panamax,6500,Liberia
SR02324,SHP02324,Vessel-02324,MSC,Post-Panamax,8500,Panama
SR02325,SHP02325,Vessel-02325,CMA CGM,Ultra Large Container Vessel,12000,Malta
SR02326,SHP02326,Vessel-02326,Hapag-Lloyd,Panamax,3000,India
SR02327,SHP02327,Vessel-02327,Evergreen,Post-Panamax,4500,Singapore
SR02328,SHP02328,Vessel-02328,ONE,Ultra Large Container Vessel,6500,Liberia
SR02329,SHP02329,Vessel-02329,Maersk,Panamax,8500,Panama
SR02330,SHP02330,Vessel-02330,MSC,Post-Panamax,12000,Malta
SR02331,SHP02331,Vessel-02331,CMA CGM,Ultra Large Container Vessel,3000,India
SR02332,SHP02332,Vessel-02332,Hapag-Lloyd,Panamax,4500,Singapore
SR02333,SHP02333,Vessel-02333,Evergreen,Post-Panamax,6500,Liberia
SR02334,SHP02334,Vessel-02334,ONE,Ultra Large Container Vessel,8500,Panama
SR02335,SHP02335,Vessel-02335,Maersk,Panamax,12000,Malta
SR02336,SHP02336,Vessel-02336,MSC,Post-Panamax,3000,India
SR02337,SHP02337,Vessel-02337,CMA CGM,Ultra Large Container Vessel,4500,Singapore
SR02338,SHP02338,Vessel-02338,Hapag-Lloyd,Panamax,6500,Liberia
SR02339,SHP02339,Vessel-02339,Evergreen,Post-Panamax,8500,Panama
SR02340,SHP02340,Vessel-02340,ONE,Ultra Large Container Vessel,12000,Malta
SR02341,SHP02341,Vessel-02341,Maersk,Panamax,3000,India
SR02342,SHP02342,Vessel-02342,MSC,Post-Panamax,4500,Singapore
SR02343,SHP02343,Vessel-02343,CMA CGM,Ultra Large Container Vessel,6500,Liberia
SR02344,SHP02344,Vessel-02344,Hapag-Lloyd,Panamax,8500,Panama
SR02345,SHP02345,Vessel-02345,Evergreen,Post-Panamax,12000,Malta
SR02346,SHP02346,Vessel-02346,ONE,Ultra Large Container Vessel,3000,India
SR02347,SHP02347,Vessel-02347,Maersk,Panamax,4500,Singapore
SR02348,SHP02348,Vessel-02348,MSC,Post-Panamax,6500,Liberia
SR02349,SHP02349,Vessel-02349,CMA CGM,Ultra Large Container Vessel,8500,Panama
SR02350,SHP02350,Vessel-02350,Hapag-Lloyd,Panamax,12000,Malta
SR02351,SHP02351,Vessel-02351,Evergreen,Post-Panamax,3000,India
SR02352,SHP02352,Vessel-02352,ONE,Ultra Large Container Vessel,4500,Singapore
SR02353,SHP02353,Vessel-02353,Maersk,Panamax,6500,Liberia
SR02354,SHP02354,Vessel-02354,MSC,Post-Panamax,8500,Panama
SR02355,SHP02355,Vessel-02355,CMA CGM,Ultra Large Container Vessel,12000,Malta
SR02356,SHP02356,Vessel-02356,Hapag-Lloyd,Panamax,3000,India
SR02357,SHP02357,Vessel-02357,Evergreen,Post-Panamax,4500,Singapore
SR02358,SHP02358,Vessel-02358,ONE,Ultra Large Container Vessel,6500,Liberia
SR02359,SHP02359,Vessel-02359,Maersk,Panamax,8500,Panama
SR02360,SHP02360,Vessel-02360,MSC,Post-Panamax,12000,Malta
SR02361,SHP02361,Vessel-02361,CMA CGM,Ultra Large Container Vessel,3000,India
SR02362,SHP02362,Vessel-02362,Hapag-Lloyd,Panamax,4500,Singapore
SR02363,SHP02363,Vessel-02363,Evergreen,Post-Panamax,6500,Liberia
SR02364,SHP02364,Vessel-02364,ONE,Ultra Large Container Vessel,8500,Panama
SR02365,SHP02365,Vessel-02365,Maersk,Panamax,12000,Malta
SR02366,SHP02366,Vessel-02366,MSC,Post-Panamax,3000,India
SR02367,SHP02367,Vessel-02367,CMA CGM,Ultra Large Container Vessel,4500,Singapore
SR02368,SHP02368,Vessel-02368,Hapag-Lloyd,Panamax,6500,Liberia
SR02369,SHP02369,Vessel-02369,Evergreen,Post-Panamax,8500,Panama
SR02370,SHP02370,Vessel-02370,ONE,Ultra Large Container Vessel,12000,Malta
SR02371,SHP02371,Vessel-02371,Maersk,Panamax,3000,India
SR02372,SHP02372,Vessel-02372,MSC,Post-Panamax,4500,Singapore
SR02373,SHP02373,Vessel-02373,CMA CGM,Ultra Large Container Vessel,6500,Liberia
SR02374,SHP02374,Vessel-02374,Hapag-Lloyd,Panamax,8500,Panama
SR02375,SHP02375,Vessel-02375,Evergreen,Post-Panamax,12000,Malta
SR02376,SHP02376,Vessel-02376,ONE,Ultra Large Container Vessel,3000,India
SR02377,SHP02377,Vessel-02377,Maersk,Panamax,4500,Singapore
SR02378,SHP02378,Vessel-02378,MSC,Post-Panamax,6500,Liberia
SR02379,SHP02379,Vessel-02379,CMA CGM,Ultra Large Container Vessel,8500,Panama
SR02380,SHP02380,Vessel-02380,Hapag-Lloyd,Panamax,12000,Malta
SR02381,SHP02381,Vessel-02381,Evergreen,Post-Panamax,3000,India
SR02382,SHP02382,Vessel-02382,ONE,Ultra Large Container Vessel,4500,Singapore
SR02383,SHP02383,Vessel-02383,Maersk,Panamax,6500,Liberia
SR02384,SHP02384,Vessel-02384,MSC,Post-Panamax,8500,Panama
SR02385,SHP02385,Vessel-02385,CMA CGM,Ultra Large Container Vessel,12000,Malta
SR02386,SHP02386,Vessel-02386,Hapag-Lloyd,Panamax,3000,India
SR02387,SHP02387,Vessel-02387,Evergreen,Post-Panamax,4500,Singapore
SR02388,SHP02388,Vessel-02388,ONE,Ultra Large Container Vessel,6500,Liberia
SR02389,SHP02389,Vessel-02389,Maersk,Panamax,8500,Panama
SR02390,SHP02390,Vessel-02390,MSC,Post-Panamax,12000,Malta
SR02391,SHP02391,Vessel-02391,CMA CGM,Ultra Large Container Vessel,3000,India
SR02392,SHP02392,Vessel-02392,Hapag-Lloyd,Panamax,4500,Singapore
SR02393,SHP02393,Vessel-02393,Evergreen,Post-Panamax,6500,Liberia
SR02394,SHP02394,Vessel-02394,ONE,Ultra Large Container Vessel,8500,Panama
SR02395,SHP02395,Vessel-02395,Maersk,Panamax,12000,Malta
SR02396,SHP02396,Vessel-02396,MSC,Post-Panamax,3000,India
SR02397,SHP02397,Vessel-02397,CMA CGM,Ultra Large Container Vessel,4500,Singapore
SR02398,SHP02398,Vessel-02398,Hapag-Lloyd,Panamax,6500,Liberia
SR02399,SHP02399,Vessel-02399,Evergreen,Post-Panamax,8500,Panama
SR02400,SHP02400,Vessel-02400,ONE,Ultra Large Container Vessel,12000,Malta
SR02401,SHP02401,Vessel-02401,Maersk,Panamax,3000,India
SR02402,SHP02402,Vessel-02402,MSC,Post-Panamax,4500,Singapore
SR02403,SHP02403,Vessel-02403,CMA CGM,Ultra Large Container Vessel,6500,Liberia
SR02404,SHP02404,Vessel-02404,Hapag-Lloyd,Panamax,8500,Panama
SR02405,SHP02405,Vessel-02405,Evergreen,Post-Panamax,12000,Malta
SR02406,SHP02406,Vessel-02406,ONE,Ultra Large Container Vessel,3000,India
SR02407,SHP02407,Vessel-02407,Maersk,Panamax,4500,Singapore
SR02408,SHP02408,Vessel-02408,MSC,Post-Panamax,6500,Liberia
SR02409,SHP02409,Vessel-02409,CMA CGM,Ultra Large Container Vessel,8500,Panama
SR02410,SHP02410,Vessel-02410,Hapag-Lloyd,Panamax,12000,Malta
SR02411,SHP02411,Vessel-02411,Evergreen,Post-Panamax,3000,India
SR02412,SHP02412,Vessel-02412,ONE,Ultra Large Container Vessel,4500,Singapore
SR02413,SHP02413,Vessel-02413,Maersk,Panamax,6500,Liberia
SR02414,SHP02414,Vessel-02414,MSC,Post-Panamax,8500,Panama
SR02415,SHP02415,Vessel-02415,CMA CGM,Ultra Large Container Vessel,12000,Malta
SR02416,SHP02416,Vessel-02416,Hapag-Lloyd,Panamax,3000,India
SR02417,SHP02417,Vessel-02417,Evergreen,Post-Panamax,4500,Singapore
SR02418,SHP02418,Vessel-02418,ONE,Ultra Large Container Vessel,6500,Liberia
SR02419,SHP02419,Vessel-02419,Maersk,Panamax,8500,Panama
SR02420,SHP02420,Vessel-02420,MSC,Post-Panamax,12000,Malta
SR02421,SHP02421,Vessel-02421,CMA CGM,Ultra Large Container Vessel,3000,India
SR02422,SHP02422,Vessel-02422,Hapag-Lloyd,Panamax,4500,Singapore
SR02423,SHP02423,Vessel-02423,Evergreen,Post-Panamax,6500,Liberia
SR02424,SHP02424,Vessel-02424,ONE,Ultra Large Container Vessel,8500,Panama
SR02425,SHP02425,Vessel-02425,Maersk,Panamax,12000,Malta
SR02426,SHP02426,Vessel-02426,MSC,Post-Panamax,3000,India
SR02427,SHP02427,Vessel-02427,CMA CGM,Ultra Large Container Vessel,4500,Singapore
SR02428,SHP02428,Vessel-02428,Hapag-Lloyd,Panamax,6500,Liberia
SR02429,SHP02429,Vessel-02429,Evergreen,Post-Panamax,8500,Panama
SR02430,SHP02430,Vessel-02430,ONE,Ultra Large Container Vessel,12000,Malta
SR02431,SHP02431,Vessel-02431,Maersk,Panamax,3000,India
SR02432,SHP02432,Vessel-02432,MSC,Post-Panamax,4500,Singapore
SR02433,SHP02433,Vessel-02433,CMA CGM,Ultra Large Container Vessel,6500,Liberia
SR02434,SHP02434,Vessel-02434,Hapag-Lloyd,Panamax,8500,Panama
SR02435,SHP02435,Vessel-02435,Evergreen,Post-Panamax,12000,Malta
SR02436,SHP02436,Vessel-02436,ONE,Ultra Large Container Vessel,3000,India
SR02437,SHP02437,Vessel-02437,Maersk,Panamax,4500,Singapore
SR02438,SHP02438,Vessel-02438,MSC,Post-Panamax,6500,Liberia
SR02439,SHP02439,Vessel-02439,CMA CGM,Ultra Large Container Vessel,8500,Panama
SR02440,SHP02440,Vessel-02440,Hapag-Lloyd,Panamax,12000,Malta
SR02441,SHP02441,Vessel-02441,Evergreen,Post-Panamax,3000,India
SR02442,SHP02442,Vessel-02442,ONE,Ultra Large Container Vessel,4500,Singapore
SR02443,SHP02443,Vessel-02443,Maersk,Panamax,6500,Liberia
SR02444,SHP02444,Vessel-02444,MSC,Post-Panamax,8500,Panama
SR02445,SHP02445,Vessel-02445,CMA CGM,Ultra Large Container Vessel,12000,Malta
SR02446,SHP02446,Vessel-02446,Hapag-Lloyd,Panamax,3000,India
SR02447,SHP02447,Vessel-02447,Evergreen,Post-Panamax,4500,Singapore
SR02448,SHP02448,Vessel-02448,ONE,Ultra Large Container Vessel,6500,Liberia
SR02449,SHP02449,Vessel-02449,Maersk,Panamax,8500,Panama
SR02450,SHP02450,Vessel-02450,MSC,Post-Panamax,12000,Malta
SR02451,SHP02451,Vessel-02451,CMA CGM,Ultra Large Container Vessel,3000,India
SR02452,SHP02452,Vessel-02452,Hapag-Lloyd,Panamax,4500,Singapore
SR02453,SHP02453,Vessel-02453,Evergreen,Post-Panamax,6500,Liberia
SR02454,SHP02454,Vessel-02454,ONE,Ultra Large Container Vessel,8500,Panama
SR02455,SHP02455,Vessel-02455,Maersk,Panamax,12000,Malta
SR02456,SHP02456,Vessel-02456,MSC,Post-Panamax,3000,India
SR02457,SHP02457,Vessel-02457,CMA CGM,Ultra Large Container Vessel,4500,Singapore
SR02458,SHP02458,Vessel-02458,Hapag-Lloyd,Panamax,6500,Liberia
SR02459,SHP02459,Vessel-02459,Evergreen,Post-Panamax,8500,Panama
SR02460,SHP02460,Vessel-02460,ONE,Ultra Large Container Vessel,12000,Malta
SR02461,SHP02461,Vessel-02461,Maersk,Panamax,3000,India
SR02462,SHP02462,Vessel-02462,MSC,Post-Panamax,4500,Singapore
SR02463,SHP02463,Vessel-02463,CMA CGM,Ultra Large Container Vessel,6500,Liberia
SR02464,SHP02464,Vessel-02464,Hapag-Lloyd,Panamax,8500,Panama
SR02465,SHP02465,Vessel-02465,Evergreen,Post-Panamax,12000,Malta
SR02466,SHP02466,Vessel-02466,ONE,Ultra Large Container Vessel,3000,India
SR02467,SHP02467,Vessel-02467,Maersk,Panamax,4500,Singapore
SR02468,SHP02468,Vessel-02468,MSC,Post-Panamax,6500,Liberia
SR02469,SHP02469,Vessel-02469,CMA CGM,Ultra Large Container Vessel,8500,Panama
SR02470,SHP02470,Vessel-02470,Hapag-Lloyd,Panamax,12000,Malta
SR02471,SHP02471,Vessel-02471,Evergreen,Post-Panamax,3000,India
SR02472,SHP02472,Vessel-02472,ONE,Ultra Large Container Vessel,4500,Singapore
SR02473,SHP02473,Vessel-02473,Maersk,Panamax,6500,Liberia
SR02474,SHP02474,Vessel-02474,MSC,Post-Panamax,8500,Panama
SR02475,SHP02475,Vessel-02475,CMA CGM,Ultra Large Container Vessel,12000,Malta
SR02476,SHP02476,Vessel-02476,Hapag-Lloyd,Panamax,3000,India
SR02477,SHP02477,Vessel-02477,Evergreen,Post-Panamax,4500,Singapore
SR02478,SHP02478,Vessel-02478,ONE,Ultra Large Container Vessel,6500,Liberia
SR02479,SHP02479,Vessel-02479,Maersk,Panamax,8500,Panama
SR02480,SHP02480,Vessel-02480,MSC,Post-Panamax,12000,Malta
SR02481,SHP02481,Vessel-02481,CMA CGM,Ultra Large Container Vessel,3000,India
SR02482,SHP02482,Vessel-02482,Hapag-Lloyd,Panamax,4500,Singapore
SR02483,SHP02483,Vessel-02483,Evergreen,Post-Panamax,6500,Liberia
SR02484,SHP02484,Vessel-02484,ONE,Ultra Large Container Vessel,8500,Panama
SR02485,SHP02485,Vessel-02485,Maersk,Panamax,12000,Malta
SR02486,SHP02486,Vessel-02486,MSC,Post-Panamax,3000,India
SR02487,SHP02487,Vessel-02487,CMA CGM,Ultra Large Container Vessel,4500,Singapore
SR02488,SHP02488,Vessel-02488,Hapag-Lloyd,Panamax,6500,Liberia
SR02489,SHP02489,Vessel-02489,Evergreen,Post-Panamax,8500,Panama
SR02490,SHP02490,Vessel-02490,ONE,Ultra Large Container Vessel,12000,Malta
SR02491,SHP02491,Vessel-02491,Maersk,Panamax,3000,India
SR02492,SHP02492,Vessel-02492,MSC,Post-Panamax,4500,Singapore
SR02493,SHP02493,Vessel-02493,CMA CGM,Ultra Large Container Vessel,6500,Liberia
SR02494,SHP02494,Vessel-02494,Hapag-Lloyd,Panamax,8500,Panama
SR02495,SHP02495,Vessel-02495,Evergreen,Post-Panamax,12000,Malta
SR02496,SHP02496,Vessel-02496,ONE,Ultra Large Container Vessel,3000,India
SR02497,SHP02497,Vessel-02497,Maersk,Panamax,4500,Singapore
SR02498,SHP02498,Vessel-02498,MSC,Post-Panamax,6500,Liberia
SR02499,SHP02499,Vessel-02499,CMA CGM,Ultra Large Container Vessel,8500,Panama
SR02500,SHP02500,Vessel-02500,Hapag-Lloyd,Panamax,12000,Malta
SR02501,SHP02501,Vessel-02501,Evergreen,Post-Panamax,3000,India
SR02502,SHP02502,Vessel-02502,ONE,Ultra Large Container Vessel,4500,Singapore
SR02503,SHP02503,Vessel-02503,Maersk,Panamax,6500,Liberia
SR02504,SHP02504,Vessel-02504,MSC,Post-Panamax,8500,Panama
SR02505,SHP02505,Vessel-02505,CMA CGM,Ultra Large Container Vessel,12000,Malta
SR02506,SHP02506,Vessel-02506,Hapag-Lloyd,Panamax,3000,India
SR02507,SHP02507,Vessel-02507,Evergreen,Post-Panamax,4500,Singapore
SR02508,SHP02508,Vessel-02508,ONE,Ultra Large Container Vessel,6500,Liberia
SR02509,SHP02509,Vessel-02509,Maersk,Panamax,8500,Panama
SR02510,SHP02510,Vessel-02510,MSC,Post-Panamax,12000,Malta
SR02511,SHP02511,Vessel-02511,CMA CGM,Ultra Large Container Vessel,3000,India
SR02512,SHP02512,Vessel-02512,Hapag-Lloyd,Panamax,4500,Singapore
SR02513,SHP02513,Vessel-02513,Evergreen,Post-Panamax,6500,Liberia
SR02514,SHP02514,Vessel-02514,ONE,Ultra Large Container Vessel,8500,Panama
SR02515,SHP02515,Vessel-02515,Maersk,Panamax,12000,Malta
SR02516,SHP02516,Vessel-02516,MSC,Post-Panamax,3000,India
SR02517,SHP02517,Vessel-02517,CMA CGM,Ultra Large Container Vessel,4500,Singapore
SR02518,SHP02518,Vessel-02518,Hapag-Lloyd,Panamax,6500,Liberia
SR02519,SHP02519,Vessel-02519,Evergreen,Post-Panamax,8500,Panama
SR02520,SHP02520,Vessel-02520,ONE,Ultra Large Container Vessel,12000,Malta
SR02521,SHP02521,Vessel-02521,Maersk,Panamax,3000,India
SR02522,SHP02522,Vessel-02522,MSC,Post-Panamax,4500,Singapore
SR02523,SHP02523,Vessel-02523,CMA CGM,Ultra Large Container Vessel,6500,Liberia
SR02524,SHP02524,Vessel-02524,Hapag-Lloyd,Panamax,8500,Panama
SR02525,SHP02525,Vessel-02525,Evergreen,Post-Panamax,12000,Malta
SR02526,SHP02526,Vessel-02526,ONE,Ultra Large Container Vessel,3000,India
SR02527,SHP02527,Vessel-02527,Maersk,Panamax,4500,Singapore
SR02528,SHP02528,Vessel-02528,MSC,Post-Panamax,6500,Liberia
SR02529,SHP02529,Vessel-02529,CMA CGM,Ultra Large Container Vessel,8500,Panama
SR02530,SHP02530,Vessel-02530,Hapag-Lloyd,Panamax,12000,Malta
SR02531,SHP02531,Vessel-02531,Evergreen,Post-Panamax,3000,India
SR02532,SHP02532,Vessel-02532,ONE,Ultra Large Container Vessel,4500,Singapore
SR02533,SHP02533,Vessel-02533,Maersk,Panamax,6500,Liberia
SR02534,SHP02534,Vessel-02534,MSC,Post-Panamax,8500,Panama
SR02535,SHP02535,Vessel-02535,CMA CGM,Ultra Large Container Vessel,12000,Malta
SR02536,SHP02536,Vessel-02536,Hapag-Lloyd,Panamax,3000,India
SR02537,SHP02537,Vessel-02537,Evergreen,Post-Panamax,4500,Singapore
SR02538,SHP02538,Vessel-02538,ONE,Ultra Large Container Vessel,6500,Liberia
SR02539,SHP02539,Vessel-02539,Maersk,Panamax,8500,Panama
SR02540,SHP02540,Vessel-02540,MSC,Post-Panamax,12000,Malta
SR02541,SHP02541,Vessel-02541,CMA CGM,Ultra Large Container Vessel,3000,India
SR02542,SHP02542,Vessel-02542,Hapag-Lloyd,Panamax,4500,Singapore
SR02543,SHP02543,Vessel-02543,Evergreen,Post-Panamax,6500,Liberia
SR02544,SHP02544,Vessel-02544,ONE,Ultra Large Container Vessel,8500,Panama
SR02545,SHP02545,Vessel-02545,Maersk,Panamax,12000,Malta
SR02546,SHP02546,Vessel-02546,MSC,Post-Panamax,3000,India
SR02547,SHP02547,Vessel-02547,CMA CGM,Ultra Large Container Vessel,4500,Singapore
SR02548,SHP02548,Vessel-02548,Hapag-Lloyd,Panamax,6500,Liberia
SR02549,SHP02549,Vessel-02549,Evergreen,Post-Panamax,8500,Panama
SR02550,SHP02550,Vessel-02550,ONE,Ultra Large Container Vessel,12000,Malta
SR02551,SHP02551,Vessel-02551,Maersk,Panamax,3000,India
SR02552,SHP02552,Vessel-02552,MSC,Post-Panamax,4500,Singapore
SR02553,SHP02553,Vessel-02553,CMA CGM,Ultra Large Container Vessel,6500,Liberia
SR02554,SHP02554,Vessel-02554,Hapag-Lloyd,Panamax,8500,Panama
SR02555,SHP02555,Vessel-02555,Evergreen,Post-Panamax,12000,Malta
SR02556,SHP02556,Vessel-02556,ONE,Ultra Large Container Vessel,3000,India
SR02557,SHP02557,Vessel-02557,Maersk,Panamax,4500,Singapore
SR02558,SHP02558,Vessel-02558,MSC,Post-Panamax,6500,Liberia
SR02559,SHP02559,Vessel-02559,CMA CGM,Ultra Large Container Vessel,8500,Panama
SR02560,SHP02560,Vessel-02560,Hapag-Lloyd,Panamax,12000,Malta
SR02561,SHP02561,Vessel-02561,Evergreen,Post-Panamax,3000,India
SR02562,SHP02562,Vessel-02562,ONE,Ultra Large Container Vessel,4500,Singapore
SR02563,SHP02563,Vessel-02563,Maersk,Panamax,6500,Liberia
SR02564,SHP02564,Vessel-02564,MSC,Post-Panamax,8500,Panama
SR02565,SHP02565,Vessel-02565,CMA CGM,Ultra Large Container Vessel,12000,Malta
SR02566,SHP02566,Vessel-02566,Hapag-Lloyd,Panamax,3000,India
SR02567,SHP02567,Vessel-02567,Evergreen,Post-Panamax,4500,Singapore
SR02568,SHP02568,Vessel-02568,ONE,Ultra Large Container Vessel,6500,Liberia
SR02569,SHP02569,Vessel-02569,Maersk,Panamax,8500,Panama
SR02570,SHP02570,Vessel-02570,MSC,Post-Panamax,12000,Malta
SR02571,SHP02571,Vessel-02571,CMA CGM,Ultra Large Container Vessel,3000,India
SR02572,SHP02572,Vessel-02572,Hapag-Lloyd,Panamax,4500,Singapore
SR02573,SHP02573,Vessel-02573,Evergreen,Post-Panamax,6500,Liberia
SR02574,SHP02574,Vessel-02574,ONE,Ultra Large Container Vessel,8500,Panama
SR02575,SHP02575,Vessel-02575,Maersk,Panamax,12000,Malta
SR02576,SHP02576,Vessel-02576,MSC,Post-Panamax,3000,India
SR02577,SHP02577,Vessel-02577,CMA CGM,Ultra Large Container Vessel,4500,Singapore
SR02578,SHP02578,Vessel-02578,Hapag-Lloyd,Panamax,6500,Liberia
SR02579,SHP02579,Vessel-02579,Evergreen,Post-Panamax,8500,Panama
SR02580,SHP02580,Vessel-02580,ONE,Ultra Large Container Vessel,12000,Malta
SR02581,SHP02581,Vessel-02581,Maersk,Panamax,3000,India
SR02582,SHP02582,Vessel-02582,MSC,Post-Panamax,4500,Singapore
SR02583,SHP02583,Vessel-02583,CMA CGM,Ultra Large Container Vessel,6500,Liberia
SR02584,SHP02584,Vessel-02584,Hapag-Lloyd,Panamax,8500,Panama
SR02585,SHP02585,Vessel-02585,Evergreen,Post-Panamax,12000,Malta
SR02586,SHP02586,Vessel-02586,ONE,Ultra Large Container Vessel,3000,India
SR02587,SHP02587,Vessel-02587,Maersk,Panamax,4500,Singapore
SR02588,SHP02588,Vessel-02588,MSC,Post-Panamax,6500,Liberia
SR02589,SHP02589,Vessel-02589,CMA CGM,Ultra Large Container Vessel,8500,Panama
SR02590,SHP02590,Vessel-02590,Hapag-Lloyd,Panamax,12000,Malta
SR02591,SHP02591,Vessel-02591,Evergreen,Post-Panamax,3000,India
SR02592,SHP02592,Vessel-02592,ONE,Ultra Large Container Vessel,4500,Singapore
SR02593,SHP02593,Vessel-02593,Maersk,Panamax,6500,Liberia
SR02594,SHP02594,Vessel-02594,MSC,Post-Panamax,8500,Panama
SR02595,SHP02595,Vessel-02595,CMA CGM,Ultra Large Container Vessel,12000,Malta
SR02596,SHP02596,Vessel-02596,Hapag-Lloyd,Panamax,3000,India
SR02597,SHP02597,Vessel-02597,Evergreen,Post-Panamax,4500,Singapore
SR02598,SHP02598,Vessel-02598,ONE,Ultra Large Container Vessel,6500,Liberia
SR02599,SHP02599,Vessel-02599,Maersk,Panamax,8500,Panama
SR02600,SHP02600,Vessel-02600,MSC,Post-Panamax,12000,Malta
SR02601,SHP02601,Vessel-02601,CMA CGM,Ultra Large Container Vessel,3000,India
SR02602,SHP02602,Vessel-02602,Hapag-Lloyd,Panamax,4500,Singapore
SR02603,SHP02603,Vessel-02603,Evergreen,Post-Panamax,6500,Liberia
SR02604,SHP02604,Vessel-02604,ONE,Ultra Large Container Vessel,8500,Panama
SR02605,SHP02605,Vessel-02605,Maersk,Panamax,12000,Malta
SR02606,SHP02606,Vessel-02606,MSC,Post-Panamax,3000,India
SR02607,SHP02607,Vessel-02607,CMA CGM,Ultra Large Container Vessel,4500,Singapore
SR02608,SHP02608,Vessel-02608,Hapag-Lloyd,Panamax,6500,Liberia
SR02609,SHP02609,Vessel-02609,Evergreen,Post-Panamax,8500,Panama
SR02610,SHP02610,Vessel-02610,ONE,Ultra Large Container Vessel,12000,Malta
SR02611,SHP02611,Vessel-02611,Maersk,Panamax,3000,India
SR02612,SHP02612,Vessel-02612,MSC,Post-Panamax,4500,Singapore
SR02613,SHP02613,Vessel-02613,CMA CGM,Ultra Large Container Vessel,6500,Liberia
SR02614,SHP02614,Vessel-02614,Hapag-Lloyd,Panamax,8500,Panama
SR02615,SHP02615,Vessel-02615,Evergreen,Post-Panamax,12000,Malta
SR02616,SHP02616,Vessel-02616,ONE,Ultra Large Container Vessel,3000,India
SR02617,SHP02617,Vessel-02617,Maersk,Panamax,4500,Singapore
SR02618,SHP02618,Vessel-02618,MSC,Post-Panamax,6500,Liberia
SR02619,SHP02619,Vessel-02619,CMA CGM,Ultra Large Container Vessel,8500,Panama
SR02620,SHP02620,Vessel-02620,Hapag-Lloyd,Panamax,12000,Malta
SR02621,SHP02621,Vessel-02621,Evergreen,Post-Panamax,3000,India
SR02622,SHP02622,Vessel-02622,ONE,Ultra Large Container Vessel,4500,Singapore
SR02623,SHP02623,Vessel-02623,Maersk,Panamax,6500,Liberia
SR02624,SHP02624,Vessel-02624,MSC,Post-Panamax,8500,Panama
SR02625,SHP02625,Vessel-02625,CMA CGM,Ultra Large Container Vessel,12000,Malta
SR02626,SHP02626,Vessel-02626,Hapag-Lloyd,Panamax,3000,India
SR02627,SHP02627,Vessel-02627,Evergreen,Post-Panamax,4500,Singapore
SR02628,SHP02628,Vessel-02628,ONE,Ultra Large Container Vessel,6500,Liberia
SR02629,SHP02629,Vessel-02629,Maersk,Panamax,8500,Panama
SR02630,SHP02630,Vessel-02630,MSC,Post-Panamax,12000,Malta
SR02631,SHP02631,Vessel-02631,CMA CGM,Ultra Large Container Vessel,3000,India
SR02632,SHP02632,Vessel-02632,Hapag-Lloyd,Panamax,4500,Singapore
SR02633,SHP02633,Vessel-02633,Evergreen,Post-Panamax,6500,Liberia
SR02634,SHP02634,Vessel-02634,ONE,Ultra Large Container Vessel,8500,Panama
SR02635,SHP02635,Vessel-02635,Maersk,Panamax,12000,Malta
SR02636,SHP02636,Vessel-02636,MSC,Post-Panamax,3000,India
SR02637,SHP02637,Vessel-02637,CMA CGM,Ultra Large Container Vessel,4500,Singapore
SR02638,SHP02638,Vessel-02638,Hapag-Lloyd,Panamax,6500,Liberia
SR02639,SHP02639,Vessel-02639,Evergreen,Post-Panamax,8500,Panama
SR02640,SHP02640,Vessel-02640,ONE,Ultra Large Container Vessel,12000,Malta
SR02641,SHP02641,Vessel-02641,Maersk,Panamax,3000,India
SR02642,SHP02642,Vessel-02642,MSC,Post-Panamax,4500,Singapore
SR02643,SHP02643,Vessel-02643,CMA CGM,Ultra Large Container Vessel,6500,Liberia
SR02644,SHP02644,Vessel-02644,Hapag-Lloyd,Panamax,8500,Panama
SR02645,SHP02645,Vessel-02645,Evergreen,Post-Panamax,12000,Malta
SR02646,SHP02646,Vessel-02646,ONE,Ultra Large Container Vessel,3000,India
SR02647,SHP02647,Vessel-02647,Maersk,Panamax,4500,Singapore
SR02648,SHP02648,Vessel-02648,MSC,Post-Panamax,6500,Liberia
SR02649,SHP02649,Vessel-02649,CMA CGM,Ultra Large Container Vessel,8500,Panama
SR02650,SHP02650,Vessel-02650,Hapag-Lloyd,Panamax,12000,Malta
SR02651,SHP02651,Vessel-02651,Evergreen,Post-Panamax,3000,India
SR02652,SHP02652,Vessel-02652,ONE,Ultra Large Container Vessel,4500,Singapore
SR02653,SHP02653,Vessel-02653,Maersk,Panamax,6500,Liberia
SR02654,SHP02654,Vessel-02654,MSC,Post-Panamax,8500,Panama
SR02655,SHP02655,Vessel-02655,CMA CGM,Ultra Large Container Vessel,12000,Malta
SR02656,SHP02656,Vessel-02656,Hapag-Lloyd,Panamax,3000,India
SR02657,SHP02657,Vessel-02657,Evergreen,Post-Panamax,4500,Singapore
SR02658,SHP02658,Vessel-02658,ONE,Ultra Large Container Vessel,6500,Liberia
SR02659,SHP02659,Vessel-02659,Maersk,Panamax,8500,Panama
SR02660,SHP02660,Vessel-02660,MSC,Post-Panamax,12000,Malta
SR02661,SHP02661,Vessel-02661,CMA CGM,Ultra Large Container Vessel,3000,India
SR02662,SHP02662,Vessel-02662,Hapag-Lloyd,Panamax,4500,Singapore
SR02663,SHP02663,Vessel-02663,Evergreen,Post-Panamax,6500,Liberia
SR02664,SHP02664,Vessel-02664,ONE,Ultra Large Container Vessel,8500,Panama
SR02665,SHP02665,Vessel-02665,Maersk,Panamax,12000,Malta
SR02666,SHP02666,Vessel-02666,MSC,Post-Panamax,3000,India
SR02667,SHP02667,Vessel-02667,CMA CGM,Ultra Large Container Vessel,4500,Singapore
SR02668,SHP02668,Vessel-02668,Hapag-Lloyd,Panamax,6500,Liberia
SR02669,SHP02669,Vessel-02669,Evergreen,Post-Panamax,8500,Panama
SR02670,SHP02670,Vessel-02670,ONE,Ultra Large Container Vessel,12000,Malta
SR02671,SHP02671,Vessel-02671,Maersk,Panamax,3000,India
SR02672,SHP02672,Vessel-02672,MSC,Post-Panamax,4500,Singapore
SR02673,SHP02673,Vessel-02673,CMA CGM,Ultra Large Container Vessel,6500,Liberia
SR02674,SHP02674,Vessel-02674,Hapag-Lloyd,Panamax,8500,Panama
SR02675,SHP02675,Vessel-02675,Evergreen,Post-Panamax,12000,Malta
SR02676,SHP02676,Vessel-02676,ONE,Ultra Large Container Vessel,3000,India
SR02677,SHP02677,Vessel-02677,Maersk,Panamax,4500,Singapore
SR02678,SHP02678,Vessel-02678,MSC,Post-Panamax,6500,Liberia
SR02679,SHP02679,Vessel-02679,CMA CGM,Ultra Large Container Vessel,8500,Panama
SR02680,SHP02680,Vessel-02680,Hapag-Lloyd,Panamax,12000,Malta
SR02681,SHP02681,Vessel-02681,Evergreen,Post-Panamax,3000,India
SR02682,SHP02682,Vessel-02682,ONE,Ultra Large Container Vessel,4500,Singapore
SR02683,SHP02683,Vessel-02683,Maersk,Panamax,6500,Liberia
SR02684,SHP02684,Vessel-02684,MSC,Post-Panamax,8500,Panama
SR02685,SHP02685,Vessel-02685,CMA CGM,Ultra Large Container Vessel,12000,Malta
SR02686,SHP02686,Vessel-02686,Hapag-Lloyd,Panamax,3000,India
SR02687,SHP02687,Vessel-02687,Evergreen,Post-Panamax,4500,Singapore
SR02688,SHP02688,Vessel-02688,ONE,Ultra Large Container Vessel,6500,Liberia
SR02689,SHP02689,Vessel-02689,Maersk,Panamax,8500,Panama
SR02690,SHP02690,Vessel-02690,MSC,Post-Panamax,12000,Malta
SR02691,SHP02691,Vessel-02691,CMA CGM,Ultra Large Container Vessel,3000,India
SR02692,SHP02692,Vessel-02692,Hapag-Lloyd,Panamax,4500,Singapore
SR02693,SHP02693,Vessel-02693,Evergreen,Post-Panamax,6500,Liberia
SR02694,SHP02694,Vessel-02694,ONE,Ultra Large Container Vessel,8500,Panama
SR02695,SHP02695,Vessel-02695,Maersk,Panamax,12000,Malta
SR02696,SHP02696,Vessel-02696,MSC,Post-Panamax,3000,India
SR02697,SHP02697,Vessel-02697,CMA CGM,Ultra Large Container Vessel,4500,Singapore
SR02698,SHP02698,Vessel-02698,Hapag-Lloyd,Panamax,6500,Liberia
SR02699,SHP02699,Vessel-02699,Evergreen,Post-Panamax,8500,Panama
SR02700,SHP02700,Vessel-02700,ONE,Ultra Large Container Vessel,12000,Malta
SR02701,SHP02701,Vessel-02701,Maersk,Panamax,3000,India
SR02702,SHP02702,Vessel-02702,MSC,Post-Panamax,4500,Singapore
SR02703,SHP02703,Vessel-02703,CMA CGM,Ultra Large Container Vessel,6500,Liberia
SR02704,SHP02704,Vessel-02704,Hapag-Lloyd,Panamax,8500,Panama
SR02705,SHP02705,Vessel-02705,Evergreen,Post-Panamax,12000,Malta
SR02706,SHP02706,Vessel-02706,ONE,Ultra Large Container Vessel,3000,India
SR02707,SHP02707,Vessel-02707,Maersk,Panamax,4500,Singapore
SR02708,SHP02708,Vessel-02708,MSC,Post-Panamax,6500,Liberia
SR02709,SHP02709,Vessel-02709,CMA CGM,Ultra Large Container Vessel,8500,Panama
SR02710,SHP02710,Vessel-02710,Hapag-Lloyd,Panamax,12000,Malta
SR02711,SHP02711,Vessel-02711,Evergreen,Post-Panamax,3000,India
SR02712,SHP02712,Vessel-02712,ONE,Ultra Large Container Vessel,4500,Singapore
SR02713,SHP02713,Vessel-02713,Maersk,Panamax,6500,Liberia
SR02714,SHP02714,Vessel-02714,MSC,Post-Panamax,8500,Panama
SR02715,SHP02715,Vessel-02715,CMA CGM,Ultra Large Container Vessel,12000,Malta
SR02716,SHP02716,Vessel-02716,Hapag-Lloyd,Panamax,3000,India
SR02717,SHP02717,Vessel-02717,Evergreen,Post-Panamax,4500,Singapore
SR02718,SHP02718,Vessel-02718,ONE,Ultra Large Container Vessel,6500,Liberia
SR02719,SHP02719,Vessel-02719,Maersk,Panamax,8500,Panama
SR02720,SHP02720,Vessel-02720,MSC,Post-Panamax,12000,Malta
SR02721,SHP02721,Vessel-02721,CMA CGM,Ultra Large Container Vessel,3000,India
SR02722,SHP02722,Vessel-02722,Hapag-Lloyd,Panamax,4500,Singapore
SR02723,SHP02723,Vessel-02723,Evergreen,Post-Panamax,6500,Liberia
SR02724,SHP02724,Vessel-02724,ONE,Ultra Large Container Vessel,8500,Panama
SR02725,SHP02725,Vessel-02725,Maersk,Panamax,12000,Malta
SR02726,SHP02726,Vessel-02726,MSC,Post-Panamax,3000,India
SR02727,SHP02727,Vessel-02727,CMA CGM,Ultra Large Container Vessel,4500,Singapore
SR02728,SHP02728,Vessel-02728,Hapag-Lloyd,Panamax,6500,Liberia
SR02729,SHP02729,Vessel-02729,Evergreen,Post-Panamax,8500,Panama
SR02730,SHP02730,Vessel-02730,ONE,Ultra Large Container Vessel,12000,Malta
SR02731,SHP02731,Vessel-02731,Maersk,Panamax,3000,India
SR02732,SHP02732,Vessel-02732,MSC,Post-Panamax,4500,Singapore
SR02733,SHP02733,Vessel-02733,CMA CGM,Ultra Large Container Vessel,6500,Liberia
SR02734,SHP02734,Vessel-02734,Hapag-Lloyd,Panamax,8500,Panama
SR02735,SHP02735,Vessel-02735,Evergreen,Post-Panamax,12000,Malta
SR02736,SHP02736,Vessel-02736,ONE,Ultra Large Container Vessel,3000,India
SR02737,SHP02737,Vessel-02737,Maersk,Panamax,4500,Singapore
SR02738,SHP02738,Vessel-02738,MSC,Post-Panamax,6500,Liberia
SR02739,SHP02739,Vessel-02739,CMA CGM,Ultra Large Container Vessel,8500,Panama
SR02740,SHP02740,Vessel-02740,Hapag-Lloyd,Panamax,12000,Malta
SR02741,SHP02741,Vessel-02741,Evergreen,Post-Panamax,3000,India
SR02742,SHP02742,Vessel-02742,ONE,Ultra Large Container Vessel,4500,Singapore
SR02743,SHP02743,Vessel-02743,Maersk,Panamax,6500,Liberia
SR02744,SHP02744,Vessel-02744,MSC,Post-Panamax,8500,Panama
SR02745,SHP02745,Vessel-02745,CMA CGM,Ultra Large Container Vessel,12000,Malta
SR02746,SHP02746,Vessel-02746,Hapag-Lloyd,Panamax,3000,India
SR02747,SHP02747,Vessel-02747,Evergreen,Post-Panamax,4500,Singapore
SR02748,SHP02748,Vessel-02748,ONE,Ultra Large Container Vessel,6500,Liberia
SR02749,SHP02749,Vessel-02749,Maersk,Panamax,8500,Panama
SR02750,SHP02750,Vessel-02750,MSC,Post-Panamax,12000,Malta
SR02751,SHP02751,Vessel-02751,CMA CGM,Ultra Large Container Vessel,3000,India
SR02752,SHP02752,Vessel-02752,Hapag-Lloyd,Panamax,4500,Singapore
SR02753,SHP02753,Vessel-02753,Evergreen,Post-Panamax,6500,Liberia
SR02754,SHP02754,Vessel-02754,ONE,Ultra Large Container Vessel,8500,Panama
SR02755,SHP02755,Vessel-02755,Maersk,Panamax,12000,Malta
SR02756,SHP02756,Vessel-02756,MSC,Post-Panamax,3000,India
SR02757,SHP02757,Vessel-02757,CMA CGM,Ultra Large Container Vessel,4500,Singapore
SR02758,SHP02758,Vessel-02758,Hapag-Lloyd,Panamax,6500,Liberia
SR02759,SHP02759,Vessel-02759,Evergreen,Post-Panamax,8500,Panama
SR02760,SHP02760,Vessel-02760,ONE,Ultra Large Container Vessel,12000,Malta
SR02761,SHP02761,Vessel-02761,Maersk,Panamax,3000,India
SR02762,SHP02762,Vessel-02762,MSC,Post-Panamax,4500,Singapore
SR02763,SHP02763,Vessel-02763,CMA CGM,Ultra Large Container Vessel,6500,Liberia
SR02764,SHP02764,Vessel-02764,Hapag-Lloyd,Panamax,8500,Panama
SR02765,SHP02765,Vessel-02765,Evergreen,Post-Panamax,12000,Malta
SR02766,SHP02766,Vessel-02766,ONE,Ultra Large Container Vessel,3000,India
SR02767,SHP02767,Vessel-02767,Maersk,Panamax,4500,Singapore
SR02768,SHP02768,Vessel-02768,MSC,Post-Panamax,6500,Liberia
SR02769,SHP02769,Vessel-02769,CMA CGM,Ultra Large Container Vessel,8500,Panama
SR02770,SHP02770,Vessel-02770,Hapag-Lloyd,Panamax,12000,Malta
SR02771,SHP02771,Vessel-02771,Evergreen,Post-Panamax,3000,India
SR02772,SHP02772,Vessel-02772,ONE,Ultra Large Container Vessel,4500,Singapore
SR02773,SHP02773,Vessel-02773,Maersk,Panamax,6500,Liberia
SR02774,SHP02774,Vessel-02774,MSC,Post-Panamax,8500,Panama
SR02775,SHP02775,Vessel-02775,CMA CGM,Ultra Large Container Vessel,12000,Malta
SR02776,SHP02776,Vessel-02776,Hapag-Lloyd,Panamax,3000,India
SR02777,SHP02777,Vessel-02777,Evergreen,Post-Panamax,4500,Singapore
SR02778,SHP02778,Vessel-02778,ONE,Ultra Large Container Vessel,6500,Liberia
SR02779,SHP02779,Vessel-02779,Maersk,Panamax,8500,Panama
SR02780,SHP02780,Vessel-02780,MSC,Post-Panamax,12000,Malta
SR02781,SHP02781,Vessel-02781,CMA CGM,Ultra Large Container Vessel,3000,India
SR02782,SHP02782,Vessel-02782,Hapag-Lloyd,Panamax,4500,Singapore
SR02783,SHP02783,Vessel-02783,Evergreen,Post-Panamax,6500,Liberia
SR02784,SHP02784,Vessel-02784,ONE,Ultra Large Container Vessel,8500,Panama
SR02785,SHP02785,Vessel-02785,Maersk,Panamax,12000,Malta
SR02786,SHP02786,Vessel-02786,MSC,Post-Panamax,3000,India
SR02787,SHP02787,Vessel-02787,CMA CGM,Ultra Large Container Vessel,4500,Singapore
SR02788,SHP02788,Vessel-02788,Hapag-Lloyd,Panamax,6500,Liberia
SR02789,SHP02789,Vessel-02789,Evergreen,Post-Panamax,8500,Panama
SR02790,SHP02790,Vessel-02790,ONE,Ultra Large Container Vessel,12000,Malta
SR02791,SHP02791,Vessel-02791,Maersk,Panamax,3000,India
SR02792,SHP02792,Vessel-02792,MSC,Post-Panamax,4500,Singapore
SR02793,SHP02793,Vessel-02793,CMA CGM,Ultra Large Container Vessel,6500,Liberia
SR02794,SHP02794,Vessel-02794,Hapag-Lloyd,Panamax,8500,Panama
SR02795,SHP02795,Vessel-02795,Evergreen,Post-Panamax,12000,Malta
SR02796,SHP02796,Vessel-02796,ONE,Ultra Large Container Vessel,3000,India
SR02797,SHP02797,Vessel-02797,Maersk,Panamax,4500,Singapore
SR02798,SHP02798,Vessel-02798,MSC,Post-Panamax,6500,Liberia
SR02799,SHP02799,Vessel-02799,CMA CGM,Ultra Large Container Vessel,8500,Panama
SR02800,SHP02800,Vessel-02800,Hapag-Lloyd,Panamax,12000,Malta
SR02801,SHP02801,Vessel-02801,Evergreen,Post-Panamax,3000,India
SR02802,SHP02802,Vessel-02802,ONE,Ultra Large Container Vessel,4500,Singapore
SR02803,SHP02803,Vessel-02803,Maersk,Panamax,6500,Liberia
SR02804,SHP02804,Vessel-02804,MSC,Post-Panamax,8500,Panama
SR02805,SHP02805,Vessel-02805,CMA CGM,Ultra Large Container Vessel,12000,Malta
SR02806,SHP02806,Vessel-02806,Hapag-Lloyd,Panamax,3000,India
SR02807,SHP02807,Vessel-02807,Evergreen,Post-Panamax,4500,Singapore
SR02808,SHP02808,Vessel-02808,ONE,Ultra Large Container Vessel,6500,Liberia
SR02809,SHP02809,Vessel-02809,Maersk,Panamax,8500,Panama
SR02810,SHP02810,Vessel-02810,MSC,Post-Panamax,12000,Malta
SR02811,SHP02811,Vessel-02811,CMA CGM,Ultra Large Container Vessel,3000,India
SR02812,SHP02812,Vessel-02812,Hapag-Lloyd,Panamax,4500,Singapore
SR02813,SHP02813,Vessel-02813,Evergreen,Post-Panamax,6500,Liberia
SR02814,SHP02814,Vessel-02814,ONE,Ultra Large Container Vessel,8500,Panama
SR02815,SHP02815,Vessel-02815,Maersk,Panamax,12000,Malta
SR02816,SHP02816,Vessel-02816,MSC,Post-Panamax,3000,India
SR02817,SHP02817,Vessel-02817,CMA CGM,Ultra Large Container Vessel,4500,Singapore
SR02818,SHP02818,Vessel-02818,Hapag-Lloyd,Panamax,6500,Liberia
SR02819,SHP02819,Vessel-02819,Evergreen,Post-Panamax,8500,Panama
SR02820,SHP02820,Vessel-02820,ONE,Ultra Large Container Vessel,12000,Malta
SR02821,SHP02821,Vessel-02821,Maersk,Panamax,3000,India
SR02822,SHP02822,Vessel-02822,MSC,Post-Panamax,4500,Singapore
SR02823,SHP02823,Vessel-02823,CMA CGM,Ultra Large Container Vessel,6500,Liberia
SR02824,SHP02824,Vessel-02824,Hapag-Lloyd,Panamax,8500,Panama
SR02825,SHP02825,Vessel-02825,Evergreen,Post-Panamax,12000,Malta
SR02826,SHP02826,Vessel-02826,ONE,Ultra Large Container Vessel,3000,India
SR02827,SHP02827,Vessel-02827,Maersk,Panamax,4500,Singapore
SR02828,SHP02828,Vessel-02828,MSC,Post-Panamax,6500,Liberia
SR02829,SHP02829,Vessel-02829,CMA CGM,Ultra Large Container Vessel,8500,Panama
SR02830,SHP02830,Vessel-02830,Hapag-Lloyd,Panamax,12000,Malta
SR02831,SHP02831,Vessel-02831,Evergreen,Post-Panamax,3000,India
SR02832,SHP02832,Vessel-02832,ONE,Ultra Large Container Vessel,4500,Singapore
SR02833,SHP02833,Vessel-02833,Maersk,Panamax,6500,Liberia
SR02834,SHP02834,Vessel-02834,MSC,Post-Panamax,8500,Panama
SR02835,SHP02835,Vessel-02835,CMA CGM,Ultra Large Container Vessel,12000,Malta
SR02836,SHP02836,Vessel-02836,Hapag-Lloyd,Panamax,3000,India
SR02837,SHP02837,Vessel-02837,Evergreen,Post-Panamax,4500,Singapore
SR02838,SHP02838,Vessel-02838,ONE,Ultra Large Container Vessel,6500,Liberia
SR02839,SHP02839,Vessel-02839,Maersk,Panamax,8500,Panama
SR02840,SHP02840,Vessel-02840,MSC,Post-Panamax,12000,Malta
SR02841,SHP02841,Vessel-02841,CMA CGM,Ultra Large Container Vessel,3000,India
SR02842,SHP02842,Vessel-02842,Hapag-Lloyd,Panamax,4500,Singapore
SR02843,SHP02843,Vessel-02843,Evergreen,Post-Panamax,6500,Liberia
SR02844,SHP02844,Vessel-02844,ONE,Ultra Large Container Vessel,8500,Panama
SR02845,SHP02845,Vessel-02845,Maersk,Panamax,12000,Malta
SR02846,SHP02846,Vessel-02846,MSC,Post-Panamax,3000,India
SR02847,SHP02847,Vessel-02847,CMA CGM,Ultra Large Container Vessel,4500,Singapore
SR02848,SHP02848,Vessel-02848,Hapag-Lloyd,Panamax,6500,Liberia
SR02849,SHP02849,Vessel-02849,Evergreen,Post-Panamax,8500,Panama
SR02850,SHP02850,Vessel-02850,ONE,Ultra Large Container Vessel,12000,Malta
SR02851,SHP02851,Vessel-02851,Maersk,Panamax,3000,India
SR02852,SHP02852,Vessel-02852,MSC,Post-Panamax,4500,Singapore
SR02853,SHP02853,Vessel-02853,CMA CGM,Ultra Large Container Vessel,6500,Liberia
SR02854,SHP02854,Vessel-02854,Hapag-Lloyd,Panamax,8500,Panama
SR02855,SHP02855,Vessel-02855,Evergreen,Post-Panamax,12000,Malta
SR02856,SHP02856,Vessel-02856,ONE,Ultra Large Container Vessel,3000,India
SR02857,SHP02857,Vessel-02857,Maersk,Panamax,4500,Singapore
SR02858,SHP02858,Vessel-02858,MSC,Post-Panamax,6500,Liberia
SR02859,SHP02859,Vessel-02859,CMA CGM,Ultra Large Container Vessel,8500,Panama
SR02860,SHP02860,Vessel-02860,Hapag-Lloyd,Panamax,12000,Malta
SR02861,SHP02861,Vessel-02861,Evergreen,Post-Panamax,3000,India
SR02862,SHP02862,Vessel-02862,ONE,Ultra Large Container Vessel,4500,Singapore
SR02863,SHP02863,Vessel-02863,Maersk,Panamax,6500,Liberia
SR02864,SHP02864,Vessel-02864,MSC,Post-Panamax,8500,Panama
SR02865,SHP02865,Vessel-02865,CMA CGM,Ultra Large Container Vessel,12000,Malta
SR02866,SHP02866,Vessel-02866,Hapag-Lloyd,Panamax,3000,India
SR02867,SHP02867,Vessel-02867,Evergreen,Post-Panamax,4500,Singapore
SR02868,SHP02868,Vessel-02868,ONE,Ultra Large Container Vessel,6500,Liberia
SR02869,SHP02869,Vessel-02869,Maersk,Panamax,8500,Panama
SR02870,SHP02870,Vessel-02870,MSC,Post-Panamax,12000,Malta
SR02871,SHP02871,Vessel-02871,CMA CGM,Ultra Large Container Vessel,3000,India
SR02872,SHP02872,Vessel-02872,Hapag-Lloyd,Panamax,4500,Singapore
SR02873,SHP02873,Vessel-02873,Evergreen,Post-Panamax,6500,Liberia
SR02874,SHP02874,Vessel-02874,ONE,Ultra Large Container Vessel,8500,Panama
SR02875,SHP02875,Vessel-02875,Maersk,Panamax,12000,Malta
SR02876,SHP02876,Vessel-02876,MSC,Post-Panamax,3000,India
SR02877,SHP02877,Vessel-02877,CMA CGM,Ultra Large Container Vessel,4500,Singapore
SR02878,SHP02878,Vessel-02878,Hapag-Lloyd,Panamax,6500,Liberia
SR02879,SHP02879,Vessel-02879,Evergreen,Post-Panamax,8500,Panama
SR02880,SHP02880,Vessel-02880,ONE,Ultra Large Container Vessel,12000,Malta
SR02881,SHP02881,Vessel-02881,Maersk,Panamax,3000,India
SR02882,SHP02882,Vessel-02882,MSC,Post-Panamax,4500,Singapore
SR02883,SHP02883,Vessel-02883,CMA CGM,Ultra Large Container Vessel,6500,Liberia
SR02884,SHP02884,Vessel-02884,Hapag-Lloyd,Panamax,8500,Panama
SR02885,SHP02885,Vessel-02885,Evergreen,Post-Panamax,12000,Malta
SR02886,SHP02886,Vessel-02886,ONE,Ultra Large Container Vessel,3000,India
SR02887,SHP02887,Vessel-02887,Maersk,Panamax,4500,Singapore
SR02888,SHP02888,Vessel-02888,MSC,Post-Panamax,6500,Liberia
SR02889,SHP02889,Vessel-02889,CMA CGM,Ultra Large Container Vessel,8500,Panama
SR02890,SHP02890,Vessel-02890,Hapag-Lloyd,Panamax,12000,Malta
SR02891,SHP02891,Vessel-02891,Evergreen,Post-Panamax,3000,India
SR02892,SHP02892,Vessel-02892,ONE,Ultra Large Container Vessel,4500,Singapore
SR02893,SHP02893,Vessel-02893,Maersk,Panamax,6500,Liberia
SR02894,SHP02894,Vessel-02894,MSC,Post-Panamax,8500,Panama
SR02895,SHP02895,Vessel-02895,CMA CGM,Ultra Large Container Vessel,12000,Malta
SR02896,SHP02896,Vessel-02896,Hapag-Lloyd,Panamax,3000,India
SR02897,SHP02897,Vessel-02897,Evergreen,Post-Panamax,4500,Singapore
SR02898,SHP02898,Vessel-02898,ONE,Ultra Large Container Vessel,6500,Liberia
SR02899,SHP02899,Vessel-02899,Maersk,Panamax,8500,Panama
SR02900,SHP02900,Vessel-02900,MSC,Post-Panamax,12000,Malta
SR02901,SHP02901,Vessel-02901,CMA CGM,Ultra Large Container Vessel,3000,India
SR02902,SHP02902,Vessel-02902,Hapag-Lloyd,Panamax,4500,Singapore
SR02903,SHP02903,Vessel-02903,Evergreen,Post-Panamax,6500,Liberia
SR02904,SHP02904,Vessel-02904,ONE,Ultra Large Container Vessel,8500,Panama
SR02905,SHP02905,Vessel-02905,Maersk,Panamax,12000,Malta
SR02906,SHP02906,Vessel-02906,MSC,Post-Panamax,3000,India
SR02907,SHP02907,Vessel-02907,CMA CGM,Ultra Large Container Vessel,4500,Singapore
SR02908,SHP02908,Vessel-02908,Hapag-Lloyd,Panamax,6500,Liberia
SR02909,SHP02909,Vessel-02909,Evergreen,Post-Panamax,8500,Panama
SR02910,SHP02910,Vessel-02910,ONE,Ultra Large Container Vessel,12000,Malta
SR02911,SHP02911,Vessel-02911,Maersk,Panamax,3000,India
SR02912,SHP02912,Vessel-02912,MSC,Post-Panamax,4500,Singapore
SR02913,SHP02913,Vessel-02913,CMA CGM,Ultra Large Container Vessel,6500,Liberia
SR02914,SHP02914,Vessel-02914,Hapag-Lloyd,Panamax,8500,Panama
SR02915,SHP02915,Vessel-02915,Evergreen,Post-Panamax,12000,Malta
SR02916,SHP02916,Vessel-02916,ONE,Ultra Large Container Vessel,3000,India
SR02917,SHP02917,Vessel-02917,Maersk,Panamax,4500,Singapore
SR02918,SHP02918,Vessel-02918,MSC,Post-Panamax,6500,Liberia
SR02919,SHP02919,Vessel-02919,CMA CGM,Ultra Large Container Vessel,8500,Panama
SR02920,SHP02920,Vessel-02920,Hapag-Lloyd,Panamax,12000,Malta
SR02921,SHP02921,Vessel-02921,Evergreen,Post-Panamax,3000,India
SR02922,SHP02922,Vessel-02922,ONE,Ultra Large Container Vessel,4500,Singapore
SR02923,SHP02923,Vessel-02923,Maersk,Panamax,6500,Liberia
SR02924,SHP02924,Vessel-02924,MSC,Post-Panamax,8500,Panama
SR02925,SHP02925,Vessel-02925,CMA CGM,Ultra Large Container Vessel,12000,Malta
SR02926,SHP02926,Vessel-02926,Hapag-Lloyd,Panamax,3000,India
SR02927,SHP02927,Vessel-02927,Evergreen,Post-Panamax,4500,Singapore
SR02928,SHP02928,Vessel-02928,ONE,Ultra Large Container Vessel,6500,Liberia
SR02929,SHP02929,Vessel-02929,Maersk,Panamax,8500,Panama
SR02930,SHP02930,Vessel-02930,MSC,Post-Panamax,12000,Malta
SR02931,SHP02931,Vessel-02931,CMA CGM,Ultra Large Container Vessel,3000,India
SR02932,SHP02932,Vessel-02932,Hapag-Lloyd,Panamax,4500,Singapore
SR02933,SHP02933,Vessel-02933,Evergreen,Post-Panamax,6500,Liberia
SR02934,SHP02934,Vessel-02934,ONE,Ultra Large Container Vessel,8500,Panama
SR02935,SHP02935,Vessel-02935,Maersk,Panamax,12000,Malta
SR02936,SHP02936,Vessel-02936,MSC,Post-Panamax,3000,India
SR02937,SHP02937,Vessel-02937,CMA CGM,Ultra Large Container Vessel,4500,Singapore
SR02938,SHP02938,Vessel-02938,Hapag-Lloyd,Panamax,6500,Liberia
SR02939,SHP02939,Vessel-02939,Evergreen,Post-Panamax,8500,Panama
SR02940,SHP02940,Vessel-02940,ONE,Ultra Large Container Vessel,12000,Malta
SR02941,SHP02941,Vessel-02941,Maersk,Panamax,3000,India
SR02942,SHP02942,Vessel-02942,MSC,Post-Panamax,4500,Singapore
SR02943,SHP02943,Vessel-02943,CMA CGM,Ultra Large Container Vessel,6500,Liberia
SR02944,SHP02944,Vessel-02944,Hapag-Lloyd,Panamax,8500,Panama
SR02945,SHP02945,Vessel-02945,Evergreen,Post-Panamax,12000,Malta
SR02946,SHP02946,Vessel-02946,ONE,Ultra Large Container Vessel,3000,India
SR02947,SHP02947,Vessel-02947,Maersk,Panamax,4500,Singapore
SR02948,SHP02948,Vessel-02948,MSC,Post-Panamax,6500,Liberia
SR02949,SHP02949,Vessel-02949,CMA CGM,Ultra Large Container Vessel,8500,Panama
SR02950,SHP02950,Vessel-02950,Hapag-Lloyd,Panamax,12000,Malta
SR02951,SHP02951,Vessel-02951,Evergreen,Post-Panamax,3000,India
SR02952,SHP02952,Vessel-02952,ONE,Ultra Large Container Vessel,4500,Singapore
SR02953,SHP02953,Vessel-02953,Maersk,Panamax,6500,Liberia
SR02954,SHP02954,Vessel-02954,MSC,Post-Panamax,8500,Panama
SR02955,SHP02955,Vessel-02955,CMA CGM,Ultra Large Container Vessel,12000,Malta
SR02956,SHP02956,Vessel-02956,Hapag-Lloyd,Panamax,3000,India
SR02957,SHP02957,Vessel-02957,Evergreen,Post-Panamax,4500,Singapore
SR02958,SHP02958,Vessel-02958,ONE,Ultra Large Container Vessel,6500,Liberia
SR02959,SHP02959,Vessel-02959,Maersk,Panamax,8500,Panama
SR02960,SHP02960,Vessel-02960,MSC,Post-Panamax,12000,Malta
SR02961,SHP02961,Vessel-02961,CMA CGM,Ultra Large Container Vessel,3000,India
SR02962,SHP02962,Vessel-02962,Hapag-Lloyd,Panamax,4500,Singapore
SR02963,SHP02963,Vessel-02963,Evergreen,Post-Panamax,6500,Liberia
SR02964,SHP02964,Vessel-02964,ONE,Ultra Large Container Vessel,8500,Panama
SR02965,SHP02965,Vessel-02965,Maersk,Panamax,12000,Malta
SR02966,SHP02966,Vessel-02966,MSC,Post-Panamax,3000,India
SR02967,SHP02967,Vessel-02967,CMA CGM,Ultra Large Container Vessel,4500,Singapore
SR02968,SHP02968,Vessel-02968,Hapag-Lloyd,Panamax,6500,Liberia
SR02969,SHP02969,Vessel-02969,Evergreen,Post-Panamax,8500,Panama
SR02970,SHP02970,Vessel-02970,ONE,Ultra Large Container Vessel,12000,Malta
SR02971,SHP02971,Vessel-02971,Maersk,Panamax,3000,India
SR02972,SHP02972,Vessel-02972,MSC,Post-Panamax,4500,Singapore
SR02973,SHP02973,Vessel-02973,CMA CGM,Ultra Large Container Vessel,6500,Liberia
SR02974,SHP02974,Vessel-02974,Hapag-Lloyd,Panamax,8500,Panama
SR02975,SHP02975,Vessel-02975,Evergreen,Post-Panamax,12000,Malta
SR02976,SHP02976,Vessel-02976,ONE,Ultra Large Container Vessel,3000,India
SR02977,SHP02977,Vessel-02977,Maersk,Panamax,4500,Singapore
SR02978,SHP02978,Vessel-02978,MSC,Post-Panamax,6500,Liberia
SR02979,SHP02979,Vessel-02979,CMA CGM,Ultra Large Container Vessel,8500,Panama
SR02980,SHP02980,Vessel-02980,Hapag-Lloyd,Panamax,12000,Malta
SR02981,SHP02981,Vessel-02981,Evergreen,Post-Panamax,3000,India
SR02982,SHP02982,Vessel-02982,ONE,Ultra Large Container Vessel,4500,Singapore
SR02983,SHP02983,Vessel-02983,Maersk,Panamax,6500,Liberia
SR02984,SHP02984,Vessel-02984,MSC,Post-Panamax,8500,Panama
SR02985,SHP02985,Vessel-02985,CMA CGM,Ultra Large Container Vessel,12000,Malta
SR02986,SHP02986,Vessel-02986,Hapag-Lloyd,Panamax,3000,India
SR02987,SHP02987,Vessel-02987,Evergreen,Post-Panamax,4500,Singapore
SR02988,SHP02988,Vessel-02988,ONE,Ultra Large Container Vessel,6500,Liberia
SR02989,SHP02989,Vessel-02989,Maersk,Panamax,8500,Panama
SR02990,SHP02990,Vessel-02990,MSC,Post-Panamax,12000,Malta
SR02991,SHP02991,Vessel-02991,CMA CGM,Ultra Large Container Vessel,3000,India
SR02992,SHP02992,Vessel-02992,Hapag-Lloyd,Panamax,4500,Singapore
SR02993,SHP02993,Vessel-02993,Evergreen,Post-Panamax,6500,Liberia
SR02994,SHP02994,Vessel-02994,ONE,Ultra Large Container Vessel,8500,Panama
SR02995,SHP02995,Vessel-02995,Maersk,Panamax,12000,Malta
SR02996,SHP02996,Vessel-02996,MSC,Post-Panamax,3000,India
SR02997,SHP02997,Vessel-02997,CMA CGM,Ultra Large Container Vessel,4500,Singapore
SR02998,SHP02998,Vessel-02998,Hapag-Lloyd,Panamax,6500,Liberia
SR02999,SHP02999,Vessel-02999,Evergreen,Post-Panamax,8500,Panama
SR03000,SHP03000,Vessel-03000,ONE,Ultra Large Container Vessel,12000,Malta
SR03001,SHP03001,Vessel-03001,Maersk,Panamax,3000,India
SR03002,SHP03002,Vessel-03002,MSC,Post-Panamax,4500,Singapore
SR03003,SHP03003,Vessel-03003,CMA CGM,Ultra Large Container Vessel,6500,Liberia
SR03004,SHP03004,Vessel-03004,Hapag-Lloyd,Panamax,8500,Panama
SR03005,SHP03005,Vessel-03005,Evergreen,Post-Panamax,12000,Malta
SR03006,SHP03006,Vessel-03006,ONE,Ultra Large Container Vessel,3000,India
SR03007,SHP03007,Vessel-03007,Maersk,Panamax,4500,Singapore
SR03008,SHP03008,Vessel-03008,MSC,Post-Panamax,6500,Liberia
SR03009,SHP03009,Vessel-03009,CMA CGM,Ultra Large Container Vessel,8500,Panama
SR03010,SHP03010,Vessel-03010,Hapag-Lloyd,Panamax,12000,Malta
SR03011,SHP03011,Vessel-03011,Evergreen,Post-Panamax,3000,India
SR03012,SHP03012,Vessel-03012,ONE,Ultra Large Container Vessel,4500,Singapore
SR03013,SHP03013,Vessel-03013,Maersk,Panamax,6500,Liberia
SR03014,SHP03014,Vessel-03014,MSC,Post-Panamax,8500,Panama
SR03015,SHP03015,Vessel-03015,CMA CGM,Ultra Large Container Vessel,12000,Malta
SR03016,SHP03016,Vessel-03016,Hapag-Lloyd,Panamax,3000,India
SR03017,SHP03017,Vessel-03017,Evergreen,Post-Panamax,4500,Singapore
SR03018,SHP03018,Vessel-03018,ONE,Ultra Large Container Vessel,6500,Liberia
SR03019,SHP03019,Vessel-03019,Maersk,Panamax,8500,Panama
SR03020,SHP03020,Vessel-03020,MSC,Post-Panamax,12000,Malta
SR03021,SHP03021,Vessel-03021,CMA CGM,Ultra Large Container Vessel,3000,India
SR03022,SHP03022,Vessel-03022,Hapag-Lloyd,Panamax,4500,Singapore
SR03023,SHP03023,Vessel-03023,Evergreen,Post-Panamax,6500,Liberia
SR03024,SHP03024,Vessel-03024,ONE,Ultra Large Container Vessel,8500,Panama
SR03025,SHP03025,Vessel-03025,Maersk,Panamax,12000,Malta
SR03026,SHP03026,Vessel-03026,MSC,Post-Panamax,3000,India
SR03027,SHP03027,Vessel-03027,CMA CGM,Ultra Large Container Vessel,4500,Singapore
SR03028,SHP03028,Vessel-03028,Hapag-Lloyd,Panamax,6500,Liberia
SR03029,SHP03029,Vessel-03029,Evergreen,Post-Panamax,8500,Panama
SR03030,SHP03030,Vessel-03030,ONE,Ultra Large Container Vessel,12000,Malta
SR03031,SHP03031,Vessel-03031,Maersk,Panamax,3000,India
SR03032,SHP03032,Vessel-03032,MSC,Post-Panamax,4500,Singapore
SR03033,SHP03033,Vessel-03033,CMA CGM,Ultra Large Container Vessel,6500,Liberia
SR03034,SHP03034,Vessel-03034,Hapag-Lloyd,Panamax,8500,Panama
SR03035,SHP03035,Vessel-03035,Evergreen,Post-Panamax,12000,Malta
SR03036,SHP03036,Vessel-03036,ONE,Ultra Large Container Vessel,3000,India
SR03037,SHP03037,Vessel-03037,Maersk,Panamax,4500,Singapore
SR03038,SHP03038,Vessel-03038,MSC,Post-Panamax,6500,Liberia
SR03039,SHP03039,Vessel-03039,CMA CGM,Ultra Large Container Vessel,8500,Panama
SR03040,SHP03040,Vessel-03040,Hapag-Lloyd,Panamax,12000,Malta
SR03041,SHP03041,Vessel-03041,Evergreen,Post-Panamax,3000,India
SR03042,SHP03042,Vessel-03042,ONE,Ultra Large Container Vessel,4500,Singapore
SR03043,SHP03043,Vessel-03043,Maersk,Panamax,6500,Liberia
SR03044,SHP03044,Vessel-03044,MSC,Post-Panamax,8500,Panama
SR03045,SHP03045,Vessel-03045,CMA CGM,Ultra Large Container Vessel,12000,Malta
SR03046,SHP03046,Vessel-03046,Hapag-Lloyd,Panamax,3000,India
SR03047,SHP03047,Vessel-03047,Evergreen,Post-Panamax,4500,Singapore
SR03048,SHP03048,Vessel-03048,ONE,Ultra Large Container Vessel,6500,Liberia
SR03049,SHP03049,Vessel-03049,Maersk,Panamax,8500,Panama
SR03050,SHP03050,Vessel-03050,MSC,Post-Panamax,12000,Malta
SR03051,SHP03051,Vessel-03051,CMA CGM,Ultra Large Container Vessel,3000,India
SR03052,SHP03052,Vessel-03052,Hapag-Lloyd,Panamax,4500,Singapore
SR03053,SHP03053,Vessel-03053,Evergreen,Post-Panamax,6500,Liberia
SR03054,SHP03054,Vessel-03054,ONE,Ultra Large Container Vessel,8500,Panama
SR03055,SHP03055,Vessel-03055,Maersk,Panamax,12000,Malta
SR03056,SHP03056,Vessel-03056,MSC,Post-Panamax,3000,India
SR03057,SHP03057,Vessel-03057,CMA CGM,Ultra Large Container Vessel,4500,Singapore
SR03058,SHP03058,Vessel-03058,Hapag-Lloyd,Panamax,6500,Liberia
SR03059,SHP03059,Vessel-03059,Evergreen,Post-Panamax,8500,Panama
SR03060,SHP03060,Vessel-03060,ONE,Ultra Large Container Vessel,12000,Malta
SR03061,SHP03061,Vessel-03061,Maersk,Panamax,3000,India
SR03062,SHP03062,Vessel-03062,MSC,Post-Panamax,4500,Singapore
SR03063,SHP03063,Vessel-03063,CMA CGM,Ultra Large Container Vessel,6500,Liberia
SR03064,SHP03064,Vessel-03064,Hapag-Lloyd,Panamax,8500,Panama
SR03065,SHP03065,Vessel-03065,Evergreen,Post-Panamax,12000,Malta
SR03066,SHP03066,Vessel-03066,ONE,Ultra Large Container Vessel,3000,India
SR03067,SHP03067,Vessel-03067,Maersk,Panamax,4500,Singapore
SR03068,SHP03068,Vessel-03068,MSC,Post-Panamax,6500,Liberia
SR03069,SHP03069,Vessel-03069,CMA CGM,Ultra Large Container Vessel,8500,Panama
SR03070,SHP03070,Vessel-03070,Hapag-Lloyd,Panamax,12000,Malta
SR03071,SHP03071,Vessel-03071,Evergreen,Post-Panamax,3000,India
SR03072,SHP03072,Vessel-03072,ONE,Ultra Large Container Vessel,4500,Singapore
SR03073,SHP03073,Vessel-03073,Maersk,Panamax,6500,Liberia
SR03074,SHP03074,Vessel-03074,MSC,Post-Panamax,8500,Panama
SR03075,SHP03075,Vessel-03075,CMA CGM,Ultra Large Container Vessel,12000,Malta
SR03076,SHP03076,Vessel-03076,Hapag-Lloyd,Panamax,3000,India
SR03077,SHP03077,Vessel-03077,Evergreen,Post-Panamax,4500,Singapore
SR03078,SHP03078,Vessel-03078,ONE,Ultra Large Container Vessel,6500,Liberia
SR03079,SHP03079,Vessel-03079,Maersk,Panamax,8500,Panama
SR03080,SHP03080,Vessel-03080,MSC,Post-Panamax,12000,Malta
SR03081,SHP03081,Vessel-03081,CMA CGM,Ultra Large Container Vessel,3000,India
SR03082,SHP03082,Vessel-03082,Hapag-Lloyd,Panamax,4500,Singapore
SR03083,SHP03083,Vessel-03083,Evergreen,Post-Panamax,6500,Liberia
SR03084,SHP03084,Vessel-03084,ONE,Ultra Large Container Vessel,8500,Panama
SR03085,SHP03085,Vessel-03085,Maersk,Panamax,12000,Malta
SR03086,SHP03086,Vessel-03086,MSC,Post-Panamax,3000,India
SR03087,SHP03087,Vessel-03087,CMA CGM,Ultra Large Container Vessel,4500,Singapore
SR03088,SHP03088,Vessel-03088,Hapag-Lloyd,Panamax,6500,Liberia
SR03089,SHP03089,Vessel-03089,Evergreen,Post-Panamax,8500,Panama
SR03090,SHP03090,Vessel-03090,ONE,Ultra Large Container Vessel,12000,Malta
SR03091,SHP03091,Vessel-03091,Maersk,Panamax,3000,India
SR03092,SHP03092,Vessel-03092,MSC,Post-Panamax,4500,Singapore
SR03093,SHP03093,Vessel-03093,CMA CGM,Ultra Large Container Vessel,6500,Liberia
SR03094,SHP03094,Vessel-03094,Hapag-Lloyd,Panamax,8500,Panama
SR03095,SHP03095,Vessel-03095,Evergreen,Post-Panamax,12000,Malta
SR03096,SHP03096,Vessel-03096,ONE,Ultra Large Container Vessel,3000,India
SR03097,SHP03097,Vessel-03097,Maersk,Panamax,4500,Singapore
SR03098,SHP03098,Vessel-03098,MSC,Post-Panamax,6500,Liberia
SR03099,SHP03099,Vessel-03099,CMA CGM,Ultra Large Container Vessel,8500,Panama
SR03100,SHP03100,Vessel-03100,Hapag-Lloyd,Panamax,12000,Malta
SR03101,SHP03101,Vessel-03101,Evergreen,Post-Panamax,3000,India
SR03102,SHP03102,Vessel-03102,ONE,Ultra Large Container Vessel,4500,Singapore
SR03103,SHP03103,Vessel-03103,Maersk,Panamax,6500,Liberia
SR03104,SHP03104,Vessel-03104,MSC,Post-Panamax,8500,Panama
SR03105,SHP03105,Vessel-03105,CMA CGM,Ultra Large Container Vessel,12000,Malta
SR03106,SHP03106,Vessel-03106,Hapag-Lloyd,Panamax,3000,India
SR03107,SHP03107,Vessel-03107,Evergreen,Post-Panamax,4500,Singapore
SR03108,SHP03108,Vessel-03108,ONE,Ultra Large Container Vessel,6500,Liberia
SR03109,SHP03109,Vessel-03109,Maersk,Panamax,8500,Panama
SR03110,SHP03110,Vessel-03110,MSC,Post-Panamax,12000,Malta
SR03111,SHP03111,Vessel-03111,CMA CGM,Ultra Large Container Vessel,3000,India
SR03112,SHP03112,Vessel-03112,Hapag-Lloyd,Panamax,4500,Singapore
SR03113,SHP03113,Vessel-03113,Evergreen,Post-Panamax,6500,Liberia
SR03114,SHP03114,Vessel-03114,ONE,Ultra Large Container Vessel,8500,Panama
SR03115,SHP03115,Vessel-03115,Maersk,Panamax,12000,Malta
SR03116,SHP03116,Vessel-03116,MSC,Post-Panamax,3000,India
SR03117,SHP03117,Vessel-03117,CMA CGM,Ultra Large Container Vessel,4500,Singapore
SR03118,SHP03118,Vessel-03118,Hapag-Lloyd,Panamax,6500,Liberia
SR03119,SHP03119,Vessel-03119,Evergreen,Post-Panamax,8500,Panama
SR03120,SHP03120,Vessel-03120,ONE,Ultra Large Container Vessel,12000,Malta
SR03121,SHP03121,Vessel-03121,Maersk,Panamax,3000,India
SR03122,SHP03122,Vessel-03122,MSC,Post-Panamax,4500,Singapore
SR03123,SHP03123,Vessel-03123,CMA CGM,Ultra Large Container Vessel,6500,Liberia
SR03124,SHP03124,Vessel-03124,Hapag-Lloyd,Panamax,8500,Panama
SR03125,SHP03125,Vessel-03125,Evergreen,Post-Panamax,12000,Malta
SR03126,SHP03126,Vessel-03126,ONE,Ultra Large Container Vessel,3000,India
SR03127,SHP03127,Vessel-03127,Maersk,Panamax,4500,Singapore
SR03128,SHP03128,Vessel-03128,MSC,Post-Panamax,6500,Liberia
SR03129,SHP03129,Vessel-03129,CMA CGM,Ultra Large Container Vessel,8500,Panama
SR03130,SHP03130,Vessel-03130,Hapag-Lloyd,Panamax,12000,Malta
SR03131,SHP03131,Vessel-03131,Evergreen,Post-Panamax,3000,India
SR03132,SHP03132,Vessel-03132,ONE,Ultra Large Container Vessel,4500,Singapore
SR03133,SHP03133,Vessel-03133,Maersk,Panamax,6500,Liberia
SR03134,SHP03134,Vessel-03134,MSC,Post-Panamax,8500,Panama
SR03135,SHP03135,Vessel-03135,CMA CGM,Ultra Large Container Vessel,12000,Malta
SR03136,SHP03136,Vessel-03136,Hapag-Lloyd,Panamax,3000,India
SR03137,SHP03137,Vessel-03137,Evergreen,Post-Panamax,4500,Singapore
SR03138,SHP03138,Vessel-03138,ONE,Ultra Large Container Vessel,6500,Liberia
SR03139,SHP03139,Vessel-03139,Maersk,Panamax,8500,Panama
SR03140,SHP03140,Vessel-03140,MSC,Post-Panamax,12000,Malta
SR03141,SHP03141,Vessel-03141,CMA CGM,Ultra Large Container Vessel,3000,India
SR03142,SHP03142,Vessel-03142,Hapag-Lloyd,Panamax,4500,Singapore
SR03143,SHP03143,Vessel-03143,Evergreen,Post-Panamax,6500,Liberia
SR03144,SHP03144,Vessel-03144,ONE,Ultra Large Container Vessel,8500,Panama
SR03145,SHP03145,Vessel-03145,Maersk,Panamax,12000,Malta
SR03146,SHP03146,Vessel-03146,MSC,Post-Panamax,3000,India
SR03147,SHP03147,Vessel-03147,CMA CGM,Ultra Large Container Vessel,4500,Singapore
SR03148,SHP03148,Vessel-03148,Hapag-Lloyd,Panamax,6500,Liberia
SR03149,SHP03149,Vessel-03149,Evergreen,Post-Panamax,8500,Panama
SR03150,SHP03150,Vessel-03150,ONE,Ultra Large Container Vessel,12000,Malta
SR03151,SHP03151,Vessel-03151,Maersk,Panamax,3000,India
SR03152,SHP03152,Vessel-03152,MSC,Post-Panamax,4500,Singapore
SR03153,SHP03153,Vessel-03153,CMA CGM,Ultra Large Container Vessel,6500,Liberia
SR03154,SHP03154,Vessel-03154,Hapag-Lloyd,Panamax,8500,Panama
SR03155,SHP03155,Vessel-03155,Evergreen,Post-Panamax,12000,Malta
SR03156,SHP03156,Vessel-03156,ONE,Ultra Large Container Vessel,3000,India
SR03157,SHP03157,Vessel-03157,Maersk,Panamax,4500,Singapore
SR03158,SHP03158,Vessel-03158,MSC,Post-Panamax,6500,Liberia
SR03159,SHP03159,Vessel-03159,CMA CGM,Ultra Large Container Vessel,8500,Panama
SR03160,SHP03160,Vessel-03160,Hapag-Lloyd,Panamax,12000,Malta
SR03161,SHP03161,Vessel-03161,Evergreen,Post-Panamax,3000,India
SR03162,SHP03162,Vessel-03162,ONE,Ultra Large Container Vessel,4500,Singapore
SR03163,SHP03163,Vessel-03163,Maersk,Panamax,6500,Liberia
SR03164,SHP03164,Vessel-03164,MSC,Post-Panamax,8500,Panama
SR03165,SHP03165,Vessel-03165,CMA CGM,Ultra Large Container Vessel,12000,Malta
SR03166,SHP03166,Vessel-03166,Hapag-Lloyd,Panamax,3000,India
SR03167,SHP03167,Vessel-03167,Evergreen,Post-Panamax,4500,Singapore
SR03168,SHP03168,Vessel-03168,ONE,Ultra Large Container Vessel,6500,Liberia
SR03169,SHP03169,Vessel-03169,Maersk,Panamax,8500,Panama
SR03170,SHP03170,Vessel-03170,MSC,Post-Panamax,12000,Malta
SR03171,SHP03171,Vessel-03171,CMA CGM,Ultra Large Container Vessel,3000,India
SR03172,SHP03172,Vessel-03172,Hapag-Lloyd,Panamax,4500,Singapore
SR03173,SHP03173,Vessel-03173,Evergreen,Post-Panamax,6500,Liberia
SR03174,SHP03174,Vessel-03174,ONE,Ultra Large Container Vessel,8500,Panama
SR03175,SHP03175,Vessel-03175,Maersk,Panamax,12000,Malta
SR03176,SHP03176,Vessel-03176,MSC,Post-Panamax,3000,India
SR03177,SHP03177,Vessel-03177,CMA CGM,Ultra Large Container Vessel,4500,Singapore
SR03178,SHP03178,Vessel-03178,Hapag-Lloyd,Panamax,6500,Liberia
SR03179,SHP03179,Vessel-03179,Evergreen,Post-Panamax,8500,Panama
SR03180,SHP03180,Vessel-03180,ONE,Ultra Large Container Vessel,12000,Malta
SR03181,SHP03181,Vessel-03181,Maersk,Panamax,3000,India
SR03182,SHP03182,Vessel-03182,MSC,Post-Panamax,4500,Singapore
SR03183,SHP03183,Vessel-03183,CMA CGM,Ultra Large Container Vessel,6500,Liberia
SR03184,SHP03184,Vessel-03184,Hapag-Lloyd,Panamax,8500,Panama
SR03185,SHP03185,Vessel-03185,Evergreen,Post-Panamax,12000,Malta
SR03186,SHP03186,Vessel-03186,ONE,Ultra Large Container Vessel,3000,India
SR03187,SHP03187,Vessel-03187,Maersk,Panamax,4500,Singapore
SR03188,SHP03188,Vessel-03188,MSC,Post-Panamax,6500,Liberia
SR03189,SHP03189,Vessel-03189,CMA CGM,Ultra Large Container Vessel,8500,Panama
SR03190,SHP03190,Vessel-03190,Hapag-Lloyd,Panamax,12000,Malta
SR03191,SHP03191,Vessel-03191,Evergreen,Post-Panamax,3000,India
SR03192,SHP03192,Vessel-03192,ONE,Ultra Large Container Vessel,4500,Singapore
SR03193,SHP03193,Vessel-03193,Maersk,Panamax,6500,Liberia
SR03194,SHP03194,Vessel-03194,MSC,Post-Panamax,8500,Panama
SR03195,SHP03195,Vessel-03195,CMA CGM,Ultra Large Container Vessel,12000,Malta
SR03196,SHP03196,Vessel-03196,Hapag-Lloyd,Panamax,3000,India
SR03197,SHP03197,Vessel-03197,Evergreen,Post-Panamax,4500,Singapore
SR03198,SHP03198,Vessel-03198,ONE,Ultra Large Container Vessel,6500,Liberia
SR03199,SHP03199,Vessel-03199,Maersk,Panamax,8500,Panama
SR03200,SHP03200,Vessel-03200,MSC,Post-Panamax,12000,Malta
SR03201,SHP03201,Vessel-03201,CMA CGM,Ultra Large Container Vessel,3000,India
SR03202,SHP03202,Vessel-03202,Hapag-Lloyd,Panamax,4500,Singapore
SR03203,SHP03203,Vessel-03203,Evergreen,Post-Panamax,6500,Liberia
SR03204,SHP03204,Vessel-03204,ONE,Ultra Large Container Vessel,8500,Panama
SR03205,SHP03205,Vessel-03205,Maersk,Panamax,12000,Malta
SR03206,SHP03206,Vessel-03206,MSC,Post-Panamax,3000,India
SR03207,SHP03207,Vessel-03207,CMA CGM,Ultra Large Container Vessel,4500,Singapore
SR03208,SHP03208,Vessel-03208,Hapag-Lloyd,Panamax,6500,Liberia
SR03209,SHP03209,Vessel-03209,Evergreen,Post-Panamax,8500,Panama
SR03210,SHP03210,Vessel-03210,ONE,Ultra Large Container Vessel,12000,Malta
SR03211,SHP03211,Vessel-03211,Maersk,Panamax,3000,India
SR03212,SHP03212,Vessel-03212,MSC,Post-Panamax,4500,Singapore
SR03213,SHP03213,Vessel-03213,CMA CGM,Ultra Large Container Vessel,6500,Liberia
SR03214,SHP03214,Vessel-03214,Hapag-Lloyd,Panamax,8500,Panama
SR03215,SHP03215,Vessel-03215,Evergreen,Post-Panamax,12000,Malta
SR03216,SHP03216,Vessel-03216,ONE,Ultra Large Container Vessel,3000,India
SR03217,SHP03217,Vessel-03217,Maersk,Panamax,4500,Singapore
SR03218,SHP03218,Vessel-03218,MSC,Post-Panamax,6500,Liberia
SR03219,SHP03219,Vessel-03219,CMA CGM,Ultra Large Container Vessel,8500,Panama
SR03220,SHP03220,Vessel-03220,Hapag-Lloyd,Panamax,12000,Malta
SR03221,SHP03221,Vessel-03221,Evergreen,Post-Panamax,3000,India
SR03222,SHP03222,Vessel-03222,ONE,Ultra Large Container Vessel,4500,Singapore
SR03223,SHP03223,Vessel-03223,Maersk,Panamax,6500,Liberia
SR03224,SHP03224,Vessel-03224,MSC,Post-Panamax,8500,Panama
SR03225,SHP03225,Vessel-03225,CMA CGM,Ultra Large Container Vessel,12000,Malta
SR03226,SHP03226,Vessel-03226,Hapag-Lloyd,Panamax,3000,India
SR03227,SHP03227,Vessel-03227,Evergreen,Post-Panamax,4500,Singapore
SR03228,SHP03228,Vessel-03228,ONE,Ultra Large Container Vessel,6500,Liberia
SR03229,SHP03229,Vessel-03229,Maersk,Panamax,8500,Panama
SR03230,SHP03230,Vessel-03230,MSC,Post-Panamax,12000,Malta
SR03231,SHP03231,Vessel-03231,CMA CGM,Ultra Large Container Vessel,3000,India
SR03232,SHP03232,Vessel-03232,Hapag-Lloyd,Panamax,4500,Singapore
SR03233,SHP03233,Vessel-03233,Evergreen,Post-Panamax,6500,Liberia
SR03234,SHP03234,Vessel-03234,ONE,Ultra Large Container Vessel,8500,Panama
SR03235,SHP03235,Vessel-03235,Maersk,Panamax,12000,Malta
SR03236,SHP03236,Vessel-03236,MSC,Post-Panamax,3000,India
SR03237,SHP03237,Vessel-03237,CMA CGM,Ultra Large Container Vessel,4500,Singapore
SR03238,SHP03238,Vessel-03238,Hapag-Lloyd,Panamax,6500,Liberia
SR03239,SHP03239,Vessel-03239,Evergreen,Post-Panamax,8500,Panama
SR03240,SHP03240,Vessel-03240,ONE,Ultra Large Container Vessel,12000,Malta
SR03241,SHP03241,Vessel-03241,Maersk,Panamax,3000,India
SR03242,SHP03242,Vessel-03242,MSC,Post-Panamax,4500,Singapore
SR03243,SHP03243,Vessel-03243,CMA CGM,Ultra Large Container Vessel,6500,Liberia
SR03244,SHP03244,Vessel-03244,Hapag-Lloyd,Panamax,8500,Panama
SR03245,SHP03245,Vessel-03245,Evergreen,Post-Panamax,12000,Malta
SR03246,SHP03246,Vessel-03246,ONE,Ultra Large Container Vessel,3000,India
SR03247,SHP03247,Vessel-03247,Maersk,Panamax,4500,Singapore
SR03248,SHP03248,Vessel-03248,MSC,Post-Panamax,6500,Liberia
SR03249,SHP03249,Vessel-03249,CMA CGM,Ultra Large Container Vessel,8500,Panama
SR03250,SHP03250,Vessel-03250,Hapag-Lloyd,Panamax,12000,Malta
SR03251,SHP03251,Vessel-03251,Evergreen,Post-Panamax,3000,India
SR03252,SHP03252,Vessel-03252,ONE,Ultra Large Container Vessel,4500,Singapore
SR03253,SHP03253,Vessel-03253,Maersk,Panamax,6500,Liberia
SR03254,SHP03254,Vessel-03254,MSC,Post-Panamax,8500,Panama
SR03255,SHP03255,Vessel-03255,CMA CGM,Ultra Large Container Vessel,12000,Malta
SR03256,SHP03256,Vessel-03256,Hapag-Lloyd,Panamax,3000,India
SR03257,SHP03257,Vessel-03257,Evergreen,Post-Panamax,4500,Singapore
SR03258,SHP03258,Vessel-03258,ONE,Ultra Large Container Vessel,6500,Liberia
SR03259,SHP03259,Vessel-03259,Maersk,Panamax,8500,Panama
SR03260,SHP03260,Vessel-03260,MSC,Post-Panamax,12000,Malta
SR03261,SHP03261,Vessel-03261,CMA CGM,Ultra Large Container Vessel,3000,India
SR03262,SHP03262,Vessel-03262,Hapag-Lloyd,Panamax,4500,Singapore
SR03263,SHP03263,Vessel-03263,Evergreen,Post-Panamax,6500,Liberia
SR03264,SHP03264,Vessel-03264,ONE,Ultra Large Container Vessel,8500,Panama
SR03265,SHP03265,Vessel-03265,Maersk,Panamax,12000,Malta
SR03266,SHP03266,Vessel-03266,MSC,Post-Panamax,3000,India
SR03267,SHP03267,Vessel-03267,CMA CGM,Ultra Large Container Vessel,4500,Singapore
SR03268,SHP03268,Vessel-03268,Hapag-Lloyd,Panamax,6500,Liberia
SR03269,SHP03269,Vessel-03269,Evergreen,Post-Panamax,8500,Panama
SR03270,SHP03270,Vessel-03270,ONE,Ultra Large Container Vessel,12000,Malta
SR03271,SHP03271,Vessel-03271,Maersk,Panamax,3000,India
SR03272,SHP03272,Vessel-03272,MSC,Post-Panamax,4500,Singapore
SR03273,SHP03273,Vessel-03273,CMA CGM,Ultra Large Container Vessel,6500,Liberia
SR03274,SHP03274,Vessel-03274,Hapag-Lloyd,Panamax,8500,Panama
SR03275,SHP03275,Vessel-03275,Evergreen,Post-Panamax,12000,Malta
SR03276,SHP03276,Vessel-03276,ONE,Ultra Large Container Vessel,3000,India
SR03277,SHP03277,Vessel-03277,Maersk,Panamax,4500,Singapore
SR03278,SHP03278,Vessel-03278,MSC,Post-Panamax,6500,Liberia
SR03279,SHP03279,Vessel-03279,CMA CGM,Ultra Large Container Vessel,8500,Panama
SR03280,SHP03280,Vessel-03280,Hapag-Lloyd,Panamax,12000,Malta
SR03281,SHP03281,Vessel-03281,Evergreen,Post-Panamax,3000,India
SR03282,SHP03282,Vessel-03282,ONE,Ultra Large Container Vessel,4500,Singapore
SR03283,SHP03283,Vessel-03283,Maersk,Panamax,6500,Liberia
SR03284,SHP03284,Vessel-03284,MSC,Post-Panamax,8500,Panama
SR03285,SHP03285,Vessel-03285,CMA CGM,Ultra Large Container Vessel,12000,Malta
SR03286,SHP03286,Vessel-03286,Hapag-Lloyd,Panamax,3000,India
SR03287,SHP03287,Vessel-03287,Evergreen,Post-Panamax,4500,Singapore
SR03288,SHP03288,Vessel-03288,ONE,Ultra Large Container Vessel,6500,Liberia
SR03289,SHP03289,Vessel-03289,Maersk,Panamax,8500,Panama
SR03290,SHP03290,Vessel-03290,MSC,Post-Panamax,12000,Malta
SR03291,SHP03291,Vessel-03291,CMA CGM,Ultra Large Container Vessel,3000,India
SR03292,SHP03292,Vessel-03292,Hapag-Lloyd,Panamax,4500,Singapore
SR03293,SHP03293,Vessel-03293,Evergreen,Post-Panamax,6500,Liberia
SR03294,SHP03294,Vessel-03294,ONE,Ultra Large Container Vessel,8500,Panama
SR03295,SHP03295,Vessel-03295,Maersk,Panamax,12000,Malta
SR03296,SHP03296,Vessel-03296,MSC,Post-Panamax,3000,India
SR03297,SHP03297,Vessel-03297,CMA CGM,Ultra Large Container Vessel,4500,Singapore
SR03298,SHP03298,Vessel-03298,Hapag-Lloyd,Panamax,6500,Liberia
SR03299,SHP03299,Vessel-03299,Evergreen,Post-Panamax,8500,Panama
SR03300,SHP03300,Vessel-03300,ONE,Ultra Large Container Vessel,12000,Malta
SR03301,SHP03301,Vessel-03301,Maersk,Panamax,3000,India
SR03302,SHP03302,Vessel-03302,MSC,Post-Panamax,4500,Singapore
SR03303,SHP03303,Vessel-03303,CMA CGM,Ultra Large Container Vessel,6500,Liberia
SR03304,SHP03304,Vessel-03304,Hapag-Lloyd,Panamax,8500,Panama
SR03305,SHP03305,Vessel-03305,Evergreen,Post-Panamax,12000,Malta
SR03306,SHP03306,Vessel-03306,ONE,Ultra Large Container Vessel,3000,India
SR03307,SHP03307,Vessel-03307,Maersk,Panamax,4500,Singapore
SR03308,SHP03308,Vessel-03308,MSC,Post-Panamax,6500,Liberia
SR03309,SHP03309,Vessel-03309,CMA CGM,Ultra Large Container Vessel,8500,Panama
SR03310,SHP03310,Vessel-03310,Hapag-Lloyd,Panamax,12000,Malta
SR03311,SHP03311,Vessel-03311,Evergreen,Post-Panamax,3000,India
SR03312,SHP03312,Vessel-03312,ONE,Ultra Large Container Vessel,4500,Singapore
SR03313,SHP03313,Vessel-03313,Maersk,Panamax,6500,Liberia
SR03314,SHP03314,Vessel-03314,MSC,Post-Panamax,8500,Panama
SR03315,SHP03315,Vessel-03315,CMA CGM,Ultra Large Container Vessel,12000,Malta
SR03316,SHP03316,Vessel-03316,Hapag-Lloyd,Panamax,3000,India
SR03317,SHP03317,Vessel-03317,Evergreen,Post-Panamax,4500,Singapore
SR03318,SHP03318,Vessel-03318,ONE,Ultra Large Container Vessel,6500,Liberia
SR03319,SHP03319,Vessel-03319,Maersk,Panamax,8500,Panama
SR03320,SHP03320,Vessel-03320,MSC,Post-Panamax,12000,Malta
SR03321,SHP03321,Vessel-03321,CMA CGM,Ultra Large Container Vessel,3000,India
SR03322,SHP03322,Vessel-03322,Hapag-Lloyd,Panamax,4500,Singapore
SR03323,SHP03323,Vessel-03323,Evergreen,Post-Panamax,6500,Liberia
SR03324,SHP03324,Vessel-03324,ONE,Ultra Large Container Vessel,8500,Panama
SR03325,SHP03325,Vessel-03325,Maersk,Panamax,12000,Malta
SR03326,SHP03326,Vessel-03326,MSC,Post-Panamax,3000,India
SR03327,SHP03327,Vessel-03327,CMA CGM,Ultra Large Container Vessel,4500,Singapore
SR03328,SHP03328,Vessel-03328,Hapag-Lloyd,Panamax,6500,Liberia
SR03329,SHP03329,Vessel-03329,Evergreen,Post-Panamax,8500,Panama
SR03330,SHP03330,Vessel-03330,ONE,Ultra Large Container Vessel,12000,Malta
SR03331,SHP03331,Vessel-03331,Maersk,Panamax,3000,India
SR03332,SHP03332,Vessel-03332,MSC,Post-Panamax,4500,Singapore
SR03333,SHP03333,Vessel-03333,CMA CGM,Ultra Large Container Vessel,6500,Liberia
SR03334,SHP03334,Vessel-03334,Hapag-Lloyd,Panamax,8500,Panama
SR03335,SHP03335,Vessel-03335,Evergreen,Post-Panamax,12000,Malta
SR03336,SHP03336,Vessel-03336,ONE,Ultra Large Container Vessel,3000,India
SR03337,SHP03337,Vessel-03337,Maersk,Panamax,4500,Singapore
SR03338,SHP03338,Vessel-03338,MSC,Post-Panamax,6500,Liberia
SR03339,SHP03339,Vessel-03339,CMA CGM,Ultra Large Container Vessel,8500,Panama
SR03340,SHP03340,Vessel-03340,Hapag-Lloyd,Panamax,12000,Malta
SR03341,SHP03341,Vessel-03341,Evergreen,Post-Panamax,3000,India
SR03342,SHP03342,Vessel-03342,ONE,Ultra Large Container Vessel,4500,Singapore
SR03343,SHP03343,Vessel-03343,Maersk,Panamax,6500,Liberia
SR03344,SHP03344,Vessel-03344,MSC,Post-Panamax,8500,Panama
SR03345,SHP03345,Vessel-03345,CMA CGM,Ultra Large Container Vessel,12000,Malta
SR03346,SHP03346,Vessel-03346,Hapag-Lloyd,Panamax,3000,India
SR03347,SHP03347,Vessel-03347,Evergreen,Post-Panamax,4500,Singapore
SR03348,SHP03348,Vessel-03348,ONE,Ultra Large Container Vessel,6500,Liberia
SR03349,SHP03349,Vessel-03349,Maersk,Panamax,8500,Panama
SR03350,SHP03350,Vessel-03350,MSC,Post-Panamax,12000,Malta
SR03351,SHP03351,Vessel-03351,CMA CGM,Ultra Large Container Vessel,3000,India
SR03352,SHP03352,Vessel-03352,Hapag-Lloyd,Panamax,4500,Singapore
SR03353,SHP03353,Vessel-03353,Evergreen,Post-Panamax,6500,Liberia
SR03354,SHP03354,Vessel-03354,ONE,Ultra Large Container Vessel,8500,Panama
SR03355,SHP03355,Vessel-03355,Maersk,Panamax,12000,Malta
SR03356,SHP03356,Vessel-03356,MSC,Post-Panamax,3000,India
SR03357,SHP03357,Vessel-03357,CMA CGM,Ultra Large Container Vessel,4500,Singapore
SR03358,SHP03358,Vessel-03358,Hapag-Lloyd,Panamax,6500,Liberia
SR03359,SHP03359,Vessel-03359,Evergreen,Post-Panamax,8500,Panama
SR03360,SHP03360,Vessel-03360,ONE,Ultra Large Container Vessel,12000,Malta
SR03361,SHP03361,Vessel-03361,Maersk,Panamax,3000,India
SR03362,SHP03362,Vessel-03362,MSC,Post-Panamax,4500,Singapore
SR03363,SHP03363,Vessel-03363,CMA CGM,Ultra Large Container Vessel,6500,Liberia
SR03364,SHP03364,Vessel-03364,Hapag-Lloyd,Panamax,8500,Panama
SR03365,SHP03365,Vessel-03365,Evergreen,Post-Panamax,12000,Malta
SR03366,SHP03366,Vessel-03366,ONE,Ultra Large Container Vessel,3000,India
SR03367,SHP03367,Vessel-03367,Maersk,Panamax,4500,Singapore
SR03368,SHP03368,Vessel-03368,MSC,Post-Panamax,6500,Liberia
SR03369,SHP03369,Vessel-03369,CMA CGM,Ultra Large Container Vessel,8500,Panama
SR03370,SHP03370,Vessel-03370,Hapag-Lloyd,Panamax,12000,Malta
SR03371,SHP03371,Vessel-03371,Evergreen,Post-Panamax,3000,India
SR03372,SHP03372,Vessel-03372,ONE,Ultra Large Container Vessel,4500,Singapore
SR03373,SHP03373,Vessel-03373,Maersk,Panamax,6500,Liberia
SR03374,SHP03374,Vessel-03374,MSC,Post-Panamax,8500,Panama
SR03375,SHP03375,Vessel-03375,CMA CGM,Ultra Large Container Vessel,12000,Malta
SR03376,SHP03376,Vessel-03376,Hapag-Lloyd,Panamax,3000,India
SR03377,SHP03377,Vessel-03377,Evergreen,Post-Panamax,4500,Singapore
SR03378,SHP03378,Vessel-03378,ONE,Ultra Large Container Vessel,6500,Liberia
SR03379,SHP03379,Vessel-03379,Maersk,Panamax,8500,Panama
SR03380,SHP03380,Vessel-03380,MSC,Post-Panamax,12000,Malta
SR03381,SHP03381,Vessel-03381,CMA CGM,Ultra Large Container Vessel,3000,India
SR03382,SHP03382,Vessel-03382,Hapag-Lloyd,Panamax,4500,Singapore
SR03383,SHP03383,Vessel-03383,Evergreen,Post-Panamax,6500,Liberia
SR03384,SHP03384,Vessel-03384,ONE,Ultra Large Container Vessel,8500,Panama
SR03385,SHP03385,Vessel-03385,Maersk,Panamax,12000,Malta
SR03386,SHP03386,Vessel-03386,MSC,Post-Panamax,3000,India
SR03387,SHP03387,Vessel-03387,CMA CGM,Ultra Large Container Vessel,4500,Singapore
SR03388,SHP03388,Vessel-03388,Hapag-Lloyd,Panamax,6500,Liberia
SR03389,SHP03389,Vessel-03389,Evergreen,Post-Panamax,8500,Panama
SR03390,SHP03390,Vessel-03390,ONE,Ultra Large Container Vessel,12000,Malta
SR03391,SHP03391,Vessel-03391,Maersk,Panamax,3000,India
SR03392,SHP03392,Vessel-03392,MSC,Post-Panamax,4500,Singapore
SR03393,SHP03393,Vessel-03393,CMA CGM,Ultra Large Container Vessel,6500,Liberia
SR03394,SHP03394,Vessel-03394,Hapag-Lloyd,Panamax,8500,Panama
SR03395,SHP03395,Vessel-03395,Evergreen,Post-Panamax,12000,Malta
SR03396,SHP03396,Vessel-03396,ONE,Ultra Large Container Vessel,3000,India
SR03397,SHP03397,Vessel-03397,Maersk,Panamax,4500,Singapore
SR03398,SHP03398,Vessel-03398,MSC,Post-Panamax,6500,Liberia
SR03399,SHP03399,Vessel-03399,CMA CGM,Ultra Large Container Vessel,8500,Panama
SR03400,SHP03400,Vessel-03400,Hapag-Lloyd,Panamax,12000,Malta
SR03401,SHP03401,Vessel-03401,Evergreen,Post-Panamax,3000,India
SR03402,SHP03402,Vessel-03402,ONE,Ultra Large Container Vessel,4500,Singapore
SR03403,SHP03403,Vessel-03403,Maersk,Panamax,6500,Liberia
SR03404,SHP03404,Vessel-03404,MSC,Post-Panamax,8500,Panama
SR03405,SHP03405,Vessel-03405,CMA CGM,Ultra Large Container Vessel,12000,Malta
SR03406,SHP03406,Vessel-03406,Hapag-Lloyd,Panamax,3000,India
SR03407,SHP03407,Vessel-03407,Evergreen,Post-Panamax,4500,Singapore
SR03408,SHP03408,Vessel-03408,ONE,Ultra Large Container Vessel,6500,Liberia
SR03409,SHP03409,Vessel-03409,Maersk,Panamax,8500,Panama
SR03410,SHP03410,Vessel-03410,MSC,Post-Panamax,12000,Malta
SR03411,SHP03411,Vessel-03411,CMA CGM,Ultra Large Container Vessel,3000,India
SR03412,SHP03412,Vessel-03412,Hapag-Lloyd,Panamax,4500,Singapore
SR03413,SHP03413,Vessel-03413,Evergreen,Post-Panamax,6500,Liberia
SR03414,SHP03414,Vessel-03414,ONE,Ultra Large Container Vessel,8500,Panama
SR03415,SHP03415,Vessel-03415,Maersk,Panamax,12000,Malta
SR03416,SHP03416,Vessel-03416,MSC,Post-Panamax,3000,India
SR03417,SHP03417,Vessel-03417,CMA CGM,Ultra Large Container Vessel,4500,Singapore
SR03418,SHP03418,Vessel-03418,Hapag-Lloyd,Panamax,6500,Liberia
SR03419,SHP03419,Vessel-03419,Evergreen,Post-Panamax,8500,Panama
SR03420,SHP03420,Vessel-03420,ONE,Ultra Large Container Vessel,12000,Malta
SR03421,SHP03421,Vessel-03421,Maersk,Panamax,3000,India
SR03422,SHP03422,Vessel-03422,MSC,Post-Panamax,4500,Singapore
SR03423,SHP03423,Vessel-03423,CMA CGM,Ultra Large Container Vessel,6500,Liberia
SR03424,SHP03424,Vessel-03424,Hapag-Lloyd,Panamax,8500,Panama
SR03425,SHP03425,Vessel-03425,Evergreen,Post-Panamax,12000,Malta
SR03426,SHP03426,Vessel-03426,ONE,Ultra Large Container Vessel,3000,India
SR03427,SHP03427,Vessel-03427,Maersk,Panamax,4500,Singapore
SR03428,SHP03428,Vessel-03428,MSC,Post-Panamax,6500,Liberia
SR03429,SHP03429,Vessel-03429,CMA CGM,Ultra Large Container Vessel,8500,Panama
SR03430,SHP03430,Vessel-03430,Hapag-Lloyd,Panamax,12000,Malta
SR03431,SHP03431,Vessel-03431,Evergreen,Post-Panamax,3000,India
SR03432,SHP03432,Vessel-03432,ONE,Ultra Large Container Vessel,4500,Singapore
SR03433,SHP03433,Vessel-03433,Maersk,Panamax,6500,Liberia
SR03434,SHP03434,Vessel-03434,MSC,Post-Panamax,8500,Panama
SR03435,SHP03435,Vessel-03435,CMA CGM,Ultra Large Container Vessel,12000,Malta
SR03436,SHP03436,Vessel-03436,Hapag-Lloyd,Panamax,3000,India
SR03437,SHP03437,Vessel-03437,Evergreen,Post-Panamax,4500,Singapore
SR03438,SHP03438,Vessel-03438,ONE,Ultra Large Container Vessel,6500,Liberia
SR03439,SHP03439,Vessel-03439,Maersk,Panamax,8500,Panama
SR03440,SHP03440,Vessel-03440,MSC,Post-Panamax,12000,Malta
SR03441,SHP03441,Vessel-03441,CMA CGM,Ultra Large Container Vessel,3000,India
SR03442,SHP03442,Vessel-03442,Hapag-Lloyd,Panamax,4500,Singapore
SR03443,SHP03443,Vessel-03443,Evergreen,Post-Panamax,6500,Liberia
SR03444,SHP03444,Vessel-03444,ONE,Ultra Large Container Vessel,8500,Panama
SR03445,SHP03445,Vessel-03445,Maersk,Panamax,12000,Malta
SR03446,SHP03446,Vessel-03446,MSC,Post-Panamax,3000,India
SR03447,SHP03447,Vessel-03447,CMA CGM,Ultra Large Container Vessel,4500,Singapore
SR03448,SHP03448,Vessel-03448,Hapag-Lloyd,Panamax,6500,Liberia
SR03449,SHP03449,Vessel-03449,Evergreen,Post-Panamax,8500,Panama
SR03450,SHP03450,Vessel-03450,ONE,Ultra Large Container Vessel,12000,Malta
SR03451,SHP03451,Vessel-03451,Maersk,Panamax,3000,India
SR03452,SHP03452,Vessel-03452,MSC,Post-Panamax,4500,Singapore
SR03453,SHP03453,Vessel-03453,CMA CGM,Ultra Large Container Vessel,6500,Liberia
SR03454,SHP03454,Vessel-03454,Hapag-Lloyd,Panamax,8500,Panama
SR03455,SHP03455,Vessel-03455,Evergreen,Post-Panamax,12000,Malta
SR03456,SHP03456,Vessel-03456,ONE,Ultra Large Container Vessel,3000,India
SR03457,SHP03457,Vessel-03457,Maersk,Panamax,4500,Singapore
SR03458,SHP03458,Vessel-03458,MSC,Post-Panamax,6500,Liberia
SR03459,SHP03459,Vessel-03459,CMA CGM,Ultra Large Container Vessel,8500,Panama
SR03460,SHP03460,Vessel-03460,Hapag-Lloyd,Panamax,12000,Malta
SR03461,SHP03461,Vessel-03461,Evergreen,Post-Panamax,3000,India
SR03462,SHP03462,Vessel-03462,ONE,Ultra Large Container Vessel,4500,Singapore
SR03463,SHP03463,Vessel-03463,Maersk,Panamax,6500,Liberia
SR03464,SHP03464,Vessel-03464,MSC,Post-Panamax,8500,Panama
SR03465,SHP03465,Vessel-03465,CMA CGM,Ultra Large Container Vessel,12000,Malta
SR03466,SHP03466,Vessel-03466,Hapag-Lloyd,Panamax,3000,India
SR03467,SHP03467,Vessel-03467,Evergreen,Post-Panamax,4500,Singapore
SR03468,SHP03468,Vessel-03468,ONE,Ultra Large Container Vessel,6500,Liberia
SR03469,SHP03469,Vessel-03469,Maersk,Panamax,8500,Panama
SR03470,SHP03470,Vessel-03470,MSC,Post-Panamax,12000,Malta
SR03471,SHP03471,Vessel-03471,CMA CGM,Ultra Large Container Vessel,3000,India
SR03472,SHP03472,Vessel-03472,Hapag-Lloyd,Panamax,4500,Singapore
SR03473,SHP03473,Vessel-03473,Evergreen,Post-Panamax,6500,Liberia
SR03474,SHP03474,Vessel-03474,ONE,Ultra Large Container Vessel,8500,Panama
SR03475,SHP03475,Vessel-03475,Maersk,Panamax,12000,Malta
SR03476,SHP03476,Vessel-03476,MSC,Post-Panamax,3000,India
SR03477,SHP03477,Vessel-03477,CMA CGM,Ultra Large Container Vessel,4500,Singapore
SR03478,SHP03478,Vessel-03478,Hapag-Lloyd,Panamax,6500,Liberia
SR03479,SHP03479,Vessel-03479,Evergreen,Post-Panamax,8500,Panama
SR03480,SHP03480,Vessel-03480,ONE,Ultra Large Container Vessel,12000,Malta
SR03481,SHP03481,Vessel-03481,Maersk,Panamax,3000,India
SR03482,SHP03482,Vessel-03482,MSC,Post-Panamax,4500,Singapore
SR03483,SHP03483,Vessel-03483,CMA CGM,Ultra Large Container Vessel,6500,Liberia
SR03484,SHP03484,Vessel-03484,Hapag-Lloyd,Panamax,8500,Panama
SR03485,SHP03485,Vessel-03485,Evergreen,Post-Panamax,12000,Malta
SR03486,SHP03486,Vessel-03486,ONE,Ultra Large Container Vessel,3000,India
SR03487,SHP03487,Vessel-03487,Maersk,Panamax,4500,Singapore
SR03488,SHP03488,Vessel-03488,MSC,Post-Panamax,6500,Liberia
SR03489,SHP03489,Vessel-03489,CMA CGM,Ultra Large Container Vessel,8500,Panama
SR03490,SHP03490,Vessel-03490,Hapag-Lloyd,Panamax,12000,Malta
SR03491,SHP03491,Vessel-03491,Evergreen,Post-Panamax,3000,India
SR03492,SHP03492,Vessel-03492,ONE,Ultra Large Container Vessel,4500,Singapore
SR03493,SHP03493,Vessel-03493,Maersk,Panamax,6500,Liberia
SR03494,SHP03494,Vessel-03494,MSC,Post-Panamax,8500,Panama
SR03495,SHP03495,Vessel-03495,CMA CGM,Ultra Large Container Vessel,12000,Malta
SR03496,SHP03496,Vessel-03496,Hapag-Lloyd,Panamax,3000,India
SR03497,SHP03497,Vessel-03497,Evergreen,Post-Panamax,4500,Singapore
SR03498,SHP03498,Vessel-03498,ONE,Ultra Large Container Vessel,6500,Liberia
SR03499,SHP03499,Vessel-03499,Maersk,Panamax,8500,Panama
SR03500,SHP03500,Vessel-03500,MSC,Post-Panamax,12000,Malta
SR03501,SHP03501,Vessel-03501,CMA CGM,Ultra Large Container Vessel,3000,India
SR03502,SHP03502,Vessel-03502,Hapag-Lloyd,Panamax,4500,Singapore
SR03503,SHP03503,Vessel-03503,Evergreen,Post-Panamax,6500,Liberia
SR03504,SHP03504,Vessel-03504,ONE,Ultra Large Container Vessel,8500,Panama
SR03505,SHP03505,Vessel-03505,Maersk,Panamax,12000,Malta
SR03506,SHP03506,Vessel-03506,MSC,Post-Panamax,3000,India
SR03507,SHP03507,Vessel-03507,CMA CGM,Ultra Large Container Vessel,4500,Singapore
SR03508,SHP03508,Vessel-03508,Hapag-Lloyd,Panamax,6500,Liberia
SR03509,SHP03509,Vessel-03509,Evergreen,Post-Panamax,8500,Panama
SR03510,SHP03510,Vessel-03510,ONE,Ultra Large Container Vessel,12000,Malta
SR03511,SHP03511,Vessel-03511,Maersk,Panamax,3000,India
SR03512,SHP03512,Vessel-03512,MSC,Post-Panamax,4500,Singapore
SR03513,SHP03513,Vessel-03513,CMA CGM,Ultra Large Container Vessel,6500,Liberia
SR03514,SHP03514,Vessel-03514,Hapag-Lloyd,Panamax,8500,Panama
SR03515,SHP03515,Vessel-03515,Evergreen,Post-Panamax,12000,Malta
SR03516,SHP03516,Vessel-03516,ONE,Ultra Large Container Vessel,3000,India
SR03517,SHP03517,Vessel-03517,Maersk,Panamax,4500,Singapore
SR03518,SHP03518,Vessel-03518,MSC,Post-Panamax,6500,Liberia
SR03519,SHP03519,Vessel-03519,CMA CGM,Ultra Large Container Vessel,8500,Panama
SR03520,SHP03520,Vessel-03520,Hapag-Lloyd,Panamax,12000,Malta
SR03521,SHP03521,Vessel-03521,Evergreen,Post-Panamax,3000,India
SR03522,SHP03522,Vessel-03522,ONE,Ultra Large Container Vessel,4500,Singapore
SR03523,SHP03523,Vessel-03523,Maersk,Panamax,6500,Liberia
SR03524,SHP03524,Vessel-03524,MSC,Post-Panamax,8500,Panama
SR03525,SHP03525,Vessel-03525,CMA CGM,Ultra Large Container Vessel,12000,Malta
SR03526,SHP03526,Vessel-03526,Hapag-Lloyd,Panamax,3000,India
SR03527,SHP03527,Vessel-03527,Evergreen,Post-Panamax,4500,Singapore
SR03528,SHP03528,Vessel-03528,ONE,Ultra Large Container Vessel,6500,Liberia
SR03529,SHP03529,Vessel-03529,Maersk,Panamax,8500,Panama
SR03530,SHP03530,Vessel-03530,MSC,Post-Panamax,12000,Malta
SR03531,SHP03531,Vessel-03531,CMA CGM,Ultra Large Container Vessel,3000,India
SR03532,SHP03532,Vessel-03532,Hapag-Lloyd,Panamax,4500,Singapore
SR03533,SHP03533,Vessel-03533,Evergreen,Post-Panamax,6500,Liberia
SR03534,SHP03534,Vessel-03534,ONE,Ultra Large Container Vessel,8500,Panama
SR03535,SHP03535,Vessel-03535,Maersk,Panamax,12000,Malta
SR03536,SHP03536,Vessel-03536,MSC,Post-Panamax,3000,India
SR03537,SHP03537,Vessel-03537,CMA CGM,Ultra Large Container Vessel,4500,Singapore
SR03538,SHP03538,Vessel-03538,Hapag-Lloyd,Panamax,6500,Liberia
SR03539,SHP03539,Vessel-03539,Evergreen,Post-Panamax,8500,Panama
SR03540,SHP03540,Vessel-03540,ONE,Ultra Large Container Vessel,12000,Malta
SR03541,SHP03541,Vessel-03541,Maersk,Panamax,3000,India
SR03542,SHP03542,Vessel-03542,MSC,Post-Panamax,4500,Singapore
SR03543,SHP03543,Vessel-03543,CMA CGM,Ultra Large Container Vessel,6500,Liberia
SR03544,SHP03544,Vessel-03544,Hapag-Lloyd,Panamax,8500,Panama
SR03545,SHP03545,Vessel-03545,Evergreen,Post-Panamax,12000,Malta
SR03546,SHP03546,Vessel-03546,ONE,Ultra Large Container Vessel,3000,India
SR03547,SHP03547,Vessel-03547,Maersk,Panamax,4500,Singapore
SR03548,SHP03548,Vessel-03548,MSC,Post-Panamax,6500,Liberia
SR03549,SHP03549,Vessel-03549,CMA CGM,Ultra Large Container Vessel,8500,Panama
SR03550,SHP03550,Vessel-03550,Hapag-Lloyd,Panamax,12000,Malta
SR03551,SHP03551,Vessel-03551,Evergreen,Post-Panamax,3000,India
SR03552,SHP03552,Vessel-03552,ONE,Ultra Large Container Vessel,4500,Singapore
SR03553,SHP03553,Vessel-03553,Maersk,Panamax,6500,Liberia
SR03554,SHP03554,Vessel-03554,MSC,Post-Panamax,8500,Panama
SR03555,SHP03555,Vessel-03555,CMA CGM,Ultra Large Container Vessel,12000,Malta
SR03556,SHP03556,Vessel-03556,Hapag-Lloyd,Panamax,3000,India
SR03557,SHP03557,Vessel-03557,Evergreen,Post-Panamax,4500,Singapore
SR03558,SHP03558,Vessel-03558,ONE,Ultra Large Container Vessel,6500,Liberia
SR03559,SHP03559,Vessel-03559,Maersk,Panamax,8500,Panama
SR03560,SHP03560,Vessel-03560,MSC,Post-Panamax,12000,Malta
SR03561,SHP03561,Vessel-03561,CMA CGM,Ultra Large Container Vessel,3000,India
SR03562,SHP03562,Vessel-03562,Hapag-Lloyd,Panamax,4500,Singapore
SR03563,SHP03563,Vessel-03563,Evergreen,Post-Panamax,6500,Liberia
SR03564,SHP03564,Vessel-03564,ONE,Ultra Large Container Vessel,8500,Panama
SR03565,SHP03565,Vessel-03565,Maersk,Panamax,12000,Malta
SR03566,SHP03566,Vessel-03566,MSC,Post-Panamax,3000,India
SR03567,SHP03567,Vessel-03567,CMA CGM,Ultra Large Container Vessel,4500,Singapore
SR03568,SHP03568,Vessel-03568,Hapag-Lloyd,Panamax,6500,Liberia
SR03569,SHP03569,Vessel-03569,Evergreen,Post-Panamax,8500,Panama
SR03570,SHP03570,Vessel-03570,ONE,Ultra Large Container Vessel,12000,Malta
SR03571,SHP03571,Vessel-03571,Maersk,Panamax,3000,India
SR03572,SHP03572,Vessel-03572,MSC,Post-Panamax,4500,Singapore
SR03573,SHP03573,Vessel-03573,CMA CGM,Ultra Large Container Vessel,6500,Liberia
SR03574,SHP03574,Vessel-03574,Hapag-Lloyd,Panamax,8500,Panama
SR03575,SHP03575,Vessel-03575,Evergreen,Post-Panamax,12000,Malta
SR03576,SHP03576,Vessel-03576,ONE,Ultra Large Container Vessel,3000,India
SR03577,SHP03577,Vessel-03577,Maersk,Panamax,4500,Singapore
SR03578,SHP03578,Vessel-03578,MSC,Post-Panamax,6500,Liberia
SR03579,SHP03579,Vessel-03579,CMA CGM,Ultra Large Container Vessel,8500,Panama
SR03580,SHP03580,Vessel-03580,Hapag-Lloyd,Panamax,12000,Malta
SR03581,SHP03581,Vessel-03581,Evergreen,Post-Panamax,3000,India
SR03582,SHP03582,Vessel-03582,ONE,Ultra Large Container Vessel,4500,Singapore
SR03583,SHP03583,Vessel-03583,Maersk,Panamax,6500,Liberia
SR03584,SHP03584,Vessel-03584,MSC,Post-Panamax,8500,Panama
SR03585,SHP03585,Vessel-03585,CMA CGM,Ultra Large Container Vessel,12000,Malta
SR03586,SHP03586,Vessel-03586,Hapag-Lloyd,Panamax,3000,India
SR03587,SHP03587,Vessel-03587,Evergreen,Post-Panamax,4500,Singapore
SR03588,SHP03588,Vessel-03588,ONE,Ultra Large Container Vessel,6500,Liberia
SR03589,SHP03589,Vessel-03589,Maersk,Panamax,8500,Panama
SR03590,SHP03590,Vessel-03590,MSC,Post-Panamax,12000,Malta
SR03591,SHP03591,Vessel-03591,CMA CGM,Ultra Large Container Vessel,3000,India
SR03592,SHP03592,Vessel-03592,Hapag-Lloyd,Panamax,4500,Singapore
SR03593,SHP03593,Vessel-03593,Evergreen,Post-Panamax,6500,Liberia
SR03594,SHP03594,Vessel-03594,ONE,Ultra Large Container Vessel,8500,Panama
SR03595,SHP03595,Vessel-03595,Maersk,Panamax,12000,Malta
SR03596,SHP03596,Vessel-03596,MSC,Post-Panamax,3000,India
SR03597,SHP03597,Vessel-03597,CMA CGM,Ultra Large Container Vessel,4500,Singapore
SR03598,SHP03598,Vessel-03598,Hapag-Lloyd,Panamax,6500,Liberia
SR03599,SHP03599,Vessel-03599,Evergreen,Post-Panamax,8500,Panama
SR03600,SHP03600,Vessel-03600,ONE,Ultra Large Container Vessel,12000,Malta
SR03601,SHP03601,Vessel-03601,Maersk,Panamax,3000,India
SR03602,SHP03602,Vessel-03602,MSC,Post-Panamax,4500,Singapore
SR03603,SHP03603,Vessel-03603,CMA CGM,Ultra Large Container Vessel,6500,Liberia
SR03604,SHP03604,Vessel-03604,Hapag-Lloyd,Panamax,8500,Panama
SR03605,SHP03605,Vessel-03605,Evergreen,Post-Panamax,12000,Malta
SR03606,SHP03606,Vessel-03606,ONE,Ultra Large Container Vessel,3000,India
SR03607,SHP03607,Vessel-03607,Maersk,Panamax,4500,Singapore
SR03608,SHP03608,Vessel-03608,MSC,Post-Panamax,6500,Liberia
SR03609,SHP03609,Vessel-03609,CMA CGM,Ultra Large Container Vessel,8500,Panama
SR03610,SHP03610,Vessel-03610,Hapag-Lloyd,Panamax,12000,Malta
SR03611,SHP03611,Vessel-03611,Evergreen,Post-Panamax,3000,India
SR03612,SHP03612,Vessel-03612,ONE,Ultra Large Container Vessel,4500,Singapore
SR03613,SHP03613,Vessel-03613,Maersk,Panamax,6500,Liberia
SR03614,SHP03614,Vessel-03614,MSC,Post-Panamax,8500,Panama
SR03615,SHP03615,Vessel-03615,CMA CGM,Ultra Large Container Vessel,12000,Malta
SR03616,SHP03616,Vessel-03616,Hapag-Lloyd,Panamax,3000,India
SR03617,SHP03617,Vessel-03617,Evergreen,Post-Panamax,4500,Singapore
SR03618,SHP03618,Vessel-03618,ONE,Ultra Large Container Vessel,6500,Liberia
SR03619,SHP03619,Vessel-03619,Maersk,Panamax,8500,Panama
SR03620,SHP03620,Vessel-03620,MSC,Post-Panamax,12000,Malta
SR03621,SHP03621,Vessel-03621,CMA CGM,Ultra Large Container Vessel,3000,India
SR03622,SHP03622,Vessel-03622,Hapag-Lloyd,Panamax,4500,Singapore
SR03623,SHP03623,Vessel-03623,Evergreen,Post-Panamax,6500,Liberia
SR03624,SHP03624,Vessel-03624,ONE,Ultra Large Container Vessel,8500,Panama
SR03625,SHP03625,Vessel-03625,Maersk,Panamax,12000,Malta
SR03626,SHP03626,Vessel-03626,MSC,Post-Panamax,3000,India
SR03627,SHP03627,Vessel-03627,CMA CGM,Ultra Large Container Vessel,4500,Singapore
SR03628,SHP03628,Vessel-03628,Hapag-Lloyd,Panamax,6500,Liberia
SR03629,SHP03629,Vessel-03629,Evergreen,Post-Panamax,8500,Panama
SR03630,SHP03630,Vessel-03630,ONE,Ultra Large Container Vessel,12000,Malta
SR03631,SHP03631,Vessel-03631,Maersk,Panamax,3000,India
SR03632,SHP03632,Vessel-03632,MSC,Post-Panamax,4500,Singapore
SR03633,SHP03633,Vessel-03633,CMA CGM,Ultra Large Container Vessel,6500,Liberia
SR03634,SHP03634,Vessel-03634,Hapag-Lloyd,Panamax,8500,Panama
SR03635,SHP03635,Vessel-03635,Evergreen,Post-Panamax,12000,Malta
SR03636,SHP03636,Vessel-03636,ONE,Ultra Large Container Vessel,3000,India
SR03637,SHP03637,Vessel-03637,Maersk,Panamax,4500,Singapore
SR03638,SHP03638,Vessel-03638,MSC,Post-Panamax,6500,Liberia
SR03639,SHP03639,Vessel-03639,CMA CGM,Ultra Large Container Vessel,8500,Panama
SR03640,SHP03640,Vessel-03640,Hapag-Lloyd,Panamax,12000,Malta
SR03641,SHP03641,Vessel-03641,Evergreen,Post-Panamax,3000,India
SR03642,SHP03642,Vessel-03642,ONE,Ultra Large Container Vessel,4500,Singapore
SR03643,SHP03643,Vessel-03643,Maersk,Panamax,6500,Liberia
SR03644,SHP03644,Vessel-03644,MSC,Post-Panamax,8500,Panama
SR03645,SHP03645,Vessel-03645,CMA CGM,Ultra Large Container Vessel,12000,Malta
SR03646,SHP03646,Vessel-03646,Hapag-Lloyd,Panamax,3000,India
SR03647,SHP03647,Vessel-03647,Evergreen,Post-Panamax,4500,Singapore
SR03648,SHP03648,Vessel-03648,ONE,Ultra Large Container Vessel,6500,Liberia
SR03649,SHP03649,Vessel-03649,Maersk,Panamax,8500,Panama
SR03650,SHP03650,Vessel-03650,MSC,Post-Panamax,12000,Malta
SR03651,SHP03651,Vessel-03651,CMA CGM,Ultra Large Container Vessel,3000,India
SR03652,SHP03652,Vessel-03652,Hapag-Lloyd,Panamax,4500,Singapore
SR03653,SHP03653,Vessel-03653,Evergreen,Post-Panamax,6500,Liberia
SR03654,SHP03654,Vessel-03654,ONE,Ultra Large Container Vessel,8500,Panama
SR03655,SHP03655,Vessel-03655,Maersk,Panamax,12000,Malta
SR03656,SHP03656,Vessel-03656,MSC,Post-Panamax,3000,India
SR03657,SHP03657,Vessel-03657,CMA CGM,Ultra Large Container Vessel,4500,Singapore
SR03658,SHP03658,Vessel-03658,Hapag-Lloyd,Panamax,6500,Liberia
SR03659,SHP03659,Vessel-03659,Evergreen,Post-Panamax,8500,Panama
SR03660,SHP03660,Vessel-03660,ONE,Ultra Large Container Vessel,12000,Malta
SR03661,SHP03661,Vessel-03661,Maersk,Panamax,3000,India
SR03662,SHP03662,Vessel-03662,MSC,Post-Panamax,4500,Singapore
SR03663,SHP03663,Vessel-03663,CMA CGM,Ultra Large Container Vessel,6500,Liberia
SR03664,SHP03664,Vessel-03664,Hapag-Lloyd,Panamax,8500,Panama
SR03665,SHP03665,Vessel-03665,Evergreen,Post-Panamax,12000,Malta
SR03666,SHP03666,Vessel-03666,ONE,Ultra Large Container Vessel,3000,India
SR03667,SHP03667,Vessel-03667,Maersk,Panamax,4500,Singapore
SR03668,SHP03668,Vessel-03668,MSC,Post-Panamax,6500,Liberia
SR03669,SHP03669,Vessel-03669,CMA CGM,Ultra Large Container Vessel,8500,Panama
SR03670,SHP03670,Vessel-03670,Hapag-Lloyd,Panamax,12000,Malta
SR03671,SHP03671,Vessel-03671,Evergreen,Post-Panamax,3000,India
SR03672,SHP03672,Vessel-03672,ONE,Ultra Large Container Vessel,4500,Singapore
SR03673,SHP03673,Vessel-03673,Maersk,Panamax,6500,Liberia
SR03674,SHP03674,Vessel-03674,MSC,Post-Panamax,8500,Panama
SR03675,SHP03675,Vessel-03675,CMA CGM,Ultra Large Container Vessel,12000,Malta
SR03676,SHP03676,Vessel-03676,Hapag-Lloyd,Panamax,3000,India
SR03677,SHP03677,Vessel-03677,Evergreen,Post-Panamax,4500,Singapore
SR03678,SHP03678,Vessel-03678,ONE,Ultra Large Container Vessel,6500,Liberia
SR03679,SHP03679,Vessel-03679,Maersk,Panamax,8500,Panama
SR03680,SHP03680,Vessel-03680,MSC,Post-Panamax,12000,Malta
SR03681,SHP03681,Vessel-03681,CMA CGM,Ultra Large Container Vessel,3000,India
SR03682,SHP03682,Vessel-03682,Hapag-Lloyd,Panamax,4500,Singapore
SR03683,SHP03683,Vessel-03683,Evergreen,Post-Panamax,6500,Liberia
SR03684,SHP03684,Vessel-03684,ONE,Ultra Large Container Vessel,8500,Panama
SR03685,SHP03685,Vessel-03685,Maersk,Panamax,12000,Malta
SR03686,SHP03686,Vessel-03686,MSC,Post-Panamax,3000,India
SR03687,SHP03687,Vessel-03687,CMA CGM,Ultra Large Container Vessel,4500,Singapore
SR03688,SHP03688,Vessel-03688,Hapag-Lloyd,Panamax,6500,Liberia
SR03689,SHP03689,Vessel-03689,Evergreen,Post-Panamax,8500,Panama
SR03690,SHP03690,Vessel-03690,ONE,Ultra Large Container Vessel,12000,Malta
SR03691,SHP03691,Vessel-03691,Maersk,Panamax,3000,India
SR03692,SHP03692,Vessel-03692,MSC,Post-Panamax,4500,Singapore
SR03693,SHP03693,Vessel-03693,CMA CGM,Ultra Large Container Vessel,6500,Liberia
SR03694,SHP03694,Vessel-03694,Hapag-Lloyd,Panamax,8500,Panama
SR03695,SHP03695,Vessel-03695,Evergreen,Post-Panamax,12000,Malta
SR03696,SHP03696,Vessel-03696,ONE,Ultra Large Container Vessel,3000,India
SR03697,SHP03697,Vessel-03697,Maersk,Panamax,4500,Singapore
SR03698,SHP03698,Vessel-03698,MSC,Post-Panamax,6500,Liberia
SR03699,SHP03699,Vessel-03699,CMA CGM,Ultra Large Container Vessel,8500,Panama
SR03700,SHP03700,Vessel-03700,Hapag-Lloyd,Panamax,12000,Malta
SR03701,SHP03701,Vessel-03701,Evergreen,Post-Panamax,3000,India
SR03702,SHP03702,Vessel-03702,ONE,Ultra Large Container Vessel,4500,Singapore
SR03703,SHP03703,Vessel-03703,Maersk,Panamax,6500,Liberia
SR03704,SHP03704,Vessel-03704,MSC,Post-Panamax,8500,Panama
SR03705,SHP03705,Vessel-03705,CMA CGM,Ultra Large Container Vessel,12000,Malta
SR03706,SHP03706,Vessel-03706,Hapag-Lloyd,Panamax,3000,India
SR03707,SHP03707,Vessel-03707,Evergreen,Post-Panamax,4500,Singapore
SR03708,SHP03708,Vessel-03708,ONE,Ultra Large Container Vessel,6500,Liberia
SR03709,SHP03709,Vessel-03709,Maersk,Panamax,8500,Panama
SR03710,SHP03710,Vessel-03710,MSC,Post-Panamax,12000,Malta
SR03711,SHP03711,Vessel-03711,CMA CGM,Ultra Large Container Vessel,3000,India
SR03712,SHP03712,Vessel-03712,Hapag-Lloyd,Panamax,4500,Singapore
SR03713,SHP03713,Vessel-03713,Evergreen,Post-Panamax,6500,Liberia
SR03714,SHP03714,Vessel-03714,ONE,Ultra Large Container Vessel,8500,Panama
SR03715,SHP03715,Vessel-03715,Maersk,Panamax,12000,Malta
SR03716,SHP03716,Vessel-03716,MSC,Post-Panamax,3000,India
SR03717,SHP03717,Vessel-03717,CMA CGM,Ultra Large Container Vessel,4500,Singapore
SR03718,SHP03718,Vessel-03718,Hapag-Lloyd,Panamax,6500,Liberia
SR03719,SHP03719,Vessel-03719,Evergreen,Post-Panamax,8500,Panama
SR03720,SHP03720,Vessel-03720,ONE,Ultra Large Container Vessel,12000,Malta
SR03721,SHP03721,Vessel-03721,Maersk,Panamax,3000,India
SR03722,SHP03722,Vessel-03722,MSC,Post-Panamax,4500,Singapore
SR03723,SHP03723,Vessel-03723,CMA CGM,Ultra Large Container Vessel,6500,Liberia
SR03724,SHP03724,Vessel-03724,Hapag-Lloyd,Panamax,8500,Panama
SR03725,SHP03725,Vessel-03725,Evergreen,Post-Panamax,12000,Malta
SR03726,SHP03726,Vessel-03726,ONE,Ultra Large Container Vessel,3000,India
SR03727,SHP03727,Vessel-03727,Maersk,Panamax,4500,Singapore
SR03728,SHP03728,Vessel-03728,MSC,Post-Panamax,6500,Liberia
SR03729,SHP03729,Vessel-03729,CMA CGM,Ultra Large Container Vessel,8500,Panama
SR03730,SHP03730,Vessel-03730,Hapag-Lloyd,Panamax,12000,Malta
SR03731,SHP03731,Vessel-03731,Evergreen,Post-Panamax,3000,India
SR03732,SHP03732,Vessel-03732,ONE,Ultra Large Container Vessel,4500,Singapore
SR03733,SHP03733,Vessel-03733,Maersk,Panamax,6500,Liberia
SR03734,SHP03734,Vessel-03734,MSC,Post-Panamax,8500,Panama
SR03735,SHP03735,Vessel-03735,CMA CGM,Ultra Large Container Vessel,12000,Malta
SR03736,SHP03736,Vessel-03736,Hapag-Lloyd,Panamax,3000,India
SR03737,SHP03737,Vessel-03737,Evergreen,Post-Panamax,4500,Singapore
SR03738,SHP03738,Vessel-03738,ONE,Ultra Large Container Vessel,6500,Liberia
SR03739,SHP03739,Vessel-03739,Maersk,Panamax,8500,Panama
SR03740,SHP03740,Vessel-03740,MSC,Post-Panamax,12000,Malta
SR03741,SHP03741,Vessel-03741,CMA CGM,Ultra Large Container Vessel,3000,India
SR03742,SHP03742,Vessel-03742,Hapag-Lloyd,Panamax,4500,Singapore
SR03743,SHP03743,Vessel-03743,Evergreen,Post-Panamax,6500,Liberia
SR03744,SHP03744,Vessel-03744,ONE,Ultra Large Container Vessel,8500,Panama
SR03745,SHP03745,Vessel-03745,Maersk,Panamax,12000,Malta
SR03746,SHP03746,Vessel-03746,MSC,Post-Panamax,3000,India
SR03747,SHP03747,Vessel-03747,CMA CGM,Ultra Large Container Vessel,4500,Singapore
SR03748,SHP03748,Vessel-03748,Hapag-Lloyd,Panamax,6500,Liberia
SR03749,SHP03749,Vessel-03749,Evergreen,Post-Panamax,8500,Panama
SR03750,SHP03750,Vessel-03750,ONE,Ultra Large Container Vessel,12000,Malta
SR03751,SHP03751,Vessel-03751,Maersk,Panamax,3000,India
SR03752,SHP03752,Vessel-03752,MSC,Post-Panamax,4500,Singapore
SR03753,SHP03753,Vessel-03753,CMA CGM,Ultra Large Container Vessel,6500,Liberia
SR03754,SHP03754,Vessel-03754,Hapag-Lloyd,Panamax,8500,Panama
SR03755,SHP03755,Vessel-03755,Evergreen,Post-Panamax,12000,Malta
SR03756,SHP03756,Vessel-03756,ONE,Ultra Large Container Vessel,3000,India
SR03757,SHP03757,Vessel-03757,Maersk,Panamax,4500,Singapore
SR03758,SHP03758,Vessel-03758,MSC,Post-Panamax,6500,Liberia
SR03759,SHP03759,Vessel-03759,CMA CGM,Ultra Large Container Vessel,8500,Panama
SR03760,SHP03760,Vessel-03760,Hapag-Lloyd,Panamax,12000,Malta
SR03761,SHP03761,Vessel-03761,Evergreen,Post-Panamax,3000,India
SR03762,SHP03762,Vessel-03762,ONE,Ultra Large Container Vessel,4500,Singapore
SR03763,SHP03763,Vessel-03763,Maersk,Panamax,6500,Liberia
SR03764,SHP03764,Vessel-03764,MSC,Post-Panamax,8500,Panama
SR03765,SHP03765,Vessel-03765,CMA CGM,Ultra Large Container Vessel,12000,Malta
SR03766,SHP03766,Vessel-03766,Hapag-Lloyd,Panamax,3000,India
SR03767,SHP03767,Vessel-03767,Evergreen,Post-Panamax,4500,Singapore
SR03768,SHP03768,Vessel-03768,ONE,Ultra Large Container Vessel,6500,Liberia
SR03769,SHP03769,Vessel-03769,Maersk,Panamax,8500,Panama
SR03770,SHP03770,Vessel-03770,MSC,Post-Panamax,12000,Malta
SR03771,SHP03771,Vessel-03771,CMA CGM,Ultra Large Container Vessel,3000,India
SR03772,SHP03772,Vessel-03772,Hapag-Lloyd,Panamax,4500,Singapore
SR03773,SHP03773,Vessel-03773,Evergreen,Post-Panamax,6500,Liberia
SR03774,SHP03774,Vessel-03774,ONE,Ultra Large Container Vessel,8500,Panama
SR03775,SHP03775,Vessel-03775,Maersk,Panamax,12000,Malta
SR03776,SHP03776,Vessel-03776,MSC,Post-Panamax,3000,India
SR03777,SHP03777,Vessel-03777,CMA CGM,Ultra Large Container Vessel,4500,Singapore
SR03778,SHP03778,Vessel-03778,Hapag-Lloyd,Panamax,6500,Liberia
SR03779,SHP03779,Vessel-03779,Evergreen,Post-Panamax,8500,Panama
SR03780,SHP03780,Vessel-03780,ONE,Ultra Large Container Vessel,12000,Malta
SR03781,SHP03781,Vessel-03781,Maersk,Panamax,3000,India
SR03782,SHP03782,Vessel-03782,MSC,Post-Panamax,4500,Singapore
SR03783,SHP03783,Vessel-03783,CMA CGM,Ultra Large Container Vessel,6500,Liberia
SR03784,SHP03784,Vessel-03784,Hapag-Lloyd,Panamax,8500,Panama
SR03785,SHP03785,Vessel-03785,Evergreen,Post-Panamax,12000,Malta
SR03786,SHP03786,Vessel-03786,ONE,Ultra Large Container Vessel,3000,India
SR03787,SHP03787,Vessel-03787,Maersk,Panamax,4500,Singapore
SR03788,SHP03788,Vessel-03788,MSC,Post-Panamax,6500,Liberia
SR03789,SHP03789,Vessel-03789,CMA CGM,Ultra Large Container Vessel,8500,Panama
SR03790,SHP03790,Vessel-03790,Hapag-Lloyd,Panamax,12000,Malta
SR03791,SHP03791,Vessel-03791,Evergreen,Post-Panamax,3000,India
SR03792,SHP03792,Vessel-03792,ONE,Ultra Large Container Vessel,4500,Singapore
SR03793,SHP03793,Vessel-03793,Maersk,Panamax,6500,Liberia
SR03794,SHP03794,Vessel-03794,MSC,Post-Panamax,8500,Panama
SR03795,SHP03795,Vessel-03795,CMA CGM,Ultra Large Container Vessel,12000,Malta
SR03796,SHP03796,Vessel-03796,Hapag-Lloyd,Panamax,3000,India
SR03797,SHP03797,Vessel-03797,Evergreen,Post-Panamax,4500,Singapore
SR03798,SHP03798,Vessel-03798,ONE,Ultra Large Container Vessel,6500,Liberia
SR03799,SHP03799,Vessel-03799,Maersk,Panamax,8500,Panama
SR03800,SHP03800,Vessel-03800,MSC,Post-Panamax,12000,Malta
SR03801,SHP03801,Vessel-03801,CMA CGM,Ultra Large Container Vessel,3000,India
SR03802,SHP03802,Vessel-03802,Hapag-Lloyd,Panamax,4500,Singapore
SR03803,SHP03803,Vessel-03803,Evergreen,Post-Panamax,6500,Liberia
SR03804,SHP03804,Vessel-03804,ONE,Ultra Large Container Vessel,8500,Panama
SR03805,SHP03805,Vessel-03805,Maersk,Panamax,12000,Malta
SR03806,SHP03806,Vessel-03806,MSC,Post-Panamax,3000,India
SR03807,SHP03807,Vessel-03807,CMA CGM,Ultra Large Container Vessel,4500,Singapore
SR03808,SHP03808,Vessel-03808,Hapag-Lloyd,Panamax,6500,Liberia
SR03809,SHP03809,Vessel-03809,Evergreen,Post-Panamax,8500,Panama
SR03810,SHP03810,Vessel-03810,ONE,Ultra Large Container Vessel,12000,Malta
SR03811,SHP03811,Vessel-03811,Maersk,Panamax,3000,India
SR03812,SHP03812,Vessel-03812,MSC,Post-Panamax,4500,Singapore
SR03813,SHP03813,Vessel-03813,CMA CGM,Ultra Large Container Vessel,6500,Liberia
SR03814,SHP03814,Vessel-03814,Hapag-Lloyd,Panamax,8500,Panama
SR03815,SHP03815,Vessel-03815,Evergreen,Post-Panamax,12000,Malta
SR03816,SHP03816,Vessel-03816,ONE,Ultra Large Container Vessel,3000,India
SR03817,SHP03817,Vessel-03817,Maersk,Panamax,4500,Singapore
SR03818,SHP03818,Vessel-03818,MSC,Post-Panamax,6500,Liberia
SR03819,SHP03819,Vessel-03819,CMA CGM,Ultra Large Container Vessel,8500,Panama
SR03820,SHP03820,Vessel-03820,Hapag-Lloyd,Panamax,12000,Malta
SR03821,SHP03821,Vessel-03821,Evergreen,Post-Panamax,3000,India
SR03822,SHP03822,Vessel-03822,ONE,Ultra Large Container Vessel,4500,Singapore
SR03823,SHP03823,Vessel-03823,Maersk,Panamax,6500,Liberia
SR03824,SHP03824,Vessel-03824,MSC,Post-Panamax,8500,Panama
SR03825,SHP03825,Vessel-03825,CMA CGM,Ultra Large Container Vessel,12000,Malta
SR03826,SHP03826,Vessel-03826,Hapag-Lloyd,Panamax,3000,India
SR03827,SHP03827,Vessel-03827,Evergreen,Post-Panamax,4500,Singapore
SR03828,SHP03828,Vessel-03828,ONE,Ultra Large Container Vessel,6500,Liberia
SR03829,SHP03829,Vessel-03829,Maersk,Panamax,8500,Panama
SR03830,SHP03830,Vessel-03830,MSC,Post-Panamax,12000,Malta
SR03831,SHP03831,Vessel-03831,CMA CGM,Ultra Large Container Vessel,3000,India
SR03832,SHP03832,Vessel-03832,Hapag-Lloyd,Panamax,4500,Singapore
SR03833,SHP03833,Vessel-03833,Evergreen,Post-Panamax,6500,Liberia
SR03834,SHP03834,Vessel-03834,ONE,Ultra Large Container Vessel,8500,Panama
SR03835,SHP03835,Vessel-03835,Maersk,Panamax,12000,Malta
SR03836,SHP03836,Vessel-03836,MSC,Post-Panamax,3000,India
SR03837,SHP03837,Vessel-03837,CMA CGM,Ultra Large Container Vessel,4500,Singapore
SR03838,SHP03838,Vessel-03838,Hapag-Lloyd,Panamax,6500,Liberia
SR03839,SHP03839,Vessel-03839,Evergreen,Post-Panamax,8500,Panama
SR03840,SHP03840,Vessel-03840,ONE,Ultra Large Container Vessel,12000,Malta
SR03841,SHP03841,Vessel-03841,Maersk,Panamax,3000,India
SR03842,SHP03842,Vessel-03842,MSC,Post-Panamax,4500,Singapore
SR03843,SHP03843,Vessel-03843,CMA CGM,Ultra Large Container Vessel,6500,Liberia
SR03844,SHP03844,Vessel-03844,Hapag-Lloyd,Panamax,8500,Panama
SR03845,SHP03845,Vessel-03845,Evergreen,Post-Panamax,12000,Malta
SR03846,SHP03846,Vessel-03846,ONE,Ultra Large Container Vessel,3000,India
SR03847,SHP03847,Vessel-03847,Maersk,Panamax,4500,Singapore
SR03848,SHP03848,Vessel-03848,MSC,Post-Panamax,6500,Liberia
SR03849,SHP03849,Vessel-03849,CMA CGM,Ultra Large Container Vessel,8500,Panama
SR03850,SHP03850,Vessel-03850,Hapag-Lloyd,Panamax,12000,Malta
SR03851,SHP03851,Vessel-03851,Evergreen,Post-Panamax,3000,India
SR03852,SHP03852,Vessel-03852,ONE,Ultra Large Container Vessel,4500,Singapore
SR03853,SHP03853,Vessel-03853,Maersk,Panamax,6500,Liberia
SR03854,SHP03854,Vessel-03854,MSC,Post-Panamax,8500,Panama
SR03855,SHP03855,Vessel-03855,CMA CGM,Ultra Large Container Vessel,12000,Malta
SR03856,SHP03856,Vessel-03856,Hapag-Lloyd,Panamax,3000,India
SR03857,SHP03857,Vessel-03857,Evergreen,Post-Panamax,4500,Singapore
SR03858,SHP03858,Vessel-03858,ONE,Ultra Large Container Vessel,6500,Liberia
SR03859,SHP03859,Vessel-03859,Maersk,Panamax,8500,Panama
SR03860,SHP03860,Vessel-03860,MSC,Post-Panamax,12000,Malta
SR03861,SHP03861,Vessel-03861,CMA CGM,Ultra Large Container Vessel,3000,India
SR03862,SHP03862,Vessel-03862,Hapag-Lloyd,Panamax,4500,Singapore
SR03863,SHP03863,Vessel-03863,Evergreen,Post-Panamax,6500,Liberia
SR03864,SHP03864,Vessel-03864,ONE,Ultra Large Container Vessel,8500,Panama
SR03865,SHP03865,Vessel-03865,Maersk,Panamax,12000,Malta
SR03866,SHP03866,Vessel-03866,MSC,Post-Panamax,3000,India
SR03867,SHP03867,Vessel-03867,CMA CGM,Ultra Large Container Vessel,4500,Singapore
SR03868,SHP03868,Vessel-03868,Hapag-Lloyd,Panamax,6500,Liberia
SR03869,SHP03869,Vessel-03869,Evergreen,Post-Panamax,8500,Panama
SR03870,SHP03870,Vessel-03870,ONE,Ultra Large Container Vessel,12000,Malta
SR03871,SHP03871,Vessel-03871,Maersk,Panamax,3000,India
SR03872,SHP03872,Vessel-03872,MSC,Post-Panamax,4500,Singapore
SR03873,SHP03873,Vessel-03873,CMA CGM,Ultra Large Container Vessel,6500,Liberia
SR03874,SHP03874,Vessel-03874,Hapag-Lloyd,Panamax,8500,Panama
SR03875,SHP03875,Vessel-03875,Evergreen,Post-Panamax,12000,Malta
SR03876,SHP03876,Vessel-03876,ONE,Ultra Large Container Vessel,3000,India
SR03877,SHP03877,Vessel-03877,Maersk,Panamax,4500,Singapore
SR03878,SHP03878,Vessel-03878,MSC,Post-Panamax,6500,Liberia
SR03879,SHP03879,Vessel-03879,CMA CGM,Ultra Large Container Vessel,8500,Panama
SR03880,SHP03880,Vessel-03880,Hapag-Lloyd,Panamax,12000,Malta
SR03881,SHP03881,Vessel-03881,Evergreen,Post-Panamax,3000,India
SR03882,SHP03882,Vessel-03882,ONE,Ultra Large Container Vessel,4500,Singapore
SR03883,SHP03883,Vessel-03883,Maersk,Panamax,6500,Liberia
SR03884,SHP03884,Vessel-03884,MSC,Post-Panamax,8500,Panama
SR03885,SHP03885,Vessel-03885,CMA CGM,Ultra Large Container Vessel,12000,Malta
SR03886,SHP03886,Vessel-03886,Hapag-Lloyd,Panamax,3000,India
SR03887,SHP03887,Vessel-03887,Evergreen,Post-Panamax,4500,Singapore
SR03888,SHP03888,Vessel-03888,ONE,Ultra Large Container Vessel,6500,Liberia
SR03889,SHP03889,Vessel-03889,Maersk,Panamax,8500,Panama
SR03890,SHP03890,Vessel-03890,MSC,Post-Panamax,12000,Malta
SR03891,SHP03891,Vessel-03891,CMA CGM,Ultra Large Container Vessel,3000,India
SR03892,SHP03892,Vessel-03892,Hapag-Lloyd,Panamax,4500,Singapore
SR03893,SHP03893,Vessel-03893,Evergreen,Post-Panamax,6500,Liberia
SR03894,SHP03894,Vessel-03894,ONE,Ultra Large Container Vessel,8500,Panama
SR03895,SHP03895,Vessel-03895,Maersk,Panamax,12000,Malta
SR03896,SHP03896,Vessel-03896,MSC,Post-Panamax,3000,India
SR03897,SHP03897,Vessel-03897,CMA CGM,Ultra Large Container Vessel,4500,Singapore
SR03898,SHP03898,Vessel-03898,Hapag-Lloyd,Panamax,6500,Liberia
SR03899,SHP03899,Vessel-03899,Evergreen,Post-Panamax,8500,Panama
SR03900,SHP03900,Vessel-03900,ONE,Ultra Large Container Vessel,12000,Malta
SR03901,SHP03901,Vessel-03901,Maersk,Panamax,3000,India
SR03902,SHP03902,Vessel-03902,MSC,Post-Panamax,4500,Singapore
SR03903,SHP03903,Vessel-03903,CMA CGM,Ultra Large Container Vessel,6500,Liberia
SR03904,SHP03904,Vessel-03904,Hapag-Lloyd,Panamax,8500,Panama
SR03905,SHP03905,Vessel-03905,Evergreen,Post-Panamax,12000,Malta
SR03906,SHP03906,Vessel-03906,ONE,Ultra Large Container Vessel,3000,India
SR03907,SHP03907,Vessel-03907,Maersk,Panamax,4500,Singapore
SR03908,SHP03908,Vessel-03908,MSC,Post-Panamax,6500,Liberia
SR03909,SHP03909,Vessel-03909,CMA CGM,Ultra Large Container Vessel,8500,Panama
SR03910,SHP03910,Vessel-03910,Hapag-Lloyd,Panamax,12000,Malta
SR03911,SHP03911,Vessel-03911,Evergreen,Post-Panamax,3000,India
SR03912,SHP03912,Vessel-03912,ONE,Ultra Large Container Vessel,4500,Singapore
SR03913,SHP03913,Vessel-03913,Maersk,Panamax,6500,Liberia
SR03914,SHP03914,Vessel-03914,MSC,Post-Panamax,8500,Panama
SR03915,SHP03915,Vessel-03915,CMA CGM,Ultra Large Container Vessel,12000,Malta
SR03916,SHP03916,Vessel-03916,Hapag-Lloyd,Panamax,3000,India
SR03917,SHP03917,Vessel-03917,Evergreen,Post-Panamax,4500,Singapore
SR03918,SHP03918,Vessel-03918,ONE,Ultra Large Container Vessel,6500,Liberia
SR03919,SHP03919,Vessel-03919,Maersk,Panamax,8500,Panama
SR03920,SHP03920,Vessel-03920,MSC,Post-Panamax,12000,Malta
SR03921,SHP03921,Vessel-03921,CMA CGM,Ultra Large Container Vessel,3000,India
SR03922,SHP03922,Vessel-03922,Hapag-Lloyd,Panamax,4500,Singapore
SR03923,SHP03923,Vessel-03923,Evergreen,Post-Panamax,6500,Liberia
SR03924,SHP03924,Vessel-03924,ONE,Ultra Large Container Vessel,8500,Panama
SR03925,SHP03925,Vessel-03925,Maersk,Panamax,12000,Malta
SR03926,SHP03926,Vessel-03926,MSC,Post-Panamax,3000,India
SR03927,SHP03927,Vessel-03927,CMA CGM,Ultra Large Container Vessel,4500,Singapore
SR03928,SHP03928,Vessel-03928,Hapag-Lloyd,Panamax,6500,Liberia
SR03929,SHP03929,Vessel-03929,Evergreen,Post-Panamax,8500,Panama
SR03930,SHP03930,Vessel-03930,ONE,Ultra Large Container Vessel,12000,Malta
SR03931,SHP03931,Vessel-03931,Maersk,Panamax,3000,India
SR03932,SHP03932,Vessel-03932,MSC,Post-Panamax,4500,Singapore
SR03933,SHP03933,Vessel-03933,CMA CGM,Ultra Large Container Vessel,6500,Liberia
SR03934,SHP03934,Vessel-03934,Hapag-Lloyd,Panamax,8500,Panama
SR03935,SHP03935,Vessel-03935,Evergreen,Post-Panamax,12000,Malta
SR03936,SHP03936,Vessel-03936,ONE,Ultra Large Container Vessel,3000,India
SR03937,SHP03937,Vessel-03937,Maersk,Panamax,4500,Singapore
SR03938,SHP03938,Vessel-03938,MSC,Post-Panamax,6500,Liberia
SR03939,SHP03939,Vessel-03939,CMA CGM,Ultra Large Container Vessel,8500,Panama
SR03940,SHP03940,Vessel-03940,Hapag-Lloyd,Panamax,12000,Malta
SR03941,SHP03941,Vessel-03941,Evergreen,Post-Panamax,3000,India
SR03942,SHP03942,Vessel-03942,ONE,Ultra Large Container Vessel,4500,Singapore
SR03943,SHP03943,Vessel-03943,Maersk,Panamax,6500,Liberia
SR03944,SHP03944,Vessel-03944,MSC,Post-Panamax,8500,Panama
SR03945,SHP03945,Vessel-03945,CMA CGM,Ultra Large Container Vessel,12000,Malta
SR03946,SHP03946,Vessel-03946,Hapag-Lloyd,Panamax,3000,India
SR03947,SHP03947,Vessel-03947,Evergreen,Post-Panamax,4500,Singapore
SR03948,SHP03948,Vessel-03948,ONE,Ultra Large Container Vessel,6500,Liberia
SR03949,SHP03949,Vessel-03949,Maersk,Panamax,8500,Panama
SR03950,SHP03950,Vessel-03950,MSC,Post-Panamax,12000,Malta
SR03951,SHP03951,Vessel-03951,CMA CGM,Ultra Large Container Vessel,3000,India
SR03952,SHP03952,Vessel-03952,Hapag-Lloyd,Panamax,4500,Singapore
SR03953,SHP03953,Vessel-03953,Evergreen,Post-Panamax,6500,Liberia
SR03954,SHP03954,Vessel-03954,ONE,Ultra Large Container Vessel,8500,Panama
SR03955,SHP03955,Vessel-03955,Maersk,Panamax,12000,Malta
SR03956,SHP03956,Vessel-03956,MSC,Post-Panamax,3000,India
SR03957,SHP03957,Vessel-03957,CMA CGM,Ultra Large Container Vessel,4500,Singapore
SR03958,SHP03958,Vessel-03958,Hapag-Lloyd,Panamax,6500,Liberia
SR03959,SHP03959,Vessel-03959,Evergreen,Post-Panamax,8500,Panama
SR03960,SHP03960,Vessel-03960,ONE,Ultra Large Container Vessel,12000,Malta
SR03961,SHP03961,Vessel-03961,Maersk,Panamax,3000,India
SR03962,SHP03962,Vessel-03962,MSC,Post-Panamax,4500,Singapore
SR03963,SHP03963,Vessel-03963,CMA CGM,Ultra Large Container Vessel,6500,Liberia
SR03964,SHP03964,Vessel-03964,Hapag-Lloyd,Panamax,8500,Panama
SR03965,SHP03965,Vessel-03965,Evergreen,Post-Panamax,12000,Malta
SR03966,SHP03966,Vessel-03966,ONE,Ultra Large Container Vessel,3000,India
SR03967,SHP03967,Vessel-03967,Maersk,Panamax,4500,Singapore
SR03968,SHP03968,Vessel-03968,MSC,Post-Panamax,6500,Liberia
SR03969,SHP03969,Vessel-03969,CMA CGM,Ultra Large Container Vessel,8500,Panama
SR03970,SHP03970,Vessel-03970,Hapag-Lloyd,Panamax,12000,Malta
SR03971,SHP03971,Vessel-03971,Evergreen,Post-Panamax,3000,India
SR03972,SHP03972,Vessel-03972,ONE,Ultra Large Container Vessel,4500,Singapore
SR03973,SHP03973,Vessel-03973,Maersk,Panamax,6500,Liberia
SR03974,SHP03974,Vessel-03974,MSC,Post-Panamax,8500,Panama
SR03975,SHP03975,Vessel-03975,CMA CGM,Ultra Large Container Vessel,12000,Malta
SR03976,SHP03976,Vessel-03976,Hapag-Lloyd,Panamax,3000,India
SR03977,SHP03977,Vessel-03977,Evergreen,Post-Panamax,4500,Singapore
SR03978,SHP03978,Vessel-03978,ONE,Ultra Large Container Vessel,6500,Liberia
SR03979,SHP03979,Vessel-03979,Maersk,Panamax,8500,Panama
SR03980,SHP03980,Vessel-03980,MSC,Post-Panamax,12000,Malta
SR03981,SHP03981,Vessel-03981,CMA CGM,Ultra Large Container Vessel,3000,India
SR03982,SHP03982,Vessel-03982,Hapag-Lloyd,Panamax,4500,Singapore
SR03983,SHP03983,Vessel-03983,Evergreen,Post-Panamax,6500,Liberia
SR03984,SHP03984,Vessel-03984,ONE,Ultra Large Container Vessel,8500,Panama
SR03985,SHP03985,Vessel-03985,Maersk,Panamax,12000,Malta
SR03986,SHP03986,Vessel-03986,MSC,Post-Panamax,3000,India
SR03987,SHP03987,Vessel-03987,CMA CGM,Ultra Large Container Vessel,4500,Singapore
SR03988,SHP03988,Vessel-03988,Hapag-Lloyd,Panamax,6500,Liberia
SR03989,SHP03989,Vessel-03989,Evergreen,Post-Panamax,8500,Panama
SR03990,SHP03990,Vessel-03990,ONE,Ultra Large Container Vessel,12000,Malta
SR03991,SHP03991,Vessel-03991,Maersk,Panamax,3000,India
SR03992,SHP03992,Vessel-03992,MSC,Post-Panamax,4500,Singapore
SR03993,SHP03993,Vessel-03993,CMA CGM,Ultra Large Container Vessel,6500,Liberia
SR03994,SHP03994,Vessel-03994,Hapag-Lloyd,Panamax,8500,Panama
SR03995,SHP03995,Vessel-03995,Evergreen,Post-Panamax,12000,Malta
SR03996,SHP03996,Vessel-03996,ONE,Ultra Large Container Vessel,3000,India
SR03997,SHP03997,Vessel-03997,Maersk,Panamax,4500,Singapore
SR03998,SHP03998,Vessel-03998,MSC,Post-Panamax,6500,Liberia
SR03999,SHP03999,Vessel-03999,CMA CGM,Ultra Large Container Vessel,8500,Panama
SR04000,SHP04000,Vessel-04000,Hapag-Lloyd,Panamax,12000,Malta
SR04001,SHP04001,Vessel-04001,Evergreen,Post-Panamax,3000,India
SR04002,SHP04002,Vessel-04002,ONE,Ultra Large Container Vessel,4500,Singapore
SR04003,SHP04003,Vessel-04003,Maersk,Panamax,6500,Liberia
SR04004,SHP04004,Vessel-04004,MSC,Post-Panamax,8500,Panama
SR04005,SHP04005,Vessel-04005,CMA CGM,Ultra Large Container Vessel,12000,Malta
SR04006,SHP04006,Vessel-04006,Hapag-Lloyd,Panamax,3000,India
SR04007,SHP04007,Vessel-04007,Evergreen,Post-Panamax,4500,Singapore
SR04008,SHP04008,Vessel-04008,ONE,Ultra Large Container Vessel,6500,Liberia
SR04009,SHP04009,Vessel-04009,Maersk,Panamax,8500,Panama
SR04010,SHP04010,Vessel-04010,MSC,Post-Panamax,12000,Malta
SR04011,SHP04011,Vessel-04011,CMA CGM,Ultra Large Container Vessel,3000,India
SR04012,SHP04012,Vessel-04012,Hapag-Lloyd,Panamax,4500,Singapore
SR04013,SHP04013,Vessel-04013,Evergreen,Post-Panamax,6500,Liberia
SR04014,SHP04014,Vessel-04014,ONE,Ultra Large Container Vessel,8500,Panama
SR04015,SHP04015,Vessel-04015,Maersk,Panamax,12000,Malta
SR04016,SHP04016,Vessel-04016,MSC,Post-Panamax,3000,India
SR04017,SHP04017,Vessel-04017,CMA CGM,Ultra Large Container Vessel,4500,Singapore
SR04018,SHP04018,Vessel-04018,Hapag-Lloyd,Panamax,6500,Liberia
SR04019,SHP04019,Vessel-04019,Evergreen,Post-Panamax,8500,Panama
SR04020,SHP04020,Vessel-04020,ONE,Ultra Large Container Vessel,12000,Malta
SR04021,SHP04021,Vessel-04021,Maersk,Panamax,3000,India
SR04022,SHP04022,Vessel-04022,MSC,Post-Panamax,4500,Singapore
SR04023,SHP04023,Vessel-04023,CMA CGM,Ultra Large Container Vessel,6500,Liberia
SR04024,SHP04024,Vessel-04024,Hapag-Lloyd,Panamax,8500,Panama
SR04025,SHP04025,Vessel-04025,Evergreen,Post-Panamax,12000,Malta
SR04026,SHP04026,Vessel-04026,ONE,Ultra Large Container Vessel,3000,India
SR04027,SHP04027,Vessel-04027,Maersk,Panamax,4500,Singapore
SR04028,SHP04028,Vessel-04028,MSC,Post-Panamax,6500,Liberia
SR04029,SHP04029,Vessel-04029,CMA CGM,Ultra Large Container Vessel,8500,Panama
SR04030,SHP04030,Vessel-04030,Hapag-Lloyd,Panamax,12000,Malta
SR04031,SHP04031,Vessel-04031,Evergreen,Post-Panamax,3000,India
SR04032,SHP04032,Vessel-04032,ONE,Ultra Large Container Vessel,4500,Singapore
SR04033,SHP04033,Vessel-04033,Maersk,Panamax,6500,Liberia
SR04034,SHP04034,Vessel-04034,MSC,Post-Panamax,8500,Panama
SR04035,SHP04035,Vessel-04035,CMA CGM,Ultra Large Container Vessel,12000,Malta
SR04036,SHP04036,Vessel-04036,Hapag-Lloyd,Panamax,3000,India
SR04037,SHP04037,Vessel-04037,Evergreen,Post-Panamax,4500,Singapore
SR04038,SHP04038,Vessel-04038,ONE,Ultra Large Container Vessel,6500,Liberia
SR04039,SHP04039,Vessel-04039,Maersk,Panamax,8500,Panama
SR04040,SHP04040,Vessel-04040,MSC,Post-Panamax,12000,Malta
SR04041,SHP04041,Vessel-04041,CMA CGM,Ultra Large Container Vessel,3000,India
SR04042,SHP04042,Vessel-04042,Hapag-Lloyd,Panamax,4500,Singapore
SR04043,SHP04043,Vessel-04043,Evergreen,Post-Panamax,6500,Liberia
SR04044,SHP04044,Vessel-04044,ONE,Ultra Large Container Vessel,8500,Panama
SR04045,SHP04045,Vessel-04045,Maersk,Panamax,12000,Malta
SR04046,SHP04046,Vessel-04046,MSC,Post-Panamax,3000,India
SR04047,SHP04047,Vessel-04047,CMA CGM,Ultra Large Container Vessel,4500,Singapore
SR04048,SHP04048,Vessel-04048,Hapag-Lloyd,Panamax,6500,Liberia
SR04049,SHP04049,Vessel-04049,Evergreen,Post-Panamax,8500,Panama
SR04050,SHP04050,Vessel-04050,ONE,Ultra Large Container Vessel,12000,Malta
SR04051,SHP04051,Vessel-04051,Maersk,Panamax,3000,India
SR04052,SHP04052,Vessel-04052,MSC,Post-Panamax,4500,Singapore
SR04053,SHP04053,Vessel-04053,CMA CGM,Ultra Large Container Vessel,6500,Liberia
SR04054,SHP04054,Vessel-04054,Hapag-Lloyd,Panamax,8500,Panama
SR04055,SHP04055,Vessel-04055,Evergreen,Post-Panamax,12000,Malta
SR04056,SHP04056,Vessel-04056,ONE,Ultra Large Container Vessel,3000,India
SR04057,SHP04057,Vessel-04057,Maersk,Panamax,4500,Singapore
SR04058,SHP04058,Vessel-04058,MSC,Post-Panamax,6500,Liberia
SR04059,SHP04059,Vessel-04059,CMA CGM,Ultra Large Container Vessel,8500,Panama
SR04060,SHP04060,Vessel-04060,Hapag-Lloyd,Panamax,12000,Malta
SR04061,SHP04061,Vessel-04061,Evergreen,Post-Panamax,3000,India
SR04062,SHP04062,Vessel-04062,ONE,Ultra Large Container Vessel,4500,Singapore
SR04063,SHP04063,Vessel-04063,Maersk,Panamax,6500,Liberia
SR04064,SHP04064,Vessel-04064,MSC,Post-Panamax,8500,Panama
SR04065,SHP04065,Vessel-04065,CMA CGM,Ultra Large Container Vessel,12000,Malta
SR04066,SHP04066,Vessel-04066,Hapag-Lloyd,Panamax,3000,India
SR04067,SHP04067,Vessel-04067,Evergreen,Post-Panamax,4500,Singapore
SR04068,SHP04068,Vessel-04068,ONE,Ultra Large Container Vessel,6500,Liberia
SR04069,SHP04069,Vessel-04069,Maersk,Panamax,8500,Panama
SR04070,SHP04070,Vessel-04070,MSC,Post-Panamax,12000,Malta
SR04071,SHP04071,Vessel-04071,CMA CGM,Ultra Large Container Vessel,3000,India
SR04072,SHP04072,Vessel-04072,Hapag-Lloyd,Panamax,4500,Singapore
SR04073,SHP04073,Vessel-04073,Evergreen,Post-Panamax,6500,Liberia
SR04074,SHP04074,Vessel-04074,ONE,Ultra Large Container Vessel,8500,Panama
SR04075,SHP04075,Vessel-04075,Maersk,Panamax,12000,Malta
SR04076,SHP04076,Vessel-04076,MSC,Post-Panamax,3000,India
SR04077,SHP04077,Vessel-04077,CMA CGM,Ultra Large Container Vessel,4500,Singapore
SR04078,SHP04078,Vessel-04078,Hapag-Lloyd,Panamax,6500,Liberia
SR04079,SHP04079,Vessel-04079,Evergreen,Post-Panamax,8500,Panama
SR04080,SHP04080,Vessel-04080,ONE,Ultra Large Container Vessel,12000,Malta
SR04081,SHP04081,Vessel-04081,Maersk,Panamax,3000,India
SR04082,SHP04082,Vessel-04082,MSC,Post-Panamax,4500,Singapore
SR04083,SHP04083,Vessel-04083,CMA CGM,Ultra Large Container Vessel,6500,Liberia
SR04084,SHP04084,Vessel-04084,Hapag-Lloyd,Panamax,8500,Panama
SR04085,SHP04085,Vessel-04085,Evergreen,Post-Panamax,12000,Malta
SR04086,SHP04086,Vessel-04086,ONE,Ultra Large Container Vessel,3000,India
SR04087,SHP04087,Vessel-04087,Maersk,Panamax,4500,Singapore
SR04088,SHP04088,Vessel-04088,MSC,Post-Panamax,6500,Liberia
SR04089,SHP04089,Vessel-04089,CMA CGM,Ultra Large Container Vessel,8500,Panama
SR04090,SHP04090,Vessel-04090,Hapag-Lloyd,Panamax,12000,Malta
SR04091,SHP04091,Vessel-04091,Evergreen,Post-Panamax,3000,India
SR04092,SHP04092,Vessel-04092,ONE,Ultra Large Container Vessel,4500,Singapore
SR04093,SHP04093,Vessel-04093,Maersk,Panamax,6500,Liberia
SR04094,SHP04094,Vessel-04094,MSC,Post-Panamax,8500,Panama
SR04095,SHP04095,Vessel-04095,CMA CGM,Ultra Large Container Vessel,12000,Malta
SR04096,SHP04096,Vessel-04096,Hapag-Lloyd,Panamax,3000,India
SR04097,SHP04097,Vessel-04097,Evergreen,Post-Panamax,4500,Singapore
SR04098,SHP04098,Vessel-04098,ONE,Ultra Large Container Vessel,6500,Liberia
SR04099,SHP04099,Vessel-04099,Maersk,Panamax,8500,Panama
SR04100,SHP04100,Vessel-04100,MSC,Post-Panamax,12000,Malta
SR04101,SHP04101,Vessel-04101,CMA CGM,Ultra Large Container Vessel,3000,India
SR04102,SHP04102,Vessel-04102,Hapag-Lloyd,Panamax,4500,Singapore
SR04103,SHP04103,Vessel-04103,Evergreen,Post-Panamax,6500,Liberia
SR04104,SHP04104,Vessel-04104,ONE,Ultra Large Container Vessel,8500,Panama
SR04105,SHP04105,Vessel-04105,Maersk,Panamax,12000,Malta
SR04106,SHP04106,Vessel-04106,MSC,Post-Panamax,3000,India
SR04107,SHP04107,Vessel-04107,CMA CGM,Ultra Large Container Vessel,4500,Singapore
SR04108,SHP04108,Vessel-04108,Hapag-Lloyd,Panamax,6500,Liberia
SR04109,SHP04109,Vessel-04109,Evergreen,Post-Panamax,8500,Panama
SR04110,SHP04110,Vessel-04110,ONE,Ultra Large Container Vessel,12000,Malta
SR04111,SHP04111,Vessel-04111,Maersk,Panamax,3000,India
SR04112,SHP04112,Vessel-04112,MSC,Post-Panamax,4500,Singapore
SR04113,SHP04113,Vessel-04113,CMA CGM,Ultra Large Container Vessel,6500,Liberia
SR04114,SHP04114,Vessel-04114,Hapag-Lloyd,Panamax,8500,Panama
SR04115,SHP04115,Vessel-04115,Evergreen,Post-Panamax,12000,Malta
SR04116,SHP04116,Vessel-04116,ONE,Ultra Large Container Vessel,3000,India
SR04117,SHP04117,Vessel-04117,Maersk,Panamax,4500,Singapore
SR04118,SHP04118,Vessel-04118,MSC,Post-Panamax,6500,Liberia
SR04119,SHP04119,Vessel-04119,CMA CGM,Ultra Large Container Vessel,8500,Panama
SR04120,SHP04120,Vessel-04120,Hapag-Lloyd,Panamax,12000,Malta
SR04121,SHP04121,Vessel-04121,Evergreen,Post-Panamax,3000,India
SR04122,SHP04122,Vessel-04122,ONE,Ultra Large Container Vessel,4500,Singapore
SR04123,SHP04123,Vessel-04123,Maersk,Panamax,6500,Liberia
SR04124,SHP04124,Vessel-04124,MSC,Post-Panamax,8500,Panama
SR04125,SHP04125,Vessel-04125,CMA CGM,Ultra Large Container Vessel,12000,Malta
SR04126,SHP04126,Vessel-04126,Hapag-Lloyd,Panamax,3000,India
SR04127,SHP04127,Vessel-04127,Evergreen,Post-Panamax,4500,Singapore
SR04128,SHP04128,Vessel-04128,ONE,Ultra Large Container Vessel,6500,Liberia
SR04129,SHP04129,Vessel-04129,Maersk,Panamax,8500,Panama
SR04130,SHP04130,Vessel-04130,MSC,Post-Panamax,12000,Malta
SR04131,SHP04131,Vessel-04131,CMA CGM,Ultra Large Container Vessel,3000,India
SR04132,SHP04132,Vessel-04132,Hapag-Lloyd,Panamax,4500,Singapore
SR04133,SHP04133,Vessel-04133,Evergreen,Post-Panamax,6500,Liberia
SR04134,SHP04134,Vessel-04134,ONE,Ultra Large Container Vessel,8500,Panama
SR04135,SHP04135,Vessel-04135,Maersk,Panamax,12000,Malta
SR04136,SHP04136,Vessel-04136,MSC,Post-Panamax,3000,India
SR04137,SHP04137,Vessel-04137,CMA CGM,Ultra Large Container Vessel,4500,Singapore
SR04138,SHP04138,Vessel-04138,Hapag-Lloyd,Panamax,6500,Liberia
SR04139,SHP04139,Vessel-04139,Evergreen,Post-Panamax,8500,Panama
SR04140,SHP04140,Vessel-04140,ONE,Ultra Large Container Vessel,12000,Malta
SR04141,SHP04141,Vessel-04141,Maersk,Panamax,3000,India
SR04142,SHP04142,Vessel-04142,MSC,Post-Panamax,4500,Singapore
SR04143,SHP04143,Vessel-04143,CMA CGM,Ultra Large Container Vessel,6500,Liberia
SR04144,SHP04144,Vessel-04144,Hapag-Lloyd,Panamax,8500,Panama
SR04145,SHP04145,Vessel-04145,Evergreen,Post-Panamax,12000,Malta
SR04146,SHP04146,Vessel-04146,ONE,Ultra Large Container Vessel,3000,India
SR04147,SHP04147,Vessel-04147,Maersk,Panamax,4500,Singapore
SR04148,SHP04148,Vessel-04148,MSC,Post-Panamax,6500,Liberia
SR04149,SHP04149,Vessel-04149,CMA CGM,Ultra Large Container Vessel,8500,Panama
SR04150,SHP04150,Vessel-04150,Hapag-Lloyd,Panamax,12000,Malta
SR04151,SHP04151,Vessel-04151,Evergreen,Post-Panamax,3000,India
SR04152,SHP04152,Vessel-04152,ONE,Ultra Large Container Vessel,4500,Singapore
SR04153,SHP04153,Vessel-04153,Maersk,Panamax,6500,Liberia
SR04154,SHP04154,Vessel-04154,MSC,Post-Panamax,8500,Panama
SR04155,SHP04155,Vessel-04155,CMA CGM,Ultra Large Container Vessel,12000,Malta
SR04156,SHP04156,Vessel-04156,Hapag-Lloyd,Panamax,3000,India
SR04157,SHP04157,Vessel-04157,Evergreen,Post-Panamax,4500,Singapore
SR04158,SHP04158,Vessel-04158,ONE,Ultra Large Container Vessel,6500,Liberia
SR04159,SHP04159,Vessel-04159,Maersk,Panamax,8500,Panama
SR04160,SHP04160,Vessel-04160,MSC,Post-Panamax,12000,Malta
SR04161,SHP04161,Vessel-04161,CMA CGM,Ultra Large Container Vessel,3000,India
SR04162,SHP04162,Vessel-04162,Hapag-Lloyd,Panamax,4500,Singapore
SR04163,SHP04163,Vessel-04163,Evergreen,Post-Panamax,6500,Liberia
SR04164,SHP04164,Vessel-04164,ONE,Ultra Large Container Vessel,8500,Panama
SR04165,SHP04165,Vessel-04165,Maersk,Panamax,12000,Malta
SR04166,SHP04166,Vessel-04166,MSC,Post-Panamax,3000,India
SR04167,SHP04167,Vessel-04167,CMA CGM,Ultra Large Container Vessel,4500,Singapore
SR04168,SHP04168,Vessel-04168,Hapag-Lloyd,Panamax,6500,Liberia
SR04169,SHP04169,Vessel-04169,Evergreen,Post-Panamax,8500,Panama
SR04170,SHP04170,Vessel-04170,ONE,Ultra Large Container Vessel,12000,Malta
SR04171,SHP04171,Vessel-04171,Maersk,Panamax,3000,India
SR04172,SHP04172,Vessel-04172,MSC,Post-Panamax,4500,Singapore
SR04173,SHP04173,Vessel-04173,CMA CGM,Ultra Large Container Vessel,6500,Liberia
SR04174,SHP04174,Vessel-04174,Hapag-Lloyd,Panamax,8500,Panama
SR04175,SHP04175,Vessel-04175,Evergreen,Post-Panamax,12000,Malta
SR04176,SHP04176,Vessel-04176,ONE,Ultra Large Container Vessel,3000,India
SR04177,SHP04177,Vessel-04177,Maersk,Panamax,4500,Singapore
SR04178,SHP04178,Vessel-04178,MSC,Post-Panamax,6500,Liberia
SR04179,SHP04179,Vessel-04179,CMA CGM,Ultra Large Container Vessel,8500,Panama
SR04180,SHP04180,Vessel-04180,Hapag-Lloyd,Panamax,12000,Malta
SR04181,SHP04181,Vessel-04181,Evergreen,Post-Panamax,3000,India
SR04182,SHP04182,Vessel-04182,ONE,Ultra Large Container Vessel,4500,Singapore
SR04183,SHP04183,Vessel-04183,Maersk,Panamax,6500,Liberia
SR04184,SHP04184,Vessel-04184,MSC,Post-Panamax,8500,Panama
SR04185,SHP04185,Vessel-04185,CMA CGM,Ultra Large Container Vessel,12000,Malta
SR04186,SHP04186,Vessel-04186,Hapag-Lloyd,Panamax,3000,India
SR04187,SHP04187,Vessel-04187,Evergreen,Post-Panamax,4500,Singapore
SR04188,SHP04188,Vessel-04188,ONE,Ultra Large Container Vessel,6500,Liberia
SR04189,SHP04189,Vessel-04189,Maersk,Panamax,8500,Panama
SR04190,SHP04190,Vessel-04190,MSC,Post-Panamax,12000,Malta
SR04191,SHP04191,Vessel-04191,CMA CGM,Ultra Large Container Vessel,3000,India
SR04192,SHP04192,Vessel-04192,Hapag-Lloyd,Panamax,4500,Singapore
SR04193,SHP04193,Vessel-04193,Evergreen,Post-Panamax,6500,Liberia
SR04194,SHP04194,Vessel-04194,ONE,Ultra Large Container Vessel,8500,Panama
SR04195,SHP04195,Vessel-04195,Maersk,Panamax,12000,Malta
SR04196,SHP04196,Vessel-04196,MSC,Post-Panamax,3000,India
SR04197,SHP04197,Vessel-04197,CMA CGM,Ultra Large Container Vessel,4500,Singapore
SR04198,SHP04198,Vessel-04198,Hapag-Lloyd,Panamax,6500,Liberia
SR04199,SHP04199,Vessel-04199,Evergreen,Post-Panamax,8500,Panama
SR04200,SHP04200,Vessel-04200,ONE,Ultra Large Container Vessel,12000,Malta
SR04201,SHP04201,Vessel-04201,Maersk,Panamax,3000,India
SR04202,SHP04202,Vessel-04202,MSC,Post-Panamax,4500,Singapore
SR04203,SHP04203,Vessel-04203,CMA CGM,Ultra Large Container Vessel,6500,Liberia
SR04204,SHP04204,Vessel-04204,Hapag-Lloyd,Panamax,8500,Panama
SR04205,SHP04205,Vessel-04205,Evergreen,Post-Panamax,12000,Malta
SR04206,SHP04206,Vessel-04206,ONE,Ultra Large Container Vessel,3000,India
SR04207,SHP04207,Vessel-04207,Maersk,Panamax,4500,Singapore
SR04208,SHP04208,Vessel-04208,MSC,Post-Panamax,6500,Liberia
SR04209,SHP04209,Vessel-04209,CMA CGM,Ultra Large Container Vessel,8500,Panama
SR04210,SHP04210,Vessel-04210,Hapag-Lloyd,Panamax,12000,Malta
SR04211,SHP04211,Vessel-04211,Evergreen,Post-Panamax,3000,India
SR04212,SHP04212,Vessel-04212,ONE,Ultra Large Container Vessel,4500,Singapore
SR04213,SHP04213,Vessel-04213,Maersk,Panamax,6500,Liberia
SR04214,SHP04214,Vessel-04214,MSC,Post-Panamax,8500,Panama
SR04215,SHP04215,Vessel-04215,CMA CGM,Ultra Large Container Vessel,12000,Malta
SR04216,SHP04216,Vessel-04216,Hapag-Lloyd,Panamax,3000,India
SR04217,SHP04217,Vessel-04217,Evergreen,Post-Panamax,4500,Singapore
SR04218,SHP04218,Vessel-04218,ONE,Ultra Large Container Vessel,6500,Liberia
SR04219,SHP04219,Vessel-04219,Maersk,Panamax,8500,Panama
SR04220,SHP04220,Vessel-04220,MSC,Post-Panamax,12000,Malta
SR04221,SHP04221,Vessel-04221,CMA CGM,Ultra Large Container Vessel,3000,India
SR04222,SHP04222,Vessel-04222,Hapag-Lloyd,Panamax,4500,Singapore
SR04223,SHP04223,Vessel-04223,Evergreen,Post-Panamax,6500,Liberia
SR04224,SHP04224,Vessel-04224,ONE,Ultra Large Container Vessel,8500,Panama
SR04225,SHP04225,Vessel-04225,Maersk,Panamax,12000,Malta
SR04226,SHP04226,Vessel-04226,MSC,Post-Panamax,3000,India
SR04227,SHP04227,Vessel-04227,CMA CGM,Ultra Large Container Vessel,4500,Singapore
SR04228,SHP04228,Vessel-04228,Hapag-Lloyd,Panamax,6500,Liberia
SR04229,SHP04229,Vessel-04229,Evergreen,Post-Panamax,8500,Panama
SR04230,SHP04230,Vessel-04230,ONE,Ultra Large Container Vessel,12000,Malta
SR04231,SHP04231,Vessel-04231,Maersk,Panamax,3000,India
SR04232,SHP04232,Vessel-04232,MSC,Post-Panamax,4500,Singapore
SR04233,SHP04233,Vessel-04233,CMA CGM,Ultra Large Container Vessel,6500,Liberia
SR04234,SHP04234,Vessel-04234,Hapag-Lloyd,Panamax,8500,Panama
SR04235,SHP04235,Vessel-04235,Evergreen,Post-Panamax,12000,Malta
SR04236,SHP04236,Vessel-04236,ONE,Ultra Large Container Vessel,3000,India
SR04237,SHP04237,Vessel-04237,Maersk,Panamax,4500,Singapore
SR04238,SHP04238,Vessel-04238,MSC,Post-Panamax,6500,Liberia
SR04239,SHP04239,Vessel-04239,CMA CGM,Ultra Large Container Vessel,8500,Panama
SR04240,SHP04240,Vessel-04240,Hapag-Lloyd,Panamax,12000,Malta
SR04241,SHP04241,Vessel-04241,Evergreen,Post-Panamax,3000,India
SR04242,SHP04242,Vessel-04242,ONE,Ultra Large Container Vessel,4500,Singapore
SR04243,SHP04243,Vessel-04243,Maersk,Panamax,6500,Liberia
SR04244,SHP04244,Vessel-04244,MSC,Post-Panamax,8500,Panama
SR04245,SHP04245,Vessel-04245,CMA CGM,Ultra Large Container Vessel,12000,Malta
SR04246,SHP04246,Vessel-04246,Hapag-Lloyd,Panamax,3000,India
SR04247,SHP04247,Vessel-04247,Evergreen,Post-Panamax,4500,Singapore
SR04248,SHP04248,Vessel-04248,ONE,Ultra Large Container Vessel,6500,Liberia
SR04249,SHP04249,Vessel-04249,Maersk,Panamax,8500,Panama
SR04250,SHP04250,Vessel-04250,MSC,Post-Panamax,12000,Malta
SR04251,SHP04251,Vessel-04251,CMA CGM,Ultra Large Container Vessel,3000,India
SR04252,SHP04252,Vessel-04252,Hapag-Lloyd,Panamax,4500,Singapore
SR04253,SHP04253,Vessel-04253,Evergreen,Post-Panamax,6500,Liberia
SR04254,SHP04254,Vessel-04254,ONE,Ultra Large Container Vessel,8500,Panama
SR04255,SHP04255,Vessel-04255,Maersk,Panamax,12000,Malta
SR04256,SHP04256,Vessel-04256,MSC,Post-Panamax,3000,India
SR04257,SHP04257,Vessel-04257,CMA CGM,Ultra Large Container Vessel,4500,Singapore
SR04258,SHP04258,Vessel-04258,Hapag-Lloyd,Panamax,6500,Liberia
SR04259,SHP04259,Vessel-04259,Evergreen,Post-Panamax,8500,Panama
SR04260,SHP04260,Vessel-04260,ONE,Ultra Large Container Vessel,12000,Malta
SR04261,SHP04261,Vessel-04261,Maersk,Panamax,3000,India
SR04262,SHP04262,Vessel-04262,MSC,Post-Panamax,4500,Singapore
SR04263,SHP04263,Vessel-04263,CMA CGM,Ultra Large Container Vessel,6500,Liberia
SR04264,SHP04264,Vessel-04264,Hapag-Lloyd,Panamax,8500,Panama
SR04265,SHP04265,Vessel-04265,Evergreen,Post-Panamax,12000,Malta
SR04266,SHP04266,Vessel-04266,ONE,Ultra Large Container Vessel,3000,India
SR04267,SHP04267,Vessel-04267,Maersk,Panamax,4500,Singapore
SR04268,SHP04268,Vessel-04268,MSC,Post-Panamax,6500,Liberia
SR04269,SHP04269,Vessel-04269,CMA CGM,Ultra Large Container Vessel,8500,Panama
SR04270,SHP04270,Vessel-04270,Hapag-Lloyd,Panamax,12000,Malta
SR04271,SHP04271,Vessel-04271,Evergreen,Post-Panamax,3000,India
SR04272,SHP04272,Vessel-04272,ONE,Ultra Large Container Vessel,4500,Singapore
SR04273,SHP04273,Vessel-04273,Maersk,Panamax,6500,Liberia
SR04274,SHP04274,Vessel-04274,MSC,Post-Panamax,8500,Panama
SR04275,SHP04275,Vessel-04275,CMA CGM,Ultra Large Container Vessel,12000,Malta
SR04276,SHP04276,Vessel-04276,Hapag-Lloyd,Panamax,3000,India
SR04277,SHP04277,Vessel-04277,Evergreen,Post-Panamax,4500,Singapore
SR04278,SHP04278,Vessel-04278,ONE,Ultra Large Container Vessel,6500,Liberia
SR04279,SHP04279,Vessel-04279,Maersk,Panamax,8500,Panama
SR04280,SHP04280,Vessel-04280,MSC,Post-Panamax,12000,Malta
SR04281,SHP04281,Vessel-04281,CMA CGM,Ultra Large Container Vessel,3000,India
SR04282,SHP04282,Vessel-04282,Hapag-Lloyd,Panamax,4500,Singapore
SR04283,SHP04283,Vessel-04283,Evergreen,Post-Panamax,6500,Liberia
SR04284,SHP04284,Vessel-04284,ONE,Ultra Large Container Vessel,8500,Panama
SR04285,SHP04285,Vessel-04285,Maersk,Panamax,12000,Malta
SR04286,SHP04286,Vessel-04286,MSC,Post-Panamax,3000,India
SR04287,SHP04287,Vessel-04287,CMA CGM,Ultra Large Container Vessel,4500,Singapore
SR04288,SHP04288,Vessel-04288,Hapag-Lloyd,Panamax,6500,Liberia
SR04289,SHP04289,Vessel-04289,Evergreen,Post-Panamax,8500,Panama
SR04290,SHP04290,Vessel-04290,ONE,Ultra Large Container Vessel,12000,Malta
SR04291,SHP04291,Vessel-04291,Maersk,Panamax,3000,India
SR04292,SHP04292,Vessel-04292,MSC,Post-Panamax,4500,Singapore
SR04293,SHP04293,Vessel-04293,CMA CGM,Ultra Large Container Vessel,6500,Liberia
SR04294,SHP04294,Vessel-04294,Hapag-Lloyd,Panamax,8500,Panama
SR04295,SHP04295,Vessel-04295,Evergreen,Post-Panamax,12000,Malta
SR04296,SHP04296,Vessel-04296,ONE,Ultra Large Container Vessel,3000,India
SR04297,SHP04297,Vessel-04297,Maersk,Panamax,4500,Singapore
SR04298,SHP04298,Vessel-04298,MSC,Post-Panamax,6500,Liberia
SR04299,SHP04299,Vessel-04299,CMA CGM,Ultra Large Container Vessel,8500,Panama
SR04300,SHP04300,Vessel-04300,Hapag-Lloyd,Panamax,12000,Malta
SR04301,SHP04301,Vessel-04301,Evergreen,Post-Panamax,3000,India
SR04302,SHP04302,Vessel-04302,ONE,Ultra Large Container Vessel,4500,Singapore
SR04303,SHP04303,Vessel-04303,Maersk,Panamax,6500,Liberia
SR04304,SHP04304,Vessel-04304,MSC,Post-Panamax,8500,Panama
SR04305,SHP04305,Vessel-04305,CMA CGM,Ultra Large Container Vessel,12000,Malta
SR04306,SHP04306,Vessel-04306,Hapag-Lloyd,Panamax,3000,India
SR04307,SHP04307,Vessel-04307,Evergreen,Post-Panamax,4500,Singapore
SR04308,SHP04308,Vessel-04308,ONE,Ultra Large Container Vessel,6500,Liberia
SR04309,SHP04309,Vessel-04309,Maersk,Panamax,8500,Panama
SR04310,SHP04310,Vessel-04310,MSC,Post-Panamax,12000,Malta
SR04311,SHP04311,Vessel-04311,CMA CGM,Ultra Large Container Vessel,3000,India
SR04312,SHP04312,Vessel-04312,Hapag-Lloyd,Panamax,4500,Singapore
SR04313,SHP04313,Vessel-04313,Evergreen,Post-Panamax,6500,Liberia
SR04314,SHP04314,Vessel-04314,ONE,Ultra Large Container Vessel,8500,Panama
SR04315,SHP04315,Vessel-04315,Maersk,Panamax,12000,Malta
SR04316,SHP04316,Vessel-04316,MSC,Post-Panamax,3000,India
SR04317,SHP04317,Vessel-04317,CMA CGM,Ultra Large Container Vessel,4500,Singapore
SR04318,SHP04318,Vessel-04318,Hapag-Lloyd,Panamax,6500,Liberia
SR04319,SHP04319,Vessel-04319,Evergreen,Post-Panamax,8500,Panama
SR04320,SHP04320,Vessel-04320,ONE,Ultra Large Container Vessel,12000,Malta
SR04321,SHP04321,Vessel-04321,Maersk,Panamax,3000,India
SR04322,SHP04322,Vessel-04322,MSC,Post-Panamax,4500,Singapore
SR04323,SHP04323,Vessel-04323,CMA CGM,Ultra Large Container Vessel,6500,Liberia
SR04324,SHP04324,Vessel-04324,Hapag-Lloyd,Panamax,8500,Panama
SR04325,SHP04325,Vessel-04325,Evergreen,Post-Panamax,12000,Malta
SR04326,SHP04326,Vessel-04326,ONE,Ultra Large Container Vessel,3000,India
SR04327,SHP04327,Vessel-04327,Maersk,Panamax,4500,Singapore
SR04328,SHP04328,Vessel-04328,MSC,Post-Panamax,6500,Liberia
SR04329,SHP04329,Vessel-04329,CMA CGM,Ultra Large Container Vessel,8500,Panama
SR04330,SHP04330,Vessel-04330,Hapag-Lloyd,Panamax,12000,Malta
SR04331,SHP04331,Vessel-04331,Evergreen,Post-Panamax,3000,India
SR04332,SHP04332,Vessel-04332,ONE,Ultra Large Container Vessel,4500,Singapore
SR04333,SHP04333,Vessel-04333,Maersk,Panamax,6500,Liberia
SR04334,SHP04334,Vessel-04334,MSC,Post-Panamax,8500,Panama
SR04335,SHP04335,Vessel-04335,CMA CGM,Ultra Large Container Vessel,12000,Malta
SR04336,SHP04336,Vessel-04336,Hapag-Lloyd,Panamax,3000,India
SR04337,SHP04337,Vessel-04337,Evergreen,Post-Panamax,4500,Singapore
SR04338,SHP04338,Vessel-04338,ONE,Ultra Large Container Vessel,6500,Liberia
SR04339,SHP04339,Vessel-04339,Maersk,Panamax,8500,Panama
SR04340,SHP04340,Vessel-04340,MSC,Post-Panamax,12000,Malta
SR04341,SHP04341,Vessel-04341,CMA CGM,Ultra Large Container Vessel,3000,India
SR04342,SHP04342,Vessel-04342,Hapag-Lloyd,Panamax,4500,Singapore
SR04343,SHP04343,Vessel-04343,Evergreen,Post-Panamax,6500,Liberia
SR04344,SHP04344,Vessel-04344,ONE,Ultra Large Container Vessel,8500,Panama
SR04345,SHP04345,Vessel-04345,Maersk,Panamax,12000,Malta
SR04346,SHP04346,Vessel-04346,MSC,Post-Panamax,3000,India
SR04347,SHP04347,Vessel-04347,CMA CGM,Ultra Large Container Vessel,4500,Singapore
SR04348,SHP04348,Vessel-04348,Hapag-Lloyd,Panamax,6500,Liberia
SR04349,SHP04349,Vessel-04349,Evergreen,Post-Panamax,8500,Panama
SR04350,SHP04350,Vessel-04350,ONE,Ultra Large Container Vessel,12000,Malta
SR04351,SHP04351,Vessel-04351,Maersk,Panamax,3000,India
SR04352,SHP04352,Vessel-04352,MSC,Post-Panamax,4500,Singapore
SR04353,SHP04353,Vessel-04353,CMA CGM,Ultra Large Container Vessel,6500,Liberia
SR04354,SHP04354,Vessel-04354,Hapag-Lloyd,Panamax,8500,Panama
SR04355,SHP04355,Vessel-04355,Evergreen,Post-Panamax,12000,Malta
SR04356,SHP04356,Vessel-04356,ONE,Ultra Large Container Vessel,3000,India
SR04357,SHP04357,Vessel-04357,Maersk,Panamax,4500,Singapore
SR04358,SHP04358,Vessel-04358,MSC,Post-Panamax,6500,Liberia
SR04359,SHP04359,Vessel-04359,CMA CGM,Ultra Large Container Vessel,8500,Panama
SR04360,SHP04360,Vessel-04360,Hapag-Lloyd,Panamax,12000,Malta
SR04361,SHP04361,Vessel-04361,Evergreen,Post-Panamax,3000,India
SR04362,SHP04362,Vessel-04362,ONE,Ultra Large Container Vessel,4500,Singapore
SR04363,SHP04363,Vessel-04363,Maersk,Panamax,6500,Liberia
SR04364,SHP04364,Vessel-04364,MSC,Post-Panamax,8500,Panama
SR04365,SHP04365,Vessel-04365,CMA CGM,Ultra Large Container Vessel,12000,Malta
SR04366,SHP04366,Vessel-04366,Hapag-Lloyd,Panamax,3000,India
SR04367,SHP04367,Vessel-04367,Evergreen,Post-Panamax,4500,Singapore
SR04368,SHP04368,Vessel-04368,ONE,Ultra Large Container Vessel,6500,Liberia
SR04369,SHP04369,Vessel-04369,Maersk,Panamax,8500,Panama
SR04370,SHP04370,Vessel-04370,MSC,Post-Panamax,12000,Malta
SR04371,SHP04371,Vessel-04371,CMA CGM,Ultra Large Container Vessel,3000,India
SR04372,SHP04372,Vessel-04372,Hapag-Lloyd,Panamax,4500,Singapore
SR04373,SHP04373,Vessel-04373,Evergreen,Post-Panamax,6500,Liberia
SR04374,SHP04374,Vessel-04374,ONE,Ultra Large Container Vessel,8500,Panama
SR04375,SHP04375,Vessel-04375,Maersk,Panamax,12000,Malta
SR04376,SHP04376,Vessel-04376,MSC,Post-Panamax,3000,India
SR04377,SHP04377,Vessel-04377,CMA CGM,Ultra Large Container Vessel,4500,Singapore
SR04378,SHP04378,Vessel-04378,Hapag-Lloyd,Panamax,6500,Liberia
SR04379,SHP04379,Vessel-04379,Evergreen,Post-Panamax,8500,Panama
SR04380,SHP04380,Vessel-04380,ONE,Ultra Large Container Vessel,12000,Malta
SR04381,SHP04381,Vessel-04381,Maersk,Panamax,3000,India
SR04382,SHP04382,Vessel-04382,MSC,Post-Panamax,4500,Singapore
SR04383,SHP04383,Vessel-04383,CMA CGM,Ultra Large Container Vessel,6500,Liberia
SR04384,SHP04384,Vessel-04384,Hapag-Lloyd,Panamax,8500,Panama
SR04385,SHP04385,Vessel-04385,Evergreen,Post-Panamax,12000,Malta
SR04386,SHP04386,Vessel-04386,ONE,Ultra Large Container Vessel,3000,India
SR04387,SHP04387,Vessel-04387,Maersk,Panamax,4500,Singapore
SR04388,SHP04388,Vessel-04388,MSC,Post-Panamax,6500,Liberia
SR04389,SHP04389,Vessel-04389,CMA CGM,Ultra Large Container Vessel,8500,Panama
SR04390,SHP04390,Vessel-04390,Hapag-Lloyd,Panamax,12000,Malta
SR04391,SHP04391,Vessel-04391,Evergreen,Post-Panamax,3000,India
SR04392,SHP04392,Vessel-04392,ONE,Ultra Large Container Vessel,4500,Singapore
SR04393,SHP04393,Vessel-04393,Maersk,Panamax,6500,Liberia
SR04394,SHP04394,Vessel-04394,MSC,Post-Panamax,8500,Panama
SR04395,SHP04395,Vessel-04395,CMA CGM,Ultra Large Container Vessel,12000,Malta
SR04396,SHP04396,Vessel-04396,Hapag-Lloyd,Panamax,3000,India
SR04397,SHP04397,Vessel-04397,Evergreen,Post-Panamax,4500,Singapore
SR04398,SHP04398,Vessel-04398,ONE,Ultra Large Container Vessel,6500,Liberia
SR04399,SHP04399,Vessel-04399,Maersk,Panamax,8500,Panama
SR04400,SHP04400,Vessel-04400,MSC,Post-Panamax,12000,Malta
SR04401,SHP04401,Vessel-04401,CMA CGM,Ultra Large Container Vessel,3000,India
SR04402,SHP04402,Vessel-04402,Hapag-Lloyd,Panamax,4500,Singapore
SR04403,SHP04403,Vessel-04403,Evergreen,Post-Panamax,6500,Liberia
SR04404,SHP04404,Vessel-04404,ONE,Ultra Large Container Vessel,8500,Panama
SR04405,SHP04405,Vessel-04405,Maersk,Panamax,12000,Malta
SR04406,SHP04406,Vessel-04406,MSC,Post-Panamax,3000,India
SR04407,SHP04407,Vessel-04407,CMA CGM,Ultra Large Container Vessel,4500,Singapore
SR04408,SHP04408,Vessel-04408,Hapag-Lloyd,Panamax,6500,Liberia
SR04409,SHP04409,Vessel-04409,Evergreen,Post-Panamax,8500,Panama
SR04410,SHP04410,Vessel-04410,ONE,Ultra Large Container Vessel,12000,Malta
SR04411,SHP04411,Vessel-04411,Maersk,Panamax,3000,India
SR04412,SHP04412,Vessel-04412,MSC,Post-Panamax,4500,Singapore
SR04413,SHP04413,Vessel-04413,CMA CGM,Ultra Large Container Vessel,6500,Liberia
SR04414,SHP04414,Vessel-04414,Hapag-Lloyd,Panamax,8500,Panama
SR04415,SHP04415,Vessel-04415,Evergreen,Post-Panamax,12000,Malta
SR04416,SHP04416,Vessel-04416,ONE,Ultra Large Container Vessel,3000,India
SR04417,SHP04417,Vessel-04417,Maersk,Panamax,4500,Singapore
SR04418,SHP04418,Vessel-04418,MSC,Post-Panamax,6500,Liberia
SR04419,SHP04419,Vessel-04419,CMA CGM,Ultra Large Container Vessel,8500,Panama
SR04420,SHP04420,Vessel-04420,Hapag-Lloyd,Panamax,12000,Malta
SR04421,SHP04421,Vessel-04421,Evergreen,Post-Panamax,3000,India
SR04422,SHP04422,Vessel-04422,ONE,Ultra Large Container Vessel,4500,Singapore
SR04423,SHP04423,Vessel-04423,Maersk,Panamax,6500,Liberia
SR04424,SHP04424,Vessel-04424,MSC,Post-Panamax,8500,Panama
SR04425,SHP04425,Vessel-04425,CMA CGM,Ultra Large Container Vessel,12000,Malta
SR04426,SHP04426,Vessel-04426,Hapag-Lloyd,Panamax,3000,India
SR04427,SHP04427,Vessel-04427,Evergreen,Post-Panamax,4500,Singapore
SR04428,SHP04428,Vessel-04428,ONE,Ultra Large Container Vessel,6500,Liberia
SR04429,SHP04429,Vessel-04429,Maersk,Panamax,8500,Panama
SR04430,SHP04430,Vessel-04430,MSC,Post-Panamax,12000,Malta
SR04431,SHP04431,Vessel-04431,CMA CGM,Ultra Large Container Vessel,3000,India
SR04432,SHP04432,Vessel-04432,Hapag-Lloyd,Panamax,4500,Singapore
SR04433,SHP04433,Vessel-04433,Evergreen,Post-Panamax,6500,Liberia
SR04434,SHP04434,Vessel-04434,ONE,Ultra Large Container Vessel,8500,Panama
SR04435,SHP04435,Vessel-04435,Maersk,Panamax,12000,Malta
SR04436,SHP04436,Vessel-04436,MSC,Post-Panamax,3000,India
SR04437,SHP04437,Vessel-04437,CMA CGM,Ultra Large Container Vessel,4500,Singapore
SR04438,SHP04438,Vessel-04438,Hapag-Lloyd,Panamax,6500,Liberia
SR04439,SHP04439,Vessel-04439,Evergreen,Post-Panamax,8500,Panama
SR04440,SHP04440,Vessel-04440,ONE,Ultra Large Container Vessel,12000,Malta
SR04441,SHP04441,Vessel-04441,Maersk,Panamax,3000,India
SR04442,SHP04442,Vessel-04442,MSC,Post-Panamax,4500,Singapore
SR04443,SHP04443,Vessel-04443,CMA CGM,Ultra Large Container Vessel,6500,Liberia
SR04444,SHP04444,Vessel-04444,Hapag-Lloyd,Panamax,8500,Panama
SR04445,SHP04445,Vessel-04445,Evergreen,Post-Panamax,12000,Malta
SR04446,SHP04446,Vessel-04446,ONE,Ultra Large Container Vessel,3000,India
SR04447,SHP04447,Vessel-04447,Maersk,Panamax,4500,Singapore
SR04448,SHP04448,Vessel-04448,MSC,Post-Panamax,6500,Liberia
SR04449,SHP04449,Vessel-04449,CMA CGM,Ultra Large Container Vessel,8500,Panama
SR04450,SHP04450,Vessel-04450,Hapag-Lloyd,Panamax,12000,Malta
SR04451,SHP04451,Vessel-04451,Evergreen,Post-Panamax,3000,India
SR04452,SHP04452,Vessel-04452,ONE,Ultra Large Container Vessel,4500,Singapore
SR04453,SHP04453,Vessel-04453,Maersk,Panamax,6500,Liberia
SR04454,SHP04454,Vessel-04454,MSC,Post-Panamax,8500,Panama
SR04455,SHP04455,Vessel-04455,CMA CGM,Ultra Large Container Vessel,12000,Malta
SR04456,SHP04456,Vessel-04456,Hapag-Lloyd,Panamax,3000,India
SR04457,SHP04457,Vessel-04457,Evergreen,Post-Panamax,4500,Singapore
SR04458,SHP04458,Vessel-04458,ONE,Ultra Large Container Vessel,6500,Liberia
SR04459,SHP04459,Vessel-04459,Maersk,Panamax,8500,Panama
SR04460,SHP04460,Vessel-04460,MSC,Post-Panamax,12000,Malta
SR04461,SHP04461,Vessel-04461,CMA CGM,Ultra Large Container Vessel,3000,India
SR04462,SHP04462,Vessel-04462,Hapag-Lloyd,Panamax,4500,Singapore
SR04463,SHP04463,Vessel-04463,Evergreen,Post-Panamax,6500,Liberia
SR04464,SHP04464,Vessel-04464,ONE,Ultra Large Container Vessel,8500,Panama
SR04465,SHP04465,Vessel-04465,Maersk,Panamax,12000,Malta
SR04466,SHP04466,Vessel-04466,MSC,Post-Panamax,3000,India
SR04467,SHP04467,Vessel-04467,CMA CGM,Ultra Large Container Vessel,4500,Singapore
SR04468,SHP04468,Vessel-04468,Hapag-Lloyd,Panamax,6500,Liberia
SR04469,SHP04469,Vessel-04469,Evergreen,Post-Panamax,8500,Panama
SR04470,SHP04470,Vessel-04470,ONE,Ultra Large Container Vessel,12000,Malta
SR04471,SHP04471,Vessel-04471,Maersk,Panamax,3000,India
SR04472,SHP04472,Vessel-04472,MSC,Post-Panamax,4500,Singapore
SR04473,SHP04473,Vessel-04473,CMA CGM,Ultra Large Container Vessel,6500,Liberia
SR04474,SHP04474,Vessel-04474,Hapag-Lloyd,Panamax,8500,Panama
SR04475,SHP04475,Vessel-04475,Evergreen,Post-Panamax,12000,Malta
SR04476,SHP04476,Vessel-04476,ONE,Ultra Large Container Vessel,3000,India
SR04477,SHP04477,Vessel-04477,Maersk,Panamax,4500,Singapore
SR04478,SHP04478,Vessel-04478,MSC,Post-Panamax,6500,Liberia
SR04479,SHP04479,Vessel-04479,CMA CGM,Ultra Large Container Vessel,8500,Panama
SR04480,SHP04480,Vessel-04480,Hapag-Lloyd,Panamax,12000,Malta
SR04481,SHP04481,Vessel-04481,Evergreen,Post-Panamax,3000,India
SR04482,SHP04482,Vessel-04482,ONE,Ultra Large Container Vessel,4500,Singapore
SR04483,SHP04483,Vessel-04483,Maersk,Panamax,6500,Liberia
SR04484,SHP04484,Vessel-04484,MSC,Post-Panamax,8500,Panama
SR04485,SHP04485,Vessel-04485,CMA CGM,Ultra Large Container Vessel,12000,Malta
SR04486,SHP04486,Vessel-04486,Hapag-Lloyd,Panamax,3000,India
SR04487,SHP04487,Vessel-04487,Evergreen,Post-Panamax,4500,Singapore
SR04488,SHP04488,Vessel-04488,ONE,Ultra Large Container Vessel,6500,Liberia
SR04489,SHP04489,Vessel-04489,Maersk,Panamax,8500,Panama
SR04490,SHP04490,Vessel-04490,MSC,Post-Panamax,12000,Malta
SR04491,SHP04491,Vessel-04491,CMA CGM,Ultra Large Container Vessel,3000,India
SR04492,SHP04492,Vessel-04492,Hapag-Lloyd,Panamax,4500,Singapore
SR04493,SHP04493,Vessel-04493,Evergreen,Post-Panamax,6500,Liberia
SR04494,SHP04494,Vessel-04494,ONE,Ultra Large Container Vessel,8500,Panama
SR04495,SHP04495,Vessel-04495,Maersk,Panamax,12000,Malta
SR04496,SHP04496,Vessel-04496,MSC,Post-Panamax,3000,India
SR04497,SHP04497,Vessel-04497,CMA CGM,Ultra Large Container Vessel,4500,Singapore
SR04498,SHP04498,Vessel-04498,Hapag-Lloyd,Panamax,6500,Liberia
SR04499,SHP04499,Vessel-04499,Evergreen,Post-Panamax,8500,Panama
SR04500,SHP04500,Vessel-04500,ONE,Ultra Large Container Vessel,12000,Malta
SR04501,SHP04501,Vessel-04501,Maersk,Panamax,3000,India
SR04502,SHP04502,Vessel-04502,MSC,Post-Panamax,4500,Singapore
SR04503,SHP04503,Vessel-04503,CMA CGM,Ultra Large Container Vessel,6500,Liberia
SR04504,SHP04504,Vessel-04504,Hapag-Lloyd,Panamax,8500,Panama
SR04505,SHP04505,Vessel-04505,Evergreen,Post-Panamax,12000,Malta
SR04506,SHP04506,Vessel-04506,ONE,Ultra Large Container Vessel,3000,India
SR04507,SHP04507,Vessel-04507,Maersk,Panamax,4500,Singapore
SR04508,SHP04508,Vessel-04508,MSC,Post-Panamax,6500,Liberia
SR04509,SHP04509,Vessel-04509,CMA CGM,Ultra Large Container Vessel,8500,Panama
SR04510,SHP04510,Vessel-04510,Hapag-Lloyd,Panamax,12000,Malta
SR04511,SHP04511,Vessel-04511,Evergreen,Post-Panamax,3000,India
SR04512,SHP04512,Vessel-04512,ONE,Ultra Large Container Vessel,4500,Singapore
SR04513,SHP04513,Vessel-04513,Maersk,Panamax,6500,Liberia
SR04514,SHP04514,Vessel-04514,MSC,Post-Panamax,8500,Panama
SR04515,SHP04515,Vessel-04515,CMA CGM,Ultra Large Container Vessel,12000,Malta
SR04516,SHP04516,Vessel-04516,Hapag-Lloyd,Panamax,3000,India
SR04517,SHP04517,Vessel-04517,Evergreen,Post-Panamax,4500,Singapore
SR04518,SHP04518,Vessel-04518,ONE,Ultra Large Container Vessel,6500,Liberia
SR04519,SHP04519,Vessel-04519,Maersk,Panamax,8500,Panama
SR04520,SHP04520,Vessel-04520,MSC,Post-Panamax,12000,Malta
SR04521,SHP04521,Vessel-04521,CMA CGM,Ultra Large Container Vessel,3000,India
SR04522,SHP04522,Vessel-04522,Hapag-Lloyd,Panamax,4500,Singapore
SR04523,SHP04523,Vessel-04523,Evergreen,Post-Panamax,6500,Liberia
SR04524,SHP04524,Vessel-04524,ONE,Ultra Large Container Vessel,8500,Panama
SR04525,SHP04525,Vessel-04525,Maersk,Panamax,12000,Malta
SR04526,SHP04526,Vessel-04526,MSC,Post-Panamax,3000,India
SR04527,SHP04527,Vessel-04527,CMA CGM,Ultra Large Container Vessel,4500,Singapore
SR04528,SHP04528,Vessel-04528,Hapag-Lloyd,Panamax,6500,Liberia
SR04529,SHP04529,Vessel-04529,Evergreen,Post-Panamax,8500,Panama
SR04530,SHP04530,Vessel-04530,ONE,Ultra Large Container Vessel,12000,Malta
SR04531,SHP04531,Vessel-04531,Maersk,Panamax,3000,India
SR04532,SHP04532,Vessel-04532,MSC,Post-Panamax,4500,Singapore
SR04533,SHP04533,Vessel-04533,CMA CGM,Ultra Large Container Vessel,6500,Liberia
SR04534,SHP04534,Vessel-04534,Hapag-Lloyd,Panamax,8500,Panama
SR04535,SHP04535,Vessel-04535,Evergreen,Post-Panamax,12000,Malta
SR04536,SHP04536,Vessel-04536,ONE,Ultra Large Container Vessel,3000,India
SR04537,SHP04537,Vessel-04537,Maersk,Panamax,4500,Singapore
SR04538,SHP04538,Vessel-04538,MSC,Post-Panamax,6500,Liberia
SR04539,SHP04539,Vessel-04539,CMA CGM,Ultra Large Container Vessel,8500,Panama
SR04540,SHP04540,Vessel-04540,Hapag-Lloyd,Panamax,12000,Malta
SR04541,SHP04541,Vessel-04541,Evergreen,Post-Panamax,3000,India
SR04542,SHP04542,Vessel-04542,ONE,Ultra Large Container Vessel,4500,Singapore
SR04543,SHP04543,Vessel-04543,Maersk,Panamax,6500,Liberia
SR04544,SHP04544,Vessel-04544,MSC,Post-Panamax,8500,Panama
SR04545,SHP04545,Vessel-04545,CMA CGM,Ultra Large Container Vessel,12000,Malta
SR04546,SHP04546,Vessel-04546,Hapag-Lloyd,Panamax,3000,India
SR04547,SHP04547,Vessel-04547,Evergreen,Post-Panamax,4500,Singapore
SR04548,SHP04548,Vessel-04548,ONE,Ultra Large Container Vessel,6500,Liberia
SR04549,SHP04549,Vessel-04549,Maersk,Panamax,8500,Panama
SR04550,SHP04550,Vessel-04550,MSC,Post-Panamax,12000,Malta
SR04551,SHP04551,Vessel-04551,CMA CGM,Ultra Large Container Vessel,3000,India
SR04552,SHP04552,Vessel-04552,Hapag-Lloyd,Panamax,4500,Singapore
SR04553,SHP04553,Vessel-04553,Evergreen,Post-Panamax,6500,Liberia
SR04554,SHP04554,Vessel-04554,ONE,Ultra Large Container Vessel,8500,Panama
SR04555,SHP04555,Vessel-04555,Maersk,Panamax,12000,Malta
SR04556,SHP04556,Vessel-04556,MSC,Post-Panamax,3000,India
SR04557,SHP04557,Vessel-04557,CMA CGM,Ultra Large Container Vessel,4500,Singapore
SR04558,SHP04558,Vessel-04558,Hapag-Lloyd,Panamax,6500,Liberia
SR04559,SHP04559,Vessel-04559,Evergreen,Post-Panamax,8500,Panama
SR04560,SHP04560,Vessel-04560,ONE,Ultra Large Container Vessel,12000,Malta
SR04561,SHP04561,Vessel-04561,Maersk,Panamax,3000,India
SR04562,SHP04562,Vessel-04562,MSC,Post-Panamax,4500,Singapore
SR04563,SHP04563,Vessel-04563,CMA CGM,Ultra Large Container Vessel,6500,Liberia
SR04564,SHP04564,Vessel-04564,Hapag-Lloyd,Panamax,8500,Panama
SR04565,SHP04565,Vessel-04565,Evergreen,Post-Panamax,12000,Malta
SR04566,SHP04566,Vessel-04566,ONE,Ultra Large Container Vessel,3000,India
SR04567,SHP04567,Vessel-04567,Maersk,Panamax,4500,Singapore
SR04568,SHP04568,Vessel-04568,MSC,Post-Panamax,6500,Liberia
SR04569,SHP04569,Vessel-04569,CMA CGM,Ultra Large Container Vessel,8500,Panama
SR04570,SHP04570,Vessel-04570,Hapag-Lloyd,Panamax,12000,Malta
SR04571,SHP04571,Vessel-04571,Evergreen,Post-Panamax,3000,India
SR04572,SHP04572,Vessel-04572,ONE,Ultra Large Container Vessel,4500,Singapore
SR04573,SHP04573,Vessel-04573,Maersk,Panamax,6500,Liberia
SR04574,SHP04574,Vessel-04574,MSC,Post-Panamax,8500,Panama
SR04575,SHP04575,Vessel-04575,CMA CGM,Ultra Large Container Vessel,12000,Malta
SR04576,SHP04576,Vessel-04576,Hapag-Lloyd,Panamax,3000,India
SR04577,SHP04577,Vessel-04577,Evergreen,Post-Panamax,4500,Singapore
SR04578,SHP04578,Vessel-04578,ONE,Ultra Large Container Vessel,6500,Liberia
SR04579,SHP04579,Vessel-04579,Maersk,Panamax,8500,Panama
SR04580,SHP04580,Vessel-04580,MSC,Post-Panamax,12000,Malta
SR04581,SHP04581,Vessel-04581,CMA CGM,Ultra Large Container Vessel,3000,India
SR04582,SHP04582,Vessel-04582,Hapag-Lloyd,Panamax,4500,Singapore
SR04583,SHP04583,Vessel-04583,Evergreen,Post-Panamax,6500,Liberia
SR04584,SHP04584,Vessel-04584,ONE,Ultra Large Container Vessel,8500,Panama
SR04585,SHP04585,Vessel-04585,Maersk,Panamax,12000,Malta
SR04586,SHP04586,Vessel-04586,MSC,Post-Panamax,3000,India
SR04587,SHP04587,Vessel-04587,CMA CGM,Ultra Large Container Vessel,4500,Singapore
SR04588,SHP04588,Vessel-04588,Hapag-Lloyd,Panamax,6500,Liberia
SR04589,SHP04589,Vessel-04589,Evergreen,Post-Panamax,8500,Panama
SR04590,SHP04590,Vessel-04590,ONE,Ultra Large Container Vessel,12000,Malta
SR04591,SHP04591,Vessel-04591,Maersk,Panamax,3000,India
SR04592,SHP04592,Vessel-04592,MSC,Post-Panamax,4500,Singapore
SR04593,SHP04593,Vessel-04593,CMA CGM,Ultra Large Container Vessel,6500,Liberia
SR04594,SHP04594,Vessel-04594,Hapag-Lloyd,Panamax,8500,Panama
SR04595,SHP04595,Vessel-04595,Evergreen,Post-Panamax,12000,Malta
SR04596,SHP04596,Vessel-04596,ONE,Ultra Large Container Vessel,3000,India
SR04597,SHP04597,Vessel-04597,Maersk,Panamax,4500,Singapore
SR04598,SHP04598,Vessel-04598,MSC,Post-Panamax,6500,Liberia
SR04599,SHP04599,Vessel-04599,CMA CGM,Ultra Large Container Vessel,8500,Panama
SR04600,SHP04600,Vessel-04600,Hapag-Lloyd,Panamax,12000,Malta
SR04601,SHP04601,Vessel-04601,Evergreen,Post-Panamax,3000,India
SR04602,SHP04602,Vessel-04602,ONE,Ultra Large Container Vessel,4500,Singapore
SR04603,SHP04603,Vessel-04603,Maersk,Panamax,6500,Liberia
SR04604,SHP04604,Vessel-04604,MSC,Post-Panamax,8500,Panama
SR04605,SHP04605,Vessel-04605,CMA CGM,Ultra Large Container Vessel,12000,Malta
SR04606,SHP04606,Vessel-04606,Hapag-Lloyd,Panamax,3000,India
SR04607,SHP04607,Vessel-04607,Evergreen,Post-Panamax,4500,Singapore
SR04608,SHP04608,Vessel-04608,ONE,Ultra Large Container Vessel,6500,Liberia
SR04609,SHP04609,Vessel-04609,Maersk,Panamax,8500,Panama
SR04610,SHP04610,Vessel-04610,MSC,Post-Panamax,12000,Malta
SR04611,SHP04611,Vessel-04611,CMA CGM,Ultra Large Container Vessel,3000,India
SR04612,SHP04612,Vessel-04612,Hapag-Lloyd,Panamax,4500,Singapore
SR04613,SHP04613,Vessel-04613,Evergreen,Post-Panamax,6500,Liberia
SR04614,SHP04614,Vessel-04614,ONE,Ultra Large Container Vessel,8500,Panama
SR04615,SHP04615,Vessel-04615,Maersk,Panamax,12000,Malta
SR04616,SHP04616,Vessel-04616,MSC,Post-Panamax,3000,India
SR04617,SHP04617,Vessel-04617,CMA CGM,Ultra Large Container Vessel,4500,Singapore
SR04618,SHP04618,Vessel-04618,Hapag-Lloyd,Panamax,6500,Liberia
SR04619,SHP04619,Vessel-04619,Evergreen,Post-Panamax,8500,Panama
SR04620,SHP04620,Vessel-04620,ONE,Ultra Large Container Vessel,12000,Malta
SR04621,SHP04621,Vessel-04621,Maersk,Panamax,3000,India
SR04622,SHP04622,Vessel-04622,MSC,Post-Panamax,4500,Singapore
SR04623,SHP04623,Vessel-04623,CMA CGM,Ultra Large Container Vessel,6500,Liberia
SR04624,SHP04624,Vessel-04624,Hapag-Lloyd,Panamax,8500,Panama
SR04625,SHP04625,Vessel-04625,Evergreen,Post-Panamax,12000,Malta
SR04626,SHP04626,Vessel-04626,ONE,Ultra Large Container Vessel,3000,India
SR04627,SHP04627,Vessel-04627,Maersk,Panamax,4500,Singapore
SR04628,SHP04628,Vessel-04628,MSC,Post-Panamax,6500,Liberia
SR04629,SHP04629,Vessel-04629,CMA CGM,Ultra Large Container Vessel,8500,Panama
SR04630,SHP04630,Vessel-04630,Hapag-Lloyd,Panamax,12000,Malta
SR04631,SHP04631,Vessel-04631,Evergreen,Post-Panamax,3000,India
SR04632,SHP04632,Vessel-04632,ONE,Ultra Large Container Vessel,4500,Singapore
SR04633,SHP04633,Vessel-04633,Maersk,Panamax,6500,Liberia
SR04634,SHP04634,Vessel-04634,MSC,Post-Panamax,8500,Panama
SR04635,SHP04635,Vessel-04635,CMA CGM,Ultra Large Container Vessel,12000,Malta
SR04636,SHP04636,Vessel-04636,Hapag-Lloyd,Panamax,3000,India
SR04637,SHP04637,Vessel-04637,Evergreen,Post-Panamax,4500,Singapore
SR04638,SHP04638,Vessel-04638,ONE,Ultra Large Container Vessel,6500,Liberia
SR04639,SHP04639,Vessel-04639,Maersk,Panamax,8500,Panama
SR04640,SHP04640,Vessel-04640,MSC,Post-Panamax,12000,Malta
SR04641,SHP04641,Vessel-04641,CMA CGM,Ultra Large Container Vessel,3000,India
SR04642,SHP04642,Vessel-04642,Hapag-Lloyd,Panamax,4500,Singapore
SR04643,SHP04643,Vessel-04643,Evergreen,Post-Panamax,6500,Liberia
SR04644,SHP04644,Vessel-04644,ONE,Ultra Large Container Vessel,8500,Panama
SR04645,SHP04645,Vessel-04645,Maersk,Panamax,12000,Malta
SR04646,SHP04646,Vessel-04646,MSC,Post-Panamax,3000,India
SR04647,SHP04647,Vessel-04647,CMA CGM,Ultra Large Container Vessel,4500,Singapore
SR04648,SHP04648,Vessel-04648,Hapag-Lloyd,Panamax,6500,Liberia
SR04649,SHP04649,Vessel-04649,Evergreen,Post-Panamax,8500,Panama
SR04650,SHP04650,Vessel-04650,ONE,Ultra Large Container Vessel,12000,Malta
SR04651,SHP04651,Vessel-04651,Maersk,Panamax,3000,India
SR04652,SHP04652,Vessel-04652,MSC,Post-Panamax,4500,Singapore
SR04653,SHP04653,Vessel-04653,CMA CGM,Ultra Large Container Vessel,6500,Liberia
SR04654,SHP04654,Vessel-04654,Hapag-Lloyd,Panamax,8500,Panama
SR04655,SHP04655,Vessel-04655,Evergreen,Post-Panamax,12000,Malta
SR04656,SHP04656,Vessel-04656,ONE,Ultra Large Container Vessel,3000,India
SR04657,SHP04657,Vessel-04657,Maersk,Panamax,4500,Singapore
SR04658,SHP04658,Vessel-04658,MSC,Post-Panamax,6500,Liberia
SR04659,SHP04659,Vessel-04659,CMA CGM,Ultra Large Container Vessel,8500,Panama
SR04660,SHP04660,Vessel-04660,Hapag-Lloyd,Panamax,12000,Malta
SR04661,SHP04661,Vessel-04661,Evergreen,Post-Panamax,3000,India
SR04662,SHP04662,Vessel-04662,ONE,Ultra Large Container Vessel,4500,Singapore
SR04663,SHP04663,Vessel-04663,Maersk,Panamax,6500,Liberia
SR04664,SHP04664,Vessel-04664,MSC,Post-Panamax,8500,Panama
SR04665,SHP04665,Vessel-04665,CMA CGM,Ultra Large Container Vessel,12000,Malta
SR04666,SHP04666,Vessel-04666,Hapag-Lloyd,Panamax,3000,India
SR04667,SHP04667,Vessel-04667,Evergreen,Post-Panamax,4500,Singapore
SR04668,SHP04668,Vessel-04668,ONE,Ultra Large Container Vessel,6500,Liberia
SR04669,SHP04669,Vessel-04669,Maersk,Panamax,8500,Panama
SR04670,SHP04670,Vessel-04670,MSC,Post-Panamax,12000,Malta
SR04671,SHP04671,Vessel-04671,CMA CGM,Ultra Large Container Vessel,3000,India
SR04672,SHP04672,Vessel-04672,Hapag-Lloyd,Panamax,4500,Singapore
SR04673,SHP04673,Vessel-04673,Evergreen,Post-Panamax,6500,Liberia
SR04674,SHP04674,Vessel-04674,ONE,Ultra Large Container Vessel,8500,Panama
SR04675,SHP04675,Vessel-04675,Maersk,Panamax,12000,Malta
SR04676,SHP04676,Vessel-04676,MSC,Post-Panamax,3000,India
SR04677,SHP04677,Vessel-04677,CMA CGM,Ultra Large Container Vessel,4500,Singapore
SR04678,SHP04678,Vessel-04678,Hapag-Lloyd,Panamax,6500,Liberia
SR04679,SHP04679,Vessel-04679,Evergreen,Post-Panamax,8500,Panama
SR04680,SHP04680,Vessel-04680,ONE,Ultra Large Container Vessel,12000,Malta
SR04681,SHP04681,Vessel-04681,Maersk,Panamax,3000,India
SR04682,SHP04682,Vessel-04682,MSC,Post-Panamax,4500,Singapore
SR04683,SHP04683,Vessel-04683,CMA CGM,Ultra Large Container Vessel,6500,Liberia
SR04684,SHP04684,Vessel-04684,Hapag-Lloyd,Panamax,8500,Panama
SR04685,SHP04685,Vessel-04685,Evergreen,Post-Panamax,12000,Malta
SR04686,SHP04686,Vessel-04686,ONE,Ultra Large Container Vessel,3000,India
SR04687,SHP04687,Vessel-04687,Maersk,Panamax,4500,Singapore
SR04688,SHP04688,Vessel-04688,MSC,Post-Panamax,6500,Liberia
SR04689,SHP04689,Vessel-04689,CMA CGM,Ultra Large Container Vessel,8500,Panama
SR04690,SHP04690,Vessel-04690,Hapag-Lloyd,Panamax,12000,Malta
SR04691,SHP04691,Vessel-04691,Evergreen,Post-Panamax,3000,India
SR04692,SHP04692,Vessel-04692,ONE,Ultra Large Container Vessel,4500,Singapore
SR04693,SHP04693,Vessel-04693,Maersk,Panamax,6500,Liberia
SR04694,SHP04694,Vessel-04694,MSC,Post-Panamax,8500,Panama
SR04695,SHP04695,Vessel-04695,CMA CGM,Ultra Large Container Vessel,12000,Malta
SR04696,SHP04696,Vessel-04696,Hapag-Lloyd,Panamax,3000,India
SR04697,SHP04697,Vessel-04697,Evergreen,Post-Panamax,4500,Singapore
SR04698,SHP04698,Vessel-04698,ONE,Ultra Large Container Vessel,6500,Liberia
SR04699,SHP04699,Vessel-04699,Maersk,Panamax,8500,Panama
SR04700,SHP04700,Vessel-04700,MSC,Post-Panamax,12000,Malta
SR04701,SHP04701,Vessel-04701,CMA CGM,Ultra Large Container Vessel,3000,India
SR04702,SHP04702,Vessel-04702,Hapag-Lloyd,Panamax,4500,Singapore
SR04703,SHP04703,Vessel-04703,Evergreen,Post-Panamax,6500,Liberia
SR04704,SHP04704,Vessel-04704,ONE,Ultra Large Container Vessel,8500,Panama
SR04705,SHP04705,Vessel-04705,Maersk,Panamax,12000,Malta
SR04706,SHP04706,Vessel-04706,MSC,Post-Panamax,3000,India
SR04707,SHP04707,Vessel-04707,CMA CGM,Ultra Large Container Vessel,4500,Singapore
SR04708,SHP04708,Vessel-04708,Hapag-Lloyd,Panamax,6500,Liberia
SR04709,SHP04709,Vessel-04709,Evergreen,Post-Panamax,8500,Panama
SR04710,SHP04710,Vessel-04710,ONE,Ultra Large Container Vessel,12000,Malta
SR04711,SHP04711,Vessel-04711,Maersk,Panamax,3000,India
SR04712,SHP04712,Vessel-04712,MSC,Post-Panamax,4500,Singapore
SR04713,SHP04713,Vessel-04713,CMA CGM,Ultra Large Container Vessel,6500,Liberia
SR04714,SHP04714,Vessel-04714,Hapag-Lloyd,Panamax,8500,Panama
SR04715,SHP04715,Vessel-04715,Evergreen,Post-Panamax,12000,Malta
SR04716,SHP04716,Vessel-04716,ONE,Ultra Large Container Vessel,3000,India
SR04717,SHP04717,Vessel-04717,Maersk,Panamax,4500,Singapore
SR04718,SHP04718,Vessel-04718,MSC,Post-Panamax,6500,Liberia
SR04719,SHP04719,Vessel-04719,CMA CGM,Ultra Large Container Vessel,8500,Panama
SR04720,SHP04720,Vessel-04720,Hapag-Lloyd,Panamax,12000,Malta
SR04721,SHP04721,Vessel-04721,Evergreen,Post-Panamax,3000,India
SR04722,SHP04722,Vessel-04722,ONE,Ultra Large Container Vessel,4500,Singapore
SR04723,SHP04723,Vessel-04723,Maersk,Panamax,6500,Liberia
SR04724,SHP04724,Vessel-04724,MSC,Post-Panamax,8500,Panama
SR04725,SHP04725,Vessel-04725,CMA CGM,Ultra Large Container Vessel,12000,Malta
SR04726,SHP04726,Vessel-04726,Hapag-Lloyd,Panamax,3000,India
SR04727,SHP04727,Vessel-04727,Evergreen,Post-Panamax,4500,Singapore
SR04728,SHP04728,Vessel-04728,ONE,Ultra Large Container Vessel,6500,Liberia
SR04729,SHP04729,Vessel-04729,Maersk,Panamax,8500,Panama
SR04730,SHP04730,Vessel-04730,MSC,Post-Panamax,12000,Malta
SR04731,SHP04731,Vessel-04731,CMA CGM,Ultra Large Container Vessel,3000,India
SR04732,SHP04732,Vessel-04732,Hapag-Lloyd,Panamax,4500,Singapore
SR04733,SHP04733,Vessel-04733,Evergreen,Post-Panamax,6500,Liberia
SR04734,SHP04734,Vessel-04734,ONE,Ultra Large Container Vessel,8500,Panama
SR04735,SHP04735,Vessel-04735,Maersk,Panamax,12000,Malta
SR04736,SHP04736,Vessel-04736,MSC,Post-Panamax,3000,India
SR04737,SHP04737,Vessel-04737,CMA CGM,Ultra Large Container Vessel,4500,Singapore
SR04738,SHP04738,Vessel-04738,Hapag-Lloyd,Panamax,6500,Liberia
SR04739,SHP04739,Vessel-04739,Evergreen,Post-Panamax,8500,Panama
SR04740,SHP04740,Vessel-04740,ONE,Ultra Large Container Vessel,12000,Malta
SR04741,SHP04741,Vessel-04741,Maersk,Panamax,3000,India
SR04742,SHP04742,Vessel-04742,MSC,Post-Panamax,4500,Singapore
SR04743,SHP04743,Vessel-04743,CMA CGM,Ultra Large Container Vessel,6500,Liberia
SR04744,SHP04744,Vessel-04744,Hapag-Lloyd,Panamax,8500,Panama
SR04745,SHP04745,Vessel-04745,Evergreen,Post-Panamax,12000,Malta
SR04746,SHP04746,Vessel-04746,ONE,Ultra Large Container Vessel,3000,India
SR04747,SHP04747,Vessel-04747,Maersk,Panamax,4500,Singapore
SR04748,SHP04748,Vessel-04748,MSC,Post-Panamax,6500,Liberia
SR04749,SHP04749,Vessel-04749,CMA CGM,Ultra Large Container Vessel,8500,Panama
SR04750,SHP04750,Vessel-04750,Hapag-Lloyd,Panamax,12000,Malta
SR04751,SHP04751,Vessel-04751,Evergreen,Post-Panamax,3000,India
SR04752,SHP04752,Vessel-04752,ONE,Ultra Large Container Vessel,4500,Singapore
SR04753,SHP04753,Vessel-04753,Maersk,Panamax,6500,Liberia
SR04754,SHP04754,Vessel-04754,MSC,Post-Panamax,8500,Panama
SR04755,SHP04755,Vessel-04755,CMA CGM,Ultra Large Container Vessel,12000,Malta
SR04756,SHP04756,Vessel-04756,Hapag-Lloyd,Panamax,3000,India
SR04757,SHP04757,Vessel-04757,Evergreen,Post-Panamax,4500,Singapore
SR04758,SHP04758,Vessel-04758,ONE,Ultra Large Container Vessel,6500,Liberia
SR04759,SHP04759,Vessel-04759,Maersk,Panamax,8500,Panama
SR04760,SHP04760,Vessel-04760,MSC,Post-Panamax,12000,Malta
SR04761,SHP04761,Vessel-04761,CMA CGM,Ultra Large Container Vessel,3000,India
SR04762,SHP04762,Vessel-04762,Hapag-Lloyd,Panamax,4500,Singapore
SR04763,SHP04763,Vessel-04763,Evergreen,Post-Panamax,6500,Liberia
SR04764,SHP04764,Vessel-04764,ONE,Ultra Large Container Vessel,8500,Panama
SR04765,SHP04765,Vessel-04765,Maersk,Panamax,12000,Malta
SR04766,SHP04766,Vessel-04766,MSC,Post-Panamax,3000,India
SR04767,SHP04767,Vessel-04767,CMA CGM,Ultra Large Container Vessel,4500,Singapore
SR04768,SHP04768,Vessel-04768,Hapag-Lloyd,Panamax,6500,Liberia
SR04769,SHP04769,Vessel-04769,Evergreen,Post-Panamax,8500,Panama
SR04770,SHP04770,Vessel-04770,ONE,Ultra Large Container Vessel,12000,Malta
SR04771,SHP04771,Vessel-04771,Maersk,Panamax,3000,India
SR04772,SHP04772,Vessel-04772,MSC,Post-Panamax,4500,Singapore
SR04773,SHP04773,Vessel-04773,CMA CGM,Ultra Large Container Vessel,6500,Liberia
SR04774,SHP04774,Vessel-04774,Hapag-Lloyd,Panamax,8500,Panama
SR04775,SHP04775,Vessel-04775,Evergreen,Post-Panamax,12000,Malta
SR04776,SHP04776,Vessel-04776,ONE,Ultra Large Container Vessel,3000,India
SR04777,SHP04777,Vessel-04777,Maersk,Panamax,4500,Singapore
SR04778,SHP04778,Vessel-04778,MSC,Post-Panamax,6500,Liberia
SR04779,SHP04779,Vessel-04779,CMA CGM,Ultra Large Container Vessel,8500,Panama
SR04780,SHP04780,Vessel-04780,Hapag-Lloyd,Panamax,12000,Malta
SR04781,SHP04781,Vessel-04781,Evergreen,Post-Panamax,3000,India
SR04782,SHP04782,Vessel-04782,ONE,Ultra Large Container Vessel,4500,Singapore
SR04783,SHP04783,Vessel-04783,Maersk,Panamax,6500,Liberia
SR04784,SHP04784,Vessel-04784,MSC,Post-Panamax,8500,Panama
SR04785,SHP04785,Vessel-04785,CMA CGM,Ultra Large Container Vessel,12000,Malta
SR04786,SHP04786,Vessel-04786,Hapag-Lloyd,Panamax,3000,India
SR04787,SHP04787,Vessel-04787,Evergreen,Post-Panamax,4500,Singapore
SR04788,SHP04788,Vessel-04788,ONE,Ultra Large Container Vessel,6500,Liberia
SR04789,SHP04789,Vessel-04789,Maersk,Panamax,8500,Panama
SR04790,SHP04790,Vessel-04790,MSC,Post-Panamax,12000,Malta
SR04791,SHP04791,Vessel-04791,CMA CGM,Ultra Large Container Vessel,3000,India
SR04792,SHP04792,Vessel-04792,Hapag-Lloyd,Panamax,4500,Singapore
SR04793,SHP04793,Vessel-04793,Evergreen,Post-Panamax,6500,Liberia
SR04794,SHP04794,Vessel-04794,ONE,Ultra Large Container Vessel,8500,Panama
SR04795,SHP04795,Vessel-04795,Maersk,Panamax,12000,Malta
SR04796,SHP04796,Vessel-04796,MSC,Post-Panamax,3000,India
SR04797,SHP04797,Vessel-04797,CMA CGM,Ultra Large Container Vessel,4500,Singapore
SR04798,SHP04798,Vessel-04798,Hapag-Lloyd,Panamax,6500,Liberia
SR04799,SHP04799,Vessel-04799,Evergreen,Post-Panamax,8500,Panama
SR04800,SHP04800,Vessel-04800,ONE,Ultra Large Container Vessel,12000,Malta
SR04801,SHP04801,Vessel-04801,Maersk,Panamax,3000,India
SR04802,SHP04802,Vessel-04802,MSC,Post-Panamax,4500,Singapore
SR04803,SHP04803,Vessel-04803,CMA CGM,Ultra Large Container Vessel,6500,Liberia
SR04804,SHP04804,Vessel-04804,Hapag-Lloyd,Panamax,8500,Panama
SR04805,SHP04805,Vessel-04805,Evergreen,Post-Panamax,12000,Malta
SR04806,SHP04806,Vessel-04806,ONE,Ultra Large Container Vessel,3000,India
SR04807,SHP04807,Vessel-04807,Maersk,Panamax,4500,Singapore
SR04808,SHP04808,Vessel-04808,MSC,Post-Panamax,6500,Liberia
SR04809,SHP04809,Vessel-04809,CMA CGM,Ultra Large Container Vessel,8500,Panama
SR04810,SHP04810,Vessel-04810,Hapag-Lloyd,Panamax,12000,Malta
SR04811,SHP04811,Vessel-04811,Evergreen,Post-Panamax,3000,India
SR04812,SHP04812,Vessel-04812,ONE,Ultra Large Container Vessel,4500,Singapore
SR04813,SHP04813,Vessel-04813,Maersk,Panamax,6500,Liberia
SR04814,SHP04814,Vessel-04814,MSC,Post-Panamax,8500,Panama
SR04815,SHP04815,Vessel-04815,CMA CGM,Ultra Large Container Vessel,12000,Malta
SR04816,SHP04816,Vessel-04816,Hapag-Lloyd,Panamax,3000,India
SR04817,SHP04817,Vessel-04817,Evergreen,Post-Panamax,4500,Singapore
SR04818,SHP04818,Vessel-04818,ONE,Ultra Large Container Vessel,6500,Liberia
SR04819,SHP04819,Vessel-04819,Maersk,Panamax,8500,Panama
SR04820,SHP04820,Vessel-04820,MSC,Post-Panamax,12000,Malta
SR04821,SHP04821,Vessel-04821,CMA CGM,Ultra Large Container Vessel,3000,India
SR04822,SHP04822,Vessel-04822,Hapag-Lloyd,Panamax,4500,Singapore
SR04823,SHP04823,Vessel-04823,Evergreen,Post-Panamax,6500,Liberia
SR04824,SHP04824,Vessel-04824,ONE,Ultra Large Container Vessel,8500,Panama
SR04825,SHP04825,Vessel-04825,Maersk,Panamax,12000,Malta
SR04826,SHP04826,Vessel-04826,MSC,Post-Panamax,3000,India
SR04827,SHP04827,Vessel-04827,CMA CGM,Ultra Large Container Vessel,4500,Singapore
SR04828,SHP04828,Vessel-04828,Hapag-Lloyd,Panamax,6500,Liberia
SR04829,SHP04829,Vessel-04829,Evergreen,Post-Panamax,8500,Panama
SR04830,SHP04830,Vessel-04830,ONE,Ultra Large Container Vessel,12000,Malta
SR04831,SHP04831,Vessel-04831,Maersk,Panamax,3000,India
SR04832,SHP04832,Vessel-04832,MSC,Post-Panamax,4500,Singapore
SR04833,SHP04833,Vessel-04833,CMA CGM,Ultra Large Container Vessel,6500,Liberia
SR04834,SHP04834,Vessel-04834,Hapag-Lloyd,Panamax,8500,Panama
SR04835,SHP04835,Vessel-04835,Evergreen,Post-Panamax,12000,Malta
SR04836,SHP04836,Vessel-04836,ONE,Ultra Large Container Vessel,3000,India
SR04837,SHP04837,Vessel-04837,Maersk,Panamax,4500,Singapore
SR04838,SHP04838,Vessel-04838,MSC,Post-Panamax,6500,Liberia
SR04839,SHP04839,Vessel-04839,CMA CGM,Ultra Large Container Vessel,8500,Panama
SR04840,SHP04840,Vessel-04840,Hapag-Lloyd,Panamax,12000,Malta
SR04841,SHP04841,Vessel-04841,Evergreen,Post-Panamax,3000,India
SR04842,SHP04842,Vessel-04842,ONE,Ultra Large Container Vessel,4500,Singapore
SR04843,SHP04843,Vessel-04843,Maersk,Panamax,6500,Liberia
SR04844,SHP04844,Vessel-04844,MSC,Post-Panamax,8500,Panama
SR04845,SHP04845,Vessel-04845,CMA CGM,Ultra Large Container Vessel,12000,Malta
SR04846,SHP04846,Vessel-04846,Hapag-Lloyd,Panamax,3000,India
SR04847,SHP04847,Vessel-04847,Evergreen,Post-Panamax,4500,Singapore
SR04848,SHP04848,Vessel-04848,ONE,Ultra Large Container Vessel,6500,Liberia
SR04849,SHP04849,Vessel-04849,Maersk,Panamax,8500,Panama
SR04850,SHP04850,Vessel-04850,MSC,Post-Panamax,12000,Malta
SR04851,SHP04851,Vessel-04851,CMA CGM,Ultra Large Container Vessel,3000,India
SR04852,SHP04852,Vessel-04852,Hapag-Lloyd,Panamax,4500,Singapore
SR04853,SHP04853,Vessel-04853,Evergreen,Post-Panamax,6500,Liberia
SR04854,SHP04854,Vessel-04854,ONE,Ultra Large Container Vessel,8500,Panama
SR04855,SHP04855,Vessel-04855,Maersk,Panamax,12000,Malta
SR04856,SHP04856,Vessel-04856,MSC,Post-Panamax,3000,India
SR04857,SHP04857,Vessel-04857,CMA CGM,Ultra Large Container Vessel,4500,Singapore
SR04858,SHP04858,Vessel-04858,Hapag-Lloyd,Panamax,6500,Liberia
SR04859,SHP04859,Vessel-04859,Evergreen,Post-Panamax,8500,Panama
SR04860,SHP04860,Vessel-04860,ONE,Ultra Large Container Vessel,12000,Malta
SR04861,SHP04861,Vessel-04861,Maersk,Panamax,3000,India
SR04862,SHP04862,Vessel-04862,MSC,Post-Panamax,4500,Singapore
SR04863,SHP04863,Vessel-04863,CMA CGM,Ultra Large Container Vessel,6500,Liberia
SR04864,SHP04864,Vessel-04864,Hapag-Lloyd,Panamax,8500,Panama
SR04865,SHP04865,Vessel-04865,Evergreen,Post-Panamax,12000,Malta
SR04866,SHP04866,Vessel-04866,ONE,Ultra Large Container Vessel,3000,India
SR04867,SHP04867,Vessel-04867,Maersk,Panamax,4500,Singapore
SR04868,SHP04868,Vessel-04868,MSC,Post-Panamax,6500,Liberia
SR04869,SHP04869,Vessel-04869,CMA CGM,Ultra Large Container Vessel,8500,Panama
SR04870,SHP04870,Vessel-04870,Hapag-Lloyd,Panamax,12000,Malta
SR04871,SHP04871,Vessel-04871,Evergreen,Post-Panamax,3000,India
SR04872,SHP04872,Vessel-04872,ONE,Ultra Large Container Vessel,4500,Singapore
SR04873,SHP04873,Vessel-04873,Maersk,Panamax,6500,Liberia
SR04874,SHP04874,Vessel-04874,MSC,Post-Panamax,8500,Panama
SR04875,SHP04875,Vessel-04875,CMA CGM,Ultra Large Container Vessel,12000,Malta
SR04876,SHP04876,Vessel-04876,Hapag-Lloyd,Panamax,3000,India
SR04877,SHP04877,Vessel-04877,Evergreen,Post-Panamax,4500,Singapore
SR04878,SHP04878,Vessel-04878,ONE,Ultra Large Container Vessel,6500,Liberia
SR04879,SHP04879,Vessel-04879,Maersk,Panamax,8500,Panama
SR04880,SHP04880,Vessel-04880,MSC,Post-Panamax,12000,Malta
SR04881,SHP04881,Vessel-04881,CMA CGM,Ultra Large Container Vessel,3000,India
SR04882,SHP04882,Vessel-04882,Hapag-Lloyd,Panamax,4500,Singapore
SR04883,SHP04883,Vessel-04883,Evergreen,Post-Panamax,6500,Liberia
SR04884,SHP04884,Vessel-04884,ONE,Ultra Large Container Vessel,8500,Panama
SR04885,SHP04885,Vessel-04885,Maersk,Panamax,12000,Malta
SR04886,SHP04886,Vessel-04886,MSC,Post-Panamax,3000,India
SR04887,SHP04887,Vessel-04887,CMA CGM,Ultra Large Container Vessel,4500,Singapore
SR04888,SHP04888,Vessel-04888,Hapag-Lloyd,Panamax,6500,Liberia
SR04889,SHP04889,Vessel-04889,Evergreen,Post-Panamax,8500,Panama
SR04890,SHP04890,Vessel-04890,ONE,Ultra Large Container Vessel,12000,Malta
SR04891,SHP04891,Vessel-04891,Maersk,Panamax,3000,India
SR04892,SHP04892,Vessel-04892,MSC,Post-Panamax,4500,Singapore
SR04893,SHP04893,Vessel-04893,CMA CGM,Ultra Large Container Vessel,6500,Liberia
SR04894,SHP04894,Vessel-04894,Hapag-Lloyd,Panamax,8500,Panama
SR04895,SHP04895,Vessel-04895,Evergreen,Post-Panamax,12000,Malta
SR04896,SHP04896,Vessel-04896,ONE,Ultra Large Container Vessel,3000,India
SR04897,SHP04897,Vessel-04897,Maersk,Panamax,4500,Singapore
SR04898,SHP04898,Vessel-04898,MSC,Post-Panamax,6500,Liberia
SR04899,SHP04899,Vessel-04899,CMA CGM,Ultra Large Container Vessel,8500,Panama
SR04900,SHP04900,Vessel-04900,Hapag-Lloyd,Panamax,12000,Malta
SR04901,SHP04901,Vessel-04901,Evergreen,Post-Panamax,3000,India
SR04902,SHP04902,Vessel-04902,ONE,Ultra Large Container Vessel,4500,Singapore
SR04903,SHP04903,Vessel-04903,Maersk,Panamax,6500,Liberia
SR04904,SHP04904,Vessel-04904,MSC,Post-Panamax,8500,Panama
SR04905,SHP04905,Vessel-04905,CMA CGM,Ultra Large Container Vessel,12000,Malta
SR04906,SHP04906,Vessel-04906,Hapag-Lloyd,Panamax,3000,India
SR04907,SHP04907,Vessel-04907,Evergreen,Post-Panamax,4500,Singapore
SR04908,SHP04908,Vessel-04908,ONE,Ultra Large Container Vessel,6500,Liberia
SR04909,SHP04909,Vessel-04909,Maersk,Panamax,8500,Panama
SR04910,SHP04910,Vessel-04910,MSC,Post-Panamax,12000,Malta
SR04911,SHP04911,Vessel-04911,CMA CGM,Ultra Large Container Vessel,3000,India
SR04912,SHP04912,Vessel-04912,Hapag-Lloyd,Panamax,4500,Singapore
SR04913,SHP04913,Vessel-04913,Evergreen,Post-Panamax,6500,Liberia
SR04914,SHP04914,Vessel-04914,ONE,Ultra Large Container Vessel,8500,Panama
SR04915,SHP04915,Vessel-04915,Maersk,Panamax,12000,Malta
SR04916,SHP04916,Vessel-04916,MSC,Post-Panamax,3000,India
SR04917,SHP04917,Vessel-04917,CMA CGM,Ultra Large Container Vessel,4500,Singapore
SR04918,SHP04918,Vessel-04918,Hapag-Lloyd,Panamax,6500,Liberia
SR04919,SHP04919,Vessel-04919,Evergreen,Post-Panamax,8500,Panama
SR04920,SHP04920,Vessel-04920,ONE,Ultra Large Container Vessel,12000,Malta
SR04921,SHP04921,Vessel-04921,Maersk,Panamax,3000,India
SR04922,SHP04922,Vessel-04922,MSC,Post-Panamax,4500,Singapore
SR04923,SHP04923,Vessel-04923,CMA CGM,Ultra Large Container Vessel,6500,Liberia
SR04924,SHP04924,Vessel-04924,Hapag-Lloyd,Panamax,8500,Panama
SR04925,SHP04925,Vessel-04925,Evergreen,Post-Panamax,12000,Malta
SR04926,SHP04926,Vessel-04926,ONE,Ultra Large Container Vessel,3000,India
SR04927,SHP04927,Vessel-04927,Maersk,Panamax,4500,Singapore
SR04928,SHP04928,Vessel-04928,MSC,Post-Panamax,6500,Liberia
SR04929,SHP04929,Vessel-04929,CMA CGM,Ultra Large Container Vessel,8500,Panama
SR04930,SHP04930,Vessel-04930,Hapag-Lloyd,Panamax,12000,Malta
SR04931,SHP04931,Vessel-04931,Evergreen,Post-Panamax,3000,India
SR04932,SHP04932,Vessel-04932,ONE,Ultra Large Container Vessel,4500,Singapore
SR04933,SHP04933,Vessel-04933,Maersk,Panamax,6500,Liberia
SR04934,SHP04934,Vessel-04934,MSC,Post-Panamax,8500,Panama
SR04935,SHP04935,Vessel-04935,CMA CGM,Ultra Large Container Vessel,12000,Malta
SR04936,SHP04936,Vessel-04936,Hapag-Lloyd,Panamax,3000,India
SR04937,SHP04937,Vessel-04937,Evergreen,Post-Panamax,4500,Singapore
SR04938,SHP04938,Vessel-04938,ONE,Ultra Large Container Vessel,6500,Liberia
SR04939,SHP04939,Vessel-04939,Maersk,Panamax,8500,Panama
SR04940,SHP04940,Vessel-04940,MSC,Post-Panamax,12000,Malta
SR04941,SHP04941,Vessel-04941,CMA CGM,Ultra Large Container Vessel,3000,India
SR04942,SHP04942,Vessel-04942,Hapag-Lloyd,Panamax,4500,Singapore
SR04943,SHP04943,Vessel-04943,Evergreen,Post-Panamax,6500,Liberia
SR04944,SHP04944,Vessel-04944,ONE,Ultra Large Container Vessel,8500,Panama
SR04945,SHP04945,Vessel-04945,Maersk,Panamax,12000,Malta
SR04946,SHP04946,Vessel-04946,MSC,Post-Panamax,3000,India
SR04947,SHP04947,Vessel-04947,CMA CGM,Ultra Large Container Vessel,4500,Singapore
SR04948,SHP04948,Vessel-04948,Hapag-Lloyd,Panamax,6500,Liberia
SR04949,SHP04949,Vessel-04949,Evergreen,Post-Panamax,8500,Panama
SR04950,SHP04950,Vessel-04950,ONE,Ultra Large Container Vessel,12000,Malta
SR04951,SHP04951,Vessel-04951,Maersk,Panamax,3000,India
SR04952,SHP04952,Vessel-04952,MSC,Post-Panamax,4500,Singapore
SR04953,SHP04953,Vessel-04953,CMA CGM,Ultra Large Container Vessel,6500,Liberia
SR04954,SHP04954,Vessel-04954,Hapag-Lloyd,Panamax,8500,Panama
SR04955,SHP04955,Vessel-04955,Evergreen,Post-Panamax,12000,Malta
SR04956,SHP04956,Vessel-04956,ONE,Ultra Large Container Vessel,3000,India
SR04957,SHP04957,Vessel-04957,Maersk,Panamax,4500,Singapore
SR04958,SHP04958,Vessel-04958,MSC,Post-Panamax,6500,Liberia
SR04959,SHP04959,Vessel-04959,CMA CGM,Ultra Large Container Vessel,8500,Panama
SR04960,SHP04960,Vessel-04960,Hapag-Lloyd,Panamax,12000,Malta
SR04961,SHP04961,Vessel-04961,Evergreen,Post-Panamax,3000,India
SR04962,SHP04962,Vessel-04962,ONE,Ultra Large Container Vessel,4500,Singapore
SR04963,SHP04963,Vessel-04963,Maersk,Panamax,6500,Liberia
SR04964,SHP04964,Vessel-04964,MSC,Post-Panamax,8500,Panama
SR04965,SHP04965,Vessel-04965,CMA CGM,Ultra Large Container Vessel,12000,Malta
SR04966,SHP04966,Vessel-04966,Hapag-Lloyd,Panamax,3000,India
SR04967,SHP04967,Vessel-04967,Evergreen,Post-Panamax,4500,Singapore
SR04968,SHP04968,Vessel-04968,ONE,Ultra Large Container Vessel,6500,Liberia
SR04969,SHP04969,Vessel-04969,Maersk,Panamax,8500,Panama
SR04970,SHP04970,Vessel-04970,MSC,Post-Panamax,12000,Malta
SR04971,SHP04971,Vessel-04971,CMA CGM,Ultra Large Container Vessel,3000,India
SR04972,SHP04972,Vessel-04972,Hapag-Lloyd,Panamax,4500,Singapore
SR04973,SHP04973,Vessel-04973,Evergreen,Post-Panamax,6500,Liberia
SR04974,SHP04974,Vessel-04974,ONE,Ultra Large Container Vessel,8500,Panama
SR04975,SHP04975,Vessel-04975,Maersk,Panamax,12000,Malta
SR04976,SHP04976,Vessel-04976,MSC,Post-Panamax,3000,India
SR04977,SHP04977,Vessel-04977,CMA CGM,Ultra Large Container Vessel,4500,Singapore
SR04978,SHP04978,Vessel-04978,Hapag-Lloyd,Panamax,6500,Liberia
SR04979,SHP04979,Vessel-04979,Evergreen,Post-Panamax,8500,Panama
SR04980,SHP04980,Vessel-04980,ONE,Ultra Large Container Vessel,12000,Malta
SR04981,SHP04981,Vessel-04981,Maersk,Panamax,3000,India
SR04982,SHP04982,Vessel-04982,MSC,Post-Panamax,4500,Singapore
SR04983,SHP04983,Vessel-04983,CMA CGM,Ultra Large Container Vessel,6500,Liberia
SR04984,SHP04984,Vessel-04984,Hapag-Lloyd,Panamax,8500,Panama
SR04985,SHP04985,Vessel-04985,Evergreen,Post-Panamax,12000,Malta
SR04986,SHP04986,Vessel-04986,ONE,Ultra Large Container Vessel,3000,India
SR04987,SHP04987,Vessel-04987,Maersk,Panamax,4500,Singapore
SR04988,SHP04988,Vessel-04988,MSC,Post-Panamax,6500,Liberia
SR04989,SHP04989,Vessel-04989,CMA CGM,Ultra Large Container Vessel,8500,Panama
SR04990,SHP04990,Vessel-04990,Hapag-Lloyd,Panamax,12000,Malta
SR04991,SHP04991,Vessel-04991,Evergreen,Post-Panamax,3000,India
SR04992,SHP04992,Vessel-04992,ONE,Ultra Large Container Vessel,4500,Singapore
SR04993,SHP04993,Vessel-04993,Maersk,Panamax,6500,Liberia
SR04994,SHP04994,Vessel-04994,MSC,Post-Panamax,8500,Panama
SR04995,SHP04995,Vessel-04995,CMA CGM,Ultra Large Container Vessel,12000,Malta
SR04996,SHP04996,Vessel-04996,Hapag-Lloyd,Panamax,3000,India
SR04997,SHP04997,Vessel-04997,Evergreen,Post-Panamax,4500,Singapore
SR04998,SHP04998,Vessel-04998,ONE,Ultra Large Container Vessel,6500,Liberia
SR04999,SHP04999,Vessel-04999,Maersk,Panamax,8500,Panama
SR05000,SHP05000,Vessel-05000,MSC,Post-Panamax,12000,Malta
SR05001,SHP05001,Vessel-05001,CMA CGM,Ultra Large Container Vessel,3000,India
SR05002,SHP05002,Vessel-05002,Hapag-Lloyd,Panamax,4500,Singapore
SR05003,SHP05003,Vessel-05003,Evergreen,Post-Panamax,6500,Liberia
SR05004,SHP05004,Vessel-05004,ONE,Ultra Large Container Vessel,8500,Panama
SR05005,SHP05005,Vessel-05005,Maersk,Panamax,12000,Malta
SR05006,SHP05006,Vessel-05006,MSC,Post-Panamax,3000,India
SR05007,SHP05007,Vessel-05007,CMA CGM,Ultra Large Container Vessel,4500,Singapore
SR05008,SHP05008,Vessel-05008,Hapag-Lloyd,Panamax,6500,Liberia
SR05009,SHP05009,Vessel-05009,Evergreen,Post-Panamax,8500,Panama
SR05010,SHP05010,Vessel-05010,ONE,Ultra Large Container Vessel,12000,Malta
SR05011,SHP05011,Vessel-05011,Maersk,Panamax,3000,India
SR05012,SHP05012,Vessel-05012,MSC,Post-Panamax,4500,Singapore
SR05013,SHP05013,Vessel-05013,CMA CGM,Ultra Large Container Vessel,6500,Liberia
SR05014,SHP05014,Vessel-05014,Hapag-Lloyd,Panamax,8500,Panama
SR05015,SHP05015,Vessel-05015,Evergreen,Post-Panamax,12000,Malta
SR05016,SHP05016,Vessel-05016,ONE,Ultra Large Container Vessel,3000,India
SR05017,SHP05017,Vessel-05017,Maersk,Panamax,4500,Singapore
SR05018,SHP05018,Vessel-05018,MSC,Post-Panamax,6500,Liberia
SR05019,SHP05019,Vessel-05019,CMA CGM,Ultra Large Container Vessel,8500,Panama
SR05020,SHP05020,Vessel-05020,Hapag-Lloyd,Panamax,12000,Malta
SR05021,SHP05021,Vessel-05021,Evergreen,Post-Panamax,3000,India
SR05022,SHP05022,Vessel-05022,ONE,Ultra Large Container Vessel,4500,Singapore
SR05023,SHP05023,Vessel-05023,Maersk,Panamax,6500,Liberia
SR05024,SHP05024,Vessel-05024,MSC,Post-Panamax,8500,Panama
SR05025,SHP05025,Vessel-05025,CMA CGM,Ultra Large Container Vessel,12000,Malta
SR05026,SHP05026,Vessel-05026,Hapag-Lloyd,Panamax,3000,India
SR05027,SHP05027,Vessel-05027,Evergreen,Post-Panamax,4500,Singapore
SR05028,SHP05028,Vessel-05028,ONE,Ultra Large Container Vessel,6500,Liberia
SR05029,SHP05029,Vessel-05029,Maersk,Panamax,8500,Panama
SR05030,SHP05030,Vessel-05030,MSC,Post-Panamax,12000,Malta
SR05031,SHP05031,Vessel-05031,CMA CGM,Ultra Large Container Vessel,3000,India
SR05032,SHP05032,Vessel-05032,Hapag-Lloyd,Panamax,4500,Singapore
SR05033,SHP05033,Vessel-05033,Evergreen,Post-Panamax,6500,Liberia
SR05034,SHP05034,Vessel-05034,ONE,Ultra Large Container Vessel,8500,Panama
SR05035,SHP05035,Vessel-05035,Maersk,Panamax,12000,Malta
SR05036,SHP05036,Vessel-05036,MSC,Post-Panamax,3000,India
SR05037,SHP05037,Vessel-05037,CMA CGM,Ultra Large Container Vessel,4500,Singapore
SR05038,SHP05038,Vessel-05038,Hapag-Lloyd,Panamax,6500,Liberia
SR05039,SHP05039,Vessel-05039,Evergreen,Post-Panamax,8500,Panama
SR05040,SHP05040,Vessel-05040,ONE,Ultra Large Container Vessel,12000,Malta
SR05041,SHP05041,Vessel-05041,Maersk,Panamax,3000,India
SR05042,SHP05042,Vessel-05042,MSC,Post-Panamax,4500,Singapore
SR05043,SHP05043,Vessel-05043,CMA CGM,Ultra Large Container Vessel,6500,Liberia
SR05044,SHP05044,Vessel-05044,Hapag-Lloyd,Panamax,8500,Panama
SR05045,SHP05045,Vessel-05045,Evergreen,Post-Panamax,12000,Malta
SR05046,SHP05046,Vessel-05046,ONE,Ultra Large Container Vessel,3000,India
SR05047,SHP05047,Vessel-05047,Maersk,Panamax,4500,Singapore
SR05048,SHP05048,Vessel-05048,MSC,Post-Panamax,6500,Liberia
SR05049,SHP05049,Vessel-05049,CMA CGM,Ultra Large Container Vessel,8500,Panama
SR05050,SHP05050,Vessel-05050,Hapag-Lloyd,Panamax,12000,Malta
SR05051,SHP05051,Vessel-05051,Evergreen,Post-Panamax,3000,India
SR05052,SHP05052,Vessel-05052,ONE,Ultra Large Container Vessel,4500,Singapore
SR05053,SHP05053,Vessel-05053,Maersk,Panamax,6500,Liberia
SR05054,SHP05054,Vessel-05054,MSC,Post-Panamax,8500,Panama
SR05055,SHP05055,Vessel-05055,CMA CGM,Ultra Large Container Vessel,12000,Malta
SR05056,SHP05056,Vessel-05056,Hapag-Lloyd,Panamax,3000,India
SR05057,SHP05057,Vessel-05057,Evergreen,Post-Panamax,4500,Singapore
SR05058,SHP05058,Vessel-05058,ONE,Ultra Large Container Vessel,6500,Liberia
SR05059,SHP05059,Vessel-05059,Maersk,Panamax,8500,Panama
SR05060,SHP05060,Vessel-05060,MSC,Post-Panamax,12000,Malta
SR05061,SHP05061,Vessel-05061,CMA CGM,Ultra Large Container Vessel,3000,India
SR05062,SHP05062,Vessel-05062,Hapag-Lloyd,Panamax,4500,Singapore
SR05063,SHP05063,Vessel-05063,Evergreen,Post-Panamax,6500,Liberia
SR05064,SHP05064,Vessel-05064,ONE,Ultra Large Container Vessel,8500,Panama
SR05065,SHP05065,Vessel-05065,Maersk,Panamax,12000,Malta
SR05066,SHP05066,Vessel-05066,MSC,Post-Panamax,3000,India
SR05067,SHP05067,Vessel-05067,CMA CGM,Ultra Large Container Vessel,4500,Singapore
SR05068,SHP05068,Vessel-05068,Hapag-Lloyd,Panamax,6500,Liberia
SR05069,SHP05069,Vessel-05069,Evergreen,Post-Panamax,8500,Panama
SR05070,SHP05070,Vessel-05070,ONE,Ultra Large Container Vessel,12000,Malta
SR05071,SHP05071,Vessel-05071,Maersk,Panamax,3000,India
SR05072,SHP05072,Vessel-05072,MSC,Post-Panamax,4500,Singapore
SR05073,SHP05073,Vessel-05073,CMA CGM,Ultra Large Container Vessel,6500,Liberia
SR05074,SHP05074,Vessel-05074,Hapag-Lloyd,Panamax,8500,Panama
SR05075,SHP05075,Vessel-05075,Evergreen,Post-Panamax,12000,Malta
SR05076,SHP05076,Vessel-05076,ONE,Ultra Large Container Vessel,3000,India
SR05077,SHP05077,Vessel-05077,Maersk,Panamax,4500,Singapore
SR05078,SHP05078,Vessel-05078,MSC,Post-Panamax,6500,Liberia
SR05079,SHP05079,Vessel-05079,CMA CGM,Ultra Large Container Vessel,8500,Panama
SR05080,SHP05080,Vessel-05080,Hapag-Lloyd,Panamax,12000,Malta
SR05081,SHP05081,Vessel-05081,Evergreen,Post-Panamax,3000,India
SR05082,SHP05082,Vessel-05082,ONE,Ultra Large Container Vessel,4500,Singapore
SR05083,SHP05083,Vessel-05083,Maersk,Panamax,6500,Liberia
SR05084,SHP05084,Vessel-05084,MSC,Post-Panamax,8500,Panama
SR05085,SHP05085,Vessel-05085,CMA CGM,Ultra Large Container Vessel,12000,Malta
SR05086,SHP05086,Vessel-05086,Hapag-Lloyd,Panamax,3000,India
SR05087,SHP05087,Vessel-05087,Evergreen,Post-Panamax,4500,Singapore
SR05088,SHP05088,Vessel-05088,ONE,Ultra Large Container Vessel,6500,Liberia
SR05089,SHP05089,Vessel-05089,Maersk,Panamax,8500,Panama
SR05090,SHP05090,Vessel-05090,MSC,Post-Panamax,12000,Malta
SR05091,SHP05091,Vessel-05091,CMA CGM,Ultra Large Container Vessel,3000,India
SR05092,SHP05092,Vessel-05092,Hapag-Lloyd,Panamax,4500,Singapore
SR05093,SHP05093,Vessel-05093,Evergreen,Post-Panamax,6500,Liberia
SR05094,SHP05094,Vessel-05094,ONE,Ultra Large Container Vessel,8500,Panama
SR05095,SHP05095,Vessel-05095,Maersk,Panamax,12000,Malta
SR05096,SHP05096,Vessel-05096,MSC,Post-Panamax,3000,India
SR05097,SHP05097,Vessel-05097,CMA CGM,Ultra Large Container Vessel,4500,Singapore
SR05098,SHP05098,Vessel-05098,Hapag-Lloyd,Panamax,6500,Liberia
SR05099,SHP05099,Vessel-05099,Evergreen,Post-Panamax,8500,Panama
SR05100,SHP05100,Vessel-05100,ONE,Ultra Large Container Vessel,12000,Malta
SR05101,SHP05101,Vessel-05101,Maersk,Panamax,3000,India
SR05102,SHP05102,Vessel-05102,MSC,Post-Panamax,4500,Singapore
SR05103,SHP05103,Vessel-05103,CMA CGM,Ultra Large Container Vessel,6500,Liberia
SR05104,SHP05104,Vessel-05104,Hapag-Lloyd,Panamax,8500,Panama
SR05105,SHP05105,Vessel-05105,Evergreen,Post-Panamax,12000,Malta
SR05106,SHP05106,Vessel-05106,ONE,Ultra Large Container Vessel,3000,India
SR05107,SHP05107,Vessel-05107,Maersk,Panamax,4500,Singapore
SR05108,SHP05108,Vessel-05108,MSC,Post-Panamax,6500,Liberia
SR05109,SHP05109,Vessel-05109,CMA CGM,Ultra Large Container Vessel,8500,Panama
SR05110,SHP05110,Vessel-05110,Hapag-Lloyd,Panamax,12000,Malta
SR05111,SHP05111,Vessel-05111,Evergreen,Post-Panamax,3000,India
SR05112,SHP05112,Vessel-05112,ONE,Ultra Large Container Vessel,4500,Singapore
SR05113,SHP05113,Vessel-05113,Maersk,Panamax,6500,Liberia
SR05114,SHP05114,Vessel-05114,MSC,Post-Panamax,8500,Panama
SR05115,SHP05115,Vessel-05115,CMA CGM,Ultra Large Container Vessel,12000,Malta
SR05116,SHP05116,Vessel-05116,Hapag-Lloyd,Panamax,3000,India
SR05117,SHP05117,Vessel-05117,Evergreen,Post-Panamax,4500,Singapore
SR05118,SHP05118,Vessel-05118,ONE,Ultra Large Container Vessel,6500,Liberia
SR05119,SHP05119,Vessel-05119,Maersk,Panamax,8500,Panama
SR05120,SHP05120,Vessel-05120,MSC,Post-Panamax,12000,Malta
SR05121,SHP05121,Vessel-05121,CMA CGM,Ultra Large Container Vessel,3000,India
SR05122,SHP05122,Vessel-05122,Hapag-Lloyd,Panamax,4500,Singapore
SR05123,SHP05123,Vessel-05123,Evergreen,Post-Panamax,6500,Liberia
SR05124,SHP05124,Vessel-05124,ONE,Ultra Large Container Vessel,8500,Panama
SR05125,SHP05125,Vessel-05125,Maersk,Panamax,12000,Malta
SR05126,SHP05126,Vessel-05126,MSC,Post-Panamax,3000,India
SR05127,SHP05127,Vessel-05127,CMA CGM,Ultra Large Container Vessel,4500,Singapore
SR05128,SHP05128,Vessel-05128,Hapag-Lloyd,Panamax,6500,Liberia
SR05129,SHP05129,Vessel-05129,Evergreen,Post-Panamax,8500,Panama
SR05130,SHP05130,Vessel-05130,ONE,Ultra Large Container Vessel,12000,Malta
SR05131,SHP05131,Vessel-05131,Maersk,Panamax,3000,India
SR05132,SHP05132,Vessel-05132,MSC,Post-Panamax,4500,Singapore
SR05133,SHP05133,Vessel-05133,CMA CGM,Ultra Large Container Vessel,6500,Liberia
SR05134,SHP05134,Vessel-05134,Hapag-Lloyd,Panamax,8500,Panama
SR05135,SHP05135,Vessel-05135,Evergreen,Post-Panamax,12000,Malta
SR05136,SHP05136,Vessel-05136,ONE,Ultra Large Container Vessel,3000,India
SR05137,SHP05137,Vessel-05137,Maersk,Panamax,4500,Singapore
SR05138,SHP05138,Vessel-05138,MSC,Post-Panamax,6500,Liberia
SR05139,SHP05139,Vessel-05139,CMA CGM,Ultra Large Container Vessel,8500,Panama
SR05140,SHP05140,Vessel-05140,Hapag-Lloyd,Panamax,12000,Malta
SR05141,SHP05141,Vessel-05141,Evergreen,Post-Panamax,3000,India
SR05142,SHP05142,Vessel-05142,ONE,Ultra Large Container Vessel,4500,Singapore
SR05143,SHP05143,Vessel-05143,Maersk,Panamax,6500,Liberia
SR05144,SHP05144,Vessel-05144,MSC,Post-Panamax,8500,Panama
SR05145,SHP05145,Vessel-05145,CMA CGM,Ultra Large Container Vessel,12000,Malta
SR05146,SHP05146,Vessel-05146,Hapag-Lloyd,Panamax,3000,India
SR05147,SHP05147,Vessel-05147,Evergreen,Post-Panamax,4500,Singapore
SR05148,SHP05148,Vessel-05148,ONE,Ultra Large Container Vessel,6500,Liberia
SR05149,SHP05149,Vessel-05149,Maersk,Panamax,8500,Panama
SR05150,SHP05150,Vessel-05150,MSC,Post-Panamax,12000,Malta
SR05151,SHP05151,Vessel-05151,CMA CGM,Ultra Large Container Vessel,3000,India
SR05152,SHP05152,Vessel-05152,Hapag-Lloyd,Panamax,4500,Singapore
SR05153,SHP05153,Vessel-05153,Evergreen,Post-Panamax,6500,Liberia
SR05154,SHP05154,Vessel-05154,ONE,Ultra Large Container Vessel,8500,Panama
SR05155,SHP05155,Vessel-05155,Maersk,Panamax,12000,Malta
SR05156,SHP05156,Vessel-05156,MSC,Post-Panamax,3000,India
SR05157,SHP05157,Vessel-05157,CMA CGM,Ultra Large Container Vessel,4500,Singapore
SR05158,SHP05158,Vessel-05158,Hapag-Lloyd,Panamax,6500,Liberia
SR05159,SHP05159,Vessel-05159,Evergreen,Post-Panamax,8500,Panama
SR05160,SHP05160,Vessel-05160,ONE,Ultra Large Container Vessel,12000,Malta
SR05161,SHP05161,Vessel-05161,Maersk,Panamax,3000,India
SR05162,SHP05162,Vessel-05162,MSC,Post-Panamax,4500,Singapore
SR05163,SHP05163,Vessel-05163,CMA CGM,Ultra Large Container Vessel,6500,Liberia
SR05164,SHP05164,Vessel-05164,Hapag-Lloyd,Panamax,8500,Panama
SR05165,SHP05165,Vessel-05165,Evergreen,Post-Panamax,12000,Malta
SR05166,SHP05166,Vessel-05166,ONE,Ultra Large Container Vessel,3000,India
SR05167,SHP05167,Vessel-05167,Maersk,Panamax,4500,Singapore
SR05168,SHP05168,Vessel-05168,MSC,Post-Panamax,6500,Liberia
SR05169,SHP05169,Vessel-05169,CMA CGM,Ultra Large Container Vessel,8500,Panama
SR05170,SHP05170,Vessel-05170,Hapag-Lloyd,Panamax,12000,Malta
SR05171,SHP05171,Vessel-05171,Evergreen,Post-Panamax,3000,India
SR05172,SHP05172,Vessel-05172,ONE,Ultra Large Container Vessel,4500,Singapore
SR05173,SHP05173,Vessel-05173,Maersk,Panamax,6500,Liberia
SR05174,SHP05174,Vessel-05174,MSC,Post-Panamax,8500,Panama
SR05175,SHP05175,Vessel-05175,CMA CGM,Ultra Large Container Vessel,12000,Malta
SR05176,SHP05176,Vessel-05176,Hapag-Lloyd,Panamax,3000,India
SR05177,SHP05177,Vessel-05177,Evergreen,Post-Panamax,4500,Singapore
SR05178,SHP05178,Vessel-05178,ONE,Ultra Large Container Vessel,6500,Liberia
SR05179,SHP05179,Vessel-05179,Maersk,Panamax,8500,Panama
SR05180,SHP05180,Vessel-05180,MSC,Post-Panamax,12000,Malta
SR05181,SHP05181,Vessel-05181,CMA CGM,Ultra Large Container Vessel,3000,India
SR05182,SHP05182,Vessel-05182,Hapag-Lloyd,Panamax,4500,Singapore
SR05183,SHP05183,Vessel-05183,Evergreen,Post-Panamax,6500,Liberia
SR05184,SHP05184,Vessel-05184,ONE,Ultra Large Container Vessel,8500,Panama
SR05185,SHP05185,Vessel-05185,Maersk,Panamax,12000,Malta
SR05186,SHP05186,Vessel-05186,MSC,Post-Panamax,3000,India
SR05187,SHP05187,Vessel-05187,CMA CGM,Ultra Large Container Vessel,4500,Singapore
SR05188,SHP05188,Vessel-05188,Hapag-Lloyd,Panamax,6500,Liberia
SR05189,SHP05189,Vessel-05189,Evergreen,Post-Panamax,8500,Panama
SR05190,SHP05190,Vessel-05190,ONE,Ultra Large Container Vessel,12000,Malta
SR05191,SHP05191,Vessel-05191,Maersk,Panamax,3000,India
SR05192,SHP05192,Vessel-05192,MSC,Post-Panamax,4500,Singapore
SR05193,SHP05193,Vessel-05193,CMA CGM,Ultra Large Container Vessel,6500,Liberia
SR05194,SHP05194,Vessel-05194,Hapag-Lloyd,Panamax,8500,Panama
SR05195,SHP05195,Vessel-05195,Evergreen,Post-Panamax,12000,Malta
SR05196,SHP05196,Vessel-05196,ONE,Ultra Large Container Vessel,3000,India
SR05197,SHP05197,Vessel-05197,Maersk,Panamax,4500,Singapore
SR05198,SHP05198,Vessel-05198,MSC,Post-Panamax,6500,Liberia
SR05199,SHP05199,Vessel-05199,CMA CGM,Ultra Large Container Vessel,8500,Panama
SR05200,SHP05200,Vessel-05200,Hapag-Lloyd,Panamax,12000,Malta
SR05201,SHP05201,Vessel-05201,Evergreen,Post-Panamax,3000,India
SR05202,SHP05202,Vessel-05202,ONE,Ultra Large Container Vessel,4500,Singapore
SR05203,SHP05203,Vessel-05203,Maersk,Panamax,6500,Liberia
SR05204,SHP05204,Vessel-05204,MSC,Post-Panamax,8500,Panama
SR05205,SHP05205,Vessel-05205,CMA CGM,Ultra Large Container Vessel,12000,Malta
SR05206,SHP05206,Vessel-05206,Hapag-Lloyd,Panamax,3000,India
SR05207,SHP05207,Vessel-05207,Evergreen,Post-Panamax,4500,Singapore
SR05208,SHP05208,Vessel-05208,ONE,Ultra Large Container Vessel,6500,Liberia
SR05209,SHP05209,Vessel-05209,Maersk,Panamax,8500,Panama
SR05210,SHP05210,Vessel-05210,MSC,Post-Panamax,12000,Malta
SR05211,SHP05211,Vessel-05211,CMA CGM,Ultra Large Container Vessel,3000,India
SR05212,SHP05212,Vessel-05212,Hapag-Lloyd,Panamax,4500,Singapore
SR05213,SHP05213,Vessel-05213,Evergreen,Post-Panamax,6500,Liberia
SR05214,SHP05214,Vessel-05214,ONE,Ultra Large Container Vessel,8500,Panama
SR05215,SHP05215,Vessel-05215,Maersk,Panamax,12000,Malta
SR05216,SHP05216,Vessel-05216,MSC,Post-Panamax,3000,India
SR05217,SHP05217,Vessel-05217,CMA CGM,Ultra Large Container Vessel,4500,Singapore
SR05218,SHP05218,Vessel-05218,Hapag-Lloyd,Panamax,6500,Liberia
SR05219,SHP05219,Vessel-05219,Evergreen,Post-Panamax,8500,Panama
SR05220,SHP05220,Vessel-05220,ONE,Ultra Large Container Vessel,12000,Malta
SR05221,SHP05221,Vessel-05221,Maersk,Panamax,3000,India
SR05222,SHP05222,Vessel-05222,MSC,Post-Panamax,4500,Singapore
SR05223,SHP05223,Vessel-05223,CMA CGM,Ultra Large Container Vessel,6500,Liberia
SR05224,SHP05224,Vessel-05224,Hapag-Lloyd,Panamax,8500,Panama
SR05225,SHP05225,Vessel-05225,Evergreen,Post-Panamax,12000,Malta
SR05226,SHP05226,Vessel-05226,ONE,Ultra Large Container Vessel,3000,India
SR05227,SHP05227,Vessel-05227,Maersk,Panamax,4500,Singapore
SR05228,SHP05228,Vessel-05228,MSC,Post-Panamax,6500,Liberia
SR05229,SHP05229,Vessel-05229,CMA CGM,Ultra Large Container Vessel,8500,Panama
SR05230,SHP05230,Vessel-05230,Hapag-Lloyd,Panamax,12000,Malta
SR05231,SHP05231,Vessel-05231,Evergreen,Post-Panamax,3000,India
SR05232,SHP05232,Vessel-05232,ONE,Ultra Large Container Vessel,4500,Singapore
SR05233,SHP05233,Vessel-05233,Maersk,Panamax,6500,Liberia
SR05234,SHP05234,Vessel-05234,MSC,Post-Panamax,8500,Panama
SR05235,SHP05235,Vessel-05235,CMA CGM,Ultra Large Container Vessel,12000,Malta
SR05236,SHP05236,Vessel-05236,Hapag-Lloyd,Panamax,3000,India
SR05237,SHP05237,Vessel-05237,Evergreen,Post-Panamax,4500,Singapore
SR05238,SHP05238,Vessel-05238,ONE,Ultra Large Container Vessel,6500,Liberia
SR05239,SHP05239,Vessel-05239,Maersk,Panamax,8500,Panama
SR05240,SHP05240,Vessel-05240,MSC,Post-Panamax,12000,Malta
SR05241,SHP05241,Vessel-05241,CMA CGM,Ultra Large Container Vessel,3000,India
SR05242,SHP05242,Vessel-05242,Hapag-Lloyd,Panamax,4500,Singapore
SR05243,SHP05243,Vessel-05243,Evergreen,Post-Panamax,6500,Liberia
SR05244,SHP05244,Vessel-05244,ONE,Ultra Large Container Vessel,8500,Panama
SR05245,SHP05245,Vessel-05245,Maersk,Panamax,12000,Malta
SR05246,SHP05246,Vessel-05246,MSC,Post-Panamax,3000,India
SR05247,SHP05247,Vessel-05247,CMA CGM,Ultra Large Container Vessel,4500,Singapore
SR05248,SHP05248,Vessel-05248,Hapag-Lloyd,Panamax,6500,Liberia
SR05249,SHP05249,Vessel-05249,Evergreen,Post-Panamax,8500,Panama
SR05250,SHP05250,Vessel-05250,ONE,Ultra Large Container Vessel,12000,Malta
SR05251,SHP05251,Vessel-05251,Maersk,Panamax,3000,India
SR05252,SHP05252,Vessel-05252,MSC,Post-Panamax,4500,Singapore
SR05253,SHP05253,Vessel-05253,CMA CGM,Ultra Large Container Vessel,6500,Liberia
SR05254,SHP05254,Vessel-05254,Hapag-Lloyd,Panamax,8500,Panama
SR05255,SHP05255,Vessel-05255,Evergreen,Post-Panamax,12000,Malta
SR05256,SHP05256,Vessel-05256,ONE,Ultra Large Container Vessel,3000,India
SR05257,SHP05257,Vessel-05257,Maersk,Panamax,4500,Singapore
SR05258,SHP05258,Vessel-05258,MSC,Post-Panamax,6500,Liberia
SR05259,SHP05259,Vessel-05259,CMA CGM,Ultra Large Container Vessel,8500,Panama
SR05260,SHP05260,Vessel-05260,Hapag-Lloyd,Panamax,12000,Malta
SR05261,SHP05261,Vessel-05261,Evergreen,Post-Panamax,3000,India
SR05262,SHP05262,Vessel-05262,ONE,Ultra Large Container Vessel,4500,Singapore
SR05263,SHP05263,Vessel-05263,Maersk,Panamax,6500,Liberia
SR05264,SHP05264,Vessel-05264,MSC,Post-Panamax,8500,Panama
SR05265,SHP05265,Vessel-05265,CMA CGM,Ultra Large Container Vessel,12000,Malta
SR05266,SHP05266,Vessel-05266,Hapag-Lloyd,Panamax,3000,India
SR05267,SHP05267,Vessel-05267,Evergreen,Post-Panamax,4500,Singapore
SR05268,SHP05268,Vessel-05268,ONE,Ultra Large Container Vessel,6500,Liberia
SR05269,SHP05269,Vessel-05269,Maersk,Panamax,8500,Panama
SR05270,SHP05270,Vessel-05270,MSC,Post-Panamax,12000,Malta
SR05271,SHP05271,Vessel-05271,CMA CGM,Ultra Large Container Vessel,3000,India
SR05272,SHP05272,Vessel-05272,Hapag-Lloyd,Panamax,4500,Singapore
SR05273,SHP05273,Vessel-05273,Evergreen,Post-Panamax,6500,Liberia
SR05274,SHP05274,Vessel-05274,ONE,Ultra Large Container Vessel,8500,Panama
SR05275,SHP05275,Vessel-05275,Maersk,Panamax,12000,Malta
SR05276,SHP05276,Vessel-05276,MSC,Post-Panamax,3000,India
SR05277,SHP05277,Vessel-05277,CMA CGM,Ultra Large Container Vessel,4500,Singapore
SR05278,SHP05278,Vessel-05278,Hapag-Lloyd,Panamax,6500,Liberia
SR05279,SHP05279,Vessel-05279,Evergreen,Post-Panamax,8500,Panama
SR05280,SHP05280,Vessel-05280,ONE,Ultra Large Container Vessel,12000,Malta
SR05281,SHP05281,Vessel-05281,Maersk,Panamax,3000,India
SR05282,SHP05282,Vessel-05282,MSC,Post-Panamax,4500,Singapore
SR05283,SHP05283,Vessel-05283,CMA CGM,Ultra Large Container Vessel,6500,Liberia
SR05284,SHP05284,Vessel-05284,Hapag-Lloyd,Panamax,8500,Panama
SR05285,SHP05285,Vessel-05285,Evergreen,Post-Panamax,12000,Malta
SR05286,SHP05286,Vessel-05286,ONE,Ultra Large Container Vessel,3000,India
SR05287,SHP05287,Vessel-05287,Maersk,Panamax,4500,Singapore
SR05288,SHP05288,Vessel-05288,MSC,Post-Panamax,6500,Liberia
SR05289,SHP05289,Vessel-05289,CMA CGM,Ultra Large Container Vessel,8500,Panama
SR05290,SHP05290,Vessel-05290,Hapag-Lloyd,Panamax,12000,Malta
SR05291,SHP05291,Vessel-05291,Evergreen,Post-Panamax,3000,India
SR05292,SHP05292,Vessel-05292,ONE,Ultra Large Container Vessel,4500,Singapore
SR05293,SHP05293,Vessel-05293,Maersk,Panamax,6500,Liberia
SR05294,SHP05294,Vessel-05294,MSC,Post-Panamax,8500,Panama
SR05295,SHP05295,Vessel-05295,CMA CGM,Ultra Large Container Vessel,12000,Malta
SR05296,SHP05296,Vessel-05296,Hapag-Lloyd,Panamax,3000,India
SR05297,SHP05297,Vessel-05297,Evergreen,Post-Panamax,4500,Singapore
SR05298,SHP05298,Vessel-05298,ONE,Ultra Large Container Vessel,6500,Liberia
SR05299,SHP05299,Vessel-05299,Maersk,Panamax,8500,Panama
SR05300,SHP05300,Vessel-05300,MSC,Post-Panamax,12000,Malta
SR05301,SHP05301,Vessel-05301,CMA CGM,Ultra Large Container Vessel,3000,India
SR05302,SHP05302,Vessel-05302,Hapag-Lloyd,Panamax,4500,Singapore
SR05303,SHP05303,Vessel-05303,Evergreen,Post-Panamax,6500,Liberia
SR05304,SHP05304,Vessel-05304,ONE,Ultra Large Container Vessel,8500,Panama
SR05305,SHP05305,Vessel-05305,Maersk,Panamax,12000,Malta
SR05306,SHP05306,Vessel-05306,MSC,Post-Panamax,3000,India
SR05307,SHP05307,Vessel-05307,CMA CGM,Ultra Large Container Vessel,4500,Singapore
SR05308,SHP05308,Vessel-05308,Hapag-Lloyd,Panamax,6500,Liberia
SR05309,SHP05309,Vessel-05309,Evergreen,Post-Panamax,8500,Panama
SR05310,SHP05310,Vessel-05310,ONE,Ultra Large Container Vessel,12000,Malta
SR05311,SHP05311,Vessel-05311,Maersk,Panamax,3000,India
SR05312,SHP05312,Vessel-05312,MSC,Post-Panamax,4500,Singapore
SR05313,SHP05313,Vessel-05313,CMA CGM,Ultra Large Container Vessel,6500,Liberia
SR05314,SHP05314,Vessel-05314,Hapag-Lloyd,Panamax,8500,Panama
SR05315,SHP05315,Vessel-05315,Evergreen,Post-Panamax,12000,Malta
SR05316,SHP05316,Vessel-05316,ONE,Ultra Large Container Vessel,3000,India
SR05317,SHP05317,Vessel-05317,Maersk,Panamax,4500,Singapore
SR05318,SHP05318,Vessel-05318,MSC,Post-Panamax,6500,Liberia
SR05319,SHP05319,Vessel-05319,CMA CGM,Ultra Large Container Vessel,8500,Panama
SR05320,SHP05320,Vessel-05320,Hapag-Lloyd,Panamax,12000,Malta
SR05321,SHP05321,Vessel-05321,Evergreen,Post-Panamax,3000,India
SR05322,SHP05322,Vessel-05322,ONE,Ultra Large Container Vessel,4500,Singapore
SR05323,SHP05323,Vessel-05323,Maersk,Panamax,6500,Liberia
SR05324,SHP05324,Vessel-05324,MSC,Post-Panamax,8500,Panama
SR05325,SHP05325,Vessel-05325,CMA CGM,Ultra Large Container Vessel,12000,Malta
SR05326,SHP05326,Vessel-05326,Hapag-Lloyd,Panamax,3000,India
SR05327,SHP05327,Vessel-05327,Evergreen,Post-Panamax,4500,Singapore
SR05328,SHP05328,Vessel-05328,ONE,Ultra Large Container Vessel,6500,Liberia
SR05329,SHP05329,Vessel-05329,Maersk,Panamax,8500,Panama
SR05330,SHP05330,Vessel-05330,MSC,Post-Panamax,12000,Malta
SR05331,SHP05331,Vessel-05331,CMA CGM,Ultra Large Container Vessel,3000,India
SR05332,SHP05332,Vessel-05332,Hapag-Lloyd,Panamax,4500,Singapore
SR05333,SHP05333,Vessel-05333,Evergreen,Post-Panamax,6500,Liberia
SR05334,SHP05334,Vessel-05334,ONE,Ultra Large Container Vessel,8500,Panama
SR05335,SHP05335,Vessel-05335,Maersk,Panamax,12000,Malta
SR05336,SHP05336,Vessel-05336,MSC,Post-Panamax,3000,India
SR05337,SHP05337,Vessel-05337,CMA CGM,Ultra Large Container Vessel,4500,Singapore
SR05338,SHP05338,Vessel-05338,Hapag-Lloyd,Panamax,6500,Liberia
SR05339,SHP05339,Vessel-05339,Evergreen,Post-Panamax,8500,Panama
SR05340,SHP05340,Vessel-05340,ONE,Ultra Large Container Vessel,12000,Malta
SR05341,SHP05341,Vessel-05341,Maersk,Panamax,3000,India
SR05342,SHP05342,Vessel-05342,MSC,Post-Panamax,4500,Singapore
SR05343,SHP05343,Vessel-05343,CMA CGM,Ultra Large Container Vessel,6500,Liberia
SR05344,SHP05344,Vessel-05344,Hapag-Lloyd,Panamax,8500,Panama
SR05345,SHP05345,Vessel-05345,Evergreen,Post-Panamax,12000,Malta
SR05346,SHP05346,Vessel-05346,ONE,Ultra Large Container Vessel,3000,India
SR05347,SHP05347,Vessel-05347,Maersk,Panamax,4500,Singapore
SR05348,SHP05348,Vessel-05348,MSC,Post-Panamax,6500,Liberia
SR05349,SHP05349,Vessel-05349,CMA CGM,Ultra Large Container Vessel,8500,Panama
SR05350,SHP05350,Vessel-05350,Hapag-Lloyd,Panamax,12000,Malta
SR05351,SHP05351,Vessel-05351,Evergreen,Post-Panamax,3000,India
SR05352,SHP05352,Vessel-05352,ONE,Ultra Large Container Vessel,4500,Singapore
SR05353,SHP05353,Vessel-05353,Maersk,Panamax,6500,Liberia
SR05354,SHP05354,Vessel-05354,MSC,Post-Panamax,8500,Panama
SR05355,SHP05355,Vessel-05355,CMA CGM,Ultra Large Container Vessel,12000,Malta
SR05356,SHP05356,Vessel-05356,Hapag-Lloyd,Panamax,3000,India
SR05357,SHP05357,Vessel-05357,Evergreen,Post-Panamax,4500,Singapore
SR05358,SHP05358,Vessel-05358,ONE,Ultra Large Container Vessel,6500,Liberia
SR05359,SHP05359,Vessel-05359,Maersk,Panamax,8500,Panama
SR05360,SHP05360,Vessel-05360,MSC,Post-Panamax,12000,Malta
SR05361,SHP05361,Vessel-05361,CMA CGM,Ultra Large Container Vessel,3000,India
SR05362,SHP05362,Vessel-05362,Hapag-Lloyd,Panamax,4500,Singapore
SR05363,SHP05363,Vessel-05363,Evergreen,Post-Panamax,6500,Liberia
SR05364,SHP05364,Vessel-05364,ONE,Ultra Large Container Vessel,8500,Panama
SR05365,SHP05365,Vessel-05365,Maersk,Panamax,12000,Malta
SR05366,SHP05366,Vessel-05366,MSC,Post-Panamax,3000,India
SR05367,SHP05367,Vessel-05367,CMA CGM,Ultra Large Container Vessel,4500,Singapore
SR05368,SHP05368,Vessel-05368,Hapag-Lloyd,Panamax,6500,Liberia
SR05369,SHP05369,Vessel-05369,Evergreen,Post-Panamax,8500,Panama
SR05370,SHP05370,Vessel-05370,ONE,Ultra Large Container Vessel,12000,Malta
SR05371,SHP05371,Vessel-05371,Maersk,Panamax,3000,India
SR05372,SHP05372,Vessel-05372,MSC,Post-Panamax,4500,Singapore
SR05373,SHP05373,Vessel-05373,CMA CGM,Ultra Large Container Vessel,6500,Liberia
SR05374,SHP05374,Vessel-05374,Hapag-Lloyd,Panamax,8500,Panama
SR05375,SHP05375,Vessel-05375,Evergreen,Post-Panamax,12000,Malta
SR05376,SHP05376,Vessel-05376,ONE,Ultra Large Container Vessel,3000,India
SR05377,SHP05377,Vessel-05377,Maersk,Panamax,4500,Singapore
SR05378,SHP05378,Vessel-05378,MSC,Post-Panamax,6500,Liberia
SR05379,SHP05379,Vessel-05379,CMA CGM,Ultra Large Container Vessel,8500,Panama
SR05380,SHP05380,Vessel-05380,Hapag-Lloyd,Panamax,12000,Malta
SR05381,SHP05381,Vessel-05381,Evergreen,Post-Panamax,3000,India
SR05382,SHP05382,Vessel-05382,ONE,Ultra Large Container Vessel,4500,Singapore
SR05383,SHP05383,Vessel-05383,Maersk,Panamax,6500,Liberia
SR05384,SHP05384,Vessel-05384,MSC,Post-Panamax,8500,Panama
SR05385,SHP05385,Vessel-05385,CMA CGM,Ultra Large Container Vessel,12000,Malta
SR05386,SHP05386,Vessel-05386,Hapag-Lloyd,Panamax,3000,India
SR05387,SHP05387,Vessel-05387,Evergreen,Post-Panamax,4500,Singapore
SR05388,SHP05388,Vessel-05388,ONE,Ultra Large Container Vessel,6500,Liberia
SR05389,SHP05389,Vessel-05389,Maersk,Panamax,8500,Panama
SR05390,SHP05390,Vessel-05390,MSC,Post-Panamax,12000,Malta
SR05391,SHP05391,Vessel-05391,CMA CGM,Ultra Large Container Vessel,3000,India
SR05392,SHP05392,Vessel-05392,Hapag-Lloyd,Panamax,4500,Singapore
SR05393,SHP05393,Vessel-05393,Evergreen,Post-Panamax,6500,Liberia
SR05394,SHP05394,Vessel-05394,ONE,Ultra Large Container Vessel,8500,Panama
SR05395,SHP05395,Vessel-05395,Maersk,Panamax,12000,Malta
SR05396,SHP05396,Vessel-05396,MSC,Post-Panamax,3000,India
SR05397,SHP05397,Vessel-05397,CMA CGM,Ultra Large Container Vessel,4500,Singapore
SR05398,SHP05398,Vessel-05398,Hapag-Lloyd,Panamax,6500,Liberia
SR05399,SHP05399,Vessel-05399,Evergreen,Post-Panamax,8500,Panama
SR05400,SHP05400,Vessel-05400,ONE,Ultra Large Container Vessel,12000,Malta
SR05401,SHP05401,Vessel-05401,Maersk,Panamax,3000,India
SR05402,SHP05402,Vessel-05402,MSC,Post-Panamax,4500,Singapore
SR05403,SHP05403,Vessel-05403,CMA CGM,Ultra Large Container Vessel,6500,Liberia
SR05404,SHP05404,Vessel-05404,Hapag-Lloyd,Panamax,8500,Panama
SR05405,SHP05405,Vessel-05405,Evergreen,Post-Panamax,12000,Malta
SR05406,SHP05406,Vessel-05406,ONE,Ultra Large Container Vessel,3000,India
SR05407,SHP05407,Vessel-05407,Maersk,Panamax,4500,Singapore
SR05408,SHP05408,Vessel-05408,MSC,Post-Panamax,6500,Liberia
SR05409,SHP05409,Vessel-05409,CMA CGM,Ultra Large Container Vessel,8500,Panama
SR05410,SHP05410,Vessel-05410,Hapag-Lloyd,Panamax,12000,Malta
SR05411,SHP05411,Vessel-05411,Evergreen,Post-Panamax,3000,India
SR05412,SHP05412,Vessel-05412,ONE,Ultra Large Container Vessel,4500,Singapore
SR05413,SHP05413,Vessel-05413,Maersk,Panamax,6500,Liberia
SR05414,SHP05414,Vessel-05414,MSC,Post-Panamax,8500,Panama
SR05415,SHP05415,Vessel-05415,CMA CGM,Ultra Large Container Vessel,12000,Malta
SR05416,SHP05416,Vessel-05416,Hapag-Lloyd,Panamax,3000,India
SR05417,SHP05417,Vessel-05417,Evergreen,Post-Panamax,4500,Singapore
SR05418,SHP05418,Vessel-05418,ONE,Ultra Large Container Vessel,6500,Liberia
SR05419,SHP05419,Vessel-05419,Maersk,Panamax,8500,Panama
SR05420,SHP05420,Vessel-05420,MSC,Post-Panamax,12000,Malta
SR05421,SHP05421,Vessel-05421,CMA CGM,Ultra Large Container Vessel,3000,India
SR05422,SHP05422,Vessel-05422,Hapag-Lloyd,Panamax,4500,Singapore
SR05423,SHP05423,Vessel-05423,Evergreen,Post-Panamax,6500,Liberia
SR05424,SHP05424,Vessel-05424,ONE,Ultra Large Container Vessel,8500,Panama
SR05425,SHP05425,Vessel-05425,Maersk,Panamax,12000,Malta
SR05426,SHP05426,Vessel-05426,MSC,Post-Panamax,3000,India
SR05427,SHP05427,Vessel-05427,CMA CGM,Ultra Large Container Vessel,4500,Singapore
SR05428,SHP05428,Vessel-05428,Hapag-Lloyd,Panamax,6500,Liberia
SR05429,SHP05429,Vessel-05429,Evergreen,Post-Panamax,8500,Panama
SR05430,SHP05430,Vessel-05430,ONE,Ultra Large Container Vessel,12000,Malta
SR05431,SHP05431,Vessel-05431,Maersk,Panamax,3000,India
SR05432,SHP05432,Vessel-05432,MSC,Post-Panamax,4500,Singapore
SR05433,SHP05433,Vessel-05433,CMA CGM,Ultra Large Container Vessel,6500,Liberia
SR05434,SHP05434,Vessel-05434,Hapag-Lloyd,Panamax,8500,Panama
SR05435,SHP05435,Vessel-05435,Evergreen,Post-Panamax,12000,Malta
SR05436,SHP05436,Vessel-05436,ONE,Ultra Large Container Vessel,3000,India
SR05437,SHP05437,Vessel-05437,Maersk,Panamax,4500,Singapore
SR05438,SHP05438,Vessel-05438,MSC,Post-Panamax,6500,Liberia
SR05439,SHP05439,Vessel-05439,CMA CGM,Ultra Large Container Vessel,8500,Panama
SR05440,SHP05440,Vessel-05440,Hapag-Lloyd,Panamax,12000,Malta
SR05441,SHP05441,Vessel-05441,Evergreen,Post-Panamax,3000,India
SR05442,SHP05442,Vessel-05442,ONE,Ultra Large Container Vessel,4500,Singapore
SR05443,SHP05443,Vessel-05443,Maersk,Panamax,6500,Liberia
SR05444,SHP05444,Vessel-05444,MSC,Post-Panamax,8500,Panama
SR05445,SHP05445,Vessel-05445,CMA CGM,Ultra Large Container Vessel,12000,Malta
SR05446,SHP05446,Vessel-05446,Hapag-Lloyd,Panamax,3000,India
SR05447,SHP05447,Vessel-05447,Evergreen,Post-Panamax,4500,Singapore
SR05448,SHP05448,Vessel-05448,ONE,Ultra Large Container Vessel,6500,Liberia
SR05449,SHP05449,Vessel-05449,Maersk,Panamax,8500,Panama
SR05450,SHP05450,Vessel-05450,MSC,Post-Panamax,12000,Malta
SR05451,SHP05451,Vessel-05451,CMA CGM,Ultra Large Container Vessel,3000,India
SR05452,SHP05452,Vessel-05452,Hapag-Lloyd,Panamax,4500,Singapore
SR05453,SHP05453,Vessel-05453,Evergreen,Post-Panamax,6500,Liberia
SR05454,SHP05454,Vessel-05454,ONE,Ultra Large Container Vessel,8500,Panama
SR05455,SHP05455,Vessel-05455,Maersk,Panamax,12000,Malta
SR05456,SHP05456,Vessel-05456,MSC,Post-Panamax,3000,India
SR05457,SHP05457,Vessel-05457,CMA CGM,Ultra Large Container Vessel,4500,Singapore
SR05458,SHP05458,Vessel-05458,Hapag-Lloyd,Panamax,6500,Liberia
SR05459,SHP05459,Vessel-05459,Evergreen,Post-Panamax,8500,Panama
SR05460,SHP05460,Vessel-05460,ONE,Ultra Large Container Vessel,12000,Malta
SR05461,SHP05461,Vessel-05461,Maersk,Panamax,3000,India
SR05462,SHP05462,Vessel-05462,MSC,Post-Panamax,4500,Singapore
SR05463,SHP05463,Vessel-05463,CMA CGM,Ultra Large Container Vessel,6500,Liberia
SR05464,SHP05464,Vessel-05464,Hapag-Lloyd,Panamax,8500,Panama
SR05465,SHP05465,Vessel-05465,Evergreen,Post-Panamax,12000,Malta
SR05466,SHP05466,Vessel-05466,ONE,Ultra Large Container Vessel,3000,India
SR05467,SHP05467,Vessel-05467,Maersk,Panamax,4500,Singapore
SR05468,SHP05468,Vessel-05468,MSC,Post-Panamax,6500,Liberia
SR05469,SHP05469,Vessel-05469,CMA CGM,Ultra Large Container Vessel,8500,Panama
SR05470,SHP05470,Vessel-05470,Hapag-Lloyd,Panamax,12000,Malta
SR05471,SHP05471,Vessel-05471,Evergreen,Post-Panamax,3000,India
SR05472,SHP05472,Vessel-05472,ONE,Ultra Large Container Vessel,4500,Singapore
SR05473,SHP05473,Vessel-05473,Maersk,Panamax,6500,Liberia
SR05474,SHP05474,Vessel-05474,MSC,Post-Panamax,8500,Panama
SR05475,SHP05475,Vessel-05475,CMA CGM,Ultra Large Container Vessel,12000,Malta
SR05476,SHP05476,Vessel-05476,Hapag-Lloyd,Panamax,3000,India
SR05477,SHP05477,Vessel-05477,Evergreen,Post-Panamax,4500,Singapore
SR05478,SHP05478,Vessel-05478,ONE,Ultra Large Container Vessel,6500,Liberia
SR05479,SHP05479,Vessel-05479,Maersk,Panamax,8500,Panama
SR05480,SHP05480,Vessel-05480,MSC,Post-Panamax,12000,Malta
SR05481,SHP05481,Vessel-05481,CMA CGM,Ultra Large Container Vessel,3000,India
SR05482,SHP05482,Vessel-05482,Hapag-Lloyd,Panamax,4500,Singapore
SR05483,SHP05483,Vessel-05483,Evergreen,Post-Panamax,6500,Liberia
SR05484,SHP05484,Vessel-05484,ONE,Ultra Large Container Vessel,8500,Panama
SR05485,SHP05485,Vessel-05485,Maersk,Panamax,12000,Malta
SR05486,SHP05486,Vessel-05486,MSC,Post-Panamax,3000,India
SR05487,SHP05487,Vessel-05487,CMA CGM,Ultra Large Container Vessel,4500,Singapore
SR05488,SHP05488,Vessel-05488,Hapag-Lloyd,Panamax,6500,Liberia
SR05489,SHP05489,Vessel-05489,Evergreen,Post-Panamax,8500,Panama
SR05490,SHP05490,Vessel-05490,ONE,Ultra Large Container Vessel,12000,Malta
SR05491,SHP05491,Vessel-05491,Maersk,Panamax,3000,India
SR05492,SHP05492,Vessel-05492,MSC,Post-Panamax,4500,Singapore
SR05493,SHP05493,Vessel-05493,CMA CGM,Ultra Large Container Vessel,6500,Liberia
SR05494,SHP05494,Vessel-05494,Hapag-Lloyd,Panamax,8500,Panama
SR05495,SHP05495,Vessel-05495,Evergreen,Post-Panamax,12000,Malta
SR05496,SHP05496,Vessel-05496,ONE,Ultra Large Container Vessel,3000,India
SR05497,SHP05497,Vessel-05497,Maersk,Panamax,4500,Singapore
SR05498,SHP05498,Vessel-05498,MSC,Post-Panamax,6500,Liberia
SR05499,SHP05499,Vessel-05499,CMA CGM,Ultra Large Container Vessel,8500,Panama
SR05500,SHP05500,Vessel-05500,Hapag-Lloyd,Panamax,12000,Malta
SR05501,SHP05501,Vessel-05501,Evergreen,Post-Panamax,3000,India
SR05502,SHP05502,Vessel-05502,ONE,Ultra Large Container Vessel,4500,Singapore
SR05503,SHP05503,Vessel-05503,Maersk,Panamax,6500,Liberia
SR05504,SHP05504,Vessel-05504,MSC,Post-Panamax,8500,Panama
SR05505,SHP05505,Vessel-05505,CMA CGM,Ultra Large Container Vessel,12000,Malta
SR05506,SHP05506,Vessel-05506,Hapag-Lloyd,Panamax,3000,India
SR05507,SHP05507,Vessel-05507,Evergreen,Post-Panamax,4500,Singapore
SR05508,SHP05508,Vessel-05508,ONE,Ultra Large Container Vessel,6500,Liberia
SR05509,SHP05509,Vessel-05509,Maersk,Panamax,8500,Panama
SR05510,SHP05510,Vessel-05510,MSC,Post-Panamax,12000,Malta
SR05511,SHP05511,Vessel-05511,CMA CGM,Ultra Large Container Vessel,3000,India
SR05512,SHP05512,Vessel-05512,Hapag-Lloyd,Panamax,4500,Singapore
SR05513,SHP05513,Vessel-05513,Evergreen,Post-Panamax,6500,Liberia
SR05514,SHP05514,Vessel-05514,ONE,Ultra Large Container Vessel,8500,Panama
SR05515,SHP05515,Vessel-05515,Maersk,Panamax,12000,Malta
SR05516,SHP05516,Vessel-05516,MSC,Post-Panamax,3000,India
SR05517,SHP05517,Vessel-05517,CMA CGM,Ultra Large Container Vessel,4500,Singapore
SR05518,SHP05518,Vessel-05518,Hapag-Lloyd,Panamax,6500,Liberia
SR05519,SHP05519,Vessel-05519,Evergreen,Post-Panamax,8500,Panama
SR05520,SHP05520,Vessel-05520,ONE,Ultra Large Container Vessel,12000,Malta
SR05521,SHP05521,Vessel-05521,Maersk,Panamax,3000,India
SR05522,SHP05522,Vessel-05522,MSC,Post-Panamax,4500,Singapore
SR05523,SHP05523,Vessel-05523,CMA CGM,Ultra Large Container Vessel,6500,Liberia
SR05524,SHP05524,Vessel-05524,Hapag-Lloyd,Panamax,8500,Panama
SR05525,SHP05525,Vessel-05525,Evergreen,Post-Panamax,12000,Malta
SR05526,SHP05526,Vessel-05526,ONE,Ultra Large Container Vessel,3000,India
SR05527,SHP05527,Vessel-05527,Maersk,Panamax,4500,Singapore
SR05528,SHP05528,Vessel-05528,MSC,Post-Panamax,6500,Liberia
SR05529,SHP05529,Vessel-05529,CMA CGM,Ultra Large Container Vessel,8500,Panama
SR05530,SHP05530,Vessel-05530,Hapag-Lloyd,Panamax,12000,Malta
SR05531,SHP05531,Vessel-05531,Evergreen,Post-Panamax,3000,India
SR05532,SHP05532,Vessel-05532,ONE,Ultra Large Container Vessel,4500,Singapore
SR05533,SHP05533,Vessel-05533,Maersk,Panamax,6500,Liberia
SR05534,SHP05534,Vessel-05534,MSC,Post-Panamax,8500,Panama
SR05535,SHP05535,Vessel-05535,CMA CGM,Ultra Large Container Vessel,12000,Malta
SR05536,SHP05536,Vessel-05536,Hapag-Lloyd,Panamax,3000,India
SR05537,SHP05537,Vessel-05537,Evergreen,Post-Panamax,4500,Singapore
SR05538,SHP05538,Vessel-05538,ONE,Ultra Large Container Vessel,6500,Liberia
SR05539,SHP05539,Vessel-05539,Maersk,Panamax,8500,Panama
SR05540,SHP05540,Vessel-05540,MSC,Post-Panamax,12000,Malta
SR05541,SHP05541,Vessel-05541,CMA CGM,Ultra Large Container Vessel,3000,India
SR05542,SHP05542,Vessel-05542,Hapag-Lloyd,Panamax,4500,Singapore
SR05543,SHP05543,Vessel-05543,Evergreen,Post-Panamax,6500,Liberia
SR05544,SHP05544,Vessel-05544,ONE,Ultra Large Container Vessel,8500,Panama
SR05545,SHP05545,Vessel-05545,Maersk,Panamax,12000,Malta
SR05546,SHP05546,Vessel-05546,MSC,Post-Panamax,3000,India
SR05547,SHP05547,Vessel-05547,CMA CGM,Ultra Large Container Vessel,4500,Singapore
SR05548,SHP05548,Vessel-05548,Hapag-Lloyd,Panamax,6500,Liberia
SR05549,SHP05549,Vessel-05549,Evergreen,Post-Panamax,8500,Panama
SR05550,SHP05550,Vessel-05550,ONE,Ultra Large Container Vessel,12000,Malta
SR05551,SHP05551,Vessel-05551,Maersk,Panamax,3000,India
SR05552,SHP05552,Vessel-05552,MSC,Post-Panamax,4500,Singapore
SR05553,SHP05553,Vessel-05553,CMA CGM,Ultra Large Container Vessel,6500,Liberia
SR05554,SHP05554,Vessel-05554,Hapag-Lloyd,Panamax,8500,Panama
SR05555,SHP05555,Vessel-05555,Evergreen,Post-Panamax,12000,Malta
SR05556,SHP05556,Vessel-05556,ONE,Ultra Large Container Vessel,3000,India
SR05557,SHP05557,Vessel-05557,Maersk,Panamax,4500,Singapore
SR05558,SHP05558,Vessel-05558,MSC,Post-Panamax,6500,Liberia
SR05559,SHP05559,Vessel-05559,CMA CGM,Ultra Large Container Vessel,8500,Panama
SR05560,SHP05560,Vessel-05560,Hapag-Lloyd,Panamax,12000,Malta
SR05561,SHP05561,Vessel-05561,Evergreen,Post-Panamax,3000,India
SR05562,SHP05562,Vessel-05562,ONE,Ultra Large Container Vessel,4500,Singapore
SR05563,SHP05563,Vessel-05563,Maersk,Panamax,6500,Liberia
SR05564,SHP05564,Vessel-05564,MSC,Post-Panamax,8500,Panama
SR05565,SHP05565,Vessel-05565,CMA CGM,Ultra Large Container Vessel,12000,Malta
SR05566,SHP05566,Vessel-05566,Hapag-Lloyd,Panamax,3000,India
SR05567,SHP05567,Vessel-05567,Evergreen,Post-Panamax,4500,Singapore
SR05568,SHP05568,Vessel-05568,ONE,Ultra Large Container Vessel,6500,Liberia
SR05569,SHP05569,Vessel-05569,Maersk,Panamax,8500,Panama
SR05570,SHP05570,Vessel-05570,MSC,Post-Panamax,12000,Malta
SR05571,SHP05571,Vessel-05571,CMA CGM,Ultra Large Container Vessel,3000,India
SR05572,SHP05572,Vessel-05572,Hapag-Lloyd,Panamax,4500,Singapore
SR05573,SHP05573,Vessel-05573,Evergreen,Post-Panamax,6500,Liberia
SR05574,SHP05574,Vessel-05574,ONE,Ultra Large Container Vessel,8500,Panama
SR05575,SHP05575,Vessel-05575,Maersk,Panamax,12000,Malta
SR05576,SHP05576,Vessel-05576,MSC,Post-Panamax,3000,India
SR05577,SHP05577,Vessel-05577,CMA CGM,Ultra Large Container Vessel,4500,Singapore
SR05578,SHP05578,Vessel-05578,Hapag-Lloyd,Panamax,6500,Liberia
SR05579,SHP05579,Vessel-05579,Evergreen,Post-Panamax,8500,Panama
SR05580,SHP05580,Vessel-05580,ONE,Ultra Large Container Vessel,12000,Malta
SR05581,SHP05581,Vessel-05581,Maersk,Panamax,3000,India
SR05582,SHP05582,Vessel-05582,MSC,Post-Panamax,4500,Singapore
SR05583,SHP05583,Vessel-05583,CMA CGM,Ultra Large Container Vessel,6500,Liberia
SR05584,SHP05584,Vessel-05584,Hapag-Lloyd,Panamax,8500,Panama
SR05585,SHP05585,Vessel-05585,Evergreen,Post-Panamax,12000,Malta
SR05586,SHP05586,Vessel-05586,ONE,Ultra Large Container Vessel,3000,India
SR05587,SHP05587,Vessel-05587,Maersk,Panamax,4500,Singapore
SR05588,SHP05588,Vessel-05588,MSC,Post-Panamax,6500,Liberia
SR05589,SHP05589,Vessel-05589,CMA CGM,Ultra Large Container Vessel,8500,Panama
SR05590,SHP05590,Vessel-05590,Hapag-Lloyd,Panamax,12000,Malta
SR05591,SHP05591,Vessel-05591,Evergreen,Post-Panamax,3000,India
SR05592,SHP05592,Vessel-05592,ONE,Ultra Large Container Vessel,4500,Singapore
SR05593,SHP05593,Vessel-05593,Maersk,Panamax,6500,Liberia
SR05594,SHP05594,Vessel-05594,MSC,Post-Panamax,8500,Panama
SR05595,SHP05595,Vessel-05595,CMA CGM,Ultra Large Container Vessel,12000,Malta
SR05596,SHP05596,Vessel-05596,Hapag-Lloyd,Panamax,3000,India
SR05597,SHP05597,Vessel-05597,Evergreen,Post-Panamax,4500,Singapore
SR05598,SHP05598,Vessel-05598,ONE,Ultra Large Container Vessel,6500,Liberia
SR05599,SHP05599,Vessel-05599,Maersk,Panamax,8500,Panama
SR05600,SHP05600,Vessel-05600,MSC,Post-Panamax,12000,Malta
SR05601,SHP05601,Vessel-05601,CMA CGM,Ultra Large Container Vessel,3000,India
SR05602,SHP05602,Vessel-05602,Hapag-Lloyd,Panamax,4500,Singapore
SR05603,SHP05603,Vessel-05603,Evergreen,Post-Panamax,6500,Liberia
SR05604,SHP05604,Vessel-05604,ONE,Ultra Large Container Vessel,8500,Panama
SR05605,SHP05605,Vessel-05605,Maersk,Panamax,12000,Malta
SR05606,SHP05606,Vessel-05606,MSC,Post-Panamax,3000,India
SR05607,SHP05607,Vessel-05607,CMA CGM,Ultra Large Container Vessel,4500,Singapore
SR05608,SHP05608,Vessel-05608,Hapag-Lloyd,Panamax,6500,Liberia
SR05609,SHP05609,Vessel-05609,Evergreen,Post-Panamax,8500,Panama
SR05610,SHP05610,Vessel-05610,ONE,Ultra Large Container Vessel,12000,Malta
SR05611,SHP05611,Vessel-05611,Maersk,Panamax,3000,India
SR05612,SHP05612,Vessel-05612,MSC,Post-Panamax,4500,Singapore
SR05613,SHP05613,Vessel-05613,CMA CGM,Ultra Large Container Vessel,6500,Liberia
SR05614,SHP05614,Vessel-05614,Hapag-Lloyd,Panamax,8500,Panama
SR05615,SHP05615,Vessel-05615,Evergreen,Post-Panamax,12000,Malta
SR05616,SHP05616,Vessel-05616,ONE,Ultra Large Container Vessel,3000,India
SR05617,SHP05617,Vessel-05617,Maersk,Panamax,4500,Singapore
SR05618,SHP05618,Vessel-05618,MSC,Post-Panamax,6500,Liberia
SR05619,SHP05619,Vessel-05619,CMA CGM,Ultra Large Container Vessel,8500,Panama
SR05620,SHP05620,Vessel-05620,Hapag-Lloyd,Panamax,12000,Malta
SR05621,SHP05621,Vessel-05621,Evergreen,Post-Panamax,3000,India
SR05622,SHP05622,Vessel-05622,ONE,Ultra Large Container Vessel,4500,Singapore
SR05623,SHP05623,Vessel-05623,Maersk,Panamax,6500,Liberia
SR05624,SHP05624,Vessel-05624,MSC,Post-Panamax,8500,Panama
SR05625,SHP05625,Vessel-05625,CMA CGM,Ultra Large Container Vessel,12000,Malta
SR05626,SHP05626,Vessel-05626,Hapag-Lloyd,Panamax,3000,India
SR05627,SHP05627,Vessel-05627,Evergreen,Post-Panamax,4500,Singapore
SR05628,SHP05628,Vessel-05628,ONE,Ultra Large Container Vessel,6500,Liberia
SR05629,SHP05629,Vessel-05629,Maersk,Panamax,8500,Panama
SR05630,SHP05630,Vessel-05630,MSC,Post-Panamax,12000,Malta
SR05631,SHP05631,Vessel-05631,CMA CGM,Ultra Large Container Vessel,3000,India
SR05632,SHP05632,Vessel-05632,Hapag-Lloyd,Panamax,4500,Singapore
SR05633,SHP05633,Vessel-05633,Evergreen,Post-Panamax,6500,Liberia
SR05634,SHP05634,Vessel-05634,ONE,Ultra Large Container Vessel,8500,Panama
SR05635,SHP05635,Vessel-05635,Maersk,Panamax,12000,Malta
SR05636,SHP05636,Vessel-05636,MSC,Post-Panamax,3000,India
SR05637,SHP05637,Vessel-05637,CMA CGM,Ultra Large Container Vessel,4500,Singapore
SR05638,SHP05638,Vessel-05638,Hapag-Lloyd,Panamax,6500,Liberia
SR05639,SHP05639,Vessel-05639,Evergreen,Post-Panamax,8500,Panama
SR05640,SHP05640,Vessel-05640,ONE,Ultra Large Container Vessel,12000,Malta
SR05641,SHP05641,Vessel-05641,Maersk,Panamax,3000,India
SR05642,SHP05642,Vessel-05642,MSC,Post-Panamax,4500,Singapore
SR05643,SHP05643,Vessel-05643,CMA CGM,Ultra Large Container Vessel,6500,Liberia
SR05644,SHP05644,Vessel-05644,Hapag-Lloyd,Panamax,8500,Panama
SR05645,SHP05645,Vessel-05645,Evergreen,Post-Panamax,12000,Malta
SR05646,SHP05646,Vessel-05646,ONE,Ultra Large Container Vessel,3000,India
SR05647,SHP05647,Vessel-05647,Maersk,Panamax,4500,Singapore
SR05648,SHP05648,Vessel-05648,MSC,Post-Panamax,6500,Liberia
SR05649,SHP05649,Vessel-05649,CMA CGM,Ultra Large Container Vessel,8500,Panama
SR05650,SHP05650,Vessel-05650,Hapag-Lloyd,Panamax,12000,Malta
SR05651,SHP05651,Vessel-05651,Evergreen,Post-Panamax,3000,India
SR05652,SHP05652,Vessel-05652,ONE,Ultra Large Container Vessel,4500,Singapore
SR05653,SHP05653,Vessel-05653,Maersk,Panamax,6500,Liberia
SR05654,SHP05654,Vessel-05654,MSC,Post-Panamax,8500,Panama
SR05655,SHP05655,Vessel-05655,CMA CGM,Ultra Large Container Vessel,12000,Malta
SR05656,SHP05656,Vessel-05656,Hapag-Lloyd,Panamax,3000,India
SR05657,SHP05657,Vessel-05657,Evergreen,Post-Panamax,4500,Singapore
SR05658,SHP05658,Vessel-05658,ONE,Ultra Large Container Vessel,6500,Liberia
SR05659,SHP05659,Vessel-05659,Maersk,Panamax,8500,Panama
SR05660,SHP05660,Vessel-05660,MSC,Post-Panamax,12000,Malta
SR05661,SHP05661,Vessel-05661,CMA CGM,Ultra Large Container Vessel,3000,India
SR05662,SHP05662,Vessel-05662,Hapag-Lloyd,Panamax,4500,Singapore
SR05663,SHP05663,Vessel-05663,Evergreen,Post-Panamax,6500,Liberia
SR05664,SHP05664,Vessel-05664,ONE,Ultra Large Container Vessel,8500,Panama
SR05665,SHP05665,Vessel-05665,Maersk,Panamax,12000,Malta
SR05666,SHP05666,Vessel-05666,MSC,Post-Panamax,3000,India
SR05667,SHP05667,Vessel-05667,CMA CGM,Ultra Large Container Vessel,4500,Singapore
SR05668,SHP05668,Vessel-05668,Hapag-Lloyd,Panamax,6500,Liberia
SR05669,SHP05669,Vessel-05669,Evergreen,Post-Panamax,8500,Panama
SR05670,SHP05670,Vessel-05670,ONE,Ultra Large Container Vessel,12000,Malta
SR05671,SHP05671,Vessel-05671,Maersk,Panamax,3000,India
SR05672,SHP05672,Vessel-05672,MSC,Post-Panamax,4500,Singapore
SR05673,SHP05673,Vessel-05673,CMA CGM,Ultra Large Container Vessel,6500,Liberia
SR05674,SHP05674,Vessel-05674,Hapag-Lloyd,Panamax,8500,Panama
SR05675,SHP05675,Vessel-05675,Evergreen,Post-Panamax,12000,Malta
SR05676,SHP05676,Vessel-05676,ONE,Ultra Large Container Vessel,3000,India
SR05677,SHP05677,Vessel-05677,Maersk,Panamax,4500,Singapore
SR05678,SHP05678,Vessel-05678,MSC,Post-Panamax,6500,Liberia
SR05679,SHP05679,Vessel-05679,CMA CGM,Ultra Large Container Vessel,8500,Panama
SR05680,SHP05680,Vessel-05680,Hapag-Lloyd,Panamax,12000,Malta
SR05681,SHP05681,Vessel-05681,Evergreen,Post-Panamax,3000,India
SR05682,SHP05682,Vessel-05682,ONE,Ultra Large Container Vessel,4500,Singapore
SR05683,SHP05683,Vessel-05683,Maersk,Panamax,6500,Liberia
SR05684,SHP05684,Vessel-05684,MSC,Post-Panamax,8500,Panama
SR05685,SHP05685,Vessel-05685,CMA CGM,Ultra Large Container Vessel,12000,Malta
SR05686,SHP05686,Vessel-05686,Hapag-Lloyd,Panamax,3000,India
SR05687,SHP05687,Vessel-05687,Evergreen,Post-Panamax,4500,Singapore
SR05688,SHP05688,Vessel-05688,ONE,Ultra Large Container Vessel,6500,Liberia
SR05689,SHP05689,Vessel-05689,Maersk,Panamax,8500,Panama
SR05690,SHP05690,Vessel-05690,MSC,Post-Panamax,12000,Malta
SR05691,SHP05691,Vessel-05691,CMA CGM,Ultra Large Container Vessel,3000,India
SR05692,SHP05692,Vessel-05692,Hapag-Lloyd,Panamax,4500,Singapore
SR05693,SHP05693,Vessel-05693,Evergreen,Post-Panamax,6500,Liberia
SR05694,SHP05694,Vessel-05694,ONE,Ultra Large Container Vessel,8500,Panama
SR05695,SHP05695,Vessel-05695,Maersk,Panamax,12000,Malta
SR05696,SHP05696,Vessel-05696,MSC,Post-Panamax,3000,India
SR05697,SHP05697,Vessel-05697,CMA CGM,Ultra Large Container Vessel,4500,Singapore
SR05698,SHP05698,Vessel-05698,Hapag-Lloyd,Panamax,6500,Liberia
SR05699,SHP05699,Vessel-05699,Evergreen,Post-Panamax,8500,Panama
SR05700,SHP05700,Vessel-05700,ONE,Ultra Large Container Vessel,12000,Malta
SR05701,SHP05701,Vessel-05701,Maersk,Panamax,3000,India
SR05702,SHP05702,Vessel-05702,MSC,Post-Panamax,4500,Singapore
SR05703,SHP05703,Vessel-05703,CMA CGM,Ultra Large Container Vessel,6500,Liberia
SR05704,SHP05704,Vessel-05704,Hapag-Lloyd,Panamax,8500,Panama
SR05705,SHP05705,Vessel-05705,Evergreen,Post-Panamax,12000,Malta
SR05706,SHP05706,Vessel-05706,ONE,Ultra Large Container Vessel,3000,India
SR05707,SHP05707,Vessel-05707,Maersk,Panamax,4500,Singapore
SR05708,SHP05708,Vessel-05708,MSC,Post-Panamax,6500,Liberia
SR05709,SHP05709,Vessel-05709,CMA CGM,Ultra Large Container Vessel,8500,Panama
SR05710,SHP05710,Vessel-05710,Hapag-Lloyd,Panamax,12000,Malta
SR05711,SHP05711,Vessel-05711,Evergreen,Post-Panamax,3000,India
SR05712,SHP05712,Vessel-05712,ONE,Ultra Large Container Vessel,4500,Singapore
SR05713,SHP05713,Vessel-05713,Maersk,Panamax,6500,Liberia
SR05714,SHP05714,Vessel-05714,MSC,Post-Panamax,8500,Panama
SR05715,SHP05715,Vessel-05715,CMA CGM,Ultra Large Container Vessel,12000,Malta
SR05716,SHP05716,Vessel-05716,Hapag-Lloyd,Panamax,3000,India
SR05717,SHP05717,Vessel-05717,Evergreen,Post-Panamax,4500,Singapore
SR05718,SHP05718,Vessel-05718,ONE,Ultra Large Container Vessel,6500,Liberia
SR05719,SHP05719,Vessel-05719,Maersk,Panamax,8500,Panama
SR05720,SHP05720,Vessel-05720,MSC,Post-Panamax,12000,Malta
SR05721,SHP05721,Vessel-05721,CMA CGM,Ultra Large Container Vessel,3000,India
SR05722,SHP05722,Vessel-05722,Hapag-Lloyd,Panamax,4500,Singapore
SR05723,SHP05723,Vessel-05723,Evergreen,Post-Panamax,6500,Liberia
SR05724,SHP05724,Vessel-05724,ONE,Ultra Large Container Vessel,8500,Panama
SR05725,SHP05725,Vessel-05725,Maersk,Panamax,12000,Malta
SR05726,SHP05726,Vessel-05726,MSC,Post-Panamax,3000,India
SR05727,SHP05727,Vessel-05727,CMA CGM,Ultra Large Container Vessel,4500,Singapore
SR05728,SHP05728,Vessel-05728,Hapag-Lloyd,Panamax,6500,Liberia
SR05729,SHP05729,Vessel-05729,Evergreen,Post-Panamax,8500,Panama
SR05730,SHP05730,Vessel-05730,ONE,Ultra Large Container Vessel,12000,Malta
SR05731,SHP05731,Vessel-05731,Maersk,Panamax,3000,India
SR05732,SHP05732,Vessel-05732,MSC,Post-Panamax,4500,Singapore
SR05733,SHP05733,Vessel-05733,CMA CGM,Ultra Large Container Vessel,6500,Liberia
SR05734,SHP05734,Vessel-05734,Hapag-Lloyd,Panamax,8500,Panama
SR05735,SHP05735,Vessel-05735,Evergreen,Post-Panamax,12000,Malta
SR05736,SHP05736,Vessel-05736,ONE,Ultra Large Container Vessel,3000,India
SR05737,SHP05737,Vessel-05737,Maersk,Panamax,4500,Singapore
SR05738,SHP05738,Vessel-05738,MSC,Post-Panamax,6500,Liberia
SR05739,SHP05739,Vessel-05739,CMA CGM,Ultra Large Container Vessel,8500,Panama
SR05740,SHP05740,Vessel-05740,Hapag-Lloyd,Panamax,12000,Malta
SR05741,SHP05741,Vessel-05741,Evergreen,Post-Panamax,3000,India
SR05742,SHP05742,Vessel-05742,ONE,Ultra Large Container Vessel,4500,Singapore
SR05743,SHP05743,Vessel-05743,Maersk,Panamax,6500,Liberia
SR05744,SHP05744,Vessel-05744,MSC,Post-Panamax,8500,Panama
SR05745,SHP05745,Vessel-05745,CMA CGM,Ultra Large Container Vessel,12000,Malta
SR05746,SHP05746,Vessel-05746,Hapag-Lloyd,Panamax,3000,India
SR05747,SHP05747,Vessel-05747,Evergreen,Post-Panamax,4500,Singapore
SR05748,SHP05748,Vessel-05748,ONE,Ultra Large Container Vessel,6500,Liberia
SR05749,SHP05749,Vessel-05749,Maersk,Panamax,8500,Panama
SR05750,SHP05750,Vessel-05750,MSC,Post-Panamax,12000,Malta
SR05751,SHP05751,Vessel-05751,CMA CGM,Ultra Large Container Vessel,3000,India
SR05752,SHP05752,Vessel-05752,Hapag-Lloyd,Panamax,4500,Singapore
SR05753,SHP05753,Vessel-05753,Evergreen,Post-Panamax,6500,Liberia
SR05754,SHP05754,Vessel-05754,ONE,Ultra Large Container Vessel,8500,Panama
SR05755,SHP05755,Vessel-05755,Maersk,Panamax,12000,Malta
SR05756,SHP05756,Vessel-05756,MSC,Post-Panamax,3000,India
SR05757,SHP05757,Vessel-05757,CMA CGM,Ultra Large Container Vessel,4500,Singapore
SR05758,SHP05758,Vessel-05758,Hapag-Lloyd,Panamax,6500,Liberia
SR05759,SHP05759,Vessel-05759,Evergreen,Post-Panamax,8500,Panama
SR05760,SHP05760,Vessel-05760,ONE,Ultra Large Container Vessel,12000,Malta
SR05761,SHP05761,Vessel-05761,Maersk,Panamax,3000,India
SR05762,SHP05762,Vessel-05762,MSC,Post-Panamax,4500,Singapore
SR05763,SHP05763,Vessel-05763,CMA CGM,Ultra Large Container Vessel,6500,Liberia
SR05764,SHP05764,Vessel-05764,Hapag-Lloyd,Panamax,8500,Panama
SR05765,SHP05765,Vessel-05765,Evergreen,Post-Panamax,12000,Malta
SR05766,SHP05766,Vessel-05766,ONE,Ultra Large Container Vessel,3000,India
SR05767,SHP05767,Vessel-05767,Maersk,Panamax,4500,Singapore
SR05768,SHP05768,Vessel-05768,MSC,Post-Panamax,6500,Liberia
SR05769,SHP05769,Vessel-05769,CMA CGM,Ultra Large Container Vessel,8500,Panama
SR05770,SHP05770,Vessel-05770,Hapag-Lloyd,Panamax,12000,Malta
SR05771,SHP05771,Vessel-05771,Evergreen,Post-Panamax,3000,India
SR05772,SHP05772,Vessel-05772,ONE,Ultra Large Container Vessel,4500,Singapore
SR05773,SHP05773,Vessel-05773,Maersk,Panamax,6500,Liberia
SR05774,SHP05774,Vessel-05774,MSC,Post-Panamax,8500,Panama
SR05775,SHP05775,Vessel-05775,CMA CGM,Ultra Large Container Vessel,12000,Malta
SR05776,SHP05776,Vessel-05776,Hapag-Lloyd,Panamax,3000,India
SR05777,SHP05777,Vessel-05777,Evergreen,Post-Panamax,4500,Singapore
SR05778,SHP05778,Vessel-05778,ONE,Ultra Large Container Vessel,6500,Liberia
SR05779,SHP05779,Vessel-05779,Maersk,Panamax,8500,Panama
SR05780,SHP05780,Vessel-05780,MSC,Post-Panamax,12000,Malta
SR05781,SHP05781,Vessel-05781,CMA CGM,Ultra Large Container Vessel,3000,India
SR05782,SHP05782,Vessel-05782,Hapag-Lloyd,Panamax,4500,Singapore
SR05783,SHP05783,Vessel-05783,Evergreen,Post-Panamax,6500,Liberia
SR05784,SHP05784,Vessel-05784,ONE,Ultra Large Container Vessel,8500,Panama
SR05785,SHP05785,Vessel-05785,Maersk,Panamax,12000,Malta
SR05786,SHP05786,Vessel-05786,MSC,Post-Panamax,3000,India
SR05787,SHP05787,Vessel-05787,CMA CGM,Ultra Large Container Vessel,4500,Singapore
SR05788,SHP05788,Vessel-05788,Hapag-Lloyd,Panamax,6500,Liberia
SR05789,SHP05789,Vessel-05789,Evergreen,Post-Panamax,8500,Panama
SR05790,SHP05790,Vessel-05790,ONE,Ultra Large Container Vessel,12000,Malta
SR05791,SHP05791,Vessel-05791,Maersk,Panamax,3000,India
SR05792,SHP05792,Vessel-05792,MSC,Post-Panamax,4500,Singapore
SR05793,SHP05793,Vessel-05793,CMA CGM,Ultra Large Container Vessel,6500,Liberia
SR05794,SHP05794,Vessel-05794,Hapag-Lloyd,Panamax,8500,Panama
SR05795,SHP05795,Vessel-05795,Evergreen,Post-Panamax,12000,Malta
SR05796,SHP05796,Vessel-05796,ONE,Ultra Large Container Vessel,3000,India
SR05797,SHP05797,Vessel-05797,Maersk,Panamax,4500,Singapore
SR05798,SHP05798,Vessel-05798,MSC,Post-Panamax,6500,Liberia
SR05799,SHP05799,Vessel-05799,CMA CGM,Ultra Large Container Vessel,8500,Panama
SR05800,SHP05800,Vessel-05800,Hapag-Lloyd,Panamax,12000,Malta
SR05801,SHP05801,Vessel-05801,Evergreen,Post-Panamax,3000,India
SR05802,SHP05802,Vessel-05802,ONE,Ultra Large Container Vessel,4500,Singapore
SR05803,SHP05803,Vessel-05803,Maersk,Panamax,6500,Liberia
SR05804,SHP05804,Vessel-05804,MSC,Post-Panamax,8500,Panama
SR05805,SHP05805,Vessel-05805,CMA CGM,Ultra Large Container Vessel,12000,Malta
SR05806,SHP05806,Vessel-05806,Hapag-Lloyd,Panamax,3000,India
SR05807,SHP05807,Vessel-05807,Evergreen,Post-Panamax,4500,Singapore
SR05808,SHP05808,Vessel-05808,ONE,Ultra Large Container Vessel,6500,Liberia
SR05809,SHP05809,Vessel-05809,Maersk,Panamax,8500,Panama
SR05810,SHP05810,Vessel-05810,MSC,Post-Panamax,12000,Malta
SR05811,SHP05811,Vessel-05811,CMA CGM,Ultra Large Container Vessel,3000,India
SR05812,SHP05812,Vessel-05812,Hapag-Lloyd,Panamax,4500,Singapore
SR05813,SHP05813,Vessel-05813,Evergreen,Post-Panamax,6500,Liberia
SR05814,SHP05814,Vessel-05814,ONE,Ultra Large Container Vessel,8500,Panama
SR05815,SHP05815,Vessel-05815,Maersk,Panamax,12000,Malta
SR05816,SHP05816,Vessel-05816,MSC,Post-Panamax,3000,India
SR05817,SHP05817,Vessel-05817,CMA CGM,Ultra Large Container Vessel,4500,Singapore
SR05818,SHP05818,Vessel-05818,Hapag-Lloyd,Panamax,6500,Liberia
SR05819,SHP05819,Vessel-05819,Evergreen,Post-Panamax,8500,Panama
SR05820,SHP05820,Vessel-05820,ONE,Ultra Large Container Vessel,12000,Malta
SR05821,SHP05821,Vessel-05821,Maersk,Panamax,3000,India
SR05822,SHP05822,Vessel-05822,MSC,Post-Panamax,4500,Singapore
SR05823,SHP05823,Vessel-05823,CMA CGM,Ultra Large Container Vessel,6500,Liberia
SR05824,SHP05824,Vessel-05824,Hapag-Lloyd,Panamax,8500,Panama
SR05825,SHP05825,Vessel-05825,Evergreen,Post-Panamax,12000,Malta
SR05826,SHP05826,Vessel-05826,ONE,Ultra Large Container Vessel,3000,India
SR05827,SHP05827,Vessel-05827,Maersk,Panamax,4500,Singapore
SR05828,SHP05828,Vessel-05828,MSC,Post-Panamax,6500,Liberia
SR05829,SHP05829,Vessel-05829,CMA CGM,Ultra Large Container Vessel,8500,Panama
SR05830,SHP05830,Vessel-05830,Hapag-Lloyd,Panamax,12000,Malta
SR05831,SHP05831,Vessel-05831,Evergreen,Post-Panamax,3000,India
SR05832,SHP05832,Vessel-05832,ONE,Ultra Large Container Vessel,4500,Singapore
SR05833,SHP05833,Vessel-05833,Maersk,Panamax,6500,Liberia
SR05834,SHP05834,Vessel-05834,MSC,Post-Panamax,8500,Panama
SR05835,SHP05835,Vessel-05835,CMA CGM,Ultra Large Container Vessel,12000,Malta
SR05836,SHP05836,Vessel-05836,Hapag-Lloyd,Panamax,3000,India
SR05837,SHP05837,Vessel-05837,Evergreen,Post-Panamax,4500,Singapore
SR05838,SHP05838,Vessel-05838,ONE,Ultra Large Container Vessel,6500,Liberia
SR05839,SHP05839,Vessel-05839,Maersk,Panamax,8500,Panama
SR05840,SHP05840,Vessel-05840,MSC,Post-Panamax,12000,Malta
SR05841,SHP05841,Vessel-05841,CMA CGM,Ultra Large Container Vessel,3000,India
SR05842,SHP05842,Vessel-05842,Hapag-Lloyd,Panamax,4500,Singapore
SR05843,SHP05843,Vessel-05843,Evergreen,Post-Panamax,6500,Liberia
SR05844,SHP05844,Vessel-05844,ONE,Ultra Large Container Vessel,8500,Panama
SR05845,SHP05845,Vessel-05845,Maersk,Panamax,12000,Malta
SR05846,SHP05846,Vessel-05846,MSC,Post-Panamax,3000,India
SR05847,SHP05847,Vessel-05847,CMA CGM,Ultra Large Container Vessel,4500,Singapore
SR05848,SHP05848,Vessel-05848,Hapag-Lloyd,Panamax,6500,Liberia
SR05849,SHP05849,Vessel-05849,Evergreen,Post-Panamax,8500,Panama
SR05850,SHP05850,Vessel-05850,ONE,Ultra Large Container Vessel,12000,Malta
SR05851,SHP05851,Vessel-05851,Maersk,Panamax,3000,India
SR05852,SHP05852,Vessel-05852,MSC,Post-Panamax,4500,Singapore
SR05853,SHP05853,Vessel-05853,CMA CGM,Ultra Large Container Vessel,6500,Liberia
SR05854,SHP05854,Vessel-05854,Hapag-Lloyd,Panamax,8500,Panama
SR05855,SHP05855,Vessel-05855,Evergreen,Post-Panamax,12000,Malta
SR05856,SHP05856,Vessel-05856,ONE,Ultra Large Container Vessel,3000,India
SR05857,SHP05857,Vessel-05857,Maersk,Panamax,4500,Singapore
SR05858,SHP05858,Vessel-05858,MSC,Post-Panamax,6500,Liberia
SR05859,SHP05859,Vessel-05859,CMA CGM,Ultra Large Container Vessel,8500,Panama
SR05860,SHP05860,Vessel-05860,Hapag-Lloyd,Panamax,12000,Malta
SR05861,SHP05861,Vessel-05861,Evergreen,Post-Panamax,3000,India
SR05862,SHP05862,Vessel-05862,ONE,Ultra Large Container Vessel,4500,Singapore
SR05863,SHP05863,Vessel-05863,Maersk,Panamax,6500,Liberia
SR05864,SHP05864,Vessel-05864,MSC,Post-Panamax,8500,Panama
SR05865,SHP05865,Vessel-05865,CMA CGM,Ultra Large Container Vessel,12000,Malta
SR05866,SHP05866,Vessel-05866,Hapag-Lloyd,Panamax,3000,India
SR05867,SHP05867,Vessel-05867,Evergreen,Post-Panamax,4500,Singapore
SR05868,SHP05868,Vessel-05868,ONE,Ultra Large Container Vessel,6500,Liberia
SR05869,SHP05869,Vessel-05869,Maersk,Panamax,8500,Panama
SR05870,SHP05870,Vessel-05870,MSC,Post-Panamax,12000,Malta
SR05871,SHP05871,Vessel-05871,CMA CGM,Ultra Large Container Vessel,3000,India
SR05872,SHP05872,Vessel-05872,Hapag-Lloyd,Panamax,4500,Singapore
SR05873,SHP05873,Vessel-05873,Evergreen,Post-Panamax,6500,Liberia
SR05874,SHP05874,Vessel-05874,ONE,Ultra Large Container Vessel,8500,Panama
SR05875,SHP05875,Vessel-05875,Maersk,Panamax,12000,Malta
SR05876,SHP05876,Vessel-05876,MSC,Post-Panamax,3000,India
SR05877,SHP05877,Vessel-05877,CMA CGM,Ultra Large Container Vessel,4500,Singapore
SR05878,SHP05878,Vessel-05878,Hapag-Lloyd,Panamax,6500,Liberia
SR05879,SHP05879,Vessel-05879,Evergreen,Post-Panamax,8500,Panama
SR05880,SHP05880,Vessel-05880,ONE,Ultra Large Container Vessel,12000,Malta
SR05881,SHP05881,Vessel-05881,Maersk,Panamax,3000,India
SR05882,SHP05882,Vessel-05882,MSC,Post-Panamax,4500,Singapore
SR05883,SHP05883,Vessel-05883,CMA CGM,Ultra Large Container Vessel,6500,Liberia
SR05884,SHP05884,Vessel-05884,Hapag-Lloyd,Panamax,8500,Panama
SR05885,SHP05885,Vessel-05885,Evergreen,Post-Panamax,12000,Malta
SR05886,SHP05886,Vessel-05886,ONE,Ultra Large Container Vessel,3000,India
SR05887,SHP05887,Vessel-05887,Maersk,Panamax,4500,Singapore
SR05888,SHP05888,Vessel-05888,MSC,Post-Panamax,6500,Liberia
SR05889,SHP05889,Vessel-05889,CMA CGM,Ultra Large Container Vessel,8500,Panama
SR05890,SHP05890,Vessel-05890,Hapag-Lloyd,Panamax,12000,Malta
SR05891,SHP05891,Vessel-05891,Evergreen,Post-Panamax,3000,India
SR05892,SHP05892,Vessel-05892,ONE,Ultra Large Container Vessel,4500,Singapore
SR05893,SHP05893,Vessel-05893,Maersk,Panamax,6500,Liberia
SR05894,SHP05894,Vessel-05894,MSC,Post-Panamax,8500,Panama
SR05895,SHP05895,Vessel-05895,CMA CGM,Ultra Large Container Vessel,12000,Malta
SR05896,SHP05896,Vessel-05896,Hapag-Lloyd,Panamax,3000,India
SR05897,SHP05897,Vessel-05897,Evergreen,Post-Panamax,4500,Singapore
SR05898,SHP05898,Vessel-05898,ONE,Ultra Large Container Vessel,6500,Liberia
SR05899,SHP05899,Vessel-05899,Maersk,Panamax,8500,Panama
SR05900,SHP05900,Vessel-05900,MSC,Post-Panamax,12000,Malta
SR05901,SHP05901,Vessel-05901,CMA CGM,Ultra Large Container Vessel,3000,India
SR05902,SHP05902,Vessel-05902,Hapag-Lloyd,Panamax,4500,Singapore
SR05903,SHP05903,Vessel-05903,Evergreen,Post-Panamax,6500,Liberia
SR05904,SHP05904,Vessel-05904,ONE,Ultra Large Container Vessel,8500,Panama
SR05905,SHP05905,Vessel-05905,Maersk,Panamax,12000,Malta
SR05906,SHP05906,Vessel-05906,MSC,Post-Panamax,3000,India
SR05907,SHP05907,Vessel-05907,CMA CGM,Ultra Large Container Vessel,4500,Singapore
SR05908,SHP05908,Vessel-05908,Hapag-Lloyd,Panamax,6500,Liberia
SR05909,SHP05909,Vessel-05909,Evergreen,Post-Panamax,8500,Panama
SR05910,SHP05910,Vessel-05910,ONE,Ultra Large Container Vessel,12000,Malta
SR05911,SHP05911,Vessel-05911,Maersk,Panamax,3000,India
SR05912,SHP05912,Vessel-05912,MSC,Post-Panamax,4500,Singapore
SR05913,SHP05913,Vessel-05913,CMA CGM,Ultra Large Container Vessel,6500,Liberia
SR05914,SHP05914,Vessel-05914,Hapag-Lloyd,Panamax,8500,Panama
SR05915,SHP05915,Vessel-05915,Evergreen,Post-Panamax,12000,Malta
SR05916,SHP05916,Vessel-05916,ONE,Ultra Large Container Vessel,3000,India
SR05917,SHP05917,Vessel-05917,Maersk,Panamax,4500,Singapore
SR05918,SHP05918,Vessel-05918,MSC,Post-Panamax,6500,Liberia
SR05919,SHP05919,Vessel-05919,CMA CGM,Ultra Large Container Vessel,8500,Panama
SR05920,SHP05920,Vessel-05920,Hapag-Lloyd,Panamax,12000,Malta
SR05921,SHP05921,Vessel-05921,Evergreen,Post-Panamax,3000,India
SR05922,SHP05922,Vessel-05922,ONE,Ultra Large Container Vessel,4500,Singapore
SR05923,SHP05923,Vessel-05923,Maersk,Panamax,6500,Liberia
SR05924,SHP05924,Vessel-05924,MSC,Post-Panamax,8500,Panama
SR05925,SHP05925,Vessel-05925,CMA CGM,Ultra Large Container Vessel,12000,Malta
SR05926,SHP05926,Vessel-05926,Hapag-Lloyd,Panamax,3000,India
SR05927,SHP05927,Vessel-05927,Evergreen,Post-Panamax,4500,Singapore
SR05928,SHP05928,Vessel-05928,ONE,Ultra Large Container Vessel,6500,Liberia
SR05929,SHP05929,Vessel-05929,Maersk,Panamax,8500,Panama
SR05930,SHP05930,Vessel-05930,MSC,Post-Panamax,12000,Malta
SR05931,SHP05931,Vessel-05931,CMA CGM,Ultra Large Container Vessel,3000,India
SR05932,SHP05932,Vessel-05932,Hapag-Lloyd,Panamax,4500,Singapore
SR05933,SHP05933,Vessel-05933,Evergreen,Post-Panamax,6500,Liberia
SR05934,SHP05934,Vessel-05934,ONE,Ultra Large Container Vessel,8500,Panama
SR05935,SHP05935,Vessel-05935,Maersk,Panamax,12000,Malta
SR05936,SHP05936,Vessel-05936,MSC,Post-Panamax,3000,India
SR05937,SHP05937,Vessel-05937,CMA CGM,Ultra Large Container Vessel,4500,Singapore
SR05938,SHP05938,Vessel-05938,Hapag-Lloyd,Panamax,6500,Liberia
SR05939,SHP05939,Vessel-05939,Evergreen,Post-Panamax,8500,Panama
SR05940,SHP05940,Vessel-05940,ONE,Ultra Large Container Vessel,12000,Malta
SR05941,SHP05941,Vessel-05941,Maersk,Panamax,3000,India
SR05942,SHP05942,Vessel-05942,MSC,Post-Panamax,4500,Singapore
SR05943,SHP05943,Vessel-05943,CMA CGM,Ultra Large Container Vessel,6500,Liberia
SR05944,SHP05944,Vessel-05944,Hapag-Lloyd,Panamax,8500,Panama
SR05945,SHP05945,Vessel-05945,Evergreen,Post-Panamax,12000,Malta
SR05946,SHP05946,Vessel-05946,ONE,Ultra Large Container Vessel,3000,India
SR05947,SHP05947,Vessel-05947,Maersk,Panamax,4500,Singapore
SR05948,SHP05948,Vessel-05948,MSC,Post-Panamax,6500,Liberia
SR05949,SHP05949,Vessel-05949,CMA CGM,Ultra Large Container Vessel,8500,Panama
SR05950,SHP05950,Vessel-05950,Hapag-Lloyd,Panamax,12000,Malta
SR05951,SHP05951,Vessel-05951,Evergreen,Post-Panamax,3000,India
SR05952,SHP05952,Vessel-05952,ONE,Ultra Large Container Vessel,4500,Singapore
SR05953,SHP05953,Vessel-05953,Maersk,Panamax,6500,Liberia
SR05954,SHP05954,Vessel-05954,MSC,Post-Panamax,8500,Panama
SR05955,SHP05955,Vessel-05955,CMA CGM,Ultra Large Container Vessel,12000,Malta
SR05956,SHP05956,Vessel-05956,Hapag-Lloyd,Panamax,3000,India
SR05957,SHP05957,Vessel-05957,Evergreen,Post-Panamax,4500,Singapore
SR05958,SHP05958,Vessel-05958,ONE,Ultra Large Container Vessel,6500,Liberia
SR05959,SHP05959,Vessel-05959,Maersk,Panamax,8500,Panama
SR05960,SHP05960,Vessel-05960,MSC,Post-Panamax,12000,Malta
SR05961,SHP05961,Vessel-05961,CMA CGM,Ultra Large Container Vessel,3000,India
SR05962,SHP05962,Vessel-05962,Hapag-Lloyd,Panamax,4500,Singapore
SR05963,SHP05963,Vessel-05963,Evergreen,Post-Panamax,6500,Liberia
SR05964,SHP05964,Vessel-05964,ONE,Ultra Large Container Vessel,8500,Panama
SR05965,SHP05965,Vessel-05965,Maersk,Panamax,12000,Malta
SR05966,SHP05966,Vessel-05966,MSC,Post-Panamax,3000,India
SR05967,SHP05967,Vessel-05967,CMA CGM,Ultra Large Container Vessel,4500,Singapore
SR05968,SHP05968,Vessel-05968,Hapag-Lloyd,Panamax,6500,Liberia
SR05969,SHP05969,Vessel-05969,Evergreen,Post-Panamax,8500,Panama
SR05970,SHP05970,Vessel-05970,ONE,Ultra Large Container Vessel,12000,Malta
SR05971,SHP05971,Vessel-05971,Maersk,Panamax,3000,India
SR05972,SHP05972,Vessel-05972,MSC,Post-Panamax,4500,Singapore
SR05973,SHP05973,Vessel-05973,CMA CGM,Ultra Large Container Vessel,6500,Liberia
SR05974,SHP05974,Vessel-05974,Hapag-Lloyd,Panamax,8500,Panama
SR05975,SHP05975,Vessel-05975,Evergreen,Post-Panamax,12000,Malta
SR05976,SHP05976,Vessel-05976,ONE,Ultra Large Container Vessel,3000,India
SR05977,SHP05977,Vessel-05977,Maersk,Panamax,4500,Singapore
SR05978,SHP05978,Vessel-05978,MSC,Post-Panamax,6500,Liberia
SR05979,SHP05979,Vessel-05979,CMA CGM,Ultra Large Container Vessel,8500,Panama
SR05980,SHP05980,Vessel-05980,Hapag-Lloyd,Panamax,12000,Malta
SR05981,SHP05981,Vessel-05981,Evergreen,Post-Panamax,3000,India
SR05982,SHP05982,Vessel-05982,ONE,Ultra Large Container Vessel,4500,Singapore
SR05983,SHP05983,Vessel-05983,Maersk,Panamax,6500,Liberia
SR05984,SHP05984,Vessel-05984,MSC,Post-Panamax,8500,Panama
SR05985,SHP05985,Vessel-05985,CMA CGM,Ultra Large Container Vessel,12000,Malta
SR05986,SHP05986,Vessel-05986,Hapag-Lloyd,Panamax,3000,India
SR05987,SHP05987,Vessel-05987,Evergreen,Post-Panamax,4500,Singapore
SR05988,SHP05988,Vessel-05988,ONE,Ultra Large Container Vessel,6500,Liberia
SR05989,SHP05989,Vessel-05989,Maersk,Panamax,8500,Panama
SR05990,SHP05990,Vessel-05990,MSC,Post-Panamax,12000,Malta
SR05991,SHP05991,Vessel-05991,CMA CGM,Ultra Large Container Vessel,3000,India
SR05992,SHP05992,Vessel-05992,Hapag-Lloyd,Panamax,4500,Singapore
SR05993,SHP05993,Vessel-05993,Evergreen,Post-Panamax,6500,Liberia
SR05994,SHP05994,Vessel-05994,ONE,Ultra Large Container Vessel,8500,Panama
SR05995,SHP05995,Vessel-05995,Maersk,Panamax,12000,Malta
SR05996,SHP05996,Vessel-05996,MSC,Post-Panamax,3000,India
SR05997,SHP05997,Vessel-05997,CMA CGM,Ultra Large Container Vessel,4500,Singapore
SR05998,SHP05998,Vessel-05998,Hapag-Lloyd,Panamax,6500,Liberia
SR05999,SHP05999,Vessel-05999,Evergreen,Post-Panamax,8500,Panama
SR06000,SHP06000,Vessel-06000,ONE,Ultra Large Container Vessel,12000,Malta
SR06001,SHP06001,Vessel-06001,Maersk,Panamax,3000,India
SR06002,SHP06002,Vessel-06002,MSC,Post-Panamax,4500,Singapore
SR06003,SHP06003,Vessel-06003,CMA CGM,Ultra Large Container Vessel,6500,Liberia
SR06004,SHP06004,Vessel-06004,Hapag-Lloyd,Panamax,8500,Panama
SR06005,SHP06005,Vessel-06005,Evergreen,Post-Panamax,12000,Malta
SR06006,SHP06006,Vessel-06006,ONE,Ultra Large Container Vessel,3000,India
SR06007,SHP06007,Vessel-06007,Maersk,Panamax,4500,Singapore
SR06008,SHP06008,Vessel-06008,MSC,Post-Panamax,6500,Liberia
SR06009,SHP06009,Vessel-06009,CMA CGM,Ultra Large Container Vessel,8500,Panama
SR06010,SHP06010,Vessel-06010,Hapag-Lloyd,Panamax,12000,Malta
SR06011,SHP06011,Vessel-06011,Evergreen,Post-Panamax,3000,India
SR06012,SHP06012,Vessel-06012,ONE,Ultra Large Container Vessel,4500,Singapore
SR06013,SHP06013,Vessel-06013,Maersk,Panamax,6500,Liberia
SR06014,SHP06014,Vessel-06014,MSC,Post-Panamax,8500,Panama
SR06015,SHP06015,Vessel-06015,CMA CGM,Ultra Large Container Vessel,12000,Malta
SR06016,SHP06016,Vessel-06016,Hapag-Lloyd,Panamax,3000,India
SR06017,SHP06017,Vessel-06017,Evergreen,Post-Panamax,4500,Singapore
SR06018,SHP06018,Vessel-06018,ONE,Ultra Large Container Vessel,6500,Liberia
SR06019,SHP06019,Vessel-06019,Maersk,Panamax,8500,Panama
SR06020,SHP06020,Vessel-06020,MSC,Post-Panamax,12000,Malta
SR06021,SHP06021,Vessel-06021,CMA CGM,Ultra Large Container Vessel,3000,India
SR06022,SHP06022,Vessel-06022,Hapag-Lloyd,Panamax,4500,Singapore
SR06023,SHP06023,Vessel-06023,Evergreen,Post-Panamax,6500,Liberia
SR06024,SHP06024,Vessel-06024,ONE,Ultra Large Container Vessel,8500,Panama
SR06025,SHP06025,Vessel-06025,Maersk,Panamax,12000,Malta
SR06026,SHP06026,Vessel-06026,MSC,Post-Panamax,3000,India
SR06027,SHP06027,Vessel-06027,CMA CGM,Ultra Large Container Vessel,4500,Singapore
SR06028,SHP06028,Vessel-06028,Hapag-Lloyd,Panamax,6500,Liberia
SR06029,SHP06029,Vessel-06029,Evergreen,Post-Panamax,8500,Panama
SR06030,SHP06030,Vessel-06030,ONE,Ultra Large Container Vessel,12000,Malta
SR06031,SHP06031,Vessel-06031,Maersk,Panamax,3000,India
SR06032,SHP06032,Vessel-06032,MSC,Post-Panamax,4500,Singapore
SR06033,SHP06033,Vessel-06033,CMA CGM,Ultra Large Container Vessel,6500,Liberia
SR06034,SHP06034,Vessel-06034,Hapag-Lloyd,Panamax,8500,Panama
SR06035,SHP06035,Vessel-06035,Evergreen,Post-Panamax,12000,Malta
SR06036,SHP06036,Vessel-06036,ONE,Ultra Large Container Vessel,3000,India
SR06037,SHP06037,Vessel-06037,Maersk,Panamax,4500,Singapore
SR06038,SHP06038,Vessel-06038,MSC,Post-Panamax,6500,Liberia
SR06039,SHP06039,Vessel-06039,CMA CGM,Ultra Large Container Vessel,8500,Panama
SR06040,SHP06040,Vessel-06040,Hapag-Lloyd,Panamax,12000,Malta
SR06041,SHP06041,Vessel-06041,Evergreen,Post-Panamax,3000,India
SR06042,SHP06042,Vessel-06042,ONE,Ultra Large Container Vessel,4500,Singapore
SR06043,SHP06043,Vessel-06043,Maersk,Panamax,6500,Liberia
SR06044,SHP06044,Vessel-06044,MSC,Post-Panamax,8500,Panama
SR06045,SHP06045,Vessel-06045,CMA CGM,Ultra Large Container Vessel,12000,Malta
SR06046,SHP06046,Vessel-06046,Hapag-Lloyd,Panamax,3000,India
SR06047,SHP06047,Vessel-06047,Evergreen,Post-Panamax,4500,Singapore
SR06048,SHP06048,Vessel-06048,ONE,Ultra Large Container Vessel,6500,Liberia
SR06049,SHP06049,Vessel-06049,Maersk,Panamax,8500,Panama
SR06050,SHP06050,Vessel-06050,MSC,Post-Panamax,12000,Malta
SR06051,SHP06051,Vessel-06051,CMA CGM,Ultra Large Container Vessel,3000,India
SR06052,SHP06052,Vessel-06052,Hapag-Lloyd,Panamax,4500,Singapore
SR06053,SHP06053,Vessel-06053,Evergreen,Post-Panamax,6500,Liberia
SR06054,SHP06054,Vessel-06054,ONE,Ultra Large Container Vessel,8500,Panama
SR06055,SHP06055,Vessel-06055,Maersk,Panamax,12000,Malta
SR06056,SHP06056,Vessel-06056,MSC,Post-Panamax,3000,India
SR06057,SHP06057,Vessel-06057,CMA CGM,Ultra Large Container Vessel,4500,Singapore
SR06058,SHP06058,Vessel-06058,Hapag-Lloyd,Panamax,6500,Liberia
SR06059,SHP06059,Vessel-06059,Evergreen,Post-Panamax,8500,Panama
SR06060,SHP06060,Vessel-06060,ONE,Ultra Large Container Vessel,12000,Malta
SR06061,SHP06061,Vessel-06061,Maersk,Panamax,3000,India
SR06062,SHP06062,Vessel-06062,MSC,Post-Panamax,4500,Singapore
SR06063,SHP06063,Vessel-06063,CMA CGM,Ultra Large Container Vessel,6500,Liberia
SR06064,SHP06064,Vessel-06064,Hapag-Lloyd,Panamax,8500,Panama
SR06065,SHP06065,Vessel-06065,Evergreen,Post-Panamax,12000,Malta
SR06066,SHP06066,Vessel-06066,ONE,Ultra Large Container Vessel,3000,India
SR06067,SHP06067,Vessel-06067,Maersk,Panamax,4500,Singapore
SR06068,SHP06068,Vessel-06068,MSC,Post-Panamax,6500,Liberia
SR06069,SHP06069,Vessel-06069,CMA CGM,Ultra Large Container Vessel,8500,Panama
SR06070,SHP06070,Vessel-06070,Hapag-Lloyd,Panamax,12000,Malta
SR06071,SHP06071,Vessel-06071,Evergreen,Post-Panamax,3000,India
SR06072,SHP06072,Vessel-06072,ONE,Ultra Large Container Vessel,4500,Singapore
SR06073,SHP06073,Vessel-06073,Maersk,Panamax,6500,Liberia
SR06074,SHP06074,Vessel-06074,MSC,Post-Panamax,8500,Panama
SR06075,SHP06075,Vessel-06075,CMA CGM,Ultra Large Container Vessel,12000,Malta
SR06076,SHP06076,Vessel-06076,Hapag-Lloyd,Panamax,3000,India
SR06077,SHP06077,Vessel-06077,Evergreen,Post-Panamax,4500,Singapore
SR06078,SHP06078,Vessel-06078,ONE,Ultra Large Container Vessel,6500,Liberia
SR06079,SHP06079,Vessel-06079,Maersk,Panamax,8500,Panama
SR06080,SHP06080,Vessel-06080,MSC,Post-Panamax,12000,Malta
SR06081,SHP06081,Vessel-06081,CMA CGM,Ultra Large Container Vessel,3000,India
SR06082,SHP06082,Vessel-06082,Hapag-Lloyd,Panamax,4500,Singapore
SR06083,SHP06083,Vessel-06083,Evergreen,Post-Panamax,6500,Liberia
SR06084,SHP06084,Vessel-06084,ONE,Ultra Large Container Vessel,8500,Panama
SR06085,SHP06085,Vessel-06085,Maersk,Panamax,12000,Malta
SR06086,SHP06086,Vessel-06086,MSC,Post-Panamax,3000,India
SR06087,SHP06087,Vessel-06087,CMA CGM,Ultra Large Container Vessel,4500,Singapore
SR06088,SHP06088,Vessel-06088,Hapag-Lloyd,Panamax,6500,Liberia
SR06089,SHP06089,Vessel-06089,Evergreen,Post-Panamax,8500,Panama
SR06090,SHP06090,Vessel-06090,ONE,Ultra Large Container Vessel,12000,Malta
SR06091,SHP06091,Vessel-06091,Maersk,Panamax,3000,India
SR06092,SHP06092,Vessel-06092,MSC,Post-Panamax,4500,Singapore
SR06093,SHP06093,Vessel-06093,CMA CGM,Ultra Large Container Vessel,6500,Liberia
SR06094,SHP06094,Vessel-06094,Hapag-Lloyd,Panamax,8500,Panama
SR06095,SHP06095,Vessel-06095,Evergreen,Post-Panamax,12000,Malta
SR06096,SHP06096,Vessel-06096,ONE,Ultra Large Container Vessel,3000,India
SR06097,SHP06097,Vessel-06097,Maersk,Panamax,4500,Singapore
SR06098,SHP06098,Vessel-06098,MSC,Post-Panamax,6500,Liberia
SR06099,SHP06099,Vessel-06099,CMA CGM,Ultra Large Container Vessel,8500,Panama
SR06100,SHP06100,Vessel-06100,Hapag-Lloyd,Panamax,12000,Malta
SR06101,SHP06101,Vessel-06101,Evergreen,Post-Panamax,3000,India
SR06102,SHP06102,Vessel-06102,ONE,Ultra Large Container Vessel,4500,Singapore
SR06103,SHP06103,Vessel-06103,Maersk,Panamax,6500,Liberia
SR06104,SHP06104,Vessel-06104,MSC,Post-Panamax,8500,Panama
SR06105,SHP06105,Vessel-06105,CMA CGM,Ultra Large Container Vessel,12000,Malta
SR06106,SHP06106,Vessel-06106,Hapag-Lloyd,Panamax,3000,India
SR06107,SHP06107,Vessel-06107,Evergreen,Post-Panamax,4500,Singapore
SR06108,SHP06108,Vessel-06108,ONE,Ultra Large Container Vessel,6500,Liberia
SR06109,SHP06109,Vessel-06109,Maersk,Panamax,8500,Panama
SR06110,SHP06110,Vessel-06110,MSC,Post-Panamax,12000,Malta
SR06111,SHP06111,Vessel-06111,CMA CGM,Ultra Large Container Vessel,3000,India
SR06112,SHP06112,Vessel-06112,Hapag-Lloyd,Panamax,4500,Singapore
SR06113,SHP06113,Vessel-06113,Evergreen,Post-Panamax,6500,Liberia
SR06114,SHP06114,Vessel-06114,ONE,Ultra Large Container Vessel,8500,Panama
SR06115,SHP06115,Vessel-06115,Maersk,Panamax,12000,Malta
SR06116,SHP06116,Vessel-06116,MSC,Post-Panamax,3000,India
SR06117,SHP06117,Vessel-06117,CMA CGM,Ultra Large Container Vessel,4500,Singapore
SR06118,SHP06118,Vessel-06118,Hapag-Lloyd,Panamax,6500,Liberia
SR06119,SHP06119,Vessel-06119,Evergreen,Post-Panamax,8500,Panama
SR06120,SHP06120,Vessel-06120,ONE,Ultra Large Container Vessel,12000,Malta
SR06121,SHP06121,Vessel-06121,Maersk,Panamax,3000,India
SR06122,SHP06122,Vessel-06122,MSC,Post-Panamax,4500,Singapore
SR06123,SHP06123,Vessel-06123,CMA CGM,Ultra Large Container Vessel,6500,Liberia
SR06124,SHP06124,Vessel-06124,Hapag-Lloyd,Panamax,8500,Panama
SR06125,SHP06125,Vessel-06125,Evergreen,Post-Panamax,12000,Malta
SR06126,SHP06126,Vessel-06126,ONE,Ultra Large Container Vessel,3000,India
SR06127,SHP06127,Vessel-06127,Maersk,Panamax,4500,Singapore
SR06128,SHP06128,Vessel-06128,MSC,Post-Panamax,6500,Liberia
SR06129,SHP06129,Vessel-06129,CMA CGM,Ultra Large Container Vessel,8500,Panama
SR06130,SHP06130,Vessel-06130,Hapag-Lloyd,Panamax,12000,Malta
SR06131,SHP06131,Vessel-06131,Evergreen,Post-Panamax,3000,India
SR06132,SHP06132,Vessel-06132,ONE,Ultra Large Container Vessel,4500,Singapore
SR06133,SHP06133,Vessel-06133,Maersk,Panamax,6500,Liberia
SR06134,SHP06134,Vessel-06134,MSC,Post-Panamax,8500,Panama
SR06135,SHP06135,Vessel-06135,CMA CGM,Ultra Large Container Vessel,12000,Malta
SR06136,SHP06136,Vessel-06136,Hapag-Lloyd,Panamax,3000,India
SR06137,SHP06137,Vessel-06137,Evergreen,Post-Panamax,4500,Singapore
SR06138,SHP06138,Vessel-06138,ONE,Ultra Large Container Vessel,6500,Liberia
SR06139,SHP06139,Vessel-06139,Maersk,Panamax,8500,Panama
SR06140,SHP06140,Vessel-06140,MSC,Post-Panamax,12000,Malta
SR06141,SHP06141,Vessel-06141,CMA CGM,Ultra Large Container Vessel,3000,India
SR06142,SHP06142,Vessel-06142,Hapag-Lloyd,Panamax,4500,Singapore
SR06143,SHP06143,Vessel-06143,Evergreen,Post-Panamax,6500,Liberia
SR06144,SHP06144,Vessel-06144,ONE,Ultra Large Container Vessel,8500,Panama
SR06145,SHP06145,Vessel-06145,Maersk,Panamax,12000,Malta
SR06146,SHP06146,Vessel-06146,MSC,Post-Panamax,3000,India
SR06147,SHP06147,Vessel-06147,CMA CGM,Ultra Large Container Vessel,4500,Singapore
SR06148,SHP06148,Vessel-06148,Hapag-Lloyd,Panamax,6500,Liberia
SR06149,SHP06149,Vessel-06149,Evergreen,Post-Panamax,8500,Panama
SR06150,SHP06150,Vessel-06150,ONE,Ultra Large Container Vessel,12000,Malta
SR06151,SHP06151,Vessel-06151,Maersk,Panamax,3000,India
SR06152,SHP06152,Vessel-06152,MSC,Post-Panamax,4500,Singapore
SR06153,SHP06153,Vessel-06153,CMA CGM,Ultra Large Container Vessel,6500,Liberia
SR06154,SHP06154,Vessel-06154,Hapag-Lloyd,Panamax,8500,Panama
SR06155,SHP06155,Vessel-06155,Evergreen,Post-Panamax,12000,Malta
SR06156,SHP06156,Vessel-06156,ONE,Ultra Large Container Vessel,3000,India
SR06157,SHP06157,Vessel-06157,Maersk,Panamax,4500,Singapore
SR06158,SHP06158,Vessel-06158,MSC,Post-Panamax,6500,Liberia
SR06159,SHP06159,Vessel-06159,CMA CGM,Ultra Large Container Vessel,8500,Panama
SR06160,SHP06160,Vessel-06160,Hapag-Lloyd,Panamax,12000,Malta
SR06161,SHP06161,Vessel-06161,Evergreen,Post-Panamax,3000,India
SR06162,SHP06162,Vessel-06162,ONE,Ultra Large Container Vessel,4500,Singapore
SR06163,SHP06163,Vessel-06163,Maersk,Panamax,6500,Liberia
SR06164,SHP06164,Vessel-06164,MSC,Post-Panamax,8500,Panama
SR06165,SHP06165,Vessel-06165,CMA CGM,Ultra Large Container Vessel,12000,Malta
SR06166,SHP06166,Vessel-06166,Hapag-Lloyd,Panamax,3000,India
SR06167,SHP06167,Vessel-06167,Evergreen,Post-Panamax,4500,Singapore
SR06168,SHP06168,Vessel-06168,ONE,Ultra Large Container Vessel,6500,Liberia
SR06169,SHP06169,Vessel-06169,Maersk,Panamax,8500,Panama
SR06170,SHP06170,Vessel-06170,MSC,Post-Panamax,12000,Malta
SR06171,SHP06171,Vessel-06171,CMA CGM,Ultra Large Container Vessel,3000,India
SR06172,SHP06172,Vessel-06172,Hapag-Lloyd,Panamax,4500,Singapore
SR06173,SHP06173,Vessel-06173,Evergreen,Post-Panamax,6500,Liberia
SR06174,SHP06174,Vessel-06174,ONE,Ultra Large Container Vessel,8500,Panama
SR06175,SHP06175,Vessel-06175,Maersk,Panamax,12000,Malta
SR06176,SHP06176,Vessel-06176,MSC,Post-Panamax,3000,India
SR06177,SHP06177,Vessel-06177,CMA CGM,Ultra Large Container Vessel,4500,Singapore
SR06178,SHP06178,Vessel-06178,Hapag-Lloyd,Panamax,6500,Liberia
SR06179,SHP06179,Vessel-06179,Evergreen,Post-Panamax,8500,Panama
SR06180,SHP06180,Vessel-06180,ONE,Ultra Large Container Vessel,12000,Malta
SR06181,SHP06181,Vessel-06181,Maersk,Panamax,3000,India
SR06182,SHP06182,Vessel-06182,MSC,Post-Panamax,4500,Singapore
SR06183,SHP06183,Vessel-06183,CMA CGM,Ultra Large Container Vessel,6500,Liberia
SR06184,SHP06184,Vessel-06184,Hapag-Lloyd,Panamax,8500,Panama
SR06185,SHP06185,Vessel-06185,Evergreen,Post-Panamax,12000,Malta
SR06186,SHP06186,Vessel-06186,ONE,Ultra Large Container Vessel,3000,India
SR06187,SHP06187,Vessel-06187,Maersk,Panamax,4500,Singapore
SR06188,SHP06188,Vessel-06188,MSC,Post-Panamax,6500,Liberia
SR06189,SHP06189,Vessel-06189,CMA CGM,Ultra Large Container Vessel,8500,Panama
SR06190,SHP06190,Vessel-06190,Hapag-Lloyd,Panamax,12000,Malta
SR06191,SHP06191,Vessel-06191,Evergreen,Post-Panamax,3000,India
SR06192,SHP06192,Vessel-06192,ONE,Ultra Large Container Vessel,4500,Singapore
SR06193,SHP06193,Vessel-06193,Maersk,Panamax,6500,Liberia
SR06194,SHP06194,Vessel-06194,MSC,Post-Panamax,8500,Panama
SR06195,SHP06195,Vessel-06195,CMA CGM,Ultra Large Container Vessel,12000,Malta
SR06196,SHP06196,Vessel-06196,Hapag-Lloyd,Panamax,3000,India
SR06197,SHP06197,Vessel-06197,Evergreen,Post-Panamax,4500,Singapore
SR06198,SHP06198,Vessel-06198,ONE,Ultra Large Container Vessel,6500,Liberia
SR06199,SHP06199,Vessel-06199,Maersk,Panamax,8500,Panama
SR06200,SHP06200,Vessel-06200,MSC,Post-Panamax,12000,Malta
SR06201,SHP06201,Vessel-06201,CMA CGM,Ultra Large Container Vessel,3000,India
SR06202,SHP06202,Vessel-06202,Hapag-Lloyd,Panamax,4500,Singapore
SR06203,SHP06203,Vessel-06203,Evergreen,Post-Panamax,6500,Liberia
SR06204,SHP06204,Vessel-06204,ONE,Ultra Large Container Vessel,8500,Panama
SR06205,SHP06205,Vessel-06205,Maersk,Panamax,12000,Malta
SR06206,SHP06206,Vessel-06206,MSC,Post-Panamax,3000,India
SR06207,SHP06207,Vessel-06207,CMA CGM,Ultra Large Container Vessel,4500,Singapore
SR06208,SHP06208,Vessel-06208,Hapag-Lloyd,Panamax,6500,Liberia
SR06209,SHP06209,Vessel-06209,Evergreen,Post-Panamax,8500,Panama
SR06210,SHP06210,Vessel-06210,ONE,Ultra Large Container Vessel,12000,Malta
SR06211,SHP06211,Vessel-06211,Maersk,Panamax,3000,India
SR06212,SHP06212,Vessel-06212,MSC,Post-Panamax,4500,Singapore
SR06213,SHP06213,Vessel-06213,CMA CGM,Ultra Large Container Vessel,6500,Liberia
SR06214,SHP06214,Vessel-06214,Hapag-Lloyd,Panamax,8500,Panama
SR06215,SHP06215,Vessel-06215,Evergreen,Post-Panamax,12000,Malta
SR06216,SHP06216,Vessel-06216,ONE,Ultra Large Container Vessel,3000,India
SR06217,SHP06217,Vessel-06217,Maersk,Panamax,4500,Singapore
SR06218,SHP06218,Vessel-06218,MSC,Post-Panamax,6500,Liberia
SR06219,SHP06219,Vessel-06219,CMA CGM,Ultra Large Container Vessel,8500,Panama
SR06220,SHP06220,Vessel-06220,Hapag-Lloyd,Panamax,12000,Malta
SR06221,SHP06221,Vessel-06221,Evergreen,Post-Panamax,3000,India
SR06222,SHP06222,Vessel-06222,ONE,Ultra Large Container Vessel,4500,Singapore
SR06223,SHP06223,Vessel-06223,Maersk,Panamax,6500,Liberia
SR06224,SHP06224,Vessel-06224,MSC,Post-Panamax,8500,Panama
SR06225,SHP06225,Vessel-06225,CMA CGM,Ultra Large Container Vessel,12000,Malta
SR06226,SHP06226,Vessel-06226,Hapag-Lloyd,Panamax,3000,India
SR06227,SHP06227,Vessel-06227,Evergreen,Post-Panamax,4500,Singapore
SR06228,SHP06228,Vessel-06228,ONE,Ultra Large Container Vessel,6500,Liberia
SR06229,SHP06229,Vessel-06229,Maersk,Panamax,8500,Panama
SR06230,SHP06230,Vessel-06230,MSC,Post-Panamax,12000,Malta
SR06231,SHP06231,Vessel-06231,CMA CGM,Ultra Large Container Vessel,3000,India
SR06232,SHP06232,Vessel-06232,Hapag-Lloyd,Panamax,4500,Singapore
SR06233,SHP06233,Vessel-06233,Evergreen,Post-Panamax,6500,Liberia
SR06234,SHP06234,Vessel-06234,ONE,Ultra Large Container Vessel,8500,Panama
SR06235,SHP06235,Vessel-06235,Maersk,Panamax,12000,Malta
SR06236,SHP06236,Vessel-06236,MSC,Post-Panamax,3000,India
SR06237,SHP06237,Vessel-06237,CMA CGM,Ultra Large Container Vessel,4500,Singapore
SR06238,SHP06238,Vessel-06238,Hapag-Lloyd,Panamax,6500,Liberia
SR06239,SHP06239,Vessel-06239,Evergreen,Post-Panamax,8500,Panama
SR06240,SHP06240,Vessel-06240,ONE,Ultra Large Container Vessel,12000,Malta
SR06241,SHP06241,Vessel-06241,Maersk,Panamax,3000,India
SR06242,SHP06242,Vessel-06242,MSC,Post-Panamax,4500,Singapore
SR06243,SHP06243,Vessel-06243,CMA CGM,Ultra Large Container Vessel,6500,Liberia
SR06244,SHP06244,Vessel-06244,Hapag-Lloyd,Panamax,8500,Panama
SR06245,SHP06245,Vessel-06245,Evergreen,Post-Panamax,12000,Malta
SR06246,SHP06246,Vessel-06246,ONE,Ultra Large Container Vessel,3000,India
SR06247,SHP06247,Vessel-06247,Maersk,Panamax,4500,Singapore
SR06248,SHP06248,Vessel-06248,MSC,Post-Panamax,6500,Liberia
SR06249,SHP06249,Vessel-06249,CMA CGM,Ultra Large Container Vessel,8500,Panama
SR06250,SHP06250,Vessel-06250,Hapag-Lloyd,Panamax,12000,Malta
SR06251,SHP06251,Vessel-06251,Evergreen,Post-Panamax,3000,India
SR06252,SHP06252,Vessel-06252,ONE,Ultra Large Container Vessel,4500,Singapore
SR06253,SHP06253,Vessel-06253,Maersk,Panamax,6500,Liberia
SR06254,SHP06254,Vessel-06254,MSC,Post-Panamax,8500,Panama
SR06255,SHP06255,Vessel-06255,CMA CGM,Ultra Large Container Vessel,12000,Malta
SR06256,SHP06256,Vessel-06256,Hapag-Lloyd,Panamax,3000,India
SR06257,SHP06257,Vessel-06257,Evergreen,Post-Panamax,4500,Singapore
SR06258,SHP06258,Vessel-06258,ONE,Ultra Large Container Vessel,6500,Liberia
SR06259,SHP06259,Vessel-06259,Maersk,Panamax,8500,Panama
SR06260,SHP06260,Vessel-06260,MSC,Post-Panamax,12000,Malta
SR06261,SHP06261,Vessel-06261,CMA CGM,Ultra Large Container Vessel,3000,India
SR06262,SHP06262,Vessel-06262,Hapag-Lloyd,Panamax,4500,Singapore
SR06263,SHP06263,Vessel-06263,Evergreen,Post-Panamax,6500,Liberia
SR06264,SHP06264,Vessel-06264,ONE,Ultra Large Container Vessel,8500,Panama
SR06265,SHP06265,Vessel-06265,Maersk,Panamax,12000,Malta
SR06266,SHP06266,Vessel-06266,MSC,Post-Panamax,3000,India
SR06267,SHP06267,Vessel-06267,CMA CGM,Ultra Large Container Vessel,4500,Singapore
SR06268,SHP06268,Vessel-06268,Hapag-Lloyd,Panamax,6500,Liberia
SR06269,SHP06269,Vessel-06269,Evergreen,Post-Panamax,8500,Panama
SR06270,SHP06270,Vessel-06270,ONE,Ultra Large Container Vessel,12000,Malta
SR06271,SHP06271,Vessel-06271,Maersk,Panamax,3000,India
SR06272,SHP06272,Vessel-06272,MSC,Post-Panamax,4500,Singapore
SR06273,SHP06273,Vessel-06273,CMA CGM,Ultra Large Container Vessel,6500,Liberia
SR06274,SHP06274,Vessel-06274,Hapag-Lloyd,Panamax,8500,Panama
SR06275,SHP06275,Vessel-06275,Evergreen,Post-Panamax,12000,Malta
SR06276,SHP06276,Vessel-06276,ONE,Ultra Large Container Vessel,3000,India
SR06277,SHP06277,Vessel-06277,Maersk,Panamax,4500,Singapore
SR06278,SHP06278,Vessel-06278,MSC,Post-Panamax,6500,Liberia
SR06279,SHP06279,Vessel-06279,CMA CGM,Ultra Large Container Vessel,8500,Panama
SR06280,SHP06280,Vessel-06280,Hapag-Lloyd,Panamax,12000,Malta
SR06281,SHP06281,Vessel-06281,Evergreen,Post-Panamax,3000,India
SR06282,SHP06282,Vessel-06282,ONE,Ultra Large Container Vessel,4500,Singapore
SR06283,SHP06283,Vessel-06283,Maersk,Panamax,6500,Liberia
SR06284,SHP06284,Vessel-06284,MSC,Post-Panamax,8500,Panama
SR06285,SHP06285,Vessel-06285,CMA CGM,Ultra Large Container Vessel,12000,Malta
SR06286,SHP06286,Vessel-06286,Hapag-Lloyd,Panamax,3000,India
SR06287,SHP06287,Vessel-06287,Evergreen,Post-Panamax,4500,Singapore
SR06288,SHP06288,Vessel-06288,ONE,Ultra Large Container Vessel,6500,Liberia
SR06289,SHP06289,Vessel-06289,Maersk,Panamax,8500,Panama
SR06290,SHP06290,Vessel-06290,MSC,Post-Panamax,12000,Malta
SR06291,SHP06291,Vessel-06291,CMA CGM,Ultra Large Container Vessel,3000,India
SR06292,SHP06292,Vessel-06292,Hapag-Lloyd,Panamax,4500,Singapore
SR06293,SHP06293,Vessel-06293,Evergreen,Post-Panamax,6500,Liberia
SR06294,SHP06294,Vessel-06294,ONE,Ultra Large Container Vessel,8500,Panama
SR06295,SHP06295,Vessel-06295,Maersk,Panamax,12000,Malta
SR06296,SHP06296,Vessel-06296,MSC,Post-Panamax,3000,India
SR06297,SHP06297,Vessel-06297,CMA CGM,Ultra Large Container Vessel,4500,Singapore
SR06298,SHP06298,Vessel-06298,Hapag-Lloyd,Panamax,6500,Liberia
SR06299,SHP06299,Vessel-06299,Evergreen,Post-Panamax,8500,Panama
SR06300,SHP06300,Vessel-06300,ONE,Ultra Large Container Vessel,12000,Malta
SR06301,SHP06301,Vessel-06301,Maersk,Panamax,3000,India
SR06302,SHP06302,Vessel-06302,MSC,Post-Panamax,4500,Singapore
SR06303,SHP06303,Vessel-06303,CMA CGM,Ultra Large Container Vessel,6500,Liberia
SR06304,SHP06304,Vessel-06304,Hapag-Lloyd,Panamax,8500,Panama
SR06305,SHP06305,Vessel-06305,Evergreen,Post-Panamax,12000,Malta
SR06306,SHP06306,Vessel-06306,ONE,Ultra Large Container Vessel,3000,India
SR06307,SHP06307,Vessel-06307,Maersk,Panamax,4500,Singapore
SR06308,SHP06308,Vessel-06308,MSC,Post-Panamax,6500,Liberia
SR06309,SHP06309,Vessel-06309,CMA CGM,Ultra Large Container Vessel,8500,Panama
SR06310,SHP06310,Vessel-06310,Hapag-Lloyd,Panamax,12000,Malta
SR06311,SHP06311,Vessel-06311,Evergreen,Post-Panamax,3000,India
SR06312,SHP06312,Vessel-06312,ONE,Ultra Large Container Vessel,4500,Singapore
SR06313,SHP06313,Vessel-06313,Maersk,Panamax,6500,Liberia
SR06314,SHP06314,Vessel-06314,MSC,Post-Panamax,8500,Panama
SR06315,SHP06315,Vessel-06315,CMA CGM,Ultra Large Container Vessel,12000,Malta
SR06316,SHP06316,Vessel-06316,Hapag-Lloyd,Panamax,3000,India
SR06317,SHP06317,Vessel-06317,Evergreen,Post-Panamax,4500,Singapore
SR06318,SHP06318,Vessel-06318,ONE,Ultra Large Container Vessel,6500,Liberia
SR06319,SHP06319,Vessel-06319,Maersk,Panamax,8500,Panama
SR06320,SHP06320,Vessel-06320,MSC,Post-Panamax,12000,Malta
SR06321,SHP06321,Vessel-06321,CMA CGM,Ultra Large Container Vessel,3000,India
SR06322,SHP06322,Vessel-06322,Hapag-Lloyd,Panamax,4500,Singapore
SR06323,SHP06323,Vessel-06323,Evergreen,Post-Panamax,6500,Liberia
SR06324,SHP06324,Vessel-06324,ONE,Ultra Large Container Vessel,8500,Panama
SR06325,SHP06325,Vessel-06325,Maersk,Panamax,12000,Malta
SR06326,SHP06326,Vessel-06326,MSC,Post-Panamax,3000,India
SR06327,SHP06327,Vessel-06327,CMA CGM,Ultra Large Container Vessel,4500,Singapore
SR06328,SHP06328,Vessel-06328,Hapag-Lloyd,Panamax,6500,Liberia
SR06329,SHP06329,Vessel-06329,Evergreen,Post-Panamax,8500,Panama
SR06330,SHP06330,Vessel-06330,ONE,Ultra Large Container Vessel,12000,Malta
SR06331,SHP06331,Vessel-06331,Maersk,Panamax,3000,India
SR06332,SHP06332,Vessel-06332,MSC,Post-Panamax,4500,Singapore
SR06333,SHP06333,Vessel-06333,CMA CGM,Ultra Large Container Vessel,6500,Liberia
SR06334,SHP06334,Vessel-06334,Hapag-Lloyd,Panamax,8500,Panama
SR06335,SHP06335,Vessel-06335,Evergreen,Post-Panamax,12000,Malta
SR06336,SHP06336,Vessel-06336,ONE,Ultra Large Container Vessel,3000,India
SR06337,SHP06337,Vessel-06337,Maersk,Panamax,4500,Singapore
SR06338,SHP06338,Vessel-06338,MSC,Post-Panamax,6500,Liberia
SR06339,SHP06339,Vessel-06339,CMA CGM,Ultra Large Container Vessel,8500,Panama
SR06340,SHP06340,Vessel-06340,Hapag-Lloyd,Panamax,12000,Malta
SR06341,SHP06341,Vessel-06341,Evergreen,Post-Panamax,3000,India
SR06342,SHP06342,Vessel-06342,ONE,Ultra Large Container Vessel,4500,Singapore
SR06343,SHP06343,Vessel-06343,Maersk,Panamax,6500,Liberia
SR06344,SHP06344,Vessel-06344,MSC,Post-Panamax,8500,Panama
SR06345,SHP06345,Vessel-06345,CMA CGM,Ultra Large Container Vessel,12000,Malta
SR06346,SHP06346,Vessel-06346,Hapag-Lloyd,Panamax,3000,India
SR06347,SHP06347,Vessel-06347,Evergreen,Post-Panamax,4500,Singapore
SR06348,SHP06348,Vessel-06348,ONE,Ultra Large Container Vessel,6500,Liberia
SR06349,SHP06349,Vessel-06349,Maersk,Panamax,8500,Panama
SR06350,SHP06350,Vessel-06350,MSC,Post-Panamax,12000,Malta
SR06351,SHP06351,Vessel-06351,CMA CGM,Ultra Large Container Vessel,3000,India
SR06352,SHP06352,Vessel-06352,Hapag-Lloyd,Panamax,4500,Singapore
SR06353,SHP06353,Vessel-06353,Evergreen,Post-Panamax,6500,Liberia
SR06354,SHP06354,Vessel-06354,ONE,Ultra Large Container Vessel,8500,Panama
SR06355,SHP06355,Vessel-06355,Maersk,Panamax,12000,Malta
SR06356,SHP06356,Vessel-06356,MSC,Post-Panamax,3000,India
SR06357,SHP06357,Vessel-06357,CMA CGM,Ultra Large Container Vessel,4500,Singapore
SR06358,SHP06358,Vessel-06358,Hapag-Lloyd,Panamax,6500,Liberia
SR06359,SHP06359,Vessel-06359,Evergreen,Post-Panamax,8500,Panama
SR06360,SHP06360,Vessel-06360,ONE,Ultra Large Container Vessel,12000,Malta
SR06361,SHP06361,Vessel-06361,Maersk,Panamax,3000,India
SR06362,SHP06362,Vessel-06362,MSC,Post-Panamax,4500,Singapore
SR06363,SHP06363,Vessel-06363,CMA CGM,Ultra Large Container Vessel,6500,Liberia
SR06364,SHP06364,Vessel-06364,Hapag-Lloyd,Panamax,8500,Panama
SR06365,SHP06365,Vessel-06365,Evergreen,Post-Panamax,12000,Malta
SR06366,SHP06366,Vessel-06366,ONE,Ultra Large Container Vessel,3000,India
SR06367,SHP06367,Vessel-06367,Maersk,Panamax,4500,Singapore
SR06368,SHP06368,Vessel-06368,MSC,Post-Panamax,6500,Liberia
SR06369,SHP06369,Vessel-06369,CMA CGM,Ultra Large Container Vessel,8500,Panama
SR06370,SHP06370,Vessel-06370,Hapag-Lloyd,Panamax,12000,Malta
SR06371,SHP06371,Vessel-06371,Evergreen,Post-Panamax,3000,India
SR06372,SHP06372,Vessel-06372,ONE,Ultra Large Container Vessel,4500,Singapore
SR06373,SHP06373,Vessel-06373,Maersk,Panamax,6500,Liberia
SR06374,SHP06374,Vessel-06374,MSC,Post-Panamax,8500,Panama
SR06375,SHP06375,Vessel-06375,CMA CGM,Ultra Large Container Vessel,12000,Malta
SR06376,SHP06376,Vessel-06376,Hapag-Lloyd,Panamax,3000,India
SR06377,SHP06377,Vessel-06377,Evergreen,Post-Panamax,4500,Singapore
SR06378,SHP06378,Vessel-06378,ONE,Ultra Large Container Vessel,6500,Liberia
SR06379,SHP06379,Vessel-06379,Maersk,Panamax,8500,Panama
SR06380,SHP06380,Vessel-06380,MSC,Post-Panamax,12000,Malta
SR06381,SHP06381,Vessel-06381,CMA CGM,Ultra Large Container Vessel,3000,India
SR06382,SHP06382,Vessel-06382,Hapag-Lloyd,Panamax,4500,Singapore
SR06383,SHP06383,Vessel-06383,Evergreen,Post-Panamax,6500,Liberia
SR06384,SHP06384,Vessel-06384,ONE,Ultra Large Container Vessel,8500,Panama
SR06385,SHP06385,Vessel-06385,Maersk,Panamax,12000,Malta
SR06386,SHP06386,Vessel-06386,MSC,Post-Panamax,3000,India
SR06387,SHP06387,Vessel-06387,CMA CGM,Ultra Large Container Vessel,4500,Singapore
SR06388,SHP06388,Vessel-06388,Hapag-Lloyd,Panamax,6500,Liberia
SR06389,SHP06389,Vessel-06389,Evergreen,Post-Panamax,8500,Panama
SR06390,SHP06390,Vessel-06390,ONE,Ultra Large Container Vessel,12000,Malta
SR06391,SHP06391,Vessel-06391,Maersk,Panamax,3000,India
SR06392,SHP06392,Vessel-06392,MSC,Post-Panamax,4500,Singapore
SR06393,SHP06393,Vessel-06393,CMA CGM,Ultra Large Container Vessel,6500,Liberia
SR06394,SHP06394,Vessel-06394,Hapag-Lloyd,Panamax,8500,Panama
SR06395,SHP06395,Vessel-06395,Evergreen,Post-Panamax,12000,Malta
SR06396,SHP06396,Vessel-06396,ONE,Ultra Large Container Vessel,3000,India
SR06397,SHP06397,Vessel-06397,Maersk,Panamax,4500,Singapore
SR06398,SHP06398,Vessel-06398,MSC,Post-Panamax,6500,Liberia
SR06399,SHP06399,Vessel-06399,CMA CGM,Ultra Large Container Vessel,8500,Panama
SR06400,SHP06400,Vessel-06400,Hapag-Lloyd,Panamax,12000,Malta
SR06401,SHP06401,Vessel-06401,Evergreen,Post-Panamax,3000,India
SR06402,SHP06402,Vessel-06402,ONE,Ultra Large Container Vessel,4500,Singapore
SR06403,SHP06403,Vessel-06403,Maersk,Panamax,6500,Liberia
SR06404,SHP06404,Vessel-06404,MSC,Post-Panamax,8500,Panama
SR06405,SHP06405,Vessel-06405,CMA CGM,Ultra Large Container Vessel,12000,Malta
SR06406,SHP06406,Vessel-06406,Hapag-Lloyd,Panamax,3000,India
SR06407,SHP06407,Vessel-06407,Evergreen,Post-Panamax,4500,Singapore
SR06408,SHP06408,Vessel-06408,ONE,Ultra Large Container Vessel,6500,Liberia
SR06409,SHP06409,Vessel-06409,Maersk,Panamax,8500,Panama
SR06410,SHP06410,Vessel-06410,MSC,Post-Panamax,12000,Malta
SR06411,SHP06411,Vessel-06411,CMA CGM,Ultra Large Container Vessel,3000,India
SR06412,SHP06412,Vessel-06412,Hapag-Lloyd,Panamax,4500,Singapore
SR06413,SHP06413,Vessel-06413,Evergreen,Post-Panamax,6500,Liberia
SR06414,SHP06414,Vessel-06414,ONE,Ultra Large Container Vessel,8500,Panama
SR06415,SHP06415,Vessel-06415,Maersk,Panamax,12000,Malta
SR06416,SHP06416,Vessel-06416,MSC,Post-Panamax,3000,India
SR06417,SHP06417,Vessel-06417,CMA CGM,Ultra Large Container Vessel,4500,Singapore
SR06418,SHP06418,Vessel-06418,Hapag-Lloyd,Panamax,6500,Liberia
SR06419,SHP06419,Vessel-06419,Evergreen,Post-Panamax,8500,Panama
SR06420,SHP06420,Vessel-06420,ONE,Ultra Large Container Vessel,12000,Malta
SR06421,SHP06421,Vessel-06421,Maersk,Panamax,3000,India
SR06422,SHP06422,Vessel-06422,MSC,Post-Panamax,4500,Singapore
SR06423,SHP06423,Vessel-06423,CMA CGM,Ultra Large Container Vessel,6500,Liberia
SR06424,SHP06424,Vessel-06424,Hapag-Lloyd,Panamax,8500,Panama
SR06425,SHP06425,Vessel-06425,Evergreen,Post-Panamax,12000,Malta
SR06426,SHP06426,Vessel-06426,ONE,Ultra Large Container Vessel,3000,India
SR06427,SHP06427,Vessel-06427,Maersk,Panamax,4500,Singapore
SR06428,SHP06428,Vessel-06428,MSC,Post-Panamax,6500,Liberia
SR06429,SHP06429,Vessel-06429,CMA CGM,Ultra Large Container Vessel,8500,Panama
SR06430,SHP06430,Vessel-06430,Hapag-Lloyd,Panamax,12000,Malta
SR06431,SHP06431,Vessel-06431,Evergreen,Post-Panamax,3000,India
SR06432,SHP06432,Vessel-06432,ONE,Ultra Large Container Vessel,4500,Singapore
SR06433,SHP06433,Vessel-06433,Maersk,Panamax,6500,Liberia
SR06434,SHP06434,Vessel-06434,MSC,Post-Panamax,8500,Panama
SR06435,SHP06435,Vessel-06435,CMA CGM,Ultra Large Container Vessel,12000,Malta
SR06436,SHP06436,Vessel-06436,Hapag-Lloyd,Panamax,3000,India
SR06437,SHP06437,Vessel-06437,Evergreen,Post-Panamax,4500,Singapore
SR06438,SHP06438,Vessel-06438,ONE,Ultra Large Container Vessel,6500,Liberia
SR06439,SHP06439,Vessel-06439,Maersk,Panamax,8500,Panama
SR06440,SHP06440,Vessel-06440,MSC,Post-Panamax,12000,Malta
SR06441,SHP06441,Vessel-06441,CMA CGM,Ultra Large Container Vessel,3000,India
SR06442,SHP06442,Vessel-06442,Hapag-Lloyd,Panamax,4500,Singapore
SR06443,SHP06443,Vessel-06443,Evergreen,Post-Panamax,6500,Liberia
SR06444,SHP06444,Vessel-06444,ONE,Ultra Large Container Vessel,8500,Panama
SR06445,SHP06445,Vessel-06445,Maersk,Panamax,12000,Malta
SR06446,SHP06446,Vessel-06446,MSC,Post-Panamax,3000,India
SR06447,SHP06447,Vessel-06447,CMA CGM,Ultra Large Container Vessel,4500,Singapore
SR06448,SHP06448,Vessel-06448,Hapag-Lloyd,Panamax,6500,Liberia
SR06449,SHP06449,Vessel-06449,Evergreen,Post-Panamax,8500,Panama
SR06450,SHP06450,Vessel-06450,ONE,Ultra Large Container Vessel,12000,Malta
SR06451,SHP06451,Vessel-06451,Maersk,Panamax,3000,India
SR06452,SHP06452,Vessel-06452,MSC,Post-Panamax,4500,Singapore
SR06453,SHP06453,Vessel-06453,CMA CGM,Ultra Large Container Vessel,6500,Liberia
SR06454,SHP06454,Vessel-06454,Hapag-Lloyd,Panamax,8500,Panama
SR06455,SHP06455,Vessel-06455,Evergreen,Post-Panamax,12000,Malta
SR06456,SHP06456,Vessel-06456,ONE,Ultra Large Container Vessel,3000,India
SR06457,SHP06457,Vessel-06457,Maersk,Panamax,4500,Singapore
SR06458,SHP06458,Vessel-06458,MSC,Post-Panamax,6500,Liberia
SR06459,SHP06459,Vessel-06459,CMA CGM,Ultra Large Container Vessel,8500,Panama
SR06460,SHP06460,Vessel-06460,Hapag-Lloyd,Panamax,12000,Malta
SR06461,SHP06461,Vessel-06461,Evergreen,Post-Panamax,3000,India
SR06462,SHP06462,Vessel-06462,ONE,Ultra Large Container Vessel,4500,Singapore
SR06463,SHP06463,Vessel-06463,Maersk,Panamax,6500,Liberia
SR06464,SHP06464,Vessel-06464,MSC,Post-Panamax,8500,Panama
SR06465,SHP06465,Vessel-06465,CMA CGM,Ultra Large Container Vessel,12000,Malta
SR06466,SHP06466,Vessel-06466,Hapag-Lloyd,Panamax,3000,India
SR06467,SHP06467,Vessel-06467,Evergreen,Post-Panamax,4500,Singapore
SR06468,SHP06468,Vessel-06468,ONE,Ultra Large Container Vessel,6500,Liberia
SR06469,SHP06469,Vessel-06469,Maersk,Panamax,8500,Panama
SR06470,SHP06470,Vessel-06470,MSC,Post-Panamax,12000,Malta
SR06471,SHP06471,Vessel-06471,CMA CGM,Ultra Large Container Vessel,3000,India
SR06472,SHP06472,Vessel-06472,Hapag-Lloyd,Panamax,4500,Singapore
SR06473,SHP06473,Vessel-06473,Evergreen,Post-Panamax,6500,Liberia
SR06474,SHP06474,Vessel-06474,ONE,Ultra Large Container Vessel,8500,Panama
SR06475,SHP06475,Vessel-06475,Maersk,Panamax,12000,Malta
SR06476,SHP06476,Vessel-06476,MSC,Post-Panamax,3000,India
SR06477,SHP06477,Vessel-06477,CMA CGM,Ultra Large Container Vessel,4500,Singapore
SR06478,SHP06478,Vessel-06478,Hapag-Lloyd,Panamax,6500,Liberia
SR06479,SHP06479,Vessel-06479,Evergreen,Post-Panamax,8500,Panama
SR06480,SHP06480,Vessel-06480,ONE,Ultra Large Container Vessel,12000,Malta
SR06481,SHP06481,Vessel-06481,Maersk,Panamax,3000,India
SR06482,SHP06482,Vessel-06482,MSC,Post-Panamax,4500,Singapore
SR06483,SHP06483,Vessel-06483,CMA CGM,Ultra Large Container Vessel,6500,Liberia
SR06484,SHP06484,Vessel-06484,Hapag-Lloyd,Panamax,8500,Panama
SR06485,SHP06485,Vessel-06485,Evergreen,Post-Panamax,12000,Malta
SR06486,SHP06486,Vessel-06486,ONE,Ultra Large Container Vessel,3000,India
SR06487,SHP06487,Vessel-06487,Maersk,Panamax,4500,Singapore
SR06488,SHP06488,Vessel-06488,MSC,Post-Panamax,6500,Liberia
SR06489,SHP06489,Vessel-06489,CMA CGM,Ultra Large Container Vessel,8500,Panama
SR06490,SHP06490,Vessel-06490,Hapag-Lloyd,Panamax,12000,Malta
SR06491,SHP06491,Vessel-06491,Evergreen,Post-Panamax,3000,India
SR06492,SHP06492,Vessel-06492,ONE,Ultra Large Container Vessel,4500,Singapore
SR06493,SHP06493,Vessel-06493,Maersk,Panamax,6500,Liberia
SR06494,SHP06494,Vessel-06494,MSC,Post-Panamax,8500,Panama
SR06495,SHP06495,Vessel-06495,CMA CGM,Ultra Large Container Vessel,12000,Malta
SR06496,SHP06496,Vessel-06496,Hapag-Lloyd,Panamax,3000,India
SR06497,SHP06497,Vessel-06497,Evergreen,Post-Panamax,4500,Singapore
SR06498,SHP06498,Vessel-06498,ONE,Ultra Large Container Vessel,6500,Liberia
SR06499,SHP06499,Vessel-06499,Maersk,Panamax,8500,Panama
SR06500,SHP06500,Vessel-06500,MSC,Post-Panamax,12000,Malta
SR06501,SHP06501,Vessel-06501,CMA CGM,Ultra Large Container Vessel,3000,India
SR06502,SHP06502,Vessel-06502,Hapag-Lloyd,Panamax,4500,Singapore
SR06503,SHP06503,Vessel-06503,Evergreen,Post-Panamax,6500,Liberia
SR06504,SHP06504,Vessel-06504,ONE,Ultra Large Container Vessel,8500,Panama
SR06505,SHP06505,Vessel-06505,Maersk,Panamax,12000,Malta
SR06506,SHP06506,Vessel-06506,MSC,Post-Panamax,3000,India
SR06507,SHP06507,Vessel-06507,CMA CGM,Ultra Large Container Vessel,4500,Singapore
SR06508,SHP06508,Vessel-06508,Hapag-Lloyd,Panamax,6500,Liberia
SR06509,SHP06509,Vessel-06509,Evergreen,Post-Panamax,8500,Panama
SR06510,SHP06510,Vessel-06510,ONE,Ultra Large Container Vessel,12000,Malta
SR06511,SHP06511,Vessel-06511,Maersk,Panamax,3000,India
SR06512,SHP06512,Vessel-06512,MSC,Post-Panamax,4500,Singapore
SR06513,SHP06513,Vessel-06513,CMA CGM,Ultra Large Container Vessel,6500,Liberia
SR06514,SHP06514,Vessel-06514,Hapag-Lloyd,Panamax,8500,Panama
SR06515,SHP06515,Vessel-06515,Evergreen,Post-Panamax,12000,Malta
SR06516,SHP06516,Vessel-06516,ONE,Ultra Large Container Vessel,3000,India
SR06517,SHP06517,Vessel-06517,Maersk,Panamax,4500,Singapore
SR06518,SHP06518,Vessel-06518,MSC,Post-Panamax,6500,Liberia
SR06519,SHP06519,Vessel-06519,CMA CGM,Ultra Large Container Vessel,8500,Panama
SR06520,SHP06520,Vessel-06520,Hapag-Lloyd,Panamax,12000,Malta
SR06521,SHP06521,Vessel-06521,Evergreen,Post-Panamax,3000,India
SR06522,SHP06522,Vessel-06522,ONE,Ultra Large Container Vessel,4500,Singapore
SR06523,SHP06523,Vessel-06523,Maersk,Panamax,6500,Liberia
SR06524,SHP06524,Vessel-06524,MSC,Post-Panamax,8500,Panama
SR06525,SHP06525,Vessel-06525,CMA CGM,Ultra Large Container Vessel,12000,Malta
SR06526,SHP06526,Vessel-06526,Hapag-Lloyd,Panamax,3000,India
SR06527,SHP06527,Vessel-06527,Evergreen,Post-Panamax,4500,Singapore
SR06528,SHP06528,Vessel-06528,ONE,Ultra Large Container Vessel,6500,Liberia
SR06529,SHP06529,Vessel-06529,Maersk,Panamax,8500,Panama
SR06530,SHP06530,Vessel-06530,MSC,Post-Panamax,12000,Malta
SR06531,SHP06531,Vessel-06531,CMA CGM,Ultra Large Container Vessel,3000,India
SR06532,SHP06532,Vessel-06532,Hapag-Lloyd,Panamax,4500,Singapore
SR06533,SHP06533,Vessel-06533,Evergreen,Post-Panamax,6500,Liberia
SR06534,SHP06534,Vessel-06534,ONE,Ultra Large Container Vessel,8500,Panama
SR06535,SHP06535,Vessel-06535,Maersk,Panamax,12000,Malta
SR06536,SHP06536,Vessel-06536,MSC,Post-Panamax,3000,India
SR06537,SHP06537,Vessel-06537,CMA CGM,Ultra Large Container Vessel,4500,Singapore
SR06538,SHP06538,Vessel-06538,Hapag-Lloyd,Panamax,6500,Liberia
SR06539,SHP06539,Vessel-06539,Evergreen,Post-Panamax,8500,Panama
SR06540,SHP06540,Vessel-06540,ONE,Ultra Large Container Vessel,12000,Malta
SR06541,SHP06541,Vessel-06541,Maersk,Panamax,3000,India
SR06542,SHP06542,Vessel-06542,MSC,Post-Panamax,4500,Singapore
SR06543,SHP06543,Vessel-06543,CMA CGM,Ultra Large Container Vessel,6500,Liberia
SR06544,SHP06544,Vessel-06544,Hapag-Lloyd,Panamax,8500,Panama
SR06545,SHP06545,Vessel-06545,Evergreen,Post-Panamax,12000,Malta
SR06546,SHP06546,Vessel-06546,ONE,Ultra Large Container Vessel,3000,India
SR06547,SHP06547,Vessel-06547,Maersk,Panamax,4500,Singapore
SR06548,SHP06548,Vessel-06548,MSC,Post-Panamax,6500,Liberia
SR06549,SHP06549,Vessel-06549,CMA CGM,Ultra Large Container Vessel,8500,Panama
SR06550,SHP06550,Vessel-06550,Hapag-Lloyd,Panamax,12000,Malta
SR06551,SHP06551,Vessel-06551,Evergreen,Post-Panamax,3000,India
SR06552,SHP06552,Vessel-06552,ONE,Ultra Large Container Vessel,4500,Singapore
SR06553,SHP06553,Vessel-06553,Maersk,Panamax,6500,Liberia
SR06554,SHP06554,Vessel-06554,MSC,Post-Panamax,8500,Panama
SR06555,SHP06555,Vessel-06555,CMA CGM,Ultra Large Container Vessel,12000,Malta
SR06556,SHP06556,Vessel-06556,Hapag-Lloyd,Panamax,3000,India
SR06557,SHP06557,Vessel-06557,Evergreen,Post-Panamax,4500,Singapore
SR06558,SHP06558,Vessel-06558,ONE,Ultra Large Container Vessel,6500,Liberia
SR06559,SHP06559,Vessel-06559,Maersk,Panamax,8500,Panama
SR06560,SHP06560,Vessel-06560,MSC,Post-Panamax,12000,Malta
SR06561,SHP06561,Vessel-06561,CMA CGM,Ultra Large Container Vessel,3000,India
SR06562,SHP06562,Vessel-06562,Hapag-Lloyd,Panamax,4500,Singapore
SR06563,SHP06563,Vessel-06563,Evergreen,Post-Panamax,6500,Liberia
SR06564,SHP06564,Vessel-06564,ONE,Ultra Large Container Vessel,8500,Panama
SR06565,SHP06565,Vessel-06565,Maersk,Panamax,12000,Malta
SR06566,SHP06566,Vessel-06566,MSC,Post-Panamax,3000,India
SR06567,SHP06567,Vessel-06567,CMA CGM,Ultra Large Container Vessel,4500,Singapore
SR06568,SHP06568,Vessel-06568,Hapag-Lloyd,Panamax,6500,Liberia
SR06569,SHP06569,Vessel-06569,Evergreen,Post-Panamax,8500,Panama
SR06570,SHP06570,Vessel-06570,ONE,Ultra Large Container Vessel,12000,Malta
SR06571,SHP06571,Vessel-06571,Maersk,Panamax,3000,India
SR06572,SHP06572,Vessel-06572,MSC,Post-Panamax,4500,Singapore
SR06573,SHP06573,Vessel-06573,CMA CGM,Ultra Large Container Vessel,6500,Liberia
SR06574,SHP06574,Vessel-06574,Hapag-Lloyd,Panamax,8500,Panama
SR06575,SHP06575,Vessel-06575,Evergreen,Post-Panamax,12000,Malta
SR06576,SHP06576,Vessel-06576,ONE,Ultra Large Container Vessel,3000,India
SR06577,SHP06577,Vessel-06577,Maersk,Panamax,4500,Singapore
SR06578,SHP06578,Vessel-06578,MSC,Post-Panamax,6500,Liberia
SR06579,SHP06579,Vessel-06579,CMA CGM,Ultra Large Container Vessel,8500,Panama
SR06580,SHP06580,Vessel-06580,Hapag-Lloyd,Panamax,12000,Malta
SR06581,SHP06581,Vessel-06581,Evergreen,Post-Panamax,3000,India
SR06582,SHP06582,Vessel-06582,ONE,Ultra Large Container Vessel,4500,Singapore
SR06583,SHP06583,Vessel-06583,Maersk,Panamax,6500,Liberia
SR06584,SHP06584,Vessel-06584,MSC,Post-Panamax,8500,Panama
SR06585,SHP06585,Vessel-06585,CMA CGM,Ultra Large Container Vessel,12000,Malta
SR06586,SHP06586,Vessel-06586,Hapag-Lloyd,Panamax,3000,India
SR06587,SHP06587,Vessel-06587,Evergreen,Post-Panamax,4500,Singapore
SR06588,SHP06588,Vessel-06588,ONE,Ultra Large Container Vessel,6500,Liberia
SR06589,SHP06589,Vessel-06589,Maersk,Panamax,8500,Panama
SR06590,SHP06590,Vessel-06590,MSC,Post-Panamax,12000,Malta
SR06591,SHP06591,Vessel-06591,CMA CGM,Ultra Large Container Vessel,3000,India
SR06592,SHP06592,Vessel-06592,Hapag-Lloyd,Panamax,4500,Singapore
SR06593,SHP06593,Vessel-06593,Evergreen,Post-Panamax,6500,Liberia
SR06594,SHP06594,Vessel-06594,ONE,Ultra Large Container Vessel,8500,Panama
SR06595,SHP06595,Vessel-06595,Maersk,Panamax,12000,Malta
SR06596,SHP06596,Vessel-06596,MSC,Post-Panamax,3000,India
SR06597,SHP06597,Vessel-06597,CMA CGM,Ultra Large Container Vessel,4500,Singapore
SR06598,SHP06598,Vessel-06598,Hapag-Lloyd,Panamax,6500,Liberia
SR06599,SHP06599,Vessel-06599,Evergreen,Post-Panamax,8500,Panama
SR06600,SHP06600,Vessel-06600,ONE,Ultra Large Container Vessel,12000,Malta
SR06601,SHP06601,Vessel-06601,Maersk,Panamax,3000,India
SR06602,SHP06602,Vessel-06602,MSC,Post-Panamax,4500,Singapore
SR06603,SHP06603,Vessel-06603,CMA CGM,Ultra Large Container Vessel,6500,Liberia
SR06604,SHP06604,Vessel-06604,Hapag-Lloyd,Panamax,8500,Panama
SR06605,SHP06605,Vessel-06605,Evergreen,Post-Panamax,12000,Malta
SR06606,SHP06606,Vessel-06606,ONE,Ultra Large Container Vessel,3000,India
SR06607,SHP06607,Vessel-06607,Maersk,Panamax,4500,Singapore
SR06608,SHP06608,Vessel-06608,MSC,Post-Panamax,6500,Liberia
SR06609,SHP06609,Vessel-06609,CMA CGM,Ultra Large Container Vessel,8500,Panama
SR06610,SHP06610,Vessel-06610,Hapag-Lloyd,Panamax,12000,Malta
SR06611,SHP06611,Vessel-06611,Evergreen,Post-Panamax,3000,India
SR06612,SHP06612,Vessel-06612,ONE,Ultra Large Container Vessel,4500,Singapore
SR06613,SHP06613,Vessel-06613,Maersk,Panamax,6500,Liberia
SR06614,SHP06614,Vessel-06614,MSC,Post-Panamax,8500,Panama
SR06615,SHP06615,Vessel-06615,CMA CGM,Ultra Large Container Vessel,12000,Malta
SR06616,SHP06616,Vessel-06616,Hapag-Lloyd,Panamax,3000,India
SR06617,SHP06617,Vessel-06617,Evergreen,Post-Panamax,4500,Singapore
SR06618,SHP06618,Vessel-06618,ONE,Ultra Large Container Vessel,6500,Liberia
SR06619,SHP06619,Vessel-06619,Maersk,Panamax,8500,Panama
SR06620,SHP06620,Vessel-06620,MSC,Post-Panamax,12000,Malta
SR06621,SHP06621,Vessel-06621,CMA CGM,Ultra Large Container Vessel,3000,India
SR06622,SHP06622,Vessel-06622,Hapag-Lloyd,Panamax,4500,Singapore
SR06623,SHP06623,Vessel-06623,Evergreen,Post-Panamax,6500,Liberia
SR06624,SHP06624,Vessel-06624,ONE,Ultra Large Container Vessel,8500,Panama
SR06625,SHP06625,Vessel-06625,Maersk,Panamax,12000,Malta
SR06626,SHP06626,Vessel-06626,MSC,Post-Panamax,3000,India
SR06627,SHP06627,Vessel-06627,CMA CGM,Ultra Large Container Vessel,4500,Singapore
SR06628,SHP06628,Vessel-06628,Hapag-Lloyd,Panamax,6500,Liberia
SR06629,SHP06629,Vessel-06629,Evergreen,Post-Panamax,8500,Panama
SR06630,SHP06630,Vessel-06630,ONE,Ultra Large Container Vessel,12000,Malta
SR06631,SHP06631,Vessel-06631,Maersk,Panamax,3000,India
SR06632,SHP06632,Vessel-06632,MSC,Post-Panamax,4500,Singapore
SR06633,SHP06633,Vessel-06633,CMA CGM,Ultra Large Container Vessel,6500,Liberia
SR06634,SHP06634,Vessel-06634,Hapag-Lloyd,Panamax,8500,Panama
SR06635,SHP06635,Vessel-06635,Evergreen,Post-Panamax,12000,Malta
SR06636,SHP06636,Vessel-06636,ONE,Ultra Large Container Vessel,3000,India
SR06637,SHP06637,Vessel-06637,Maersk,Panamax,4500,Singapore
SR06638,SHP06638,Vessel-06638,MSC,Post-Panamax,6500,Liberia
SR06639,SHP06639,Vessel-06639,CMA CGM,Ultra Large Container Vessel,8500,Panama
SR06640,SHP06640,Vessel-06640,Hapag-Lloyd,Panamax,12000,Malta
SR06641,SHP06641,Vessel-06641,Evergreen,Post-Panamax,3000,India
SR06642,SHP06642,Vessel-06642,ONE,Ultra Large Container Vessel,4500,Singapore
SR06643,SHP06643,Vessel-06643,Maersk,Panamax,6500,Liberia
SR06644,SHP06644,Vessel-06644,MSC,Post-Panamax,8500,Panama
SR06645,SHP06645,Vessel-06645,CMA CGM,Ultra Large Container Vessel,12000,Malta
SR06646,SHP06646,Vessel-06646,Hapag-Lloyd,Panamax,3000,India
SR06647,SHP06647,Vessel-06647,Evergreen,Post-Panamax,4500,Singapore
SR06648,SHP06648,Vessel-06648,ONE,Ultra Large Container Vessel,6500,Liberia
SR06649,SHP06649,Vessel-06649,Maersk,Panamax,8500,Panama
SR06650,SHP06650,Vessel-06650,MSC,Post-Panamax,12000,Malta
SR06651,SHP06651,Vessel-06651,CMA CGM,Ultra Large Container Vessel,3000,India
SR06652,SHP06652,Vessel-06652,Hapag-Lloyd,Panamax,4500,Singapore
SR06653,SHP06653,Vessel-06653,Evergreen,Post-Panamax,6500,Liberia
SR06654,SHP06654,Vessel-06654,ONE,Ultra Large Container Vessel,8500,Panama
SR06655,SHP06655,Vessel-06655,Maersk,Panamax,12000,Malta
SR06656,SHP06656,Vessel-06656,MSC,Post-Panamax,3000,India
SR06657,SHP06657,Vessel-06657,CMA CGM,Ultra Large Container Vessel,4500,Singapore
SR06658,SHP06658,Vessel-06658,Hapag-Lloyd,Panamax,6500,Liberia
SR06659,SHP06659,Vessel-06659,Evergreen,Post-Panamax,8500,Panama
SR06660,SHP06660,Vessel-06660,ONE,Ultra Large Container Vessel,12000,Malta
SR06661,SHP06661,Vessel-06661,Maersk,Panamax,3000,India
SR06662,SHP06662,Vessel-06662,MSC,Post-Panamax,4500,Singapore
SR06663,SHP06663,Vessel-06663,CMA CGM,Ultra Large Container Vessel,6500,Liberia
SR06664,SHP06664,Vessel-06664,Hapag-Lloyd,Panamax,8500,Panama
SR06665,SHP06665,Vessel-06665,Evergreen,Post-Panamax,12000,Malta
SR06666,SHP06666,Vessel-06666,ONE,Ultra Large Container Vessel,3000,India
SR06667,SHP06667,Vessel-06667,Maersk,Panamax,4500,Singapore
SR06668,SHP06668,Vessel-06668,MSC,Post-Panamax,6500,Liberia
SR06669,SHP06669,Vessel-06669,CMA CGM,Ultra Large Container Vessel,8500,Panama
SR06670,SHP06670,Vessel-06670,Hapag-Lloyd,Panamax,12000,Malta
SR06671,SHP06671,Vessel-06671,Evergreen,Post-Panamax,3000,India
SR06672,SHP06672,Vessel-06672,ONE,Ultra Large Container Vessel,4500,Singapore
SR06673,SHP06673,Vessel-06673,Maersk,Panamax,6500,Liberia
SR06674,SHP06674,Vessel-06674,MSC,Post-Panamax,8500,Panama
SR06675,SHP06675,Vessel-06675,CMA CGM,Ultra Large Container Vessel,12000,Malta
SR06676,SHP06676,Vessel-06676,Hapag-Lloyd,Panamax,3000,India
SR06677,SHP06677,Vessel-06677,Evergreen,Post-Panamax,4500,Singapore
SR06678,SHP06678,Vessel-06678,ONE,Ultra Large Container Vessel,6500,Liberia
SR06679,SHP06679,Vessel-06679,Maersk,Panamax,8500,Panama
SR06680,SHP06680,Vessel-06680,MSC,Post-Panamax,12000,Malta
SR06681,SHP06681,Vessel-06681,CMA CGM,Ultra Large Container Vessel,3000,India
SR06682,SHP06682,Vessel-06682,Hapag-Lloyd,Panamax,4500,Singapore
SR06683,SHP06683,Vessel-06683,Evergreen,Post-Panamax,6500,Liberia
SR06684,SHP06684,Vessel-06684,ONE,Ultra Large Container Vessel,8500,Panama
SR06685,SHP06685,Vessel-06685,Maersk,Panamax,12000,Malta
SR06686,SHP06686,Vessel-06686,MSC,Post-Panamax,3000,India
SR06687,SHP06687,Vessel-06687,CMA CGM,Ultra Large Container Vessel,4500,Singapore
SR06688,SHP06688,Vessel-06688,Hapag-Lloyd,Panamax,6500,Liberia
SR06689,SHP06689,Vessel-06689,Evergreen,Post-Panamax,8500,Panama
SR06690,SHP06690,Vessel-06690,ONE,Ultra Large Container Vessel,12000,Malta
SR06691,SHP06691,Vessel-06691,Maersk,Panamax,3000,India
SR06692,SHP06692,Vessel-06692,MSC,Post-Panamax,4500,Singapore
SR06693,SHP06693,Vessel-06693,CMA CGM,Ultra Large Container Vessel,6500,Liberia
SR06694,SHP06694,Vessel-06694,Hapag-Lloyd,Panamax,8500,Panama
SR06695,SHP06695,Vessel-06695,Evergreen,Post-Panamax,12000,Malta
SR06696,SHP06696,Vessel-06696,ONE,Ultra Large Container Vessel,3000,India
SR06697,SHP06697,Vessel-06697,Maersk,Panamax,4500,Singapore
SR06698,SHP06698,Vessel-06698,MSC,Post-Panamax,6500,Liberia
SR06699,SHP06699,Vessel-06699,CMA CGM,Ultra Large Container Vessel,8500,Panama
SR06700,SHP06700,Vessel-06700,Hapag-Lloyd,Panamax,12000,Malta
SR06701,SHP06701,Vessel-06701,Evergreen,Post-Panamax,3000,India
SR06702,SHP06702,Vessel-06702,ONE,Ultra Large Container Vessel,4500,Singapore
SR06703,SHP06703,Vessel-06703,Maersk,Panamax,6500,Liberia
SR06704,SHP06704,Vessel-06704,MSC,Post-Panamax,8500,Panama
SR06705,SHP06705,Vessel-06705,CMA CGM,Ultra Large Container Vessel,12000,Malta
SR06706,SHP06706,Vessel-06706,Hapag-Lloyd,Panamax,3000,India
SR06707,SHP06707,Vessel-06707,Evergreen,Post-Panamax,4500,Singapore
SR06708,SHP06708,Vessel-06708,ONE,Ultra Large Container Vessel,6500,Liberia
SR06709,SHP06709,Vessel-06709,Maersk,Panamax,8500,Panama
SR06710,SHP06710,Vessel-06710,MSC,Post-Panamax,12000,Malta
SR06711,SHP06711,Vessel-06711,CMA CGM,Ultra Large Container Vessel,3000,India
SR06712,SHP06712,Vessel-06712,Hapag-Lloyd,Panamax,4500,Singapore
SR06713,SHP06713,Vessel-06713,Evergreen,Post-Panamax,6500,Liberia
SR06714,SHP06714,Vessel-06714,ONE,Ultra Large Container Vessel,8500,Panama
SR06715,SHP06715,Vessel-06715,Maersk,Panamax,12000,Malta
SR06716,SHP06716,Vessel-06716,MSC,Post-Panamax,3000,India
SR06717,SHP06717,Vessel-06717,CMA CGM,Ultra Large Container Vessel,4500,Singapore
SR06718,SHP06718,Vessel-06718,Hapag-Lloyd,Panamax,6500,Liberia
SR06719,SHP06719,Vessel-06719,Evergreen,Post-Panamax,8500,Panama
SR06720,SHP06720,Vessel-06720,ONE,Ultra Large Container Vessel,12000,Malta
SR06721,SHP06721,Vessel-06721,Maersk,Panamax,3000,India
SR06722,SHP06722,Vessel-06722,MSC,Post-Panamax,4500,Singapore
SR06723,SHP06723,Vessel-06723,CMA CGM,Ultra Large Container Vessel,6500,Liberia
SR06724,SHP06724,Vessel-06724,Hapag-Lloyd,Panamax,8500,Panama
SR06725,SHP06725,Vessel-06725,Evergreen,Post-Panamax,12000,Malta
SR06726,SHP06726,Vessel-06726,ONE,Ultra Large Container Vessel,3000,India
SR06727,SHP06727,Vessel-06727,Maersk,Panamax,4500,Singapore
SR06728,SHP06728,Vessel-06728,MSC,Post-Panamax,6500,Liberia
SR06729,SHP06729,Vessel-06729,CMA CGM,Ultra Large Container Vessel,8500,Panama
SR06730,SHP06730,Vessel-06730,Hapag-Lloyd,Panamax,12000,Malta
SR06731,SHP06731,Vessel-06731,Evergreen,Post-Panamax,3000,India
SR06732,SHP06732,Vessel-06732,ONE,Ultra Large Container Vessel,4500,Singapore
SR06733,SHP06733,Vessel-06733,Maersk,Panamax,6500,Liberia
SR06734,SHP06734,Vessel-06734,MSC,Post-Panamax,8500,Panama
SR06735,SHP06735,Vessel-06735,CMA CGM,Ultra Large Container Vessel,12000,Malta
SR06736,SHP06736,Vessel-06736,Hapag-Lloyd,Panamax,3000,India
SR06737,SHP06737,Vessel-06737,Evergreen,Post-Panamax,4500,Singapore
SR06738,SHP06738,Vessel-06738,ONE,Ultra Large Container Vessel,6500,Liberia
SR06739,SHP06739,Vessel-06739,Maersk,Panamax,8500,Panama
SR06740,SHP06740,Vessel-06740,MSC,Post-Panamax,12000,Malta
SR06741,SHP06741,Vessel-06741,CMA CGM,Ultra Large Container Vessel,3000,India
SR06742,SHP06742,Vessel-06742,Hapag-Lloyd,Panamax,4500,Singapore
SR06743,SHP06743,Vessel-06743,Evergreen,Post-Panamax,6500,Liberia
SR06744,SHP06744,Vessel-06744,ONE,Ultra Large Container Vessel,8500,Panama
SR06745,SHP06745,Vessel-06745,Maersk,Panamax,12000,Malta
SR06746,SHP06746,Vessel-06746,MSC,Post-Panamax,3000,India
SR06747,SHP06747,Vessel-06747,CMA CGM,Ultra Large Container Vessel,4500,Singapore
SR06748,SHP06748,Vessel-06748,Hapag-Lloyd,Panamax,6500,Liberia
SR06749,SHP06749,Vessel-06749,Evergreen,Post-Panamax,8500,Panama
SR06750,SHP06750,Vessel-06750,ONE,Ultra Large Container Vessel,12000,Malta
SR06751,SHP06751,Vessel-06751,Maersk,Panamax,3000,India
SR06752,SHP06752,Vessel-06752,MSC,Post-Panamax,4500,Singapore
SR06753,SHP06753,Vessel-06753,CMA CGM,Ultra Large Container Vessel,6500,Liberia
SR06754,SHP06754,Vessel-06754,Hapag-Lloyd,Panamax,8500,Panama
SR06755,SHP06755,Vessel-06755,Evergreen,Post-Panamax,12000,Malta
SR06756,SHP06756,Vessel-06756,ONE,Ultra Large Container Vessel,3000,India
SR06757,SHP06757,Vessel-06757,Maersk,Panamax,4500,Singapore
SR06758,SHP06758,Vessel-06758,MSC,Post-Panamax,6500,Liberia
SR06759,SHP06759,Vessel-06759,CMA CGM,Ultra Large Container Vessel,8500,Panama
SR06760,SHP06760,Vessel-06760,Hapag-Lloyd,Panamax,12000,Malta
SR06761,SHP06761,Vessel-06761,Evergreen,Post-Panamax,3000,India
SR06762,SHP06762,Vessel-06762,ONE,Ultra Large Container Vessel,4500,Singapore
SR06763,SHP06763,Vessel-06763,Maersk,Panamax,6500,Liberia
SR06764,SHP06764,Vessel-06764,MSC,Post-Panamax,8500,Panama
SR06765,SHP06765,Vessel-06765,CMA CGM,Ultra Large Container Vessel,12000,Malta
SR06766,SHP06766,Vessel-06766,Hapag-Lloyd,Panamax,3000,India
SR06767,SHP06767,Vessel-06767,Evergreen,Post-Panamax,4500,Singapore
SR06768,SHP06768,Vessel-06768,ONE,Ultra Large Container Vessel,6500,Liberia
SR06769,SHP06769,Vessel-06769,Maersk,Panamax,8500,Panama
SR06770,SHP06770,Vessel-06770,MSC,Post-Panamax,12000,Malta
SR06771,SHP06771,Vessel-06771,CMA CGM,Ultra Large Container Vessel,3000,India
SR06772,SHP06772,Vessel-06772,Hapag-Lloyd,Panamax,4500,Singapore
SR06773,SHP06773,Vessel-06773,Evergreen,Post-Panamax,6500,Liberia
SR06774,SHP06774,Vessel-06774,ONE,Ultra Large Container Vessel,8500,Panama
SR06775,SHP06775,Vessel-06775,Maersk,Panamax,12000,Malta
SR06776,SHP06776,Vessel-06776,MSC,Post-Panamax,3000,India
SR06777,SHP06777,Vessel-06777,CMA CGM,Ultra Large Container Vessel,4500,Singapore
SR06778,SHP06778,Vessel-06778,Hapag-Lloyd,Panamax,6500,Liberia
SR06779,SHP06779,Vessel-06779,Evergreen,Post-Panamax,8500,Panama
SR06780,SHP06780,Vessel-06780,ONE,Ultra Large Container Vessel,12000,Malta
SR06781,SHP06781,Vessel-06781,Maersk,Panamax,3000,India
SR06782,SHP06782,Vessel-06782,MSC,Post-Panamax,4500,Singapore
SR06783,SHP06783,Vessel-06783,CMA CGM,Ultra Large Container Vessel,6500,Liberia
SR06784,SHP06784,Vessel-06784,Hapag-Lloyd,Panamax,8500,Panama
SR06785,SHP06785,Vessel-06785,Evergreen,Post-Panamax,12000,Malta
SR06786,SHP06786,Vessel-06786,ONE,Ultra Large Container Vessel,3000,India
SR06787,SHP06787,Vessel-06787,Maersk,Panamax,4500,Singapore
SR06788,SHP06788,Vessel-06788,MSC,Post-Panamax,6500,Liberia
SR06789,SHP06789,Vessel-06789,CMA CGM,Ultra Large Container Vessel,8500,Panama
SR06790,SHP06790,Vessel-06790,Hapag-Lloyd,Panamax,12000,Malta
SR06791,SHP06791,Vessel-06791,Evergreen,Post-Panamax,3000,India
SR06792,SHP06792,Vessel-06792,ONE,Ultra Large Container Vessel,4500,Singapore
SR06793,SHP06793,Vessel-06793,Maersk,Panamax,6500,Liberia
SR06794,SHP06794,Vessel-06794,MSC,Post-Panamax,8500,Panama
SR06795,SHP06795,Vessel-06795,CMA CGM,Ultra Large Container Vessel,12000,Malta
SR06796,SHP06796,Vessel-06796,Hapag-Lloyd,Panamax,3000,India
SR06797,SHP06797,Vessel-06797,Evergreen,Post-Panamax,4500,Singapore
SR06798,SHP06798,Vessel-06798,ONE,Ultra Large Container Vessel,6500,Liberia
SR06799,SHP06799,Vessel-06799,Maersk,Panamax,8500,Panama
SR06800,SHP06800,Vessel-06800,MSC,Post-Panamax,12000,Malta
SR06801,SHP06801,Vessel-06801,CMA CGM,Ultra Large Container Vessel,3000,India
SR06802,SHP06802,Vessel-06802,Hapag-Lloyd,Panamax,4500,Singapore
SR06803,SHP06803,Vessel-06803,Evergreen,Post-Panamax,6500,Liberia
SR06804,SHP06804,Vessel-06804,ONE,Ultra Large Container Vessel,8500,Panama
SR06805,SHP06805,Vessel-06805,Maersk,Panamax,12000,Malta
SR06806,SHP06806,Vessel-06806,MSC,Post-Panamax,3000,India
SR06807,SHP06807,Vessel-06807,CMA CGM,Ultra Large Container Vessel,4500,Singapore
SR06808,SHP06808,Vessel-06808,Hapag-Lloyd,Panamax,6500,Liberia
SR06809,SHP06809,Vessel-06809,Evergreen,Post-Panamax,8500,Panama
SR06810,SHP06810,Vessel-06810,ONE,Ultra Large Container Vessel,12000,Malta
SR06811,SHP06811,Vessel-06811,Maersk,Panamax,3000,India
SR06812,SHP06812,Vessel-06812,MSC,Post-Panamax,4500,Singapore
SR06813,SHP06813,Vessel-06813,CMA CGM,Ultra Large Container Vessel,6500,Liberia
SR06814,SHP06814,Vessel-06814,Hapag-Lloyd,Panamax,8500,Panama
SR06815,SHP06815,Vessel-06815,Evergreen,Post-Panamax,12000,Malta
SR06816,SHP06816,Vessel-06816,ONE,Ultra Large Container Vessel,3000,India
SR06817,SHP06817,Vessel-06817,Maersk,Panamax,4500,Singapore
SR06818,SHP06818,Vessel-06818,MSC,Post-Panamax,6500,Liberia
SR06819,SHP06819,Vessel-06819,CMA CGM,Ultra Large Container Vessel,8500,Panama
SR06820,SHP06820,Vessel-06820,Hapag-Lloyd,Panamax,12000,Malta
SR06821,SHP06821,Vessel-06821,Evergreen,Post-Panamax,3000,India
SR06822,SHP06822,Vessel-06822,ONE,Ultra Large Container Vessel,4500,Singapore
SR06823,SHP06823,Vessel-06823,Maersk,Panamax,6500,Liberia
SR06824,SHP06824,Vessel-06824,MSC,Post-Panamax,8500,Panama
SR06825,SHP06825,Vessel-06825,CMA CGM,Ultra Large Container Vessel,12000,Malta
SR06826,SHP06826,Vessel-06826,Hapag-Lloyd,Panamax,3000,India
SR06827,SHP06827,Vessel-06827,Evergreen,Post-Panamax,4500,Singapore
SR06828,SHP06828,Vessel-06828,ONE,Ultra Large Container Vessel,6500,Liberia
SR06829,SHP06829,Vessel-06829,Maersk,Panamax,8500,Panama
SR06830,SHP06830,Vessel-06830,MSC,Post-Panamax,12000,Malta
SR06831,SHP06831,Vessel-06831,CMA CGM,Ultra Large Container Vessel,3000,India
SR06832,SHP06832,Vessel-06832,Hapag-Lloyd,Panamax,4500,Singapore
SR06833,SHP06833,Vessel-06833,Evergreen,Post-Panamax,6500,Liberia
SR06834,SHP06834,Vessel-06834,ONE,Ultra Large Container Vessel,8500,Panama
SR06835,SHP06835,Vessel-06835,Maersk,Panamax,12000,Malta
SR06836,SHP06836,Vessel-06836,MSC,Post-Panamax,3000,India
SR06837,SHP06837,Vessel-06837,CMA CGM,Ultra Large Container Vessel,4500,Singapore
SR06838,SHP06838,Vessel-06838,Hapag-Lloyd,Panamax,6500,Liberia
SR06839,SHP06839,Vessel-06839,Evergreen,Post-Panamax,8500,Panama
SR06840,SHP06840,Vessel-06840,ONE,Ultra Large Container Vessel,12000,Malta
SR06841,SHP06841,Vessel-06841,Maersk,Panamax,3000,India
SR06842,SHP06842,Vessel-06842,MSC,Post-Panamax,4500,Singapore
SR06843,SHP06843,Vessel-06843,CMA CGM,Ultra Large Container Vessel,6500,Liberia
SR06844,SHP06844,Vessel-06844,Hapag-Lloyd,Panamax,8500,Panama
SR06845,SHP06845,Vessel-06845,Evergreen,Post-Panamax,12000,Malta
SR06846,SHP06846,Vessel-06846,ONE,Ultra Large Container Vessel,3000,India
SR06847,SHP06847,Vessel-06847,Maersk,Panamax,4500,Singapore
SR06848,SHP06848,Vessel-06848,MSC,Post-Panamax,6500,Liberia
SR06849,SHP06849,Vessel-06849,CMA CGM,Ultra Large Container Vessel,8500,Panama
SR06850,SHP06850,Vessel-06850,Hapag-Lloyd,Panamax,12000,Malta
SR06851,SHP06851,Vessel-06851,Evergreen,Post-Panamax,3000,India
SR06852,SHP06852,Vessel-06852,ONE,Ultra Large Container Vessel,4500,Singapore
SR06853,SHP06853,Vessel-06853,Maersk,Panamax,6500,Liberia
SR06854,SHP06854,Vessel-06854,MSC,Post-Panamax,8500,Panama
SR06855,SHP06855,Vessel-06855,CMA CGM,Ultra Large Container Vessel,12000,Malta
SR06856,SHP06856,Vessel-06856,Hapag-Lloyd,Panamax,3000,India
SR06857,SHP06857,Vessel-06857,Evergreen,Post-Panamax,4500,Singapore
SR06858,SHP06858,Vessel-06858,ONE,Ultra Large Container Vessel,6500,Liberia
SR06859,SHP06859,Vessel-06859,Maersk,Panamax,8500,Panama
SR06860,SHP06860,Vessel-06860,MSC,Post-Panamax,12000,Malta
SR06861,SHP06861,Vessel-06861,CMA CGM,Ultra Large Container Vessel,3000,India
SR06862,SHP06862,Vessel-06862,Hapag-Lloyd,Panamax,4500,Singapore
SR06863,SHP06863,Vessel-06863,Evergreen,Post-Panamax,6500,Liberia
SR06864,SHP06864,Vessel-06864,ONE,Ultra Large Container Vessel,8500,Panama
SR06865,SHP06865,Vessel-06865,Maersk,Panamax,12000,Malta
SR06866,SHP06866,Vessel-06866,MSC,Post-Panamax,3000,India
SR06867,SHP06867,Vessel-06867,CMA CGM,Ultra Large Container Vessel,4500,Singapore
SR06868,SHP06868,Vessel-06868,Hapag-Lloyd,Panamax,6500,Liberia
SR06869,SHP06869,Vessel-06869,Evergreen,Post-Panamax,8500,Panama
SR06870,SHP06870,Vessel-06870,ONE,Ultra Large Container Vessel,12000,Malta
SR06871,SHP06871,Vessel-06871,Maersk,Panamax,3000,India
SR06872,SHP06872,Vessel-06872,MSC,Post-Panamax,4500,Singapore
SR06873,SHP06873,Vessel-06873,CMA CGM,Ultra Large Container Vessel,6500,Liberia
SR06874,SHP06874,Vessel-06874,Hapag-Lloyd,Panamax,8500,Panama
SR06875,SHP06875,Vessel-06875,Evergreen,Post-Panamax,12000,Malta
SR06876,SHP06876,Vessel-06876,ONE,Ultra Large Container Vessel,3000,India
SR06877,SHP06877,Vessel-06877,Maersk,Panamax,4500,Singapore
SR06878,SHP06878,Vessel-06878,MSC,Post-Panamax,6500,Liberia
SR06879,SHP06879,Vessel-06879,CMA CGM,Ultra Large Container Vessel,8500,Panama
SR06880,SHP06880,Vessel-06880,Hapag-Lloyd,Panamax,12000,Malta
SR06881,SHP06881,Vessel-06881,Evergreen,Post-Panamax,3000,India
SR06882,SHP06882,Vessel-06882,ONE,Ultra Large Container Vessel,4500,Singapore
SR06883,SHP06883,Vessel-06883,Maersk,Panamax,6500,Liberia
SR06884,SHP06884,Vessel-06884,MSC,Post-Panamax,8500,Panama
SR06885,SHP06885,Vessel-06885,CMA CGM,Ultra Large Container Vessel,12000,Malta
SR06886,SHP06886,Vessel-06886,Hapag-Lloyd,Panamax,3000,India
SR06887,SHP06887,Vessel-06887,Evergreen,Post-Panamax,4500,Singapore
SR06888,SHP06888,Vessel-06888,ONE,Ultra Large Container Vessel,6500,Liberia
SR06889,SHP06889,Vessel-06889,Maersk,Panamax,8500,Panama
SR06890,SHP06890,Vessel-06890,MSC,Post-Panamax,12000,Malta
SR06891,SHP06891,Vessel-06891,CMA CGM,Ultra Large Container Vessel,3000,India
SR06892,SHP06892,Vessel-06892,Hapag-Lloyd,Panamax,4500,Singapore
SR06893,SHP06893,Vessel-06893,Evergreen,Post-Panamax,6500,Liberia
SR06894,SHP06894,Vessel-06894,ONE,Ultra Large Container Vessel,8500,Panama
SR06895,SHP06895,Vessel-06895,Maersk,Panamax,12000,Malta
SR06896,SHP06896,Vessel-06896,MSC,Post-Panamax,3000,India
SR06897,SHP06897,Vessel-06897,CMA CGM,Ultra Large Container Vessel,4500,Singapore
SR06898,SHP06898,Vessel-06898,Hapag-Lloyd,Panamax,6500,Liberia
SR06899,SHP06899,Vessel-06899,Evergreen,Post-Panamax,8500,Panama
SR06900,SHP06900,Vessel-06900,ONE,Ultra Large Container Vessel,12000,Malta
SR06901,SHP06901,Vessel-06901,Maersk,Panamax,3000,India
SR06902,SHP06902,Vessel-06902,MSC,Post-Panamax,4500,Singapore
SR06903,SHP06903,Vessel-06903,CMA CGM,Ultra Large Container Vessel,6500,Liberia
SR06904,SHP06904,Vessel-06904,Hapag-Lloyd,Panamax,8500,Panama
SR06905,SHP06905,Vessel-06905,Evergreen,Post-Panamax,12000,Malta
SR06906,SHP06906,Vessel-06906,ONE,Ultra Large Container Vessel,3000,India
SR06907,SHP06907,Vessel-06907,Maersk,Panamax,4500,Singapore
SR06908,SHP06908,Vessel-06908,MSC,Post-Panamax,6500,Liberia
SR06909,SHP06909,Vessel-06909,CMA CGM,Ultra Large Container Vessel,8500,Panama
SR06910,SHP06910,Vessel-06910,Hapag-Lloyd,Panamax,12000,Malta
SR06911,SHP06911,Vessel-06911,Evergreen,Post-Panamax,3000,India
SR06912,SHP06912,Vessel-06912,ONE,Ultra Large Container Vessel,4500,Singapore
SR06913,SHP06913,Vessel-06913,Maersk,Panamax,6500,Liberia
SR06914,SHP06914,Vessel-06914,MSC,Post-Panamax,8500,Panama
SR06915,SHP06915,Vessel-06915,CMA CGM,Ultra Large Container Vessel,12000,Malta
SR06916,SHP06916,Vessel-06916,Hapag-Lloyd,Panamax,3000,India
SR06917,SHP06917,Vessel-06917,Evergreen,Post-Panamax,4500,Singapore
SR06918,SHP06918,Vessel-06918,ONE,Ultra Large Container Vessel,6500,Liberia
SR06919,SHP06919,Vessel-06919,Maersk,Panamax,8500,Panama
SR06920,SHP06920,Vessel-06920,MSC,Post-Panamax,12000,Malta
SR06921,SHP06921,Vessel-06921,CMA CGM,Ultra Large Container Vessel,3000,India
SR06922,SHP06922,Vessel-06922,Hapag-Lloyd,Panamax,4500,Singapore
SR06923,SHP06923,Vessel-06923,Evergreen,Post-Panamax,6500,Liberia
SR06924,SHP06924,Vessel-06924,ONE,Ultra Large Container Vessel,8500,Panama
SR06925,SHP06925,Vessel-06925,Maersk,Panamax,12000,Malta
SR06926,SHP06926,Vessel-06926,MSC,Post-Panamax,3000,India
SR06927,SHP06927,Vessel-06927,CMA CGM,Ultra Large Container Vessel,4500,Singapore
SR06928,SHP06928,Vessel-06928,Hapag-Lloyd,Panamax,6500,Liberia
SR06929,SHP06929,Vessel-06929,Evergreen,Post-Panamax,8500,Panama
SR06930,SHP06930,Vessel-06930,ONE,Ultra Large Container Vessel,12000,Malta
SR06931,SHP06931,Vessel-06931,Maersk,Panamax,3000,India
SR06932,SHP06932,Vessel-06932,MSC,Post-Panamax,4500,Singapore
SR06933,SHP06933,Vessel-06933,CMA CGM,Ultra Large Container Vessel,6500,Liberia
SR06934,SHP06934,Vessel-06934,Hapag-Lloyd,Panamax,8500,Panama
SR06935,SHP06935,Vessel-06935,Evergreen,Post-Panamax,12000,Malta
SR06936,SHP06936,Vessel-06936,ONE,Ultra Large Container Vessel,3000,India
SR06937,SHP06937,Vessel-06937,Maersk,Panamax,4500,Singapore
SR06938,SHP06938,Vessel-06938,MSC,Post-Panamax,6500,Liberia
SR06939,SHP06939,Vessel-06939,CMA CGM,Ultra Large Container Vessel,8500,Panama
SR06940,SHP06940,Vessel-06940,Hapag-Lloyd,Panamax,12000,Malta
SR06941,SHP06941,Vessel-06941,Evergreen,Post-Panamax,3000,India
SR06942,SHP06942,Vessel-06942,ONE,Ultra Large Container Vessel,4500,Singapore
SR06943,SHP06943,Vessel-06943,Maersk,Panamax,6500,Liberia
SR06944,SHP06944,Vessel-06944,MSC,Post-Panamax,8500,Panama
SR06945,SHP06945,Vessel-06945,CMA CGM,Ultra Large Container Vessel,12000,Malta
SR06946,SHP06946,Vessel-06946,Hapag-Lloyd,Panamax,3000,India
SR06947,SHP06947,Vessel-06947,Evergreen,Post-Panamax,4500,Singapore
SR06948,SHP06948,Vessel-06948,ONE,Ultra Large Container Vessel,6500,Liberia
SR06949,SHP06949,Vessel-06949,Maersk,Panamax,8500,Panama
SR06950,SHP06950,Vessel-06950,MSC,Post-Panamax,12000,Malta
SR06951,SHP06951,Vessel-06951,CMA CGM,Ultra Large Container Vessel,3000,India
SR06952,SHP06952,Vessel-06952,Hapag-Lloyd,Panamax,4500,Singapore
SR06953,SHP06953,Vessel-06953,Evergreen,Post-Panamax,6500,Liberia
SR06954,SHP06954,Vessel-06954,ONE,Ultra Large Container Vessel,8500,Panama
SR06955,SHP06955,Vessel-06955,Maersk,Panamax,12000,Malta
SR06956,SHP06956,Vessel-06956,MSC,Post-Panamax,3000,India
SR06957,SHP06957,Vessel-06957,CMA CGM,Ultra Large Container Vessel,4500,Singapore
SR06958,SHP06958,Vessel-06958,Hapag-Lloyd,Panamax,6500,Liberia
SR06959,SHP06959,Vessel-06959,Evergreen,Post-Panamax,8500,Panama
SR06960,SHP06960,Vessel-06960,ONE,Ultra Large Container Vessel,12000,Malta
SR06961,SHP06961,Vessel-06961,Maersk,Panamax,3000,India
SR06962,SHP06962,Vessel-06962,MSC,Post-Panamax,4500,Singapore
SR06963,SHP06963,Vessel-06963,CMA CGM,Ultra Large Container Vessel,6500,Liberia
SR06964,SHP06964,Vessel-06964,Hapag-Lloyd,Panamax,8500,Panama
SR06965,SHP06965,Vessel-06965,Evergreen,Post-Panamax,12000,Malta
SR06966,SHP06966,Vessel-06966,ONE,Ultra Large Container Vessel,3000,India
SR06967,SHP06967,Vessel-06967,Maersk,Panamax,4500,Singapore
SR06968,SHP06968,Vessel-06968,MSC,Post-Panamax,6500,Liberia
SR06969,SHP06969,Vessel-06969,CMA CGM,Ultra Large Container Vessel,8500,Panama
SR06970,SHP06970,Vessel-06970,Hapag-Lloyd,Panamax,12000,Malta
SR06971,SHP06971,Vessel-06971,Evergreen,Post-Panamax,3000,India
SR06972,SHP06972,Vessel-06972,ONE,Ultra Large Container Vessel,4500,Singapore
SR06973,SHP06973,Vessel-06973,Maersk,Panamax,6500,Liberia
SR06974,SHP06974,Vessel-06974,MSC,Post-Panamax,8500,Panama
SR06975,SHP06975,Vessel-06975,CMA CGM,Ultra Large Container Vessel,12000,Malta
SR06976,SHP06976,Vessel-06976,Hapag-Lloyd,Panamax,3000,India
SR06977,SHP06977,Vessel-06977,Evergreen,Post-Panamax,4500,Singapore
SR06978,SHP06978,Vessel-06978,ONE,Ultra Large Container Vessel,6500,Liberia
SR06979,SHP06979,Vessel-06979,Maersk,Panamax,8500,Panama
SR06980,SHP06980,Vessel-06980,MSC,Post-Panamax,12000,Malta
SR06981,SHP06981,Vessel-06981,CMA CGM,Ultra Large Container Vessel,3000,India
SR06982,SHP06982,Vessel-06982,Hapag-Lloyd,Panamax,4500,Singapore
SR06983,SHP06983,Vessel-06983,Evergreen,Post-Panamax,6500,Liberia
SR06984,SHP06984,Vessel-06984,ONE,Ultra Large Container Vessel,8500,Panama
SR06985,SHP06985,Vessel-06985,Maersk,Panamax,12000,Malta
SR06986,SHP06986,Vessel-06986,MSC,Post-Panamax,3000,India
SR06987,SHP06987,Vessel-06987,CMA CGM,Ultra Large Container Vessel,4500,Singapore
SR06988,SHP06988,Vessel-06988,Hapag-Lloyd,Panamax,6500,Liberia
SR06989,SHP06989,Vessel-06989,Evergreen,Post-Panamax,8500,Panama
SR06990,SHP06990,Vessel-06990,ONE,Ultra Large Container Vessel,12000,Malta
SR06991,SHP06991,Vessel-06991,Maersk,Panamax,3000,India
SR06992,SHP06992,Vessel-06992,MSC,Post-Panamax,4500,Singapore
SR06993,SHP06993,Vessel-06993,CMA CGM,Ultra Large Container Vessel,6500,Liberia
SR06994,SHP06994,Vessel-06994,Hapag-Lloyd,Panamax,8500,Panama
SR06995,SHP06995,Vessel-06995,Evergreen,Post-Panamax,12000,Malta
SR06996,SHP06996,Vessel-06996,ONE,Ultra Large Container Vessel,3000,India
SR06997,SHP06997,Vessel-06997,Maersk,Panamax,4500,Singapore
SR06998,SHP06998,Vessel-06998,MSC,Post-Panamax,6500,Liberia
SR06999,SHP06999,Vessel-06999,CMA CGM,Ultra Large Container Vessel,8500,Panama
SR07000,SHP07000,Vessel-07000,Hapag-Lloyd,Panamax,12000,Malta
SR07001,SHP07001,Vessel-07001,Evergreen,Post-Panamax,3000,India
SR07002,SHP07002,Vessel-07002,ONE,Ultra Large Container Vessel,4500,Singapore
SR07003,SHP07003,Vessel-07003,Maersk,Panamax,6500,Liberia
SR07004,SHP07004,Vessel-07004,MSC,Post-Panamax,8500,Panama
SR07005,SHP07005,Vessel-07005,CMA CGM,Ultra Large Container Vessel,12000,Malta
SR07006,SHP07006,Vessel-07006,Hapag-Lloyd,Panamax,3000,India
SR07007,SHP07007,Vessel-07007,Evergreen,Post-Panamax,4500,Singapore
SR07008,SHP07008,Vessel-07008,ONE,Ultra Large Container Vessel,6500,Liberia
SR07009,SHP07009,Vessel-07009,Maersk,Panamax,8500,Panama
SR07010,SHP07010,Vessel-07010,MSC,Post-Panamax,12000,Malta
SR07011,SHP07011,Vessel-07011,CMA CGM,Ultra Large Container Vessel,3000,India
SR07012,SHP07012,Vessel-07012,Hapag-Lloyd,Panamax,4500,Singapore
SR07013,SHP07013,Vessel-07013,Evergreen,Post-Panamax,6500,Liberia
SR07014,SHP07014,Vessel-07014,ONE,Ultra Large Container Vessel,8500,Panama
SR07015,SHP07015,Vessel-07015,Maersk,Panamax,12000,Malta
SR07016,SHP07016,Vessel-07016,MSC,Post-Panamax,3000,India
SR07017,SHP07017,Vessel-07017,CMA CGM,Ultra Large Container Vessel,4500,Singapore
SR07018,SHP07018,Vessel-07018,Hapag-Lloyd,Panamax,6500,Liberia
SR07019,SHP07019,Vessel-07019,Evergreen,Post-Panamax,8500,Panama
SR07020,SHP07020,Vessel-07020,ONE,Ultra Large Container Vessel,12000,Malta
SR07021,SHP07021,Vessel-07021,Maersk,Panamax,3000,India
SR07022,SHP07022,Vessel-07022,MSC,Post-Panamax,4500,Singapore
SR07023,SHP07023,Vessel-07023,CMA CGM,Ultra Large Container Vessel,6500,Liberia
SR07024,SHP07024,Vessel-07024,Hapag-Lloyd,Panamax,8500,Panama
SR07025,SHP07025,Vessel-07025,Evergreen,Post-Panamax,12000,Malta
SR07026,SHP07026,Vessel-07026,ONE,Ultra Large Container Vessel,3000,India
SR07027,SHP07027,Vessel-07027,Maersk,Panamax,4500,Singapore
SR07028,SHP07028,Vessel-07028,MSC,Post-Panamax,6500,Liberia
SR07029,SHP07029,Vessel-07029,CMA CGM,Ultra Large Container Vessel,8500,Panama
SR07030,SHP07030,Vessel-07030,Hapag-Lloyd,Panamax,12000,Malta
SR07031,SHP07031,Vessel-07031,Evergreen,Post-Panamax,3000,India
SR07032,SHP07032,Vessel-07032,ONE,Ultra Large Container Vessel,4500,Singapore
SR07033,SHP07033,Vessel-07033,Maersk,Panamax,6500,Liberia
SR07034,SHP07034,Vessel-07034,MSC,Post-Panamax,8500,Panama
SR07035,SHP07035,Vessel-07035,CMA CGM,Ultra Large Container Vessel,12000,Malta
SR07036,SHP07036,Vessel-07036,Hapag-Lloyd,Panamax,3000,India
SR07037,SHP07037,Vessel-07037,Evergreen,Post-Panamax,4500,Singapore
SR07038,SHP07038,Vessel-07038,ONE,Ultra Large Container Vessel,6500,Liberia
SR07039,SHP07039,Vessel-07039,Maersk,Panamax,8500,Panama
SR07040,SHP07040,Vessel-07040,MSC,Post-Panamax,12000,Malta
SR07041,SHP07041,Vessel-07041,CMA CGM,Ultra Large Container Vessel,3000,India
SR07042,SHP07042,Vessel-07042,Hapag-Lloyd,Panamax,4500,Singapore
SR07043,SHP07043,Vessel-07043,Evergreen,Post-Panamax,6500,Liberia
SR07044,SHP07044,Vessel-07044,ONE,Ultra Large Container Vessel,8500,Panama
SR07045,SHP07045,Vessel-07045,Maersk,Panamax,12000,Malta
SR07046,SHP07046,Vessel-07046,MSC,Post-Panamax,3000,India
SR07047,SHP07047,Vessel-07047,CMA CGM,Ultra Large Container Vessel,4500,Singapore
SR07048,SHP07048,Vessel-07048,Hapag-Lloyd,Panamax,6500,Liberia
SR07049,SHP07049,Vessel-07049,Evergreen,Post-Panamax,8500,Panama
SR07050,SHP07050,Vessel-07050,ONE,Ultra Large Container Vessel,12000,Malta
SR07051,SHP07051,Vessel-07051,Maersk,Panamax,3000,India
SR07052,SHP07052,Vessel-07052,MSC,Post-Panamax,4500,Singapore
SR07053,SHP07053,Vessel-07053,CMA CGM,Ultra Large Container Vessel,6500,Liberia
SR07054,SHP07054,Vessel-07054,Hapag-Lloyd,Panamax,8500,Panama
SR07055,SHP07055,Vessel-07055,Evergreen,Post-Panamax,12000,Malta
SR07056,SHP07056,Vessel-07056,ONE,Ultra Large Container Vessel,3000,India
SR07057,SHP07057,Vessel-07057,Maersk,Panamax,4500,Singapore
SR07058,SHP07058,Vessel-07058,MSC,Post-Panamax,6500,Liberia
SR07059,SHP07059,Vessel-07059,CMA CGM,Ultra Large Container Vessel,8500,Panama
SR07060,SHP07060,Vessel-07060,Hapag-Lloyd,Panamax,12000,Malta
SR07061,SHP07061,Vessel-07061,Evergreen,Post-Panamax,3000,India
SR07062,SHP07062,Vessel-07062,ONE,Ultra Large Container Vessel,4500,Singapore
SR07063,SHP07063,Vessel-07063,Maersk,Panamax,6500,Liberia
SR07064,SHP07064,Vessel-07064,MSC,Post-Panamax,8500,Panama
SR07065,SHP07065,Vessel-07065,CMA CGM,Ultra Large Container Vessel,12000,Malta
SR07066,SHP07066,Vessel-07066,Hapag-Lloyd,Panamax,3000,India
SR07067,SHP07067,Vessel-07067,Evergreen,Post-Panamax,4500,Singapore
SR07068,SHP07068,Vessel-07068,ONE,Ultra Large Container Vessel,6500,Liberia
SR07069,SHP07069,Vessel-07069,Maersk,Panamax,8500,Panama
SR07070,SHP07070,Vessel-07070,MSC,Post-Panamax,12000,Malta
SR07071,SHP07071,Vessel-07071,CMA CGM,Ultra Large Container Vessel,3000,India
SR07072,SHP07072,Vessel-07072,Hapag-Lloyd,Panamax,4500,Singapore
SR07073,SHP07073,Vessel-07073,Evergreen,Post-Panamax,6500,Liberia
SR07074,SHP07074,Vessel-07074,ONE,Ultra Large Container Vessel,8500,Panama
SR07075,SHP07075,Vessel-07075,Maersk,Panamax,12000,Malta
SR07076,SHP07076,Vessel-07076,MSC,Post-Panamax,3000,India
SR07077,SHP07077,Vessel-07077,CMA CGM,Ultra Large Container Vessel,4500,Singapore
SR07078,SHP07078,Vessel-07078,Hapag-Lloyd,Panamax,6500,Liberia
SR07079,SHP07079,Vessel-07079,Evergreen,Post-Panamax,8500,Panama
SR07080,SHP07080,Vessel-07080,ONE,Ultra Large Container Vessel,12000,Malta
SR07081,SHP07081,Vessel-07081,Maersk,Panamax,3000,India
SR07082,SHP07082,Vessel-07082,MSC,Post-Panamax,4500,Singapore
SR07083,SHP07083,Vessel-07083,CMA CGM,Ultra Large Container Vessel,6500,Liberia
SR07084,SHP07084,Vessel-07084,Hapag-Lloyd,Panamax,8500,Panama
SR07085,SHP07085,Vessel-07085,Evergreen,Post-Panamax,12000,Malta
SR07086,SHP07086,Vessel-07086,ONE,Ultra Large Container Vessel,3000,India
SR07087,SHP07087,Vessel-07087,Maersk,Panamax,4500,Singapore
SR07088,SHP07088,Vessel-07088,MSC,Post-Panamax,6500,Liberia
SR07089,SHP07089,Vessel-07089,CMA CGM,Ultra Large Container Vessel,8500,Panama
SR07090,SHP07090,Vessel-07090,Hapag-Lloyd,Panamax,12000,Malta
SR07091,SHP07091,Vessel-07091,Evergreen,Post-Panamax,3000,India
SR07092,SHP07092,Vessel-07092,ONE,Ultra Large Container Vessel,4500,Singapore
SR07093,SHP07093,Vessel-07093,Maersk,Panamax,6500,Liberia
SR07094,SHP07094,Vessel-07094,MSC,Post-Panamax,8500,Panama
SR07095,SHP07095,Vessel-07095,CMA CGM,Ultra Large Container Vessel,12000,Malta
SR07096,SHP07096,Vessel-07096,Hapag-Lloyd,Panamax,3000,India
SR07097,SHP07097,Vessel-07097,Evergreen,Post-Panamax,4500,Singapore
SR07098,SHP07098,Vessel-07098,ONE,Ultra Large Container Vessel,6500,Liberia
SR07099,SHP07099,Vessel-07099,Maersk,Panamax,8500,Panama
SR07100,SHP07100,Vessel-07100,MSC,Post-Panamax,12000,Malta
SR07101,SHP07101,Vessel-07101,CMA CGM,Ultra Large Container Vessel,3000,India
SR07102,SHP07102,Vessel-07102,Hapag-Lloyd,Panamax,4500,Singapore
SR07103,SHP07103,Vessel-07103,Evergreen,Post-Panamax,6500,Liberia
SR07104,SHP07104,Vessel-07104,ONE,Ultra Large Container Vessel,8500,Panama
SR07105,SHP07105,Vessel-07105,Maersk,Panamax,12000,Malta
SR07106,SHP07106,Vessel-07106,MSC,Post-Panamax,3000,India
SR07107,SHP07107,Vessel-07107,CMA CGM,Ultra Large Container Vessel,4500,Singapore
SR07108,SHP07108,Vessel-07108,Hapag-Lloyd,Panamax,6500,Liberia
SR07109,SHP07109,Vessel-07109,Evergreen,Post-Panamax,8500,Panama
SR07110,SHP07110,Vessel-07110,ONE,Ultra Large Container Vessel,12000,Malta
SR07111,SHP07111,Vessel-07111,Maersk,Panamax,3000,India
SR07112,SHP07112,Vessel-07112,MSC,Post-Panamax,4500,Singapore
SR07113,SHP07113,Vessel-07113,CMA CGM,Ultra Large Container Vessel,6500,Liberia
SR07114,SHP07114,Vessel-07114,Hapag-Lloyd,Panamax,8500,Panama
SR07115,SHP07115,Vessel-07115,Evergreen,Post-Panamax,12000,Malta
SR07116,SHP07116,Vessel-07116,ONE,Ultra Large Container Vessel,3000,India
SR07117,SHP07117,Vessel-07117,Maersk,Panamax,4500,Singapore
SR07118,SHP07118,Vessel-07118,MSC,Post-Panamax,6500,Liberia
SR07119,SHP07119,Vessel-07119,CMA CGM,Ultra Large Container Vessel,8500,Panama
SR07120,SHP07120,Vessel-07120,Hapag-Lloyd,Panamax,12000,Malta
SR07121,SHP07121,Vessel-07121,Evergreen,Post-Panamax,3000,India
SR07122,SHP07122,Vessel-07122,ONE,Ultra Large Container Vessel,4500,Singapore
SR07123,SHP07123,Vessel-07123,Maersk,Panamax,6500,Liberia
SR07124,SHP07124,Vessel-07124,MSC,Post-Panamax,8500,Panama
SR07125,SHP07125,Vessel-07125,CMA CGM,Ultra Large Container Vessel,12000,Malta
SR07126,SHP07126,Vessel-07126,Hapag-Lloyd,Panamax,3000,India
SR07127,SHP07127,Vessel-07127,Evergreen,Post-Panamax,4500,Singapore
SR07128,SHP07128,Vessel-07128,ONE,Ultra Large Container Vessel,6500,Liberia
SR07129,SHP07129,Vessel-07129,Maersk,Panamax,8500,Panama
SR07130,SHP07130,Vessel-07130,MSC,Post-Panamax,12000,Malta
SR07131,SHP07131,Vessel-07131,CMA CGM,Ultra Large Container Vessel,3000,India
SR07132,SHP07132,Vessel-07132,Hapag-Lloyd,Panamax,4500,Singapore
SR07133,SHP07133,Vessel-07133,Evergreen,Post-Panamax,6500,Liberia
SR07134,SHP07134,Vessel-07134,ONE,Ultra Large Container Vessel,8500,Panama
SR07135,SHP07135,Vessel-07135,Maersk,Panamax,12000,Malta
SR07136,SHP07136,Vessel-07136,MSC,Post-Panamax,3000,India
SR07137,SHP07137,Vessel-07137,CMA CGM,Ultra Large Container Vessel,4500,Singapore
SR07138,SHP07138,Vessel-07138,Hapag-Lloyd,Panamax,6500,Liberia
SR07139,SHP07139,Vessel-07139,Evergreen,Post-Panamax,8500,Panama
SR07140,SHP07140,Vessel-07140,ONE,Ultra Large Container Vessel,12000,Malta
SR07141,SHP07141,Vessel-07141,Maersk,Panamax,3000,India
SR07142,SHP07142,Vessel-07142,MSC,Post-Panamax,4500,Singapore
SR07143,SHP07143,Vessel-07143,CMA CGM,Ultra Large Container Vessel,6500,Liberia
SR07144,SHP07144,Vessel-07144,Hapag-Lloyd,Panamax,8500,Panama
SR07145,SHP07145,Vessel-07145,Evergreen,Post-Panamax,12000,Malta
SR07146,SHP07146,Vessel-07146,ONE,Ultra Large Container Vessel,3000,India
SR07147,SHP07147,Vessel-07147,Maersk,Panamax,4500,Singapore
SR07148,SHP07148,Vessel-07148,MSC,Post-Panamax,6500,Liberia
SR07149,SHP07149,Vessel-07149,CMA CGM,Ultra Large Container Vessel,8500,Panama
SR07150,SHP07150,Vessel-07150,Hapag-Lloyd,Panamax,12000,Malta
SR07151,SHP07151,Vessel-07151,Evergreen,Post-Panamax,3000,India
SR07152,SHP07152,Vessel-07152,ONE,Ultra Large Container Vessel,4500,Singapore
SR07153,SHP07153,Vessel-07153,Maersk,Panamax,6500,Liberia
SR07154,SHP07154,Vessel-07154,MSC,Post-Panamax,8500,Panama
SR07155,SHP07155,Vessel-07155,CMA CGM,Ultra Large Container Vessel,12000,Malta
SR07156,SHP07156,Vessel-07156,Hapag-Lloyd,Panamax,3000,India
SR07157,SHP07157,Vessel-07157,Evergreen,Post-Panamax,4500,Singapore
SR07158,SHP07158,Vessel-07158,ONE,Ultra Large Container Vessel,6500,Liberia
SR07159,SHP07159,Vessel-07159,Maersk,Panamax,8500,Panama
SR07160,SHP07160,Vessel-07160,MSC,Post-Panamax,12000,Malta
SR07161,SHP07161,Vessel-07161,CMA CGM,Ultra Large Container Vessel,3000,India
SR07162,SHP07162,Vessel-07162,Hapag-Lloyd,Panamax,4500,Singapore
SR07163,SHP07163,Vessel-07163,Evergreen,Post-Panamax,6500,Liberia
SR07164,SHP07164,Vessel-07164,ONE,Ultra Large Container Vessel,8500,Panama
SR07165,SHP07165,Vessel-07165,Maersk,Panamax,12000,Malta
SR07166,SHP07166,Vessel-07166,MSC,Post-Panamax,3000,India
SR07167,SHP07167,Vessel-07167,CMA CGM,Ultra Large Container Vessel,4500,Singapore
SR07168,SHP07168,Vessel-07168,Hapag-Lloyd,Panamax,6500,Liberia
SR07169,SHP07169,Vessel-07169,Evergreen,Post-Panamax,8500,Panama
SR07170,SHP07170,Vessel-07170,ONE,Ultra Large Container Vessel,12000,Malta
SR07171,SHP07171,Vessel-07171,Maersk,Panamax,3000,India
SR07172,SHP07172,Vessel-07172,MSC,Post-Panamax,4500,Singapore
SR07173,SHP07173,Vessel-07173,CMA CGM,Ultra Large Container Vessel,6500,Liberia
SR07174,SHP07174,Vessel-07174,Hapag-Lloyd,Panamax,8500,Panama
SR07175,SHP07175,Vessel-07175,Evergreen,Post-Panamax,12000,Malta
SR07176,SHP07176,Vessel-07176,ONE,Ultra Large Container Vessel,3000,India
SR07177,SHP07177,Vessel-07177,Maersk,Panamax,4500,Singapore
SR07178,SHP07178,Vessel-07178,MSC,Post-Panamax,6500,Liberia
SR07179,SHP07179,Vessel-07179,CMA CGM,Ultra Large Container Vessel,8500,Panama
SR07180,SHP07180,Vessel-07180,Hapag-Lloyd,Panamax,12000,Malta
SR07181,SHP07181,Vessel-07181,Evergreen,Post-Panamax,3000,India
SR07182,SHP07182,Vessel-07182,ONE,Ultra Large Container Vessel,4500,Singapore
SR07183,SHP07183,Vessel-07183,Maersk,Panamax,6500,Liberia
SR07184,SHP07184,Vessel-07184,MSC,Post-Panamax,8500,Panama
SR07185,SHP07185,Vessel-07185,CMA CGM,Ultra Large Container Vessel,12000,Malta
SR07186,SHP07186,Vessel-07186,Hapag-Lloyd,Panamax,3000,India
SR07187,SHP07187,Vessel-07187,Evergreen,Post-Panamax,4500,Singapore
SR07188,SHP07188,Vessel-07188,ONE,Ultra Large Container Vessel,6500,Liberia
SR07189,SHP07189,Vessel-07189,Maersk,Panamax,8500,Panama
SR07190,SHP07190,Vessel-07190,MSC,Post-Panamax,12000,Malta
SR07191,SHP07191,Vessel-07191,CMA CGM,Ultra Large Container Vessel,3000,India
SR07192,SHP07192,Vessel-07192,Hapag-Lloyd,Panamax,4500,Singapore
SR07193,SHP07193,Vessel-07193,Evergreen,Post-Panamax,6500,Liberia
SR07194,SHP07194,Vessel-07194,ONE,Ultra Large Container Vessel,8500,Panama
SR07195,SHP07195,Vessel-07195,Maersk,Panamax,12000,Malta
SR07196,SHP07196,Vessel-07196,MSC,Post-Panamax,3000,India
SR07197,SHP07197,Vessel-07197,CMA CGM,Ultra Large Container Vessel,4500,Singapore
SR07198,SHP07198,Vessel-07198,Hapag-Lloyd,Panamax,6500,Liberia
SR07199,SHP07199,Vessel-07199,Evergreen,Post-Panamax,8500,Panama
SR07200,SHP07200,Vessel-07200,ONE,Ultra Large Container Vessel,12000,Malta
SR07201,SHP07201,Vessel-07201,Maersk,Panamax,3000,India
SR07202,SHP07202,Vessel-07202,MSC,Post-Panamax,4500,Singapore
SR07203,SHP07203,Vessel-07203,CMA CGM,Ultra Large Container Vessel,6500,Liberia
SR07204,SHP07204,Vessel-07204,Hapag-Lloyd,Panamax,8500,Panama
SR07205,SHP07205,Vessel-07205,Evergreen,Post-Panamax,12000,Malta
SR07206,SHP07206,Vessel-07206,ONE,Ultra Large Container Vessel,3000,India
SR07207,SHP07207,Vessel-07207,Maersk,Panamax,4500,Singapore
SR07208,SHP07208,Vessel-07208,MSC,Post-Panamax,6500,Liberia
SR07209,SHP07209,Vessel-07209,CMA CGM,Ultra Large Container Vessel,8500,Panama
SR07210,SHP07210,Vessel-07210,Hapag-Lloyd,Panamax,12000,Malta
SR07211,SHP07211,Vessel-07211,Evergreen,Post-Panamax,3000,India
SR07212,SHP07212,Vessel-07212,ONE,Ultra Large Container Vessel,4500,Singapore
SR07213,SHP07213,Vessel-07213,Maersk,Panamax,6500,Liberia
SR07214,SHP07214,Vessel-07214,MSC,Post-Panamax,8500,Panama
SR07215,SHP07215,Vessel-07215,CMA CGM,Ultra Large Container Vessel,12000,Malta
SR07216,SHP07216,Vessel-07216,Hapag-Lloyd,Panamax,3000,India
SR07217,SHP07217,Vessel-07217,Evergreen,Post-Panamax,4500,Singapore
SR07218,SHP07218,Vessel-07218,ONE,Ultra Large Container Vessel,6500,Liberia
SR07219,SHP07219,Vessel-07219,Maersk,Panamax,8500,Panama
SR07220,SHP07220,Vessel-07220,MSC,Post-Panamax,12000,Malta
SR07221,SHP07221,Vessel-07221,CMA CGM,Ultra Large Container Vessel,3000,India
SR07222,SHP07222,Vessel-07222,Hapag-Lloyd,Panamax,4500,Singapore
SR07223,SHP07223,Vessel-07223,Evergreen,Post-Panamax,6500,Liberia
SR07224,SHP07224,Vessel-07224,ONE,Ultra Large Container Vessel,8500,Panama
SR07225,SHP07225,Vessel-07225,Maersk,Panamax,12000,Malta
SR07226,SHP07226,Vessel-07226,MSC,Post-Panamax,3000,India
SR07227,SHP07227,Vessel-07227,CMA CGM,Ultra Large Container Vessel,4500,Singapore
SR07228,SHP07228,Vessel-07228,Hapag-Lloyd,Panamax,6500,Liberia
SR07229,SHP07229,Vessel-07229,Evergreen,Post-Panamax,8500,Panama
SR07230,SHP07230,Vessel-07230,ONE,Ultra Large Container Vessel,12000,Malta
SR07231,SHP07231,Vessel-07231,Maersk,Panamax,3000,India
SR07232,SHP07232,Vessel-07232,MSC,Post-Panamax,4500,Singapore
SR07233,SHP07233,Vessel-07233,CMA CGM,Ultra Large Container Vessel,6500,Liberia
SR07234,SHP07234,Vessel-07234,Hapag-Lloyd,Panamax,8500,Panama
SR07235,SHP07235,Vessel-07235,Evergreen,Post-Panamax,12000,Malta
SR07236,SHP07236,Vessel-07236,ONE,Ultra Large Container Vessel,3000,India
SR07237,SHP07237,Vessel-07237,Maersk,Panamax,4500,Singapore
SR07238,SHP07238,Vessel-07238,MSC,Post-Panamax,6500,Liberia
SR07239,SHP07239,Vessel-07239,CMA CGM,Ultra Large Container Vessel,8500,Panama
SR07240,SHP07240,Vessel-07240,Hapag-Lloyd,Panamax,12000,Malta
SR07241,SHP07241,Vessel-07241,Evergreen,Post-Panamax,3000,India
SR07242,SHP07242,Vessel-07242,ONE,Ultra Large Container Vessel,4500,Singapore
SR07243,SHP07243,Vessel-07243,Maersk,Panamax,6500,Liberia
SR07244,SHP07244,Vessel-07244,MSC,Post-Panamax,8500,Panama
SR07245,SHP07245,Vessel-07245,CMA CGM,Ultra Large Container Vessel,12000,Malta
SR07246,SHP07246,Vessel-07246,Hapag-Lloyd,Panamax,3000,India
SR07247,SHP07247,Vessel-07247,Evergreen,Post-Panamax,4500,Singapore
SR07248,SHP07248,Vessel-07248,ONE,Ultra Large Container Vessel,6500,Liberia
SR07249,SHP07249,Vessel-07249,Maersk,Panamax,8500,Panama
SR07250,SHP07250,Vessel-07250,MSC,Post-Panamax,12000,Malta
SR07251,SHP07251,Vessel-07251,CMA CGM,Ultra Large Container Vessel,3000,India
SR07252,SHP07252,Vessel-07252,Hapag-Lloyd,Panamax,4500,Singapore
SR07253,SHP07253,Vessel-07253,Evergreen,Post-Panamax,6500,Liberia
SR07254,SHP07254,Vessel-07254,ONE,Ultra Large Container Vessel,8500,Panama
SR07255,SHP07255,Vessel-07255,Maersk,Panamax,12000,Malta
SR07256,SHP07256,Vessel-07256,MSC,Post-Panamax,3000,India
SR07257,SHP07257,Vessel-07257,CMA CGM,Ultra Large Container Vessel,4500,Singapore
SR07258,SHP07258,Vessel-07258,Hapag-Lloyd,Panamax,6500,Liberia
SR07259,SHP07259,Vessel-07259,Evergreen,Post-Panamax,8500,Panama
SR07260,SHP07260,Vessel-07260,ONE,Ultra Large Container Vessel,12000,Malta
SR07261,SHP07261,Vessel-07261,Maersk,Panamax,3000,India
SR07262,SHP07262,Vessel-07262,MSC,Post-Panamax,4500,Singapore
SR07263,SHP07263,Vessel-07263,CMA CGM,Ultra Large Container Vessel,6500,Liberia
SR07264,SHP07264,Vessel-07264,Hapag-Lloyd,Panamax,8500,Panama
SR07265,SHP07265,Vessel-07265,Evergreen,Post-Panamax,12000,Malta
SR07266,SHP07266,Vessel-07266,ONE,Ultra Large Container Vessel,3000,India
SR07267,SHP07267,Vessel-07267,Maersk,Panamax,4500,Singapore
SR07268,SHP07268,Vessel-07268,MSC,Post-Panamax,6500,Liberia
SR07269,SHP07269,Vessel-07269,CMA CGM,Ultra Large Container Vessel,8500,Panama
SR07270,SHP07270,Vessel-07270,Hapag-Lloyd,Panamax,12000,Malta
SR07271,SHP07271,Vessel-07271,Evergreen,Post-Panamax,3000,India
SR07272,SHP07272,Vessel-07272,ONE,Ultra Large Container Vessel,4500,Singapore
SR07273,SHP07273,Vessel-07273,Maersk,Panamax,6500,Liberia
SR07274,SHP07274,Vessel-07274,MSC,Post-Panamax,8500,Panama
SR07275,SHP07275,Vessel-07275,CMA CGM,Ultra Large Container Vessel,12000,Malta
SR07276,SHP07276,Vessel-07276,Hapag-Lloyd,Panamax,3000,India
SR07277,SHP07277,Vessel-07277,Evergreen,Post-Panamax,4500,Singapore
SR07278,SHP07278,Vessel-07278,ONE,Ultra Large Container Vessel,6500,Liberia
SR07279,SHP07279,Vessel-07279,Maersk,Panamax,8500,Panama
SR07280,SHP07280,Vessel-07280,MSC,Post-Panamax,12000,Malta
SR07281,SHP07281,Vessel-07281,CMA CGM,Ultra Large Container Vessel,3000,India
SR07282,SHP07282,Vessel-07282,Hapag-Lloyd,Panamax,4500,Singapore
SR07283,SHP07283,Vessel-07283,Evergreen,Post-Panamax,6500,Liberia
SR07284,SHP07284,Vessel-07284,ONE,Ultra Large Container Vessel,8500,Panama
SR07285,SHP07285,Vessel-07285,Maersk,Panamax,12000,Malta
SR07286,SHP07286,Vessel-07286,MSC,Post-Panamax,3000,India
SR07287,SHP07287,Vessel-07287,CMA CGM,Ultra Large Container Vessel,4500,Singapore
SR07288,SHP07288,Vessel-07288,Hapag-Lloyd,Panamax,6500,Liberia
SR07289,SHP07289,Vessel-07289,Evergreen,Post-Panamax,8500,Panama
SR07290,SHP07290,Vessel-07290,ONE,Ultra Large Container Vessel,12000,Malta
SR07291,SHP07291,Vessel-07291,Maersk,Panamax,3000,India
SR07292,SHP07292,Vessel-07292,MSC,Post-Panamax,4500,Singapore
SR07293,SHP07293,Vessel-07293,CMA CGM,Ultra Large Container Vessel,6500,Liberia
SR07294,SHP07294,Vessel-07294,Hapag-Lloyd,Panamax,8500,Panama
SR07295,SHP07295,Vessel-07295,Evergreen,Post-Panamax,12000,Malta
SR07296,SHP07296,Vessel-07296,ONE,Ultra Large Container Vessel,3000,India
SR07297,SHP07297,Vessel-07297,Maersk,Panamax,4500,Singapore
SR07298,SHP07298,Vessel-07298,MSC,Post-Panamax,6500,Liberia
SR07299,SHP07299,Vessel-07299,CMA CGM,Ultra Large Container Vessel,8500,Panama
SR07300,SHP07300,Vessel-07300,Hapag-Lloyd,Panamax,12000,Malta
SR07301,SHP07301,Vessel-07301,Evergreen,Post-Panamax,3000,India
SR07302,SHP07302,Vessel-07302,ONE,Ultra Large Container Vessel,4500,Singapore
SR07303,SHP07303,Vessel-07303,Maersk,Panamax,6500,Liberia
SR07304,SHP07304,Vessel-07304,MSC,Post-Panamax,8500,Panama
SR07305,SHP07305,Vessel-07305,CMA CGM,Ultra Large Container Vessel,12000,Malta
SR07306,SHP07306,Vessel-07306,Hapag-Lloyd,Panamax,3000,India
SR07307,SHP07307,Vessel-07307,Evergreen,Post-Panamax,4500,Singapore
SR07308,SHP07308,Vessel-07308,ONE,Ultra Large Container Vessel,6500,Liberia
SR07309,SHP07309,Vessel-07309,Maersk,Panamax,8500,Panama
SR07310,SHP07310,Vessel-07310,MSC,Post-Panamax,12000,Malta
SR07311,SHP07311,Vessel-07311,CMA CGM,Ultra Large Container Vessel,3000,India
SR07312,SHP07312,Vessel-07312,Hapag-Lloyd,Panamax,4500,Singapore
SR07313,SHP07313,Vessel-07313,Evergreen,Post-Panamax,6500,Liberia
SR07314,SHP07314,Vessel-07314,ONE,Ultra Large Container Vessel,8500,Panama
SR07315,SHP07315,Vessel-07315,Maersk,Panamax,12000,Malta
SR07316,SHP07316,Vessel-07316,MSC,Post-Panamax,3000,India
SR07317,SHP07317,Vessel-07317,CMA CGM,Ultra Large Container Vessel,4500,Singapore
SR07318,SHP07318,Vessel-07318,Hapag-Lloyd,Panamax,6500,Liberia
SR07319,SHP07319,Vessel-07319,Evergreen,Post-Panamax,8500,Panama
SR07320,SHP07320,Vessel-07320,ONE,Ultra Large Container Vessel,12000,Malta
SR07321,SHP07321,Vessel-07321,Maersk,Panamax,3000,India
SR07322,SHP07322,Vessel-07322,MSC,Post-Panamax,4500,Singapore
SR07323,SHP07323,Vessel-07323,CMA CGM,Ultra Large Container Vessel,6500,Liberia
SR07324,SHP07324,Vessel-07324,Hapag-Lloyd,Panamax,8500,Panama
SR07325,SHP07325,Vessel-07325,Evergreen,Post-Panamax,12000,Malta
SR07326,SHP07326,Vessel-07326,ONE,Ultra Large Container Vessel,3000,India
SR07327,SHP07327,Vessel-07327,Maersk,Panamax,4500,Singapore
SR07328,SHP07328,Vessel-07328,MSC,Post-Panamax,6500,Liberia
SR07329,SHP07329,Vessel-07329,CMA CGM,Ultra Large Container Vessel,8500,Panama
SR07330,SHP07330,Vessel-07330,Hapag-Lloyd,Panamax,12000,Malta
SR07331,SHP07331,Vessel-07331,Evergreen,Post-Panamax,3000,India
SR07332,SHP07332,Vessel-07332,ONE,Ultra Large Container Vessel,4500,Singapore
SR07333,SHP07333,Vessel-07333,Maersk,Panamax,6500,Liberia
SR07334,SHP07334,Vessel-07334,MSC,Post-Panamax,8500,Panama
SR07335,SHP07335,Vessel-07335,CMA CGM,Ultra Large Container Vessel,12000,Malta
SR07336,SHP07336,Vessel-07336,Hapag-Lloyd,Panamax,3000,India
SR07337,SHP07337,Vessel-07337,Evergreen,Post-Panamax,4500,Singapore
SR07338,SHP07338,Vessel-07338,ONE,Ultra Large Container Vessel,6500,Liberia
SR07339,SHP07339,Vessel-07339,Maersk,Panamax,8500,Panama
SR07340,SHP07340,Vessel-07340,MSC,Post-Panamax,12000,Malta
SR07341,SHP07341,Vessel-07341,CMA CGM,Ultra Large Container Vessel,3000,India
SR07342,SHP07342,Vessel-07342,Hapag-Lloyd,Panamax,4500,Singapore
SR07343,SHP07343,Vessel-07343,Evergreen,Post-Panamax,6500,Liberia
SR07344,SHP07344,Vessel-07344,ONE,Ultra Large Container Vessel,8500,Panama
SR07345,SHP07345,Vessel-07345,Maersk,Panamax,12000,Malta
SR07346,SHP07346,Vessel-07346,MSC,Post-Panamax,3000,India
SR07347,SHP07347,Vessel-07347,CMA CGM,Ultra Large Container Vessel,4500,Singapore
SR07348,SHP07348,Vessel-07348,Hapag-Lloyd,Panamax,6500,Liberia
SR07349,SHP07349,Vessel-07349,Evergreen,Post-Panamax,8500,Panama
SR07350,SHP07350,Vessel-07350,ONE,Ultra Large Container Vessel,12000,Malta
SR07351,SHP07351,Vessel-07351,Maersk,Panamax,3000,India
SR07352,SHP07352,Vessel-07352,MSC,Post-Panamax,4500,Singapore
SR07353,SHP07353,Vessel-07353,CMA CGM,Ultra Large Container Vessel,6500,Liberia
SR07354,SHP07354,Vessel-07354,Hapag-Lloyd,Panamax,8500,Panama
SR07355,SHP07355,Vessel-07355,Evergreen,Post-Panamax,12000,Malta
SR07356,SHP07356,Vessel-07356,ONE,Ultra Large Container Vessel,3000,India
SR07357,SHP07357,Vessel-07357,Maersk,Panamax,4500,Singapore
SR07358,SHP07358,Vessel-07358,MSC,Post-Panamax,6500,Liberia
SR07359,SHP07359,Vessel-07359,CMA CGM,Ultra Large Container Vessel,8500,Panama
SR07360,SHP07360,Vessel-07360,Hapag-Lloyd,Panamax,12000,Malta
SR07361,SHP07361,Vessel-07361,Evergreen,Post-Panamax,3000,India
SR07362,SHP07362,Vessel-07362,ONE,Ultra Large Container Vessel,4500,Singapore
SR07363,SHP07363,Vessel-07363,Maersk,Panamax,6500,Liberia
SR07364,SHP07364,Vessel-07364,MSC,Post-Panamax,8500,Panama
SR07365,SHP07365,Vessel-07365,CMA CGM,Ultra Large Container Vessel,12000,Malta
SR07366,SHP07366,Vessel-07366,Hapag-Lloyd,Panamax,3000,India
SR07367,SHP07367,Vessel-07367,Evergreen,Post-Panamax,4500,Singapore
SR07368,SHP07368,Vessel-07368,ONE,Ultra Large Container Vessel,6500,Liberia
SR07369,SHP07369,Vessel-07369,Maersk,Panamax,8500,Panama
SR07370,SHP07370,Vessel-07370,MSC,Post-Panamax,12000,Malta
SR07371,SHP07371,Vessel-07371,CMA CGM,Ultra Large Container Vessel,3000,India
SR07372,SHP07372,Vessel-07372,Hapag-Lloyd,Panamax,4500,Singapore
SR07373,SHP07373,Vessel-07373,Evergreen,Post-Panamax,6500,Liberia
SR07374,SHP07374,Vessel-07374,ONE,Ultra Large Container Vessel,8500,Panama
SR07375,SHP07375,Vessel-07375,Maersk,Panamax,12000,Malta
SR07376,SHP07376,Vessel-07376,MSC,Post-Panamax,3000,India
SR07377,SHP07377,Vessel-07377,CMA CGM,Ultra Large Container Vessel,4500,Singapore
SR07378,SHP07378,Vessel-07378,Hapag-Lloyd,Panamax,6500,Liberia
SR07379,SHP07379,Vessel-07379,Evergreen,Post-Panamax,8500,Panama
SR07380,SHP07380,Vessel-07380,ONE,Ultra Large Container Vessel,12000,Malta
SR07381,SHP07381,Vessel-07381,Maersk,Panamax,3000,India
SR07382,SHP07382,Vessel-07382,MSC,Post-Panamax,4500,Singapore
SR07383,SHP07383,Vessel-07383,CMA CGM,Ultra Large Container Vessel,6500,Liberia
SR07384,SHP07384,Vessel-07384,Hapag-Lloyd,Panamax,8500,Panama
SR07385,SHP07385,Vessel-07385,Evergreen,Post-Panamax,12000,Malta
SR07386,SHP07386,Vessel-07386,ONE,Ultra Large Container Vessel,3000,India
SR07387,SHP07387,Vessel-07387,Maersk,Panamax,4500,Singapore
SR07388,SHP07388,Vessel-07388,MSC,Post-Panamax,6500,Liberia
SR07389,SHP07389,Vessel-07389,CMA CGM,Ultra Large Container Vessel,8500,Panama
SR07390,SHP07390,Vessel-07390,Hapag-Lloyd,Panamax,12000,Malta
SR07391,SHP07391,Vessel-07391,Evergreen,Post-Panamax,3000,India
SR07392,SHP07392,Vessel-07392,ONE,Ultra Large Container Vessel,4500,Singapore
SR07393,SHP07393,Vessel-07393,Maersk,Panamax,6500,Liberia
SR07394,SHP07394,Vessel-07394,MSC,Post-Panamax,8500,Panama
SR07395,SHP07395,Vessel-07395,CMA CGM,Ultra Large Container Vessel,12000,Malta
SR07396,SHP07396,Vessel-07396,Hapag-Lloyd,Panamax,3000,India
SR07397,SHP07397,Vessel-07397,Evergreen,Post-Panamax,4500,Singapore
SR07398,SHP07398,Vessel-07398,ONE,Ultra Large Container Vessel,6500,Liberia
SR07399,SHP07399,Vessel-07399,Maersk,Panamax,8500,Panama
SR07400,SHP07400,Vessel-07400,MSC,Post-Panamax,12000,Malta
SR07401,SHP07401,Vessel-07401,CMA CGM,Ultra Large Container Vessel,3000,India
SR07402,SHP07402,Vessel-07402,Hapag-Lloyd,Panamax,4500,Singapore
SR07403,SHP07403,Vessel-07403,Evergreen,Post-Panamax,6500,Liberia
SR07404,SHP07404,Vessel-07404,ONE,Ultra Large Container Vessel,8500,Panama
SR07405,SHP07405,Vessel-07405,Maersk,Panamax,12000,Malta
SR07406,SHP07406,Vessel-07406,MSC,Post-Panamax,3000,India
SR07407,SHP07407,Vessel-07407,CMA CGM,Ultra Large Container Vessel,4500,Singapore
SR07408,SHP07408,Vessel-07408,Hapag-Lloyd,Panamax,6500,Liberia
SR07409,SHP07409,Vessel-07409,Evergreen,Post-Panamax,8500,Panama
SR07410,SHP07410,Vessel-07410,ONE,Ultra Large Container Vessel,12000,Malta
SR07411,SHP07411,Vessel-07411,Maersk,Panamax,3000,India
SR07412,SHP07412,Vessel-07412,MSC,Post-Panamax,4500,Singapore
SR07413,SHP07413,Vessel-07413,CMA CGM,Ultra Large Container Vessel,6500,Liberia
SR07414,SHP07414,Vessel-07414,Hapag-Lloyd,Panamax,8500,Panama
SR07415,SHP07415,Vessel-07415,Evergreen,Post-Panamax,12000,Malta
SR07416,SHP07416,Vessel-07416,ONE,Ultra Large Container Vessel,3000,India
SR07417,SHP07417,Vessel-07417,Maersk,Panamax,4500,Singapore
SR07418,SHP07418,Vessel-07418,MSC,Post-Panamax,6500,Liberia
SR07419,SHP07419,Vessel-07419,CMA CGM,Ultra Large Container Vessel,8500,Panama
SR07420,SHP07420,Vessel-07420,Hapag-Lloyd,Panamax,12000,Malta
SR07421,SHP07421,Vessel-07421,Evergreen,Post-Panamax,3000,India
SR07422,SHP07422,Vessel-07422,ONE,Ultra Large Container Vessel,4500,Singapore
SR07423,SHP07423,Vessel-07423,Maersk,Panamax,6500,Liberia
SR07424,SHP07424,Vessel-07424,MSC,Post-Panamax,8500,Panama
SR07425,SHP07425,Vessel-07425,CMA CGM,Ultra Large Container Vessel,12000,Malta
SR07426,SHP07426,Vessel-07426,Hapag-Lloyd,Panamax,3000,India
SR07427,SHP07427,Vessel-07427,Evergreen,Post-Panamax,4500,Singapore
SR07428,SHP07428,Vessel-07428,ONE,Ultra Large Container Vessel,6500,Liberia
SR07429,SHP07429,Vessel-07429,Maersk,Panamax,8500,Panama
SR07430,SHP07430,Vessel-07430,MSC,Post-Panamax,12000,Malta
SR07431,SHP07431,Vessel-07431,CMA CGM,Ultra Large Container Vessel,3000,India
SR07432,SHP07432,Vessel-07432,Hapag-Lloyd,Panamax,4500,Singapore
SR07433,SHP07433,Vessel-07433,Evergreen,Post-Panamax,6500,Liberia
SR07434,SHP07434,Vessel-07434,ONE,Ultra Large Container Vessel,8500,Panama
SR07435,SHP07435,Vessel-07435,Maersk,Panamax,12000,Malta
SR07436,SHP07436,Vessel-07436,MSC,Post-Panamax,3000,India
SR07437,SHP07437,Vessel-07437,CMA CGM,Ultra Large Container Vessel,4500,Singapore
SR07438,SHP07438,Vessel-07438,Hapag-Lloyd,Panamax,6500,Liberia
SR07439,SHP07439,Vessel-07439,Evergreen,Post-Panamax,8500,Panama
SR07440,SHP07440,Vessel-07440,ONE,Ultra Large Container Vessel,12000,Malta
SR07441,SHP07441,Vessel-07441,Maersk,Panamax,3000,India
SR07442,SHP07442,Vessel-07442,MSC,Post-Panamax,4500,Singapore
SR07443,SHP07443,Vessel-07443,CMA CGM,Ultra Large Container Vessel,6500,Liberia
SR07444,SHP07444,Vessel-07444,Hapag-Lloyd,Panamax,8500,Panama
SR07445,SHP07445,Vessel-07445,Evergreen,Post-Panamax,12000,Malta
SR07446,SHP07446,Vessel-07446,ONE,Ultra Large Container Vessel,3000,India
SR07447,SHP07447,Vessel-07447,Maersk,Panamax,4500,Singapore
SR07448,SHP07448,Vessel-07448,MSC,Post-Panamax,6500,Liberia
SR07449,SHP07449,Vessel-07449,CMA CGM,Ultra Large Container Vessel,8500,Panama
SR07450,SHP07450,Vessel-07450,Hapag-Lloyd,Panamax,12000,Malta
SR07451,SHP07451,Vessel-07451,Evergreen,Post-Panamax,3000,India
SR07452,SHP07452,Vessel-07452,ONE,Ultra Large Container Vessel,4500,Singapore
SR07453,SHP07453,Vessel-07453,Maersk,Panamax,6500,Liberia
SR07454,SHP07454,Vessel-07454,MSC,Post-Panamax,8500,Panama
SR07455,SHP07455,Vessel-07455,CMA CGM,Ultra Large Container Vessel,12000,Malta
SR07456,SHP07456,Vessel-07456,Hapag-Lloyd,Panamax,3000,India
SR07457,SHP07457,Vessel-07457,Evergreen,Post-Panamax,4500,Singapore
SR07458,SHP07458,Vessel-07458,ONE,Ultra Large Container Vessel,6500,Liberia
SR07459,SHP07459,Vessel-07459,Maersk,Panamax,8500,Panama
SR07460,SHP07460,Vessel-07460,MSC,Post-Panamax,12000,Malta
SR07461,SHP07461,Vessel-07461,CMA CGM,Ultra Large Container Vessel,3000,India
SR07462,SHP07462,Vessel-07462,Hapag-Lloyd,Panamax,4500,Singapore
SR07463,SHP07463,Vessel-07463,Evergreen,Post-Panamax,6500,Liberia
SR07464,SHP07464,Vessel-07464,ONE,Ultra Large Container Vessel,8500,Panama
SR07465,SHP07465,Vessel-07465,Maersk,Panamax,12000,Malta
SR07466,SHP07466,Vessel-07466,MSC,Post-Panamax,3000,India
SR07467,SHP07467,Vessel-07467,CMA CGM,Ultra Large Container Vessel,4500,Singapore
SR07468,SHP07468,Vessel-07468,Hapag-Lloyd,Panamax,6500,Liberia
SR07469,SHP07469,Vessel-07469,Evergreen,Post-Panamax,8500,Panama
SR07470,SHP07470,Vessel-07470,ONE,Ultra Large Container Vessel,12000,Malta
SR07471,SHP07471,Vessel-07471,Maersk,Panamax,3000,India
SR07472,SHP07472,Vessel-07472,MSC,Post-Panamax,4500,Singapore
SR07473,SHP07473,Vessel-07473,CMA CGM,Ultra Large Container Vessel,6500,Liberia
SR07474,SHP07474,Vessel-07474,Hapag-Lloyd,Panamax,8500,Panama
SR07475,SHP07475,Vessel-07475,Evergreen,Post-Panamax,12000,Malta
SR07476,SHP07476,Vessel-07476,ONE,Ultra Large Container Vessel,3000,India
SR07477,SHP07477,Vessel-07477,Maersk,Panamax,4500,Singapore
SR07478,SHP07478,Vessel-07478,MSC,Post-Panamax,6500,Liberia
SR07479,SHP07479,Vessel-07479,CMA CGM,Ultra Large Container Vessel,8500,Panama
SR07480,SHP07480,Vessel-07480,Hapag-Lloyd,Panamax,12000,Malta
SR07481,SHP07481,Vessel-07481,Evergreen,Post-Panamax,3000,India
SR07482,SHP07482,Vessel-07482,ONE,Ultra Large Container Vessel,4500,Singapore
SR07483,SHP07483,Vessel-07483,Maersk,Panamax,6500,Liberia
SR07484,SHP07484,Vessel-07484,MSC,Post-Panamax,8500,Panama
SR07485,SHP07485,Vessel-07485,CMA CGM,Ultra Large Container Vessel,12000,Malta
SR07486,SHP07486,Vessel-07486,Hapag-Lloyd,Panamax,3000,India
SR07487,SHP07487,Vessel-07487,Evergreen,Post-Panamax,4500,Singapore
SR07488,SHP07488,Vessel-07488,ONE,Ultra Large Container Vessel,6500,Liberia
SR07489,SHP07489,Vessel-07489,Maersk,Panamax,8500,Panama
SR07490,SHP07490,Vessel-07490,MSC,Post-Panamax,12000,Malta
SR07491,SHP07491,Vessel-07491,CMA CGM,Ultra Large Container Vessel,3000,India
SR07492,SHP07492,Vessel-07492,Hapag-Lloyd,Panamax,4500,Singapore
SR07493,SHP07493,Vessel-07493,Evergreen,Post-Panamax,6500,Liberia
SR07494,SHP07494,Vessel-07494,ONE,Ultra Large Container Vessel,8500,Panama
SR07495,SHP07495,Vessel-07495,Maersk,Panamax,12000,Malta
SR07496,SHP07496,Vessel-07496,MSC,Post-Panamax,3000,India
SR07497,SHP07497,Vessel-07497,CMA CGM,Ultra Large Container Vessel,4500,Singapore
SR07498,SHP07498,Vessel-07498,Hapag-Lloyd,Panamax,6500,Liberia
SR07499,SHP07499,Vessel-07499,Evergreen,Post-Panamax,8500,Panama
SR07500,SHP07500,Vessel-07500,ONE,Ultra Large Container Vessel,12000,Malta
SR07501,SHP07501,Vessel-07501,Maersk,Panamax,3000,India
SR07502,SHP07502,Vessel-07502,MSC,Post-Panamax,4500,Singapore
SR07503,SHP07503,Vessel-07503,CMA CGM,Ultra Large Container Vessel,6500,Liberia
SR07504,SHP07504,Vessel-07504,Hapag-Lloyd,Panamax,8500,Panama
SR07505,SHP07505,Vessel-07505,Evergreen,Post-Panamax,12000,Malta
SR07506,SHP07506,Vessel-07506,ONE,Ultra Large Container Vessel,3000,India
SR07507,SHP07507,Vessel-07507,Maersk,Panamax,4500,Singapore
SR07508,SHP07508,Vessel-07508,MSC,Post-Panamax,6500,Liberia
SR07509,SHP07509,Vessel-07509,CMA CGM,Ultra Large Container Vessel,8500,Panama
SR07510,SHP07510,Vessel-07510,Hapag-Lloyd,Panamax,12000,Malta
SR07511,SHP07511,Vessel-07511,Evergreen,Post-Panamax,3000,India
SR07512,SHP07512,Vessel-07512,ONE,Ultra Large Container Vessel,4500,Singapore
SR07513,SHP07513,Vessel-07513,Maersk,Panamax,6500,Liberia
SR07514,SHP07514,Vessel-07514,MSC,Post-Panamax,8500,Panama
SR07515,SHP07515,Vessel-07515,CMA CGM,Ultra Large Container Vessel,12000,Malta
SR07516,SHP07516,Vessel-07516,Hapag-Lloyd,Panamax,3000,India
SR07517,SHP07517,Vessel-07517,Evergreen,Post-Panamax,4500,Singapore
SR07518,SHP07518,Vessel-07518,ONE,Ultra Large Container Vessel,6500,Liberia
SR07519,SHP07519,Vessel-07519,Maersk,Panamax,8500,Panama
SR07520,SHP07520,Vessel-07520,MSC,Post-Panamax,12000,Malta
SR07521,SHP07521,Vessel-07521,CMA CGM,Ultra Large Container Vessel,3000,India
SR07522,SHP07522,Vessel-07522,Hapag-Lloyd,Panamax,4500,Singapore
SR07523,SHP07523,Vessel-07523,Evergreen,Post-Panamax,6500,Liberia
SR07524,SHP07524,Vessel-07524,ONE,Ultra Large Container Vessel,8500,Panama
SR07525,SHP07525,Vessel-07525,Maersk,Panamax,12000,Malta
SR07526,SHP07526,Vessel-07526,MSC,Post-Panamax,3000,India
SR07527,SHP07527,Vessel-07527,CMA CGM,Ultra Large Container Vessel,4500,Singapore
SR07528,SHP07528,Vessel-07528,Hapag-Lloyd,Panamax,6500,Liberia
SR07529,SHP07529,Vessel-07529,Evergreen,Post-Panamax,8500,Panama
SR07530,SHP07530,Vessel-07530,ONE,Ultra Large Container Vessel,12000,Malta
SR07531,SHP07531,Vessel-07531,Maersk,Panamax,3000,India
SR07532,SHP07532,Vessel-07532,MSC,Post-Panamax,4500,Singapore
SR07533,SHP07533,Vessel-07533,CMA CGM,Ultra Large Container Vessel,6500,Liberia
SR07534,SHP07534,Vessel-07534,Hapag-Lloyd,Panamax,8500,Panama
SR07535,SHP07535,Vessel-07535,Evergreen,Post-Panamax,12000,Malta
SR07536,SHP07536,Vessel-07536,ONE,Ultra Large Container Vessel,3000,India
SR07537,SHP07537,Vessel-07537,Maersk,Panamax,4500,Singapore
SR07538,SHP07538,Vessel-07538,MSC,Post-Panamax,6500,Liberia
SR07539,SHP07539,Vessel-07539,CMA CGM,Ultra Large Container Vessel,8500,Panama
SR07540,SHP07540,Vessel-07540,Hapag-Lloyd,Panamax,12000,Malta
SR07541,SHP07541,Vessel-07541,Evergreen,Post-Panamax,3000,India
SR07542,SHP07542,Vessel-07542,ONE,Ultra Large Container Vessel,4500,Singapore
SR07543,SHP07543,Vessel-07543,Maersk,Panamax,6500,Liberia
SR07544,SHP07544,Vessel-07544,MSC,Post-Panamax,8500,Panama
SR07545,SHP07545,Vessel-07545,CMA CGM,Ultra Large Container Vessel,12000,Malta
SR07546,SHP07546,Vessel-07546,Hapag-Lloyd,Panamax,3000,India
SR07547,SHP07547,Vessel-07547,Evergreen,Post-Panamax,4500,Singapore
SR07548,SHP07548,Vessel-07548,ONE,Ultra Large Container Vessel,6500,Liberia
SR07549,SHP07549,Vessel-07549,Maersk,Panamax,8500,Panama
SR07550,SHP07550,Vessel-07550,MSC,Post-Panamax,12000,Malta
SR07551,SHP07551,Vessel-07551,CMA CGM,Ultra Large Container Vessel,3000,India
SR07552,SHP07552,Vessel-07552,Hapag-Lloyd,Panamax,4500,Singapore
SR07553,SHP07553,Vessel-07553,Evergreen,Post-Panamax,6500,Liberia
SR07554,SHP07554,Vessel-07554,ONE,Ultra Large Container Vessel,8500,Panama
SR07555,SHP07555,Vessel-07555,Maersk,Panamax,12000,Malta
SR07556,SHP07556,Vessel-07556,MSC,Post-Panamax,3000,India
SR07557,SHP07557,Vessel-07557,CMA CGM,Ultra Large Container Vessel,4500,Singapore
SR07558,SHP07558,Vessel-07558,Hapag-Lloyd,Panamax,6500,Liberia
SR07559,SHP07559,Vessel-07559,Evergreen,Post-Panamax,8500,Panama
SR07560,SHP07560,Vessel-07560,ONE,Ultra Large Container Vessel,12000,Malta
SR07561,SHP07561,Vessel-07561,Maersk,Panamax,3000,India
SR07562,SHP07562,Vessel-07562,MSC,Post-Panamax,4500,Singapore
SR07563,SHP07563,Vessel-07563,CMA CGM,Ultra Large Container Vessel,6500,Liberia
SR07564,SHP07564,Vessel-07564,Hapag-Lloyd,Panamax,8500,Panama
SR07565,SHP07565,Vessel-07565,Evergreen,Post-Panamax,12000,Malta
SR07566,SHP07566,Vessel-07566,ONE,Ultra Large Container Vessel,3000,India
SR07567,SHP07567,Vessel-07567,Maersk,Panamax,4500,Singapore
SR07568,SHP07568,Vessel-07568,MSC,Post-Panamax,6500,Liberia
SR07569,SHP07569,Vessel-07569,CMA CGM,Ultra Large Container Vessel,8500,Panama
SR07570,SHP07570,Vessel-07570,Hapag-Lloyd,Panamax,12000,Malta
SR07571,SHP07571,Vessel-07571,Evergreen,Post-Panamax,3000,India
SR07572,SHP07572,Vessel-07572,ONE,Ultra Large Container Vessel,4500,Singapore
SR07573,SHP07573,Vessel-07573,Maersk,Panamax,6500,Liberia
SR07574,SHP07574,Vessel-07574,MSC,Post-Panamax,8500,Panama
SR07575,SHP07575,Vessel-07575,CMA CGM,Ultra Large Container Vessel,12000,Malta
SR07576,SHP07576,Vessel-07576,Hapag-Lloyd,Panamax,3000,India
SR07577,SHP07577,Vessel-07577,Evergreen,Post-Panamax,4500,Singapore
SR07578,SHP07578,Vessel-07578,ONE,Ultra Large Container Vessel,6500,Liberia
SR07579,SHP07579,Vessel-07579,Maersk,Panamax,8500,Panama
SR07580,SHP07580,Vessel-07580,MSC,Post-Panamax,12000,Malta
SR07581,SHP07581,Vessel-07581,CMA CGM,Ultra Large Container Vessel,3000,India
SR07582,SHP07582,Vessel-07582,Hapag-Lloyd,Panamax,4500,Singapore
SR07583,SHP07583,Vessel-07583,Evergreen,Post-Panamax,6500,Liberia
SR07584,SHP07584,Vessel-07584,ONE,Ultra Large Container Vessel,8500,Panama
SR07585,SHP07585,Vessel-07585,Maersk,Panamax,12000,Malta
SR07586,SHP07586,Vessel-07586,MSC,Post-Panamax,3000,India
SR07587,SHP07587,Vessel-07587,CMA CGM,Ultra Large Container Vessel,4500,Singapore
SR07588,SHP07588,Vessel-07588,Hapag-Lloyd,Panamax,6500,Liberia
SR07589,SHP07589,Vessel-07589,Evergreen,Post-Panamax,8500,Panama
SR07590,SHP07590,Vessel-07590,ONE,Ultra Large Container Vessel,12000,Malta
SR07591,SHP07591,Vessel-07591,Maersk,Panamax,3000,India
SR07592,SHP07592,Vessel-07592,MSC,Post-Panamax,4500,Singapore
SR07593,SHP07593,Vessel-07593,CMA CGM,Ultra Large Container Vessel,6500,Liberia
SR07594,SHP07594,Vessel-07594,Hapag-Lloyd,Panamax,8500,Panama
SR07595,SHP07595,Vessel-07595,Evergreen,Post-Panamax,12000,Malta
SR07596,SHP07596,Vessel-07596,ONE,Ultra Large Container Vessel,3000,India
SR07597,SHP07597,Vessel-07597,Maersk,Panamax,4500,Singapore
SR07598,SHP07598,Vessel-07598,MSC,Post-Panamax,6500,Liberia
SR07599,SHP07599,Vessel-07599,CMA CGM,Ultra Large Container Vessel,8500,Panama
SR07600,SHP07600,Vessel-07600,Hapag-Lloyd,Panamax,12000,Malta
SR07601,SHP07601,Vessel-07601,Evergreen,Post-Panamax,3000,India
SR07602,SHP07602,Vessel-07602,ONE,Ultra Large Container Vessel,4500,Singapore
SR07603,SHP07603,Vessel-07603,Maersk,Panamax,6500,Liberia
SR07604,SHP07604,Vessel-07604,MSC,Post-Panamax,8500,Panama
SR07605,SHP07605,Vessel-07605,CMA CGM,Ultra Large Container Vessel,12000,Malta
SR07606,SHP07606,Vessel-07606,Hapag-Lloyd,Panamax,3000,India
SR07607,SHP07607,Vessel-07607,Evergreen,Post-Panamax,4500,Singapore
SR07608,SHP07608,Vessel-07608,ONE,Ultra Large Container Vessel,6500,Liberia
SR07609,SHP07609,Vessel-07609,Maersk,Panamax,8500,Panama
SR07610,SHP07610,Vessel-07610,MSC,Post-Panamax,12000,Malta
SR07611,SHP07611,Vessel-07611,CMA CGM,Ultra Large Container Vessel,3000,India
SR07612,SHP07612,Vessel-07612,Hapag-Lloyd,Panamax,4500,Singapore
SR07613,SHP07613,Vessel-07613,Evergreen,Post-Panamax,6500,Liberia
SR07614,SHP07614,Vessel-07614,ONE,Ultra Large Container Vessel,8500,Panama
SR07615,SHP07615,Vessel-07615,Maersk,Panamax,12000,Malta
SR07616,SHP07616,Vessel-07616,MSC,Post-Panamax,3000,India
SR07617,SHP07617,Vessel-07617,CMA CGM,Ultra Large Container Vessel,4500,Singapore
SR07618,SHP07618,Vessel-07618,Hapag-Lloyd,Panamax,6500,Liberia
SR07619,SHP07619,Vessel-07619,Evergreen,Post-Panamax,8500,Panama
SR07620,SHP07620,Vessel-07620,ONE,Ultra Large Container Vessel,12000,Malta
SR07621,SHP07621,Vessel-07621,Maersk,Panamax,3000,India
SR07622,SHP07622,Vessel-07622,MSC,Post-Panamax,4500,Singapore
SR07623,SHP07623,Vessel-07623,CMA CGM,Ultra Large Container Vessel,6500,Liberia
SR07624,SHP07624,Vessel-07624,Hapag-Lloyd,Panamax,8500,Panama
SR07625,SHP07625,Vessel-07625,Evergreen,Post-Panamax,12000,Malta
SR07626,SHP07626,Vessel-07626,ONE,Ultra Large Container Vessel,3000,India
SR07627,SHP07627,Vessel-07627,Maersk,Panamax,4500,Singapore
SR07628,SHP07628,Vessel-07628,MSC,Post-Panamax,6500,Liberia
SR07629,SHP07629,Vessel-07629,CMA CGM,Ultra Large Container Vessel,8500,Panama
SR07630,SHP07630,Vessel-07630,Hapag-Lloyd,Panamax,12000,Malta
SR07631,SHP07631,Vessel-07631,Evergreen,Post-Panamax,3000,India
SR07632,SHP07632,Vessel-07632,ONE,Ultra Large Container Vessel,4500,Singapore
SR07633,SHP07633,Vessel-07633,Maersk,Panamax,6500,Liberia
SR07634,SHP07634,Vessel-07634,MSC,Post-Panamax,8500,Panama
SR07635,SHP07635,Vessel-07635,CMA CGM,Ultra Large Container Vessel,12000,Malta
SR07636,SHP07636,Vessel-07636,Hapag-Lloyd,Panamax,3000,India
SR07637,SHP07637,Vessel-07637,Evergreen,Post-Panamax,4500,Singapore
SR07638,SHP07638,Vessel-07638,ONE,Ultra Large Container Vessel,6500,Liberia
SR07639,SHP07639,Vessel-07639,Maersk,Panamax,8500,Panama
SR07640,SHP07640,Vessel-07640,MSC,Post-Panamax,12000,Malta
SR07641,SHP07641,Vessel-07641,CMA CGM,Ultra Large Container Vessel,3000,India
SR07642,SHP07642,Vessel-07642,Hapag-Lloyd,Panamax,4500,Singapore
SR07643,SHP07643,Vessel-07643,Evergreen,Post-Panamax,6500,Liberia
SR07644,SHP07644,Vessel-07644,ONE,Ultra Large Container Vessel,8500,Panama
SR07645,SHP07645,Vessel-07645,Maersk,Panamax,12000,Malta
SR07646,SHP07646,Vessel-07646,MSC,Post-Panamax,3000,India
SR07647,SHP07647,Vessel-07647,CMA CGM,Ultra Large Container Vessel,4500,Singapore
SR07648,SHP07648,Vessel-07648,Hapag-Lloyd,Panamax,6500,Liberia
SR07649,SHP07649,Vessel-07649,Evergreen,Post-Panamax,8500,Panama
SR07650,SHP07650,Vessel-07650,ONE,Ultra Large Container Vessel,12000,Malta
SR07651,SHP07651,Vessel-07651,Maersk,Panamax,3000,India
SR07652,SHP07652,Vessel-07652,MSC,Post-Panamax,4500,Singapore
SR07653,SHP07653,Vessel-07653,CMA CGM,Ultra Large Container Vessel,6500,Liberia
SR07654,SHP07654,Vessel-07654,Hapag-Lloyd,Panamax,8500,Panama
SR07655,SHP07655,Vessel-07655,Evergreen,Post-Panamax,12000,Malta
SR07656,SHP07656,Vessel-07656,ONE,Ultra Large Container Vessel,3000,India
SR07657,SHP07657,Vessel-07657,Maersk,Panamax,4500,Singapore
SR07658,SHP07658,Vessel-07658,MSC,Post-Panamax,6500,Liberia
SR07659,SHP07659,Vessel-07659,CMA CGM,Ultra Large Container Vessel,8500,Panama
SR07660,SHP07660,Vessel-07660,Hapag-Lloyd,Panamax,12000,Malta
SR07661,SHP07661,Vessel-07661,Evergreen,Post-Panamax,3000,India
SR07662,SHP07662,Vessel-07662,ONE,Ultra Large Container Vessel,4500,Singapore
SR07663,SHP07663,Vessel-07663,Maersk,Panamax,6500,Liberia
SR07664,SHP07664,Vessel-07664,MSC,Post-Panamax,8500,Panama
SR07665,SHP07665,Vessel-07665,CMA CGM,Ultra Large Container Vessel,12000,Malta
SR07666,SHP07666,Vessel-07666,Hapag-Lloyd,Panamax,3000,India
SR07667,SHP07667,Vessel-07667,Evergreen,Post-Panamax,4500,Singapore
SR07668,SHP07668,Vessel-07668,ONE,Ultra Large Container Vessel,6500,Liberia
SR07669,SHP07669,Vessel-07669,Maersk,Panamax,8500,Panama
SR07670,SHP07670,Vessel-07670,MSC,Post-Panamax,12000,Malta
SR07671,SHP07671,Vessel-07671,CMA CGM,Ultra Large Container Vessel,3000,India
SR07672,SHP07672,Vessel-07672,Hapag-Lloyd,Panamax,4500,Singapore
SR07673,SHP07673,Vessel-07673,Evergreen,Post-Panamax,6500,Liberia
SR07674,SHP07674,Vessel-07674,ONE,Ultra Large Container Vessel,8500,Panama
SR07675,SHP07675,Vessel-07675,Maersk,Panamax,12000,Malta
SR07676,SHP07676,Vessel-07676,MSC,Post-Panamax,3000,India
SR07677,SHP07677,Vessel-07677,CMA CGM,Ultra Large Container Vessel,4500,Singapore
SR07678,SHP07678,Vessel-07678,Hapag-Lloyd,Panamax,6500,Liberia
SR07679,SHP07679,Vessel-07679,Evergreen,Post-Panamax,8500,Panama
SR07680,SHP07680,Vessel-07680,ONE,Ultra Large Container Vessel,12000,Malta
SR07681,SHP07681,Vessel-07681,Maersk,Panamax,3000,India
SR07682,SHP07682,Vessel-07682,MSC,Post-Panamax,4500,Singapore
SR07683,SHP07683,Vessel-07683,CMA CGM,Ultra Large Container Vessel,6500,Liberia
SR07684,SHP07684,Vessel-07684,Hapag-Lloyd,Panamax,8500,Panama
SR07685,SHP07685,Vessel-07685,Evergreen,Post-Panamax,12000,Malta
SR07686,SHP07686,Vessel-07686,ONE,Ultra Large Container Vessel,3000,India
SR07687,SHP07687,Vessel-07687,Maersk,Panamax,4500,Singapore
SR07688,SHP07688,Vessel-07688,MSC,Post-Panamax,6500,Liberia
SR07689,SHP07689,Vessel-07689,CMA CGM,Ultra Large Container Vessel,8500,Panama
SR07690,SHP07690,Vessel-07690,Hapag-Lloyd,Panamax,12000,Malta
SR07691,SHP07691,Vessel-07691,Evergreen,Post-Panamax,3000,India
SR07692,SHP07692,Vessel-07692,ONE,Ultra Large Container Vessel,4500,Singapore
SR07693,SHP07693,Vessel-07693,Maersk,Panamax,6500,Liberia
SR07694,SHP07694,Vessel-07694,MSC,Post-Panamax,8500,Panama
SR07695,SHP07695,Vessel-07695,CMA CGM,Ultra Large Container Vessel,12000,Malta
SR07696,SHP07696,Vessel-07696,Hapag-Lloyd,Panamax,3000,India
SR07697,SHP07697,Vessel-07697,Evergreen,Post-Panamax,4500,Singapore
SR07698,SHP07698,Vessel-07698,ONE,Ultra Large Container Vessel,6500,Liberia
SR07699,SHP07699,Vessel-07699,Maersk,Panamax,8500,Panama
SR07700,SHP07700,Vessel-07700,MSC,Post-Panamax,12000,Malta
SR07701,SHP07701,Vessel-07701,CMA CGM,Ultra Large Container Vessel,3000,India
SR07702,SHP07702,Vessel-07702,Hapag-Lloyd,Panamax,4500,Singapore
SR07703,SHP07703,Vessel-07703,Evergreen,Post-Panamax,6500,Liberia
SR07704,SHP07704,Vessel-07704,ONE,Ultra Large Container Vessel,8500,Panama
SR07705,SHP07705,Vessel-07705,Maersk,Panamax,12000,Malta
SR07706,SHP07706,Vessel-07706,MSC,Post-Panamax,3000,India
SR07707,SHP07707,Vessel-07707,CMA CGM,Ultra Large Container Vessel,4500,Singapore
SR07708,SHP07708,Vessel-07708,Hapag-Lloyd,Panamax,6500,Liberia
SR07709,SHP07709,Vessel-07709,Evergreen,Post-Panamax,8500,Panama
SR07710,SHP07710,Vessel-07710,ONE,Ultra Large Container Vessel,12000,Malta
SR07711,SHP07711,Vessel-07711,Maersk,Panamax,3000,India
SR07712,SHP07712,Vessel-07712,MSC,Post-Panamax,4500,Singapore
SR07713,SHP07713,Vessel-07713,CMA CGM,Ultra Large Container Vessel,6500,Liberia
SR07714,SHP07714,Vessel-07714,Hapag-Lloyd,Panamax,8500,Panama
SR07715,SHP07715,Vessel-07715,Evergreen,Post-Panamax,12000,Malta
SR07716,SHP07716,Vessel-07716,ONE,Ultra Large Container Vessel,3000,India
SR07717,SHP07717,Vessel-07717,Maersk,Panamax,4500,Singapore
SR07718,SHP07718,Vessel-07718,MSC,Post-Panamax,6500,Liberia
SR07719,SHP07719,Vessel-07719,CMA CGM,Ultra Large Container Vessel,8500,Panama
SR07720,SHP07720,Vessel-07720,Hapag-Lloyd,Panamax,12000,Malta
SR07721,SHP07721,Vessel-07721,Evergreen,Post-Panamax,3000,India
SR07722,SHP07722,Vessel-07722,ONE,Ultra Large Container Vessel,4500,Singapore
SR07723,SHP07723,Vessel-07723,Maersk,Panamax,6500,Liberia
SR07724,SHP07724,Vessel-07724,MSC,Post-Panamax,8500,Panama
SR07725,SHP07725,Vessel-07725,CMA CGM,Ultra Large Container Vessel,12000,Malta
SR07726,SHP07726,Vessel-07726,Hapag-Lloyd,Panamax,3000,India
SR07727,SHP07727,Vessel-07727,Evergreen,Post-Panamax,4500,Singapore
SR07728,SHP07728,Vessel-07728,ONE,Ultra Large Container Vessel,6500,Liberia
SR07729,SHP07729,Vessel-07729,Maersk,Panamax,8500,Panama
SR07730,SHP07730,Vessel-07730,MSC,Post-Panamax,12000,Malta
SR07731,SHP07731,Vessel-07731,CMA CGM,Ultra Large Container Vessel,3000,India
SR07732,SHP07732,Vessel-07732,Hapag-Lloyd,Panamax,4500,Singapore
SR07733,SHP07733,Vessel-07733,Evergreen,Post-Panamax,6500,Liberia
SR07734,SHP07734,Vessel-07734,ONE,Ultra Large Container Vessel,8500,Panama
SR07735,SHP07735,Vessel-07735,Maersk,Panamax,12000,Malta
SR07736,SHP07736,Vessel-07736,MSC,Post-Panamax,3000,India
SR07737,SHP07737,Vessel-07737,CMA CGM,Ultra Large Container Vessel,4500,Singapore
SR07738,SHP07738,Vessel-07738,Hapag-Lloyd,Panamax,6500,Liberia
SR07739,SHP07739,Vessel-07739,Evergreen,Post-Panamax,8500,Panama
SR07740,SHP07740,Vessel-07740,ONE,Ultra Large Container Vessel,12000,Malta
SR07741,SHP07741,Vessel-07741,Maersk,Panamax,3000,India
SR07742,SHP07742,Vessel-07742,MSC,Post-Panamax,4500,Singapore
SR07743,SHP07743,Vessel-07743,CMA CGM,Ultra Large Container Vessel,6500,Liberia
SR07744,SHP07744,Vessel-07744,Hapag-Lloyd,Panamax,8500,Panama
SR07745,SHP07745,Vessel-07745,Evergreen,Post-Panamax,12000,Malta
SR07746,SHP07746,Vessel-07746,ONE,Ultra Large Container Vessel,3000,India
SR07747,SHP07747,Vessel-07747,Maersk,Panamax,4500,Singapore
SR07748,SHP07748,Vessel-07748,MSC,Post-Panamax,6500,Liberia
SR07749,SHP07749,Vessel-07749,CMA CGM,Ultra Large Container Vessel,8500,Panama
SR07750,SHP07750,Vessel-07750,Hapag-Lloyd,Panamax,12000,Malta
SR07751,SHP07751,Vessel-07751,Evergreen,Post-Panamax,3000,India
SR07752,SHP07752,Vessel-07752,ONE,Ultra Large Container Vessel,4500,Singapore
SR07753,SHP07753,Vessel-07753,Maersk,Panamax,6500,Liberia
SR07754,SHP07754,Vessel-07754,MSC,Post-Panamax,8500,Panama
SR07755,SHP07755,Vessel-07755,CMA CGM,Ultra Large Container Vessel,12000,Malta
SR07756,SHP07756,Vessel-07756,Hapag-Lloyd,Panamax,3000,India
SR07757,SHP07757,Vessel-07757,Evergreen,Post-Panamax,4500,Singapore
SR07758,SHP07758,Vessel-07758,ONE,Ultra Large Container Vessel,6500,Liberia
SR07759,SHP07759,Vessel-07759,Maersk,Panamax,8500,Panama
SR07760,SHP07760,Vessel-07760,MSC,Post-Panamax,12000,Malta
SR07761,SHP07761,Vessel-07761,CMA CGM,Ultra Large Container Vessel,3000,India
SR07762,SHP07762,Vessel-07762,Hapag-Lloyd,Panamax,4500,Singapore
SR07763,SHP07763,Vessel-07763,Evergreen,Post-Panamax,6500,Liberia
SR07764,SHP07764,Vessel-07764,ONE,Ultra Large Container Vessel,8500,Panama
SR07765,SHP07765,Vessel-07765,Maersk,Panamax,12000,Malta
SR07766,SHP07766,Vessel-07766,MSC,Post-Panamax,3000,India
SR07767,SHP07767,Vessel-07767,CMA CGM,Ultra Large Container Vessel,4500,Singapore
SR07768,SHP07768,Vessel-07768,Hapag-Lloyd,Panamax,6500,Liberia
SR07769,SHP07769,Vessel-07769,Evergreen,Post-Panamax,8500,Panama
SR07770,SHP07770,Vessel-07770,ONE,Ultra Large Container Vessel,12000,Malta
SR07771,SHP07771,Vessel-07771,Maersk,Panamax,3000,India
SR07772,SHP07772,Vessel-07772,MSC,Post-Panamax,4500,Singapore
SR07773,SHP07773,Vessel-07773,CMA CGM,Ultra Large Container Vessel,6500,Liberia
SR07774,SHP07774,Vessel-07774,Hapag-Lloyd,Panamax,8500,Panama
SR07775,SHP07775,Vessel-07775,Evergreen,Post-Panamax,12000,Malta
SR07776,SHP07776,Vessel-07776,ONE,Ultra Large Container Vessel,3000,India
SR07777,SHP07777,Vessel-07777,Maersk,Panamax,4500,Singapore
SR07778,SHP07778,Vessel-07778,MSC,Post-Panamax,6500,Liberia
SR07779,SHP07779,Vessel-07779,CMA CGM,Ultra Large Container Vessel,8500,Panama
SR07780,SHP07780,Vessel-07780,Hapag-Lloyd,Panamax,12000,Malta
SR07781,SHP07781,Vessel-07781,Evergreen,Post-Panamax,3000,India
SR07782,SHP07782,Vessel-07782,ONE,Ultra Large Container Vessel,4500,Singapore
SR07783,SHP07783,Vessel-07783,Maersk,Panamax,6500,Liberia
SR07784,SHP07784,Vessel-07784,MSC,Post-Panamax,8500,Panama
SR07785,SHP07785,Vessel-07785,CMA CGM,Ultra Large Container Vessel,12000,Malta
SR07786,SHP07786,Vessel-07786,Hapag-Lloyd,Panamax,3000,India
SR07787,SHP07787,Vessel-07787,Evergreen,Post-Panamax,4500,Singapore
SR07788,SHP07788,Vessel-07788,ONE,Ultra Large Container Vessel,6500,Liberia
SR07789,SHP07789,Vessel-07789,Maersk,Panamax,8500,Panama
SR07790,SHP07790,Vessel-07790,MSC,Post-Panamax,12000,Malta
SR07791,SHP07791,Vessel-07791,CMA CGM,Ultra Large Container Vessel,3000,India
SR07792,SHP07792,Vessel-07792,Hapag-Lloyd,Panamax,4500,Singapore
SR07793,SHP07793,Vessel-07793,Evergreen,Post-Panamax,6500,Liberia
SR07794,SHP07794,Vessel-07794,ONE,Ultra Large Container Vessel,8500,Panama
SR07795,SHP07795,Vessel-07795,Maersk,Panamax,12000,Malta
SR07796,SHP07796,Vessel-07796,MSC,Post-Panamax,3000,India
SR07797,SHP07797,Vessel-07797,CMA CGM,Ultra Large Container Vessel,4500,Singapore
SR07798,SHP07798,Vessel-07798,Hapag-Lloyd,Panamax,6500,Liberia
SR07799,SHP07799,Vessel-07799,Evergreen,Post-Panamax,8500,Panama
SR07800,SHP07800,Vessel-07800,ONE,Ultra Large Container Vessel,12000,Malta
SR07801,SHP07801,Vessel-07801,Maersk,Panamax,3000,India
SR07802,SHP07802,Vessel-07802,MSC,Post-Panamax,4500,Singapore
SR07803,SHP07803,Vessel-07803,CMA CGM,Ultra Large Container Vessel,6500,Liberia
SR07804,SHP07804,Vessel-07804,Hapag-Lloyd,Panamax,8500,Panama
SR07805,SHP07805,Vessel-07805,Evergreen,Post-Panamax,12000,Malta
SR07806,SHP07806,Vessel-07806,ONE,Ultra Large Container Vessel,3000,India
SR07807,SHP07807,Vessel-07807,Maersk,Panamax,4500,Singapore
SR07808,SHP07808,Vessel-07808,MSC,Post-Panamax,6500,Liberia
SR07809,SHP07809,Vessel-07809,CMA CGM,Ultra Large Container Vessel,8500,Panama
SR07810,SHP07810,Vessel-07810,Hapag-Lloyd,Panamax,12000,Malta
SR07811,SHP07811,Vessel-07811,Evergreen,Post-Panamax,3000,India
SR07812,SHP07812,Vessel-07812,ONE,Ultra Large Container Vessel,4500,Singapore
SR07813,SHP07813,Vessel-07813,Maersk,Panamax,6500,Liberia
SR07814,SHP07814,Vessel-07814,MSC,Post-Panamax,8500,Panama
SR07815,SHP07815,Vessel-07815,CMA CGM,Ultra Large Container Vessel,12000,Malta
SR07816,SHP07816,Vessel-07816,Hapag-Lloyd,Panamax,3000,India
SR07817,SHP07817,Vessel-07817,Evergreen,Post-Panamax,4500,Singapore
SR07818,SHP07818,Vessel-07818,ONE,Ultra Large Container Vessel,6500,Liberia
SR07819,SHP07819,Vessel-07819,Maersk,Panamax,8500,Panama
SR07820,SHP07820,Vessel-07820,MSC,Post-Panamax,12000,Malta
SR07821,SHP07821,Vessel-07821,CMA CGM,Ultra Large Container Vessel,3000,India
SR07822,SHP07822,Vessel-07822,Hapag-Lloyd,Panamax,4500,Singapore
SR07823,SHP07823,Vessel-07823,Evergreen,Post-Panamax,6500,Liberia
SR07824,SHP07824,Vessel-07824,ONE,Ultra Large Container Vessel,8500,Panama
SR07825,SHP07825,Vessel-07825,Maersk,Panamax,12000,Malta
SR07826,SHP07826,Vessel-07826,MSC,Post-Panamax,3000,India
SR07827,SHP07827,Vessel-07827,CMA CGM,Ultra Large Container Vessel,4500,Singapore
SR07828,SHP07828,Vessel-07828,Hapag-Lloyd,Panamax,6500,Liberia
SR07829,SHP07829,Vessel-07829,Evergreen,Post-Panamax,8500,Panama
SR07830,SHP07830,Vessel-07830,ONE,Ultra Large Container Vessel,12000,Malta
SR07831,SHP07831,Vessel-07831,Maersk,Panamax,3000,India
SR07832,SHP07832,Vessel-07832,MSC,Post-Panamax,4500,Singapore
SR07833,SHP07833,Vessel-07833,CMA CGM,Ultra Large Container Vessel,6500,Liberia
SR07834,SHP07834,Vessel-07834,Hapag-Lloyd,Panamax,8500,Panama
SR07835,SHP07835,Vessel-07835,Evergreen,Post-Panamax,12000,Malta
SR07836,SHP07836,Vessel-07836,ONE,Ultra Large Container Vessel,3000,India
SR07837,SHP07837,Vessel-07837,Maersk,Panamax,4500,Singapore
SR07838,SHP07838,Vessel-07838,MSC,Post-Panamax,6500,Liberia
SR07839,SHP07839,Vessel-07839,CMA CGM,Ultra Large Container Vessel,8500,Panama
SR07840,SHP07840,Vessel-07840,Hapag-Lloyd,Panamax,12000,Malta
SR07841,SHP07841,Vessel-07841,Evergreen,Post-Panamax,3000,India
SR07842,SHP07842,Vessel-07842,ONE,Ultra Large Container Vessel,4500,Singapore
SR07843,SHP07843,Vessel-07843,Maersk,Panamax,6500,Liberia
SR07844,SHP07844,Vessel-07844,MSC,Post-Panamax,8500,Panama
SR07845,SHP07845,Vessel-07845,CMA CGM,Ultra Large Container Vessel,12000,Malta
SR07846,SHP07846,Vessel-07846,Hapag-Lloyd,Panamax,3000,India
SR07847,SHP07847,Vessel-07847,Evergreen,Post-Panamax,4500,Singapore
SR07848,SHP07848,Vessel-07848,ONE,Ultra Large Container Vessel,6500,Liberia
SR07849,SHP07849,Vessel-07849,Maersk,Panamax,8500,Panama
SR07850,SHP07850,Vessel-07850,MSC,Post-Panamax,12000,Malta
SR07851,SHP07851,Vessel-07851,CMA CGM,Ultra Large Container Vessel,3000,India
SR07852,SHP07852,Vessel-07852,Hapag-Lloyd,Panamax,4500,Singapore
SR07853,SHP07853,Vessel-07853,Evergreen,Post-Panamax,6500,Liberia
SR07854,SHP07854,Vessel-07854,ONE,Ultra Large Container Vessel,8500,Panama
SR07855,SHP07855,Vessel-07855,Maersk,Panamax,12000,Malta
SR07856,SHP07856,Vessel-07856,MSC,Post-Panamax,3000,India
SR07857,SHP07857,Vessel-07857,CMA CGM,Ultra Large Container Vessel,4500,Singapore
SR07858,SHP07858,Vessel-07858,Hapag-Lloyd,Panamax,6500,Liberia
SR07859,SHP07859,Vessel-07859,Evergreen,Post-Panamax,8500,Panama
SR07860,SHP07860,Vessel-07860,ONE,Ultra Large Container Vessel,12000,Malta
SR07861,SHP07861,Vessel-07861,Maersk,Panamax,3000,India
SR07862,SHP07862,Vessel-07862,MSC,Post-Panamax,4500,Singapore
SR07863,SHP07863,Vessel-07863,CMA CGM,Ultra Large Container Vessel,6500,Liberia
SR07864,SHP07864,Vessel-07864,Hapag-Lloyd,Panamax,8500,Panama
SR07865,SHP07865,Vessel-07865,Evergreen,Post-Panamax,12000,Malta
SR07866,SHP07866,Vessel-07866,ONE,Ultra Large Container Vessel,3000,India
SR07867,SHP07867,Vessel-07867,Maersk,Panamax,4500,Singapore
SR07868,SHP07868,Vessel-07868,MSC,Post-Panamax,6500,Liberia
SR07869,SHP07869,Vessel-07869,CMA CGM,Ultra Large Container Vessel,8500,Panama
SR07870,SHP07870,Vessel-07870,Hapag-Lloyd,Panamax,12000,Malta
SR07871,SHP07871,Vessel-07871,Evergreen,Post-Panamax,3000,India
SR07872,SHP07872,Vessel-07872,ONE,Ultra Large Container Vessel,4500,Singapore
SR07873,SHP07873,Vessel-07873,Maersk,Panamax,6500,Liberia
SR07874,SHP07874,Vessel-07874,MSC,Post-Panamax,8500,Panama
SR07875,SHP07875,Vessel-07875,CMA CGM,Ultra Large Container Vessel,12000,Malta
SR07876,SHP07876,Vessel-07876,Hapag-Lloyd,Panamax,3000,India
SR07877,SHP07877,Vessel-07877,Evergreen,Post-Panamax,4500,Singapore
SR07878,SHP07878,Vessel-07878,ONE,Ultra Large Container Vessel,6500,Liberia
SR07879,SHP07879,Vessel-07879,Maersk,Panamax,8500,Panama
SR07880,SHP07880,Vessel-07880,MSC,Post-Panamax,12000,Malta
SR07881,SHP07881,Vessel-07881,CMA CGM,Ultra Large Container Vessel,3000,India
SR07882,SHP07882,Vessel-07882,Hapag-Lloyd,Panamax,4500,Singapore
SR07883,SHP07883,Vessel-07883,Evergreen,Post-Panamax,6500,Liberia
SR07884,SHP07884,Vessel-07884,ONE,Ultra Large Container Vessel,8500,Panama
SR07885,SHP07885,Vessel-07885,Maersk,Panamax,12000,Malta
SR07886,SHP07886,Vessel-07886,MSC,Post-Panamax,3000,India
SR07887,SHP07887,Vessel-07887,CMA CGM,Ultra Large Container Vessel,4500,Singapore
SR07888,SHP07888,Vessel-07888,Hapag-Lloyd,Panamax,6500,Liberia
SR07889,SHP07889,Vessel-07889,Evergreen,Post-Panamax,8500,Panama
SR07890,SHP07890,Vessel-07890,ONE,Ultra Large Container Vessel,12000,Malta
SR07891,SHP07891,Vessel-07891,Maersk,Panamax,3000,India
SR07892,SHP07892,Vessel-07892,MSC,Post-Panamax,4500,Singapore
SR07893,SHP07893,Vessel-07893,CMA CGM,Ultra Large Container Vessel,6500,Liberia
SR07894,SHP07894,Vessel-07894,Hapag-Lloyd,Panamax,8500,Panama
SR07895,SHP07895,Vessel-07895,Evergreen,Post-Panamax,12000,Malta
SR07896,SHP07896,Vessel-07896,ONE,Ultra Large Container Vessel,3000,India
SR07897,SHP07897,Vessel-07897,Maersk,Panamax,4500,Singapore
SR07898,SHP07898,Vessel-07898,MSC,Post-Panamax,6500,Liberia
SR07899,SHP07899,Vessel-07899,CMA CGM,Ultra Large Container Vessel,8500,Panama
SR07900,SHP07900,Vessel-07900,Hapag-Lloyd,Panamax,12000,Malta
SR07901,SHP07901,Vessel-07901,Evergreen,Post-Panamax,3000,India
SR07902,SHP07902,Vessel-07902,ONE,Ultra Large Container Vessel,4500,Singapore
SR07903,SHP07903,Vessel-07903,Maersk,Panamax,6500,Liberia
SR07904,SHP07904,Vessel-07904,MSC,Post-Panamax,8500,Panama
SR07905,SHP07905,Vessel-07905,CMA CGM,Ultra Large Container Vessel,12000,Malta
SR07906,SHP07906,Vessel-07906,Hapag-Lloyd,Panamax,3000,India
SR07907,SHP07907,Vessel-07907,Evergreen,Post-Panamax,4500,Singapore
SR07908,SHP07908,Vessel-07908,ONE,Ultra Large Container Vessel,6500,Liberia
SR07909,SHP07909,Vessel-07909,Maersk,Panamax,8500,Panama
SR07910,SHP07910,Vessel-07910,MSC,Post-Panamax,12000,Malta
SR07911,SHP07911,Vessel-07911,CMA CGM,Ultra Large Container Vessel,3000,India
SR07912,SHP07912,Vessel-07912,Hapag-Lloyd,Panamax,4500,Singapore
SR07913,SHP07913,Vessel-07913,Evergreen,Post-Panamax,6500,Liberia
SR07914,SHP07914,Vessel-07914,ONE,Ultra Large Container Vessel,8500,Panama
SR07915,SHP07915,Vessel-07915,Maersk,Panamax,12000,Malta
SR07916,SHP07916,Vessel-07916,MSC,Post-Panamax,3000,India
SR07917,SHP07917,Vessel-07917,CMA CGM,Ultra Large Container Vessel,4500,Singapore
SR07918,SHP07918,Vessel-07918,Hapag-Lloyd,Panamax,6500,Liberia
SR07919,SHP07919,Vessel-07919,Evergreen,Post-Panamax,8500,Panama
SR07920,SHP07920,Vessel-07920,ONE,Ultra Large Container Vessel,12000,Malta
SR07921,SHP07921,Vessel-07921,Maersk,Panamax,3000,India
SR07922,SHP07922,Vessel-07922,MSC,Post-Panamax,4500,Singapore
SR07923,SHP07923,Vessel-07923,CMA CGM,Ultra Large Container Vessel,6500,Liberia
SR07924,SHP07924,Vessel-07924,Hapag-Lloyd,Panamax,8500,Panama
SR07925,SHP07925,Vessel-07925,Evergreen,Post-Panamax,12000,Malta
SR07926,SHP07926,Vessel-07926,ONE,Ultra Large Container Vessel,3000,India
SR07927,SHP07927,Vessel-07927,Maersk,Panamax,4500,Singapore
SR07928,SHP07928,Vessel-07928,MSC,Post-Panamax,6500,Liberia
SR07929,SHP07929,Vessel-07929,CMA CGM,Ultra Large Container Vessel,8500,Panama
SR07930,SHP07930,Vessel-07930,Hapag-Lloyd,Panamax,12000,Malta
SR07931,SHP07931,Vessel-07931,Evergreen,Post-Panamax,3000,India
SR07932,SHP07932,Vessel-07932,ONE,Ultra Large Container Vessel,4500,Singapore
SR07933,SHP07933,Vessel-07933,Maersk,Panamax,6500,Liberia
SR07934,SHP07934,Vessel-07934,MSC,Post-Panamax,8500,Panama
SR07935,SHP07935,Vessel-07935,CMA CGM,Ultra Large Container Vessel,12000,Malta
SR07936,SHP07936,Vessel-07936,Hapag-Lloyd,Panamax,3000,India
SR07937,SHP07937,Vessel-07937,Evergreen,Post-Panamax,4500,Singapore
SR07938,SHP07938,Vessel-07938,ONE,Ultra Large Container Vessel,6500,Liberia
SR07939,SHP07939,Vessel-07939,Maersk,Panamax,8500,Panama
SR07940,SHP07940,Vessel-07940,MSC,Post-Panamax,12000,Malta
SR07941,SHP07941,Vessel-07941,CMA CGM,Ultra Large Container Vessel,3000,India
SR07942,SHP07942,Vessel-07942,Hapag-Lloyd,Panamax,4500,Singapore
SR07943,SHP07943,Vessel-07943,Evergreen,Post-Panamax,6500,Liberia
SR07944,SHP07944,Vessel-07944,ONE,Ultra Large Container Vessel,8500,Panama
SR07945,SHP07945,Vessel-07945,Maersk,Panamax,12000,Malta
SR07946,SHP07946,Vessel-07946,MSC,Post-Panamax,3000,India
SR07947,SHP07947,Vessel-07947,CMA CGM,Ultra Large Container Vessel,4500,Singapore
SR07948,SHP07948,Vessel-07948,Hapag-Lloyd,Panamax,6500,Liberia
SR07949,SHP07949,Vessel-07949,Evergreen,Post-Panamax,8500,Panama
SR07950,SHP07950,Vessel-07950,ONE,Ultra Large Container Vessel,12000,Malta
SR07951,SHP07951,Vessel-07951,Maersk,Panamax,3000,India
SR07952,SHP07952,Vessel-07952,MSC,Post-Panamax,4500,Singapore
SR07953,SHP07953,Vessel-07953,CMA CGM,Ultra Large Container Vessel,6500,Liberia
SR07954,SHP07954,Vessel-07954,Hapag-Lloyd,Panamax,8500,Panama
SR07955,SHP07955,Vessel-07955,Evergreen,Post-Panamax,12000,Malta
SR07956,SHP07956,Vessel-07956,ONE,Ultra Large Container Vessel,3000,India
SR07957,SHP07957,Vessel-07957,Maersk,Panamax,4500,Singapore
SR07958,SHP07958,Vessel-07958,MSC,Post-Panamax,6500,Liberia
SR07959,SHP07959,Vessel-07959,CMA CGM,Ultra Large Container Vessel,8500,Panama
SR07960,SHP07960,Vessel-07960,Hapag-Lloyd,Panamax,12000,Malta
SR07961,SHP07961,Vessel-07961,Evergreen,Post-Panamax,3000,India
SR07962,SHP07962,Vessel-07962,ONE,Ultra Large Container Vessel,4500,Singapore
SR07963,SHP07963,Vessel-07963,Maersk,Panamax,6500,Liberia
SR07964,SHP07964,Vessel-07964,MSC,Post-Panamax,8500,Panama
SR07965,SHP07965,Vessel-07965,CMA CGM,Ultra Large Container Vessel,12000,Malta
SR07966,SHP07966,Vessel-07966,Hapag-Lloyd,Panamax,3000,India
SR07967,SHP07967,Vessel-07967,Evergreen,Post-Panamax,4500,Singapore
SR07968,SHP07968,Vessel-07968,ONE,Ultra Large Container Vessel,6500,Liberia
SR07969,SHP07969,Vessel-07969,Maersk,Panamax,8500,Panama
SR07970,SHP07970,Vessel-07970,MSC,Post-Panamax,12000,Malta
SR07971,SHP07971,Vessel-07971,CMA CGM,Ultra Large Container Vessel,3000,India
SR07972,SHP07972,Vessel-07972,Hapag-Lloyd,Panamax,4500,Singapore
SR07973,SHP07973,Vessel-07973,Evergreen,Post-Panamax,6500,Liberia
SR07974,SHP07974,Vessel-07974,ONE,Ultra Large Container Vessel,8500,Panama
SR07975,SHP07975,Vessel-07975,Maersk,Panamax,12000,Malta
SR07976,SHP07976,Vessel-07976,MSC,Post-Panamax,3000,India
SR07977,SHP07977,Vessel-07977,CMA CGM,Ultra Large Container Vessel,4500,Singapore
SR07978,SHP07978,Vessel-07978,Hapag-Lloyd,Panamax,6500,Liberia
SR07979,SHP07979,Vessel-07979,Evergreen,Post-Panamax,8500,Panama
SR07980,SHP07980,Vessel-07980,ONE,Ultra Large Container Vessel,12000,Malta
SR07981,SHP07981,Vessel-07981,Maersk,Panamax,3000,India
SR07982,SHP07982,Vessel-07982,MSC,Post-Panamax,4500,Singapore
SR07983,SHP07983,Vessel-07983,CMA CGM,Ultra Large Container Vessel,6500,Liberia
SR07984,SHP07984,Vessel-07984,Hapag-Lloyd,Panamax,8500,Panama
SR07985,SHP07985,Vessel-07985,Evergreen,Post-Panamax,12000,Malta
SR07986,SHP07986,Vessel-07986,ONE,Ultra Large Container Vessel,3000,India
SR07987,SHP07987,Vessel-07987,Maersk,Panamax,4500,Singapore
SR07988,SHP07988,Vessel-07988,MSC,Post-Panamax,6500,Liberia
SR07989,SHP07989,Vessel-07989,CMA CGM,Ultra Large Container Vessel,8500,Panama
SR07990,SHP07990,Vessel-07990,Hapag-Lloyd,Panamax,12000,Malta
SR07991,SHP07991,Vessel-07991,Evergreen,Post-Panamax,3000,India
SR07992,SHP07992,Vessel-07992,ONE,Ultra Large Container Vessel,4500,Singapore
SR07993,SHP07993,Vessel-07993,Maersk,Panamax,6500,Liberia
SR07994,SHP07994,Vessel-07994,MSC,Post-Panamax,8500,Panama
SR07995,SHP07995,Vessel-07995,CMA CGM,Ultra Large Container Vessel,12000,Malta
SR07996,SHP07996,Vessel-07996,Hapag-Lloyd,Panamax,3000,India
SR07997,SHP07997,Vessel-07997,Evergreen,Post-Panamax,4500,Singapore
SR07998,SHP07998,Vessel-07998,ONE,Ultra Large Container Vessel,6500,Liberia
SR07999,SHP07999,Vessel-07999,Maersk,Panamax,8500,Panama
SR08000,SHP08000,Vessel-08000,MSC,Post-Panamax,12000,Malta
SR08001,SHP08001,Vessel-08001,CMA CGM,Ultra Large Container Vessel,3000,India
SR08002,SHP08002,Vessel-08002,Hapag-Lloyd,Panamax,4500,Singapore
SR08003,SHP08003,Vessel-08003,Evergreen,Post-Panamax,6500,Liberia
SR08004,SHP08004,Vessel-08004,ONE,Ultra Large Container Vessel,8500,Panama
SR08005,SHP08005,Vessel-08005,Maersk,Panamax,12000,Malta
SR08006,SHP08006,Vessel-08006,MSC,Post-Panamax,3000,India
SR08007,SHP08007,Vessel-08007,CMA CGM,Ultra Large Container Vessel,4500,Singapore
SR08008,SHP08008,Vessel-08008,Hapag-Lloyd,Panamax,6500,Liberia
SR08009,SHP08009,Vessel-08009,Evergreen,Post-Panamax,8500,Panama
SR08010,SHP08010,Vessel-08010,ONE,Ultra Large Container Vessel,12000,Malta
SR08011,SHP08011,Vessel-08011,Maersk,Panamax,3000,India
SR08012,SHP08012,Vessel-08012,MSC,Post-Panamax,4500,Singapore
SR08013,SHP08013,Vessel-08013,CMA CGM,Ultra Large Container Vessel,6500,Liberia
SR08014,SHP08014,Vessel-08014,Hapag-Lloyd,Panamax,8500,Panama
SR08015,SHP08015,Vessel-08015,Evergreen,Post-Panamax,12000,Malta
SR08016,SHP08016,Vessel-08016,ONE,Ultra Large Container Vessel,3000,India
SR08017,SHP08017,Vessel-08017,Maersk,Panamax,4500,Singapore
SR08018,SHP08018,Vessel-08018,MSC,Post-Panamax,6500,Liberia
SR08019,SHP08019,Vessel-08019,CMA CGM,Ultra Large Container Vessel,8500,Panama
SR08020,SHP08020,Vessel-08020,Hapag-Lloyd,Panamax,12000,Malta
SR08021,SHP08021,Vessel-08021,Evergreen,Post-Panamax,3000,India
SR08022,SHP08022,Vessel-08022,ONE,Ultra Large Container Vessel,4500,Singapore
SR08023,SHP08023,Vessel-08023,Maersk,Panamax,6500,Liberia
SR08024,SHP08024,Vessel-08024,MSC,Post-Panamax,8500,Panama
SR08025,SHP08025,Vessel-08025,CMA CGM,Ultra Large Container Vessel,12000,Malta
SR08026,SHP08026,Vessel-08026,Hapag-Lloyd,Panamax,3000,India
SR08027,SHP08027,Vessel-08027,Evergreen,Post-Panamax,4500,Singapore
SR08028,SHP08028,Vessel-08028,ONE,Ultra Large Container Vessel,6500,Liberia
SR08029,SHP08029,Vessel-08029,Maersk,Panamax,8500,Panama
SR08030,SHP08030,Vessel-08030,MSC,Post-Panamax,12000,Malta
SR08031,SHP08031,Vessel-08031,CMA CGM,Ultra Large Container Vessel,3000,India
SR08032,SHP08032,Vessel-08032,Hapag-Lloyd,Panamax,4500,Singapore
SR08033,SHP08033,Vessel-08033,Evergreen,Post-Panamax,6500,Liberia
SR08034,SHP08034,Vessel-08034,ONE,Ultra Large Container Vessel,8500,Panama
SR08035,SHP08035,Vessel-08035,Maersk,Panamax,12000,Malta
SR08036,SHP08036,Vessel-08036,MSC,Post-Panamax,3000,India
SR08037,SHP08037,Vessel-08037,CMA CGM,Ultra Large Container Vessel,4500,Singapore
SR08038,SHP08038,Vessel-08038,Hapag-Lloyd,Panamax,6500,Liberia
SR08039,SHP08039,Vessel-08039,Evergreen,Post-Panamax,8500,Panama
SR08040,SHP08040,Vessel-08040,ONE,Ultra Large Container Vessel,12000,Malta
SR08041,SHP08041,Vessel-08041,Maersk,Panamax,3000,India
SR08042,SHP08042,Vessel-08042,MSC,Post-Panamax,4500,Singapore
SR08043,SHP08043,Vessel-08043,CMA CGM,Ultra Large Container Vessel,6500,Liberia
SR08044,SHP08044,Vessel-08044,Hapag-Lloyd,Panamax,8500,Panama
SR08045,SHP08045,Vessel-08045,Evergreen,Post-Panamax,12000,Malta
SR08046,SHP08046,Vessel-08046,ONE,Ultra Large Container Vessel,3000,India
SR08047,SHP08047,Vessel-08047,Maersk,Panamax,4500,Singapore
SR08048,SHP08048,Vessel-08048,MSC,Post-Panamax,6500,Liberia
SR08049,SHP08049,Vessel-08049,CMA CGM,Ultra Large Container Vessel,8500,Panama
SR08050,SHP08050,Vessel-08050,Hapag-Lloyd,Panamax,12000,Malta
SR08051,SHP08051,Vessel-08051,Evergreen,Post-Panamax,3000,India
SR08052,SHP08052,Vessel-08052,ONE,Ultra Large Container Vessel,4500,Singapore
SR08053,SHP08053,Vessel-08053,Maersk,Panamax,6500,Liberia
SR08054,SHP08054,Vessel-08054,MSC,Post-Panamax,8500,Panama
SR08055,SHP08055,Vessel-08055,CMA CGM,Ultra Large Container Vessel,12000,Malta
SR08056,SHP08056,Vessel-08056,Hapag-Lloyd,Panamax,3000,India
SR08057,SHP08057,Vessel-08057,Evergreen,Post-Panamax,4500,Singapore
SR08058,SHP08058,Vessel-08058,ONE,Ultra Large Container Vessel,6500,Liberia
SR08059,SHP08059,Vessel-08059,Maersk,Panamax,8500,Panama
SR08060,SHP08060,Vessel-08060,MSC,Post-Panamax,12000,Malta
SR08061,SHP08061,Vessel-08061,CMA CGM,Ultra Large Container Vessel,3000,India
SR08062,SHP08062,Vessel-08062,Hapag-Lloyd,Panamax,4500,Singapore
SR08063,SHP08063,Vessel-08063,Evergreen,Post-Panamax,6500,Liberia
SR08064,SHP08064,Vessel-08064,ONE,Ultra Large Container Vessel,8500,Panama
SR08065,SHP08065,Vessel-08065,Maersk,Panamax,12000,Malta
SR08066,SHP08066,Vessel-08066,MSC,Post-Panamax,3000,India
SR08067,SHP08067,Vessel-08067,CMA CGM,Ultra Large Container Vessel,4500,Singapore
SR08068,SHP08068,Vessel-08068,Hapag-Lloyd,Panamax,6500,Liberia
SR08069,SHP08069,Vessel-08069,Evergreen,Post-Panamax,8500,Panama
SR08070,SHP08070,Vessel-08070,ONE,Ultra Large Container Vessel,12000,Malta
SR08071,SHP08071,Vessel-08071,Maersk,Panamax,3000,India
SR08072,SHP08072,Vessel-08072,MSC,Post-Panamax,4500,Singapore
SR08073,SHP08073,Vessel-08073,CMA CGM,Ultra Large Container Vessel,6500,Liberia
SR08074,SHP08074,Vessel-08074,Hapag-Lloyd,Panamax,8500,Panama
SR08075,SHP08075,Vessel-08075,Evergreen,Post-Panamax,12000,Malta
SR08076,SHP08076,Vessel-08076,ONE,Ultra Large Container Vessel,3000,India
SR08077,SHP08077,Vessel-08077,Maersk,Panamax,4500,Singapore
SR08078,SHP08078,Vessel-08078,MSC,Post-Panamax,6500,Liberia
SR08079,SHP08079,Vessel-08079,CMA CGM,Ultra Large Container Vessel,8500,Panama
SR08080,SHP08080,Vessel-08080,Hapag-Lloyd,Panamax,12000,Malta
SR08081,SHP08081,Vessel-08081,Evergreen,Post-Panamax,3000,India
SR08082,SHP08082,Vessel-08082,ONE,Ultra Large Container Vessel,4500,Singapore
SR08083,SHP08083,Vessel-08083,Maersk,Panamax,6500,Liberia
SR08084,SHP08084,Vessel-08084,MSC,Post-Panamax,8500,Panama
SR08085,SHP08085,Vessel-08085,CMA CGM,Ultra Large Container Vessel,12000,Malta
SR08086,SHP08086,Vessel-08086,Hapag-Lloyd,Panamax,3000,India
SR08087,SHP08087,Vessel-08087,Evergreen,Post-Panamax,4500,Singapore
SR08088,SHP08088,Vessel-08088,ONE,Ultra Large Container Vessel,6500,Liberia
SR08089,SHP08089,Vessel-08089,Maersk,Panamax,8500,Panama
SR08090,SHP08090,Vessel-08090,MSC,Post-Panamax,12000,Malta
SR08091,SHP08091,Vessel-08091,CMA CGM,Ultra Large Container Vessel,3000,India
SR08092,SHP08092,Vessel-08092,Hapag-Lloyd,Panamax,4500,Singapore
SR08093,SHP08093,Vessel-08093,Evergreen,Post-Panamax,6500,Liberia
SR08094,SHP08094,Vessel-08094,ONE,Ultra Large Container Vessel,8500,Panama
SR08095,SHP08095,Vessel-08095,Maersk,Panamax,12000,Malta
SR08096,SHP08096,Vessel-08096,MSC,Post-Panamax,3000,India
SR08097,SHP08097,Vessel-08097,CMA CGM,Ultra Large Container Vessel,4500,Singapore
SR08098,SHP08098,Vessel-08098,Hapag-Lloyd,Panamax,6500,Liberia
SR08099,SHP08099,Vessel-08099,Evergreen,Post-Panamax,8500,Panama
SR08100,SHP08100,Vessel-08100,ONE,Ultra Large Container Vessel,12000,Malta
SR08101,SHP08101,Vessel-08101,Maersk,Panamax,3000,India
SR08102,SHP08102,Vessel-08102,MSC,Post-Panamax,4500,Singapore
SR08103,SHP08103,Vessel-08103,CMA CGM,Ultra Large Container Vessel,6500,Liberia
SR08104,SHP08104,Vessel-08104,Hapag-Lloyd,Panamax,8500,Panama
SR08105,SHP08105,Vessel-08105,Evergreen,Post-Panamax,12000,Malta
SR08106,SHP08106,Vessel-08106,ONE,Ultra Large Container Vessel,3000,India
SR08107,SHP08107,Vessel-08107,Maersk,Panamax,4500,Singapore
SR08108,SHP08108,Vessel-08108,MSC,Post-Panamax,6500,Liberia
SR08109,SHP08109,Vessel-08109,CMA CGM,Ultra Large Container Vessel,8500,Panama
SR08110,SHP08110,Vessel-08110,Hapag-Lloyd,Panamax,12000,Malta
SR08111,SHP08111,Vessel-08111,Evergreen,Post-Panamax,3000,India
SR08112,SHP08112,Vessel-08112,ONE,Ultra Large Container Vessel,4500,Singapore
SR08113,SHP08113,Vessel-08113,Maersk,Panamax,6500,Liberia
SR08114,SHP08114,Vessel-08114,MSC,Post-Panamax,8500,Panama
SR08115,SHP08115,Vessel-08115,CMA CGM,Ultra Large Container Vessel,12000,Malta
SR08116,SHP08116,Vessel-08116,Hapag-Lloyd,Panamax,3000,India
SR08117,SHP08117,Vessel-08117,Evergreen,Post-Panamax,4500,Singapore
SR08118,SHP08118,Vessel-08118,ONE,Ultra Large Container Vessel,6500,Liberia
SR08119,SHP08119,Vessel-08119,Maersk,Panamax,8500,Panama
SR08120,SHP08120,Vessel-08120,MSC,Post-Panamax,12000,Malta
SR08121,SHP08121,Vessel-08121,CMA CGM,Ultra Large Container Vessel,3000,India
SR08122,SHP08122,Vessel-08122,Hapag-Lloyd,Panamax,4500,Singapore
SR08123,SHP08123,Vessel-08123,Evergreen,Post-Panamax,6500,Liberia
SR08124,SHP08124,Vessel-08124,ONE,Ultra Large Container Vessel,8500,Panama
SR08125,SHP08125,Vessel-08125,Maersk,Panamax,12000,Malta
SR08126,SHP08126,Vessel-08126,MSC,Post-Panamax,3000,India
SR08127,SHP08127,Vessel-08127,CMA CGM,Ultra Large Container Vessel,4500,Singapore
SR08128,SHP08128,Vessel-08128,Hapag-Lloyd,Panamax,6500,Liberia
SR08129,SHP08129,Vessel-08129,Evergreen,Post-Panamax,8500,Panama
SR08130,SHP08130,Vessel-08130,ONE,Ultra Large Container Vessel,12000,Malta
SR08131,SHP08131,Vessel-08131,Maersk,Panamax,3000,India
SR08132,SHP08132,Vessel-08132,MSC,Post-Panamax,4500,Singapore
SR08133,SHP08133,Vessel-08133,CMA CGM,Ultra Large Container Vessel,6500,Liberia
SR08134,SHP08134,Vessel-08134,Hapag-Lloyd,Panamax,8500,Panama
SR08135,SHP08135,Vessel-08135,Evergreen,Post-Panamax,12000,Malta
SR08136,SHP08136,Vessel-08136,ONE,Ultra Large Container Vessel,3000,India
SR08137,SHP08137,Vessel-08137,Maersk,Panamax,4500,Singapore
SR08138,SHP08138,Vessel-08138,MSC,Post-Panamax,6500,Liberia
SR08139,SHP08139,Vessel-08139,CMA CGM,Ultra Large Container Vessel,8500,Panama
SR08140,SHP08140,Vessel-08140,Hapag-Lloyd,Panamax,12000,Malta
SR08141,SHP08141,Vessel-08141,Evergreen,Post-Panamax,3000,India
SR08142,SHP08142,Vessel-08142,ONE,Ultra Large Container Vessel,4500,Singapore
SR08143,SHP08143,Vessel-08143,Maersk,Panamax,6500,Liberia
SR08144,SHP08144,Vessel-08144,MSC,Post-Panamax,8500,Panama
SR08145,SHP08145,Vessel-08145,CMA CGM,Ultra Large Container Vessel,12000,Malta
SR08146,SHP08146,Vessel-08146,Hapag-Lloyd,Panamax,3000,India
SR08147,SHP08147,Vessel-08147,Evergreen,Post-Panamax,4500,Singapore
SR08148,SHP08148,Vessel-08148,ONE,Ultra Large Container Vessel,6500,Liberia
SR08149,SHP08149,Vessel-08149,Maersk,Panamax,8500,Panama
SR08150,SHP08150,Vessel-08150,MSC,Post-Panamax,12000,Malta
SR08151,SHP08151,Vessel-08151,CMA CGM,Ultra Large Container Vessel,3000,India
SR08152,SHP08152,Vessel-08152,Hapag-Lloyd,Panamax,4500,Singapore
SR08153,SHP08153,Vessel-08153,Evergreen,Post-Panamax,6500,Liberia
SR08154,SHP08154,Vessel-08154,ONE,Ultra Large Container Vessel,8500,Panama
SR08155,SHP08155,Vessel-08155,Maersk,Panamax,12000,Malta
SR08156,SHP08156,Vessel-08156,MSC,Post-Panamax,3000,India
SR08157,SHP08157,Vessel-08157,CMA CGM,Ultra Large Container Vessel,4500,Singapore
SR08158,SHP08158,Vessel-08158,Hapag-Lloyd,Panamax,6500,Liberia
SR08159,SHP08159,Vessel-08159,Evergreen,Post-Panamax,8500,Panama
SR08160,SHP08160,Vessel-08160,ONE,Ultra Large Container Vessel,12000,Malta
SR08161,SHP08161,Vessel-08161,Maersk,Panamax,3000,India
SR08162,SHP08162,Vessel-08162,MSC,Post-Panamax,4500,Singapore
SR08163,SHP08163,Vessel-08163,CMA CGM,Ultra Large Container Vessel,6500,Liberia
SR08164,SHP08164,Vessel-08164,Hapag-Lloyd,Panamax,8500,Panama
SR08165,SHP08165,Vessel-08165,Evergreen,Post-Panamax,12000,Malta
SR08166,SHP08166,Vessel-08166,ONE,Ultra Large Container Vessel,3000,India
SR08167,SHP08167,Vessel-08167,Maersk,Panamax,4500,Singapore
SR08168,SHP08168,Vessel-08168,MSC,Post-Panamax,6500,Liberia
SR08169,SHP08169,Vessel-08169,CMA CGM,Ultra Large Container Vessel,8500,Panama
SR08170,SHP08170,Vessel-08170,Hapag-Lloyd,Panamax,12000,Malta
SR08171,SHP08171,Vessel-08171,Evergreen,Post-Panamax,3000,India
SR08172,SHP08172,Vessel-08172,ONE,Ultra Large Container Vessel,4500,Singapore
SR08173,SHP08173,Vessel-08173,Maersk,Panamax,6500,Liberia
SR08174,SHP08174,Vessel-08174,MSC,Post-Panamax,8500,Panama
SR08175,SHP08175,Vessel-08175,CMA CGM,Ultra Large Container Vessel,12000,Malta
SR08176,SHP08176,Vessel-08176,Hapag-Lloyd,Panamax,3000,India
SR08177,SHP08177,Vessel-08177,Evergreen,Post-Panamax,4500,Singapore
SR08178,SHP08178,Vessel-08178,ONE,Ultra Large Container Vessel,6500,Liberia
SR08179,SHP08179,Vessel-08179,Maersk,Panamax,8500,Panama
SR08180,SHP08180,Vessel-08180,MSC,Post-Panamax,12000,Malta
SR08181,SHP08181,Vessel-08181,CMA CGM,Ultra Large Container Vessel,3000,India
SR08182,SHP08182,Vessel-08182,Hapag-Lloyd,Panamax,4500,Singapore
SR08183,SHP08183,Vessel-08183,Evergreen,Post-Panamax,6500,Liberia
SR08184,SHP08184,Vessel-08184,ONE,Ultra Large Container Vessel,8500,Panama
SR08185,SHP08185,Vessel-08185,Maersk,Panamax,12000,Malta
SR08186,SHP08186,Vessel-08186,MSC,Post-Panamax,3000,India
SR08187,SHP08187,Vessel-08187,CMA CGM,Ultra Large Container Vessel,4500,Singapore
SR08188,SHP08188,Vessel-08188,Hapag-Lloyd,Panamax,6500,Liberia
SR08189,SHP08189,Vessel-08189,Evergreen,Post-Panamax,8500,Panama
SR08190,SHP08190,Vessel-08190,ONE,Ultra Large Container Vessel,12000,Malta
SR08191,SHP08191,Vessel-08191,Maersk,Panamax,3000,India
SR08192,SHP08192,Vessel-08192,MSC,Post-Panamax,4500,Singapore
SR08193,SHP08193,Vessel-08193,CMA CGM,Ultra Large Container Vessel,6500,Liberia
SR08194,SHP08194,Vessel-08194,Hapag-Lloyd,Panamax,8500,Panama
SR08195,SHP08195,Vessel-08195,Evergreen,Post-Panamax,12000,Malta
SR08196,SHP08196,Vessel-08196,ONE,Ultra Large Container Vessel,3000,India
SR08197,SHP08197,Vessel-08197,Maersk,Panamax,4500,Singapore
SR08198,SHP08198,Vessel-08198,MSC,Post-Panamax,6500,Liberia
SR08199,SHP08199,Vessel-08199,CMA CGM,Ultra Large Container Vessel,8500,Panama
SR08200,SHP08200,Vessel-08200,Hapag-Lloyd,Panamax,12000,Malta
SR08201,SHP08201,Vessel-08201,Evergreen,Post-Panamax,3000,India
SR08202,SHP08202,Vessel-08202,ONE,Ultra Large Container Vessel,4500,Singapore
SR08203,SHP08203,Vessel-08203,Maersk,Panamax,6500,Liberia
SR08204,SHP08204,Vessel-08204,MSC,Post-Panamax,8500,Panama
SR08205,SHP08205,Vessel-08205,CMA CGM,Ultra Large Container Vessel,12000,Malta
SR08206,SHP08206,Vessel-08206,Hapag-Lloyd,Panamax,3000,India
SR08207,SHP08207,Vessel-08207,Evergreen,Post-Panamax,4500,Singapore
SR08208,SHP08208,Vessel-08208,ONE,Ultra Large Container Vessel,6500,Liberia
SR08209,SHP08209,Vessel-08209,Maersk,Panamax,8500,Panama
SR08210,SHP08210,Vessel-08210,MSC,Post-Panamax,12000,Malta
SR08211,SHP08211,Vessel-08211,CMA CGM,Ultra Large Container Vessel,3000,India
SR08212,SHP08212,Vessel-08212,Hapag-Lloyd,Panamax,4500,Singapore
SR08213,SHP08213,Vessel-08213,Evergreen,Post-Panamax,6500,Liberia
SR08214,SHP08214,Vessel-08214,ONE,Ultra Large Container Vessel,8500,Panama
SR08215,SHP08215,Vessel-08215,Maersk,Panamax,12000,Malta
SR08216,SHP08216,Vessel-08216,MSC,Post-Panamax,3000,India
SR08217,SHP08217,Vessel-08217,CMA CGM,Ultra Large Container Vessel,4500,Singapore
SR08218,SHP08218,Vessel-08218,Hapag-Lloyd,Panamax,6500,Liberia
SR08219,SHP08219,Vessel-08219,Evergreen,Post-Panamax,8500,Panama
SR08220,SHP08220,Vessel-08220,ONE,Ultra Large Container Vessel,12000,Malta
SR08221,SHP08221,Vessel-08221,Maersk,Panamax,3000,India
SR08222,SHP08222,Vessel-08222,MSC,Post-Panamax,4500,Singapore
SR08223,SHP08223,Vessel-08223,CMA CGM,Ultra Large Container Vessel,6500,Liberia
SR08224,SHP08224,Vessel-08224,Hapag-Lloyd,Panamax,8500,Panama
SR08225,SHP08225,Vessel-08225,Evergreen,Post-Panamax,12000,Malta
SR08226,SHP08226,Vessel-08226,ONE,Ultra Large Container Vessel,3000,India
SR08227,SHP08227,Vessel-08227,Maersk,Panamax,4500,Singapore
SR08228,SHP08228,Vessel-08228,MSC,Post-Panamax,6500,Liberia
SR08229,SHP08229,Vessel-08229,CMA CGM,Ultra Large Container Vessel,8500,Panama
SR08230,SHP08230,Vessel-08230,Hapag-Lloyd,Panamax,12000,Malta
SR08231,SHP08231,Vessel-08231,Evergreen,Post-Panamax,3000,India
SR08232,SHP08232,Vessel-08232,ONE,Ultra Large Container Vessel,4500,Singapore
SR08233,SHP08233,Vessel-08233,Maersk,Panamax,6500,Liberia
SR08234,SHP08234,Vessel-08234,MSC,Post-Panamax,8500,Panama
SR08235,SHP08235,Vessel-08235,CMA CGM,Ultra Large Container Vessel,12000,Malta
SR08236,SHP08236,Vessel-08236,Hapag-Lloyd,Panamax,3000,India
SR08237,SHP08237,Vessel-08237,Evergreen,Post-Panamax,4500,Singapore
SR08238,SHP08238,Vessel-08238,ONE,Ultra Large Container Vessel,6500,Liberia
SR08239,SHP08239,Vessel-08239,Maersk,Panamax,8500,Panama
SR08240,SHP08240,Vessel-08240,MSC,Post-Panamax,12000,Malta
SR08241,SHP08241,Vessel-08241,CMA CGM,Ultra Large Container Vessel,3000,India
SR08242,SHP08242,Vessel-08242,Hapag-Lloyd,Panamax,4500,Singapore
SR08243,SHP08243,Vessel-08243,Evergreen,Post-Panamax,6500,Liberia
SR08244,SHP08244,Vessel-08244,ONE,Ultra Large Container Vessel,8500,Panama
SR08245,SHP08245,Vessel-08245,Maersk,Panamax,12000,Malta
SR08246,SHP08246,Vessel-08246,MSC,Post-Panamax,3000,India
SR08247,SHP08247,Vessel-08247,CMA CGM,Ultra Large Container Vessel,4500,Singapore
SR08248,SHP08248,Vessel-08248,Hapag-Lloyd,Panamax,6500,Liberia
SR08249,SHP08249,Vessel-08249,Evergreen,Post-Panamax,8500,Panama
SR08250,SHP08250,Vessel-08250,ONE,Ultra Large Container Vessel,12000,Malta
SR08251,SHP08251,Vessel-08251,Maersk,Panamax,3000,India
SR08252,SHP08252,Vessel-08252,MSC,Post-Panamax,4500,Singapore
SR08253,SHP08253,Vessel-08253,CMA CGM,Ultra Large Container Vessel,6500,Liberia
SR08254,SHP08254,Vessel-08254,Hapag-Lloyd,Panamax,8500,Panama
SR08255,SHP08255,Vessel-08255,Evergreen,Post-Panamax,12000,Malta
SR08256,SHP08256,Vessel-08256,ONE,Ultra Large Container Vessel,3000,India
SR08257,SHP08257,Vessel-08257,Maersk,Panamax,4500,Singapore
SR08258,SHP08258,Vessel-08258,MSC,Post-Panamax,6500,Liberia
SR08259,SHP08259,Vessel-08259,CMA CGM,Ultra Large Container Vessel,8500,Panama
SR08260,SHP08260,Vessel-08260,Hapag-Lloyd,Panamax,12000,Malta
SR08261,SHP08261,Vessel-08261,Evergreen,Post-Panamax,3000,India
SR08262,SHP08262,Vessel-08262,ONE,Ultra Large Container Vessel,4500,Singapore
SR08263,SHP08263,Vessel-08263,Maersk,Panamax,6500,Liberia
SR08264,SHP08264,Vessel-08264,MSC,Post-Panamax,8500,Panama
SR08265,SHP08265,Vessel-08265,CMA CGM,Ultra Large Container Vessel,12000,Malta
SR08266,SHP08266,Vessel-08266,Hapag-Lloyd,Panamax,3000,India
SR08267,SHP08267,Vessel-08267,Evergreen,Post-Panamax,4500,Singapore
SR08268,SHP08268,Vessel-08268,ONE,Ultra Large Container Vessel,6500,Liberia
SR08269,SHP08269,Vessel-08269,Maersk,Panamax,8500,Panama
SR08270,SHP08270,Vessel-08270,MSC,Post-Panamax,12000,Malta
SR08271,SHP08271,Vessel-08271,CMA CGM,Ultra Large Container Vessel,3000,India
SR08272,SHP08272,Vessel-08272,Hapag-Lloyd,Panamax,4500,Singapore
SR08273,SHP08273,Vessel-08273,Evergreen,Post-Panamax,6500,Liberia
SR08274,SHP08274,Vessel-08274,ONE,Ultra Large Container Vessel,8500,Panama
SR08275,SHP08275,Vessel-08275,Maersk,Panamax,12000,Malta
SR08276,SHP08276,Vessel-08276,MSC,Post-Panamax,3000,India
SR08277,SHP08277,Vessel-08277,CMA CGM,Ultra Large Container Vessel,4500,Singapore
SR08278,SHP08278,Vessel-08278,Hapag-Lloyd,Panamax,6500,Liberia
SR08279,SHP08279,Vessel-08279,Evergreen,Post-Panamax,8500,Panama
SR08280,SHP08280,Vessel-08280,ONE,Ultra Large Container Vessel,12000,Malta
SR08281,SHP08281,Vessel-08281,Maersk,Panamax,3000,India
SR08282,SHP08282,Vessel-08282,MSC,Post-Panamax,4500,Singapore
SR08283,SHP08283,Vessel-08283,CMA CGM,Ultra Large Container Vessel,6500,Liberia
SR08284,SHP08284,Vessel-08284,Hapag-Lloyd,Panamax,8500,Panama
SR08285,SHP08285,Vessel-08285,Evergreen,Post-Panamax,12000,Malta
SR08286,SHP08286,Vessel-08286,ONE,Ultra Large Container Vessel,3000,India
SR08287,SHP08287,Vessel-08287,Maersk,Panamax,4500,Singapore
SR08288,SHP08288,Vessel-08288,MSC,Post-Panamax,6500,Liberia
SR08289,SHP08289,Vessel-08289,CMA CGM,Ultra Large Container Vessel,8500,Panama
SR08290,SHP08290,Vessel-08290,Hapag-Lloyd,Panamax,12000,Malta
SR08291,SHP08291,Vessel-08291,Evergreen,Post-Panamax,3000,India
SR08292,SHP08292,Vessel-08292,ONE,Ultra Large Container Vessel,4500,Singapore
SR08293,SHP08293,Vessel-08293,Maersk,Panamax,6500,Liberia
SR08294,SHP08294,Vessel-08294,MSC,Post-Panamax,8500,Panama
SR08295,SHP08295,Vessel-08295,CMA CGM,Ultra Large Container Vessel,12000,Malta
SR08296,SHP08296,Vessel-08296,Hapag-Lloyd,Panamax,3000,India
SR08297,SHP08297,Vessel-08297,Evergreen,Post-Panamax,4500,Singapore
SR08298,SHP08298,Vessel-08298,ONE,Ultra Large Container Vessel,6500,Liberia
SR08299,SHP08299,Vessel-08299,Maersk,Panamax,8500,Panama
SR08300,SHP08300,Vessel-08300,MSC,Post-Panamax,12000,Malta
SR08301,SHP08301,Vessel-08301,CMA CGM,Ultra Large Container Vessel,3000,India
SR08302,SHP08302,Vessel-08302,Hapag-Lloyd,Panamax,4500,Singapore
SR08303,SHP08303,Vessel-08303,Evergreen,Post-Panamax,6500,Liberia
SR08304,SHP08304,Vessel-08304,ONE,Ultra Large Container Vessel,8500,Panama
SR08305,SHP08305,Vessel-08305,Maersk,Panamax,12000,Malta
SR08306,SHP08306,Vessel-08306,MSC,Post-Panamax,3000,India
SR08307,SHP08307,Vessel-08307,CMA CGM,Ultra Large Container Vessel,4500,Singapore
SR08308,SHP08308,Vessel-08308,Hapag-Lloyd,Panamax,6500,Liberia
SR08309,SHP08309,Vessel-08309,Evergreen,Post-Panamax,8500,Panama
SR08310,SHP08310,Vessel-08310,ONE,Ultra Large Container Vessel,12000,Malta
SR08311,SHP08311,Vessel-08311,Maersk,Panamax,3000,India
SR08312,SHP08312,Vessel-08312,MSC,Post-Panamax,4500,Singapore
SR08313,SHP08313,Vessel-08313,CMA CGM,Ultra Large Container Vessel,6500,Liberia
SR08314,SHP08314,Vessel-08314,Hapag-Lloyd,Panamax,8500,Panama
SR08315,SHP08315,Vessel-08315,Evergreen,Post-Panamax,12000,Malta
SR08316,SHP08316,Vessel-08316,ONE,Ultra Large Container Vessel,3000,India
SR08317,SHP08317,Vessel-08317,Maersk,Panamax,4500,Singapore
SR08318,SHP08318,Vessel-08318,MSC,Post-Panamax,6500,Liberia
SR08319,SHP08319,Vessel-08319,CMA CGM,Ultra Large Container Vessel,8500,Panama
SR08320,SHP08320,Vessel-08320,Hapag-Lloyd,Panamax,12000,Malta
SR08321,SHP08321,Vessel-08321,Evergreen,Post-Panamax,3000,India
SR08322,SHP08322,Vessel-08322,ONE,Ultra Large Container Vessel,4500,Singapore
SR08323,SHP08323,Vessel-08323,Maersk,Panamax,6500,Liberia
SR08324,SHP08324,Vessel-08324,MSC,Post-Panamax,8500,Panama
SR08325,SHP08325,Vessel-08325,CMA CGM,Ultra Large Container Vessel,12000,Malta
SR08326,SHP08326,Vessel-08326,Hapag-Lloyd,Panamax,3000,India
SR08327,SHP08327,Vessel-08327,Evergreen,Post-Panamax,4500,Singapore
SR08328,SHP08328,Vessel-08328,ONE,Ultra Large Container Vessel,6500,Liberia
SR08329,SHP08329,Vessel-08329,Maersk,Panamax,8500,Panama
SR08330,SHP08330,Vessel-08330,MSC,Post-Panamax,12000,Malta
SR08331,SHP08331,Vessel-08331,CMA CGM,Ultra Large Container Vessel,3000,India
SR08332,SHP08332,Vessel-08332,Hapag-Lloyd,Panamax,4500,Singapore
SR08333,SHP08333,Vessel-08333,Evergreen,Post-Panamax,6500,Liberia
SR08334,SHP08334,Vessel-08334,ONE,Ultra Large Container Vessel,8500,Panama
SR08335,SHP08335,Vessel-08335,Maersk,Panamax,12000,Malta
SR08336,SHP08336,Vessel-08336,MSC,Post-Panamax,3000,India
SR08337,SHP08337,Vessel-08337,CMA CGM,Ultra Large Container Vessel,4500,Singapore
SR08338,SHP08338,Vessel-08338,Hapag-Lloyd,Panamax,6500,Liberia
SR08339,SHP08339,Vessel-08339,Evergreen,Post-Panamax,8500,Panama
SR08340,SHP08340,Vessel-08340,ONE,Ultra Large Container Vessel,12000,Malta
SR08341,SHP08341,Vessel-08341,Maersk,Panamax,3000,India
SR08342,SHP08342,Vessel-08342,MSC,Post-Panamax,4500,Singapore
SR08343,SHP08343,Vessel-08343,CMA CGM,Ultra Large Container Vessel,6500,Liberia
SR08344,SHP08344,Vessel-08344,Hapag-Lloyd,Panamax,8500,Panama
SR08345,SHP08345,Vessel-08345,Evergreen,Post-Panamax,12000,Malta
SR08346,SHP08346,Vessel-08346,ONE,Ultra Large Container Vessel,3000,India
SR08347,SHP08347,Vessel-08347,Maersk,Panamax,4500,Singapore
SR08348,SHP08348,Vessel-08348,MSC,Post-Panamax,6500,Liberia
SR08349,SHP08349,Vessel-08349,CMA CGM,Ultra Large Container Vessel,8500,Panama
SR08350,SHP08350,Vessel-08350,Hapag-Lloyd,Panamax,12000,Malta
SR08351,SHP08351,Vessel-08351,Evergreen,Post-Panamax,3000,India
SR08352,SHP08352,Vessel-08352,ONE,Ultra Large Container Vessel,4500,Singapore
SR08353,SHP08353,Vessel-08353,Maersk,Panamax,6500,Liberia
SR08354,SHP08354,Vessel-08354,MSC,Post-Panamax,8500,Panama
SR08355,SHP08355,Vessel-08355,CMA CGM,Ultra Large Container Vessel,12000,Malta
SR08356,SHP08356,Vessel-08356,Hapag-Lloyd,Panamax,3000,India
SR08357,SHP08357,Vessel-08357,Evergreen,Post-Panamax,4500,Singapore
SR08358,SHP08358,Vessel-08358,ONE,Ultra Large Container Vessel,6500,Liberia
SR08359,SHP08359,Vessel-08359,Maersk,Panamax,8500,Panama
SR08360,SHP08360,Vessel-08360,MSC,Post-Panamax,12000,Malta
SR08361,SHP08361,Vessel-08361,CMA CGM,Ultra Large Container Vessel,3000,India
SR08362,SHP08362,Vessel-08362,Hapag-Lloyd,Panamax,4500,Singapore
SR08363,SHP08363,Vessel-08363,Evergreen,Post-Panamax,6500,Liberia
SR08364,SHP08364,Vessel-08364,ONE,Ultra Large Container Vessel,8500,Panama
SR08365,SHP08365,Vessel-08365,Maersk,Panamax,12000,Malta
SR08366,SHP08366,Vessel-08366,MSC,Post-Panamax,3000,India
SR08367,SHP08367,Vessel-08367,CMA CGM,Ultra Large Container Vessel,4500,Singapore
SR08368,SHP08368,Vessel-08368,Hapag-Lloyd,Panamax,6500,Liberia
SR08369,SHP08369,Vessel-08369,Evergreen,Post-Panamax,8500,Panama
SR08370,SHP08370,Vessel-08370,ONE,Ultra Large Container Vessel,12000,Malta
SR08371,SHP08371,Vessel-08371,Maersk,Panamax,3000,India
SR08372,SHP08372,Vessel-08372,MSC,Post-Panamax,4500,Singapore
SR08373,SHP08373,Vessel-08373,CMA CGM,Ultra Large Container Vessel,6500,Liberia
SR08374,SHP08374,Vessel-08374,Hapag-Lloyd,Panamax,8500,Panama
SR08375,SHP08375,Vessel-08375,Evergreen,Post-Panamax,12000,Malta
SR08376,SHP08376,Vessel-08376,ONE,Ultra Large Container Vessel,3000,India
SR08377,SHP08377,Vessel-08377,Maersk,Panamax,4500,Singapore
SR08378,SHP08378,Vessel-08378,MSC,Post-Panamax,6500,Liberia
SR08379,SHP08379,Vessel-08379,CMA CGM,Ultra Large Container Vessel,8500,Panama
SR08380,SHP08380,Vessel-08380,Hapag-Lloyd,Panamax,12000,Malta
SR08381,SHP08381,Vessel-08381,Evergreen,Post-Panamax,3000,India
SR08382,SHP08382,Vessel-08382,ONE,Ultra Large Container Vessel,4500,Singapore
SR08383,SHP08383,Vessel-08383,Maersk,Panamax,6500,Liberia
SR08384,SHP08384,Vessel-08384,MSC,Post-Panamax,8500,Panama
SR08385,SHP08385,Vessel-08385,CMA CGM,Ultra Large Container Vessel,12000,Malta
SR08386,SHP08386,Vessel-08386,Hapag-Lloyd,Panamax,3000,India
SR08387,SHP08387,Vessel-08387,Evergreen,Post-Panamax,4500,Singapore
SR08388,SHP08388,Vessel-08388,ONE,Ultra Large Container Vessel,6500,Liberia
SR08389,SHP08389,Vessel-08389,Maersk,Panamax,8500,Panama
SR08390,SHP08390,Vessel-08390,MSC,Post-Panamax,12000,Malta
SR08391,SHP08391,Vessel-08391,CMA CGM,Ultra Large Container Vessel,3000,India
SR08392,SHP08392,Vessel-08392,Hapag-Lloyd,Panamax,4500,Singapore
SR08393,SHP08393,Vessel-08393,Evergreen,Post-Panamax,6500,Liberia
SR08394,SHP08394,Vessel-08394,ONE,Ultra Large Container Vessel,8500,Panama
SR08395,SHP08395,Vessel-08395,Maersk,Panamax,12000,Malta
SR08396,SHP08396,Vessel-08396,MSC,Post-Panamax,3000,India
SR08397,SHP08397,Vessel-08397,CMA CGM,Ultra Large Container Vessel,4500,Singapore
SR08398,SHP08398,Vessel-08398,Hapag-Lloyd,Panamax,6500,Liberia
SR08399,SHP08399,Vessel-08399,Evergreen,Post-Panamax,8500,Panama
SR08400,SHP08400,Vessel-08400,ONE,Ultra Large Container Vessel,12000,Malta
SR08401,SHP08401,Vessel-08401,Maersk,Panamax,3000,India
SR08402,SHP08402,Vessel-08402,MSC,Post-Panamax,4500,Singapore
SR08403,SHP08403,Vessel-08403,CMA CGM,Ultra Large Container Vessel,6500,Liberia
SR08404,SHP08404,Vessel-08404,Hapag-Lloyd,Panamax,8500,Panama
SR08405,SHP08405,Vessel-08405,Evergreen,Post-Panamax,12000,Malta
SR08406,SHP08406,Vessel-08406,ONE,Ultra Large Container Vessel,3000,India
SR08407,SHP08407,Vessel-08407,Maersk,Panamax,4500,Singapore
SR08408,SHP08408,Vessel-08408,MSC,Post-Panamax,6500,Liberia
SR08409,SHP08409,Vessel-08409,CMA CGM,Ultra Large Container Vessel,8500,Panama
SR08410,SHP08410,Vessel-08410,Hapag-Lloyd,Panamax,12000,Malta
SR08411,SHP08411,Vessel-08411,Evergreen,Post-Panamax,3000,India
SR08412,SHP08412,Vessel-08412,ONE,Ultra Large Container Vessel,4500,Singapore
SR08413,SHP08413,Vessel-08413,Maersk,Panamax,6500,Liberia
SR08414,SHP08414,Vessel-08414,MSC,Post-Panamax,8500,Panama
SR08415,SHP08415,Vessel-08415,CMA CGM,Ultra Large Container Vessel,12000,Malta
SR08416,SHP08416,Vessel-08416,Hapag-Lloyd,Panamax,3000,India
SR08417,SHP08417,Vessel-08417,Evergreen,Post-Panamax,4500,Singapore
SR08418,SHP08418,Vessel-08418,ONE,Ultra Large Container Vessel,6500,Liberia
SR08419,SHP08419,Vessel-08419,Maersk,Panamax,8500,Panama
SR08420,SHP08420,Vessel-08420,MSC,Post-Panamax,12000,Malta
SR08421,SHP08421,Vessel-08421,CMA CGM,Ultra Large Container Vessel,3000,India
SR08422,SHP08422,Vessel-08422,Hapag-Lloyd,Panamax,4500,Singapore
SR08423,SHP08423,Vessel-08423,Evergreen,Post-Panamax,6500,Liberia
SR08424,SHP08424,Vessel-08424,ONE,Ultra Large Container Vessel,8500,Panama
SR08425,SHP08425,Vessel-08425,Maersk,Panamax,12000,Malta
SR08426,SHP08426,Vessel-08426,MSC,Post-Panamax,3000,India
SR08427,SHP08427,Vessel-08427,CMA CGM,Ultra Large Container Vessel,4500,Singapore
SR08428,SHP08428,Vessel-08428,Hapag-Lloyd,Panamax,6500,Liberia
SR08429,SHP08429,Vessel-08429,Evergreen,Post-Panamax,8500,Panama
SR08430,SHP08430,Vessel-08430,ONE,Ultra Large Container Vessel,12000,Malta
SR08431,SHP08431,Vessel-08431,Maersk,Panamax,3000,India
SR08432,SHP08432,Vessel-08432,MSC,Post-Panamax,4500,Singapore
SR08433,SHP08433,Vessel-08433,CMA CGM,Ultra Large Container Vessel,6500,Liberia
SR08434,SHP08434,Vessel-08434,Hapag-Lloyd,Panamax,8500,Panama
SR08435,SHP08435,Vessel-08435,Evergreen,Post-Panamax,12000,Malta
SR08436,SHP08436,Vessel-08436,ONE,Ultra Large Container Vessel,3000,India
SR08437,SHP08437,Vessel-08437,Maersk,Panamax,4500,Singapore
SR08438,SHP08438,Vessel-08438,MSC,Post-Panamax,6500,Liberia
SR08439,SHP08439,Vessel-08439,CMA CGM,Ultra Large Container Vessel,8500,Panama
SR08440,SHP08440,Vessel-08440,Hapag-Lloyd,Panamax,12000,Malta
SR08441,SHP08441,Vessel-08441,Evergreen,Post-Panamax,3000,India
SR08442,SHP08442,Vessel-08442,ONE,Ultra Large Container Vessel,4500,Singapore
SR08443,SHP08443,Vessel-08443,Maersk,Panamax,6500,Liberia
SR08444,SHP08444,Vessel-08444,MSC,Post-Panamax,8500,Panama
SR08445,SHP08445,Vessel-08445,CMA CGM,Ultra Large Container Vessel,12000,Malta
SR08446,SHP08446,Vessel-08446,Hapag-Lloyd,Panamax,3000,India
SR08447,SHP08447,Vessel-08447,Evergreen,Post-Panamax,4500,Singapore
SR08448,SHP08448,Vessel-08448,ONE,Ultra Large Container Vessel,6500,Liberia
SR08449,SHP08449,Vessel-08449,Maersk,Panamax,8500,Panama
SR08450,SHP08450,Vessel-08450,MSC,Post-Panamax,12000,Malta
SR08451,SHP08451,Vessel-08451,CMA CGM,Ultra Large Container Vessel,3000,India
SR08452,SHP08452,Vessel-08452,Hapag-Lloyd,Panamax,4500,Singapore
SR08453,SHP08453,Vessel-08453,Evergreen,Post-Panamax,6500,Liberia
SR08454,SHP08454,Vessel-08454,ONE,Ultra Large Container Vessel,8500,Panama
SR08455,SHP08455,Vessel-08455,Maersk,Panamax,12000,Malta
SR08456,SHP08456,Vessel-08456,MSC,Post-Panamax,3000,India
SR08457,SHP08457,Vessel-08457,CMA CGM,Ultra Large Container Vessel,4500,Singapore
SR08458,SHP08458,Vessel-08458,Hapag-Lloyd,Panamax,6500,Liberia
SR08459,SHP08459,Vessel-08459,Evergreen,Post-Panamax,8500,Panama
SR08460,SHP08460,Vessel-08460,ONE,Ultra Large Container Vessel,12000,Malta
SR08461,SHP08461,Vessel-08461,Maersk,Panamax,3000,India
SR08462,SHP08462,Vessel-08462,MSC,Post-Panamax,4500,Singapore
SR08463,SHP08463,Vessel-08463,CMA CGM,Ultra Large Container Vessel,6500,Liberia
SR08464,SHP08464,Vessel-08464,Hapag-Lloyd,Panamax,8500,Panama
SR08465,SHP08465,Vessel-08465,Evergreen,Post-Panamax,12000,Malta
SR08466,SHP08466,Vessel-08466,ONE,Ultra Large Container Vessel,3000,India
SR08467,SHP08467,Vessel-08467,Maersk,Panamax,4500,Singapore
SR08468,SHP08468,Vessel-08468,MSC,Post-Panamax,6500,Liberia
SR08469,SHP08469,Vessel-08469,CMA CGM,Ultra Large Container Vessel,8500,Panama
SR08470,SHP08470,Vessel-08470,Hapag-Lloyd,Panamax,12000,Malta
SR08471,SHP08471,Vessel-08471,Evergreen,Post-Panamax,3000,India
SR08472,SHP08472,Vessel-08472,ONE,Ultra Large Container Vessel,4500,Singapore
SR08473,SHP08473,Vessel-08473,Maersk,Panamax,6500,Liberia
SR08474,SHP08474,Vessel-08474,MSC,Post-Panamax,8500,Panama
SR08475,SHP08475,Vessel-08475,CMA CGM,Ultra Large Container Vessel,12000,Malta
SR08476,SHP08476,Vessel-08476,Hapag-Lloyd,Panamax,3000,India
SR08477,SHP08477,Vessel-08477,Evergreen,Post-Panamax,4500,Singapore
SR08478,SHP08478,Vessel-08478,ONE,Ultra Large Container Vessel,6500,Liberia
SR08479,SHP08479,Vessel-08479,Maersk,Panamax,8500,Panama
SR08480,SHP08480,Vessel-08480,MSC,Post-Panamax,12000,Malta
SR08481,SHP08481,Vessel-08481,CMA CGM,Ultra Large Container Vessel,3000,India
SR08482,SHP08482,Vessel-08482,Hapag-Lloyd,Panamax,4500,Singapore
SR08483,SHP08483,Vessel-08483,Evergreen,Post-Panamax,6500,Liberia
SR08484,SHP08484,Vessel-08484,ONE,Ultra Large Container Vessel,8500,Panama
SR08485,SHP08485,Vessel-08485,Maersk,Panamax,12000,Malta
SR08486,SHP08486,Vessel-08486,MSC,Post-Panamax,3000,India
SR08487,SHP08487,Vessel-08487,CMA CGM,Ultra Large Container Vessel,4500,Singapore
SR08488,SHP08488,Vessel-08488,Hapag-Lloyd,Panamax,6500,Liberia
SR08489,SHP08489,Vessel-08489,Evergreen,Post-Panamax,8500,Panama
SR08490,SHP08490,Vessel-08490,ONE,Ultra Large Container Vessel,12000,Malta
SR08491,SHP08491,Vessel-08491,Maersk,Panamax,3000,India
SR08492,SHP08492,Vessel-08492,MSC,Post-Panamax,4500,Singapore
SR08493,SHP08493,Vessel-08493,CMA CGM,Ultra Large Container Vessel,6500,Liberia
SR08494,SHP08494,Vessel-08494,Hapag-Lloyd,Panamax,8500,Panama
SR08495,SHP08495,Vessel-08495,Evergreen,Post-Panamax,12000,Malta
SR08496,SHP08496,Vessel-08496,ONE,Ultra Large Container Vessel,3000,India
SR08497,SHP08497,Vessel-08497,Maersk,Panamax,4500,Singapore
SR08498,SHP08498,Vessel-08498,MSC,Post-Panamax,6500,Liberia
SR08499,SHP08499,Vessel-08499,CMA CGM,Ultra Large Container Vessel,8500,Panama
SR08500,SHP08500,Vessel-08500,Hapag-Lloyd,Panamax,12000,Malta
SR08501,SHP08501,Vessel-08501,Evergreen,Post-Panamax,3000,India
SR08502,SHP08502,Vessel-08502,ONE,Ultra Large Container Vessel,4500,Singapore
SR08503,SHP08503,Vessel-08503,Maersk,Panamax,6500,Liberia
SR08504,SHP08504,Vessel-08504,MSC,Post-Panamax,8500,Panama
SR08505,SHP08505,Vessel-08505,CMA CGM,Ultra Large Container Vessel,12000,Malta
SR08506,SHP08506,Vessel-08506,Hapag-Lloyd,Panamax,3000,India
SR08507,SHP08507,Vessel-08507,Evergreen,Post-Panamax,4500,Singapore
SR08508,SHP08508,Vessel-08508,ONE,Ultra Large Container Vessel,6500,Liberia
SR08509,SHP08509,Vessel-08509,Maersk,Panamax,8500,Panama
SR08510,SHP08510,Vessel-08510,MSC,Post-Panamax,12000,Malta
SR08511,SHP08511,Vessel-08511,CMA CGM,Ultra Large Container Vessel,3000,India
SR08512,SHP08512,Vessel-08512,Hapag-Lloyd,Panamax,4500,Singapore
SR08513,SHP08513,Vessel-08513,Evergreen,Post-Panamax,6500,Liberia
SR08514,SHP08514,Vessel-08514,ONE,Ultra Large Container Vessel,8500,Panama
SR08515,SHP08515,Vessel-08515,Maersk,Panamax,12000,Malta
SR08516,SHP08516,Vessel-08516,MSC,Post-Panamax,3000,India
SR08517,SHP08517,Vessel-08517,CMA CGM,Ultra Large Container Vessel,4500,Singapore
SR08518,SHP08518,Vessel-08518,Hapag-Lloyd,Panamax,6500,Liberia
SR08519,SHP08519,Vessel-08519,Evergreen,Post-Panamax,8500,Panama
SR08520,SHP08520,Vessel-08520,ONE,Ultra Large Container Vessel,12000,Malta
SR08521,SHP08521,Vessel-08521,Maersk,Panamax,3000,India
SR08522,SHP08522,Vessel-08522,MSC,Post-Panamax,4500,Singapore
SR08523,SHP08523,Vessel-08523,CMA CGM,Ultra Large Container Vessel,6500,Liberia
SR08524,SHP08524,Vessel-08524,Hapag-Lloyd,Panamax,8500,Panama
SR08525,SHP08525,Vessel-08525,Evergreen,Post-Panamax,12000,Malta
SR08526,SHP08526,Vessel-08526,ONE,Ultra Large Container Vessel,3000,India
SR08527,SHP08527,Vessel-08527,Maersk,Panamax,4500,Singapore
SR08528,SHP08528,Vessel-08528,MSC,Post-Panamax,6500,Liberia
SR08529,SHP08529,Vessel-08529,CMA CGM,Ultra Large Container Vessel,8500,Panama
SR08530,SHP08530,Vessel-08530,Hapag-Lloyd,Panamax,12000,Malta
SR08531,SHP08531,Vessel-08531,Evergreen,Post-Panamax,3000,India
SR08532,SHP08532,Vessel-08532,ONE,Ultra Large Container Vessel,4500,Singapore
SR08533,SHP08533,Vessel-08533,Maersk,Panamax,6500,Liberia
SR08534,SHP08534,Vessel-08534,MSC,Post-Panamax,8500,Panama
SR08535,SHP08535,Vessel-08535,CMA CGM,Ultra Large Container Vessel,12000,Malta
SR08536,SHP08536,Vessel-08536,Hapag-Lloyd,Panamax,3000,India
SR08537,SHP08537,Vessel-08537,Evergreen,Post-Panamax,4500,Singapore
SR08538,SHP08538,Vessel-08538,ONE,Ultra Large Container Vessel,6500,Liberia
SR08539,SHP08539,Vessel-08539,Maersk,Panamax,8500,Panama
SR08540,SHP08540,Vessel-08540,MSC,Post-Panamax,12000,Malta
SR08541,SHP08541,Vessel-08541,CMA CGM,Ultra Large Container Vessel,3000,India
SR08542,SHP08542,Vessel-08542,Hapag-Lloyd,Panamax,4500,Singapore
SR08543,SHP08543,Vessel-08543,Evergreen,Post-Panamax,6500,Liberia
SR08544,SHP08544,Vessel-08544,ONE,Ultra Large Container Vessel,8500,Panama
SR08545,SHP08545,Vessel-08545,Maersk,Panamax,12000,Malta
SR08546,SHP08546,Vessel-08546,MSC,Post-Panamax,3000,India
SR08547,SHP08547,Vessel-08547,CMA CGM,Ultra Large Container Vessel,4500,Singapore
SR08548,SHP08548,Vessel-08548,Hapag-Lloyd,Panamax,6500,Liberia
SR08549,SHP08549,Vessel-08549,Evergreen,Post-Panamax,8500,Panama
SR08550,SHP08550,Vessel-08550,ONE,Ultra Large Container Vessel,12000,Malta
SR08551,SHP08551,Vessel-08551,Maersk,Panamax,3000,India
SR08552,SHP08552,Vessel-08552,MSC,Post-Panamax,4500,Singapore
SR08553,SHP08553,Vessel-08553,CMA CGM,Ultra Large Container Vessel,6500,Liberia
SR08554,SHP08554,Vessel-08554,Hapag-Lloyd,Panamax,8500,Panama
SR08555,SHP08555,Vessel-08555,Evergreen,Post-Panamax,12000,Malta
SR08556,SHP08556,Vessel-08556,ONE,Ultra Large Container Vessel,3000,India
SR08557,SHP08557,Vessel-08557,Maersk,Panamax,4500,Singapore
SR08558,SHP08558,Vessel-08558,MSC,Post-Panamax,6500,Liberia
SR08559,SHP08559,Vessel-08559,CMA CGM,Ultra Large Container Vessel,8500,Panama
SR08560,SHP08560,Vessel-08560,Hapag-Lloyd,Panamax,12000,Malta
SR08561,SHP08561,Vessel-08561,Evergreen,Post-Panamax,3000,India
SR08562,SHP08562,Vessel-08562,ONE,Ultra Large Container Vessel,4500,Singapore
SR08563,SHP08563,Vessel-08563,Maersk,Panamax,6500,Liberia
SR08564,SHP08564,Vessel-08564,MSC,Post-Panamax,8500,Panama
SR08565,SHP08565,Vessel-08565,CMA CGM,Ultra Large Container Vessel,12000,Malta
SR08566,SHP08566,Vessel-08566,Hapag-Lloyd,Panamax,3000,India
SR08567,SHP08567,Vessel-08567,Evergreen,Post-Panamax,4500,Singapore
SR08568,SHP08568,Vessel-08568,ONE,Ultra Large Container Vessel,6500,Liberia
SR08569,SHP08569,Vessel-08569,Maersk,Panamax,8500,Panama
SR08570,SHP08570,Vessel-08570,MSC,Post-Panamax,12000,Malta
SR08571,SHP08571,Vessel-08571,CMA CGM,Ultra Large Container Vessel,3000,India
SR08572,SHP08572,Vessel-08572,Hapag-Lloyd,Panamax,4500,Singapore
SR08573,SHP08573,Vessel-08573,Evergreen,Post-Panamax,6500,Liberia
SR08574,SHP08574,Vessel-08574,ONE,Ultra Large Container Vessel,8500,Panama
SR08575,SHP08575,Vessel-08575,Maersk,Panamax,12000,Malta
SR08576,SHP08576,Vessel-08576,MSC,Post-Panamax,3000,India
SR08577,SHP08577,Vessel-08577,CMA CGM,Ultra Large Container Vessel,4500,Singapore
SR08578,SHP08578,Vessel-08578,Hapag-Lloyd,Panamax,6500,Liberia
SR08579,SHP08579,Vessel-08579,Evergreen,Post-Panamax,8500,Panama
SR08580,SHP08580,Vessel-08580,ONE,Ultra Large Container Vessel,12000,Malta
SR08581,SHP08581,Vessel-08581,Maersk,Panamax,3000,India
SR08582,SHP08582,Vessel-08582,MSC,Post-Panamax,4500,Singapore
SR08583,SHP08583,Vessel-08583,CMA CGM,Ultra Large Container Vessel,6500,Liberia
SR08584,SHP08584,Vessel-08584,Hapag-Lloyd,Panamax,8500,Panama
SR08585,SHP08585,Vessel-08585,Evergreen,Post-Panamax,12000,Malta
SR08586,SHP08586,Vessel-08586,ONE,Ultra Large Container Vessel,3000,India
SR08587,SHP08587,Vessel-08587,Maersk,Panamax,4500,Singapore
SR08588,SHP08588,Vessel-08588,MSC,Post-Panamax,6500,Liberia
SR08589,SHP08589,Vessel-08589,CMA CGM,Ultra Large Container Vessel,8500,Panama
SR08590,SHP08590,Vessel-08590,Hapag-Lloyd,Panamax,12000,Malta
SR08591,SHP08591,Vessel-08591,Evergreen,Post-Panamax,3000,India
SR08592,SHP08592,Vessel-08592,ONE,Ultra Large Container Vessel,4500,Singapore
SR08593,SHP08593,Vessel-08593,Maersk,Panamax,6500,Liberia
SR08594,SHP08594,Vessel-08594,MSC,Post-Panamax,8500,Panama
SR08595,SHP08595,Vessel-08595,CMA CGM,Ultra Large Container Vessel,12000,Malta
SR08596,SHP08596,Vessel-08596,Hapag-Lloyd,Panamax,3000,India
SR08597,SHP08597,Vessel-08597,Evergreen,Post-Panamax,4500,Singapore
SR08598,SHP08598,Vessel-08598,ONE,Ultra Large Container Vessel,6500,Liberia
SR08599,SHP08599,Vessel-08599,Maersk,Panamax,8500,Panama
SR08600,SHP08600,Vessel-08600,MSC,Post-Panamax,12000,Malta
SR08601,SHP08601,Vessel-08601,CMA CGM,Ultra Large Container Vessel,3000,India
SR08602,SHP08602,Vessel-08602,Hapag-Lloyd,Panamax,4500,Singapore
SR08603,SHP08603,Vessel-08603,Evergreen,Post-Panamax,6500,Liberia
SR08604,SHP08604,Vessel-08604,ONE,Ultra Large Container Vessel,8500,Panama
SR08605,SHP08605,Vessel-08605,Maersk,Panamax,12000,Malta
SR08606,SHP08606,Vessel-08606,MSC,Post-Panamax,3000,India
SR08607,SHP08607,Vessel-08607,CMA CGM,Ultra Large Container Vessel,4500,Singapore
SR08608,SHP08608,Vessel-08608,Hapag-Lloyd,Panamax,6500,Liberia
SR08609,SHP08609,Vessel-08609,Evergreen,Post-Panamax,8500,Panama
SR08610,SHP08610,Vessel-08610,ONE,Ultra Large Container Vessel,12000,Malta
SR08611,SHP08611,Vessel-08611,Maersk,Panamax,3000,India
SR08612,SHP08612,Vessel-08612,MSC,Post-Panamax,4500,Singapore
SR08613,SHP08613,Vessel-08613,CMA CGM,Ultra Large Container Vessel,6500,Liberia
SR08614,SHP08614,Vessel-08614,Hapag-Lloyd,Panamax,8500,Panama
SR08615,SHP08615,Vessel-08615,Evergreen,Post-Panamax,12000,Malta
SR08616,SHP08616,Vessel-08616,ONE,Ultra Large Container Vessel,3000,India
SR08617,SHP08617,Vessel-08617,Maersk,Panamax,4500,Singapore
SR08618,SHP08618,Vessel-08618,MSC,Post-Panamax,6500,Liberia
SR08619,SHP08619,Vessel-08619,CMA CGM,Ultra Large Container Vessel,8500,Panama
SR08620,SHP08620,Vessel-08620,Hapag-Lloyd,Panamax,12000,Malta
SR08621,SHP08621,Vessel-08621,Evergreen,Post-Panamax,3000,India
SR08622,SHP08622,Vessel-08622,ONE,Ultra Large Container Vessel,4500,Singapore
SR08623,SHP08623,Vessel-08623,Maersk,Panamax,6500,Liberia
SR08624,SHP08624,Vessel-08624,MSC,Post-Panamax,8500,Panama
SR08625,SHP08625,Vessel-08625,CMA CGM,Ultra Large Container Vessel,12000,Malta
SR08626,SHP08626,Vessel-08626,Hapag-Lloyd,Panamax,3000,India
SR08627,SHP08627,Vessel-08627,Evergreen,Post-Panamax,4500,Singapore
SR08628,SHP08628,Vessel-08628,ONE,Ultra Large Container Vessel,6500,Liberia
SR08629,SHP08629,Vessel-08629,Maersk,Panamax,8500,Panama
SR08630,SHP08630,Vessel-08630,MSC,Post-Panamax,12000,Malta
SR08631,SHP08631,Vessel-08631,CMA CGM,Ultra Large Container Vessel,3000,India
SR08632,SHP08632,Vessel-08632,Hapag-Lloyd,Panamax,4500,Singapore
SR08633,SHP08633,Vessel-08633,Evergreen,Post-Panamax,6500,Liberia
SR08634,SHP08634,Vessel-08634,ONE,Ultra Large Container Vessel,8500,Panama
SR08635,SHP08635,Vessel-08635,Maersk,Panamax,12000,Malta
SR08636,SHP08636,Vessel-08636,MSC,Post-Panamax,3000,India
SR08637,SHP08637,Vessel-08637,CMA CGM,Ultra Large Container Vessel,4500,Singapore
SR08638,SHP08638,Vessel-08638,Hapag-Lloyd,Panamax,6500,Liberia
SR08639,SHP08639,Vessel-08639,Evergreen,Post-Panamax,8500,Panama
SR08640,SHP08640,Vessel-08640,ONE,Ultra Large Container Vessel,12000,Malta
SR08641,SHP08641,Vessel-08641,Maersk,Panamax,3000,India
SR08642,SHP08642,Vessel-08642,MSC,Post-Panamax,4500,Singapore
SR08643,SHP08643,Vessel-08643,CMA CGM,Ultra Large Container Vessel,6500,Liberia
SR08644,SHP08644,Vessel-08644,Hapag-Lloyd,Panamax,8500,Panama
SR08645,SHP08645,Vessel-08645,Evergreen,Post-Panamax,12000,Malta
SR08646,SHP08646,Vessel-08646,ONE,Ultra Large Container Vessel,3000,India
SR08647,SHP08647,Vessel-08647,Maersk,Panamax,4500,Singapore
SR08648,SHP08648,Vessel-08648,MSC,Post-Panamax,6500,Liberia
SR08649,SHP08649,Vessel-08649,CMA CGM,Ultra Large Container Vessel,8500,Panama
SR08650,SHP08650,Vessel-08650,Hapag-Lloyd,Panamax,12000,Malta
SR08651,SHP08651,Vessel-08651,Evergreen,Post-Panamax,3000,India
SR08652,SHP08652,Vessel-08652,ONE,Ultra Large Container Vessel,4500,Singapore
SR08653,SHP08653,Vessel-08653,Maersk,Panamax,6500,Liberia
SR08654,SHP08654,Vessel-08654,MSC,Post-Panamax,8500,Panama
SR08655,SHP08655,Vessel-08655,CMA CGM,Ultra Large Container Vessel,12000,Malta
SR08656,SHP08656,Vessel-08656,Hapag-Lloyd,Panamax,3000,India
SR08657,SHP08657,Vessel-08657,Evergreen,Post-Panamax,4500,Singapore
SR08658,SHP08658,Vessel-08658,ONE,Ultra Large Container Vessel,6500,Liberia
SR08659,SHP08659,Vessel-08659,Maersk,Panamax,8500,Panama
SR08660,SHP08660,Vessel-08660,MSC,Post-Panamax,12000,Malta
SR08661,SHP08661,Vessel-08661,CMA CGM,Ultra Large Container Vessel,3000,India
SR08662,SHP08662,Vessel-08662,Hapag-Lloyd,Panamax,4500,Singapore
SR08663,SHP08663,Vessel-08663,Evergreen,Post-Panamax,6500,Liberia
SR08664,SHP08664,Vessel-08664,ONE,Ultra Large Container Vessel,8500,Panama
SR08665,SHP08665,Vessel-08665,Maersk,Panamax,12000,Malta
SR08666,SHP08666,Vessel-08666,MSC,Post-Panamax,3000,India
SR08667,SHP08667,Vessel-08667,CMA CGM,Ultra Large Container Vessel,4500,Singapore
SR08668,SHP08668,Vessel-08668,Hapag-Lloyd,Panamax,6500,Liberia
SR08669,SHP08669,Vessel-08669,Evergreen,Post-Panamax,8500,Panama
SR08670,SHP08670,Vessel-08670,ONE,Ultra Large Container Vessel,12000,Malta
SR08671,SHP08671,Vessel-08671,Maersk,Panamax,3000,India
SR08672,SHP08672,Vessel-08672,MSC,Post-Panamax,4500,Singapore
SR08673,SHP08673,Vessel-08673,CMA CGM,Ultra Large Container Vessel,6500,Liberia
SR08674,SHP08674,Vessel-08674,Hapag-Lloyd,Panamax,8500,Panama
SR08675,SHP08675,Vessel-08675,Evergreen,Post-Panamax,12000,Malta
SR08676,SHP08676,Vessel-08676,ONE,Ultra Large Container Vessel,3000,India
SR08677,SHP08677,Vessel-08677,Maersk,Panamax,4500,Singapore
SR08678,SHP08678,Vessel-08678,MSC,Post-Panamax,6500,Liberia
SR08679,SHP08679,Vessel-08679,CMA CGM,Ultra Large Container Vessel,8500,Panama
SR08680,SHP08680,Vessel-08680,Hapag-Lloyd,Panamax,12000,Malta
SR08681,SHP08681,Vessel-08681,Evergreen,Post-Panamax,3000,India
SR08682,SHP08682,Vessel-08682,ONE,Ultra Large Container Vessel,4500,Singapore
SR08683,SHP08683,Vessel-08683,Maersk,Panamax,6500,Liberia
SR08684,SHP08684,Vessel-08684,MSC,Post-Panamax,8500,Panama
SR08685,SHP08685,Vessel-08685,CMA CGM,Ultra Large Container Vessel,12000,Malta
SR08686,SHP08686,Vessel-08686,Hapag-Lloyd,Panamax,3000,India
SR08687,SHP08687,Vessel-08687,Evergreen,Post-Panamax,4500,Singapore
SR08688,SHP08688,Vessel-08688,ONE,Ultra Large Container Vessel,6500,Liberia
SR08689,SHP08689,Vessel-08689,Maersk,Panamax,8500,Panama
SR08690,SHP08690,Vessel-08690,MSC,Post-Panamax,12000,Malta
SR08691,SHP08691,Vessel-08691,CMA CGM,Ultra Large Container Vessel,3000,India
SR08692,SHP08692,Vessel-08692,Hapag-Lloyd,Panamax,4500,Singapore
SR08693,SHP08693,Vessel-08693,Evergreen,Post-Panamax,6500,Liberia
SR08694,SHP08694,Vessel-08694,ONE,Ultra Large Container Vessel,8500,Panama
SR08695,SHP08695,Vessel-08695,Maersk,Panamax,12000,Malta
SR08696,SHP08696,Vessel-08696,MSC,Post-Panamax,3000,India
SR08697,SHP08697,Vessel-08697,CMA CGM,Ultra Large Container Vessel,4500,Singapore
SR08698,SHP08698,Vessel-08698,Hapag-Lloyd,Panamax,6500,Liberia
SR08699,SHP08699,Vessel-08699,Evergreen,Post-Panamax,8500,Panama
SR08700,SHP08700,Vessel-08700,ONE,Ultra Large Container Vessel,12000,Malta
SR08701,SHP08701,Vessel-08701,Maersk,Panamax,3000,India
SR08702,SHP08702,Vessel-08702,MSC,Post-Panamax,4500,Singapore
SR08703,SHP08703,Vessel-08703,CMA CGM,Ultra Large Container Vessel,6500,Liberia
SR08704,SHP08704,Vessel-08704,Hapag-Lloyd,Panamax,8500,Panama
SR08705,SHP08705,Vessel-08705,Evergreen,Post-Panamax,12000,Malta
SR08706,SHP08706,Vessel-08706,ONE,Ultra Large Container Vessel,3000,India
SR08707,SHP08707,Vessel-08707,Maersk,Panamax,4500,Singapore
SR08708,SHP08708,Vessel-08708,MSC,Post-Panamax,6500,Liberia
SR08709,SHP08709,Vessel-08709,CMA CGM,Ultra Large Container Vessel,8500,Panama
SR08710,SHP08710,Vessel-08710,Hapag-Lloyd,Panamax,12000,Malta
SR08711,SHP08711,Vessel-08711,Evergreen,Post-Panamax,3000,India
SR08712,SHP08712,Vessel-08712,ONE,Ultra Large Container Vessel,4500,Singapore
SR08713,SHP08713,Vessel-08713,Maersk,Panamax,6500,Liberia
SR08714,SHP08714,Vessel-08714,MSC,Post-Panamax,8500,Panama
SR08715,SHP08715,Vessel-08715,CMA CGM,Ultra Large Container Vessel,12000,Malta
SR08716,SHP08716,Vessel-08716,Hapag-Lloyd,Panamax,3000,India
SR08717,SHP08717,Vessel-08717,Evergreen,Post-Panamax,4500,Singapore
SR08718,SHP08718,Vessel-08718,ONE,Ultra Large Container Vessel,6500,Liberia
SR08719,SHP08719,Vessel-08719,Maersk,Panamax,8500,Panama
SR08720,SHP08720,Vessel-08720,MSC,Post-Panamax,12000,Malta
SR08721,SHP08721,Vessel-08721,CMA CGM,Ultra Large Container Vessel,3000,India
SR08722,SHP08722,Vessel-08722,Hapag-Lloyd,Panamax,4500,Singapore
SR08723,SHP08723,Vessel-08723,Evergreen,Post-Panamax,6500,Liberia
SR08724,SHP08724,Vessel-08724,ONE,Ultra Large Container Vessel,8500,Panama
SR08725,SHP08725,Vessel-08725,Maersk,Panamax,12000,Malta
SR08726,SHP08726,Vessel-08726,MSC,Post-Panamax,3000,India
SR08727,SHP08727,Vessel-08727,CMA CGM,Ultra Large Container Vessel,4500,Singapore
SR08728,SHP08728,Vessel-08728,Hapag-Lloyd,Panamax,6500,Liberia
SR08729,SHP08729,Vessel-08729,Evergreen,Post-Panamax,8500,Panama
SR08730,SHP08730,Vessel-08730,ONE,Ultra Large Container Vessel,12000,Malta
SR08731,SHP08731,Vessel-08731,Maersk,Panamax,3000,India
SR08732,SHP08732,Vessel-08732,MSC,Post-Panamax,4500,Singapore
SR08733,SHP08733,Vessel-08733,CMA CGM,Ultra Large Container Vessel,6500,Liberia
SR08734,SHP08734,Vessel-08734,Hapag-Lloyd,Panamax,8500,Panama
SR08735,SHP08735,Vessel-08735,Evergreen,Post-Panamax,12000,Malta
SR08736,SHP08736,Vessel-08736,ONE,Ultra Large Container Vessel,3000,India
SR08737,SHP08737,Vessel-08737,Maersk,Panamax,4500,Singapore
SR08738,SHP08738,Vessel-08738,MSC,Post-Panamax,6500,Liberia
SR08739,SHP08739,Vessel-08739,CMA CGM,Ultra Large Container Vessel,8500,Panama
SR08740,SHP08740,Vessel-08740,Hapag-Lloyd,Panamax,12000,Malta
SR08741,SHP08741,Vessel-08741,Evergreen,Post-Panamax,3000,India
SR08742,SHP08742,Vessel-08742,ONE,Ultra Large Container Vessel,4500,Singapore
SR08743,SHP08743,Vessel-08743,Maersk,Panamax,6500,Liberia
SR08744,SHP08744,Vessel-08744,MSC,Post-Panamax,8500,Panama
SR08745,SHP08745,Vessel-08745,CMA CGM,Ultra Large Container Vessel,12000,Malta
SR08746,SHP08746,Vessel-08746,Hapag-Lloyd,Panamax,3000,India
SR08747,SHP08747,Vessel-08747,Evergreen,Post-Panamax,4500,Singapore
SR08748,SHP08748,Vessel-08748,ONE,Ultra Large Container Vessel,6500,Liberia
SR08749,SHP08749,Vessel-08749,Maersk,Panamax,8500,Panama
SR08750,SHP08750,Vessel-08750,MSC,Post-Panamax,12000,Malta
SR08751,SHP08751,Vessel-08751,CMA CGM,Ultra Large Container Vessel,3000,India
SR08752,SHP08752,Vessel-08752,Hapag-Lloyd,Panamax,4500,Singapore
SR08753,SHP08753,Vessel-08753,Evergreen,Post-Panamax,6500,Liberia
SR08754,SHP08754,Vessel-08754,ONE,Ultra Large Container Vessel,8500,Panama
SR08755,SHP08755,Vessel-08755,Maersk,Panamax,12000,Malta
SR08756,SHP08756,Vessel-08756,MSC,Post-Panamax,3000,India
SR08757,SHP08757,Vessel-08757,CMA CGM,Ultra Large Container Vessel,4500,Singapore
SR08758,SHP08758,Vessel-08758,Hapag-Lloyd,Panamax,6500,Liberia
SR08759,SHP08759,Vessel-08759,Evergreen,Post-Panamax,8500,Panama
SR08760,SHP08760,Vessel-08760,ONE,Ultra Large Container Vessel,12000,Malta
SR08761,SHP08761,Vessel-08761,Maersk,Panamax,3000,India
SR08762,SHP08762,Vessel-08762,MSC,Post-Panamax,4500,Singapore
SR08763,SHP08763,Vessel-08763,CMA CGM,Ultra Large Container Vessel,6500,Liberia
SR08764,SHP08764,Vessel-08764,Hapag-Lloyd,Panamax,8500,Panama
SR08765,SHP08765,Vessel-08765,Evergreen,Post-Panamax,12000,Malta
SR08766,SHP08766,Vessel-08766,ONE,Ultra Large Container Vessel,3000,India
SR08767,SHP08767,Vessel-08767,Maersk,Panamax,4500,Singapore
SR08768,SHP08768,Vessel-08768,MSC,Post-Panamax,6500,Liberia
SR08769,SHP08769,Vessel-08769,CMA CGM,Ultra Large Container Vessel,8500,Panama
SR08770,SHP08770,Vessel-08770,Hapag-Lloyd,Panamax,12000,Malta
SR08771,SHP08771,Vessel-08771,Evergreen,Post-Panamax,3000,India
SR08772,SHP08772,Vessel-08772,ONE,Ultra Large Container Vessel,4500,Singapore
SR08773,SHP08773,Vessel-08773,Maersk,Panamax,6500,Liberia
SR08774,SHP08774,Vessel-08774,MSC,Post-Panamax,8500,Panama
SR08775,SHP08775,Vessel-08775,CMA CGM,Ultra Large Container Vessel,12000,Malta
SR08776,SHP08776,Vessel-08776,Hapag-Lloyd,Panamax,3000,India
SR08777,SHP08777,Vessel-08777,Evergreen,Post-Panamax,4500,Singapore
SR08778,SHP08778,Vessel-08778,ONE,Ultra Large Container Vessel,6500,Liberia
SR08779,SHP08779,Vessel-08779,Maersk,Panamax,8500,Panama
SR08780,SHP08780,Vessel-08780,MSC,Post-Panamax,12000,Malta
SR08781,SHP08781,Vessel-08781,CMA CGM,Ultra Large Container Vessel,3000,India
SR08782,SHP08782,Vessel-08782,Hapag-Lloyd,Panamax,4500,Singapore
SR08783,SHP08783,Vessel-08783,Evergreen,Post-Panamax,6500,Liberia
SR08784,SHP08784,Vessel-08784,ONE,Ultra Large Container Vessel,8500,Panama
SR08785,SHP08785,Vessel-08785,Maersk,Panamax,12000,Malta
SR08786,SHP08786,Vessel-08786,MSC,Post-Panamax,3000,India
SR08787,SHP08787,Vessel-08787,CMA CGM,Ultra Large Container Vessel,4500,Singapore
SR08788,SHP08788,Vessel-08788,Hapag-Lloyd,Panamax,6500,Liberia
SR08789,SHP08789,Vessel-08789,Evergreen,Post-Panamax,8500,Panama
SR08790,SHP08790,Vessel-08790,ONE,Ultra Large Container Vessel,12000,Malta
SR08791,SHP08791,Vessel-08791,Maersk,Panamax,3000,India
SR08792,SHP08792,Vessel-08792,MSC,Post-Panamax,4500,Singapore
SR08793,SHP08793,Vessel-08793,CMA CGM,Ultra Large Container Vessel,6500,Liberia
SR08794,SHP08794,Vessel-08794,Hapag-Lloyd,Panamax,8500,Panama
SR08795,SHP08795,Vessel-08795,Evergreen,Post-Panamax,12000,Malta
SR08796,SHP08796,Vessel-08796,ONE,Ultra Large Container Vessel,3000,India
SR08797,SHP08797,Vessel-08797,Maersk,Panamax,4500,Singapore
SR08798,SHP08798,Vessel-08798,MSC,Post-Panamax,6500,Liberia
SR08799,SHP08799,Vessel-08799,CMA CGM,Ultra Large Container Vessel,8500,Panama
SR08800,SHP08800,Vessel-08800,Hapag-Lloyd,Panamax,12000,Malta
SR08801,SHP08801,Vessel-08801,Evergreen,Post-Panamax,3000,India
SR08802,SHP08802,Vessel-08802,ONE,Ultra Large Container Vessel,4500,Singapore
SR08803,SHP08803,Vessel-08803,Maersk,Panamax,6500,Liberia
SR08804,SHP08804,Vessel-08804,MSC,Post-Panamax,8500,Panama
SR08805,SHP08805,Vessel-08805,CMA CGM,Ultra Large Container Vessel,12000,Malta
SR08806,SHP08806,Vessel-08806,Hapag-Lloyd,Panamax,3000,India
SR08807,SHP08807,Vessel-08807,Evergreen,Post-Panamax,4500,Singapore
SR08808,SHP08808,Vessel-08808,ONE,Ultra Large Container Vessel,6500,Liberia
SR08809,SHP08809,Vessel-08809,Maersk,Panamax,8500,Panama
SR08810,SHP08810,Vessel-08810,MSC,Post-Panamax,12000,Malta
SR08811,SHP08811,Vessel-08811,CMA CGM,Ultra Large Container Vessel,3000,India
SR08812,SHP08812,Vessel-08812,Hapag-Lloyd,Panamax,4500,Singapore
SR08813,SHP08813,Vessel-08813,Evergreen,Post-Panamax,6500,Liberia
SR08814,SHP08814,Vessel-08814,ONE,Ultra Large Container Vessel,8500,Panama
SR08815,SHP08815,Vessel-08815,Maersk,Panamax,12000,Malta
SR08816,SHP08816,Vessel-08816,MSC,Post-Panamax,3000,India
SR08817,SHP08817,Vessel-08817,CMA CGM,Ultra Large Container Vessel,4500,Singapore
SR08818,SHP08818,Vessel-08818,Hapag-Lloyd,Panamax,6500,Liberia
SR08819,SHP08819,Vessel-08819,Evergreen,Post-Panamax,8500,Panama
SR08820,SHP08820,Vessel-08820,ONE,Ultra Large Container Vessel,12000,Malta
SR08821,SHP08821,Vessel-08821,Maersk,Panamax,3000,India
SR08822,SHP08822,Vessel-08822,MSC,Post-Panamax,4500,Singapore
SR08823,SHP08823,Vessel-08823,CMA CGM,Ultra Large Container Vessel,6500,Liberia
SR08824,SHP08824,Vessel-08824,Hapag-Lloyd,Panamax,8500,Panama
SR08825,SHP08825,Vessel-08825,Evergreen,Post-Panamax,12000,Malta
SR08826,SHP08826,Vessel-08826,ONE,Ultra Large Container Vessel,3000,India
SR08827,SHP08827,Vessel-08827,Maersk,Panamax,4500,Singapore
SR08828,SHP08828,Vessel-08828,MSC,Post-Panamax,6500,Liberia
SR08829,SHP08829,Vessel-08829,CMA CGM,Ultra Large Container Vessel,8500,Panama
SR08830,SHP08830,Vessel-08830,Hapag-Lloyd,Panamax,12000,Malta
SR08831,SHP08831,Vessel-08831,Evergreen,Post-Panamax,3000,India
SR08832,SHP08832,Vessel-08832,ONE,Ultra Large Container Vessel,4500,Singapore
SR08833,SHP08833,Vessel-08833,Maersk,Panamax,6500,Liberia
SR08834,SHP08834,Vessel-08834,MSC,Post-Panamax,8500,Panama
SR08835,SHP08835,Vessel-08835,CMA CGM,Ultra Large Container Vessel,12000,Malta
SR08836,SHP08836,Vessel-08836,Hapag-Lloyd,Panamax,3000,India
SR08837,SHP08837,Vessel-08837,Evergreen,Post-Panamax,4500,Singapore
SR08838,SHP08838,Vessel-08838,ONE,Ultra Large Container Vessel,6500,Liberia
SR08839,SHP08839,Vessel-08839,Maersk,Panamax,8500,Panama
SR08840,SHP08840,Vessel-08840,MSC,Post-Panamax,12000,Malta
SR08841,SHP08841,Vessel-08841,CMA CGM,Ultra Large Container Vessel,3000,India
SR08842,SHP08842,Vessel-08842,Hapag-Lloyd,Panamax,4500,Singapore
SR08843,SHP08843,Vessel-08843,Evergreen,Post-Panamax,6500,Liberia
SR08844,SHP08844,Vessel-08844,ONE,Ultra Large Container Vessel,8500,Panama
SR08845,SHP08845,Vessel-08845,Maersk,Panamax,12000,Malta
SR08846,SHP08846,Vessel-08846,MSC,Post-Panamax,3000,India
SR08847,SHP08847,Vessel-08847,CMA CGM,Ultra Large Container Vessel,4500,Singapore
SR08848,SHP08848,Vessel-08848,Hapag-Lloyd,Panamax,6500,Liberia
SR08849,SHP08849,Vessel-08849,Evergreen,Post-Panamax,8500,Panama
SR08850,SHP08850,Vessel-08850,ONE,Ultra Large Container Vessel,12000,Malta
SR08851,SHP08851,Vessel-08851,Maersk,Panamax,3000,India
SR08852,SHP08852,Vessel-08852,MSC,Post-Panamax,4500,Singapore
SR08853,SHP08853,Vessel-08853,CMA CGM,Ultra Large Container Vessel,6500,Liberia
SR08854,SHP08854,Vessel-08854,Hapag-Lloyd,Panamax,8500,Panama
SR08855,SHP08855,Vessel-08855,Evergreen,Post-Panamax,12000,Malta
SR08856,SHP08856,Vessel-08856,ONE,Ultra Large Container Vessel,3000,India
SR08857,SHP08857,Vessel-08857,Maersk,Panamax,4500,Singapore
SR08858,SHP08858,Vessel-08858,MSC,Post-Panamax,6500,Liberia
SR08859,SHP08859,Vessel-08859,CMA CGM,Ultra Large Container Vessel,8500,Panama
SR08860,SHP08860,Vessel-08860,Hapag-Lloyd,Panamax,12000,Malta
SR08861,SHP08861,Vessel-08861,Evergreen,Post-Panamax,3000,India
SR08862,SHP08862,Vessel-08862,ONE,Ultra Large Container Vessel,4500,Singapore
SR08863,SHP08863,Vessel-08863,Maersk,Panamax,6500,Liberia
SR08864,SHP08864,Vessel-08864,MSC,Post-Panamax,8500,Panama
SR08865,SHP08865,Vessel-08865,CMA CGM,Ultra Large Container Vessel,12000,Malta
SR08866,SHP08866,Vessel-08866,Hapag-Lloyd,Panamax,3000,India
SR08867,SHP08867,Vessel-08867,Evergreen,Post-Panamax,4500,Singapore
SR08868,SHP08868,Vessel-08868,ONE,Ultra Large Container Vessel,6500,Liberia
SR08869,SHP08869,Vessel-08869,Maersk,Panamax,8500,Panama
SR08870,SHP08870,Vessel-08870,MSC,Post-Panamax,12000,Malta
SR08871,SHP08871,Vessel-08871,CMA CGM,Ultra Large Container Vessel,3000,India
SR08872,SHP08872,Vessel-08872,Hapag-Lloyd,Panamax,4500,Singapore
SR08873,SHP08873,Vessel-08873,Evergreen,Post-Panamax,6500,Liberia
SR08874,SHP08874,Vessel-08874,ONE,Ultra Large Container Vessel,8500,Panama
SR08875,SHP08875,Vessel-08875,Maersk,Panamax,12000,Malta
SR08876,SHP08876,Vessel-08876,MSC,Post-Panamax,3000,India
SR08877,SHP08877,Vessel-08877,CMA CGM,Ultra Large Container Vessel,4500,Singapore
SR08878,SHP08878,Vessel-08878,Hapag-Lloyd,Panamax,6500,Liberia
SR08879,SHP08879,Vessel-08879,Evergreen,Post-Panamax,8500,Panama
SR08880,SHP08880,Vessel-08880,ONE,Ultra Large Container Vessel,12000,Malta
SR08881,SHP08881,Vessel-08881,Maersk,Panamax,3000,India
SR08882,SHP08882,Vessel-08882,MSC,Post-Panamax,4500,Singapore
SR08883,SHP08883,Vessel-08883,CMA CGM,Ultra Large Container Vessel,6500,Liberia
SR08884,SHP08884,Vessel-08884,Hapag-Lloyd,Panamax,8500,Panama
SR08885,SHP08885,Vessel-08885,Evergreen,Post-Panamax,12000,Malta
SR08886,SHP08886,Vessel-08886,ONE,Ultra Large Container Vessel,3000,India
SR08887,SHP08887,Vessel-08887,Maersk,Panamax,4500,Singapore
SR08888,SHP08888,Vessel-08888,MSC,Post-Panamax,6500,Liberia
SR08889,SHP08889,Vessel-08889,CMA CGM,Ultra Large Container Vessel,8500,Panama
SR08890,SHP08890,Vessel-08890,Hapag-Lloyd,Panamax,12000,Malta
SR08891,SHP08891,Vessel-08891,Evergreen,Post-Panamax,3000,India
SR08892,SHP08892,Vessel-08892,ONE,Ultra Large Container Vessel,4500,Singapore
SR08893,SHP08893,Vessel-08893,Maersk,Panamax,6500,Liberia
SR08894,SHP08894,Vessel-08894,MSC,Post-Panamax,8500,Panama
SR08895,SHP08895,Vessel-08895,CMA CGM,Ultra Large Container Vessel,12000,Malta
SR08896,SHP08896,Vessel-08896,Hapag-Lloyd,Panamax,3000,India
SR08897,SHP08897,Vessel-08897,Evergreen,Post-Panamax,4500,Singapore
SR08898,SHP08898,Vessel-08898,ONE,Ultra Large Container Vessel,6500,Liberia
SR08899,SHP08899,Vessel-08899,Maersk,Panamax,8500,Panama
SR08900,SHP08900,Vessel-08900,MSC,Post-Panamax,12000,Malta
SR08901,SHP08901,Vessel-08901,CMA CGM,Ultra Large Container Vessel,3000,India
SR08902,SHP08902,Vessel-08902,Hapag-Lloyd,Panamax,4500,Singapore
SR08903,SHP08903,Vessel-08903,Evergreen,Post-Panamax,6500,Liberia
SR08904,SHP08904,Vessel-08904,ONE,Ultra Large Container Vessel,8500,Panama
SR08905,SHP08905,Vessel-08905,Maersk,Panamax,12000,Malta
SR08906,SHP08906,Vessel-08906,MSC,Post-Panamax,3000,India
SR08907,SHP08907,Vessel-08907,CMA CGM,Ultra Large Container Vessel,4500,Singapore
SR08908,SHP08908,Vessel-08908,Hapag-Lloyd,Panamax,6500,Liberia
SR08909,SHP08909,Vessel-08909,Evergreen,Post-Panamax,8500,Panama
SR08910,SHP08910,Vessel-08910,ONE,Ultra Large Container Vessel,12000,Malta
SR08911,SHP08911,Vessel-08911,Maersk,Panamax,3000,India
SR08912,SHP08912,Vessel-08912,MSC,Post-Panamax,4500,Singapore
SR08913,SHP08913,Vessel-08913,CMA CGM,Ultra Large Container Vessel,6500,Liberia
SR08914,SHP08914,Vessel-08914,Hapag-Lloyd,Panamax,8500,Panama
SR08915,SHP08915,Vessel-08915,Evergreen,Post-Panamax,12000,Malta
SR08916,SHP08916,Vessel-08916,ONE,Ultra Large Container Vessel,3000,India
SR08917,SHP08917,Vessel-08917,Maersk,Panamax,4500,Singapore
SR08918,SHP08918,Vessel-08918,MSC,Post-Panamax,6500,Liberia
SR08919,SHP08919,Vessel-08919,CMA CGM,Ultra Large Container Vessel,8500,Panama
SR08920,SHP08920,Vessel-08920,Hapag-Lloyd,Panamax,12000,Malta
SR08921,SHP08921,Vessel-08921,Evergreen,Post-Panamax,3000,India
SR08922,SHP08922,Vessel-08922,ONE,Ultra Large Container Vessel,4500,Singapore
SR08923,SHP08923,Vessel-08923,Maersk,Panamax,6500,Liberia
SR08924,SHP08924,Vessel-08924,MSC,Post-Panamax,8500,Panama
SR08925,SHP08925,Vessel-08925,CMA CGM,Ultra Large Container Vessel,12000,Malta
SR08926,SHP08926,Vessel-08926,Hapag-Lloyd,Panamax,3000,India
SR08927,SHP08927,Vessel-08927,Evergreen,Post-Panamax,4500,Singapore
SR08928,SHP08928,Vessel-08928,ONE,Ultra Large Container Vessel,6500,Liberia
SR08929,SHP08929,Vessel-08929,Maersk,Panamax,8500,Panama
SR08930,SHP08930,Vessel-08930,MSC,Post-Panamax,12000,Malta
SR08931,SHP08931,Vessel-08931,CMA CGM,Ultra Large Container Vessel,3000,India
SR08932,SHP08932,Vessel-08932,Hapag-Lloyd,Panamax,4500,Singapore
SR08933,SHP08933,Vessel-08933,Evergreen,Post-Panamax,6500,Liberia
SR08934,SHP08934,Vessel-08934,ONE,Ultra Large Container Vessel,8500,Panama
SR08935,SHP08935,Vessel-08935,Maersk,Panamax,12000,Malta
SR08936,SHP08936,Vessel-08936,MSC,Post-Panamax,3000,India
SR08937,SHP08937,Vessel-08937,CMA CGM,Ultra Large Container Vessel,4500,Singapore
SR08938,SHP08938,Vessel-08938,Hapag-Lloyd,Panamax,6500,Liberia
SR08939,SHP08939,Vessel-08939,Evergreen,Post-Panamax,8500,Panama
SR08940,SHP08940,Vessel-08940,ONE,Ultra Large Container Vessel,12000,Malta
SR08941,SHP08941,Vessel-08941,Maersk,Panamax,3000,India
SR08942,SHP08942,Vessel-08942,MSC,Post-Panamax,4500,Singapore
SR08943,SHP08943,Vessel-08943,CMA CGM,Ultra Large Container Vessel,6500,Liberia
SR08944,SHP08944,Vessel-08944,Hapag-Lloyd,Panamax,8500,Panama
SR08945,SHP08945,Vessel-08945,Evergreen,Post-Panamax,12000,Malta
SR08946,SHP08946,Vessel-08946,ONE,Ultra Large Container Vessel,3000,India
SR08947,SHP08947,Vessel-08947,Maersk,Panamax,4500,Singapore
SR08948,SHP08948,Vessel-08948,MSC,Post-Panamax,6500,Liberia
SR08949,SHP08949,Vessel-08949,CMA CGM,Ultra Large Container Vessel,8500,Panama
SR08950,SHP08950,Vessel-08950,Hapag-Lloyd,Panamax,12000,Malta
SR08951,SHP08951,Vessel-08951,Evergreen,Post-Panamax,3000,India
SR08952,SHP08952,Vessel-08952,ONE,Ultra Large Container Vessel,4500,Singapore
SR08953,SHP08953,Vessel-08953,Maersk,Panamax,6500,Liberia
SR08954,SHP08954,Vessel-08954,MSC,Post-Panamax,8500,Panama
SR08955,SHP08955,Vessel-08955,CMA CGM,Ultra Large Container Vessel,12000,Malta
SR08956,SHP08956,Vessel-08956,Hapag-Lloyd,Panamax,3000,India
SR08957,SHP08957,Vessel-08957,Evergreen,Post-Panamax,4500,Singapore
SR08958,SHP08958,Vessel-08958,ONE,Ultra Large Container Vessel,6500,Liberia
SR08959,SHP08959,Vessel-08959,Maersk,Panamax,8500,Panama
SR08960,SHP08960,Vessel-08960,MSC,Post-Panamax,12000,Malta
SR08961,SHP08961,Vessel-08961,CMA CGM,Ultra Large Container Vessel,3000,India
SR08962,SHP08962,Vessel-08962,Hapag-Lloyd,Panamax,4500,Singapore
SR08963,SHP08963,Vessel-08963,Evergreen,Post-Panamax,6500,Liberia
SR08964,SHP08964,Vessel-08964,ONE,Ultra Large Container Vessel,8500,Panama
SR08965,SHP08965,Vessel-08965,Maersk,Panamax,12000,Malta
SR08966,SHP08966,Vessel-08966,MSC,Post-Panamax,3000,India
SR08967,SHP08967,Vessel-08967,CMA CGM,Ultra Large Container Vessel,4500,Singapore
SR08968,SHP08968,Vessel-08968,Hapag-Lloyd,Panamax,6500,Liberia
SR08969,SHP08969,Vessel-08969,Evergreen,Post-Panamax,8500,Panama
SR08970,SHP08970,Vessel-08970,ONE,Ultra Large Container Vessel,12000,Malta
SR08971,SHP08971,Vessel-08971,Maersk,Panamax,3000,India
SR08972,SHP08972,Vessel-08972,MSC,Post-Panamax,4500,Singapore
SR08973,SHP08973,Vessel-08973,CMA CGM,Ultra Large Container Vessel,6500,Liberia
SR08974,SHP08974,Vessel-08974,Hapag-Lloyd,Panamax,8500,Panama
SR08975,SHP08975,Vessel-08975,Evergreen,Post-Panamax,12000,Malta
SR08976,SHP08976,Vessel-08976,ONE,Ultra Large Container Vessel,3000,India
SR08977,SHP08977,Vessel-08977,Maersk,Panamax,4500,Singapore
SR08978,SHP08978,Vessel-08978,MSC,Post-Panamax,6500,Liberia
SR08979,SHP08979,Vessel-08979,CMA CGM,Ultra Large Container Vessel,8500,Panama
SR08980,SHP08980,Vessel-08980,Hapag-Lloyd,Panamax,12000,Malta
SR08981,SHP08981,Vessel-08981,Evergreen,Post-Panamax,3000,India
SR08982,SHP08982,Vessel-08982,ONE,Ultra Large Container Vessel,4500,Singapore
SR08983,SHP08983,Vessel-08983,Maersk,Panamax,6500,Liberia
SR08984,SHP08984,Vessel-08984,MSC,Post-Panamax,8500,Panama
SR08985,SHP08985,Vessel-08985,CMA CGM,Ultra Large Container Vessel,12000,Malta
SR08986,SHP08986,Vessel-08986,Hapag-Lloyd,Panamax,3000,India
SR08987,SHP08987,Vessel-08987,Evergreen,Post-Panamax,4500,Singapore
SR08988,SHP08988,Vessel-08988,ONE,Ultra Large Container Vessel,6500,Liberia
SR08989,SHP08989,Vessel-08989,Maersk,Panamax,8500,Panama
SR08990,SHP08990,Vessel-08990,MSC,Post-Panamax,12000,Malta
SR08991,SHP08991,Vessel-08991,CMA CGM,Ultra Large Container Vessel,3000,India
SR08992,SHP08992,Vessel-08992,Hapag-Lloyd,Panamax,4500,Singapore
SR08993,SHP08993,Vessel-08993,Evergreen,Post-Panamax,6500,Liberia
SR08994,SHP08994,Vessel-08994,ONE,Ultra Large Container Vessel,8500,Panama
SR08995,SHP08995,Vessel-08995,Maersk,Panamax,12000,Malta
SR08996,SHP08996,Vessel-08996,MSC,Post-Panamax,3000,India
SR08997,SHP08997,Vessel-08997,CMA CGM,Ultra Large Container Vessel,4500,Singapore
SR08998,SHP08998,Vessel-08998,Hapag-Lloyd,Panamax,6500,Liberia
SR08999,SHP08999,Vessel-08999,Evergreen,Post-Panamax,8500,Panama
SR09000,SHP09000,Vessel-09000,ONE,Ultra Large Container Vessel,12000,Malta
SR09001,SHP09001,Vessel-09001,Maersk,Panamax,3000,India
SR09002,SHP09002,Vessel-09002,MSC,Post-Panamax,4500,Singapore
SR09003,SHP09003,Vessel-09003,CMA CGM,Ultra Large Container Vessel,6500,Liberia
SR09004,SHP09004,Vessel-09004,Hapag-Lloyd,Panamax,8500,Panama
SR09005,SHP09005,Vessel-09005,Evergreen,Post-Panamax,12000,Malta
SR09006,SHP09006,Vessel-09006,ONE,Ultra Large Container Vessel,3000,India
SR09007,SHP09007,Vessel-09007,Maersk,Panamax,4500,Singapore
SR09008,SHP09008,Vessel-09008,MSC,Post-Panamax,6500,Liberia
SR09009,SHP09009,Vessel-09009,CMA CGM,Ultra Large Container Vessel,8500,Panama
SR09010,SHP09010,Vessel-09010,Hapag-Lloyd,Panamax,12000,Malta
SR09011,SHP09011,Vessel-09011,Evergreen,Post-Panamax,3000,India
SR09012,SHP09012,Vessel-09012,ONE,Ultra Large Container Vessel,4500,Singapore
SR09013,SHP09013,Vessel-09013,Maersk,Panamax,6500,Liberia
SR09014,SHP09014,Vessel-09014,MSC,Post-Panamax,8500,Panama
SR09015,SHP09015,Vessel-09015,CMA CGM,Ultra Large Container Vessel,12000,Malta
SR09016,SHP09016,Vessel-09016,Hapag-Lloyd,Panamax,3000,India
SR09017,SHP09017,Vessel-09017,Evergreen,Post-Panamax,4500,Singapore
SR09018,SHP09018,Vessel-09018,ONE,Ultra Large Container Vessel,6500,Liberia
SR09019,SHP09019,Vessel-09019,Maersk,Panamax,8500,Panama
SR09020,SHP09020,Vessel-09020,MSC,Post-Panamax,12000,Malta
SR09021,SHP09021,Vessel-09021,CMA CGM,Ultra Large Container Vessel,3000,India
SR09022,SHP09022,Vessel-09022,Hapag-Lloyd,Panamax,4500,Singapore
SR09023,SHP09023,Vessel-09023,Evergreen,Post-Panamax,6500,Liberia
SR09024,SHP09024,Vessel-09024,ONE,Ultra Large Container Vessel,8500,Panama
SR09025,SHP09025,Vessel-09025,Maersk,Panamax,12000,Malta
SR09026,SHP09026,Vessel-09026,MSC,Post-Panamax,3000,India
SR09027,SHP09027,Vessel-09027,CMA CGM,Ultra Large Container Vessel,4500,Singapore
SR09028,SHP09028,Vessel-09028,Hapag-Lloyd,Panamax,6500,Liberia
SR09029,SHP09029,Vessel-09029,Evergreen,Post-Panamax,8500,Panama
SR09030,SHP09030,Vessel-09030,ONE,Ultra Large Container Vessel,12000,Malta
SR09031,SHP09031,Vessel-09031,Maersk,Panamax,3000,India
SR09032,SHP09032,Vessel-09032,MSC,Post-Panamax,4500,Singapore
SR09033,SHP09033,Vessel-09033,CMA CGM,Ultra Large Container Vessel,6500,Liberia
SR09034,SHP09034,Vessel-09034,Hapag-Lloyd,Panamax,8500,Panama
SR09035,SHP09035,Vessel-09035,Evergreen,Post-Panamax,12000,Malta
SR09036,SHP09036,Vessel-09036,ONE,Ultra Large Container Vessel,3000,India
SR09037,SHP09037,Vessel-09037,Maersk,Panamax,4500,Singapore
SR09038,SHP09038,Vessel-09038,MSC,Post-Panamax,6500,Liberia
SR09039,SHP09039,Vessel-09039,CMA CGM,Ultra Large Container Vessel,8500,Panama
SR09040,SHP09040,Vessel-09040,Hapag-Lloyd,Panamax,12000,Malta
SR09041,SHP09041,Vessel-09041,Evergreen,Post-Panamax,3000,India
SR09042,SHP09042,Vessel-09042,ONE,Ultra Large Container Vessel,4500,Singapore
SR09043,SHP09043,Vessel-09043,Maersk,Panamax,6500,Liberia
SR09044,SHP09044,Vessel-09044,MSC,Post-Panamax,8500,Panama
SR09045,SHP09045,Vessel-09045,CMA CGM,Ultra Large Container Vessel,12000,Malta
SR09046,SHP09046,Vessel-09046,Hapag-Lloyd,Panamax,3000,India
SR09047,SHP09047,Vessel-09047,Evergreen,Post-Panamax,4500,Singapore
SR09048,SHP09048,Vessel-09048,ONE,Ultra Large Container Vessel,6500,Liberia
SR09049,SHP09049,Vessel-09049,Maersk,Panamax,8500,Panama
SR09050,SHP09050,Vessel-09050,MSC,Post-Panamax,12000,Malta
SR09051,SHP09051,Vessel-09051,CMA CGM,Ultra Large Container Vessel,3000,India
SR09052,SHP09052,Vessel-09052,Hapag-Lloyd,Panamax,4500,Singapore
SR09053,SHP09053,Vessel-09053,Evergreen,Post-Panamax,6500,Liberia
SR09054,SHP09054,Vessel-09054,ONE,Ultra Large Container Vessel,8500,Panama
SR09055,SHP09055,Vessel-09055,Maersk,Panamax,12000,Malta
SR09056,SHP09056,Vessel-09056,MSC,Post-Panamax,3000,India
SR09057,SHP09057,Vessel-09057,CMA CGM,Ultra Large Container Vessel,4500,Singapore
SR09058,SHP09058,Vessel-09058,Hapag-Lloyd,Panamax,6500,Liberia
SR09059,SHP09059,Vessel-09059,Evergreen,Post-Panamax,8500,Panama
SR09060,SHP09060,Vessel-09060,ONE,Ultra Large Container Vessel,12000,Malta
SR09061,SHP09061,Vessel-09061,Maersk,Panamax,3000,India
SR09062,SHP09062,Vessel-09062,MSC,Post-Panamax,4500,Singapore
SR09063,SHP09063,Vessel-09063,CMA CGM,Ultra Large Container Vessel,6500,Liberia
SR09064,SHP09064,Vessel-09064,Hapag-Lloyd,Panamax,8500,Panama
SR09065,SHP09065,Vessel-09065,Evergreen,Post-Panamax,12000,Malta
SR09066,SHP09066,Vessel-09066,ONE,Ultra Large Container Vessel,3000,India
SR09067,SHP09067,Vessel-09067,Maersk,Panamax,4500,Singapore
SR09068,SHP09068,Vessel-09068,MSC,Post-Panamax,6500,Liberia
SR09069,SHP09069,Vessel-09069,CMA CGM,Ultra Large Container Vessel,8500,Panama
SR09070,SHP09070,Vessel-09070,Hapag-Lloyd,Panamax,12000,Malta
SR09071,SHP09071,Vessel-09071,Evergreen,Post-Panamax,3000,India
SR09072,SHP09072,Vessel-09072,ONE,Ultra Large Container Vessel,4500,Singapore
SR09073,SHP09073,Vessel-09073,Maersk,Panamax,6500,Liberia
SR09074,SHP09074,Vessel-09074,MSC,Post-Panamax,8500,Panama
SR09075,SHP09075,Vessel-09075,CMA CGM,Ultra Large Container Vessel,12000,Malta
SR09076,SHP09076,Vessel-09076,Hapag-Lloyd,Panamax,3000,India
SR09077,SHP09077,Vessel-09077,Evergreen,Post-Panamax,4500,Singapore
SR09078,SHP09078,Vessel-09078,ONE,Ultra Large Container Vessel,6500,Liberia
SR09079,SHP09079,Vessel-09079,Maersk,Panamax,8500,Panama
SR09080,SHP09080,Vessel-09080,MSC,Post-Panamax,12000,Malta
SR09081,SHP09081,Vessel-09081,CMA CGM,Ultra Large Container Vessel,3000,India
SR09082,SHP09082,Vessel-09082,Hapag-Lloyd,Panamax,4500,Singapore
SR09083,SHP09083,Vessel-09083,Evergreen,Post-Panamax,6500,Liberia
SR09084,SHP09084,Vessel-09084,ONE,Ultra Large Container Vessel,8500,Panama
SR09085,SHP09085,Vessel-09085,Maersk,Panamax,12000,Malta
SR09086,SHP09086,Vessel-09086,MSC,Post-Panamax,3000,India
SR09087,SHP09087,Vessel-09087,CMA CGM,Ultra Large Container Vessel,4500,Singapore
SR09088,SHP09088,Vessel-09088,Hapag-Lloyd,Panamax,6500,Liberia
SR09089,SHP09089,Vessel-09089,Evergreen,Post-Panamax,8500,Panama
SR09090,SHP09090,Vessel-09090,ONE,Ultra Large Container Vessel,12000,Malta
SR09091,SHP09091,Vessel-09091,Maersk,Panamax,3000,India
SR09092,SHP09092,Vessel-09092,MSC,Post-Panamax,4500,Singapore
SR09093,SHP09093,Vessel-09093,CMA CGM,Ultra Large Container Vessel,6500,Liberia
SR09094,SHP09094,Vessel-09094,Hapag-Lloyd,Panamax,8500,Panama
SR09095,SHP09095,Vessel-09095,Evergreen,Post-Panamax,12000,Malta
SR09096,SHP09096,Vessel-09096,ONE,Ultra Large Container Vessel,3000,India
SR09097,SHP09097,Vessel-09097,Maersk,Panamax,4500,Singapore
SR09098,SHP09098,Vessel-09098,MSC,Post-Panamax,6500,Liberia
SR09099,SHP09099,Vessel-09099,CMA CGM,Ultra Large Container Vessel,8500,Panama
SR09100,SHP09100,Vessel-09100,Hapag-Lloyd,Panamax,12000,Malta
SR09101,SHP09101,Vessel-09101,Evergreen,Post-Panamax,3000,India
SR09102,SHP09102,Vessel-09102,ONE,Ultra Large Container Vessel,4500,Singapore
SR09103,SHP09103,Vessel-09103,Maersk,Panamax,6500,Liberia
SR09104,SHP09104,Vessel-09104,MSC,Post-Panamax,8500,Panama
SR09105,SHP09105,Vessel-09105,CMA CGM,Ultra Large Container Vessel,12000,Malta
SR09106,SHP09106,Vessel-09106,Hapag-Lloyd,Panamax,3000,India
SR09107,SHP09107,Vessel-09107,Evergreen,Post-Panamax,4500,Singapore
SR09108,SHP09108,Vessel-09108,ONE,Ultra Large Container Vessel,6500,Liberia
SR09109,SHP09109,Vessel-09109,Maersk,Panamax,8500,Panama
SR09110,SHP09110,Vessel-09110,MSC,Post-Panamax,12000,Malta
SR09111,SHP09111,Vessel-09111,CMA CGM,Ultra Large Container Vessel,3000,India
SR09112,SHP09112,Vessel-09112,Hapag-Lloyd,Panamax,4500,Singapore
SR09113,SHP09113,Vessel-09113,Evergreen,Post-Panamax,6500,Liberia
SR09114,SHP09114,Vessel-09114,ONE,Ultra Large Container Vessel,8500,Panama
SR09115,SHP09115,Vessel-09115,Maersk,Panamax,12000,Malta
SR09116,SHP09116,Vessel-09116,MSC,Post-Panamax,3000,India
SR09117,SHP09117,Vessel-09117,CMA CGM,Ultra Large Container Vessel,4500,Singapore
SR09118,SHP09118,Vessel-09118,Hapag-Lloyd,Panamax,6500,Liberia
SR09119,SHP09119,Vessel-09119,Evergreen,Post-Panamax,8500,Panama
SR09120,SHP09120,Vessel-09120,ONE,Ultra Large Container Vessel,12000,Malta
SR09121,SHP09121,Vessel-09121,Maersk,Panamax,3000,India
SR09122,SHP09122,Vessel-09122,MSC,Post-Panamax,4500,Singapore
SR09123,SHP09123,Vessel-09123,CMA CGM,Ultra Large Container Vessel,6500,Liberia
SR09124,SHP09124,Vessel-09124,Hapag-Lloyd,Panamax,8500,Panama
SR09125,SHP09125,Vessel-09125,Evergreen,Post-Panamax,12000,Malta
SR09126,SHP09126,Vessel-09126,ONE,Ultra Large Container Vessel,3000,India
SR09127,SHP09127,Vessel-09127,Maersk,Panamax,4500,Singapore
SR09128,SHP09128,Vessel-09128,MSC,Post-Panamax,6500,Liberia
SR09129,SHP09129,Vessel-09129,CMA CGM,Ultra Large Container Vessel,8500,Panama
SR09130,SHP09130,Vessel-09130,Hapag-Lloyd,Panamax,12000,Malta
SR09131,SHP09131,Vessel-09131,Evergreen,Post-Panamax,3000,India
SR09132,SHP09132,Vessel-09132,ONE,Ultra Large Container Vessel,4500,Singapore
SR09133,SHP09133,Vessel-09133,Maersk,Panamax,6500,Liberia
SR09134,SHP09134,Vessel-09134,MSC,Post-Panamax,8500,Panama
SR09135,SHP09135,Vessel-09135,CMA CGM,Ultra Large Container Vessel,12000,Malta
SR09136,SHP09136,Vessel-09136,Hapag-Lloyd,Panamax,3000,India
SR09137,SHP09137,Vessel-09137,Evergreen,Post-Panamax,4500,Singapore
SR09138,SHP09138,Vessel-09138,ONE,Ultra Large Container Vessel,6500,Liberia
SR09139,SHP09139,Vessel-09139,Maersk,Panamax,8500,Panama
SR09140,SHP09140,Vessel-09140,MSC,Post-Panamax,12000,Malta
SR09141,SHP09141,Vessel-09141,CMA CGM,Ultra Large Container Vessel,3000,India
SR09142,SHP09142,Vessel-09142,Hapag-Lloyd,Panamax,4500,Singapore
SR09143,SHP09143,Vessel-09143,Evergreen,Post-Panamax,6500,Liberia
SR09144,SHP09144,Vessel-09144,ONE,Ultra Large Container Vessel,8500,Panama
SR09145,SHP09145,Vessel-09145,Maersk,Panamax,12000,Malta
SR09146,SHP09146,Vessel-09146,MSC,Post-Panamax,3000,India
SR09147,SHP09147,Vessel-09147,CMA CGM,Ultra Large Container Vessel,4500,Singapore
SR09148,SHP09148,Vessel-09148,Hapag-Lloyd,Panamax,6500,Liberia
SR09149,SHP09149,Vessel-09149,Evergreen,Post-Panamax,8500,Panama
SR09150,SHP09150,Vessel-09150,ONE,Ultra Large Container Vessel,12000,Malta
SR09151,SHP09151,Vessel-09151,Maersk,Panamax,3000,India
SR09152,SHP09152,Vessel-09152,MSC,Post-Panamax,4500,Singapore
SR09153,SHP09153,Vessel-09153,CMA CGM,Ultra Large Container Vessel,6500,Liberia
SR09154,SHP09154,Vessel-09154,Hapag-Lloyd,Panamax,8500,Panama
SR09155,SHP09155,Vessel-09155,Evergreen,Post-Panamax,12000,Malta
SR09156,SHP09156,Vessel-09156,ONE,Ultra Large Container Vessel,3000,India
SR09157,SHP09157,Vessel-09157,Maersk,Panamax,4500,Singapore
SR09158,SHP09158,Vessel-09158,MSC,Post-Panamax,6500,Liberia
SR09159,SHP09159,Vessel-09159,CMA CGM,Ultra Large Container Vessel,8500,Panama
SR09160,SHP09160,Vessel-09160,Hapag-Lloyd,Panamax,12000,Malta
SR09161,SHP09161,Vessel-09161,Evergreen,Post-Panamax,3000,India
SR09162,SHP09162,Vessel-09162,ONE,Ultra Large Container Vessel,4500,Singapore
SR09163,SHP09163,Vessel-09163,Maersk,Panamax,6500,Liberia
SR09164,SHP09164,Vessel-09164,MSC,Post-Panamax,8500,Panama
SR09165,SHP09165,Vessel-09165,CMA CGM,Ultra Large Container Vessel,12000,Malta
SR09166,SHP09166,Vessel-09166,Hapag-Lloyd,Panamax,3000,India
SR09167,SHP09167,Vessel-09167,Evergreen,Post-Panamax,4500,Singapore
SR09168,SHP09168,Vessel-09168,ONE,Ultra Large Container Vessel,6500,Liberia
SR09169,SHP09169,Vessel-09169,Maersk,Panamax,8500,Panama
SR09170,SHP09170,Vessel-09170,MSC,Post-Panamax,12000,Malta
SR09171,SHP09171,Vessel-09171,CMA CGM,Ultra Large Container Vessel,3000,India
SR09172,SHP09172,Vessel-09172,Hapag-Lloyd,Panamax,4500,Singapore
SR09173,SHP09173,Vessel-09173,Evergreen,Post-Panamax,6500,Liberia
SR09174,SHP09174,Vessel-09174,ONE,Ultra Large Container Vessel,8500,Panama
SR09175,SHP09175,Vessel-09175,Maersk,Panamax,12000,Malta
SR09176,SHP09176,Vessel-09176,MSC,Post-Panamax,3000,India
SR09177,SHP09177,Vessel-09177,CMA CGM,Ultra Large Container Vessel,4500,Singapore
SR09178,SHP09178,Vessel-09178,Hapag-Lloyd,Panamax,6500,Liberia
SR09179,SHP09179,Vessel-09179,Evergreen,Post-Panamax,8500,Panama
SR09180,SHP09180,Vessel-09180,ONE,Ultra Large Container Vessel,12000,Malta
SR09181,SHP09181,Vessel-09181,Maersk,Panamax,3000,India
SR09182,SHP09182,Vessel-09182,MSC,Post-Panamax,4500,Singapore
SR09183,SHP09183,Vessel-09183,CMA CGM,Ultra Large Container Vessel,6500,Liberia
SR09184,SHP09184,Vessel-09184,Hapag-Lloyd,Panamax,8500,Panama
SR09185,SHP09185,Vessel-09185,Evergreen,Post-Panamax,12000,Malta
SR09186,SHP09186,Vessel-09186,ONE,Ultra Large Container Vessel,3000,India
SR09187,SHP09187,Vessel-09187,Maersk,Panamax,4500,Singapore
SR09188,SHP09188,Vessel-09188,MSC,Post-Panamax,6500,Liberia
SR09189,SHP09189,Vessel-09189,CMA CGM,Ultra Large Container Vessel,8500,Panama
SR09190,SHP09190,Vessel-09190,Hapag-Lloyd,Panamax,12000,Malta
SR09191,SHP09191,Vessel-09191,Evergreen,Post-Panamax,3000,India
SR09192,SHP09192,Vessel-09192,ONE,Ultra Large Container Vessel,4500,Singapore
SR09193,SHP09193,Vessel-09193,Maersk,Panamax,6500,Liberia
SR09194,SHP09194,Vessel-09194,MSC,Post-Panamax,8500,Panama
SR09195,SHP09195,Vessel-09195,CMA CGM,Ultra Large Container Vessel,12000,Malta
SR09196,SHP09196,Vessel-09196,Hapag-Lloyd,Panamax,3000,India
SR09197,SHP09197,Vessel-09197,Evergreen,Post-Panamax,4500,Singapore
SR09198,SHP09198,Vessel-09198,ONE,Ultra Large Container Vessel,6500,Liberia
SR09199,SHP09199,Vessel-09199,Maersk,Panamax,8500,Panama
SR09200,SHP09200,Vessel-09200,MSC,Post-Panamax,12000,Malta
SR09201,SHP09201,Vessel-09201,CMA CGM,Ultra Large Container Vessel,3000,India
SR09202,SHP09202,Vessel-09202,Hapag-Lloyd,Panamax,4500,Singapore
SR09203,SHP09203,Vessel-09203,Evergreen,Post-Panamax,6500,Liberia
SR09204,SHP09204,Vessel-09204,ONE,Ultra Large Container Vessel,8500,Panama
SR09205,SHP09205,Vessel-09205,Maersk,Panamax,12000,Malta
SR09206,SHP09206,Vessel-09206,MSC,Post-Panamax,3000,India
SR09207,SHP09207,Vessel-09207,CMA CGM,Ultra Large Container Vessel,4500,Singapore
SR09208,SHP09208,Vessel-09208,Hapag-Lloyd,Panamax,6500,Liberia
SR09209,SHP09209,Vessel-09209,Evergreen,Post-Panamax,8500,Panama
SR09210,SHP09210,Vessel-09210,ONE,Ultra Large Container Vessel,12000,Malta
SR09211,SHP09211,Vessel-09211,Maersk,Panamax,3000,India
SR09212,SHP09212,Vessel-09212,MSC,Post-Panamax,4500,Singapore
SR09213,SHP09213,Vessel-09213,CMA CGM,Ultra Large Container Vessel,6500,Liberia
SR09214,SHP09214,Vessel-09214,Hapag-Lloyd,Panamax,8500,Panama
SR09215,SHP09215,Vessel-09215,Evergreen,Post-Panamax,12000,Malta
SR09216,SHP09216,Vessel-09216,ONE,Ultra Large Container Vessel,3000,India
SR09217,SHP09217,Vessel-09217,Maersk,Panamax,4500,Singapore
SR09218,SHP09218,Vessel-09218,MSC,Post-Panamax,6500,Liberia
SR09219,SHP09219,Vessel-09219,CMA CGM,Ultra Large Container Vessel,8500,Panama
SR09220,SHP09220,Vessel-09220,Hapag-Lloyd,Panamax,12000,Malta
SR09221,SHP09221,Vessel-09221,Evergreen,Post-Panamax,3000,India
SR09222,SHP09222,Vessel-09222,ONE,Ultra Large Container Vessel,4500,Singapore
SR09223,SHP09223,Vessel-09223,Maersk,Panamax,6500,Liberia
SR09224,SHP09224,Vessel-09224,MSC,Post-Panamax,8500,Panama
SR09225,SHP09225,Vessel-09225,CMA CGM,Ultra Large Container Vessel,12000,Malta
SR09226,SHP09226,Vessel-09226,Hapag-Lloyd,Panamax,3000,India
SR09227,SHP09227,Vessel-09227,Evergreen,Post-Panamax,4500,Singapore
SR09228,SHP09228,Vessel-09228,ONE,Ultra Large Container Vessel,6500,Liberia
SR09229,SHP09229,Vessel-09229,Maersk,Panamax,8500,Panama
SR09230,SHP09230,Vessel-09230,MSC,Post-Panamax,12000,Malta
SR09231,SHP09231,Vessel-09231,CMA CGM,Ultra Large Container Vessel,3000,India
SR09232,SHP09232,Vessel-09232,Hapag-Lloyd,Panamax,4500,Singapore
SR09233,SHP09233,Vessel-09233,Evergreen,Post-Panamax,6500,Liberia
SR09234,SHP09234,Vessel-09234,ONE,Ultra Large Container Vessel,8500,Panama
SR09235,SHP09235,Vessel-09235,Maersk,Panamax,12000,Malta
SR09236,SHP09236,Vessel-09236,MSC,Post-Panamax,3000,India
SR09237,SHP09237,Vessel-09237,CMA CGM,Ultra Large Container Vessel,4500,Singapore
SR09238,SHP09238,Vessel-09238,Hapag-Lloyd,Panamax,6500,Liberia
SR09239,SHP09239,Vessel-09239,Evergreen,Post-Panamax,8500,Panama
SR09240,SHP09240,Vessel-09240,ONE,Ultra Large Container Vessel,12000,Malta
SR09241,SHP09241,Vessel-09241,Maersk,Panamax,3000,India
SR09242,SHP09242,Vessel-09242,MSC,Post-Panamax,4500,Singapore
SR09243,SHP09243,Vessel-09243,CMA CGM,Ultra Large Container Vessel,6500,Liberia
SR09244,SHP09244,Vessel-09244,Hapag-Lloyd,Panamax,8500,Panama
SR09245,SHP09245,Vessel-09245,Evergreen,Post-Panamax,12000,Malta
SR09246,SHP09246,Vessel-09246,ONE,Ultra Large Container Vessel,3000,India
SR09247,SHP09247,Vessel-09247,Maersk,Panamax,4500,Singapore
SR09248,SHP09248,Vessel-09248,MSC,Post-Panamax,6500,Liberia
SR09249,SHP09249,Vessel-09249,CMA CGM,Ultra Large Container Vessel,8500,Panama
SR09250,SHP09250,Vessel-09250,Hapag-Lloyd,Panamax,12000,Malta
SR09251,SHP09251,Vessel-09251,Evergreen,Post-Panamax,3000,India
SR09252,SHP09252,Vessel-09252,ONE,Ultra Large Container Vessel,4500,Singapore
SR09253,SHP09253,Vessel-09253,Maersk,Panamax,6500,Liberia
SR09254,SHP09254,Vessel-09254,MSC,Post-Panamax,8500,Panama
SR09255,SHP09255,Vessel-09255,CMA CGM,Ultra Large Container Vessel,12000,Malta
SR09256,SHP09256,Vessel-09256,Hapag-Lloyd,Panamax,3000,India
SR09257,SHP09257,Vessel-09257,Evergreen,Post-Panamax,4500,Singapore
SR09258,SHP09258,Vessel-09258,ONE,Ultra Large Container Vessel,6500,Liberia
SR09259,SHP09259,Vessel-09259,Maersk,Panamax,8500,Panama
SR09260,SHP09260,Vessel-09260,MSC,Post-Panamax,12000,Malta
SR09261,SHP09261,Vessel-09261,CMA CGM,Ultra Large Container Vessel,3000,India
SR09262,SHP09262,Vessel-09262,Hapag-Lloyd,Panamax,4500,Singapore
SR09263,SHP09263,Vessel-09263,Evergreen,Post-Panamax,6500,Liberia
SR09264,SHP09264,Vessel-09264,ONE,Ultra Large Container Vessel,8500,Panama
SR09265,SHP09265,Vessel-09265,Maersk,Panamax,12000,Malta
SR09266,SHP09266,Vessel-09266,MSC,Post-Panamax,3000,India
SR09267,SHP09267,Vessel-09267,CMA CGM,Ultra Large Container Vessel,4500,Singapore
SR09268,SHP09268,Vessel-09268,Hapag-Lloyd,Panamax,6500,Liberia
SR09269,SHP09269,Vessel-09269,Evergreen,Post-Panamax,8500,Panama
SR09270,SHP09270,Vessel-09270,ONE,Ultra Large Container Vessel,12000,Malta
SR09271,SHP09271,Vessel-09271,Maersk,Panamax,3000,India
SR09272,SHP09272,Vessel-09272,MSC,Post-Panamax,4500,Singapore
SR09273,SHP09273,Vessel-09273,CMA CGM,Ultra Large Container Vessel,6500,Liberia
SR09274,SHP09274,Vessel-09274,Hapag-Lloyd,Panamax,8500,Panama
SR09275,SHP09275,Vessel-09275,Evergreen,Post-Panamax,12000,Malta
SR09276,SHP09276,Vessel-09276,ONE,Ultra Large Container Vessel,3000,India
SR09277,SHP09277,Vessel-09277,Maersk,Panamax,4500,Singapore
SR09278,SHP09278,Vessel-09278,MSC,Post-Panamax,6500,Liberia
SR09279,SHP09279,Vessel-09279,CMA CGM,Ultra Large Container Vessel,8500,Panama
SR09280,SHP09280,Vessel-09280,Hapag-Lloyd,Panamax,12000,Malta
SR09281,SHP09281,Vessel-09281,Evergreen,Post-Panamax,3000,India
SR09282,SHP09282,Vessel-09282,ONE,Ultra Large Container Vessel,4500,Singapore
SR09283,SHP09283,Vessel-09283,Maersk,Panamax,6500,Liberia
SR09284,SHP09284,Vessel-09284,MSC,Post-Panamax,8500,Panama
SR09285,SHP09285,Vessel-09285,CMA CGM,Ultra Large Container Vessel,12000,Malta
SR09286,SHP09286,Vessel-09286,Hapag-Lloyd,Panamax,3000,India
SR09287,SHP09287,Vessel-09287,Evergreen,Post-Panamax,4500,Singapore
SR09288,SHP09288,Vessel-09288,ONE,Ultra Large Container Vessel,6500,Liberia
SR09289,SHP09289,Vessel-09289,Maersk,Panamax,8500,Panama
SR09290,SHP09290,Vessel-09290,MSC,Post-Panamax,12000,Malta
SR09291,SHP09291,Vessel-09291,CMA CGM,Ultra Large Container Vessel,3000,India
SR09292,SHP09292,Vessel-09292,Hapag-Lloyd,Panamax,4500,Singapore
SR09293,SHP09293,Vessel-09293,Evergreen,Post-Panamax,6500,Liberia
SR09294,SHP09294,Vessel-09294,ONE,Ultra Large Container Vessel,8500,Panama
SR09295,SHP09295,Vessel-09295,Maersk,Panamax,12000,Malta
SR09296,SHP09296,Vessel-09296,MSC,Post-Panamax,3000,India
SR09297,SHP09297,Vessel-09297,CMA CGM,Ultra Large Container Vessel,4500,Singapore
SR09298,SHP09298,Vessel-09298,Hapag-Lloyd,Panamax,6500,Liberia
SR09299,SHP09299,Vessel-09299,Evergreen,Post-Panamax,8500,Panama
SR09300,SHP09300,Vessel-09300,ONE,Ultra Large Container Vessel,12000,Malta
SR09301,SHP09301,Vessel-09301,Maersk,Panamax,3000,India
SR09302,SHP09302,Vessel-09302,MSC,Post-Panamax,4500,Singapore
SR09303,SHP09303,Vessel-09303,CMA CGM,Ultra Large Container Vessel,6500,Liberia
SR09304,SHP09304,Vessel-09304,Hapag-Lloyd,Panamax,8500,Panama
SR09305,SHP09305,Vessel-09305,Evergreen,Post-Panamax,12000,Malta
SR09306,SHP09306,Vessel-09306,ONE,Ultra Large Container Vessel,3000,India
SR09307,SHP09307,Vessel-09307,Maersk,Panamax,4500,Singapore
SR09308,SHP09308,Vessel-09308,MSC,Post-Panamax,6500,Liberia
SR09309,SHP09309,Vessel-09309,CMA CGM,Ultra Large Container Vessel,8500,Panama
SR09310,SHP09310,Vessel-09310,Hapag-Lloyd,Panamax,12000,Malta
SR09311,SHP09311,Vessel-09311,Evergreen,Post-Panamax,3000,India
SR09312,SHP09312,Vessel-09312,ONE,Ultra Large Container Vessel,4500,Singapore
SR09313,SHP09313,Vessel-09313,Maersk,Panamax,6500,Liberia
SR09314,SHP09314,Vessel-09314,MSC,Post-Panamax,8500,Panama
SR09315,SHP09315,Vessel-09315,CMA CGM,Ultra Large Container Vessel,12000,Malta
SR09316,SHP09316,Vessel-09316,Hapag-Lloyd,Panamax,3000,India
SR09317,SHP09317,Vessel-09317,Evergreen,Post-Panamax,4500,Singapore
SR09318,SHP09318,Vessel-09318,ONE,Ultra Large Container Vessel,6500,Liberia
SR09319,SHP09319,Vessel-09319,Maersk,Panamax,8500,Panama
SR09320,SHP09320,Vessel-09320,MSC,Post-Panamax,12000,Malta
SR09321,SHP09321,Vessel-09321,CMA CGM,Ultra Large Container Vessel,3000,India
SR09322,SHP09322,Vessel-09322,Hapag-Lloyd,Panamax,4500,Singapore
SR09323,SHP09323,Vessel-09323,Evergreen,Post-Panamax,6500,Liberia
SR09324,SHP09324,Vessel-09324,ONE,Ultra Large Container Vessel,8500,Panama
SR09325,SHP09325,Vessel-09325,Maersk,Panamax,12000,Malta
SR09326,SHP09326,Vessel-09326,MSC,Post-Panamax,3000,India
SR09327,SHP09327,Vessel-09327,CMA CGM,Ultra Large Container Vessel,4500,Singapore
SR09328,SHP09328,Vessel-09328,Hapag-Lloyd,Panamax,6500,Liberia
SR09329,SHP09329,Vessel-09329,Evergreen,Post-Panamax,8500,Panama
SR09330,SHP09330,Vessel-09330,ONE,Ultra Large Container Vessel,12000,Malta
SR09331,SHP09331,Vessel-09331,Maersk,Panamax,3000,India
SR09332,SHP09332,Vessel-09332,MSC,Post-Panamax,4500,Singapore
SR09333,SHP09333,Vessel-09333,CMA CGM,Ultra Large Container Vessel,6500,Liberia
SR09334,SHP09334,Vessel-09334,Hapag-Lloyd,Panamax,8500,Panama
SR09335,SHP09335,Vessel-09335,Evergreen,Post-Panamax,12000,Malta
SR09336,SHP09336,Vessel-09336,ONE,Ultra Large Container Vessel,3000,India
SR09337,SHP09337,Vessel-09337,Maersk,Panamax,4500,Singapore
SR09338,SHP09338,Vessel-09338,MSC,Post-Panamax,6500,Liberia
SR09339,SHP09339,Vessel-09339,CMA CGM,Ultra Large Container Vessel,8500,Panama
SR09340,SHP09340,Vessel-09340,Hapag-Lloyd,Panamax,12000,Malta
SR09341,SHP09341,Vessel-09341,Evergreen,Post-Panamax,3000,India
SR09342,SHP09342,Vessel-09342,ONE,Ultra Large Container Vessel,4500,Singapore
SR09343,SHP09343,Vessel-09343,Maersk,Panamax,6500,Liberia
SR09344,SHP09344,Vessel-09344,MSC,Post-Panamax,8500,Panama
SR09345,SHP09345,Vessel-09345,CMA CGM,Ultra Large Container Vessel,12000,Malta
SR09346,SHP09346,Vessel-09346,Hapag-Lloyd,Panamax,3000,India
SR09347,SHP09347,Vessel-09347,Evergreen,Post-Panamax,4500,Singapore
SR09348,SHP09348,Vessel-09348,ONE,Ultra Large Container Vessel,6500,Liberia
SR09349,SHP09349,Vessel-09349,Maersk,Panamax,8500,Panama
SR09350,SHP09350,Vessel-09350,MSC,Post-Panamax,12000,Malta
SR09351,SHP09351,Vessel-09351,CMA CGM,Ultra Large Container Vessel,3000,India
SR09352,SHP09352,Vessel-09352,Hapag-Lloyd,Panamax,4500,Singapore
SR09353,SHP09353,Vessel-09353,Evergreen,Post-Panamax,6500,Liberia
SR09354,SHP09354,Vessel-09354,ONE,Ultra Large Container Vessel,8500,Panama
SR09355,SHP09355,Vessel-09355,Maersk,Panamax,12000,Malta
SR09356,SHP09356,Vessel-09356,MSC,Post-Panamax,3000,India
SR09357,SHP09357,Vessel-09357,CMA CGM,Ultra Large Container Vessel,4500,Singapore
SR09358,SHP09358,Vessel-09358,Hapag-Lloyd,Panamax,6500,Liberia
SR09359,SHP09359,Vessel-09359,Evergreen,Post-Panamax,8500,Panama
SR09360,SHP09360,Vessel-09360,ONE,Ultra Large Container Vessel,12000,Malta
SR09361,SHP09361,Vessel-09361,Maersk,Panamax,3000,India
SR09362,SHP09362,Vessel-09362,MSC,Post-Panamax,4500,Singapore
SR09363,SHP09363,Vessel-09363,CMA CGM,Ultra Large Container Vessel,6500,Liberia
SR09364,SHP09364,Vessel-09364,Hapag-Lloyd,Panamax,8500,Panama
SR09365,SHP09365,Vessel-09365,Evergreen,Post-Panamax,12000,Malta
SR09366,SHP09366,Vessel-09366,ONE,Ultra Large Container Vessel,3000,India
SR09367,SHP09367,Vessel-09367,Maersk,Panamax,4500,Singapore
SR09368,SHP09368,Vessel-09368,MSC,Post-Panamax,6500,Liberia
SR09369,SHP09369,Vessel-09369,CMA CGM,Ultra Large Container Vessel,8500,Panama
SR09370,SHP09370,Vessel-09370,Hapag-Lloyd,Panamax,12000,Malta
SR09371,SHP09371,Vessel-09371,Evergreen,Post-Panamax,3000,India
SR09372,SHP09372,Vessel-09372,ONE,Ultra Large Container Vessel,4500,Singapore
SR09373,SHP09373,Vessel-09373,Maersk,Panamax,6500,Liberia
SR09374,SHP09374,Vessel-09374,MSC,Post-Panamax,8500,Panama
SR09375,SHP09375,Vessel-09375,CMA CGM,Ultra Large Container Vessel,12000,Malta
SR09376,SHP09376,Vessel-09376,Hapag-Lloyd,Panamax,3000,India
SR09377,SHP09377,Vessel-09377,Evergreen,Post-Panamax,4500,Singapore
SR09378,SHP09378,Vessel-09378,ONE,Ultra Large Container Vessel,6500,Liberia
SR09379,SHP09379,Vessel-09379,Maersk,Panamax,8500,Panama
SR09380,SHP09380,Vessel-09380,MSC,Post-Panamax,12000,Malta
SR09381,SHP09381,Vessel-09381,CMA CGM,Ultra Large Container Vessel,3000,India
SR09382,SHP09382,Vessel-09382,Hapag-Lloyd,Panamax,4500,Singapore
SR09383,SHP09383,Vessel-09383,Evergreen,Post-Panamax,6500,Liberia
SR09384,SHP09384,Vessel-09384,ONE,Ultra Large Container Vessel,8500,Panama
SR09385,SHP09385,Vessel-09385,Maersk,Panamax,12000,Malta
SR09386,SHP09386,Vessel-09386,MSC,Post-Panamax,3000,India
SR09387,SHP09387,Vessel-09387,CMA CGM,Ultra Large Container Vessel,4500,Singapore
SR09388,SHP09388,Vessel-09388,Hapag-Lloyd,Panamax,6500,Liberia
SR09389,SHP09389,Vessel-09389,Evergreen,Post-Panamax,8500,Panama
SR09390,SHP09390,Vessel-09390,ONE,Ultra Large Container Vessel,12000,Malta
SR09391,SHP09391,Vessel-09391,Maersk,Panamax,3000,India
SR09392,SHP09392,Vessel-09392,MSC,Post-Panamax,4500,Singapore
SR09393,SHP09393,Vessel-09393,CMA CGM,Ultra Large Container Vessel,6500,Liberia
SR09394,SHP09394,Vessel-09394,Hapag-Lloyd,Panamax,8500,Panama
SR09395,SHP09395,Vessel-09395,Evergreen,Post-Panamax,12000,Malta
SR09396,SHP09396,Vessel-09396,ONE,Ultra Large Container Vessel,3000,India
SR09397,SHP09397,Vessel-09397,Maersk,Panamax,4500,Singapore
SR09398,SHP09398,Vessel-09398,MSC,Post-Panamax,6500,Liberia
SR09399,SHP09399,Vessel-09399,CMA CGM,Ultra Large Container Vessel,8500,Panama
SR09400,SHP09400,Vessel-09400,Hapag-Lloyd,Panamax,12000,Malta
SR09401,SHP09401,Vessel-09401,Evergreen,Post-Panamax,3000,India
SR09402,SHP09402,Vessel-09402,ONE,Ultra Large Container Vessel,4500,Singapore
SR09403,SHP09403,Vessel-09403,Maersk,Panamax,6500,Liberia
SR09404,SHP09404,Vessel-09404,MSC,Post-Panamax,8500,Panama
SR09405,SHP09405,Vessel-09405,CMA CGM,Ultra Large Container Vessel,12000,Malta
SR09406,SHP09406,Vessel-09406,Hapag-Lloyd,Panamax,3000,India
SR09407,SHP09407,Vessel-09407,Evergreen,Post-Panamax,4500,Singapore
SR09408,SHP09408,Vessel-09408,ONE,Ultra Large Container Vessel,6500,Liberia
SR09409,SHP09409,Vessel-09409,Maersk,Panamax,8500,Panama
SR09410,SHP09410,Vessel-09410,MSC,Post-Panamax,12000,Malta
SR09411,SHP09411,Vessel-09411,CMA CGM,Ultra Large Container Vessel,3000,India
SR09412,SHP09412,Vessel-09412,Hapag-Lloyd,Panamax,4500,Singapore
SR09413,SHP09413,Vessel-09413,Evergreen,Post-Panamax,6500,Liberia
SR09414,SHP09414,Vessel-09414,ONE,Ultra Large Container Vessel,8500,Panama
SR09415,SHP09415,Vessel-09415,Maersk,Panamax,12000,Malta
SR09416,SHP09416,Vessel-09416,MSC,Post-Panamax,3000,India
SR09417,SHP09417,Vessel-09417,CMA CGM,Ultra Large Container Vessel,4500,Singapore
SR09418,SHP09418,Vessel-09418,Hapag-Lloyd,Panamax,6500,Liberia
SR09419,SHP09419,Vessel-09419,Evergreen,Post-Panamax,8500,Panama
SR09420,SHP09420,Vessel-09420,ONE,Ultra Large Container Vessel,12000,Malta
SR09421,SHP09421,Vessel-09421,Maersk,Panamax,3000,India
SR09422,SHP09422,Vessel-09422,MSC,Post-Panamax,4500,Singapore
SR09423,SHP09423,Vessel-09423,CMA CGM,Ultra Large Container Vessel,6500,Liberia
SR09424,SHP09424,Vessel-09424,Hapag-Lloyd,Panamax,8500,Panama
SR09425,SHP09425,Vessel-09425,Evergreen,Post-Panamax,12000,Malta
SR09426,SHP09426,Vessel-09426,ONE,Ultra Large Container Vessel,3000,India
SR09427,SHP09427,Vessel-09427,Maersk,Panamax,4500,Singapore
SR09428,SHP09428,Vessel-09428,MSC,Post-Panamax,6500,Liberia
SR09429,SHP09429,Vessel-09429,CMA CGM,Ultra Large Container Vessel,8500,Panama
SR09430,SHP09430,Vessel-09430,Hapag-Lloyd,Panamax,12000,Malta
SR09431,SHP09431,Vessel-09431,Evergreen,Post-Panamax,3000,India
SR09432,SHP09432,Vessel-09432,ONE,Ultra Large Container Vessel,4500,Singapore
SR09433,SHP09433,Vessel-09433,Maersk,Panamax,6500,Liberia
SR09434,SHP09434,Vessel-09434,MSC,Post-Panamax,8500,Panama
SR09435,SHP09435,Vessel-09435,CMA CGM,Ultra Large Container Vessel,12000,Malta
SR09436,SHP09436,Vessel-09436,Hapag-Lloyd,Panamax,3000,India
SR09437,SHP09437,Vessel-09437,Evergreen,Post-Panamax,4500,Singapore
SR09438,SHP09438,Vessel-09438,ONE,Ultra Large Container Vessel,6500,Liberia
SR09439,SHP09439,Vessel-09439,Maersk,Panamax,8500,Panama
SR09440,SHP09440,Vessel-09440,MSC,Post-Panamax,12000,Malta
SR09441,SHP09441,Vessel-09441,CMA CGM,Ultra Large Container Vessel,3000,India
SR09442,SHP09442,Vessel-09442,Hapag-Lloyd,Panamax,4500,Singapore
SR09443,SHP09443,Vessel-09443,Evergreen,Post-Panamax,6500,Liberia
SR09444,SHP09444,Vessel-09444,ONE,Ultra Large Container Vessel,8500,Panama
SR09445,SHP09445,Vessel-09445,Maersk,Panamax,12000,Malta
SR09446,SHP09446,Vessel-09446,MSC,Post-Panamax,3000,India
SR09447,SHP09447,Vessel-09447,CMA CGM,Ultra Large Container Vessel,4500,Singapore
SR09448,SHP09448,Vessel-09448,Hapag-Lloyd,Panamax,6500,Liberia
SR09449,SHP09449,Vessel-09449,Evergreen,Post-Panamax,8500,Panama
SR09450,SHP09450,Vessel-09450,ONE,Ultra Large Container Vessel,12000,Malta
SR09451,SHP09451,Vessel-09451,Maersk,Panamax,3000,India
SR09452,SHP09452,Vessel-09452,MSC,Post-Panamax,4500,Singapore
SR09453,SHP09453,Vessel-09453,CMA CGM,Ultra Large Container Vessel,6500,Liberia
SR09454,SHP09454,Vessel-09454,Hapag-Lloyd,Panamax,8500,Panama
SR09455,SHP09455,Vessel-09455,Evergreen,Post-Panamax,12000,Malta
SR09456,SHP09456,Vessel-09456,ONE,Ultra Large Container Vessel,3000,India
SR09457,SHP09457,Vessel-09457,Maersk,Panamax,4500,Singapore
SR09458,SHP09458,Vessel-09458,MSC,Post-Panamax,6500,Liberia
SR09459,SHP09459,Vessel-09459,CMA CGM,Ultra Large Container Vessel,8500,Panama
SR09460,SHP09460,Vessel-09460,Hapag-Lloyd,Panamax,12000,Malta
SR09461,SHP09461,Vessel-09461,Evergreen,Post-Panamax,3000,India
SR09462,SHP09462,Vessel-09462,ONE,Ultra Large Container Vessel,4500,Singapore
SR09463,SHP09463,Vessel-09463,Maersk,Panamax,6500,Liberia
SR09464,SHP09464,Vessel-09464,MSC,Post-Panamax,8500,Panama
SR09465,SHP09465,Vessel-09465,CMA CGM,Ultra Large Container Vessel,12000,Malta
SR09466,SHP09466,Vessel-09466,Hapag-Lloyd,Panamax,3000,India
SR09467,SHP09467,Vessel-09467,Evergreen,Post-Panamax,4500,Singapore
SR09468,SHP09468,Vessel-09468,ONE,Ultra Large Container Vessel,6500,Liberia
SR09469,SHP09469,Vessel-09469,Maersk,Panamax,8500,Panama
SR09470,SHP09470,Vessel-09470,MSC,Post-Panamax,12000,Malta
SR09471,SHP09471,Vessel-09471,CMA CGM,Ultra Large Container Vessel,3000,India
SR09472,SHP09472,Vessel-09472,Hapag-Lloyd,Panamax,4500,Singapore
SR09473,SHP09473,Vessel-09473,Evergreen,Post-Panamax,6500,Liberia
SR09474,SHP09474,Vessel-09474,ONE,Ultra Large Container Vessel,8500,Panama
SR09475,SHP09475,Vessel-09475,Maersk,Panamax,12000,Malta
SR09476,SHP09476,Vessel-09476,MSC,Post-Panamax,3000,India
SR09477,SHP09477,Vessel-09477,CMA CGM,Ultra Large Container Vessel,4500,Singapore
SR09478,SHP09478,Vessel-09478,Hapag-Lloyd,Panamax,6500,Liberia
SR09479,SHP09479,Vessel-09479,Evergreen,Post-Panamax,8500,Panama
SR09480,SHP09480,Vessel-09480,ONE,Ultra Large Container Vessel,12000,Malta
SR09481,SHP09481,Vessel-09481,Maersk,Panamax,3000,India
SR09482,SHP09482,Vessel-09482,MSC,Post-Panamax,4500,Singapore
SR09483,SHP09483,Vessel-09483,CMA CGM,Ultra Large Container Vessel,6500,Liberia
SR09484,SHP09484,Vessel-09484,Hapag-Lloyd,Panamax,8500,Panama
SR09485,SHP09485,Vessel-09485,Evergreen,Post-Panamax,12000,Malta
SR09486,SHP09486,Vessel-09486,ONE,Ultra Large Container Vessel,3000,India
SR09487,SHP09487,Vessel-09487,Maersk,Panamax,4500,Singapore
SR09488,SHP09488,Vessel-09488,MSC,Post-Panamax,6500,Liberia
SR09489,SHP09489,Vessel-09489,CMA CGM,Ultra Large Container Vessel,8500,Panama
SR09490,SHP09490,Vessel-09490,Hapag-Lloyd,Panamax,12000,Malta
SR09491,SHP09491,Vessel-09491,Evergreen,Post-Panamax,3000,India
SR09492,SHP09492,Vessel-09492,ONE,Ultra Large Container Vessel,4500,Singapore
SR09493,SHP09493,Vessel-09493,Maersk,Panamax,6500,Liberia
SR09494,SHP09494,Vessel-09494,MSC,Post-Panamax,8500,Panama
SR09495,SHP09495,Vessel-09495,CMA CGM,Ultra Large Container Vessel,12000,Malta
SR09496,SHP09496,Vessel-09496,Hapag-Lloyd,Panamax,3000,India
SR09497,SHP09497,Vessel-09497,Evergreen,Post-Panamax,4500,Singapore
SR09498,SHP09498,Vessel-09498,ONE,Ultra Large Container Vessel,6500,Liberia
SR09499,SHP09499,Vessel-09499,Maersk,Panamax,8500,Panama
SR09500,SHP09500,Vessel-09500,MSC,Post-Panamax,12000,Malta
SR09501,SHP09501,Vessel-09501,CMA CGM,Ultra Large Container Vessel,3000,India
SR09502,SHP09502,Vessel-09502,Hapag-Lloyd,Panamax,4500,Singapore
SR09503,SHP09503,Vessel-09503,Evergreen,Post-Panamax,6500,Liberia
SR09504,SHP09504,Vessel-09504,ONE,Ultra Large Container Vessel,8500,Panama
SR09505,SHP09505,Vessel-09505,Maersk,Panamax,12000,Malta
SR09506,SHP09506,Vessel-09506,MSC,Post-Panamax,3000,India
SR09507,SHP09507,Vessel-09507,CMA CGM,Ultra Large Container Vessel,4500,Singapore
SR09508,SHP09508,Vessel-09508,Hapag-Lloyd,Panamax,6500,Liberia
SR09509,SHP09509,Vessel-09509,Evergreen,Post-Panamax,8500,Panama
SR09510,SHP09510,Vessel-09510,ONE,Ultra Large Container Vessel,12000,Malta
SR09511,SHP09511,Vessel-09511,Maersk,Panamax,3000,India
SR09512,SHP09512,Vessel-09512,MSC,Post-Panamax,4500,Singapore
SR09513,SHP09513,Vessel-09513,CMA CGM,Ultra Large Container Vessel,6500,Liberia
SR09514,SHP09514,Vessel-09514,Hapag-Lloyd,Panamax,8500,Panama
SR09515,SHP09515,Vessel-09515,Evergreen,Post-Panamax,12000,Malta
SR09516,SHP09516,Vessel-09516,ONE,Ultra Large Container Vessel,3000,India
SR09517,SHP09517,Vessel-09517,Maersk,Panamax,4500,Singapore
SR09518,SHP09518,Vessel-09518,MSC,Post-Panamax,6500,Liberia
SR09519,SHP09519,Vessel-09519,CMA CGM,Ultra Large Container Vessel,8500,Panama
SR09520,SHP09520,Vessel-09520,Hapag-Lloyd,Panamax,12000,Malta
SR09521,SHP09521,Vessel-09521,Evergreen,Post-Panamax,3000,India
SR09522,SHP09522,Vessel-09522,ONE,Ultra Large Container Vessel,4500,Singapore
SR09523,SHP09523,Vessel-09523,Maersk,Panamax,6500,Liberia
SR09524,SHP09524,Vessel-09524,MSC,Post-Panamax,8500,Panama
SR09525,SHP09525,Vessel-09525,CMA CGM,Ultra Large Container Vessel,12000,Malta
SR09526,SHP09526,Vessel-09526,Hapag-Lloyd,Panamax,3000,India
SR09527,SHP09527,Vessel-09527,Evergreen,Post-Panamax,4500,Singapore
SR09528,SHP09528,Vessel-09528,ONE,Ultra Large Container Vessel,6500,Liberia
SR09529,SHP09529,Vessel-09529,Maersk,Panamax,8500,Panama
SR09530,SHP09530,Vessel-09530,MSC,Post-Panamax,12000,Malta
SR09531,SHP09531,Vessel-09531,CMA CGM,Ultra Large Container Vessel,3000,India
SR09532,SHP09532,Vessel-09532,Hapag-Lloyd,Panamax,4500,Singapore
SR09533,SHP09533,Vessel-09533,Evergreen,Post-Panamax,6500,Liberia
SR09534,SHP09534,Vessel-09534,ONE,Ultra Large Container Vessel,8500,Panama
SR09535,SHP09535,Vessel-09535,Maersk,Panamax,12000,Malta
SR09536,SHP09536,Vessel-09536,MSC,Post-Panamax,3000,India
SR09537,SHP09537,Vessel-09537,CMA CGM,Ultra Large Container Vessel,4500,Singapore
SR09538,SHP09538,Vessel-09538,Hapag-Lloyd,Panamax,6500,Liberia
SR09539,SHP09539,Vessel-09539,Evergreen,Post-Panamax,8500,Panama
SR09540,SHP09540,Vessel-09540,ONE,Ultra Large Container Vessel,12000,Malta
SR09541,SHP09541,Vessel-09541,Maersk,Panamax,3000,India
SR09542,SHP09542,Vessel-09542,MSC,Post-Panamax,4500,Singapore
SR09543,SHP09543,Vessel-09543,CMA CGM,Ultra Large Container Vessel,6500,Liberia
SR09544,SHP09544,Vessel-09544,Hapag-Lloyd,Panamax,8500,Panama
SR09545,SHP09545,Vessel-09545,Evergreen,Post-Panamax,12000,Malta
SR09546,SHP09546,Vessel-09546,ONE,Ultra Large Container Vessel,3000,India
SR09547,SHP09547,Vessel-09547,Maersk,Panamax,4500,Singapore
SR09548,SHP09548,Vessel-09548,MSC,Post-Panamax,6500,Liberia
SR09549,SHP09549,Vessel-09549,CMA CGM,Ultra Large Container Vessel,8500,Panama
SR09550,SHP09550,Vessel-09550,Hapag-Lloyd,Panamax,12000,Malta
SR09551,SHP09551,Vessel-09551,Evergreen,Post-Panamax,3000,India
SR09552,SHP09552,Vessel-09552,ONE,Ultra Large Container Vessel,4500,Singapore
SR09553,SHP09553,Vessel-09553,Maersk,Panamax,6500,Liberia
SR09554,SHP09554,Vessel-09554,MSC,Post-Panamax,8500,Panama
SR09555,SHP09555,Vessel-09555,CMA CGM,Ultra Large Container Vessel,12000,Malta
SR09556,SHP09556,Vessel-09556,Hapag-Lloyd,Panamax,3000,India
SR09557,SHP09557,Vessel-09557,Evergreen,Post-Panamax,4500,Singapore
SR09558,SHP09558,Vessel-09558,ONE,Ultra Large Container Vessel,6500,Liberia
SR09559,SHP09559,Vessel-09559,Maersk,Panamax,8500,Panama
SR09560,SHP09560,Vessel-09560,MSC,Post-Panamax,12000,Malta
SR09561,SHP09561,Vessel-09561,CMA CGM,Ultra Large Container Vessel,3000,India
SR09562,SHP09562,Vessel-09562,Hapag-Lloyd,Panamax,4500,Singapore
SR09563,SHP09563,Vessel-09563,Evergreen,Post-Panamax,6500,Liberia
SR09564,SHP09564,Vessel-09564,ONE,Ultra Large Container Vessel,8500,Panama
SR09565,SHP09565,Vessel-09565,Maersk,Panamax,12000,Malta
SR09566,SHP09566,Vessel-09566,MSC,Post-Panamax,3000,India
SR09567,SHP09567,Vessel-09567,CMA CGM,Ultra Large Container Vessel,4500,Singapore
SR09568,SHP09568,Vessel-09568,Hapag-Lloyd,Panamax,6500,Liberia
SR09569,SHP09569,Vessel-09569,Evergreen,Post-Panamax,8500,Panama
SR09570,SHP09570,Vessel-09570,ONE,Ultra Large Container Vessel,12000,Malta
SR09571,SHP09571,Vessel-09571,Maersk,Panamax,3000,India
SR09572,SHP09572,Vessel-09572,MSC,Post-Panamax,4500,Singapore
SR09573,SHP09573,Vessel-09573,CMA CGM,Ultra Large Container Vessel,6500,Liberia
SR09574,SHP09574,Vessel-09574,Hapag-Lloyd,Panamax,8500,Panama
SR09575,SHP09575,Vessel-09575,Evergreen,Post-Panamax,12000,Malta
SR09576,SHP09576,Vessel-09576,ONE,Ultra Large Container Vessel,3000,India
SR09577,SHP09577,Vessel-09577,Maersk,Panamax,4500,Singapore
SR09578,SHP09578,Vessel-09578,MSC,Post-Panamax,6500,Liberia
SR09579,SHP09579,Vessel-09579,CMA CGM,Ultra Large Container Vessel,8500,Panama
SR09580,SHP09580,Vessel-09580,Hapag-Lloyd,Panamax,12000,Malta
SR09581,SHP09581,Vessel-09581,Evergreen,Post-Panamax,3000,India
SR09582,SHP09582,Vessel-09582,ONE,Ultra Large Container Vessel,4500,Singapore
SR09583,SHP09583,Vessel-09583,Maersk,Panamax,6500,Liberia
SR09584,SHP09584,Vessel-09584,MSC,Post-Panamax,8500,Panama
SR09585,SHP09585,Vessel-09585,CMA CGM,Ultra Large Container Vessel,12000,Malta
SR09586,SHP09586,Vessel-09586,Hapag-Lloyd,Panamax,3000,India
SR09587,SHP09587,Vessel-09587,Evergreen,Post-Panamax,4500,Singapore
SR09588,SHP09588,Vessel-09588,ONE,Ultra Large Container Vessel,6500,Liberia
SR09589,SHP09589,Vessel-09589,Maersk,Panamax,8500,Panama
SR09590,SHP09590,Vessel-09590,MSC,Post-Panamax,12000,Malta
SR09591,SHP09591,Vessel-09591,CMA CGM,Ultra Large Container Vessel,3000,India
SR09592,SHP09592,Vessel-09592,Hapag-Lloyd,Panamax,4500,Singapore
SR09593,SHP09593,Vessel-09593,Evergreen,Post-Panamax,6500,Liberia
SR09594,SHP09594,Vessel-09594,ONE,Ultra Large Container Vessel,8500,Panama
SR09595,SHP09595,Vessel-09595,Maersk,Panamax,12000,Malta
SR09596,SHP09596,Vessel-09596,MSC,Post-Panamax,3000,India
SR09597,SHP09597,Vessel-09597,CMA CGM,Ultra Large Container Vessel,4500,Singapore
SR09598,SHP09598,Vessel-09598,Hapag-Lloyd,Panamax,6500,Liberia
SR09599,SHP09599,Vessel-09599,Evergreen,Post-Panamax,8500,Panama
SR09600,SHP09600,Vessel-09600,ONE,Ultra Large Container Vessel,12000,Malta
SR09601,SHP09601,Vessel-09601,Maersk,Panamax,3000,India
SR09602,SHP09602,Vessel-09602,MSC,Post-Panamax,4500,Singapore
SR09603,SHP09603,Vessel-09603,CMA CGM,Ultra Large Container Vessel,6500,Liberia
SR09604,SHP09604,Vessel-09604,Hapag-Lloyd,Panamax,8500,Panama
SR09605,SHP09605,Vessel-09605,Evergreen,Post-Panamax,12000,Malta
SR09606,SHP09606,Vessel-09606,ONE,Ultra Large Container Vessel,3000,India
SR09607,SHP09607,Vessel-09607,Maersk,Panamax,4500,Singapore
SR09608,SHP09608,Vessel-09608,MSC,Post-Panamax,6500,Liberia
SR09609,SHP09609,Vessel-09609,CMA CGM,Ultra Large Container Vessel,8500,Panama
SR09610,SHP09610,Vessel-09610,Hapag-Lloyd,Panamax,12000,Malta
SR09611,SHP09611,Vessel-09611,Evergreen,Post-Panamax,3000,India
SR09612,SHP09612,Vessel-09612,ONE,Ultra Large Container Vessel,4500,Singapore
SR09613,SHP09613,Vessel-09613,Maersk,Panamax,6500,Liberia
SR09614,SHP09614,Vessel-09614,MSC,Post-Panamax,8500,Panama
SR09615,SHP09615,Vessel-09615,CMA CGM,Ultra Large Container Vessel,12000,Malta
SR09616,SHP09616,Vessel-09616,Hapag-Lloyd,Panamax,3000,India
SR09617,SHP09617,Vessel-09617,Evergreen,Post-Panamax,4500,Singapore
SR09618,SHP09618,Vessel-09618,ONE,Ultra Large Container Vessel,6500,Liberia
SR09619,SHP09619,Vessel-09619,Maersk,Panamax,8500,Panama
SR09620,SHP09620,Vessel-09620,MSC,Post-Panamax,12000,Malta
SR09621,SHP09621,Vessel-09621,CMA CGM,Ultra Large Container Vessel,3000,India
SR09622,SHP09622,Vessel-09622,Hapag-Lloyd,Panamax,4500,Singapore
SR09623,SHP09623,Vessel-09623,Evergreen,Post-Panamax,6500,Liberia
SR09624,SHP09624,Vessel-09624,ONE,Ultra Large Container Vessel,8500,Panama
SR09625,SHP09625,Vessel-09625,Maersk,Panamax,12000,Malta
SR09626,SHP09626,Vessel-09626,MSC,Post-Panamax,3000,India
SR09627,SHP09627,Vessel-09627,CMA CGM,Ultra Large Container Vessel,4500,Singapore
SR09628,SHP09628,Vessel-09628,Hapag-Lloyd,Panamax,6500,Liberia
SR09629,SHP09629,Vessel-09629,Evergreen,Post-Panamax,8500,Panama
SR09630,SHP09630,Vessel-09630,ONE,Ultra Large Container Vessel,12000,Malta
SR09631,SHP09631,Vessel-09631,Maersk,Panamax,3000,India
SR09632,SHP09632,Vessel-09632,MSC,Post-Panamax,4500,Singapore
SR09633,SHP09633,Vessel-09633,CMA CGM,Ultra Large Container Vessel,6500,Liberia
SR09634,SHP09634,Vessel-09634,Hapag-Lloyd,Panamax,8500,Panama
SR09635,SHP09635,Vessel-09635,Evergreen,Post-Panamax,12000,Malta
SR09636,SHP09636,Vessel-09636,ONE,Ultra Large Container Vessel,3000,India
SR09637,SHP09637,Vessel-09637,Maersk,Panamax,4500,Singapore
SR09638,SHP09638,Vessel-09638,MSC,Post-Panamax,6500,Liberia
SR09639,SHP09639,Vessel-09639,CMA CGM,Ultra Large Container Vessel,8500,Panama
SR09640,SHP09640,Vessel-09640,Hapag-Lloyd,Panamax,12000,Malta
SR09641,SHP09641,Vessel-09641,Evergreen,Post-Panamax,3000,India
SR09642,SHP09642,Vessel-09642,ONE,Ultra Large Container Vessel,4500,Singapore
SR09643,SHP09643,Vessel-09643,Maersk,Panamax,6500,Liberia
SR09644,SHP09644,Vessel-09644,MSC,Post-Panamax,8500,Panama
SR09645,SHP09645,Vessel-09645,CMA CGM,Ultra Large Container Vessel,12000,Malta
SR09646,SHP09646,Vessel-09646,Hapag-Lloyd,Panamax,3000,India
SR09647,SHP09647,Vessel-09647,Evergreen,Post-Panamax,4500,Singapore
SR09648,SHP09648,Vessel-09648,ONE,Ultra Large Container Vessel,6500,Liberia
SR09649,SHP09649,Vessel-09649,Maersk,Panamax,8500,Panama
SR09650,SHP09650,Vessel-09650,MSC,Post-Panamax,12000,Malta
SR09651,SHP09651,Vessel-09651,CMA CGM,Ultra Large Container Vessel,3000,India
SR09652,SHP09652,Vessel-09652,Hapag-Lloyd,Panamax,4500,Singapore
SR09653,SHP09653,Vessel-09653,Evergreen,Post-Panamax,6500,Liberia
SR09654,SHP09654,Vessel-09654,ONE,Ultra Large Container Vessel,8500,Panama
SR09655,SHP09655,Vessel-09655,Maersk,Panamax,12000,Malta
SR09656,SHP09656,Vessel-09656,MSC,Post-Panamax,3000,India
SR09657,SHP09657,Vessel-09657,CMA CGM,Ultra Large Container Vessel,4500,Singapore
SR09658,SHP09658,Vessel-09658,Hapag-Lloyd,Panamax,6500,Liberia
SR09659,SHP09659,Vessel-09659,Evergreen,Post-Panamax,8500,Panama
SR09660,SHP09660,Vessel-09660,ONE,Ultra Large Container Vessel,12000,Malta
SR09661,SHP09661,Vessel-09661,Maersk,Panamax,3000,India
SR09662,SHP09662,Vessel-09662,MSC,Post-Panamax,4500,Singapore
SR09663,SHP09663,Vessel-09663,CMA CGM,Ultra Large Container Vessel,6500,Liberia
SR09664,SHP09664,Vessel-09664,Hapag-Lloyd,Panamax,8500,Panama
SR09665,SHP09665,Vessel-09665,Evergreen,Post-Panamax,12000,Malta
SR09666,SHP09666,Vessel-09666,ONE,Ultra Large Container Vessel,3000,India
SR09667,SHP09667,Vessel-09667,Maersk,Panamax,4500,Singapore
SR09668,SHP09668,Vessel-09668,MSC,Post-Panamax,6500,Liberia
SR09669,SHP09669,Vessel-09669,CMA CGM,Ultra Large Container Vessel,8500,Panama
SR09670,SHP09670,Vessel-09670,Hapag-Lloyd,Panamax,12000,Malta
SR09671,SHP09671,Vessel-09671,Evergreen,Post-Panamax,3000,India
SR09672,SHP09672,Vessel-09672,ONE,Ultra Large Container Vessel,4500,Singapore
SR09673,SHP09673,Vessel-09673,Maersk,Panamax,6500,Liberia
SR09674,SHP09674,Vessel-09674,MSC,Post-Panamax,8500,Panama
SR09675,SHP09675,Vessel-09675,CMA CGM,Ultra Large Container Vessel,12000,Malta
SR09676,SHP09676,Vessel-09676,Hapag-Lloyd,Panamax,3000,India
SR09677,SHP09677,Vessel-09677,Evergreen,Post-Panamax,4500,Singapore
SR09678,SHP09678,Vessel-09678,ONE,Ultra Large Container Vessel,6500,Liberia
SR09679,SHP09679,Vessel-09679,Maersk,Panamax,8500,Panama
SR09680,SHP09680,Vessel-09680,MSC,Post-Panamax,12000,Malta
SR09681,SHP09681,Vessel-09681,CMA CGM,Ultra Large Container Vessel,3000,India
SR09682,SHP09682,Vessel-09682,Hapag-Lloyd,Panamax,4500,Singapore
SR09683,SHP09683,Vessel-09683,Evergreen,Post-Panamax,6500,Liberia
SR09684,SHP09684,Vessel-09684,ONE,Ultra Large Container Vessel,8500,Panama
SR09685,SHP09685,Vessel-09685,Maersk,Panamax,12000,Malta
SR09686,SHP09686,Vessel-09686,MSC,Post-Panamax,3000,India
SR09687,SHP09687,Vessel-09687,CMA CGM,Ultra Large Container Vessel,4500,Singapore
SR09688,SHP09688,Vessel-09688,Hapag-Lloyd,Panamax,6500,Liberia
SR09689,SHP09689,Vessel-09689,Evergreen,Post-Panamax,8500,Panama
SR09690,SHP09690,Vessel-09690,ONE,Ultra Large Container Vessel,12000,Malta
SR09691,SHP09691,Vessel-09691,Maersk,Panamax,3000,India
SR09692,SHP09692,Vessel-09692,MSC,Post-Panamax,4500,Singapore
SR09693,SHP09693,Vessel-09693,CMA CGM,Ultra Large Container Vessel,6500,Liberia
SR09694,SHP09694,Vessel-09694,Hapag-Lloyd,Panamax,8500,Panama
SR09695,SHP09695,Vessel-09695,Evergreen,Post-Panamax,12000,Malta
SR09696,SHP09696,Vessel-09696,ONE,Ultra Large Container Vessel,3000,India
SR09697,SHP09697,Vessel-09697,Maersk,Panamax,4500,Singapore
SR09698,SHP09698,Vessel-09698,MSC,Post-Panamax,6500,Liberia
SR09699,SHP09699,Vessel-09699,CMA CGM,Ultra Large Container Vessel,8500,Panama
SR09700,SHP09700,Vessel-09700,Hapag-Lloyd,Panamax,12000,Malta
SR09701,SHP09701,Vessel-09701,Evergreen,Post-Panamax,3000,India
SR09702,SHP09702,Vessel-09702,ONE,Ultra Large Container Vessel,4500,Singapore
SR09703,SHP09703,Vessel-09703,Maersk,Panamax,6500,Liberia
SR09704,SHP09704,Vessel-09704,MSC,Post-Panamax,8500,Panama
SR09705,SHP09705,Vessel-09705,CMA CGM,Ultra Large Container Vessel,12000,Malta
SR09706,SHP09706,Vessel-09706,Hapag-Lloyd,Panamax,3000,India
SR09707,SHP09707,Vessel-09707,Evergreen,Post-Panamax,4500,Singapore
SR09708,SHP09708,Vessel-09708,ONE,Ultra Large Container Vessel,6500,Liberia
SR09709,SHP09709,Vessel-09709,Maersk,Panamax,8500,Panama
SR09710,SHP09710,Vessel-09710,MSC,Post-Panamax,12000,Malta
SR09711,SHP09711,Vessel-09711,CMA CGM,Ultra Large Container Vessel,3000,India
SR09712,SHP09712,Vessel-09712,Hapag-Lloyd,Panamax,4500,Singapore
SR09713,SHP09713,Vessel-09713,Evergreen,Post-Panamax,6500,Liberia
SR09714,SHP09714,Vessel-09714,ONE,Ultra Large Container Vessel,8500,Panama
SR09715,SHP09715,Vessel-09715,Maersk,Panamax,12000,Malta
SR09716,SHP09716,Vessel-09716,MSC,Post-Panamax,3000,India
SR09717,SHP09717,Vessel-09717,CMA CGM,Ultra Large Container Vessel,4500,Singapore
SR09718,SHP09718,Vessel-09718,Hapag-Lloyd,Panamax,6500,Liberia
SR09719,SHP09719,Vessel-09719,Evergreen,Post-Panamax,8500,Panama
SR09720,SHP09720,Vessel-09720,ONE,Ultra Large Container Vessel,12000,Malta
SR09721,SHP09721,Vessel-09721,Maersk,Panamax,3000,India
SR09722,SHP09722,Vessel-09722,MSC,Post-Panamax,4500,Singapore
SR09723,SHP09723,Vessel-09723,CMA CGM,Ultra Large Container Vessel,6500,Liberia
SR09724,SHP09724,Vessel-09724,Hapag-Lloyd,Panamax,8500,Panama
SR09725,SHP09725,Vessel-09725,Evergreen,Post-Panamax,12000,Malta
SR09726,SHP09726,Vessel-09726,ONE,Ultra Large Container Vessel,3000,India
SR09727,SHP09727,Vessel-09727,Maersk,Panamax,4500,Singapore
SR09728,SHP09728,Vessel-09728,MSC,Post-Panamax,6500,Liberia
SR09729,SHP09729,Vessel-09729,CMA CGM,Ultra Large Container Vessel,8500,Panama
SR09730,SHP09730,Vessel-09730,Hapag-Lloyd,Panamax,12000,Malta
SR09731,SHP09731,Vessel-09731,Evergreen,Post-Panamax,3000,India
SR09732,SHP09732,Vessel-09732,ONE,Ultra Large Container Vessel,4500,Singapore
SR09733,SHP09733,Vessel-09733,Maersk,Panamax,6500,Liberia
SR09734,SHP09734,Vessel-09734,MSC,Post-Panamax,8500,Panama
SR09735,SHP09735,Vessel-09735,CMA CGM,Ultra Large Container Vessel,12000,Malta
SR09736,SHP09736,Vessel-09736,Hapag-Lloyd,Panamax,3000,India
SR09737,SHP09737,Vessel-09737,Evergreen,Post-Panamax,4500,Singapore
SR09738,SHP09738,Vessel-09738,ONE,Ultra Large Container Vessel,6500,Liberia
SR09739,SHP09739,Vessel-09739,Maersk,Panamax,8500,Panama
SR09740,SHP09740,Vessel-09740,MSC,Post-Panamax,12000,Malta
SR09741,SHP09741,Vessel-09741,CMA CGM,Ultra Large Container Vessel,3000,India
SR09742,SHP09742,Vessel-09742,Hapag-Lloyd,Panamax,4500,Singapore
SR09743,SHP09743,Vessel-09743,Evergreen,Post-Panamax,6500,Liberia
SR09744,SHP09744,Vessel-09744,ONE,Ultra Large Container Vessel,8500,Panama
SR09745,SHP09745,Vessel-09745,Maersk,Panamax,12000,Malta
SR09746,SHP09746,Vessel-09746,MSC,Post-Panamax,3000,India
SR09747,SHP09747,Vessel-09747,CMA CGM,Ultra Large Container Vessel,4500,Singapore
SR09748,SHP09748,Vessel-09748,Hapag-Lloyd,Panamax,6500,Liberia
SR09749,SHP09749,Vessel-09749,Evergreen,Post-Panamax,8500,Panama
SR09750,SHP09750,Vessel-09750,ONE,Ultra Large Container Vessel,12000,Malta
SR09751,SHP09751,Vessel-09751,Maersk,Panamax,3000,India
SR09752,SHP09752,Vessel-09752,MSC,Post-Panamax,4500,Singapore
SR09753,SHP09753,Vessel-09753,CMA CGM,Ultra Large Container Vessel,6500,Liberia
SR09754,SHP09754,Vessel-09754,Hapag-Lloyd,Panamax,8500,Panama
SR09755,SHP09755,Vessel-09755,Evergreen,Post-Panamax,12000,Malta
SR09756,SHP09756,Vessel-09756,ONE,Ultra Large Container Vessel,3000,India
SR09757,SHP09757,Vessel-09757,Maersk,Panamax,4500,Singapore
SR09758,SHP09758,Vessel-09758,MSC,Post-Panamax,6500,Liberia
SR09759,SHP09759,Vessel-09759,CMA CGM,Ultra Large Container Vessel,8500,Panama
SR09760,SHP09760,Vessel-09760,Hapag-Lloyd,Panamax,12000,Malta
SR09761,SHP09761,Vessel-09761,Evergreen,Post-Panamax,3000,India
SR09762,SHP09762,Vessel-09762,ONE,Ultra Large Container Vessel,4500,Singapore
SR09763,SHP09763,Vessel-09763,Maersk,Panamax,6500,Liberia
SR09764,SHP09764,Vessel-09764,MSC,Post-Panamax,8500,Panama
SR09765,SHP09765,Vessel-09765,CMA CGM,Ultra Large Container Vessel,12000,Malta
SR09766,SHP09766,Vessel-09766,Hapag-Lloyd,Panamax,3000,India
SR09767,SHP09767,Vessel-09767,Evergreen,Post-Panamax,4500,Singapore
SR09768,SHP09768,Vessel-09768,ONE,Ultra Large Container Vessel,6500,Liberia
SR09769,SHP09769,Vessel-09769,Maersk,Panamax,8500,Panama
SR09770,SHP09770,Vessel-09770,MSC,Post-Panamax,12000,Malta
SR09771,SHP09771,Vessel-09771,CMA CGM,Ultra Large Container Vessel,3000,India
SR09772,SHP09772,Vessel-09772,Hapag-Lloyd,Panamax,4500,Singapore
SR09773,SHP09773,Vessel-09773,Evergreen,Post-Panamax,6500,Liberia
SR09774,SHP09774,Vessel-09774,ONE,Ultra Large Container Vessel,8500,Panama
SR09775,SHP09775,Vessel-09775,Maersk,Panamax,12000,Malta
SR09776,SHP09776,Vessel-09776,MSC,Post-Panamax,3000,India
SR09777,SHP09777,Vessel-09777,CMA CGM,Ultra Large Container Vessel,4500,Singapore
SR09778,SHP09778,Vessel-09778,Hapag-Lloyd,Panamax,6500,Liberia
SR09779,SHP09779,Vessel-09779,Evergreen,Post-Panamax,8500,Panama
SR09780,SHP09780,Vessel-09780,ONE,Ultra Large Container Vessel,12000,Malta
SR09781,SHP09781,Vessel-09781,Maersk,Panamax,3000,India
SR09782,SHP09782,Vessel-09782,MSC,Post-Panamax,4500,Singapore
SR09783,SHP09783,Vessel-09783,CMA CGM,Ultra Large Container Vessel,6500,Liberia
SR09784,SHP09784,Vessel-09784,Hapag-Lloyd,Panamax,8500,Panama
SR09785,SHP09785,Vessel-09785,Evergreen,Post-Panamax,12000,Malta
SR09786,SHP09786,Vessel-09786,ONE,Ultra Large Container Vessel,3000,India
SR09787,SHP09787,Vessel-09787,Maersk,Panamax,4500,Singapore
SR09788,SHP09788,Vessel-09788,MSC,Post-Panamax,6500,Liberia
SR09789,SHP09789,Vessel-09789,CMA CGM,Ultra Large Container Vessel,8500,Panama
SR09790,SHP09790,Vessel-09790,Hapag-Lloyd,Panamax,12000,Malta
SR09791,SHP09791,Vessel-09791,Evergreen,Post-Panamax,3000,India
SR09792,SHP09792,Vessel-09792,ONE,Ultra Large Container Vessel,4500,Singapore
SR09793,SHP09793,Vessel-09793,Maersk,Panamax,6500,Liberia
SR09794,SHP09794,Vessel-09794,MSC,Post-Panamax,8500,Panama
SR09795,SHP09795,Vessel-09795,CMA CGM,Ultra Large Container Vessel,12000,Malta
SR09796,SHP09796,Vessel-09796,Hapag-Lloyd,Panamax,3000,India
SR09797,SHP09797,Vessel-09797,Evergreen,Post-Panamax,4500,Singapore
SR09798,SHP09798,Vessel-09798,ONE,Ultra Large Container Vessel,6500,Liberia
SR09799,SHP09799,Vessel-09799,Maersk,Panamax,8500,Panama
SR09800,SHP09800,Vessel-09800,MSC,Post-Panamax,12000,Malta
SR09801,SHP09801,Vessel-09801,CMA CGM,Ultra Large Container Vessel,3000,India
SR09802,SHP09802,Vessel-09802,Hapag-Lloyd,Panamax,4500,Singapore
SR09803,SHP09803,Vessel-09803,Evergreen,Post-Panamax,6500,Liberia
SR09804,SHP09804,Vessel-09804,ONE,Ultra Large Container Vessel,8500,Panama
SR09805,SHP09805,Vessel-09805,Maersk,Panamax,12000,Malta
SR09806,SHP09806,Vessel-09806,MSC,Post-Panamax,3000,India
SR09807,SHP09807,Vessel-09807,CMA CGM,Ultra Large Container Vessel,4500,Singapore
SR09808,SHP09808,Vessel-09808,Hapag-Lloyd,Panamax,6500,Liberia
SR09809,SHP09809,Vessel-09809,Evergreen,Post-Panamax,8500,Panama
SR09810,SHP09810,Vessel-09810,ONE,Ultra Large Container Vessel,12000,Malta
SR09811,SHP09811,Vessel-09811,Maersk,Panamax,3000,India
SR09812,SHP09812,Vessel-09812,MSC,Post-Panamax,4500,Singapore
SR09813,SHP09813,Vessel-09813,CMA CGM,Ultra Large Container Vessel,6500,Liberia
SR09814,SHP09814,Vessel-09814,Hapag-Lloyd,Panamax,8500,Panama
SR09815,SHP09815,Vessel-09815,Evergreen,Post-Panamax,12000,Malta
SR09816,SHP09816,Vessel-09816,ONE,Ultra Large Container Vessel,3000,India
SR09817,SHP09817,Vessel-09817,Maersk,Panamax,4500,Singapore
SR09818,SHP09818,Vessel-09818,MSC,Post-Panamax,6500,Liberia
SR09819,SHP09819,Vessel-09819,CMA CGM,Ultra Large Container Vessel,8500,Panama
SR09820,SHP09820,Vessel-09820,Hapag-Lloyd,Panamax,12000,Malta
SR09821,SHP09821,Vessel-09821,Evergreen,Post-Panamax,3000,India
SR09822,SHP09822,Vessel-09822,ONE,Ultra Large Container Vessel,4500,Singapore
SR09823,SHP09823,Vessel-09823,Maersk,Panamax,6500,Liberia
SR09824,SHP09824,Vessel-09824,MSC,Post-Panamax,8500,Panama
SR09825,SHP09825,Vessel-09825,CMA CGM,Ultra Large Container Vessel,12000,Malta
SR09826,SHP09826,Vessel-09826,Hapag-Lloyd,Panamax,3000,India
SR09827,SHP09827,Vessel-09827,Evergreen,Post-Panamax,4500,Singapore
SR09828,SHP09828,Vessel-09828,ONE,Ultra Large Container Vessel,6500,Liberia
SR09829,SHP09829,Vessel-09829,Maersk,Panamax,8500,Panama
SR09830,SHP09830,Vessel-09830,MSC,Post-Panamax,12000,Malta
SR09831,SHP09831,Vessel-09831,CMA CGM,Ultra Large Container Vessel,3000,India
SR09832,SHP09832,Vessel-09832,Hapag-Lloyd,Panamax,4500,Singapore
SR09833,SHP09833,Vessel-09833,Evergreen,Post-Panamax,6500,Liberia
SR09834,SHP09834,Vessel-09834,ONE,Ultra Large Container Vessel,8500,Panama
SR09835,SHP09835,Vessel-09835,Maersk,Panamax,12000,Malta
SR09836,SHP09836,Vessel-09836,MSC,Post-Panamax,3000,India
SR09837,SHP09837,Vessel-09837,CMA CGM,Ultra Large Container Vessel,4500,Singapore
SR09838,SHP09838,Vessel-09838,Hapag-Lloyd,Panamax,6500,Liberia
SR09839,SHP09839,Vessel-09839,Evergreen,Post-Panamax,8500,Panama
SR09840,SHP09840,Vessel-09840,ONE,Ultra Large Container Vessel,12000,Malta
SR09841,SHP09841,Vessel-09841,Maersk,Panamax,3000,India
SR09842,SHP09842,Vessel-09842,MSC,Post-Panamax,4500,Singapore
SR09843,SHP09843,Vessel-09843,CMA CGM,Ultra Large Container Vessel,6500,Liberia
SR09844,SHP09844,Vessel-09844,Hapag-Lloyd,Panamax,8500,Panama
SR09845,SHP09845,Vessel-09845,Evergreen,Post-Panamax,12000,Malta
SR09846,SHP09846,Vessel-09846,ONE,Ultra Large Container Vessel,3000,India
SR09847,SHP09847,Vessel-09847,Maersk,Panamax,4500,Singapore
SR09848,SHP09848,Vessel-09848,MSC,Post-Panamax,6500,Liberia
SR09849,SHP09849,Vessel-09849,CMA CGM,Ultra Large Container Vessel,8500,Panama
SR09850,SHP09850,Vessel-09850,Hapag-Lloyd,Panamax,12000,Malta
SR09851,SHP09851,Vessel-09851,Evergreen,Post-Panamax,3000,India
SR09852,SHP09852,Vessel-09852,ONE,Ultra Large Container Vessel,4500,Singapore
SR09853,SHP09853,Vessel-09853,Maersk,Panamax,6500,Liberia
SR09854,SHP09854,Vessel-09854,MSC,Post-Panamax,8500,Panama
SR09855,SHP09855,Vessel-09855,CMA CGM,Ultra Large Container Vessel,12000,Malta
SR09856,SHP09856,Vessel-09856,Hapag-Lloyd,Panamax,3000,India
SR09857,SHP09857,Vessel-09857,Evergreen,Post-Panamax,4500,Singapore
SR09858,SHP09858,Vessel-09858,ONE,Ultra Large Container Vessel,6500,Liberia
SR09859,SHP09859,Vessel-09859,Maersk,Panamax,8500,Panama
SR09860,SHP09860,Vessel-09860,MSC,Post-Panamax,12000,Malta
SR09861,SHP09861,Vessel-09861,CMA CGM,Ultra Large Container Vessel,3000,India
SR09862,SHP09862,Vessel-09862,Hapag-Lloyd,Panamax,4500,Singapore
SR09863,SHP09863,Vessel-09863,Evergreen,Post-Panamax,6500,Liberia
SR09864,SHP09864,Vessel-09864,ONE,Ultra Large Container Vessel,8500,Panama
SR09865,SHP09865,Vessel-09865,Maersk,Panamax,12000,Malta
SR09866,SHP09866,Vessel-09866,MSC,Post-Panamax,3000,India
SR09867,SHP09867,Vessel-09867,CMA CGM,Ultra Large Container Vessel,4500,Singapore
SR09868,SHP09868,Vessel-09868,Hapag-Lloyd,Panamax,6500,Liberia
SR09869,SHP09869,Vessel-09869,Evergreen,Post-Panamax,8500,Panama
SR09870,SHP09870,Vessel-09870,ONE,Ultra Large Container Vessel,12000,Malta
SR09871,SHP09871,Vessel-09871,Maersk,Panamax,3000,India
SR09872,SHP09872,Vessel-09872,MSC,Post-Panamax,4500,Singapore
SR09873,SHP09873,Vessel-09873,CMA CGM,Ultra Large Container Vessel,6500,Liberia
SR09874,SHP09874,Vessel-09874,Hapag-Lloyd,Panamax,8500,Panama
SR09875,SHP09875,Vessel-09875,Evergreen,Post-Panamax,12000,Malta
SR09876,SHP09876,Vessel-09876,ONE,Ultra Large Container Vessel,3000,India
SR09877,SHP09877,Vessel-09877,Maersk,Panamax,4500,Singapore
SR09878,SHP09878,Vessel-09878,MSC,Post-Panamax,6500,Liberia
SR09879,SHP09879,Vessel-09879,CMA CGM,Ultra Large Container Vessel,8500,Panama
SR09880,SHP09880,Vessel-09880,Hapag-Lloyd,Panamax,12000,Malta
SR09881,SHP09881,Vessel-09881,Evergreen,Post-Panamax,3000,India
SR09882,SHP09882,Vessel-09882,ONE,Ultra Large Container Vessel,4500,Singapore
SR09883,SHP09883,Vessel-09883,Maersk,Panamax,6500,Liberia
SR09884,SHP09884,Vessel-09884,MSC,Post-Panamax,8500,Panama
SR09885,SHP09885,Vessel-09885,CMA CGM,Ultra Large Container Vessel,12000,Malta
SR09886,SHP09886,Vessel-09886,Hapag-Lloyd,Panamax,3000,India
SR09887,SHP09887,Vessel-09887,Evergreen,Post-Panamax,4500,Singapore
SR09888,SHP09888,Vessel-09888,ONE,Ultra Large Container Vessel,6500,Liberia
SR09889,SHP09889,Vessel-09889,Maersk,Panamax,8500,Panama
SR09890,SHP09890,Vessel-09890,MSC,Post-Panamax,12000,Malta
SR09891,SHP09891,Vessel-09891,CMA CGM,Ultra Large Container Vessel,3000,India
SR09892,SHP09892,Vessel-09892,Hapag-Lloyd,Panamax,4500,Singapore
SR09893,SHP09893,Vessel-09893,Evergreen,Post-Panamax,6500,Liberia
SR09894,SHP09894,Vessel-09894,ONE,Ultra Large Container Vessel,8500,Panama
SR09895,SHP09895,Vessel-09895,Maersk,Panamax,12000,Malta
SR09896,SHP09896,Vessel-09896,MSC,Post-Panamax,3000,India
SR09897,SHP09897,Vessel-09897,CMA CGM,Ultra Large Container Vessel,4500,Singapore
SR09898,SHP09898,Vessel-09898,Hapag-Lloyd,Panamax,6500,Liberia
SR09899,SHP09899,Vessel-09899,Evergreen,Post-Panamax,8500,Panama
SR09900,SHP09900,Vessel-09900,ONE,Ultra Large Container Vessel,12000,Malta
SR09901,SHP09901,Vessel-09901,Maersk,Panamax,3000,India
SR09902,SHP09902,Vessel-09902,MSC,Post-Panamax,4500,Singapore
SR09903,SHP09903,Vessel-09903,CMA CGM,Ultra Large Container Vessel,6500,Liberia
SR09904,SHP09904,Vessel-09904,Hapag-Lloyd,Panamax,8500,Panama
SR09905,SHP09905,Vessel-09905,Evergreen,Post-Panamax,12000,Malta
SR09906,SHP09906,Vessel-09906,ONE,Ultra Large Container Vessel,3000,India
SR09907,SHP09907,Vessel-09907,Maersk,Panamax,4500,Singapore
SR09908,SHP09908,Vessel-09908,MSC,Post-Panamax,6500,Liberia
SR09909,SHP09909,Vessel-09909,CMA CGM,Ultra Large Container Vessel,8500,Panama
SR09910,SHP09910,Vessel-09910,Hapag-Lloyd,Panamax,12000,Malta
SR09911,SHP09911,Vessel-09911,Evergreen,Post-Panamax,3000,India
SR09912,SHP09912,Vessel-09912,ONE,Ultra Large Container Vessel,4500,Singapore
SR09913,SHP09913,Vessel-09913,Maersk,Panamax,6500,Liberia
SR09914,SHP09914,Vessel-09914,MSC,Post-Panamax,8500,Panama
SR09915,SHP09915,Vessel-09915,CMA CGM,Ultra Large Container Vessel,12000,Malta
SR09916,SHP09916,Vessel-09916,Hapag-Lloyd,Panamax,3000,India
SR09917,SHP09917,Vessel-09917,Evergreen,Post-Panamax,4500,Singapore
SR09918,SHP09918,Vessel-09918,ONE,Ultra Large Container Vessel,6500,Liberia
SR09919,SHP09919,Vessel-09919,Maersk,Panamax,8500,Panama
SR09920,SHP09920,Vessel-09920,MSC,Post-Panamax,12000,Malta
SR09921,SHP09921,Vessel-09921,CMA CGM,Ultra Large Container Vessel,3000,India
SR09922,SHP09922,Vessel-09922,Hapag-Lloyd,Panamax,4500,Singapore
SR09923,SHP09923,Vessel-09923,Evergreen,Post-Panamax,6500,Liberia
SR09924,SHP09924,Vessel-09924,ONE,Ultra Large Container Vessel,8500,Panama
SR09925,SHP09925,Vessel-09925,Maersk,Panamax,12000,Malta
SR09926,SHP09926,Vessel-09926,MSC,Post-Panamax,3000,India
SR09927,SHP09927,Vessel-09927,CMA CGM,Ultra Large Container Vessel,4500,Singapore
SR09928,SHP09928,Vessel-09928,Hapag-Lloyd,Panamax,6500,Liberia
SR09929,SHP09929,Vessel-09929,Evergreen,Post-Panamax,8500,Panama
SR09930,SHP09930,Vessel-09930,ONE,Ultra Large Container Vessel,12000,Malta
SR09931,SHP09931,Vessel-09931,Maersk,Panamax,3000,India
SR09932,SHP09932,Vessel-09932,MSC,Post-Panamax,4500,Singapore
SR09933,SHP09933,Vessel-09933,CMA CGM,Ultra Large Container Vessel,6500,Liberia
SR09934,SHP09934,Vessel-09934,Hapag-Lloyd,Panamax,8500,Panama
SR09935,SHP09935,Vessel-09935,Evergreen,Post-Panamax,12000,Malta
SR09936,SHP09936,Vessel-09936,ONE,Ultra Large Container Vessel,3000,India
SR09937,SHP09937,Vessel-09937,Maersk,Panamax,4500,Singapore
SR09938,SHP09938,Vessel-09938,MSC,Post-Panamax,6500,Liberia
SR09939,SHP09939,Vessel-09939,CMA CGM,Ultra Large Container Vessel,8500,Panama
SR09940,SHP09940,Vessel-09940,Hapag-Lloyd,Panamax,12000,Malta
SR09941,SHP09941,Vessel-09941,Evergreen,Post-Panamax,3000,India
SR09942,SHP09942,Vessel-09942,ONE,Ultra Large Container Vessel,4500,Singapore
SR09943,SHP09943,Vessel-09943,Maersk,Panamax,6500,Liberia
SR09944,SHP09944,Vessel-09944,MSC,Post-Panamax,8500,Panama
SR09945,SHP09945,Vessel-09945,CMA CGM,Ultra Large Container Vessel,12000,Malta
SR09946,SHP09946,Vessel-09946,Hapag-Lloyd,Panamax,3000,India
SR09947,SHP09947,Vessel-09947,Evergreen,Post-Panamax,4500,Singapore
SR09948,SHP09948,Vessel-09948,ONE,Ultra Large Container Vessel,6500,Liberia
SR09949,SHP09949,Vessel-09949,Maersk,Panamax,8500,Panama
SR09950,SHP09950,Vessel-09950,MSC,Post-Panamax,12000,Malta
SR09951,SHP09951,Vessel-09951,CMA CGM,Ultra Large Container Vessel,3000,India
SR09952,SHP09952,Vessel-09952,Hapag-Lloyd,Panamax,4500,Singapore
SR09953,SHP09953,Vessel-09953,Evergreen,Post-Panamax,6500,Liberia
SR09954,SHP09954,Vessel-09954,ONE,Ultra Large Container Vessel,8500,Panama
SR09955,SHP09955,Vessel-09955,Maersk,Panamax,12000,Malta
SR09956,SHP09956,Vessel-09956,MSC,Post-Panamax,3000,India
SR09957,SHP09957,Vessel-09957,CMA CGM,Ultra Large Container Vessel,4500,Singapore
SR09958,SHP09958,Vessel-09958,Hapag-Lloyd,Panamax,6500,Liberia
SR09959,SHP09959,Vessel-09959,Evergreen,Post-Panamax,8500,Panama
SR09960,SHP09960,Vessel-09960,ONE,Ultra Large Container Vessel,12000,Malta
SR09961,SHP09961,Vessel-09961,Maersk,Panamax,3000,India
SR09962,SHP09962,Vessel-09962,MSC,Post-Panamax,4500,Singapore
SR09963,SHP09963,Vessel-09963,CMA CGM,Ultra Large Container Vessel,6500,Liberia
SR09964,SHP09964,Vessel-09964,Hapag-Lloyd,Panamax,8500,Panama
SR09965,SHP09965,Vessel-09965,Evergreen,Post-Panamax,12000,Malta
SR09966,SHP09966,Vessel-09966,ONE,Ultra Large Container Vessel,3000,India
SR09967,SHP09967,Vessel-09967,Maersk,Panamax,4500,Singapore
SR09968,SHP09968,Vessel-09968,MSC,Post-Panamax,6500,Liberia
SR09969,SHP09969,Vessel-09969,CMA CGM,Ultra Large Container Vessel,8500,Panama
SR09970,SHP09970,Vessel-09970,Hapag-Lloyd,Panamax,12000,Malta
SR09971,SHP09971,Vessel-09971,Evergreen,Post-Panamax,3000,India
SR09972,SHP09972,Vessel-09972,ONE,Ultra Large Container Vessel,4500,Singapore
SR09973,SHP09973,Vessel-09973,Maersk,Panamax,6500,Liberia
SR09974,SHP09974,Vessel-09974,MSC,Post-Panamax,8500,Panama
SR09975,SHP09975,Vessel-09975,CMA CGM,Ultra Large Container Vessel,12000,Malta
SR09976,SHP09976,Vessel-09976,Hapag-Lloyd,Panamax,3000,India
SR09977,SHP09977,Vessel-09977,Evergreen,Post-Panamax,4500,Singapore
SR09978,SHP09978,Vessel-09978,ONE,Ultra Large Container Vessel,6500,Liberia
SR09979,SHP09979,Vessel-09979,Maersk,Panamax,8500,Panama
SR09980,SHP09980,Vessel-09980,MSC,Post-Panamax,12000,Malta
SR09981,SHP09981,Vessel-09981,CMA CGM,Ultra Large Container Vessel,3000,India
SR09982,SHP09982,Vessel-09982,Hapag-Lloyd,Panamax,4500,Singapore
SR09983,SHP09983,Vessel-09983,Evergreen,Post-Panamax,6500,Liberia
SR09984,SHP09984,Vessel-09984,ONE,Ultra Large Container Vessel,8500,Panama
SR09985,SHP09985,Vessel-09985,Maersk,Panamax,12000,Malta
SR09986,SHP09986,Vessel-09986,MSC,Post-Panamax,3000,India
SR09987,SHP09987,Vessel-09987,CMA CGM,Ultra Large Container Vessel,4500,Singapore
SR09988,SHP09988,Vessel-09988,Hapag-Lloyd,Panamax,6500,Liberia
SR09989,SHP09989,Vessel-09989,Evergreen,Post-Panamax,8500,Panama
SR09990,SHP09990,Vessel-09990,ONE,Ultra Large Container Vessel,12000,Malta
SR09991,SHP09991,Vessel-09991,Maersk,Panamax,3000,India
SR09992,SHP09992,Vessel-09992,MSC,Post-Panamax,4500,Singapore
SR09993,SHP09993,Vessel-09993,CMA CGM,Ultra Large Container Vessel,6500,Liberia
SR09994,SHP09994,Vessel-09994,Hapag-Lloyd,Panamax,8500,Panama
SR09995,SHP09995,Vessel-09995,Evergreen,Post-Panamax,12000,Malta
SR09996,SHP09996,Vessel-09996,ONE,Ultra Large Container Vessel,3000,India
SR09997,SHP09997,Vessel-09997,Maersk,Panamax,4500,Singapore
SR09998,SHP09998,Vessel-09998,MSC,Post-Panamax,6500,Liberia
SR09999,SHP09999,Vessel-09999,CMA CGM,Ultra Large Container Vessel,8500,Panama
SR10000,SHP10000,Vessel-10000,Hapag-Lloyd,Panamax,12000,Malta
