Port_Record_ID,Port_ID,Port_Name,Country,Region,Terminal,Berth
PR00001,P001,Chennai,India,South Asia,Terminal-1,Berth-1
PR00002,P002,Mumbai,India,South Asia,Terminal-2,Berth-2
PR00003,P003,Singapore,Singapore,Southeast Asia,Terminal-3,Berth-3
PR00004,P004,Dubai,UAE,Middle East,Terminal-4,Berth-4
PR00005,P005,Colombo,Sri Lanka,South Asia,Terminal-1,Berth-5
PR00006,P006,Rotterdam,Netherlands,Europe,Terminal-2,Berth-6
PR00007,P007,Los Angeles,USA,North America,Terminal-3,Berth-7
PR00008,P001,Chennai,India,South Asia,Terminal-4,Berth-8
PR00009,P002,Mumbai,India,South Asia,Terminal-1,Berth-9
PR00010,P003,Singapore,Singapore,Southeast Asia,Terminal-2,Berth-10
PR00011,P004,Dubai,UAE,Middle East,Terminal-3,Berth-11
PR00012,P005,Colombo,Sri Lanka,South Asia,Terminal-4,Berth-12
PR00013,P006,Rotterdam,Netherlands,Europe,Terminal-1,Berth-13
PR00014,P007,Los Angeles,USA,North America,Terminal-2,Berth-14
PR00015,P001,Chennai,India,South Asia,Terminal-3,Berth-15
PR00016,P002,Mumbai,India,South Asia,Terminal-4,Berth-16
PR00017,P003,Singapore,Singapore,Southeast Asia,Terminal-1,Berth-17
PR00018,P004,Dubai,UAE,Middle East,Terminal-2,Berth-18
PR00019,P005,Colombo,Sri Lanka,South Asia,Terminal-3,Berth-1
PR00020,P006,Rotterdam,Netherlands,Europe,Terminal-4,Berth-2
PR00021,P007,Los Angeles,USA,North America,Terminal-1,Berth-3
PR00022,P001,Chennai,India,South Asia,Terminal-2,Berth-4
PR00023,P002,Mumbai,India,South Asia,Terminal-3,Berth-5
PR00024,P003,Singapore,Singapore,Southeast Asia,Terminal-4,Berth-6
PR00025,P004,Dubai,UAE,Middle East,Terminal-1,Berth-7
PR00026,P005,Colombo,Sri Lanka,South Asia,Terminal-2,Berth-8
PR00027,P006,Rotterdam,Netherlands,Europe,Terminal-3,Berth-9
PR00028,P007,Los Angeles,USA,North America,Terminal-4,Berth-10
PR00029,P001,Chennai,India,South Asia,Terminal-1,Berth-11
PR00030,P002,Mumbai,India,South Asia,Terminal-2,Berth-12
PR00031,P003,Singapore,Singapore,Southeast Asia,Terminal-3,Berth-13
PR00032,P004,Dubai,UAE,Middle East,Terminal-4,Berth-14
PR00033,P005,Colombo,Sri Lanka,South Asia,Terminal-1,Berth-15
PR00034,P006,Rotterdam,Netherlands,Europe,Terminal-2,Berth-16
PR00035,P007,Los Angeles,USA,North America,Terminal-3,Berth-17
PR00036,P001,Chennai,India,South Asia,Terminal-4,Berth-18
PR00037,P002,Mumbai,India,South Asia,Terminal-1,Berth-1
PR00038,P003,Singapore,Singapore,Southeast Asia,Terminal-2,Berth-2
PR00039,P004,Dubai,UAE,Middle East,Terminal-3,Berth-3
PR00040,P005,Colombo,Sri Lanka,South Asia,Terminal-4,Berth-4
PR00041,P006,Rotterdam,Netherlands,Europe,Terminal-1,Berth-5
PR00042,P007,Los Angeles,USA,North America,Terminal-2,Berth-6
PR00043,P001,Chennai,India,South Asia,Terminal-3,Berth-7
PR00044,P002,Mumbai,India,South Asia,Terminal-4,Berth-8
PR00045,P003,Singapore,Singapore,Southeast Asia,Terminal-1,Berth-9
PR00046,P004,Dubai,UAE,Middle East,Terminal-2,Berth-10
PR00047,P005,Colombo,Sri Lanka,South Asia,Terminal-3,Berth-11
PR00048,P006,Rotterdam,Netherlands,Europe,Terminal-4,Berth-12
PR00049,P007,Los Angeles,USA,North America,Terminal-1,Berth-13
PR00050,P001,Chennai,India,South Asia,Terminal-2,Berth-14
PR00051,P002,Mumbai,India,South Asia,Terminal-3,Berth-15
PR00052,P003,Singapore,Singapore,Southeast Asia,Terminal-4,Berth-16
PR00053,P004,Dubai,UAE,Middle East,Terminal-1,Berth-17
PR00054,P005,Colombo,Sri Lanka,South Asia,Terminal-2,Berth-18
PR00055,P006,Rotterdam,Netherlands,Europe,Terminal-3,Berth-1
PR00056,P007,Los Angeles,USA,North America,Terminal-4,Berth-2
PR00057,P001,Chennai,India,South Asia,Terminal-1,Berth-3
PR00058,P002,Mumbai,India,South Asia,Terminal-2,Berth-4
PR00059,P003,Singapore,Singapore,Southeast Asia,Terminal-3,Berth-5
PR00060,P004,Dubai,UAE,Middle East,Terminal-4,Berth-6
PR00061,P005,Colombo,Sri Lanka,South Asia,Terminal-1,Berth-7
PR00062,P006,Rotterdam,Netherlands,Europe,Terminal-2,Berth-8
PR00063,P007,Los Angeles,USA,North America,Terminal-3,Berth-9
PR00064,P001,Chennai,India,South Asia,Terminal-4,Berth-10
PR00065,P002,Mumbai,India,South Asia,Terminal-1,Berth-11
PR00066,P003,Singapore,Singapore,Southeast Asia,Terminal-2,Berth-12
PR00067,P004,Dubai,UAE,Middle East,Terminal-3,Berth-13
PR00068,P005,Colombo,Sri Lanka,South Asia,Terminal-4,Berth-14
PR00069,P006,Rotterdam,Netherlands,Europe,Terminal-1,Berth-15
PR00070,P007,Los Angeles,USA,North America,Terminal-2,Berth-16
PR00071,P001,Chennai,India,South Asia,Terminal-3,Berth-17
PR00072,P002,Mumbai,India,South Asia,Terminal-4,Berth-18
PR00073,P003,Singapore,Singapore,Southeast Asia,Terminal-1,Berth-1
PR00074,P004,Dubai,UAE,Middle East,Terminal-2,Berth-2
PR00075,P005,Colombo,Sri Lanka,South Asia,Terminal-3,Berth-3
PR00076,P006,Rotterdam,Netherlands,Europe,Terminal-4,Berth-4
PR00077,P007,Los Angeles,USA,North America,Terminal-1,Berth-5
PR00078,P001,Chennai,India,South Asia,Terminal-2,Berth-6
PR00079,P002,Mumbai,India,South Asia,Terminal-3,Berth-7
PR00080,P003,Singapore,Singapore,Southeast Asia,Terminal-4,Berth-8
PR00081,P004,Dubai,UAE,Middle East,Terminal-1,Berth-9
PR00082,P005,Colombo,Sri Lanka,South Asia,Terminal-2,Berth-10
PR00083,P006,Rotterdam,Netherlands,Europe,Terminal-3,Berth-11
PR00084,P007,Los Angeles,USA,North America,Terminal-4,Berth-12
PR00085,P001,Chennai,India,South Asia,Terminal-1,Berth-13
PR00086,P002,Mumbai,India,South Asia,Terminal-2,Berth-14
PR00087,P003,Singapore,Singapore,Southeast Asia,Terminal-3,Berth-15
PR00088,P004,Dubai,UAE,Middle East,Terminal-4,Berth-16
PR00089,P005,Colombo,Sri Lanka,South Asia,Terminal-1,Berth-17
PR00090,P006,Rotterdam,Netherlands,Europe,Terminal-2,Berth-18
PR00091,P007,Los Angeles,USA,North America,Terminal-3,Berth-1
PR00092,P001,Chennai,India,South Asia,Terminal-4,Berth-2
PR00093,P002,Mumbai,India,South Asia,Terminal-1,Berth-3
PR00094,P003,Singapore,Singapore,Southeast Asia,Terminal-2,Berth-4
PR00095,P004,Dubai,UAE,Middle East,Terminal-3,Berth-5
PR00096,P005,Colombo,Sri Lanka,South Asia,Terminal-4,Berth-6
PR00097,P006,Rotterdam,Netherlands,Europe,Terminal-1,Berth-7
PR00098,P007,Los Angeles,USA,North America,Terminal-2,Berth-8
PR00099,P001,Chennai,India,South Asia,Terminal-3,Berth-9
PR00100,P002,Mumbai,India,South Asia,Terminal-4,Berth-10
PR00101,P003,Singapore,Singapore,Southeast Asia,Terminal-1,Berth-11
PR00102,P004,Dubai,UAE,Middle East,Terminal-2,Berth-12
PR00103,P005,Colombo,Sri Lanka,South Asia,Terminal-3,Berth-13
PR00104,P006,Rotterdam,Netherlands,Europe,Terminal-4,Berth-14
PR00105,P007,Los Angeles,USA,North America,Terminal-1,Berth-15
PR00106,P001,Chennai,India,South Asia,Terminal-2,Berth-16
PR00107,P002,Mumbai,India,South Asia,Terminal-3,Berth-17
PR00108,P003,Singapore,Singapore,Southeast Asia,Terminal-4,Berth-18
PR00109,P004,Dubai,UAE,Middle East,Terminal-1,Berth-1
PR00110,P005,Colombo,Sri Lanka,South Asia,Terminal-2,Berth-2
PR00111,P006,Rotterdam,Netherlands,Europe,Terminal-3,Berth-3
PR00112,P007,Los Angeles,USA,North America,Terminal-4,Berth-4
PR00113,P001,Chennai,India,South Asia,Terminal-1,Berth-5
PR00114,P002,Mumbai,India,South Asia,Terminal-2,Berth-6
PR00115,P003,Singapore,Singapore,Southeast Asia,Terminal-3,Berth-7
PR00116,P004,Dubai,UAE,Middle East,Terminal-4,Berth-8
PR00117,P005,Colombo,Sri Lanka,South Asia,Terminal-1,Berth-9
PR00118,P006,Rotterdam,Netherlands,Europe,Terminal-2,Berth-10
PR00119,P007,Los Angeles,USA,North America,Terminal-3,Berth-11
PR00120,P001,Chennai,India,South Asia,Terminal-4,Berth-12
PR00121,P002,Mumbai,India,South Asia,Terminal-1,Berth-13
PR00122,P003,Singapore,Singapore,Southeast Asia,Terminal-2,Berth-14
PR00123,P004,Dubai,UAE,Middle East,Terminal-3,Berth-15
PR00124,P005,Colombo,Sri Lanka,South Asia,Terminal-4,Berth-16
PR00125,P006,Rotterdam,Netherlands,Europe,Terminal-1,Berth-17
PR00126,P007,Los Angeles,USA,North America,Terminal-2,Berth-18
PR00127,P001,Chennai,India,South Asia,Terminal-3,Berth-1
PR00128,P002,Mumbai,India,South Asia,Terminal-4,Berth-2
PR00129,P003,Singapore,Singapore,Southeast Asia,Terminal-1,Berth-3
PR00130,P004,Dubai,UAE,Middle East,Terminal-2,Berth-4
PR00131,P005,Colombo,Sri Lanka,South Asia,Terminal-3,Berth-5
PR00132,P006,Rotterdam,Netherlands,Europe,Terminal-4,Berth-6
PR00133,P007,Los Angeles,USA,North America,Terminal-1,Berth-7
PR00134,P001,Chennai,India,South Asia,Terminal-2,Berth-8
PR00135,P002,Mumbai,India,South Asia,Terminal-3,Berth-9
PR00136,P003,Singapore,Singapore,Southeast Asia,Terminal-4,Berth-10
PR00137,P004,Dubai,UAE,Middle East,Terminal-1,Berth-11
PR00138,P005,Colombo,Sri Lanka,South Asia,Terminal-2,Berth-12
PR00139,P006,Rotterdam,Netherlands,Europe,Terminal-3,Berth-13
PR00140,P007,Los Angeles,USA,North America,Terminal-4,Berth-14
PR00141,P001,Chennai,India,South Asia,Terminal-1,Berth-15
PR00142,P002,Mumbai,India,South Asia,Terminal-2,Berth-16
PR00143,P003,Singapore,Singapore,Southeast Asia,Terminal-3,Berth-17
PR00144,P004,Dubai,UAE,Middle East,Terminal-4,Berth-18
PR00145,P005,Colombo,Sri Lanka,South Asia,Terminal-1,Berth-1
PR00146,P006,Rotterdam,Netherlands,Europe,Terminal-2,Berth-2
PR00147,P007,Los Angeles,USA,North America,Terminal-3,Berth-3
PR00148,P001,Chennai,India,South Asia,Terminal-4,Berth-4
PR00149,P002,Mumbai,India,South Asia,Terminal-1,Berth-5
PR00150,P003,Singapore,Singapore,Southeast Asia,Terminal-2,Berth-6
PR00151,P004,Dubai,UAE,Middle East,Terminal-3,Berth-7
PR00152,P005,Colombo,Sri Lanka,South Asia,Terminal-4,Berth-8
PR00153,P006,Rotterdam,Netherlands,Europe,Terminal-1,Berth-9
PR00154,P007,Los Angeles,USA,North America,Terminal-2,Berth-10
PR00155,P001,Chennai,India,South Asia,Terminal-3,Berth-11
PR00156,P002,Mumbai,India,South Asia,Terminal-4,Berth-12
PR00157,P003,Singapore,Singapore,Southeast Asia,Terminal-1,Berth-13
PR00158,P004,Dubai,UAE,Middle East,Terminal-2,Berth-14
PR00159,P005,Colombo,Sri Lanka,South Asia,Terminal-3,Berth-15
PR00160,P006,Rotterdam,Netherlands,Europe,Terminal-4,Berth-16
PR00161,P007,Los Angeles,USA,North America,Terminal-1,Berth-17
PR00162,P001,Chennai,India,South Asia,Terminal-2,Berth-18
PR00163,P002,Mumbai,India,South Asia,Terminal-3,Berth-1
PR00164,P003,Singapore,Singapore,Southeast Asia,Terminal-4,Berth-2
PR00165,P004,Dubai,UAE,Middle East,Terminal-1,Berth-3
PR00166,P005,Colombo,Sri Lanka,South Asia,Terminal-2,Berth-4
PR00167,P006,Rotterdam,Netherlands,Europe,Terminal-3,Berth-5
PR00168,P007,Los Angeles,USA,North America,Terminal-4,Berth-6
PR00169,P001,Chennai,India,South Asia,Terminal-1,Berth-7
PR00170,P002,Mumbai,India,South Asia,Terminal-2,Berth-8
PR00171,P003,Singapore,Singapore,Southeast Asia,Terminal-3,Berth-9
PR00172,P004,Dubai,UAE,Middle East,Terminal-4,Berth-10
PR00173,P005,Colombo,Sri Lanka,South Asia,Terminal-1,Berth-11
PR00174,P006,Rotterdam,Netherlands,Europe,Terminal-2,Berth-12
PR00175,P007,Los Angeles,USA,North America,Terminal-3,Berth-13
PR00176,P001,Chennai,India,South Asia,Terminal-4,Berth-14
PR00177,P002,Mumbai,India,South Asia,Terminal-1,Berth-15
PR00178,P003,Singapore,Singapore,Southeast Asia,Terminal-2,Berth-16
PR00179,P004,Dubai,UAE,Middle East,Terminal-3,Berth-17
PR00180,P005,Colombo,Sri Lanka,South Asia,Terminal-4,Berth-18
PR00181,P006,Rotterdam,Netherlands,Europe,Terminal-1,Berth-1
PR00182,P007,Los Angeles,USA,North America,Terminal-2,Berth-2
PR00183,P001,Chennai,India,South Asia,Terminal-3,Berth-3
PR00184,P002,Mumbai,India,South Asia,Terminal-4,Berth-4
PR00185,P003,Singapore,Singapore,Southeast Asia,Terminal-1,Berth-5
PR00186,P004,Dubai,UAE,Middle East,Terminal-2,Berth-6
PR00187,P005,Colombo,Sri Lanka,South Asia,Terminal-3,Berth-7
PR00188,P006,Rotterdam,Netherlands,Europe,Terminal-4,Berth-8
PR00189,P007,Los Angeles,USA,North America,Terminal-1,Berth-9
PR00190,P001,Chennai,India,South Asia,Terminal-2,Berth-10
PR00191,P002,Mumbai,India,South Asia,Terminal-3,Berth-11
PR00192,P003,Singapore,Singapore,Southeast Asia,Terminal-4,Berth-12
PR00193,P004,Dubai,UAE,Middle East,Terminal-1,Berth-13
PR00194,P005,Colombo,Sri Lanka,South Asia,Terminal-2,Berth-14
PR00195,P006,Rotterdam,Netherlands,Europe,Terminal-3,Berth-15
PR00196,P007,Los Angeles,USA,North America,Terminal-4,Berth-16
PR00197,P001,Chennai,India,South Asia,Terminal-1,Berth-17
PR00198,P002,Mumbai,India,South Asia,Terminal-2,Berth-18
PR00199,P003,Singapore,Singapore,Southeast Asia,Terminal-3,Berth-1
PR00200,P004,Dubai,UAE,Middle East,Terminal-4,Berth-2
PR00201,P005,Colombo,Sri Lanka,South Asia,Terminal-1,Berth-3
PR00202,P006,Rotterdam,Netherlands,Europe,Terminal-2,Berth-4
PR00203,P007,Los Angeles,USA,North America,Terminal-3,Berth-5
PR00204,P001,Chennai,India,South Asia,Terminal-4,Berth-6
PR00205,P002,Mumbai,India,South Asia,Terminal-1,Berth-7
PR00206,P003,Singapore,Singapore,Southeast Asia,Terminal-2,Berth-8
PR00207,P004,Dubai,UAE,Middle East,Terminal-3,Berth-9
PR00208,P005,Colombo,Sri Lanka,South Asia,Terminal-4,Berth-10
PR00209,P006,Rotterdam,Netherlands,Europe,Terminal-1,Berth-11
PR00210,P007,Los Angeles,USA,North America,Terminal-2,Berth-12
PR00211,P001,Chennai,India,South Asia,Terminal-3,Berth-13
PR00212,P002,Mumbai,India,South Asia,Terminal-4,Berth-14
PR00213,P003,Singapore,Singapore,Southeast Asia,Terminal-1,Berth-15
PR00214,P004,Dubai,UAE,Middle East,Terminal-2,Berth-16
PR00215,P005,Colombo,Sri Lanka,South Asia,Terminal-3,Berth-17
PR00216,P006,Rotterdam,Netherlands,Europe,Terminal-4,Berth-18
PR00217,P007,Los Angeles,USA,North America,Terminal-1,Berth-1
PR00218,P001,Chennai,India,South Asia,Terminal-2,Berth-2
PR00219,P002,Mumbai,India,South Asia,Terminal-3,Berth-3
PR00220,P003,Singapore,Singapore,Southeast Asia,Terminal-4,Berth-4
PR00221,P004,Dubai,UAE,Middle East,Terminal-1,Berth-5
PR00222,P005,Colombo,Sri Lanka,South Asia,Terminal-2,Berth-6
PR00223,P006,Rotterdam,Netherlands,Europe,Terminal-3,Berth-7
PR00224,P007,Los Angeles,USA,North America,Terminal-4,Berth-8
PR00225,P001,Chennai,India,South Asia,Terminal-1,Berth-9
PR00226,P002,Mumbai,India,South Asia,Terminal-2,Berth-10
PR00227,P003,Singapore,Singapore,Southeast Asia,Terminal-3,Berth-11
PR00228,P004,Dubai,UAE,Middle East,Terminal-4,Berth-12
PR00229,P005,Colombo,Sri Lanka,South Asia,Terminal-1,Berth-13
PR00230,P006,Rotterdam,Netherlands,Europe,Terminal-2,Berth-14
PR00231,P007,Los Angeles,USA,North America,Terminal-3,Berth-15
PR00232,P001,Chennai,India,South Asia,Terminal-4,Berth-16
PR00233,P002,Mumbai,India,South Asia,Terminal-1,Berth-17
PR00234,P003,Singapore,Singapore,Southeast Asia,Terminal-2,Berth-18
PR00235,P004,Dubai,UAE,Middle East,Terminal-3,Berth-1
PR00236,P005,Colombo,Sri Lanka,South Asia,Terminal-4,Berth-2
PR00237,P006,Rotterdam,Netherlands,Europe,Terminal-1,Berth-3
PR00238,P007,Los Angeles,USA,North America,Terminal-2,Berth-4
PR00239,P001,Chennai,India,South Asia,Terminal-3,Berth-5
PR00240,P002,Mumbai,India,South Asia,Terminal-4,Berth-6
PR00241,P003,Singapore,Singapore,Southeast Asia,Terminal-1,Berth-7
PR00242,P004,Dubai,UAE,Middle East,Terminal-2,Berth-8
PR00243,P005,Colombo,Sri Lanka,South Asia,Terminal-3,Berth-9
PR00244,P006,Rotterdam,Netherlands,Europe,Terminal-4,Berth-10
PR00245,P007,Los Angeles,USA,North America,Terminal-1,Berth-11
PR00246,P001,Chennai,India,South Asia,Terminal-2,Berth-12
PR00247,P002,Mumbai,India,South Asia,Terminal-3,Berth-13
PR00248,P003,Singapore,Singapore,Southeast Asia,Terminal-4,Berth-14
PR00249,P004,Dubai,UAE,Middle East,Terminal-1,Berth-15
PR00250,P005,Colombo,Sri Lanka,South Asia,Terminal-2,Berth-16
PR00251,P006,Rotterdam,Netherlands,Europe,Terminal-3,Berth-17
PR00252,P007,Los Angeles,USA,North America,Terminal-4,Berth-18
PR00253,P001,Chennai,India,South Asia,Terminal-1,Berth-1
PR00254,P002,Mumbai,India,South Asia,Terminal-2,Berth-2
PR00255,P003,Singapore,Singapore,Southeast Asia,Terminal-3,Berth-3
PR00256,P004,Dubai,UAE,Middle East,Terminal-4,Berth-4
PR00257,P005,Colombo,Sri Lanka,South Asia,Terminal-1,Berth-5
PR00258,P006,Rotterdam,Netherlands,Europe,Terminal-2,Berth-6
PR00259,P007,Los Angeles,USA,North America,Terminal-3,Berth-7
PR00260,P001,Chennai,India,South Asia,Terminal-4,Berth-8
PR00261,P002,Mumbai,India,South Asia,Terminal-1,Berth-9
PR00262,P003,Singapore,Singapore,Southeast Asia,Terminal-2,Berth-10
PR00263,P004,Dubai,UAE,Middle East,Terminal-3,Berth-11
PR00264,P005,Colombo,Sri Lanka,South Asia,Terminal-4,Berth-12
PR00265,P006,Rotterdam,Netherlands,Europe,Terminal-1,Berth-13
PR00266,P007,Los Angeles,USA,North America,Terminal-2,Berth-14
PR00267,P001,Chennai,India,South Asia,Terminal-3,Berth-15
PR00268,P002,Mumbai,India,South Asia,Terminal-4,Berth-16
PR00269,P003,Singapore,Singapore,Southeast Asia,Terminal-1,Berth-17
PR00270,P004,Dubai,UAE,Middle East,Terminal-2,Berth-18
PR00271,P005,Colombo,Sri Lanka,South Asia,Terminal-3,Berth-1
PR00272,P006,Rotterdam,Netherlands,Europe,Terminal-4,Berth-2
PR00273,P007,Los Angeles,USA,North America,Terminal-1,Berth-3
PR00274,P001,Chennai,India,South Asia,Terminal-2,Berth-4
PR00275,P002,Mumbai,India,South Asia,Terminal-3,Berth-5
PR00276,P003,Singapore,Singapore,Southeast Asia,Terminal-4,Berth-6
PR00277,P004,Dubai,UAE,Middle East,Terminal-1,Berth-7
PR00278,P005,Colombo,Sri Lanka,South Asia,Terminal-2,Berth-8
PR00279,P006,Rotterdam,Netherlands,Europe,Terminal-3,Berth-9
PR00280,P007,Los Angeles,USA,North America,Terminal-4,Berth-10
PR00281,P001,Chennai,India,South Asia,Terminal-1,Berth-11
PR00282,P002,Mumbai,India,South Asia,Terminal-2,Berth-12
PR00283,P003,Singapore,Singapore,Southeast Asia,Terminal-3,Berth-13
PR00284,P004,Dubai,UAE,Middle East,Terminal-4,Berth-14
PR00285,P005,Colombo,Sri Lanka,South Asia,Terminal-1,Berth-15
PR00286,P006,Rotterdam,Netherlands,Europe,Terminal-2,Berth-16
PR00287,P007,Los Angeles,USA,North America,Terminal-3,Berth-17
PR00288,P001,Chennai,India,South Asia,Terminal-4,Berth-18
PR00289,P002,Mumbai,India,South Asia,Terminal-1,Berth-1
PR00290,P003,Singapore,Singapore,Southeast Asia,Terminal-2,Berth-2
PR00291,P004,Dubai,UAE,Middle East,Terminal-3,Berth-3
PR00292,P005,Colombo,Sri Lanka,South Asia,Terminal-4,Berth-4
PR00293,P006,Rotterdam,Netherlands,Europe,Terminal-1,Berth-5
PR00294,P007,Los Angeles,USA,North America,Terminal-2,Berth-6
PR00295,P001,Chennai,India,South Asia,Terminal-3,Berth-7
PR00296,P002,Mumbai,India,South Asia,Terminal-4,Berth-8
PR00297,P003,Singapore,Singapore,Southeast Asia,Terminal-1,Berth-9
PR00298,P004,Dubai,UAE,Middle East,Terminal-2,Berth-10
PR00299,P005,Colombo,Sri Lanka,South Asia,Terminal-3,Berth-11
PR00300,P006,Rotterdam,Netherlands,Europe,Terminal-4,Berth-12
PR00301,P007,Los Angeles,USA,North America,Terminal-1,Berth-13
PR00302,P001,Chennai,India,South Asia,Terminal-2,Berth-14
PR00303,P002,Mumbai,India,South Asia,Terminal-3,Berth-15
PR00304,P003,Singapore,Singapore,Southeast Asia,Terminal-4,Berth-16
PR00305,P004,Dubai,UAE,Middle East,Terminal-1,Berth-17
PR00306,P005,Colombo,Sri Lanka,South Asia,Terminal-2,Berth-18
PR00307,P006,Rotterdam,Netherlands,Europe,Terminal-3,Berth-1
PR00308,P007,Los Angeles,USA,North America,Terminal-4,Berth-2
PR00309,P001,Chennai,India,South Asia,Terminal-1,Berth-3
PR00310,P002,Mumbai,India,South Asia,Terminal-2,Berth-4
PR00311,P003,Singapore,Singapore,Southeast Asia,Terminal-3,Berth-5
PR00312,P004,Dubai,UAE,Middle East,Terminal-4,Berth-6
PR00313,P005,Colombo,Sri Lanka,South Asia,Terminal-1,Berth-7
PR00314,P006,Rotterdam,Netherlands,Europe,Terminal-2,Berth-8
PR00315,P007,Los Angeles,USA,North America,Terminal-3,Berth-9
PR00316,P001,Chennai,India,South Asia,Terminal-4,Berth-10
PR00317,P002,Mumbai,India,South Asia,Terminal-1,Berth-11
PR00318,P003,Singapore,Singapore,Southeast Asia,Terminal-2,Berth-12
PR00319,P004,Dubai,UAE,Middle East,Terminal-3,Berth-13
PR00320,P005,Colombo,Sri Lanka,South Asia,Terminal-4,Berth-14
PR00321,P006,Rotterdam,Netherlands,Europe,Terminal-1,Berth-15
PR00322,P007,Los Angeles,USA,North America,Terminal-2,Berth-16
PR00323,P001,Chennai,India,South Asia,Terminal-3,Berth-17
PR00324,P002,Mumbai,India,South Asia,Terminal-4,Berth-18
PR00325,P003,Singapore,Singapore,Southeast Asia,Terminal-1,Berth-1
PR00326,P004,Dubai,UAE,Middle East,Terminal-2,Berth-2
PR00327,P005,Colombo,Sri Lanka,South Asia,Terminal-3,Berth-3
PR00328,P006,Rotterdam,Netherlands,Europe,Terminal-4,Berth-4
PR00329,P007,Los Angeles,USA,North America,Terminal-1,Berth-5
PR00330,P001,Chennai,India,South Asia,Terminal-2,Berth-6
PR00331,P002,Mumbai,India,South Asia,Terminal-3,Berth-7
PR00332,P003,Singapore,Singapore,Southeast Asia,Terminal-4,Berth-8
PR00333,P004,Dubai,UAE,Middle East,Terminal-1,Berth-9
PR00334,P005,Colombo,Sri Lanka,South Asia,Terminal-2,Berth-10
PR00335,P006,Rotterdam,Netherlands,Europe,Terminal-3,Berth-11
PR00336,P007,Los Angeles,USA,North America,Terminal-4,Berth-12
PR00337,P001,Chennai,India,South Asia,Terminal-1,Berth-13
PR00338,P002,Mumbai,India,South Asia,Terminal-2,Berth-14
PR00339,P003,Singapore,Singapore,Southeast Asia,Terminal-3,Berth-15
PR00340,P004,Dubai,UAE,Middle East,Terminal-4,Berth-16
PR00341,P005,Colombo,Sri Lanka,South Asia,Terminal-1,Berth-17
PR00342,P006,Rotterdam,Netherlands,Europe,Terminal-2,Berth-18
PR00343,P007,Los Angeles,USA,North America,Terminal-3,Berth-1
PR00344,P001,Chennai,India,South Asia,Terminal-4,Berth-2
PR00345,P002,Mumbai,India,South Asia,Terminal-1,Berth-3
PR00346,P003,Singapore,Singapore,Southeast Asia,Terminal-2,Berth-4
PR00347,P004,Dubai,UAE,Middle East,Terminal-3,Berth-5
PR00348,P005,Colombo,Sri Lanka,South Asia,Terminal-4,Berth-6
PR00349,P006,Rotterdam,Netherlands,Europe,Terminal-1,Berth-7
PR00350,P007,Los Angeles,USA,North America,Terminal-2,Berth-8
PR00351,P001,Chennai,India,South Asia,Terminal-3,Berth-9
PR00352,P002,Mumbai,India,South Asia,Terminal-4,Berth-10
PR00353,P003,Singapore,Singapore,Southeast Asia,Terminal-1,Berth-11
PR00354,P004,Dubai,UAE,Middle East,Terminal-2,Berth-12
PR00355,P005,Colombo,Sri Lanka,South Asia,Terminal-3,Berth-13
PR00356,P006,Rotterdam,Netherlands,Europe,Terminal-4,Berth-14
PR00357,P007,Los Angeles,USA,North America,Terminal-1,Berth-15
PR00358,P001,Chennai,India,South Asia,Terminal-2,Berth-16
PR00359,P002,Mumbai,India,South Asia,Terminal-3,Berth-17
PR00360,P003,Singapore,Singapore,Southeast Asia,Terminal-4,Berth-18
PR00361,P004,Dubai,UAE,Middle East,Terminal-1,Berth-1
PR00362,P005,Colombo,Sri Lanka,South Asia,Terminal-2,Berth-2
PR00363,P006,Rotterdam,Netherlands,Europe,Terminal-3,Berth-3
PR00364,P007,Los Angeles,USA,North America,Terminal-4,Berth-4
PR00365,P001,Chennai,India,South Asia,Terminal-1,Berth-5
PR00366,P002,Mumbai,India,South Asia,Terminal-2,Berth-6
PR00367,P003,Singapore,Singapore,Southeast Asia,Terminal-3,Berth-7
PR00368,P004,Dubai,UAE,Middle East,Terminal-4,Berth-8
PR00369,P005,Colombo,Sri Lanka,South Asia,Terminal-1,Berth-9
PR00370,P006,Rotterdam,Netherlands,Europe,Terminal-2,Berth-10
PR00371,P007,Los Angeles,USA,North America,Terminal-3,Berth-11
PR00372,P001,Chennai,India,South Asia,Terminal-4,Berth-12
PR00373,P002,Mumbai,India,South Asia,Terminal-1,Berth-13
PR00374,P003,Singapore,Singapore,Southeast Asia,Terminal-2,Berth-14
PR00375,P004,Dubai,UAE,Middle East,Terminal-3,Berth-15
PR00376,P005,Colombo,Sri Lanka,South Asia,Terminal-4,Berth-16
PR00377,P006,Rotterdam,Netherlands,Europe,Terminal-1,Berth-17
PR00378,P007,Los Angeles,USA,North America,Terminal-2,Berth-18
PR00379,P001,Chennai,India,South Asia,Terminal-3,Berth-1
PR00380,P002,Mumbai,India,South Asia,Terminal-4,Berth-2
PR00381,P003,Singapore,Singapore,Southeast Asia,Terminal-1,Berth-3
PR00382,P004,Dubai,UAE,Middle East,Terminal-2,Berth-4
PR00383,P005,Colombo,Sri Lanka,South Asia,Terminal-3,Berth-5
PR00384,P006,Rotterdam,Netherlands,Europe,Terminal-4,Berth-6
PR00385,P007,Los Angeles,USA,North America,Terminal-1,Berth-7
PR00386,P001,Chennai,India,South Asia,Terminal-2,Berth-8
PR00387,P002,Mumbai,India,South Asia,Terminal-3,Berth-9
PR00388,P003,Singapore,Singapore,Southeast Asia,Terminal-4,Berth-10
PR00389,P004,Dubai,UAE,Middle East,Terminal-1,Berth-11
PR00390,P005,Colombo,Sri Lanka,South Asia,Terminal-2,Berth-12
PR00391,P006,Rotterdam,Netherlands,Europe,Terminal-3,Berth-13
PR00392,P007,Los Angeles,USA,North America,Terminal-4,Berth-14
PR00393,P001,Chennai,India,South Asia,Terminal-1,Berth-15
PR00394,P002,Mumbai,India,South Asia,Terminal-2,Berth-16
PR00395,P003,Singapore,Singapore,Southeast Asia,Terminal-3,Berth-17
PR00396,P004,Dubai,UAE,Middle East,Terminal-4,Berth-18
PR00397,P005,Colombo,Sri Lanka,South Asia,Terminal-1,Berth-1
PR00398,P006,Rotterdam,Netherlands,Europe,Terminal-2,Berth-2
PR00399,P007,Los Angeles,USA,North America,Terminal-3,Berth-3
PR00400,P001,Chennai,India,South Asia,Terminal-4,Berth-4
PR00401,P002,Mumbai,India,South Asia,Terminal-1,Berth-5
PR00402,P003,Singapore,Singapore,Southeast Asia,Terminal-2,Berth-6
PR00403,P004,Dubai,UAE,Middle East,Terminal-3,Berth-7
PR00404,P005,Colombo,Sri Lanka,South Asia,Terminal-4,Berth-8
PR00405,P006,Rotterdam,Netherlands,Europe,Terminal-1,Berth-9
PR00406,P007,Los Angeles,USA,North America,Terminal-2,Berth-10
PR00407,P001,Chennai,India,South Asia,Terminal-3,Berth-11
PR00408,P002,Mumbai,India,South Asia,Terminal-4,Berth-12
PR00409,P003,Singapore,Singapore,Southeast Asia,Terminal-1,Berth-13
PR00410,P004,Dubai,UAE,Middle East,Terminal-2,Berth-14
PR00411,P005,Colombo,Sri Lanka,South Asia,Terminal-3,Berth-15
PR00412,P006,Rotterdam,Netherlands,Europe,Terminal-4,Berth-16
PR00413,P007,Los Angeles,USA,North America,Terminal-1,Berth-17
PR00414,P001,Chennai,India,South Asia,Terminal-2,Berth-18
PR00415,P002,Mumbai,India,South Asia,Terminal-3,Berth-1
PR00416,P003,Singapore,Singapore,Southeast Asia,Terminal-4,Berth-2
PR00417,P004,Dubai,UAE,Middle East,Terminal-1,Berth-3
PR00418,P005,Colombo,Sri Lanka,South Asia,Terminal-2,Berth-4
PR00419,P006,Rotterdam,Netherlands,Europe,Terminal-3,Berth-5
PR00420,P007,Los Angeles,USA,North America,Terminal-4,Berth-6
PR00421,P001,Chennai,India,South Asia,Terminal-1,Berth-7
PR00422,P002,Mumbai,India,South Asia,Terminal-2,Berth-8
PR00423,P003,Singapore,Singapore,Southeast Asia,Terminal-3,Berth-9
PR00424,P004,Dubai,UAE,Middle East,Terminal-4,Berth-10
PR00425,P005,Colombo,Sri Lanka,South Asia,Terminal-1,Berth-11
PR00426,P006,Rotterdam,Netherlands,Europe,Terminal-2,Berth-12
PR00427,P007,Los Angeles,USA,North America,Terminal-3,Berth-13
PR00428,P001,Chennai,India,South Asia,Terminal-4,Berth-14
PR00429,P002,Mumbai,India,South Asia,Terminal-1,Berth-15
PR00430,P003,Singapore,Singapore,Southeast Asia,Terminal-2,Berth-16
PR00431,P004,Dubai,UAE,Middle East,Terminal-3,Berth-17
PR00432,P005,Colombo,Sri Lanka,South Asia,Terminal-4,Berth-18
PR00433,P006,Rotterdam,Netherlands,Europe,Terminal-1,Berth-1
PR00434,P007,Los Angeles,USA,North America,Terminal-2,Berth-2
PR00435,P001,Chennai,India,South Asia,Terminal-3,Berth-3
PR00436,P002,Mumbai,India,South Asia,Terminal-4,Berth-4
PR00437,P003,Singapore,Singapore,Southeast Asia,Terminal-1,Berth-5
PR00438,P004,Dubai,UAE,Middle East,Terminal-2,Berth-6
PR00439,P005,Colombo,Sri Lanka,South Asia,Terminal-3,Berth-7
PR00440,P006,Rotterdam,Netherlands,Europe,Terminal-4,Berth-8
PR00441,P007,Los Angeles,USA,North America,Terminal-1,Berth-9
PR00442,P001,Chennai,India,South Asia,Terminal-2,Berth-10
PR00443,P002,Mumbai,India,South Asia,Terminal-3,Berth-11
PR00444,P003,Singapore,Singapore,Southeast Asia,Terminal-4,Berth-12
PR00445,P004,Dubai,UAE,Middle East,Terminal-1,Berth-13
PR00446,P005,Colombo,Sri Lanka,South Asia,Terminal-2,Berth-14
PR00447,P006,Rotterdam,Netherlands,Europe,Terminal-3,Berth-15
PR00448,P007,Los Angeles,USA,North America,Terminal-4,Berth-16
PR00449,P001,Chennai,India,South Asia,Terminal-1,Berth-17
PR00450,P002,Mumbai,India,South Asia,Terminal-2,Berth-18
PR00451,P003,Singapore,Singapore,Southeast Asia,Terminal-3,Berth-1
PR00452,P004,Dubai,UAE,Middle East,Terminal-4,Berth-2
PR00453,P005,Colombo,Sri Lanka,South Asia,Terminal-1,Berth-3
PR00454,P006,Rotterdam,Netherlands,Europe,Terminal-2,Berth-4
PR00455,P007,Los Angeles,USA,North America,Terminal-3,Berth-5
PR00456,P001,Chennai,India,South Asia,Terminal-4,Berth-6
PR00457,P002,Mumbai,India,South Asia,Terminal-1,Berth-7
PR00458,P003,Singapore,Singapore,Southeast Asia,Terminal-2,Berth-8
PR00459,P004,Dubai,UAE,Middle East,Terminal-3,Berth-9
PR00460,P005,Colombo,Sri Lanka,South Asia,Terminal-4,Berth-10
PR00461,P006,Rotterdam,Netherlands,Europe,Terminal-1,Berth-11
PR00462,P007,Los Angeles,USA,North America,Terminal-2,Berth-12
PR00463,P001,Chennai,India,South Asia,Terminal-3,Berth-13
PR00464,P002,Mumbai,India,South Asia,Terminal-4,Berth-14
PR00465,P003,Singapore,Singapore,Southeast Asia,Terminal-1,Berth-15
PR00466,P004,Dubai,UAE,Middle East,Terminal-2,Berth-16
PR00467,P005,Colombo,Sri Lanka,South Asia,Terminal-3,Berth-17
PR00468,P006,Rotterdam,Netherlands,Europe,Terminal-4,Berth-18
PR00469,P007,Los Angeles,USA,North America,Terminal-1,Berth-1
PR00470,P001,Chennai,India,South Asia,Terminal-2,Berth-2
PR00471,P002,Mumbai,India,South Asia,Terminal-3,Berth-3
PR00472,P003,Singapore,Singapore,Southeast Asia,Terminal-4,Berth-4
PR00473,P004,Dubai,UAE,Middle East,Terminal-1,Berth-5
PR00474,P005,Colombo,Sri Lanka,South Asia,Terminal-2,Berth-6
PR00475,P006,Rotterdam,Netherlands,Europe,Terminal-3,Berth-7
PR00476,P007,Los Angeles,USA,North America,Terminal-4,Berth-8
PR00477,P001,Chennai,India,South Asia,Terminal-1,Berth-9
PR00478,P002,Mumbai,India,South Asia,Terminal-2,Berth-10
PR00479,P003,Singapore,Singapore,Southeast Asia,Terminal-3,Berth-11
PR00480,P004,Dubai,UAE,Middle East,Terminal-4,Berth-12
PR00481,P005,Colombo,Sri Lanka,South Asia,Terminal-1,Berth-13
PR00482,P006,Rotterdam,Netherlands,Europe,Terminal-2,Berth-14
PR00483,P007,Los Angeles,USA,North America,Terminal-3,Berth-15
PR00484,P001,Chennai,India,South Asia,Terminal-4,Berth-16
PR00485,P002,Mumbai,India,South Asia,Terminal-1,Berth-17
PR00486,P003,Singapore,Singapore,Southeast Asia,Terminal-2,Berth-18
PR00487,P004,Dubai,UAE,Middle East,Terminal-3,Berth-1
PR00488,P005,Colombo,Sri Lanka,South Asia,Terminal-4,Berth-2
PR00489,P006,Rotterdam,Netherlands,Europe,Terminal-1,Berth-3
PR00490,P007,Los Angeles,USA,North America,Terminal-2,Berth-4
PR00491,P001,Chennai,India,South Asia,Terminal-3,Berth-5
PR00492,P002,Mumbai,India,South Asia,Terminal-4,Berth-6
PR00493,P003,Singapore,Singapore,Southeast Asia,Terminal-1,Berth-7
PR00494,P004,Dubai,UAE,Middle East,Terminal-2,Berth-8
PR00495,P005,Colombo,Sri Lanka,South Asia,Terminal-3,Berth-9
PR00496,P006,Rotterdam,Netherlands,Europe,Terminal-4,Berth-10
PR00497,P007,Los Angeles,USA,North America,Terminal-1,Berth-11
PR00498,P001,Chennai,India,South Asia,Terminal-2,Berth-12
PR00499,P002,Mumbai,India,South Asia,Terminal-3,Berth-13
PR00500,P003,Singapore,Singapore,Southeast Asia,Terminal-4,Berth-14
PR00501,P004,Dubai,UAE,Middle East,Terminal-1,Berth-15
PR00502,P005,Colombo,Sri Lanka,South Asia,Terminal-2,Berth-16
PR00503,P006,Rotterdam,Netherlands,Europe,Terminal-3,Berth-17
PR00504,P007,Los Angeles,USA,North America,Terminal-4,Berth-18
PR00505,P001,Chennai,India,South Asia,Terminal-1,Berth-1
PR00506,P002,Mumbai,India,South Asia,Terminal-2,Berth-2
PR00507,P003,Singapore,Singapore,Southeast Asia,Terminal-3,Berth-3
PR00508,P004,Dubai,UAE,Middle East,Terminal-4,Berth-4
PR00509,P005,Colombo,Sri Lanka,South Asia,Terminal-1,Berth-5
PR00510,P006,Rotterdam,Netherlands,Europe,Terminal-2,Berth-6
PR00511,P007,Los Angeles,USA,North America,Terminal-3,Berth-7
PR00512,P001,Chennai,India,South Asia,Terminal-4,Berth-8
PR00513,P002,Mumbai,India,South Asia,Terminal-1,Berth-9
PR00514,P003,Singapore,Singapore,Southeast Asia,Terminal-2,Berth-10
PR00515,P004,Dubai,UAE,Middle East,Terminal-3,Berth-11
PR00516,P005,Colombo,Sri Lanka,South Asia,Terminal-4,Berth-12
PR00517,P006,Rotterdam,Netherlands,Europe,Terminal-1,Berth-13
PR00518,P007,Los Angeles,USA,North America,Terminal-2,Berth-14
PR00519,P001,Chennai,India,South Asia,Terminal-3,Berth-15
PR00520,P002,Mumbai,India,South Asia,Terminal-4,Berth-16
PR00521,P003,Singapore,Singapore,Southeast Asia,Terminal-1,Berth-17
PR00522,P004,Dubai,UAE,Middle East,Terminal-2,Berth-18
PR00523,P005,Colombo,Sri Lanka,South Asia,Terminal-3,Berth-1
PR00524,P006,Rotterdam,Netherlands,Europe,Terminal-4,Berth-2
PR00525,P007,Los Angeles,USA,North America,Terminal-1,Berth-3
PR00526,P001,Chennai,India,South Asia,Terminal-2,Berth-4
PR00527,P002,Mumbai,India,South Asia,Terminal-3,Berth-5
PR00528,P003,Singapore,Singapore,Southeast Asia,Terminal-4,Berth-6
PR00529,P004,Dubai,UAE,Middle East,Terminal-1,Berth-7
PR00530,P005,Colombo,Sri Lanka,South Asia,Terminal-2,Berth-8
PR00531,P006,Rotterdam,Netherlands,Europe,Terminal-3,Berth-9
PR00532,P007,Los Angeles,USA,North America,Terminal-4,Berth-10
PR00533,P001,Chennai,India,South Asia,Terminal-1,Berth-11
PR00534,P002,Mumbai,India,South Asia,Terminal-2,Berth-12
PR00535,P003,Singapore,Singapore,Southeast Asia,Terminal-3,Berth-13
PR00536,P004,Dubai,UAE,Middle East,Terminal-4,Berth-14
PR00537,P005,Colombo,Sri Lanka,South Asia,Terminal-1,Berth-15
PR00538,P006,Rotterdam,Netherlands,Europe,Terminal-2,Berth-16
PR00539,P007,Los Angeles,USA,North America,Terminal-3,Berth-17
PR00540,P001,Chennai,India,South Asia,Terminal-4,Berth-18
PR00541,P002,Mumbai,India,South Asia,Terminal-1,Berth-1
PR00542,P003,Singapore,Singapore,Southeast Asia,Terminal-2,Berth-2
PR00543,P004,Dubai,UAE,Middle East,Terminal-3,Berth-3
PR00544,P005,Colombo,Sri Lanka,South Asia,Terminal-4,Berth-4
PR00545,P006,Rotterdam,Netherlands,Europe,Terminal-1,Berth-5
PR00546,P007,Los Angeles,USA,North America,Terminal-2,Berth-6
PR00547,P001,Chennai,India,South Asia,Terminal-3,Berth-7
PR00548,P002,Mumbai,India,South Asia,Terminal-4,Berth-8
PR00549,P003,Singapore,Singapore,Southeast Asia,Terminal-1,Berth-9
PR00550,P004,Dubai,UAE,Middle East,Terminal-2,Berth-10
PR00551,P005,Colombo,Sri Lanka,South Asia,Terminal-3,Berth-11
PR00552,P006,Rotterdam,Netherlands,Europe,Terminal-4,Berth-12
PR00553,P007,Los Angeles,USA,North America,Terminal-1,Berth-13
PR00554,P001,Chennai,India,South Asia,Terminal-2,Berth-14
PR00555,P002,Mumbai,India,South Asia,Terminal-3,Berth-15
PR00556,P003,Singapore,Singapore,Southeast Asia,Terminal-4,Berth-16
PR00557,P004,Dubai,UAE,Middle East,Terminal-1,Berth-17
PR00558,P005,Colombo,Sri Lanka,South Asia,Terminal-2,Berth-18
PR00559,P006,Rotterdam,Netherlands,Europe,Terminal-3,Berth-1
PR00560,P007,Los Angeles,USA,North America,Terminal-4,Berth-2
PR00561,P001,Chennai,India,South Asia,Terminal-1,Berth-3
PR00562,P002,Mumbai,India,South Asia,Terminal-2,Berth-4
PR00563,P003,Singapore,Singapore,Southeast Asia,Terminal-3,Berth-5
PR00564,P004,Dubai,UAE,Middle East,Terminal-4,Berth-6
PR00565,P005,Colombo,Sri Lanka,South Asia,Terminal-1,Berth-7
PR00566,P006,Rotterdam,Netherlands,Europe,Terminal-2,Berth-8
PR00567,P007,Los Angeles,USA,North America,Terminal-3,Berth-9
PR00568,P001,Chennai,India,South Asia,Terminal-4,Berth-10
PR00569,P002,Mumbai,India,South Asia,Terminal-1,Berth-11
PR00570,P003,Singapore,Singapore,Southeast Asia,Terminal-2,Berth-12
PR00571,P004,Dubai,UAE,Middle East,Terminal-3,Berth-13
PR00572,P005,Colombo,Sri Lanka,South Asia,Terminal-4,Berth-14
PR00573,P006,Rotterdam,Netherlands,Europe,Terminal-1,Berth-15
PR00574,P007,Los Angeles,USA,North America,Terminal-2,Berth-16
PR00575,P001,Chennai,India,South Asia,Terminal-3,Berth-17
PR00576,P002,Mumbai,India,South Asia,Terminal-4,Berth-18
PR00577,P003,Singapore,Singapore,Southeast Asia,Terminal-1,Berth-1
PR00578,P004,Dubai,UAE,Middle East,Terminal-2,Berth-2
PR00579,P005,Colombo,Sri Lanka,South Asia,Terminal-3,Berth-3
PR00580,P006,Rotterdam,Netherlands,Europe,Terminal-4,Berth-4
PR00581,P007,Los Angeles,USA,North America,Terminal-1,Berth-5
PR00582,P001,Chennai,India,South Asia,Terminal-2,Berth-6
PR00583,P002,Mumbai,India,South Asia,Terminal-3,Berth-7
PR00584,P003,Singapore,Singapore,Southeast Asia,Terminal-4,Berth-8
PR00585,P004,Dubai,UAE,Middle East,Terminal-1,Berth-9
PR00586,P005,Colombo,Sri Lanka,South Asia,Terminal-2,Berth-10
PR00587,P006,Rotterdam,Netherlands,Europe,Terminal-3,Berth-11
PR00588,P007,Los Angeles,USA,North America,Terminal-4,Berth-12
PR00589,P001,Chennai,India,South Asia,Terminal-1,Berth-13
PR00590,P002,Mumbai,India,South Asia,Terminal-2,Berth-14
PR00591,P003,Singapore,Singapore,Southeast Asia,Terminal-3,Berth-15
PR00592,P004,Dubai,UAE,Middle East,Terminal-4,Berth-16
PR00593,P005,Colombo,Sri Lanka,South Asia,Terminal-1,Berth-17
PR00594,P006,Rotterdam,Netherlands,Europe,Terminal-2,Berth-18
PR00595,P007,Los Angeles,USA,North America,Terminal-3,Berth-1
PR00596,P001,Chennai,India,South Asia,Terminal-4,Berth-2
PR00597,P002,Mumbai,India,South Asia,Terminal-1,Berth-3
PR00598,P003,Singapore,Singapore,Southeast Asia,Terminal-2,Berth-4
PR00599,P004,Dubai,UAE,Middle East,Terminal-3,Berth-5
PR00600,P005,Colombo,Sri Lanka,South Asia,Terminal-4,Berth-6
PR00601,P006,Rotterdam,Netherlands,Europe,Terminal-1,Berth-7
PR00602,P007,Los Angeles,USA,North America,Terminal-2,Berth-8
PR00603,P001,Chennai,India,South Asia,Terminal-3,Berth-9
PR00604,P002,Mumbai,India,South Asia,Terminal-4,Berth-10
PR00605,P003,Singapore,Singapore,Southeast Asia,Terminal-1,Berth-11
PR00606,P004,Dubai,UAE,Middle East,Terminal-2,Berth-12
PR00607,P005,Colombo,Sri Lanka,South Asia,Terminal-3,Berth-13
PR00608,P006,Rotterdam,Netherlands,Europe,Terminal-4,Berth-14
PR00609,P007,Los Angeles,USA,North America,Terminal-1,Berth-15
PR00610,P001,Chennai,India,South Asia,Terminal-2,Berth-16
PR00611,P002,Mumbai,India,South Asia,Terminal-3,Berth-17
PR00612,P003,Singapore,Singapore,Southeast Asia,Terminal-4,Berth-18
PR00613,P004,Dubai,UAE,Middle East,Terminal-1,Berth-1
PR00614,P005,Colombo,Sri Lanka,South Asia,Terminal-2,Berth-2
PR00615,P006,Rotterdam,Netherlands,Europe,Terminal-3,Berth-3
PR00616,P007,Los Angeles,USA,North America,Terminal-4,Berth-4
PR00617,P001,Chennai,India,South Asia,Terminal-1,Berth-5
PR00618,P002,Mumbai,India,South Asia,Terminal-2,Berth-6
PR00619,P003,Singapore,Singapore,Southeast Asia,Terminal-3,Berth-7
PR00620,P004,Dubai,UAE,Middle East,Terminal-4,Berth-8
PR00621,P005,Colombo,Sri Lanka,South Asia,Terminal-1,Berth-9
PR00622,P006,Rotterdam,Netherlands,Europe,Terminal-2,Berth-10
PR00623,P007,Los Angeles,USA,North America,Terminal-3,Berth-11
PR00624,P001,Chennai,India,South Asia,Terminal-4,Berth-12
PR00625,P002,Mumbai,India,South Asia,Terminal-1,Berth-13
PR00626,P003,Singapore,Singapore,Southeast Asia,Terminal-2,Berth-14
PR00627,P004,Dubai,UAE,Middle East,Terminal-3,Berth-15
PR00628,P005,Colombo,Sri Lanka,South Asia,Terminal-4,Berth-16
PR00629,P006,Rotterdam,Netherlands,Europe,Terminal-1,Berth-17
PR00630,P007,Los Angeles,USA,North America,Terminal-2,Berth-18
PR00631,P001,Chennai,India,South Asia,Terminal-3,Berth-1
PR00632,P002,Mumbai,India,South Asia,Terminal-4,Berth-2
PR00633,P003,Singapore,Singapore,Southeast Asia,Terminal-1,Berth-3
PR00634,P004,Dubai,UAE,Middle East,Terminal-2,Berth-4
PR00635,P005,Colombo,Sri Lanka,South Asia,Terminal-3,Berth-5
PR00636,P006,Rotterdam,Netherlands,Europe,Terminal-4,Berth-6
PR00637,P007,Los Angeles,USA,North America,Terminal-1,Berth-7
PR00638,P001,Chennai,India,South Asia,Terminal-2,Berth-8
PR00639,P002,Mumbai,India,South Asia,Terminal-3,Berth-9
PR00640,P003,Singapore,Singapore,Southeast Asia,Terminal-4,Berth-10
PR00641,P004,Dubai,UAE,Middle East,Terminal-1,Berth-11
PR00642,P005,Colombo,Sri Lanka,South Asia,Terminal-2,Berth-12
PR00643,P006,Rotterdam,Netherlands,Europe,Terminal-3,Berth-13
PR00644,P007,Los Angeles,USA,North America,Terminal-4,Berth-14
PR00645,P001,Chennai,India,South Asia,Terminal-1,Berth-15
PR00646,P002,Mumbai,India,South Asia,Terminal-2,Berth-16
PR00647,P003,Singapore,Singapore,Southeast Asia,Terminal-3,Berth-17
PR00648,P004,Dubai,UAE,Middle East,Terminal-4,Berth-18
PR00649,P005,Colombo,Sri Lanka,South Asia,Terminal-1,Berth-1
PR00650,P006,Rotterdam,Netherlands,Europe,Terminal-2,Berth-2
PR00651,P007,Los Angeles,USA,North America,Terminal-3,Berth-3
PR00652,P001,Chennai,India,South Asia,Terminal-4,Berth-4
PR00653,P002,Mumbai,India,South Asia,Terminal-1,Berth-5
PR00654,P003,Singapore,Singapore,Southeast Asia,Terminal-2,Berth-6
PR00655,P004,Dubai,UAE,Middle East,Terminal-3,Berth-7
PR00656,P005,Colombo,Sri Lanka,South Asia,Terminal-4,Berth-8
PR00657,P006,Rotterdam,Netherlands,Europe,Terminal-1,Berth-9
PR00658,P007,Los Angeles,USA,North America,Terminal-2,Berth-10
PR00659,P001,Chennai,India,South Asia,Terminal-3,Berth-11
PR00660,P002,Mumbai,India,South Asia,Terminal-4,Berth-12
PR00661,P003,Singapore,Singapore,Southeast Asia,Terminal-1,Berth-13
PR00662,P004,Dubai,UAE,Middle East,Terminal-2,Berth-14
PR00663,P005,Colombo,Sri Lanka,South Asia,Terminal-3,Berth-15
PR00664,P006,Rotterdam,Netherlands,Europe,Terminal-4,Berth-16
PR00665,P007,Los Angeles,USA,North America,Terminal-1,Berth-17
PR00666,P001,Chennai,India,South Asia,Terminal-2,Berth-18
PR00667,P002,Mumbai,India,South Asia,Terminal-3,Berth-1
PR00668,P003,Singapore,Singapore,Southeast Asia,Terminal-4,Berth-2
PR00669,P004,Dubai,UAE,Middle East,Terminal-1,Berth-3
PR00670,P005,Colombo,Sri Lanka,South Asia,Terminal-2,Berth-4
PR00671,P006,Rotterdam,Netherlands,Europe,Terminal-3,Berth-5
PR00672,P007,Los Angeles,USA,North America,Terminal-4,Berth-6
PR00673,P001,Chennai,India,South Asia,Terminal-1,Berth-7
PR00674,P002,Mumbai,India,South Asia,Terminal-2,Berth-8
PR00675,P003,Singapore,Singapore,Southeast Asia,Terminal-3,Berth-9
PR00676,P004,Dubai,UAE,Middle East,Terminal-4,Berth-10
PR00677,P005,Colombo,Sri Lanka,South Asia,Terminal-1,Berth-11
PR00678,P006,Rotterdam,Netherlands,Europe,Terminal-2,Berth-12
PR00679,P007,Los Angeles,USA,North America,Terminal-3,Berth-13
PR00680,P001,Chennai,India,South Asia,Terminal-4,Berth-14
PR00681,P002,Mumbai,India,South Asia,Terminal-1,Berth-15
PR00682,P003,Singapore,Singapore,Southeast Asia,Terminal-2,Berth-16
PR00683,P004,Dubai,UAE,Middle East,Terminal-3,Berth-17
PR00684,P005,Colombo,Sri Lanka,South Asia,Terminal-4,Berth-18
PR00685,P006,Rotterdam,Netherlands,Europe,Terminal-1,Berth-1
PR00686,P007,Los Angeles,USA,North America,Terminal-2,Berth-2
PR00687,P001,Chennai,India,South Asia,Terminal-3,Berth-3
PR00688,P002,Mumbai,India,South Asia,Terminal-4,Berth-4
PR00689,P003,Singapore,Singapore,Southeast Asia,Terminal-1,Berth-5
PR00690,P004,Dubai,UAE,Middle East,Terminal-2,Berth-6
PR00691,P005,Colombo,Sri Lanka,South Asia,Terminal-3,Berth-7
PR00692,P006,Rotterdam,Netherlands,Europe,Terminal-4,Berth-8
PR00693,P007,Los Angeles,USA,North America,Terminal-1,Berth-9
PR00694,P001,Chennai,India,South Asia,Terminal-2,Berth-10
PR00695,P002,Mumbai,India,South Asia,Terminal-3,Berth-11
PR00696,P003,Singapore,Singapore,Southeast Asia,Terminal-4,Berth-12
PR00697,P004,Dubai,UAE,Middle East,Terminal-1,Berth-13
PR00698,P005,Colombo,Sri Lanka,South Asia,Terminal-2,Berth-14
PR00699,P006,Rotterdam,Netherlands,Europe,Terminal-3,Berth-15
PR00700,P007,Los Angeles,USA,North America,Terminal-4,Berth-16
PR00701,P001,Chennai,India,South Asia,Terminal-1,Berth-17
PR00702,P002,Mumbai,India,South Asia,Terminal-2,Berth-18
PR00703,P003,Singapore,Singapore,Southeast Asia,Terminal-3,Berth-1
PR00704,P004,Dubai,UAE,Middle East,Terminal-4,Berth-2
PR00705,P005,Colombo,Sri Lanka,South Asia,Terminal-1,Berth-3
PR00706,P006,Rotterdam,Netherlands,Europe,Terminal-2,Berth-4
PR00707,P007,Los Angeles,USA,North America,Terminal-3,Berth-5
PR00708,P001,Chennai,India,South Asia,Terminal-4,Berth-6
PR00709,P002,Mumbai,India,South Asia,Terminal-1,Berth-7
PR00710,P003,Singapore,Singapore,Southeast Asia,Terminal-2,Berth-8
PR00711,P004,Dubai,UAE,Middle East,Terminal-3,Berth-9
PR00712,P005,Colombo,Sri Lanka,South Asia,Terminal-4,Berth-10
PR00713,P006,Rotterdam,Netherlands,Europe,Terminal-1,Berth-11
PR00714,P007,Los Angeles,USA,North America,Terminal-2,Berth-12
PR00715,P001,Chennai,India,South Asia,Terminal-3,Berth-13
PR00716,P002,Mumbai,India,South Asia,Terminal-4,Berth-14
PR00717,P003,Singapore,Singapore,Southeast Asia,Terminal-1,Berth-15
PR00718,P004,Dubai,UAE,Middle East,Terminal-2,Berth-16
PR00719,P005,Colombo,Sri Lanka,South Asia,Terminal-3,Berth-17
PR00720,P006,Rotterdam,Netherlands,Europe,Terminal-4,Berth-18
PR00721,P007,Los Angeles,USA,North America,Terminal-1,Berth-1
PR00722,P001,Chennai,India,South Asia,Terminal-2,Berth-2
PR00723,P002,Mumbai,India,South Asia,Terminal-3,Berth-3
PR00724,P003,Singapore,Singapore,Southeast Asia,Terminal-4,Berth-4
PR00725,P004,Dubai,UAE,Middle East,Terminal-1,Berth-5
PR00726,P005,Colombo,Sri Lanka,South Asia,Terminal-2,Berth-6
PR00727,P006,Rotterdam,Netherlands,Europe,Terminal-3,Berth-7
PR00728,P007,Los Angeles,USA,North America,Terminal-4,Berth-8
PR00729,P001,Chennai,India,South Asia,Terminal-1,Berth-9
PR00730,P002,Mumbai,India,South Asia,Terminal-2,Berth-10
PR00731,P003,Singapore,Singapore,Southeast Asia,Terminal-3,Berth-11
PR00732,P004,Dubai,UAE,Middle East,Terminal-4,Berth-12
PR00733,P005,Colombo,Sri Lanka,South Asia,Terminal-1,Berth-13
PR00734,P006,Rotterdam,Netherlands,Europe,Terminal-2,Berth-14
PR00735,P007,Los Angeles,USA,North America,Terminal-3,Berth-15
PR00736,P001,Chennai,India,South Asia,Terminal-4,Berth-16
PR00737,P002,Mumbai,India,South Asia,Terminal-1,Berth-17
PR00738,P003,Singapore,Singapore,Southeast Asia,Terminal-2,Berth-18
PR00739,P004,Dubai,UAE,Middle East,Terminal-3,Berth-1
PR00740,P005,Colombo,Sri Lanka,South Asia,Terminal-4,Berth-2
PR00741,P006,Rotterdam,Netherlands,Europe,Terminal-1,Berth-3
PR00742,P007,Los Angeles,USA,North America,Terminal-2,Berth-4
PR00743,P001,Chennai,India,South Asia,Terminal-3,Berth-5
PR00744,P002,Mumbai,India,South Asia,Terminal-4,Berth-6
PR00745,P003,Singapore,Singapore,Southeast Asia,Terminal-1,Berth-7
PR00746,P004,Dubai,UAE,Middle East,Terminal-2,Berth-8
PR00747,P005,Colombo,Sri Lanka,South Asia,Terminal-3,Berth-9
PR00748,P006,Rotterdam,Netherlands,Europe,Terminal-4,Berth-10
PR00749,P007,Los Angeles,USA,North America,Terminal-1,Berth-11
PR00750,P001,Chennai,India,South Asia,Terminal-2,Berth-12
PR00751,P002,Mumbai,India,South Asia,Terminal-3,Berth-13
PR00752,P003,Singapore,Singapore,Southeast Asia,Terminal-4,Berth-14
PR00753,P004,Dubai,UAE,Middle East,Terminal-1,Berth-15
PR00754,P005,Colombo,Sri Lanka,South Asia,Terminal-2,Berth-16
PR00755,P006,Rotterdam,Netherlands,Europe,Terminal-3,Berth-17
PR00756,P007,Los Angeles,USA,North America,Terminal-4,Berth-18
PR00757,P001,Chennai,India,South Asia,Terminal-1,Berth-1
PR00758,P002,Mumbai,India,South Asia,Terminal-2,Berth-2
PR00759,P003,Singapore,Singapore,Southeast Asia,Terminal-3,Berth-3
PR00760,P004,Dubai,UAE,Middle East,Terminal-4,Berth-4
PR00761,P005,Colombo,Sri Lanka,South Asia,Terminal-1,Berth-5
PR00762,P006,Rotterdam,Netherlands,Europe,Terminal-2,Berth-6
PR00763,P007,Los Angeles,USA,North America,Terminal-3,Berth-7
PR00764,P001,Chennai,India,South Asia,Terminal-4,Berth-8
PR00765,P002,Mumbai,India,South Asia,Terminal-1,Berth-9
PR00766,P003,Singapore,Singapore,Southeast Asia,Terminal-2,Berth-10
PR00767,P004,Dubai,UAE,Middle East,Terminal-3,Berth-11
PR00768,P005,Colombo,Sri Lanka,South Asia,Terminal-4,Berth-12
PR00769,P006,Rotterdam,Netherlands,Europe,Terminal-1,Berth-13
PR00770,P007,Los Angeles,USA,North America,Terminal-2,Berth-14
PR00771,P001,Chennai,India,South Asia,Terminal-3,Berth-15
PR00772,P002,Mumbai,India,South Asia,Terminal-4,Berth-16
PR00773,P003,Singapore,Singapore,Southeast Asia,Terminal-1,Berth-17
PR00774,P004,Dubai,UAE,Middle East,Terminal-2,Berth-18
PR00775,P005,Colombo,Sri Lanka,South Asia,Terminal-3,Berth-1
PR00776,P006,Rotterdam,Netherlands,Europe,Terminal-4,Berth-2
PR00777,P007,Los Angeles,USA,North America,Terminal-1,Berth-3
PR00778,P001,Chennai,India,South Asia,Terminal-2,Berth-4
PR00779,P002,Mumbai,India,South Asia,Terminal-3,Berth-5
PR00780,P003,Singapore,Singapore,Southeast Asia,Terminal-4,Berth-6
PR00781,P004,Dubai,UAE,Middle East,Terminal-1,Berth-7
PR00782,P005,Colombo,Sri Lanka,South Asia,Terminal-2,Berth-8
PR00783,P006,Rotterdam,Netherlands,Europe,Terminal-3,Berth-9
PR00784,P007,Los Angeles,USA,North America,Terminal-4,Berth-10
PR00785,P001,Chennai,India,South Asia,Terminal-1,Berth-11
PR00786,P002,Mumbai,India,South Asia,Terminal-2,Berth-12
PR00787,P003,Singapore,Singapore,Southeast Asia,Terminal-3,Berth-13
PR00788,P004,Dubai,UAE,Middle East,Terminal-4,Berth-14
PR00789,P005,Colombo,Sri Lanka,South Asia,Terminal-1,Berth-15
PR00790,P006,Rotterdam,Netherlands,Europe,Terminal-2,Berth-16
PR00791,P007,Los Angeles,USA,North America,Terminal-3,Berth-17
PR00792,P001,Chennai,India,South Asia,Terminal-4,Berth-18
PR00793,P002,Mumbai,India,South Asia,Terminal-1,Berth-1
PR00794,P003,Singapore,Singapore,Southeast Asia,Terminal-2,Berth-2
PR00795,P004,Dubai,UAE,Middle East,Terminal-3,Berth-3
PR00796,P005,Colombo,Sri Lanka,South Asia,Terminal-4,Berth-4
PR00797,P006,Rotterdam,Netherlands,Europe,Terminal-1,Berth-5
PR00798,P007,Los Angeles,USA,North America,Terminal-2,Berth-6
PR00799,P001,Chennai,India,South Asia,Terminal-3,Berth-7
PR00800,P002,Mumbai,India,South Asia,Terminal-4,Berth-8
PR00801,P003,Singapore,Singapore,Southeast Asia,Terminal-1,Berth-9
PR00802,P004,Dubai,UAE,Middle East,Terminal-2,Berth-10
PR00803,P005,Colombo,Sri Lanka,South Asia,Terminal-3,Berth-11
PR00804,P006,Rotterdam,Netherlands,Europe,Terminal-4,Berth-12
PR00805,P007,Los Angeles,USA,North America,Terminal-1,Berth-13
PR00806,P001,Chennai,India,South Asia,Terminal-2,Berth-14
PR00807,P002,Mumbai,India,South Asia,Terminal-3,Berth-15
PR00808,P003,Singapore,Singapore,Southeast Asia,Terminal-4,Berth-16
PR00809,P004,Dubai,UAE,Middle East,Terminal-1,Berth-17
PR00810,P005,Colombo,Sri Lanka,South Asia,Terminal-2,Berth-18
PR00811,P006,Rotterdam,Netherlands,Europe,Terminal-3,Berth-1
PR00812,P007,Los Angeles,USA,North America,Terminal-4,Berth-2
PR00813,P001,Chennai,India,South Asia,Terminal-1,Berth-3
PR00814,P002,Mumbai,India,South Asia,Terminal-2,Berth-4
PR00815,P003,Singapore,Singapore,Southeast Asia,Terminal-3,Berth-5
PR00816,P004,Dubai,UAE,Middle East,Terminal-4,Berth-6
PR00817,P005,Colombo,Sri Lanka,South Asia,Terminal-1,Berth-7
PR00818,P006,Rotterdam,Netherlands,Europe,Terminal-2,Berth-8
PR00819,P007,Los Angeles,USA,North America,Terminal-3,Berth-9
PR00820,P001,Chennai,India,South Asia,Terminal-4,Berth-10
PR00821,P002,Mumbai,India,South Asia,Terminal-1,Berth-11
PR00822,P003,Singapore,Singapore,Southeast Asia,Terminal-2,Berth-12
PR00823,P004,Dubai,UAE,Middle East,Terminal-3,Berth-13
PR00824,P005,Colombo,Sri Lanka,South Asia,Terminal-4,Berth-14
PR00825,P006,Rotterdam,Netherlands,Europe,Terminal-1,Berth-15
PR00826,P007,Los Angeles,USA,North America,Terminal-2,Berth-16
PR00827,P001,Chennai,India,South Asia,Terminal-3,Berth-17
PR00828,P002,Mumbai,India,South Asia,Terminal-4,Berth-18
PR00829,P003,Singapore,Singapore,Southeast Asia,Terminal-1,Berth-1
PR00830,P004,Dubai,UAE,Middle East,Terminal-2,Berth-2
PR00831,P005,Colombo,Sri Lanka,South Asia,Terminal-3,Berth-3
PR00832,P006,Rotterdam,Netherlands,Europe,Terminal-4,Berth-4
PR00833,P007,Los Angeles,USA,North America,Terminal-1,Berth-5
PR00834,P001,Chennai,India,South Asia,Terminal-2,Berth-6
PR00835,P002,Mumbai,India,South Asia,Terminal-3,Berth-7
PR00836,P003,Singapore,Singapore,Southeast Asia,Terminal-4,Berth-8
PR00837,P004,Dubai,UAE,Middle East,Terminal-1,Berth-9
PR00838,P005,Colombo,Sri Lanka,South Asia,Terminal-2,Berth-10
PR00839,P006,Rotterdam,Netherlands,Europe,Terminal-3,Berth-11
PR00840,P007,Los Angeles,USA,North America,Terminal-4,Berth-12
PR00841,P001,Chennai,India,South Asia,Terminal-1,Berth-13
PR00842,P002,Mumbai,India,South Asia,Terminal-2,Berth-14
PR00843,P003,Singapore,Singapore,Southeast Asia,Terminal-3,Berth-15
PR00844,P004,Dubai,UAE,Middle East,Terminal-4,Berth-16
PR00845,P005,Colombo,Sri Lanka,South Asia,Terminal-1,Berth-17
PR00846,P006,Rotterdam,Netherlands,Europe,Terminal-2,Berth-18
PR00847,P007,Los Angeles,USA,North America,Terminal-3,Berth-1
PR00848,P001,Chennai,India,South Asia,Terminal-4,Berth-2
PR00849,P002,Mumbai,India,South Asia,Terminal-1,Berth-3
PR00850,P003,Singapore,Singapore,Southeast Asia,Terminal-2,Berth-4
PR00851,P004,Dubai,UAE,Middle East,Terminal-3,Berth-5
PR00852,P005,Colombo,Sri Lanka,South Asia,Terminal-4,Berth-6
PR00853,P006,Rotterdam,Netherlands,Europe,Terminal-1,Berth-7
PR00854,P007,Los Angeles,USA,North America,Terminal-2,Berth-8
PR00855,P001,Chennai,India,South Asia,Terminal-3,Berth-9
PR00856,P002,Mumbai,India,South Asia,Terminal-4,Berth-10
PR00857,P003,Singapore,Singapore,Southeast Asia,Terminal-1,Berth-11
PR00858,P004,Dubai,UAE,Middle East,Terminal-2,Berth-12
PR00859,P005,Colombo,Sri Lanka,South Asia,Terminal-3,Berth-13
PR00860,P006,Rotterdam,Netherlands,Europe,Terminal-4,Berth-14
PR00861,P007,Los Angeles,USA,North America,Terminal-1,Berth-15
PR00862,P001,Chennai,India,South Asia,Terminal-2,Berth-16
PR00863,P002,Mumbai,India,South Asia,Terminal-3,Berth-17
PR00864,P003,Singapore,Singapore,Southeast Asia,Terminal-4,Berth-18
PR00865,P004,Dubai,UAE,Middle East,Terminal-1,Berth-1
PR00866,P005,Colombo,Sri Lanka,South Asia,Terminal-2,Berth-2
PR00867,P006,Rotterdam,Netherlands,Europe,Terminal-3,Berth-3
PR00868,P007,Los Angeles,USA,North America,Terminal-4,Berth-4
PR00869,P001,Chennai,India,South Asia,Terminal-1,Berth-5
PR00870,P002,Mumbai,India,South Asia,Terminal-2,Berth-6
PR00871,P003,Singapore,Singapore,Southeast Asia,Terminal-3,Berth-7
PR00872,P004,Dubai,UAE,Middle East,Terminal-4,Berth-8
PR00873,P005,Colombo,Sri Lanka,South Asia,Terminal-1,Berth-9
PR00874,P006,Rotterdam,Netherlands,Europe,Terminal-2,Berth-10
PR00875,P007,Los Angeles,USA,North America,Terminal-3,Berth-11
PR00876,P001,Chennai,India,South Asia,Terminal-4,Berth-12
PR00877,P002,Mumbai,India,South Asia,Terminal-1,Berth-13
PR00878,P003,Singapore,Singapore,Southeast Asia,Terminal-2,Berth-14
PR00879,P004,Dubai,UAE,Middle East,Terminal-3,Berth-15
PR00880,P005,Colombo,Sri Lanka,South Asia,Terminal-4,Berth-16
PR00881,P006,Rotterdam,Netherlands,Europe,Terminal-1,Berth-17
PR00882,P007,Los Angeles,USA,North America,Terminal-2,Berth-18
PR00883,P001,Chennai,India,South Asia,Terminal-3,Berth-1
PR00884,P002,Mumbai,India,South Asia,Terminal-4,Berth-2
PR00885,P003,Singapore,Singapore,Southeast Asia,Terminal-1,Berth-3
PR00886,P004,Dubai,UAE,Middle East,Terminal-2,Berth-4
PR00887,P005,Colombo,Sri Lanka,South Asia,Terminal-3,Berth-5
PR00888,P006,Rotterdam,Netherlands,Europe,Terminal-4,Berth-6
PR00889,P007,Los Angeles,USA,North America,Terminal-1,Berth-7
PR00890,P001,Chennai,India,South Asia,Terminal-2,Berth-8
PR00891,P002,Mumbai,India,South Asia,Terminal-3,Berth-9
PR00892,P003,Singapore,Singapore,Southeast Asia,Terminal-4,Berth-10
PR00893,P004,Dubai,UAE,Middle East,Terminal-1,Berth-11
PR00894,P005,Colombo,Sri Lanka,South Asia,Terminal-2,Berth-12
PR00895,P006,Rotterdam,Netherlands,Europe,Terminal-3,Berth-13
PR00896,P007,Los Angeles,USA,North America,Terminal-4,Berth-14
PR00897,P001,Chennai,India,South Asia,Terminal-1,Berth-15
PR00898,P002,Mumbai,India,South Asia,Terminal-2,Berth-16
PR00899,P003,Singapore,Singapore,Southeast Asia,Terminal-3,Berth-17
PR00900,P004,Dubai,UAE,Middle East,Terminal-4,Berth-18
PR00901,P005,Colombo,Sri Lanka,South Asia,Terminal-1,Berth-1
PR00902,P006,Rotterdam,Netherlands,Europe,Terminal-2,Berth-2
PR00903,P007,Los Angeles,USA,North America,Terminal-3,Berth-3
PR00904,P001,Chennai,India,South Asia,Terminal-4,Berth-4
PR00905,P002,Mumbai,India,South Asia,Terminal-1,Berth-5
PR00906,P003,Singapore,Singapore,Southeast Asia,Terminal-2,Berth-6
PR00907,P004,Dubai,UAE,Middle East,Terminal-3,Berth-7
PR00908,P005,Colombo,Sri Lanka,South Asia,Terminal-4,Berth-8
PR00909,P006,Rotterdam,Netherlands,Europe,Terminal-1,Berth-9
PR00910,P007,Los Angeles,USA,North America,Terminal-2,Berth-10
PR00911,P001,Chennai,India,South Asia,Terminal-3,Berth-11
PR00912,P002,Mumbai,India,South Asia,Terminal-4,Berth-12
PR00913,P003,Singapore,Singapore,Southeast Asia,Terminal-1,Berth-13
PR00914,P004,Dubai,UAE,Middle East,Terminal-2,Berth-14
PR00915,P005,Colombo,Sri Lanka,South Asia,Terminal-3,Berth-15
PR00916,P006,Rotterdam,Netherlands,Europe,Terminal-4,Berth-16
PR00917,P007,Los Angeles,USA,North America,Terminal-1,Berth-17
PR00918,P001,Chennai,India,South Asia,Terminal-2,Berth-18
PR00919,P002,Mumbai,India,South Asia,Terminal-3,Berth-1
PR00920,P003,Singapore,Singapore,Southeast Asia,Terminal-4,Berth-2
PR00921,P004,Dubai,UAE,Middle East,Terminal-1,Berth-3
PR00922,P005,Colombo,Sri Lanka,South Asia,Terminal-2,Berth-4
PR00923,P006,Rotterdam,Netherlands,Europe,Terminal-3,Berth-5
PR00924,P007,Los Angeles,USA,North America,Terminal-4,Berth-6
PR00925,P001,Chennai,India,South Asia,Terminal-1,Berth-7
PR00926,P002,Mumbai,India,South Asia,Terminal-2,Berth-8
PR00927,P003,Singapore,Singapore,Southeast Asia,Terminal-3,Berth-9
PR00928,P004,Dubai,UAE,Middle East,Terminal-4,Berth-10
PR00929,P005,Colombo,Sri Lanka,South Asia,Terminal-1,Berth-11
PR00930,P006,Rotterdam,Netherlands,Europe,Terminal-2,Berth-12
PR00931,P007,Los Angeles,USA,North America,Terminal-3,Berth-13
PR00932,P001,Chennai,India,South Asia,Terminal-4,Berth-14
PR00933,P002,Mumbai,India,South Asia,Terminal-1,Berth-15
PR00934,P003,Singapore,Singapore,Southeast Asia,Terminal-2,Berth-16
PR00935,P004,Dubai,UAE,Middle East,Terminal-3,Berth-17
PR00936,P005,Colombo,Sri Lanka,South Asia,Terminal-4,Berth-18
PR00937,P006,Rotterdam,Netherlands,Europe,Terminal-1,Berth-1
PR00938,P007,Los Angeles,USA,North America,Terminal-2,Berth-2
PR00939,P001,Chennai,India,South Asia,Terminal-3,Berth-3
PR00940,P002,Mumbai,India,South Asia,Terminal-4,Berth-4
PR00941,P003,Singapore,Singapore,Southeast Asia,Terminal-1,Berth-5
PR00942,P004,Dubai,UAE,Middle East,Terminal-2,Berth-6
PR00943,P005,Colombo,Sri Lanka,South Asia,Terminal-3,Berth-7
PR00944,P006,Rotterdam,Netherlands,Europe,Terminal-4,Berth-8
PR00945,P007,Los Angeles,USA,North America,Terminal-1,Berth-9
PR00946,P001,Chennai,India,South Asia,Terminal-2,Berth-10
PR00947,P002,Mumbai,India,South Asia,Terminal-3,Berth-11
PR00948,P003,Singapore,Singapore,Southeast Asia,Terminal-4,Berth-12
PR00949,P004,Dubai,UAE,Middle East,Terminal-1,Berth-13
PR00950,P005,Colombo,Sri Lanka,South Asia,Terminal-2,Berth-14
PR00951,P006,Rotterdam,Netherlands,Europe,Terminal-3,Berth-15
PR00952,P007,Los Angeles,USA,North America,Terminal-4,Berth-16
PR00953,P001,Chennai,India,South Asia,Terminal-1,Berth-17
PR00954,P002,Mumbai,India,South Asia,Terminal-2,Berth-18
PR00955,P003,Singapore,Singapore,Southeast Asia,Terminal-3,Berth-1
PR00956,P004,Dubai,UAE,Middle East,Terminal-4,Berth-2
PR00957,P005,Colombo,Sri Lanka,South Asia,Terminal-1,Berth-3
PR00958,P006,Rotterdam,Netherlands,Europe,Terminal-2,Berth-4
PR00959,P007,Los Angeles,USA,North America,Terminal-3,Berth-5
PR00960,P001,Chennai,India,South Asia,Terminal-4,Berth-6
PR00961,P002,Mumbai,India,South Asia,Terminal-1,Berth-7
PR00962,P003,Singapore,Singapore,Southeast Asia,Terminal-2,Berth-8
PR00963,P004,Dubai,UAE,Middle East,Terminal-3,Berth-9
PR00964,P005,Colombo,Sri Lanka,South Asia,Terminal-4,Berth-10
PR00965,P006,Rotterdam,Netherlands,Europe,Terminal-1,Berth-11
PR00966,P007,Los Angeles,USA,North America,Terminal-2,Berth-12
PR00967,P001,Chennai,India,South Asia,Terminal-3,Berth-13
PR00968,P002,Mumbai,India,South Asia,Terminal-4,Berth-14
PR00969,P003,Singapore,Singapore,Southeast Asia,Terminal-1,Berth-15
PR00970,P004,Dubai,UAE,Middle East,Terminal-2,Berth-16
PR00971,P005,Colombo,Sri Lanka,South Asia,Terminal-3,Berth-17
PR00972,P006,Rotterdam,Netherlands,Europe,Terminal-4,Berth-18
PR00973,P007,Los Angeles,USA,North America,Terminal-1,Berth-1
PR00974,P001,Chennai,India,South Asia,Terminal-2,Berth-2
PR00975,P002,Mumbai,India,South Asia,Terminal-3,Berth-3
PR00976,P003,Singapore,Singapore,Southeast Asia,Terminal-4,Berth-4
PR00977,P004,Dubai,UAE,Middle East,Terminal-1,Berth-5
PR00978,P005,Colombo,Sri Lanka,South Asia,Terminal-2,Berth-6
PR00979,P006,Rotterdam,Netherlands,Europe,Terminal-3,Berth-7
PR00980,P007,Los Angeles,USA,North America,Terminal-4,Berth-8
PR00981,P001,Chennai,India,South Asia,Terminal-1,Berth-9
PR00982,P002,Mumbai,India,South Asia,Terminal-2,Berth-10
PR00983,P003,Singapore,Singapore,Southeast Asia,Terminal-3,Berth-11
PR00984,P004,Dubai,UAE,Middle East,Terminal-4,Berth-12
PR00985,P005,Colombo,Sri Lanka,South Asia,Terminal-1,Berth-13
PR00986,P006,Rotterdam,Netherlands,Europe,Terminal-2,Berth-14
PR00987,P007,Los Angeles,USA,North America,Terminal-3,Berth-15
PR00988,P001,Chennai,India,South Asia,Terminal-4,Berth-16
PR00989,P002,Mumbai,India,South Asia,Terminal-1,Berth-17
PR00990,P003,Singapore,Singapore,Southeast Asia,Terminal-2,Berth-18
PR00991,P004,Dubai,UAE,Middle East,Terminal-3,Berth-1
PR00992,P005,Colombo,Sri Lanka,South Asia,Terminal-4,Berth-2
PR00993,P006,Rotterdam,Netherlands,Europe,Terminal-1,Berth-3
PR00994,P007,Los Angeles,USA,North America,Terminal-2,Berth-4
PR00995,P001,Chennai,India,South Asia,Terminal-3,Berth-5
PR00996,P002,Mumbai,India,South Asia,Terminal-4,Berth-6
PR00997,P003,Singapore,Singapore,Southeast Asia,Terminal-1,Berth-7
PR00998,P004,Dubai,UAE,Middle East,Terminal-2,Berth-8
PR00999,P005,Colombo,Sri Lanka,South Asia,Terminal-3,Berth-9
PR01000,P006,Rotterdam,Netherlands,Europe,Terminal-4,Berth-10
PR01001,P007,Los Angeles,USA,North America,Terminal-1,Berth-11
PR01002,P001,Chennai,India,South Asia,Terminal-2,Berth-12
PR01003,P002,Mumbai,India,South Asia,Terminal-3,Berth-13
PR01004,P003,Singapore,Singapore,Southeast Asia,Terminal-4,Berth-14
PR01005,P004,Dubai,UAE,Middle East,Terminal-1,Berth-15
PR01006,P005,Colombo,Sri Lanka,South Asia,Terminal-2,Berth-16
PR01007,P006,Rotterdam,Netherlands,Europe,Terminal-3,Berth-17
PR01008,P007,Los Angeles,USA,North America,Terminal-4,Berth-18
PR01009,P001,Chennai,India,South Asia,Terminal-1,Berth-1
PR01010,P002,Mumbai,India,South Asia,Terminal-2,Berth-2
PR01011,P003,Singapore,Singapore,Southeast Asia,Terminal-3,Berth-3
PR01012,P004,Dubai,UAE,Middle East,Terminal-4,Berth-4
PR01013,P005,Colombo,Sri Lanka,South Asia,Terminal-1,Berth-5
PR01014,P006,Rotterdam,Netherlands,Europe,Terminal-2,Berth-6
PR01015,P007,Los Angeles,USA,North America,Terminal-3,Berth-7
PR01016,P001,Chennai,India,South Asia,Terminal-4,Berth-8
PR01017,P002,Mumbai,India,South Asia,Terminal-1,Berth-9
PR01018,P003,Singapore,Singapore,Southeast Asia,Terminal-2,Berth-10
PR01019,P004,Dubai,UAE,Middle East,Terminal-3,Berth-11
PR01020,P005,Colombo,Sri Lanka,South Asia,Terminal-4,Berth-12
PR01021,P006,Rotterdam,Netherlands,Europe,Terminal-1,Berth-13
PR01022,P007,Los Angeles,USA,North America,Terminal-2,Berth-14
PR01023,P001,Chennai,India,South Asia,Terminal-3,Berth-15
PR01024,P002,Mumbai,India,South Asia,Terminal-4,Berth-16
PR01025,P003,Singapore,Singapore,Southeast Asia,Terminal-1,Berth-17
PR01026,P004,Dubai,UAE,Middle East,Terminal-2,Berth-18
PR01027,P005,Colombo,Sri Lanka,South Asia,Terminal-3,Berth-1
PR01028,P006,Rotterdam,Netherlands,Europe,Terminal-4,Berth-2
PR01029,P007,Los Angeles,USA,North America,Terminal-1,Berth-3
PR01030,P001,Chennai,India,South Asia,Terminal-2,Berth-4
PR01031,P002,Mumbai,India,South Asia,Terminal-3,Berth-5
PR01032,P003,Singapore,Singapore,Southeast Asia,Terminal-4,Berth-6
PR01033,P004,Dubai,UAE,Middle East,Terminal-1,Berth-7
PR01034,P005,Colombo,Sri Lanka,South Asia,Terminal-2,Berth-8
PR01035,P006,Rotterdam,Netherlands,Europe,Terminal-3,Berth-9
PR01036,P007,Los Angeles,USA,North America,Terminal-4,Berth-10
PR01037,P001,Chennai,India,South Asia,Terminal-1,Berth-11
PR01038,P002,Mumbai,India,South Asia,Terminal-2,Berth-12
PR01039,P003,Singapore,Singapore,Southeast Asia,Terminal-3,Berth-13
PR01040,P004,Dubai,UAE,Middle East,Terminal-4,Berth-14
PR01041,P005,Colombo,Sri Lanka,South Asia,Terminal-1,Berth-15
PR01042,P006,Rotterdam,Netherlands,Europe,Terminal-2,Berth-16
PR01043,P007,Los Angeles,USA,North America,Terminal-3,Berth-17
PR01044,P001,Chennai,India,South Asia,Terminal-4,Berth-18
PR01045,P002,Mumbai,India,South Asia,Terminal-1,Berth-1
PR01046,P003,Singapore,Singapore,Southeast Asia,Terminal-2,Berth-2
PR01047,P004,Dubai,UAE,Middle East,Terminal-3,Berth-3
PR01048,P005,Colombo,Sri Lanka,South Asia,Terminal-4,Berth-4
PR01049,P006,Rotterdam,Netherlands,Europe,Terminal-1,Berth-5
PR01050,P007,Los Angeles,USA,North America,Terminal-2,Berth-6
PR01051,P001,Chennai,India,South Asia,Terminal-3,Berth-7
PR01052,P002,Mumbai,India,South Asia,Terminal-4,Berth-8
PR01053,P003,Singapore,Singapore,Southeast Asia,Terminal-1,Berth-9
PR01054,P004,Dubai,UAE,Middle East,Terminal-2,Berth-10
PR01055,P005,Colombo,Sri Lanka,South Asia,Terminal-3,Berth-11
PR01056,P006,Rotterdam,Netherlands,Europe,Terminal-4,Berth-12
PR01057,P007,Los Angeles,USA,North America,Terminal-1,Berth-13
PR01058,P001,Chennai,India,South Asia,Terminal-2,Berth-14
PR01059,P002,Mumbai,India,South Asia,Terminal-3,Berth-15
PR01060,P003,Singapore,Singapore,Southeast Asia,Terminal-4,Berth-16
PR01061,P004,Dubai,UAE,Middle East,Terminal-1,Berth-17
PR01062,P005,Colombo,Sri Lanka,South Asia,Terminal-2,Berth-18
PR01063,P006,Rotterdam,Netherlands,Europe,Terminal-3,Berth-1
PR01064,P007,Los Angeles,USA,North America,Terminal-4,Berth-2
PR01065,P001,Chennai,India,South Asia,Terminal-1,Berth-3
PR01066,P002,Mumbai,India,South Asia,Terminal-2,Berth-4
PR01067,P003,Singapore,Singapore,Southeast Asia,Terminal-3,Berth-5
PR01068,P004,Dubai,UAE,Middle East,Terminal-4,Berth-6
PR01069,P005,Colombo,Sri Lanka,South Asia,Terminal-1,Berth-7
PR01070,P006,Rotterdam,Netherlands,Europe,Terminal-2,Berth-8
PR01071,P007,Los Angeles,USA,North America,Terminal-3,Berth-9
PR01072,P001,Chennai,India,South Asia,Terminal-4,Berth-10
PR01073,P002,Mumbai,India,South Asia,Terminal-1,Berth-11
PR01074,P003,Singapore,Singapore,Southeast Asia,Terminal-2,Berth-12
PR01075,P004,Dubai,UAE,Middle East,Terminal-3,Berth-13
PR01076,P005,Colombo,Sri Lanka,South Asia,Terminal-4,Berth-14
PR01077,P006,Rotterdam,Netherlands,Europe,Terminal-1,Berth-15
PR01078,P007,Los Angeles,USA,North America,Terminal-2,Berth-16
PR01079,P001,Chennai,India,South Asia,Terminal-3,Berth-17
PR01080,P002,Mumbai,India,South Asia,Terminal-4,Berth-18
PR01081,P003,Singapore,Singapore,Southeast Asia,Terminal-1,Berth-1
PR01082,P004,Dubai,UAE,Middle East,Terminal-2,Berth-2
PR01083,P005,Colombo,Sri Lanka,South Asia,Terminal-3,Berth-3
PR01084,P006,Rotterdam,Netherlands,Europe,Terminal-4,Berth-4
PR01085,P007,Los Angeles,USA,North America,Terminal-1,Berth-5
PR01086,P001,Chennai,India,South Asia,Terminal-2,Berth-6
PR01087,P002,Mumbai,India,South Asia,Terminal-3,Berth-7
PR01088,P003,Singapore,Singapore,Southeast Asia,Terminal-4,Berth-8
PR01089,P004,Dubai,UAE,Middle East,Terminal-1,Berth-9
PR01090,P005,Colombo,Sri Lanka,South Asia,Terminal-2,Berth-10
PR01091,P006,Rotterdam,Netherlands,Europe,Terminal-3,Berth-11
PR01092,P007,Los Angeles,USA,North America,Terminal-4,Berth-12
PR01093,P001,Chennai,India,South Asia,Terminal-1,Berth-13
PR01094,P002,Mumbai,India,South Asia,Terminal-2,Berth-14
PR01095,P003,Singapore,Singapore,Southeast Asia,Terminal-3,Berth-15
PR01096,P004,Dubai,UAE,Middle East,Terminal-4,Berth-16
PR01097,P005,Colombo,Sri Lanka,South Asia,Terminal-1,Berth-17
PR01098,P006,Rotterdam,Netherlands,Europe,Terminal-2,Berth-18
PR01099,P007,Los Angeles,USA,North America,Terminal-3,Berth-1
PR01100,P001,Chennai,India,South Asia,Terminal-4,Berth-2
PR01101,P002,Mumbai,India,South Asia,Terminal-1,Berth-3
PR01102,P003,Singapore,Singapore,Southeast Asia,Terminal-2,Berth-4
PR01103,P004,Dubai,UAE,Middle East,Terminal-3,Berth-5
PR01104,P005,Colombo,Sri Lanka,South Asia,Terminal-4,Berth-6
PR01105,P006,Rotterdam,Netherlands,Europe,Terminal-1,Berth-7
PR01106,P007,Los Angeles,USA,North America,Terminal-2,Berth-8
PR01107,P001,Chennai,India,South Asia,Terminal-3,Berth-9
PR01108,P002,Mumbai,India,South Asia,Terminal-4,Berth-10
PR01109,P003,Singapore,Singapore,Southeast Asia,Terminal-1,Berth-11
PR01110,P004,Dubai,UAE,Middle East,Terminal-2,Berth-12
PR01111,P005,Colombo,Sri Lanka,South Asia,Terminal-3,Berth-13
PR01112,P006,Rotterdam,Netherlands,Europe,Terminal-4,Berth-14
PR01113,P007,Los Angeles,USA,North America,Terminal-1,Berth-15
PR01114,P001,Chennai,India,South Asia,Terminal-2,Berth-16
PR01115,P002,Mumbai,India,South Asia,Terminal-3,Berth-17
PR01116,P003,Singapore,Singapore,Southeast Asia,Terminal-4,Berth-18
PR01117,P004,Dubai,UAE,Middle East,Terminal-1,Berth-1
PR01118,P005,Colombo,Sri Lanka,South Asia,Terminal-2,Berth-2
PR01119,P006,Rotterdam,Netherlands,Europe,Terminal-3,Berth-3
PR01120,P007,Los Angeles,USA,North America,Terminal-4,Berth-4
PR01121,P001,Chennai,India,South Asia,Terminal-1,Berth-5
PR01122,P002,Mumbai,India,South Asia,Terminal-2,Berth-6
PR01123,P003,Singapore,Singapore,Southeast Asia,Terminal-3,Berth-7
PR01124,P004,Dubai,UAE,Middle East,Terminal-4,Berth-8
PR01125,P005,Colombo,Sri Lanka,South Asia,Terminal-1,Berth-9
PR01126,P006,Rotterdam,Netherlands,Europe,Terminal-2,Berth-10
PR01127,P007,Los Angeles,USA,North America,Terminal-3,Berth-11
PR01128,P001,Chennai,India,South Asia,Terminal-4,Berth-12
PR01129,P002,Mumbai,India,South Asia,Terminal-1,Berth-13
PR01130,P003,Singapore,Singapore,Southeast Asia,Terminal-2,Berth-14
PR01131,P004,Dubai,UAE,Middle East,Terminal-3,Berth-15
PR01132,P005,Colombo,Sri Lanka,South Asia,Terminal-4,Berth-16
PR01133,P006,Rotterdam,Netherlands,Europe,Terminal-1,Berth-17
PR01134,P007,Los Angeles,USA,North America,Terminal-2,Berth-18
PR01135,P001,Chennai,India,South Asia,Terminal-3,Berth-1
PR01136,P002,Mumbai,India,South Asia,Terminal-4,Berth-2
PR01137,P003,Singapore,Singapore,Southeast Asia,Terminal-1,Berth-3
PR01138,P004,Dubai,UAE,Middle East,Terminal-2,Berth-4
PR01139,P005,Colombo,Sri Lanka,South Asia,Terminal-3,Berth-5
PR01140,P006,Rotterdam,Netherlands,Europe,Terminal-4,Berth-6
PR01141,P007,Los Angeles,USA,North America,Terminal-1,Berth-7
PR01142,P001,Chennai,India,South Asia,Terminal-2,Berth-8
PR01143,P002,Mumbai,India,South Asia,Terminal-3,Berth-9
PR01144,P003,Singapore,Singapore,Southeast Asia,Terminal-4,Berth-10
PR01145,P004,Dubai,UAE,Middle East,Terminal-1,Berth-11
PR01146,P005,Colombo,Sri Lanka,South Asia,Terminal-2,Berth-12
PR01147,P006,Rotterdam,Netherlands,Europe,Terminal-3,Berth-13
PR01148,P007,Los Angeles,USA,North America,Terminal-4,Berth-14
PR01149,P001,Chennai,India,South Asia,Terminal-1,Berth-15
PR01150,P002,Mumbai,India,South Asia,Terminal-2,Berth-16
PR01151,P003,Singapore,Singapore,Southeast Asia,Terminal-3,Berth-17
PR01152,P004,Dubai,UAE,Middle East,Terminal-4,Berth-18
PR01153,P005,Colombo,Sri Lanka,South Asia,Terminal-1,Berth-1
PR01154,P006,Rotterdam,Netherlands,Europe,Terminal-2,Berth-2
PR01155,P007,Los Angeles,USA,North America,Terminal-3,Berth-3
PR01156,P001,Chennai,India,South Asia,Terminal-4,Berth-4
PR01157,P002,Mumbai,India,South Asia,Terminal-1,Berth-5
PR01158,P003,Singapore,Singapore,Southeast Asia,Terminal-2,Berth-6
PR01159,P004,Dubai,UAE,Middle East,Terminal-3,Berth-7
PR01160,P005,Colombo,Sri Lanka,South Asia,Terminal-4,Berth-8
PR01161,P006,Rotterdam,Netherlands,Europe,Terminal-1,Berth-9
PR01162,P007,Los Angeles,USA,North America,Terminal-2,Berth-10
PR01163,P001,Chennai,India,South Asia,Terminal-3,Berth-11
PR01164,P002,Mumbai,India,South Asia,Terminal-4,Berth-12
PR01165,P003,Singapore,Singapore,Southeast Asia,Terminal-1,Berth-13
PR01166,P004,Dubai,UAE,Middle East,Terminal-2,Berth-14
PR01167,P005,Colombo,Sri Lanka,South Asia,Terminal-3,Berth-15
PR01168,P006,Rotterdam,Netherlands,Europe,Terminal-4,Berth-16
PR01169,P007,Los Angeles,USA,North America,Terminal-1,Berth-17
PR01170,P001,Chennai,India,South Asia,Terminal-2,Berth-18
PR01171,P002,Mumbai,India,South Asia,Terminal-3,Berth-1
PR01172,P003,Singapore,Singapore,Southeast Asia,Terminal-4,Berth-2
PR01173,P004,Dubai,UAE,Middle East,Terminal-1,Berth-3
PR01174,P005,Colombo,Sri Lanka,South Asia,Terminal-2,Berth-4
PR01175,P006,Rotterdam,Netherlands,Europe,Terminal-3,Berth-5
PR01176,P007,Los Angeles,USA,North America,Terminal-4,Berth-6
PR01177,P001,Chennai,India,South Asia,Terminal-1,Berth-7
PR01178,P002,Mumbai,India,South Asia,Terminal-2,Berth-8
PR01179,P003,Singapore,Singapore,Southeast Asia,Terminal-3,Berth-9
PR01180,P004,Dubai,UAE,Middle East,Terminal-4,Berth-10
PR01181,P005,Colombo,Sri Lanka,South Asia,Terminal-1,Berth-11
PR01182,P006,Rotterdam,Netherlands,Europe,Terminal-2,Berth-12
PR01183,P007,Los Angeles,USA,North America,Terminal-3,Berth-13
PR01184,P001,Chennai,India,South Asia,Terminal-4,Berth-14
PR01185,P002,Mumbai,India,South Asia,Terminal-1,Berth-15
PR01186,P003,Singapore,Singapore,Southeast Asia,Terminal-2,Berth-16
PR01187,P004,Dubai,UAE,Middle East,Terminal-3,Berth-17
PR01188,P005,Colombo,Sri Lanka,South Asia,Terminal-4,Berth-18
PR01189,P006,Rotterdam,Netherlands,Europe,Terminal-1,Berth-1
PR01190,P007,Los Angeles,USA,North America,Terminal-2,Berth-2
PR01191,P001,Chennai,India,South Asia,Terminal-3,Berth-3
PR01192,P002,Mumbai,India,South Asia,Terminal-4,Berth-4
PR01193,P003,Singapore,Singapore,Southeast Asia,Terminal-1,Berth-5
PR01194,P004,Dubai,UAE,Middle East,Terminal-2,Berth-6
PR01195,P005,Colombo,Sri Lanka,South Asia,Terminal-3,Berth-7
PR01196,P006,Rotterdam,Netherlands,Europe,Terminal-4,Berth-8
PR01197,P007,Los Angeles,USA,North America,Terminal-1,Berth-9
PR01198,P001,Chennai,India,South Asia,Terminal-2,Berth-10
PR01199,P002,Mumbai,India,South Asia,Terminal-3,Berth-11
PR01200,P003,Singapore,Singapore,Southeast Asia,Terminal-4,Berth-12
PR01201,P004,Dubai,UAE,Middle East,Terminal-1,Berth-13
PR01202,P005,Colombo,Sri Lanka,South Asia,Terminal-2,Berth-14
PR01203,P006,Rotterdam,Netherlands,Europe,Terminal-3,Berth-15
PR01204,P007,Los Angeles,USA,North America,Terminal-4,Berth-16
PR01205,P001,Chennai,India,South Asia,Terminal-1,Berth-17
PR01206,P002,Mumbai,India,South Asia,Terminal-2,Berth-18
PR01207,P003,Singapore,Singapore,Southeast Asia,Terminal-3,Berth-1
PR01208,P004,Dubai,UAE,Middle East,Terminal-4,Berth-2
PR01209,P005,Colombo,Sri Lanka,South Asia,Terminal-1,Berth-3
PR01210,P006,Rotterdam,Netherlands,Europe,Terminal-2,Berth-4
PR01211,P007,Los Angeles,USA,North America,Terminal-3,Berth-5
PR01212,P001,Chennai,India,South Asia,Terminal-4,Berth-6
PR01213,P002,Mumbai,India,South Asia,Terminal-1,Berth-7
PR01214,P003,Singapore,Singapore,Southeast Asia,Terminal-2,Berth-8
PR01215,P004,Dubai,UAE,Middle East,Terminal-3,Berth-9
PR01216,P005,Colombo,Sri Lanka,South Asia,Terminal-4,Berth-10
PR01217,P006,Rotterdam,Netherlands,Europe,Terminal-1,Berth-11
PR01218,P007,Los Angeles,USA,North America,Terminal-2,Berth-12
PR01219,P001,Chennai,India,South Asia,Terminal-3,Berth-13
PR01220,P002,Mumbai,India,South Asia,Terminal-4,Berth-14
PR01221,P003,Singapore,Singapore,Southeast Asia,Terminal-1,Berth-15
PR01222,P004,Dubai,UAE,Middle East,Terminal-2,Berth-16
PR01223,P005,Colombo,Sri Lanka,South Asia,Terminal-3,Berth-17
PR01224,P006,Rotterdam,Netherlands,Europe,Terminal-4,Berth-18
PR01225,P007,Los Angeles,USA,North America,Terminal-1,Berth-1
PR01226,P001,Chennai,India,South Asia,Terminal-2,Berth-2
PR01227,P002,Mumbai,India,South Asia,Terminal-3,Berth-3
PR01228,P003,Singapore,Singapore,Southeast Asia,Terminal-4,Berth-4
PR01229,P004,Dubai,UAE,Middle East,Terminal-1,Berth-5
PR01230,P005,Colombo,Sri Lanka,South Asia,Terminal-2,Berth-6
PR01231,P006,Rotterdam,Netherlands,Europe,Terminal-3,Berth-7
PR01232,P007,Los Angeles,USA,North America,Terminal-4,Berth-8
PR01233,P001,Chennai,India,South Asia,Terminal-1,Berth-9
PR01234,P002,Mumbai,India,South Asia,Terminal-2,Berth-10
PR01235,P003,Singapore,Singapore,Southeast Asia,Terminal-3,Berth-11
PR01236,P004,Dubai,UAE,Middle East,Terminal-4,Berth-12
PR01237,P005,Colombo,Sri Lanka,South Asia,Terminal-1,Berth-13
PR01238,P006,Rotterdam,Netherlands,Europe,Terminal-2,Berth-14
PR01239,P007,Los Angeles,USA,North America,Terminal-3,Berth-15
PR01240,P001,Chennai,India,South Asia,Terminal-4,Berth-16
PR01241,P002,Mumbai,India,South Asia,Terminal-1,Berth-17
PR01242,P003,Singapore,Singapore,Southeast Asia,Terminal-2,Berth-18
PR01243,P004,Dubai,UAE,Middle East,Terminal-3,Berth-1
PR01244,P005,Colombo,Sri Lanka,South Asia,Terminal-4,Berth-2
PR01245,P006,Rotterdam,Netherlands,Europe,Terminal-1,Berth-3
PR01246,P007,Los Angeles,USA,North America,Terminal-2,Berth-4
PR01247,P001,Chennai,India,South Asia,Terminal-3,Berth-5
PR01248,P002,Mumbai,India,South Asia,Terminal-4,Berth-6
PR01249,P003,Singapore,Singapore,Southeast Asia,Terminal-1,Berth-7
PR01250,P004,Dubai,UAE,Middle East,Terminal-2,Berth-8
PR01251,P005,Colombo,Sri Lanka,South Asia,Terminal-3,Berth-9
PR01252,P006,Rotterdam,Netherlands,Europe,Terminal-4,Berth-10
PR01253,P007,Los Angeles,USA,North America,Terminal-1,Berth-11
PR01254,P001,Chennai,India,South Asia,Terminal-2,Berth-12
PR01255,P002,Mumbai,India,South Asia,Terminal-3,Berth-13
PR01256,P003,Singapore,Singapore,Southeast Asia,Terminal-4,Berth-14
PR01257,P004,Dubai,UAE,Middle East,Terminal-1,Berth-15
PR01258,P005,Colombo,Sri Lanka,South Asia,Terminal-2,Berth-16
PR01259,P006,Rotterdam,Netherlands,Europe,Terminal-3,Berth-17
PR01260,P007,Los Angeles,USA,North America,Terminal-4,Berth-18
PR01261,P001,Chennai,India,South Asia,Terminal-1,Berth-1
PR01262,P002,Mumbai,India,South Asia,Terminal-2,Berth-2
PR01263,P003,Singapore,Singapore,Southeast Asia,Terminal-3,Berth-3
PR01264,P004,Dubai,UAE,Middle East,Terminal-4,Berth-4
PR01265,P005,Colombo,Sri Lanka,South Asia,Terminal-1,Berth-5
PR01266,P006,Rotterdam,Netherlands,Europe,Terminal-2,Berth-6
PR01267,P007,Los Angeles,USA,North America,Terminal-3,Berth-7
PR01268,P001,Chennai,India,South Asia,Terminal-4,Berth-8
PR01269,P002,Mumbai,India,South Asia,Terminal-1,Berth-9
PR01270,P003,Singapore,Singapore,Southeast Asia,Terminal-2,Berth-10
PR01271,P004,Dubai,UAE,Middle East,Terminal-3,Berth-11
PR01272,P005,Colombo,Sri Lanka,South Asia,Terminal-4,Berth-12
PR01273,P006,Rotterdam,Netherlands,Europe,Terminal-1,Berth-13
PR01274,P007,Los Angeles,USA,North America,Terminal-2,Berth-14
PR01275,P001,Chennai,India,South Asia,Terminal-3,Berth-15
PR01276,P002,Mumbai,India,South Asia,Terminal-4,Berth-16
PR01277,P003,Singapore,Singapore,Southeast Asia,Terminal-1,Berth-17
PR01278,P004,Dubai,UAE,Middle East,Terminal-2,Berth-18
PR01279,P005,Colombo,Sri Lanka,South Asia,Terminal-3,Berth-1
PR01280,P006,Rotterdam,Netherlands,Europe,Terminal-4,Berth-2
PR01281,P007,Los Angeles,USA,North America,Terminal-1,Berth-3
PR01282,P001,Chennai,India,South Asia,Terminal-2,Berth-4
PR01283,P002,Mumbai,India,South Asia,Terminal-3,Berth-5
PR01284,P003,Singapore,Singapore,Southeast Asia,Terminal-4,Berth-6
PR01285,P004,Dubai,UAE,Middle East,Terminal-1,Berth-7
PR01286,P005,Colombo,Sri Lanka,South Asia,Terminal-2,Berth-8
PR01287,P006,Rotterdam,Netherlands,Europe,Terminal-3,Berth-9
PR01288,P007,Los Angeles,USA,North America,Terminal-4,Berth-10
PR01289,P001,Chennai,India,South Asia,Terminal-1,Berth-11
PR01290,P002,Mumbai,India,South Asia,Terminal-2,Berth-12
PR01291,P003,Singapore,Singapore,Southeast Asia,Terminal-3,Berth-13
PR01292,P004,Dubai,UAE,Middle East,Terminal-4,Berth-14
PR01293,P005,Colombo,Sri Lanka,South Asia,Terminal-1,Berth-15
PR01294,P006,Rotterdam,Netherlands,Europe,Terminal-2,Berth-16
PR01295,P007,Los Angeles,USA,North America,Terminal-3,Berth-17
PR01296,P001,Chennai,India,South Asia,Terminal-4,Berth-18
PR01297,P002,Mumbai,India,South Asia,Terminal-1,Berth-1
PR01298,P003,Singapore,Singapore,Southeast Asia,Terminal-2,Berth-2
PR01299,P004,Dubai,UAE,Middle East,Terminal-3,Berth-3
PR01300,P005,Colombo,Sri Lanka,South Asia,Terminal-4,Berth-4
PR01301,P006,Rotterdam,Netherlands,Europe,Terminal-1,Berth-5
PR01302,P007,Los Angeles,USA,North America,Terminal-2,Berth-6
PR01303,P001,Chennai,India,South Asia,Terminal-3,Berth-7
PR01304,P002,Mumbai,India,South Asia,Terminal-4,Berth-8
PR01305,P003,Singapore,Singapore,Southeast Asia,Terminal-1,Berth-9
PR01306,P004,Dubai,UAE,Middle East,Terminal-2,Berth-10
PR01307,P005,Colombo,Sri Lanka,South Asia,Terminal-3,Berth-11
PR01308,P006,Rotterdam,Netherlands,Europe,Terminal-4,Berth-12
PR01309,P007,Los Angeles,USA,North America,Terminal-1,Berth-13
PR01310,P001,Chennai,India,South Asia,Terminal-2,Berth-14
PR01311,P002,Mumbai,India,South Asia,Terminal-3,Berth-15
PR01312,P003,Singapore,Singapore,Southeast Asia,Terminal-4,Berth-16
PR01313,P004,Dubai,UAE,Middle East,Terminal-1,Berth-17
PR01314,P005,Colombo,Sri Lanka,South Asia,Terminal-2,Berth-18
PR01315,P006,Rotterdam,Netherlands,Europe,Terminal-3,Berth-1
PR01316,P007,Los Angeles,USA,North America,Terminal-4,Berth-2
PR01317,P001,Chennai,India,South Asia,Terminal-1,Berth-3
PR01318,P002,Mumbai,India,South Asia,Terminal-2,Berth-4
PR01319,P003,Singapore,Singapore,Southeast Asia,Terminal-3,Berth-5
PR01320,P004,Dubai,UAE,Middle East,Terminal-4,Berth-6
PR01321,P005,Colombo,Sri Lanka,South Asia,Terminal-1,Berth-7
PR01322,P006,Rotterdam,Netherlands,Europe,Terminal-2,Berth-8
PR01323,P007,Los Angeles,USA,North America,Terminal-3,Berth-9
PR01324,P001,Chennai,India,South Asia,Terminal-4,Berth-10
PR01325,P002,Mumbai,India,South Asia,Terminal-1,Berth-11
PR01326,P003,Singapore,Singapore,Southeast Asia,Terminal-2,Berth-12
PR01327,P004,Dubai,UAE,Middle East,Terminal-3,Berth-13
PR01328,P005,Colombo,Sri Lanka,South Asia,Terminal-4,Berth-14
PR01329,P006,Rotterdam,Netherlands,Europe,Terminal-1,Berth-15
PR01330,P007,Los Angeles,USA,North America,Terminal-2,Berth-16
PR01331,P001,Chennai,India,South Asia,Terminal-3,Berth-17
PR01332,P002,Mumbai,India,South Asia,Terminal-4,Berth-18
PR01333,P003,Singapore,Singapore,Southeast Asia,Terminal-1,Berth-1
PR01334,P004,Dubai,UAE,Middle East,Terminal-2,Berth-2
PR01335,P005,Colombo,Sri Lanka,South Asia,Terminal-3,Berth-3
PR01336,P006,Rotterdam,Netherlands,Europe,Terminal-4,Berth-4
PR01337,P007,Los Angeles,USA,North America,Terminal-1,Berth-5
PR01338,P001,Chennai,India,South Asia,Terminal-2,Berth-6
PR01339,P002,Mumbai,India,South Asia,Terminal-3,Berth-7
PR01340,P003,Singapore,Singapore,Southeast Asia,Terminal-4,Berth-8
PR01341,P004,Dubai,UAE,Middle East,Terminal-1,Berth-9
PR01342,P005,Colombo,Sri Lanka,South Asia,Terminal-2,Berth-10
PR01343,P006,Rotterdam,Netherlands,Europe,Terminal-3,Berth-11
PR01344,P007,Los Angeles,USA,North America,Terminal-4,Berth-12
PR01345,P001,Chennai,India,South Asia,Terminal-1,Berth-13
PR01346,P002,Mumbai,India,South Asia,Terminal-2,Berth-14
PR01347,P003,Singapore,Singapore,Southeast Asia,Terminal-3,Berth-15
PR01348,P004,Dubai,UAE,Middle East,Terminal-4,Berth-16
PR01349,P005,Colombo,Sri Lanka,South Asia,Terminal-1,Berth-17
PR01350,P006,Rotterdam,Netherlands,Europe,Terminal-2,Berth-18
PR01351,P007,Los Angeles,USA,North America,Terminal-3,Berth-1
PR01352,P001,Chennai,India,South Asia,Terminal-4,Berth-2
PR01353,P002,Mumbai,India,South Asia,Terminal-1,Berth-3
PR01354,P003,Singapore,Singapore,Southeast Asia,Terminal-2,Berth-4
PR01355,P004,Dubai,UAE,Middle East,Terminal-3,Berth-5
PR01356,P005,Colombo,Sri Lanka,South Asia,Terminal-4,Berth-6
PR01357,P006,Rotterdam,Netherlands,Europe,Terminal-1,Berth-7
PR01358,P007,Los Angeles,USA,North America,Terminal-2,Berth-8
PR01359,P001,Chennai,India,South Asia,Terminal-3,Berth-9
PR01360,P002,Mumbai,India,South Asia,Terminal-4,Berth-10
PR01361,P003,Singapore,Singapore,Southeast Asia,Terminal-1,Berth-11
PR01362,P004,Dubai,UAE,Middle East,Terminal-2,Berth-12
PR01363,P005,Colombo,Sri Lanka,South Asia,Terminal-3,Berth-13
PR01364,P006,Rotterdam,Netherlands,Europe,Terminal-4,Berth-14
PR01365,P007,Los Angeles,USA,North America,Terminal-1,Berth-15
PR01366,P001,Chennai,India,South Asia,Terminal-2,Berth-16
PR01367,P002,Mumbai,India,South Asia,Terminal-3,Berth-17
PR01368,P003,Singapore,Singapore,Southeast Asia,Terminal-4,Berth-18
PR01369,P004,Dubai,UAE,Middle East,Terminal-1,Berth-1
PR01370,P005,Colombo,Sri Lanka,South Asia,Terminal-2,Berth-2
PR01371,P006,Rotterdam,Netherlands,Europe,Terminal-3,Berth-3
PR01372,P007,Los Angeles,USA,North America,Terminal-4,Berth-4
PR01373,P001,Chennai,India,South Asia,Terminal-1,Berth-5
PR01374,P002,Mumbai,India,South Asia,Terminal-2,Berth-6
PR01375,P003,Singapore,Singapore,Southeast Asia,Terminal-3,Berth-7
PR01376,P004,Dubai,UAE,Middle East,Terminal-4,Berth-8
PR01377,P005,Colombo,Sri Lanka,South Asia,Terminal-1,Berth-9
PR01378,P006,Rotterdam,Netherlands,Europe,Terminal-2,Berth-10
PR01379,P007,Los Angeles,USA,North America,Terminal-3,Berth-11
PR01380,P001,Chennai,India,South Asia,Terminal-4,Berth-12
PR01381,P002,Mumbai,India,South Asia,Terminal-1,Berth-13
PR01382,P003,Singapore,Singapore,Southeast Asia,Terminal-2,Berth-14
PR01383,P004,Dubai,UAE,Middle East,Terminal-3,Berth-15
PR01384,P005,Colombo,Sri Lanka,South Asia,Terminal-4,Berth-16
PR01385,P006,Rotterdam,Netherlands,Europe,Terminal-1,Berth-17
PR01386,P007,Los Angeles,USA,North America,Terminal-2,Berth-18
PR01387,P001,Chennai,India,South Asia,Terminal-3,Berth-1
PR01388,P002,Mumbai,India,South Asia,Terminal-4,Berth-2
PR01389,P003,Singapore,Singapore,Southeast Asia,Terminal-1,Berth-3
PR01390,P004,Dubai,UAE,Middle East,Terminal-2,Berth-4
PR01391,P005,Colombo,Sri Lanka,South Asia,Terminal-3,Berth-5
PR01392,P006,Rotterdam,Netherlands,Europe,Terminal-4,Berth-6
PR01393,P007,Los Angeles,USA,North America,Terminal-1,Berth-7
PR01394,P001,Chennai,India,South Asia,Terminal-2,Berth-8
PR01395,P002,Mumbai,India,South Asia,Terminal-3,Berth-9
PR01396,P003,Singapore,Singapore,Southeast Asia,Terminal-4,Berth-10
PR01397,P004,Dubai,UAE,Middle East,Terminal-1,Berth-11
PR01398,P005,Colombo,Sri Lanka,South Asia,Terminal-2,Berth-12
PR01399,P006,Rotterdam,Netherlands,Europe,Terminal-3,Berth-13
PR01400,P007,Los Angeles,USA,North America,Terminal-4,Berth-14
PR01401,P001,Chennai,India,South Asia,Terminal-1,Berth-15
PR01402,P002,Mumbai,India,South Asia,Terminal-2,Berth-16
PR01403,P003,Singapore,Singapore,Southeast Asia,Terminal-3,Berth-17
PR01404,P004,Dubai,UAE,Middle East,Terminal-4,Berth-18
PR01405,P005,Colombo,Sri Lanka,South Asia,Terminal-1,Berth-1
PR01406,P006,Rotterdam,Netherlands,Europe,Terminal-2,Berth-2
PR01407,P007,Los Angeles,USA,North America,Terminal-3,Berth-3
PR01408,P001,Chennai,India,South Asia,Terminal-4,Berth-4
PR01409,P002,Mumbai,India,South Asia,Terminal-1,Berth-5
PR01410,P003,Singapore,Singapore,Southeast Asia,Terminal-2,Berth-6
PR01411,P004,Dubai,UAE,Middle East,Terminal-3,Berth-7
PR01412,P005,Colombo,Sri Lanka,South Asia,Terminal-4,Berth-8
PR01413,P006,Rotterdam,Netherlands,Europe,Terminal-1,Berth-9
PR01414,P007,Los Angeles,USA,North America,Terminal-2,Berth-10
PR01415,P001,Chennai,India,South Asia,Terminal-3,Berth-11
PR01416,P002,Mumbai,India,South Asia,Terminal-4,Berth-12
PR01417,P003,Singapore,Singapore,Southeast Asia,Terminal-1,Berth-13
PR01418,P004,Dubai,UAE,Middle East,Terminal-2,Berth-14
PR01419,P005,Colombo,Sri Lanka,South Asia,Terminal-3,Berth-15
PR01420,P006,Rotterdam,Netherlands,Europe,Terminal-4,Berth-16
PR01421,P007,Los Angeles,USA,North America,Terminal-1,Berth-17
PR01422,P001,Chennai,India,South Asia,Terminal-2,Berth-18
PR01423,P002,Mumbai,India,South Asia,Terminal-3,Berth-1
PR01424,P003,Singapore,Singapore,Southeast Asia,Terminal-4,Berth-2
PR01425,P004,Dubai,UAE,Middle East,Terminal-1,Berth-3
PR01426,P005,Colombo,Sri Lanka,South Asia,Terminal-2,Berth-4
PR01427,P006,Rotterdam,Netherlands,Europe,Terminal-3,Berth-5
PR01428,P007,Los Angeles,USA,North America,Terminal-4,Berth-6
PR01429,P001,Chennai,India,South Asia,Terminal-1,Berth-7
PR01430,P002,Mumbai,India,South Asia,Terminal-2,Berth-8
PR01431,P003,Singapore,Singapore,Southeast Asia,Terminal-3,Berth-9
PR01432,P004,Dubai,UAE,Middle East,Terminal-4,Berth-10
PR01433,P005,Colombo,Sri Lanka,South Asia,Terminal-1,Berth-11
PR01434,P006,Rotterdam,Netherlands,Europe,Terminal-2,Berth-12
PR01435,P007,Los Angeles,USA,North America,Terminal-3,Berth-13
PR01436,P001,Chennai,India,South Asia,Terminal-4,Berth-14
PR01437,P002,Mumbai,India,South Asia,Terminal-1,Berth-15
PR01438,P003,Singapore,Singapore,Southeast Asia,Terminal-2,Berth-16
PR01439,P004,Dubai,UAE,Middle East,Terminal-3,Berth-17
PR01440,P005,Colombo,Sri Lanka,South Asia,Terminal-4,Berth-18
PR01441,P006,Rotterdam,Netherlands,Europe,Terminal-1,Berth-1
PR01442,P007,Los Angeles,USA,North America,Terminal-2,Berth-2
PR01443,P001,Chennai,India,South Asia,Terminal-3,Berth-3
PR01444,P002,Mumbai,India,South Asia,Terminal-4,Berth-4
PR01445,P003,Singapore,Singapore,Southeast Asia,Terminal-1,Berth-5
PR01446,P004,Dubai,UAE,Middle East,Terminal-2,Berth-6
PR01447,P005,Colombo,Sri Lanka,South Asia,Terminal-3,Berth-7
PR01448,P006,Rotterdam,Netherlands,Europe,Terminal-4,Berth-8
PR01449,P007,Los Angeles,USA,North America,Terminal-1,Berth-9
PR01450,P001,Chennai,India,South Asia,Terminal-2,Berth-10
PR01451,P002,Mumbai,India,South Asia,Terminal-3,Berth-11
PR01452,P003,Singapore,Singapore,Southeast Asia,Terminal-4,Berth-12
PR01453,P004,Dubai,UAE,Middle East,Terminal-1,Berth-13
PR01454,P005,Colombo,Sri Lanka,South Asia,Terminal-2,Berth-14
PR01455,P006,Rotterdam,Netherlands,Europe,Terminal-3,Berth-15
PR01456,P007,Los Angeles,USA,North America,Terminal-4,Berth-16
PR01457,P001,Chennai,India,South Asia,Terminal-1,Berth-17
PR01458,P002,Mumbai,India,South Asia,Terminal-2,Berth-18
PR01459,P003,Singapore,Singapore,Southeast Asia,Terminal-3,Berth-1
PR01460,P004,Dubai,UAE,Middle East,Terminal-4,Berth-2
PR01461,P005,Colombo,Sri Lanka,South Asia,Terminal-1,Berth-3
PR01462,P006,Rotterdam,Netherlands,Europe,Terminal-2,Berth-4
PR01463,P007,Los Angeles,USA,North America,Terminal-3,Berth-5
PR01464,P001,Chennai,India,South Asia,Terminal-4,Berth-6
PR01465,P002,Mumbai,India,South Asia,Terminal-1,Berth-7
PR01466,P003,Singapore,Singapore,Southeast Asia,Terminal-2,Berth-8
PR01467,P004,Dubai,UAE,Middle East,Terminal-3,Berth-9
PR01468,P005,Colombo,Sri Lanka,South Asia,Terminal-4,Berth-10
PR01469,P006,Rotterdam,Netherlands,Europe,Terminal-1,Berth-11
PR01470,P007,Los Angeles,USA,North America,Terminal-2,Berth-12
PR01471,P001,Chennai,India,South Asia,Terminal-3,Berth-13
PR01472,P002,Mumbai,India,South Asia,Terminal-4,Berth-14
PR01473,P003,Singapore,Singapore,Southeast Asia,Terminal-1,Berth-15
PR01474,P004,Dubai,UAE,Middle East,Terminal-2,Berth-16
PR01475,P005,Colombo,Sri Lanka,South Asia,Terminal-3,Berth-17
PR01476,P006,Rotterdam,Netherlands,Europe,Terminal-4,Berth-18
PR01477,P007,Los Angeles,USA,North America,Terminal-1,Berth-1
PR01478,P001,Chennai,India,South Asia,Terminal-2,Berth-2
PR01479,P002,Mumbai,India,South Asia,Terminal-3,Berth-3
PR01480,P003,Singapore,Singapore,Southeast Asia,Terminal-4,Berth-4
PR01481,P004,Dubai,UAE,Middle East,Terminal-1,Berth-5
PR01482,P005,Colombo,Sri Lanka,South Asia,Terminal-2,Berth-6
PR01483,P006,Rotterdam,Netherlands,Europe,Terminal-3,Berth-7
PR01484,P007,Los Angeles,USA,North America,Terminal-4,Berth-8
PR01485,P001,Chennai,India,South Asia,Terminal-1,Berth-9
PR01486,P002,Mumbai,India,South Asia,Terminal-2,Berth-10
PR01487,P003,Singapore,Singapore,Southeast Asia,Terminal-3,Berth-11
PR01488,P004,Dubai,UAE,Middle East,Terminal-4,Berth-12
PR01489,P005,Colombo,Sri Lanka,South Asia,Terminal-1,Berth-13
PR01490,P006,Rotterdam,Netherlands,Europe,Terminal-2,Berth-14
PR01491,P007,Los Angeles,USA,North America,Terminal-3,Berth-15
PR01492,P001,Chennai,India,South Asia,Terminal-4,Berth-16
PR01493,P002,Mumbai,India,South Asia,Terminal-1,Berth-17
PR01494,P003,Singapore,Singapore,Southeast Asia,Terminal-2,Berth-18
PR01495,P004,Dubai,UAE,Middle East,Terminal-3,Berth-1
PR01496,P005,Colombo,Sri Lanka,South Asia,Terminal-4,Berth-2
PR01497,P006,Rotterdam,Netherlands,Europe,Terminal-1,Berth-3
PR01498,P007,Los Angeles,USA,North America,Terminal-2,Berth-4
PR01499,P001,Chennai,India,South Asia,Terminal-3,Berth-5
PR01500,P002,Mumbai,India,South Asia,Terminal-4,Berth-6
PR01501,P003,Singapore,Singapore,Southeast Asia,Terminal-1,Berth-7
PR01502,P004,Dubai,UAE,Middle East,Terminal-2,Berth-8
PR01503,P005,Colombo,Sri Lanka,South Asia,Terminal-3,Berth-9
PR01504,P006,Rotterdam,Netherlands,Europe,Terminal-4,Berth-10
PR01505,P007,Los Angeles,USA,North America,Terminal-1,Berth-11
PR01506,P001,Chennai,India,South Asia,Terminal-2,Berth-12
PR01507,P002,Mumbai,India,South Asia,Terminal-3,Berth-13
PR01508,P003,Singapore,Singapore,Southeast Asia,Terminal-4,Berth-14
PR01509,P004,Dubai,UAE,Middle East,Terminal-1,Berth-15
PR01510,P005,Colombo,Sri Lanka,South Asia,Terminal-2,Berth-16
PR01511,P006,Rotterdam,Netherlands,Europe,Terminal-3,Berth-17
PR01512,P007,Los Angeles,USA,North America,Terminal-4,Berth-18
PR01513,P001,Chennai,India,South Asia,Terminal-1,Berth-1
PR01514,P002,Mumbai,India,South Asia,Terminal-2,Berth-2
PR01515,P003,Singapore,Singapore,Southeast Asia,Terminal-3,Berth-3
PR01516,P004,Dubai,UAE,Middle East,Terminal-4,Berth-4
PR01517,P005,Colombo,Sri Lanka,South Asia,Terminal-1,Berth-5
PR01518,P006,Rotterdam,Netherlands,Europe,Terminal-2,Berth-6
PR01519,P007,Los Angeles,USA,North America,Terminal-3,Berth-7
PR01520,P001,Chennai,India,South Asia,Terminal-4,Berth-8
PR01521,P002,Mumbai,India,South Asia,Terminal-1,Berth-9
PR01522,P003,Singapore,Singapore,Southeast Asia,Terminal-2,Berth-10
PR01523,P004,Dubai,UAE,Middle East,Terminal-3,Berth-11
PR01524,P005,Colombo,Sri Lanka,South Asia,Terminal-4,Berth-12
PR01525,P006,Rotterdam,Netherlands,Europe,Terminal-1,Berth-13
PR01526,P007,Los Angeles,USA,North America,Terminal-2,Berth-14
PR01527,P001,Chennai,India,South Asia,Terminal-3,Berth-15
PR01528,P002,Mumbai,India,South Asia,Terminal-4,Berth-16
PR01529,P003,Singapore,Singapore,Southeast Asia,Terminal-1,Berth-17
PR01530,P004,Dubai,UAE,Middle East,Terminal-2,Berth-18
PR01531,P005,Colombo,Sri Lanka,South Asia,Terminal-3,Berth-1
PR01532,P006,Rotterdam,Netherlands,Europe,Terminal-4,Berth-2
PR01533,P007,Los Angeles,USA,North America,Terminal-1,Berth-3
PR01534,P001,Chennai,India,South Asia,Terminal-2,Berth-4
PR01535,P002,Mumbai,India,South Asia,Terminal-3,Berth-5
PR01536,P003,Singapore,Singapore,Southeast Asia,Terminal-4,Berth-6
PR01537,P004,Dubai,UAE,Middle East,Terminal-1,Berth-7
PR01538,P005,Colombo,Sri Lanka,South Asia,Terminal-2,Berth-8
PR01539,P006,Rotterdam,Netherlands,Europe,Terminal-3,Berth-9
PR01540,P007,Los Angeles,USA,North America,Terminal-4,Berth-10
PR01541,P001,Chennai,India,South Asia,Terminal-1,Berth-11
PR01542,P002,Mumbai,India,South Asia,Terminal-2,Berth-12
PR01543,P003,Singapore,Singapore,Southeast Asia,Terminal-3,Berth-13
PR01544,P004,Dubai,UAE,Middle East,Terminal-4,Berth-14
PR01545,P005,Colombo,Sri Lanka,South Asia,Terminal-1,Berth-15
PR01546,P006,Rotterdam,Netherlands,Europe,Terminal-2,Berth-16
PR01547,P007,Los Angeles,USA,North America,Terminal-3,Berth-17
PR01548,P001,Chennai,India,South Asia,Terminal-4,Berth-18
PR01549,P002,Mumbai,India,South Asia,Terminal-1,Berth-1
PR01550,P003,Singapore,Singapore,Southeast Asia,Terminal-2,Berth-2
PR01551,P004,Dubai,UAE,Middle East,Terminal-3,Berth-3
PR01552,P005,Colombo,Sri Lanka,South Asia,Terminal-4,Berth-4
PR01553,P006,Rotterdam,Netherlands,Europe,Terminal-1,Berth-5
PR01554,P007,Los Angeles,USA,North America,Terminal-2,Berth-6
PR01555,P001,Chennai,India,South Asia,Terminal-3,Berth-7
PR01556,P002,Mumbai,India,South Asia,Terminal-4,Berth-8
PR01557,P003,Singapore,Singapore,Southeast Asia,Terminal-1,Berth-9
PR01558,P004,Dubai,UAE,Middle East,Terminal-2,Berth-10
PR01559,P005,Colombo,Sri Lanka,South Asia,Terminal-3,Berth-11
PR01560,P006,Rotterdam,Netherlands,Europe,Terminal-4,Berth-12
PR01561,P007,Los Angeles,USA,North America,Terminal-1,Berth-13
PR01562,P001,Chennai,India,South Asia,Terminal-2,Berth-14
PR01563,P002,Mumbai,India,South Asia,Terminal-3,Berth-15
PR01564,P003,Singapore,Singapore,Southeast Asia,Terminal-4,Berth-16
PR01565,P004,Dubai,UAE,Middle East,Terminal-1,Berth-17
PR01566,P005,Colombo,Sri Lanka,South Asia,Terminal-2,Berth-18
PR01567,P006,Rotterdam,Netherlands,Europe,Terminal-3,Berth-1
PR01568,P007,Los Angeles,USA,North America,Terminal-4,Berth-2
PR01569,P001,Chennai,India,South Asia,Terminal-1,Berth-3
PR01570,P002,Mumbai,India,South Asia,Terminal-2,Berth-4
PR01571,P003,Singapore,Singapore,Southeast Asia,Terminal-3,Berth-5
PR01572,P004,Dubai,UAE,Middle East,Terminal-4,Berth-6
PR01573,P005,Colombo,Sri Lanka,South Asia,Terminal-1,Berth-7
PR01574,P006,Rotterdam,Netherlands,Europe,Terminal-2,Berth-8
PR01575,P007,Los Angeles,USA,North America,Terminal-3,Berth-9
PR01576,P001,Chennai,India,South Asia,Terminal-4,Berth-10
PR01577,P002,Mumbai,India,South Asia,Terminal-1,Berth-11
PR01578,P003,Singapore,Singapore,Southeast Asia,Terminal-2,Berth-12
PR01579,P004,Dubai,UAE,Middle East,Terminal-3,Berth-13
PR01580,P005,Colombo,Sri Lanka,South Asia,Terminal-4,Berth-14
PR01581,P006,Rotterdam,Netherlands,Europe,Terminal-1,Berth-15
PR01582,P007,Los Angeles,USA,North America,Terminal-2,Berth-16
PR01583,P001,Chennai,India,South Asia,Terminal-3,Berth-17
PR01584,P002,Mumbai,India,South Asia,Terminal-4,Berth-18
PR01585,P003,Singapore,Singapore,Southeast Asia,Terminal-1,Berth-1
PR01586,P004,Dubai,UAE,Middle East,Terminal-2,Berth-2
PR01587,P005,Colombo,Sri Lanka,South Asia,Terminal-3,Berth-3
PR01588,P006,Rotterdam,Netherlands,Europe,Terminal-4,Berth-4
PR01589,P007,Los Angeles,USA,North America,Terminal-1,Berth-5
PR01590,P001,Chennai,India,South Asia,Terminal-2,Berth-6
PR01591,P002,Mumbai,India,South Asia,Terminal-3,Berth-7
PR01592,P003,Singapore,Singapore,Southeast Asia,Terminal-4,Berth-8
PR01593,P004,Dubai,UAE,Middle East,Terminal-1,Berth-9
PR01594,P005,Colombo,Sri Lanka,South Asia,Terminal-2,Berth-10
PR01595,P006,Rotterdam,Netherlands,Europe,Terminal-3,Berth-11
PR01596,P007,Los Angeles,USA,North America,Terminal-4,Berth-12
PR01597,P001,Chennai,India,South Asia,Terminal-1,Berth-13
PR01598,P002,Mumbai,India,South Asia,Terminal-2,Berth-14
PR01599,P003,Singapore,Singapore,Southeast Asia,Terminal-3,Berth-15
PR01600,P004,Dubai,UAE,Middle East,Terminal-4,Berth-16
PR01601,P005,Colombo,Sri Lanka,South Asia,Terminal-1,Berth-17
PR01602,P006,Rotterdam,Netherlands,Europe,Terminal-2,Berth-18
PR01603,P007,Los Angeles,USA,North America,Terminal-3,Berth-1
PR01604,P001,Chennai,India,South Asia,Terminal-4,Berth-2
PR01605,P002,Mumbai,India,South Asia,Terminal-1,Berth-3
PR01606,P003,Singapore,Singapore,Southeast Asia,Terminal-2,Berth-4
PR01607,P004,Dubai,UAE,Middle East,Terminal-3,Berth-5
PR01608,P005,Colombo,Sri Lanka,South Asia,Terminal-4,Berth-6
PR01609,P006,Rotterdam,Netherlands,Europe,Terminal-1,Berth-7
PR01610,P007,Los Angeles,USA,North America,Terminal-2,Berth-8
PR01611,P001,Chennai,India,South Asia,Terminal-3,Berth-9
PR01612,P002,Mumbai,India,South Asia,Terminal-4,Berth-10
PR01613,P003,Singapore,Singapore,Southeast Asia,Terminal-1,Berth-11
PR01614,P004,Dubai,UAE,Middle East,Terminal-2,Berth-12
PR01615,P005,Colombo,Sri Lanka,South Asia,Terminal-3,Berth-13
PR01616,P006,Rotterdam,Netherlands,Europe,Terminal-4,Berth-14
PR01617,P007,Los Angeles,USA,North America,Terminal-1,Berth-15
PR01618,P001,Chennai,India,South Asia,Terminal-2,Berth-16
PR01619,P002,Mumbai,India,South Asia,Terminal-3,Berth-17
PR01620,P003,Singapore,Singapore,Southeast Asia,Terminal-4,Berth-18
PR01621,P004,Dubai,UAE,Middle East,Terminal-1,Berth-1
PR01622,P005,Colombo,Sri Lanka,South Asia,Terminal-2,Berth-2
PR01623,P006,Rotterdam,Netherlands,Europe,Terminal-3,Berth-3
PR01624,P007,Los Angeles,USA,North America,Terminal-4,Berth-4
PR01625,P001,Chennai,India,South Asia,Terminal-1,Berth-5
PR01626,P002,Mumbai,India,South Asia,Terminal-2,Berth-6
PR01627,P003,Singapore,Singapore,Southeast Asia,Terminal-3,Berth-7
PR01628,P004,Dubai,UAE,Middle East,Terminal-4,Berth-8
PR01629,P005,Colombo,Sri Lanka,South Asia,Terminal-1,Berth-9
PR01630,P006,Rotterdam,Netherlands,Europe,Terminal-2,Berth-10
PR01631,P007,Los Angeles,USA,North America,Terminal-3,Berth-11
PR01632,P001,Chennai,India,South Asia,Terminal-4,Berth-12
PR01633,P002,Mumbai,India,South Asia,Terminal-1,Berth-13
PR01634,P003,Singapore,Singapore,Southeast Asia,Terminal-2,Berth-14
PR01635,P004,Dubai,UAE,Middle East,Terminal-3,Berth-15
PR01636,P005,Colombo,Sri Lanka,South Asia,Terminal-4,Berth-16
PR01637,P006,Rotterdam,Netherlands,Europe,Terminal-1,Berth-17
PR01638,P007,Los Angeles,USA,North America,Terminal-2,Berth-18
PR01639,P001,Chennai,India,South Asia,Terminal-3,Berth-1
PR01640,P002,Mumbai,India,South Asia,Terminal-4,Berth-2
PR01641,P003,Singapore,Singapore,Southeast Asia,Terminal-1,Berth-3
PR01642,P004,Dubai,UAE,Middle East,Terminal-2,Berth-4
PR01643,P005,Colombo,Sri Lanka,South Asia,Terminal-3,Berth-5
PR01644,P006,Rotterdam,Netherlands,Europe,Terminal-4,Berth-6
PR01645,P007,Los Angeles,USA,North America,Terminal-1,Berth-7
PR01646,P001,Chennai,India,South Asia,Terminal-2,Berth-8
PR01647,P002,Mumbai,India,South Asia,Terminal-3,Berth-9
PR01648,P003,Singapore,Singapore,Southeast Asia,Terminal-4,Berth-10
PR01649,P004,Dubai,UAE,Middle East,Terminal-1,Berth-11
PR01650,P005,Colombo,Sri Lanka,South Asia,Terminal-2,Berth-12
PR01651,P006,Rotterdam,Netherlands,Europe,Terminal-3,Berth-13
PR01652,P007,Los Angeles,USA,North America,Terminal-4,Berth-14
PR01653,P001,Chennai,India,South Asia,Terminal-1,Berth-15
PR01654,P002,Mumbai,India,South Asia,Terminal-2,Berth-16
PR01655,P003,Singapore,Singapore,Southeast Asia,Terminal-3,Berth-17
PR01656,P004,Dubai,UAE,Middle East,Terminal-4,Berth-18
PR01657,P005,Colombo,Sri Lanka,South Asia,Terminal-1,Berth-1
PR01658,P006,Rotterdam,Netherlands,Europe,Terminal-2,Berth-2
PR01659,P007,Los Angeles,USA,North America,Terminal-3,Berth-3
PR01660,P001,Chennai,India,South Asia,Terminal-4,Berth-4
PR01661,P002,Mumbai,India,South Asia,Terminal-1,Berth-5
PR01662,P003,Singapore,Singapore,Southeast Asia,Terminal-2,Berth-6
PR01663,P004,Dubai,UAE,Middle East,Terminal-3,Berth-7
PR01664,P005,Colombo,Sri Lanka,South Asia,Terminal-4,Berth-8
PR01665,P006,Rotterdam,Netherlands,Europe,Terminal-1,Berth-9
PR01666,P007,Los Angeles,USA,North America,Terminal-2,Berth-10
PR01667,P001,Chennai,India,South Asia,Terminal-3,Berth-11
PR01668,P002,Mumbai,India,South Asia,Terminal-4,Berth-12
PR01669,P003,Singapore,Singapore,Southeast Asia,Terminal-1,Berth-13
PR01670,P004,Dubai,UAE,Middle East,Terminal-2,Berth-14
PR01671,P005,Colombo,Sri Lanka,South Asia,Terminal-3,Berth-15
PR01672,P006,Rotterdam,Netherlands,Europe,Terminal-4,Berth-16
PR01673,P007,Los Angeles,USA,North America,Terminal-1,Berth-17
PR01674,P001,Chennai,India,South Asia,Terminal-2,Berth-18
PR01675,P002,Mumbai,India,South Asia,Terminal-3,Berth-1
PR01676,P003,Singapore,Singapore,Southeast Asia,Terminal-4,Berth-2
PR01677,P004,Dubai,UAE,Middle East,Terminal-1,Berth-3
PR01678,P005,Colombo,Sri Lanka,South Asia,Terminal-2,Berth-4
PR01679,P006,Rotterdam,Netherlands,Europe,Terminal-3,Berth-5
PR01680,P007,Los Angeles,USA,North America,Terminal-4,Berth-6
PR01681,P001,Chennai,India,South Asia,Terminal-1,Berth-7
PR01682,P002,Mumbai,India,South Asia,Terminal-2,Berth-8
PR01683,P003,Singapore,Singapore,Southeast Asia,Terminal-3,Berth-9
PR01684,P004,Dubai,UAE,Middle East,Terminal-4,Berth-10
PR01685,P005,Colombo,Sri Lanka,South Asia,Terminal-1,Berth-11
PR01686,P006,Rotterdam,Netherlands,Europe,Terminal-2,Berth-12
PR01687,P007,Los Angeles,USA,North America,Terminal-3,Berth-13
PR01688,P001,Chennai,India,South Asia,Terminal-4,Berth-14
PR01689,P002,Mumbai,India,South Asia,Terminal-1,Berth-15
PR01690,P003,Singapore,Singapore,Southeast Asia,Terminal-2,Berth-16
PR01691,P004,Dubai,UAE,Middle East,Terminal-3,Berth-17
PR01692,P005,Colombo,Sri Lanka,South Asia,Terminal-4,Berth-18
PR01693,P006,Rotterdam,Netherlands,Europe,Terminal-1,Berth-1
PR01694,P007,Los Angeles,USA,North America,Terminal-2,Berth-2
PR01695,P001,Chennai,India,South Asia,Terminal-3,Berth-3
PR01696,P002,Mumbai,India,South Asia,Terminal-4,Berth-4
PR01697,P003,Singapore,Singapore,Southeast Asia,Terminal-1,Berth-5
PR01698,P004,Dubai,UAE,Middle East,Terminal-2,Berth-6
PR01699,P005,Colombo,Sri Lanka,South Asia,Terminal-3,Berth-7
PR01700,P006,Rotterdam,Netherlands,Europe,Terminal-4,Berth-8
PR01701,P007,Los Angeles,USA,North America,Terminal-1,Berth-9
PR01702,P001,Chennai,India,South Asia,Terminal-2,Berth-10
PR01703,P002,Mumbai,India,South Asia,Terminal-3,Berth-11
PR01704,P003,Singapore,Singapore,Southeast Asia,Terminal-4,Berth-12
PR01705,P004,Dubai,UAE,Middle East,Terminal-1,Berth-13
PR01706,P005,Colombo,Sri Lanka,South Asia,Terminal-2,Berth-14
PR01707,P006,Rotterdam,Netherlands,Europe,Terminal-3,Berth-15
PR01708,P007,Los Angeles,USA,North America,Terminal-4,Berth-16
PR01709,P001,Chennai,India,South Asia,Terminal-1,Berth-17
PR01710,P002,Mumbai,India,South Asia,Terminal-2,Berth-18
PR01711,P003,Singapore,Singapore,Southeast Asia,Terminal-3,Berth-1
PR01712,P004,Dubai,UAE,Middle East,Terminal-4,Berth-2
PR01713,P005,Colombo,Sri Lanka,South Asia,Terminal-1,Berth-3
PR01714,P006,Rotterdam,Netherlands,Europe,Terminal-2,Berth-4
PR01715,P007,Los Angeles,USA,North America,Terminal-3,Berth-5
PR01716,P001,Chennai,India,South Asia,Terminal-4,Berth-6
PR01717,P002,Mumbai,India,South Asia,Terminal-1,Berth-7
PR01718,P003,Singapore,Singapore,Southeast Asia,Terminal-2,Berth-8
PR01719,P004,Dubai,UAE,Middle East,Terminal-3,Berth-9
PR01720,P005,Colombo,Sri Lanka,South Asia,Terminal-4,Berth-10
PR01721,P006,Rotterdam,Netherlands,Europe,Terminal-1,Berth-11
PR01722,P007,Los Angeles,USA,North America,Terminal-2,Berth-12
PR01723,P001,Chennai,India,South Asia,Terminal-3,Berth-13
PR01724,P002,Mumbai,India,South Asia,Terminal-4,Berth-14
PR01725,P003,Singapore,Singapore,Southeast Asia,Terminal-1,Berth-15
PR01726,P004,Dubai,UAE,Middle East,Terminal-2,Berth-16
PR01727,P005,Colombo,Sri Lanka,South Asia,Terminal-3,Berth-17
PR01728,P006,Rotterdam,Netherlands,Europe,Terminal-4,Berth-18
PR01729,P007,Los Angeles,USA,North America,Terminal-1,Berth-1
PR01730,P001,Chennai,India,South Asia,Terminal-2,Berth-2
PR01731,P002,Mumbai,India,South Asia,Terminal-3,Berth-3
PR01732,P003,Singapore,Singapore,Southeast Asia,Terminal-4,Berth-4
PR01733,P004,Dubai,UAE,Middle East,Terminal-1,Berth-5
PR01734,P005,Colombo,Sri Lanka,South Asia,Terminal-2,Berth-6
PR01735,P006,Rotterdam,Netherlands,Europe,Terminal-3,Berth-7
PR01736,P007,Los Angeles,USA,North America,Terminal-4,Berth-8
PR01737,P001,Chennai,India,South Asia,Terminal-1,Berth-9
PR01738,P002,Mumbai,India,South Asia,Terminal-2,Berth-10
PR01739,P003,Singapore,Singapore,Southeast Asia,Terminal-3,Berth-11
PR01740,P004,Dubai,UAE,Middle East,Terminal-4,Berth-12
PR01741,P005,Colombo,Sri Lanka,South Asia,Terminal-1,Berth-13
PR01742,P006,Rotterdam,Netherlands,Europe,Terminal-2,Berth-14
PR01743,P007,Los Angeles,USA,North America,Terminal-3,Berth-15
PR01744,P001,Chennai,India,South Asia,Terminal-4,Berth-16
PR01745,P002,Mumbai,India,South Asia,Terminal-1,Berth-17
PR01746,P003,Singapore,Singapore,Southeast Asia,Terminal-2,Berth-18
PR01747,P004,Dubai,UAE,Middle East,Terminal-3,Berth-1
PR01748,P005,Colombo,Sri Lanka,South Asia,Terminal-4,Berth-2
PR01749,P006,Rotterdam,Netherlands,Europe,Terminal-1,Berth-3
PR01750,P007,Los Angeles,USA,North America,Terminal-2,Berth-4
PR01751,P001,Chennai,India,South Asia,Terminal-3,Berth-5
PR01752,P002,Mumbai,India,South Asia,Terminal-4,Berth-6
PR01753,P003,Singapore,Singapore,Southeast Asia,Terminal-1,Berth-7
PR01754,P004,Dubai,UAE,Middle East,Terminal-2,Berth-8
PR01755,P005,Colombo,Sri Lanka,South Asia,Terminal-3,Berth-9
PR01756,P006,Rotterdam,Netherlands,Europe,Terminal-4,Berth-10
PR01757,P007,Los Angeles,USA,North America,Terminal-1,Berth-11
PR01758,P001,Chennai,India,South Asia,Terminal-2,Berth-12
PR01759,P002,Mumbai,India,South Asia,Terminal-3,Berth-13
PR01760,P003,Singapore,Singapore,Southeast Asia,Terminal-4,Berth-14
PR01761,P004,Dubai,UAE,Middle East,Terminal-1,Berth-15
PR01762,P005,Colombo,Sri Lanka,South Asia,Terminal-2,Berth-16
PR01763,P006,Rotterdam,Netherlands,Europe,Terminal-3,Berth-17
PR01764,P007,Los Angeles,USA,North America,Terminal-4,Berth-18
PR01765,P001,Chennai,India,South Asia,Terminal-1,Berth-1
PR01766,P002,Mumbai,India,South Asia,Terminal-2,Berth-2
PR01767,P003,Singapore,Singapore,Southeast Asia,Terminal-3,Berth-3
PR01768,P004,Dubai,UAE,Middle East,Terminal-4,Berth-4
PR01769,P005,Colombo,Sri Lanka,South Asia,Terminal-1,Berth-5
PR01770,P006,Rotterdam,Netherlands,Europe,Terminal-2,Berth-6
PR01771,P007,Los Angeles,USA,North America,Terminal-3,Berth-7
PR01772,P001,Chennai,India,South Asia,Terminal-4,Berth-8
PR01773,P002,Mumbai,India,South Asia,Terminal-1,Berth-9
PR01774,P003,Singapore,Singapore,Southeast Asia,Terminal-2,Berth-10
PR01775,P004,Dubai,UAE,Middle East,Terminal-3,Berth-11
PR01776,P005,Colombo,Sri Lanka,South Asia,Terminal-4,Berth-12
PR01777,P006,Rotterdam,Netherlands,Europe,Terminal-1,Berth-13
PR01778,P007,Los Angeles,USA,North America,Terminal-2,Berth-14
PR01779,P001,Chennai,India,South Asia,Terminal-3,Berth-15
PR01780,P002,Mumbai,India,South Asia,Terminal-4,Berth-16
PR01781,P003,Singapore,Singapore,Southeast Asia,Terminal-1,Berth-17
PR01782,P004,Dubai,UAE,Middle East,Terminal-2,Berth-18
PR01783,P005,Colombo,Sri Lanka,South Asia,Terminal-3,Berth-1
PR01784,P006,Rotterdam,Netherlands,Europe,Terminal-4,Berth-2
PR01785,P007,Los Angeles,USA,North America,Terminal-1,Berth-3
PR01786,P001,Chennai,India,South Asia,Terminal-2,Berth-4
PR01787,P002,Mumbai,India,South Asia,Terminal-3,Berth-5
PR01788,P003,Singapore,Singapore,Southeast Asia,Terminal-4,Berth-6
PR01789,P004,Dubai,UAE,Middle East,Terminal-1,Berth-7
PR01790,P005,Colombo,Sri Lanka,South Asia,Terminal-2,Berth-8
PR01791,P006,Rotterdam,Netherlands,Europe,Terminal-3,Berth-9
PR01792,P007,Los Angeles,USA,North America,Terminal-4,Berth-10
PR01793,P001,Chennai,India,South Asia,Terminal-1,Berth-11
PR01794,P002,Mumbai,India,South Asia,Terminal-2,Berth-12
PR01795,P003,Singapore,Singapore,Southeast Asia,Terminal-3,Berth-13
PR01796,P004,Dubai,UAE,Middle East,Terminal-4,Berth-14
PR01797,P005,Colombo,Sri Lanka,South Asia,Terminal-1,Berth-15
PR01798,P006,Rotterdam,Netherlands,Europe,Terminal-2,Berth-16
PR01799,P007,Los Angeles,USA,North America,Terminal-3,Berth-17
PR01800,P001,Chennai,India,South Asia,Terminal-4,Berth-18
PR01801,P002,Mumbai,India,South Asia,Terminal-1,Berth-1
PR01802,P003,Singapore,Singapore,Southeast Asia,Terminal-2,Berth-2
PR01803,P004,Dubai,UAE,Middle East,Terminal-3,Berth-3
PR01804,P005,Colombo,Sri Lanka,South Asia,Terminal-4,Berth-4
PR01805,P006,Rotterdam,Netherlands,Europe,Terminal-1,Berth-5
PR01806,P007,Los Angeles,USA,North America,Terminal-2,Berth-6
PR01807,P001,Chennai,India,South Asia,Terminal-3,Berth-7
PR01808,P002,Mumbai,India,South Asia,Terminal-4,Berth-8
PR01809,P003,Singapore,Singapore,Southeast Asia,Terminal-1,Berth-9
PR01810,P004,Dubai,UAE,Middle East,Terminal-2,Berth-10
PR01811,P005,Colombo,Sri Lanka,South Asia,Terminal-3,Berth-11
PR01812,P006,Rotterdam,Netherlands,Europe,Terminal-4,Berth-12
PR01813,P007,Los Angeles,USA,North America,Terminal-1,Berth-13
PR01814,P001,Chennai,India,South Asia,Terminal-2,Berth-14
PR01815,P002,Mumbai,India,South Asia,Terminal-3,Berth-15
PR01816,P003,Singapore,Singapore,Southeast Asia,Terminal-4,Berth-16
PR01817,P004,Dubai,UAE,Middle East,Terminal-1,Berth-17
PR01818,P005,Colombo,Sri Lanka,South Asia,Terminal-2,Berth-18
PR01819,P006,Rotterdam,Netherlands,Europe,Terminal-3,Berth-1
PR01820,P007,Los Angeles,USA,North America,Terminal-4,Berth-2
PR01821,P001,Chennai,India,South Asia,Terminal-1,Berth-3
PR01822,P002,Mumbai,India,South Asia,Terminal-2,Berth-4
PR01823,P003,Singapore,Singapore,Southeast Asia,Terminal-3,Berth-5
PR01824,P004,Dubai,UAE,Middle East,Terminal-4,Berth-6
PR01825,P005,Colombo,Sri Lanka,South Asia,Terminal-1,Berth-7
PR01826,P006,Rotterdam,Netherlands,Europe,Terminal-2,Berth-8
PR01827,P007,Los Angeles,USA,North America,Terminal-3,Berth-9
PR01828,P001,Chennai,India,South Asia,Terminal-4,Berth-10
PR01829,P002,Mumbai,India,South Asia,Terminal-1,Berth-11
PR01830,P003,Singapore,Singapore,Southeast Asia,Terminal-2,Berth-12
PR01831,P004,Dubai,UAE,Middle East,Terminal-3,Berth-13
PR01832,P005,Colombo,Sri Lanka,South Asia,Terminal-4,Berth-14
PR01833,P006,Rotterdam,Netherlands,Europe,Terminal-1,Berth-15
PR01834,P007,Los Angeles,USA,North America,Terminal-2,Berth-16
PR01835,P001,Chennai,India,South Asia,Terminal-3,Berth-17
PR01836,P002,Mumbai,India,South Asia,Terminal-4,Berth-18
PR01837,P003,Singapore,Singapore,Southeast Asia,Terminal-1,Berth-1
PR01838,P004,Dubai,UAE,Middle East,Terminal-2,Berth-2
PR01839,P005,Colombo,Sri Lanka,South Asia,Terminal-3,Berth-3
PR01840,P006,Rotterdam,Netherlands,Europe,Terminal-4,Berth-4
PR01841,P007,Los Angeles,USA,North America,Terminal-1,Berth-5
PR01842,P001,Chennai,India,South Asia,Terminal-2,Berth-6
PR01843,P002,Mumbai,India,South Asia,Terminal-3,Berth-7
PR01844,P003,Singapore,Singapore,Southeast Asia,Terminal-4,Berth-8
PR01845,P004,Dubai,UAE,Middle East,Terminal-1,Berth-9
PR01846,P005,Colombo,Sri Lanka,South Asia,Terminal-2,Berth-10
PR01847,P006,Rotterdam,Netherlands,Europe,Terminal-3,Berth-11
PR01848,P007,Los Angeles,USA,North America,Terminal-4,Berth-12
PR01849,P001,Chennai,India,South Asia,Terminal-1,Berth-13
PR01850,P002,Mumbai,India,South Asia,Terminal-2,Berth-14
PR01851,P003,Singapore,Singapore,Southeast Asia,Terminal-3,Berth-15
PR01852,P004,Dubai,UAE,Middle East,Terminal-4,Berth-16
PR01853,P005,Colombo,Sri Lanka,South Asia,Terminal-1,Berth-17
PR01854,P006,Rotterdam,Netherlands,Europe,Terminal-2,Berth-18
PR01855,P007,Los Angeles,USA,North America,Terminal-3,Berth-1
PR01856,P001,Chennai,India,South Asia,Terminal-4,Berth-2
PR01857,P002,Mumbai,India,South Asia,Terminal-1,Berth-3
PR01858,P003,Singapore,Singapore,Southeast Asia,Terminal-2,Berth-4
PR01859,P004,Dubai,UAE,Middle East,Terminal-3,Berth-5
PR01860,P005,Colombo,Sri Lanka,South Asia,Terminal-4,Berth-6
PR01861,P006,Rotterdam,Netherlands,Europe,Terminal-1,Berth-7
PR01862,P007,Los Angeles,USA,North America,Terminal-2,Berth-8
PR01863,P001,Chennai,India,South Asia,Terminal-3,Berth-9
PR01864,P002,Mumbai,India,South Asia,Terminal-4,Berth-10
PR01865,P003,Singapore,Singapore,Southeast Asia,Terminal-1,Berth-11
PR01866,P004,Dubai,UAE,Middle East,Terminal-2,Berth-12
PR01867,P005,Colombo,Sri Lanka,South Asia,Terminal-3,Berth-13
PR01868,P006,Rotterdam,Netherlands,Europe,Terminal-4,Berth-14
PR01869,P007,Los Angeles,USA,North America,Terminal-1,Berth-15
PR01870,P001,Chennai,India,South Asia,Terminal-2,Berth-16
PR01871,P002,Mumbai,India,South Asia,Terminal-3,Berth-17
PR01872,P003,Singapore,Singapore,Southeast Asia,Terminal-4,Berth-18
PR01873,P004,Dubai,UAE,Middle East,Terminal-1,Berth-1
PR01874,P005,Colombo,Sri Lanka,South Asia,Terminal-2,Berth-2
PR01875,P006,Rotterdam,Netherlands,Europe,Terminal-3,Berth-3
PR01876,P007,Los Angeles,USA,North America,Terminal-4,Berth-4
PR01877,P001,Chennai,India,South Asia,Terminal-1,Berth-5
PR01878,P002,Mumbai,India,South Asia,Terminal-2,Berth-6
PR01879,P003,Singapore,Singapore,Southeast Asia,Terminal-3,Berth-7
PR01880,P004,Dubai,UAE,Middle East,Terminal-4,Berth-8
PR01881,P005,Colombo,Sri Lanka,South Asia,Terminal-1,Berth-9
PR01882,P006,Rotterdam,Netherlands,Europe,Terminal-2,Berth-10
PR01883,P007,Los Angeles,USA,North America,Terminal-3,Berth-11
PR01884,P001,Chennai,India,South Asia,Terminal-4,Berth-12
PR01885,P002,Mumbai,India,South Asia,Terminal-1,Berth-13
PR01886,P003,Singapore,Singapore,Southeast Asia,Terminal-2,Berth-14
PR01887,P004,Dubai,UAE,Middle East,Terminal-3,Berth-15
PR01888,P005,Colombo,Sri Lanka,South Asia,Terminal-4,Berth-16
PR01889,P006,Rotterdam,Netherlands,Europe,Terminal-1,Berth-17
PR01890,P007,Los Angeles,USA,North America,Terminal-2,Berth-18
PR01891,P001,Chennai,India,South Asia,Terminal-3,Berth-1
PR01892,P002,Mumbai,India,South Asia,Terminal-4,Berth-2
PR01893,P003,Singapore,Singapore,Southeast Asia,Terminal-1,Berth-3
PR01894,P004,Dubai,UAE,Middle East,Terminal-2,Berth-4
PR01895,P005,Colombo,Sri Lanka,South Asia,Terminal-3,Berth-5
PR01896,P006,Rotterdam,Netherlands,Europe,Terminal-4,Berth-6
PR01897,P007,Los Angeles,USA,North America,Terminal-1,Berth-7
PR01898,P001,Chennai,India,South Asia,Terminal-2,Berth-8
PR01899,P002,Mumbai,India,South Asia,Terminal-3,Berth-9
PR01900,P003,Singapore,Singapore,Southeast Asia,Terminal-4,Berth-10
PR01901,P004,Dubai,UAE,Middle East,Terminal-1,Berth-11
PR01902,P005,Colombo,Sri Lanka,South Asia,Terminal-2,Berth-12
PR01903,P006,Rotterdam,Netherlands,Europe,Terminal-3,Berth-13
PR01904,P007,Los Angeles,USA,North America,Terminal-4,Berth-14
PR01905,P001,Chennai,India,South Asia,Terminal-1,Berth-15
PR01906,P002,Mumbai,India,South Asia,Terminal-2,Berth-16
PR01907,P003,Singapore,Singapore,Southeast Asia,Terminal-3,Berth-17
PR01908,P004,Dubai,UAE,Middle East,Terminal-4,Berth-18
PR01909,P005,Colombo,Sri Lanka,South Asia,Terminal-1,Berth-1
PR01910,P006,Rotterdam,Netherlands,Europe,Terminal-2,Berth-2
PR01911,P007,Los Angeles,USA,North America,Terminal-3,Berth-3
PR01912,P001,Chennai,India,South Asia,Terminal-4,Berth-4
PR01913,P002,Mumbai,India,South Asia,Terminal-1,Berth-5
PR01914,P003,Singapore,Singapore,Southeast Asia,Terminal-2,Berth-6
PR01915,P004,Dubai,UAE,Middle East,Terminal-3,Berth-7
PR01916,P005,Colombo,Sri Lanka,South Asia,Terminal-4,Berth-8
PR01917,P006,Rotterdam,Netherlands,Europe,Terminal-1,Berth-9
PR01918,P007,Los Angeles,USA,North America,Terminal-2,Berth-10
PR01919,P001,Chennai,India,South Asia,Terminal-3,Berth-11
PR01920,P002,Mumbai,India,South Asia,Terminal-4,Berth-12
PR01921,P003,Singapore,Singapore,Southeast Asia,Terminal-1,Berth-13
PR01922,P004,Dubai,UAE,Middle East,Terminal-2,Berth-14
PR01923,P005,Colombo,Sri Lanka,South Asia,Terminal-3,Berth-15
PR01924,P006,Rotterdam,Netherlands,Europe,Terminal-4,Berth-16
PR01925,P007,Los Angeles,USA,North America,Terminal-1,Berth-17
PR01926,P001,Chennai,India,South Asia,Terminal-2,Berth-18
PR01927,P002,Mumbai,India,South Asia,Terminal-3,Berth-1
PR01928,P003,Singapore,Singapore,Southeast Asia,Terminal-4,Berth-2
PR01929,P004,Dubai,UAE,Middle East,Terminal-1,Berth-3
PR01930,P005,Colombo,Sri Lanka,South Asia,Terminal-2,Berth-4
PR01931,P006,Rotterdam,Netherlands,Europe,Terminal-3,Berth-5
PR01932,P007,Los Angeles,USA,North America,Terminal-4,Berth-6
PR01933,P001,Chennai,India,South Asia,Terminal-1,Berth-7
PR01934,P002,Mumbai,India,South Asia,Terminal-2,Berth-8
PR01935,P003,Singapore,Singapore,Southeast Asia,Terminal-3,Berth-9
PR01936,P004,Dubai,UAE,Middle East,Terminal-4,Berth-10
PR01937,P005,Colombo,Sri Lanka,South Asia,Terminal-1,Berth-11
PR01938,P006,Rotterdam,Netherlands,Europe,Terminal-2,Berth-12
PR01939,P007,Los Angeles,USA,North America,Terminal-3,Berth-13
PR01940,P001,Chennai,India,South Asia,Terminal-4,Berth-14
PR01941,P002,Mumbai,India,South Asia,Terminal-1,Berth-15
PR01942,P003,Singapore,Singapore,Southeast Asia,Terminal-2,Berth-16
PR01943,P004,Dubai,UAE,Middle East,Terminal-3,Berth-17
PR01944,P005,Colombo,Sri Lanka,South Asia,Terminal-4,Berth-18
PR01945,P006,Rotterdam,Netherlands,Europe,Terminal-1,Berth-1
PR01946,P007,Los Angeles,USA,North America,Terminal-2,Berth-2
PR01947,P001,Chennai,India,South Asia,Terminal-3,Berth-3
PR01948,P002,Mumbai,India,South Asia,Terminal-4,Berth-4
PR01949,P003,Singapore,Singapore,Southeast Asia,Terminal-1,Berth-5
PR01950,P004,Dubai,UAE,Middle East,Terminal-2,Berth-6
PR01951,P005,Colombo,Sri Lanka,South Asia,Terminal-3,Berth-7
PR01952,P006,Rotterdam,Netherlands,Europe,Terminal-4,Berth-8
PR01953,P007,Los Angeles,USA,North America,Terminal-1,Berth-9
PR01954,P001,Chennai,India,South Asia,Terminal-2,Berth-10
PR01955,P002,Mumbai,India,South Asia,Terminal-3,Berth-11
PR01956,P003,Singapore,Singapore,Southeast Asia,Terminal-4,Berth-12
PR01957,P004,Dubai,UAE,Middle East,Terminal-1,Berth-13
PR01958,P005,Colombo,Sri Lanka,South Asia,Terminal-2,Berth-14
PR01959,P006,Rotterdam,Netherlands,Europe,Terminal-3,Berth-15
PR01960,P007,Los Angeles,USA,North America,Terminal-4,Berth-16
PR01961,P001,Chennai,India,South Asia,Terminal-1,Berth-17
PR01962,P002,Mumbai,India,South Asia,Terminal-2,Berth-18
PR01963,P003,Singapore,Singapore,Southeast Asia,Terminal-3,Berth-1
PR01964,P004,Dubai,UAE,Middle East,Terminal-4,Berth-2
PR01965,P005,Colombo,Sri Lanka,South Asia,Terminal-1,Berth-3
PR01966,P006,Rotterdam,Netherlands,Europe,Terminal-2,Berth-4
PR01967,P007,Los Angeles,USA,North America,Terminal-3,Berth-5
PR01968,P001,Chennai,India,South Asia,Terminal-4,Berth-6
PR01969,P002,Mumbai,India,South Asia,Terminal-1,Berth-7
PR01970,P003,Singapore,Singapore,Southeast Asia,Terminal-2,Berth-8
PR01971,P004,Dubai,UAE,Middle East,Terminal-3,Berth-9
PR01972,P005,Colombo,Sri Lanka,South Asia,Terminal-4,Berth-10
PR01973,P006,Rotterdam,Netherlands,Europe,Terminal-1,Berth-11
PR01974,P007,Los Angeles,USA,North America,Terminal-2,Berth-12
PR01975,P001,Chennai,India,South Asia,Terminal-3,Berth-13
PR01976,P002,Mumbai,India,South Asia,Terminal-4,Berth-14
PR01977,P003,Singapore,Singapore,Southeast Asia,Terminal-1,Berth-15
PR01978,P004,Dubai,UAE,Middle East,Terminal-2,Berth-16
PR01979,P005,Colombo,Sri Lanka,South Asia,Terminal-3,Berth-17
PR01980,P006,Rotterdam,Netherlands,Europe,Terminal-4,Berth-18
PR01981,P007,Los Angeles,USA,North America,Terminal-1,Berth-1
PR01982,P001,Chennai,India,South Asia,Terminal-2,Berth-2
PR01983,P002,Mumbai,India,South Asia,Terminal-3,Berth-3
PR01984,P003,Singapore,Singapore,Southeast Asia,Terminal-4,Berth-4
PR01985,P004,Dubai,UAE,Middle East,Terminal-1,Berth-5
PR01986,P005,Colombo,Sri Lanka,South Asia,Terminal-2,Berth-6
PR01987,P006,Rotterdam,Netherlands,Europe,Terminal-3,Berth-7
PR01988,P007,Los Angeles,USA,North America,Terminal-4,Berth-8
PR01989,P001,Chennai,India,South Asia,Terminal-1,Berth-9
PR01990,P002,Mumbai,India,South Asia,Terminal-2,Berth-10
PR01991,P003,Singapore,Singapore,Southeast Asia,Terminal-3,Berth-11
PR01992,P004,Dubai,UAE,Middle East,Terminal-4,Berth-12
PR01993,P005,Colombo,Sri Lanka,South Asia,Terminal-1,Berth-13
PR01994,P006,Rotterdam,Netherlands,Europe,Terminal-2,Berth-14
PR01995,P007,Los Angeles,USA,North America,Terminal-3,Berth-15
PR01996,P001,Chennai,India,South Asia,Terminal-4,Berth-16
PR01997,P002,Mumbai,India,South Asia,Terminal-1,Berth-17
PR01998,P003,Singapore,Singapore,Southeast Asia,Terminal-2,Berth-18
PR01999,P004,Dubai,UAE,Middle East,Terminal-3,Berth-1
PR02000,P005,Colombo,Sri Lanka,South Asia,Terminal-4,Berth-2
PR02001,P006,Rotterdam,Netherlands,Europe,Terminal-1,Berth-3
PR02002,P007,Los Angeles,USA,North America,Terminal-2,Berth-4
PR02003,P001,Chennai,India,South Asia,Terminal-3,Berth-5
PR02004,P002,Mumbai,India,South Asia,Terminal-4,Berth-6
PR02005,P003,Singapore,Singapore,Southeast Asia,Terminal-1,Berth-7
PR02006,P004,Dubai,UAE,Middle East,Terminal-2,Berth-8
PR02007,P005,Colombo,Sri Lanka,South Asia,Terminal-3,Berth-9
PR02008,P006,Rotterdam,Netherlands,Europe,Terminal-4,Berth-10
PR02009,P007,Los Angeles,USA,North America,Terminal-1,Berth-11
PR02010,P001,Chennai,India,South Asia,Terminal-2,Berth-12
PR02011,P002,Mumbai,India,South Asia,Terminal-3,Berth-13
PR02012,P003,Singapore,Singapore,Southeast Asia,Terminal-4,Berth-14
PR02013,P004,Dubai,UAE,Middle East,Terminal-1,Berth-15
PR02014,P005,Colombo,Sri Lanka,South Asia,Terminal-2,Berth-16
PR02015,P006,Rotterdam,Netherlands,Europe,Terminal-3,Berth-17
PR02016,P007,Los Angeles,USA,North America,Terminal-4,Berth-18
PR02017,P001,Chennai,India,South Asia,Terminal-1,Berth-1
PR02018,P002,Mumbai,India,South Asia,Terminal-2,Berth-2
PR02019,P003,Singapore,Singapore,Southeast Asia,Terminal-3,Berth-3
PR02020,P004,Dubai,UAE,Middle East,Terminal-4,Berth-4
PR02021,P005,Colombo,Sri Lanka,South Asia,Terminal-1,Berth-5
PR02022,P006,Rotterdam,Netherlands,Europe,Terminal-2,Berth-6
PR02023,P007,Los Angeles,USA,North America,Terminal-3,Berth-7
PR02024,P001,Chennai,India,South Asia,Terminal-4,Berth-8
PR02025,P002,Mumbai,India,South Asia,Terminal-1,Berth-9
PR02026,P003,Singapore,Singapore,Southeast Asia,Terminal-2,Berth-10
PR02027,P004,Dubai,UAE,Middle East,Terminal-3,Berth-11
PR02028,P005,Colombo,Sri Lanka,South Asia,Terminal-4,Berth-12
PR02029,P006,Rotterdam,Netherlands,Europe,Terminal-1,Berth-13
PR02030,P007,Los Angeles,USA,North America,Terminal-2,Berth-14
PR02031,P001,Chennai,India,South Asia,Terminal-3,Berth-15
PR02032,P002,Mumbai,India,South Asia,Terminal-4,Berth-16
PR02033,P003,Singapore,Singapore,Southeast Asia,Terminal-1,Berth-17
PR02034,P004,Dubai,UAE,Middle East,Terminal-2,Berth-18
PR02035,P005,Colombo,Sri Lanka,South Asia,Terminal-3,Berth-1
PR02036,P006,Rotterdam,Netherlands,Europe,Terminal-4,Berth-2
PR02037,P007,Los Angeles,USA,North America,Terminal-1,Berth-3
PR02038,P001,Chennai,India,South Asia,Terminal-2,Berth-4
PR02039,P002,Mumbai,India,South Asia,Terminal-3,Berth-5
PR02040,P003,Singapore,Singapore,Southeast Asia,Terminal-4,Berth-6
PR02041,P004,Dubai,UAE,Middle East,Terminal-1,Berth-7
PR02042,P005,Colombo,Sri Lanka,South Asia,Terminal-2,Berth-8
PR02043,P006,Rotterdam,Netherlands,Europe,Terminal-3,Berth-9
PR02044,P007,Los Angeles,USA,North America,Terminal-4,Berth-10
PR02045,P001,Chennai,India,South Asia,Terminal-1,Berth-11
PR02046,P002,Mumbai,India,South Asia,Terminal-2,Berth-12
PR02047,P003,Singapore,Singapore,Southeast Asia,Terminal-3,Berth-13
PR02048,P004,Dubai,UAE,Middle East,Terminal-4,Berth-14
PR02049,P005,Colombo,Sri Lanka,South Asia,Terminal-1,Berth-15
PR02050,P006,Rotterdam,Netherlands,Europe,Terminal-2,Berth-16
PR02051,P007,Los Angeles,USA,North America,Terminal-3,Berth-17
PR02052,P001,Chennai,India,South Asia,Terminal-4,Berth-18
PR02053,P002,Mumbai,India,South Asia,Terminal-1,Berth-1
PR02054,P003,Singapore,Singapore,Southeast Asia,Terminal-2,Berth-2
PR02055,P004,Dubai,UAE,Middle East,Terminal-3,Berth-3
PR02056,P005,Colombo,Sri Lanka,South Asia,Terminal-4,Berth-4
PR02057,P006,Rotterdam,Netherlands,Europe,Terminal-1,Berth-5
PR02058,P007,Los Angeles,USA,North America,Terminal-2,Berth-6
PR02059,P001,Chennai,India,South Asia,Terminal-3,Berth-7
PR02060,P002,Mumbai,India,South Asia,Terminal-4,Berth-8
PR02061,P003,Singapore,Singapore,Southeast Asia,Terminal-1,Berth-9
PR02062,P004,Dubai,UAE,Middle East,Terminal-2,Berth-10
PR02063,P005,Colombo,Sri Lanka,South Asia,Terminal-3,Berth-11
PR02064,P006,Rotterdam,Netherlands,Europe,Terminal-4,Berth-12
PR02065,P007,Los Angeles,USA,North America,Terminal-1,Berth-13
PR02066,P001,Chennai,India,South Asia,Terminal-2,Berth-14
PR02067,P002,Mumbai,India,South Asia,Terminal-3,Berth-15
PR02068,P003,Singapore,Singapore,Southeast Asia,Terminal-4,Berth-16
PR02069,P004,Dubai,UAE,Middle East,Terminal-1,Berth-17
PR02070,P005,Colombo,Sri Lanka,South Asia,Terminal-2,Berth-18
PR02071,P006,Rotterdam,Netherlands,Europe,Terminal-3,Berth-1
PR02072,P007,Los Angeles,USA,North America,Terminal-4,Berth-2
PR02073,P001,Chennai,India,South Asia,Terminal-1,Berth-3
PR02074,P002,Mumbai,India,South Asia,Terminal-2,Berth-4
PR02075,P003,Singapore,Singapore,Southeast Asia,Terminal-3,Berth-5
PR02076,P004,Dubai,UAE,Middle East,Terminal-4,Berth-6
PR02077,P005,Colombo,Sri Lanka,South Asia,Terminal-1,Berth-7
PR02078,P006,Rotterdam,Netherlands,Europe,Terminal-2,Berth-8
PR02079,P007,Los Angeles,USA,North America,Terminal-3,Berth-9
PR02080,P001,Chennai,India,South Asia,Terminal-4,Berth-10
PR02081,P002,Mumbai,India,South Asia,Terminal-1,Berth-11
PR02082,P003,Singapore,Singapore,Southeast Asia,Terminal-2,Berth-12
PR02083,P004,Dubai,UAE,Middle East,Terminal-3,Berth-13
PR02084,P005,Colombo,Sri Lanka,South Asia,Terminal-4,Berth-14
PR02085,P006,Rotterdam,Netherlands,Europe,Terminal-1,Berth-15
PR02086,P007,Los Angeles,USA,North America,Terminal-2,Berth-16
PR02087,P001,Chennai,India,South Asia,Terminal-3,Berth-17
PR02088,P002,Mumbai,India,South Asia,Terminal-4,Berth-18
PR02089,P003,Singapore,Singapore,Southeast Asia,Terminal-1,Berth-1
PR02090,P004,Dubai,UAE,Middle East,Terminal-2,Berth-2
PR02091,P005,Colombo,Sri Lanka,South Asia,Terminal-3,Berth-3
PR02092,P006,Rotterdam,Netherlands,Europe,Terminal-4,Berth-4
PR02093,P007,Los Angeles,USA,North America,Terminal-1,Berth-5
PR02094,P001,Chennai,India,South Asia,Terminal-2,Berth-6
PR02095,P002,Mumbai,India,South Asia,Terminal-3,Berth-7
PR02096,P003,Singapore,Singapore,Southeast Asia,Terminal-4,Berth-8
PR02097,P004,Dubai,UAE,Middle East,Terminal-1,Berth-9
PR02098,P005,Colombo,Sri Lanka,South Asia,Terminal-2,Berth-10
PR02099,P006,Rotterdam,Netherlands,Europe,Terminal-3,Berth-11
PR02100,P007,Los Angeles,USA,North America,Terminal-4,Berth-12
PR02101,P001,Chennai,India,South Asia,Terminal-1,Berth-13
PR02102,P002,Mumbai,India,South Asia,Terminal-2,Berth-14
PR02103,P003,Singapore,Singapore,Southeast Asia,Terminal-3,Berth-15
PR02104,P004,Dubai,UAE,Middle East,Terminal-4,Berth-16
PR02105,P005,Colombo,Sri Lanka,South Asia,Terminal-1,Berth-17
PR02106,P006,Rotterdam,Netherlands,Europe,Terminal-2,Berth-18
PR02107,P007,Los Angeles,USA,North America,Terminal-3,Berth-1
PR02108,P001,Chennai,India,South Asia,Terminal-4,Berth-2
PR02109,P002,Mumbai,India,South Asia,Terminal-1,Berth-3
PR02110,P003,Singapore,Singapore,Southeast Asia,Terminal-2,Berth-4
PR02111,P004,Dubai,UAE,Middle East,Terminal-3,Berth-5
PR02112,P005,Colombo,Sri Lanka,South Asia,Terminal-4,Berth-6
PR02113,P006,Rotterdam,Netherlands,Europe,Terminal-1,Berth-7
PR02114,P007,Los Angeles,USA,North America,Terminal-2,Berth-8
PR02115,P001,Chennai,India,South Asia,Terminal-3,Berth-9
PR02116,P002,Mumbai,India,South Asia,Terminal-4,Berth-10
PR02117,P003,Singapore,Singapore,Southeast Asia,Terminal-1,Berth-11
PR02118,P004,Dubai,UAE,Middle East,Terminal-2,Berth-12
PR02119,P005,Colombo,Sri Lanka,South Asia,Terminal-3,Berth-13
PR02120,P006,Rotterdam,Netherlands,Europe,Terminal-4,Berth-14
PR02121,P007,Los Angeles,USA,North America,Terminal-1,Berth-15
PR02122,P001,Chennai,India,South Asia,Terminal-2,Berth-16
PR02123,P002,Mumbai,India,South Asia,Terminal-3,Berth-17
PR02124,P003,Singapore,Singapore,Southeast Asia,Terminal-4,Berth-18
PR02125,P004,Dubai,UAE,Middle East,Terminal-1,Berth-1
PR02126,P005,Colombo,Sri Lanka,South Asia,Terminal-2,Berth-2
PR02127,P006,Rotterdam,Netherlands,Europe,Terminal-3,Berth-3
PR02128,P007,Los Angeles,USA,North America,Terminal-4,Berth-4
PR02129,P001,Chennai,India,South Asia,Terminal-1,Berth-5
PR02130,P002,Mumbai,India,South Asia,Terminal-2,Berth-6
PR02131,P003,Singapore,Singapore,Southeast Asia,Terminal-3,Berth-7
PR02132,P004,Dubai,UAE,Middle East,Terminal-4,Berth-8
PR02133,P005,Colombo,Sri Lanka,South Asia,Terminal-1,Berth-9
PR02134,P006,Rotterdam,Netherlands,Europe,Terminal-2,Berth-10
PR02135,P007,Los Angeles,USA,North America,Terminal-3,Berth-11
PR02136,P001,Chennai,India,South Asia,Terminal-4,Berth-12
PR02137,P002,Mumbai,India,South Asia,Terminal-1,Berth-13
PR02138,P003,Singapore,Singapore,Southeast Asia,Terminal-2,Berth-14
PR02139,P004,Dubai,UAE,Middle East,Terminal-3,Berth-15
PR02140,P005,Colombo,Sri Lanka,South Asia,Terminal-4,Berth-16
PR02141,P006,Rotterdam,Netherlands,Europe,Terminal-1,Berth-17
PR02142,P007,Los Angeles,USA,North America,Terminal-2,Berth-18
PR02143,P001,Chennai,India,South Asia,Terminal-3,Berth-1
PR02144,P002,Mumbai,India,South Asia,Terminal-4,Berth-2
PR02145,P003,Singapore,Singapore,Southeast Asia,Terminal-1,Berth-3
PR02146,P004,Dubai,UAE,Middle East,Terminal-2,Berth-4
PR02147,P005,Colombo,Sri Lanka,South Asia,Terminal-3,Berth-5
PR02148,P006,Rotterdam,Netherlands,Europe,Terminal-4,Berth-6
PR02149,P007,Los Angeles,USA,North America,Terminal-1,Berth-7
PR02150,P001,Chennai,India,South Asia,Terminal-2,Berth-8
PR02151,P002,Mumbai,India,South Asia,Terminal-3,Berth-9
PR02152,P003,Singapore,Singapore,Southeast Asia,Terminal-4,Berth-10
PR02153,P004,Dubai,UAE,Middle East,Terminal-1,Berth-11
PR02154,P005,Colombo,Sri Lanka,South Asia,Terminal-2,Berth-12
PR02155,P006,Rotterdam,Netherlands,Europe,Terminal-3,Berth-13
PR02156,P007,Los Angeles,USA,North America,Terminal-4,Berth-14
PR02157,P001,Chennai,India,South Asia,Terminal-1,Berth-15
PR02158,P002,Mumbai,India,South Asia,Terminal-2,Berth-16
PR02159,P003,Singapore,Singapore,Southeast Asia,Terminal-3,Berth-17
PR02160,P004,Dubai,UAE,Middle East,Terminal-4,Berth-18
PR02161,P005,Colombo,Sri Lanka,South Asia,Terminal-1,Berth-1
PR02162,P006,Rotterdam,Netherlands,Europe,Terminal-2,Berth-2
PR02163,P007,Los Angeles,USA,North America,Terminal-3,Berth-3
PR02164,P001,Chennai,India,South Asia,Terminal-4,Berth-4
PR02165,P002,Mumbai,India,South Asia,Terminal-1,Berth-5
PR02166,P003,Singapore,Singapore,Southeast Asia,Terminal-2,Berth-6
PR02167,P004,Dubai,UAE,Middle East,Terminal-3,Berth-7
PR02168,P005,Colombo,Sri Lanka,South Asia,Terminal-4,Berth-8
PR02169,P006,Rotterdam,Netherlands,Europe,Terminal-1,Berth-9
PR02170,P007,Los Angeles,USA,North America,Terminal-2,Berth-10
PR02171,P001,Chennai,India,South Asia,Terminal-3,Berth-11
PR02172,P002,Mumbai,India,South Asia,Terminal-4,Berth-12
PR02173,P003,Singapore,Singapore,Southeast Asia,Terminal-1,Berth-13
PR02174,P004,Dubai,UAE,Middle East,Terminal-2,Berth-14
PR02175,P005,Colombo,Sri Lanka,South Asia,Terminal-3,Berth-15
PR02176,P006,Rotterdam,Netherlands,Europe,Terminal-4,Berth-16
PR02177,P007,Los Angeles,USA,North America,Terminal-1,Berth-17
PR02178,P001,Chennai,India,South Asia,Terminal-2,Berth-18
PR02179,P002,Mumbai,India,South Asia,Terminal-3,Berth-1
PR02180,P003,Singapore,Singapore,Southeast Asia,Terminal-4,Berth-2
PR02181,P004,Dubai,UAE,Middle East,Terminal-1,Berth-3
PR02182,P005,Colombo,Sri Lanka,South Asia,Terminal-2,Berth-4
PR02183,P006,Rotterdam,Netherlands,Europe,Terminal-3,Berth-5
PR02184,P007,Los Angeles,USA,North America,Terminal-4,Berth-6
PR02185,P001,Chennai,India,South Asia,Terminal-1,Berth-7
PR02186,P002,Mumbai,India,South Asia,Terminal-2,Berth-8
PR02187,P003,Singapore,Singapore,Southeast Asia,Terminal-3,Berth-9
PR02188,P004,Dubai,UAE,Middle East,Terminal-4,Berth-10
PR02189,P005,Colombo,Sri Lanka,South Asia,Terminal-1,Berth-11
PR02190,P006,Rotterdam,Netherlands,Europe,Terminal-2,Berth-12
PR02191,P007,Los Angeles,USA,North America,Terminal-3,Berth-13
PR02192,P001,Chennai,India,South Asia,Terminal-4,Berth-14
PR02193,P002,Mumbai,India,South Asia,Terminal-1,Berth-15
PR02194,P003,Singapore,Singapore,Southeast Asia,Terminal-2,Berth-16
PR02195,P004,Dubai,UAE,Middle East,Terminal-3,Berth-17
PR02196,P005,Colombo,Sri Lanka,South Asia,Terminal-4,Berth-18
PR02197,P006,Rotterdam,Netherlands,Europe,Terminal-1,Berth-1
PR02198,P007,Los Angeles,USA,North America,Terminal-2,Berth-2
PR02199,P001,Chennai,India,South Asia,Terminal-3,Berth-3
PR02200,P002,Mumbai,India,South Asia,Terminal-4,Berth-4
PR02201,P003,Singapore,Singapore,Southeast Asia,Terminal-1,Berth-5
PR02202,P004,Dubai,UAE,Middle East,Terminal-2,Berth-6
PR02203,P005,Colombo,Sri Lanka,South Asia,Terminal-3,Berth-7
PR02204,P006,Rotterdam,Netherlands,Europe,Terminal-4,Berth-8
PR02205,P007,Los Angeles,USA,North America,Terminal-1,Berth-9
PR02206,P001,Chennai,India,South Asia,Terminal-2,Berth-10
PR02207,P002,Mumbai,India,South Asia,Terminal-3,Berth-11
PR02208,P003,Singapore,Singapore,Southeast Asia,Terminal-4,Berth-12
PR02209,P004,Dubai,UAE,Middle East,Terminal-1,Berth-13
PR02210,P005,Colombo,Sri Lanka,South Asia,Terminal-2,Berth-14
PR02211,P006,Rotterdam,Netherlands,Europe,Terminal-3,Berth-15
PR02212,P007,Los Angeles,USA,North America,Terminal-4,Berth-16
PR02213,P001,Chennai,India,South Asia,Terminal-1,Berth-17
PR02214,P002,Mumbai,India,South Asia,Terminal-2,Berth-18
PR02215,P003,Singapore,Singapore,Southeast Asia,Terminal-3,Berth-1
PR02216,P004,Dubai,UAE,Middle East,Terminal-4,Berth-2
PR02217,P005,Colombo,Sri Lanka,South Asia,Terminal-1,Berth-3
PR02218,P006,Rotterdam,Netherlands,Europe,Terminal-2,Berth-4
PR02219,P007,Los Angeles,USA,North America,Terminal-3,Berth-5
PR02220,P001,Chennai,India,South Asia,Terminal-4,Berth-6
PR02221,P002,Mumbai,India,South Asia,Terminal-1,Berth-7
PR02222,P003,Singapore,Singapore,Southeast Asia,Terminal-2,Berth-8
PR02223,P004,Dubai,UAE,Middle East,Terminal-3,Berth-9
PR02224,P005,Colombo,Sri Lanka,South Asia,Terminal-4,Berth-10
PR02225,P006,Rotterdam,Netherlands,Europe,Terminal-1,Berth-11
PR02226,P007,Los Angeles,USA,North America,Terminal-2,Berth-12
PR02227,P001,Chennai,India,South Asia,Terminal-3,Berth-13
PR02228,P002,Mumbai,India,South Asia,Terminal-4,Berth-14
PR02229,P003,Singapore,Singapore,Southeast Asia,Terminal-1,Berth-15
PR02230,P004,Dubai,UAE,Middle East,Terminal-2,Berth-16
PR02231,P005,Colombo,Sri Lanka,South Asia,Terminal-3,Berth-17
PR02232,P006,Rotterdam,Netherlands,Europe,Terminal-4,Berth-18
PR02233,P007,Los Angeles,USA,North America,Terminal-1,Berth-1
PR02234,P001,Chennai,India,South Asia,Terminal-2,Berth-2
PR02235,P002,Mumbai,India,South Asia,Terminal-3,Berth-3
PR02236,P003,Singapore,Singapore,Southeast Asia,Terminal-4,Berth-4
PR02237,P004,Dubai,UAE,Middle East,Terminal-1,Berth-5
PR02238,P005,Colombo,Sri Lanka,South Asia,Terminal-2,Berth-6
PR02239,P006,Rotterdam,Netherlands,Europe,Terminal-3,Berth-7
PR02240,P007,Los Angeles,USA,North America,Terminal-4,Berth-8
PR02241,P001,Chennai,India,South Asia,Terminal-1,Berth-9
PR02242,P002,Mumbai,India,South Asia,Terminal-2,Berth-10
PR02243,P003,Singapore,Singapore,Southeast Asia,Terminal-3,Berth-11
PR02244,P004,Dubai,UAE,Middle East,Terminal-4,Berth-12
PR02245,P005,Colombo,Sri Lanka,South Asia,Terminal-1,Berth-13
PR02246,P006,Rotterdam,Netherlands,Europe,Terminal-2,Berth-14
PR02247,P007,Los Angeles,USA,North America,Terminal-3,Berth-15
PR02248,P001,Chennai,India,South Asia,Terminal-4,Berth-16
PR02249,P002,Mumbai,India,South Asia,Terminal-1,Berth-17
PR02250,P003,Singapore,Singapore,Southeast Asia,Terminal-2,Berth-18
PR02251,P004,Dubai,UAE,Middle East,Terminal-3,Berth-1
PR02252,P005,Colombo,Sri Lanka,South Asia,Terminal-4,Berth-2
PR02253,P006,Rotterdam,Netherlands,Europe,Terminal-1,Berth-3
PR02254,P007,Los Angeles,USA,North America,Terminal-2,Berth-4
PR02255,P001,Chennai,India,South Asia,Terminal-3,Berth-5
PR02256,P002,Mumbai,India,South Asia,Terminal-4,Berth-6
PR02257,P003,Singapore,Singapore,Southeast Asia,Terminal-1,Berth-7
PR02258,P004,Dubai,UAE,Middle East,Terminal-2,Berth-8
PR02259,P005,Colombo,Sri Lanka,South Asia,Terminal-3,Berth-9
PR02260,P006,Rotterdam,Netherlands,Europe,Terminal-4,Berth-10
PR02261,P007,Los Angeles,USA,North America,Terminal-1,Berth-11
PR02262,P001,Chennai,India,South Asia,Terminal-2,Berth-12
PR02263,P002,Mumbai,India,South Asia,Terminal-3,Berth-13
PR02264,P003,Singapore,Singapore,Southeast Asia,Terminal-4,Berth-14
PR02265,P004,Dubai,UAE,Middle East,Terminal-1,Berth-15
PR02266,P005,Colombo,Sri Lanka,South Asia,Terminal-2,Berth-16
PR02267,P006,Rotterdam,Netherlands,Europe,Terminal-3,Berth-17
PR02268,P007,Los Angeles,USA,North America,Terminal-4,Berth-18
PR02269,P001,Chennai,India,South Asia,Terminal-1,Berth-1
PR02270,P002,Mumbai,India,South Asia,Terminal-2,Berth-2
PR02271,P003,Singapore,Singapore,Southeast Asia,Terminal-3,Berth-3
PR02272,P004,Dubai,UAE,Middle East,Terminal-4,Berth-4
PR02273,P005,Colombo,Sri Lanka,South Asia,Terminal-1,Berth-5
PR02274,P006,Rotterdam,Netherlands,Europe,Terminal-2,Berth-6
PR02275,P007,Los Angeles,USA,North America,Terminal-3,Berth-7
PR02276,P001,Chennai,India,South Asia,Terminal-4,Berth-8
PR02277,P002,Mumbai,India,South Asia,Terminal-1,Berth-9
PR02278,P003,Singapore,Singapore,Southeast Asia,Terminal-2,Berth-10
PR02279,P004,Dubai,UAE,Middle East,Terminal-3,Berth-11
PR02280,P005,Colombo,Sri Lanka,South Asia,Terminal-4,Berth-12
PR02281,P006,Rotterdam,Netherlands,Europe,Terminal-1,Berth-13
PR02282,P007,Los Angeles,USA,North America,Terminal-2,Berth-14
PR02283,P001,Chennai,India,South Asia,Terminal-3,Berth-15
PR02284,P002,Mumbai,India,South Asia,Terminal-4,Berth-16
PR02285,P003,Singapore,Singapore,Southeast Asia,Terminal-1,Berth-17
PR02286,P004,Dubai,UAE,Middle East,Terminal-2,Berth-18
PR02287,P005,Colombo,Sri Lanka,South Asia,Terminal-3,Berth-1
PR02288,P006,Rotterdam,Netherlands,Europe,Terminal-4,Berth-2
PR02289,P007,Los Angeles,USA,North America,Terminal-1,Berth-3
PR02290,P001,Chennai,India,South Asia,Terminal-2,Berth-4
PR02291,P002,Mumbai,India,South Asia,Terminal-3,Berth-5
PR02292,P003,Singapore,Singapore,Southeast Asia,Terminal-4,Berth-6
PR02293,P004,Dubai,UAE,Middle East,Terminal-1,Berth-7
PR02294,P005,Colombo,Sri Lanka,South Asia,Terminal-2,Berth-8
PR02295,P006,Rotterdam,Netherlands,Europe,Terminal-3,Berth-9
PR02296,P007,Los Angeles,USA,North America,Terminal-4,Berth-10
PR02297,P001,Chennai,India,South Asia,Terminal-1,Berth-11
PR02298,P002,Mumbai,India,South Asia,Terminal-2,Berth-12
PR02299,P003,Singapore,Singapore,Southeast Asia,Terminal-3,Berth-13
PR02300,P004,Dubai,UAE,Middle East,Terminal-4,Berth-14
PR02301,P005,Colombo,Sri Lanka,South Asia,Terminal-1,Berth-15
PR02302,P006,Rotterdam,Netherlands,Europe,Terminal-2,Berth-16
PR02303,P007,Los Angeles,USA,North America,Terminal-3,Berth-17
PR02304,P001,Chennai,India,South Asia,Terminal-4,Berth-18
PR02305,P002,Mumbai,India,South Asia,Terminal-1,Berth-1
PR02306,P003,Singapore,Singapore,Southeast Asia,Terminal-2,Berth-2
PR02307,P004,Dubai,UAE,Middle East,Terminal-3,Berth-3
PR02308,P005,Colombo,Sri Lanka,South Asia,Terminal-4,Berth-4
PR02309,P006,Rotterdam,Netherlands,Europe,Terminal-1,Berth-5
PR02310,P007,Los Angeles,USA,North America,Terminal-2,Berth-6
PR02311,P001,Chennai,India,South Asia,Terminal-3,Berth-7
PR02312,P002,Mumbai,India,South Asia,Terminal-4,Berth-8
PR02313,P003,Singapore,Singapore,Southeast Asia,Terminal-1,Berth-9
PR02314,P004,Dubai,UAE,Middle East,Terminal-2,Berth-10
PR02315,P005,Colombo,Sri Lanka,South Asia,Terminal-3,Berth-11
PR02316,P006,Rotterdam,Netherlands,Europe,Terminal-4,Berth-12
PR02317,P007,Los Angeles,USA,North America,Terminal-1,Berth-13
PR02318,P001,Chennai,India,South Asia,Terminal-2,Berth-14
PR02319,P002,Mumbai,India,South Asia,Terminal-3,Berth-15
PR02320,P003,Singapore,Singapore,Southeast Asia,Terminal-4,Berth-16
PR02321,P004,Dubai,UAE,Middle East,Terminal-1,Berth-17
PR02322,P005,Colombo,Sri Lanka,South Asia,Terminal-2,Berth-18
PR02323,P006,Rotterdam,Netherlands,Europe,Terminal-3,Berth-1
PR02324,P007,Los Angeles,USA,North America,Terminal-4,Berth-2
PR02325,P001,Chennai,India,South Asia,Terminal-1,Berth-3
PR02326,P002,Mumbai,India,South Asia,Terminal-2,Berth-4
PR02327,P003,Singapore,Singapore,Southeast Asia,Terminal-3,Berth-5
PR02328,P004,Dubai,UAE,Middle East,Terminal-4,Berth-6
PR02329,P005,Colombo,Sri Lanka,South Asia,Terminal-1,Berth-7
PR02330,P006,Rotterdam,Netherlands,Europe,Terminal-2,Berth-8
PR02331,P007,Los Angeles,USA,North America,Terminal-3,Berth-9
PR02332,P001,Chennai,India,South Asia,Terminal-4,Berth-10
PR02333,P002,Mumbai,India,South Asia,Terminal-1,Berth-11
PR02334,P003,Singapore,Singapore,Southeast Asia,Terminal-2,Berth-12
PR02335,P004,Dubai,UAE,Middle East,Terminal-3,Berth-13
PR02336,P005,Colombo,Sri Lanka,South Asia,Terminal-4,Berth-14
PR02337,P006,Rotterdam,Netherlands,Europe,Terminal-1,Berth-15
PR02338,P007,Los Angeles,USA,North America,Terminal-2,Berth-16
PR02339,P001,Chennai,India,South Asia,Terminal-3,Berth-17
PR02340,P002,Mumbai,India,South Asia,Terminal-4,Berth-18
PR02341,P003,Singapore,Singapore,Southeast Asia,Terminal-1,Berth-1
PR02342,P004,Dubai,UAE,Middle East,Terminal-2,Berth-2
PR02343,P005,Colombo,Sri Lanka,South Asia,Terminal-3,Berth-3
PR02344,P006,Rotterdam,Netherlands,Europe,Terminal-4,Berth-4
PR02345,P007,Los Angeles,USA,North America,Terminal-1,Berth-5
PR02346,P001,Chennai,India,South Asia,Terminal-2,Berth-6
PR02347,P002,Mumbai,India,South Asia,Terminal-3,Berth-7
PR02348,P003,Singapore,Singapore,Southeast Asia,Terminal-4,Berth-8
PR02349,P004,Dubai,UAE,Middle East,Terminal-1,Berth-9
PR02350,P005,Colombo,Sri Lanka,South Asia,Terminal-2,Berth-10
PR02351,P006,Rotterdam,Netherlands,Europe,Terminal-3,Berth-11
PR02352,P007,Los Angeles,USA,North America,Terminal-4,Berth-12
PR02353,P001,Chennai,India,South Asia,Terminal-1,Berth-13
PR02354,P002,Mumbai,India,South Asia,Terminal-2,Berth-14
PR02355,P003,Singapore,Singapore,Southeast Asia,Terminal-3,Berth-15
PR02356,P004,Dubai,UAE,Middle East,Terminal-4,Berth-16
PR02357,P005,Colombo,Sri Lanka,South Asia,Terminal-1,Berth-17
PR02358,P006,Rotterdam,Netherlands,Europe,Terminal-2,Berth-18
PR02359,P007,Los Angeles,USA,North America,Terminal-3,Berth-1
PR02360,P001,Chennai,India,South Asia,Terminal-4,Berth-2
PR02361,P002,Mumbai,India,South Asia,Terminal-1,Berth-3
PR02362,P003,Singapore,Singapore,Southeast Asia,Terminal-2,Berth-4
PR02363,P004,Dubai,UAE,Middle East,Terminal-3,Berth-5
PR02364,P005,Colombo,Sri Lanka,South Asia,Terminal-4,Berth-6
PR02365,P006,Rotterdam,Netherlands,Europe,Terminal-1,Berth-7
PR02366,P007,Los Angeles,USA,North America,Terminal-2,Berth-8
PR02367,P001,Chennai,India,South Asia,Terminal-3,Berth-9
PR02368,P002,Mumbai,India,South Asia,Terminal-4,Berth-10
PR02369,P003,Singapore,Singapore,Southeast Asia,Terminal-1,Berth-11
PR02370,P004,Dubai,UAE,Middle East,Terminal-2,Berth-12
PR02371,P005,Colombo,Sri Lanka,South Asia,Terminal-3,Berth-13
PR02372,P006,Rotterdam,Netherlands,Europe,Terminal-4,Berth-14
PR02373,P007,Los Angeles,USA,North America,Terminal-1,Berth-15
PR02374,P001,Chennai,India,South Asia,Terminal-2,Berth-16
PR02375,P002,Mumbai,India,South Asia,Terminal-3,Berth-17
PR02376,P003,Singapore,Singapore,Southeast Asia,Terminal-4,Berth-18
PR02377,P004,Dubai,UAE,Middle East,Terminal-1,Berth-1
PR02378,P005,Colombo,Sri Lanka,South Asia,Terminal-2,Berth-2
PR02379,P006,Rotterdam,Netherlands,Europe,Terminal-3,Berth-3
PR02380,P007,Los Angeles,USA,North America,Terminal-4,Berth-4
PR02381,P001,Chennai,India,South Asia,Terminal-1,Berth-5
PR02382,P002,Mumbai,India,South Asia,Terminal-2,Berth-6
PR02383,P003,Singapore,Singapore,Southeast Asia,Terminal-3,Berth-7
PR02384,P004,Dubai,UAE,Middle East,Terminal-4,Berth-8
PR02385,P005,Colombo,Sri Lanka,South Asia,Terminal-1,Berth-9
PR02386,P006,Rotterdam,Netherlands,Europe,Terminal-2,Berth-10
PR02387,P007,Los Angeles,USA,North America,Terminal-3,Berth-11
PR02388,P001,Chennai,India,South Asia,Terminal-4,Berth-12
PR02389,P002,Mumbai,India,South Asia,Terminal-1,Berth-13
PR02390,P003,Singapore,Singapore,Southeast Asia,Terminal-2,Berth-14
PR02391,P004,Dubai,UAE,Middle East,Terminal-3,Berth-15
PR02392,P005,Colombo,Sri Lanka,South Asia,Terminal-4,Berth-16
PR02393,P006,Rotterdam,Netherlands,Europe,Terminal-1,Berth-17
PR02394,P007,Los Angeles,USA,North America,Terminal-2,Berth-18
PR02395,P001,Chennai,India,South Asia,Terminal-3,Berth-1
PR02396,P002,Mumbai,India,South Asia,Terminal-4,Berth-2
PR02397,P003,Singapore,Singapore,Southeast Asia,Terminal-1,Berth-3
PR02398,P004,Dubai,UAE,Middle East,Terminal-2,Berth-4
PR02399,P005,Colombo,Sri Lanka,South Asia,Terminal-3,Berth-5
PR02400,P006,Rotterdam,Netherlands,Europe,Terminal-4,Berth-6
PR02401,P007,Los Angeles,USA,North America,Terminal-1,Berth-7
PR02402,P001,Chennai,India,South Asia,Terminal-2,Berth-8
PR02403,P002,Mumbai,India,South Asia,Terminal-3,Berth-9
PR02404,P003,Singapore,Singapore,Southeast Asia,Terminal-4,Berth-10
PR02405,P004,Dubai,UAE,Middle East,Terminal-1,Berth-11
PR02406,P005,Colombo,Sri Lanka,South Asia,Terminal-2,Berth-12
PR02407,P006,Rotterdam,Netherlands,Europe,Terminal-3,Berth-13
PR02408,P007,Los Angeles,USA,North America,Terminal-4,Berth-14
PR02409,P001,Chennai,India,South Asia,Terminal-1,Berth-15
PR02410,P002,Mumbai,India,South Asia,Terminal-2,Berth-16
PR02411,P003,Singapore,Singapore,Southeast Asia,Terminal-3,Berth-17
PR02412,P004,Dubai,UAE,Middle East,Terminal-4,Berth-18
PR02413,P005,Colombo,Sri Lanka,South Asia,Terminal-1,Berth-1
PR02414,P006,Rotterdam,Netherlands,Europe,Terminal-2,Berth-2
PR02415,P007,Los Angeles,USA,North America,Terminal-3,Berth-3
PR02416,P001,Chennai,India,South Asia,Terminal-4,Berth-4
PR02417,P002,Mumbai,India,South Asia,Terminal-1,Berth-5
PR02418,P003,Singapore,Singapore,Southeast Asia,Terminal-2,Berth-6
PR02419,P004,Dubai,UAE,Middle East,Terminal-3,Berth-7
PR02420,P005,Colombo,Sri Lanka,South Asia,Terminal-4,Berth-8
PR02421,P006,Rotterdam,Netherlands,Europe,Terminal-1,Berth-9
PR02422,P007,Los Angeles,USA,North America,Terminal-2,Berth-10
PR02423,P001,Chennai,India,South Asia,Terminal-3,Berth-11
PR02424,P002,Mumbai,India,South Asia,Terminal-4,Berth-12
PR02425,P003,Singapore,Singapore,Southeast Asia,Terminal-1,Berth-13
PR02426,P004,Dubai,UAE,Middle East,Terminal-2,Berth-14
PR02427,P005,Colombo,Sri Lanka,South Asia,Terminal-3,Berth-15
PR02428,P006,Rotterdam,Netherlands,Europe,Terminal-4,Berth-16
PR02429,P007,Los Angeles,USA,North America,Terminal-1,Berth-17
PR02430,P001,Chennai,India,South Asia,Terminal-2,Berth-18
PR02431,P002,Mumbai,India,South Asia,Terminal-3,Berth-1
PR02432,P003,Singapore,Singapore,Southeast Asia,Terminal-4,Berth-2
PR02433,P004,Dubai,UAE,Middle East,Terminal-1,Berth-3
PR02434,P005,Colombo,Sri Lanka,South Asia,Terminal-2,Berth-4
PR02435,P006,Rotterdam,Netherlands,Europe,Terminal-3,Berth-5
PR02436,P007,Los Angeles,USA,North America,Terminal-4,Berth-6
PR02437,P001,Chennai,India,South Asia,Terminal-1,Berth-7
PR02438,P002,Mumbai,India,South Asia,Terminal-2,Berth-8
PR02439,P003,Singapore,Singapore,Southeast Asia,Terminal-3,Berth-9
PR02440,P004,Dubai,UAE,Middle East,Terminal-4,Berth-10
PR02441,P005,Colombo,Sri Lanka,South Asia,Terminal-1,Berth-11
PR02442,P006,Rotterdam,Netherlands,Europe,Terminal-2,Berth-12
PR02443,P007,Los Angeles,USA,North America,Terminal-3,Berth-13
PR02444,P001,Chennai,India,South Asia,Terminal-4,Berth-14
PR02445,P002,Mumbai,India,South Asia,Terminal-1,Berth-15
PR02446,P003,Singapore,Singapore,Southeast Asia,Terminal-2,Berth-16
PR02447,P004,Dubai,UAE,Middle East,Terminal-3,Berth-17
PR02448,P005,Colombo,Sri Lanka,South Asia,Terminal-4,Berth-18
PR02449,P006,Rotterdam,Netherlands,Europe,Terminal-1,Berth-1
PR02450,P007,Los Angeles,USA,North America,Terminal-2,Berth-2
PR02451,P001,Chennai,India,South Asia,Terminal-3,Berth-3
PR02452,P002,Mumbai,India,South Asia,Terminal-4,Berth-4
PR02453,P003,Singapore,Singapore,Southeast Asia,Terminal-1,Berth-5
PR02454,P004,Dubai,UAE,Middle East,Terminal-2,Berth-6
PR02455,P005,Colombo,Sri Lanka,South Asia,Terminal-3,Berth-7
PR02456,P006,Rotterdam,Netherlands,Europe,Terminal-4,Berth-8
PR02457,P007,Los Angeles,USA,North America,Terminal-1,Berth-9
PR02458,P001,Chennai,India,South Asia,Terminal-2,Berth-10
PR02459,P002,Mumbai,India,South Asia,Terminal-3,Berth-11
PR02460,P003,Singapore,Singapore,Southeast Asia,Terminal-4,Berth-12
PR02461,P004,Dubai,UAE,Middle East,Terminal-1,Berth-13
PR02462,P005,Colombo,Sri Lanka,South Asia,Terminal-2,Berth-14
PR02463,P006,Rotterdam,Netherlands,Europe,Terminal-3,Berth-15
PR02464,P007,Los Angeles,USA,North America,Terminal-4,Berth-16
PR02465,P001,Chennai,India,South Asia,Terminal-1,Berth-17
PR02466,P002,Mumbai,India,South Asia,Terminal-2,Berth-18
PR02467,P003,Singapore,Singapore,Southeast Asia,Terminal-3,Berth-1
PR02468,P004,Dubai,UAE,Middle East,Terminal-4,Berth-2
PR02469,P005,Colombo,Sri Lanka,South Asia,Terminal-1,Berth-3
PR02470,P006,Rotterdam,Netherlands,Europe,Terminal-2,Berth-4
PR02471,P007,Los Angeles,USA,North America,Terminal-3,Berth-5
PR02472,P001,Chennai,India,South Asia,Terminal-4,Berth-6
PR02473,P002,Mumbai,India,South Asia,Terminal-1,Berth-7
PR02474,P003,Singapore,Singapore,Southeast Asia,Terminal-2,Berth-8
PR02475,P004,Dubai,UAE,Middle East,Terminal-3,Berth-9
PR02476,P005,Colombo,Sri Lanka,South Asia,Terminal-4,Berth-10
PR02477,P006,Rotterdam,Netherlands,Europe,Terminal-1,Berth-11
PR02478,P007,Los Angeles,USA,North America,Terminal-2,Berth-12
PR02479,P001,Chennai,India,South Asia,Terminal-3,Berth-13
PR02480,P002,Mumbai,India,South Asia,Terminal-4,Berth-14
PR02481,P003,Singapore,Singapore,Southeast Asia,Terminal-1,Berth-15
PR02482,P004,Dubai,UAE,Middle East,Terminal-2,Berth-16
PR02483,P005,Colombo,Sri Lanka,South Asia,Terminal-3,Berth-17
PR02484,P006,Rotterdam,Netherlands,Europe,Terminal-4,Berth-18
PR02485,P007,Los Angeles,USA,North America,Terminal-1,Berth-1
PR02486,P001,Chennai,India,South Asia,Terminal-2,Berth-2
PR02487,P002,Mumbai,India,South Asia,Terminal-3,Berth-3
PR02488,P003,Singapore,Singapore,Southeast Asia,Terminal-4,Berth-4
PR02489,P004,Dubai,UAE,Middle East,Terminal-1,Berth-5
PR02490,P005,Colombo,Sri Lanka,South Asia,Terminal-2,Berth-6
PR02491,P006,Rotterdam,Netherlands,Europe,Terminal-3,Berth-7
PR02492,P007,Los Angeles,USA,North America,Terminal-4,Berth-8
PR02493,P001,Chennai,India,South Asia,Terminal-1,Berth-9
PR02494,P002,Mumbai,India,South Asia,Terminal-2,Berth-10
PR02495,P003,Singapore,Singapore,Southeast Asia,Terminal-3,Berth-11
PR02496,P004,Dubai,UAE,Middle East,Terminal-4,Berth-12
PR02497,P005,Colombo,Sri Lanka,South Asia,Terminal-1,Berth-13
PR02498,P006,Rotterdam,Netherlands,Europe,Terminal-2,Berth-14
PR02499,P007,Los Angeles,USA,North America,Terminal-3,Berth-15
PR02500,P001,Chennai,India,South Asia,Terminal-4,Berth-16
PR02501,P002,Mumbai,India,South Asia,Terminal-1,Berth-17
PR02502,P003,Singapore,Singapore,Southeast Asia,Terminal-2,Berth-18
PR02503,P004,Dubai,UAE,Middle East,Terminal-3,Berth-1
PR02504,P005,Colombo,Sri Lanka,South Asia,Terminal-4,Berth-2
PR02505,P006,Rotterdam,Netherlands,Europe,Terminal-1,Berth-3
PR02506,P007,Los Angeles,USA,North America,Terminal-2,Berth-4
PR02507,P001,Chennai,India,South Asia,Terminal-3,Berth-5
PR02508,P002,Mumbai,India,South Asia,Terminal-4,Berth-6
PR02509,P003,Singapore,Singapore,Southeast Asia,Terminal-1,Berth-7
PR02510,P004,Dubai,UAE,Middle East,Terminal-2,Berth-8
PR02511,P005,Colombo,Sri Lanka,South Asia,Terminal-3,Berth-9
PR02512,P006,Rotterdam,Netherlands,Europe,Terminal-4,Berth-10
PR02513,P007,Los Angeles,USA,North America,Terminal-1,Berth-11
PR02514,P001,Chennai,India,South Asia,Terminal-2,Berth-12
PR02515,P002,Mumbai,India,South Asia,Terminal-3,Berth-13
PR02516,P003,Singapore,Singapore,Southeast Asia,Terminal-4,Berth-14
PR02517,P004,Dubai,UAE,Middle East,Terminal-1,Berth-15
PR02518,P005,Colombo,Sri Lanka,South Asia,Terminal-2,Berth-16
PR02519,P006,Rotterdam,Netherlands,Europe,Terminal-3,Berth-17
PR02520,P007,Los Angeles,USA,North America,Terminal-4,Berth-18
PR02521,P001,Chennai,India,South Asia,Terminal-1,Berth-1
PR02522,P002,Mumbai,India,South Asia,Terminal-2,Berth-2
PR02523,P003,Singapore,Singapore,Southeast Asia,Terminal-3,Berth-3
PR02524,P004,Dubai,UAE,Middle East,Terminal-4,Berth-4
PR02525,P005,Colombo,Sri Lanka,South Asia,Terminal-1,Berth-5
PR02526,P006,Rotterdam,Netherlands,Europe,Terminal-2,Berth-6
PR02527,P007,Los Angeles,USA,North America,Terminal-3,Berth-7
PR02528,P001,Chennai,India,South Asia,Terminal-4,Berth-8
PR02529,P002,Mumbai,India,South Asia,Terminal-1,Berth-9
PR02530,P003,Singapore,Singapore,Southeast Asia,Terminal-2,Berth-10
PR02531,P004,Dubai,UAE,Middle East,Terminal-3,Berth-11
PR02532,P005,Colombo,Sri Lanka,South Asia,Terminal-4,Berth-12
PR02533,P006,Rotterdam,Netherlands,Europe,Terminal-1,Berth-13
PR02534,P007,Los Angeles,USA,North America,Terminal-2,Berth-14
PR02535,P001,Chennai,India,South Asia,Terminal-3,Berth-15
PR02536,P002,Mumbai,India,South Asia,Terminal-4,Berth-16
PR02537,P003,Singapore,Singapore,Southeast Asia,Terminal-1,Berth-17
PR02538,P004,Dubai,UAE,Middle East,Terminal-2,Berth-18
PR02539,P005,Colombo,Sri Lanka,South Asia,Terminal-3,Berth-1
PR02540,P006,Rotterdam,Netherlands,Europe,Terminal-4,Berth-2
PR02541,P007,Los Angeles,USA,North America,Terminal-1,Berth-3
PR02542,P001,Chennai,India,South Asia,Terminal-2,Berth-4
PR02543,P002,Mumbai,India,South Asia,Terminal-3,Berth-5
PR02544,P003,Singapore,Singapore,Southeast Asia,Terminal-4,Berth-6
PR02545,P004,Dubai,UAE,Middle East,Terminal-1,Berth-7
PR02546,P005,Colombo,Sri Lanka,South Asia,Terminal-2,Berth-8
PR02547,P006,Rotterdam,Netherlands,Europe,Terminal-3,Berth-9
PR02548,P007,Los Angeles,USA,North America,Terminal-4,Berth-10
PR02549,P001,Chennai,India,South Asia,Terminal-1,Berth-11
PR02550,P002,Mumbai,India,South Asia,Terminal-2,Berth-12
PR02551,P003,Singapore,Singapore,Southeast Asia,Terminal-3,Berth-13
PR02552,P004,Dubai,UAE,Middle East,Terminal-4,Berth-14
PR02553,P005,Colombo,Sri Lanka,South Asia,Terminal-1,Berth-15
PR02554,P006,Rotterdam,Netherlands,Europe,Terminal-2,Berth-16
PR02555,P007,Los Angeles,USA,North America,Terminal-3,Berth-17
PR02556,P001,Chennai,India,South Asia,Terminal-4,Berth-18
PR02557,P002,Mumbai,India,South Asia,Terminal-1,Berth-1
PR02558,P003,Singapore,Singapore,Southeast Asia,Terminal-2,Berth-2
PR02559,P004,Dubai,UAE,Middle East,Terminal-3,Berth-3
PR02560,P005,Colombo,Sri Lanka,South Asia,Terminal-4,Berth-4
PR02561,P006,Rotterdam,Netherlands,Europe,Terminal-1,Berth-5
PR02562,P007,Los Angeles,USA,North America,Terminal-2,Berth-6
PR02563,P001,Chennai,India,South Asia,Terminal-3,Berth-7
PR02564,P002,Mumbai,India,South Asia,Terminal-4,Berth-8
PR02565,P003,Singapore,Singapore,Southeast Asia,Terminal-1,Berth-9
PR02566,P004,Dubai,UAE,Middle East,Terminal-2,Berth-10
PR02567,P005,Colombo,Sri Lanka,South Asia,Terminal-3,Berth-11
PR02568,P006,Rotterdam,Netherlands,Europe,Terminal-4,Berth-12
PR02569,P007,Los Angeles,USA,North America,Terminal-1,Berth-13
PR02570,P001,Chennai,India,South Asia,Terminal-2,Berth-14
PR02571,P002,Mumbai,India,South Asia,Terminal-3,Berth-15
PR02572,P003,Singapore,Singapore,Southeast Asia,Terminal-4,Berth-16
PR02573,P004,Dubai,UAE,Middle East,Terminal-1,Berth-17
PR02574,P005,Colombo,Sri Lanka,South Asia,Terminal-2,Berth-18
PR02575,P006,Rotterdam,Netherlands,Europe,Terminal-3,Berth-1
PR02576,P007,Los Angeles,USA,North America,Terminal-4,Berth-2
PR02577,P001,Chennai,India,South Asia,Terminal-1,Berth-3
PR02578,P002,Mumbai,India,South Asia,Terminal-2,Berth-4
PR02579,P003,Singapore,Singapore,Southeast Asia,Terminal-3,Berth-5
PR02580,P004,Dubai,UAE,Middle East,Terminal-4,Berth-6
PR02581,P005,Colombo,Sri Lanka,South Asia,Terminal-1,Berth-7
PR02582,P006,Rotterdam,Netherlands,Europe,Terminal-2,Berth-8
PR02583,P007,Los Angeles,USA,North America,Terminal-3,Berth-9
PR02584,P001,Chennai,India,South Asia,Terminal-4,Berth-10
PR02585,P002,Mumbai,India,South Asia,Terminal-1,Berth-11
PR02586,P003,Singapore,Singapore,Southeast Asia,Terminal-2,Berth-12
PR02587,P004,Dubai,UAE,Middle East,Terminal-3,Berth-13
PR02588,P005,Colombo,Sri Lanka,South Asia,Terminal-4,Berth-14
PR02589,P006,Rotterdam,Netherlands,Europe,Terminal-1,Berth-15
PR02590,P007,Los Angeles,USA,North America,Terminal-2,Berth-16
PR02591,P001,Chennai,India,South Asia,Terminal-3,Berth-17
PR02592,P002,Mumbai,India,South Asia,Terminal-4,Berth-18
PR02593,P003,Singapore,Singapore,Southeast Asia,Terminal-1,Berth-1
PR02594,P004,Dubai,UAE,Middle East,Terminal-2,Berth-2
PR02595,P005,Colombo,Sri Lanka,South Asia,Terminal-3,Berth-3
PR02596,P006,Rotterdam,Netherlands,Europe,Terminal-4,Berth-4
PR02597,P007,Los Angeles,USA,North America,Terminal-1,Berth-5
PR02598,P001,Chennai,India,South Asia,Terminal-2,Berth-6
PR02599,P002,Mumbai,India,South Asia,Terminal-3,Berth-7
PR02600,P003,Singapore,Singapore,Southeast Asia,Terminal-4,Berth-8
PR02601,P004,Dubai,UAE,Middle East,Terminal-1,Berth-9
PR02602,P005,Colombo,Sri Lanka,South Asia,Terminal-2,Berth-10
PR02603,P006,Rotterdam,Netherlands,Europe,Terminal-3,Berth-11
PR02604,P007,Los Angeles,USA,North America,Terminal-4,Berth-12
PR02605,P001,Chennai,India,South Asia,Terminal-1,Berth-13
PR02606,P002,Mumbai,India,South Asia,Terminal-2,Berth-14
PR02607,P003,Singapore,Singapore,Southeast Asia,Terminal-3,Berth-15
PR02608,P004,Dubai,UAE,Middle East,Terminal-4,Berth-16
PR02609,P005,Colombo,Sri Lanka,South Asia,Terminal-1,Berth-17
PR02610,P006,Rotterdam,Netherlands,Europe,Terminal-2,Berth-18
PR02611,P007,Los Angeles,USA,North America,Terminal-3,Berth-1
PR02612,P001,Chennai,India,South Asia,Terminal-4,Berth-2
PR02613,P002,Mumbai,India,South Asia,Terminal-1,Berth-3
PR02614,P003,Singapore,Singapore,Southeast Asia,Terminal-2,Berth-4
PR02615,P004,Dubai,UAE,Middle East,Terminal-3,Berth-5
PR02616,P005,Colombo,Sri Lanka,South Asia,Terminal-4,Berth-6
PR02617,P006,Rotterdam,Netherlands,Europe,Terminal-1,Berth-7
PR02618,P007,Los Angeles,USA,North America,Terminal-2,Berth-8
PR02619,P001,Chennai,India,South Asia,Terminal-3,Berth-9
PR02620,P002,Mumbai,India,South Asia,Terminal-4,Berth-10
PR02621,P003,Singapore,Singapore,Southeast Asia,Terminal-1,Berth-11
PR02622,P004,Dubai,UAE,Middle East,Terminal-2,Berth-12
PR02623,P005,Colombo,Sri Lanka,South Asia,Terminal-3,Berth-13
PR02624,P006,Rotterdam,Netherlands,Europe,Terminal-4,Berth-14
PR02625,P007,Los Angeles,USA,North America,Terminal-1,Berth-15
PR02626,P001,Chennai,India,South Asia,Terminal-2,Berth-16
PR02627,P002,Mumbai,India,South Asia,Terminal-3,Berth-17
PR02628,P003,Singapore,Singapore,Southeast Asia,Terminal-4,Berth-18
PR02629,P004,Dubai,UAE,Middle East,Terminal-1,Berth-1
PR02630,P005,Colombo,Sri Lanka,South Asia,Terminal-2,Berth-2
PR02631,P006,Rotterdam,Netherlands,Europe,Terminal-3,Berth-3
PR02632,P007,Los Angeles,USA,North America,Terminal-4,Berth-4
PR02633,P001,Chennai,India,South Asia,Terminal-1,Berth-5
PR02634,P002,Mumbai,India,South Asia,Terminal-2,Berth-6
PR02635,P003,Singapore,Singapore,Southeast Asia,Terminal-3,Berth-7
PR02636,P004,Dubai,UAE,Middle East,Terminal-4,Berth-8
PR02637,P005,Colombo,Sri Lanka,South Asia,Terminal-1,Berth-9
PR02638,P006,Rotterdam,Netherlands,Europe,Terminal-2,Berth-10
PR02639,P007,Los Angeles,USA,North America,Terminal-3,Berth-11
PR02640,P001,Chennai,India,South Asia,Terminal-4,Berth-12
PR02641,P002,Mumbai,India,South Asia,Terminal-1,Berth-13
PR02642,P003,Singapore,Singapore,Southeast Asia,Terminal-2,Berth-14
PR02643,P004,Dubai,UAE,Middle East,Terminal-3,Berth-15
PR02644,P005,Colombo,Sri Lanka,South Asia,Terminal-4,Berth-16
PR02645,P006,Rotterdam,Netherlands,Europe,Terminal-1,Berth-17
PR02646,P007,Los Angeles,USA,North America,Terminal-2,Berth-18
PR02647,P001,Chennai,India,South Asia,Terminal-3,Berth-1
PR02648,P002,Mumbai,India,South Asia,Terminal-4,Berth-2
PR02649,P003,Singapore,Singapore,Southeast Asia,Terminal-1,Berth-3
PR02650,P004,Dubai,UAE,Middle East,Terminal-2,Berth-4
PR02651,P005,Colombo,Sri Lanka,South Asia,Terminal-3,Berth-5
PR02652,P006,Rotterdam,Netherlands,Europe,Terminal-4,Berth-6
PR02653,P007,Los Angeles,USA,North America,Terminal-1,Berth-7
PR02654,P001,Chennai,India,South Asia,Terminal-2,Berth-8
PR02655,P002,Mumbai,India,South Asia,Terminal-3,Berth-9
PR02656,P003,Singapore,Singapore,Southeast Asia,Terminal-4,Berth-10
PR02657,P004,Dubai,UAE,Middle East,Terminal-1,Berth-11
PR02658,P005,Colombo,Sri Lanka,South Asia,Terminal-2,Berth-12
PR02659,P006,Rotterdam,Netherlands,Europe,Terminal-3,Berth-13
PR02660,P007,Los Angeles,USA,North America,Terminal-4,Berth-14
PR02661,P001,Chennai,India,South Asia,Terminal-1,Berth-15
PR02662,P002,Mumbai,India,South Asia,Terminal-2,Berth-16
PR02663,P003,Singapore,Singapore,Southeast Asia,Terminal-3,Berth-17
PR02664,P004,Dubai,UAE,Middle East,Terminal-4,Berth-18
PR02665,P005,Colombo,Sri Lanka,South Asia,Terminal-1,Berth-1
PR02666,P006,Rotterdam,Netherlands,Europe,Terminal-2,Berth-2
PR02667,P007,Los Angeles,USA,North America,Terminal-3,Berth-3
PR02668,P001,Chennai,India,South Asia,Terminal-4,Berth-4
PR02669,P002,Mumbai,India,South Asia,Terminal-1,Berth-5
PR02670,P003,Singapore,Singapore,Southeast Asia,Terminal-2,Berth-6
PR02671,P004,Dubai,UAE,Middle East,Terminal-3,Berth-7
PR02672,P005,Colombo,Sri Lanka,South Asia,Terminal-4,Berth-8
PR02673,P006,Rotterdam,Netherlands,Europe,Terminal-1,Berth-9
PR02674,P007,Los Angeles,USA,North America,Terminal-2,Berth-10
PR02675,P001,Chennai,India,South Asia,Terminal-3,Berth-11
PR02676,P002,Mumbai,India,South Asia,Terminal-4,Berth-12
PR02677,P003,Singapore,Singapore,Southeast Asia,Terminal-1,Berth-13
PR02678,P004,Dubai,UAE,Middle East,Terminal-2,Berth-14
PR02679,P005,Colombo,Sri Lanka,South Asia,Terminal-3,Berth-15
PR02680,P006,Rotterdam,Netherlands,Europe,Terminal-4,Berth-16
PR02681,P007,Los Angeles,USA,North America,Terminal-1,Berth-17
PR02682,P001,Chennai,India,South Asia,Terminal-2,Berth-18
PR02683,P002,Mumbai,India,South Asia,Terminal-3,Berth-1
PR02684,P003,Singapore,Singapore,Southeast Asia,Terminal-4,Berth-2
PR02685,P004,Dubai,UAE,Middle East,Terminal-1,Berth-3
PR02686,P005,Colombo,Sri Lanka,South Asia,Terminal-2,Berth-4
PR02687,P006,Rotterdam,Netherlands,Europe,Terminal-3,Berth-5
PR02688,P007,Los Angeles,USA,North America,Terminal-4,Berth-6
PR02689,P001,Chennai,India,South Asia,Terminal-1,Berth-7
PR02690,P002,Mumbai,India,South Asia,Terminal-2,Berth-8
PR02691,P003,Singapore,Singapore,Southeast Asia,Terminal-3,Berth-9
PR02692,P004,Dubai,UAE,Middle East,Terminal-4,Berth-10
PR02693,P005,Colombo,Sri Lanka,South Asia,Terminal-1,Berth-11
PR02694,P006,Rotterdam,Netherlands,Europe,Terminal-2,Berth-12
PR02695,P007,Los Angeles,USA,North America,Terminal-3,Berth-13
PR02696,P001,Chennai,India,South Asia,Terminal-4,Berth-14
PR02697,P002,Mumbai,India,South Asia,Terminal-1,Berth-15
PR02698,P003,Singapore,Singapore,Southeast Asia,Terminal-2,Berth-16
PR02699,P004,Dubai,UAE,Middle East,Terminal-3,Berth-17
PR02700,P005,Colombo,Sri Lanka,South Asia,Terminal-4,Berth-18
PR02701,P006,Rotterdam,Netherlands,Europe,Terminal-1,Berth-1
PR02702,P007,Los Angeles,USA,North America,Terminal-2,Berth-2
PR02703,P001,Chennai,India,South Asia,Terminal-3,Berth-3
PR02704,P002,Mumbai,India,South Asia,Terminal-4,Berth-4
PR02705,P003,Singapore,Singapore,Southeast Asia,Terminal-1,Berth-5
PR02706,P004,Dubai,UAE,Middle East,Terminal-2,Berth-6
PR02707,P005,Colombo,Sri Lanka,South Asia,Terminal-3,Berth-7
PR02708,P006,Rotterdam,Netherlands,Europe,Terminal-4,Berth-8
PR02709,P007,Los Angeles,USA,North America,Terminal-1,Berth-9
PR02710,P001,Chennai,India,South Asia,Terminal-2,Berth-10
PR02711,P002,Mumbai,India,South Asia,Terminal-3,Berth-11
PR02712,P003,Singapore,Singapore,Southeast Asia,Terminal-4,Berth-12
PR02713,P004,Dubai,UAE,Middle East,Terminal-1,Berth-13
PR02714,P005,Colombo,Sri Lanka,South Asia,Terminal-2,Berth-14
PR02715,P006,Rotterdam,Netherlands,Europe,Terminal-3,Berth-15
PR02716,P007,Los Angeles,USA,North America,Terminal-4,Berth-16
PR02717,P001,Chennai,India,South Asia,Terminal-1,Berth-17
PR02718,P002,Mumbai,India,South Asia,Terminal-2,Berth-18
PR02719,P003,Singapore,Singapore,Southeast Asia,Terminal-3,Berth-1
PR02720,P004,Dubai,UAE,Middle East,Terminal-4,Berth-2
PR02721,P005,Colombo,Sri Lanka,South Asia,Terminal-1,Berth-3
PR02722,P006,Rotterdam,Netherlands,Europe,Terminal-2,Berth-4
PR02723,P007,Los Angeles,USA,North America,Terminal-3,Berth-5
PR02724,P001,Chennai,India,South Asia,Terminal-4,Berth-6
PR02725,P002,Mumbai,India,South Asia,Terminal-1,Berth-7
PR02726,P003,Singapore,Singapore,Southeast Asia,Terminal-2,Berth-8
PR02727,P004,Dubai,UAE,Middle East,Terminal-3,Berth-9
PR02728,P005,Colombo,Sri Lanka,South Asia,Terminal-4,Berth-10
PR02729,P006,Rotterdam,Netherlands,Europe,Terminal-1,Berth-11
PR02730,P007,Los Angeles,USA,North America,Terminal-2,Berth-12
PR02731,P001,Chennai,India,South Asia,Terminal-3,Berth-13
PR02732,P002,Mumbai,India,South Asia,Terminal-4,Berth-14
PR02733,P003,Singapore,Singapore,Southeast Asia,Terminal-1,Berth-15
PR02734,P004,Dubai,UAE,Middle East,Terminal-2,Berth-16
PR02735,P005,Colombo,Sri Lanka,South Asia,Terminal-3,Berth-17
PR02736,P006,Rotterdam,Netherlands,Europe,Terminal-4,Berth-18
PR02737,P007,Los Angeles,USA,North America,Terminal-1,Berth-1
PR02738,P001,Chennai,India,South Asia,Terminal-2,Berth-2
PR02739,P002,Mumbai,India,South Asia,Terminal-3,Berth-3
PR02740,P003,Singapore,Singapore,Southeast Asia,Terminal-4,Berth-4
PR02741,P004,Dubai,UAE,Middle East,Terminal-1,Berth-5
PR02742,P005,Colombo,Sri Lanka,South Asia,Terminal-2,Berth-6
PR02743,P006,Rotterdam,Netherlands,Europe,Terminal-3,Berth-7
PR02744,P007,Los Angeles,USA,North America,Terminal-4,Berth-8
PR02745,P001,Chennai,India,South Asia,Terminal-1,Berth-9
PR02746,P002,Mumbai,India,South Asia,Terminal-2,Berth-10
PR02747,P003,Singapore,Singapore,Southeast Asia,Terminal-3,Berth-11
PR02748,P004,Dubai,UAE,Middle East,Terminal-4,Berth-12
PR02749,P005,Colombo,Sri Lanka,South Asia,Terminal-1,Berth-13
PR02750,P006,Rotterdam,Netherlands,Europe,Terminal-2,Berth-14
PR02751,P007,Los Angeles,USA,North America,Terminal-3,Berth-15
PR02752,P001,Chennai,India,South Asia,Terminal-4,Berth-16
PR02753,P002,Mumbai,India,South Asia,Terminal-1,Berth-17
PR02754,P003,Singapore,Singapore,Southeast Asia,Terminal-2,Berth-18
PR02755,P004,Dubai,UAE,Middle East,Terminal-3,Berth-1
PR02756,P005,Colombo,Sri Lanka,South Asia,Terminal-4,Berth-2
PR02757,P006,Rotterdam,Netherlands,Europe,Terminal-1,Berth-3
PR02758,P007,Los Angeles,USA,North America,Terminal-2,Berth-4
PR02759,P001,Chennai,India,South Asia,Terminal-3,Berth-5
PR02760,P002,Mumbai,India,South Asia,Terminal-4,Berth-6
PR02761,P003,Singapore,Singapore,Southeast Asia,Terminal-1,Berth-7
PR02762,P004,Dubai,UAE,Middle East,Terminal-2,Berth-8
PR02763,P005,Colombo,Sri Lanka,South Asia,Terminal-3,Berth-9
PR02764,P006,Rotterdam,Netherlands,Europe,Terminal-4,Berth-10
PR02765,P007,Los Angeles,USA,North America,Terminal-1,Berth-11
PR02766,P001,Chennai,India,South Asia,Terminal-2,Berth-12
PR02767,P002,Mumbai,India,South Asia,Terminal-3,Berth-13
PR02768,P003,Singapore,Singapore,Southeast Asia,Terminal-4,Berth-14
PR02769,P004,Dubai,UAE,Middle East,Terminal-1,Berth-15
PR02770,P005,Colombo,Sri Lanka,South Asia,Terminal-2,Berth-16
PR02771,P006,Rotterdam,Netherlands,Europe,Terminal-3,Berth-17
PR02772,P007,Los Angeles,USA,North America,Terminal-4,Berth-18
PR02773,P001,Chennai,India,South Asia,Terminal-1,Berth-1
PR02774,P002,Mumbai,India,South Asia,Terminal-2,Berth-2
PR02775,P003,Singapore,Singapore,Southeast Asia,Terminal-3,Berth-3
PR02776,P004,Dubai,UAE,Middle East,Terminal-4,Berth-4
PR02777,P005,Colombo,Sri Lanka,South Asia,Terminal-1,Berth-5
PR02778,P006,Rotterdam,Netherlands,Europe,Terminal-2,Berth-6
PR02779,P007,Los Angeles,USA,North America,Terminal-3,Berth-7
PR02780,P001,Chennai,India,South Asia,Terminal-4,Berth-8
PR02781,P002,Mumbai,India,South Asia,Terminal-1,Berth-9
PR02782,P003,Singapore,Singapore,Southeast Asia,Terminal-2,Berth-10
PR02783,P004,Dubai,UAE,Middle East,Terminal-3,Berth-11
PR02784,P005,Colombo,Sri Lanka,South Asia,Terminal-4,Berth-12
PR02785,P006,Rotterdam,Netherlands,Europe,Terminal-1,Berth-13
PR02786,P007,Los Angeles,USA,North America,Terminal-2,Berth-14
PR02787,P001,Chennai,India,South Asia,Terminal-3,Berth-15
PR02788,P002,Mumbai,India,South Asia,Terminal-4,Berth-16
PR02789,P003,Singapore,Singapore,Southeast Asia,Terminal-1,Berth-17
PR02790,P004,Dubai,UAE,Middle East,Terminal-2,Berth-18
PR02791,P005,Colombo,Sri Lanka,South Asia,Terminal-3,Berth-1
PR02792,P006,Rotterdam,Netherlands,Europe,Terminal-4,Berth-2
PR02793,P007,Los Angeles,USA,North America,Terminal-1,Berth-3
PR02794,P001,Chennai,India,South Asia,Terminal-2,Berth-4
PR02795,P002,Mumbai,India,South Asia,Terminal-3,Berth-5
PR02796,P003,Singapore,Singapore,Southeast Asia,Terminal-4,Berth-6
PR02797,P004,Dubai,UAE,Middle East,Terminal-1,Berth-7
PR02798,P005,Colombo,Sri Lanka,South Asia,Terminal-2,Berth-8
PR02799,P006,Rotterdam,Netherlands,Europe,Terminal-3,Berth-9
PR02800,P007,Los Angeles,USA,North America,Terminal-4,Berth-10
PR02801,P001,Chennai,India,South Asia,Terminal-1,Berth-11
PR02802,P002,Mumbai,India,South Asia,Terminal-2,Berth-12
PR02803,P003,Singapore,Singapore,Southeast Asia,Terminal-3,Berth-13
PR02804,P004,Dubai,UAE,Middle East,Terminal-4,Berth-14
PR02805,P005,Colombo,Sri Lanka,South Asia,Terminal-1,Berth-15
PR02806,P006,Rotterdam,Netherlands,Europe,Terminal-2,Berth-16
PR02807,P007,Los Angeles,USA,North America,Terminal-3,Berth-17
PR02808,P001,Chennai,India,South Asia,Terminal-4,Berth-18
PR02809,P002,Mumbai,India,South Asia,Terminal-1,Berth-1
PR02810,P003,Singapore,Singapore,Southeast Asia,Terminal-2,Berth-2
PR02811,P004,Dubai,UAE,Middle East,Terminal-3,Berth-3
PR02812,P005,Colombo,Sri Lanka,South Asia,Terminal-4,Berth-4
PR02813,P006,Rotterdam,Netherlands,Europe,Terminal-1,Berth-5
PR02814,P007,Los Angeles,USA,North America,Terminal-2,Berth-6
PR02815,P001,Chennai,India,South Asia,Terminal-3,Berth-7
PR02816,P002,Mumbai,India,South Asia,Terminal-4,Berth-8
PR02817,P003,Singapore,Singapore,Southeast Asia,Terminal-1,Berth-9
PR02818,P004,Dubai,UAE,Middle East,Terminal-2,Berth-10
PR02819,P005,Colombo,Sri Lanka,South Asia,Terminal-3,Berth-11
PR02820,P006,Rotterdam,Netherlands,Europe,Terminal-4,Berth-12
PR02821,P007,Los Angeles,USA,North America,Terminal-1,Berth-13
PR02822,P001,Chennai,India,South Asia,Terminal-2,Berth-14
PR02823,P002,Mumbai,India,South Asia,Terminal-3,Berth-15
PR02824,P003,Singapore,Singapore,Southeast Asia,Terminal-4,Berth-16
PR02825,P004,Dubai,UAE,Middle East,Terminal-1,Berth-17
PR02826,P005,Colombo,Sri Lanka,South Asia,Terminal-2,Berth-18
PR02827,P006,Rotterdam,Netherlands,Europe,Terminal-3,Berth-1
PR02828,P007,Los Angeles,USA,North America,Terminal-4,Berth-2
PR02829,P001,Chennai,India,South Asia,Terminal-1,Berth-3
PR02830,P002,Mumbai,India,South Asia,Terminal-2,Berth-4
PR02831,P003,Singapore,Singapore,Southeast Asia,Terminal-3,Berth-5
PR02832,P004,Dubai,UAE,Middle East,Terminal-4,Berth-6
PR02833,P005,Colombo,Sri Lanka,South Asia,Terminal-1,Berth-7
PR02834,P006,Rotterdam,Netherlands,Europe,Terminal-2,Berth-8
PR02835,P007,Los Angeles,USA,North America,Terminal-3,Berth-9
PR02836,P001,Chennai,India,South Asia,Terminal-4,Berth-10
PR02837,P002,Mumbai,India,South Asia,Terminal-1,Berth-11
PR02838,P003,Singapore,Singapore,Southeast Asia,Terminal-2,Berth-12
PR02839,P004,Dubai,UAE,Middle East,Terminal-3,Berth-13
PR02840,P005,Colombo,Sri Lanka,South Asia,Terminal-4,Berth-14
PR02841,P006,Rotterdam,Netherlands,Europe,Terminal-1,Berth-15
PR02842,P007,Los Angeles,USA,North America,Terminal-2,Berth-16
PR02843,P001,Chennai,India,South Asia,Terminal-3,Berth-17
PR02844,P002,Mumbai,India,South Asia,Terminal-4,Berth-18
PR02845,P003,Singapore,Singapore,Southeast Asia,Terminal-1,Berth-1
PR02846,P004,Dubai,UAE,Middle East,Terminal-2,Berth-2
PR02847,P005,Colombo,Sri Lanka,South Asia,Terminal-3,Berth-3
PR02848,P006,Rotterdam,Netherlands,Europe,Terminal-4,Berth-4
PR02849,P007,Los Angeles,USA,North America,Terminal-1,Berth-5
PR02850,P001,Chennai,India,South Asia,Terminal-2,Berth-6
PR02851,P002,Mumbai,India,South Asia,Terminal-3,Berth-7
PR02852,P003,Singapore,Singapore,Southeast Asia,Terminal-4,Berth-8
PR02853,P004,Dubai,UAE,Middle East,Terminal-1,Berth-9
PR02854,P005,Colombo,Sri Lanka,South Asia,Terminal-2,Berth-10
PR02855,P006,Rotterdam,Netherlands,Europe,Terminal-3,Berth-11
PR02856,P007,Los Angeles,USA,North America,Terminal-4,Berth-12
PR02857,P001,Chennai,India,South Asia,Terminal-1,Berth-13
PR02858,P002,Mumbai,India,South Asia,Terminal-2,Berth-14
PR02859,P003,Singapore,Singapore,Southeast Asia,Terminal-3,Berth-15
PR02860,P004,Dubai,UAE,Middle East,Terminal-4,Berth-16
PR02861,P005,Colombo,Sri Lanka,South Asia,Terminal-1,Berth-17
PR02862,P006,Rotterdam,Netherlands,Europe,Terminal-2,Berth-18
PR02863,P007,Los Angeles,USA,North America,Terminal-3,Berth-1
PR02864,P001,Chennai,India,South Asia,Terminal-4,Berth-2
PR02865,P002,Mumbai,India,South Asia,Terminal-1,Berth-3
PR02866,P003,Singapore,Singapore,Southeast Asia,Terminal-2,Berth-4
PR02867,P004,Dubai,UAE,Middle East,Terminal-3,Berth-5
PR02868,P005,Colombo,Sri Lanka,South Asia,Terminal-4,Berth-6
PR02869,P006,Rotterdam,Netherlands,Europe,Terminal-1,Berth-7
PR02870,P007,Los Angeles,USA,North America,Terminal-2,Berth-8
PR02871,P001,Chennai,India,South Asia,Terminal-3,Berth-9
PR02872,P002,Mumbai,India,South Asia,Terminal-4,Berth-10
PR02873,P003,Singapore,Singapore,Southeast Asia,Terminal-1,Berth-11
PR02874,P004,Dubai,UAE,Middle East,Terminal-2,Berth-12
PR02875,P005,Colombo,Sri Lanka,South Asia,Terminal-3,Berth-13
PR02876,P006,Rotterdam,Netherlands,Europe,Terminal-4,Berth-14
PR02877,P007,Los Angeles,USA,North America,Terminal-1,Berth-15
PR02878,P001,Chennai,India,South Asia,Terminal-2,Berth-16
PR02879,P002,Mumbai,India,South Asia,Terminal-3,Berth-17
PR02880,P003,Singapore,Singapore,Southeast Asia,Terminal-4,Berth-18
PR02881,P004,Dubai,UAE,Middle East,Terminal-1,Berth-1
PR02882,P005,Colombo,Sri Lanka,South Asia,Terminal-2,Berth-2
PR02883,P006,Rotterdam,Netherlands,Europe,Terminal-3,Berth-3
PR02884,P007,Los Angeles,USA,North America,Terminal-4,Berth-4
PR02885,P001,Chennai,India,South Asia,Terminal-1,Berth-5
PR02886,P002,Mumbai,India,South Asia,Terminal-2,Berth-6
PR02887,P003,Singapore,Singapore,Southeast Asia,Terminal-3,Berth-7
PR02888,P004,Dubai,UAE,Middle East,Terminal-4,Berth-8
PR02889,P005,Colombo,Sri Lanka,South Asia,Terminal-1,Berth-9
PR02890,P006,Rotterdam,Netherlands,Europe,Terminal-2,Berth-10
PR02891,P007,Los Angeles,USA,North America,Terminal-3,Berth-11
PR02892,P001,Chennai,India,South Asia,Terminal-4,Berth-12
PR02893,P002,Mumbai,India,South Asia,Terminal-1,Berth-13
PR02894,P003,Singapore,Singapore,Southeast Asia,Terminal-2,Berth-14
PR02895,P004,Dubai,UAE,Middle East,Terminal-3,Berth-15
PR02896,P005,Colombo,Sri Lanka,South Asia,Terminal-4,Berth-16
PR02897,P006,Rotterdam,Netherlands,Europe,Terminal-1,Berth-17
PR02898,P007,Los Angeles,USA,North America,Terminal-2,Berth-18
PR02899,P001,Chennai,India,South Asia,Terminal-3,Berth-1
PR02900,P002,Mumbai,India,South Asia,Terminal-4,Berth-2
PR02901,P003,Singapore,Singapore,Southeast Asia,Terminal-1,Berth-3
PR02902,P004,Dubai,UAE,Middle East,Terminal-2,Berth-4
PR02903,P005,Colombo,Sri Lanka,South Asia,Terminal-3,Berth-5
PR02904,P006,Rotterdam,Netherlands,Europe,Terminal-4,Berth-6
PR02905,P007,Los Angeles,USA,North America,Terminal-1,Berth-7
PR02906,P001,Chennai,India,South Asia,Terminal-2,Berth-8
PR02907,P002,Mumbai,India,South Asia,Terminal-3,Berth-9
PR02908,P003,Singapore,Singapore,Southeast Asia,Terminal-4,Berth-10
PR02909,P004,Dubai,UAE,Middle East,Terminal-1,Berth-11
PR02910,P005,Colombo,Sri Lanka,South Asia,Terminal-2,Berth-12
PR02911,P006,Rotterdam,Netherlands,Europe,Terminal-3,Berth-13
PR02912,P007,Los Angeles,USA,North America,Terminal-4,Berth-14
PR02913,P001,Chennai,India,South Asia,Terminal-1,Berth-15
PR02914,P002,Mumbai,India,South Asia,Terminal-2,Berth-16
PR02915,P003,Singapore,Singapore,Southeast Asia,Terminal-3,Berth-17
PR02916,P004,Dubai,UAE,Middle East,Terminal-4,Berth-18
PR02917,P005,Colombo,Sri Lanka,South Asia,Terminal-1,Berth-1
PR02918,P006,Rotterdam,Netherlands,Europe,Terminal-2,Berth-2
PR02919,P007,Los Angeles,USA,North America,Terminal-3,Berth-3
PR02920,P001,Chennai,India,South Asia,Terminal-4,Berth-4
PR02921,P002,Mumbai,India,South Asia,Terminal-1,Berth-5
PR02922,P003,Singapore,Singapore,Southeast Asia,Terminal-2,Berth-6
PR02923,P004,Dubai,UAE,Middle East,Terminal-3,Berth-7
PR02924,P005,Colombo,Sri Lanka,South Asia,Terminal-4,Berth-8
PR02925,P006,Rotterdam,Netherlands,Europe,Terminal-1,Berth-9
PR02926,P007,Los Angeles,USA,North America,Terminal-2,Berth-10
PR02927,P001,Chennai,India,South Asia,Terminal-3,Berth-11
PR02928,P002,Mumbai,India,South Asia,Terminal-4,Berth-12
PR02929,P003,Singapore,Singapore,Southeast Asia,Terminal-1,Berth-13
PR02930,P004,Dubai,UAE,Middle East,Terminal-2,Berth-14
PR02931,P005,Colombo,Sri Lanka,South Asia,Terminal-3,Berth-15
PR02932,P006,Rotterdam,Netherlands,Europe,Terminal-4,Berth-16
PR02933,P007,Los Angeles,USA,North America,Terminal-1,Berth-17
PR02934,P001,Chennai,India,South Asia,Terminal-2,Berth-18
PR02935,P002,Mumbai,India,South Asia,Terminal-3,Berth-1
PR02936,P003,Singapore,Singapore,Southeast Asia,Terminal-4,Berth-2
PR02937,P004,Dubai,UAE,Middle East,Terminal-1,Berth-3
PR02938,P005,Colombo,Sri Lanka,South Asia,Terminal-2,Berth-4
PR02939,P006,Rotterdam,Netherlands,Europe,Terminal-3,Berth-5
PR02940,P007,Los Angeles,USA,North America,Terminal-4,Berth-6
PR02941,P001,Chennai,India,South Asia,Terminal-1,Berth-7
PR02942,P002,Mumbai,India,South Asia,Terminal-2,Berth-8
PR02943,P003,Singapore,Singapore,Southeast Asia,Terminal-3,Berth-9
PR02944,P004,Dubai,UAE,Middle East,Terminal-4,Berth-10
PR02945,P005,Colombo,Sri Lanka,South Asia,Terminal-1,Berth-11
PR02946,P006,Rotterdam,Netherlands,Europe,Terminal-2,Berth-12
PR02947,P007,Los Angeles,USA,North America,Terminal-3,Berth-13
PR02948,P001,Chennai,India,South Asia,Terminal-4,Berth-14
PR02949,P002,Mumbai,India,South Asia,Terminal-1,Berth-15
PR02950,P003,Singapore,Singapore,Southeast Asia,Terminal-2,Berth-16
PR02951,P004,Dubai,UAE,Middle East,Terminal-3,Berth-17
PR02952,P005,Colombo,Sri Lanka,South Asia,Terminal-4,Berth-18
PR02953,P006,Rotterdam,Netherlands,Europe,Terminal-1,Berth-1
PR02954,P007,Los Angeles,USA,North America,Terminal-2,Berth-2
PR02955,P001,Chennai,India,South Asia,Terminal-3,Berth-3
PR02956,P002,Mumbai,India,South Asia,Terminal-4,Berth-4
PR02957,P003,Singapore,Singapore,Southeast Asia,Terminal-1,Berth-5
PR02958,P004,Dubai,UAE,Middle East,Terminal-2,Berth-6
PR02959,P005,Colombo,Sri Lanka,South Asia,Terminal-3,Berth-7
PR02960,P006,Rotterdam,Netherlands,Europe,Terminal-4,Berth-8
PR02961,P007,Los Angeles,USA,North America,Terminal-1,Berth-9
PR02962,P001,Chennai,India,South Asia,Terminal-2,Berth-10
PR02963,P002,Mumbai,India,South Asia,Terminal-3,Berth-11
PR02964,P003,Singapore,Singapore,Southeast Asia,Terminal-4,Berth-12
PR02965,P004,Dubai,UAE,Middle East,Terminal-1,Berth-13
PR02966,P005,Colombo,Sri Lanka,South Asia,Terminal-2,Berth-14
PR02967,P006,Rotterdam,Netherlands,Europe,Terminal-3,Berth-15
PR02968,P007,Los Angeles,USA,North America,Terminal-4,Berth-16
PR02969,P001,Chennai,India,South Asia,Terminal-1,Berth-17
PR02970,P002,Mumbai,India,South Asia,Terminal-2,Berth-18
PR02971,P003,Singapore,Singapore,Southeast Asia,Terminal-3,Berth-1
PR02972,P004,Dubai,UAE,Middle East,Terminal-4,Berth-2
PR02973,P005,Colombo,Sri Lanka,South Asia,Terminal-1,Berth-3
PR02974,P006,Rotterdam,Netherlands,Europe,Terminal-2,Berth-4
PR02975,P007,Los Angeles,USA,North America,Terminal-3,Berth-5
PR02976,P001,Chennai,India,South Asia,Terminal-4,Berth-6
PR02977,P002,Mumbai,India,South Asia,Terminal-1,Berth-7
PR02978,P003,Singapore,Singapore,Southeast Asia,Terminal-2,Berth-8
PR02979,P004,Dubai,UAE,Middle East,Terminal-3,Berth-9
PR02980,P005,Colombo,Sri Lanka,South Asia,Terminal-4,Berth-10
PR02981,P006,Rotterdam,Netherlands,Europe,Terminal-1,Berth-11
PR02982,P007,Los Angeles,USA,North America,Terminal-2,Berth-12
PR02983,P001,Chennai,India,South Asia,Terminal-3,Berth-13
PR02984,P002,Mumbai,India,South Asia,Terminal-4,Berth-14
PR02985,P003,Singapore,Singapore,Southeast Asia,Terminal-1,Berth-15
PR02986,P004,Dubai,UAE,Middle East,Terminal-2,Berth-16
PR02987,P005,Colombo,Sri Lanka,South Asia,Terminal-3,Berth-17
PR02988,P006,Rotterdam,Netherlands,Europe,Terminal-4,Berth-18
PR02989,P007,Los Angeles,USA,North America,Terminal-1,Berth-1
PR02990,P001,Chennai,India,South Asia,Terminal-2,Berth-2
PR02991,P002,Mumbai,India,South Asia,Terminal-3,Berth-3
PR02992,P003,Singapore,Singapore,Southeast Asia,Terminal-4,Berth-4
PR02993,P004,Dubai,UAE,Middle East,Terminal-1,Berth-5
PR02994,P005,Colombo,Sri Lanka,South Asia,Terminal-2,Berth-6
PR02995,P006,Rotterdam,Netherlands,Europe,Terminal-3,Berth-7
PR02996,P007,Los Angeles,USA,North America,Terminal-4,Berth-8
PR02997,P001,Chennai,India,South Asia,Terminal-1,Berth-9
PR02998,P002,Mumbai,India,South Asia,Terminal-2,Berth-10
PR02999,P003,Singapore,Singapore,Southeast Asia,Terminal-3,Berth-11
PR03000,P004,Dubai,UAE,Middle East,Terminal-4,Berth-12
PR03001,P005,Colombo,Sri Lanka,South Asia,Terminal-1,Berth-13
PR03002,P006,Rotterdam,Netherlands,Europe,Terminal-2,Berth-14
PR03003,P007,Los Angeles,USA,North America,Terminal-3,Berth-15
PR03004,P001,Chennai,India,South Asia,Terminal-4,Berth-16
PR03005,P002,Mumbai,India,South Asia,Terminal-1,Berth-17
PR03006,P003,Singapore,Singapore,Southeast Asia,Terminal-2,Berth-18
PR03007,P004,Dubai,UAE,Middle East,Terminal-3,Berth-1
PR03008,P005,Colombo,Sri Lanka,South Asia,Terminal-4,Berth-2
PR03009,P006,Rotterdam,Netherlands,Europe,Terminal-1,Berth-3
PR03010,P007,Los Angeles,USA,North America,Terminal-2,Berth-4
PR03011,P001,Chennai,India,South Asia,Terminal-3,Berth-5
PR03012,P002,Mumbai,India,South Asia,Terminal-4,Berth-6
PR03013,P003,Singapore,Singapore,Southeast Asia,Terminal-1,Berth-7
PR03014,P004,Dubai,UAE,Middle East,Terminal-2,Berth-8
PR03015,P005,Colombo,Sri Lanka,South Asia,Terminal-3,Berth-9
PR03016,P006,Rotterdam,Netherlands,Europe,Terminal-4,Berth-10
PR03017,P007,Los Angeles,USA,North America,Terminal-1,Berth-11
PR03018,P001,Chennai,India,South Asia,Terminal-2,Berth-12
PR03019,P002,Mumbai,India,South Asia,Terminal-3,Berth-13
PR03020,P003,Singapore,Singapore,Southeast Asia,Terminal-4,Berth-14
PR03021,P004,Dubai,UAE,Middle East,Terminal-1,Berth-15
PR03022,P005,Colombo,Sri Lanka,South Asia,Terminal-2,Berth-16
PR03023,P006,Rotterdam,Netherlands,Europe,Terminal-3,Berth-17
PR03024,P007,Los Angeles,USA,North America,Terminal-4,Berth-18
PR03025,P001,Chennai,India,South Asia,Terminal-1,Berth-1
PR03026,P002,Mumbai,India,South Asia,Terminal-2,Berth-2
PR03027,P003,Singapore,Singapore,Southeast Asia,Terminal-3,Berth-3
PR03028,P004,Dubai,UAE,Middle East,Terminal-4,Berth-4
PR03029,P005,Colombo,Sri Lanka,South Asia,Terminal-1,Berth-5
PR03030,P006,Rotterdam,Netherlands,Europe,Terminal-2,Berth-6
PR03031,P007,Los Angeles,USA,North America,Terminal-3,Berth-7
PR03032,P001,Chennai,India,South Asia,Terminal-4,Berth-8
PR03033,P002,Mumbai,India,South Asia,Terminal-1,Berth-9
PR03034,P003,Singapore,Singapore,Southeast Asia,Terminal-2,Berth-10
PR03035,P004,Dubai,UAE,Middle East,Terminal-3,Berth-11
PR03036,P005,Colombo,Sri Lanka,South Asia,Terminal-4,Berth-12
PR03037,P006,Rotterdam,Netherlands,Europe,Terminal-1,Berth-13
PR03038,P007,Los Angeles,USA,North America,Terminal-2,Berth-14
PR03039,P001,Chennai,India,South Asia,Terminal-3,Berth-15
PR03040,P002,Mumbai,India,South Asia,Terminal-4,Berth-16
PR03041,P003,Singapore,Singapore,Southeast Asia,Terminal-1,Berth-17
PR03042,P004,Dubai,UAE,Middle East,Terminal-2,Berth-18
PR03043,P005,Colombo,Sri Lanka,South Asia,Terminal-3,Berth-1
PR03044,P006,Rotterdam,Netherlands,Europe,Terminal-4,Berth-2
PR03045,P007,Los Angeles,USA,North America,Terminal-1,Berth-3
PR03046,P001,Chennai,India,South Asia,Terminal-2,Berth-4
PR03047,P002,Mumbai,India,South Asia,Terminal-3,Berth-5
PR03048,P003,Singapore,Singapore,Southeast Asia,Terminal-4,Berth-6
PR03049,P004,Dubai,UAE,Middle East,Terminal-1,Berth-7
PR03050,P005,Colombo,Sri Lanka,South Asia,Terminal-2,Berth-8
PR03051,P006,Rotterdam,Netherlands,Europe,Terminal-3,Berth-9
PR03052,P007,Los Angeles,USA,North America,Terminal-4,Berth-10
PR03053,P001,Chennai,India,South Asia,Terminal-1,Berth-11
PR03054,P002,Mumbai,India,South Asia,Terminal-2,Berth-12
PR03055,P003,Singapore,Singapore,Southeast Asia,Terminal-3,Berth-13
PR03056,P004,Dubai,UAE,Middle East,Terminal-4,Berth-14
PR03057,P005,Colombo,Sri Lanka,South Asia,Terminal-1,Berth-15
PR03058,P006,Rotterdam,Netherlands,Europe,Terminal-2,Berth-16
PR03059,P007,Los Angeles,USA,North America,Terminal-3,Berth-17
PR03060,P001,Chennai,India,South Asia,Terminal-4,Berth-18
PR03061,P002,Mumbai,India,South Asia,Terminal-1,Berth-1
PR03062,P003,Singapore,Singapore,Southeast Asia,Terminal-2,Berth-2
PR03063,P004,Dubai,UAE,Middle East,Terminal-3,Berth-3
PR03064,P005,Colombo,Sri Lanka,South Asia,Terminal-4,Berth-4
PR03065,P006,Rotterdam,Netherlands,Europe,Terminal-1,Berth-5
PR03066,P007,Los Angeles,USA,North America,Terminal-2,Berth-6
PR03067,P001,Chennai,India,South Asia,Terminal-3,Berth-7
PR03068,P002,Mumbai,India,South Asia,Terminal-4,Berth-8
PR03069,P003,Singapore,Singapore,Southeast Asia,Terminal-1,Berth-9
PR03070,P004,Dubai,UAE,Middle East,Terminal-2,Berth-10
PR03071,P005,Colombo,Sri Lanka,South Asia,Terminal-3,Berth-11
PR03072,P006,Rotterdam,Netherlands,Europe,Terminal-4,Berth-12
PR03073,P007,Los Angeles,USA,North America,Terminal-1,Berth-13
PR03074,P001,Chennai,India,South Asia,Terminal-2,Berth-14
PR03075,P002,Mumbai,India,South Asia,Terminal-3,Berth-15
PR03076,P003,Singapore,Singapore,Southeast Asia,Terminal-4,Berth-16
PR03077,P004,Dubai,UAE,Middle East,Terminal-1,Berth-17
PR03078,P005,Colombo,Sri Lanka,South Asia,Terminal-2,Berth-18
PR03079,P006,Rotterdam,Netherlands,Europe,Terminal-3,Berth-1
PR03080,P007,Los Angeles,USA,North America,Terminal-4,Berth-2
PR03081,P001,Chennai,India,South Asia,Terminal-1,Berth-3
PR03082,P002,Mumbai,India,South Asia,Terminal-2,Berth-4
PR03083,P003,Singapore,Singapore,Southeast Asia,Terminal-3,Berth-5
PR03084,P004,Dubai,UAE,Middle East,Terminal-4,Berth-6
PR03085,P005,Colombo,Sri Lanka,South Asia,Terminal-1,Berth-7
PR03086,P006,Rotterdam,Netherlands,Europe,Terminal-2,Berth-8
PR03087,P007,Los Angeles,USA,North America,Terminal-3,Berth-9
PR03088,P001,Chennai,India,South Asia,Terminal-4,Berth-10
PR03089,P002,Mumbai,India,South Asia,Terminal-1,Berth-11
PR03090,P003,Singapore,Singapore,Southeast Asia,Terminal-2,Berth-12
PR03091,P004,Dubai,UAE,Middle East,Terminal-3,Berth-13
PR03092,P005,Colombo,Sri Lanka,South Asia,Terminal-4,Berth-14
PR03093,P006,Rotterdam,Netherlands,Europe,Terminal-1,Berth-15
PR03094,P007,Los Angeles,USA,North America,Terminal-2,Berth-16
PR03095,P001,Chennai,India,South Asia,Terminal-3,Berth-17
PR03096,P002,Mumbai,India,South Asia,Terminal-4,Berth-18
PR03097,P003,Singapore,Singapore,Southeast Asia,Terminal-1,Berth-1
PR03098,P004,Dubai,UAE,Middle East,Terminal-2,Berth-2
PR03099,P005,Colombo,Sri Lanka,South Asia,Terminal-3,Berth-3
PR03100,P006,Rotterdam,Netherlands,Europe,Terminal-4,Berth-4
PR03101,P007,Los Angeles,USA,North America,Terminal-1,Berth-5
PR03102,P001,Chennai,India,South Asia,Terminal-2,Berth-6
PR03103,P002,Mumbai,India,South Asia,Terminal-3,Berth-7
PR03104,P003,Singapore,Singapore,Southeast Asia,Terminal-4,Berth-8
PR03105,P004,Dubai,UAE,Middle East,Terminal-1,Berth-9
PR03106,P005,Colombo,Sri Lanka,South Asia,Terminal-2,Berth-10
PR03107,P006,Rotterdam,Netherlands,Europe,Terminal-3,Berth-11
PR03108,P007,Los Angeles,USA,North America,Terminal-4,Berth-12
PR03109,P001,Chennai,India,South Asia,Terminal-1,Berth-13
PR03110,P002,Mumbai,India,South Asia,Terminal-2,Berth-14
PR03111,P003,Singapore,Singapore,Southeast Asia,Terminal-3,Berth-15
PR03112,P004,Dubai,UAE,Middle East,Terminal-4,Berth-16
PR03113,P005,Colombo,Sri Lanka,South Asia,Terminal-1,Berth-17
PR03114,P006,Rotterdam,Netherlands,Europe,Terminal-2,Berth-18
PR03115,P007,Los Angeles,USA,North America,Terminal-3,Berth-1
PR03116,P001,Chennai,India,South Asia,Terminal-4,Berth-2
PR03117,P002,Mumbai,India,South Asia,Terminal-1,Berth-3
PR03118,P003,Singapore,Singapore,Southeast Asia,Terminal-2,Berth-4
PR03119,P004,Dubai,UAE,Middle East,Terminal-3,Berth-5
PR03120,P005,Colombo,Sri Lanka,South Asia,Terminal-4,Berth-6
PR03121,P006,Rotterdam,Netherlands,Europe,Terminal-1,Berth-7
PR03122,P007,Los Angeles,USA,North America,Terminal-2,Berth-8
PR03123,P001,Chennai,India,South Asia,Terminal-3,Berth-9
PR03124,P002,Mumbai,India,South Asia,Terminal-4,Berth-10
PR03125,P003,Singapore,Singapore,Southeast Asia,Terminal-1,Berth-11
PR03126,P004,Dubai,UAE,Middle East,Terminal-2,Berth-12
PR03127,P005,Colombo,Sri Lanka,South Asia,Terminal-3,Berth-13
PR03128,P006,Rotterdam,Netherlands,Europe,Terminal-4,Berth-14
PR03129,P007,Los Angeles,USA,North America,Terminal-1,Berth-15
PR03130,P001,Chennai,India,South Asia,Terminal-2,Berth-16
PR03131,P002,Mumbai,India,South Asia,Terminal-3,Berth-17
PR03132,P003,Singapore,Singapore,Southeast Asia,Terminal-4,Berth-18
PR03133,P004,Dubai,UAE,Middle East,Terminal-1,Berth-1
PR03134,P005,Colombo,Sri Lanka,South Asia,Terminal-2,Berth-2
PR03135,P006,Rotterdam,Netherlands,Europe,Terminal-3,Berth-3
PR03136,P007,Los Angeles,USA,North America,Terminal-4,Berth-4
PR03137,P001,Chennai,India,South Asia,Terminal-1,Berth-5
PR03138,P002,Mumbai,India,South Asia,Terminal-2,Berth-6
PR03139,P003,Singapore,Singapore,Southeast Asia,Terminal-3,Berth-7
PR03140,P004,Dubai,UAE,Middle East,Terminal-4,Berth-8
PR03141,P005,Colombo,Sri Lanka,South Asia,Terminal-1,Berth-9
PR03142,P006,Rotterdam,Netherlands,Europe,Terminal-2,Berth-10
PR03143,P007,Los Angeles,USA,North America,Terminal-3,Berth-11
PR03144,P001,Chennai,India,South Asia,Terminal-4,Berth-12
PR03145,P002,Mumbai,India,South Asia,Terminal-1,Berth-13
PR03146,P003,Singapore,Singapore,Southeast Asia,Terminal-2,Berth-14
PR03147,P004,Dubai,UAE,Middle East,Terminal-3,Berth-15
PR03148,P005,Colombo,Sri Lanka,South Asia,Terminal-4,Berth-16
PR03149,P006,Rotterdam,Netherlands,Europe,Terminal-1,Berth-17
PR03150,P007,Los Angeles,USA,North America,Terminal-2,Berth-18
PR03151,P001,Chennai,India,South Asia,Terminal-3,Berth-1
PR03152,P002,Mumbai,India,South Asia,Terminal-4,Berth-2
PR03153,P003,Singapore,Singapore,Southeast Asia,Terminal-1,Berth-3
PR03154,P004,Dubai,UAE,Middle East,Terminal-2,Berth-4
PR03155,P005,Colombo,Sri Lanka,South Asia,Terminal-3,Berth-5
PR03156,P006,Rotterdam,Netherlands,Europe,Terminal-4,Berth-6
PR03157,P007,Los Angeles,USA,North America,Terminal-1,Berth-7
PR03158,P001,Chennai,India,South Asia,Terminal-2,Berth-8
PR03159,P002,Mumbai,India,South Asia,Terminal-3,Berth-9
PR03160,P003,Singapore,Singapore,Southeast Asia,Terminal-4,Berth-10
PR03161,P004,Dubai,UAE,Middle East,Terminal-1,Berth-11
PR03162,P005,Colombo,Sri Lanka,South Asia,Terminal-2,Berth-12
PR03163,P006,Rotterdam,Netherlands,Europe,Terminal-3,Berth-13
PR03164,P007,Los Angeles,USA,North America,Terminal-4,Berth-14
PR03165,P001,Chennai,India,South Asia,Terminal-1,Berth-15
PR03166,P002,Mumbai,India,South Asia,Terminal-2,Berth-16
PR03167,P003,Singapore,Singapore,Southeast Asia,Terminal-3,Berth-17
PR03168,P004,Dubai,UAE,Middle East,Terminal-4,Berth-18
PR03169,P005,Colombo,Sri Lanka,South Asia,Terminal-1,Berth-1
PR03170,P006,Rotterdam,Netherlands,Europe,Terminal-2,Berth-2
PR03171,P007,Los Angeles,USA,North America,Terminal-3,Berth-3
PR03172,P001,Chennai,India,South Asia,Terminal-4,Berth-4
PR03173,P002,Mumbai,India,South Asia,Terminal-1,Berth-5
PR03174,P003,Singapore,Singapore,Southeast Asia,Terminal-2,Berth-6
PR03175,P004,Dubai,UAE,Middle East,Terminal-3,Berth-7
PR03176,P005,Colombo,Sri Lanka,South Asia,Terminal-4,Berth-8
PR03177,P006,Rotterdam,Netherlands,Europe,Terminal-1,Berth-9
PR03178,P007,Los Angeles,USA,North America,Terminal-2,Berth-10
PR03179,P001,Chennai,India,South Asia,Terminal-3,Berth-11
PR03180,P002,Mumbai,India,South Asia,Terminal-4,Berth-12
PR03181,P003,Singapore,Singapore,Southeast Asia,Terminal-1,Berth-13
PR03182,P004,Dubai,UAE,Middle East,Terminal-2,Berth-14
PR03183,P005,Colombo,Sri Lanka,South Asia,Terminal-3,Berth-15
PR03184,P006,Rotterdam,Netherlands,Europe,Terminal-4,Berth-16
PR03185,P007,Los Angeles,USA,North America,Terminal-1,Berth-17
PR03186,P001,Chennai,India,South Asia,Terminal-2,Berth-18
PR03187,P002,Mumbai,India,South Asia,Terminal-3,Berth-1
PR03188,P003,Singapore,Singapore,Southeast Asia,Terminal-4,Berth-2
PR03189,P004,Dubai,UAE,Middle East,Terminal-1,Berth-3
PR03190,P005,Colombo,Sri Lanka,South Asia,Terminal-2,Berth-4
PR03191,P006,Rotterdam,Netherlands,Europe,Terminal-3,Berth-5
PR03192,P007,Los Angeles,USA,North America,Terminal-4,Berth-6
PR03193,P001,Chennai,India,South Asia,Terminal-1,Berth-7
PR03194,P002,Mumbai,India,South Asia,Terminal-2,Berth-8
PR03195,P003,Singapore,Singapore,Southeast Asia,Terminal-3,Berth-9
PR03196,P004,Dubai,UAE,Middle East,Terminal-4,Berth-10
PR03197,P005,Colombo,Sri Lanka,South Asia,Terminal-1,Berth-11
PR03198,P006,Rotterdam,Netherlands,Europe,Terminal-2,Berth-12
PR03199,P007,Los Angeles,USA,North America,Terminal-3,Berth-13
PR03200,P001,Chennai,India,South Asia,Terminal-4,Berth-14
PR03201,P002,Mumbai,India,South Asia,Terminal-1,Berth-15
PR03202,P003,Singapore,Singapore,Southeast Asia,Terminal-2,Berth-16
PR03203,P004,Dubai,UAE,Middle East,Terminal-3,Berth-17
PR03204,P005,Colombo,Sri Lanka,South Asia,Terminal-4,Berth-18
PR03205,P006,Rotterdam,Netherlands,Europe,Terminal-1,Berth-1
PR03206,P007,Los Angeles,USA,North America,Terminal-2,Berth-2
PR03207,P001,Chennai,India,South Asia,Terminal-3,Berth-3
PR03208,P002,Mumbai,India,South Asia,Terminal-4,Berth-4
PR03209,P003,Singapore,Singapore,Southeast Asia,Terminal-1,Berth-5
PR03210,P004,Dubai,UAE,Middle East,Terminal-2,Berth-6
PR03211,P005,Colombo,Sri Lanka,South Asia,Terminal-3,Berth-7
PR03212,P006,Rotterdam,Netherlands,Europe,Terminal-4,Berth-8
PR03213,P007,Los Angeles,USA,North America,Terminal-1,Berth-9
PR03214,P001,Chennai,India,South Asia,Terminal-2,Berth-10
PR03215,P002,Mumbai,India,South Asia,Terminal-3,Berth-11
PR03216,P003,Singapore,Singapore,Southeast Asia,Terminal-4,Berth-12
PR03217,P004,Dubai,UAE,Middle East,Terminal-1,Berth-13
PR03218,P005,Colombo,Sri Lanka,South Asia,Terminal-2,Berth-14
PR03219,P006,Rotterdam,Netherlands,Europe,Terminal-3,Berth-15
PR03220,P007,Los Angeles,USA,North America,Terminal-4,Berth-16
PR03221,P001,Chennai,India,South Asia,Terminal-1,Berth-17
PR03222,P002,Mumbai,India,South Asia,Terminal-2,Berth-18
PR03223,P003,Singapore,Singapore,Southeast Asia,Terminal-3,Berth-1
PR03224,P004,Dubai,UAE,Middle East,Terminal-4,Berth-2
PR03225,P005,Colombo,Sri Lanka,South Asia,Terminal-1,Berth-3
PR03226,P006,Rotterdam,Netherlands,Europe,Terminal-2,Berth-4
PR03227,P007,Los Angeles,USA,North America,Terminal-3,Berth-5
PR03228,P001,Chennai,India,South Asia,Terminal-4,Berth-6
PR03229,P002,Mumbai,India,South Asia,Terminal-1,Berth-7
PR03230,P003,Singapore,Singapore,Southeast Asia,Terminal-2,Berth-8
PR03231,P004,Dubai,UAE,Middle East,Terminal-3,Berth-9
PR03232,P005,Colombo,Sri Lanka,South Asia,Terminal-4,Berth-10
PR03233,P006,Rotterdam,Netherlands,Europe,Terminal-1,Berth-11
PR03234,P007,Los Angeles,USA,North America,Terminal-2,Berth-12
PR03235,P001,Chennai,India,South Asia,Terminal-3,Berth-13
PR03236,P002,Mumbai,India,South Asia,Terminal-4,Berth-14
PR03237,P003,Singapore,Singapore,Southeast Asia,Terminal-1,Berth-15
PR03238,P004,Dubai,UAE,Middle East,Terminal-2,Berth-16
PR03239,P005,Colombo,Sri Lanka,South Asia,Terminal-3,Berth-17
PR03240,P006,Rotterdam,Netherlands,Europe,Terminal-4,Berth-18
PR03241,P007,Los Angeles,USA,North America,Terminal-1,Berth-1
PR03242,P001,Chennai,India,South Asia,Terminal-2,Berth-2
PR03243,P002,Mumbai,India,South Asia,Terminal-3,Berth-3
PR03244,P003,Singapore,Singapore,Southeast Asia,Terminal-4,Berth-4
PR03245,P004,Dubai,UAE,Middle East,Terminal-1,Berth-5
PR03246,P005,Colombo,Sri Lanka,South Asia,Terminal-2,Berth-6
PR03247,P006,Rotterdam,Netherlands,Europe,Terminal-3,Berth-7
PR03248,P007,Los Angeles,USA,North America,Terminal-4,Berth-8
PR03249,P001,Chennai,India,South Asia,Terminal-1,Berth-9
PR03250,P002,Mumbai,India,South Asia,Terminal-2,Berth-10
PR03251,P003,Singapore,Singapore,Southeast Asia,Terminal-3,Berth-11
PR03252,P004,Dubai,UAE,Middle East,Terminal-4,Berth-12
PR03253,P005,Colombo,Sri Lanka,South Asia,Terminal-1,Berth-13
PR03254,P006,Rotterdam,Netherlands,Europe,Terminal-2,Berth-14
PR03255,P007,Los Angeles,USA,North America,Terminal-3,Berth-15
PR03256,P001,Chennai,India,South Asia,Terminal-4,Berth-16
PR03257,P002,Mumbai,India,South Asia,Terminal-1,Berth-17
PR03258,P003,Singapore,Singapore,Southeast Asia,Terminal-2,Berth-18
PR03259,P004,Dubai,UAE,Middle East,Terminal-3,Berth-1
PR03260,P005,Colombo,Sri Lanka,South Asia,Terminal-4,Berth-2
PR03261,P006,Rotterdam,Netherlands,Europe,Terminal-1,Berth-3
PR03262,P007,Los Angeles,USA,North America,Terminal-2,Berth-4
PR03263,P001,Chennai,India,South Asia,Terminal-3,Berth-5
PR03264,P002,Mumbai,India,South Asia,Terminal-4,Berth-6
PR03265,P003,Singapore,Singapore,Southeast Asia,Terminal-1,Berth-7
PR03266,P004,Dubai,UAE,Middle East,Terminal-2,Berth-8
PR03267,P005,Colombo,Sri Lanka,South Asia,Terminal-3,Berth-9
PR03268,P006,Rotterdam,Netherlands,Europe,Terminal-4,Berth-10
PR03269,P007,Los Angeles,USA,North America,Terminal-1,Berth-11
PR03270,P001,Chennai,India,South Asia,Terminal-2,Berth-12
PR03271,P002,Mumbai,India,South Asia,Terminal-3,Berth-13
PR03272,P003,Singapore,Singapore,Southeast Asia,Terminal-4,Berth-14
PR03273,P004,Dubai,UAE,Middle East,Terminal-1,Berth-15
PR03274,P005,Colombo,Sri Lanka,South Asia,Terminal-2,Berth-16
PR03275,P006,Rotterdam,Netherlands,Europe,Terminal-3,Berth-17
PR03276,P007,Los Angeles,USA,North America,Terminal-4,Berth-18
PR03277,P001,Chennai,India,South Asia,Terminal-1,Berth-1
PR03278,P002,Mumbai,India,South Asia,Terminal-2,Berth-2
PR03279,P003,Singapore,Singapore,Southeast Asia,Terminal-3,Berth-3
PR03280,P004,Dubai,UAE,Middle East,Terminal-4,Berth-4
PR03281,P005,Colombo,Sri Lanka,South Asia,Terminal-1,Berth-5
PR03282,P006,Rotterdam,Netherlands,Europe,Terminal-2,Berth-6
PR03283,P007,Los Angeles,USA,North America,Terminal-3,Berth-7
PR03284,P001,Chennai,India,South Asia,Terminal-4,Berth-8
PR03285,P002,Mumbai,India,South Asia,Terminal-1,Berth-9
PR03286,P003,Singapore,Singapore,Southeast Asia,Terminal-2,Berth-10
PR03287,P004,Dubai,UAE,Middle East,Terminal-3,Berth-11
PR03288,P005,Colombo,Sri Lanka,South Asia,Terminal-4,Berth-12
PR03289,P006,Rotterdam,Netherlands,Europe,Terminal-1,Berth-13
PR03290,P007,Los Angeles,USA,North America,Terminal-2,Berth-14
PR03291,P001,Chennai,India,South Asia,Terminal-3,Berth-15
PR03292,P002,Mumbai,India,South Asia,Terminal-4,Berth-16
PR03293,P003,Singapore,Singapore,Southeast Asia,Terminal-1,Berth-17
PR03294,P004,Dubai,UAE,Middle East,Terminal-2,Berth-18
PR03295,P005,Colombo,Sri Lanka,South Asia,Terminal-3,Berth-1
PR03296,P006,Rotterdam,Netherlands,Europe,Terminal-4,Berth-2
PR03297,P007,Los Angeles,USA,North America,Terminal-1,Berth-3
PR03298,P001,Chennai,India,South Asia,Terminal-2,Berth-4
PR03299,P002,Mumbai,India,South Asia,Terminal-3,Berth-5
PR03300,P003,Singapore,Singapore,Southeast Asia,Terminal-4,Berth-6
PR03301,P004,Dubai,UAE,Middle East,Terminal-1,Berth-7
PR03302,P005,Colombo,Sri Lanka,South Asia,Terminal-2,Berth-8
PR03303,P006,Rotterdam,Netherlands,Europe,Terminal-3,Berth-9
PR03304,P007,Los Angeles,USA,North America,Terminal-4,Berth-10
PR03305,P001,Chennai,India,South Asia,Terminal-1,Berth-11
PR03306,P002,Mumbai,India,South Asia,Terminal-2,Berth-12
PR03307,P003,Singapore,Singapore,Southeast Asia,Terminal-3,Berth-13
PR03308,P004,Dubai,UAE,Middle East,Terminal-4,Berth-14
PR03309,P005,Colombo,Sri Lanka,South Asia,Terminal-1,Berth-15
PR03310,P006,Rotterdam,Netherlands,Europe,Terminal-2,Berth-16
PR03311,P007,Los Angeles,USA,North America,Terminal-3,Berth-17
PR03312,P001,Chennai,India,South Asia,Terminal-4,Berth-18
PR03313,P002,Mumbai,India,South Asia,Terminal-1,Berth-1
PR03314,P003,Singapore,Singapore,Southeast Asia,Terminal-2,Berth-2
PR03315,P004,Dubai,UAE,Middle East,Terminal-3,Berth-3
PR03316,P005,Colombo,Sri Lanka,South Asia,Terminal-4,Berth-4
PR03317,P006,Rotterdam,Netherlands,Europe,Terminal-1,Berth-5
PR03318,P007,Los Angeles,USA,North America,Terminal-2,Berth-6
PR03319,P001,Chennai,India,South Asia,Terminal-3,Berth-7
PR03320,P002,Mumbai,India,South Asia,Terminal-4,Berth-8
PR03321,P003,Singapore,Singapore,Southeast Asia,Terminal-1,Berth-9
PR03322,P004,Dubai,UAE,Middle East,Terminal-2,Berth-10
PR03323,P005,Colombo,Sri Lanka,South Asia,Terminal-3,Berth-11
PR03324,P006,Rotterdam,Netherlands,Europe,Terminal-4,Berth-12
PR03325,P007,Los Angeles,USA,North America,Terminal-1,Berth-13
PR03326,P001,Chennai,India,South Asia,Terminal-2,Berth-14
PR03327,P002,Mumbai,India,South Asia,Terminal-3,Berth-15
PR03328,P003,Singapore,Singapore,Southeast Asia,Terminal-4,Berth-16
PR03329,P004,Dubai,UAE,Middle East,Terminal-1,Berth-17
PR03330,P005,Colombo,Sri Lanka,South Asia,Terminal-2,Berth-18
PR03331,P006,Rotterdam,Netherlands,Europe,Terminal-3,Berth-1
PR03332,P007,Los Angeles,USA,North America,Terminal-4,Berth-2
PR03333,P001,Chennai,India,South Asia,Terminal-1,Berth-3
PR03334,P002,Mumbai,India,South Asia,Terminal-2,Berth-4
PR03335,P003,Singapore,Singapore,Southeast Asia,Terminal-3,Berth-5
PR03336,P004,Dubai,UAE,Middle East,Terminal-4,Berth-6
PR03337,P005,Colombo,Sri Lanka,South Asia,Terminal-1,Berth-7
PR03338,P006,Rotterdam,Netherlands,Europe,Terminal-2,Berth-8
PR03339,P007,Los Angeles,USA,North America,Terminal-3,Berth-9
PR03340,P001,Chennai,India,South Asia,Terminal-4,Berth-10
PR03341,P002,Mumbai,India,South Asia,Terminal-1,Berth-11
PR03342,P003,Singapore,Singapore,Southeast Asia,Terminal-2,Berth-12
PR03343,P004,Dubai,UAE,Middle East,Terminal-3,Berth-13
PR03344,P005,Colombo,Sri Lanka,South Asia,Terminal-4,Berth-14
PR03345,P006,Rotterdam,Netherlands,Europe,Terminal-1,Berth-15
PR03346,P007,Los Angeles,USA,North America,Terminal-2,Berth-16
PR03347,P001,Chennai,India,South Asia,Terminal-3,Berth-17
PR03348,P002,Mumbai,India,South Asia,Terminal-4,Berth-18
PR03349,P003,Singapore,Singapore,Southeast Asia,Terminal-1,Berth-1
PR03350,P004,Dubai,UAE,Middle East,Terminal-2,Berth-2
PR03351,P005,Colombo,Sri Lanka,South Asia,Terminal-3,Berth-3
PR03352,P006,Rotterdam,Netherlands,Europe,Terminal-4,Berth-4
PR03353,P007,Los Angeles,USA,North America,Terminal-1,Berth-5
PR03354,P001,Chennai,India,South Asia,Terminal-2,Berth-6
PR03355,P002,Mumbai,India,South Asia,Terminal-3,Berth-7
PR03356,P003,Singapore,Singapore,Southeast Asia,Terminal-4,Berth-8
PR03357,P004,Dubai,UAE,Middle East,Terminal-1,Berth-9
PR03358,P005,Colombo,Sri Lanka,South Asia,Terminal-2,Berth-10
PR03359,P006,Rotterdam,Netherlands,Europe,Terminal-3,Berth-11
PR03360,P007,Los Angeles,USA,North America,Terminal-4,Berth-12
PR03361,P001,Chennai,India,South Asia,Terminal-1,Berth-13
PR03362,P002,Mumbai,India,South Asia,Terminal-2,Berth-14
PR03363,P003,Singapore,Singapore,Southeast Asia,Terminal-3,Berth-15
PR03364,P004,Dubai,UAE,Middle East,Terminal-4,Berth-16
PR03365,P005,Colombo,Sri Lanka,South Asia,Terminal-1,Berth-17
PR03366,P006,Rotterdam,Netherlands,Europe,Terminal-2,Berth-18
PR03367,P007,Los Angeles,USA,North America,Terminal-3,Berth-1
PR03368,P001,Chennai,India,South Asia,Terminal-4,Berth-2
PR03369,P002,Mumbai,India,South Asia,Terminal-1,Berth-3
PR03370,P003,Singapore,Singapore,Southeast Asia,Terminal-2,Berth-4
PR03371,P004,Dubai,UAE,Middle East,Terminal-3,Berth-5
PR03372,P005,Colombo,Sri Lanka,South Asia,Terminal-4,Berth-6
PR03373,P006,Rotterdam,Netherlands,Europe,Terminal-1,Berth-7
PR03374,P007,Los Angeles,USA,North America,Terminal-2,Berth-8
PR03375,P001,Chennai,India,South Asia,Terminal-3,Berth-9
PR03376,P002,Mumbai,India,South Asia,Terminal-4,Berth-10
PR03377,P003,Singapore,Singapore,Southeast Asia,Terminal-1,Berth-11
PR03378,P004,Dubai,UAE,Middle East,Terminal-2,Berth-12
PR03379,P005,Colombo,Sri Lanka,South Asia,Terminal-3,Berth-13
PR03380,P006,Rotterdam,Netherlands,Europe,Terminal-4,Berth-14
PR03381,P007,Los Angeles,USA,North America,Terminal-1,Berth-15
PR03382,P001,Chennai,India,South Asia,Terminal-2,Berth-16
PR03383,P002,Mumbai,India,South Asia,Terminal-3,Berth-17
PR03384,P003,Singapore,Singapore,Southeast Asia,Terminal-4,Berth-18
PR03385,P004,Dubai,UAE,Middle East,Terminal-1,Berth-1
PR03386,P005,Colombo,Sri Lanka,South Asia,Terminal-2,Berth-2
PR03387,P006,Rotterdam,Netherlands,Europe,Terminal-3,Berth-3
PR03388,P007,Los Angeles,USA,North America,Terminal-4,Berth-4
PR03389,P001,Chennai,India,South Asia,Terminal-1,Berth-5
PR03390,P002,Mumbai,India,South Asia,Terminal-2,Berth-6
PR03391,P003,Singapore,Singapore,Southeast Asia,Terminal-3,Berth-7
PR03392,P004,Dubai,UAE,Middle East,Terminal-4,Berth-8
PR03393,P005,Colombo,Sri Lanka,South Asia,Terminal-1,Berth-9
PR03394,P006,Rotterdam,Netherlands,Europe,Terminal-2,Berth-10
PR03395,P007,Los Angeles,USA,North America,Terminal-3,Berth-11
PR03396,P001,Chennai,India,South Asia,Terminal-4,Berth-12
PR03397,P002,Mumbai,India,South Asia,Terminal-1,Berth-13
PR03398,P003,Singapore,Singapore,Southeast Asia,Terminal-2,Berth-14
PR03399,P004,Dubai,UAE,Middle East,Terminal-3,Berth-15
PR03400,P005,Colombo,Sri Lanka,South Asia,Terminal-4,Berth-16
PR03401,P006,Rotterdam,Netherlands,Europe,Terminal-1,Berth-17
PR03402,P007,Los Angeles,USA,North America,Terminal-2,Berth-18
PR03403,P001,Chennai,India,South Asia,Terminal-3,Berth-1
PR03404,P002,Mumbai,India,South Asia,Terminal-4,Berth-2
PR03405,P003,Singapore,Singapore,Southeast Asia,Terminal-1,Berth-3
PR03406,P004,Dubai,UAE,Middle East,Terminal-2,Berth-4
PR03407,P005,Colombo,Sri Lanka,South Asia,Terminal-3,Berth-5
PR03408,P006,Rotterdam,Netherlands,Europe,Terminal-4,Berth-6
PR03409,P007,Los Angeles,USA,North America,Terminal-1,Berth-7
PR03410,P001,Chennai,India,South Asia,Terminal-2,Berth-8
PR03411,P002,Mumbai,India,South Asia,Terminal-3,Berth-9
PR03412,P003,Singapore,Singapore,Southeast Asia,Terminal-4,Berth-10
PR03413,P004,Dubai,UAE,Middle East,Terminal-1,Berth-11
PR03414,P005,Colombo,Sri Lanka,South Asia,Terminal-2,Berth-12
PR03415,P006,Rotterdam,Netherlands,Europe,Terminal-3,Berth-13
PR03416,P007,Los Angeles,USA,North America,Terminal-4,Berth-14
PR03417,P001,Chennai,India,South Asia,Terminal-1,Berth-15
PR03418,P002,Mumbai,India,South Asia,Terminal-2,Berth-16
PR03419,P003,Singapore,Singapore,Southeast Asia,Terminal-3,Berth-17
PR03420,P004,Dubai,UAE,Middle East,Terminal-4,Berth-18
PR03421,P005,Colombo,Sri Lanka,South Asia,Terminal-1,Berth-1
PR03422,P006,Rotterdam,Netherlands,Europe,Terminal-2,Berth-2
PR03423,P007,Los Angeles,USA,North America,Terminal-3,Berth-3
PR03424,P001,Chennai,India,South Asia,Terminal-4,Berth-4
PR03425,P002,Mumbai,India,South Asia,Terminal-1,Berth-5
PR03426,P003,Singapore,Singapore,Southeast Asia,Terminal-2,Berth-6
PR03427,P004,Dubai,UAE,Middle East,Terminal-3,Berth-7
PR03428,P005,Colombo,Sri Lanka,South Asia,Terminal-4,Berth-8
PR03429,P006,Rotterdam,Netherlands,Europe,Terminal-1,Berth-9
PR03430,P007,Los Angeles,USA,North America,Terminal-2,Berth-10
PR03431,P001,Chennai,India,South Asia,Terminal-3,Berth-11
PR03432,P002,Mumbai,India,South Asia,Terminal-4,Berth-12
PR03433,P003,Singapore,Singapore,Southeast Asia,Terminal-1,Berth-13
PR03434,P004,Dubai,UAE,Middle East,Terminal-2,Berth-14
PR03435,P005,Colombo,Sri Lanka,South Asia,Terminal-3,Berth-15
PR03436,P006,Rotterdam,Netherlands,Europe,Terminal-4,Berth-16
PR03437,P007,Los Angeles,USA,North America,Terminal-1,Berth-17
PR03438,P001,Chennai,India,South Asia,Terminal-2,Berth-18
PR03439,P002,Mumbai,India,South Asia,Terminal-3,Berth-1
PR03440,P003,Singapore,Singapore,Southeast Asia,Terminal-4,Berth-2
PR03441,P004,Dubai,UAE,Middle East,Terminal-1,Berth-3
PR03442,P005,Colombo,Sri Lanka,South Asia,Terminal-2,Berth-4
PR03443,P006,Rotterdam,Netherlands,Europe,Terminal-3,Berth-5
PR03444,P007,Los Angeles,USA,North America,Terminal-4,Berth-6
PR03445,P001,Chennai,India,South Asia,Terminal-1,Berth-7
PR03446,P002,Mumbai,India,South Asia,Terminal-2,Berth-8
PR03447,P003,Singapore,Singapore,Southeast Asia,Terminal-3,Berth-9
PR03448,P004,Dubai,UAE,Middle East,Terminal-4,Berth-10
PR03449,P005,Colombo,Sri Lanka,South Asia,Terminal-1,Berth-11
PR03450,P006,Rotterdam,Netherlands,Europe,Terminal-2,Berth-12
PR03451,P007,Los Angeles,USA,North America,Terminal-3,Berth-13
PR03452,P001,Chennai,India,South Asia,Terminal-4,Berth-14
PR03453,P002,Mumbai,India,South Asia,Terminal-1,Berth-15
PR03454,P003,Singapore,Singapore,Southeast Asia,Terminal-2,Berth-16
PR03455,P004,Dubai,UAE,Middle East,Terminal-3,Berth-17
PR03456,P005,Colombo,Sri Lanka,South Asia,Terminal-4,Berth-18
PR03457,P006,Rotterdam,Netherlands,Europe,Terminal-1,Berth-1
PR03458,P007,Los Angeles,USA,North America,Terminal-2,Berth-2
PR03459,P001,Chennai,India,South Asia,Terminal-3,Berth-3
PR03460,P002,Mumbai,India,South Asia,Terminal-4,Berth-4
PR03461,P003,Singapore,Singapore,Southeast Asia,Terminal-1,Berth-5
PR03462,P004,Dubai,UAE,Middle East,Terminal-2,Berth-6
PR03463,P005,Colombo,Sri Lanka,South Asia,Terminal-3,Berth-7
PR03464,P006,Rotterdam,Netherlands,Europe,Terminal-4,Berth-8
PR03465,P007,Los Angeles,USA,North America,Terminal-1,Berth-9
PR03466,P001,Chennai,India,South Asia,Terminal-2,Berth-10
PR03467,P002,Mumbai,India,South Asia,Terminal-3,Berth-11
PR03468,P003,Singapore,Singapore,Southeast Asia,Terminal-4,Berth-12
PR03469,P004,Dubai,UAE,Middle East,Terminal-1,Berth-13
PR03470,P005,Colombo,Sri Lanka,South Asia,Terminal-2,Berth-14
PR03471,P006,Rotterdam,Netherlands,Europe,Terminal-3,Berth-15
PR03472,P007,Los Angeles,USA,North America,Terminal-4,Berth-16
PR03473,P001,Chennai,India,South Asia,Terminal-1,Berth-17
PR03474,P002,Mumbai,India,South Asia,Terminal-2,Berth-18
PR03475,P003,Singapore,Singapore,Southeast Asia,Terminal-3,Berth-1
PR03476,P004,Dubai,UAE,Middle East,Terminal-4,Berth-2
PR03477,P005,Colombo,Sri Lanka,South Asia,Terminal-1,Berth-3
PR03478,P006,Rotterdam,Netherlands,Europe,Terminal-2,Berth-4
PR03479,P007,Los Angeles,USA,North America,Terminal-3,Berth-5
PR03480,P001,Chennai,India,South Asia,Terminal-4,Berth-6
PR03481,P002,Mumbai,India,South Asia,Terminal-1,Berth-7
PR03482,P003,Singapore,Singapore,Southeast Asia,Terminal-2,Berth-8
PR03483,P004,Dubai,UAE,Middle East,Terminal-3,Berth-9
PR03484,P005,Colombo,Sri Lanka,South Asia,Terminal-4,Berth-10
PR03485,P006,Rotterdam,Netherlands,Europe,Terminal-1,Berth-11
PR03486,P007,Los Angeles,USA,North America,Terminal-2,Berth-12
PR03487,P001,Chennai,India,South Asia,Terminal-3,Berth-13
PR03488,P002,Mumbai,India,South Asia,Terminal-4,Berth-14
PR03489,P003,Singapore,Singapore,Southeast Asia,Terminal-1,Berth-15
PR03490,P004,Dubai,UAE,Middle East,Terminal-2,Berth-16
PR03491,P005,Colombo,Sri Lanka,South Asia,Terminal-3,Berth-17
PR03492,P006,Rotterdam,Netherlands,Europe,Terminal-4,Berth-18
PR03493,P007,Los Angeles,USA,North America,Terminal-1,Berth-1
PR03494,P001,Chennai,India,South Asia,Terminal-2,Berth-2
PR03495,P002,Mumbai,India,South Asia,Terminal-3,Berth-3
PR03496,P003,Singapore,Singapore,Southeast Asia,Terminal-4,Berth-4
PR03497,P004,Dubai,UAE,Middle East,Terminal-1,Berth-5
PR03498,P005,Colombo,Sri Lanka,South Asia,Terminal-2,Berth-6
PR03499,P006,Rotterdam,Netherlands,Europe,Terminal-3,Berth-7
PR03500,P007,Los Angeles,USA,North America,Terminal-4,Berth-8
PR03501,P001,Chennai,India,South Asia,Terminal-1,Berth-9
PR03502,P002,Mumbai,India,South Asia,Terminal-2,Berth-10
PR03503,P003,Singapore,Singapore,Southeast Asia,Terminal-3,Berth-11
PR03504,P004,Dubai,UAE,Middle East,Terminal-4,Berth-12
PR03505,P005,Colombo,Sri Lanka,South Asia,Terminal-1,Berth-13
PR03506,P006,Rotterdam,Netherlands,Europe,Terminal-2,Berth-14
PR03507,P007,Los Angeles,USA,North America,Terminal-3,Berth-15
PR03508,P001,Chennai,India,South Asia,Terminal-4,Berth-16
PR03509,P002,Mumbai,India,South Asia,Terminal-1,Berth-17
PR03510,P003,Singapore,Singapore,Southeast Asia,Terminal-2,Berth-18
PR03511,P004,Dubai,UAE,Middle East,Terminal-3,Berth-1
PR03512,P005,Colombo,Sri Lanka,South Asia,Terminal-4,Berth-2
PR03513,P006,Rotterdam,Netherlands,Europe,Terminal-1,Berth-3
PR03514,P007,Los Angeles,USA,North America,Terminal-2,Berth-4
PR03515,P001,Chennai,India,South Asia,Terminal-3,Berth-5
PR03516,P002,Mumbai,India,South Asia,Terminal-4,Berth-6
PR03517,P003,Singapore,Singapore,Southeast Asia,Terminal-1,Berth-7
PR03518,P004,Dubai,UAE,Middle East,Terminal-2,Berth-8
PR03519,P005,Colombo,Sri Lanka,South Asia,Terminal-3,Berth-9
PR03520,P006,Rotterdam,Netherlands,Europe,Terminal-4,Berth-10
PR03521,P007,Los Angeles,USA,North America,Terminal-1,Berth-11
PR03522,P001,Chennai,India,South Asia,Terminal-2,Berth-12
PR03523,P002,Mumbai,India,South Asia,Terminal-3,Berth-13
PR03524,P003,Singapore,Singapore,Southeast Asia,Terminal-4,Berth-14
PR03525,P004,Dubai,UAE,Middle East,Terminal-1,Berth-15
PR03526,P005,Colombo,Sri Lanka,South Asia,Terminal-2,Berth-16
PR03527,P006,Rotterdam,Netherlands,Europe,Terminal-3,Berth-17
PR03528,P007,Los Angeles,USA,North America,Terminal-4,Berth-18
PR03529,P001,Chennai,India,South Asia,Terminal-1,Berth-1
PR03530,P002,Mumbai,India,South Asia,Terminal-2,Berth-2
PR03531,P003,Singapore,Singapore,Southeast Asia,Terminal-3,Berth-3
PR03532,P004,Dubai,UAE,Middle East,Terminal-4,Berth-4
PR03533,P005,Colombo,Sri Lanka,South Asia,Terminal-1,Berth-5
PR03534,P006,Rotterdam,Netherlands,Europe,Terminal-2,Berth-6
PR03535,P007,Los Angeles,USA,North America,Terminal-3,Berth-7
PR03536,P001,Chennai,India,South Asia,Terminal-4,Berth-8
PR03537,P002,Mumbai,India,South Asia,Terminal-1,Berth-9
PR03538,P003,Singapore,Singapore,Southeast Asia,Terminal-2,Berth-10
PR03539,P004,Dubai,UAE,Middle East,Terminal-3,Berth-11
PR03540,P005,Colombo,Sri Lanka,South Asia,Terminal-4,Berth-12
PR03541,P006,Rotterdam,Netherlands,Europe,Terminal-1,Berth-13
PR03542,P007,Los Angeles,USA,North America,Terminal-2,Berth-14
PR03543,P001,Chennai,India,South Asia,Terminal-3,Berth-15
PR03544,P002,Mumbai,India,South Asia,Terminal-4,Berth-16
PR03545,P003,Singapore,Singapore,Southeast Asia,Terminal-1,Berth-17
PR03546,P004,Dubai,UAE,Middle East,Terminal-2,Berth-18
PR03547,P005,Colombo,Sri Lanka,South Asia,Terminal-3,Berth-1
PR03548,P006,Rotterdam,Netherlands,Europe,Terminal-4,Berth-2
PR03549,P007,Los Angeles,USA,North America,Terminal-1,Berth-3
PR03550,P001,Chennai,India,South Asia,Terminal-2,Berth-4
PR03551,P002,Mumbai,India,South Asia,Terminal-3,Berth-5
PR03552,P003,Singapore,Singapore,Southeast Asia,Terminal-4,Berth-6
PR03553,P004,Dubai,UAE,Middle East,Terminal-1,Berth-7
PR03554,P005,Colombo,Sri Lanka,South Asia,Terminal-2,Berth-8
PR03555,P006,Rotterdam,Netherlands,Europe,Terminal-3,Berth-9
PR03556,P007,Los Angeles,USA,North America,Terminal-4,Berth-10
PR03557,P001,Chennai,India,South Asia,Terminal-1,Berth-11
PR03558,P002,Mumbai,India,South Asia,Terminal-2,Berth-12
PR03559,P003,Singapore,Singapore,Southeast Asia,Terminal-3,Berth-13
PR03560,P004,Dubai,UAE,Middle East,Terminal-4,Berth-14
PR03561,P005,Colombo,Sri Lanka,South Asia,Terminal-1,Berth-15
PR03562,P006,Rotterdam,Netherlands,Europe,Terminal-2,Berth-16
PR03563,P007,Los Angeles,USA,North America,Terminal-3,Berth-17
PR03564,P001,Chennai,India,South Asia,Terminal-4,Berth-18
PR03565,P002,Mumbai,India,South Asia,Terminal-1,Berth-1
PR03566,P003,Singapore,Singapore,Southeast Asia,Terminal-2,Berth-2
PR03567,P004,Dubai,UAE,Middle East,Terminal-3,Berth-3
PR03568,P005,Colombo,Sri Lanka,South Asia,Terminal-4,Berth-4
PR03569,P006,Rotterdam,Netherlands,Europe,Terminal-1,Berth-5
PR03570,P007,Los Angeles,USA,North America,Terminal-2,Berth-6
PR03571,P001,Chennai,India,South Asia,Terminal-3,Berth-7
PR03572,P002,Mumbai,India,South Asia,Terminal-4,Berth-8
PR03573,P003,Singapore,Singapore,Southeast Asia,Terminal-1,Berth-9
PR03574,P004,Dubai,UAE,Middle East,Terminal-2,Berth-10
PR03575,P005,Colombo,Sri Lanka,South Asia,Terminal-3,Berth-11
PR03576,P006,Rotterdam,Netherlands,Europe,Terminal-4,Berth-12
PR03577,P007,Los Angeles,USA,North America,Terminal-1,Berth-13
PR03578,P001,Chennai,India,South Asia,Terminal-2,Berth-14
PR03579,P002,Mumbai,India,South Asia,Terminal-3,Berth-15
PR03580,P003,Singapore,Singapore,Southeast Asia,Terminal-4,Berth-16
PR03581,P004,Dubai,UAE,Middle East,Terminal-1,Berth-17
PR03582,P005,Colombo,Sri Lanka,South Asia,Terminal-2,Berth-18
PR03583,P006,Rotterdam,Netherlands,Europe,Terminal-3,Berth-1
PR03584,P007,Los Angeles,USA,North America,Terminal-4,Berth-2
PR03585,P001,Chennai,India,South Asia,Terminal-1,Berth-3
PR03586,P002,Mumbai,India,South Asia,Terminal-2,Berth-4
PR03587,P003,Singapore,Singapore,Southeast Asia,Terminal-3,Berth-5
PR03588,P004,Dubai,UAE,Middle East,Terminal-4,Berth-6
PR03589,P005,Colombo,Sri Lanka,South Asia,Terminal-1,Berth-7
PR03590,P006,Rotterdam,Netherlands,Europe,Terminal-2,Berth-8
PR03591,P007,Los Angeles,USA,North America,Terminal-3,Berth-9
PR03592,P001,Chennai,India,South Asia,Terminal-4,Berth-10
PR03593,P002,Mumbai,India,South Asia,Terminal-1,Berth-11
PR03594,P003,Singapore,Singapore,Southeast Asia,Terminal-2,Berth-12
PR03595,P004,Dubai,UAE,Middle East,Terminal-3,Berth-13
PR03596,P005,Colombo,Sri Lanka,South Asia,Terminal-4,Berth-14
PR03597,P006,Rotterdam,Netherlands,Europe,Terminal-1,Berth-15
PR03598,P007,Los Angeles,USA,North America,Terminal-2,Berth-16
PR03599,P001,Chennai,India,South Asia,Terminal-3,Berth-17
PR03600,P002,Mumbai,India,South Asia,Terminal-4,Berth-18
PR03601,P003,Singapore,Singapore,Southeast Asia,Terminal-1,Berth-1
PR03602,P004,Dubai,UAE,Middle East,Terminal-2,Berth-2
PR03603,P005,Colombo,Sri Lanka,South Asia,Terminal-3,Berth-3
PR03604,P006,Rotterdam,Netherlands,Europe,Terminal-4,Berth-4
PR03605,P007,Los Angeles,USA,North America,Terminal-1,Berth-5
PR03606,P001,Chennai,India,South Asia,Terminal-2,Berth-6
PR03607,P002,Mumbai,India,South Asia,Terminal-3,Berth-7
PR03608,P003,Singapore,Singapore,Southeast Asia,Terminal-4,Berth-8
PR03609,P004,Dubai,UAE,Middle East,Terminal-1,Berth-9
PR03610,P005,Colombo,Sri Lanka,South Asia,Terminal-2,Berth-10
PR03611,P006,Rotterdam,Netherlands,Europe,Terminal-3,Berth-11
PR03612,P007,Los Angeles,USA,North America,Terminal-4,Berth-12
PR03613,P001,Chennai,India,South Asia,Terminal-1,Berth-13
PR03614,P002,Mumbai,India,South Asia,Terminal-2,Berth-14
PR03615,P003,Singapore,Singapore,Southeast Asia,Terminal-3,Berth-15
PR03616,P004,Dubai,UAE,Middle East,Terminal-4,Berth-16
PR03617,P005,Colombo,Sri Lanka,South Asia,Terminal-1,Berth-17
PR03618,P006,Rotterdam,Netherlands,Europe,Terminal-2,Berth-18
PR03619,P007,Los Angeles,USA,North America,Terminal-3,Berth-1
PR03620,P001,Chennai,India,South Asia,Terminal-4,Berth-2
PR03621,P002,Mumbai,India,South Asia,Terminal-1,Berth-3
PR03622,P003,Singapore,Singapore,Southeast Asia,Terminal-2,Berth-4
PR03623,P004,Dubai,UAE,Middle East,Terminal-3,Berth-5
PR03624,P005,Colombo,Sri Lanka,South Asia,Terminal-4,Berth-6
PR03625,P006,Rotterdam,Netherlands,Europe,Terminal-1,Berth-7
PR03626,P007,Los Angeles,USA,North America,Terminal-2,Berth-8
PR03627,P001,Chennai,India,South Asia,Terminal-3,Berth-9
PR03628,P002,Mumbai,India,South Asia,Terminal-4,Berth-10
PR03629,P003,Singapore,Singapore,Southeast Asia,Terminal-1,Berth-11
PR03630,P004,Dubai,UAE,Middle East,Terminal-2,Berth-12
PR03631,P005,Colombo,Sri Lanka,South Asia,Terminal-3,Berth-13
PR03632,P006,Rotterdam,Netherlands,Europe,Terminal-4,Berth-14
PR03633,P007,Los Angeles,USA,North America,Terminal-1,Berth-15
PR03634,P001,Chennai,India,South Asia,Terminal-2,Berth-16
PR03635,P002,Mumbai,India,South Asia,Terminal-3,Berth-17
PR03636,P003,Singapore,Singapore,Southeast Asia,Terminal-4,Berth-18
PR03637,P004,Dubai,UAE,Middle East,Terminal-1,Berth-1
PR03638,P005,Colombo,Sri Lanka,South Asia,Terminal-2,Berth-2
PR03639,P006,Rotterdam,Netherlands,Europe,Terminal-3,Berth-3
PR03640,P007,Los Angeles,USA,North America,Terminal-4,Berth-4
PR03641,P001,Chennai,India,South Asia,Terminal-1,Berth-5
PR03642,P002,Mumbai,India,South Asia,Terminal-2,Berth-6
PR03643,P003,Singapore,Singapore,Southeast Asia,Terminal-3,Berth-7
PR03644,P004,Dubai,UAE,Middle East,Terminal-4,Berth-8
PR03645,P005,Colombo,Sri Lanka,South Asia,Terminal-1,Berth-9
PR03646,P006,Rotterdam,Netherlands,Europe,Terminal-2,Berth-10
PR03647,P007,Los Angeles,USA,North America,Terminal-3,Berth-11
PR03648,P001,Chennai,India,South Asia,Terminal-4,Berth-12
PR03649,P002,Mumbai,India,South Asia,Terminal-1,Berth-13
PR03650,P003,Singapore,Singapore,Southeast Asia,Terminal-2,Berth-14
PR03651,P004,Dubai,UAE,Middle East,Terminal-3,Berth-15
PR03652,P005,Colombo,Sri Lanka,South Asia,Terminal-4,Berth-16
PR03653,P006,Rotterdam,Netherlands,Europe,Terminal-1,Berth-17
PR03654,P007,Los Angeles,USA,North America,Terminal-2,Berth-18
PR03655,P001,Chennai,India,South Asia,Terminal-3,Berth-1
PR03656,P002,Mumbai,India,South Asia,Terminal-4,Berth-2
PR03657,P003,Singapore,Singapore,Southeast Asia,Terminal-1,Berth-3
PR03658,P004,Dubai,UAE,Middle East,Terminal-2,Berth-4
PR03659,P005,Colombo,Sri Lanka,South Asia,Terminal-3,Berth-5
PR03660,P006,Rotterdam,Netherlands,Europe,Terminal-4,Berth-6
PR03661,P007,Los Angeles,USA,North America,Terminal-1,Berth-7
PR03662,P001,Chennai,India,South Asia,Terminal-2,Berth-8
PR03663,P002,Mumbai,India,South Asia,Terminal-3,Berth-9
PR03664,P003,Singapore,Singapore,Southeast Asia,Terminal-4,Berth-10
PR03665,P004,Dubai,UAE,Middle East,Terminal-1,Berth-11
PR03666,P005,Colombo,Sri Lanka,South Asia,Terminal-2,Berth-12
PR03667,P006,Rotterdam,Netherlands,Europe,Terminal-3,Berth-13
PR03668,P007,Los Angeles,USA,North America,Terminal-4,Berth-14
PR03669,P001,Chennai,India,South Asia,Terminal-1,Berth-15
PR03670,P002,Mumbai,India,South Asia,Terminal-2,Berth-16
PR03671,P003,Singapore,Singapore,Southeast Asia,Terminal-3,Berth-17
PR03672,P004,Dubai,UAE,Middle East,Terminal-4,Berth-18
PR03673,P005,Colombo,Sri Lanka,South Asia,Terminal-1,Berth-1
PR03674,P006,Rotterdam,Netherlands,Europe,Terminal-2,Berth-2
PR03675,P007,Los Angeles,USA,North America,Terminal-3,Berth-3
PR03676,P001,Chennai,India,South Asia,Terminal-4,Berth-4
PR03677,P002,Mumbai,India,South Asia,Terminal-1,Berth-5
PR03678,P003,Singapore,Singapore,Southeast Asia,Terminal-2,Berth-6
PR03679,P004,Dubai,UAE,Middle East,Terminal-3,Berth-7
PR03680,P005,Colombo,Sri Lanka,South Asia,Terminal-4,Berth-8
PR03681,P006,Rotterdam,Netherlands,Europe,Terminal-1,Berth-9
PR03682,P007,Los Angeles,USA,North America,Terminal-2,Berth-10
PR03683,P001,Chennai,India,South Asia,Terminal-3,Berth-11
PR03684,P002,Mumbai,India,South Asia,Terminal-4,Berth-12
PR03685,P003,Singapore,Singapore,Southeast Asia,Terminal-1,Berth-13
PR03686,P004,Dubai,UAE,Middle East,Terminal-2,Berth-14
PR03687,P005,Colombo,Sri Lanka,South Asia,Terminal-3,Berth-15
PR03688,P006,Rotterdam,Netherlands,Europe,Terminal-4,Berth-16
PR03689,P007,Los Angeles,USA,North America,Terminal-1,Berth-17
PR03690,P001,Chennai,India,South Asia,Terminal-2,Berth-18
PR03691,P002,Mumbai,India,South Asia,Terminal-3,Berth-1
PR03692,P003,Singapore,Singapore,Southeast Asia,Terminal-4,Berth-2
PR03693,P004,Dubai,UAE,Middle East,Terminal-1,Berth-3
PR03694,P005,Colombo,Sri Lanka,South Asia,Terminal-2,Berth-4
PR03695,P006,Rotterdam,Netherlands,Europe,Terminal-3,Berth-5
PR03696,P007,Los Angeles,USA,North America,Terminal-4,Berth-6
PR03697,P001,Chennai,India,South Asia,Terminal-1,Berth-7
PR03698,P002,Mumbai,India,South Asia,Terminal-2,Berth-8
PR03699,P003,Singapore,Singapore,Southeast Asia,Terminal-3,Berth-9
PR03700,P004,Dubai,UAE,Middle East,Terminal-4,Berth-10
PR03701,P005,Colombo,Sri Lanka,South Asia,Terminal-1,Berth-11
PR03702,P006,Rotterdam,Netherlands,Europe,Terminal-2,Berth-12
PR03703,P007,Los Angeles,USA,North America,Terminal-3,Berth-13
PR03704,P001,Chennai,India,South Asia,Terminal-4,Berth-14
PR03705,P002,Mumbai,India,South Asia,Terminal-1,Berth-15
PR03706,P003,Singapore,Singapore,Southeast Asia,Terminal-2,Berth-16
PR03707,P004,Dubai,UAE,Middle East,Terminal-3,Berth-17
PR03708,P005,Colombo,Sri Lanka,South Asia,Terminal-4,Berth-18
PR03709,P006,Rotterdam,Netherlands,Europe,Terminal-1,Berth-1
PR03710,P007,Los Angeles,USA,North America,Terminal-2,Berth-2
PR03711,P001,Chennai,India,South Asia,Terminal-3,Berth-3
PR03712,P002,Mumbai,India,South Asia,Terminal-4,Berth-4
PR03713,P003,Singapore,Singapore,Southeast Asia,Terminal-1,Berth-5
PR03714,P004,Dubai,UAE,Middle East,Terminal-2,Berth-6
PR03715,P005,Colombo,Sri Lanka,South Asia,Terminal-3,Berth-7
PR03716,P006,Rotterdam,Netherlands,Europe,Terminal-4,Berth-8
PR03717,P007,Los Angeles,USA,North America,Terminal-1,Berth-9
PR03718,P001,Chennai,India,South Asia,Terminal-2,Berth-10
PR03719,P002,Mumbai,India,South Asia,Terminal-3,Berth-11
PR03720,P003,Singapore,Singapore,Southeast Asia,Terminal-4,Berth-12
PR03721,P004,Dubai,UAE,Middle East,Terminal-1,Berth-13
PR03722,P005,Colombo,Sri Lanka,South Asia,Terminal-2,Berth-14
PR03723,P006,Rotterdam,Netherlands,Europe,Terminal-3,Berth-15
PR03724,P007,Los Angeles,USA,North America,Terminal-4,Berth-16
PR03725,P001,Chennai,India,South Asia,Terminal-1,Berth-17
PR03726,P002,Mumbai,India,South Asia,Terminal-2,Berth-18
PR03727,P003,Singapore,Singapore,Southeast Asia,Terminal-3,Berth-1
PR03728,P004,Dubai,UAE,Middle East,Terminal-4,Berth-2
PR03729,P005,Colombo,Sri Lanka,South Asia,Terminal-1,Berth-3
PR03730,P006,Rotterdam,Netherlands,Europe,Terminal-2,Berth-4
PR03731,P007,Los Angeles,USA,North America,Terminal-3,Berth-5
PR03732,P001,Chennai,India,South Asia,Terminal-4,Berth-6
PR03733,P002,Mumbai,India,South Asia,Terminal-1,Berth-7
PR03734,P003,Singapore,Singapore,Southeast Asia,Terminal-2,Berth-8
PR03735,P004,Dubai,UAE,Middle East,Terminal-3,Berth-9
PR03736,P005,Colombo,Sri Lanka,South Asia,Terminal-4,Berth-10
PR03737,P006,Rotterdam,Netherlands,Europe,Terminal-1,Berth-11
PR03738,P007,Los Angeles,USA,North America,Terminal-2,Berth-12
PR03739,P001,Chennai,India,South Asia,Terminal-3,Berth-13
PR03740,P002,Mumbai,India,South Asia,Terminal-4,Berth-14
PR03741,P003,Singapore,Singapore,Southeast Asia,Terminal-1,Berth-15
PR03742,P004,Dubai,UAE,Middle East,Terminal-2,Berth-16
PR03743,P005,Colombo,Sri Lanka,South Asia,Terminal-3,Berth-17
PR03744,P006,Rotterdam,Netherlands,Europe,Terminal-4,Berth-18
PR03745,P007,Los Angeles,USA,North America,Terminal-1,Berth-1
PR03746,P001,Chennai,India,South Asia,Terminal-2,Berth-2
PR03747,P002,Mumbai,India,South Asia,Terminal-3,Berth-3
PR03748,P003,Singapore,Singapore,Southeast Asia,Terminal-4,Berth-4
PR03749,P004,Dubai,UAE,Middle East,Terminal-1,Berth-5
PR03750,P005,Colombo,Sri Lanka,South Asia,Terminal-2,Berth-6
PR03751,P006,Rotterdam,Netherlands,Europe,Terminal-3,Berth-7
PR03752,P007,Los Angeles,USA,North America,Terminal-4,Berth-8
PR03753,P001,Chennai,India,South Asia,Terminal-1,Berth-9
PR03754,P002,Mumbai,India,South Asia,Terminal-2,Berth-10
PR03755,P003,Singapore,Singapore,Southeast Asia,Terminal-3,Berth-11
PR03756,P004,Dubai,UAE,Middle East,Terminal-4,Berth-12
PR03757,P005,Colombo,Sri Lanka,South Asia,Terminal-1,Berth-13
PR03758,P006,Rotterdam,Netherlands,Europe,Terminal-2,Berth-14
PR03759,P007,Los Angeles,USA,North America,Terminal-3,Berth-15
PR03760,P001,Chennai,India,South Asia,Terminal-4,Berth-16
PR03761,P002,Mumbai,India,South Asia,Terminal-1,Berth-17
PR03762,P003,Singapore,Singapore,Southeast Asia,Terminal-2,Berth-18
PR03763,P004,Dubai,UAE,Middle East,Terminal-3,Berth-1
PR03764,P005,Colombo,Sri Lanka,South Asia,Terminal-4,Berth-2
PR03765,P006,Rotterdam,Netherlands,Europe,Terminal-1,Berth-3
PR03766,P007,Los Angeles,USA,North America,Terminal-2,Berth-4
PR03767,P001,Chennai,India,South Asia,Terminal-3,Berth-5
PR03768,P002,Mumbai,India,South Asia,Terminal-4,Berth-6
PR03769,P003,Singapore,Singapore,Southeast Asia,Terminal-1,Berth-7
PR03770,P004,Dubai,UAE,Middle East,Terminal-2,Berth-8
PR03771,P005,Colombo,Sri Lanka,South Asia,Terminal-3,Berth-9
PR03772,P006,Rotterdam,Netherlands,Europe,Terminal-4,Berth-10
PR03773,P007,Los Angeles,USA,North America,Terminal-1,Berth-11
PR03774,P001,Chennai,India,South Asia,Terminal-2,Berth-12
PR03775,P002,Mumbai,India,South Asia,Terminal-3,Berth-13
PR03776,P003,Singapore,Singapore,Southeast Asia,Terminal-4,Berth-14
PR03777,P004,Dubai,UAE,Middle East,Terminal-1,Berth-15
PR03778,P005,Colombo,Sri Lanka,South Asia,Terminal-2,Berth-16
PR03779,P006,Rotterdam,Netherlands,Europe,Terminal-3,Berth-17
PR03780,P007,Los Angeles,USA,North America,Terminal-4,Berth-18
PR03781,P001,Chennai,India,South Asia,Terminal-1,Berth-1
PR03782,P002,Mumbai,India,South Asia,Terminal-2,Berth-2
PR03783,P003,Singapore,Singapore,Southeast Asia,Terminal-3,Berth-3
PR03784,P004,Dubai,UAE,Middle East,Terminal-4,Berth-4
PR03785,P005,Colombo,Sri Lanka,South Asia,Terminal-1,Berth-5
PR03786,P006,Rotterdam,Netherlands,Europe,Terminal-2,Berth-6
PR03787,P007,Los Angeles,USA,North America,Terminal-3,Berth-7
PR03788,P001,Chennai,India,South Asia,Terminal-4,Berth-8
PR03789,P002,Mumbai,India,South Asia,Terminal-1,Berth-9
PR03790,P003,Singapore,Singapore,Southeast Asia,Terminal-2,Berth-10
PR03791,P004,Dubai,UAE,Middle East,Terminal-3,Berth-11
PR03792,P005,Colombo,Sri Lanka,South Asia,Terminal-4,Berth-12
PR03793,P006,Rotterdam,Netherlands,Europe,Terminal-1,Berth-13
PR03794,P007,Los Angeles,USA,North America,Terminal-2,Berth-14
PR03795,P001,Chennai,India,South Asia,Terminal-3,Berth-15
PR03796,P002,Mumbai,India,South Asia,Terminal-4,Berth-16
PR03797,P003,Singapore,Singapore,Southeast Asia,Terminal-1,Berth-17
PR03798,P004,Dubai,UAE,Middle East,Terminal-2,Berth-18
PR03799,P005,Colombo,Sri Lanka,South Asia,Terminal-3,Berth-1
PR03800,P006,Rotterdam,Netherlands,Europe,Terminal-4,Berth-2
PR03801,P007,Los Angeles,USA,North America,Terminal-1,Berth-3
PR03802,P001,Chennai,India,South Asia,Terminal-2,Berth-4
PR03803,P002,Mumbai,India,South Asia,Terminal-3,Berth-5
PR03804,P003,Singapore,Singapore,Southeast Asia,Terminal-4,Berth-6
PR03805,P004,Dubai,UAE,Middle East,Terminal-1,Berth-7
PR03806,P005,Colombo,Sri Lanka,South Asia,Terminal-2,Berth-8
PR03807,P006,Rotterdam,Netherlands,Europe,Terminal-3,Berth-9
PR03808,P007,Los Angeles,USA,North America,Terminal-4,Berth-10
PR03809,P001,Chennai,India,South Asia,Terminal-1,Berth-11
PR03810,P002,Mumbai,India,South Asia,Terminal-2,Berth-12
PR03811,P003,Singapore,Singapore,Southeast Asia,Terminal-3,Berth-13
PR03812,P004,Dubai,UAE,Middle East,Terminal-4,Berth-14
PR03813,P005,Colombo,Sri Lanka,South Asia,Terminal-1,Berth-15
PR03814,P006,Rotterdam,Netherlands,Europe,Terminal-2,Berth-16
PR03815,P007,Los Angeles,USA,North America,Terminal-3,Berth-17
PR03816,P001,Chennai,India,South Asia,Terminal-4,Berth-18
PR03817,P002,Mumbai,India,South Asia,Terminal-1,Berth-1
PR03818,P003,Singapore,Singapore,Southeast Asia,Terminal-2,Berth-2
PR03819,P004,Dubai,UAE,Middle East,Terminal-3,Berth-3
PR03820,P005,Colombo,Sri Lanka,South Asia,Terminal-4,Berth-4
PR03821,P006,Rotterdam,Netherlands,Europe,Terminal-1,Berth-5
PR03822,P007,Los Angeles,USA,North America,Terminal-2,Berth-6
PR03823,P001,Chennai,India,South Asia,Terminal-3,Berth-7
PR03824,P002,Mumbai,India,South Asia,Terminal-4,Berth-8
PR03825,P003,Singapore,Singapore,Southeast Asia,Terminal-1,Berth-9
PR03826,P004,Dubai,UAE,Middle East,Terminal-2,Berth-10
PR03827,P005,Colombo,Sri Lanka,South Asia,Terminal-3,Berth-11
PR03828,P006,Rotterdam,Netherlands,Europe,Terminal-4,Berth-12
PR03829,P007,Los Angeles,USA,North America,Terminal-1,Berth-13
PR03830,P001,Chennai,India,South Asia,Terminal-2,Berth-14
PR03831,P002,Mumbai,India,South Asia,Terminal-3,Berth-15
PR03832,P003,Singapore,Singapore,Southeast Asia,Terminal-4,Berth-16
PR03833,P004,Dubai,UAE,Middle East,Terminal-1,Berth-17
PR03834,P005,Colombo,Sri Lanka,South Asia,Terminal-2,Berth-18
PR03835,P006,Rotterdam,Netherlands,Europe,Terminal-3,Berth-1
PR03836,P007,Los Angeles,USA,North America,Terminal-4,Berth-2
PR03837,P001,Chennai,India,South Asia,Terminal-1,Berth-3
PR03838,P002,Mumbai,India,South Asia,Terminal-2,Berth-4
PR03839,P003,Singapore,Singapore,Southeast Asia,Terminal-3,Berth-5
PR03840,P004,Dubai,UAE,Middle East,Terminal-4,Berth-6
PR03841,P005,Colombo,Sri Lanka,South Asia,Terminal-1,Berth-7
PR03842,P006,Rotterdam,Netherlands,Europe,Terminal-2,Berth-8
PR03843,P007,Los Angeles,USA,North America,Terminal-3,Berth-9
PR03844,P001,Chennai,India,South Asia,Terminal-4,Berth-10
PR03845,P002,Mumbai,India,South Asia,Terminal-1,Berth-11
PR03846,P003,Singapore,Singapore,Southeast Asia,Terminal-2,Berth-12
PR03847,P004,Dubai,UAE,Middle East,Terminal-3,Berth-13
PR03848,P005,Colombo,Sri Lanka,South Asia,Terminal-4,Berth-14
PR03849,P006,Rotterdam,Netherlands,Europe,Terminal-1,Berth-15
PR03850,P007,Los Angeles,USA,North America,Terminal-2,Berth-16
PR03851,P001,Chennai,India,South Asia,Terminal-3,Berth-17
PR03852,P002,Mumbai,India,South Asia,Terminal-4,Berth-18
PR03853,P003,Singapore,Singapore,Southeast Asia,Terminal-1,Berth-1
PR03854,P004,Dubai,UAE,Middle East,Terminal-2,Berth-2
PR03855,P005,Colombo,Sri Lanka,South Asia,Terminal-3,Berth-3
PR03856,P006,Rotterdam,Netherlands,Europe,Terminal-4,Berth-4
PR03857,P007,Los Angeles,USA,North America,Terminal-1,Berth-5
PR03858,P001,Chennai,India,South Asia,Terminal-2,Berth-6
PR03859,P002,Mumbai,India,South Asia,Terminal-3,Berth-7
PR03860,P003,Singapore,Singapore,Southeast Asia,Terminal-4,Berth-8
PR03861,P004,Dubai,UAE,Middle East,Terminal-1,Berth-9
PR03862,P005,Colombo,Sri Lanka,South Asia,Terminal-2,Berth-10
PR03863,P006,Rotterdam,Netherlands,Europe,Terminal-3,Berth-11
PR03864,P007,Los Angeles,USA,North America,Terminal-4,Berth-12
PR03865,P001,Chennai,India,South Asia,Terminal-1,Berth-13
PR03866,P002,Mumbai,India,South Asia,Terminal-2,Berth-14
PR03867,P003,Singapore,Singapore,Southeast Asia,Terminal-3,Berth-15
PR03868,P004,Dubai,UAE,Middle East,Terminal-4,Berth-16
PR03869,P005,Colombo,Sri Lanka,South Asia,Terminal-1,Berth-17
PR03870,P006,Rotterdam,Netherlands,Europe,Terminal-2,Berth-18
PR03871,P007,Los Angeles,USA,North America,Terminal-3,Berth-1
PR03872,P001,Chennai,India,South Asia,Terminal-4,Berth-2
PR03873,P002,Mumbai,India,South Asia,Terminal-1,Berth-3
PR03874,P003,Singapore,Singapore,Southeast Asia,Terminal-2,Berth-4
PR03875,P004,Dubai,UAE,Middle East,Terminal-3,Berth-5
PR03876,P005,Colombo,Sri Lanka,South Asia,Terminal-4,Berth-6
PR03877,P006,Rotterdam,Netherlands,Europe,Terminal-1,Berth-7
PR03878,P007,Los Angeles,USA,North America,Terminal-2,Berth-8
PR03879,P001,Chennai,India,South Asia,Terminal-3,Berth-9
PR03880,P002,Mumbai,India,South Asia,Terminal-4,Berth-10
PR03881,P003,Singapore,Singapore,Southeast Asia,Terminal-1,Berth-11
PR03882,P004,Dubai,UAE,Middle East,Terminal-2,Berth-12
PR03883,P005,Colombo,Sri Lanka,South Asia,Terminal-3,Berth-13
PR03884,P006,Rotterdam,Netherlands,Europe,Terminal-4,Berth-14
PR03885,P007,Los Angeles,USA,North America,Terminal-1,Berth-15
PR03886,P001,Chennai,India,South Asia,Terminal-2,Berth-16
PR03887,P002,Mumbai,India,South Asia,Terminal-3,Berth-17
PR03888,P003,Singapore,Singapore,Southeast Asia,Terminal-4,Berth-18
PR03889,P004,Dubai,UAE,Middle East,Terminal-1,Berth-1
PR03890,P005,Colombo,Sri Lanka,South Asia,Terminal-2,Berth-2
PR03891,P006,Rotterdam,Netherlands,Europe,Terminal-3,Berth-3
PR03892,P007,Los Angeles,USA,North America,Terminal-4,Berth-4
PR03893,P001,Chennai,India,South Asia,Terminal-1,Berth-5
PR03894,P002,Mumbai,India,South Asia,Terminal-2,Berth-6
PR03895,P003,Singapore,Singapore,Southeast Asia,Terminal-3,Berth-7
PR03896,P004,Dubai,UAE,Middle East,Terminal-4,Berth-8
PR03897,P005,Colombo,Sri Lanka,South Asia,Terminal-1,Berth-9
PR03898,P006,Rotterdam,Netherlands,Europe,Terminal-2,Berth-10
PR03899,P007,Los Angeles,USA,North America,Terminal-3,Berth-11
PR03900,P001,Chennai,India,South Asia,Terminal-4,Berth-12
PR03901,P002,Mumbai,India,South Asia,Terminal-1,Berth-13
PR03902,P003,Singapore,Singapore,Southeast Asia,Terminal-2,Berth-14
PR03903,P004,Dubai,UAE,Middle East,Terminal-3,Berth-15
PR03904,P005,Colombo,Sri Lanka,South Asia,Terminal-4,Berth-16
PR03905,P006,Rotterdam,Netherlands,Europe,Terminal-1,Berth-17
PR03906,P007,Los Angeles,USA,North America,Terminal-2,Berth-18
PR03907,P001,Chennai,India,South Asia,Terminal-3,Berth-1
PR03908,P002,Mumbai,India,South Asia,Terminal-4,Berth-2
PR03909,P003,Singapore,Singapore,Southeast Asia,Terminal-1,Berth-3
PR03910,P004,Dubai,UAE,Middle East,Terminal-2,Berth-4
PR03911,P005,Colombo,Sri Lanka,South Asia,Terminal-3,Berth-5
PR03912,P006,Rotterdam,Netherlands,Europe,Terminal-4,Berth-6
PR03913,P007,Los Angeles,USA,North America,Terminal-1,Berth-7
PR03914,P001,Chennai,India,South Asia,Terminal-2,Berth-8
PR03915,P002,Mumbai,India,South Asia,Terminal-3,Berth-9
PR03916,P003,Singapore,Singapore,Southeast Asia,Terminal-4,Berth-10
PR03917,P004,Dubai,UAE,Middle East,Terminal-1,Berth-11
PR03918,P005,Colombo,Sri Lanka,South Asia,Terminal-2,Berth-12
PR03919,P006,Rotterdam,Netherlands,Europe,Terminal-3,Berth-13
PR03920,P007,Los Angeles,USA,North America,Terminal-4,Berth-14
PR03921,P001,Chennai,India,South Asia,Terminal-1,Berth-15
PR03922,P002,Mumbai,India,South Asia,Terminal-2,Berth-16
PR03923,P003,Singapore,Singapore,Southeast Asia,Terminal-3,Berth-17
PR03924,P004,Dubai,UAE,Middle East,Terminal-4,Berth-18
PR03925,P005,Colombo,Sri Lanka,South Asia,Terminal-1,Berth-1
PR03926,P006,Rotterdam,Netherlands,Europe,Terminal-2,Berth-2
PR03927,P007,Los Angeles,USA,North America,Terminal-3,Berth-3
PR03928,P001,Chennai,India,South Asia,Terminal-4,Berth-4
PR03929,P002,Mumbai,India,South Asia,Terminal-1,Berth-5
PR03930,P003,Singapore,Singapore,Southeast Asia,Terminal-2,Berth-6
PR03931,P004,Dubai,UAE,Middle East,Terminal-3,Berth-7
PR03932,P005,Colombo,Sri Lanka,South Asia,Terminal-4,Berth-8
PR03933,P006,Rotterdam,Netherlands,Europe,Terminal-1,Berth-9
PR03934,P007,Los Angeles,USA,North America,Terminal-2,Berth-10
PR03935,P001,Chennai,India,South Asia,Terminal-3,Berth-11
PR03936,P002,Mumbai,India,South Asia,Terminal-4,Berth-12
PR03937,P003,Singapore,Singapore,Southeast Asia,Terminal-1,Berth-13
PR03938,P004,Dubai,UAE,Middle East,Terminal-2,Berth-14
PR03939,P005,Colombo,Sri Lanka,South Asia,Terminal-3,Berth-15
PR03940,P006,Rotterdam,Netherlands,Europe,Terminal-4,Berth-16
PR03941,P007,Los Angeles,USA,North America,Terminal-1,Berth-17
PR03942,P001,Chennai,India,South Asia,Terminal-2,Berth-18
PR03943,P002,Mumbai,India,South Asia,Terminal-3,Berth-1
PR03944,P003,Singapore,Singapore,Southeast Asia,Terminal-4,Berth-2
PR03945,P004,Dubai,UAE,Middle East,Terminal-1,Berth-3
PR03946,P005,Colombo,Sri Lanka,South Asia,Terminal-2,Berth-4
PR03947,P006,Rotterdam,Netherlands,Europe,Terminal-3,Berth-5
PR03948,P007,Los Angeles,USA,North America,Terminal-4,Berth-6
PR03949,P001,Chennai,India,South Asia,Terminal-1,Berth-7
PR03950,P002,Mumbai,India,South Asia,Terminal-2,Berth-8
PR03951,P003,Singapore,Singapore,Southeast Asia,Terminal-3,Berth-9
PR03952,P004,Dubai,UAE,Middle East,Terminal-4,Berth-10
PR03953,P005,Colombo,Sri Lanka,South Asia,Terminal-1,Berth-11
PR03954,P006,Rotterdam,Netherlands,Europe,Terminal-2,Berth-12
PR03955,P007,Los Angeles,USA,North America,Terminal-3,Berth-13
PR03956,P001,Chennai,India,South Asia,Terminal-4,Berth-14
PR03957,P002,Mumbai,India,South Asia,Terminal-1,Berth-15
PR03958,P003,Singapore,Singapore,Southeast Asia,Terminal-2,Berth-16
PR03959,P004,Dubai,UAE,Middle East,Terminal-3,Berth-17
PR03960,P005,Colombo,Sri Lanka,South Asia,Terminal-4,Berth-18
PR03961,P006,Rotterdam,Netherlands,Europe,Terminal-1,Berth-1
PR03962,P007,Los Angeles,USA,North America,Terminal-2,Berth-2
PR03963,P001,Chennai,India,South Asia,Terminal-3,Berth-3
PR03964,P002,Mumbai,India,South Asia,Terminal-4,Berth-4
PR03965,P003,Singapore,Singapore,Southeast Asia,Terminal-1,Berth-5
PR03966,P004,Dubai,UAE,Middle East,Terminal-2,Berth-6
PR03967,P005,Colombo,Sri Lanka,South Asia,Terminal-3,Berth-7
PR03968,P006,Rotterdam,Netherlands,Europe,Terminal-4,Berth-8
PR03969,P007,Los Angeles,USA,North America,Terminal-1,Berth-9
PR03970,P001,Chennai,India,South Asia,Terminal-2,Berth-10
PR03971,P002,Mumbai,India,South Asia,Terminal-3,Berth-11
PR03972,P003,Singapore,Singapore,Southeast Asia,Terminal-4,Berth-12
PR03973,P004,Dubai,UAE,Middle East,Terminal-1,Berth-13
PR03974,P005,Colombo,Sri Lanka,South Asia,Terminal-2,Berth-14
PR03975,P006,Rotterdam,Netherlands,Europe,Terminal-3,Berth-15
PR03976,P007,Los Angeles,USA,North America,Terminal-4,Berth-16
PR03977,P001,Chennai,India,South Asia,Terminal-1,Berth-17
PR03978,P002,Mumbai,India,South Asia,Terminal-2,Berth-18
PR03979,P003,Singapore,Singapore,Southeast Asia,Terminal-3,Berth-1
PR03980,P004,Dubai,UAE,Middle East,Terminal-4,Berth-2
PR03981,P005,Colombo,Sri Lanka,South Asia,Terminal-1,Berth-3
PR03982,P006,Rotterdam,Netherlands,Europe,Terminal-2,Berth-4
PR03983,P007,Los Angeles,USA,North America,Terminal-3,Berth-5
PR03984,P001,Chennai,India,South Asia,Terminal-4,Berth-6
PR03985,P002,Mumbai,India,South Asia,Terminal-1,Berth-7
PR03986,P003,Singapore,Singapore,Southeast Asia,Terminal-2,Berth-8
PR03987,P004,Dubai,UAE,Middle East,Terminal-3,Berth-9
PR03988,P005,Colombo,Sri Lanka,South Asia,Terminal-4,Berth-10
PR03989,P006,Rotterdam,Netherlands,Europe,Terminal-1,Berth-11
PR03990,P007,Los Angeles,USA,North America,Terminal-2,Berth-12
PR03991,P001,Chennai,India,South Asia,Terminal-3,Berth-13
PR03992,P002,Mumbai,India,South Asia,Terminal-4,Berth-14
PR03993,P003,Singapore,Singapore,Southeast Asia,Terminal-1,Berth-15
PR03994,P004,Dubai,UAE,Middle East,Terminal-2,Berth-16
PR03995,P005,Colombo,Sri Lanka,South Asia,Terminal-3,Berth-17
PR03996,P006,Rotterdam,Netherlands,Europe,Terminal-4,Berth-18
PR03997,P007,Los Angeles,USA,North America,Terminal-1,Berth-1
PR03998,P001,Chennai,India,South Asia,Terminal-2,Berth-2
PR03999,P002,Mumbai,India,South Asia,Terminal-3,Berth-3
PR04000,P003,Singapore,Singapore,Southeast Asia,Terminal-4,Berth-4
PR04001,P004,Dubai,UAE,Middle East,Terminal-1,Berth-5
PR04002,P005,Colombo,Sri Lanka,South Asia,Terminal-2,Berth-6
PR04003,P006,Rotterdam,Netherlands,Europe,Terminal-3,Berth-7
PR04004,P007,Los Angeles,USA,North America,Terminal-4,Berth-8
PR04005,P001,Chennai,India,South Asia,Terminal-1,Berth-9
PR04006,P002,Mumbai,India,South Asia,Terminal-2,Berth-10
PR04007,P003,Singapore,Singapore,Southeast Asia,Terminal-3,Berth-11
PR04008,P004,Dubai,UAE,Middle East,Terminal-4,Berth-12
PR04009,P005,Colombo,Sri Lanka,South Asia,Terminal-1,Berth-13
PR04010,P006,Rotterdam,Netherlands,Europe,Terminal-2,Berth-14
PR04011,P007,Los Angeles,USA,North America,Terminal-3,Berth-15
PR04012,P001,Chennai,India,South Asia,Terminal-4,Berth-16
PR04013,P002,Mumbai,India,South Asia,Terminal-1,Berth-17
PR04014,P003,Singapore,Singapore,Southeast Asia,Terminal-2,Berth-18
PR04015,P004,Dubai,UAE,Middle East,Terminal-3,Berth-1
PR04016,P005,Colombo,Sri Lanka,South Asia,Terminal-4,Berth-2
PR04017,P006,Rotterdam,Netherlands,Europe,Terminal-1,Berth-3
PR04018,P007,Los Angeles,USA,North America,Terminal-2,Berth-4
PR04019,P001,Chennai,India,South Asia,Terminal-3,Berth-5
PR04020,P002,Mumbai,India,South Asia,Terminal-4,Berth-6
PR04021,P003,Singapore,Singapore,Southeast Asia,Terminal-1,Berth-7
PR04022,P004,Dubai,UAE,Middle East,Terminal-2,Berth-8
PR04023,P005,Colombo,Sri Lanka,South Asia,Terminal-3,Berth-9
PR04024,P006,Rotterdam,Netherlands,Europe,Terminal-4,Berth-10
PR04025,P007,Los Angeles,USA,North America,Terminal-1,Berth-11
PR04026,P001,Chennai,India,South Asia,Terminal-2,Berth-12
PR04027,P002,Mumbai,India,South Asia,Terminal-3,Berth-13
PR04028,P003,Singapore,Singapore,Southeast Asia,Terminal-4,Berth-14
PR04029,P004,Dubai,UAE,Middle East,Terminal-1,Berth-15
PR04030,P005,Colombo,Sri Lanka,South Asia,Terminal-2,Berth-16
PR04031,P006,Rotterdam,Netherlands,Europe,Terminal-3,Berth-17
PR04032,P007,Los Angeles,USA,North America,Terminal-4,Berth-18
PR04033,P001,Chennai,India,South Asia,Terminal-1,Berth-1
PR04034,P002,Mumbai,India,South Asia,Terminal-2,Berth-2
PR04035,P003,Singapore,Singapore,Southeast Asia,Terminal-3,Berth-3
PR04036,P004,Dubai,UAE,Middle East,Terminal-4,Berth-4
PR04037,P005,Colombo,Sri Lanka,South Asia,Terminal-1,Berth-5
PR04038,P006,Rotterdam,Netherlands,Europe,Terminal-2,Berth-6
PR04039,P007,Los Angeles,USA,North America,Terminal-3,Berth-7
PR04040,P001,Chennai,India,South Asia,Terminal-4,Berth-8
PR04041,P002,Mumbai,India,South Asia,Terminal-1,Berth-9
PR04042,P003,Singapore,Singapore,Southeast Asia,Terminal-2,Berth-10
PR04043,P004,Dubai,UAE,Middle East,Terminal-3,Berth-11
PR04044,P005,Colombo,Sri Lanka,South Asia,Terminal-4,Berth-12
PR04045,P006,Rotterdam,Netherlands,Europe,Terminal-1,Berth-13
PR04046,P007,Los Angeles,USA,North America,Terminal-2,Berth-14
PR04047,P001,Chennai,India,South Asia,Terminal-3,Berth-15
PR04048,P002,Mumbai,India,South Asia,Terminal-4,Berth-16
PR04049,P003,Singapore,Singapore,Southeast Asia,Terminal-1,Berth-17
PR04050,P004,Dubai,UAE,Middle East,Terminal-2,Berth-18
PR04051,P005,Colombo,Sri Lanka,South Asia,Terminal-3,Berth-1
PR04052,P006,Rotterdam,Netherlands,Europe,Terminal-4,Berth-2
PR04053,P007,Los Angeles,USA,North America,Terminal-1,Berth-3
PR04054,P001,Chennai,India,South Asia,Terminal-2,Berth-4
PR04055,P002,Mumbai,India,South Asia,Terminal-3,Berth-5
PR04056,P003,Singapore,Singapore,Southeast Asia,Terminal-4,Berth-6
PR04057,P004,Dubai,UAE,Middle East,Terminal-1,Berth-7
PR04058,P005,Colombo,Sri Lanka,South Asia,Terminal-2,Berth-8
PR04059,P006,Rotterdam,Netherlands,Europe,Terminal-3,Berth-9
PR04060,P007,Los Angeles,USA,North America,Terminal-4,Berth-10
PR04061,P001,Chennai,India,South Asia,Terminal-1,Berth-11
PR04062,P002,Mumbai,India,South Asia,Terminal-2,Berth-12
PR04063,P003,Singapore,Singapore,Southeast Asia,Terminal-3,Berth-13
PR04064,P004,Dubai,UAE,Middle East,Terminal-4,Berth-14
PR04065,P005,Colombo,Sri Lanka,South Asia,Terminal-1,Berth-15
PR04066,P006,Rotterdam,Netherlands,Europe,Terminal-2,Berth-16
PR04067,P007,Los Angeles,USA,North America,Terminal-3,Berth-17
PR04068,P001,Chennai,India,South Asia,Terminal-4,Berth-18
PR04069,P002,Mumbai,India,South Asia,Terminal-1,Berth-1
PR04070,P003,Singapore,Singapore,Southeast Asia,Terminal-2,Berth-2
PR04071,P004,Dubai,UAE,Middle East,Terminal-3,Berth-3
PR04072,P005,Colombo,Sri Lanka,South Asia,Terminal-4,Berth-4
PR04073,P006,Rotterdam,Netherlands,Europe,Terminal-1,Berth-5
PR04074,P007,Los Angeles,USA,North America,Terminal-2,Berth-6
PR04075,P001,Chennai,India,South Asia,Terminal-3,Berth-7
PR04076,P002,Mumbai,India,South Asia,Terminal-4,Berth-8
PR04077,P003,Singapore,Singapore,Southeast Asia,Terminal-1,Berth-9
PR04078,P004,Dubai,UAE,Middle East,Terminal-2,Berth-10
PR04079,P005,Colombo,Sri Lanka,South Asia,Terminal-3,Berth-11
PR04080,P006,Rotterdam,Netherlands,Europe,Terminal-4,Berth-12
PR04081,P007,Los Angeles,USA,North America,Terminal-1,Berth-13
PR04082,P001,Chennai,India,South Asia,Terminal-2,Berth-14
PR04083,P002,Mumbai,India,South Asia,Terminal-3,Berth-15
PR04084,P003,Singapore,Singapore,Southeast Asia,Terminal-4,Berth-16
PR04085,P004,Dubai,UAE,Middle East,Terminal-1,Berth-17
PR04086,P005,Colombo,Sri Lanka,South Asia,Terminal-2,Berth-18
PR04087,P006,Rotterdam,Netherlands,Europe,Terminal-3,Berth-1
PR04088,P007,Los Angeles,USA,North America,Terminal-4,Berth-2
PR04089,P001,Chennai,India,South Asia,Terminal-1,Berth-3
PR04090,P002,Mumbai,India,South Asia,Terminal-2,Berth-4
PR04091,P003,Singapore,Singapore,Southeast Asia,Terminal-3,Berth-5
PR04092,P004,Dubai,UAE,Middle East,Terminal-4,Berth-6
PR04093,P005,Colombo,Sri Lanka,South Asia,Terminal-1,Berth-7
PR04094,P006,Rotterdam,Netherlands,Europe,Terminal-2,Berth-8
PR04095,P007,Los Angeles,USA,North America,Terminal-3,Berth-9
PR04096,P001,Chennai,India,South Asia,Terminal-4,Berth-10
PR04097,P002,Mumbai,India,South Asia,Terminal-1,Berth-11
PR04098,P003,Singapore,Singapore,Southeast Asia,Terminal-2,Berth-12
PR04099,P004,Dubai,UAE,Middle East,Terminal-3,Berth-13
PR04100,P005,Colombo,Sri Lanka,South Asia,Terminal-4,Berth-14
PR04101,P006,Rotterdam,Netherlands,Europe,Terminal-1,Berth-15
PR04102,P007,Los Angeles,USA,North America,Terminal-2,Berth-16
PR04103,P001,Chennai,India,South Asia,Terminal-3,Berth-17
PR04104,P002,Mumbai,India,South Asia,Terminal-4,Berth-18
PR04105,P003,Singapore,Singapore,Southeast Asia,Terminal-1,Berth-1
PR04106,P004,Dubai,UAE,Middle East,Terminal-2,Berth-2
PR04107,P005,Colombo,Sri Lanka,South Asia,Terminal-3,Berth-3
PR04108,P006,Rotterdam,Netherlands,Europe,Terminal-4,Berth-4
PR04109,P007,Los Angeles,USA,North America,Terminal-1,Berth-5
PR04110,P001,Chennai,India,South Asia,Terminal-2,Berth-6
PR04111,P002,Mumbai,India,South Asia,Terminal-3,Berth-7
PR04112,P003,Singapore,Singapore,Southeast Asia,Terminal-4,Berth-8
PR04113,P004,Dubai,UAE,Middle East,Terminal-1,Berth-9
PR04114,P005,Colombo,Sri Lanka,South Asia,Terminal-2,Berth-10
PR04115,P006,Rotterdam,Netherlands,Europe,Terminal-3,Berth-11
PR04116,P007,Los Angeles,USA,North America,Terminal-4,Berth-12
PR04117,P001,Chennai,India,South Asia,Terminal-1,Berth-13
PR04118,P002,Mumbai,India,South Asia,Terminal-2,Berth-14
PR04119,P003,Singapore,Singapore,Southeast Asia,Terminal-3,Berth-15
PR04120,P004,Dubai,UAE,Middle East,Terminal-4,Berth-16
PR04121,P005,Colombo,Sri Lanka,South Asia,Terminal-1,Berth-17
PR04122,P006,Rotterdam,Netherlands,Europe,Terminal-2,Berth-18
PR04123,P007,Los Angeles,USA,North America,Terminal-3,Berth-1
PR04124,P001,Chennai,India,South Asia,Terminal-4,Berth-2
PR04125,P002,Mumbai,India,South Asia,Terminal-1,Berth-3
PR04126,P003,Singapore,Singapore,Southeast Asia,Terminal-2,Berth-4
PR04127,P004,Dubai,UAE,Middle East,Terminal-3,Berth-5
PR04128,P005,Colombo,Sri Lanka,South Asia,Terminal-4,Berth-6
PR04129,P006,Rotterdam,Netherlands,Europe,Terminal-1,Berth-7
PR04130,P007,Los Angeles,USA,North America,Terminal-2,Berth-8
PR04131,P001,Chennai,India,South Asia,Terminal-3,Berth-9
PR04132,P002,Mumbai,India,South Asia,Terminal-4,Berth-10
PR04133,P003,Singapore,Singapore,Southeast Asia,Terminal-1,Berth-11
PR04134,P004,Dubai,UAE,Middle East,Terminal-2,Berth-12
PR04135,P005,Colombo,Sri Lanka,South Asia,Terminal-3,Berth-13
PR04136,P006,Rotterdam,Netherlands,Europe,Terminal-4,Berth-14
PR04137,P007,Los Angeles,USA,North America,Terminal-1,Berth-15
PR04138,P001,Chennai,India,South Asia,Terminal-2,Berth-16
PR04139,P002,Mumbai,India,South Asia,Terminal-3,Berth-17
PR04140,P003,Singapore,Singapore,Southeast Asia,Terminal-4,Berth-18
PR04141,P004,Dubai,UAE,Middle East,Terminal-1,Berth-1
PR04142,P005,Colombo,Sri Lanka,South Asia,Terminal-2,Berth-2
PR04143,P006,Rotterdam,Netherlands,Europe,Terminal-3,Berth-3
PR04144,P007,Los Angeles,USA,North America,Terminal-4,Berth-4
PR04145,P001,Chennai,India,South Asia,Terminal-1,Berth-5
PR04146,P002,Mumbai,India,South Asia,Terminal-2,Berth-6
PR04147,P003,Singapore,Singapore,Southeast Asia,Terminal-3,Berth-7
PR04148,P004,Dubai,UAE,Middle East,Terminal-4,Berth-8
PR04149,P005,Colombo,Sri Lanka,South Asia,Terminal-1,Berth-9
PR04150,P006,Rotterdam,Netherlands,Europe,Terminal-2,Berth-10
PR04151,P007,Los Angeles,USA,North America,Terminal-3,Berth-11
PR04152,P001,Chennai,India,South Asia,Terminal-4,Berth-12
PR04153,P002,Mumbai,India,South Asia,Terminal-1,Berth-13
PR04154,P003,Singapore,Singapore,Southeast Asia,Terminal-2,Berth-14
PR04155,P004,Dubai,UAE,Middle East,Terminal-3,Berth-15
PR04156,P005,Colombo,Sri Lanka,South Asia,Terminal-4,Berth-16
PR04157,P006,Rotterdam,Netherlands,Europe,Terminal-1,Berth-17
PR04158,P007,Los Angeles,USA,North America,Terminal-2,Berth-18
PR04159,P001,Chennai,India,South Asia,Terminal-3,Berth-1
PR04160,P002,Mumbai,India,South Asia,Terminal-4,Berth-2
PR04161,P003,Singapore,Singapore,Southeast Asia,Terminal-1,Berth-3
PR04162,P004,Dubai,UAE,Middle East,Terminal-2,Berth-4
PR04163,P005,Colombo,Sri Lanka,South Asia,Terminal-3,Berth-5
PR04164,P006,Rotterdam,Netherlands,Europe,Terminal-4,Berth-6
PR04165,P007,Los Angeles,USA,North America,Terminal-1,Berth-7
PR04166,P001,Chennai,India,South Asia,Terminal-2,Berth-8
PR04167,P002,Mumbai,India,South Asia,Terminal-3,Berth-9
PR04168,P003,Singapore,Singapore,Southeast Asia,Terminal-4,Berth-10
PR04169,P004,Dubai,UAE,Middle East,Terminal-1,Berth-11
PR04170,P005,Colombo,Sri Lanka,South Asia,Terminal-2,Berth-12
PR04171,P006,Rotterdam,Netherlands,Europe,Terminal-3,Berth-13
PR04172,P007,Los Angeles,USA,North America,Terminal-4,Berth-14
PR04173,P001,Chennai,India,South Asia,Terminal-1,Berth-15
PR04174,P002,Mumbai,India,South Asia,Terminal-2,Berth-16
PR04175,P003,Singapore,Singapore,Southeast Asia,Terminal-3,Berth-17
PR04176,P004,Dubai,UAE,Middle East,Terminal-4,Berth-18
PR04177,P005,Colombo,Sri Lanka,South Asia,Terminal-1,Berth-1
PR04178,P006,Rotterdam,Netherlands,Europe,Terminal-2,Berth-2
PR04179,P007,Los Angeles,USA,North America,Terminal-3,Berth-3
PR04180,P001,Chennai,India,South Asia,Terminal-4,Berth-4
PR04181,P002,Mumbai,India,South Asia,Terminal-1,Berth-5
PR04182,P003,Singapore,Singapore,Southeast Asia,Terminal-2,Berth-6
PR04183,P004,Dubai,UAE,Middle East,Terminal-3,Berth-7
PR04184,P005,Colombo,Sri Lanka,South Asia,Terminal-4,Berth-8
PR04185,P006,Rotterdam,Netherlands,Europe,Terminal-1,Berth-9
PR04186,P007,Los Angeles,USA,North America,Terminal-2,Berth-10
PR04187,P001,Chennai,India,South Asia,Terminal-3,Berth-11
PR04188,P002,Mumbai,India,South Asia,Terminal-4,Berth-12
PR04189,P003,Singapore,Singapore,Southeast Asia,Terminal-1,Berth-13
PR04190,P004,Dubai,UAE,Middle East,Terminal-2,Berth-14
PR04191,P005,Colombo,Sri Lanka,South Asia,Terminal-3,Berth-15
PR04192,P006,Rotterdam,Netherlands,Europe,Terminal-4,Berth-16
PR04193,P007,Los Angeles,USA,North America,Terminal-1,Berth-17
PR04194,P001,Chennai,India,South Asia,Terminal-2,Berth-18
PR04195,P002,Mumbai,India,South Asia,Terminal-3,Berth-1
PR04196,P003,Singapore,Singapore,Southeast Asia,Terminal-4,Berth-2
PR04197,P004,Dubai,UAE,Middle East,Terminal-1,Berth-3
PR04198,P005,Colombo,Sri Lanka,South Asia,Terminal-2,Berth-4
PR04199,P006,Rotterdam,Netherlands,Europe,Terminal-3,Berth-5
PR04200,P007,Los Angeles,USA,North America,Terminal-4,Berth-6
PR04201,P001,Chennai,India,South Asia,Terminal-1,Berth-7
PR04202,P002,Mumbai,India,South Asia,Terminal-2,Berth-8
PR04203,P003,Singapore,Singapore,Southeast Asia,Terminal-3,Berth-9
PR04204,P004,Dubai,UAE,Middle East,Terminal-4,Berth-10
PR04205,P005,Colombo,Sri Lanka,South Asia,Terminal-1,Berth-11
PR04206,P006,Rotterdam,Netherlands,Europe,Terminal-2,Berth-12
PR04207,P007,Los Angeles,USA,North America,Terminal-3,Berth-13
PR04208,P001,Chennai,India,South Asia,Terminal-4,Berth-14
PR04209,P002,Mumbai,India,South Asia,Terminal-1,Berth-15
PR04210,P003,Singapore,Singapore,Southeast Asia,Terminal-2,Berth-16
PR04211,P004,Dubai,UAE,Middle East,Terminal-3,Berth-17
PR04212,P005,Colombo,Sri Lanka,South Asia,Terminal-4,Berth-18
PR04213,P006,Rotterdam,Netherlands,Europe,Terminal-1,Berth-1
PR04214,P007,Los Angeles,USA,North America,Terminal-2,Berth-2
PR04215,P001,Chennai,India,South Asia,Terminal-3,Berth-3
PR04216,P002,Mumbai,India,South Asia,Terminal-4,Berth-4
PR04217,P003,Singapore,Singapore,Southeast Asia,Terminal-1,Berth-5
PR04218,P004,Dubai,UAE,Middle East,Terminal-2,Berth-6
PR04219,P005,Colombo,Sri Lanka,South Asia,Terminal-3,Berth-7
PR04220,P006,Rotterdam,Netherlands,Europe,Terminal-4,Berth-8
PR04221,P007,Los Angeles,USA,North America,Terminal-1,Berth-9
PR04222,P001,Chennai,India,South Asia,Terminal-2,Berth-10
PR04223,P002,Mumbai,India,South Asia,Terminal-3,Berth-11
PR04224,P003,Singapore,Singapore,Southeast Asia,Terminal-4,Berth-12
PR04225,P004,Dubai,UAE,Middle East,Terminal-1,Berth-13
PR04226,P005,Colombo,Sri Lanka,South Asia,Terminal-2,Berth-14
PR04227,P006,Rotterdam,Netherlands,Europe,Terminal-3,Berth-15
PR04228,P007,Los Angeles,USA,North America,Terminal-4,Berth-16
PR04229,P001,Chennai,India,South Asia,Terminal-1,Berth-17
PR04230,P002,Mumbai,India,South Asia,Terminal-2,Berth-18
PR04231,P003,Singapore,Singapore,Southeast Asia,Terminal-3,Berth-1
PR04232,P004,Dubai,UAE,Middle East,Terminal-4,Berth-2
PR04233,P005,Colombo,Sri Lanka,South Asia,Terminal-1,Berth-3
PR04234,P006,Rotterdam,Netherlands,Europe,Terminal-2,Berth-4
PR04235,P007,Los Angeles,USA,North America,Terminal-3,Berth-5
PR04236,P001,Chennai,India,South Asia,Terminal-4,Berth-6
PR04237,P002,Mumbai,India,South Asia,Terminal-1,Berth-7
PR04238,P003,Singapore,Singapore,Southeast Asia,Terminal-2,Berth-8
PR04239,P004,Dubai,UAE,Middle East,Terminal-3,Berth-9
PR04240,P005,Colombo,Sri Lanka,South Asia,Terminal-4,Berth-10
PR04241,P006,Rotterdam,Netherlands,Europe,Terminal-1,Berth-11
PR04242,P007,Los Angeles,USA,North America,Terminal-2,Berth-12
PR04243,P001,Chennai,India,South Asia,Terminal-3,Berth-13
PR04244,P002,Mumbai,India,South Asia,Terminal-4,Berth-14
PR04245,P003,Singapore,Singapore,Southeast Asia,Terminal-1,Berth-15
PR04246,P004,Dubai,UAE,Middle East,Terminal-2,Berth-16
PR04247,P005,Colombo,Sri Lanka,South Asia,Terminal-3,Berth-17
PR04248,P006,Rotterdam,Netherlands,Europe,Terminal-4,Berth-18
PR04249,P007,Los Angeles,USA,North America,Terminal-1,Berth-1
PR04250,P001,Chennai,India,South Asia,Terminal-2,Berth-2
PR04251,P002,Mumbai,India,South Asia,Terminal-3,Berth-3
PR04252,P003,Singapore,Singapore,Southeast Asia,Terminal-4,Berth-4
PR04253,P004,Dubai,UAE,Middle East,Terminal-1,Berth-5
PR04254,P005,Colombo,Sri Lanka,South Asia,Terminal-2,Berth-6
PR04255,P006,Rotterdam,Netherlands,Europe,Terminal-3,Berth-7
PR04256,P007,Los Angeles,USA,North America,Terminal-4,Berth-8
PR04257,P001,Chennai,India,South Asia,Terminal-1,Berth-9
PR04258,P002,Mumbai,India,South Asia,Terminal-2,Berth-10
PR04259,P003,Singapore,Singapore,Southeast Asia,Terminal-3,Berth-11
PR04260,P004,Dubai,UAE,Middle East,Terminal-4,Berth-12
PR04261,P005,Colombo,Sri Lanka,South Asia,Terminal-1,Berth-13
PR04262,P006,Rotterdam,Netherlands,Europe,Terminal-2,Berth-14
PR04263,P007,Los Angeles,USA,North America,Terminal-3,Berth-15
PR04264,P001,Chennai,India,South Asia,Terminal-4,Berth-16
PR04265,P002,Mumbai,India,South Asia,Terminal-1,Berth-17
PR04266,P003,Singapore,Singapore,Southeast Asia,Terminal-2,Berth-18
PR04267,P004,Dubai,UAE,Middle East,Terminal-3,Berth-1
PR04268,P005,Colombo,Sri Lanka,South Asia,Terminal-4,Berth-2
PR04269,P006,Rotterdam,Netherlands,Europe,Terminal-1,Berth-3
PR04270,P007,Los Angeles,USA,North America,Terminal-2,Berth-4
PR04271,P001,Chennai,India,South Asia,Terminal-3,Berth-5
PR04272,P002,Mumbai,India,South Asia,Terminal-4,Berth-6
PR04273,P003,Singapore,Singapore,Southeast Asia,Terminal-1,Berth-7
PR04274,P004,Dubai,UAE,Middle East,Terminal-2,Berth-8
PR04275,P005,Colombo,Sri Lanka,South Asia,Terminal-3,Berth-9
PR04276,P006,Rotterdam,Netherlands,Europe,Terminal-4,Berth-10
PR04277,P007,Los Angeles,USA,North America,Terminal-1,Berth-11
PR04278,P001,Chennai,India,South Asia,Terminal-2,Berth-12
PR04279,P002,Mumbai,India,South Asia,Terminal-3,Berth-13
PR04280,P003,Singapore,Singapore,Southeast Asia,Terminal-4,Berth-14
PR04281,P004,Dubai,UAE,Middle East,Terminal-1,Berth-15
PR04282,P005,Colombo,Sri Lanka,South Asia,Terminal-2,Berth-16
PR04283,P006,Rotterdam,Netherlands,Europe,Terminal-3,Berth-17
PR04284,P007,Los Angeles,USA,North America,Terminal-4,Berth-18
PR04285,P001,Chennai,India,South Asia,Terminal-1,Berth-1
PR04286,P002,Mumbai,India,South Asia,Terminal-2,Berth-2
PR04287,P003,Singapore,Singapore,Southeast Asia,Terminal-3,Berth-3
PR04288,P004,Dubai,UAE,Middle East,Terminal-4,Berth-4
PR04289,P005,Colombo,Sri Lanka,South Asia,Terminal-1,Berth-5
PR04290,P006,Rotterdam,Netherlands,Europe,Terminal-2,Berth-6
PR04291,P007,Los Angeles,USA,North America,Terminal-3,Berth-7
PR04292,P001,Chennai,India,South Asia,Terminal-4,Berth-8
PR04293,P002,Mumbai,India,South Asia,Terminal-1,Berth-9
PR04294,P003,Singapore,Singapore,Southeast Asia,Terminal-2,Berth-10
PR04295,P004,Dubai,UAE,Middle East,Terminal-3,Berth-11
PR04296,P005,Colombo,Sri Lanka,South Asia,Terminal-4,Berth-12
PR04297,P006,Rotterdam,Netherlands,Europe,Terminal-1,Berth-13
PR04298,P007,Los Angeles,USA,North America,Terminal-2,Berth-14
PR04299,P001,Chennai,India,South Asia,Terminal-3,Berth-15
PR04300,P002,Mumbai,India,South Asia,Terminal-4,Berth-16
PR04301,P003,Singapore,Singapore,Southeast Asia,Terminal-1,Berth-17
PR04302,P004,Dubai,UAE,Middle East,Terminal-2,Berth-18
PR04303,P005,Colombo,Sri Lanka,South Asia,Terminal-3,Berth-1
PR04304,P006,Rotterdam,Netherlands,Europe,Terminal-4,Berth-2
PR04305,P007,Los Angeles,USA,North America,Terminal-1,Berth-3
PR04306,P001,Chennai,India,South Asia,Terminal-2,Berth-4
PR04307,P002,Mumbai,India,South Asia,Terminal-3,Berth-5
PR04308,P003,Singapore,Singapore,Southeast Asia,Terminal-4,Berth-6
PR04309,P004,Dubai,UAE,Middle East,Terminal-1,Berth-7
PR04310,P005,Colombo,Sri Lanka,South Asia,Terminal-2,Berth-8
PR04311,P006,Rotterdam,Netherlands,Europe,Terminal-3,Berth-9
PR04312,P007,Los Angeles,USA,North America,Terminal-4,Berth-10
PR04313,P001,Chennai,India,South Asia,Terminal-1,Berth-11
PR04314,P002,Mumbai,India,South Asia,Terminal-2,Berth-12
PR04315,P003,Singapore,Singapore,Southeast Asia,Terminal-3,Berth-13
PR04316,P004,Dubai,UAE,Middle East,Terminal-4,Berth-14
PR04317,P005,Colombo,Sri Lanka,South Asia,Terminal-1,Berth-15
PR04318,P006,Rotterdam,Netherlands,Europe,Terminal-2,Berth-16
PR04319,P007,Los Angeles,USA,North America,Terminal-3,Berth-17
PR04320,P001,Chennai,India,South Asia,Terminal-4,Berth-18
PR04321,P002,Mumbai,India,South Asia,Terminal-1,Berth-1
PR04322,P003,Singapore,Singapore,Southeast Asia,Terminal-2,Berth-2
PR04323,P004,Dubai,UAE,Middle East,Terminal-3,Berth-3
PR04324,P005,Colombo,Sri Lanka,South Asia,Terminal-4,Berth-4
PR04325,P006,Rotterdam,Netherlands,Europe,Terminal-1,Berth-5
PR04326,P007,Los Angeles,USA,North America,Terminal-2,Berth-6
PR04327,P001,Chennai,India,South Asia,Terminal-3,Berth-7
PR04328,P002,Mumbai,India,South Asia,Terminal-4,Berth-8
PR04329,P003,Singapore,Singapore,Southeast Asia,Terminal-1,Berth-9
PR04330,P004,Dubai,UAE,Middle East,Terminal-2,Berth-10
PR04331,P005,Colombo,Sri Lanka,South Asia,Terminal-3,Berth-11
PR04332,P006,Rotterdam,Netherlands,Europe,Terminal-4,Berth-12
PR04333,P007,Los Angeles,USA,North America,Terminal-1,Berth-13
PR04334,P001,Chennai,India,South Asia,Terminal-2,Berth-14
PR04335,P002,Mumbai,India,South Asia,Terminal-3,Berth-15
PR04336,P003,Singapore,Singapore,Southeast Asia,Terminal-4,Berth-16
PR04337,P004,Dubai,UAE,Middle East,Terminal-1,Berth-17
PR04338,P005,Colombo,Sri Lanka,South Asia,Terminal-2,Berth-18
PR04339,P006,Rotterdam,Netherlands,Europe,Terminal-3,Berth-1
PR04340,P007,Los Angeles,USA,North America,Terminal-4,Berth-2
PR04341,P001,Chennai,India,South Asia,Terminal-1,Berth-3
PR04342,P002,Mumbai,India,South Asia,Terminal-2,Berth-4
PR04343,P003,Singapore,Singapore,Southeast Asia,Terminal-3,Berth-5
PR04344,P004,Dubai,UAE,Middle East,Terminal-4,Berth-6
PR04345,P005,Colombo,Sri Lanka,South Asia,Terminal-1,Berth-7
PR04346,P006,Rotterdam,Netherlands,Europe,Terminal-2,Berth-8
PR04347,P007,Los Angeles,USA,North America,Terminal-3,Berth-9
PR04348,P001,Chennai,India,South Asia,Terminal-4,Berth-10
PR04349,P002,Mumbai,India,South Asia,Terminal-1,Berth-11
PR04350,P003,Singapore,Singapore,Southeast Asia,Terminal-2,Berth-12
PR04351,P004,Dubai,UAE,Middle East,Terminal-3,Berth-13
PR04352,P005,Colombo,Sri Lanka,South Asia,Terminal-4,Berth-14
PR04353,P006,Rotterdam,Netherlands,Europe,Terminal-1,Berth-15
PR04354,P007,Los Angeles,USA,North America,Terminal-2,Berth-16
PR04355,P001,Chennai,India,South Asia,Terminal-3,Berth-17
PR04356,P002,Mumbai,India,South Asia,Terminal-4,Berth-18
PR04357,P003,Singapore,Singapore,Southeast Asia,Terminal-1,Berth-1
PR04358,P004,Dubai,UAE,Middle East,Terminal-2,Berth-2
PR04359,P005,Colombo,Sri Lanka,South Asia,Terminal-3,Berth-3
PR04360,P006,Rotterdam,Netherlands,Europe,Terminal-4,Berth-4
PR04361,P007,Los Angeles,USA,North America,Terminal-1,Berth-5
PR04362,P001,Chennai,India,South Asia,Terminal-2,Berth-6
PR04363,P002,Mumbai,India,South Asia,Terminal-3,Berth-7
PR04364,P003,Singapore,Singapore,Southeast Asia,Terminal-4,Berth-8
PR04365,P004,Dubai,UAE,Middle East,Terminal-1,Berth-9
PR04366,P005,Colombo,Sri Lanka,South Asia,Terminal-2,Berth-10
PR04367,P006,Rotterdam,Netherlands,Europe,Terminal-3,Berth-11
PR04368,P007,Los Angeles,USA,North America,Terminal-4,Berth-12
PR04369,P001,Chennai,India,South Asia,Terminal-1,Berth-13
PR04370,P002,Mumbai,India,South Asia,Terminal-2,Berth-14
PR04371,P003,Singapore,Singapore,Southeast Asia,Terminal-3,Berth-15
PR04372,P004,Dubai,UAE,Middle East,Terminal-4,Berth-16
PR04373,P005,Colombo,Sri Lanka,South Asia,Terminal-1,Berth-17
PR04374,P006,Rotterdam,Netherlands,Europe,Terminal-2,Berth-18
PR04375,P007,Los Angeles,USA,North America,Terminal-3,Berth-1
PR04376,P001,Chennai,India,South Asia,Terminal-4,Berth-2
PR04377,P002,Mumbai,India,South Asia,Terminal-1,Berth-3
PR04378,P003,Singapore,Singapore,Southeast Asia,Terminal-2,Berth-4
PR04379,P004,Dubai,UAE,Middle East,Terminal-3,Berth-5
PR04380,P005,Colombo,Sri Lanka,South Asia,Terminal-4,Berth-6
PR04381,P006,Rotterdam,Netherlands,Europe,Terminal-1,Berth-7
PR04382,P007,Los Angeles,USA,North America,Terminal-2,Berth-8
PR04383,P001,Chennai,India,South Asia,Terminal-3,Berth-9
PR04384,P002,Mumbai,India,South Asia,Terminal-4,Berth-10
PR04385,P003,Singapore,Singapore,Southeast Asia,Terminal-1,Berth-11
PR04386,P004,Dubai,UAE,Middle East,Terminal-2,Berth-12
PR04387,P005,Colombo,Sri Lanka,South Asia,Terminal-3,Berth-13
PR04388,P006,Rotterdam,Netherlands,Europe,Terminal-4,Berth-14
PR04389,P007,Los Angeles,USA,North America,Terminal-1,Berth-15
PR04390,P001,Chennai,India,South Asia,Terminal-2,Berth-16
PR04391,P002,Mumbai,India,South Asia,Terminal-3,Berth-17
PR04392,P003,Singapore,Singapore,Southeast Asia,Terminal-4,Berth-18
PR04393,P004,Dubai,UAE,Middle East,Terminal-1,Berth-1
PR04394,P005,Colombo,Sri Lanka,South Asia,Terminal-2,Berth-2
PR04395,P006,Rotterdam,Netherlands,Europe,Terminal-3,Berth-3
PR04396,P007,Los Angeles,USA,North America,Terminal-4,Berth-4
PR04397,P001,Chennai,India,South Asia,Terminal-1,Berth-5
PR04398,P002,Mumbai,India,South Asia,Terminal-2,Berth-6
PR04399,P003,Singapore,Singapore,Southeast Asia,Terminal-3,Berth-7
PR04400,P004,Dubai,UAE,Middle East,Terminal-4,Berth-8
PR04401,P005,Colombo,Sri Lanka,South Asia,Terminal-1,Berth-9
PR04402,P006,Rotterdam,Netherlands,Europe,Terminal-2,Berth-10
PR04403,P007,Los Angeles,USA,North America,Terminal-3,Berth-11
PR04404,P001,Chennai,India,South Asia,Terminal-4,Berth-12
PR04405,P002,Mumbai,India,South Asia,Terminal-1,Berth-13
PR04406,P003,Singapore,Singapore,Southeast Asia,Terminal-2,Berth-14
PR04407,P004,Dubai,UAE,Middle East,Terminal-3,Berth-15
PR04408,P005,Colombo,Sri Lanka,South Asia,Terminal-4,Berth-16
PR04409,P006,Rotterdam,Netherlands,Europe,Terminal-1,Berth-17
PR04410,P007,Los Angeles,USA,North America,Terminal-2,Berth-18
PR04411,P001,Chennai,India,South Asia,Terminal-3,Berth-1
PR04412,P002,Mumbai,India,South Asia,Terminal-4,Berth-2
PR04413,P003,Singapore,Singapore,Southeast Asia,Terminal-1,Berth-3
PR04414,P004,Dubai,UAE,Middle East,Terminal-2,Berth-4
PR04415,P005,Colombo,Sri Lanka,South Asia,Terminal-3,Berth-5
PR04416,P006,Rotterdam,Netherlands,Europe,Terminal-4,Berth-6
PR04417,P007,Los Angeles,USA,North America,Terminal-1,Berth-7
PR04418,P001,Chennai,India,South Asia,Terminal-2,Berth-8
PR04419,P002,Mumbai,India,South Asia,Terminal-3,Berth-9
PR04420,P003,Singapore,Singapore,Southeast Asia,Terminal-4,Berth-10
PR04421,P004,Dubai,UAE,Middle East,Terminal-1,Berth-11
PR04422,P005,Colombo,Sri Lanka,South Asia,Terminal-2,Berth-12
PR04423,P006,Rotterdam,Netherlands,Europe,Terminal-3,Berth-13
PR04424,P007,Los Angeles,USA,North America,Terminal-4,Berth-14
PR04425,P001,Chennai,India,South Asia,Terminal-1,Berth-15
PR04426,P002,Mumbai,India,South Asia,Terminal-2,Berth-16
PR04427,P003,Singapore,Singapore,Southeast Asia,Terminal-3,Berth-17
PR04428,P004,Dubai,UAE,Middle East,Terminal-4,Berth-18
PR04429,P005,Colombo,Sri Lanka,South Asia,Terminal-1,Berth-1
PR04430,P006,Rotterdam,Netherlands,Europe,Terminal-2,Berth-2
PR04431,P007,Los Angeles,USA,North America,Terminal-3,Berth-3
PR04432,P001,Chennai,India,South Asia,Terminal-4,Berth-4
PR04433,P002,Mumbai,India,South Asia,Terminal-1,Berth-5
PR04434,P003,Singapore,Singapore,Southeast Asia,Terminal-2,Berth-6
PR04435,P004,Dubai,UAE,Middle East,Terminal-3,Berth-7
PR04436,P005,Colombo,Sri Lanka,South Asia,Terminal-4,Berth-8
PR04437,P006,Rotterdam,Netherlands,Europe,Terminal-1,Berth-9
PR04438,P007,Los Angeles,USA,North America,Terminal-2,Berth-10
PR04439,P001,Chennai,India,South Asia,Terminal-3,Berth-11
PR04440,P002,Mumbai,India,South Asia,Terminal-4,Berth-12
PR04441,P003,Singapore,Singapore,Southeast Asia,Terminal-1,Berth-13
PR04442,P004,Dubai,UAE,Middle East,Terminal-2,Berth-14
PR04443,P005,Colombo,Sri Lanka,South Asia,Terminal-3,Berth-15
PR04444,P006,Rotterdam,Netherlands,Europe,Terminal-4,Berth-16
PR04445,P007,Los Angeles,USA,North America,Terminal-1,Berth-17
PR04446,P001,Chennai,India,South Asia,Terminal-2,Berth-18
PR04447,P002,Mumbai,India,South Asia,Terminal-3,Berth-1
PR04448,P003,Singapore,Singapore,Southeast Asia,Terminal-4,Berth-2
PR04449,P004,Dubai,UAE,Middle East,Terminal-1,Berth-3
PR04450,P005,Colombo,Sri Lanka,South Asia,Terminal-2,Berth-4
PR04451,P006,Rotterdam,Netherlands,Europe,Terminal-3,Berth-5
PR04452,P007,Los Angeles,USA,North America,Terminal-4,Berth-6
PR04453,P001,Chennai,India,South Asia,Terminal-1,Berth-7
PR04454,P002,Mumbai,India,South Asia,Terminal-2,Berth-8
PR04455,P003,Singapore,Singapore,Southeast Asia,Terminal-3,Berth-9
PR04456,P004,Dubai,UAE,Middle East,Terminal-4,Berth-10
PR04457,P005,Colombo,Sri Lanka,South Asia,Terminal-1,Berth-11
PR04458,P006,Rotterdam,Netherlands,Europe,Terminal-2,Berth-12
PR04459,P007,Los Angeles,USA,North America,Terminal-3,Berth-13
PR04460,P001,Chennai,India,South Asia,Terminal-4,Berth-14
PR04461,P002,Mumbai,India,South Asia,Terminal-1,Berth-15
PR04462,P003,Singapore,Singapore,Southeast Asia,Terminal-2,Berth-16
PR04463,P004,Dubai,UAE,Middle East,Terminal-3,Berth-17
PR04464,P005,Colombo,Sri Lanka,South Asia,Terminal-4,Berth-18
PR04465,P006,Rotterdam,Netherlands,Europe,Terminal-1,Berth-1
PR04466,P007,Los Angeles,USA,North America,Terminal-2,Berth-2
PR04467,P001,Chennai,India,South Asia,Terminal-3,Berth-3
PR04468,P002,Mumbai,India,South Asia,Terminal-4,Berth-4
PR04469,P003,Singapore,Singapore,Southeast Asia,Terminal-1,Berth-5
PR04470,P004,Dubai,UAE,Middle East,Terminal-2,Berth-6
PR04471,P005,Colombo,Sri Lanka,South Asia,Terminal-3,Berth-7
PR04472,P006,Rotterdam,Netherlands,Europe,Terminal-4,Berth-8
PR04473,P007,Los Angeles,USA,North America,Terminal-1,Berth-9
PR04474,P001,Chennai,India,South Asia,Terminal-2,Berth-10
PR04475,P002,Mumbai,India,South Asia,Terminal-3,Berth-11
PR04476,P003,Singapore,Singapore,Southeast Asia,Terminal-4,Berth-12
PR04477,P004,Dubai,UAE,Middle East,Terminal-1,Berth-13
PR04478,P005,Colombo,Sri Lanka,South Asia,Terminal-2,Berth-14
PR04479,P006,Rotterdam,Netherlands,Europe,Terminal-3,Berth-15
PR04480,P007,Los Angeles,USA,North America,Terminal-4,Berth-16
PR04481,P001,Chennai,India,South Asia,Terminal-1,Berth-17
PR04482,P002,Mumbai,India,South Asia,Terminal-2,Berth-18
PR04483,P003,Singapore,Singapore,Southeast Asia,Terminal-3,Berth-1
PR04484,P004,Dubai,UAE,Middle East,Terminal-4,Berth-2
PR04485,P005,Colombo,Sri Lanka,South Asia,Terminal-1,Berth-3
PR04486,P006,Rotterdam,Netherlands,Europe,Terminal-2,Berth-4
PR04487,P007,Los Angeles,USA,North America,Terminal-3,Berth-5
PR04488,P001,Chennai,India,South Asia,Terminal-4,Berth-6
PR04489,P002,Mumbai,India,South Asia,Terminal-1,Berth-7
PR04490,P003,Singapore,Singapore,Southeast Asia,Terminal-2,Berth-8
PR04491,P004,Dubai,UAE,Middle East,Terminal-3,Berth-9
PR04492,P005,Colombo,Sri Lanka,South Asia,Terminal-4,Berth-10
PR04493,P006,Rotterdam,Netherlands,Europe,Terminal-1,Berth-11
PR04494,P007,Los Angeles,USA,North America,Terminal-2,Berth-12
PR04495,P001,Chennai,India,South Asia,Terminal-3,Berth-13
PR04496,P002,Mumbai,India,South Asia,Terminal-4,Berth-14
PR04497,P003,Singapore,Singapore,Southeast Asia,Terminal-1,Berth-15
PR04498,P004,Dubai,UAE,Middle East,Terminal-2,Berth-16
PR04499,P005,Colombo,Sri Lanka,South Asia,Terminal-3,Berth-17
PR04500,P006,Rotterdam,Netherlands,Europe,Terminal-4,Berth-18
PR04501,P007,Los Angeles,USA,North America,Terminal-1,Berth-1
PR04502,P001,Chennai,India,South Asia,Terminal-2,Berth-2
PR04503,P002,Mumbai,India,South Asia,Terminal-3,Berth-3
PR04504,P003,Singapore,Singapore,Southeast Asia,Terminal-4,Berth-4
PR04505,P004,Dubai,UAE,Middle East,Terminal-1,Berth-5
PR04506,P005,Colombo,Sri Lanka,South Asia,Terminal-2,Berth-6
PR04507,P006,Rotterdam,Netherlands,Europe,Terminal-3,Berth-7
PR04508,P007,Los Angeles,USA,North America,Terminal-4,Berth-8
PR04509,P001,Chennai,India,South Asia,Terminal-1,Berth-9
PR04510,P002,Mumbai,India,South Asia,Terminal-2,Berth-10
PR04511,P003,Singapore,Singapore,Southeast Asia,Terminal-3,Berth-11
PR04512,P004,Dubai,UAE,Middle East,Terminal-4,Berth-12
PR04513,P005,Colombo,Sri Lanka,South Asia,Terminal-1,Berth-13
PR04514,P006,Rotterdam,Netherlands,Europe,Terminal-2,Berth-14
PR04515,P007,Los Angeles,USA,North America,Terminal-3,Berth-15
PR04516,P001,Chennai,India,South Asia,Terminal-4,Berth-16
PR04517,P002,Mumbai,India,South Asia,Terminal-1,Berth-17
PR04518,P003,Singapore,Singapore,Southeast Asia,Terminal-2,Berth-18
PR04519,P004,Dubai,UAE,Middle East,Terminal-3,Berth-1
PR04520,P005,Colombo,Sri Lanka,South Asia,Terminal-4,Berth-2
PR04521,P006,Rotterdam,Netherlands,Europe,Terminal-1,Berth-3
PR04522,P007,Los Angeles,USA,North America,Terminal-2,Berth-4
PR04523,P001,Chennai,India,South Asia,Terminal-3,Berth-5
PR04524,P002,Mumbai,India,South Asia,Terminal-4,Berth-6
PR04525,P003,Singapore,Singapore,Southeast Asia,Terminal-1,Berth-7
PR04526,P004,Dubai,UAE,Middle East,Terminal-2,Berth-8
PR04527,P005,Colombo,Sri Lanka,South Asia,Terminal-3,Berth-9
PR04528,P006,Rotterdam,Netherlands,Europe,Terminal-4,Berth-10
PR04529,P007,Los Angeles,USA,North America,Terminal-1,Berth-11
PR04530,P001,Chennai,India,South Asia,Terminal-2,Berth-12
PR04531,P002,Mumbai,India,South Asia,Terminal-3,Berth-13
PR04532,P003,Singapore,Singapore,Southeast Asia,Terminal-4,Berth-14
PR04533,P004,Dubai,UAE,Middle East,Terminal-1,Berth-15
PR04534,P005,Colombo,Sri Lanka,South Asia,Terminal-2,Berth-16
PR04535,P006,Rotterdam,Netherlands,Europe,Terminal-3,Berth-17
PR04536,P007,Los Angeles,USA,North America,Terminal-4,Berth-18
PR04537,P001,Chennai,India,South Asia,Terminal-1,Berth-1
PR04538,P002,Mumbai,India,South Asia,Terminal-2,Berth-2
PR04539,P003,Singapore,Singapore,Southeast Asia,Terminal-3,Berth-3
PR04540,P004,Dubai,UAE,Middle East,Terminal-4,Berth-4
PR04541,P005,Colombo,Sri Lanka,South Asia,Terminal-1,Berth-5
PR04542,P006,Rotterdam,Netherlands,Europe,Terminal-2,Berth-6
PR04543,P007,Los Angeles,USA,North America,Terminal-3,Berth-7
PR04544,P001,Chennai,India,South Asia,Terminal-4,Berth-8
PR04545,P002,Mumbai,India,South Asia,Terminal-1,Berth-9
PR04546,P003,Singapore,Singapore,Southeast Asia,Terminal-2,Berth-10
PR04547,P004,Dubai,UAE,Middle East,Terminal-3,Berth-11
PR04548,P005,Colombo,Sri Lanka,South Asia,Terminal-4,Berth-12
PR04549,P006,Rotterdam,Netherlands,Europe,Terminal-1,Berth-13
PR04550,P007,Los Angeles,USA,North America,Terminal-2,Berth-14
PR04551,P001,Chennai,India,South Asia,Terminal-3,Berth-15
PR04552,P002,Mumbai,India,South Asia,Terminal-4,Berth-16
PR04553,P003,Singapore,Singapore,Southeast Asia,Terminal-1,Berth-17
PR04554,P004,Dubai,UAE,Middle East,Terminal-2,Berth-18
PR04555,P005,Colombo,Sri Lanka,South Asia,Terminal-3,Berth-1
PR04556,P006,Rotterdam,Netherlands,Europe,Terminal-4,Berth-2
PR04557,P007,Los Angeles,USA,North America,Terminal-1,Berth-3
PR04558,P001,Chennai,India,South Asia,Terminal-2,Berth-4
PR04559,P002,Mumbai,India,South Asia,Terminal-3,Berth-5
PR04560,P003,Singapore,Singapore,Southeast Asia,Terminal-4,Berth-6
PR04561,P004,Dubai,UAE,Middle East,Terminal-1,Berth-7
PR04562,P005,Colombo,Sri Lanka,South Asia,Terminal-2,Berth-8
PR04563,P006,Rotterdam,Netherlands,Europe,Terminal-3,Berth-9
PR04564,P007,Los Angeles,USA,North America,Terminal-4,Berth-10
PR04565,P001,Chennai,India,South Asia,Terminal-1,Berth-11
PR04566,P002,Mumbai,India,South Asia,Terminal-2,Berth-12
PR04567,P003,Singapore,Singapore,Southeast Asia,Terminal-3,Berth-13
PR04568,P004,Dubai,UAE,Middle East,Terminal-4,Berth-14
PR04569,P005,Colombo,Sri Lanka,South Asia,Terminal-1,Berth-15
PR04570,P006,Rotterdam,Netherlands,Europe,Terminal-2,Berth-16
PR04571,P007,Los Angeles,USA,North America,Terminal-3,Berth-17
PR04572,P001,Chennai,India,South Asia,Terminal-4,Berth-18
PR04573,P002,Mumbai,India,South Asia,Terminal-1,Berth-1
PR04574,P003,Singapore,Singapore,Southeast Asia,Terminal-2,Berth-2
PR04575,P004,Dubai,UAE,Middle East,Terminal-3,Berth-3
PR04576,P005,Colombo,Sri Lanka,South Asia,Terminal-4,Berth-4
PR04577,P006,Rotterdam,Netherlands,Europe,Terminal-1,Berth-5
PR04578,P007,Los Angeles,USA,North America,Terminal-2,Berth-6
PR04579,P001,Chennai,India,South Asia,Terminal-3,Berth-7
PR04580,P002,Mumbai,India,South Asia,Terminal-4,Berth-8
PR04581,P003,Singapore,Singapore,Southeast Asia,Terminal-1,Berth-9
PR04582,P004,Dubai,UAE,Middle East,Terminal-2,Berth-10
PR04583,P005,Colombo,Sri Lanka,South Asia,Terminal-3,Berth-11
PR04584,P006,Rotterdam,Netherlands,Europe,Terminal-4,Berth-12
PR04585,P007,Los Angeles,USA,North America,Terminal-1,Berth-13
PR04586,P001,Chennai,India,South Asia,Terminal-2,Berth-14
PR04587,P002,Mumbai,India,South Asia,Terminal-3,Berth-15
PR04588,P003,Singapore,Singapore,Southeast Asia,Terminal-4,Berth-16
PR04589,P004,Dubai,UAE,Middle East,Terminal-1,Berth-17
PR04590,P005,Colombo,Sri Lanka,South Asia,Terminal-2,Berth-18
PR04591,P006,Rotterdam,Netherlands,Europe,Terminal-3,Berth-1
PR04592,P007,Los Angeles,USA,North America,Terminal-4,Berth-2
PR04593,P001,Chennai,India,South Asia,Terminal-1,Berth-3
PR04594,P002,Mumbai,India,South Asia,Terminal-2,Berth-4
PR04595,P003,Singapore,Singapore,Southeast Asia,Terminal-3,Berth-5
PR04596,P004,Dubai,UAE,Middle East,Terminal-4,Berth-6
PR04597,P005,Colombo,Sri Lanka,South Asia,Terminal-1,Berth-7
PR04598,P006,Rotterdam,Netherlands,Europe,Terminal-2,Berth-8
PR04599,P007,Los Angeles,USA,North America,Terminal-3,Berth-9
PR04600,P001,Chennai,India,South Asia,Terminal-4,Berth-10
PR04601,P002,Mumbai,India,South Asia,Terminal-1,Berth-11
PR04602,P003,Singapore,Singapore,Southeast Asia,Terminal-2,Berth-12
PR04603,P004,Dubai,UAE,Middle East,Terminal-3,Berth-13
PR04604,P005,Colombo,Sri Lanka,South Asia,Terminal-4,Berth-14
PR04605,P006,Rotterdam,Netherlands,Europe,Terminal-1,Berth-15
PR04606,P007,Los Angeles,USA,North America,Terminal-2,Berth-16
PR04607,P001,Chennai,India,South Asia,Terminal-3,Berth-17
PR04608,P002,Mumbai,India,South Asia,Terminal-4,Berth-18
PR04609,P003,Singapore,Singapore,Southeast Asia,Terminal-1,Berth-1
PR04610,P004,Dubai,UAE,Middle East,Terminal-2,Berth-2
PR04611,P005,Colombo,Sri Lanka,South Asia,Terminal-3,Berth-3
PR04612,P006,Rotterdam,Netherlands,Europe,Terminal-4,Berth-4
PR04613,P007,Los Angeles,USA,North America,Terminal-1,Berth-5
PR04614,P001,Chennai,India,South Asia,Terminal-2,Berth-6
PR04615,P002,Mumbai,India,South Asia,Terminal-3,Berth-7
PR04616,P003,Singapore,Singapore,Southeast Asia,Terminal-4,Berth-8
PR04617,P004,Dubai,UAE,Middle East,Terminal-1,Berth-9
PR04618,P005,Colombo,Sri Lanka,South Asia,Terminal-2,Berth-10
PR04619,P006,Rotterdam,Netherlands,Europe,Terminal-3,Berth-11
PR04620,P007,Los Angeles,USA,North America,Terminal-4,Berth-12
PR04621,P001,Chennai,India,South Asia,Terminal-1,Berth-13
PR04622,P002,Mumbai,India,South Asia,Terminal-2,Berth-14
PR04623,P003,Singapore,Singapore,Southeast Asia,Terminal-3,Berth-15
PR04624,P004,Dubai,UAE,Middle East,Terminal-4,Berth-16
PR04625,P005,Colombo,Sri Lanka,South Asia,Terminal-1,Berth-17
PR04626,P006,Rotterdam,Netherlands,Europe,Terminal-2,Berth-18
PR04627,P007,Los Angeles,USA,North America,Terminal-3,Berth-1
PR04628,P001,Chennai,India,South Asia,Terminal-4,Berth-2
PR04629,P002,Mumbai,India,South Asia,Terminal-1,Berth-3
PR04630,P003,Singapore,Singapore,Southeast Asia,Terminal-2,Berth-4
PR04631,P004,Dubai,UAE,Middle East,Terminal-3,Berth-5
PR04632,P005,Colombo,Sri Lanka,South Asia,Terminal-4,Berth-6
PR04633,P006,Rotterdam,Netherlands,Europe,Terminal-1,Berth-7
PR04634,P007,Los Angeles,USA,North America,Terminal-2,Berth-8
PR04635,P001,Chennai,India,South Asia,Terminal-3,Berth-9
PR04636,P002,Mumbai,India,South Asia,Terminal-4,Berth-10
PR04637,P003,Singapore,Singapore,Southeast Asia,Terminal-1,Berth-11
PR04638,P004,Dubai,UAE,Middle East,Terminal-2,Berth-12
PR04639,P005,Colombo,Sri Lanka,South Asia,Terminal-3,Berth-13
PR04640,P006,Rotterdam,Netherlands,Europe,Terminal-4,Berth-14
PR04641,P007,Los Angeles,USA,North America,Terminal-1,Berth-15
PR04642,P001,Chennai,India,South Asia,Terminal-2,Berth-16
PR04643,P002,Mumbai,India,South Asia,Terminal-3,Berth-17
PR04644,P003,Singapore,Singapore,Southeast Asia,Terminal-4,Berth-18
PR04645,P004,Dubai,UAE,Middle East,Terminal-1,Berth-1
PR04646,P005,Colombo,Sri Lanka,South Asia,Terminal-2,Berth-2
PR04647,P006,Rotterdam,Netherlands,Europe,Terminal-3,Berth-3
PR04648,P007,Los Angeles,USA,North America,Terminal-4,Berth-4
PR04649,P001,Chennai,India,South Asia,Terminal-1,Berth-5
PR04650,P002,Mumbai,India,South Asia,Terminal-2,Berth-6
PR04651,P003,Singapore,Singapore,Southeast Asia,Terminal-3,Berth-7
PR04652,P004,Dubai,UAE,Middle East,Terminal-4,Berth-8
PR04653,P005,Colombo,Sri Lanka,South Asia,Terminal-1,Berth-9
PR04654,P006,Rotterdam,Netherlands,Europe,Terminal-2,Berth-10
PR04655,P007,Los Angeles,USA,North America,Terminal-3,Berth-11
PR04656,P001,Chennai,India,South Asia,Terminal-4,Berth-12
PR04657,P002,Mumbai,India,South Asia,Terminal-1,Berth-13
PR04658,P003,Singapore,Singapore,Southeast Asia,Terminal-2,Berth-14
PR04659,P004,Dubai,UAE,Middle East,Terminal-3,Berth-15
PR04660,P005,Colombo,Sri Lanka,South Asia,Terminal-4,Berth-16
PR04661,P006,Rotterdam,Netherlands,Europe,Terminal-1,Berth-17
PR04662,P007,Los Angeles,USA,North America,Terminal-2,Berth-18
PR04663,P001,Chennai,India,South Asia,Terminal-3,Berth-1
PR04664,P002,Mumbai,India,South Asia,Terminal-4,Berth-2
PR04665,P003,Singapore,Singapore,Southeast Asia,Terminal-1,Berth-3
PR04666,P004,Dubai,UAE,Middle East,Terminal-2,Berth-4
PR04667,P005,Colombo,Sri Lanka,South Asia,Terminal-3,Berth-5
PR04668,P006,Rotterdam,Netherlands,Europe,Terminal-4,Berth-6
PR04669,P007,Los Angeles,USA,North America,Terminal-1,Berth-7
PR04670,P001,Chennai,India,South Asia,Terminal-2,Berth-8
PR04671,P002,Mumbai,India,South Asia,Terminal-3,Berth-9
PR04672,P003,Singapore,Singapore,Southeast Asia,Terminal-4,Berth-10
PR04673,P004,Dubai,UAE,Middle East,Terminal-1,Berth-11
PR04674,P005,Colombo,Sri Lanka,South Asia,Terminal-2,Berth-12
PR04675,P006,Rotterdam,Netherlands,Europe,Terminal-3,Berth-13
PR04676,P007,Los Angeles,USA,North America,Terminal-4,Berth-14
PR04677,P001,Chennai,India,South Asia,Terminal-1,Berth-15
PR04678,P002,Mumbai,India,South Asia,Terminal-2,Berth-16
PR04679,P003,Singapore,Singapore,Southeast Asia,Terminal-3,Berth-17
PR04680,P004,Dubai,UAE,Middle East,Terminal-4,Berth-18
PR04681,P005,Colombo,Sri Lanka,South Asia,Terminal-1,Berth-1
PR04682,P006,Rotterdam,Netherlands,Europe,Terminal-2,Berth-2
PR04683,P007,Los Angeles,USA,North America,Terminal-3,Berth-3
PR04684,P001,Chennai,India,South Asia,Terminal-4,Berth-4
PR04685,P002,Mumbai,India,South Asia,Terminal-1,Berth-5
PR04686,P003,Singapore,Singapore,Southeast Asia,Terminal-2,Berth-6
PR04687,P004,Dubai,UAE,Middle East,Terminal-3,Berth-7
PR04688,P005,Colombo,Sri Lanka,South Asia,Terminal-4,Berth-8
PR04689,P006,Rotterdam,Netherlands,Europe,Terminal-1,Berth-9
PR04690,P007,Los Angeles,USA,North America,Terminal-2,Berth-10
PR04691,P001,Chennai,India,South Asia,Terminal-3,Berth-11
PR04692,P002,Mumbai,India,South Asia,Terminal-4,Berth-12
PR04693,P003,Singapore,Singapore,Southeast Asia,Terminal-1,Berth-13
PR04694,P004,Dubai,UAE,Middle East,Terminal-2,Berth-14
PR04695,P005,Colombo,Sri Lanka,South Asia,Terminal-3,Berth-15
PR04696,P006,Rotterdam,Netherlands,Europe,Terminal-4,Berth-16
PR04697,P007,Los Angeles,USA,North America,Terminal-1,Berth-17
PR04698,P001,Chennai,India,South Asia,Terminal-2,Berth-18
PR04699,P002,Mumbai,India,South Asia,Terminal-3,Berth-1
PR04700,P003,Singapore,Singapore,Southeast Asia,Terminal-4,Berth-2
PR04701,P004,Dubai,UAE,Middle East,Terminal-1,Berth-3
PR04702,P005,Colombo,Sri Lanka,South Asia,Terminal-2,Berth-4
PR04703,P006,Rotterdam,Netherlands,Europe,Terminal-3,Berth-5
PR04704,P007,Los Angeles,USA,North America,Terminal-4,Berth-6
PR04705,P001,Chennai,India,South Asia,Terminal-1,Berth-7
PR04706,P002,Mumbai,India,South Asia,Terminal-2,Berth-8
PR04707,P003,Singapore,Singapore,Southeast Asia,Terminal-3,Berth-9
PR04708,P004,Dubai,UAE,Middle East,Terminal-4,Berth-10
PR04709,P005,Colombo,Sri Lanka,South Asia,Terminal-1,Berth-11
PR04710,P006,Rotterdam,Netherlands,Europe,Terminal-2,Berth-12
PR04711,P007,Los Angeles,USA,North America,Terminal-3,Berth-13
PR04712,P001,Chennai,India,South Asia,Terminal-4,Berth-14
PR04713,P002,Mumbai,India,South Asia,Terminal-1,Berth-15
PR04714,P003,Singapore,Singapore,Southeast Asia,Terminal-2,Berth-16
PR04715,P004,Dubai,UAE,Middle East,Terminal-3,Berth-17
PR04716,P005,Colombo,Sri Lanka,South Asia,Terminal-4,Berth-18
PR04717,P006,Rotterdam,Netherlands,Europe,Terminal-1,Berth-1
PR04718,P007,Los Angeles,USA,North America,Terminal-2,Berth-2
PR04719,P001,Chennai,India,South Asia,Terminal-3,Berth-3
PR04720,P002,Mumbai,India,South Asia,Terminal-4,Berth-4
PR04721,P003,Singapore,Singapore,Southeast Asia,Terminal-1,Berth-5
PR04722,P004,Dubai,UAE,Middle East,Terminal-2,Berth-6
PR04723,P005,Colombo,Sri Lanka,South Asia,Terminal-3,Berth-7
PR04724,P006,Rotterdam,Netherlands,Europe,Terminal-4,Berth-8
PR04725,P007,Los Angeles,USA,North America,Terminal-1,Berth-9
PR04726,P001,Chennai,India,South Asia,Terminal-2,Berth-10
PR04727,P002,Mumbai,India,South Asia,Terminal-3,Berth-11
PR04728,P003,Singapore,Singapore,Southeast Asia,Terminal-4,Berth-12
PR04729,P004,Dubai,UAE,Middle East,Terminal-1,Berth-13
PR04730,P005,Colombo,Sri Lanka,South Asia,Terminal-2,Berth-14
PR04731,P006,Rotterdam,Netherlands,Europe,Terminal-3,Berth-15
PR04732,P007,Los Angeles,USA,North America,Terminal-4,Berth-16
PR04733,P001,Chennai,India,South Asia,Terminal-1,Berth-17
PR04734,P002,Mumbai,India,South Asia,Terminal-2,Berth-18
PR04735,P003,Singapore,Singapore,Southeast Asia,Terminal-3,Berth-1
PR04736,P004,Dubai,UAE,Middle East,Terminal-4,Berth-2
PR04737,P005,Colombo,Sri Lanka,South Asia,Terminal-1,Berth-3
PR04738,P006,Rotterdam,Netherlands,Europe,Terminal-2,Berth-4
PR04739,P007,Los Angeles,USA,North America,Terminal-3,Berth-5
PR04740,P001,Chennai,India,South Asia,Terminal-4,Berth-6
PR04741,P002,Mumbai,India,South Asia,Terminal-1,Berth-7
PR04742,P003,Singapore,Singapore,Southeast Asia,Terminal-2,Berth-8
PR04743,P004,Dubai,UAE,Middle East,Terminal-3,Berth-9
PR04744,P005,Colombo,Sri Lanka,South Asia,Terminal-4,Berth-10
PR04745,P006,Rotterdam,Netherlands,Europe,Terminal-1,Berth-11
PR04746,P007,Los Angeles,USA,North America,Terminal-2,Berth-12
PR04747,P001,Chennai,India,South Asia,Terminal-3,Berth-13
PR04748,P002,Mumbai,India,South Asia,Terminal-4,Berth-14
PR04749,P003,Singapore,Singapore,Southeast Asia,Terminal-1,Berth-15
PR04750,P004,Dubai,UAE,Middle East,Terminal-2,Berth-16
PR04751,P005,Colombo,Sri Lanka,South Asia,Terminal-3,Berth-17
PR04752,P006,Rotterdam,Netherlands,Europe,Terminal-4,Berth-18
PR04753,P007,Los Angeles,USA,North America,Terminal-1,Berth-1
PR04754,P001,Chennai,India,South Asia,Terminal-2,Berth-2
PR04755,P002,Mumbai,India,South Asia,Terminal-3,Berth-3
PR04756,P003,Singapore,Singapore,Southeast Asia,Terminal-4,Berth-4
PR04757,P004,Dubai,UAE,Middle East,Terminal-1,Berth-5
PR04758,P005,Colombo,Sri Lanka,South Asia,Terminal-2,Berth-6
PR04759,P006,Rotterdam,Netherlands,Europe,Terminal-3,Berth-7
PR04760,P007,Los Angeles,USA,North America,Terminal-4,Berth-8
PR04761,P001,Chennai,India,South Asia,Terminal-1,Berth-9
PR04762,P002,Mumbai,India,South Asia,Terminal-2,Berth-10
PR04763,P003,Singapore,Singapore,Southeast Asia,Terminal-3,Berth-11
PR04764,P004,Dubai,UAE,Middle East,Terminal-4,Berth-12
PR04765,P005,Colombo,Sri Lanka,South Asia,Terminal-1,Berth-13
PR04766,P006,Rotterdam,Netherlands,Europe,Terminal-2,Berth-14
PR04767,P007,Los Angeles,USA,North America,Terminal-3,Berth-15
PR04768,P001,Chennai,India,South Asia,Terminal-4,Berth-16
PR04769,P002,Mumbai,India,South Asia,Terminal-1,Berth-17
PR04770,P003,Singapore,Singapore,Southeast Asia,Terminal-2,Berth-18
PR04771,P004,Dubai,UAE,Middle East,Terminal-3,Berth-1
PR04772,P005,Colombo,Sri Lanka,South Asia,Terminal-4,Berth-2
PR04773,P006,Rotterdam,Netherlands,Europe,Terminal-1,Berth-3
PR04774,P007,Los Angeles,USA,North America,Terminal-2,Berth-4
PR04775,P001,Chennai,India,South Asia,Terminal-3,Berth-5
PR04776,P002,Mumbai,India,South Asia,Terminal-4,Berth-6
PR04777,P003,Singapore,Singapore,Southeast Asia,Terminal-1,Berth-7
PR04778,P004,Dubai,UAE,Middle East,Terminal-2,Berth-8
PR04779,P005,Colombo,Sri Lanka,South Asia,Terminal-3,Berth-9
PR04780,P006,Rotterdam,Netherlands,Europe,Terminal-4,Berth-10
PR04781,P007,Los Angeles,USA,North America,Terminal-1,Berth-11
PR04782,P001,Chennai,India,South Asia,Terminal-2,Berth-12
PR04783,P002,Mumbai,India,South Asia,Terminal-3,Berth-13
PR04784,P003,Singapore,Singapore,Southeast Asia,Terminal-4,Berth-14
PR04785,P004,Dubai,UAE,Middle East,Terminal-1,Berth-15
PR04786,P005,Colombo,Sri Lanka,South Asia,Terminal-2,Berth-16
PR04787,P006,Rotterdam,Netherlands,Europe,Terminal-3,Berth-17
PR04788,P007,Los Angeles,USA,North America,Terminal-4,Berth-18
PR04789,P001,Chennai,India,South Asia,Terminal-1,Berth-1
PR04790,P002,Mumbai,India,South Asia,Terminal-2,Berth-2
PR04791,P003,Singapore,Singapore,Southeast Asia,Terminal-3,Berth-3
PR04792,P004,Dubai,UAE,Middle East,Terminal-4,Berth-4
PR04793,P005,Colombo,Sri Lanka,South Asia,Terminal-1,Berth-5
PR04794,P006,Rotterdam,Netherlands,Europe,Terminal-2,Berth-6
PR04795,P007,Los Angeles,USA,North America,Terminal-3,Berth-7
PR04796,P001,Chennai,India,South Asia,Terminal-4,Berth-8
PR04797,P002,Mumbai,India,South Asia,Terminal-1,Berth-9
PR04798,P003,Singapore,Singapore,Southeast Asia,Terminal-2,Berth-10
PR04799,P004,Dubai,UAE,Middle East,Terminal-3,Berth-11
PR04800,P005,Colombo,Sri Lanka,South Asia,Terminal-4,Berth-12
PR04801,P006,Rotterdam,Netherlands,Europe,Terminal-1,Berth-13
PR04802,P007,Los Angeles,USA,North America,Terminal-2,Berth-14
PR04803,P001,Chennai,India,South Asia,Terminal-3,Berth-15
PR04804,P002,Mumbai,India,South Asia,Terminal-4,Berth-16
PR04805,P003,Singapore,Singapore,Southeast Asia,Terminal-1,Berth-17
PR04806,P004,Dubai,UAE,Middle East,Terminal-2,Berth-18
PR04807,P005,Colombo,Sri Lanka,South Asia,Terminal-3,Berth-1
PR04808,P006,Rotterdam,Netherlands,Europe,Terminal-4,Berth-2
PR04809,P007,Los Angeles,USA,North America,Terminal-1,Berth-3
PR04810,P001,Chennai,India,South Asia,Terminal-2,Berth-4
PR04811,P002,Mumbai,India,South Asia,Terminal-3,Berth-5
PR04812,P003,Singapore,Singapore,Southeast Asia,Terminal-4,Berth-6
PR04813,P004,Dubai,UAE,Middle East,Terminal-1,Berth-7
PR04814,P005,Colombo,Sri Lanka,South Asia,Terminal-2,Berth-8
PR04815,P006,Rotterdam,Netherlands,Europe,Terminal-3,Berth-9
PR04816,P007,Los Angeles,USA,North America,Terminal-4,Berth-10
PR04817,P001,Chennai,India,South Asia,Terminal-1,Berth-11
PR04818,P002,Mumbai,India,South Asia,Terminal-2,Berth-12
PR04819,P003,Singapore,Singapore,Southeast Asia,Terminal-3,Berth-13
PR04820,P004,Dubai,UAE,Middle East,Terminal-4,Berth-14
PR04821,P005,Colombo,Sri Lanka,South Asia,Terminal-1,Berth-15
PR04822,P006,Rotterdam,Netherlands,Europe,Terminal-2,Berth-16
PR04823,P007,Los Angeles,USA,North America,Terminal-3,Berth-17
PR04824,P001,Chennai,India,South Asia,Terminal-4,Berth-18
PR04825,P002,Mumbai,India,South Asia,Terminal-1,Berth-1
PR04826,P003,Singapore,Singapore,Southeast Asia,Terminal-2,Berth-2
PR04827,P004,Dubai,UAE,Middle East,Terminal-3,Berth-3
PR04828,P005,Colombo,Sri Lanka,South Asia,Terminal-4,Berth-4
PR04829,P006,Rotterdam,Netherlands,Europe,Terminal-1,Berth-5
PR04830,P007,Los Angeles,USA,North America,Terminal-2,Berth-6
PR04831,P001,Chennai,India,South Asia,Terminal-3,Berth-7
PR04832,P002,Mumbai,India,South Asia,Terminal-4,Berth-8
PR04833,P003,Singapore,Singapore,Southeast Asia,Terminal-1,Berth-9
PR04834,P004,Dubai,UAE,Middle East,Terminal-2,Berth-10
PR04835,P005,Colombo,Sri Lanka,South Asia,Terminal-3,Berth-11
PR04836,P006,Rotterdam,Netherlands,Europe,Terminal-4,Berth-12
PR04837,P007,Los Angeles,USA,North America,Terminal-1,Berth-13
PR04838,P001,Chennai,India,South Asia,Terminal-2,Berth-14
PR04839,P002,Mumbai,India,South Asia,Terminal-3,Berth-15
PR04840,P003,Singapore,Singapore,Southeast Asia,Terminal-4,Berth-16
PR04841,P004,Dubai,UAE,Middle East,Terminal-1,Berth-17
PR04842,P005,Colombo,Sri Lanka,South Asia,Terminal-2,Berth-18
PR04843,P006,Rotterdam,Netherlands,Europe,Terminal-3,Berth-1
PR04844,P007,Los Angeles,USA,North America,Terminal-4,Berth-2
PR04845,P001,Chennai,India,South Asia,Terminal-1,Berth-3
PR04846,P002,Mumbai,India,South Asia,Terminal-2,Berth-4
PR04847,P003,Singapore,Singapore,Southeast Asia,Terminal-3,Berth-5
PR04848,P004,Dubai,UAE,Middle East,Terminal-4,Berth-6
PR04849,P005,Colombo,Sri Lanka,South Asia,Terminal-1,Berth-7
PR04850,P006,Rotterdam,Netherlands,Europe,Terminal-2,Berth-8
PR04851,P007,Los Angeles,USA,North America,Terminal-3,Berth-9
PR04852,P001,Chennai,India,South Asia,Terminal-4,Berth-10
PR04853,P002,Mumbai,India,South Asia,Terminal-1,Berth-11
PR04854,P003,Singapore,Singapore,Southeast Asia,Terminal-2,Berth-12
PR04855,P004,Dubai,UAE,Middle East,Terminal-3,Berth-13
PR04856,P005,Colombo,Sri Lanka,South Asia,Terminal-4,Berth-14
PR04857,P006,Rotterdam,Netherlands,Europe,Terminal-1,Berth-15
PR04858,P007,Los Angeles,USA,North America,Terminal-2,Berth-16
PR04859,P001,Chennai,India,South Asia,Terminal-3,Berth-17
PR04860,P002,Mumbai,India,South Asia,Terminal-4,Berth-18
PR04861,P003,Singapore,Singapore,Southeast Asia,Terminal-1,Berth-1
PR04862,P004,Dubai,UAE,Middle East,Terminal-2,Berth-2
PR04863,P005,Colombo,Sri Lanka,South Asia,Terminal-3,Berth-3
PR04864,P006,Rotterdam,Netherlands,Europe,Terminal-4,Berth-4
PR04865,P007,Los Angeles,USA,North America,Terminal-1,Berth-5
PR04866,P001,Chennai,India,South Asia,Terminal-2,Berth-6
PR04867,P002,Mumbai,India,South Asia,Terminal-3,Berth-7
PR04868,P003,Singapore,Singapore,Southeast Asia,Terminal-4,Berth-8
PR04869,P004,Dubai,UAE,Middle East,Terminal-1,Berth-9
PR04870,P005,Colombo,Sri Lanka,South Asia,Terminal-2,Berth-10
PR04871,P006,Rotterdam,Netherlands,Europe,Terminal-3,Berth-11
PR04872,P007,Los Angeles,USA,North America,Terminal-4,Berth-12
PR04873,P001,Chennai,India,South Asia,Terminal-1,Berth-13
PR04874,P002,Mumbai,India,South Asia,Terminal-2,Berth-14
PR04875,P003,Singapore,Singapore,Southeast Asia,Terminal-3,Berth-15
PR04876,P004,Dubai,UAE,Middle East,Terminal-4,Berth-16
PR04877,P005,Colombo,Sri Lanka,South Asia,Terminal-1,Berth-17
PR04878,P006,Rotterdam,Netherlands,Europe,Terminal-2,Berth-18
PR04879,P007,Los Angeles,USA,North America,Terminal-3,Berth-1
PR04880,P001,Chennai,India,South Asia,Terminal-4,Berth-2
PR04881,P002,Mumbai,India,South Asia,Terminal-1,Berth-3
PR04882,P003,Singapore,Singapore,Southeast Asia,Terminal-2,Berth-4
PR04883,P004,Dubai,UAE,Middle East,Terminal-3,Berth-5
PR04884,P005,Colombo,Sri Lanka,South Asia,Terminal-4,Berth-6
PR04885,P006,Rotterdam,Netherlands,Europe,Terminal-1,Berth-7
PR04886,P007,Los Angeles,USA,North America,Terminal-2,Berth-8
PR04887,P001,Chennai,India,South Asia,Terminal-3,Berth-9
PR04888,P002,Mumbai,India,South Asia,Terminal-4,Berth-10
PR04889,P003,Singapore,Singapore,Southeast Asia,Terminal-1,Berth-11
PR04890,P004,Dubai,UAE,Middle East,Terminal-2,Berth-12
PR04891,P005,Colombo,Sri Lanka,South Asia,Terminal-3,Berth-13
PR04892,P006,Rotterdam,Netherlands,Europe,Terminal-4,Berth-14
PR04893,P007,Los Angeles,USA,North America,Terminal-1,Berth-15
PR04894,P001,Chennai,India,South Asia,Terminal-2,Berth-16
PR04895,P002,Mumbai,India,South Asia,Terminal-3,Berth-17
PR04896,P003,Singapore,Singapore,Southeast Asia,Terminal-4,Berth-18
PR04897,P004,Dubai,UAE,Middle East,Terminal-1,Berth-1
PR04898,P005,Colombo,Sri Lanka,South Asia,Terminal-2,Berth-2
PR04899,P006,Rotterdam,Netherlands,Europe,Terminal-3,Berth-3
PR04900,P007,Los Angeles,USA,North America,Terminal-4,Berth-4
PR04901,P001,Chennai,India,South Asia,Terminal-1,Berth-5
PR04902,P002,Mumbai,India,South Asia,Terminal-2,Berth-6
PR04903,P003,Singapore,Singapore,Southeast Asia,Terminal-3,Berth-7
PR04904,P004,Dubai,UAE,Middle East,Terminal-4,Berth-8
PR04905,P005,Colombo,Sri Lanka,South Asia,Terminal-1,Berth-9
PR04906,P006,Rotterdam,Netherlands,Europe,Terminal-2,Berth-10
PR04907,P007,Los Angeles,USA,North America,Terminal-3,Berth-11
PR04908,P001,Chennai,India,South Asia,Terminal-4,Berth-12
PR04909,P002,Mumbai,India,South Asia,Terminal-1,Berth-13
PR04910,P003,Singapore,Singapore,Southeast Asia,Terminal-2,Berth-14
PR04911,P004,Dubai,UAE,Middle East,Terminal-3,Berth-15
PR04912,P005,Colombo,Sri Lanka,South Asia,Terminal-4,Berth-16
PR04913,P006,Rotterdam,Netherlands,Europe,Terminal-1,Berth-17
PR04914,P007,Los Angeles,USA,North America,Terminal-2,Berth-18
PR04915,P001,Chennai,India,South Asia,Terminal-3,Berth-1
PR04916,P002,Mumbai,India,South Asia,Terminal-4,Berth-2
PR04917,P003,Singapore,Singapore,Southeast Asia,Terminal-1,Berth-3
PR04918,P004,Dubai,UAE,Middle East,Terminal-2,Berth-4
PR04919,P005,Colombo,Sri Lanka,South Asia,Terminal-3,Berth-5
PR04920,P006,Rotterdam,Netherlands,Europe,Terminal-4,Berth-6
PR04921,P007,Los Angeles,USA,North America,Terminal-1,Berth-7
PR04922,P001,Chennai,India,South Asia,Terminal-2,Berth-8
PR04923,P002,Mumbai,India,South Asia,Terminal-3,Berth-9
PR04924,P003,Singapore,Singapore,Southeast Asia,Terminal-4,Berth-10
PR04925,P004,Dubai,UAE,Middle East,Terminal-1,Berth-11
PR04926,P005,Colombo,Sri Lanka,South Asia,Terminal-2,Berth-12
PR04927,P006,Rotterdam,Netherlands,Europe,Terminal-3,Berth-13
PR04928,P007,Los Angeles,USA,North America,Terminal-4,Berth-14
PR04929,P001,Chennai,India,South Asia,Terminal-1,Berth-15
PR04930,P002,Mumbai,India,South Asia,Terminal-2,Berth-16
PR04931,P003,Singapore,Singapore,Southeast Asia,Terminal-3,Berth-17
PR04932,P004,Dubai,UAE,Middle East,Terminal-4,Berth-18
PR04933,P005,Colombo,Sri Lanka,South Asia,Terminal-1,Berth-1
PR04934,P006,Rotterdam,Netherlands,Europe,Terminal-2,Berth-2
PR04935,P007,Los Angeles,USA,North America,Terminal-3,Berth-3
PR04936,P001,Chennai,India,South Asia,Terminal-4,Berth-4
PR04937,P002,Mumbai,India,South Asia,Terminal-1,Berth-5
PR04938,P003,Singapore,Singapore,Southeast Asia,Terminal-2,Berth-6
PR04939,P004,Dubai,UAE,Middle East,Terminal-3,Berth-7
PR04940,P005,Colombo,Sri Lanka,South Asia,Terminal-4,Berth-8
PR04941,P006,Rotterdam,Netherlands,Europe,Terminal-1,Berth-9
PR04942,P007,Los Angeles,USA,North America,Terminal-2,Berth-10
PR04943,P001,Chennai,India,South Asia,Terminal-3,Berth-11
PR04944,P002,Mumbai,India,South Asia,Terminal-4,Berth-12
PR04945,P003,Singapore,Singapore,Southeast Asia,Terminal-1,Berth-13
PR04946,P004,Dubai,UAE,Middle East,Terminal-2,Berth-14
PR04947,P005,Colombo,Sri Lanka,South Asia,Terminal-3,Berth-15
PR04948,P006,Rotterdam,Netherlands,Europe,Terminal-4,Berth-16
PR04949,P007,Los Angeles,USA,North America,Terminal-1,Berth-17
PR04950,P001,Chennai,India,South Asia,Terminal-2,Berth-18
PR04951,P002,Mumbai,India,South Asia,Terminal-3,Berth-1
PR04952,P003,Singapore,Singapore,Southeast Asia,Terminal-4,Berth-2
PR04953,P004,Dubai,UAE,Middle East,Terminal-1,Berth-3
PR04954,P005,Colombo,Sri Lanka,South Asia,Terminal-2,Berth-4
PR04955,P006,Rotterdam,Netherlands,Europe,Terminal-3,Berth-5
PR04956,P007,Los Angeles,USA,North America,Terminal-4,Berth-6
PR04957,P001,Chennai,India,South Asia,Terminal-1,Berth-7
PR04958,P002,Mumbai,India,South Asia,Terminal-2,Berth-8
PR04959,P003,Singapore,Singapore,Southeast Asia,Terminal-3,Berth-9
PR04960,P004,Dubai,UAE,Middle East,Terminal-4,Berth-10
PR04961,P005,Colombo,Sri Lanka,South Asia,Terminal-1,Berth-11
PR04962,P006,Rotterdam,Netherlands,Europe,Terminal-2,Berth-12
PR04963,P007,Los Angeles,USA,North America,Terminal-3,Berth-13
PR04964,P001,Chennai,India,South Asia,Terminal-4,Berth-14
PR04965,P002,Mumbai,India,South Asia,Terminal-1,Berth-15
PR04966,P003,Singapore,Singapore,Southeast Asia,Terminal-2,Berth-16
PR04967,P004,Dubai,UAE,Middle East,Terminal-3,Berth-17
PR04968,P005,Colombo,Sri Lanka,South Asia,Terminal-4,Berth-18
PR04969,P006,Rotterdam,Netherlands,Europe,Terminal-1,Berth-1
PR04970,P007,Los Angeles,USA,North America,Terminal-2,Berth-2
PR04971,P001,Chennai,India,South Asia,Terminal-3,Berth-3
PR04972,P002,Mumbai,India,South Asia,Terminal-4,Berth-4
PR04973,P003,Singapore,Singapore,Southeast Asia,Terminal-1,Berth-5
PR04974,P004,Dubai,UAE,Middle East,Terminal-2,Berth-6
PR04975,P005,Colombo,Sri Lanka,South Asia,Terminal-3,Berth-7
PR04976,P006,Rotterdam,Netherlands,Europe,Terminal-4,Berth-8
PR04977,P007,Los Angeles,USA,North America,Terminal-1,Berth-9
PR04978,P001,Chennai,India,South Asia,Terminal-2,Berth-10
PR04979,P002,Mumbai,India,South Asia,Terminal-3,Berth-11
PR04980,P003,Singapore,Singapore,Southeast Asia,Terminal-4,Berth-12
PR04981,P004,Dubai,UAE,Middle East,Terminal-1,Berth-13
PR04982,P005,Colombo,Sri Lanka,South Asia,Terminal-2,Berth-14
PR04983,P006,Rotterdam,Netherlands,Europe,Terminal-3,Berth-15
PR04984,P007,Los Angeles,USA,North America,Terminal-4,Berth-16
PR04985,P001,Chennai,India,South Asia,Terminal-1,Berth-17
PR04986,P002,Mumbai,India,South Asia,Terminal-2,Berth-18
PR04987,P003,Singapore,Singapore,Southeast Asia,Terminal-3,Berth-1
PR04988,P004,Dubai,UAE,Middle East,Terminal-4,Berth-2
PR04989,P005,Colombo,Sri Lanka,South Asia,Terminal-1,Berth-3
PR04990,P006,Rotterdam,Netherlands,Europe,Terminal-2,Berth-4
PR04991,P007,Los Angeles,USA,North America,Terminal-3,Berth-5
PR04992,P001,Chennai,India,South Asia,Terminal-4,Berth-6
PR04993,P002,Mumbai,India,South Asia,Terminal-1,Berth-7
PR04994,P003,Singapore,Singapore,Southeast Asia,Terminal-2,Berth-8
PR04995,P004,Dubai,UAE,Middle East,Terminal-3,Berth-9
PR04996,P005,Colombo,Sri Lanka,South Asia,Terminal-4,Berth-10
PR04997,P006,Rotterdam,Netherlands,Europe,Terminal-1,Berth-11
PR04998,P007,Los Angeles,USA,North America,Terminal-2,Berth-12
PR04999,P001,Chennai,India,South Asia,Terminal-3,Berth-13
PR05000,P002,Mumbai,India,South Asia,Terminal-4,Berth-14
PR05001,P003,Singapore,Singapore,Southeast Asia,Terminal-1,Berth-15
PR05002,P004,Dubai,UAE,Middle East,Terminal-2,Berth-16
PR05003,P005,Colombo,Sri Lanka,South Asia,Terminal-3,Berth-17
PR05004,P006,Rotterdam,Netherlands,Europe,Terminal-4,Berth-18
PR05005,P007,Los Angeles,USA,North America,Terminal-1,Berth-1
PR05006,P001,Chennai,India,South Asia,Terminal-2,Berth-2
PR05007,P002,Mumbai,India,South Asia,Terminal-3,Berth-3
PR05008,P003,Singapore,Singapore,Southeast Asia,Terminal-4,Berth-4
PR05009,P004,Dubai,UAE,Middle East,Terminal-1,Berth-5
PR05010,P005,Colombo,Sri Lanka,South Asia,Terminal-2,Berth-6
PR05011,P006,Rotterdam,Netherlands,Europe,Terminal-3,Berth-7
PR05012,P007,Los Angeles,USA,North America,Terminal-4,Berth-8
PR05013,P001,Chennai,India,South Asia,Terminal-1,Berth-9
PR05014,P002,Mumbai,India,South Asia,Terminal-2,Berth-10
PR05015,P003,Singapore,Singapore,Southeast Asia,Terminal-3,Berth-11
PR05016,P004,Dubai,UAE,Middle East,Terminal-4,Berth-12
PR05017,P005,Colombo,Sri Lanka,South Asia,Terminal-1,Berth-13
PR05018,P006,Rotterdam,Netherlands,Europe,Terminal-2,Berth-14
PR05019,P007,Los Angeles,USA,North America,Terminal-3,Berth-15
PR05020,P001,Chennai,India,South Asia,Terminal-4,Berth-16
PR05021,P002,Mumbai,India,South Asia,Terminal-1,Berth-17
PR05022,P003,Singapore,Singapore,Southeast Asia,Terminal-2,Berth-18
PR05023,P004,Dubai,UAE,Middle East,Terminal-3,Berth-1
PR05024,P005,Colombo,Sri Lanka,South Asia,Terminal-4,Berth-2
PR05025,P006,Rotterdam,Netherlands,Europe,Terminal-1,Berth-3
PR05026,P007,Los Angeles,USA,North America,Terminal-2,Berth-4
PR05027,P001,Chennai,India,South Asia,Terminal-3,Berth-5
PR05028,P002,Mumbai,India,South Asia,Terminal-4,Berth-6
PR05029,P003,Singapore,Singapore,Southeast Asia,Terminal-1,Berth-7
PR05030,P004,Dubai,UAE,Middle East,Terminal-2,Berth-8
PR05031,P005,Colombo,Sri Lanka,South Asia,Terminal-3,Berth-9
PR05032,P006,Rotterdam,Netherlands,Europe,Terminal-4,Berth-10
PR05033,P007,Los Angeles,USA,North America,Terminal-1,Berth-11
PR05034,P001,Chennai,India,South Asia,Terminal-2,Berth-12
PR05035,P002,Mumbai,India,South Asia,Terminal-3,Berth-13
PR05036,P003,Singapore,Singapore,Southeast Asia,Terminal-4,Berth-14
PR05037,P004,Dubai,UAE,Middle East,Terminal-1,Berth-15
PR05038,P005,Colombo,Sri Lanka,South Asia,Terminal-2,Berth-16
PR05039,P006,Rotterdam,Netherlands,Europe,Terminal-3,Berth-17
PR05040,P007,Los Angeles,USA,North America,Terminal-4,Berth-18
PR05041,P001,Chennai,India,South Asia,Terminal-1,Berth-1
PR05042,P002,Mumbai,India,South Asia,Terminal-2,Berth-2
PR05043,P003,Singapore,Singapore,Southeast Asia,Terminal-3,Berth-3
PR05044,P004,Dubai,UAE,Middle East,Terminal-4,Berth-4
PR05045,P005,Colombo,Sri Lanka,South Asia,Terminal-1,Berth-5
PR05046,P006,Rotterdam,Netherlands,Europe,Terminal-2,Berth-6
PR05047,P007,Los Angeles,USA,North America,Terminal-3,Berth-7
PR05048,P001,Chennai,India,South Asia,Terminal-4,Berth-8
PR05049,P002,Mumbai,India,South Asia,Terminal-1,Berth-9
PR05050,P003,Singapore,Singapore,Southeast Asia,Terminal-2,Berth-10
PR05051,P004,Dubai,UAE,Middle East,Terminal-3,Berth-11
PR05052,P005,Colombo,Sri Lanka,South Asia,Terminal-4,Berth-12
PR05053,P006,Rotterdam,Netherlands,Europe,Terminal-1,Berth-13
PR05054,P007,Los Angeles,USA,North America,Terminal-2,Berth-14
PR05055,P001,Chennai,India,South Asia,Terminal-3,Berth-15
PR05056,P002,Mumbai,India,South Asia,Terminal-4,Berth-16
PR05057,P003,Singapore,Singapore,Southeast Asia,Terminal-1,Berth-17
PR05058,P004,Dubai,UAE,Middle East,Terminal-2,Berth-18
PR05059,P005,Colombo,Sri Lanka,South Asia,Terminal-3,Berth-1
PR05060,P006,Rotterdam,Netherlands,Europe,Terminal-4,Berth-2
PR05061,P007,Los Angeles,USA,North America,Terminal-1,Berth-3
PR05062,P001,Chennai,India,South Asia,Terminal-2,Berth-4
PR05063,P002,Mumbai,India,South Asia,Terminal-3,Berth-5
PR05064,P003,Singapore,Singapore,Southeast Asia,Terminal-4,Berth-6
PR05065,P004,Dubai,UAE,Middle East,Terminal-1,Berth-7
PR05066,P005,Colombo,Sri Lanka,South Asia,Terminal-2,Berth-8
PR05067,P006,Rotterdam,Netherlands,Europe,Terminal-3,Berth-9
PR05068,P007,Los Angeles,USA,North America,Terminal-4,Berth-10
PR05069,P001,Chennai,India,South Asia,Terminal-1,Berth-11
PR05070,P002,Mumbai,India,South Asia,Terminal-2,Berth-12
PR05071,P003,Singapore,Singapore,Southeast Asia,Terminal-3,Berth-13
PR05072,P004,Dubai,UAE,Middle East,Terminal-4,Berth-14
PR05073,P005,Colombo,Sri Lanka,South Asia,Terminal-1,Berth-15
PR05074,P006,Rotterdam,Netherlands,Europe,Terminal-2,Berth-16
PR05075,P007,Los Angeles,USA,North America,Terminal-3,Berth-17
PR05076,P001,Chennai,India,South Asia,Terminal-4,Berth-18
PR05077,P002,Mumbai,India,South Asia,Terminal-1,Berth-1
PR05078,P003,Singapore,Singapore,Southeast Asia,Terminal-2,Berth-2
PR05079,P004,Dubai,UAE,Middle East,Terminal-3,Berth-3
PR05080,P005,Colombo,Sri Lanka,South Asia,Terminal-4,Berth-4
PR05081,P006,Rotterdam,Netherlands,Europe,Terminal-1,Berth-5
PR05082,P007,Los Angeles,USA,North America,Terminal-2,Berth-6
PR05083,P001,Chennai,India,South Asia,Terminal-3,Berth-7
PR05084,P002,Mumbai,India,South Asia,Terminal-4,Berth-8
PR05085,P003,Singapore,Singapore,Southeast Asia,Terminal-1,Berth-9
PR05086,P004,Dubai,UAE,Middle East,Terminal-2,Berth-10
PR05087,P005,Colombo,Sri Lanka,South Asia,Terminal-3,Berth-11
PR05088,P006,Rotterdam,Netherlands,Europe,Terminal-4,Berth-12
PR05089,P007,Los Angeles,USA,North America,Terminal-1,Berth-13
PR05090,P001,Chennai,India,South Asia,Terminal-2,Berth-14
PR05091,P002,Mumbai,India,South Asia,Terminal-3,Berth-15
PR05092,P003,Singapore,Singapore,Southeast Asia,Terminal-4,Berth-16
PR05093,P004,Dubai,UAE,Middle East,Terminal-1,Berth-17
PR05094,P005,Colombo,Sri Lanka,South Asia,Terminal-2,Berth-18
PR05095,P006,Rotterdam,Netherlands,Europe,Terminal-3,Berth-1
PR05096,P007,Los Angeles,USA,North America,Terminal-4,Berth-2
PR05097,P001,Chennai,India,South Asia,Terminal-1,Berth-3
PR05098,P002,Mumbai,India,South Asia,Terminal-2,Berth-4
PR05099,P003,Singapore,Singapore,Southeast Asia,Terminal-3,Berth-5
PR05100,P004,Dubai,UAE,Middle East,Terminal-4,Berth-6
PR05101,P005,Colombo,Sri Lanka,South Asia,Terminal-1,Berth-7
PR05102,P006,Rotterdam,Netherlands,Europe,Terminal-2,Berth-8
PR05103,P007,Los Angeles,USA,North America,Terminal-3,Berth-9
PR05104,P001,Chennai,India,South Asia,Terminal-4,Berth-10
PR05105,P002,Mumbai,India,South Asia,Terminal-1,Berth-11
PR05106,P003,Singapore,Singapore,Southeast Asia,Terminal-2,Berth-12
PR05107,P004,Dubai,UAE,Middle East,Terminal-3,Berth-13
PR05108,P005,Colombo,Sri Lanka,South Asia,Terminal-4,Berth-14
PR05109,P006,Rotterdam,Netherlands,Europe,Terminal-1,Berth-15
PR05110,P007,Los Angeles,USA,North America,Terminal-2,Berth-16
PR05111,P001,Chennai,India,South Asia,Terminal-3,Berth-17
PR05112,P002,Mumbai,India,South Asia,Terminal-4,Berth-18
PR05113,P003,Singapore,Singapore,Southeast Asia,Terminal-1,Berth-1
PR05114,P004,Dubai,UAE,Middle East,Terminal-2,Berth-2
PR05115,P005,Colombo,Sri Lanka,South Asia,Terminal-3,Berth-3
PR05116,P006,Rotterdam,Netherlands,Europe,Terminal-4,Berth-4
PR05117,P007,Los Angeles,USA,North America,Terminal-1,Berth-5
PR05118,P001,Chennai,India,South Asia,Terminal-2,Berth-6
PR05119,P002,Mumbai,India,South Asia,Terminal-3,Berth-7
PR05120,P003,Singapore,Singapore,Southeast Asia,Terminal-4,Berth-8
PR05121,P004,Dubai,UAE,Middle East,Terminal-1,Berth-9
PR05122,P005,Colombo,Sri Lanka,South Asia,Terminal-2,Berth-10
PR05123,P006,Rotterdam,Netherlands,Europe,Terminal-3,Berth-11
PR05124,P007,Los Angeles,USA,North America,Terminal-4,Berth-12
PR05125,P001,Chennai,India,South Asia,Terminal-1,Berth-13
PR05126,P002,Mumbai,India,South Asia,Terminal-2,Berth-14
PR05127,P003,Singapore,Singapore,Southeast Asia,Terminal-3,Berth-15
PR05128,P004,Dubai,UAE,Middle East,Terminal-4,Berth-16
PR05129,P005,Colombo,Sri Lanka,South Asia,Terminal-1,Berth-17
PR05130,P006,Rotterdam,Netherlands,Europe,Terminal-2,Berth-18
PR05131,P007,Los Angeles,USA,North America,Terminal-3,Berth-1
PR05132,P001,Chennai,India,South Asia,Terminal-4,Berth-2
PR05133,P002,Mumbai,India,South Asia,Terminal-1,Berth-3
PR05134,P003,Singapore,Singapore,Southeast Asia,Terminal-2,Berth-4
PR05135,P004,Dubai,UAE,Middle East,Terminal-3,Berth-5
PR05136,P005,Colombo,Sri Lanka,South Asia,Terminal-4,Berth-6
PR05137,P006,Rotterdam,Netherlands,Europe,Terminal-1,Berth-7
PR05138,P007,Los Angeles,USA,North America,Terminal-2,Berth-8
PR05139,P001,Chennai,India,South Asia,Terminal-3,Berth-9
PR05140,P002,Mumbai,India,South Asia,Terminal-4,Berth-10
PR05141,P003,Singapore,Singapore,Southeast Asia,Terminal-1,Berth-11
PR05142,P004,Dubai,UAE,Middle East,Terminal-2,Berth-12
PR05143,P005,Colombo,Sri Lanka,South Asia,Terminal-3,Berth-13
PR05144,P006,Rotterdam,Netherlands,Europe,Terminal-4,Berth-14
PR05145,P007,Los Angeles,USA,North America,Terminal-1,Berth-15
PR05146,P001,Chennai,India,South Asia,Terminal-2,Berth-16
PR05147,P002,Mumbai,India,South Asia,Terminal-3,Berth-17
PR05148,P003,Singapore,Singapore,Southeast Asia,Terminal-4,Berth-18
PR05149,P004,Dubai,UAE,Middle East,Terminal-1,Berth-1
PR05150,P005,Colombo,Sri Lanka,South Asia,Terminal-2,Berth-2
PR05151,P006,Rotterdam,Netherlands,Europe,Terminal-3,Berth-3
PR05152,P007,Los Angeles,USA,North America,Terminal-4,Berth-4
PR05153,P001,Chennai,India,South Asia,Terminal-1,Berth-5
PR05154,P002,Mumbai,India,South Asia,Terminal-2,Berth-6
PR05155,P003,Singapore,Singapore,Southeast Asia,Terminal-3,Berth-7
PR05156,P004,Dubai,UAE,Middle East,Terminal-4,Berth-8
PR05157,P005,Colombo,Sri Lanka,South Asia,Terminal-1,Berth-9
PR05158,P006,Rotterdam,Netherlands,Europe,Terminal-2,Berth-10
PR05159,P007,Los Angeles,USA,North America,Terminal-3,Berth-11
PR05160,P001,Chennai,India,South Asia,Terminal-4,Berth-12
PR05161,P002,Mumbai,India,South Asia,Terminal-1,Berth-13
PR05162,P003,Singapore,Singapore,Southeast Asia,Terminal-2,Berth-14
PR05163,P004,Dubai,UAE,Middle East,Terminal-3,Berth-15
PR05164,P005,Colombo,Sri Lanka,South Asia,Terminal-4,Berth-16
PR05165,P006,Rotterdam,Netherlands,Europe,Terminal-1,Berth-17
PR05166,P007,Los Angeles,USA,North America,Terminal-2,Berth-18
PR05167,P001,Chennai,India,South Asia,Terminal-3,Berth-1
PR05168,P002,Mumbai,India,South Asia,Terminal-4,Berth-2
PR05169,P003,Singapore,Singapore,Southeast Asia,Terminal-1,Berth-3
PR05170,P004,Dubai,UAE,Middle East,Terminal-2,Berth-4
PR05171,P005,Colombo,Sri Lanka,South Asia,Terminal-3,Berth-5
PR05172,P006,Rotterdam,Netherlands,Europe,Terminal-4,Berth-6
PR05173,P007,Los Angeles,USA,North America,Terminal-1,Berth-7
PR05174,P001,Chennai,India,South Asia,Terminal-2,Berth-8
PR05175,P002,Mumbai,India,South Asia,Terminal-3,Berth-9
PR05176,P003,Singapore,Singapore,Southeast Asia,Terminal-4,Berth-10
PR05177,P004,Dubai,UAE,Middle East,Terminal-1,Berth-11
PR05178,P005,Colombo,Sri Lanka,South Asia,Terminal-2,Berth-12
PR05179,P006,Rotterdam,Netherlands,Europe,Terminal-3,Berth-13
PR05180,P007,Los Angeles,USA,North America,Terminal-4,Berth-14
PR05181,P001,Chennai,India,South Asia,Terminal-1,Berth-15
PR05182,P002,Mumbai,India,South Asia,Terminal-2,Berth-16
PR05183,P003,Singapore,Singapore,Southeast Asia,Terminal-3,Berth-17
PR05184,P004,Dubai,UAE,Middle East,Terminal-4,Berth-18
PR05185,P005,Colombo,Sri Lanka,South Asia,Terminal-1,Berth-1
PR05186,P006,Rotterdam,Netherlands,Europe,Terminal-2,Berth-2
PR05187,P007,Los Angeles,USA,North America,Terminal-3,Berth-3
PR05188,P001,Chennai,India,South Asia,Terminal-4,Berth-4
PR05189,P002,Mumbai,India,South Asia,Terminal-1,Berth-5
PR05190,P003,Singapore,Singapore,Southeast Asia,Terminal-2,Berth-6
PR05191,P004,Dubai,UAE,Middle East,Terminal-3,Berth-7
PR05192,P005,Colombo,Sri Lanka,South Asia,Terminal-4,Berth-8
PR05193,P006,Rotterdam,Netherlands,Europe,Terminal-1,Berth-9
PR05194,P007,Los Angeles,USA,North America,Terminal-2,Berth-10
PR05195,P001,Chennai,India,South Asia,Terminal-3,Berth-11
PR05196,P002,Mumbai,India,South Asia,Terminal-4,Berth-12
PR05197,P003,Singapore,Singapore,Southeast Asia,Terminal-1,Berth-13
PR05198,P004,Dubai,UAE,Middle East,Terminal-2,Berth-14
PR05199,P005,Colombo,Sri Lanka,South Asia,Terminal-3,Berth-15
PR05200,P006,Rotterdam,Netherlands,Europe,Terminal-4,Berth-16
PR05201,P007,Los Angeles,USA,North America,Terminal-1,Berth-17
PR05202,P001,Chennai,India,South Asia,Terminal-2,Berth-18
PR05203,P002,Mumbai,India,South Asia,Terminal-3,Berth-1
PR05204,P003,Singapore,Singapore,Southeast Asia,Terminal-4,Berth-2
PR05205,P004,Dubai,UAE,Middle East,Terminal-1,Berth-3
PR05206,P005,Colombo,Sri Lanka,South Asia,Terminal-2,Berth-4
PR05207,P006,Rotterdam,Netherlands,Europe,Terminal-3,Berth-5
PR05208,P007,Los Angeles,USA,North America,Terminal-4,Berth-6
PR05209,P001,Chennai,India,South Asia,Terminal-1,Berth-7
PR05210,P002,Mumbai,India,South Asia,Terminal-2,Berth-8
PR05211,P003,Singapore,Singapore,Southeast Asia,Terminal-3,Berth-9
PR05212,P004,Dubai,UAE,Middle East,Terminal-4,Berth-10
PR05213,P005,Colombo,Sri Lanka,South Asia,Terminal-1,Berth-11
PR05214,P006,Rotterdam,Netherlands,Europe,Terminal-2,Berth-12
PR05215,P007,Los Angeles,USA,North America,Terminal-3,Berth-13
PR05216,P001,Chennai,India,South Asia,Terminal-4,Berth-14
PR05217,P002,Mumbai,India,South Asia,Terminal-1,Berth-15
PR05218,P003,Singapore,Singapore,Southeast Asia,Terminal-2,Berth-16
PR05219,P004,Dubai,UAE,Middle East,Terminal-3,Berth-17
PR05220,P005,Colombo,Sri Lanka,South Asia,Terminal-4,Berth-18
PR05221,P006,Rotterdam,Netherlands,Europe,Terminal-1,Berth-1
PR05222,P007,Los Angeles,USA,North America,Terminal-2,Berth-2
PR05223,P001,Chennai,India,South Asia,Terminal-3,Berth-3
PR05224,P002,Mumbai,India,South Asia,Terminal-4,Berth-4
PR05225,P003,Singapore,Singapore,Southeast Asia,Terminal-1,Berth-5
PR05226,P004,Dubai,UAE,Middle East,Terminal-2,Berth-6
PR05227,P005,Colombo,Sri Lanka,South Asia,Terminal-3,Berth-7
PR05228,P006,Rotterdam,Netherlands,Europe,Terminal-4,Berth-8
PR05229,P007,Los Angeles,USA,North America,Terminal-1,Berth-9
PR05230,P001,Chennai,India,South Asia,Terminal-2,Berth-10
PR05231,P002,Mumbai,India,South Asia,Terminal-3,Berth-11
PR05232,P003,Singapore,Singapore,Southeast Asia,Terminal-4,Berth-12
PR05233,P004,Dubai,UAE,Middle East,Terminal-1,Berth-13
PR05234,P005,Colombo,Sri Lanka,South Asia,Terminal-2,Berth-14
PR05235,P006,Rotterdam,Netherlands,Europe,Terminal-3,Berth-15
PR05236,P007,Los Angeles,USA,North America,Terminal-4,Berth-16
PR05237,P001,Chennai,India,South Asia,Terminal-1,Berth-17
PR05238,P002,Mumbai,India,South Asia,Terminal-2,Berth-18
PR05239,P003,Singapore,Singapore,Southeast Asia,Terminal-3,Berth-1
PR05240,P004,Dubai,UAE,Middle East,Terminal-4,Berth-2
PR05241,P005,Colombo,Sri Lanka,South Asia,Terminal-1,Berth-3
PR05242,P006,Rotterdam,Netherlands,Europe,Terminal-2,Berth-4
PR05243,P007,Los Angeles,USA,North America,Terminal-3,Berth-5
PR05244,P001,Chennai,India,South Asia,Terminal-4,Berth-6
PR05245,P002,Mumbai,India,South Asia,Terminal-1,Berth-7
PR05246,P003,Singapore,Singapore,Southeast Asia,Terminal-2,Berth-8
PR05247,P004,Dubai,UAE,Middle East,Terminal-3,Berth-9
PR05248,P005,Colombo,Sri Lanka,South Asia,Terminal-4,Berth-10
PR05249,P006,Rotterdam,Netherlands,Europe,Terminal-1,Berth-11
PR05250,P007,Los Angeles,USA,North America,Terminal-2,Berth-12
PR05251,P001,Chennai,India,South Asia,Terminal-3,Berth-13
PR05252,P002,Mumbai,India,South Asia,Terminal-4,Berth-14
PR05253,P003,Singapore,Singapore,Southeast Asia,Terminal-1,Berth-15
PR05254,P004,Dubai,UAE,Middle East,Terminal-2,Berth-16
PR05255,P005,Colombo,Sri Lanka,South Asia,Terminal-3,Berth-17
PR05256,P006,Rotterdam,Netherlands,Europe,Terminal-4,Berth-18
PR05257,P007,Los Angeles,USA,North America,Terminal-1,Berth-1
PR05258,P001,Chennai,India,South Asia,Terminal-2,Berth-2
PR05259,P002,Mumbai,India,South Asia,Terminal-3,Berth-3
PR05260,P003,Singapore,Singapore,Southeast Asia,Terminal-4,Berth-4
PR05261,P004,Dubai,UAE,Middle East,Terminal-1,Berth-5
PR05262,P005,Colombo,Sri Lanka,South Asia,Terminal-2,Berth-6
PR05263,P006,Rotterdam,Netherlands,Europe,Terminal-3,Berth-7
PR05264,P007,Los Angeles,USA,North America,Terminal-4,Berth-8
PR05265,P001,Chennai,India,South Asia,Terminal-1,Berth-9
PR05266,P002,Mumbai,India,South Asia,Terminal-2,Berth-10
PR05267,P003,Singapore,Singapore,Southeast Asia,Terminal-3,Berth-11
PR05268,P004,Dubai,UAE,Middle East,Terminal-4,Berth-12
PR05269,P005,Colombo,Sri Lanka,South Asia,Terminal-1,Berth-13
PR05270,P006,Rotterdam,Netherlands,Europe,Terminal-2,Berth-14
PR05271,P007,Los Angeles,USA,North America,Terminal-3,Berth-15
PR05272,P001,Chennai,India,South Asia,Terminal-4,Berth-16
PR05273,P002,Mumbai,India,South Asia,Terminal-1,Berth-17
PR05274,P003,Singapore,Singapore,Southeast Asia,Terminal-2,Berth-18
PR05275,P004,Dubai,UAE,Middle East,Terminal-3,Berth-1
PR05276,P005,Colombo,Sri Lanka,South Asia,Terminal-4,Berth-2
PR05277,P006,Rotterdam,Netherlands,Europe,Terminal-1,Berth-3
PR05278,P007,Los Angeles,USA,North America,Terminal-2,Berth-4
PR05279,P001,Chennai,India,South Asia,Terminal-3,Berth-5
PR05280,P002,Mumbai,India,South Asia,Terminal-4,Berth-6
PR05281,P003,Singapore,Singapore,Southeast Asia,Terminal-1,Berth-7
PR05282,P004,Dubai,UAE,Middle East,Terminal-2,Berth-8
PR05283,P005,Colombo,Sri Lanka,South Asia,Terminal-3,Berth-9
PR05284,P006,Rotterdam,Netherlands,Europe,Terminal-4,Berth-10
PR05285,P007,Los Angeles,USA,North America,Terminal-1,Berth-11
PR05286,P001,Chennai,India,South Asia,Terminal-2,Berth-12
PR05287,P002,Mumbai,India,South Asia,Terminal-3,Berth-13
PR05288,P003,Singapore,Singapore,Southeast Asia,Terminal-4,Berth-14
PR05289,P004,Dubai,UAE,Middle East,Terminal-1,Berth-15
PR05290,P005,Colombo,Sri Lanka,South Asia,Terminal-2,Berth-16
PR05291,P006,Rotterdam,Netherlands,Europe,Terminal-3,Berth-17
PR05292,P007,Los Angeles,USA,North America,Terminal-4,Berth-18
PR05293,P001,Chennai,India,South Asia,Terminal-1,Berth-1
PR05294,P002,Mumbai,India,South Asia,Terminal-2,Berth-2
PR05295,P003,Singapore,Singapore,Southeast Asia,Terminal-3,Berth-3
PR05296,P004,Dubai,UAE,Middle East,Terminal-4,Berth-4
PR05297,P005,Colombo,Sri Lanka,South Asia,Terminal-1,Berth-5
PR05298,P006,Rotterdam,Netherlands,Europe,Terminal-2,Berth-6
PR05299,P007,Los Angeles,USA,North America,Terminal-3,Berth-7
PR05300,P001,Chennai,India,South Asia,Terminal-4,Berth-8
PR05301,P002,Mumbai,India,South Asia,Terminal-1,Berth-9
PR05302,P003,Singapore,Singapore,Southeast Asia,Terminal-2,Berth-10
PR05303,P004,Dubai,UAE,Middle East,Terminal-3,Berth-11
PR05304,P005,Colombo,Sri Lanka,South Asia,Terminal-4,Berth-12
PR05305,P006,Rotterdam,Netherlands,Europe,Terminal-1,Berth-13
PR05306,P007,Los Angeles,USA,North America,Terminal-2,Berth-14
PR05307,P001,Chennai,India,South Asia,Terminal-3,Berth-15
PR05308,P002,Mumbai,India,South Asia,Terminal-4,Berth-16
PR05309,P003,Singapore,Singapore,Southeast Asia,Terminal-1,Berth-17
PR05310,P004,Dubai,UAE,Middle East,Terminal-2,Berth-18
PR05311,P005,Colombo,Sri Lanka,South Asia,Terminal-3,Berth-1
PR05312,P006,Rotterdam,Netherlands,Europe,Terminal-4,Berth-2
PR05313,P007,Los Angeles,USA,North America,Terminal-1,Berth-3
PR05314,P001,Chennai,India,South Asia,Terminal-2,Berth-4
PR05315,P002,Mumbai,India,South Asia,Terminal-3,Berth-5
PR05316,P003,Singapore,Singapore,Southeast Asia,Terminal-4,Berth-6
PR05317,P004,Dubai,UAE,Middle East,Terminal-1,Berth-7
PR05318,P005,Colombo,Sri Lanka,South Asia,Terminal-2,Berth-8
PR05319,P006,Rotterdam,Netherlands,Europe,Terminal-3,Berth-9
PR05320,P007,Los Angeles,USA,North America,Terminal-4,Berth-10
PR05321,P001,Chennai,India,South Asia,Terminal-1,Berth-11
PR05322,P002,Mumbai,India,South Asia,Terminal-2,Berth-12
PR05323,P003,Singapore,Singapore,Southeast Asia,Terminal-3,Berth-13
PR05324,P004,Dubai,UAE,Middle East,Terminal-4,Berth-14
PR05325,P005,Colombo,Sri Lanka,South Asia,Terminal-1,Berth-15
PR05326,P006,Rotterdam,Netherlands,Europe,Terminal-2,Berth-16
PR05327,P007,Los Angeles,USA,North America,Terminal-3,Berth-17
PR05328,P001,Chennai,India,South Asia,Terminal-4,Berth-18
PR05329,P002,Mumbai,India,South Asia,Terminal-1,Berth-1
PR05330,P003,Singapore,Singapore,Southeast Asia,Terminal-2,Berth-2
PR05331,P004,Dubai,UAE,Middle East,Terminal-3,Berth-3
PR05332,P005,Colombo,Sri Lanka,South Asia,Terminal-4,Berth-4
PR05333,P006,Rotterdam,Netherlands,Europe,Terminal-1,Berth-5
PR05334,P007,Los Angeles,USA,North America,Terminal-2,Berth-6
PR05335,P001,Chennai,India,South Asia,Terminal-3,Berth-7
PR05336,P002,Mumbai,India,South Asia,Terminal-4,Berth-8
PR05337,P003,Singapore,Singapore,Southeast Asia,Terminal-1,Berth-9
PR05338,P004,Dubai,UAE,Middle East,Terminal-2,Berth-10
PR05339,P005,Colombo,Sri Lanka,South Asia,Terminal-3,Berth-11
PR05340,P006,Rotterdam,Netherlands,Europe,Terminal-4,Berth-12
PR05341,P007,Los Angeles,USA,North America,Terminal-1,Berth-13
PR05342,P001,Chennai,India,South Asia,Terminal-2,Berth-14
PR05343,P002,Mumbai,India,South Asia,Terminal-3,Berth-15
PR05344,P003,Singapore,Singapore,Southeast Asia,Terminal-4,Berth-16
PR05345,P004,Dubai,UAE,Middle East,Terminal-1,Berth-17
PR05346,P005,Colombo,Sri Lanka,South Asia,Terminal-2,Berth-18
PR05347,P006,Rotterdam,Netherlands,Europe,Terminal-3,Berth-1
PR05348,P007,Los Angeles,USA,North America,Terminal-4,Berth-2
PR05349,P001,Chennai,India,South Asia,Terminal-1,Berth-3
PR05350,P002,Mumbai,India,South Asia,Terminal-2,Berth-4
PR05351,P003,Singapore,Singapore,Southeast Asia,Terminal-3,Berth-5
PR05352,P004,Dubai,UAE,Middle East,Terminal-4,Berth-6
PR05353,P005,Colombo,Sri Lanka,South Asia,Terminal-1,Berth-7
PR05354,P006,Rotterdam,Netherlands,Europe,Terminal-2,Berth-8
PR05355,P007,Los Angeles,USA,North America,Terminal-3,Berth-9
PR05356,P001,Chennai,India,South Asia,Terminal-4,Berth-10
PR05357,P002,Mumbai,India,South Asia,Terminal-1,Berth-11
PR05358,P003,Singapore,Singapore,Southeast Asia,Terminal-2,Berth-12
PR05359,P004,Dubai,UAE,Middle East,Terminal-3,Berth-13
PR05360,P005,Colombo,Sri Lanka,South Asia,Terminal-4,Berth-14
PR05361,P006,Rotterdam,Netherlands,Europe,Terminal-1,Berth-15
PR05362,P007,Los Angeles,USA,North America,Terminal-2,Berth-16
PR05363,P001,Chennai,India,South Asia,Terminal-3,Berth-17
PR05364,P002,Mumbai,India,South Asia,Terminal-4,Berth-18
PR05365,P003,Singapore,Singapore,Southeast Asia,Terminal-1,Berth-1
PR05366,P004,Dubai,UAE,Middle East,Terminal-2,Berth-2
PR05367,P005,Colombo,Sri Lanka,South Asia,Terminal-3,Berth-3
PR05368,P006,Rotterdam,Netherlands,Europe,Terminal-4,Berth-4
PR05369,P007,Los Angeles,USA,North America,Terminal-1,Berth-5
PR05370,P001,Chennai,India,South Asia,Terminal-2,Berth-6
PR05371,P002,Mumbai,India,South Asia,Terminal-3,Berth-7
PR05372,P003,Singapore,Singapore,Southeast Asia,Terminal-4,Berth-8
PR05373,P004,Dubai,UAE,Middle East,Terminal-1,Berth-9
PR05374,P005,Colombo,Sri Lanka,South Asia,Terminal-2,Berth-10
PR05375,P006,Rotterdam,Netherlands,Europe,Terminal-3,Berth-11
PR05376,P007,Los Angeles,USA,North America,Terminal-4,Berth-12
PR05377,P001,Chennai,India,South Asia,Terminal-1,Berth-13
PR05378,P002,Mumbai,India,South Asia,Terminal-2,Berth-14
PR05379,P003,Singapore,Singapore,Southeast Asia,Terminal-3,Berth-15
PR05380,P004,Dubai,UAE,Middle East,Terminal-4,Berth-16
PR05381,P005,Colombo,Sri Lanka,South Asia,Terminal-1,Berth-17
PR05382,P006,Rotterdam,Netherlands,Europe,Terminal-2,Berth-18
PR05383,P007,Los Angeles,USA,North America,Terminal-3,Berth-1
PR05384,P001,Chennai,India,South Asia,Terminal-4,Berth-2
PR05385,P002,Mumbai,India,South Asia,Terminal-1,Berth-3
PR05386,P003,Singapore,Singapore,Southeast Asia,Terminal-2,Berth-4
PR05387,P004,Dubai,UAE,Middle East,Terminal-3,Berth-5
PR05388,P005,Colombo,Sri Lanka,South Asia,Terminal-4,Berth-6
PR05389,P006,Rotterdam,Netherlands,Europe,Terminal-1,Berth-7
PR05390,P007,Los Angeles,USA,North America,Terminal-2,Berth-8
PR05391,P001,Chennai,India,South Asia,Terminal-3,Berth-9
PR05392,P002,Mumbai,India,South Asia,Terminal-4,Berth-10
PR05393,P003,Singapore,Singapore,Southeast Asia,Terminal-1,Berth-11
PR05394,P004,Dubai,UAE,Middle East,Terminal-2,Berth-12
PR05395,P005,Colombo,Sri Lanka,South Asia,Terminal-3,Berth-13
PR05396,P006,Rotterdam,Netherlands,Europe,Terminal-4,Berth-14
PR05397,P007,Los Angeles,USA,North America,Terminal-1,Berth-15
PR05398,P001,Chennai,India,South Asia,Terminal-2,Berth-16
PR05399,P002,Mumbai,India,South Asia,Terminal-3,Berth-17
PR05400,P003,Singapore,Singapore,Southeast Asia,Terminal-4,Berth-18
PR05401,P004,Dubai,UAE,Middle East,Terminal-1,Berth-1
PR05402,P005,Colombo,Sri Lanka,South Asia,Terminal-2,Berth-2
PR05403,P006,Rotterdam,Netherlands,Europe,Terminal-3,Berth-3
PR05404,P007,Los Angeles,USA,North America,Terminal-4,Berth-4
PR05405,P001,Chennai,India,South Asia,Terminal-1,Berth-5
PR05406,P002,Mumbai,India,South Asia,Terminal-2,Berth-6
PR05407,P003,Singapore,Singapore,Southeast Asia,Terminal-3,Berth-7
PR05408,P004,Dubai,UAE,Middle East,Terminal-4,Berth-8
PR05409,P005,Colombo,Sri Lanka,South Asia,Terminal-1,Berth-9
PR05410,P006,Rotterdam,Netherlands,Europe,Terminal-2,Berth-10
PR05411,P007,Los Angeles,USA,North America,Terminal-3,Berth-11
PR05412,P001,Chennai,India,South Asia,Terminal-4,Berth-12
PR05413,P002,Mumbai,India,South Asia,Terminal-1,Berth-13
PR05414,P003,Singapore,Singapore,Southeast Asia,Terminal-2,Berth-14
PR05415,P004,Dubai,UAE,Middle East,Terminal-3,Berth-15
PR05416,P005,Colombo,Sri Lanka,South Asia,Terminal-4,Berth-16
PR05417,P006,Rotterdam,Netherlands,Europe,Terminal-1,Berth-17
PR05418,P007,Los Angeles,USA,North America,Terminal-2,Berth-18
PR05419,P001,Chennai,India,South Asia,Terminal-3,Berth-1
PR05420,P002,Mumbai,India,South Asia,Terminal-4,Berth-2
PR05421,P003,Singapore,Singapore,Southeast Asia,Terminal-1,Berth-3
PR05422,P004,Dubai,UAE,Middle East,Terminal-2,Berth-4
PR05423,P005,Colombo,Sri Lanka,South Asia,Terminal-3,Berth-5
PR05424,P006,Rotterdam,Netherlands,Europe,Terminal-4,Berth-6
PR05425,P007,Los Angeles,USA,North America,Terminal-1,Berth-7
PR05426,P001,Chennai,India,South Asia,Terminal-2,Berth-8
PR05427,P002,Mumbai,India,South Asia,Terminal-3,Berth-9
PR05428,P003,Singapore,Singapore,Southeast Asia,Terminal-4,Berth-10
PR05429,P004,Dubai,UAE,Middle East,Terminal-1,Berth-11
PR05430,P005,Colombo,Sri Lanka,South Asia,Terminal-2,Berth-12
PR05431,P006,Rotterdam,Netherlands,Europe,Terminal-3,Berth-13
PR05432,P007,Los Angeles,USA,North America,Terminal-4,Berth-14
PR05433,P001,Chennai,India,South Asia,Terminal-1,Berth-15
PR05434,P002,Mumbai,India,South Asia,Terminal-2,Berth-16
PR05435,P003,Singapore,Singapore,Southeast Asia,Terminal-3,Berth-17
PR05436,P004,Dubai,UAE,Middle East,Terminal-4,Berth-18
PR05437,P005,Colombo,Sri Lanka,South Asia,Terminal-1,Berth-1
PR05438,P006,Rotterdam,Netherlands,Europe,Terminal-2,Berth-2
PR05439,P007,Los Angeles,USA,North America,Terminal-3,Berth-3
PR05440,P001,Chennai,India,South Asia,Terminal-4,Berth-4
PR05441,P002,Mumbai,India,South Asia,Terminal-1,Berth-5
PR05442,P003,Singapore,Singapore,Southeast Asia,Terminal-2,Berth-6
PR05443,P004,Dubai,UAE,Middle East,Terminal-3,Berth-7
PR05444,P005,Colombo,Sri Lanka,South Asia,Terminal-4,Berth-8
PR05445,P006,Rotterdam,Netherlands,Europe,Terminal-1,Berth-9
PR05446,P007,Los Angeles,USA,North America,Terminal-2,Berth-10
PR05447,P001,Chennai,India,South Asia,Terminal-3,Berth-11
PR05448,P002,Mumbai,India,South Asia,Terminal-4,Berth-12
PR05449,P003,Singapore,Singapore,Southeast Asia,Terminal-1,Berth-13
PR05450,P004,Dubai,UAE,Middle East,Terminal-2,Berth-14
PR05451,P005,Colombo,Sri Lanka,South Asia,Terminal-3,Berth-15
PR05452,P006,Rotterdam,Netherlands,Europe,Terminal-4,Berth-16
PR05453,P007,Los Angeles,USA,North America,Terminal-1,Berth-17
PR05454,P001,Chennai,India,South Asia,Terminal-2,Berth-18
PR05455,P002,Mumbai,India,South Asia,Terminal-3,Berth-1
PR05456,P003,Singapore,Singapore,Southeast Asia,Terminal-4,Berth-2
PR05457,P004,Dubai,UAE,Middle East,Terminal-1,Berth-3
PR05458,P005,Colombo,Sri Lanka,South Asia,Terminal-2,Berth-4
PR05459,P006,Rotterdam,Netherlands,Europe,Terminal-3,Berth-5
PR05460,P007,Los Angeles,USA,North America,Terminal-4,Berth-6
PR05461,P001,Chennai,India,South Asia,Terminal-1,Berth-7
PR05462,P002,Mumbai,India,South Asia,Terminal-2,Berth-8
PR05463,P003,Singapore,Singapore,Southeast Asia,Terminal-3,Berth-9
PR05464,P004,Dubai,UAE,Middle East,Terminal-4,Berth-10
PR05465,P005,Colombo,Sri Lanka,South Asia,Terminal-1,Berth-11
PR05466,P006,Rotterdam,Netherlands,Europe,Terminal-2,Berth-12
PR05467,P007,Los Angeles,USA,North America,Terminal-3,Berth-13
PR05468,P001,Chennai,India,South Asia,Terminal-4,Berth-14
PR05469,P002,Mumbai,India,South Asia,Terminal-1,Berth-15
PR05470,P003,Singapore,Singapore,Southeast Asia,Terminal-2,Berth-16
PR05471,P004,Dubai,UAE,Middle East,Terminal-3,Berth-17
PR05472,P005,Colombo,Sri Lanka,South Asia,Terminal-4,Berth-18
PR05473,P006,Rotterdam,Netherlands,Europe,Terminal-1,Berth-1
PR05474,P007,Los Angeles,USA,North America,Terminal-2,Berth-2
PR05475,P001,Chennai,India,South Asia,Terminal-3,Berth-3
PR05476,P002,Mumbai,India,South Asia,Terminal-4,Berth-4
PR05477,P003,Singapore,Singapore,Southeast Asia,Terminal-1,Berth-5
PR05478,P004,Dubai,UAE,Middle East,Terminal-2,Berth-6
PR05479,P005,Colombo,Sri Lanka,South Asia,Terminal-3,Berth-7
PR05480,P006,Rotterdam,Netherlands,Europe,Terminal-4,Berth-8
PR05481,P007,Los Angeles,USA,North America,Terminal-1,Berth-9
PR05482,P001,Chennai,India,South Asia,Terminal-2,Berth-10
PR05483,P002,Mumbai,India,South Asia,Terminal-3,Berth-11
PR05484,P003,Singapore,Singapore,Southeast Asia,Terminal-4,Berth-12
PR05485,P004,Dubai,UAE,Middle East,Terminal-1,Berth-13
PR05486,P005,Colombo,Sri Lanka,South Asia,Terminal-2,Berth-14
PR05487,P006,Rotterdam,Netherlands,Europe,Terminal-3,Berth-15
PR05488,P007,Los Angeles,USA,North America,Terminal-4,Berth-16
PR05489,P001,Chennai,India,South Asia,Terminal-1,Berth-17
PR05490,P002,Mumbai,India,South Asia,Terminal-2,Berth-18
PR05491,P003,Singapore,Singapore,Southeast Asia,Terminal-3,Berth-1
PR05492,P004,Dubai,UAE,Middle East,Terminal-4,Berth-2
PR05493,P005,Colombo,Sri Lanka,South Asia,Terminal-1,Berth-3
PR05494,P006,Rotterdam,Netherlands,Europe,Terminal-2,Berth-4
PR05495,P007,Los Angeles,USA,North America,Terminal-3,Berth-5
PR05496,P001,Chennai,India,South Asia,Terminal-4,Berth-6
PR05497,P002,Mumbai,India,South Asia,Terminal-1,Berth-7
PR05498,P003,Singapore,Singapore,Southeast Asia,Terminal-2,Berth-8
PR05499,P004,Dubai,UAE,Middle East,Terminal-3,Berth-9
PR05500,P005,Colombo,Sri Lanka,South Asia,Terminal-4,Berth-10
PR05501,P006,Rotterdam,Netherlands,Europe,Terminal-1,Berth-11
PR05502,P007,Los Angeles,USA,North America,Terminal-2,Berth-12
PR05503,P001,Chennai,India,South Asia,Terminal-3,Berth-13
PR05504,P002,Mumbai,India,South Asia,Terminal-4,Berth-14
PR05505,P003,Singapore,Singapore,Southeast Asia,Terminal-1,Berth-15
PR05506,P004,Dubai,UAE,Middle East,Terminal-2,Berth-16
PR05507,P005,Colombo,Sri Lanka,South Asia,Terminal-3,Berth-17
PR05508,P006,Rotterdam,Netherlands,Europe,Terminal-4,Berth-18
PR05509,P007,Los Angeles,USA,North America,Terminal-1,Berth-1
PR05510,P001,Chennai,India,South Asia,Terminal-2,Berth-2
PR05511,P002,Mumbai,India,South Asia,Terminal-3,Berth-3
PR05512,P003,Singapore,Singapore,Southeast Asia,Terminal-4,Berth-4
PR05513,P004,Dubai,UAE,Middle East,Terminal-1,Berth-5
PR05514,P005,Colombo,Sri Lanka,South Asia,Terminal-2,Berth-6
PR05515,P006,Rotterdam,Netherlands,Europe,Terminal-3,Berth-7
PR05516,P007,Los Angeles,USA,North America,Terminal-4,Berth-8
PR05517,P001,Chennai,India,South Asia,Terminal-1,Berth-9
PR05518,P002,Mumbai,India,South Asia,Terminal-2,Berth-10
PR05519,P003,Singapore,Singapore,Southeast Asia,Terminal-3,Berth-11
PR05520,P004,Dubai,UAE,Middle East,Terminal-4,Berth-12
PR05521,P005,Colombo,Sri Lanka,South Asia,Terminal-1,Berth-13
PR05522,P006,Rotterdam,Netherlands,Europe,Terminal-2,Berth-14
PR05523,P007,Los Angeles,USA,North America,Terminal-3,Berth-15
PR05524,P001,Chennai,India,South Asia,Terminal-4,Berth-16
PR05525,P002,Mumbai,India,South Asia,Terminal-1,Berth-17
PR05526,P003,Singapore,Singapore,Southeast Asia,Terminal-2,Berth-18
PR05527,P004,Dubai,UAE,Middle East,Terminal-3,Berth-1
PR05528,P005,Colombo,Sri Lanka,South Asia,Terminal-4,Berth-2
PR05529,P006,Rotterdam,Netherlands,Europe,Terminal-1,Berth-3
PR05530,P007,Los Angeles,USA,North America,Terminal-2,Berth-4
PR05531,P001,Chennai,India,South Asia,Terminal-3,Berth-5
PR05532,P002,Mumbai,India,South Asia,Terminal-4,Berth-6
PR05533,P003,Singapore,Singapore,Southeast Asia,Terminal-1,Berth-7
PR05534,P004,Dubai,UAE,Middle East,Terminal-2,Berth-8
PR05535,P005,Colombo,Sri Lanka,South Asia,Terminal-3,Berth-9
PR05536,P006,Rotterdam,Netherlands,Europe,Terminal-4,Berth-10
PR05537,P007,Los Angeles,USA,North America,Terminal-1,Berth-11
PR05538,P001,Chennai,India,South Asia,Terminal-2,Berth-12
PR05539,P002,Mumbai,India,South Asia,Terminal-3,Berth-13
PR05540,P003,Singapore,Singapore,Southeast Asia,Terminal-4,Berth-14
PR05541,P004,Dubai,UAE,Middle East,Terminal-1,Berth-15
PR05542,P005,Colombo,Sri Lanka,South Asia,Terminal-2,Berth-16
PR05543,P006,Rotterdam,Netherlands,Europe,Terminal-3,Berth-17
PR05544,P007,Los Angeles,USA,North America,Terminal-4,Berth-18
PR05545,P001,Chennai,India,South Asia,Terminal-1,Berth-1
PR05546,P002,Mumbai,India,South Asia,Terminal-2,Berth-2
PR05547,P003,Singapore,Singapore,Southeast Asia,Terminal-3,Berth-3
PR05548,P004,Dubai,UAE,Middle East,Terminal-4,Berth-4
PR05549,P005,Colombo,Sri Lanka,South Asia,Terminal-1,Berth-5
PR05550,P006,Rotterdam,Netherlands,Europe,Terminal-2,Berth-6
PR05551,P007,Los Angeles,USA,North America,Terminal-3,Berth-7
PR05552,P001,Chennai,India,South Asia,Terminal-4,Berth-8
PR05553,P002,Mumbai,India,South Asia,Terminal-1,Berth-9
PR05554,P003,Singapore,Singapore,Southeast Asia,Terminal-2,Berth-10
PR05555,P004,Dubai,UAE,Middle East,Terminal-3,Berth-11
PR05556,P005,Colombo,Sri Lanka,South Asia,Terminal-4,Berth-12
PR05557,P006,Rotterdam,Netherlands,Europe,Terminal-1,Berth-13
PR05558,P007,Los Angeles,USA,North America,Terminal-2,Berth-14
PR05559,P001,Chennai,India,South Asia,Terminal-3,Berth-15
PR05560,P002,Mumbai,India,South Asia,Terminal-4,Berth-16
PR05561,P003,Singapore,Singapore,Southeast Asia,Terminal-1,Berth-17
PR05562,P004,Dubai,UAE,Middle East,Terminal-2,Berth-18
PR05563,P005,Colombo,Sri Lanka,South Asia,Terminal-3,Berth-1
PR05564,P006,Rotterdam,Netherlands,Europe,Terminal-4,Berth-2
PR05565,P007,Los Angeles,USA,North America,Terminal-1,Berth-3
PR05566,P001,Chennai,India,South Asia,Terminal-2,Berth-4
PR05567,P002,Mumbai,India,South Asia,Terminal-3,Berth-5
PR05568,P003,Singapore,Singapore,Southeast Asia,Terminal-4,Berth-6
PR05569,P004,Dubai,UAE,Middle East,Terminal-1,Berth-7
PR05570,P005,Colombo,Sri Lanka,South Asia,Terminal-2,Berth-8
PR05571,P006,Rotterdam,Netherlands,Europe,Terminal-3,Berth-9
PR05572,P007,Los Angeles,USA,North America,Terminal-4,Berth-10
PR05573,P001,Chennai,India,South Asia,Terminal-1,Berth-11
PR05574,P002,Mumbai,India,South Asia,Terminal-2,Berth-12
PR05575,P003,Singapore,Singapore,Southeast Asia,Terminal-3,Berth-13
PR05576,P004,Dubai,UAE,Middle East,Terminal-4,Berth-14
PR05577,P005,Colombo,Sri Lanka,South Asia,Terminal-1,Berth-15
PR05578,P006,Rotterdam,Netherlands,Europe,Terminal-2,Berth-16
PR05579,P007,Los Angeles,USA,North America,Terminal-3,Berth-17
PR05580,P001,Chennai,India,South Asia,Terminal-4,Berth-18
PR05581,P002,Mumbai,India,South Asia,Terminal-1,Berth-1
PR05582,P003,Singapore,Singapore,Southeast Asia,Terminal-2,Berth-2
PR05583,P004,Dubai,UAE,Middle East,Terminal-3,Berth-3
PR05584,P005,Colombo,Sri Lanka,South Asia,Terminal-4,Berth-4
PR05585,P006,Rotterdam,Netherlands,Europe,Terminal-1,Berth-5
PR05586,P007,Los Angeles,USA,North America,Terminal-2,Berth-6
PR05587,P001,Chennai,India,South Asia,Terminal-3,Berth-7
PR05588,P002,Mumbai,India,South Asia,Terminal-4,Berth-8
PR05589,P003,Singapore,Singapore,Southeast Asia,Terminal-1,Berth-9
PR05590,P004,Dubai,UAE,Middle East,Terminal-2,Berth-10
PR05591,P005,Colombo,Sri Lanka,South Asia,Terminal-3,Berth-11
PR05592,P006,Rotterdam,Netherlands,Europe,Terminal-4,Berth-12
PR05593,P007,Los Angeles,USA,North America,Terminal-1,Berth-13
PR05594,P001,Chennai,India,South Asia,Terminal-2,Berth-14
PR05595,P002,Mumbai,India,South Asia,Terminal-3,Berth-15
PR05596,P003,Singapore,Singapore,Southeast Asia,Terminal-4,Berth-16
PR05597,P004,Dubai,UAE,Middle East,Terminal-1,Berth-17
PR05598,P005,Colombo,Sri Lanka,South Asia,Terminal-2,Berth-18
PR05599,P006,Rotterdam,Netherlands,Europe,Terminal-3,Berth-1
PR05600,P007,Los Angeles,USA,North America,Terminal-4,Berth-2
PR05601,P001,Chennai,India,South Asia,Terminal-1,Berth-3
PR05602,P002,Mumbai,India,South Asia,Terminal-2,Berth-4
PR05603,P003,Singapore,Singapore,Southeast Asia,Terminal-3,Berth-5
PR05604,P004,Dubai,UAE,Middle East,Terminal-4,Berth-6
PR05605,P005,Colombo,Sri Lanka,South Asia,Terminal-1,Berth-7
PR05606,P006,Rotterdam,Netherlands,Europe,Terminal-2,Berth-8
PR05607,P007,Los Angeles,USA,North America,Terminal-3,Berth-9
PR05608,P001,Chennai,India,South Asia,Terminal-4,Berth-10
PR05609,P002,Mumbai,India,South Asia,Terminal-1,Berth-11
PR05610,P003,Singapore,Singapore,Southeast Asia,Terminal-2,Berth-12
PR05611,P004,Dubai,UAE,Middle East,Terminal-3,Berth-13
PR05612,P005,Colombo,Sri Lanka,South Asia,Terminal-4,Berth-14
PR05613,P006,Rotterdam,Netherlands,Europe,Terminal-1,Berth-15
PR05614,P007,Los Angeles,USA,North America,Terminal-2,Berth-16
PR05615,P001,Chennai,India,South Asia,Terminal-3,Berth-17
PR05616,P002,Mumbai,India,South Asia,Terminal-4,Berth-18
PR05617,P003,Singapore,Singapore,Southeast Asia,Terminal-1,Berth-1
PR05618,P004,Dubai,UAE,Middle East,Terminal-2,Berth-2
PR05619,P005,Colombo,Sri Lanka,South Asia,Terminal-3,Berth-3
PR05620,P006,Rotterdam,Netherlands,Europe,Terminal-4,Berth-4
PR05621,P007,Los Angeles,USA,North America,Terminal-1,Berth-5
PR05622,P001,Chennai,India,South Asia,Terminal-2,Berth-6
PR05623,P002,Mumbai,India,South Asia,Terminal-3,Berth-7
PR05624,P003,Singapore,Singapore,Southeast Asia,Terminal-4,Berth-8
PR05625,P004,Dubai,UAE,Middle East,Terminal-1,Berth-9
PR05626,P005,Colombo,Sri Lanka,South Asia,Terminal-2,Berth-10
PR05627,P006,Rotterdam,Netherlands,Europe,Terminal-3,Berth-11
PR05628,P007,Los Angeles,USA,North America,Terminal-4,Berth-12
PR05629,P001,Chennai,India,South Asia,Terminal-1,Berth-13
PR05630,P002,Mumbai,India,South Asia,Terminal-2,Berth-14
PR05631,P003,Singapore,Singapore,Southeast Asia,Terminal-3,Berth-15
PR05632,P004,Dubai,UAE,Middle East,Terminal-4,Berth-16
PR05633,P005,Colombo,Sri Lanka,South Asia,Terminal-1,Berth-17
PR05634,P006,Rotterdam,Netherlands,Europe,Terminal-2,Berth-18
PR05635,P007,Los Angeles,USA,North America,Terminal-3,Berth-1
PR05636,P001,Chennai,India,South Asia,Terminal-4,Berth-2
PR05637,P002,Mumbai,India,South Asia,Terminal-1,Berth-3
PR05638,P003,Singapore,Singapore,Southeast Asia,Terminal-2,Berth-4
PR05639,P004,Dubai,UAE,Middle East,Terminal-3,Berth-5
PR05640,P005,Colombo,Sri Lanka,South Asia,Terminal-4,Berth-6
PR05641,P006,Rotterdam,Netherlands,Europe,Terminal-1,Berth-7
PR05642,P007,Los Angeles,USA,North America,Terminal-2,Berth-8
PR05643,P001,Chennai,India,South Asia,Terminal-3,Berth-9
PR05644,P002,Mumbai,India,South Asia,Terminal-4,Berth-10
PR05645,P003,Singapore,Singapore,Southeast Asia,Terminal-1,Berth-11
PR05646,P004,Dubai,UAE,Middle East,Terminal-2,Berth-12
PR05647,P005,Colombo,Sri Lanka,South Asia,Terminal-3,Berth-13
PR05648,P006,Rotterdam,Netherlands,Europe,Terminal-4,Berth-14
PR05649,P007,Los Angeles,USA,North America,Terminal-1,Berth-15
PR05650,P001,Chennai,India,South Asia,Terminal-2,Berth-16
PR05651,P002,Mumbai,India,South Asia,Terminal-3,Berth-17
PR05652,P003,Singapore,Singapore,Southeast Asia,Terminal-4,Berth-18
PR05653,P004,Dubai,UAE,Middle East,Terminal-1,Berth-1
PR05654,P005,Colombo,Sri Lanka,South Asia,Terminal-2,Berth-2
PR05655,P006,Rotterdam,Netherlands,Europe,Terminal-3,Berth-3
PR05656,P007,Los Angeles,USA,North America,Terminal-4,Berth-4
PR05657,P001,Chennai,India,South Asia,Terminal-1,Berth-5
PR05658,P002,Mumbai,India,South Asia,Terminal-2,Berth-6
PR05659,P003,Singapore,Singapore,Southeast Asia,Terminal-3,Berth-7
PR05660,P004,Dubai,UAE,Middle East,Terminal-4,Berth-8
PR05661,P005,Colombo,Sri Lanka,South Asia,Terminal-1,Berth-9
PR05662,P006,Rotterdam,Netherlands,Europe,Terminal-2,Berth-10
PR05663,P007,Los Angeles,USA,North America,Terminal-3,Berth-11
PR05664,P001,Chennai,India,South Asia,Terminal-4,Berth-12
PR05665,P002,Mumbai,India,South Asia,Terminal-1,Berth-13
PR05666,P003,Singapore,Singapore,Southeast Asia,Terminal-2,Berth-14
PR05667,P004,Dubai,UAE,Middle East,Terminal-3,Berth-15
PR05668,P005,Colombo,Sri Lanka,South Asia,Terminal-4,Berth-16
PR05669,P006,Rotterdam,Netherlands,Europe,Terminal-1,Berth-17
PR05670,P007,Los Angeles,USA,North America,Terminal-2,Berth-18
PR05671,P001,Chennai,India,South Asia,Terminal-3,Berth-1
PR05672,P002,Mumbai,India,South Asia,Terminal-4,Berth-2
PR05673,P003,Singapore,Singapore,Southeast Asia,Terminal-1,Berth-3
PR05674,P004,Dubai,UAE,Middle East,Terminal-2,Berth-4
PR05675,P005,Colombo,Sri Lanka,South Asia,Terminal-3,Berth-5
PR05676,P006,Rotterdam,Netherlands,Europe,Terminal-4,Berth-6
PR05677,P007,Los Angeles,USA,North America,Terminal-1,Berth-7
PR05678,P001,Chennai,India,South Asia,Terminal-2,Berth-8
PR05679,P002,Mumbai,India,South Asia,Terminal-3,Berth-9
PR05680,P003,Singapore,Singapore,Southeast Asia,Terminal-4,Berth-10
PR05681,P004,Dubai,UAE,Middle East,Terminal-1,Berth-11
PR05682,P005,Colombo,Sri Lanka,South Asia,Terminal-2,Berth-12
PR05683,P006,Rotterdam,Netherlands,Europe,Terminal-3,Berth-13
PR05684,P007,Los Angeles,USA,North America,Terminal-4,Berth-14
PR05685,P001,Chennai,India,South Asia,Terminal-1,Berth-15
PR05686,P002,Mumbai,India,South Asia,Terminal-2,Berth-16
PR05687,P003,Singapore,Singapore,Southeast Asia,Terminal-3,Berth-17
PR05688,P004,Dubai,UAE,Middle East,Terminal-4,Berth-18
PR05689,P005,Colombo,Sri Lanka,South Asia,Terminal-1,Berth-1
PR05690,P006,Rotterdam,Netherlands,Europe,Terminal-2,Berth-2
PR05691,P007,Los Angeles,USA,North America,Terminal-3,Berth-3
PR05692,P001,Chennai,India,South Asia,Terminal-4,Berth-4
PR05693,P002,Mumbai,India,South Asia,Terminal-1,Berth-5
PR05694,P003,Singapore,Singapore,Southeast Asia,Terminal-2,Berth-6
PR05695,P004,Dubai,UAE,Middle East,Terminal-3,Berth-7
PR05696,P005,Colombo,Sri Lanka,South Asia,Terminal-4,Berth-8
PR05697,P006,Rotterdam,Netherlands,Europe,Terminal-1,Berth-9
PR05698,P007,Los Angeles,USA,North America,Terminal-2,Berth-10
PR05699,P001,Chennai,India,South Asia,Terminal-3,Berth-11
PR05700,P002,Mumbai,India,South Asia,Terminal-4,Berth-12
PR05701,P003,Singapore,Singapore,Southeast Asia,Terminal-1,Berth-13
PR05702,P004,Dubai,UAE,Middle East,Terminal-2,Berth-14
PR05703,P005,Colombo,Sri Lanka,South Asia,Terminal-3,Berth-15
PR05704,P006,Rotterdam,Netherlands,Europe,Terminal-4,Berth-16
PR05705,P007,Los Angeles,USA,North America,Terminal-1,Berth-17
PR05706,P001,Chennai,India,South Asia,Terminal-2,Berth-18
PR05707,P002,Mumbai,India,South Asia,Terminal-3,Berth-1
PR05708,P003,Singapore,Singapore,Southeast Asia,Terminal-4,Berth-2
PR05709,P004,Dubai,UAE,Middle East,Terminal-1,Berth-3
PR05710,P005,Colombo,Sri Lanka,South Asia,Terminal-2,Berth-4
PR05711,P006,Rotterdam,Netherlands,Europe,Terminal-3,Berth-5
PR05712,P007,Los Angeles,USA,North America,Terminal-4,Berth-6
PR05713,P001,Chennai,India,South Asia,Terminal-1,Berth-7
PR05714,P002,Mumbai,India,South Asia,Terminal-2,Berth-8
PR05715,P003,Singapore,Singapore,Southeast Asia,Terminal-3,Berth-9
PR05716,P004,Dubai,UAE,Middle East,Terminal-4,Berth-10
PR05717,P005,Colombo,Sri Lanka,South Asia,Terminal-1,Berth-11
PR05718,P006,Rotterdam,Netherlands,Europe,Terminal-2,Berth-12
PR05719,P007,Los Angeles,USA,North America,Terminal-3,Berth-13
PR05720,P001,Chennai,India,South Asia,Terminal-4,Berth-14
PR05721,P002,Mumbai,India,South Asia,Terminal-1,Berth-15
PR05722,P003,Singapore,Singapore,Southeast Asia,Terminal-2,Berth-16
PR05723,P004,Dubai,UAE,Middle East,Terminal-3,Berth-17
PR05724,P005,Colombo,Sri Lanka,South Asia,Terminal-4,Berth-18
PR05725,P006,Rotterdam,Netherlands,Europe,Terminal-1,Berth-1
PR05726,P007,Los Angeles,USA,North America,Terminal-2,Berth-2
PR05727,P001,Chennai,India,South Asia,Terminal-3,Berth-3
PR05728,P002,Mumbai,India,South Asia,Terminal-4,Berth-4
PR05729,P003,Singapore,Singapore,Southeast Asia,Terminal-1,Berth-5
PR05730,P004,Dubai,UAE,Middle East,Terminal-2,Berth-6
PR05731,P005,Colombo,Sri Lanka,South Asia,Terminal-3,Berth-7
PR05732,P006,Rotterdam,Netherlands,Europe,Terminal-4,Berth-8
PR05733,P007,Los Angeles,USA,North America,Terminal-1,Berth-9
PR05734,P001,Chennai,India,South Asia,Terminal-2,Berth-10
PR05735,P002,Mumbai,India,South Asia,Terminal-3,Berth-11
PR05736,P003,Singapore,Singapore,Southeast Asia,Terminal-4,Berth-12
PR05737,P004,Dubai,UAE,Middle East,Terminal-1,Berth-13
PR05738,P005,Colombo,Sri Lanka,South Asia,Terminal-2,Berth-14
PR05739,P006,Rotterdam,Netherlands,Europe,Terminal-3,Berth-15
PR05740,P007,Los Angeles,USA,North America,Terminal-4,Berth-16
PR05741,P001,Chennai,India,South Asia,Terminal-1,Berth-17
PR05742,P002,Mumbai,India,South Asia,Terminal-2,Berth-18
PR05743,P003,Singapore,Singapore,Southeast Asia,Terminal-3,Berth-1
PR05744,P004,Dubai,UAE,Middle East,Terminal-4,Berth-2
PR05745,P005,Colombo,Sri Lanka,South Asia,Terminal-1,Berth-3
PR05746,P006,Rotterdam,Netherlands,Europe,Terminal-2,Berth-4
PR05747,P007,Los Angeles,USA,North America,Terminal-3,Berth-5
PR05748,P001,Chennai,India,South Asia,Terminal-4,Berth-6
PR05749,P002,Mumbai,India,South Asia,Terminal-1,Berth-7
PR05750,P003,Singapore,Singapore,Southeast Asia,Terminal-2,Berth-8
PR05751,P004,Dubai,UAE,Middle East,Terminal-3,Berth-9
PR05752,P005,Colombo,Sri Lanka,South Asia,Terminal-4,Berth-10
PR05753,P006,Rotterdam,Netherlands,Europe,Terminal-1,Berth-11
PR05754,P007,Los Angeles,USA,North America,Terminal-2,Berth-12
PR05755,P001,Chennai,India,South Asia,Terminal-3,Berth-13
PR05756,P002,Mumbai,India,South Asia,Terminal-4,Berth-14
PR05757,P003,Singapore,Singapore,Southeast Asia,Terminal-1,Berth-15
PR05758,P004,Dubai,UAE,Middle East,Terminal-2,Berth-16
PR05759,P005,Colombo,Sri Lanka,South Asia,Terminal-3,Berth-17
PR05760,P006,Rotterdam,Netherlands,Europe,Terminal-4,Berth-18
PR05761,P007,Los Angeles,USA,North America,Terminal-1,Berth-1
PR05762,P001,Chennai,India,South Asia,Terminal-2,Berth-2
PR05763,P002,Mumbai,India,South Asia,Terminal-3,Berth-3
PR05764,P003,Singapore,Singapore,Southeast Asia,Terminal-4,Berth-4
PR05765,P004,Dubai,UAE,Middle East,Terminal-1,Berth-5
PR05766,P005,Colombo,Sri Lanka,South Asia,Terminal-2,Berth-6
PR05767,P006,Rotterdam,Netherlands,Europe,Terminal-3,Berth-7
PR05768,P007,Los Angeles,USA,North America,Terminal-4,Berth-8
PR05769,P001,Chennai,India,South Asia,Terminal-1,Berth-9
PR05770,P002,Mumbai,India,South Asia,Terminal-2,Berth-10
PR05771,P003,Singapore,Singapore,Southeast Asia,Terminal-3,Berth-11
PR05772,P004,Dubai,UAE,Middle East,Terminal-4,Berth-12
PR05773,P005,Colombo,Sri Lanka,South Asia,Terminal-1,Berth-13
PR05774,P006,Rotterdam,Netherlands,Europe,Terminal-2,Berth-14
PR05775,P007,Los Angeles,USA,North America,Terminal-3,Berth-15
PR05776,P001,Chennai,India,South Asia,Terminal-4,Berth-16
PR05777,P002,Mumbai,India,South Asia,Terminal-1,Berth-17
PR05778,P003,Singapore,Singapore,Southeast Asia,Terminal-2,Berth-18
PR05779,P004,Dubai,UAE,Middle East,Terminal-3,Berth-1
PR05780,P005,Colombo,Sri Lanka,South Asia,Terminal-4,Berth-2
PR05781,P006,Rotterdam,Netherlands,Europe,Terminal-1,Berth-3
PR05782,P007,Los Angeles,USA,North America,Terminal-2,Berth-4
PR05783,P001,Chennai,India,South Asia,Terminal-3,Berth-5
PR05784,P002,Mumbai,India,South Asia,Terminal-4,Berth-6
PR05785,P003,Singapore,Singapore,Southeast Asia,Terminal-1,Berth-7
PR05786,P004,Dubai,UAE,Middle East,Terminal-2,Berth-8
PR05787,P005,Colombo,Sri Lanka,South Asia,Terminal-3,Berth-9
PR05788,P006,Rotterdam,Netherlands,Europe,Terminal-4,Berth-10
PR05789,P007,Los Angeles,USA,North America,Terminal-1,Berth-11
PR05790,P001,Chennai,India,South Asia,Terminal-2,Berth-12
PR05791,P002,Mumbai,India,South Asia,Terminal-3,Berth-13
PR05792,P003,Singapore,Singapore,Southeast Asia,Terminal-4,Berth-14
PR05793,P004,Dubai,UAE,Middle East,Terminal-1,Berth-15
PR05794,P005,Colombo,Sri Lanka,South Asia,Terminal-2,Berth-16
PR05795,P006,Rotterdam,Netherlands,Europe,Terminal-3,Berth-17
PR05796,P007,Los Angeles,USA,North America,Terminal-4,Berth-18
PR05797,P001,Chennai,India,South Asia,Terminal-1,Berth-1
PR05798,P002,Mumbai,India,South Asia,Terminal-2,Berth-2
PR05799,P003,Singapore,Singapore,Southeast Asia,Terminal-3,Berth-3
PR05800,P004,Dubai,UAE,Middle East,Terminal-4,Berth-4
PR05801,P005,Colombo,Sri Lanka,South Asia,Terminal-1,Berth-5
PR05802,P006,Rotterdam,Netherlands,Europe,Terminal-2,Berth-6
PR05803,P007,Los Angeles,USA,North America,Terminal-3,Berth-7
PR05804,P001,Chennai,India,South Asia,Terminal-4,Berth-8
PR05805,P002,Mumbai,India,South Asia,Terminal-1,Berth-9
PR05806,P003,Singapore,Singapore,Southeast Asia,Terminal-2,Berth-10
PR05807,P004,Dubai,UAE,Middle East,Terminal-3,Berth-11
PR05808,P005,Colombo,Sri Lanka,South Asia,Terminal-4,Berth-12
PR05809,P006,Rotterdam,Netherlands,Europe,Terminal-1,Berth-13
PR05810,P007,Los Angeles,USA,North America,Terminal-2,Berth-14
PR05811,P001,Chennai,India,South Asia,Terminal-3,Berth-15
PR05812,P002,Mumbai,India,South Asia,Terminal-4,Berth-16
PR05813,P003,Singapore,Singapore,Southeast Asia,Terminal-1,Berth-17
PR05814,P004,Dubai,UAE,Middle East,Terminal-2,Berth-18
PR05815,P005,Colombo,Sri Lanka,South Asia,Terminal-3,Berth-1
PR05816,P006,Rotterdam,Netherlands,Europe,Terminal-4,Berth-2
PR05817,P007,Los Angeles,USA,North America,Terminal-1,Berth-3
PR05818,P001,Chennai,India,South Asia,Terminal-2,Berth-4
PR05819,P002,Mumbai,India,South Asia,Terminal-3,Berth-5
PR05820,P003,Singapore,Singapore,Southeast Asia,Terminal-4,Berth-6
PR05821,P004,Dubai,UAE,Middle East,Terminal-1,Berth-7
PR05822,P005,Colombo,Sri Lanka,South Asia,Terminal-2,Berth-8
PR05823,P006,Rotterdam,Netherlands,Europe,Terminal-3,Berth-9
PR05824,P007,Los Angeles,USA,North America,Terminal-4,Berth-10
PR05825,P001,Chennai,India,South Asia,Terminal-1,Berth-11
PR05826,P002,Mumbai,India,South Asia,Terminal-2,Berth-12
PR05827,P003,Singapore,Singapore,Southeast Asia,Terminal-3,Berth-13
PR05828,P004,Dubai,UAE,Middle East,Terminal-4,Berth-14
PR05829,P005,Colombo,Sri Lanka,South Asia,Terminal-1,Berth-15
PR05830,P006,Rotterdam,Netherlands,Europe,Terminal-2,Berth-16
PR05831,P007,Los Angeles,USA,North America,Terminal-3,Berth-17
PR05832,P001,Chennai,India,South Asia,Terminal-4,Berth-18
PR05833,P002,Mumbai,India,South Asia,Terminal-1,Berth-1
PR05834,P003,Singapore,Singapore,Southeast Asia,Terminal-2,Berth-2
PR05835,P004,Dubai,UAE,Middle East,Terminal-3,Berth-3
PR05836,P005,Colombo,Sri Lanka,South Asia,Terminal-4,Berth-4
PR05837,P006,Rotterdam,Netherlands,Europe,Terminal-1,Berth-5
PR05838,P007,Los Angeles,USA,North America,Terminal-2,Berth-6
PR05839,P001,Chennai,India,South Asia,Terminal-3,Berth-7
PR05840,P002,Mumbai,India,South Asia,Terminal-4,Berth-8
PR05841,P003,Singapore,Singapore,Southeast Asia,Terminal-1,Berth-9
PR05842,P004,Dubai,UAE,Middle East,Terminal-2,Berth-10
PR05843,P005,Colombo,Sri Lanka,South Asia,Terminal-3,Berth-11
PR05844,P006,Rotterdam,Netherlands,Europe,Terminal-4,Berth-12
PR05845,P007,Los Angeles,USA,North America,Terminal-1,Berth-13
PR05846,P001,Chennai,India,South Asia,Terminal-2,Berth-14
PR05847,P002,Mumbai,India,South Asia,Terminal-3,Berth-15
PR05848,P003,Singapore,Singapore,Southeast Asia,Terminal-4,Berth-16
PR05849,P004,Dubai,UAE,Middle East,Terminal-1,Berth-17
PR05850,P005,Colombo,Sri Lanka,South Asia,Terminal-2,Berth-18
PR05851,P006,Rotterdam,Netherlands,Europe,Terminal-3,Berth-1
PR05852,P007,Los Angeles,USA,North America,Terminal-4,Berth-2
PR05853,P001,Chennai,India,South Asia,Terminal-1,Berth-3
PR05854,P002,Mumbai,India,South Asia,Terminal-2,Berth-4
PR05855,P003,Singapore,Singapore,Southeast Asia,Terminal-3,Berth-5
PR05856,P004,Dubai,UAE,Middle East,Terminal-4,Berth-6
PR05857,P005,Colombo,Sri Lanka,South Asia,Terminal-1,Berth-7
PR05858,P006,Rotterdam,Netherlands,Europe,Terminal-2,Berth-8
PR05859,P007,Los Angeles,USA,North America,Terminal-3,Berth-9
PR05860,P001,Chennai,India,South Asia,Terminal-4,Berth-10
PR05861,P002,Mumbai,India,South Asia,Terminal-1,Berth-11
PR05862,P003,Singapore,Singapore,Southeast Asia,Terminal-2,Berth-12
PR05863,P004,Dubai,UAE,Middle East,Terminal-3,Berth-13
PR05864,P005,Colombo,Sri Lanka,South Asia,Terminal-4,Berth-14
PR05865,P006,Rotterdam,Netherlands,Europe,Terminal-1,Berth-15
PR05866,P007,Los Angeles,USA,North America,Terminal-2,Berth-16
PR05867,P001,Chennai,India,South Asia,Terminal-3,Berth-17
PR05868,P002,Mumbai,India,South Asia,Terminal-4,Berth-18
PR05869,P003,Singapore,Singapore,Southeast Asia,Terminal-1,Berth-1
PR05870,P004,Dubai,UAE,Middle East,Terminal-2,Berth-2
PR05871,P005,Colombo,Sri Lanka,South Asia,Terminal-3,Berth-3
PR05872,P006,Rotterdam,Netherlands,Europe,Terminal-4,Berth-4
PR05873,P007,Los Angeles,USA,North America,Terminal-1,Berth-5
PR05874,P001,Chennai,India,South Asia,Terminal-2,Berth-6
PR05875,P002,Mumbai,India,South Asia,Terminal-3,Berth-7
PR05876,P003,Singapore,Singapore,Southeast Asia,Terminal-4,Berth-8
PR05877,P004,Dubai,UAE,Middle East,Terminal-1,Berth-9
PR05878,P005,Colombo,Sri Lanka,South Asia,Terminal-2,Berth-10
PR05879,P006,Rotterdam,Netherlands,Europe,Terminal-3,Berth-11
PR05880,P007,Los Angeles,USA,North America,Terminal-4,Berth-12
PR05881,P001,Chennai,India,South Asia,Terminal-1,Berth-13
PR05882,P002,Mumbai,India,South Asia,Terminal-2,Berth-14
PR05883,P003,Singapore,Singapore,Southeast Asia,Terminal-3,Berth-15
PR05884,P004,Dubai,UAE,Middle East,Terminal-4,Berth-16
PR05885,P005,Colombo,Sri Lanka,South Asia,Terminal-1,Berth-17
PR05886,P006,Rotterdam,Netherlands,Europe,Terminal-2,Berth-18
PR05887,P007,Los Angeles,USA,North America,Terminal-3,Berth-1
PR05888,P001,Chennai,India,South Asia,Terminal-4,Berth-2
PR05889,P002,Mumbai,India,South Asia,Terminal-1,Berth-3
PR05890,P003,Singapore,Singapore,Southeast Asia,Terminal-2,Berth-4
PR05891,P004,Dubai,UAE,Middle East,Terminal-3,Berth-5
PR05892,P005,Colombo,Sri Lanka,South Asia,Terminal-4,Berth-6
PR05893,P006,Rotterdam,Netherlands,Europe,Terminal-1,Berth-7
PR05894,P007,Los Angeles,USA,North America,Terminal-2,Berth-8
PR05895,P001,Chennai,India,South Asia,Terminal-3,Berth-9
PR05896,P002,Mumbai,India,South Asia,Terminal-4,Berth-10
PR05897,P003,Singapore,Singapore,Southeast Asia,Terminal-1,Berth-11
PR05898,P004,Dubai,UAE,Middle East,Terminal-2,Berth-12
PR05899,P005,Colombo,Sri Lanka,South Asia,Terminal-3,Berth-13
PR05900,P006,Rotterdam,Netherlands,Europe,Terminal-4,Berth-14
PR05901,P007,Los Angeles,USA,North America,Terminal-1,Berth-15
PR05902,P001,Chennai,India,South Asia,Terminal-2,Berth-16
PR05903,P002,Mumbai,India,South Asia,Terminal-3,Berth-17
PR05904,P003,Singapore,Singapore,Southeast Asia,Terminal-4,Berth-18
PR05905,P004,Dubai,UAE,Middle East,Terminal-1,Berth-1
PR05906,P005,Colombo,Sri Lanka,South Asia,Terminal-2,Berth-2
PR05907,P006,Rotterdam,Netherlands,Europe,Terminal-3,Berth-3
PR05908,P007,Los Angeles,USA,North America,Terminal-4,Berth-4
PR05909,P001,Chennai,India,South Asia,Terminal-1,Berth-5
PR05910,P002,Mumbai,India,South Asia,Terminal-2,Berth-6
PR05911,P003,Singapore,Singapore,Southeast Asia,Terminal-3,Berth-7
PR05912,P004,Dubai,UAE,Middle East,Terminal-4,Berth-8
PR05913,P005,Colombo,Sri Lanka,South Asia,Terminal-1,Berth-9
PR05914,P006,Rotterdam,Netherlands,Europe,Terminal-2,Berth-10
PR05915,P007,Los Angeles,USA,North America,Terminal-3,Berth-11
PR05916,P001,Chennai,India,South Asia,Terminal-4,Berth-12
PR05917,P002,Mumbai,India,South Asia,Terminal-1,Berth-13
PR05918,P003,Singapore,Singapore,Southeast Asia,Terminal-2,Berth-14
PR05919,P004,Dubai,UAE,Middle East,Terminal-3,Berth-15
PR05920,P005,Colombo,Sri Lanka,South Asia,Terminal-4,Berth-16
PR05921,P006,Rotterdam,Netherlands,Europe,Terminal-1,Berth-17
PR05922,P007,Los Angeles,USA,North America,Terminal-2,Berth-18
PR05923,P001,Chennai,India,South Asia,Terminal-3,Berth-1
PR05924,P002,Mumbai,India,South Asia,Terminal-4,Berth-2
PR05925,P003,Singapore,Singapore,Southeast Asia,Terminal-1,Berth-3
PR05926,P004,Dubai,UAE,Middle East,Terminal-2,Berth-4
PR05927,P005,Colombo,Sri Lanka,South Asia,Terminal-3,Berth-5
PR05928,P006,Rotterdam,Netherlands,Europe,Terminal-4,Berth-6
PR05929,P007,Los Angeles,USA,North America,Terminal-1,Berth-7
PR05930,P001,Chennai,India,South Asia,Terminal-2,Berth-8
PR05931,P002,Mumbai,India,South Asia,Terminal-3,Berth-9
PR05932,P003,Singapore,Singapore,Southeast Asia,Terminal-4,Berth-10
PR05933,P004,Dubai,UAE,Middle East,Terminal-1,Berth-11
PR05934,P005,Colombo,Sri Lanka,South Asia,Terminal-2,Berth-12
PR05935,P006,Rotterdam,Netherlands,Europe,Terminal-3,Berth-13
PR05936,P007,Los Angeles,USA,North America,Terminal-4,Berth-14
PR05937,P001,Chennai,India,South Asia,Terminal-1,Berth-15
PR05938,P002,Mumbai,India,South Asia,Terminal-2,Berth-16
PR05939,P003,Singapore,Singapore,Southeast Asia,Terminal-3,Berth-17
PR05940,P004,Dubai,UAE,Middle East,Terminal-4,Berth-18
PR05941,P005,Colombo,Sri Lanka,South Asia,Terminal-1,Berth-1
PR05942,P006,Rotterdam,Netherlands,Europe,Terminal-2,Berth-2
PR05943,P007,Los Angeles,USA,North America,Terminal-3,Berth-3
PR05944,P001,Chennai,India,South Asia,Terminal-4,Berth-4
PR05945,P002,Mumbai,India,South Asia,Terminal-1,Berth-5
PR05946,P003,Singapore,Singapore,Southeast Asia,Terminal-2,Berth-6
PR05947,P004,Dubai,UAE,Middle East,Terminal-3,Berth-7
PR05948,P005,Colombo,Sri Lanka,South Asia,Terminal-4,Berth-8
PR05949,P006,Rotterdam,Netherlands,Europe,Terminal-1,Berth-9
PR05950,P007,Los Angeles,USA,North America,Terminal-2,Berth-10
PR05951,P001,Chennai,India,South Asia,Terminal-3,Berth-11
PR05952,P002,Mumbai,India,South Asia,Terminal-4,Berth-12
PR05953,P003,Singapore,Singapore,Southeast Asia,Terminal-1,Berth-13
PR05954,P004,Dubai,UAE,Middle East,Terminal-2,Berth-14
PR05955,P005,Colombo,Sri Lanka,South Asia,Terminal-3,Berth-15
PR05956,P006,Rotterdam,Netherlands,Europe,Terminal-4,Berth-16
PR05957,P007,Los Angeles,USA,North America,Terminal-1,Berth-17
PR05958,P001,Chennai,India,South Asia,Terminal-2,Berth-18
PR05959,P002,Mumbai,India,South Asia,Terminal-3,Berth-1
PR05960,P003,Singapore,Singapore,Southeast Asia,Terminal-4,Berth-2
PR05961,P004,Dubai,UAE,Middle East,Terminal-1,Berth-3
PR05962,P005,Colombo,Sri Lanka,South Asia,Terminal-2,Berth-4
PR05963,P006,Rotterdam,Netherlands,Europe,Terminal-3,Berth-5
PR05964,P007,Los Angeles,USA,North America,Terminal-4,Berth-6
PR05965,P001,Chennai,India,South Asia,Terminal-1,Berth-7
PR05966,P002,Mumbai,India,South Asia,Terminal-2,Berth-8
PR05967,P003,Singapore,Singapore,Southeast Asia,Terminal-3,Berth-9
PR05968,P004,Dubai,UAE,Middle East,Terminal-4,Berth-10
PR05969,P005,Colombo,Sri Lanka,South Asia,Terminal-1,Berth-11
PR05970,P006,Rotterdam,Netherlands,Europe,Terminal-2,Berth-12
PR05971,P007,Los Angeles,USA,North America,Terminal-3,Berth-13
PR05972,P001,Chennai,India,South Asia,Terminal-4,Berth-14
PR05973,P002,Mumbai,India,South Asia,Terminal-1,Berth-15
PR05974,P003,Singapore,Singapore,Southeast Asia,Terminal-2,Berth-16
PR05975,P004,Dubai,UAE,Middle East,Terminal-3,Berth-17
PR05976,P005,Colombo,Sri Lanka,South Asia,Terminal-4,Berth-18
PR05977,P006,Rotterdam,Netherlands,Europe,Terminal-1,Berth-1
PR05978,P007,Los Angeles,USA,North America,Terminal-2,Berth-2
PR05979,P001,Chennai,India,South Asia,Terminal-3,Berth-3
PR05980,P002,Mumbai,India,South Asia,Terminal-4,Berth-4
PR05981,P003,Singapore,Singapore,Southeast Asia,Terminal-1,Berth-5
PR05982,P004,Dubai,UAE,Middle East,Terminal-2,Berth-6
PR05983,P005,Colombo,Sri Lanka,South Asia,Terminal-3,Berth-7
PR05984,P006,Rotterdam,Netherlands,Europe,Terminal-4,Berth-8
PR05985,P007,Los Angeles,USA,North America,Terminal-1,Berth-9
PR05986,P001,Chennai,India,South Asia,Terminal-2,Berth-10
PR05987,P002,Mumbai,India,South Asia,Terminal-3,Berth-11
PR05988,P003,Singapore,Singapore,Southeast Asia,Terminal-4,Berth-12
PR05989,P004,Dubai,UAE,Middle East,Terminal-1,Berth-13
PR05990,P005,Colombo,Sri Lanka,South Asia,Terminal-2,Berth-14
PR05991,P006,Rotterdam,Netherlands,Europe,Terminal-3,Berth-15
PR05992,P007,Los Angeles,USA,North America,Terminal-4,Berth-16
PR05993,P001,Chennai,India,South Asia,Terminal-1,Berth-17
PR05994,P002,Mumbai,India,South Asia,Terminal-2,Berth-18
PR05995,P003,Singapore,Singapore,Southeast Asia,Terminal-3,Berth-1
PR05996,P004,Dubai,UAE,Middle East,Terminal-4,Berth-2
PR05997,P005,Colombo,Sri Lanka,South Asia,Terminal-1,Berth-3
PR05998,P006,Rotterdam,Netherlands,Europe,Terminal-2,Berth-4
PR05999,P007,Los Angeles,USA,North America,Terminal-3,Berth-5
PR06000,P001,Chennai,India,South Asia,Terminal-4,Berth-6
PR06001,P002,Mumbai,India,South Asia,Terminal-1,Berth-7
PR06002,P003,Singapore,Singapore,Southeast Asia,Terminal-2,Berth-8
PR06003,P004,Dubai,UAE,Middle East,Terminal-3,Berth-9
PR06004,P005,Colombo,Sri Lanka,South Asia,Terminal-4,Berth-10
PR06005,P006,Rotterdam,Netherlands,Europe,Terminal-1,Berth-11
PR06006,P007,Los Angeles,USA,North America,Terminal-2,Berth-12
PR06007,P001,Chennai,India,South Asia,Terminal-3,Berth-13
PR06008,P002,Mumbai,India,South Asia,Terminal-4,Berth-14
PR06009,P003,Singapore,Singapore,Southeast Asia,Terminal-1,Berth-15
PR06010,P004,Dubai,UAE,Middle East,Terminal-2,Berth-16
PR06011,P005,Colombo,Sri Lanka,South Asia,Terminal-3,Berth-17
PR06012,P006,Rotterdam,Netherlands,Europe,Terminal-4,Berth-18
PR06013,P007,Los Angeles,USA,North America,Terminal-1,Berth-1
PR06014,P001,Chennai,India,South Asia,Terminal-2,Berth-2
PR06015,P002,Mumbai,India,South Asia,Terminal-3,Berth-3
PR06016,P003,Singapore,Singapore,Southeast Asia,Terminal-4,Berth-4
PR06017,P004,Dubai,UAE,Middle East,Terminal-1,Berth-5
PR06018,P005,Colombo,Sri Lanka,South Asia,Terminal-2,Berth-6
PR06019,P006,Rotterdam,Netherlands,Europe,Terminal-3,Berth-7
PR06020,P007,Los Angeles,USA,North America,Terminal-4,Berth-8
PR06021,P001,Chennai,India,South Asia,Terminal-1,Berth-9
PR06022,P002,Mumbai,India,South Asia,Terminal-2,Berth-10
PR06023,P003,Singapore,Singapore,Southeast Asia,Terminal-3,Berth-11
PR06024,P004,Dubai,UAE,Middle East,Terminal-4,Berth-12
PR06025,P005,Colombo,Sri Lanka,South Asia,Terminal-1,Berth-13
PR06026,P006,Rotterdam,Netherlands,Europe,Terminal-2,Berth-14
PR06027,P007,Los Angeles,USA,North America,Terminal-3,Berth-15
PR06028,P001,Chennai,India,South Asia,Terminal-4,Berth-16
PR06029,P002,Mumbai,India,South Asia,Terminal-1,Berth-17
PR06030,P003,Singapore,Singapore,Southeast Asia,Terminal-2,Berth-18
PR06031,P004,Dubai,UAE,Middle East,Terminal-3,Berth-1
PR06032,P005,Colombo,Sri Lanka,South Asia,Terminal-4,Berth-2
PR06033,P006,Rotterdam,Netherlands,Europe,Terminal-1,Berth-3
PR06034,P007,Los Angeles,USA,North America,Terminal-2,Berth-4
PR06035,P001,Chennai,India,South Asia,Terminal-3,Berth-5
PR06036,P002,Mumbai,India,South Asia,Terminal-4,Berth-6
PR06037,P003,Singapore,Singapore,Southeast Asia,Terminal-1,Berth-7
PR06038,P004,Dubai,UAE,Middle East,Terminal-2,Berth-8
PR06039,P005,Colombo,Sri Lanka,South Asia,Terminal-3,Berth-9
PR06040,P006,Rotterdam,Netherlands,Europe,Terminal-4,Berth-10
PR06041,P007,Los Angeles,USA,North America,Terminal-1,Berth-11
PR06042,P001,Chennai,India,South Asia,Terminal-2,Berth-12
PR06043,P002,Mumbai,India,South Asia,Terminal-3,Berth-13
PR06044,P003,Singapore,Singapore,Southeast Asia,Terminal-4,Berth-14
PR06045,P004,Dubai,UAE,Middle East,Terminal-1,Berth-15
PR06046,P005,Colombo,Sri Lanka,South Asia,Terminal-2,Berth-16
PR06047,P006,Rotterdam,Netherlands,Europe,Terminal-3,Berth-17
PR06048,P007,Los Angeles,USA,North America,Terminal-4,Berth-18
PR06049,P001,Chennai,India,South Asia,Terminal-1,Berth-1
PR06050,P002,Mumbai,India,South Asia,Terminal-2,Berth-2
PR06051,P003,Singapore,Singapore,Southeast Asia,Terminal-3,Berth-3
PR06052,P004,Dubai,UAE,Middle East,Terminal-4,Berth-4
PR06053,P005,Colombo,Sri Lanka,South Asia,Terminal-1,Berth-5
PR06054,P006,Rotterdam,Netherlands,Europe,Terminal-2,Berth-6
PR06055,P007,Los Angeles,USA,North America,Terminal-3,Berth-7
PR06056,P001,Chennai,India,South Asia,Terminal-4,Berth-8
PR06057,P002,Mumbai,India,South Asia,Terminal-1,Berth-9
PR06058,P003,Singapore,Singapore,Southeast Asia,Terminal-2,Berth-10
PR06059,P004,Dubai,UAE,Middle East,Terminal-3,Berth-11
PR06060,P005,Colombo,Sri Lanka,South Asia,Terminal-4,Berth-12
PR06061,P006,Rotterdam,Netherlands,Europe,Terminal-1,Berth-13
PR06062,P007,Los Angeles,USA,North America,Terminal-2,Berth-14
PR06063,P001,Chennai,India,South Asia,Terminal-3,Berth-15
PR06064,P002,Mumbai,India,South Asia,Terminal-4,Berth-16
PR06065,P003,Singapore,Singapore,Southeast Asia,Terminal-1,Berth-17
PR06066,P004,Dubai,UAE,Middle East,Terminal-2,Berth-18
PR06067,P005,Colombo,Sri Lanka,South Asia,Terminal-3,Berth-1
PR06068,P006,Rotterdam,Netherlands,Europe,Terminal-4,Berth-2
PR06069,P007,Los Angeles,USA,North America,Terminal-1,Berth-3
PR06070,P001,Chennai,India,South Asia,Terminal-2,Berth-4
PR06071,P002,Mumbai,India,South Asia,Terminal-3,Berth-5
PR06072,P003,Singapore,Singapore,Southeast Asia,Terminal-4,Berth-6
PR06073,P004,Dubai,UAE,Middle East,Terminal-1,Berth-7
PR06074,P005,Colombo,Sri Lanka,South Asia,Terminal-2,Berth-8
PR06075,P006,Rotterdam,Netherlands,Europe,Terminal-3,Berth-9
PR06076,P007,Los Angeles,USA,North America,Terminal-4,Berth-10
PR06077,P001,Chennai,India,South Asia,Terminal-1,Berth-11
PR06078,P002,Mumbai,India,South Asia,Terminal-2,Berth-12
PR06079,P003,Singapore,Singapore,Southeast Asia,Terminal-3,Berth-13
PR06080,P004,Dubai,UAE,Middle East,Terminal-4,Berth-14
PR06081,P005,Colombo,Sri Lanka,South Asia,Terminal-1,Berth-15
PR06082,P006,Rotterdam,Netherlands,Europe,Terminal-2,Berth-16
PR06083,P007,Los Angeles,USA,North America,Terminal-3,Berth-17
PR06084,P001,Chennai,India,South Asia,Terminal-4,Berth-18
PR06085,P002,Mumbai,India,South Asia,Terminal-1,Berth-1
PR06086,P003,Singapore,Singapore,Southeast Asia,Terminal-2,Berth-2
PR06087,P004,Dubai,UAE,Middle East,Terminal-3,Berth-3
PR06088,P005,Colombo,Sri Lanka,South Asia,Terminal-4,Berth-4
PR06089,P006,Rotterdam,Netherlands,Europe,Terminal-1,Berth-5
PR06090,P007,Los Angeles,USA,North America,Terminal-2,Berth-6
PR06091,P001,Chennai,India,South Asia,Terminal-3,Berth-7
PR06092,P002,Mumbai,India,South Asia,Terminal-4,Berth-8
PR06093,P003,Singapore,Singapore,Southeast Asia,Terminal-1,Berth-9
PR06094,P004,Dubai,UAE,Middle East,Terminal-2,Berth-10
PR06095,P005,Colombo,Sri Lanka,South Asia,Terminal-3,Berth-11
PR06096,P006,Rotterdam,Netherlands,Europe,Terminal-4,Berth-12
PR06097,P007,Los Angeles,USA,North America,Terminal-1,Berth-13
PR06098,P001,Chennai,India,South Asia,Terminal-2,Berth-14
PR06099,P002,Mumbai,India,South Asia,Terminal-3,Berth-15
PR06100,P003,Singapore,Singapore,Southeast Asia,Terminal-4,Berth-16
PR06101,P004,Dubai,UAE,Middle East,Terminal-1,Berth-17
PR06102,P005,Colombo,Sri Lanka,South Asia,Terminal-2,Berth-18
PR06103,P006,Rotterdam,Netherlands,Europe,Terminal-3,Berth-1
PR06104,P007,Los Angeles,USA,North America,Terminal-4,Berth-2
PR06105,P001,Chennai,India,South Asia,Terminal-1,Berth-3
PR06106,P002,Mumbai,India,South Asia,Terminal-2,Berth-4
PR06107,P003,Singapore,Singapore,Southeast Asia,Terminal-3,Berth-5
PR06108,P004,Dubai,UAE,Middle East,Terminal-4,Berth-6
PR06109,P005,Colombo,Sri Lanka,South Asia,Terminal-1,Berth-7
PR06110,P006,Rotterdam,Netherlands,Europe,Terminal-2,Berth-8
PR06111,P007,Los Angeles,USA,North America,Terminal-3,Berth-9
PR06112,P001,Chennai,India,South Asia,Terminal-4,Berth-10
PR06113,P002,Mumbai,India,South Asia,Terminal-1,Berth-11
PR06114,P003,Singapore,Singapore,Southeast Asia,Terminal-2,Berth-12
PR06115,P004,Dubai,UAE,Middle East,Terminal-3,Berth-13
PR06116,P005,Colombo,Sri Lanka,South Asia,Terminal-4,Berth-14
PR06117,P006,Rotterdam,Netherlands,Europe,Terminal-1,Berth-15
PR06118,P007,Los Angeles,USA,North America,Terminal-2,Berth-16
PR06119,P001,Chennai,India,South Asia,Terminal-3,Berth-17
PR06120,P002,Mumbai,India,South Asia,Terminal-4,Berth-18
PR06121,P003,Singapore,Singapore,Southeast Asia,Terminal-1,Berth-1
PR06122,P004,Dubai,UAE,Middle East,Terminal-2,Berth-2
PR06123,P005,Colombo,Sri Lanka,South Asia,Terminal-3,Berth-3
PR06124,P006,Rotterdam,Netherlands,Europe,Terminal-4,Berth-4
PR06125,P007,Los Angeles,USA,North America,Terminal-1,Berth-5
PR06126,P001,Chennai,India,South Asia,Terminal-2,Berth-6
PR06127,P002,Mumbai,India,South Asia,Terminal-3,Berth-7
PR06128,P003,Singapore,Singapore,Southeast Asia,Terminal-4,Berth-8
PR06129,P004,Dubai,UAE,Middle East,Terminal-1,Berth-9
PR06130,P005,Colombo,Sri Lanka,South Asia,Terminal-2,Berth-10
PR06131,P006,Rotterdam,Netherlands,Europe,Terminal-3,Berth-11
PR06132,P007,Los Angeles,USA,North America,Terminal-4,Berth-12
PR06133,P001,Chennai,India,South Asia,Terminal-1,Berth-13
PR06134,P002,Mumbai,India,South Asia,Terminal-2,Berth-14
PR06135,P003,Singapore,Singapore,Southeast Asia,Terminal-3,Berth-15
PR06136,P004,Dubai,UAE,Middle East,Terminal-4,Berth-16
PR06137,P005,Colombo,Sri Lanka,South Asia,Terminal-1,Berth-17
PR06138,P006,Rotterdam,Netherlands,Europe,Terminal-2,Berth-18
PR06139,P007,Los Angeles,USA,North America,Terminal-3,Berth-1
PR06140,P001,Chennai,India,South Asia,Terminal-4,Berth-2
PR06141,P002,Mumbai,India,South Asia,Terminal-1,Berth-3
PR06142,P003,Singapore,Singapore,Southeast Asia,Terminal-2,Berth-4
PR06143,P004,Dubai,UAE,Middle East,Terminal-3,Berth-5
PR06144,P005,Colombo,Sri Lanka,South Asia,Terminal-4,Berth-6
PR06145,P006,Rotterdam,Netherlands,Europe,Terminal-1,Berth-7
PR06146,P007,Los Angeles,USA,North America,Terminal-2,Berth-8
PR06147,P001,Chennai,India,South Asia,Terminal-3,Berth-9
PR06148,P002,Mumbai,India,South Asia,Terminal-4,Berth-10
PR06149,P003,Singapore,Singapore,Southeast Asia,Terminal-1,Berth-11
PR06150,P004,Dubai,UAE,Middle East,Terminal-2,Berth-12
PR06151,P005,Colombo,Sri Lanka,South Asia,Terminal-3,Berth-13
PR06152,P006,Rotterdam,Netherlands,Europe,Terminal-4,Berth-14
PR06153,P007,Los Angeles,USA,North America,Terminal-1,Berth-15
PR06154,P001,Chennai,India,South Asia,Terminal-2,Berth-16
PR06155,P002,Mumbai,India,South Asia,Terminal-3,Berth-17
PR06156,P003,Singapore,Singapore,Southeast Asia,Terminal-4,Berth-18
PR06157,P004,Dubai,UAE,Middle East,Terminal-1,Berth-1
PR06158,P005,Colombo,Sri Lanka,South Asia,Terminal-2,Berth-2
PR06159,P006,Rotterdam,Netherlands,Europe,Terminal-3,Berth-3
PR06160,P007,Los Angeles,USA,North America,Terminal-4,Berth-4
PR06161,P001,Chennai,India,South Asia,Terminal-1,Berth-5
PR06162,P002,Mumbai,India,South Asia,Terminal-2,Berth-6
PR06163,P003,Singapore,Singapore,Southeast Asia,Terminal-3,Berth-7
PR06164,P004,Dubai,UAE,Middle East,Terminal-4,Berth-8
PR06165,P005,Colombo,Sri Lanka,South Asia,Terminal-1,Berth-9
PR06166,P006,Rotterdam,Netherlands,Europe,Terminal-2,Berth-10
PR06167,P007,Los Angeles,USA,North America,Terminal-3,Berth-11
PR06168,P001,Chennai,India,South Asia,Terminal-4,Berth-12
PR06169,P002,Mumbai,India,South Asia,Terminal-1,Berth-13
PR06170,P003,Singapore,Singapore,Southeast Asia,Terminal-2,Berth-14
PR06171,P004,Dubai,UAE,Middle East,Terminal-3,Berth-15
PR06172,P005,Colombo,Sri Lanka,South Asia,Terminal-4,Berth-16
PR06173,P006,Rotterdam,Netherlands,Europe,Terminal-1,Berth-17
PR06174,P007,Los Angeles,USA,North America,Terminal-2,Berth-18
PR06175,P001,Chennai,India,South Asia,Terminal-3,Berth-1
PR06176,P002,Mumbai,India,South Asia,Terminal-4,Berth-2
PR06177,P003,Singapore,Singapore,Southeast Asia,Terminal-1,Berth-3
PR06178,P004,Dubai,UAE,Middle East,Terminal-2,Berth-4
PR06179,P005,Colombo,Sri Lanka,South Asia,Terminal-3,Berth-5
PR06180,P006,Rotterdam,Netherlands,Europe,Terminal-4,Berth-6
PR06181,P007,Los Angeles,USA,North America,Terminal-1,Berth-7
PR06182,P001,Chennai,India,South Asia,Terminal-2,Berth-8
PR06183,P002,Mumbai,India,South Asia,Terminal-3,Berth-9
PR06184,P003,Singapore,Singapore,Southeast Asia,Terminal-4,Berth-10
PR06185,P004,Dubai,UAE,Middle East,Terminal-1,Berth-11
PR06186,P005,Colombo,Sri Lanka,South Asia,Terminal-2,Berth-12
PR06187,P006,Rotterdam,Netherlands,Europe,Terminal-3,Berth-13
PR06188,P007,Los Angeles,USA,North America,Terminal-4,Berth-14
PR06189,P001,Chennai,India,South Asia,Terminal-1,Berth-15
PR06190,P002,Mumbai,India,South Asia,Terminal-2,Berth-16
PR06191,P003,Singapore,Singapore,Southeast Asia,Terminal-3,Berth-17
PR06192,P004,Dubai,UAE,Middle East,Terminal-4,Berth-18
PR06193,P005,Colombo,Sri Lanka,South Asia,Terminal-1,Berth-1
PR06194,P006,Rotterdam,Netherlands,Europe,Terminal-2,Berth-2
PR06195,P007,Los Angeles,USA,North America,Terminal-3,Berth-3
PR06196,P001,Chennai,India,South Asia,Terminal-4,Berth-4
PR06197,P002,Mumbai,India,South Asia,Terminal-1,Berth-5
PR06198,P003,Singapore,Singapore,Southeast Asia,Terminal-2,Berth-6
PR06199,P004,Dubai,UAE,Middle East,Terminal-3,Berth-7
PR06200,P005,Colombo,Sri Lanka,South Asia,Terminal-4,Berth-8
PR06201,P006,Rotterdam,Netherlands,Europe,Terminal-1,Berth-9
PR06202,P007,Los Angeles,USA,North America,Terminal-2,Berth-10
PR06203,P001,Chennai,India,South Asia,Terminal-3,Berth-11
PR06204,P002,Mumbai,India,South Asia,Terminal-4,Berth-12
PR06205,P003,Singapore,Singapore,Southeast Asia,Terminal-1,Berth-13
PR06206,P004,Dubai,UAE,Middle East,Terminal-2,Berth-14
PR06207,P005,Colombo,Sri Lanka,South Asia,Terminal-3,Berth-15
PR06208,P006,Rotterdam,Netherlands,Europe,Terminal-4,Berth-16
PR06209,P007,Los Angeles,USA,North America,Terminal-1,Berth-17
PR06210,P001,Chennai,India,South Asia,Terminal-2,Berth-18
PR06211,P002,Mumbai,India,South Asia,Terminal-3,Berth-1
PR06212,P003,Singapore,Singapore,Southeast Asia,Terminal-4,Berth-2
PR06213,P004,Dubai,UAE,Middle East,Terminal-1,Berth-3
PR06214,P005,Colombo,Sri Lanka,South Asia,Terminal-2,Berth-4
PR06215,P006,Rotterdam,Netherlands,Europe,Terminal-3,Berth-5
PR06216,P007,Los Angeles,USA,North America,Terminal-4,Berth-6
PR06217,P001,Chennai,India,South Asia,Terminal-1,Berth-7
PR06218,P002,Mumbai,India,South Asia,Terminal-2,Berth-8
PR06219,P003,Singapore,Singapore,Southeast Asia,Terminal-3,Berth-9
PR06220,P004,Dubai,UAE,Middle East,Terminal-4,Berth-10
PR06221,P005,Colombo,Sri Lanka,South Asia,Terminal-1,Berth-11
PR06222,P006,Rotterdam,Netherlands,Europe,Terminal-2,Berth-12
PR06223,P007,Los Angeles,USA,North America,Terminal-3,Berth-13
PR06224,P001,Chennai,India,South Asia,Terminal-4,Berth-14
PR06225,P002,Mumbai,India,South Asia,Terminal-1,Berth-15
PR06226,P003,Singapore,Singapore,Southeast Asia,Terminal-2,Berth-16
PR06227,P004,Dubai,UAE,Middle East,Terminal-3,Berth-17
PR06228,P005,Colombo,Sri Lanka,South Asia,Terminal-4,Berth-18
PR06229,P006,Rotterdam,Netherlands,Europe,Terminal-1,Berth-1
PR06230,P007,Los Angeles,USA,North America,Terminal-2,Berth-2
PR06231,P001,Chennai,India,South Asia,Terminal-3,Berth-3
PR06232,P002,Mumbai,India,South Asia,Terminal-4,Berth-4
PR06233,P003,Singapore,Singapore,Southeast Asia,Terminal-1,Berth-5
PR06234,P004,Dubai,UAE,Middle East,Terminal-2,Berth-6
PR06235,P005,Colombo,Sri Lanka,South Asia,Terminal-3,Berth-7
PR06236,P006,Rotterdam,Netherlands,Europe,Terminal-4,Berth-8
PR06237,P007,Los Angeles,USA,North America,Terminal-1,Berth-9
PR06238,P001,Chennai,India,South Asia,Terminal-2,Berth-10
PR06239,P002,Mumbai,India,South Asia,Terminal-3,Berth-11
PR06240,P003,Singapore,Singapore,Southeast Asia,Terminal-4,Berth-12
PR06241,P004,Dubai,UAE,Middle East,Terminal-1,Berth-13
PR06242,P005,Colombo,Sri Lanka,South Asia,Terminal-2,Berth-14
PR06243,P006,Rotterdam,Netherlands,Europe,Terminal-3,Berth-15
PR06244,P007,Los Angeles,USA,North America,Terminal-4,Berth-16
PR06245,P001,Chennai,India,South Asia,Terminal-1,Berth-17
PR06246,P002,Mumbai,India,South Asia,Terminal-2,Berth-18
PR06247,P003,Singapore,Singapore,Southeast Asia,Terminal-3,Berth-1
PR06248,P004,Dubai,UAE,Middle East,Terminal-4,Berth-2
PR06249,P005,Colombo,Sri Lanka,South Asia,Terminal-1,Berth-3
PR06250,P006,Rotterdam,Netherlands,Europe,Terminal-2,Berth-4
PR06251,P007,Los Angeles,USA,North America,Terminal-3,Berth-5
PR06252,P001,Chennai,India,South Asia,Terminal-4,Berth-6
PR06253,P002,Mumbai,India,South Asia,Terminal-1,Berth-7
PR06254,P003,Singapore,Singapore,Southeast Asia,Terminal-2,Berth-8
PR06255,P004,Dubai,UAE,Middle East,Terminal-3,Berth-9
PR06256,P005,Colombo,Sri Lanka,South Asia,Terminal-4,Berth-10
PR06257,P006,Rotterdam,Netherlands,Europe,Terminal-1,Berth-11
PR06258,P007,Los Angeles,USA,North America,Terminal-2,Berth-12
PR06259,P001,Chennai,India,South Asia,Terminal-3,Berth-13
PR06260,P002,Mumbai,India,South Asia,Terminal-4,Berth-14
PR06261,P003,Singapore,Singapore,Southeast Asia,Terminal-1,Berth-15
PR06262,P004,Dubai,UAE,Middle East,Terminal-2,Berth-16
PR06263,P005,Colombo,Sri Lanka,South Asia,Terminal-3,Berth-17
PR06264,P006,Rotterdam,Netherlands,Europe,Terminal-4,Berth-18
PR06265,P007,Los Angeles,USA,North America,Terminal-1,Berth-1
PR06266,P001,Chennai,India,South Asia,Terminal-2,Berth-2
PR06267,P002,Mumbai,India,South Asia,Terminal-3,Berth-3
PR06268,P003,Singapore,Singapore,Southeast Asia,Terminal-4,Berth-4
PR06269,P004,Dubai,UAE,Middle East,Terminal-1,Berth-5
PR06270,P005,Colombo,Sri Lanka,South Asia,Terminal-2,Berth-6
PR06271,P006,Rotterdam,Netherlands,Europe,Terminal-3,Berth-7
PR06272,P007,Los Angeles,USA,North America,Terminal-4,Berth-8
PR06273,P001,Chennai,India,South Asia,Terminal-1,Berth-9
PR06274,P002,Mumbai,India,South Asia,Terminal-2,Berth-10
PR06275,P003,Singapore,Singapore,Southeast Asia,Terminal-3,Berth-11
PR06276,P004,Dubai,UAE,Middle East,Terminal-4,Berth-12
PR06277,P005,Colombo,Sri Lanka,South Asia,Terminal-1,Berth-13
PR06278,P006,Rotterdam,Netherlands,Europe,Terminal-2,Berth-14
PR06279,P007,Los Angeles,USA,North America,Terminal-3,Berth-15
PR06280,P001,Chennai,India,South Asia,Terminal-4,Berth-16
PR06281,P002,Mumbai,India,South Asia,Terminal-1,Berth-17
PR06282,P003,Singapore,Singapore,Southeast Asia,Terminal-2,Berth-18
PR06283,P004,Dubai,UAE,Middle East,Terminal-3,Berth-1
PR06284,P005,Colombo,Sri Lanka,South Asia,Terminal-4,Berth-2
PR06285,P006,Rotterdam,Netherlands,Europe,Terminal-1,Berth-3
PR06286,P007,Los Angeles,USA,North America,Terminal-2,Berth-4
PR06287,P001,Chennai,India,South Asia,Terminal-3,Berth-5
PR06288,P002,Mumbai,India,South Asia,Terminal-4,Berth-6
PR06289,P003,Singapore,Singapore,Southeast Asia,Terminal-1,Berth-7
PR06290,P004,Dubai,UAE,Middle East,Terminal-2,Berth-8
PR06291,P005,Colombo,Sri Lanka,South Asia,Terminal-3,Berth-9
PR06292,P006,Rotterdam,Netherlands,Europe,Terminal-4,Berth-10
PR06293,P007,Los Angeles,USA,North America,Terminal-1,Berth-11
PR06294,P001,Chennai,India,South Asia,Terminal-2,Berth-12
PR06295,P002,Mumbai,India,South Asia,Terminal-3,Berth-13
PR06296,P003,Singapore,Singapore,Southeast Asia,Terminal-4,Berth-14
PR06297,P004,Dubai,UAE,Middle East,Terminal-1,Berth-15
PR06298,P005,Colombo,Sri Lanka,South Asia,Terminal-2,Berth-16
PR06299,P006,Rotterdam,Netherlands,Europe,Terminal-3,Berth-17
PR06300,P007,Los Angeles,USA,North America,Terminal-4,Berth-18
PR06301,P001,Chennai,India,South Asia,Terminal-1,Berth-1
PR06302,P002,Mumbai,India,South Asia,Terminal-2,Berth-2
PR06303,P003,Singapore,Singapore,Southeast Asia,Terminal-3,Berth-3
PR06304,P004,Dubai,UAE,Middle East,Terminal-4,Berth-4
PR06305,P005,Colombo,Sri Lanka,South Asia,Terminal-1,Berth-5
PR06306,P006,Rotterdam,Netherlands,Europe,Terminal-2,Berth-6
PR06307,P007,Los Angeles,USA,North America,Terminal-3,Berth-7
PR06308,P001,Chennai,India,South Asia,Terminal-4,Berth-8
PR06309,P002,Mumbai,India,South Asia,Terminal-1,Berth-9
PR06310,P003,Singapore,Singapore,Southeast Asia,Terminal-2,Berth-10
PR06311,P004,Dubai,UAE,Middle East,Terminal-3,Berth-11
PR06312,P005,Colombo,Sri Lanka,South Asia,Terminal-4,Berth-12
PR06313,P006,Rotterdam,Netherlands,Europe,Terminal-1,Berth-13
PR06314,P007,Los Angeles,USA,North America,Terminal-2,Berth-14
PR06315,P001,Chennai,India,South Asia,Terminal-3,Berth-15
PR06316,P002,Mumbai,India,South Asia,Terminal-4,Berth-16
PR06317,P003,Singapore,Singapore,Southeast Asia,Terminal-1,Berth-17
PR06318,P004,Dubai,UAE,Middle East,Terminal-2,Berth-18
PR06319,P005,Colombo,Sri Lanka,South Asia,Terminal-3,Berth-1
PR06320,P006,Rotterdam,Netherlands,Europe,Terminal-4,Berth-2
PR06321,P007,Los Angeles,USA,North America,Terminal-1,Berth-3
PR06322,P001,Chennai,India,South Asia,Terminal-2,Berth-4
PR06323,P002,Mumbai,India,South Asia,Terminal-3,Berth-5
PR06324,P003,Singapore,Singapore,Southeast Asia,Terminal-4,Berth-6
PR06325,P004,Dubai,UAE,Middle East,Terminal-1,Berth-7
PR06326,P005,Colombo,Sri Lanka,South Asia,Terminal-2,Berth-8
PR06327,P006,Rotterdam,Netherlands,Europe,Terminal-3,Berth-9
PR06328,P007,Los Angeles,USA,North America,Terminal-4,Berth-10
PR06329,P001,Chennai,India,South Asia,Terminal-1,Berth-11
PR06330,P002,Mumbai,India,South Asia,Terminal-2,Berth-12
PR06331,P003,Singapore,Singapore,Southeast Asia,Terminal-3,Berth-13
PR06332,P004,Dubai,UAE,Middle East,Terminal-4,Berth-14
PR06333,P005,Colombo,Sri Lanka,South Asia,Terminal-1,Berth-15
PR06334,P006,Rotterdam,Netherlands,Europe,Terminal-2,Berth-16
PR06335,P007,Los Angeles,USA,North America,Terminal-3,Berth-17
PR06336,P001,Chennai,India,South Asia,Terminal-4,Berth-18
PR06337,P002,Mumbai,India,South Asia,Terminal-1,Berth-1
PR06338,P003,Singapore,Singapore,Southeast Asia,Terminal-2,Berth-2
PR06339,P004,Dubai,UAE,Middle East,Terminal-3,Berth-3
PR06340,P005,Colombo,Sri Lanka,South Asia,Terminal-4,Berth-4
PR06341,P006,Rotterdam,Netherlands,Europe,Terminal-1,Berth-5
PR06342,P007,Los Angeles,USA,North America,Terminal-2,Berth-6
PR06343,P001,Chennai,India,South Asia,Terminal-3,Berth-7
PR06344,P002,Mumbai,India,South Asia,Terminal-4,Berth-8
PR06345,P003,Singapore,Singapore,Southeast Asia,Terminal-1,Berth-9
PR06346,P004,Dubai,UAE,Middle East,Terminal-2,Berth-10
PR06347,P005,Colombo,Sri Lanka,South Asia,Terminal-3,Berth-11
PR06348,P006,Rotterdam,Netherlands,Europe,Terminal-4,Berth-12
PR06349,P007,Los Angeles,USA,North America,Terminal-1,Berth-13
PR06350,P001,Chennai,India,South Asia,Terminal-2,Berth-14
PR06351,P002,Mumbai,India,South Asia,Terminal-3,Berth-15
PR06352,P003,Singapore,Singapore,Southeast Asia,Terminal-4,Berth-16
PR06353,P004,Dubai,UAE,Middle East,Terminal-1,Berth-17
PR06354,P005,Colombo,Sri Lanka,South Asia,Terminal-2,Berth-18
PR06355,P006,Rotterdam,Netherlands,Europe,Terminal-3,Berth-1
PR06356,P007,Los Angeles,USA,North America,Terminal-4,Berth-2
PR06357,P001,Chennai,India,South Asia,Terminal-1,Berth-3
PR06358,P002,Mumbai,India,South Asia,Terminal-2,Berth-4
PR06359,P003,Singapore,Singapore,Southeast Asia,Terminal-3,Berth-5
PR06360,P004,Dubai,UAE,Middle East,Terminal-4,Berth-6
PR06361,P005,Colombo,Sri Lanka,South Asia,Terminal-1,Berth-7
PR06362,P006,Rotterdam,Netherlands,Europe,Terminal-2,Berth-8
PR06363,P007,Los Angeles,USA,North America,Terminal-3,Berth-9
PR06364,P001,Chennai,India,South Asia,Terminal-4,Berth-10
PR06365,P002,Mumbai,India,South Asia,Terminal-1,Berth-11
PR06366,P003,Singapore,Singapore,Southeast Asia,Terminal-2,Berth-12
PR06367,P004,Dubai,UAE,Middle East,Terminal-3,Berth-13
PR06368,P005,Colombo,Sri Lanka,South Asia,Terminal-4,Berth-14
PR06369,P006,Rotterdam,Netherlands,Europe,Terminal-1,Berth-15
PR06370,P007,Los Angeles,USA,North America,Terminal-2,Berth-16
PR06371,P001,Chennai,India,South Asia,Terminal-3,Berth-17
PR06372,P002,Mumbai,India,South Asia,Terminal-4,Berth-18
PR06373,P003,Singapore,Singapore,Southeast Asia,Terminal-1,Berth-1
PR06374,P004,Dubai,UAE,Middle East,Terminal-2,Berth-2
PR06375,P005,Colombo,Sri Lanka,South Asia,Terminal-3,Berth-3
PR06376,P006,Rotterdam,Netherlands,Europe,Terminal-4,Berth-4
PR06377,P007,Los Angeles,USA,North America,Terminal-1,Berth-5
PR06378,P001,Chennai,India,South Asia,Terminal-2,Berth-6
PR06379,P002,Mumbai,India,South Asia,Terminal-3,Berth-7
PR06380,P003,Singapore,Singapore,Southeast Asia,Terminal-4,Berth-8
PR06381,P004,Dubai,UAE,Middle East,Terminal-1,Berth-9
PR06382,P005,Colombo,Sri Lanka,South Asia,Terminal-2,Berth-10
PR06383,P006,Rotterdam,Netherlands,Europe,Terminal-3,Berth-11
PR06384,P007,Los Angeles,USA,North America,Terminal-4,Berth-12
PR06385,P001,Chennai,India,South Asia,Terminal-1,Berth-13
PR06386,P002,Mumbai,India,South Asia,Terminal-2,Berth-14
PR06387,P003,Singapore,Singapore,Southeast Asia,Terminal-3,Berth-15
PR06388,P004,Dubai,UAE,Middle East,Terminal-4,Berth-16
PR06389,P005,Colombo,Sri Lanka,South Asia,Terminal-1,Berth-17
PR06390,P006,Rotterdam,Netherlands,Europe,Terminal-2,Berth-18
PR06391,P007,Los Angeles,USA,North America,Terminal-3,Berth-1
PR06392,P001,Chennai,India,South Asia,Terminal-4,Berth-2
PR06393,P002,Mumbai,India,South Asia,Terminal-1,Berth-3
PR06394,P003,Singapore,Singapore,Southeast Asia,Terminal-2,Berth-4
PR06395,P004,Dubai,UAE,Middle East,Terminal-3,Berth-5
PR06396,P005,Colombo,Sri Lanka,South Asia,Terminal-4,Berth-6
PR06397,P006,Rotterdam,Netherlands,Europe,Terminal-1,Berth-7
PR06398,P007,Los Angeles,USA,North America,Terminal-2,Berth-8
PR06399,P001,Chennai,India,South Asia,Terminal-3,Berth-9
PR06400,P002,Mumbai,India,South Asia,Terminal-4,Berth-10
PR06401,P003,Singapore,Singapore,Southeast Asia,Terminal-1,Berth-11
PR06402,P004,Dubai,UAE,Middle East,Terminal-2,Berth-12
PR06403,P005,Colombo,Sri Lanka,South Asia,Terminal-3,Berth-13
PR06404,P006,Rotterdam,Netherlands,Europe,Terminal-4,Berth-14
PR06405,P007,Los Angeles,USA,North America,Terminal-1,Berth-15
PR06406,P001,Chennai,India,South Asia,Terminal-2,Berth-16
PR06407,P002,Mumbai,India,South Asia,Terminal-3,Berth-17
PR06408,P003,Singapore,Singapore,Southeast Asia,Terminal-4,Berth-18
PR06409,P004,Dubai,UAE,Middle East,Terminal-1,Berth-1
PR06410,P005,Colombo,Sri Lanka,South Asia,Terminal-2,Berth-2
PR06411,P006,Rotterdam,Netherlands,Europe,Terminal-3,Berth-3
PR06412,P007,Los Angeles,USA,North America,Terminal-4,Berth-4
PR06413,P001,Chennai,India,South Asia,Terminal-1,Berth-5
PR06414,P002,Mumbai,India,South Asia,Terminal-2,Berth-6
PR06415,P003,Singapore,Singapore,Southeast Asia,Terminal-3,Berth-7
PR06416,P004,Dubai,UAE,Middle East,Terminal-4,Berth-8
PR06417,P005,Colombo,Sri Lanka,South Asia,Terminal-1,Berth-9
PR06418,P006,Rotterdam,Netherlands,Europe,Terminal-2,Berth-10
PR06419,P007,Los Angeles,USA,North America,Terminal-3,Berth-11
PR06420,P001,Chennai,India,South Asia,Terminal-4,Berth-12
PR06421,P002,Mumbai,India,South Asia,Terminal-1,Berth-13
PR06422,P003,Singapore,Singapore,Southeast Asia,Terminal-2,Berth-14
PR06423,P004,Dubai,UAE,Middle East,Terminal-3,Berth-15
PR06424,P005,Colombo,Sri Lanka,South Asia,Terminal-4,Berth-16
PR06425,P006,Rotterdam,Netherlands,Europe,Terminal-1,Berth-17
PR06426,P007,Los Angeles,USA,North America,Terminal-2,Berth-18
PR06427,P001,Chennai,India,South Asia,Terminal-3,Berth-1
PR06428,P002,Mumbai,India,South Asia,Terminal-4,Berth-2
PR06429,P003,Singapore,Singapore,Southeast Asia,Terminal-1,Berth-3
PR06430,P004,Dubai,UAE,Middle East,Terminal-2,Berth-4
PR06431,P005,Colombo,Sri Lanka,South Asia,Terminal-3,Berth-5
PR06432,P006,Rotterdam,Netherlands,Europe,Terminal-4,Berth-6
PR06433,P007,Los Angeles,USA,North America,Terminal-1,Berth-7
PR06434,P001,Chennai,India,South Asia,Terminal-2,Berth-8
PR06435,P002,Mumbai,India,South Asia,Terminal-3,Berth-9
PR06436,P003,Singapore,Singapore,Southeast Asia,Terminal-4,Berth-10
PR06437,P004,Dubai,UAE,Middle East,Terminal-1,Berth-11
PR06438,P005,Colombo,Sri Lanka,South Asia,Terminal-2,Berth-12
PR06439,P006,Rotterdam,Netherlands,Europe,Terminal-3,Berth-13
PR06440,P007,Los Angeles,USA,North America,Terminal-4,Berth-14
PR06441,P001,Chennai,India,South Asia,Terminal-1,Berth-15
PR06442,P002,Mumbai,India,South Asia,Terminal-2,Berth-16
PR06443,P003,Singapore,Singapore,Southeast Asia,Terminal-3,Berth-17
PR06444,P004,Dubai,UAE,Middle East,Terminal-4,Berth-18
PR06445,P005,Colombo,Sri Lanka,South Asia,Terminal-1,Berth-1
PR06446,P006,Rotterdam,Netherlands,Europe,Terminal-2,Berth-2
PR06447,P007,Los Angeles,USA,North America,Terminal-3,Berth-3
PR06448,P001,Chennai,India,South Asia,Terminal-4,Berth-4
PR06449,P002,Mumbai,India,South Asia,Terminal-1,Berth-5
PR06450,P003,Singapore,Singapore,Southeast Asia,Terminal-2,Berth-6
PR06451,P004,Dubai,UAE,Middle East,Terminal-3,Berth-7
PR06452,P005,Colombo,Sri Lanka,South Asia,Terminal-4,Berth-8
PR06453,P006,Rotterdam,Netherlands,Europe,Terminal-1,Berth-9
PR06454,P007,Los Angeles,USA,North America,Terminal-2,Berth-10
PR06455,P001,Chennai,India,South Asia,Terminal-3,Berth-11
PR06456,P002,Mumbai,India,South Asia,Terminal-4,Berth-12
PR06457,P003,Singapore,Singapore,Southeast Asia,Terminal-1,Berth-13
PR06458,P004,Dubai,UAE,Middle East,Terminal-2,Berth-14
PR06459,P005,Colombo,Sri Lanka,South Asia,Terminal-3,Berth-15
PR06460,P006,Rotterdam,Netherlands,Europe,Terminal-4,Berth-16
PR06461,P007,Los Angeles,USA,North America,Terminal-1,Berth-17
PR06462,P001,Chennai,India,South Asia,Terminal-2,Berth-18
PR06463,P002,Mumbai,India,South Asia,Terminal-3,Berth-1
PR06464,P003,Singapore,Singapore,Southeast Asia,Terminal-4,Berth-2
PR06465,P004,Dubai,UAE,Middle East,Terminal-1,Berth-3
PR06466,P005,Colombo,Sri Lanka,South Asia,Terminal-2,Berth-4
PR06467,P006,Rotterdam,Netherlands,Europe,Terminal-3,Berth-5
PR06468,P007,Los Angeles,USA,North America,Terminal-4,Berth-6
PR06469,P001,Chennai,India,South Asia,Terminal-1,Berth-7
PR06470,P002,Mumbai,India,South Asia,Terminal-2,Berth-8
PR06471,P003,Singapore,Singapore,Southeast Asia,Terminal-3,Berth-9
PR06472,P004,Dubai,UAE,Middle East,Terminal-4,Berth-10
PR06473,P005,Colombo,Sri Lanka,South Asia,Terminal-1,Berth-11
PR06474,P006,Rotterdam,Netherlands,Europe,Terminal-2,Berth-12
PR06475,P007,Los Angeles,USA,North America,Terminal-3,Berth-13
PR06476,P001,Chennai,India,South Asia,Terminal-4,Berth-14
PR06477,P002,Mumbai,India,South Asia,Terminal-1,Berth-15
PR06478,P003,Singapore,Singapore,Southeast Asia,Terminal-2,Berth-16
PR06479,P004,Dubai,UAE,Middle East,Terminal-3,Berth-17
PR06480,P005,Colombo,Sri Lanka,South Asia,Terminal-4,Berth-18
PR06481,P006,Rotterdam,Netherlands,Europe,Terminal-1,Berth-1
PR06482,P007,Los Angeles,USA,North America,Terminal-2,Berth-2
PR06483,P001,Chennai,India,South Asia,Terminal-3,Berth-3
PR06484,P002,Mumbai,India,South Asia,Terminal-4,Berth-4
PR06485,P003,Singapore,Singapore,Southeast Asia,Terminal-1,Berth-5
PR06486,P004,Dubai,UAE,Middle East,Terminal-2,Berth-6
PR06487,P005,Colombo,Sri Lanka,South Asia,Terminal-3,Berth-7
PR06488,P006,Rotterdam,Netherlands,Europe,Terminal-4,Berth-8
PR06489,P007,Los Angeles,USA,North America,Terminal-1,Berth-9
PR06490,P001,Chennai,India,South Asia,Terminal-2,Berth-10
PR06491,P002,Mumbai,India,South Asia,Terminal-3,Berth-11
PR06492,P003,Singapore,Singapore,Southeast Asia,Terminal-4,Berth-12
PR06493,P004,Dubai,UAE,Middle East,Terminal-1,Berth-13
PR06494,P005,Colombo,Sri Lanka,South Asia,Terminal-2,Berth-14
PR06495,P006,Rotterdam,Netherlands,Europe,Terminal-3,Berth-15
PR06496,P007,Los Angeles,USA,North America,Terminal-4,Berth-16
PR06497,P001,Chennai,India,South Asia,Terminal-1,Berth-17
PR06498,P002,Mumbai,India,South Asia,Terminal-2,Berth-18
PR06499,P003,Singapore,Singapore,Southeast Asia,Terminal-3,Berth-1
PR06500,P004,Dubai,UAE,Middle East,Terminal-4,Berth-2
PR06501,P005,Colombo,Sri Lanka,South Asia,Terminal-1,Berth-3
PR06502,P006,Rotterdam,Netherlands,Europe,Terminal-2,Berth-4
PR06503,P007,Los Angeles,USA,North America,Terminal-3,Berth-5
PR06504,P001,Chennai,India,South Asia,Terminal-4,Berth-6
PR06505,P002,Mumbai,India,South Asia,Terminal-1,Berth-7
PR06506,P003,Singapore,Singapore,Southeast Asia,Terminal-2,Berth-8
PR06507,P004,Dubai,UAE,Middle East,Terminal-3,Berth-9
PR06508,P005,Colombo,Sri Lanka,South Asia,Terminal-4,Berth-10
PR06509,P006,Rotterdam,Netherlands,Europe,Terminal-1,Berth-11
PR06510,P007,Los Angeles,USA,North America,Terminal-2,Berth-12
PR06511,P001,Chennai,India,South Asia,Terminal-3,Berth-13
PR06512,P002,Mumbai,India,South Asia,Terminal-4,Berth-14
PR06513,P003,Singapore,Singapore,Southeast Asia,Terminal-1,Berth-15
PR06514,P004,Dubai,UAE,Middle East,Terminal-2,Berth-16
PR06515,P005,Colombo,Sri Lanka,South Asia,Terminal-3,Berth-17
PR06516,P006,Rotterdam,Netherlands,Europe,Terminal-4,Berth-18
PR06517,P007,Los Angeles,USA,North America,Terminal-1,Berth-1
PR06518,P001,Chennai,India,South Asia,Terminal-2,Berth-2
PR06519,P002,Mumbai,India,South Asia,Terminal-3,Berth-3
PR06520,P003,Singapore,Singapore,Southeast Asia,Terminal-4,Berth-4
PR06521,P004,Dubai,UAE,Middle East,Terminal-1,Berth-5
PR06522,P005,Colombo,Sri Lanka,South Asia,Terminal-2,Berth-6
PR06523,P006,Rotterdam,Netherlands,Europe,Terminal-3,Berth-7
PR06524,P007,Los Angeles,USA,North America,Terminal-4,Berth-8
PR06525,P001,Chennai,India,South Asia,Terminal-1,Berth-9
PR06526,P002,Mumbai,India,South Asia,Terminal-2,Berth-10
PR06527,P003,Singapore,Singapore,Southeast Asia,Terminal-3,Berth-11
PR06528,P004,Dubai,UAE,Middle East,Terminal-4,Berth-12
PR06529,P005,Colombo,Sri Lanka,South Asia,Terminal-1,Berth-13
PR06530,P006,Rotterdam,Netherlands,Europe,Terminal-2,Berth-14
PR06531,P007,Los Angeles,USA,North America,Terminal-3,Berth-15
PR06532,P001,Chennai,India,South Asia,Terminal-4,Berth-16
PR06533,P002,Mumbai,India,South Asia,Terminal-1,Berth-17
PR06534,P003,Singapore,Singapore,Southeast Asia,Terminal-2,Berth-18
PR06535,P004,Dubai,UAE,Middle East,Terminal-3,Berth-1
PR06536,P005,Colombo,Sri Lanka,South Asia,Terminal-4,Berth-2
PR06537,P006,Rotterdam,Netherlands,Europe,Terminal-1,Berth-3
PR06538,P007,Los Angeles,USA,North America,Terminal-2,Berth-4
PR06539,P001,Chennai,India,South Asia,Terminal-3,Berth-5
PR06540,P002,Mumbai,India,South Asia,Terminal-4,Berth-6
PR06541,P003,Singapore,Singapore,Southeast Asia,Terminal-1,Berth-7
PR06542,P004,Dubai,UAE,Middle East,Terminal-2,Berth-8
PR06543,P005,Colombo,Sri Lanka,South Asia,Terminal-3,Berth-9
PR06544,P006,Rotterdam,Netherlands,Europe,Terminal-4,Berth-10
PR06545,P007,Los Angeles,USA,North America,Terminal-1,Berth-11
PR06546,P001,Chennai,India,South Asia,Terminal-2,Berth-12
PR06547,P002,Mumbai,India,South Asia,Terminal-3,Berth-13
PR06548,P003,Singapore,Singapore,Southeast Asia,Terminal-4,Berth-14
PR06549,P004,Dubai,UAE,Middle East,Terminal-1,Berth-15
PR06550,P005,Colombo,Sri Lanka,South Asia,Terminal-2,Berth-16
PR06551,P006,Rotterdam,Netherlands,Europe,Terminal-3,Berth-17
PR06552,P007,Los Angeles,USA,North America,Terminal-4,Berth-18
PR06553,P001,Chennai,India,South Asia,Terminal-1,Berth-1
PR06554,P002,Mumbai,India,South Asia,Terminal-2,Berth-2
PR06555,P003,Singapore,Singapore,Southeast Asia,Terminal-3,Berth-3
PR06556,P004,Dubai,UAE,Middle East,Terminal-4,Berth-4
PR06557,P005,Colombo,Sri Lanka,South Asia,Terminal-1,Berth-5
PR06558,P006,Rotterdam,Netherlands,Europe,Terminal-2,Berth-6
PR06559,P007,Los Angeles,USA,North America,Terminal-3,Berth-7
PR06560,P001,Chennai,India,South Asia,Terminal-4,Berth-8
PR06561,P002,Mumbai,India,South Asia,Terminal-1,Berth-9
PR06562,P003,Singapore,Singapore,Southeast Asia,Terminal-2,Berth-10
PR06563,P004,Dubai,UAE,Middle East,Terminal-3,Berth-11
PR06564,P005,Colombo,Sri Lanka,South Asia,Terminal-4,Berth-12
PR06565,P006,Rotterdam,Netherlands,Europe,Terminal-1,Berth-13
PR06566,P007,Los Angeles,USA,North America,Terminal-2,Berth-14
PR06567,P001,Chennai,India,South Asia,Terminal-3,Berth-15
PR06568,P002,Mumbai,India,South Asia,Terminal-4,Berth-16
PR06569,P003,Singapore,Singapore,Southeast Asia,Terminal-1,Berth-17
PR06570,P004,Dubai,UAE,Middle East,Terminal-2,Berth-18
PR06571,P005,Colombo,Sri Lanka,South Asia,Terminal-3,Berth-1
PR06572,P006,Rotterdam,Netherlands,Europe,Terminal-4,Berth-2
PR06573,P007,Los Angeles,USA,North America,Terminal-1,Berth-3
PR06574,P001,Chennai,India,South Asia,Terminal-2,Berth-4
PR06575,P002,Mumbai,India,South Asia,Terminal-3,Berth-5
PR06576,P003,Singapore,Singapore,Southeast Asia,Terminal-4,Berth-6
PR06577,P004,Dubai,UAE,Middle East,Terminal-1,Berth-7
PR06578,P005,Colombo,Sri Lanka,South Asia,Terminal-2,Berth-8
PR06579,P006,Rotterdam,Netherlands,Europe,Terminal-3,Berth-9
PR06580,P007,Los Angeles,USA,North America,Terminal-4,Berth-10
PR06581,P001,Chennai,India,South Asia,Terminal-1,Berth-11
PR06582,P002,Mumbai,India,South Asia,Terminal-2,Berth-12
PR06583,P003,Singapore,Singapore,Southeast Asia,Terminal-3,Berth-13
PR06584,P004,Dubai,UAE,Middle East,Terminal-4,Berth-14
PR06585,P005,Colombo,Sri Lanka,South Asia,Terminal-1,Berth-15
PR06586,P006,Rotterdam,Netherlands,Europe,Terminal-2,Berth-16
PR06587,P007,Los Angeles,USA,North America,Terminal-3,Berth-17
PR06588,P001,Chennai,India,South Asia,Terminal-4,Berth-18
PR06589,P002,Mumbai,India,South Asia,Terminal-1,Berth-1
PR06590,P003,Singapore,Singapore,Southeast Asia,Terminal-2,Berth-2
PR06591,P004,Dubai,UAE,Middle East,Terminal-3,Berth-3
PR06592,P005,Colombo,Sri Lanka,South Asia,Terminal-4,Berth-4
PR06593,P006,Rotterdam,Netherlands,Europe,Terminal-1,Berth-5
PR06594,P007,Los Angeles,USA,North America,Terminal-2,Berth-6
PR06595,P001,Chennai,India,South Asia,Terminal-3,Berth-7
PR06596,P002,Mumbai,India,South Asia,Terminal-4,Berth-8
PR06597,P003,Singapore,Singapore,Southeast Asia,Terminal-1,Berth-9
PR06598,P004,Dubai,UAE,Middle East,Terminal-2,Berth-10
PR06599,P005,Colombo,Sri Lanka,South Asia,Terminal-3,Berth-11
PR06600,P006,Rotterdam,Netherlands,Europe,Terminal-4,Berth-12
PR06601,P007,Los Angeles,USA,North America,Terminal-1,Berth-13
PR06602,P001,Chennai,India,South Asia,Terminal-2,Berth-14
PR06603,P002,Mumbai,India,South Asia,Terminal-3,Berth-15
PR06604,P003,Singapore,Singapore,Southeast Asia,Terminal-4,Berth-16
PR06605,P004,Dubai,UAE,Middle East,Terminal-1,Berth-17
PR06606,P005,Colombo,Sri Lanka,South Asia,Terminal-2,Berth-18
PR06607,P006,Rotterdam,Netherlands,Europe,Terminal-3,Berth-1
PR06608,P007,Los Angeles,USA,North America,Terminal-4,Berth-2
PR06609,P001,Chennai,India,South Asia,Terminal-1,Berth-3
PR06610,P002,Mumbai,India,South Asia,Terminal-2,Berth-4
PR06611,P003,Singapore,Singapore,Southeast Asia,Terminal-3,Berth-5
PR06612,P004,Dubai,UAE,Middle East,Terminal-4,Berth-6
PR06613,P005,Colombo,Sri Lanka,South Asia,Terminal-1,Berth-7
PR06614,P006,Rotterdam,Netherlands,Europe,Terminal-2,Berth-8
PR06615,P007,Los Angeles,USA,North America,Terminal-3,Berth-9
PR06616,P001,Chennai,India,South Asia,Terminal-4,Berth-10
PR06617,P002,Mumbai,India,South Asia,Terminal-1,Berth-11
PR06618,P003,Singapore,Singapore,Southeast Asia,Terminal-2,Berth-12
PR06619,P004,Dubai,UAE,Middle East,Terminal-3,Berth-13
PR06620,P005,Colombo,Sri Lanka,South Asia,Terminal-4,Berth-14
PR06621,P006,Rotterdam,Netherlands,Europe,Terminal-1,Berth-15
PR06622,P007,Los Angeles,USA,North America,Terminal-2,Berth-16
PR06623,P001,Chennai,India,South Asia,Terminal-3,Berth-17
PR06624,P002,Mumbai,India,South Asia,Terminal-4,Berth-18
PR06625,P003,Singapore,Singapore,Southeast Asia,Terminal-1,Berth-1
PR06626,P004,Dubai,UAE,Middle East,Terminal-2,Berth-2
PR06627,P005,Colombo,Sri Lanka,South Asia,Terminal-3,Berth-3
PR06628,P006,Rotterdam,Netherlands,Europe,Terminal-4,Berth-4
PR06629,P007,Los Angeles,USA,North America,Terminal-1,Berth-5
PR06630,P001,Chennai,India,South Asia,Terminal-2,Berth-6
PR06631,P002,Mumbai,India,South Asia,Terminal-3,Berth-7
PR06632,P003,Singapore,Singapore,Southeast Asia,Terminal-4,Berth-8
PR06633,P004,Dubai,UAE,Middle East,Terminal-1,Berth-9
PR06634,P005,Colombo,Sri Lanka,South Asia,Terminal-2,Berth-10
PR06635,P006,Rotterdam,Netherlands,Europe,Terminal-3,Berth-11
PR06636,P007,Los Angeles,USA,North America,Terminal-4,Berth-12
PR06637,P001,Chennai,India,South Asia,Terminal-1,Berth-13
PR06638,P002,Mumbai,India,South Asia,Terminal-2,Berth-14
PR06639,P003,Singapore,Singapore,Southeast Asia,Terminal-3,Berth-15
PR06640,P004,Dubai,UAE,Middle East,Terminal-4,Berth-16
PR06641,P005,Colombo,Sri Lanka,South Asia,Terminal-1,Berth-17
PR06642,P006,Rotterdam,Netherlands,Europe,Terminal-2,Berth-18
PR06643,P007,Los Angeles,USA,North America,Terminal-3,Berth-1
PR06644,P001,Chennai,India,South Asia,Terminal-4,Berth-2
PR06645,P002,Mumbai,India,South Asia,Terminal-1,Berth-3
PR06646,P003,Singapore,Singapore,Southeast Asia,Terminal-2,Berth-4
PR06647,P004,Dubai,UAE,Middle East,Terminal-3,Berth-5
PR06648,P005,Colombo,Sri Lanka,South Asia,Terminal-4,Berth-6
PR06649,P006,Rotterdam,Netherlands,Europe,Terminal-1,Berth-7
PR06650,P007,Los Angeles,USA,North America,Terminal-2,Berth-8
PR06651,P001,Chennai,India,South Asia,Terminal-3,Berth-9
PR06652,P002,Mumbai,India,South Asia,Terminal-4,Berth-10
PR06653,P003,Singapore,Singapore,Southeast Asia,Terminal-1,Berth-11
PR06654,P004,Dubai,UAE,Middle East,Terminal-2,Berth-12
PR06655,P005,Colombo,Sri Lanka,South Asia,Terminal-3,Berth-13
PR06656,P006,Rotterdam,Netherlands,Europe,Terminal-4,Berth-14
PR06657,P007,Los Angeles,USA,North America,Terminal-1,Berth-15
PR06658,P001,Chennai,India,South Asia,Terminal-2,Berth-16
PR06659,P002,Mumbai,India,South Asia,Terminal-3,Berth-17
PR06660,P003,Singapore,Singapore,Southeast Asia,Terminal-4,Berth-18
PR06661,P004,Dubai,UAE,Middle East,Terminal-1,Berth-1
PR06662,P005,Colombo,Sri Lanka,South Asia,Terminal-2,Berth-2
PR06663,P006,Rotterdam,Netherlands,Europe,Terminal-3,Berth-3
PR06664,P007,Los Angeles,USA,North America,Terminal-4,Berth-4
PR06665,P001,Chennai,India,South Asia,Terminal-1,Berth-5
PR06666,P002,Mumbai,India,South Asia,Terminal-2,Berth-6
PR06667,P003,Singapore,Singapore,Southeast Asia,Terminal-3,Berth-7
PR06668,P004,Dubai,UAE,Middle East,Terminal-4,Berth-8
PR06669,P005,Colombo,Sri Lanka,South Asia,Terminal-1,Berth-9
PR06670,P006,Rotterdam,Netherlands,Europe,Terminal-2,Berth-10
PR06671,P007,Los Angeles,USA,North America,Terminal-3,Berth-11
PR06672,P001,Chennai,India,South Asia,Terminal-4,Berth-12
PR06673,P002,Mumbai,India,South Asia,Terminal-1,Berth-13
PR06674,P003,Singapore,Singapore,Southeast Asia,Terminal-2,Berth-14
PR06675,P004,Dubai,UAE,Middle East,Terminal-3,Berth-15
PR06676,P005,Colombo,Sri Lanka,South Asia,Terminal-4,Berth-16
PR06677,P006,Rotterdam,Netherlands,Europe,Terminal-1,Berth-17
PR06678,P007,Los Angeles,USA,North America,Terminal-2,Berth-18
PR06679,P001,Chennai,India,South Asia,Terminal-3,Berth-1
PR06680,P002,Mumbai,India,South Asia,Terminal-4,Berth-2
PR06681,P003,Singapore,Singapore,Southeast Asia,Terminal-1,Berth-3
PR06682,P004,Dubai,UAE,Middle East,Terminal-2,Berth-4
PR06683,P005,Colombo,Sri Lanka,South Asia,Terminal-3,Berth-5
PR06684,P006,Rotterdam,Netherlands,Europe,Terminal-4,Berth-6
PR06685,P007,Los Angeles,USA,North America,Terminal-1,Berth-7
PR06686,P001,Chennai,India,South Asia,Terminal-2,Berth-8
PR06687,P002,Mumbai,India,South Asia,Terminal-3,Berth-9
PR06688,P003,Singapore,Singapore,Southeast Asia,Terminal-4,Berth-10
PR06689,P004,Dubai,UAE,Middle East,Terminal-1,Berth-11
PR06690,P005,Colombo,Sri Lanka,South Asia,Terminal-2,Berth-12
PR06691,P006,Rotterdam,Netherlands,Europe,Terminal-3,Berth-13
PR06692,P007,Los Angeles,USA,North America,Terminal-4,Berth-14
PR06693,P001,Chennai,India,South Asia,Terminal-1,Berth-15
PR06694,P002,Mumbai,India,South Asia,Terminal-2,Berth-16
PR06695,P003,Singapore,Singapore,Southeast Asia,Terminal-3,Berth-17
PR06696,P004,Dubai,UAE,Middle East,Terminal-4,Berth-18
PR06697,P005,Colombo,Sri Lanka,South Asia,Terminal-1,Berth-1
PR06698,P006,Rotterdam,Netherlands,Europe,Terminal-2,Berth-2
PR06699,P007,Los Angeles,USA,North America,Terminal-3,Berth-3
PR06700,P001,Chennai,India,South Asia,Terminal-4,Berth-4
PR06701,P002,Mumbai,India,South Asia,Terminal-1,Berth-5
PR06702,P003,Singapore,Singapore,Southeast Asia,Terminal-2,Berth-6
PR06703,P004,Dubai,UAE,Middle East,Terminal-3,Berth-7
PR06704,P005,Colombo,Sri Lanka,South Asia,Terminal-4,Berth-8
PR06705,P006,Rotterdam,Netherlands,Europe,Terminal-1,Berth-9
PR06706,P007,Los Angeles,USA,North America,Terminal-2,Berth-10
PR06707,P001,Chennai,India,South Asia,Terminal-3,Berth-11
PR06708,P002,Mumbai,India,South Asia,Terminal-4,Berth-12
PR06709,P003,Singapore,Singapore,Southeast Asia,Terminal-1,Berth-13
PR06710,P004,Dubai,UAE,Middle East,Terminal-2,Berth-14
PR06711,P005,Colombo,Sri Lanka,South Asia,Terminal-3,Berth-15
PR06712,P006,Rotterdam,Netherlands,Europe,Terminal-4,Berth-16
PR06713,P007,Los Angeles,USA,North America,Terminal-1,Berth-17
PR06714,P001,Chennai,India,South Asia,Terminal-2,Berth-18
PR06715,P002,Mumbai,India,South Asia,Terminal-3,Berth-1
PR06716,P003,Singapore,Singapore,Southeast Asia,Terminal-4,Berth-2
PR06717,P004,Dubai,UAE,Middle East,Terminal-1,Berth-3
PR06718,P005,Colombo,Sri Lanka,South Asia,Terminal-2,Berth-4
PR06719,P006,Rotterdam,Netherlands,Europe,Terminal-3,Berth-5
PR06720,P007,Los Angeles,USA,North America,Terminal-4,Berth-6
PR06721,P001,Chennai,India,South Asia,Terminal-1,Berth-7
PR06722,P002,Mumbai,India,South Asia,Terminal-2,Berth-8
PR06723,P003,Singapore,Singapore,Southeast Asia,Terminal-3,Berth-9
PR06724,P004,Dubai,UAE,Middle East,Terminal-4,Berth-10
PR06725,P005,Colombo,Sri Lanka,South Asia,Terminal-1,Berth-11
PR06726,P006,Rotterdam,Netherlands,Europe,Terminal-2,Berth-12
PR06727,P007,Los Angeles,USA,North America,Terminal-3,Berth-13
PR06728,P001,Chennai,India,South Asia,Terminal-4,Berth-14
PR06729,P002,Mumbai,India,South Asia,Terminal-1,Berth-15
PR06730,P003,Singapore,Singapore,Southeast Asia,Terminal-2,Berth-16
PR06731,P004,Dubai,UAE,Middle East,Terminal-3,Berth-17
PR06732,P005,Colombo,Sri Lanka,South Asia,Terminal-4,Berth-18
PR06733,P006,Rotterdam,Netherlands,Europe,Terminal-1,Berth-1
PR06734,P007,Los Angeles,USA,North America,Terminal-2,Berth-2
PR06735,P001,Chennai,India,South Asia,Terminal-3,Berth-3
PR06736,P002,Mumbai,India,South Asia,Terminal-4,Berth-4
PR06737,P003,Singapore,Singapore,Southeast Asia,Terminal-1,Berth-5
PR06738,P004,Dubai,UAE,Middle East,Terminal-2,Berth-6
PR06739,P005,Colombo,Sri Lanka,South Asia,Terminal-3,Berth-7
PR06740,P006,Rotterdam,Netherlands,Europe,Terminal-4,Berth-8
PR06741,P007,Los Angeles,USA,North America,Terminal-1,Berth-9
PR06742,P001,Chennai,India,South Asia,Terminal-2,Berth-10
PR06743,P002,Mumbai,India,South Asia,Terminal-3,Berth-11
PR06744,P003,Singapore,Singapore,Southeast Asia,Terminal-4,Berth-12
PR06745,P004,Dubai,UAE,Middle East,Terminal-1,Berth-13
PR06746,P005,Colombo,Sri Lanka,South Asia,Terminal-2,Berth-14
PR06747,P006,Rotterdam,Netherlands,Europe,Terminal-3,Berth-15
PR06748,P007,Los Angeles,USA,North America,Terminal-4,Berth-16
PR06749,P001,Chennai,India,South Asia,Terminal-1,Berth-17
PR06750,P002,Mumbai,India,South Asia,Terminal-2,Berth-18
PR06751,P003,Singapore,Singapore,Southeast Asia,Terminal-3,Berth-1
PR06752,P004,Dubai,UAE,Middle East,Terminal-4,Berth-2
PR06753,P005,Colombo,Sri Lanka,South Asia,Terminal-1,Berth-3
PR06754,P006,Rotterdam,Netherlands,Europe,Terminal-2,Berth-4
PR06755,P007,Los Angeles,USA,North America,Terminal-3,Berth-5
PR06756,P001,Chennai,India,South Asia,Terminal-4,Berth-6
PR06757,P002,Mumbai,India,South Asia,Terminal-1,Berth-7
PR06758,P003,Singapore,Singapore,Southeast Asia,Terminal-2,Berth-8
PR06759,P004,Dubai,UAE,Middle East,Terminal-3,Berth-9
PR06760,P005,Colombo,Sri Lanka,South Asia,Terminal-4,Berth-10
PR06761,P006,Rotterdam,Netherlands,Europe,Terminal-1,Berth-11
PR06762,P007,Los Angeles,USA,North America,Terminal-2,Berth-12
PR06763,P001,Chennai,India,South Asia,Terminal-3,Berth-13
PR06764,P002,Mumbai,India,South Asia,Terminal-4,Berth-14
PR06765,P003,Singapore,Singapore,Southeast Asia,Terminal-1,Berth-15
PR06766,P004,Dubai,UAE,Middle East,Terminal-2,Berth-16
PR06767,P005,Colombo,Sri Lanka,South Asia,Terminal-3,Berth-17
PR06768,P006,Rotterdam,Netherlands,Europe,Terminal-4,Berth-18
PR06769,P007,Los Angeles,USA,North America,Terminal-1,Berth-1
PR06770,P001,Chennai,India,South Asia,Terminal-2,Berth-2
PR06771,P002,Mumbai,India,South Asia,Terminal-3,Berth-3
PR06772,P003,Singapore,Singapore,Southeast Asia,Terminal-4,Berth-4
PR06773,P004,Dubai,UAE,Middle East,Terminal-1,Berth-5
PR06774,P005,Colombo,Sri Lanka,South Asia,Terminal-2,Berth-6
PR06775,P006,Rotterdam,Netherlands,Europe,Terminal-3,Berth-7
PR06776,P007,Los Angeles,USA,North America,Terminal-4,Berth-8
PR06777,P001,Chennai,India,South Asia,Terminal-1,Berth-9
PR06778,P002,Mumbai,India,South Asia,Terminal-2,Berth-10
PR06779,P003,Singapore,Singapore,Southeast Asia,Terminal-3,Berth-11
PR06780,P004,Dubai,UAE,Middle East,Terminal-4,Berth-12
PR06781,P005,Colombo,Sri Lanka,South Asia,Terminal-1,Berth-13
PR06782,P006,Rotterdam,Netherlands,Europe,Terminal-2,Berth-14
PR06783,P007,Los Angeles,USA,North America,Terminal-3,Berth-15
PR06784,P001,Chennai,India,South Asia,Terminal-4,Berth-16
PR06785,P002,Mumbai,India,South Asia,Terminal-1,Berth-17
PR06786,P003,Singapore,Singapore,Southeast Asia,Terminal-2,Berth-18
PR06787,P004,Dubai,UAE,Middle East,Terminal-3,Berth-1
PR06788,P005,Colombo,Sri Lanka,South Asia,Terminal-4,Berth-2
PR06789,P006,Rotterdam,Netherlands,Europe,Terminal-1,Berth-3
PR06790,P007,Los Angeles,USA,North America,Terminal-2,Berth-4
PR06791,P001,Chennai,India,South Asia,Terminal-3,Berth-5
PR06792,P002,Mumbai,India,South Asia,Terminal-4,Berth-6
PR06793,P003,Singapore,Singapore,Southeast Asia,Terminal-1,Berth-7
PR06794,P004,Dubai,UAE,Middle East,Terminal-2,Berth-8
PR06795,P005,Colombo,Sri Lanka,South Asia,Terminal-3,Berth-9
PR06796,P006,Rotterdam,Netherlands,Europe,Terminal-4,Berth-10
PR06797,P007,Los Angeles,USA,North America,Terminal-1,Berth-11
PR06798,P001,Chennai,India,South Asia,Terminal-2,Berth-12
PR06799,P002,Mumbai,India,South Asia,Terminal-3,Berth-13
PR06800,P003,Singapore,Singapore,Southeast Asia,Terminal-4,Berth-14
PR06801,P004,Dubai,UAE,Middle East,Terminal-1,Berth-15
PR06802,P005,Colombo,Sri Lanka,South Asia,Terminal-2,Berth-16
PR06803,P006,Rotterdam,Netherlands,Europe,Terminal-3,Berth-17
PR06804,P007,Los Angeles,USA,North America,Terminal-4,Berth-18
PR06805,P001,Chennai,India,South Asia,Terminal-1,Berth-1
PR06806,P002,Mumbai,India,South Asia,Terminal-2,Berth-2
PR06807,P003,Singapore,Singapore,Southeast Asia,Terminal-3,Berth-3
PR06808,P004,Dubai,UAE,Middle East,Terminal-4,Berth-4
PR06809,P005,Colombo,Sri Lanka,South Asia,Terminal-1,Berth-5
PR06810,P006,Rotterdam,Netherlands,Europe,Terminal-2,Berth-6
PR06811,P007,Los Angeles,USA,North America,Terminal-3,Berth-7
PR06812,P001,Chennai,India,South Asia,Terminal-4,Berth-8
PR06813,P002,Mumbai,India,South Asia,Terminal-1,Berth-9
PR06814,P003,Singapore,Singapore,Southeast Asia,Terminal-2,Berth-10
PR06815,P004,Dubai,UAE,Middle East,Terminal-3,Berth-11
PR06816,P005,Colombo,Sri Lanka,South Asia,Terminal-4,Berth-12
PR06817,P006,Rotterdam,Netherlands,Europe,Terminal-1,Berth-13
PR06818,P007,Los Angeles,USA,North America,Terminal-2,Berth-14
PR06819,P001,Chennai,India,South Asia,Terminal-3,Berth-15
PR06820,P002,Mumbai,India,South Asia,Terminal-4,Berth-16
PR06821,P003,Singapore,Singapore,Southeast Asia,Terminal-1,Berth-17
PR06822,P004,Dubai,UAE,Middle East,Terminal-2,Berth-18
PR06823,P005,Colombo,Sri Lanka,South Asia,Terminal-3,Berth-1
PR06824,P006,Rotterdam,Netherlands,Europe,Terminal-4,Berth-2
PR06825,P007,Los Angeles,USA,North America,Terminal-1,Berth-3
PR06826,P001,Chennai,India,South Asia,Terminal-2,Berth-4
PR06827,P002,Mumbai,India,South Asia,Terminal-3,Berth-5
PR06828,P003,Singapore,Singapore,Southeast Asia,Terminal-4,Berth-6
PR06829,P004,Dubai,UAE,Middle East,Terminal-1,Berth-7
PR06830,P005,Colombo,Sri Lanka,South Asia,Terminal-2,Berth-8
PR06831,P006,Rotterdam,Netherlands,Europe,Terminal-3,Berth-9
PR06832,P007,Los Angeles,USA,North America,Terminal-4,Berth-10
PR06833,P001,Chennai,India,South Asia,Terminal-1,Berth-11
PR06834,P002,Mumbai,India,South Asia,Terminal-2,Berth-12
PR06835,P003,Singapore,Singapore,Southeast Asia,Terminal-3,Berth-13
PR06836,P004,Dubai,UAE,Middle East,Terminal-4,Berth-14
PR06837,P005,Colombo,Sri Lanka,South Asia,Terminal-1,Berth-15
PR06838,P006,Rotterdam,Netherlands,Europe,Terminal-2,Berth-16
PR06839,P007,Los Angeles,USA,North America,Terminal-3,Berth-17
PR06840,P001,Chennai,India,South Asia,Terminal-4,Berth-18
PR06841,P002,Mumbai,India,South Asia,Terminal-1,Berth-1
PR06842,P003,Singapore,Singapore,Southeast Asia,Terminal-2,Berth-2
PR06843,P004,Dubai,UAE,Middle East,Terminal-3,Berth-3
PR06844,P005,Colombo,Sri Lanka,South Asia,Terminal-4,Berth-4
PR06845,P006,Rotterdam,Netherlands,Europe,Terminal-1,Berth-5
PR06846,P007,Los Angeles,USA,North America,Terminal-2,Berth-6
PR06847,P001,Chennai,India,South Asia,Terminal-3,Berth-7
PR06848,P002,Mumbai,India,South Asia,Terminal-4,Berth-8
PR06849,P003,Singapore,Singapore,Southeast Asia,Terminal-1,Berth-9
PR06850,P004,Dubai,UAE,Middle East,Terminal-2,Berth-10
PR06851,P005,Colombo,Sri Lanka,South Asia,Terminal-3,Berth-11
PR06852,P006,Rotterdam,Netherlands,Europe,Terminal-4,Berth-12
PR06853,P007,Los Angeles,USA,North America,Terminal-1,Berth-13
PR06854,P001,Chennai,India,South Asia,Terminal-2,Berth-14
PR06855,P002,Mumbai,India,South Asia,Terminal-3,Berth-15
PR06856,P003,Singapore,Singapore,Southeast Asia,Terminal-4,Berth-16
PR06857,P004,Dubai,UAE,Middle East,Terminal-1,Berth-17
PR06858,P005,Colombo,Sri Lanka,South Asia,Terminal-2,Berth-18
PR06859,P006,Rotterdam,Netherlands,Europe,Terminal-3,Berth-1
PR06860,P007,Los Angeles,USA,North America,Terminal-4,Berth-2
PR06861,P001,Chennai,India,South Asia,Terminal-1,Berth-3
PR06862,P002,Mumbai,India,South Asia,Terminal-2,Berth-4
PR06863,P003,Singapore,Singapore,Southeast Asia,Terminal-3,Berth-5
PR06864,P004,Dubai,UAE,Middle East,Terminal-4,Berth-6
PR06865,P005,Colombo,Sri Lanka,South Asia,Terminal-1,Berth-7
PR06866,P006,Rotterdam,Netherlands,Europe,Terminal-2,Berth-8
PR06867,P007,Los Angeles,USA,North America,Terminal-3,Berth-9
PR06868,P001,Chennai,India,South Asia,Terminal-4,Berth-10
PR06869,P002,Mumbai,India,South Asia,Terminal-1,Berth-11
PR06870,P003,Singapore,Singapore,Southeast Asia,Terminal-2,Berth-12
PR06871,P004,Dubai,UAE,Middle East,Terminal-3,Berth-13
PR06872,P005,Colombo,Sri Lanka,South Asia,Terminal-4,Berth-14
PR06873,P006,Rotterdam,Netherlands,Europe,Terminal-1,Berth-15
PR06874,P007,Los Angeles,USA,North America,Terminal-2,Berth-16
PR06875,P001,Chennai,India,South Asia,Terminal-3,Berth-17
PR06876,P002,Mumbai,India,South Asia,Terminal-4,Berth-18
PR06877,P003,Singapore,Singapore,Southeast Asia,Terminal-1,Berth-1
PR06878,P004,Dubai,UAE,Middle East,Terminal-2,Berth-2
PR06879,P005,Colombo,Sri Lanka,South Asia,Terminal-3,Berth-3
PR06880,P006,Rotterdam,Netherlands,Europe,Terminal-4,Berth-4
PR06881,P007,Los Angeles,USA,North America,Terminal-1,Berth-5
PR06882,P001,Chennai,India,South Asia,Terminal-2,Berth-6
PR06883,P002,Mumbai,India,South Asia,Terminal-3,Berth-7
PR06884,P003,Singapore,Singapore,Southeast Asia,Terminal-4,Berth-8
PR06885,P004,Dubai,UAE,Middle East,Terminal-1,Berth-9
PR06886,P005,Colombo,Sri Lanka,South Asia,Terminal-2,Berth-10
PR06887,P006,Rotterdam,Netherlands,Europe,Terminal-3,Berth-11
PR06888,P007,Los Angeles,USA,North America,Terminal-4,Berth-12
PR06889,P001,Chennai,India,South Asia,Terminal-1,Berth-13
PR06890,P002,Mumbai,India,South Asia,Terminal-2,Berth-14
PR06891,P003,Singapore,Singapore,Southeast Asia,Terminal-3,Berth-15
PR06892,P004,Dubai,UAE,Middle East,Terminal-4,Berth-16
PR06893,P005,Colombo,Sri Lanka,South Asia,Terminal-1,Berth-17
PR06894,P006,Rotterdam,Netherlands,Europe,Terminal-2,Berth-18
PR06895,P007,Los Angeles,USA,North America,Terminal-3,Berth-1
PR06896,P001,Chennai,India,South Asia,Terminal-4,Berth-2
PR06897,P002,Mumbai,India,South Asia,Terminal-1,Berth-3
PR06898,P003,Singapore,Singapore,Southeast Asia,Terminal-2,Berth-4
PR06899,P004,Dubai,UAE,Middle East,Terminal-3,Berth-5
PR06900,P005,Colombo,Sri Lanka,South Asia,Terminal-4,Berth-6
PR06901,P006,Rotterdam,Netherlands,Europe,Terminal-1,Berth-7
PR06902,P007,Los Angeles,USA,North America,Terminal-2,Berth-8
PR06903,P001,Chennai,India,South Asia,Terminal-3,Berth-9
PR06904,P002,Mumbai,India,South Asia,Terminal-4,Berth-10
PR06905,P003,Singapore,Singapore,Southeast Asia,Terminal-1,Berth-11
PR06906,P004,Dubai,UAE,Middle East,Terminal-2,Berth-12
PR06907,P005,Colombo,Sri Lanka,South Asia,Terminal-3,Berth-13
PR06908,P006,Rotterdam,Netherlands,Europe,Terminal-4,Berth-14
PR06909,P007,Los Angeles,USA,North America,Terminal-1,Berth-15
PR06910,P001,Chennai,India,South Asia,Terminal-2,Berth-16
PR06911,P002,Mumbai,India,South Asia,Terminal-3,Berth-17
PR06912,P003,Singapore,Singapore,Southeast Asia,Terminal-4,Berth-18
PR06913,P004,Dubai,UAE,Middle East,Terminal-1,Berth-1
PR06914,P005,Colombo,Sri Lanka,South Asia,Terminal-2,Berth-2
PR06915,P006,Rotterdam,Netherlands,Europe,Terminal-3,Berth-3
PR06916,P007,Los Angeles,USA,North America,Terminal-4,Berth-4
PR06917,P001,Chennai,India,South Asia,Terminal-1,Berth-5
PR06918,P002,Mumbai,India,South Asia,Terminal-2,Berth-6
PR06919,P003,Singapore,Singapore,Southeast Asia,Terminal-3,Berth-7
PR06920,P004,Dubai,UAE,Middle East,Terminal-4,Berth-8
PR06921,P005,Colombo,Sri Lanka,South Asia,Terminal-1,Berth-9
PR06922,P006,Rotterdam,Netherlands,Europe,Terminal-2,Berth-10
PR06923,P007,Los Angeles,USA,North America,Terminal-3,Berth-11
PR06924,P001,Chennai,India,South Asia,Terminal-4,Berth-12
PR06925,P002,Mumbai,India,South Asia,Terminal-1,Berth-13
PR06926,P003,Singapore,Singapore,Southeast Asia,Terminal-2,Berth-14
PR06927,P004,Dubai,UAE,Middle East,Terminal-3,Berth-15
PR06928,P005,Colombo,Sri Lanka,South Asia,Terminal-4,Berth-16
PR06929,P006,Rotterdam,Netherlands,Europe,Terminal-1,Berth-17
PR06930,P007,Los Angeles,USA,North America,Terminal-2,Berth-18
PR06931,P001,Chennai,India,South Asia,Terminal-3,Berth-1
PR06932,P002,Mumbai,India,South Asia,Terminal-4,Berth-2
PR06933,P003,Singapore,Singapore,Southeast Asia,Terminal-1,Berth-3
PR06934,P004,Dubai,UAE,Middle East,Terminal-2,Berth-4
PR06935,P005,Colombo,Sri Lanka,South Asia,Terminal-3,Berth-5
PR06936,P006,Rotterdam,Netherlands,Europe,Terminal-4,Berth-6
PR06937,P007,Los Angeles,USA,North America,Terminal-1,Berth-7
PR06938,P001,Chennai,India,South Asia,Terminal-2,Berth-8
PR06939,P002,Mumbai,India,South Asia,Terminal-3,Berth-9
PR06940,P003,Singapore,Singapore,Southeast Asia,Terminal-4,Berth-10
PR06941,P004,Dubai,UAE,Middle East,Terminal-1,Berth-11
PR06942,P005,Colombo,Sri Lanka,South Asia,Terminal-2,Berth-12
PR06943,P006,Rotterdam,Netherlands,Europe,Terminal-3,Berth-13
PR06944,P007,Los Angeles,USA,North America,Terminal-4,Berth-14
PR06945,P001,Chennai,India,South Asia,Terminal-1,Berth-15
PR06946,P002,Mumbai,India,South Asia,Terminal-2,Berth-16
PR06947,P003,Singapore,Singapore,Southeast Asia,Terminal-3,Berth-17
PR06948,P004,Dubai,UAE,Middle East,Terminal-4,Berth-18
PR06949,P005,Colombo,Sri Lanka,South Asia,Terminal-1,Berth-1
PR06950,P006,Rotterdam,Netherlands,Europe,Terminal-2,Berth-2
PR06951,P007,Los Angeles,USA,North America,Terminal-3,Berth-3
PR06952,P001,Chennai,India,South Asia,Terminal-4,Berth-4
PR06953,P002,Mumbai,India,South Asia,Terminal-1,Berth-5
PR06954,P003,Singapore,Singapore,Southeast Asia,Terminal-2,Berth-6
PR06955,P004,Dubai,UAE,Middle East,Terminal-3,Berth-7
PR06956,P005,Colombo,Sri Lanka,South Asia,Terminal-4,Berth-8
PR06957,P006,Rotterdam,Netherlands,Europe,Terminal-1,Berth-9
PR06958,P007,Los Angeles,USA,North America,Terminal-2,Berth-10
PR06959,P001,Chennai,India,South Asia,Terminal-3,Berth-11
PR06960,P002,Mumbai,India,South Asia,Terminal-4,Berth-12
PR06961,P003,Singapore,Singapore,Southeast Asia,Terminal-1,Berth-13
PR06962,P004,Dubai,UAE,Middle East,Terminal-2,Berth-14
PR06963,P005,Colombo,Sri Lanka,South Asia,Terminal-3,Berth-15
PR06964,P006,Rotterdam,Netherlands,Europe,Terminal-4,Berth-16
PR06965,P007,Los Angeles,USA,North America,Terminal-1,Berth-17
PR06966,P001,Chennai,India,South Asia,Terminal-2,Berth-18
PR06967,P002,Mumbai,India,South Asia,Terminal-3,Berth-1
PR06968,P003,Singapore,Singapore,Southeast Asia,Terminal-4,Berth-2
PR06969,P004,Dubai,UAE,Middle East,Terminal-1,Berth-3
PR06970,P005,Colombo,Sri Lanka,South Asia,Terminal-2,Berth-4
PR06971,P006,Rotterdam,Netherlands,Europe,Terminal-3,Berth-5
PR06972,P007,Los Angeles,USA,North America,Terminal-4,Berth-6
PR06973,P001,Chennai,India,South Asia,Terminal-1,Berth-7
PR06974,P002,Mumbai,India,South Asia,Terminal-2,Berth-8
PR06975,P003,Singapore,Singapore,Southeast Asia,Terminal-3,Berth-9
PR06976,P004,Dubai,UAE,Middle East,Terminal-4,Berth-10
PR06977,P005,Colombo,Sri Lanka,South Asia,Terminal-1,Berth-11
PR06978,P006,Rotterdam,Netherlands,Europe,Terminal-2,Berth-12
PR06979,P007,Los Angeles,USA,North America,Terminal-3,Berth-13
PR06980,P001,Chennai,India,South Asia,Terminal-4,Berth-14
PR06981,P002,Mumbai,India,South Asia,Terminal-1,Berth-15
PR06982,P003,Singapore,Singapore,Southeast Asia,Terminal-2,Berth-16
PR06983,P004,Dubai,UAE,Middle East,Terminal-3,Berth-17
PR06984,P005,Colombo,Sri Lanka,South Asia,Terminal-4,Berth-18
PR06985,P006,Rotterdam,Netherlands,Europe,Terminal-1,Berth-1
PR06986,P007,Los Angeles,USA,North America,Terminal-2,Berth-2
PR06987,P001,Chennai,India,South Asia,Terminal-3,Berth-3
PR06988,P002,Mumbai,India,South Asia,Terminal-4,Berth-4
PR06989,P003,Singapore,Singapore,Southeast Asia,Terminal-1,Berth-5
PR06990,P004,Dubai,UAE,Middle East,Terminal-2,Berth-6
PR06991,P005,Colombo,Sri Lanka,South Asia,Terminal-3,Berth-7
PR06992,P006,Rotterdam,Netherlands,Europe,Terminal-4,Berth-8
PR06993,P007,Los Angeles,USA,North America,Terminal-1,Berth-9
PR06994,P001,Chennai,India,South Asia,Terminal-2,Berth-10
PR06995,P002,Mumbai,India,South Asia,Terminal-3,Berth-11
PR06996,P003,Singapore,Singapore,Southeast Asia,Terminal-4,Berth-12
PR06997,P004,Dubai,UAE,Middle East,Terminal-1,Berth-13
PR06998,P005,Colombo,Sri Lanka,South Asia,Terminal-2,Berth-14
PR06999,P006,Rotterdam,Netherlands,Europe,Terminal-3,Berth-15
PR07000,P007,Los Angeles,USA,North America,Terminal-4,Berth-16
PR07001,P001,Chennai,India,South Asia,Terminal-1,Berth-17
PR07002,P002,Mumbai,India,South Asia,Terminal-2,Berth-18
PR07003,P003,Singapore,Singapore,Southeast Asia,Terminal-3,Berth-1
PR07004,P004,Dubai,UAE,Middle East,Terminal-4,Berth-2
PR07005,P005,Colombo,Sri Lanka,South Asia,Terminal-1,Berth-3
PR07006,P006,Rotterdam,Netherlands,Europe,Terminal-2,Berth-4
PR07007,P007,Los Angeles,USA,North America,Terminal-3,Berth-5
PR07008,P001,Chennai,India,South Asia,Terminal-4,Berth-6
PR07009,P002,Mumbai,India,South Asia,Terminal-1,Berth-7
PR07010,P003,Singapore,Singapore,Southeast Asia,Terminal-2,Berth-8
PR07011,P004,Dubai,UAE,Middle East,Terminal-3,Berth-9
PR07012,P005,Colombo,Sri Lanka,South Asia,Terminal-4,Berth-10
PR07013,P006,Rotterdam,Netherlands,Europe,Terminal-1,Berth-11
PR07014,P007,Los Angeles,USA,North America,Terminal-2,Berth-12
PR07015,P001,Chennai,India,South Asia,Terminal-3,Berth-13
PR07016,P002,Mumbai,India,South Asia,Terminal-4,Berth-14
PR07017,P003,Singapore,Singapore,Southeast Asia,Terminal-1,Berth-15
PR07018,P004,Dubai,UAE,Middle East,Terminal-2,Berth-16
PR07019,P005,Colombo,Sri Lanka,South Asia,Terminal-3,Berth-17
PR07020,P006,Rotterdam,Netherlands,Europe,Terminal-4,Berth-18
PR07021,P007,Los Angeles,USA,North America,Terminal-1,Berth-1
PR07022,P001,Chennai,India,South Asia,Terminal-2,Berth-2
PR07023,P002,Mumbai,India,South Asia,Terminal-3,Berth-3
PR07024,P003,Singapore,Singapore,Southeast Asia,Terminal-4,Berth-4
PR07025,P004,Dubai,UAE,Middle East,Terminal-1,Berth-5
PR07026,P005,Colombo,Sri Lanka,South Asia,Terminal-2,Berth-6
PR07027,P006,Rotterdam,Netherlands,Europe,Terminal-3,Berth-7
PR07028,P007,Los Angeles,USA,North America,Terminal-4,Berth-8
PR07029,P001,Chennai,India,South Asia,Terminal-1,Berth-9
PR07030,P002,Mumbai,India,South Asia,Terminal-2,Berth-10
PR07031,P003,Singapore,Singapore,Southeast Asia,Terminal-3,Berth-11
PR07032,P004,Dubai,UAE,Middle East,Terminal-4,Berth-12
PR07033,P005,Colombo,Sri Lanka,South Asia,Terminal-1,Berth-13
PR07034,P006,Rotterdam,Netherlands,Europe,Terminal-2,Berth-14
PR07035,P007,Los Angeles,USA,North America,Terminal-3,Berth-15
PR07036,P001,Chennai,India,South Asia,Terminal-4,Berth-16
PR07037,P002,Mumbai,India,South Asia,Terminal-1,Berth-17
PR07038,P003,Singapore,Singapore,Southeast Asia,Terminal-2,Berth-18
PR07039,P004,Dubai,UAE,Middle East,Terminal-3,Berth-1
PR07040,P005,Colombo,Sri Lanka,South Asia,Terminal-4,Berth-2
PR07041,P006,Rotterdam,Netherlands,Europe,Terminal-1,Berth-3
PR07042,P007,Los Angeles,USA,North America,Terminal-2,Berth-4
PR07043,P001,Chennai,India,South Asia,Terminal-3,Berth-5
PR07044,P002,Mumbai,India,South Asia,Terminal-4,Berth-6
PR07045,P003,Singapore,Singapore,Southeast Asia,Terminal-1,Berth-7
PR07046,P004,Dubai,UAE,Middle East,Terminal-2,Berth-8
PR07047,P005,Colombo,Sri Lanka,South Asia,Terminal-3,Berth-9
PR07048,P006,Rotterdam,Netherlands,Europe,Terminal-4,Berth-10
PR07049,P007,Los Angeles,USA,North America,Terminal-1,Berth-11
PR07050,P001,Chennai,India,South Asia,Terminal-2,Berth-12
PR07051,P002,Mumbai,India,South Asia,Terminal-3,Berth-13
PR07052,P003,Singapore,Singapore,Southeast Asia,Terminal-4,Berth-14
PR07053,P004,Dubai,UAE,Middle East,Terminal-1,Berth-15
PR07054,P005,Colombo,Sri Lanka,South Asia,Terminal-2,Berth-16
PR07055,P006,Rotterdam,Netherlands,Europe,Terminal-3,Berth-17
PR07056,P007,Los Angeles,USA,North America,Terminal-4,Berth-18
PR07057,P001,Chennai,India,South Asia,Terminal-1,Berth-1
PR07058,P002,Mumbai,India,South Asia,Terminal-2,Berth-2
PR07059,P003,Singapore,Singapore,Southeast Asia,Terminal-3,Berth-3
PR07060,P004,Dubai,UAE,Middle East,Terminal-4,Berth-4
PR07061,P005,Colombo,Sri Lanka,South Asia,Terminal-1,Berth-5
PR07062,P006,Rotterdam,Netherlands,Europe,Terminal-2,Berth-6
PR07063,P007,Los Angeles,USA,North America,Terminal-3,Berth-7
PR07064,P001,Chennai,India,South Asia,Terminal-4,Berth-8
PR07065,P002,Mumbai,India,South Asia,Terminal-1,Berth-9
PR07066,P003,Singapore,Singapore,Southeast Asia,Terminal-2,Berth-10
PR07067,P004,Dubai,UAE,Middle East,Terminal-3,Berth-11
PR07068,P005,Colombo,Sri Lanka,South Asia,Terminal-4,Berth-12
PR07069,P006,Rotterdam,Netherlands,Europe,Terminal-1,Berth-13
PR07070,P007,Los Angeles,USA,North America,Terminal-2,Berth-14
PR07071,P001,Chennai,India,South Asia,Terminal-3,Berth-15
PR07072,P002,Mumbai,India,South Asia,Terminal-4,Berth-16
PR07073,P003,Singapore,Singapore,Southeast Asia,Terminal-1,Berth-17
PR07074,P004,Dubai,UAE,Middle East,Terminal-2,Berth-18
PR07075,P005,Colombo,Sri Lanka,South Asia,Terminal-3,Berth-1
PR07076,P006,Rotterdam,Netherlands,Europe,Terminal-4,Berth-2
PR07077,P007,Los Angeles,USA,North America,Terminal-1,Berth-3
PR07078,P001,Chennai,India,South Asia,Terminal-2,Berth-4
PR07079,P002,Mumbai,India,South Asia,Terminal-3,Berth-5
PR07080,P003,Singapore,Singapore,Southeast Asia,Terminal-4,Berth-6
PR07081,P004,Dubai,UAE,Middle East,Terminal-1,Berth-7
PR07082,P005,Colombo,Sri Lanka,South Asia,Terminal-2,Berth-8
PR07083,P006,Rotterdam,Netherlands,Europe,Terminal-3,Berth-9
PR07084,P007,Los Angeles,USA,North America,Terminal-4,Berth-10
PR07085,P001,Chennai,India,South Asia,Terminal-1,Berth-11
PR07086,P002,Mumbai,India,South Asia,Terminal-2,Berth-12
PR07087,P003,Singapore,Singapore,Southeast Asia,Terminal-3,Berth-13
PR07088,P004,Dubai,UAE,Middle East,Terminal-4,Berth-14
PR07089,P005,Colombo,Sri Lanka,South Asia,Terminal-1,Berth-15
PR07090,P006,Rotterdam,Netherlands,Europe,Terminal-2,Berth-16
PR07091,P007,Los Angeles,USA,North America,Terminal-3,Berth-17
PR07092,P001,Chennai,India,South Asia,Terminal-4,Berth-18
PR07093,P002,Mumbai,India,South Asia,Terminal-1,Berth-1
PR07094,P003,Singapore,Singapore,Southeast Asia,Terminal-2,Berth-2
PR07095,P004,Dubai,UAE,Middle East,Terminal-3,Berth-3
PR07096,P005,Colombo,Sri Lanka,South Asia,Terminal-4,Berth-4
PR07097,P006,Rotterdam,Netherlands,Europe,Terminal-1,Berth-5
PR07098,P007,Los Angeles,USA,North America,Terminal-2,Berth-6
PR07099,P001,Chennai,India,South Asia,Terminal-3,Berth-7
PR07100,P002,Mumbai,India,South Asia,Terminal-4,Berth-8
PR07101,P003,Singapore,Singapore,Southeast Asia,Terminal-1,Berth-9
PR07102,P004,Dubai,UAE,Middle East,Terminal-2,Berth-10
PR07103,P005,Colombo,Sri Lanka,South Asia,Terminal-3,Berth-11
PR07104,P006,Rotterdam,Netherlands,Europe,Terminal-4,Berth-12
PR07105,P007,Los Angeles,USA,North America,Terminal-1,Berth-13
PR07106,P001,Chennai,India,South Asia,Terminal-2,Berth-14
PR07107,P002,Mumbai,India,South Asia,Terminal-3,Berth-15
PR07108,P003,Singapore,Singapore,Southeast Asia,Terminal-4,Berth-16
PR07109,P004,Dubai,UAE,Middle East,Terminal-1,Berth-17
PR07110,P005,Colombo,Sri Lanka,South Asia,Terminal-2,Berth-18
PR07111,P006,Rotterdam,Netherlands,Europe,Terminal-3,Berth-1
PR07112,P007,Los Angeles,USA,North America,Terminal-4,Berth-2
PR07113,P001,Chennai,India,South Asia,Terminal-1,Berth-3
PR07114,P002,Mumbai,India,South Asia,Terminal-2,Berth-4
PR07115,P003,Singapore,Singapore,Southeast Asia,Terminal-3,Berth-5
PR07116,P004,Dubai,UAE,Middle East,Terminal-4,Berth-6
PR07117,P005,Colombo,Sri Lanka,South Asia,Terminal-1,Berth-7
PR07118,P006,Rotterdam,Netherlands,Europe,Terminal-2,Berth-8
PR07119,P007,Los Angeles,USA,North America,Terminal-3,Berth-9
PR07120,P001,Chennai,India,South Asia,Terminal-4,Berth-10
PR07121,P002,Mumbai,India,South Asia,Terminal-1,Berth-11
PR07122,P003,Singapore,Singapore,Southeast Asia,Terminal-2,Berth-12
PR07123,P004,Dubai,UAE,Middle East,Terminal-3,Berth-13
PR07124,P005,Colombo,Sri Lanka,South Asia,Terminal-4,Berth-14
PR07125,P006,Rotterdam,Netherlands,Europe,Terminal-1,Berth-15
PR07126,P007,Los Angeles,USA,North America,Terminal-2,Berth-16
PR07127,P001,Chennai,India,South Asia,Terminal-3,Berth-17
PR07128,P002,Mumbai,India,South Asia,Terminal-4,Berth-18
PR07129,P003,Singapore,Singapore,Southeast Asia,Terminal-1,Berth-1
PR07130,P004,Dubai,UAE,Middle East,Terminal-2,Berth-2
PR07131,P005,Colombo,Sri Lanka,South Asia,Terminal-3,Berth-3
PR07132,P006,Rotterdam,Netherlands,Europe,Terminal-4,Berth-4
PR07133,P007,Los Angeles,USA,North America,Terminal-1,Berth-5
PR07134,P001,Chennai,India,South Asia,Terminal-2,Berth-6
PR07135,P002,Mumbai,India,South Asia,Terminal-3,Berth-7
PR07136,P003,Singapore,Singapore,Southeast Asia,Terminal-4,Berth-8
PR07137,P004,Dubai,UAE,Middle East,Terminal-1,Berth-9
PR07138,P005,Colombo,Sri Lanka,South Asia,Terminal-2,Berth-10
PR07139,P006,Rotterdam,Netherlands,Europe,Terminal-3,Berth-11
PR07140,P007,Los Angeles,USA,North America,Terminal-4,Berth-12
PR07141,P001,Chennai,India,South Asia,Terminal-1,Berth-13
PR07142,P002,Mumbai,India,South Asia,Terminal-2,Berth-14
PR07143,P003,Singapore,Singapore,Southeast Asia,Terminal-3,Berth-15
PR07144,P004,Dubai,UAE,Middle East,Terminal-4,Berth-16
PR07145,P005,Colombo,Sri Lanka,South Asia,Terminal-1,Berth-17
PR07146,P006,Rotterdam,Netherlands,Europe,Terminal-2,Berth-18
PR07147,P007,Los Angeles,USA,North America,Terminal-3,Berth-1
PR07148,P001,Chennai,India,South Asia,Terminal-4,Berth-2
PR07149,P002,Mumbai,India,South Asia,Terminal-1,Berth-3
PR07150,P003,Singapore,Singapore,Southeast Asia,Terminal-2,Berth-4
PR07151,P004,Dubai,UAE,Middle East,Terminal-3,Berth-5
PR07152,P005,Colombo,Sri Lanka,South Asia,Terminal-4,Berth-6
PR07153,P006,Rotterdam,Netherlands,Europe,Terminal-1,Berth-7
PR07154,P007,Los Angeles,USA,North America,Terminal-2,Berth-8
PR07155,P001,Chennai,India,South Asia,Terminal-3,Berth-9
PR07156,P002,Mumbai,India,South Asia,Terminal-4,Berth-10
PR07157,P003,Singapore,Singapore,Southeast Asia,Terminal-1,Berth-11
PR07158,P004,Dubai,UAE,Middle East,Terminal-2,Berth-12
PR07159,P005,Colombo,Sri Lanka,South Asia,Terminal-3,Berth-13
PR07160,P006,Rotterdam,Netherlands,Europe,Terminal-4,Berth-14
PR07161,P007,Los Angeles,USA,North America,Terminal-1,Berth-15
PR07162,P001,Chennai,India,South Asia,Terminal-2,Berth-16
PR07163,P002,Mumbai,India,South Asia,Terminal-3,Berth-17
PR07164,P003,Singapore,Singapore,Southeast Asia,Terminal-4,Berth-18
PR07165,P004,Dubai,UAE,Middle East,Terminal-1,Berth-1
PR07166,P005,Colombo,Sri Lanka,South Asia,Terminal-2,Berth-2
PR07167,P006,Rotterdam,Netherlands,Europe,Terminal-3,Berth-3
PR07168,P007,Los Angeles,USA,North America,Terminal-4,Berth-4
PR07169,P001,Chennai,India,South Asia,Terminal-1,Berth-5
PR07170,P002,Mumbai,India,South Asia,Terminal-2,Berth-6
PR07171,P003,Singapore,Singapore,Southeast Asia,Terminal-3,Berth-7
PR07172,P004,Dubai,UAE,Middle East,Terminal-4,Berth-8
PR07173,P005,Colombo,Sri Lanka,South Asia,Terminal-1,Berth-9
PR07174,P006,Rotterdam,Netherlands,Europe,Terminal-2,Berth-10
PR07175,P007,Los Angeles,USA,North America,Terminal-3,Berth-11
PR07176,P001,Chennai,India,South Asia,Terminal-4,Berth-12
PR07177,P002,Mumbai,India,South Asia,Terminal-1,Berth-13
PR07178,P003,Singapore,Singapore,Southeast Asia,Terminal-2,Berth-14
PR07179,P004,Dubai,UAE,Middle East,Terminal-3,Berth-15
PR07180,P005,Colombo,Sri Lanka,South Asia,Terminal-4,Berth-16
PR07181,P006,Rotterdam,Netherlands,Europe,Terminal-1,Berth-17
PR07182,P007,Los Angeles,USA,North America,Terminal-2,Berth-18
PR07183,P001,Chennai,India,South Asia,Terminal-3,Berth-1
PR07184,P002,Mumbai,India,South Asia,Terminal-4,Berth-2
PR07185,P003,Singapore,Singapore,Southeast Asia,Terminal-1,Berth-3
PR07186,P004,Dubai,UAE,Middle East,Terminal-2,Berth-4
PR07187,P005,Colombo,Sri Lanka,South Asia,Terminal-3,Berth-5
PR07188,P006,Rotterdam,Netherlands,Europe,Terminal-4,Berth-6
PR07189,P007,Los Angeles,USA,North America,Terminal-1,Berth-7
PR07190,P001,Chennai,India,South Asia,Terminal-2,Berth-8
PR07191,P002,Mumbai,India,South Asia,Terminal-3,Berth-9
PR07192,P003,Singapore,Singapore,Southeast Asia,Terminal-4,Berth-10
PR07193,P004,Dubai,UAE,Middle East,Terminal-1,Berth-11
PR07194,P005,Colombo,Sri Lanka,South Asia,Terminal-2,Berth-12
PR07195,P006,Rotterdam,Netherlands,Europe,Terminal-3,Berth-13
PR07196,P007,Los Angeles,USA,North America,Terminal-4,Berth-14
PR07197,P001,Chennai,India,South Asia,Terminal-1,Berth-15
PR07198,P002,Mumbai,India,South Asia,Terminal-2,Berth-16
PR07199,P003,Singapore,Singapore,Southeast Asia,Terminal-3,Berth-17
PR07200,P004,Dubai,UAE,Middle East,Terminal-4,Berth-18
PR07201,P005,Colombo,Sri Lanka,South Asia,Terminal-1,Berth-1
PR07202,P006,Rotterdam,Netherlands,Europe,Terminal-2,Berth-2
PR07203,P007,Los Angeles,USA,North America,Terminal-3,Berth-3
PR07204,P001,Chennai,India,South Asia,Terminal-4,Berth-4
PR07205,P002,Mumbai,India,South Asia,Terminal-1,Berth-5
PR07206,P003,Singapore,Singapore,Southeast Asia,Terminal-2,Berth-6
PR07207,P004,Dubai,UAE,Middle East,Terminal-3,Berth-7
PR07208,P005,Colombo,Sri Lanka,South Asia,Terminal-4,Berth-8
PR07209,P006,Rotterdam,Netherlands,Europe,Terminal-1,Berth-9
PR07210,P007,Los Angeles,USA,North America,Terminal-2,Berth-10
PR07211,P001,Chennai,India,South Asia,Terminal-3,Berth-11
PR07212,P002,Mumbai,India,South Asia,Terminal-4,Berth-12
PR07213,P003,Singapore,Singapore,Southeast Asia,Terminal-1,Berth-13
PR07214,P004,Dubai,UAE,Middle East,Terminal-2,Berth-14
PR07215,P005,Colombo,Sri Lanka,South Asia,Terminal-3,Berth-15
PR07216,P006,Rotterdam,Netherlands,Europe,Terminal-4,Berth-16
PR07217,P007,Los Angeles,USA,North America,Terminal-1,Berth-17
PR07218,P001,Chennai,India,South Asia,Terminal-2,Berth-18
PR07219,P002,Mumbai,India,South Asia,Terminal-3,Berth-1
PR07220,P003,Singapore,Singapore,Southeast Asia,Terminal-4,Berth-2
PR07221,P004,Dubai,UAE,Middle East,Terminal-1,Berth-3
PR07222,P005,Colombo,Sri Lanka,South Asia,Terminal-2,Berth-4
PR07223,P006,Rotterdam,Netherlands,Europe,Terminal-3,Berth-5
PR07224,P007,Los Angeles,USA,North America,Terminal-4,Berth-6
PR07225,P001,Chennai,India,South Asia,Terminal-1,Berth-7
PR07226,P002,Mumbai,India,South Asia,Terminal-2,Berth-8
PR07227,P003,Singapore,Singapore,Southeast Asia,Terminal-3,Berth-9
PR07228,P004,Dubai,UAE,Middle East,Terminal-4,Berth-10
PR07229,P005,Colombo,Sri Lanka,South Asia,Terminal-1,Berth-11
PR07230,P006,Rotterdam,Netherlands,Europe,Terminal-2,Berth-12
PR07231,P007,Los Angeles,USA,North America,Terminal-3,Berth-13
PR07232,P001,Chennai,India,South Asia,Terminal-4,Berth-14
PR07233,P002,Mumbai,India,South Asia,Terminal-1,Berth-15
PR07234,P003,Singapore,Singapore,Southeast Asia,Terminal-2,Berth-16
PR07235,P004,Dubai,UAE,Middle East,Terminal-3,Berth-17
PR07236,P005,Colombo,Sri Lanka,South Asia,Terminal-4,Berth-18
PR07237,P006,Rotterdam,Netherlands,Europe,Terminal-1,Berth-1
PR07238,P007,Los Angeles,USA,North America,Terminal-2,Berth-2
PR07239,P001,Chennai,India,South Asia,Terminal-3,Berth-3
PR07240,P002,Mumbai,India,South Asia,Terminal-4,Berth-4
PR07241,P003,Singapore,Singapore,Southeast Asia,Terminal-1,Berth-5
PR07242,P004,Dubai,UAE,Middle East,Terminal-2,Berth-6
PR07243,P005,Colombo,Sri Lanka,South Asia,Terminal-3,Berth-7
PR07244,P006,Rotterdam,Netherlands,Europe,Terminal-4,Berth-8
PR07245,P007,Los Angeles,USA,North America,Terminal-1,Berth-9
PR07246,P001,Chennai,India,South Asia,Terminal-2,Berth-10
PR07247,P002,Mumbai,India,South Asia,Terminal-3,Berth-11
PR07248,P003,Singapore,Singapore,Southeast Asia,Terminal-4,Berth-12
PR07249,P004,Dubai,UAE,Middle East,Terminal-1,Berth-13
PR07250,P005,Colombo,Sri Lanka,South Asia,Terminal-2,Berth-14
PR07251,P006,Rotterdam,Netherlands,Europe,Terminal-3,Berth-15
PR07252,P007,Los Angeles,USA,North America,Terminal-4,Berth-16
PR07253,P001,Chennai,India,South Asia,Terminal-1,Berth-17
PR07254,P002,Mumbai,India,South Asia,Terminal-2,Berth-18
PR07255,P003,Singapore,Singapore,Southeast Asia,Terminal-3,Berth-1
PR07256,P004,Dubai,UAE,Middle East,Terminal-4,Berth-2
PR07257,P005,Colombo,Sri Lanka,South Asia,Terminal-1,Berth-3
PR07258,P006,Rotterdam,Netherlands,Europe,Terminal-2,Berth-4
PR07259,P007,Los Angeles,USA,North America,Terminal-3,Berth-5
PR07260,P001,Chennai,India,South Asia,Terminal-4,Berth-6
PR07261,P002,Mumbai,India,South Asia,Terminal-1,Berth-7
PR07262,P003,Singapore,Singapore,Southeast Asia,Terminal-2,Berth-8
PR07263,P004,Dubai,UAE,Middle East,Terminal-3,Berth-9
PR07264,P005,Colombo,Sri Lanka,South Asia,Terminal-4,Berth-10
PR07265,P006,Rotterdam,Netherlands,Europe,Terminal-1,Berth-11
PR07266,P007,Los Angeles,USA,North America,Terminal-2,Berth-12
PR07267,P001,Chennai,India,South Asia,Terminal-3,Berth-13
PR07268,P002,Mumbai,India,South Asia,Terminal-4,Berth-14
PR07269,P003,Singapore,Singapore,Southeast Asia,Terminal-1,Berth-15
PR07270,P004,Dubai,UAE,Middle East,Terminal-2,Berth-16
PR07271,P005,Colombo,Sri Lanka,South Asia,Terminal-3,Berth-17
PR07272,P006,Rotterdam,Netherlands,Europe,Terminal-4,Berth-18
PR07273,P007,Los Angeles,USA,North America,Terminal-1,Berth-1
PR07274,P001,Chennai,India,South Asia,Terminal-2,Berth-2
PR07275,P002,Mumbai,India,South Asia,Terminal-3,Berth-3
PR07276,P003,Singapore,Singapore,Southeast Asia,Terminal-4,Berth-4
PR07277,P004,Dubai,UAE,Middle East,Terminal-1,Berth-5
PR07278,P005,Colombo,Sri Lanka,South Asia,Terminal-2,Berth-6
PR07279,P006,Rotterdam,Netherlands,Europe,Terminal-3,Berth-7
PR07280,P007,Los Angeles,USA,North America,Terminal-4,Berth-8
PR07281,P001,Chennai,India,South Asia,Terminal-1,Berth-9
PR07282,P002,Mumbai,India,South Asia,Terminal-2,Berth-10
PR07283,P003,Singapore,Singapore,Southeast Asia,Terminal-3,Berth-11
PR07284,P004,Dubai,UAE,Middle East,Terminal-4,Berth-12
PR07285,P005,Colombo,Sri Lanka,South Asia,Terminal-1,Berth-13
PR07286,P006,Rotterdam,Netherlands,Europe,Terminal-2,Berth-14
PR07287,P007,Los Angeles,USA,North America,Terminal-3,Berth-15
PR07288,P001,Chennai,India,South Asia,Terminal-4,Berth-16
PR07289,P002,Mumbai,India,South Asia,Terminal-1,Berth-17
PR07290,P003,Singapore,Singapore,Southeast Asia,Terminal-2,Berth-18
PR07291,P004,Dubai,UAE,Middle East,Terminal-3,Berth-1
PR07292,P005,Colombo,Sri Lanka,South Asia,Terminal-4,Berth-2
PR07293,P006,Rotterdam,Netherlands,Europe,Terminal-1,Berth-3
PR07294,P007,Los Angeles,USA,North America,Terminal-2,Berth-4
PR07295,P001,Chennai,India,South Asia,Terminal-3,Berth-5
PR07296,P002,Mumbai,India,South Asia,Terminal-4,Berth-6
PR07297,P003,Singapore,Singapore,Southeast Asia,Terminal-1,Berth-7
PR07298,P004,Dubai,UAE,Middle East,Terminal-2,Berth-8
PR07299,P005,Colombo,Sri Lanka,South Asia,Terminal-3,Berth-9
PR07300,P006,Rotterdam,Netherlands,Europe,Terminal-4,Berth-10
PR07301,P007,Los Angeles,USA,North America,Terminal-1,Berth-11
PR07302,P001,Chennai,India,South Asia,Terminal-2,Berth-12
PR07303,P002,Mumbai,India,South Asia,Terminal-3,Berth-13
PR07304,P003,Singapore,Singapore,Southeast Asia,Terminal-4,Berth-14
PR07305,P004,Dubai,UAE,Middle East,Terminal-1,Berth-15
PR07306,P005,Colombo,Sri Lanka,South Asia,Terminal-2,Berth-16
PR07307,P006,Rotterdam,Netherlands,Europe,Terminal-3,Berth-17
PR07308,P007,Los Angeles,USA,North America,Terminal-4,Berth-18
PR07309,P001,Chennai,India,South Asia,Terminal-1,Berth-1
PR07310,P002,Mumbai,India,South Asia,Terminal-2,Berth-2
PR07311,P003,Singapore,Singapore,Southeast Asia,Terminal-3,Berth-3
PR07312,P004,Dubai,UAE,Middle East,Terminal-4,Berth-4
PR07313,P005,Colombo,Sri Lanka,South Asia,Terminal-1,Berth-5
PR07314,P006,Rotterdam,Netherlands,Europe,Terminal-2,Berth-6
PR07315,P007,Los Angeles,USA,North America,Terminal-3,Berth-7
PR07316,P001,Chennai,India,South Asia,Terminal-4,Berth-8
PR07317,P002,Mumbai,India,South Asia,Terminal-1,Berth-9
PR07318,P003,Singapore,Singapore,Southeast Asia,Terminal-2,Berth-10
PR07319,P004,Dubai,UAE,Middle East,Terminal-3,Berth-11
PR07320,P005,Colombo,Sri Lanka,South Asia,Terminal-4,Berth-12
PR07321,P006,Rotterdam,Netherlands,Europe,Terminal-1,Berth-13
PR07322,P007,Los Angeles,USA,North America,Terminal-2,Berth-14
PR07323,P001,Chennai,India,South Asia,Terminal-3,Berth-15
PR07324,P002,Mumbai,India,South Asia,Terminal-4,Berth-16
PR07325,P003,Singapore,Singapore,Southeast Asia,Terminal-1,Berth-17
PR07326,P004,Dubai,UAE,Middle East,Terminal-2,Berth-18
PR07327,P005,Colombo,Sri Lanka,South Asia,Terminal-3,Berth-1
PR07328,P006,Rotterdam,Netherlands,Europe,Terminal-4,Berth-2
PR07329,P007,Los Angeles,USA,North America,Terminal-1,Berth-3
PR07330,P001,Chennai,India,South Asia,Terminal-2,Berth-4
PR07331,P002,Mumbai,India,South Asia,Terminal-3,Berth-5
PR07332,P003,Singapore,Singapore,Southeast Asia,Terminal-4,Berth-6
PR07333,P004,Dubai,UAE,Middle East,Terminal-1,Berth-7
PR07334,P005,Colombo,Sri Lanka,South Asia,Terminal-2,Berth-8
PR07335,P006,Rotterdam,Netherlands,Europe,Terminal-3,Berth-9
PR07336,P007,Los Angeles,USA,North America,Terminal-4,Berth-10
PR07337,P001,Chennai,India,South Asia,Terminal-1,Berth-11
PR07338,P002,Mumbai,India,South Asia,Terminal-2,Berth-12
PR07339,P003,Singapore,Singapore,Southeast Asia,Terminal-3,Berth-13
PR07340,P004,Dubai,UAE,Middle East,Terminal-4,Berth-14
PR07341,P005,Colombo,Sri Lanka,South Asia,Terminal-1,Berth-15
PR07342,P006,Rotterdam,Netherlands,Europe,Terminal-2,Berth-16
PR07343,P007,Los Angeles,USA,North America,Terminal-3,Berth-17
PR07344,P001,Chennai,India,South Asia,Terminal-4,Berth-18
PR07345,P002,Mumbai,India,South Asia,Terminal-1,Berth-1
PR07346,P003,Singapore,Singapore,Southeast Asia,Terminal-2,Berth-2
PR07347,P004,Dubai,UAE,Middle East,Terminal-3,Berth-3
PR07348,P005,Colombo,Sri Lanka,South Asia,Terminal-4,Berth-4
PR07349,P006,Rotterdam,Netherlands,Europe,Terminal-1,Berth-5
PR07350,P007,Los Angeles,USA,North America,Terminal-2,Berth-6
PR07351,P001,Chennai,India,South Asia,Terminal-3,Berth-7
PR07352,P002,Mumbai,India,South Asia,Terminal-4,Berth-8
PR07353,P003,Singapore,Singapore,Southeast Asia,Terminal-1,Berth-9
PR07354,P004,Dubai,UAE,Middle East,Terminal-2,Berth-10
PR07355,P005,Colombo,Sri Lanka,South Asia,Terminal-3,Berth-11
PR07356,P006,Rotterdam,Netherlands,Europe,Terminal-4,Berth-12
PR07357,P007,Los Angeles,USA,North America,Terminal-1,Berth-13
PR07358,P001,Chennai,India,South Asia,Terminal-2,Berth-14
PR07359,P002,Mumbai,India,South Asia,Terminal-3,Berth-15
PR07360,P003,Singapore,Singapore,Southeast Asia,Terminal-4,Berth-16
PR07361,P004,Dubai,UAE,Middle East,Terminal-1,Berth-17
PR07362,P005,Colombo,Sri Lanka,South Asia,Terminal-2,Berth-18
PR07363,P006,Rotterdam,Netherlands,Europe,Terminal-3,Berth-1
PR07364,P007,Los Angeles,USA,North America,Terminal-4,Berth-2
PR07365,P001,Chennai,India,South Asia,Terminal-1,Berth-3
PR07366,P002,Mumbai,India,South Asia,Terminal-2,Berth-4
PR07367,P003,Singapore,Singapore,Southeast Asia,Terminal-3,Berth-5
PR07368,P004,Dubai,UAE,Middle East,Terminal-4,Berth-6
PR07369,P005,Colombo,Sri Lanka,South Asia,Terminal-1,Berth-7
PR07370,P006,Rotterdam,Netherlands,Europe,Terminal-2,Berth-8
PR07371,P007,Los Angeles,USA,North America,Terminal-3,Berth-9
PR07372,P001,Chennai,India,South Asia,Terminal-4,Berth-10
PR07373,P002,Mumbai,India,South Asia,Terminal-1,Berth-11
PR07374,P003,Singapore,Singapore,Southeast Asia,Terminal-2,Berth-12
PR07375,P004,Dubai,UAE,Middle East,Terminal-3,Berth-13
PR07376,P005,Colombo,Sri Lanka,South Asia,Terminal-4,Berth-14
PR07377,P006,Rotterdam,Netherlands,Europe,Terminal-1,Berth-15
PR07378,P007,Los Angeles,USA,North America,Terminal-2,Berth-16
PR07379,P001,Chennai,India,South Asia,Terminal-3,Berth-17
PR07380,P002,Mumbai,India,South Asia,Terminal-4,Berth-18
PR07381,P003,Singapore,Singapore,Southeast Asia,Terminal-1,Berth-1
PR07382,P004,Dubai,UAE,Middle East,Terminal-2,Berth-2
PR07383,P005,Colombo,Sri Lanka,South Asia,Terminal-3,Berth-3
PR07384,P006,Rotterdam,Netherlands,Europe,Terminal-4,Berth-4
PR07385,P007,Los Angeles,USA,North America,Terminal-1,Berth-5
PR07386,P001,Chennai,India,South Asia,Terminal-2,Berth-6
PR07387,P002,Mumbai,India,South Asia,Terminal-3,Berth-7
PR07388,P003,Singapore,Singapore,Southeast Asia,Terminal-4,Berth-8
PR07389,P004,Dubai,UAE,Middle East,Terminal-1,Berth-9
PR07390,P005,Colombo,Sri Lanka,South Asia,Terminal-2,Berth-10
PR07391,P006,Rotterdam,Netherlands,Europe,Terminal-3,Berth-11
PR07392,P007,Los Angeles,USA,North America,Terminal-4,Berth-12
PR07393,P001,Chennai,India,South Asia,Terminal-1,Berth-13
PR07394,P002,Mumbai,India,South Asia,Terminal-2,Berth-14
PR07395,P003,Singapore,Singapore,Southeast Asia,Terminal-3,Berth-15
PR07396,P004,Dubai,UAE,Middle East,Terminal-4,Berth-16
PR07397,P005,Colombo,Sri Lanka,South Asia,Terminal-1,Berth-17
PR07398,P006,Rotterdam,Netherlands,Europe,Terminal-2,Berth-18
PR07399,P007,Los Angeles,USA,North America,Terminal-3,Berth-1
PR07400,P001,Chennai,India,South Asia,Terminal-4,Berth-2
PR07401,P002,Mumbai,India,South Asia,Terminal-1,Berth-3
PR07402,P003,Singapore,Singapore,Southeast Asia,Terminal-2,Berth-4
PR07403,P004,Dubai,UAE,Middle East,Terminal-3,Berth-5
PR07404,P005,Colombo,Sri Lanka,South Asia,Terminal-4,Berth-6
PR07405,P006,Rotterdam,Netherlands,Europe,Terminal-1,Berth-7
PR07406,P007,Los Angeles,USA,North America,Terminal-2,Berth-8
PR07407,P001,Chennai,India,South Asia,Terminal-3,Berth-9
PR07408,P002,Mumbai,India,South Asia,Terminal-4,Berth-10
PR07409,P003,Singapore,Singapore,Southeast Asia,Terminal-1,Berth-11
PR07410,P004,Dubai,UAE,Middle East,Terminal-2,Berth-12
PR07411,P005,Colombo,Sri Lanka,South Asia,Terminal-3,Berth-13
PR07412,P006,Rotterdam,Netherlands,Europe,Terminal-4,Berth-14
PR07413,P007,Los Angeles,USA,North America,Terminal-1,Berth-15
PR07414,P001,Chennai,India,South Asia,Terminal-2,Berth-16
PR07415,P002,Mumbai,India,South Asia,Terminal-3,Berth-17
PR07416,P003,Singapore,Singapore,Southeast Asia,Terminal-4,Berth-18
PR07417,P004,Dubai,UAE,Middle East,Terminal-1,Berth-1
PR07418,P005,Colombo,Sri Lanka,South Asia,Terminal-2,Berth-2
PR07419,P006,Rotterdam,Netherlands,Europe,Terminal-3,Berth-3
PR07420,P007,Los Angeles,USA,North America,Terminal-4,Berth-4
PR07421,P001,Chennai,India,South Asia,Terminal-1,Berth-5
PR07422,P002,Mumbai,India,South Asia,Terminal-2,Berth-6
PR07423,P003,Singapore,Singapore,Southeast Asia,Terminal-3,Berth-7
PR07424,P004,Dubai,UAE,Middle East,Terminal-4,Berth-8
PR07425,P005,Colombo,Sri Lanka,South Asia,Terminal-1,Berth-9
PR07426,P006,Rotterdam,Netherlands,Europe,Terminal-2,Berth-10
PR07427,P007,Los Angeles,USA,North America,Terminal-3,Berth-11
PR07428,P001,Chennai,India,South Asia,Terminal-4,Berth-12
PR07429,P002,Mumbai,India,South Asia,Terminal-1,Berth-13
PR07430,P003,Singapore,Singapore,Southeast Asia,Terminal-2,Berth-14
PR07431,P004,Dubai,UAE,Middle East,Terminal-3,Berth-15
PR07432,P005,Colombo,Sri Lanka,South Asia,Terminal-4,Berth-16
PR07433,P006,Rotterdam,Netherlands,Europe,Terminal-1,Berth-17
PR07434,P007,Los Angeles,USA,North America,Terminal-2,Berth-18
PR07435,P001,Chennai,India,South Asia,Terminal-3,Berth-1
PR07436,P002,Mumbai,India,South Asia,Terminal-4,Berth-2
PR07437,P003,Singapore,Singapore,Southeast Asia,Terminal-1,Berth-3
PR07438,P004,Dubai,UAE,Middle East,Terminal-2,Berth-4
PR07439,P005,Colombo,Sri Lanka,South Asia,Terminal-3,Berth-5
PR07440,P006,Rotterdam,Netherlands,Europe,Terminal-4,Berth-6
PR07441,P007,Los Angeles,USA,North America,Terminal-1,Berth-7
PR07442,P001,Chennai,India,South Asia,Terminal-2,Berth-8
PR07443,P002,Mumbai,India,South Asia,Terminal-3,Berth-9
PR07444,P003,Singapore,Singapore,Southeast Asia,Terminal-4,Berth-10
PR07445,P004,Dubai,UAE,Middle East,Terminal-1,Berth-11
PR07446,P005,Colombo,Sri Lanka,South Asia,Terminal-2,Berth-12
PR07447,P006,Rotterdam,Netherlands,Europe,Terminal-3,Berth-13
PR07448,P007,Los Angeles,USA,North America,Terminal-4,Berth-14
PR07449,P001,Chennai,India,South Asia,Terminal-1,Berth-15
PR07450,P002,Mumbai,India,South Asia,Terminal-2,Berth-16
PR07451,P003,Singapore,Singapore,Southeast Asia,Terminal-3,Berth-17
PR07452,P004,Dubai,UAE,Middle East,Terminal-4,Berth-18
PR07453,P005,Colombo,Sri Lanka,South Asia,Terminal-1,Berth-1
PR07454,P006,Rotterdam,Netherlands,Europe,Terminal-2,Berth-2
PR07455,P007,Los Angeles,USA,North America,Terminal-3,Berth-3
PR07456,P001,Chennai,India,South Asia,Terminal-4,Berth-4
PR07457,P002,Mumbai,India,South Asia,Terminal-1,Berth-5
PR07458,P003,Singapore,Singapore,Southeast Asia,Terminal-2,Berth-6
PR07459,P004,Dubai,UAE,Middle East,Terminal-3,Berth-7
PR07460,P005,Colombo,Sri Lanka,South Asia,Terminal-4,Berth-8
PR07461,P006,Rotterdam,Netherlands,Europe,Terminal-1,Berth-9
PR07462,P007,Los Angeles,USA,North America,Terminal-2,Berth-10
PR07463,P001,Chennai,India,South Asia,Terminal-3,Berth-11
PR07464,P002,Mumbai,India,South Asia,Terminal-4,Berth-12
PR07465,P003,Singapore,Singapore,Southeast Asia,Terminal-1,Berth-13
PR07466,P004,Dubai,UAE,Middle East,Terminal-2,Berth-14
PR07467,P005,Colombo,Sri Lanka,South Asia,Terminal-3,Berth-15
PR07468,P006,Rotterdam,Netherlands,Europe,Terminal-4,Berth-16
PR07469,P007,Los Angeles,USA,North America,Terminal-1,Berth-17
PR07470,P001,Chennai,India,South Asia,Terminal-2,Berth-18
PR07471,P002,Mumbai,India,South Asia,Terminal-3,Berth-1
PR07472,P003,Singapore,Singapore,Southeast Asia,Terminal-4,Berth-2
PR07473,P004,Dubai,UAE,Middle East,Terminal-1,Berth-3
PR07474,P005,Colombo,Sri Lanka,South Asia,Terminal-2,Berth-4
PR07475,P006,Rotterdam,Netherlands,Europe,Terminal-3,Berth-5
PR07476,P007,Los Angeles,USA,North America,Terminal-4,Berth-6
PR07477,P001,Chennai,India,South Asia,Terminal-1,Berth-7
PR07478,P002,Mumbai,India,South Asia,Terminal-2,Berth-8
PR07479,P003,Singapore,Singapore,Southeast Asia,Terminal-3,Berth-9
PR07480,P004,Dubai,UAE,Middle East,Terminal-4,Berth-10
PR07481,P005,Colombo,Sri Lanka,South Asia,Terminal-1,Berth-11
PR07482,P006,Rotterdam,Netherlands,Europe,Terminal-2,Berth-12
PR07483,P007,Los Angeles,USA,North America,Terminal-3,Berth-13
PR07484,P001,Chennai,India,South Asia,Terminal-4,Berth-14
PR07485,P002,Mumbai,India,South Asia,Terminal-1,Berth-15
PR07486,P003,Singapore,Singapore,Southeast Asia,Terminal-2,Berth-16
PR07487,P004,Dubai,UAE,Middle East,Terminal-3,Berth-17
PR07488,P005,Colombo,Sri Lanka,South Asia,Terminal-4,Berth-18
PR07489,P006,Rotterdam,Netherlands,Europe,Terminal-1,Berth-1
PR07490,P007,Los Angeles,USA,North America,Terminal-2,Berth-2
PR07491,P001,Chennai,India,South Asia,Terminal-3,Berth-3
PR07492,P002,Mumbai,India,South Asia,Terminal-4,Berth-4
PR07493,P003,Singapore,Singapore,Southeast Asia,Terminal-1,Berth-5
PR07494,P004,Dubai,UAE,Middle East,Terminal-2,Berth-6
PR07495,P005,Colombo,Sri Lanka,South Asia,Terminal-3,Berth-7
PR07496,P006,Rotterdam,Netherlands,Europe,Terminal-4,Berth-8
PR07497,P007,Los Angeles,USA,North America,Terminal-1,Berth-9
PR07498,P001,Chennai,India,South Asia,Terminal-2,Berth-10
PR07499,P002,Mumbai,India,South Asia,Terminal-3,Berth-11
PR07500,P003,Singapore,Singapore,Southeast Asia,Terminal-4,Berth-12
PR07501,P004,Dubai,UAE,Middle East,Terminal-1,Berth-13
PR07502,P005,Colombo,Sri Lanka,South Asia,Terminal-2,Berth-14
PR07503,P006,Rotterdam,Netherlands,Europe,Terminal-3,Berth-15
PR07504,P007,Los Angeles,USA,North America,Terminal-4,Berth-16
PR07505,P001,Chennai,India,South Asia,Terminal-1,Berth-17
PR07506,P002,Mumbai,India,South Asia,Terminal-2,Berth-18
PR07507,P003,Singapore,Singapore,Southeast Asia,Terminal-3,Berth-1
PR07508,P004,Dubai,UAE,Middle East,Terminal-4,Berth-2
PR07509,P005,Colombo,Sri Lanka,South Asia,Terminal-1,Berth-3
PR07510,P006,Rotterdam,Netherlands,Europe,Terminal-2,Berth-4
PR07511,P007,Los Angeles,USA,North America,Terminal-3,Berth-5
PR07512,P001,Chennai,India,South Asia,Terminal-4,Berth-6
PR07513,P002,Mumbai,India,South Asia,Terminal-1,Berth-7
PR07514,P003,Singapore,Singapore,Southeast Asia,Terminal-2,Berth-8
PR07515,P004,Dubai,UAE,Middle East,Terminal-3,Berth-9
PR07516,P005,Colombo,Sri Lanka,South Asia,Terminal-4,Berth-10
PR07517,P006,Rotterdam,Netherlands,Europe,Terminal-1,Berth-11
PR07518,P007,Los Angeles,USA,North America,Terminal-2,Berth-12
PR07519,P001,Chennai,India,South Asia,Terminal-3,Berth-13
PR07520,P002,Mumbai,India,South Asia,Terminal-4,Berth-14
PR07521,P003,Singapore,Singapore,Southeast Asia,Terminal-1,Berth-15
PR07522,P004,Dubai,UAE,Middle East,Terminal-2,Berth-16
PR07523,P005,Colombo,Sri Lanka,South Asia,Terminal-3,Berth-17
PR07524,P006,Rotterdam,Netherlands,Europe,Terminal-4,Berth-18
PR07525,P007,Los Angeles,USA,North America,Terminal-1,Berth-1
PR07526,P001,Chennai,India,South Asia,Terminal-2,Berth-2
PR07527,P002,Mumbai,India,South Asia,Terminal-3,Berth-3
PR07528,P003,Singapore,Singapore,Southeast Asia,Terminal-4,Berth-4
PR07529,P004,Dubai,UAE,Middle East,Terminal-1,Berth-5
PR07530,P005,Colombo,Sri Lanka,South Asia,Terminal-2,Berth-6
PR07531,P006,Rotterdam,Netherlands,Europe,Terminal-3,Berth-7
PR07532,P007,Los Angeles,USA,North America,Terminal-4,Berth-8
PR07533,P001,Chennai,India,South Asia,Terminal-1,Berth-9
PR07534,P002,Mumbai,India,South Asia,Terminal-2,Berth-10
PR07535,P003,Singapore,Singapore,Southeast Asia,Terminal-3,Berth-11
PR07536,P004,Dubai,UAE,Middle East,Terminal-4,Berth-12
PR07537,P005,Colombo,Sri Lanka,South Asia,Terminal-1,Berth-13
PR07538,P006,Rotterdam,Netherlands,Europe,Terminal-2,Berth-14
PR07539,P007,Los Angeles,USA,North America,Terminal-3,Berth-15
PR07540,P001,Chennai,India,South Asia,Terminal-4,Berth-16
PR07541,P002,Mumbai,India,South Asia,Terminal-1,Berth-17
PR07542,P003,Singapore,Singapore,Southeast Asia,Terminal-2,Berth-18
PR07543,P004,Dubai,UAE,Middle East,Terminal-3,Berth-1
PR07544,P005,Colombo,Sri Lanka,South Asia,Terminal-4,Berth-2
PR07545,P006,Rotterdam,Netherlands,Europe,Terminal-1,Berth-3
PR07546,P007,Los Angeles,USA,North America,Terminal-2,Berth-4
PR07547,P001,Chennai,India,South Asia,Terminal-3,Berth-5
PR07548,P002,Mumbai,India,South Asia,Terminal-4,Berth-6
PR07549,P003,Singapore,Singapore,Southeast Asia,Terminal-1,Berth-7
PR07550,P004,Dubai,UAE,Middle East,Terminal-2,Berth-8
PR07551,P005,Colombo,Sri Lanka,South Asia,Terminal-3,Berth-9
PR07552,P006,Rotterdam,Netherlands,Europe,Terminal-4,Berth-10
PR07553,P007,Los Angeles,USA,North America,Terminal-1,Berth-11
PR07554,P001,Chennai,India,South Asia,Terminal-2,Berth-12
PR07555,P002,Mumbai,India,South Asia,Terminal-3,Berth-13
PR07556,P003,Singapore,Singapore,Southeast Asia,Terminal-4,Berth-14
PR07557,P004,Dubai,UAE,Middle East,Terminal-1,Berth-15
PR07558,P005,Colombo,Sri Lanka,South Asia,Terminal-2,Berth-16
PR07559,P006,Rotterdam,Netherlands,Europe,Terminal-3,Berth-17
PR07560,P007,Los Angeles,USA,North America,Terminal-4,Berth-18
PR07561,P001,Chennai,India,South Asia,Terminal-1,Berth-1
PR07562,P002,Mumbai,India,South Asia,Terminal-2,Berth-2
PR07563,P003,Singapore,Singapore,Southeast Asia,Terminal-3,Berth-3
PR07564,P004,Dubai,UAE,Middle East,Terminal-4,Berth-4
PR07565,P005,Colombo,Sri Lanka,South Asia,Terminal-1,Berth-5
PR07566,P006,Rotterdam,Netherlands,Europe,Terminal-2,Berth-6
PR07567,P007,Los Angeles,USA,North America,Terminal-3,Berth-7
PR07568,P001,Chennai,India,South Asia,Terminal-4,Berth-8
PR07569,P002,Mumbai,India,South Asia,Terminal-1,Berth-9
PR07570,P003,Singapore,Singapore,Southeast Asia,Terminal-2,Berth-10
PR07571,P004,Dubai,UAE,Middle East,Terminal-3,Berth-11
PR07572,P005,Colombo,Sri Lanka,South Asia,Terminal-4,Berth-12
PR07573,P006,Rotterdam,Netherlands,Europe,Terminal-1,Berth-13
PR07574,P007,Los Angeles,USA,North America,Terminal-2,Berth-14
PR07575,P001,Chennai,India,South Asia,Terminal-3,Berth-15
PR07576,P002,Mumbai,India,South Asia,Terminal-4,Berth-16
PR07577,P003,Singapore,Singapore,Southeast Asia,Terminal-1,Berth-17
PR07578,P004,Dubai,UAE,Middle East,Terminal-2,Berth-18
PR07579,P005,Colombo,Sri Lanka,South Asia,Terminal-3,Berth-1
PR07580,P006,Rotterdam,Netherlands,Europe,Terminal-4,Berth-2
PR07581,P007,Los Angeles,USA,North America,Terminal-1,Berth-3
PR07582,P001,Chennai,India,South Asia,Terminal-2,Berth-4
PR07583,P002,Mumbai,India,South Asia,Terminal-3,Berth-5
PR07584,P003,Singapore,Singapore,Southeast Asia,Terminal-4,Berth-6
PR07585,P004,Dubai,UAE,Middle East,Terminal-1,Berth-7
PR07586,P005,Colombo,Sri Lanka,South Asia,Terminal-2,Berth-8
PR07587,P006,Rotterdam,Netherlands,Europe,Terminal-3,Berth-9
PR07588,P007,Los Angeles,USA,North America,Terminal-4,Berth-10
PR07589,P001,Chennai,India,South Asia,Terminal-1,Berth-11
PR07590,P002,Mumbai,India,South Asia,Terminal-2,Berth-12
PR07591,P003,Singapore,Singapore,Southeast Asia,Terminal-3,Berth-13
PR07592,P004,Dubai,UAE,Middle East,Terminal-4,Berth-14
PR07593,P005,Colombo,Sri Lanka,South Asia,Terminal-1,Berth-15
PR07594,P006,Rotterdam,Netherlands,Europe,Terminal-2,Berth-16
PR07595,P007,Los Angeles,USA,North America,Terminal-3,Berth-17
PR07596,P001,Chennai,India,South Asia,Terminal-4,Berth-18
PR07597,P002,Mumbai,India,South Asia,Terminal-1,Berth-1
PR07598,P003,Singapore,Singapore,Southeast Asia,Terminal-2,Berth-2
PR07599,P004,Dubai,UAE,Middle East,Terminal-3,Berth-3
PR07600,P005,Colombo,Sri Lanka,South Asia,Terminal-4,Berth-4
PR07601,P006,Rotterdam,Netherlands,Europe,Terminal-1,Berth-5
PR07602,P007,Los Angeles,USA,North America,Terminal-2,Berth-6
PR07603,P001,Chennai,India,South Asia,Terminal-3,Berth-7
PR07604,P002,Mumbai,India,South Asia,Terminal-4,Berth-8
PR07605,P003,Singapore,Singapore,Southeast Asia,Terminal-1,Berth-9
PR07606,P004,Dubai,UAE,Middle East,Terminal-2,Berth-10
PR07607,P005,Colombo,Sri Lanka,South Asia,Terminal-3,Berth-11
PR07608,P006,Rotterdam,Netherlands,Europe,Terminal-4,Berth-12
PR07609,P007,Los Angeles,USA,North America,Terminal-1,Berth-13
PR07610,P001,Chennai,India,South Asia,Terminal-2,Berth-14
PR07611,P002,Mumbai,India,South Asia,Terminal-3,Berth-15
PR07612,P003,Singapore,Singapore,Southeast Asia,Terminal-4,Berth-16
PR07613,P004,Dubai,UAE,Middle East,Terminal-1,Berth-17
PR07614,P005,Colombo,Sri Lanka,South Asia,Terminal-2,Berth-18
PR07615,P006,Rotterdam,Netherlands,Europe,Terminal-3,Berth-1
PR07616,P007,Los Angeles,USA,North America,Terminal-4,Berth-2
PR07617,P001,Chennai,India,South Asia,Terminal-1,Berth-3
PR07618,P002,Mumbai,India,South Asia,Terminal-2,Berth-4
PR07619,P003,Singapore,Singapore,Southeast Asia,Terminal-3,Berth-5
PR07620,P004,Dubai,UAE,Middle East,Terminal-4,Berth-6
PR07621,P005,Colombo,Sri Lanka,South Asia,Terminal-1,Berth-7
PR07622,P006,Rotterdam,Netherlands,Europe,Terminal-2,Berth-8
PR07623,P007,Los Angeles,USA,North America,Terminal-3,Berth-9
PR07624,P001,Chennai,India,South Asia,Terminal-4,Berth-10
PR07625,P002,Mumbai,India,South Asia,Terminal-1,Berth-11
PR07626,P003,Singapore,Singapore,Southeast Asia,Terminal-2,Berth-12
PR07627,P004,Dubai,UAE,Middle East,Terminal-3,Berth-13
PR07628,P005,Colombo,Sri Lanka,South Asia,Terminal-4,Berth-14
PR07629,P006,Rotterdam,Netherlands,Europe,Terminal-1,Berth-15
PR07630,P007,Los Angeles,USA,North America,Terminal-2,Berth-16
PR07631,P001,Chennai,India,South Asia,Terminal-3,Berth-17
PR07632,P002,Mumbai,India,South Asia,Terminal-4,Berth-18
PR07633,P003,Singapore,Singapore,Southeast Asia,Terminal-1,Berth-1
PR07634,P004,Dubai,UAE,Middle East,Terminal-2,Berth-2
PR07635,P005,Colombo,Sri Lanka,South Asia,Terminal-3,Berth-3
PR07636,P006,Rotterdam,Netherlands,Europe,Terminal-4,Berth-4
PR07637,P007,Los Angeles,USA,North America,Terminal-1,Berth-5
PR07638,P001,Chennai,India,South Asia,Terminal-2,Berth-6
PR07639,P002,Mumbai,India,South Asia,Terminal-3,Berth-7
PR07640,P003,Singapore,Singapore,Southeast Asia,Terminal-4,Berth-8
PR07641,P004,Dubai,UAE,Middle East,Terminal-1,Berth-9
PR07642,P005,Colombo,Sri Lanka,South Asia,Terminal-2,Berth-10
PR07643,P006,Rotterdam,Netherlands,Europe,Terminal-3,Berth-11
PR07644,P007,Los Angeles,USA,North America,Terminal-4,Berth-12
PR07645,P001,Chennai,India,South Asia,Terminal-1,Berth-13
PR07646,P002,Mumbai,India,South Asia,Terminal-2,Berth-14
PR07647,P003,Singapore,Singapore,Southeast Asia,Terminal-3,Berth-15
PR07648,P004,Dubai,UAE,Middle East,Terminal-4,Berth-16
PR07649,P005,Colombo,Sri Lanka,South Asia,Terminal-1,Berth-17
PR07650,P006,Rotterdam,Netherlands,Europe,Terminal-2,Berth-18
PR07651,P007,Los Angeles,USA,North America,Terminal-3,Berth-1
PR07652,P001,Chennai,India,South Asia,Terminal-4,Berth-2
PR07653,P002,Mumbai,India,South Asia,Terminal-1,Berth-3
PR07654,P003,Singapore,Singapore,Southeast Asia,Terminal-2,Berth-4
PR07655,P004,Dubai,UAE,Middle East,Terminal-3,Berth-5
PR07656,P005,Colombo,Sri Lanka,South Asia,Terminal-4,Berth-6
PR07657,P006,Rotterdam,Netherlands,Europe,Terminal-1,Berth-7
PR07658,P007,Los Angeles,USA,North America,Terminal-2,Berth-8
PR07659,P001,Chennai,India,South Asia,Terminal-3,Berth-9
PR07660,P002,Mumbai,India,South Asia,Terminal-4,Berth-10
PR07661,P003,Singapore,Singapore,Southeast Asia,Terminal-1,Berth-11
PR07662,P004,Dubai,UAE,Middle East,Terminal-2,Berth-12
PR07663,P005,Colombo,Sri Lanka,South Asia,Terminal-3,Berth-13
PR07664,P006,Rotterdam,Netherlands,Europe,Terminal-4,Berth-14
PR07665,P007,Los Angeles,USA,North America,Terminal-1,Berth-15
PR07666,P001,Chennai,India,South Asia,Terminal-2,Berth-16
PR07667,P002,Mumbai,India,South Asia,Terminal-3,Berth-17
PR07668,P003,Singapore,Singapore,Southeast Asia,Terminal-4,Berth-18
PR07669,P004,Dubai,UAE,Middle East,Terminal-1,Berth-1
PR07670,P005,Colombo,Sri Lanka,South Asia,Terminal-2,Berth-2
PR07671,P006,Rotterdam,Netherlands,Europe,Terminal-3,Berth-3
PR07672,P007,Los Angeles,USA,North America,Terminal-4,Berth-4
PR07673,P001,Chennai,India,South Asia,Terminal-1,Berth-5
PR07674,P002,Mumbai,India,South Asia,Terminal-2,Berth-6
PR07675,P003,Singapore,Singapore,Southeast Asia,Terminal-3,Berth-7
PR07676,P004,Dubai,UAE,Middle East,Terminal-4,Berth-8
PR07677,P005,Colombo,Sri Lanka,South Asia,Terminal-1,Berth-9
PR07678,P006,Rotterdam,Netherlands,Europe,Terminal-2,Berth-10
PR07679,P007,Los Angeles,USA,North America,Terminal-3,Berth-11
PR07680,P001,Chennai,India,South Asia,Terminal-4,Berth-12
PR07681,P002,Mumbai,India,South Asia,Terminal-1,Berth-13
PR07682,P003,Singapore,Singapore,Southeast Asia,Terminal-2,Berth-14
PR07683,P004,Dubai,UAE,Middle East,Terminal-3,Berth-15
PR07684,P005,Colombo,Sri Lanka,South Asia,Terminal-4,Berth-16
PR07685,P006,Rotterdam,Netherlands,Europe,Terminal-1,Berth-17
PR07686,P007,Los Angeles,USA,North America,Terminal-2,Berth-18
PR07687,P001,Chennai,India,South Asia,Terminal-3,Berth-1
PR07688,P002,Mumbai,India,South Asia,Terminal-4,Berth-2
PR07689,P003,Singapore,Singapore,Southeast Asia,Terminal-1,Berth-3
PR07690,P004,Dubai,UAE,Middle East,Terminal-2,Berth-4
PR07691,P005,Colombo,Sri Lanka,South Asia,Terminal-3,Berth-5
PR07692,P006,Rotterdam,Netherlands,Europe,Terminal-4,Berth-6
PR07693,P007,Los Angeles,USA,North America,Terminal-1,Berth-7
PR07694,P001,Chennai,India,South Asia,Terminal-2,Berth-8
PR07695,P002,Mumbai,India,South Asia,Terminal-3,Berth-9
PR07696,P003,Singapore,Singapore,Southeast Asia,Terminal-4,Berth-10
PR07697,P004,Dubai,UAE,Middle East,Terminal-1,Berth-11
PR07698,P005,Colombo,Sri Lanka,South Asia,Terminal-2,Berth-12
PR07699,P006,Rotterdam,Netherlands,Europe,Terminal-3,Berth-13
PR07700,P007,Los Angeles,USA,North America,Terminal-4,Berth-14
PR07701,P001,Chennai,India,South Asia,Terminal-1,Berth-15
PR07702,P002,Mumbai,India,South Asia,Terminal-2,Berth-16
PR07703,P003,Singapore,Singapore,Southeast Asia,Terminal-3,Berth-17
PR07704,P004,Dubai,UAE,Middle East,Terminal-4,Berth-18
PR07705,P005,Colombo,Sri Lanka,South Asia,Terminal-1,Berth-1
PR07706,P006,Rotterdam,Netherlands,Europe,Terminal-2,Berth-2
PR07707,P007,Los Angeles,USA,North America,Terminal-3,Berth-3
PR07708,P001,Chennai,India,South Asia,Terminal-4,Berth-4
PR07709,P002,Mumbai,India,South Asia,Terminal-1,Berth-5
PR07710,P003,Singapore,Singapore,Southeast Asia,Terminal-2,Berth-6
PR07711,P004,Dubai,UAE,Middle East,Terminal-3,Berth-7
PR07712,P005,Colombo,Sri Lanka,South Asia,Terminal-4,Berth-8
PR07713,P006,Rotterdam,Netherlands,Europe,Terminal-1,Berth-9
PR07714,P007,Los Angeles,USA,North America,Terminal-2,Berth-10
PR07715,P001,Chennai,India,South Asia,Terminal-3,Berth-11
PR07716,P002,Mumbai,India,South Asia,Terminal-4,Berth-12
PR07717,P003,Singapore,Singapore,Southeast Asia,Terminal-1,Berth-13
PR07718,P004,Dubai,UAE,Middle East,Terminal-2,Berth-14
PR07719,P005,Colombo,Sri Lanka,South Asia,Terminal-3,Berth-15
PR07720,P006,Rotterdam,Netherlands,Europe,Terminal-4,Berth-16
PR07721,P007,Los Angeles,USA,North America,Terminal-1,Berth-17
PR07722,P001,Chennai,India,South Asia,Terminal-2,Berth-18
PR07723,P002,Mumbai,India,South Asia,Terminal-3,Berth-1
PR07724,P003,Singapore,Singapore,Southeast Asia,Terminal-4,Berth-2
PR07725,P004,Dubai,UAE,Middle East,Terminal-1,Berth-3
PR07726,P005,Colombo,Sri Lanka,South Asia,Terminal-2,Berth-4
PR07727,P006,Rotterdam,Netherlands,Europe,Terminal-3,Berth-5
PR07728,P007,Los Angeles,USA,North America,Terminal-4,Berth-6
PR07729,P001,Chennai,India,South Asia,Terminal-1,Berth-7
PR07730,P002,Mumbai,India,South Asia,Terminal-2,Berth-8
PR07731,P003,Singapore,Singapore,Southeast Asia,Terminal-3,Berth-9
PR07732,P004,Dubai,UAE,Middle East,Terminal-4,Berth-10
PR07733,P005,Colombo,Sri Lanka,South Asia,Terminal-1,Berth-11
PR07734,P006,Rotterdam,Netherlands,Europe,Terminal-2,Berth-12
PR07735,P007,Los Angeles,USA,North America,Terminal-3,Berth-13
PR07736,P001,Chennai,India,South Asia,Terminal-4,Berth-14
PR07737,P002,Mumbai,India,South Asia,Terminal-1,Berth-15
PR07738,P003,Singapore,Singapore,Southeast Asia,Terminal-2,Berth-16
PR07739,P004,Dubai,UAE,Middle East,Terminal-3,Berth-17
PR07740,P005,Colombo,Sri Lanka,South Asia,Terminal-4,Berth-18
PR07741,P006,Rotterdam,Netherlands,Europe,Terminal-1,Berth-1
PR07742,P007,Los Angeles,USA,North America,Terminal-2,Berth-2
PR07743,P001,Chennai,India,South Asia,Terminal-3,Berth-3
PR07744,P002,Mumbai,India,South Asia,Terminal-4,Berth-4
PR07745,P003,Singapore,Singapore,Southeast Asia,Terminal-1,Berth-5
PR07746,P004,Dubai,UAE,Middle East,Terminal-2,Berth-6
PR07747,P005,Colombo,Sri Lanka,South Asia,Terminal-3,Berth-7
PR07748,P006,Rotterdam,Netherlands,Europe,Terminal-4,Berth-8
PR07749,P007,Los Angeles,USA,North America,Terminal-1,Berth-9
PR07750,P001,Chennai,India,South Asia,Terminal-2,Berth-10
PR07751,P002,Mumbai,India,South Asia,Terminal-3,Berth-11
PR07752,P003,Singapore,Singapore,Southeast Asia,Terminal-4,Berth-12
PR07753,P004,Dubai,UAE,Middle East,Terminal-1,Berth-13
PR07754,P005,Colombo,Sri Lanka,South Asia,Terminal-2,Berth-14
PR07755,P006,Rotterdam,Netherlands,Europe,Terminal-3,Berth-15
PR07756,P007,Los Angeles,USA,North America,Terminal-4,Berth-16
PR07757,P001,Chennai,India,South Asia,Terminal-1,Berth-17
PR07758,P002,Mumbai,India,South Asia,Terminal-2,Berth-18
PR07759,P003,Singapore,Singapore,Southeast Asia,Terminal-3,Berth-1
PR07760,P004,Dubai,UAE,Middle East,Terminal-4,Berth-2
PR07761,P005,Colombo,Sri Lanka,South Asia,Terminal-1,Berth-3
PR07762,P006,Rotterdam,Netherlands,Europe,Terminal-2,Berth-4
PR07763,P007,Los Angeles,USA,North America,Terminal-3,Berth-5
PR07764,P001,Chennai,India,South Asia,Terminal-4,Berth-6
PR07765,P002,Mumbai,India,South Asia,Terminal-1,Berth-7
PR07766,P003,Singapore,Singapore,Southeast Asia,Terminal-2,Berth-8
PR07767,P004,Dubai,UAE,Middle East,Terminal-3,Berth-9
PR07768,P005,Colombo,Sri Lanka,South Asia,Terminal-4,Berth-10
PR07769,P006,Rotterdam,Netherlands,Europe,Terminal-1,Berth-11
PR07770,P007,Los Angeles,USA,North America,Terminal-2,Berth-12
PR07771,P001,Chennai,India,South Asia,Terminal-3,Berth-13
PR07772,P002,Mumbai,India,South Asia,Terminal-4,Berth-14
PR07773,P003,Singapore,Singapore,Southeast Asia,Terminal-1,Berth-15
PR07774,P004,Dubai,UAE,Middle East,Terminal-2,Berth-16
PR07775,P005,Colombo,Sri Lanka,South Asia,Terminal-3,Berth-17
PR07776,P006,Rotterdam,Netherlands,Europe,Terminal-4,Berth-18
PR07777,P007,Los Angeles,USA,North America,Terminal-1,Berth-1
PR07778,P001,Chennai,India,South Asia,Terminal-2,Berth-2
PR07779,P002,Mumbai,India,South Asia,Terminal-3,Berth-3
PR07780,P003,Singapore,Singapore,Southeast Asia,Terminal-4,Berth-4
PR07781,P004,Dubai,UAE,Middle East,Terminal-1,Berth-5
PR07782,P005,Colombo,Sri Lanka,South Asia,Terminal-2,Berth-6
PR07783,P006,Rotterdam,Netherlands,Europe,Terminal-3,Berth-7
PR07784,P007,Los Angeles,USA,North America,Terminal-4,Berth-8
PR07785,P001,Chennai,India,South Asia,Terminal-1,Berth-9
PR07786,P002,Mumbai,India,South Asia,Terminal-2,Berth-10
PR07787,P003,Singapore,Singapore,Southeast Asia,Terminal-3,Berth-11
PR07788,P004,Dubai,UAE,Middle East,Terminal-4,Berth-12
PR07789,P005,Colombo,Sri Lanka,South Asia,Terminal-1,Berth-13
PR07790,P006,Rotterdam,Netherlands,Europe,Terminal-2,Berth-14
PR07791,P007,Los Angeles,USA,North America,Terminal-3,Berth-15
PR07792,P001,Chennai,India,South Asia,Terminal-4,Berth-16
PR07793,P002,Mumbai,India,South Asia,Terminal-1,Berth-17
PR07794,P003,Singapore,Singapore,Southeast Asia,Terminal-2,Berth-18
PR07795,P004,Dubai,UAE,Middle East,Terminal-3,Berth-1
PR07796,P005,Colombo,Sri Lanka,South Asia,Terminal-4,Berth-2
PR07797,P006,Rotterdam,Netherlands,Europe,Terminal-1,Berth-3
PR07798,P007,Los Angeles,USA,North America,Terminal-2,Berth-4
PR07799,P001,Chennai,India,South Asia,Terminal-3,Berth-5
PR07800,P002,Mumbai,India,South Asia,Terminal-4,Berth-6
PR07801,P003,Singapore,Singapore,Southeast Asia,Terminal-1,Berth-7
PR07802,P004,Dubai,UAE,Middle East,Terminal-2,Berth-8
PR07803,P005,Colombo,Sri Lanka,South Asia,Terminal-3,Berth-9
PR07804,P006,Rotterdam,Netherlands,Europe,Terminal-4,Berth-10
PR07805,P007,Los Angeles,USA,North America,Terminal-1,Berth-11
PR07806,P001,Chennai,India,South Asia,Terminal-2,Berth-12
PR07807,P002,Mumbai,India,South Asia,Terminal-3,Berth-13
PR07808,P003,Singapore,Singapore,Southeast Asia,Terminal-4,Berth-14
PR07809,P004,Dubai,UAE,Middle East,Terminal-1,Berth-15
PR07810,P005,Colombo,Sri Lanka,South Asia,Terminal-2,Berth-16
PR07811,P006,Rotterdam,Netherlands,Europe,Terminal-3,Berth-17
PR07812,P007,Los Angeles,USA,North America,Terminal-4,Berth-18
PR07813,P001,Chennai,India,South Asia,Terminal-1,Berth-1
PR07814,P002,Mumbai,India,South Asia,Terminal-2,Berth-2
PR07815,P003,Singapore,Singapore,Southeast Asia,Terminal-3,Berth-3
PR07816,P004,Dubai,UAE,Middle East,Terminal-4,Berth-4
PR07817,P005,Colombo,Sri Lanka,South Asia,Terminal-1,Berth-5
PR07818,P006,Rotterdam,Netherlands,Europe,Terminal-2,Berth-6
PR07819,P007,Los Angeles,USA,North America,Terminal-3,Berth-7
PR07820,P001,Chennai,India,South Asia,Terminal-4,Berth-8
PR07821,P002,Mumbai,India,South Asia,Terminal-1,Berth-9
PR07822,P003,Singapore,Singapore,Southeast Asia,Terminal-2,Berth-10
PR07823,P004,Dubai,UAE,Middle East,Terminal-3,Berth-11
PR07824,P005,Colombo,Sri Lanka,South Asia,Terminal-4,Berth-12
PR07825,P006,Rotterdam,Netherlands,Europe,Terminal-1,Berth-13
PR07826,P007,Los Angeles,USA,North America,Terminal-2,Berth-14
PR07827,P001,Chennai,India,South Asia,Terminal-3,Berth-15
PR07828,P002,Mumbai,India,South Asia,Terminal-4,Berth-16
PR07829,P003,Singapore,Singapore,Southeast Asia,Terminal-1,Berth-17
PR07830,P004,Dubai,UAE,Middle East,Terminal-2,Berth-18
PR07831,P005,Colombo,Sri Lanka,South Asia,Terminal-3,Berth-1
PR07832,P006,Rotterdam,Netherlands,Europe,Terminal-4,Berth-2
PR07833,P007,Los Angeles,USA,North America,Terminal-1,Berth-3
PR07834,P001,Chennai,India,South Asia,Terminal-2,Berth-4
PR07835,P002,Mumbai,India,South Asia,Terminal-3,Berth-5
PR07836,P003,Singapore,Singapore,Southeast Asia,Terminal-4,Berth-6
PR07837,P004,Dubai,UAE,Middle East,Terminal-1,Berth-7
PR07838,P005,Colombo,Sri Lanka,South Asia,Terminal-2,Berth-8
PR07839,P006,Rotterdam,Netherlands,Europe,Terminal-3,Berth-9
PR07840,P007,Los Angeles,USA,North America,Terminal-4,Berth-10
PR07841,P001,Chennai,India,South Asia,Terminal-1,Berth-11
PR07842,P002,Mumbai,India,South Asia,Terminal-2,Berth-12
PR07843,P003,Singapore,Singapore,Southeast Asia,Terminal-3,Berth-13
PR07844,P004,Dubai,UAE,Middle East,Terminal-4,Berth-14
PR07845,P005,Colombo,Sri Lanka,South Asia,Terminal-1,Berth-15
PR07846,P006,Rotterdam,Netherlands,Europe,Terminal-2,Berth-16
PR07847,P007,Los Angeles,USA,North America,Terminal-3,Berth-17
PR07848,P001,Chennai,India,South Asia,Terminal-4,Berth-18
PR07849,P002,Mumbai,India,South Asia,Terminal-1,Berth-1
PR07850,P003,Singapore,Singapore,Southeast Asia,Terminal-2,Berth-2
PR07851,P004,Dubai,UAE,Middle East,Terminal-3,Berth-3
PR07852,P005,Colombo,Sri Lanka,South Asia,Terminal-4,Berth-4
PR07853,P006,Rotterdam,Netherlands,Europe,Terminal-1,Berth-5
PR07854,P007,Los Angeles,USA,North America,Terminal-2,Berth-6
PR07855,P001,Chennai,India,South Asia,Terminal-3,Berth-7
PR07856,P002,Mumbai,India,South Asia,Terminal-4,Berth-8
PR07857,P003,Singapore,Singapore,Southeast Asia,Terminal-1,Berth-9
PR07858,P004,Dubai,UAE,Middle East,Terminal-2,Berth-10
PR07859,P005,Colombo,Sri Lanka,South Asia,Terminal-3,Berth-11
PR07860,P006,Rotterdam,Netherlands,Europe,Terminal-4,Berth-12
PR07861,P007,Los Angeles,USA,North America,Terminal-1,Berth-13
PR07862,P001,Chennai,India,South Asia,Terminal-2,Berth-14
PR07863,P002,Mumbai,India,South Asia,Terminal-3,Berth-15
PR07864,P003,Singapore,Singapore,Southeast Asia,Terminal-4,Berth-16
PR07865,P004,Dubai,UAE,Middle East,Terminal-1,Berth-17
PR07866,P005,Colombo,Sri Lanka,South Asia,Terminal-2,Berth-18
PR07867,P006,Rotterdam,Netherlands,Europe,Terminal-3,Berth-1
PR07868,P007,Los Angeles,USA,North America,Terminal-4,Berth-2
PR07869,P001,Chennai,India,South Asia,Terminal-1,Berth-3
PR07870,P002,Mumbai,India,South Asia,Terminal-2,Berth-4
PR07871,P003,Singapore,Singapore,Southeast Asia,Terminal-3,Berth-5
PR07872,P004,Dubai,UAE,Middle East,Terminal-4,Berth-6
PR07873,P005,Colombo,Sri Lanka,South Asia,Terminal-1,Berth-7
PR07874,P006,Rotterdam,Netherlands,Europe,Terminal-2,Berth-8
PR07875,P007,Los Angeles,USA,North America,Terminal-3,Berth-9
PR07876,P001,Chennai,India,South Asia,Terminal-4,Berth-10
PR07877,P002,Mumbai,India,South Asia,Terminal-1,Berth-11
PR07878,P003,Singapore,Singapore,Southeast Asia,Terminal-2,Berth-12
PR07879,P004,Dubai,UAE,Middle East,Terminal-3,Berth-13
PR07880,P005,Colombo,Sri Lanka,South Asia,Terminal-4,Berth-14
PR07881,P006,Rotterdam,Netherlands,Europe,Terminal-1,Berth-15
PR07882,P007,Los Angeles,USA,North America,Terminal-2,Berth-16
PR07883,P001,Chennai,India,South Asia,Terminal-3,Berth-17
PR07884,P002,Mumbai,India,South Asia,Terminal-4,Berth-18
PR07885,P003,Singapore,Singapore,Southeast Asia,Terminal-1,Berth-1
PR07886,P004,Dubai,UAE,Middle East,Terminal-2,Berth-2
PR07887,P005,Colombo,Sri Lanka,South Asia,Terminal-3,Berth-3
PR07888,P006,Rotterdam,Netherlands,Europe,Terminal-4,Berth-4
PR07889,P007,Los Angeles,USA,North America,Terminal-1,Berth-5
PR07890,P001,Chennai,India,South Asia,Terminal-2,Berth-6
PR07891,P002,Mumbai,India,South Asia,Terminal-3,Berth-7
PR07892,P003,Singapore,Singapore,Southeast Asia,Terminal-4,Berth-8
PR07893,P004,Dubai,UAE,Middle East,Terminal-1,Berth-9
PR07894,P005,Colombo,Sri Lanka,South Asia,Terminal-2,Berth-10
PR07895,P006,Rotterdam,Netherlands,Europe,Terminal-3,Berth-11
PR07896,P007,Los Angeles,USA,North America,Terminal-4,Berth-12
PR07897,P001,Chennai,India,South Asia,Terminal-1,Berth-13
PR07898,P002,Mumbai,India,South Asia,Terminal-2,Berth-14
PR07899,P003,Singapore,Singapore,Southeast Asia,Terminal-3,Berth-15
PR07900,P004,Dubai,UAE,Middle East,Terminal-4,Berth-16
PR07901,P005,Colombo,Sri Lanka,South Asia,Terminal-1,Berth-17
PR07902,P006,Rotterdam,Netherlands,Europe,Terminal-2,Berth-18
PR07903,P007,Los Angeles,USA,North America,Terminal-3,Berth-1
PR07904,P001,Chennai,India,South Asia,Terminal-4,Berth-2
PR07905,P002,Mumbai,India,South Asia,Terminal-1,Berth-3
PR07906,P003,Singapore,Singapore,Southeast Asia,Terminal-2,Berth-4
PR07907,P004,Dubai,UAE,Middle East,Terminal-3,Berth-5
PR07908,P005,Colombo,Sri Lanka,South Asia,Terminal-4,Berth-6
PR07909,P006,Rotterdam,Netherlands,Europe,Terminal-1,Berth-7
PR07910,P007,Los Angeles,USA,North America,Terminal-2,Berth-8
PR07911,P001,Chennai,India,South Asia,Terminal-3,Berth-9
PR07912,P002,Mumbai,India,South Asia,Terminal-4,Berth-10
PR07913,P003,Singapore,Singapore,Southeast Asia,Terminal-1,Berth-11
PR07914,P004,Dubai,UAE,Middle East,Terminal-2,Berth-12
PR07915,P005,Colombo,Sri Lanka,South Asia,Terminal-3,Berth-13
PR07916,P006,Rotterdam,Netherlands,Europe,Terminal-4,Berth-14
PR07917,P007,Los Angeles,USA,North America,Terminal-1,Berth-15
PR07918,P001,Chennai,India,South Asia,Terminal-2,Berth-16
PR07919,P002,Mumbai,India,South Asia,Terminal-3,Berth-17
PR07920,P003,Singapore,Singapore,Southeast Asia,Terminal-4,Berth-18
PR07921,P004,Dubai,UAE,Middle East,Terminal-1,Berth-1
PR07922,P005,Colombo,Sri Lanka,South Asia,Terminal-2,Berth-2
PR07923,P006,Rotterdam,Netherlands,Europe,Terminal-3,Berth-3
PR07924,P007,Los Angeles,USA,North America,Terminal-4,Berth-4
PR07925,P001,Chennai,India,South Asia,Terminal-1,Berth-5
PR07926,P002,Mumbai,India,South Asia,Terminal-2,Berth-6
PR07927,P003,Singapore,Singapore,Southeast Asia,Terminal-3,Berth-7
PR07928,P004,Dubai,UAE,Middle East,Terminal-4,Berth-8
PR07929,P005,Colombo,Sri Lanka,South Asia,Terminal-1,Berth-9
PR07930,P006,Rotterdam,Netherlands,Europe,Terminal-2,Berth-10
PR07931,P007,Los Angeles,USA,North America,Terminal-3,Berth-11
PR07932,P001,Chennai,India,South Asia,Terminal-4,Berth-12
PR07933,P002,Mumbai,India,South Asia,Terminal-1,Berth-13
PR07934,P003,Singapore,Singapore,Southeast Asia,Terminal-2,Berth-14
PR07935,P004,Dubai,UAE,Middle East,Terminal-3,Berth-15
PR07936,P005,Colombo,Sri Lanka,South Asia,Terminal-4,Berth-16
PR07937,P006,Rotterdam,Netherlands,Europe,Terminal-1,Berth-17
PR07938,P007,Los Angeles,USA,North America,Terminal-2,Berth-18
PR07939,P001,Chennai,India,South Asia,Terminal-3,Berth-1
PR07940,P002,Mumbai,India,South Asia,Terminal-4,Berth-2
PR07941,P003,Singapore,Singapore,Southeast Asia,Terminal-1,Berth-3
PR07942,P004,Dubai,UAE,Middle East,Terminal-2,Berth-4
PR07943,P005,Colombo,Sri Lanka,South Asia,Terminal-3,Berth-5
PR07944,P006,Rotterdam,Netherlands,Europe,Terminal-4,Berth-6
PR07945,P007,Los Angeles,USA,North America,Terminal-1,Berth-7
PR07946,P001,Chennai,India,South Asia,Terminal-2,Berth-8
PR07947,P002,Mumbai,India,South Asia,Terminal-3,Berth-9
PR07948,P003,Singapore,Singapore,Southeast Asia,Terminal-4,Berth-10
PR07949,P004,Dubai,UAE,Middle East,Terminal-1,Berth-11
PR07950,P005,Colombo,Sri Lanka,South Asia,Terminal-2,Berth-12
PR07951,P006,Rotterdam,Netherlands,Europe,Terminal-3,Berth-13
PR07952,P007,Los Angeles,USA,North America,Terminal-4,Berth-14
PR07953,P001,Chennai,India,South Asia,Terminal-1,Berth-15
PR07954,P002,Mumbai,India,South Asia,Terminal-2,Berth-16
PR07955,P003,Singapore,Singapore,Southeast Asia,Terminal-3,Berth-17
PR07956,P004,Dubai,UAE,Middle East,Terminal-4,Berth-18
PR07957,P005,Colombo,Sri Lanka,South Asia,Terminal-1,Berth-1
PR07958,P006,Rotterdam,Netherlands,Europe,Terminal-2,Berth-2
PR07959,P007,Los Angeles,USA,North America,Terminal-3,Berth-3
PR07960,P001,Chennai,India,South Asia,Terminal-4,Berth-4
PR07961,P002,Mumbai,India,South Asia,Terminal-1,Berth-5
PR07962,P003,Singapore,Singapore,Southeast Asia,Terminal-2,Berth-6
PR07963,P004,Dubai,UAE,Middle East,Terminal-3,Berth-7
PR07964,P005,Colombo,Sri Lanka,South Asia,Terminal-4,Berth-8
PR07965,P006,Rotterdam,Netherlands,Europe,Terminal-1,Berth-9
PR07966,P007,Los Angeles,USA,North America,Terminal-2,Berth-10
PR07967,P001,Chennai,India,South Asia,Terminal-3,Berth-11
PR07968,P002,Mumbai,India,South Asia,Terminal-4,Berth-12
PR07969,P003,Singapore,Singapore,Southeast Asia,Terminal-1,Berth-13
PR07970,P004,Dubai,UAE,Middle East,Terminal-2,Berth-14
PR07971,P005,Colombo,Sri Lanka,South Asia,Terminal-3,Berth-15
PR07972,P006,Rotterdam,Netherlands,Europe,Terminal-4,Berth-16
PR07973,P007,Los Angeles,USA,North America,Terminal-1,Berth-17
PR07974,P001,Chennai,India,South Asia,Terminal-2,Berth-18
PR07975,P002,Mumbai,India,South Asia,Terminal-3,Berth-1
PR07976,P003,Singapore,Singapore,Southeast Asia,Terminal-4,Berth-2
PR07977,P004,Dubai,UAE,Middle East,Terminal-1,Berth-3
PR07978,P005,Colombo,Sri Lanka,South Asia,Terminal-2,Berth-4
PR07979,P006,Rotterdam,Netherlands,Europe,Terminal-3,Berth-5
PR07980,P007,Los Angeles,USA,North America,Terminal-4,Berth-6
PR07981,P001,Chennai,India,South Asia,Terminal-1,Berth-7
PR07982,P002,Mumbai,India,South Asia,Terminal-2,Berth-8
PR07983,P003,Singapore,Singapore,Southeast Asia,Terminal-3,Berth-9
PR07984,P004,Dubai,UAE,Middle East,Terminal-4,Berth-10
PR07985,P005,Colombo,Sri Lanka,South Asia,Terminal-1,Berth-11
PR07986,P006,Rotterdam,Netherlands,Europe,Terminal-2,Berth-12
PR07987,P007,Los Angeles,USA,North America,Terminal-3,Berth-13
PR07988,P001,Chennai,India,South Asia,Terminal-4,Berth-14
PR07989,P002,Mumbai,India,South Asia,Terminal-1,Berth-15
PR07990,P003,Singapore,Singapore,Southeast Asia,Terminal-2,Berth-16
PR07991,P004,Dubai,UAE,Middle East,Terminal-3,Berth-17
PR07992,P005,Colombo,Sri Lanka,South Asia,Terminal-4,Berth-18
PR07993,P006,Rotterdam,Netherlands,Europe,Terminal-1,Berth-1
PR07994,P007,Los Angeles,USA,North America,Terminal-2,Berth-2
PR07995,P001,Chennai,India,South Asia,Terminal-3,Berth-3
PR07996,P002,Mumbai,India,South Asia,Terminal-4,Berth-4
PR07997,P003,Singapore,Singapore,Southeast Asia,Terminal-1,Berth-5
PR07998,P004,Dubai,UAE,Middle East,Terminal-2,Berth-6
PR07999,P005,Colombo,Sri Lanka,South Asia,Terminal-3,Berth-7
PR08000,P006,Rotterdam,Netherlands,Europe,Terminal-4,Berth-8
PR08001,P007,Los Angeles,USA,North America,Terminal-1,Berth-9
PR08002,P001,Chennai,India,South Asia,Terminal-2,Berth-10
PR08003,P002,Mumbai,India,South Asia,Terminal-3,Berth-11
PR08004,P003,Singapore,Singapore,Southeast Asia,Terminal-4,Berth-12
PR08005,P004,Dubai,UAE,Middle East,Terminal-1,Berth-13
PR08006,P005,Colombo,Sri Lanka,South Asia,Terminal-2,Berth-14
PR08007,P006,Rotterdam,Netherlands,Europe,Terminal-3,Berth-15
PR08008,P007,Los Angeles,USA,North America,Terminal-4,Berth-16
PR08009,P001,Chennai,India,South Asia,Terminal-1,Berth-17
PR08010,P002,Mumbai,India,South Asia,Terminal-2,Berth-18
PR08011,P003,Singapore,Singapore,Southeast Asia,Terminal-3,Berth-1
PR08012,P004,Dubai,UAE,Middle East,Terminal-4,Berth-2
PR08013,P005,Colombo,Sri Lanka,South Asia,Terminal-1,Berth-3
PR08014,P006,Rotterdam,Netherlands,Europe,Terminal-2,Berth-4
PR08015,P007,Los Angeles,USA,North America,Terminal-3,Berth-5
PR08016,P001,Chennai,India,South Asia,Terminal-4,Berth-6
PR08017,P002,Mumbai,India,South Asia,Terminal-1,Berth-7
PR08018,P003,Singapore,Singapore,Southeast Asia,Terminal-2,Berth-8
PR08019,P004,Dubai,UAE,Middle East,Terminal-3,Berth-9
PR08020,P005,Colombo,Sri Lanka,South Asia,Terminal-4,Berth-10
PR08021,P006,Rotterdam,Netherlands,Europe,Terminal-1,Berth-11
PR08022,P007,Los Angeles,USA,North America,Terminal-2,Berth-12
PR08023,P001,Chennai,India,South Asia,Terminal-3,Berth-13
PR08024,P002,Mumbai,India,South Asia,Terminal-4,Berth-14
PR08025,P003,Singapore,Singapore,Southeast Asia,Terminal-1,Berth-15
PR08026,P004,Dubai,UAE,Middle East,Terminal-2,Berth-16
PR08027,P005,Colombo,Sri Lanka,South Asia,Terminal-3,Berth-17
PR08028,P006,Rotterdam,Netherlands,Europe,Terminal-4,Berth-18
PR08029,P007,Los Angeles,USA,North America,Terminal-1,Berth-1
PR08030,P001,Chennai,India,South Asia,Terminal-2,Berth-2
PR08031,P002,Mumbai,India,South Asia,Terminal-3,Berth-3
PR08032,P003,Singapore,Singapore,Southeast Asia,Terminal-4,Berth-4
PR08033,P004,Dubai,UAE,Middle East,Terminal-1,Berth-5
PR08034,P005,Colombo,Sri Lanka,South Asia,Terminal-2,Berth-6
PR08035,P006,Rotterdam,Netherlands,Europe,Terminal-3,Berth-7
PR08036,P007,Los Angeles,USA,North America,Terminal-4,Berth-8
PR08037,P001,Chennai,India,South Asia,Terminal-1,Berth-9
PR08038,P002,Mumbai,India,South Asia,Terminal-2,Berth-10
PR08039,P003,Singapore,Singapore,Southeast Asia,Terminal-3,Berth-11
PR08040,P004,Dubai,UAE,Middle East,Terminal-4,Berth-12
PR08041,P005,Colombo,Sri Lanka,South Asia,Terminal-1,Berth-13
PR08042,P006,Rotterdam,Netherlands,Europe,Terminal-2,Berth-14
PR08043,P007,Los Angeles,USA,North America,Terminal-3,Berth-15
PR08044,P001,Chennai,India,South Asia,Terminal-4,Berth-16
PR08045,P002,Mumbai,India,South Asia,Terminal-1,Berth-17
PR08046,P003,Singapore,Singapore,Southeast Asia,Terminal-2,Berth-18
PR08047,P004,Dubai,UAE,Middle East,Terminal-3,Berth-1
PR08048,P005,Colombo,Sri Lanka,South Asia,Terminal-4,Berth-2
PR08049,P006,Rotterdam,Netherlands,Europe,Terminal-1,Berth-3
PR08050,P007,Los Angeles,USA,North America,Terminal-2,Berth-4
PR08051,P001,Chennai,India,South Asia,Terminal-3,Berth-5
PR08052,P002,Mumbai,India,South Asia,Terminal-4,Berth-6
PR08053,P003,Singapore,Singapore,Southeast Asia,Terminal-1,Berth-7
PR08054,P004,Dubai,UAE,Middle East,Terminal-2,Berth-8
PR08055,P005,Colombo,Sri Lanka,South Asia,Terminal-3,Berth-9
PR08056,P006,Rotterdam,Netherlands,Europe,Terminal-4,Berth-10
PR08057,P007,Los Angeles,USA,North America,Terminal-1,Berth-11
PR08058,P001,Chennai,India,South Asia,Terminal-2,Berth-12
PR08059,P002,Mumbai,India,South Asia,Terminal-3,Berth-13
PR08060,P003,Singapore,Singapore,Southeast Asia,Terminal-4,Berth-14
PR08061,P004,Dubai,UAE,Middle East,Terminal-1,Berth-15
PR08062,P005,Colombo,Sri Lanka,South Asia,Terminal-2,Berth-16
PR08063,P006,Rotterdam,Netherlands,Europe,Terminal-3,Berth-17
PR08064,P007,Los Angeles,USA,North America,Terminal-4,Berth-18
PR08065,P001,Chennai,India,South Asia,Terminal-1,Berth-1
PR08066,P002,Mumbai,India,South Asia,Terminal-2,Berth-2
PR08067,P003,Singapore,Singapore,Southeast Asia,Terminal-3,Berth-3
PR08068,P004,Dubai,UAE,Middle East,Terminal-4,Berth-4
PR08069,P005,Colombo,Sri Lanka,South Asia,Terminal-1,Berth-5
PR08070,P006,Rotterdam,Netherlands,Europe,Terminal-2,Berth-6
PR08071,P007,Los Angeles,USA,North America,Terminal-3,Berth-7
PR08072,P001,Chennai,India,South Asia,Terminal-4,Berth-8
PR08073,P002,Mumbai,India,South Asia,Terminal-1,Berth-9
PR08074,P003,Singapore,Singapore,Southeast Asia,Terminal-2,Berth-10
PR08075,P004,Dubai,UAE,Middle East,Terminal-3,Berth-11
PR08076,P005,Colombo,Sri Lanka,South Asia,Terminal-4,Berth-12
PR08077,P006,Rotterdam,Netherlands,Europe,Terminal-1,Berth-13
PR08078,P007,Los Angeles,USA,North America,Terminal-2,Berth-14
PR08079,P001,Chennai,India,South Asia,Terminal-3,Berth-15
PR08080,P002,Mumbai,India,South Asia,Terminal-4,Berth-16
PR08081,P003,Singapore,Singapore,Southeast Asia,Terminal-1,Berth-17
PR08082,P004,Dubai,UAE,Middle East,Terminal-2,Berth-18
PR08083,P005,Colombo,Sri Lanka,South Asia,Terminal-3,Berth-1
PR08084,P006,Rotterdam,Netherlands,Europe,Terminal-4,Berth-2
PR08085,P007,Los Angeles,USA,North America,Terminal-1,Berth-3
PR08086,P001,Chennai,India,South Asia,Terminal-2,Berth-4
PR08087,P002,Mumbai,India,South Asia,Terminal-3,Berth-5
PR08088,P003,Singapore,Singapore,Southeast Asia,Terminal-4,Berth-6
PR08089,P004,Dubai,UAE,Middle East,Terminal-1,Berth-7
PR08090,P005,Colombo,Sri Lanka,South Asia,Terminal-2,Berth-8
PR08091,P006,Rotterdam,Netherlands,Europe,Terminal-3,Berth-9
PR08092,P007,Los Angeles,USA,North America,Terminal-4,Berth-10
PR08093,P001,Chennai,India,South Asia,Terminal-1,Berth-11
PR08094,P002,Mumbai,India,South Asia,Terminal-2,Berth-12
PR08095,P003,Singapore,Singapore,Southeast Asia,Terminal-3,Berth-13
PR08096,P004,Dubai,UAE,Middle East,Terminal-4,Berth-14
PR08097,P005,Colombo,Sri Lanka,South Asia,Terminal-1,Berth-15
PR08098,P006,Rotterdam,Netherlands,Europe,Terminal-2,Berth-16
PR08099,P007,Los Angeles,USA,North America,Terminal-3,Berth-17
PR08100,P001,Chennai,India,South Asia,Terminal-4,Berth-18
PR08101,P002,Mumbai,India,South Asia,Terminal-1,Berth-1
PR08102,P003,Singapore,Singapore,Southeast Asia,Terminal-2,Berth-2
PR08103,P004,Dubai,UAE,Middle East,Terminal-3,Berth-3
PR08104,P005,Colombo,Sri Lanka,South Asia,Terminal-4,Berth-4
PR08105,P006,Rotterdam,Netherlands,Europe,Terminal-1,Berth-5
PR08106,P007,Los Angeles,USA,North America,Terminal-2,Berth-6
PR08107,P001,Chennai,India,South Asia,Terminal-3,Berth-7
PR08108,P002,Mumbai,India,South Asia,Terminal-4,Berth-8
PR08109,P003,Singapore,Singapore,Southeast Asia,Terminal-1,Berth-9
PR08110,P004,Dubai,UAE,Middle East,Terminal-2,Berth-10
PR08111,P005,Colombo,Sri Lanka,South Asia,Terminal-3,Berth-11
PR08112,P006,Rotterdam,Netherlands,Europe,Terminal-4,Berth-12
PR08113,P007,Los Angeles,USA,North America,Terminal-1,Berth-13
PR08114,P001,Chennai,India,South Asia,Terminal-2,Berth-14
PR08115,P002,Mumbai,India,South Asia,Terminal-3,Berth-15
PR08116,P003,Singapore,Singapore,Southeast Asia,Terminal-4,Berth-16
PR08117,P004,Dubai,UAE,Middle East,Terminal-1,Berth-17
PR08118,P005,Colombo,Sri Lanka,South Asia,Terminal-2,Berth-18
PR08119,P006,Rotterdam,Netherlands,Europe,Terminal-3,Berth-1
PR08120,P007,Los Angeles,USA,North America,Terminal-4,Berth-2
PR08121,P001,Chennai,India,South Asia,Terminal-1,Berth-3
PR08122,P002,Mumbai,India,South Asia,Terminal-2,Berth-4
PR08123,P003,Singapore,Singapore,Southeast Asia,Terminal-3,Berth-5
PR08124,P004,Dubai,UAE,Middle East,Terminal-4,Berth-6
PR08125,P005,Colombo,Sri Lanka,South Asia,Terminal-1,Berth-7
PR08126,P006,Rotterdam,Netherlands,Europe,Terminal-2,Berth-8
PR08127,P007,Los Angeles,USA,North America,Terminal-3,Berth-9
PR08128,P001,Chennai,India,South Asia,Terminal-4,Berth-10
PR08129,P002,Mumbai,India,South Asia,Terminal-1,Berth-11
PR08130,P003,Singapore,Singapore,Southeast Asia,Terminal-2,Berth-12
PR08131,P004,Dubai,UAE,Middle East,Terminal-3,Berth-13
PR08132,P005,Colombo,Sri Lanka,South Asia,Terminal-4,Berth-14
PR08133,P006,Rotterdam,Netherlands,Europe,Terminal-1,Berth-15
PR08134,P007,Los Angeles,USA,North America,Terminal-2,Berth-16
PR08135,P001,Chennai,India,South Asia,Terminal-3,Berth-17
PR08136,P002,Mumbai,India,South Asia,Terminal-4,Berth-18
PR08137,P003,Singapore,Singapore,Southeast Asia,Terminal-1,Berth-1
PR08138,P004,Dubai,UAE,Middle East,Terminal-2,Berth-2
PR08139,P005,Colombo,Sri Lanka,South Asia,Terminal-3,Berth-3
PR08140,P006,Rotterdam,Netherlands,Europe,Terminal-4,Berth-4
PR08141,P007,Los Angeles,USA,North America,Terminal-1,Berth-5
PR08142,P001,Chennai,India,South Asia,Terminal-2,Berth-6
PR08143,P002,Mumbai,India,South Asia,Terminal-3,Berth-7
PR08144,P003,Singapore,Singapore,Southeast Asia,Terminal-4,Berth-8
PR08145,P004,Dubai,UAE,Middle East,Terminal-1,Berth-9
PR08146,P005,Colombo,Sri Lanka,South Asia,Terminal-2,Berth-10
PR08147,P006,Rotterdam,Netherlands,Europe,Terminal-3,Berth-11
PR08148,P007,Los Angeles,USA,North America,Terminal-4,Berth-12
PR08149,P001,Chennai,India,South Asia,Terminal-1,Berth-13
PR08150,P002,Mumbai,India,South Asia,Terminal-2,Berth-14
PR08151,P003,Singapore,Singapore,Southeast Asia,Terminal-3,Berth-15
PR08152,P004,Dubai,UAE,Middle East,Terminal-4,Berth-16
PR08153,P005,Colombo,Sri Lanka,South Asia,Terminal-1,Berth-17
PR08154,P006,Rotterdam,Netherlands,Europe,Terminal-2,Berth-18
PR08155,P007,Los Angeles,USA,North America,Terminal-3,Berth-1
PR08156,P001,Chennai,India,South Asia,Terminal-4,Berth-2
PR08157,P002,Mumbai,India,South Asia,Terminal-1,Berth-3
PR08158,P003,Singapore,Singapore,Southeast Asia,Terminal-2,Berth-4
PR08159,P004,Dubai,UAE,Middle East,Terminal-3,Berth-5
PR08160,P005,Colombo,Sri Lanka,South Asia,Terminal-4,Berth-6
PR08161,P006,Rotterdam,Netherlands,Europe,Terminal-1,Berth-7
PR08162,P007,Los Angeles,USA,North America,Terminal-2,Berth-8
PR08163,P001,Chennai,India,South Asia,Terminal-3,Berth-9
PR08164,P002,Mumbai,India,South Asia,Terminal-4,Berth-10
PR08165,P003,Singapore,Singapore,Southeast Asia,Terminal-1,Berth-11
PR08166,P004,Dubai,UAE,Middle East,Terminal-2,Berth-12
PR08167,P005,Colombo,Sri Lanka,South Asia,Terminal-3,Berth-13
PR08168,P006,Rotterdam,Netherlands,Europe,Terminal-4,Berth-14
PR08169,P007,Los Angeles,USA,North America,Terminal-1,Berth-15
PR08170,P001,Chennai,India,South Asia,Terminal-2,Berth-16
PR08171,P002,Mumbai,India,South Asia,Terminal-3,Berth-17
PR08172,P003,Singapore,Singapore,Southeast Asia,Terminal-4,Berth-18
PR08173,P004,Dubai,UAE,Middle East,Terminal-1,Berth-1
PR08174,P005,Colombo,Sri Lanka,South Asia,Terminal-2,Berth-2
PR08175,P006,Rotterdam,Netherlands,Europe,Terminal-3,Berth-3
PR08176,P007,Los Angeles,USA,North America,Terminal-4,Berth-4
PR08177,P001,Chennai,India,South Asia,Terminal-1,Berth-5
PR08178,P002,Mumbai,India,South Asia,Terminal-2,Berth-6
PR08179,P003,Singapore,Singapore,Southeast Asia,Terminal-3,Berth-7
PR08180,P004,Dubai,UAE,Middle East,Terminal-4,Berth-8
PR08181,P005,Colombo,Sri Lanka,South Asia,Terminal-1,Berth-9
PR08182,P006,Rotterdam,Netherlands,Europe,Terminal-2,Berth-10
PR08183,P007,Los Angeles,USA,North America,Terminal-3,Berth-11
PR08184,P001,Chennai,India,South Asia,Terminal-4,Berth-12
PR08185,P002,Mumbai,India,South Asia,Terminal-1,Berth-13
PR08186,P003,Singapore,Singapore,Southeast Asia,Terminal-2,Berth-14
PR08187,P004,Dubai,UAE,Middle East,Terminal-3,Berth-15
PR08188,P005,Colombo,Sri Lanka,South Asia,Terminal-4,Berth-16
PR08189,P006,Rotterdam,Netherlands,Europe,Terminal-1,Berth-17
PR08190,P007,Los Angeles,USA,North America,Terminal-2,Berth-18
PR08191,P001,Chennai,India,South Asia,Terminal-3,Berth-1
PR08192,P002,Mumbai,India,South Asia,Terminal-4,Berth-2
PR08193,P003,Singapore,Singapore,Southeast Asia,Terminal-1,Berth-3
PR08194,P004,Dubai,UAE,Middle East,Terminal-2,Berth-4
PR08195,P005,Colombo,Sri Lanka,South Asia,Terminal-3,Berth-5
PR08196,P006,Rotterdam,Netherlands,Europe,Terminal-4,Berth-6
PR08197,P007,Los Angeles,USA,North America,Terminal-1,Berth-7
PR08198,P001,Chennai,India,South Asia,Terminal-2,Berth-8
PR08199,P002,Mumbai,India,South Asia,Terminal-3,Berth-9
PR08200,P003,Singapore,Singapore,Southeast Asia,Terminal-4,Berth-10
PR08201,P004,Dubai,UAE,Middle East,Terminal-1,Berth-11
PR08202,P005,Colombo,Sri Lanka,South Asia,Terminal-2,Berth-12
PR08203,P006,Rotterdam,Netherlands,Europe,Terminal-3,Berth-13
PR08204,P007,Los Angeles,USA,North America,Terminal-4,Berth-14
PR08205,P001,Chennai,India,South Asia,Terminal-1,Berth-15
PR08206,P002,Mumbai,India,South Asia,Terminal-2,Berth-16
PR08207,P003,Singapore,Singapore,Southeast Asia,Terminal-3,Berth-17
PR08208,P004,Dubai,UAE,Middle East,Terminal-4,Berth-18
PR08209,P005,Colombo,Sri Lanka,South Asia,Terminal-1,Berth-1
PR08210,P006,Rotterdam,Netherlands,Europe,Terminal-2,Berth-2
PR08211,P007,Los Angeles,USA,North America,Terminal-3,Berth-3
PR08212,P001,Chennai,India,South Asia,Terminal-4,Berth-4
PR08213,P002,Mumbai,India,South Asia,Terminal-1,Berth-5
PR08214,P003,Singapore,Singapore,Southeast Asia,Terminal-2,Berth-6
PR08215,P004,Dubai,UAE,Middle East,Terminal-3,Berth-7
PR08216,P005,Colombo,Sri Lanka,South Asia,Terminal-4,Berth-8
PR08217,P006,Rotterdam,Netherlands,Europe,Terminal-1,Berth-9
PR08218,P007,Los Angeles,USA,North America,Terminal-2,Berth-10
PR08219,P001,Chennai,India,South Asia,Terminal-3,Berth-11
PR08220,P002,Mumbai,India,South Asia,Terminal-4,Berth-12
PR08221,P003,Singapore,Singapore,Southeast Asia,Terminal-1,Berth-13
PR08222,P004,Dubai,UAE,Middle East,Terminal-2,Berth-14
PR08223,P005,Colombo,Sri Lanka,South Asia,Terminal-3,Berth-15
PR08224,P006,Rotterdam,Netherlands,Europe,Terminal-4,Berth-16
PR08225,P007,Los Angeles,USA,North America,Terminal-1,Berth-17
PR08226,P001,Chennai,India,South Asia,Terminal-2,Berth-18
PR08227,P002,Mumbai,India,South Asia,Terminal-3,Berth-1
PR08228,P003,Singapore,Singapore,Southeast Asia,Terminal-4,Berth-2
PR08229,P004,Dubai,UAE,Middle East,Terminal-1,Berth-3
PR08230,P005,Colombo,Sri Lanka,South Asia,Terminal-2,Berth-4
PR08231,P006,Rotterdam,Netherlands,Europe,Terminal-3,Berth-5
PR08232,P007,Los Angeles,USA,North America,Terminal-4,Berth-6
PR08233,P001,Chennai,India,South Asia,Terminal-1,Berth-7
PR08234,P002,Mumbai,India,South Asia,Terminal-2,Berth-8
PR08235,P003,Singapore,Singapore,Southeast Asia,Terminal-3,Berth-9
PR08236,P004,Dubai,UAE,Middle East,Terminal-4,Berth-10
PR08237,P005,Colombo,Sri Lanka,South Asia,Terminal-1,Berth-11
PR08238,P006,Rotterdam,Netherlands,Europe,Terminal-2,Berth-12
PR08239,P007,Los Angeles,USA,North America,Terminal-3,Berth-13
PR08240,P001,Chennai,India,South Asia,Terminal-4,Berth-14
PR08241,P002,Mumbai,India,South Asia,Terminal-1,Berth-15
PR08242,P003,Singapore,Singapore,Southeast Asia,Terminal-2,Berth-16
PR08243,P004,Dubai,UAE,Middle East,Terminal-3,Berth-17
PR08244,P005,Colombo,Sri Lanka,South Asia,Terminal-4,Berth-18
PR08245,P006,Rotterdam,Netherlands,Europe,Terminal-1,Berth-1
PR08246,P007,Los Angeles,USA,North America,Terminal-2,Berth-2
PR08247,P001,Chennai,India,South Asia,Terminal-3,Berth-3
PR08248,P002,Mumbai,India,South Asia,Terminal-4,Berth-4
PR08249,P003,Singapore,Singapore,Southeast Asia,Terminal-1,Berth-5
PR08250,P004,Dubai,UAE,Middle East,Terminal-2,Berth-6
PR08251,P005,Colombo,Sri Lanka,South Asia,Terminal-3,Berth-7
PR08252,P006,Rotterdam,Netherlands,Europe,Terminal-4,Berth-8
PR08253,P007,Los Angeles,USA,North America,Terminal-1,Berth-9
PR08254,P001,Chennai,India,South Asia,Terminal-2,Berth-10
PR08255,P002,Mumbai,India,South Asia,Terminal-3,Berth-11
PR08256,P003,Singapore,Singapore,Southeast Asia,Terminal-4,Berth-12
PR08257,P004,Dubai,UAE,Middle East,Terminal-1,Berth-13
PR08258,P005,Colombo,Sri Lanka,South Asia,Terminal-2,Berth-14
PR08259,P006,Rotterdam,Netherlands,Europe,Terminal-3,Berth-15
PR08260,P007,Los Angeles,USA,North America,Terminal-4,Berth-16
PR08261,P001,Chennai,India,South Asia,Terminal-1,Berth-17
PR08262,P002,Mumbai,India,South Asia,Terminal-2,Berth-18
PR08263,P003,Singapore,Singapore,Southeast Asia,Terminal-3,Berth-1
PR08264,P004,Dubai,UAE,Middle East,Terminal-4,Berth-2
PR08265,P005,Colombo,Sri Lanka,South Asia,Terminal-1,Berth-3
PR08266,P006,Rotterdam,Netherlands,Europe,Terminal-2,Berth-4
PR08267,P007,Los Angeles,USA,North America,Terminal-3,Berth-5
PR08268,P001,Chennai,India,South Asia,Terminal-4,Berth-6
PR08269,P002,Mumbai,India,South Asia,Terminal-1,Berth-7
PR08270,P003,Singapore,Singapore,Southeast Asia,Terminal-2,Berth-8
PR08271,P004,Dubai,UAE,Middle East,Terminal-3,Berth-9
PR08272,P005,Colombo,Sri Lanka,South Asia,Terminal-4,Berth-10
PR08273,P006,Rotterdam,Netherlands,Europe,Terminal-1,Berth-11
PR08274,P007,Los Angeles,USA,North America,Terminal-2,Berth-12
PR08275,P001,Chennai,India,South Asia,Terminal-3,Berth-13
PR08276,P002,Mumbai,India,South Asia,Terminal-4,Berth-14
PR08277,P003,Singapore,Singapore,Southeast Asia,Terminal-1,Berth-15
PR08278,P004,Dubai,UAE,Middle East,Terminal-2,Berth-16
PR08279,P005,Colombo,Sri Lanka,South Asia,Terminal-3,Berth-17
PR08280,P006,Rotterdam,Netherlands,Europe,Terminal-4,Berth-18
PR08281,P007,Los Angeles,USA,North America,Terminal-1,Berth-1
PR08282,P001,Chennai,India,South Asia,Terminal-2,Berth-2
PR08283,P002,Mumbai,India,South Asia,Terminal-3,Berth-3
PR08284,P003,Singapore,Singapore,Southeast Asia,Terminal-4,Berth-4
PR08285,P004,Dubai,UAE,Middle East,Terminal-1,Berth-5
PR08286,P005,Colombo,Sri Lanka,South Asia,Terminal-2,Berth-6
PR08287,P006,Rotterdam,Netherlands,Europe,Terminal-3,Berth-7
PR08288,P007,Los Angeles,USA,North America,Terminal-4,Berth-8
PR08289,P001,Chennai,India,South Asia,Terminal-1,Berth-9
PR08290,P002,Mumbai,India,South Asia,Terminal-2,Berth-10
PR08291,P003,Singapore,Singapore,Southeast Asia,Terminal-3,Berth-11
PR08292,P004,Dubai,UAE,Middle East,Terminal-4,Berth-12
PR08293,P005,Colombo,Sri Lanka,South Asia,Terminal-1,Berth-13
PR08294,P006,Rotterdam,Netherlands,Europe,Terminal-2,Berth-14
PR08295,P007,Los Angeles,USA,North America,Terminal-3,Berth-15
PR08296,P001,Chennai,India,South Asia,Terminal-4,Berth-16
PR08297,P002,Mumbai,India,South Asia,Terminal-1,Berth-17
PR08298,P003,Singapore,Singapore,Southeast Asia,Terminal-2,Berth-18
PR08299,P004,Dubai,UAE,Middle East,Terminal-3,Berth-1
PR08300,P005,Colombo,Sri Lanka,South Asia,Terminal-4,Berth-2
PR08301,P006,Rotterdam,Netherlands,Europe,Terminal-1,Berth-3
PR08302,P007,Los Angeles,USA,North America,Terminal-2,Berth-4
PR08303,P001,Chennai,India,South Asia,Terminal-3,Berth-5
PR08304,P002,Mumbai,India,South Asia,Terminal-4,Berth-6
PR08305,P003,Singapore,Singapore,Southeast Asia,Terminal-1,Berth-7
PR08306,P004,Dubai,UAE,Middle East,Terminal-2,Berth-8
PR08307,P005,Colombo,Sri Lanka,South Asia,Terminal-3,Berth-9
PR08308,P006,Rotterdam,Netherlands,Europe,Terminal-4,Berth-10
PR08309,P007,Los Angeles,USA,North America,Terminal-1,Berth-11
PR08310,P001,Chennai,India,South Asia,Terminal-2,Berth-12
PR08311,P002,Mumbai,India,South Asia,Terminal-3,Berth-13
PR08312,P003,Singapore,Singapore,Southeast Asia,Terminal-4,Berth-14
PR08313,P004,Dubai,UAE,Middle East,Terminal-1,Berth-15
PR08314,P005,Colombo,Sri Lanka,South Asia,Terminal-2,Berth-16
PR08315,P006,Rotterdam,Netherlands,Europe,Terminal-3,Berth-17
PR08316,P007,Los Angeles,USA,North America,Terminal-4,Berth-18
PR08317,P001,Chennai,India,South Asia,Terminal-1,Berth-1
PR08318,P002,Mumbai,India,South Asia,Terminal-2,Berth-2
PR08319,P003,Singapore,Singapore,Southeast Asia,Terminal-3,Berth-3
PR08320,P004,Dubai,UAE,Middle East,Terminal-4,Berth-4
PR08321,P005,Colombo,Sri Lanka,South Asia,Terminal-1,Berth-5
PR08322,P006,Rotterdam,Netherlands,Europe,Terminal-2,Berth-6
PR08323,P007,Los Angeles,USA,North America,Terminal-3,Berth-7
PR08324,P001,Chennai,India,South Asia,Terminal-4,Berth-8
PR08325,P002,Mumbai,India,South Asia,Terminal-1,Berth-9
PR08326,P003,Singapore,Singapore,Southeast Asia,Terminal-2,Berth-10
PR08327,P004,Dubai,UAE,Middle East,Terminal-3,Berth-11
PR08328,P005,Colombo,Sri Lanka,South Asia,Terminal-4,Berth-12
PR08329,P006,Rotterdam,Netherlands,Europe,Terminal-1,Berth-13
PR08330,P007,Los Angeles,USA,North America,Terminal-2,Berth-14
PR08331,P001,Chennai,India,South Asia,Terminal-3,Berth-15
PR08332,P002,Mumbai,India,South Asia,Terminal-4,Berth-16
PR08333,P003,Singapore,Singapore,Southeast Asia,Terminal-1,Berth-17
PR08334,P004,Dubai,UAE,Middle East,Terminal-2,Berth-18
PR08335,P005,Colombo,Sri Lanka,South Asia,Terminal-3,Berth-1
PR08336,P006,Rotterdam,Netherlands,Europe,Terminal-4,Berth-2
PR08337,P007,Los Angeles,USA,North America,Terminal-1,Berth-3
PR08338,P001,Chennai,India,South Asia,Terminal-2,Berth-4
PR08339,P002,Mumbai,India,South Asia,Terminal-3,Berth-5
PR08340,P003,Singapore,Singapore,Southeast Asia,Terminal-4,Berth-6
PR08341,P004,Dubai,UAE,Middle East,Terminal-1,Berth-7
PR08342,P005,Colombo,Sri Lanka,South Asia,Terminal-2,Berth-8
PR08343,P006,Rotterdam,Netherlands,Europe,Terminal-3,Berth-9
PR08344,P007,Los Angeles,USA,North America,Terminal-4,Berth-10
PR08345,P001,Chennai,India,South Asia,Terminal-1,Berth-11
PR08346,P002,Mumbai,India,South Asia,Terminal-2,Berth-12
PR08347,P003,Singapore,Singapore,Southeast Asia,Terminal-3,Berth-13
PR08348,P004,Dubai,UAE,Middle East,Terminal-4,Berth-14
PR08349,P005,Colombo,Sri Lanka,South Asia,Terminal-1,Berth-15
PR08350,P006,Rotterdam,Netherlands,Europe,Terminal-2,Berth-16
PR08351,P007,Los Angeles,USA,North America,Terminal-3,Berth-17
PR08352,P001,Chennai,India,South Asia,Terminal-4,Berth-18
PR08353,P002,Mumbai,India,South Asia,Terminal-1,Berth-1
PR08354,P003,Singapore,Singapore,Southeast Asia,Terminal-2,Berth-2
PR08355,P004,Dubai,UAE,Middle East,Terminal-3,Berth-3
PR08356,P005,Colombo,Sri Lanka,South Asia,Terminal-4,Berth-4
PR08357,P006,Rotterdam,Netherlands,Europe,Terminal-1,Berth-5
PR08358,P007,Los Angeles,USA,North America,Terminal-2,Berth-6
PR08359,P001,Chennai,India,South Asia,Terminal-3,Berth-7
PR08360,P002,Mumbai,India,South Asia,Terminal-4,Berth-8
PR08361,P003,Singapore,Singapore,Southeast Asia,Terminal-1,Berth-9
PR08362,P004,Dubai,UAE,Middle East,Terminal-2,Berth-10
PR08363,P005,Colombo,Sri Lanka,South Asia,Terminal-3,Berth-11
PR08364,P006,Rotterdam,Netherlands,Europe,Terminal-4,Berth-12
PR08365,P007,Los Angeles,USA,North America,Terminal-1,Berth-13
PR08366,P001,Chennai,India,South Asia,Terminal-2,Berth-14
PR08367,P002,Mumbai,India,South Asia,Terminal-3,Berth-15
PR08368,P003,Singapore,Singapore,Southeast Asia,Terminal-4,Berth-16
PR08369,P004,Dubai,UAE,Middle East,Terminal-1,Berth-17
PR08370,P005,Colombo,Sri Lanka,South Asia,Terminal-2,Berth-18
PR08371,P006,Rotterdam,Netherlands,Europe,Terminal-3,Berth-1
PR08372,P007,Los Angeles,USA,North America,Terminal-4,Berth-2
PR08373,P001,Chennai,India,South Asia,Terminal-1,Berth-3
PR08374,P002,Mumbai,India,South Asia,Terminal-2,Berth-4
PR08375,P003,Singapore,Singapore,Southeast Asia,Terminal-3,Berth-5
PR08376,P004,Dubai,UAE,Middle East,Terminal-4,Berth-6
PR08377,P005,Colombo,Sri Lanka,South Asia,Terminal-1,Berth-7
PR08378,P006,Rotterdam,Netherlands,Europe,Terminal-2,Berth-8
PR08379,P007,Los Angeles,USA,North America,Terminal-3,Berth-9
PR08380,P001,Chennai,India,South Asia,Terminal-4,Berth-10
PR08381,P002,Mumbai,India,South Asia,Terminal-1,Berth-11
PR08382,P003,Singapore,Singapore,Southeast Asia,Terminal-2,Berth-12
PR08383,P004,Dubai,UAE,Middle East,Terminal-3,Berth-13
PR08384,P005,Colombo,Sri Lanka,South Asia,Terminal-4,Berth-14
PR08385,P006,Rotterdam,Netherlands,Europe,Terminal-1,Berth-15
PR08386,P007,Los Angeles,USA,North America,Terminal-2,Berth-16
PR08387,P001,Chennai,India,South Asia,Terminal-3,Berth-17
PR08388,P002,Mumbai,India,South Asia,Terminal-4,Berth-18
PR08389,P003,Singapore,Singapore,Southeast Asia,Terminal-1,Berth-1
PR08390,P004,Dubai,UAE,Middle East,Terminal-2,Berth-2
PR08391,P005,Colombo,Sri Lanka,South Asia,Terminal-3,Berth-3
PR08392,P006,Rotterdam,Netherlands,Europe,Terminal-4,Berth-4
PR08393,P007,Los Angeles,USA,North America,Terminal-1,Berth-5
PR08394,P001,Chennai,India,South Asia,Terminal-2,Berth-6
PR08395,P002,Mumbai,India,South Asia,Terminal-3,Berth-7
PR08396,P003,Singapore,Singapore,Southeast Asia,Terminal-4,Berth-8
PR08397,P004,Dubai,UAE,Middle East,Terminal-1,Berth-9
PR08398,P005,Colombo,Sri Lanka,South Asia,Terminal-2,Berth-10
PR08399,P006,Rotterdam,Netherlands,Europe,Terminal-3,Berth-11
PR08400,P007,Los Angeles,USA,North America,Terminal-4,Berth-12
PR08401,P001,Chennai,India,South Asia,Terminal-1,Berth-13
PR08402,P002,Mumbai,India,South Asia,Terminal-2,Berth-14
PR08403,P003,Singapore,Singapore,Southeast Asia,Terminal-3,Berth-15
PR08404,P004,Dubai,UAE,Middle East,Terminal-4,Berth-16
PR08405,P005,Colombo,Sri Lanka,South Asia,Terminal-1,Berth-17
PR08406,P006,Rotterdam,Netherlands,Europe,Terminal-2,Berth-18
PR08407,P007,Los Angeles,USA,North America,Terminal-3,Berth-1
PR08408,P001,Chennai,India,South Asia,Terminal-4,Berth-2
PR08409,P002,Mumbai,India,South Asia,Terminal-1,Berth-3
PR08410,P003,Singapore,Singapore,Southeast Asia,Terminal-2,Berth-4
PR08411,P004,Dubai,UAE,Middle East,Terminal-3,Berth-5
PR08412,P005,Colombo,Sri Lanka,South Asia,Terminal-4,Berth-6
PR08413,P006,Rotterdam,Netherlands,Europe,Terminal-1,Berth-7
PR08414,P007,Los Angeles,USA,North America,Terminal-2,Berth-8
PR08415,P001,Chennai,India,South Asia,Terminal-3,Berth-9
PR08416,P002,Mumbai,India,South Asia,Terminal-4,Berth-10
PR08417,P003,Singapore,Singapore,Southeast Asia,Terminal-1,Berth-11
PR08418,P004,Dubai,UAE,Middle East,Terminal-2,Berth-12
PR08419,P005,Colombo,Sri Lanka,South Asia,Terminal-3,Berth-13
PR08420,P006,Rotterdam,Netherlands,Europe,Terminal-4,Berth-14
PR08421,P007,Los Angeles,USA,North America,Terminal-1,Berth-15
PR08422,P001,Chennai,India,South Asia,Terminal-2,Berth-16
PR08423,P002,Mumbai,India,South Asia,Terminal-3,Berth-17
PR08424,P003,Singapore,Singapore,Southeast Asia,Terminal-4,Berth-18
PR08425,P004,Dubai,UAE,Middle East,Terminal-1,Berth-1
PR08426,P005,Colombo,Sri Lanka,South Asia,Terminal-2,Berth-2
PR08427,P006,Rotterdam,Netherlands,Europe,Terminal-3,Berth-3
PR08428,P007,Los Angeles,USA,North America,Terminal-4,Berth-4
PR08429,P001,Chennai,India,South Asia,Terminal-1,Berth-5
PR08430,P002,Mumbai,India,South Asia,Terminal-2,Berth-6
PR08431,P003,Singapore,Singapore,Southeast Asia,Terminal-3,Berth-7
PR08432,P004,Dubai,UAE,Middle East,Terminal-4,Berth-8
PR08433,P005,Colombo,Sri Lanka,South Asia,Terminal-1,Berth-9
PR08434,P006,Rotterdam,Netherlands,Europe,Terminal-2,Berth-10
PR08435,P007,Los Angeles,USA,North America,Terminal-3,Berth-11
PR08436,P001,Chennai,India,South Asia,Terminal-4,Berth-12
PR08437,P002,Mumbai,India,South Asia,Terminal-1,Berth-13
PR08438,P003,Singapore,Singapore,Southeast Asia,Terminal-2,Berth-14
PR08439,P004,Dubai,UAE,Middle East,Terminal-3,Berth-15
PR08440,P005,Colombo,Sri Lanka,South Asia,Terminal-4,Berth-16
PR08441,P006,Rotterdam,Netherlands,Europe,Terminal-1,Berth-17
PR08442,P007,Los Angeles,USA,North America,Terminal-2,Berth-18
PR08443,P001,Chennai,India,South Asia,Terminal-3,Berth-1
PR08444,P002,Mumbai,India,South Asia,Terminal-4,Berth-2
PR08445,P003,Singapore,Singapore,Southeast Asia,Terminal-1,Berth-3
PR08446,P004,Dubai,UAE,Middle East,Terminal-2,Berth-4
PR08447,P005,Colombo,Sri Lanka,South Asia,Terminal-3,Berth-5
PR08448,P006,Rotterdam,Netherlands,Europe,Terminal-4,Berth-6
PR08449,P007,Los Angeles,USA,North America,Terminal-1,Berth-7
PR08450,P001,Chennai,India,South Asia,Terminal-2,Berth-8
PR08451,P002,Mumbai,India,South Asia,Terminal-3,Berth-9
PR08452,P003,Singapore,Singapore,Southeast Asia,Terminal-4,Berth-10
PR08453,P004,Dubai,UAE,Middle East,Terminal-1,Berth-11
PR08454,P005,Colombo,Sri Lanka,South Asia,Terminal-2,Berth-12
PR08455,P006,Rotterdam,Netherlands,Europe,Terminal-3,Berth-13
PR08456,P007,Los Angeles,USA,North America,Terminal-4,Berth-14
PR08457,P001,Chennai,India,South Asia,Terminal-1,Berth-15
PR08458,P002,Mumbai,India,South Asia,Terminal-2,Berth-16
PR08459,P003,Singapore,Singapore,Southeast Asia,Terminal-3,Berth-17
PR08460,P004,Dubai,UAE,Middle East,Terminal-4,Berth-18
PR08461,P005,Colombo,Sri Lanka,South Asia,Terminal-1,Berth-1
PR08462,P006,Rotterdam,Netherlands,Europe,Terminal-2,Berth-2
PR08463,P007,Los Angeles,USA,North America,Terminal-3,Berth-3
PR08464,P001,Chennai,India,South Asia,Terminal-4,Berth-4
PR08465,P002,Mumbai,India,South Asia,Terminal-1,Berth-5
PR08466,P003,Singapore,Singapore,Southeast Asia,Terminal-2,Berth-6
PR08467,P004,Dubai,UAE,Middle East,Terminal-3,Berth-7
PR08468,P005,Colombo,Sri Lanka,South Asia,Terminal-4,Berth-8
PR08469,P006,Rotterdam,Netherlands,Europe,Terminal-1,Berth-9
PR08470,P007,Los Angeles,USA,North America,Terminal-2,Berth-10
PR08471,P001,Chennai,India,South Asia,Terminal-3,Berth-11
PR08472,P002,Mumbai,India,South Asia,Terminal-4,Berth-12
PR08473,P003,Singapore,Singapore,Southeast Asia,Terminal-1,Berth-13
PR08474,P004,Dubai,UAE,Middle East,Terminal-2,Berth-14
PR08475,P005,Colombo,Sri Lanka,South Asia,Terminal-3,Berth-15
PR08476,P006,Rotterdam,Netherlands,Europe,Terminal-4,Berth-16
PR08477,P007,Los Angeles,USA,North America,Terminal-1,Berth-17
PR08478,P001,Chennai,India,South Asia,Terminal-2,Berth-18
PR08479,P002,Mumbai,India,South Asia,Terminal-3,Berth-1
PR08480,P003,Singapore,Singapore,Southeast Asia,Terminal-4,Berth-2
PR08481,P004,Dubai,UAE,Middle East,Terminal-1,Berth-3
PR08482,P005,Colombo,Sri Lanka,South Asia,Terminal-2,Berth-4
PR08483,P006,Rotterdam,Netherlands,Europe,Terminal-3,Berth-5
PR08484,P007,Los Angeles,USA,North America,Terminal-4,Berth-6
PR08485,P001,Chennai,India,South Asia,Terminal-1,Berth-7
PR08486,P002,Mumbai,India,South Asia,Terminal-2,Berth-8
PR08487,P003,Singapore,Singapore,Southeast Asia,Terminal-3,Berth-9
PR08488,P004,Dubai,UAE,Middle East,Terminal-4,Berth-10
PR08489,P005,Colombo,Sri Lanka,South Asia,Terminal-1,Berth-11
PR08490,P006,Rotterdam,Netherlands,Europe,Terminal-2,Berth-12
PR08491,P007,Los Angeles,USA,North America,Terminal-3,Berth-13
PR08492,P001,Chennai,India,South Asia,Terminal-4,Berth-14
PR08493,P002,Mumbai,India,South Asia,Terminal-1,Berth-15
PR08494,P003,Singapore,Singapore,Southeast Asia,Terminal-2,Berth-16
PR08495,P004,Dubai,UAE,Middle East,Terminal-3,Berth-17
PR08496,P005,Colombo,Sri Lanka,South Asia,Terminal-4,Berth-18
PR08497,P006,Rotterdam,Netherlands,Europe,Terminal-1,Berth-1
PR08498,P007,Los Angeles,USA,North America,Terminal-2,Berth-2
PR08499,P001,Chennai,India,South Asia,Terminal-3,Berth-3
PR08500,P002,Mumbai,India,South Asia,Terminal-4,Berth-4
PR08501,P003,Singapore,Singapore,Southeast Asia,Terminal-1,Berth-5
PR08502,P004,Dubai,UAE,Middle East,Terminal-2,Berth-6
PR08503,P005,Colombo,Sri Lanka,South Asia,Terminal-3,Berth-7
PR08504,P006,Rotterdam,Netherlands,Europe,Terminal-4,Berth-8
PR08505,P007,Los Angeles,USA,North America,Terminal-1,Berth-9
PR08506,P001,Chennai,India,South Asia,Terminal-2,Berth-10
PR08507,P002,Mumbai,India,South Asia,Terminal-3,Berth-11
PR08508,P003,Singapore,Singapore,Southeast Asia,Terminal-4,Berth-12
PR08509,P004,Dubai,UAE,Middle East,Terminal-1,Berth-13
PR08510,P005,Colombo,Sri Lanka,South Asia,Terminal-2,Berth-14
PR08511,P006,Rotterdam,Netherlands,Europe,Terminal-3,Berth-15
PR08512,P007,Los Angeles,USA,North America,Terminal-4,Berth-16
PR08513,P001,Chennai,India,South Asia,Terminal-1,Berth-17
PR08514,P002,Mumbai,India,South Asia,Terminal-2,Berth-18
PR08515,P003,Singapore,Singapore,Southeast Asia,Terminal-3,Berth-1
PR08516,P004,Dubai,UAE,Middle East,Terminal-4,Berth-2
PR08517,P005,Colombo,Sri Lanka,South Asia,Terminal-1,Berth-3
PR08518,P006,Rotterdam,Netherlands,Europe,Terminal-2,Berth-4
PR08519,P007,Los Angeles,USA,North America,Terminal-3,Berth-5
PR08520,P001,Chennai,India,South Asia,Terminal-4,Berth-6
PR08521,P002,Mumbai,India,South Asia,Terminal-1,Berth-7
PR08522,P003,Singapore,Singapore,Southeast Asia,Terminal-2,Berth-8
PR08523,P004,Dubai,UAE,Middle East,Terminal-3,Berth-9
PR08524,P005,Colombo,Sri Lanka,South Asia,Terminal-4,Berth-10
PR08525,P006,Rotterdam,Netherlands,Europe,Terminal-1,Berth-11
PR08526,P007,Los Angeles,USA,North America,Terminal-2,Berth-12
PR08527,P001,Chennai,India,South Asia,Terminal-3,Berth-13
PR08528,P002,Mumbai,India,South Asia,Terminal-4,Berth-14
PR08529,P003,Singapore,Singapore,Southeast Asia,Terminal-1,Berth-15
PR08530,P004,Dubai,UAE,Middle East,Terminal-2,Berth-16
PR08531,P005,Colombo,Sri Lanka,South Asia,Terminal-3,Berth-17
PR08532,P006,Rotterdam,Netherlands,Europe,Terminal-4,Berth-18
PR08533,P007,Los Angeles,USA,North America,Terminal-1,Berth-1
PR08534,P001,Chennai,India,South Asia,Terminal-2,Berth-2
PR08535,P002,Mumbai,India,South Asia,Terminal-3,Berth-3
PR08536,P003,Singapore,Singapore,Southeast Asia,Terminal-4,Berth-4
PR08537,P004,Dubai,UAE,Middle East,Terminal-1,Berth-5
PR08538,P005,Colombo,Sri Lanka,South Asia,Terminal-2,Berth-6
PR08539,P006,Rotterdam,Netherlands,Europe,Terminal-3,Berth-7
PR08540,P007,Los Angeles,USA,North America,Terminal-4,Berth-8
PR08541,P001,Chennai,India,South Asia,Terminal-1,Berth-9
PR08542,P002,Mumbai,India,South Asia,Terminal-2,Berth-10
PR08543,P003,Singapore,Singapore,Southeast Asia,Terminal-3,Berth-11
PR08544,P004,Dubai,UAE,Middle East,Terminal-4,Berth-12
PR08545,P005,Colombo,Sri Lanka,South Asia,Terminal-1,Berth-13
PR08546,P006,Rotterdam,Netherlands,Europe,Terminal-2,Berth-14
PR08547,P007,Los Angeles,USA,North America,Terminal-3,Berth-15
PR08548,P001,Chennai,India,South Asia,Terminal-4,Berth-16
PR08549,P002,Mumbai,India,South Asia,Terminal-1,Berth-17
PR08550,P003,Singapore,Singapore,Southeast Asia,Terminal-2,Berth-18
PR08551,P004,Dubai,UAE,Middle East,Terminal-3,Berth-1
PR08552,P005,Colombo,Sri Lanka,South Asia,Terminal-4,Berth-2
PR08553,P006,Rotterdam,Netherlands,Europe,Terminal-1,Berth-3
PR08554,P007,Los Angeles,USA,North America,Terminal-2,Berth-4
PR08555,P001,Chennai,India,South Asia,Terminal-3,Berth-5
PR08556,P002,Mumbai,India,South Asia,Terminal-4,Berth-6
PR08557,P003,Singapore,Singapore,Southeast Asia,Terminal-1,Berth-7
PR08558,P004,Dubai,UAE,Middle East,Terminal-2,Berth-8
PR08559,P005,Colombo,Sri Lanka,South Asia,Terminal-3,Berth-9
PR08560,P006,Rotterdam,Netherlands,Europe,Terminal-4,Berth-10
PR08561,P007,Los Angeles,USA,North America,Terminal-1,Berth-11
PR08562,P001,Chennai,India,South Asia,Terminal-2,Berth-12
PR08563,P002,Mumbai,India,South Asia,Terminal-3,Berth-13
PR08564,P003,Singapore,Singapore,Southeast Asia,Terminal-4,Berth-14
PR08565,P004,Dubai,UAE,Middle East,Terminal-1,Berth-15
PR08566,P005,Colombo,Sri Lanka,South Asia,Terminal-2,Berth-16
PR08567,P006,Rotterdam,Netherlands,Europe,Terminal-3,Berth-17
PR08568,P007,Los Angeles,USA,North America,Terminal-4,Berth-18
PR08569,P001,Chennai,India,South Asia,Terminal-1,Berth-1
PR08570,P002,Mumbai,India,South Asia,Terminal-2,Berth-2
PR08571,P003,Singapore,Singapore,Southeast Asia,Terminal-3,Berth-3
PR08572,P004,Dubai,UAE,Middle East,Terminal-4,Berth-4
PR08573,P005,Colombo,Sri Lanka,South Asia,Terminal-1,Berth-5
PR08574,P006,Rotterdam,Netherlands,Europe,Terminal-2,Berth-6
PR08575,P007,Los Angeles,USA,North America,Terminal-3,Berth-7
PR08576,P001,Chennai,India,South Asia,Terminal-4,Berth-8
PR08577,P002,Mumbai,India,South Asia,Terminal-1,Berth-9
PR08578,P003,Singapore,Singapore,Southeast Asia,Terminal-2,Berth-10
PR08579,P004,Dubai,UAE,Middle East,Terminal-3,Berth-11
PR08580,P005,Colombo,Sri Lanka,South Asia,Terminal-4,Berth-12
PR08581,P006,Rotterdam,Netherlands,Europe,Terminal-1,Berth-13
PR08582,P007,Los Angeles,USA,North America,Terminal-2,Berth-14
PR08583,P001,Chennai,India,South Asia,Terminal-3,Berth-15
PR08584,P002,Mumbai,India,South Asia,Terminal-4,Berth-16
PR08585,P003,Singapore,Singapore,Southeast Asia,Terminal-1,Berth-17
PR08586,P004,Dubai,UAE,Middle East,Terminal-2,Berth-18
PR08587,P005,Colombo,Sri Lanka,South Asia,Terminal-3,Berth-1
PR08588,P006,Rotterdam,Netherlands,Europe,Terminal-4,Berth-2
PR08589,P007,Los Angeles,USA,North America,Terminal-1,Berth-3
PR08590,P001,Chennai,India,South Asia,Terminal-2,Berth-4
PR08591,P002,Mumbai,India,South Asia,Terminal-3,Berth-5
PR08592,P003,Singapore,Singapore,Southeast Asia,Terminal-4,Berth-6
PR08593,P004,Dubai,UAE,Middle East,Terminal-1,Berth-7
PR08594,P005,Colombo,Sri Lanka,South Asia,Terminal-2,Berth-8
PR08595,P006,Rotterdam,Netherlands,Europe,Terminal-3,Berth-9
PR08596,P007,Los Angeles,USA,North America,Terminal-4,Berth-10
PR08597,P001,Chennai,India,South Asia,Terminal-1,Berth-11
PR08598,P002,Mumbai,India,South Asia,Terminal-2,Berth-12
PR08599,P003,Singapore,Singapore,Southeast Asia,Terminal-3,Berth-13
PR08600,P004,Dubai,UAE,Middle East,Terminal-4,Berth-14
PR08601,P005,Colombo,Sri Lanka,South Asia,Terminal-1,Berth-15
PR08602,P006,Rotterdam,Netherlands,Europe,Terminal-2,Berth-16
PR08603,P007,Los Angeles,USA,North America,Terminal-3,Berth-17
PR08604,P001,Chennai,India,South Asia,Terminal-4,Berth-18
PR08605,P002,Mumbai,India,South Asia,Terminal-1,Berth-1
PR08606,P003,Singapore,Singapore,Southeast Asia,Terminal-2,Berth-2
PR08607,P004,Dubai,UAE,Middle East,Terminal-3,Berth-3
PR08608,P005,Colombo,Sri Lanka,South Asia,Terminal-4,Berth-4
PR08609,P006,Rotterdam,Netherlands,Europe,Terminal-1,Berth-5
PR08610,P007,Los Angeles,USA,North America,Terminal-2,Berth-6
PR08611,P001,Chennai,India,South Asia,Terminal-3,Berth-7
PR08612,P002,Mumbai,India,South Asia,Terminal-4,Berth-8
PR08613,P003,Singapore,Singapore,Southeast Asia,Terminal-1,Berth-9
PR08614,P004,Dubai,UAE,Middle East,Terminal-2,Berth-10
PR08615,P005,Colombo,Sri Lanka,South Asia,Terminal-3,Berth-11
PR08616,P006,Rotterdam,Netherlands,Europe,Terminal-4,Berth-12
PR08617,P007,Los Angeles,USA,North America,Terminal-1,Berth-13
PR08618,P001,Chennai,India,South Asia,Terminal-2,Berth-14
PR08619,P002,Mumbai,India,South Asia,Terminal-3,Berth-15
PR08620,P003,Singapore,Singapore,Southeast Asia,Terminal-4,Berth-16
PR08621,P004,Dubai,UAE,Middle East,Terminal-1,Berth-17
PR08622,P005,Colombo,Sri Lanka,South Asia,Terminal-2,Berth-18
PR08623,P006,Rotterdam,Netherlands,Europe,Terminal-3,Berth-1
PR08624,P007,Los Angeles,USA,North America,Terminal-4,Berth-2
PR08625,P001,Chennai,India,South Asia,Terminal-1,Berth-3
PR08626,P002,Mumbai,India,South Asia,Terminal-2,Berth-4
PR08627,P003,Singapore,Singapore,Southeast Asia,Terminal-3,Berth-5
PR08628,P004,Dubai,UAE,Middle East,Terminal-4,Berth-6
PR08629,P005,Colombo,Sri Lanka,South Asia,Terminal-1,Berth-7
PR08630,P006,Rotterdam,Netherlands,Europe,Terminal-2,Berth-8
PR08631,P007,Los Angeles,USA,North America,Terminal-3,Berth-9
PR08632,P001,Chennai,India,South Asia,Terminal-4,Berth-10
PR08633,P002,Mumbai,India,South Asia,Terminal-1,Berth-11
PR08634,P003,Singapore,Singapore,Southeast Asia,Terminal-2,Berth-12
PR08635,P004,Dubai,UAE,Middle East,Terminal-3,Berth-13
PR08636,P005,Colombo,Sri Lanka,South Asia,Terminal-4,Berth-14
PR08637,P006,Rotterdam,Netherlands,Europe,Terminal-1,Berth-15
PR08638,P007,Los Angeles,USA,North America,Terminal-2,Berth-16
PR08639,P001,Chennai,India,South Asia,Terminal-3,Berth-17
PR08640,P002,Mumbai,India,South Asia,Terminal-4,Berth-18
PR08641,P003,Singapore,Singapore,Southeast Asia,Terminal-1,Berth-1
PR08642,P004,Dubai,UAE,Middle East,Terminal-2,Berth-2
PR08643,P005,Colombo,Sri Lanka,South Asia,Terminal-3,Berth-3
PR08644,P006,Rotterdam,Netherlands,Europe,Terminal-4,Berth-4
PR08645,P007,Los Angeles,USA,North America,Terminal-1,Berth-5
PR08646,P001,Chennai,India,South Asia,Terminal-2,Berth-6
PR08647,P002,Mumbai,India,South Asia,Terminal-3,Berth-7
PR08648,P003,Singapore,Singapore,Southeast Asia,Terminal-4,Berth-8
PR08649,P004,Dubai,UAE,Middle East,Terminal-1,Berth-9
PR08650,P005,Colombo,Sri Lanka,South Asia,Terminal-2,Berth-10
PR08651,P006,Rotterdam,Netherlands,Europe,Terminal-3,Berth-11
PR08652,P007,Los Angeles,USA,North America,Terminal-4,Berth-12
PR08653,P001,Chennai,India,South Asia,Terminal-1,Berth-13
PR08654,P002,Mumbai,India,South Asia,Terminal-2,Berth-14
PR08655,P003,Singapore,Singapore,Southeast Asia,Terminal-3,Berth-15
PR08656,P004,Dubai,UAE,Middle East,Terminal-4,Berth-16
PR08657,P005,Colombo,Sri Lanka,South Asia,Terminal-1,Berth-17
PR08658,P006,Rotterdam,Netherlands,Europe,Terminal-2,Berth-18
PR08659,P007,Los Angeles,USA,North America,Terminal-3,Berth-1
PR08660,P001,Chennai,India,South Asia,Terminal-4,Berth-2
PR08661,P002,Mumbai,India,South Asia,Terminal-1,Berth-3
PR08662,P003,Singapore,Singapore,Southeast Asia,Terminal-2,Berth-4
PR08663,P004,Dubai,UAE,Middle East,Terminal-3,Berth-5
PR08664,P005,Colombo,Sri Lanka,South Asia,Terminal-4,Berth-6
PR08665,P006,Rotterdam,Netherlands,Europe,Terminal-1,Berth-7
PR08666,P007,Los Angeles,USA,North America,Terminal-2,Berth-8
PR08667,P001,Chennai,India,South Asia,Terminal-3,Berth-9
PR08668,P002,Mumbai,India,South Asia,Terminal-4,Berth-10
PR08669,P003,Singapore,Singapore,Southeast Asia,Terminal-1,Berth-11
PR08670,P004,Dubai,UAE,Middle East,Terminal-2,Berth-12
PR08671,P005,Colombo,Sri Lanka,South Asia,Terminal-3,Berth-13
PR08672,P006,Rotterdam,Netherlands,Europe,Terminal-4,Berth-14
PR08673,P007,Los Angeles,USA,North America,Terminal-1,Berth-15
PR08674,P001,Chennai,India,South Asia,Terminal-2,Berth-16
PR08675,P002,Mumbai,India,South Asia,Terminal-3,Berth-17
PR08676,P003,Singapore,Singapore,Southeast Asia,Terminal-4,Berth-18
PR08677,P004,Dubai,UAE,Middle East,Terminal-1,Berth-1
PR08678,P005,Colombo,Sri Lanka,South Asia,Terminal-2,Berth-2
PR08679,P006,Rotterdam,Netherlands,Europe,Terminal-3,Berth-3
PR08680,P007,Los Angeles,USA,North America,Terminal-4,Berth-4
PR08681,P001,Chennai,India,South Asia,Terminal-1,Berth-5
PR08682,P002,Mumbai,India,South Asia,Terminal-2,Berth-6
PR08683,P003,Singapore,Singapore,Southeast Asia,Terminal-3,Berth-7
PR08684,P004,Dubai,UAE,Middle East,Terminal-4,Berth-8
PR08685,P005,Colombo,Sri Lanka,South Asia,Terminal-1,Berth-9
PR08686,P006,Rotterdam,Netherlands,Europe,Terminal-2,Berth-10
PR08687,P007,Los Angeles,USA,North America,Terminal-3,Berth-11
PR08688,P001,Chennai,India,South Asia,Terminal-4,Berth-12
PR08689,P002,Mumbai,India,South Asia,Terminal-1,Berth-13
PR08690,P003,Singapore,Singapore,Southeast Asia,Terminal-2,Berth-14
PR08691,P004,Dubai,UAE,Middle East,Terminal-3,Berth-15
PR08692,P005,Colombo,Sri Lanka,South Asia,Terminal-4,Berth-16
PR08693,P006,Rotterdam,Netherlands,Europe,Terminal-1,Berth-17
PR08694,P007,Los Angeles,USA,North America,Terminal-2,Berth-18
PR08695,P001,Chennai,India,South Asia,Terminal-3,Berth-1
PR08696,P002,Mumbai,India,South Asia,Terminal-4,Berth-2
PR08697,P003,Singapore,Singapore,Southeast Asia,Terminal-1,Berth-3
PR08698,P004,Dubai,UAE,Middle East,Terminal-2,Berth-4
PR08699,P005,Colombo,Sri Lanka,South Asia,Terminal-3,Berth-5
PR08700,P006,Rotterdam,Netherlands,Europe,Terminal-4,Berth-6
PR08701,P007,Los Angeles,USA,North America,Terminal-1,Berth-7
PR08702,P001,Chennai,India,South Asia,Terminal-2,Berth-8
PR08703,P002,Mumbai,India,South Asia,Terminal-3,Berth-9
PR08704,P003,Singapore,Singapore,Southeast Asia,Terminal-4,Berth-10
PR08705,P004,Dubai,UAE,Middle East,Terminal-1,Berth-11
PR08706,P005,Colombo,Sri Lanka,South Asia,Terminal-2,Berth-12
PR08707,P006,Rotterdam,Netherlands,Europe,Terminal-3,Berth-13
PR08708,P007,Los Angeles,USA,North America,Terminal-4,Berth-14
PR08709,P001,Chennai,India,South Asia,Terminal-1,Berth-15
PR08710,P002,Mumbai,India,South Asia,Terminal-2,Berth-16
PR08711,P003,Singapore,Singapore,Southeast Asia,Terminal-3,Berth-17
PR08712,P004,Dubai,UAE,Middle East,Terminal-4,Berth-18
PR08713,P005,Colombo,Sri Lanka,South Asia,Terminal-1,Berth-1
PR08714,P006,Rotterdam,Netherlands,Europe,Terminal-2,Berth-2
PR08715,P007,Los Angeles,USA,North America,Terminal-3,Berth-3
PR08716,P001,Chennai,India,South Asia,Terminal-4,Berth-4
PR08717,P002,Mumbai,India,South Asia,Terminal-1,Berth-5
PR08718,P003,Singapore,Singapore,Southeast Asia,Terminal-2,Berth-6
PR08719,P004,Dubai,UAE,Middle East,Terminal-3,Berth-7
PR08720,P005,Colombo,Sri Lanka,South Asia,Terminal-4,Berth-8
PR08721,P006,Rotterdam,Netherlands,Europe,Terminal-1,Berth-9
PR08722,P007,Los Angeles,USA,North America,Terminal-2,Berth-10
PR08723,P001,Chennai,India,South Asia,Terminal-3,Berth-11
PR08724,P002,Mumbai,India,South Asia,Terminal-4,Berth-12
PR08725,P003,Singapore,Singapore,Southeast Asia,Terminal-1,Berth-13
PR08726,P004,Dubai,UAE,Middle East,Terminal-2,Berth-14
PR08727,P005,Colombo,Sri Lanka,South Asia,Terminal-3,Berth-15
PR08728,P006,Rotterdam,Netherlands,Europe,Terminal-4,Berth-16
PR08729,P007,Los Angeles,USA,North America,Terminal-1,Berth-17
PR08730,P001,Chennai,India,South Asia,Terminal-2,Berth-18
PR08731,P002,Mumbai,India,South Asia,Terminal-3,Berth-1
PR08732,P003,Singapore,Singapore,Southeast Asia,Terminal-4,Berth-2
PR08733,P004,Dubai,UAE,Middle East,Terminal-1,Berth-3
PR08734,P005,Colombo,Sri Lanka,South Asia,Terminal-2,Berth-4
PR08735,P006,Rotterdam,Netherlands,Europe,Terminal-3,Berth-5
PR08736,P007,Los Angeles,USA,North America,Terminal-4,Berth-6
PR08737,P001,Chennai,India,South Asia,Terminal-1,Berth-7
PR08738,P002,Mumbai,India,South Asia,Terminal-2,Berth-8
PR08739,P003,Singapore,Singapore,Southeast Asia,Terminal-3,Berth-9
PR08740,P004,Dubai,UAE,Middle East,Terminal-4,Berth-10
PR08741,P005,Colombo,Sri Lanka,South Asia,Terminal-1,Berth-11
PR08742,P006,Rotterdam,Netherlands,Europe,Terminal-2,Berth-12
PR08743,P007,Los Angeles,USA,North America,Terminal-3,Berth-13
PR08744,P001,Chennai,India,South Asia,Terminal-4,Berth-14
PR08745,P002,Mumbai,India,South Asia,Terminal-1,Berth-15
PR08746,P003,Singapore,Singapore,Southeast Asia,Terminal-2,Berth-16
PR08747,P004,Dubai,UAE,Middle East,Terminal-3,Berth-17
PR08748,P005,Colombo,Sri Lanka,South Asia,Terminal-4,Berth-18
PR08749,P006,Rotterdam,Netherlands,Europe,Terminal-1,Berth-1
PR08750,P007,Los Angeles,USA,North America,Terminal-2,Berth-2
PR08751,P001,Chennai,India,South Asia,Terminal-3,Berth-3
PR08752,P002,Mumbai,India,South Asia,Terminal-4,Berth-4
PR08753,P003,Singapore,Singapore,Southeast Asia,Terminal-1,Berth-5
PR08754,P004,Dubai,UAE,Middle East,Terminal-2,Berth-6
PR08755,P005,Colombo,Sri Lanka,South Asia,Terminal-3,Berth-7
PR08756,P006,Rotterdam,Netherlands,Europe,Terminal-4,Berth-8
PR08757,P007,Los Angeles,USA,North America,Terminal-1,Berth-9
PR08758,P001,Chennai,India,South Asia,Terminal-2,Berth-10
PR08759,P002,Mumbai,India,South Asia,Terminal-3,Berth-11
PR08760,P003,Singapore,Singapore,Southeast Asia,Terminal-4,Berth-12
PR08761,P004,Dubai,UAE,Middle East,Terminal-1,Berth-13
PR08762,P005,Colombo,Sri Lanka,South Asia,Terminal-2,Berth-14
PR08763,P006,Rotterdam,Netherlands,Europe,Terminal-3,Berth-15
PR08764,P007,Los Angeles,USA,North America,Terminal-4,Berth-16
PR08765,P001,Chennai,India,South Asia,Terminal-1,Berth-17
PR08766,P002,Mumbai,India,South Asia,Terminal-2,Berth-18
PR08767,P003,Singapore,Singapore,Southeast Asia,Terminal-3,Berth-1
PR08768,P004,Dubai,UAE,Middle East,Terminal-4,Berth-2
PR08769,P005,Colombo,Sri Lanka,South Asia,Terminal-1,Berth-3
PR08770,P006,Rotterdam,Netherlands,Europe,Terminal-2,Berth-4
PR08771,P007,Los Angeles,USA,North America,Terminal-3,Berth-5
PR08772,P001,Chennai,India,South Asia,Terminal-4,Berth-6
PR08773,P002,Mumbai,India,South Asia,Terminal-1,Berth-7
PR08774,P003,Singapore,Singapore,Southeast Asia,Terminal-2,Berth-8
PR08775,P004,Dubai,UAE,Middle East,Terminal-3,Berth-9
PR08776,P005,Colombo,Sri Lanka,South Asia,Terminal-4,Berth-10
PR08777,P006,Rotterdam,Netherlands,Europe,Terminal-1,Berth-11
PR08778,P007,Los Angeles,USA,North America,Terminal-2,Berth-12
PR08779,P001,Chennai,India,South Asia,Terminal-3,Berth-13
PR08780,P002,Mumbai,India,South Asia,Terminal-4,Berth-14
PR08781,P003,Singapore,Singapore,Southeast Asia,Terminal-1,Berth-15
PR08782,P004,Dubai,UAE,Middle East,Terminal-2,Berth-16
PR08783,P005,Colombo,Sri Lanka,South Asia,Terminal-3,Berth-17
PR08784,P006,Rotterdam,Netherlands,Europe,Terminal-4,Berth-18
PR08785,P007,Los Angeles,USA,North America,Terminal-1,Berth-1
PR08786,P001,Chennai,India,South Asia,Terminal-2,Berth-2
PR08787,P002,Mumbai,India,South Asia,Terminal-3,Berth-3
PR08788,P003,Singapore,Singapore,Southeast Asia,Terminal-4,Berth-4
PR08789,P004,Dubai,UAE,Middle East,Terminal-1,Berth-5
PR08790,P005,Colombo,Sri Lanka,South Asia,Terminal-2,Berth-6
PR08791,P006,Rotterdam,Netherlands,Europe,Terminal-3,Berth-7
PR08792,P007,Los Angeles,USA,North America,Terminal-4,Berth-8
PR08793,P001,Chennai,India,South Asia,Terminal-1,Berth-9
PR08794,P002,Mumbai,India,South Asia,Terminal-2,Berth-10
PR08795,P003,Singapore,Singapore,Southeast Asia,Terminal-3,Berth-11
PR08796,P004,Dubai,UAE,Middle East,Terminal-4,Berth-12
PR08797,P005,Colombo,Sri Lanka,South Asia,Terminal-1,Berth-13
PR08798,P006,Rotterdam,Netherlands,Europe,Terminal-2,Berth-14
PR08799,P007,Los Angeles,USA,North America,Terminal-3,Berth-15
PR08800,P001,Chennai,India,South Asia,Terminal-4,Berth-16
PR08801,P002,Mumbai,India,South Asia,Terminal-1,Berth-17
PR08802,P003,Singapore,Singapore,Southeast Asia,Terminal-2,Berth-18
PR08803,P004,Dubai,UAE,Middle East,Terminal-3,Berth-1
PR08804,P005,Colombo,Sri Lanka,South Asia,Terminal-4,Berth-2
PR08805,P006,Rotterdam,Netherlands,Europe,Terminal-1,Berth-3
PR08806,P007,Los Angeles,USA,North America,Terminal-2,Berth-4
PR08807,P001,Chennai,India,South Asia,Terminal-3,Berth-5
PR08808,P002,Mumbai,India,South Asia,Terminal-4,Berth-6
PR08809,P003,Singapore,Singapore,Southeast Asia,Terminal-1,Berth-7
PR08810,P004,Dubai,UAE,Middle East,Terminal-2,Berth-8
PR08811,P005,Colombo,Sri Lanka,South Asia,Terminal-3,Berth-9
PR08812,P006,Rotterdam,Netherlands,Europe,Terminal-4,Berth-10
PR08813,P007,Los Angeles,USA,North America,Terminal-1,Berth-11
PR08814,P001,Chennai,India,South Asia,Terminal-2,Berth-12
PR08815,P002,Mumbai,India,South Asia,Terminal-3,Berth-13
PR08816,P003,Singapore,Singapore,Southeast Asia,Terminal-4,Berth-14
PR08817,P004,Dubai,UAE,Middle East,Terminal-1,Berth-15
PR08818,P005,Colombo,Sri Lanka,South Asia,Terminal-2,Berth-16
PR08819,P006,Rotterdam,Netherlands,Europe,Terminal-3,Berth-17
PR08820,P007,Los Angeles,USA,North America,Terminal-4,Berth-18
PR08821,P001,Chennai,India,South Asia,Terminal-1,Berth-1
PR08822,P002,Mumbai,India,South Asia,Terminal-2,Berth-2
PR08823,P003,Singapore,Singapore,Southeast Asia,Terminal-3,Berth-3
PR08824,P004,Dubai,UAE,Middle East,Terminal-4,Berth-4
PR08825,P005,Colombo,Sri Lanka,South Asia,Terminal-1,Berth-5
PR08826,P006,Rotterdam,Netherlands,Europe,Terminal-2,Berth-6
PR08827,P007,Los Angeles,USA,North America,Terminal-3,Berth-7
PR08828,P001,Chennai,India,South Asia,Terminal-4,Berth-8
PR08829,P002,Mumbai,India,South Asia,Terminal-1,Berth-9
PR08830,P003,Singapore,Singapore,Southeast Asia,Terminal-2,Berth-10
PR08831,P004,Dubai,UAE,Middle East,Terminal-3,Berth-11
PR08832,P005,Colombo,Sri Lanka,South Asia,Terminal-4,Berth-12
PR08833,P006,Rotterdam,Netherlands,Europe,Terminal-1,Berth-13
PR08834,P007,Los Angeles,USA,North America,Terminal-2,Berth-14
PR08835,P001,Chennai,India,South Asia,Terminal-3,Berth-15
PR08836,P002,Mumbai,India,South Asia,Terminal-4,Berth-16
PR08837,P003,Singapore,Singapore,Southeast Asia,Terminal-1,Berth-17
PR08838,P004,Dubai,UAE,Middle East,Terminal-2,Berth-18
PR08839,P005,Colombo,Sri Lanka,South Asia,Terminal-3,Berth-1
PR08840,P006,Rotterdam,Netherlands,Europe,Terminal-4,Berth-2
PR08841,P007,Los Angeles,USA,North America,Terminal-1,Berth-3
PR08842,P001,Chennai,India,South Asia,Terminal-2,Berth-4
PR08843,P002,Mumbai,India,South Asia,Terminal-3,Berth-5
PR08844,P003,Singapore,Singapore,Southeast Asia,Terminal-4,Berth-6
PR08845,P004,Dubai,UAE,Middle East,Terminal-1,Berth-7
PR08846,P005,Colombo,Sri Lanka,South Asia,Terminal-2,Berth-8
PR08847,P006,Rotterdam,Netherlands,Europe,Terminal-3,Berth-9
PR08848,P007,Los Angeles,USA,North America,Terminal-4,Berth-10
PR08849,P001,Chennai,India,South Asia,Terminal-1,Berth-11
PR08850,P002,Mumbai,India,South Asia,Terminal-2,Berth-12
PR08851,P003,Singapore,Singapore,Southeast Asia,Terminal-3,Berth-13
PR08852,P004,Dubai,UAE,Middle East,Terminal-4,Berth-14
PR08853,P005,Colombo,Sri Lanka,South Asia,Terminal-1,Berth-15
PR08854,P006,Rotterdam,Netherlands,Europe,Terminal-2,Berth-16
PR08855,P007,Los Angeles,USA,North America,Terminal-3,Berth-17
PR08856,P001,Chennai,India,South Asia,Terminal-4,Berth-18
PR08857,P002,Mumbai,India,South Asia,Terminal-1,Berth-1
PR08858,P003,Singapore,Singapore,Southeast Asia,Terminal-2,Berth-2
PR08859,P004,Dubai,UAE,Middle East,Terminal-3,Berth-3
PR08860,P005,Colombo,Sri Lanka,South Asia,Terminal-4,Berth-4
PR08861,P006,Rotterdam,Netherlands,Europe,Terminal-1,Berth-5
PR08862,P007,Los Angeles,USA,North America,Terminal-2,Berth-6
PR08863,P001,Chennai,India,South Asia,Terminal-3,Berth-7
PR08864,P002,Mumbai,India,South Asia,Terminal-4,Berth-8
PR08865,P003,Singapore,Singapore,Southeast Asia,Terminal-1,Berth-9
PR08866,P004,Dubai,UAE,Middle East,Terminal-2,Berth-10
PR08867,P005,Colombo,Sri Lanka,South Asia,Terminal-3,Berth-11
PR08868,P006,Rotterdam,Netherlands,Europe,Terminal-4,Berth-12
PR08869,P007,Los Angeles,USA,North America,Terminal-1,Berth-13
PR08870,P001,Chennai,India,South Asia,Terminal-2,Berth-14
PR08871,P002,Mumbai,India,South Asia,Terminal-3,Berth-15
PR08872,P003,Singapore,Singapore,Southeast Asia,Terminal-4,Berth-16
PR08873,P004,Dubai,UAE,Middle East,Terminal-1,Berth-17
PR08874,P005,Colombo,Sri Lanka,South Asia,Terminal-2,Berth-18
PR08875,P006,Rotterdam,Netherlands,Europe,Terminal-3,Berth-1
PR08876,P007,Los Angeles,USA,North America,Terminal-4,Berth-2
PR08877,P001,Chennai,India,South Asia,Terminal-1,Berth-3
PR08878,P002,Mumbai,India,South Asia,Terminal-2,Berth-4
PR08879,P003,Singapore,Singapore,Southeast Asia,Terminal-3,Berth-5
PR08880,P004,Dubai,UAE,Middle East,Terminal-4,Berth-6
PR08881,P005,Colombo,Sri Lanka,South Asia,Terminal-1,Berth-7
PR08882,P006,Rotterdam,Netherlands,Europe,Terminal-2,Berth-8
PR08883,P007,Los Angeles,USA,North America,Terminal-3,Berth-9
PR08884,P001,Chennai,India,South Asia,Terminal-4,Berth-10
PR08885,P002,Mumbai,India,South Asia,Terminal-1,Berth-11
PR08886,P003,Singapore,Singapore,Southeast Asia,Terminal-2,Berth-12
PR08887,P004,Dubai,UAE,Middle East,Terminal-3,Berth-13
PR08888,P005,Colombo,Sri Lanka,South Asia,Terminal-4,Berth-14
PR08889,P006,Rotterdam,Netherlands,Europe,Terminal-1,Berth-15
PR08890,P007,Los Angeles,USA,North America,Terminal-2,Berth-16
PR08891,P001,Chennai,India,South Asia,Terminal-3,Berth-17
PR08892,P002,Mumbai,India,South Asia,Terminal-4,Berth-18
PR08893,P003,Singapore,Singapore,Southeast Asia,Terminal-1,Berth-1
PR08894,P004,Dubai,UAE,Middle East,Terminal-2,Berth-2
PR08895,P005,Colombo,Sri Lanka,South Asia,Terminal-3,Berth-3
PR08896,P006,Rotterdam,Netherlands,Europe,Terminal-4,Berth-4
PR08897,P007,Los Angeles,USA,North America,Terminal-1,Berth-5
PR08898,P001,Chennai,India,South Asia,Terminal-2,Berth-6
PR08899,P002,Mumbai,India,South Asia,Terminal-3,Berth-7
PR08900,P003,Singapore,Singapore,Southeast Asia,Terminal-4,Berth-8
PR08901,P004,Dubai,UAE,Middle East,Terminal-1,Berth-9
PR08902,P005,Colombo,Sri Lanka,South Asia,Terminal-2,Berth-10
PR08903,P006,Rotterdam,Netherlands,Europe,Terminal-3,Berth-11
PR08904,P007,Los Angeles,USA,North America,Terminal-4,Berth-12
PR08905,P001,Chennai,India,South Asia,Terminal-1,Berth-13
PR08906,P002,Mumbai,India,South Asia,Terminal-2,Berth-14
PR08907,P003,Singapore,Singapore,Southeast Asia,Terminal-3,Berth-15
PR08908,P004,Dubai,UAE,Middle East,Terminal-4,Berth-16
PR08909,P005,Colombo,Sri Lanka,South Asia,Terminal-1,Berth-17
PR08910,P006,Rotterdam,Netherlands,Europe,Terminal-2,Berth-18
PR08911,P007,Los Angeles,USA,North America,Terminal-3,Berth-1
PR08912,P001,Chennai,India,South Asia,Terminal-4,Berth-2
PR08913,P002,Mumbai,India,South Asia,Terminal-1,Berth-3
PR08914,P003,Singapore,Singapore,Southeast Asia,Terminal-2,Berth-4
PR08915,P004,Dubai,UAE,Middle East,Terminal-3,Berth-5
PR08916,P005,Colombo,Sri Lanka,South Asia,Terminal-4,Berth-6
PR08917,P006,Rotterdam,Netherlands,Europe,Terminal-1,Berth-7
PR08918,P007,Los Angeles,USA,North America,Terminal-2,Berth-8
PR08919,P001,Chennai,India,South Asia,Terminal-3,Berth-9
PR08920,P002,Mumbai,India,South Asia,Terminal-4,Berth-10
PR08921,P003,Singapore,Singapore,Southeast Asia,Terminal-1,Berth-11
PR08922,P004,Dubai,UAE,Middle East,Terminal-2,Berth-12
PR08923,P005,Colombo,Sri Lanka,South Asia,Terminal-3,Berth-13
PR08924,P006,Rotterdam,Netherlands,Europe,Terminal-4,Berth-14
PR08925,P007,Los Angeles,USA,North America,Terminal-1,Berth-15
PR08926,P001,Chennai,India,South Asia,Terminal-2,Berth-16
PR08927,P002,Mumbai,India,South Asia,Terminal-3,Berth-17
PR08928,P003,Singapore,Singapore,Southeast Asia,Terminal-4,Berth-18
PR08929,P004,Dubai,UAE,Middle East,Terminal-1,Berth-1
PR08930,P005,Colombo,Sri Lanka,South Asia,Terminal-2,Berth-2
PR08931,P006,Rotterdam,Netherlands,Europe,Terminal-3,Berth-3
PR08932,P007,Los Angeles,USA,North America,Terminal-4,Berth-4
PR08933,P001,Chennai,India,South Asia,Terminal-1,Berth-5
PR08934,P002,Mumbai,India,South Asia,Terminal-2,Berth-6
PR08935,P003,Singapore,Singapore,Southeast Asia,Terminal-3,Berth-7
PR08936,P004,Dubai,UAE,Middle East,Terminal-4,Berth-8
PR08937,P005,Colombo,Sri Lanka,South Asia,Terminal-1,Berth-9
PR08938,P006,Rotterdam,Netherlands,Europe,Terminal-2,Berth-10
PR08939,P007,Los Angeles,USA,North America,Terminal-3,Berth-11
PR08940,P001,Chennai,India,South Asia,Terminal-4,Berth-12
PR08941,P002,Mumbai,India,South Asia,Terminal-1,Berth-13
PR08942,P003,Singapore,Singapore,Southeast Asia,Terminal-2,Berth-14
PR08943,P004,Dubai,UAE,Middle East,Terminal-3,Berth-15
PR08944,P005,Colombo,Sri Lanka,South Asia,Terminal-4,Berth-16
PR08945,P006,Rotterdam,Netherlands,Europe,Terminal-1,Berth-17
PR08946,P007,Los Angeles,USA,North America,Terminal-2,Berth-18
PR08947,P001,Chennai,India,South Asia,Terminal-3,Berth-1
PR08948,P002,Mumbai,India,South Asia,Terminal-4,Berth-2
PR08949,P003,Singapore,Singapore,Southeast Asia,Terminal-1,Berth-3
PR08950,P004,Dubai,UAE,Middle East,Terminal-2,Berth-4
PR08951,P005,Colombo,Sri Lanka,South Asia,Terminal-3,Berth-5
PR08952,P006,Rotterdam,Netherlands,Europe,Terminal-4,Berth-6
PR08953,P007,Los Angeles,USA,North America,Terminal-1,Berth-7
PR08954,P001,Chennai,India,South Asia,Terminal-2,Berth-8
PR08955,P002,Mumbai,India,South Asia,Terminal-3,Berth-9
PR08956,P003,Singapore,Singapore,Southeast Asia,Terminal-4,Berth-10
PR08957,P004,Dubai,UAE,Middle East,Terminal-1,Berth-11
PR08958,P005,Colombo,Sri Lanka,South Asia,Terminal-2,Berth-12
PR08959,P006,Rotterdam,Netherlands,Europe,Terminal-3,Berth-13
PR08960,P007,Los Angeles,USA,North America,Terminal-4,Berth-14
PR08961,P001,Chennai,India,South Asia,Terminal-1,Berth-15
PR08962,P002,Mumbai,India,South Asia,Terminal-2,Berth-16
PR08963,P003,Singapore,Singapore,Southeast Asia,Terminal-3,Berth-17
PR08964,P004,Dubai,UAE,Middle East,Terminal-4,Berth-18
PR08965,P005,Colombo,Sri Lanka,South Asia,Terminal-1,Berth-1
PR08966,P006,Rotterdam,Netherlands,Europe,Terminal-2,Berth-2
PR08967,P007,Los Angeles,USA,North America,Terminal-3,Berth-3
PR08968,P001,Chennai,India,South Asia,Terminal-4,Berth-4
PR08969,P002,Mumbai,India,South Asia,Terminal-1,Berth-5
PR08970,P003,Singapore,Singapore,Southeast Asia,Terminal-2,Berth-6
PR08971,P004,Dubai,UAE,Middle East,Terminal-3,Berth-7
PR08972,P005,Colombo,Sri Lanka,South Asia,Terminal-4,Berth-8
PR08973,P006,Rotterdam,Netherlands,Europe,Terminal-1,Berth-9
PR08974,P007,Los Angeles,USA,North America,Terminal-2,Berth-10
PR08975,P001,Chennai,India,South Asia,Terminal-3,Berth-11
PR08976,P002,Mumbai,India,South Asia,Terminal-4,Berth-12
PR08977,P003,Singapore,Singapore,Southeast Asia,Terminal-1,Berth-13
PR08978,P004,Dubai,UAE,Middle East,Terminal-2,Berth-14
PR08979,P005,Colombo,Sri Lanka,South Asia,Terminal-3,Berth-15
PR08980,P006,Rotterdam,Netherlands,Europe,Terminal-4,Berth-16
PR08981,P007,Los Angeles,USA,North America,Terminal-1,Berth-17
PR08982,P001,Chennai,India,South Asia,Terminal-2,Berth-18
PR08983,P002,Mumbai,India,South Asia,Terminal-3,Berth-1
PR08984,P003,Singapore,Singapore,Southeast Asia,Terminal-4,Berth-2
PR08985,P004,Dubai,UAE,Middle East,Terminal-1,Berth-3
PR08986,P005,Colombo,Sri Lanka,South Asia,Terminal-2,Berth-4
PR08987,P006,Rotterdam,Netherlands,Europe,Terminal-3,Berth-5
PR08988,P007,Los Angeles,USA,North America,Terminal-4,Berth-6
PR08989,P001,Chennai,India,South Asia,Terminal-1,Berth-7
PR08990,P002,Mumbai,India,South Asia,Terminal-2,Berth-8
PR08991,P003,Singapore,Singapore,Southeast Asia,Terminal-3,Berth-9
PR08992,P004,Dubai,UAE,Middle East,Terminal-4,Berth-10
PR08993,P005,Colombo,Sri Lanka,South Asia,Terminal-1,Berth-11
PR08994,P006,Rotterdam,Netherlands,Europe,Terminal-2,Berth-12
PR08995,P007,Los Angeles,USA,North America,Terminal-3,Berth-13
PR08996,P001,Chennai,India,South Asia,Terminal-4,Berth-14
PR08997,P002,Mumbai,India,South Asia,Terminal-1,Berth-15
PR08998,P003,Singapore,Singapore,Southeast Asia,Terminal-2,Berth-16
PR08999,P004,Dubai,UAE,Middle East,Terminal-3,Berth-17
PR09000,P005,Colombo,Sri Lanka,South Asia,Terminal-4,Berth-18
PR09001,P006,Rotterdam,Netherlands,Europe,Terminal-1,Berth-1
PR09002,P007,Los Angeles,USA,North America,Terminal-2,Berth-2
PR09003,P001,Chennai,India,South Asia,Terminal-3,Berth-3
PR09004,P002,Mumbai,India,South Asia,Terminal-4,Berth-4
PR09005,P003,Singapore,Singapore,Southeast Asia,Terminal-1,Berth-5
PR09006,P004,Dubai,UAE,Middle East,Terminal-2,Berth-6
PR09007,P005,Colombo,Sri Lanka,South Asia,Terminal-3,Berth-7
PR09008,P006,Rotterdam,Netherlands,Europe,Terminal-4,Berth-8
PR09009,P007,Los Angeles,USA,North America,Terminal-1,Berth-9
PR09010,P001,Chennai,India,South Asia,Terminal-2,Berth-10
PR09011,P002,Mumbai,India,South Asia,Terminal-3,Berth-11
PR09012,P003,Singapore,Singapore,Southeast Asia,Terminal-4,Berth-12
PR09013,P004,Dubai,UAE,Middle East,Terminal-1,Berth-13
PR09014,P005,Colombo,Sri Lanka,South Asia,Terminal-2,Berth-14
PR09015,P006,Rotterdam,Netherlands,Europe,Terminal-3,Berth-15
PR09016,P007,Los Angeles,USA,North America,Terminal-4,Berth-16
PR09017,P001,Chennai,India,South Asia,Terminal-1,Berth-17
PR09018,P002,Mumbai,India,South Asia,Terminal-2,Berth-18
PR09019,P003,Singapore,Singapore,Southeast Asia,Terminal-3,Berth-1
PR09020,P004,Dubai,UAE,Middle East,Terminal-4,Berth-2
PR09021,P005,Colombo,Sri Lanka,South Asia,Terminal-1,Berth-3
PR09022,P006,Rotterdam,Netherlands,Europe,Terminal-2,Berth-4
PR09023,P007,Los Angeles,USA,North America,Terminal-3,Berth-5
PR09024,P001,Chennai,India,South Asia,Terminal-4,Berth-6
PR09025,P002,Mumbai,India,South Asia,Terminal-1,Berth-7
PR09026,P003,Singapore,Singapore,Southeast Asia,Terminal-2,Berth-8
PR09027,P004,Dubai,UAE,Middle East,Terminal-3,Berth-9
PR09028,P005,Colombo,Sri Lanka,South Asia,Terminal-4,Berth-10
PR09029,P006,Rotterdam,Netherlands,Europe,Terminal-1,Berth-11
PR09030,P007,Los Angeles,USA,North America,Terminal-2,Berth-12
PR09031,P001,Chennai,India,South Asia,Terminal-3,Berth-13
PR09032,P002,Mumbai,India,South Asia,Terminal-4,Berth-14
PR09033,P003,Singapore,Singapore,Southeast Asia,Terminal-1,Berth-15
PR09034,P004,Dubai,UAE,Middle East,Terminal-2,Berth-16
PR09035,P005,Colombo,Sri Lanka,South Asia,Terminal-3,Berth-17
PR09036,P006,Rotterdam,Netherlands,Europe,Terminal-4,Berth-18
PR09037,P007,Los Angeles,USA,North America,Terminal-1,Berth-1
PR09038,P001,Chennai,India,South Asia,Terminal-2,Berth-2
PR09039,P002,Mumbai,India,South Asia,Terminal-3,Berth-3
PR09040,P003,Singapore,Singapore,Southeast Asia,Terminal-4,Berth-4
PR09041,P004,Dubai,UAE,Middle East,Terminal-1,Berth-5
PR09042,P005,Colombo,Sri Lanka,South Asia,Terminal-2,Berth-6
PR09043,P006,Rotterdam,Netherlands,Europe,Terminal-3,Berth-7
PR09044,P007,Los Angeles,USA,North America,Terminal-4,Berth-8
PR09045,P001,Chennai,India,South Asia,Terminal-1,Berth-9
PR09046,P002,Mumbai,India,South Asia,Terminal-2,Berth-10
PR09047,P003,Singapore,Singapore,Southeast Asia,Terminal-3,Berth-11
PR09048,P004,Dubai,UAE,Middle East,Terminal-4,Berth-12
PR09049,P005,Colombo,Sri Lanka,South Asia,Terminal-1,Berth-13
PR09050,P006,Rotterdam,Netherlands,Europe,Terminal-2,Berth-14
PR09051,P007,Los Angeles,USA,North America,Terminal-3,Berth-15
PR09052,P001,Chennai,India,South Asia,Terminal-4,Berth-16
PR09053,P002,Mumbai,India,South Asia,Terminal-1,Berth-17
PR09054,P003,Singapore,Singapore,Southeast Asia,Terminal-2,Berth-18
PR09055,P004,Dubai,UAE,Middle East,Terminal-3,Berth-1
PR09056,P005,Colombo,Sri Lanka,South Asia,Terminal-4,Berth-2
PR09057,P006,Rotterdam,Netherlands,Europe,Terminal-1,Berth-3
PR09058,P007,Los Angeles,USA,North America,Terminal-2,Berth-4
PR09059,P001,Chennai,India,South Asia,Terminal-3,Berth-5
PR09060,P002,Mumbai,India,South Asia,Terminal-4,Berth-6
PR09061,P003,Singapore,Singapore,Southeast Asia,Terminal-1,Berth-7
PR09062,P004,Dubai,UAE,Middle East,Terminal-2,Berth-8
PR09063,P005,Colombo,Sri Lanka,South Asia,Terminal-3,Berth-9
PR09064,P006,Rotterdam,Netherlands,Europe,Terminal-4,Berth-10
PR09065,P007,Los Angeles,USA,North America,Terminal-1,Berth-11
PR09066,P001,Chennai,India,South Asia,Terminal-2,Berth-12
PR09067,P002,Mumbai,India,South Asia,Terminal-3,Berth-13
PR09068,P003,Singapore,Singapore,Southeast Asia,Terminal-4,Berth-14
PR09069,P004,Dubai,UAE,Middle East,Terminal-1,Berth-15
PR09070,P005,Colombo,Sri Lanka,South Asia,Terminal-2,Berth-16
PR09071,P006,Rotterdam,Netherlands,Europe,Terminal-3,Berth-17
PR09072,P007,Los Angeles,USA,North America,Terminal-4,Berth-18
PR09073,P001,Chennai,India,South Asia,Terminal-1,Berth-1
PR09074,P002,Mumbai,India,South Asia,Terminal-2,Berth-2
PR09075,P003,Singapore,Singapore,Southeast Asia,Terminal-3,Berth-3
PR09076,P004,Dubai,UAE,Middle East,Terminal-4,Berth-4
PR09077,P005,Colombo,Sri Lanka,South Asia,Terminal-1,Berth-5
PR09078,P006,Rotterdam,Netherlands,Europe,Terminal-2,Berth-6
PR09079,P007,Los Angeles,USA,North America,Terminal-3,Berth-7
PR09080,P001,Chennai,India,South Asia,Terminal-4,Berth-8
PR09081,P002,Mumbai,India,South Asia,Terminal-1,Berth-9
PR09082,P003,Singapore,Singapore,Southeast Asia,Terminal-2,Berth-10
PR09083,P004,Dubai,UAE,Middle East,Terminal-3,Berth-11
PR09084,P005,Colombo,Sri Lanka,South Asia,Terminal-4,Berth-12
PR09085,P006,Rotterdam,Netherlands,Europe,Terminal-1,Berth-13
PR09086,P007,Los Angeles,USA,North America,Terminal-2,Berth-14
PR09087,P001,Chennai,India,South Asia,Terminal-3,Berth-15
PR09088,P002,Mumbai,India,South Asia,Terminal-4,Berth-16
PR09089,P003,Singapore,Singapore,Southeast Asia,Terminal-1,Berth-17
PR09090,P004,Dubai,UAE,Middle East,Terminal-2,Berth-18
PR09091,P005,Colombo,Sri Lanka,South Asia,Terminal-3,Berth-1
PR09092,P006,Rotterdam,Netherlands,Europe,Terminal-4,Berth-2
PR09093,P007,Los Angeles,USA,North America,Terminal-1,Berth-3
PR09094,P001,Chennai,India,South Asia,Terminal-2,Berth-4
PR09095,P002,Mumbai,India,South Asia,Terminal-3,Berth-5
PR09096,P003,Singapore,Singapore,Southeast Asia,Terminal-4,Berth-6
PR09097,P004,Dubai,UAE,Middle East,Terminal-1,Berth-7
PR09098,P005,Colombo,Sri Lanka,South Asia,Terminal-2,Berth-8
PR09099,P006,Rotterdam,Netherlands,Europe,Terminal-3,Berth-9
PR09100,P007,Los Angeles,USA,North America,Terminal-4,Berth-10
PR09101,P001,Chennai,India,South Asia,Terminal-1,Berth-11
PR09102,P002,Mumbai,India,South Asia,Terminal-2,Berth-12
PR09103,P003,Singapore,Singapore,Southeast Asia,Terminal-3,Berth-13
PR09104,P004,Dubai,UAE,Middle East,Terminal-4,Berth-14
PR09105,P005,Colombo,Sri Lanka,South Asia,Terminal-1,Berth-15
PR09106,P006,Rotterdam,Netherlands,Europe,Terminal-2,Berth-16
PR09107,P007,Los Angeles,USA,North America,Terminal-3,Berth-17
PR09108,P001,Chennai,India,South Asia,Terminal-4,Berth-18
PR09109,P002,Mumbai,India,South Asia,Terminal-1,Berth-1
PR09110,P003,Singapore,Singapore,Southeast Asia,Terminal-2,Berth-2
PR09111,P004,Dubai,UAE,Middle East,Terminal-3,Berth-3
PR09112,P005,Colombo,Sri Lanka,South Asia,Terminal-4,Berth-4
PR09113,P006,Rotterdam,Netherlands,Europe,Terminal-1,Berth-5
PR09114,P007,Los Angeles,USA,North America,Terminal-2,Berth-6
PR09115,P001,Chennai,India,South Asia,Terminal-3,Berth-7
PR09116,P002,Mumbai,India,South Asia,Terminal-4,Berth-8
PR09117,P003,Singapore,Singapore,Southeast Asia,Terminal-1,Berth-9
PR09118,P004,Dubai,UAE,Middle East,Terminal-2,Berth-10
PR09119,P005,Colombo,Sri Lanka,South Asia,Terminal-3,Berth-11
PR09120,P006,Rotterdam,Netherlands,Europe,Terminal-4,Berth-12
PR09121,P007,Los Angeles,USA,North America,Terminal-1,Berth-13
PR09122,P001,Chennai,India,South Asia,Terminal-2,Berth-14
PR09123,P002,Mumbai,India,South Asia,Terminal-3,Berth-15
PR09124,P003,Singapore,Singapore,Southeast Asia,Terminal-4,Berth-16
PR09125,P004,Dubai,UAE,Middle East,Terminal-1,Berth-17
PR09126,P005,Colombo,Sri Lanka,South Asia,Terminal-2,Berth-18
PR09127,P006,Rotterdam,Netherlands,Europe,Terminal-3,Berth-1
PR09128,P007,Los Angeles,USA,North America,Terminal-4,Berth-2
PR09129,P001,Chennai,India,South Asia,Terminal-1,Berth-3
PR09130,P002,Mumbai,India,South Asia,Terminal-2,Berth-4
PR09131,P003,Singapore,Singapore,Southeast Asia,Terminal-3,Berth-5
PR09132,P004,Dubai,UAE,Middle East,Terminal-4,Berth-6
PR09133,P005,Colombo,Sri Lanka,South Asia,Terminal-1,Berth-7
PR09134,P006,Rotterdam,Netherlands,Europe,Terminal-2,Berth-8
PR09135,P007,Los Angeles,USA,North America,Terminal-3,Berth-9
PR09136,P001,Chennai,India,South Asia,Terminal-4,Berth-10
PR09137,P002,Mumbai,India,South Asia,Terminal-1,Berth-11
PR09138,P003,Singapore,Singapore,Southeast Asia,Terminal-2,Berth-12
PR09139,P004,Dubai,UAE,Middle East,Terminal-3,Berth-13
PR09140,P005,Colombo,Sri Lanka,South Asia,Terminal-4,Berth-14
PR09141,P006,Rotterdam,Netherlands,Europe,Terminal-1,Berth-15
PR09142,P007,Los Angeles,USA,North America,Terminal-2,Berth-16
PR09143,P001,Chennai,India,South Asia,Terminal-3,Berth-17
PR09144,P002,Mumbai,India,South Asia,Terminal-4,Berth-18
PR09145,P003,Singapore,Singapore,Southeast Asia,Terminal-1,Berth-1
PR09146,P004,Dubai,UAE,Middle East,Terminal-2,Berth-2
PR09147,P005,Colombo,Sri Lanka,South Asia,Terminal-3,Berth-3
PR09148,P006,Rotterdam,Netherlands,Europe,Terminal-4,Berth-4
PR09149,P007,Los Angeles,USA,North America,Terminal-1,Berth-5
PR09150,P001,Chennai,India,South Asia,Terminal-2,Berth-6
PR09151,P002,Mumbai,India,South Asia,Terminal-3,Berth-7
PR09152,P003,Singapore,Singapore,Southeast Asia,Terminal-4,Berth-8
PR09153,P004,Dubai,UAE,Middle East,Terminal-1,Berth-9
PR09154,P005,Colombo,Sri Lanka,South Asia,Terminal-2,Berth-10
PR09155,P006,Rotterdam,Netherlands,Europe,Terminal-3,Berth-11
PR09156,P007,Los Angeles,USA,North America,Terminal-4,Berth-12
PR09157,P001,Chennai,India,South Asia,Terminal-1,Berth-13
PR09158,P002,Mumbai,India,South Asia,Terminal-2,Berth-14
PR09159,P003,Singapore,Singapore,Southeast Asia,Terminal-3,Berth-15
PR09160,P004,Dubai,UAE,Middle East,Terminal-4,Berth-16
PR09161,P005,Colombo,Sri Lanka,South Asia,Terminal-1,Berth-17
PR09162,P006,Rotterdam,Netherlands,Europe,Terminal-2,Berth-18
PR09163,P007,Los Angeles,USA,North America,Terminal-3,Berth-1
PR09164,P001,Chennai,India,South Asia,Terminal-4,Berth-2
PR09165,P002,Mumbai,India,South Asia,Terminal-1,Berth-3
PR09166,P003,Singapore,Singapore,Southeast Asia,Terminal-2,Berth-4
PR09167,P004,Dubai,UAE,Middle East,Terminal-3,Berth-5
PR09168,P005,Colombo,Sri Lanka,South Asia,Terminal-4,Berth-6
PR09169,P006,Rotterdam,Netherlands,Europe,Terminal-1,Berth-7
PR09170,P007,Los Angeles,USA,North America,Terminal-2,Berth-8
PR09171,P001,Chennai,India,South Asia,Terminal-3,Berth-9
PR09172,P002,Mumbai,India,South Asia,Terminal-4,Berth-10
PR09173,P003,Singapore,Singapore,Southeast Asia,Terminal-1,Berth-11
PR09174,P004,Dubai,UAE,Middle East,Terminal-2,Berth-12
PR09175,P005,Colombo,Sri Lanka,South Asia,Terminal-3,Berth-13
PR09176,P006,Rotterdam,Netherlands,Europe,Terminal-4,Berth-14
PR09177,P007,Los Angeles,USA,North America,Terminal-1,Berth-15
PR09178,P001,Chennai,India,South Asia,Terminal-2,Berth-16
PR09179,P002,Mumbai,India,South Asia,Terminal-3,Berth-17
PR09180,P003,Singapore,Singapore,Southeast Asia,Terminal-4,Berth-18
PR09181,P004,Dubai,UAE,Middle East,Terminal-1,Berth-1
PR09182,P005,Colombo,Sri Lanka,South Asia,Terminal-2,Berth-2
PR09183,P006,Rotterdam,Netherlands,Europe,Terminal-3,Berth-3
PR09184,P007,Los Angeles,USA,North America,Terminal-4,Berth-4
PR09185,P001,Chennai,India,South Asia,Terminal-1,Berth-5
PR09186,P002,Mumbai,India,South Asia,Terminal-2,Berth-6
PR09187,P003,Singapore,Singapore,Southeast Asia,Terminal-3,Berth-7
PR09188,P004,Dubai,UAE,Middle East,Terminal-4,Berth-8
PR09189,P005,Colombo,Sri Lanka,South Asia,Terminal-1,Berth-9
PR09190,P006,Rotterdam,Netherlands,Europe,Terminal-2,Berth-10
PR09191,P007,Los Angeles,USA,North America,Terminal-3,Berth-11
PR09192,P001,Chennai,India,South Asia,Terminal-4,Berth-12
PR09193,P002,Mumbai,India,South Asia,Terminal-1,Berth-13
PR09194,P003,Singapore,Singapore,Southeast Asia,Terminal-2,Berth-14
PR09195,P004,Dubai,UAE,Middle East,Terminal-3,Berth-15
PR09196,P005,Colombo,Sri Lanka,South Asia,Terminal-4,Berth-16
PR09197,P006,Rotterdam,Netherlands,Europe,Terminal-1,Berth-17
PR09198,P007,Los Angeles,USA,North America,Terminal-2,Berth-18
PR09199,P001,Chennai,India,South Asia,Terminal-3,Berth-1
PR09200,P002,Mumbai,India,South Asia,Terminal-4,Berth-2
PR09201,P003,Singapore,Singapore,Southeast Asia,Terminal-1,Berth-3
PR09202,P004,Dubai,UAE,Middle East,Terminal-2,Berth-4
PR09203,P005,Colombo,Sri Lanka,South Asia,Terminal-3,Berth-5
PR09204,P006,Rotterdam,Netherlands,Europe,Terminal-4,Berth-6
PR09205,P007,Los Angeles,USA,North America,Terminal-1,Berth-7
PR09206,P001,Chennai,India,South Asia,Terminal-2,Berth-8
PR09207,P002,Mumbai,India,South Asia,Terminal-3,Berth-9
PR09208,P003,Singapore,Singapore,Southeast Asia,Terminal-4,Berth-10
PR09209,P004,Dubai,UAE,Middle East,Terminal-1,Berth-11
PR09210,P005,Colombo,Sri Lanka,South Asia,Terminal-2,Berth-12
PR09211,P006,Rotterdam,Netherlands,Europe,Terminal-3,Berth-13
PR09212,P007,Los Angeles,USA,North America,Terminal-4,Berth-14
PR09213,P001,Chennai,India,South Asia,Terminal-1,Berth-15
PR09214,P002,Mumbai,India,South Asia,Terminal-2,Berth-16
PR09215,P003,Singapore,Singapore,Southeast Asia,Terminal-3,Berth-17
PR09216,P004,Dubai,UAE,Middle East,Terminal-4,Berth-18
PR09217,P005,Colombo,Sri Lanka,South Asia,Terminal-1,Berth-1
PR09218,P006,Rotterdam,Netherlands,Europe,Terminal-2,Berth-2
PR09219,P007,Los Angeles,USA,North America,Terminal-3,Berth-3
PR09220,P001,Chennai,India,South Asia,Terminal-4,Berth-4
PR09221,P002,Mumbai,India,South Asia,Terminal-1,Berth-5
PR09222,P003,Singapore,Singapore,Southeast Asia,Terminal-2,Berth-6
PR09223,P004,Dubai,UAE,Middle East,Terminal-3,Berth-7
PR09224,P005,Colombo,Sri Lanka,South Asia,Terminal-4,Berth-8
PR09225,P006,Rotterdam,Netherlands,Europe,Terminal-1,Berth-9
PR09226,P007,Los Angeles,USA,North America,Terminal-2,Berth-10
PR09227,P001,Chennai,India,South Asia,Terminal-3,Berth-11
PR09228,P002,Mumbai,India,South Asia,Terminal-4,Berth-12
PR09229,P003,Singapore,Singapore,Southeast Asia,Terminal-1,Berth-13
PR09230,P004,Dubai,UAE,Middle East,Terminal-2,Berth-14
PR09231,P005,Colombo,Sri Lanka,South Asia,Terminal-3,Berth-15
PR09232,P006,Rotterdam,Netherlands,Europe,Terminal-4,Berth-16
PR09233,P007,Los Angeles,USA,North America,Terminal-1,Berth-17
PR09234,P001,Chennai,India,South Asia,Terminal-2,Berth-18
PR09235,P002,Mumbai,India,South Asia,Terminal-3,Berth-1
PR09236,P003,Singapore,Singapore,Southeast Asia,Terminal-4,Berth-2
PR09237,P004,Dubai,UAE,Middle East,Terminal-1,Berth-3
PR09238,P005,Colombo,Sri Lanka,South Asia,Terminal-2,Berth-4
PR09239,P006,Rotterdam,Netherlands,Europe,Terminal-3,Berth-5
PR09240,P007,Los Angeles,USA,North America,Terminal-4,Berth-6
PR09241,P001,Chennai,India,South Asia,Terminal-1,Berth-7
PR09242,P002,Mumbai,India,South Asia,Terminal-2,Berth-8
PR09243,P003,Singapore,Singapore,Southeast Asia,Terminal-3,Berth-9
PR09244,P004,Dubai,UAE,Middle East,Terminal-4,Berth-10
PR09245,P005,Colombo,Sri Lanka,South Asia,Terminal-1,Berth-11
PR09246,P006,Rotterdam,Netherlands,Europe,Terminal-2,Berth-12
PR09247,P007,Los Angeles,USA,North America,Terminal-3,Berth-13
PR09248,P001,Chennai,India,South Asia,Terminal-4,Berth-14
PR09249,P002,Mumbai,India,South Asia,Terminal-1,Berth-15
PR09250,P003,Singapore,Singapore,Southeast Asia,Terminal-2,Berth-16
PR09251,P004,Dubai,UAE,Middle East,Terminal-3,Berth-17
PR09252,P005,Colombo,Sri Lanka,South Asia,Terminal-4,Berth-18
PR09253,P006,Rotterdam,Netherlands,Europe,Terminal-1,Berth-1
PR09254,P007,Los Angeles,USA,North America,Terminal-2,Berth-2
PR09255,P001,Chennai,India,South Asia,Terminal-3,Berth-3
PR09256,P002,Mumbai,India,South Asia,Terminal-4,Berth-4
PR09257,P003,Singapore,Singapore,Southeast Asia,Terminal-1,Berth-5
PR09258,P004,Dubai,UAE,Middle East,Terminal-2,Berth-6
PR09259,P005,Colombo,Sri Lanka,South Asia,Terminal-3,Berth-7
PR09260,P006,Rotterdam,Netherlands,Europe,Terminal-4,Berth-8
PR09261,P007,Los Angeles,USA,North America,Terminal-1,Berth-9
PR09262,P001,Chennai,India,South Asia,Terminal-2,Berth-10
PR09263,P002,Mumbai,India,South Asia,Terminal-3,Berth-11
PR09264,P003,Singapore,Singapore,Southeast Asia,Terminal-4,Berth-12
PR09265,P004,Dubai,UAE,Middle East,Terminal-1,Berth-13
PR09266,P005,Colombo,Sri Lanka,South Asia,Terminal-2,Berth-14
PR09267,P006,Rotterdam,Netherlands,Europe,Terminal-3,Berth-15
PR09268,P007,Los Angeles,USA,North America,Terminal-4,Berth-16
PR09269,P001,Chennai,India,South Asia,Terminal-1,Berth-17
PR09270,P002,Mumbai,India,South Asia,Terminal-2,Berth-18
PR09271,P003,Singapore,Singapore,Southeast Asia,Terminal-3,Berth-1
PR09272,P004,Dubai,UAE,Middle East,Terminal-4,Berth-2
PR09273,P005,Colombo,Sri Lanka,South Asia,Terminal-1,Berth-3
PR09274,P006,Rotterdam,Netherlands,Europe,Terminal-2,Berth-4
PR09275,P007,Los Angeles,USA,North America,Terminal-3,Berth-5
PR09276,P001,Chennai,India,South Asia,Terminal-4,Berth-6
PR09277,P002,Mumbai,India,South Asia,Terminal-1,Berth-7
PR09278,P003,Singapore,Singapore,Southeast Asia,Terminal-2,Berth-8
PR09279,P004,Dubai,UAE,Middle East,Terminal-3,Berth-9
PR09280,P005,Colombo,Sri Lanka,South Asia,Terminal-4,Berth-10
PR09281,P006,Rotterdam,Netherlands,Europe,Terminal-1,Berth-11
PR09282,P007,Los Angeles,USA,North America,Terminal-2,Berth-12
PR09283,P001,Chennai,India,South Asia,Terminal-3,Berth-13
PR09284,P002,Mumbai,India,South Asia,Terminal-4,Berth-14
PR09285,P003,Singapore,Singapore,Southeast Asia,Terminal-1,Berth-15
PR09286,P004,Dubai,UAE,Middle East,Terminal-2,Berth-16
PR09287,P005,Colombo,Sri Lanka,South Asia,Terminal-3,Berth-17
PR09288,P006,Rotterdam,Netherlands,Europe,Terminal-4,Berth-18
PR09289,P007,Los Angeles,USA,North America,Terminal-1,Berth-1
PR09290,P001,Chennai,India,South Asia,Terminal-2,Berth-2
PR09291,P002,Mumbai,India,South Asia,Terminal-3,Berth-3
PR09292,P003,Singapore,Singapore,Southeast Asia,Terminal-4,Berth-4
PR09293,P004,Dubai,UAE,Middle East,Terminal-1,Berth-5
PR09294,P005,Colombo,Sri Lanka,South Asia,Terminal-2,Berth-6
PR09295,P006,Rotterdam,Netherlands,Europe,Terminal-3,Berth-7
PR09296,P007,Los Angeles,USA,North America,Terminal-4,Berth-8
PR09297,P001,Chennai,India,South Asia,Terminal-1,Berth-9
PR09298,P002,Mumbai,India,South Asia,Terminal-2,Berth-10
PR09299,P003,Singapore,Singapore,Southeast Asia,Terminal-3,Berth-11
PR09300,P004,Dubai,UAE,Middle East,Terminal-4,Berth-12
PR09301,P005,Colombo,Sri Lanka,South Asia,Terminal-1,Berth-13
PR09302,P006,Rotterdam,Netherlands,Europe,Terminal-2,Berth-14
PR09303,P007,Los Angeles,USA,North America,Terminal-3,Berth-15
PR09304,P001,Chennai,India,South Asia,Terminal-4,Berth-16
PR09305,P002,Mumbai,India,South Asia,Terminal-1,Berth-17
PR09306,P003,Singapore,Singapore,Southeast Asia,Terminal-2,Berth-18
PR09307,P004,Dubai,UAE,Middle East,Terminal-3,Berth-1
PR09308,P005,Colombo,Sri Lanka,South Asia,Terminal-4,Berth-2
PR09309,P006,Rotterdam,Netherlands,Europe,Terminal-1,Berth-3
PR09310,P007,Los Angeles,USA,North America,Terminal-2,Berth-4
PR09311,P001,Chennai,India,South Asia,Terminal-3,Berth-5
PR09312,P002,Mumbai,India,South Asia,Terminal-4,Berth-6
PR09313,P003,Singapore,Singapore,Southeast Asia,Terminal-1,Berth-7
PR09314,P004,Dubai,UAE,Middle East,Terminal-2,Berth-8
PR09315,P005,Colombo,Sri Lanka,South Asia,Terminal-3,Berth-9
PR09316,P006,Rotterdam,Netherlands,Europe,Terminal-4,Berth-10
PR09317,P007,Los Angeles,USA,North America,Terminal-1,Berth-11
PR09318,P001,Chennai,India,South Asia,Terminal-2,Berth-12
PR09319,P002,Mumbai,India,South Asia,Terminal-3,Berth-13
PR09320,P003,Singapore,Singapore,Southeast Asia,Terminal-4,Berth-14
PR09321,P004,Dubai,UAE,Middle East,Terminal-1,Berth-15
PR09322,P005,Colombo,Sri Lanka,South Asia,Terminal-2,Berth-16
PR09323,P006,Rotterdam,Netherlands,Europe,Terminal-3,Berth-17
PR09324,P007,Los Angeles,USA,North America,Terminal-4,Berth-18
PR09325,P001,Chennai,India,South Asia,Terminal-1,Berth-1
PR09326,P002,Mumbai,India,South Asia,Terminal-2,Berth-2
PR09327,P003,Singapore,Singapore,Southeast Asia,Terminal-3,Berth-3
PR09328,P004,Dubai,UAE,Middle East,Terminal-4,Berth-4
PR09329,P005,Colombo,Sri Lanka,South Asia,Terminal-1,Berth-5
PR09330,P006,Rotterdam,Netherlands,Europe,Terminal-2,Berth-6
PR09331,P007,Los Angeles,USA,North America,Terminal-3,Berth-7
PR09332,P001,Chennai,India,South Asia,Terminal-4,Berth-8
PR09333,P002,Mumbai,India,South Asia,Terminal-1,Berth-9
PR09334,P003,Singapore,Singapore,Southeast Asia,Terminal-2,Berth-10
PR09335,P004,Dubai,UAE,Middle East,Terminal-3,Berth-11
PR09336,P005,Colombo,Sri Lanka,South Asia,Terminal-4,Berth-12
PR09337,P006,Rotterdam,Netherlands,Europe,Terminal-1,Berth-13
PR09338,P007,Los Angeles,USA,North America,Terminal-2,Berth-14
PR09339,P001,Chennai,India,South Asia,Terminal-3,Berth-15
PR09340,P002,Mumbai,India,South Asia,Terminal-4,Berth-16
PR09341,P003,Singapore,Singapore,Southeast Asia,Terminal-1,Berth-17
PR09342,P004,Dubai,UAE,Middle East,Terminal-2,Berth-18
PR09343,P005,Colombo,Sri Lanka,South Asia,Terminal-3,Berth-1
PR09344,P006,Rotterdam,Netherlands,Europe,Terminal-4,Berth-2
PR09345,P007,Los Angeles,USA,North America,Terminal-1,Berth-3
PR09346,P001,Chennai,India,South Asia,Terminal-2,Berth-4
PR09347,P002,Mumbai,India,South Asia,Terminal-3,Berth-5
PR09348,P003,Singapore,Singapore,Southeast Asia,Terminal-4,Berth-6
PR09349,P004,Dubai,UAE,Middle East,Terminal-1,Berth-7
PR09350,P005,Colombo,Sri Lanka,South Asia,Terminal-2,Berth-8
PR09351,P006,Rotterdam,Netherlands,Europe,Terminal-3,Berth-9
PR09352,P007,Los Angeles,USA,North America,Terminal-4,Berth-10
PR09353,P001,Chennai,India,South Asia,Terminal-1,Berth-11
PR09354,P002,Mumbai,India,South Asia,Terminal-2,Berth-12
PR09355,P003,Singapore,Singapore,Southeast Asia,Terminal-3,Berth-13
PR09356,P004,Dubai,UAE,Middle East,Terminal-4,Berth-14
PR09357,P005,Colombo,Sri Lanka,South Asia,Terminal-1,Berth-15
PR09358,P006,Rotterdam,Netherlands,Europe,Terminal-2,Berth-16
PR09359,P007,Los Angeles,USA,North America,Terminal-3,Berth-17
PR09360,P001,Chennai,India,South Asia,Terminal-4,Berth-18
PR09361,P002,Mumbai,India,South Asia,Terminal-1,Berth-1
PR09362,P003,Singapore,Singapore,Southeast Asia,Terminal-2,Berth-2
PR09363,P004,Dubai,UAE,Middle East,Terminal-3,Berth-3
PR09364,P005,Colombo,Sri Lanka,South Asia,Terminal-4,Berth-4
PR09365,P006,Rotterdam,Netherlands,Europe,Terminal-1,Berth-5
PR09366,P007,Los Angeles,USA,North America,Terminal-2,Berth-6
PR09367,P001,Chennai,India,South Asia,Terminal-3,Berth-7
PR09368,P002,Mumbai,India,South Asia,Terminal-4,Berth-8
PR09369,P003,Singapore,Singapore,Southeast Asia,Terminal-1,Berth-9
PR09370,P004,Dubai,UAE,Middle East,Terminal-2,Berth-10
PR09371,P005,Colombo,Sri Lanka,South Asia,Terminal-3,Berth-11
PR09372,P006,Rotterdam,Netherlands,Europe,Terminal-4,Berth-12
PR09373,P007,Los Angeles,USA,North America,Terminal-1,Berth-13
PR09374,P001,Chennai,India,South Asia,Terminal-2,Berth-14
PR09375,P002,Mumbai,India,South Asia,Terminal-3,Berth-15
PR09376,P003,Singapore,Singapore,Southeast Asia,Terminal-4,Berth-16
PR09377,P004,Dubai,UAE,Middle East,Terminal-1,Berth-17
PR09378,P005,Colombo,Sri Lanka,South Asia,Terminal-2,Berth-18
PR09379,P006,Rotterdam,Netherlands,Europe,Terminal-3,Berth-1
PR09380,P007,Los Angeles,USA,North America,Terminal-4,Berth-2
PR09381,P001,Chennai,India,South Asia,Terminal-1,Berth-3
PR09382,P002,Mumbai,India,South Asia,Terminal-2,Berth-4
PR09383,P003,Singapore,Singapore,Southeast Asia,Terminal-3,Berth-5
PR09384,P004,Dubai,UAE,Middle East,Terminal-4,Berth-6
PR09385,P005,Colombo,Sri Lanka,South Asia,Terminal-1,Berth-7
PR09386,P006,Rotterdam,Netherlands,Europe,Terminal-2,Berth-8
PR09387,P007,Los Angeles,USA,North America,Terminal-3,Berth-9
PR09388,P001,Chennai,India,South Asia,Terminal-4,Berth-10
PR09389,P002,Mumbai,India,South Asia,Terminal-1,Berth-11
PR09390,P003,Singapore,Singapore,Southeast Asia,Terminal-2,Berth-12
PR09391,P004,Dubai,UAE,Middle East,Terminal-3,Berth-13
PR09392,P005,Colombo,Sri Lanka,South Asia,Terminal-4,Berth-14
PR09393,P006,Rotterdam,Netherlands,Europe,Terminal-1,Berth-15
PR09394,P007,Los Angeles,USA,North America,Terminal-2,Berth-16
PR09395,P001,Chennai,India,South Asia,Terminal-3,Berth-17
PR09396,P002,Mumbai,India,South Asia,Terminal-4,Berth-18
PR09397,P003,Singapore,Singapore,Southeast Asia,Terminal-1,Berth-1
PR09398,P004,Dubai,UAE,Middle East,Terminal-2,Berth-2
PR09399,P005,Colombo,Sri Lanka,South Asia,Terminal-3,Berth-3
PR09400,P006,Rotterdam,Netherlands,Europe,Terminal-4,Berth-4
PR09401,P007,Los Angeles,USA,North America,Terminal-1,Berth-5
PR09402,P001,Chennai,India,South Asia,Terminal-2,Berth-6
PR09403,P002,Mumbai,India,South Asia,Terminal-3,Berth-7
PR09404,P003,Singapore,Singapore,Southeast Asia,Terminal-4,Berth-8
PR09405,P004,Dubai,UAE,Middle East,Terminal-1,Berth-9
PR09406,P005,Colombo,Sri Lanka,South Asia,Terminal-2,Berth-10
PR09407,P006,Rotterdam,Netherlands,Europe,Terminal-3,Berth-11
PR09408,P007,Los Angeles,USA,North America,Terminal-4,Berth-12
PR09409,P001,Chennai,India,South Asia,Terminal-1,Berth-13
PR09410,P002,Mumbai,India,South Asia,Terminal-2,Berth-14
PR09411,P003,Singapore,Singapore,Southeast Asia,Terminal-3,Berth-15
PR09412,P004,Dubai,UAE,Middle East,Terminal-4,Berth-16
PR09413,P005,Colombo,Sri Lanka,South Asia,Terminal-1,Berth-17
PR09414,P006,Rotterdam,Netherlands,Europe,Terminal-2,Berth-18
PR09415,P007,Los Angeles,USA,North America,Terminal-3,Berth-1
PR09416,P001,Chennai,India,South Asia,Terminal-4,Berth-2
PR09417,P002,Mumbai,India,South Asia,Terminal-1,Berth-3
PR09418,P003,Singapore,Singapore,Southeast Asia,Terminal-2,Berth-4
PR09419,P004,Dubai,UAE,Middle East,Terminal-3,Berth-5
PR09420,P005,Colombo,Sri Lanka,South Asia,Terminal-4,Berth-6
PR09421,P006,Rotterdam,Netherlands,Europe,Terminal-1,Berth-7
PR09422,P007,Los Angeles,USA,North America,Terminal-2,Berth-8
PR09423,P001,Chennai,India,South Asia,Terminal-3,Berth-9
PR09424,P002,Mumbai,India,South Asia,Terminal-4,Berth-10
PR09425,P003,Singapore,Singapore,Southeast Asia,Terminal-1,Berth-11
PR09426,P004,Dubai,UAE,Middle East,Terminal-2,Berth-12
PR09427,P005,Colombo,Sri Lanka,South Asia,Terminal-3,Berth-13
PR09428,P006,Rotterdam,Netherlands,Europe,Terminal-4,Berth-14
PR09429,P007,Los Angeles,USA,North America,Terminal-1,Berth-15
PR09430,P001,Chennai,India,South Asia,Terminal-2,Berth-16
PR09431,P002,Mumbai,India,South Asia,Terminal-3,Berth-17
PR09432,P003,Singapore,Singapore,Southeast Asia,Terminal-4,Berth-18
PR09433,P004,Dubai,UAE,Middle East,Terminal-1,Berth-1
PR09434,P005,Colombo,Sri Lanka,South Asia,Terminal-2,Berth-2
PR09435,P006,Rotterdam,Netherlands,Europe,Terminal-3,Berth-3
PR09436,P007,Los Angeles,USA,North America,Terminal-4,Berth-4
PR09437,P001,Chennai,India,South Asia,Terminal-1,Berth-5
PR09438,P002,Mumbai,India,South Asia,Terminal-2,Berth-6
PR09439,P003,Singapore,Singapore,Southeast Asia,Terminal-3,Berth-7
PR09440,P004,Dubai,UAE,Middle East,Terminal-4,Berth-8
PR09441,P005,Colombo,Sri Lanka,South Asia,Terminal-1,Berth-9
PR09442,P006,Rotterdam,Netherlands,Europe,Terminal-2,Berth-10
PR09443,P007,Los Angeles,USA,North America,Terminal-3,Berth-11
PR09444,P001,Chennai,India,South Asia,Terminal-4,Berth-12
PR09445,P002,Mumbai,India,South Asia,Terminal-1,Berth-13
PR09446,P003,Singapore,Singapore,Southeast Asia,Terminal-2,Berth-14
PR09447,P004,Dubai,UAE,Middle East,Terminal-3,Berth-15
PR09448,P005,Colombo,Sri Lanka,South Asia,Terminal-4,Berth-16
PR09449,P006,Rotterdam,Netherlands,Europe,Terminal-1,Berth-17
PR09450,P007,Los Angeles,USA,North America,Terminal-2,Berth-18
PR09451,P001,Chennai,India,South Asia,Terminal-3,Berth-1
PR09452,P002,Mumbai,India,South Asia,Terminal-4,Berth-2
PR09453,P003,Singapore,Singapore,Southeast Asia,Terminal-1,Berth-3
PR09454,P004,Dubai,UAE,Middle East,Terminal-2,Berth-4
PR09455,P005,Colombo,Sri Lanka,South Asia,Terminal-3,Berth-5
PR09456,P006,Rotterdam,Netherlands,Europe,Terminal-4,Berth-6
PR09457,P007,Los Angeles,USA,North America,Terminal-1,Berth-7
PR09458,P001,Chennai,India,South Asia,Terminal-2,Berth-8
PR09459,P002,Mumbai,India,South Asia,Terminal-3,Berth-9
PR09460,P003,Singapore,Singapore,Southeast Asia,Terminal-4,Berth-10
PR09461,P004,Dubai,UAE,Middle East,Terminal-1,Berth-11
PR09462,P005,Colombo,Sri Lanka,South Asia,Terminal-2,Berth-12
PR09463,P006,Rotterdam,Netherlands,Europe,Terminal-3,Berth-13
PR09464,P007,Los Angeles,USA,North America,Terminal-4,Berth-14
PR09465,P001,Chennai,India,South Asia,Terminal-1,Berth-15
PR09466,P002,Mumbai,India,South Asia,Terminal-2,Berth-16
PR09467,P003,Singapore,Singapore,Southeast Asia,Terminal-3,Berth-17
PR09468,P004,Dubai,UAE,Middle East,Terminal-4,Berth-18
PR09469,P005,Colombo,Sri Lanka,South Asia,Terminal-1,Berth-1
PR09470,P006,Rotterdam,Netherlands,Europe,Terminal-2,Berth-2
PR09471,P007,Los Angeles,USA,North America,Terminal-3,Berth-3
PR09472,P001,Chennai,India,South Asia,Terminal-4,Berth-4
PR09473,P002,Mumbai,India,South Asia,Terminal-1,Berth-5
PR09474,P003,Singapore,Singapore,Southeast Asia,Terminal-2,Berth-6
PR09475,P004,Dubai,UAE,Middle East,Terminal-3,Berth-7
PR09476,P005,Colombo,Sri Lanka,South Asia,Terminal-4,Berth-8
PR09477,P006,Rotterdam,Netherlands,Europe,Terminal-1,Berth-9
PR09478,P007,Los Angeles,USA,North America,Terminal-2,Berth-10
PR09479,P001,Chennai,India,South Asia,Terminal-3,Berth-11
PR09480,P002,Mumbai,India,South Asia,Terminal-4,Berth-12
PR09481,P003,Singapore,Singapore,Southeast Asia,Terminal-1,Berth-13
PR09482,P004,Dubai,UAE,Middle East,Terminal-2,Berth-14
PR09483,P005,Colombo,Sri Lanka,South Asia,Terminal-3,Berth-15
PR09484,P006,Rotterdam,Netherlands,Europe,Terminal-4,Berth-16
PR09485,P007,Los Angeles,USA,North America,Terminal-1,Berth-17
PR09486,P001,Chennai,India,South Asia,Terminal-2,Berth-18
PR09487,P002,Mumbai,India,South Asia,Terminal-3,Berth-1
PR09488,P003,Singapore,Singapore,Southeast Asia,Terminal-4,Berth-2
PR09489,P004,Dubai,UAE,Middle East,Terminal-1,Berth-3
PR09490,P005,Colombo,Sri Lanka,South Asia,Terminal-2,Berth-4
PR09491,P006,Rotterdam,Netherlands,Europe,Terminal-3,Berth-5
PR09492,P007,Los Angeles,USA,North America,Terminal-4,Berth-6
PR09493,P001,Chennai,India,South Asia,Terminal-1,Berth-7
PR09494,P002,Mumbai,India,South Asia,Terminal-2,Berth-8
PR09495,P003,Singapore,Singapore,Southeast Asia,Terminal-3,Berth-9
PR09496,P004,Dubai,UAE,Middle East,Terminal-4,Berth-10
PR09497,P005,Colombo,Sri Lanka,South Asia,Terminal-1,Berth-11
PR09498,P006,Rotterdam,Netherlands,Europe,Terminal-2,Berth-12
PR09499,P007,Los Angeles,USA,North America,Terminal-3,Berth-13
PR09500,P001,Chennai,India,South Asia,Terminal-4,Berth-14
PR09501,P002,Mumbai,India,South Asia,Terminal-1,Berth-15
PR09502,P003,Singapore,Singapore,Southeast Asia,Terminal-2,Berth-16
PR09503,P004,Dubai,UAE,Middle East,Terminal-3,Berth-17
PR09504,P005,Colombo,Sri Lanka,South Asia,Terminal-4,Berth-18
PR09505,P006,Rotterdam,Netherlands,Europe,Terminal-1,Berth-1
PR09506,P007,Los Angeles,USA,North America,Terminal-2,Berth-2
PR09507,P001,Chennai,India,South Asia,Terminal-3,Berth-3
PR09508,P002,Mumbai,India,South Asia,Terminal-4,Berth-4
PR09509,P003,Singapore,Singapore,Southeast Asia,Terminal-1,Berth-5
PR09510,P004,Dubai,UAE,Middle East,Terminal-2,Berth-6
PR09511,P005,Colombo,Sri Lanka,South Asia,Terminal-3,Berth-7
PR09512,P006,Rotterdam,Netherlands,Europe,Terminal-4,Berth-8
PR09513,P007,Los Angeles,USA,North America,Terminal-1,Berth-9
PR09514,P001,Chennai,India,South Asia,Terminal-2,Berth-10
PR09515,P002,Mumbai,India,South Asia,Terminal-3,Berth-11
PR09516,P003,Singapore,Singapore,Southeast Asia,Terminal-4,Berth-12
PR09517,P004,Dubai,UAE,Middle East,Terminal-1,Berth-13
PR09518,P005,Colombo,Sri Lanka,South Asia,Terminal-2,Berth-14
PR09519,P006,Rotterdam,Netherlands,Europe,Terminal-3,Berth-15
PR09520,P007,Los Angeles,USA,North America,Terminal-4,Berth-16
PR09521,P001,Chennai,India,South Asia,Terminal-1,Berth-17
PR09522,P002,Mumbai,India,South Asia,Terminal-2,Berth-18
PR09523,P003,Singapore,Singapore,Southeast Asia,Terminal-3,Berth-1
PR09524,P004,Dubai,UAE,Middle East,Terminal-4,Berth-2
PR09525,P005,Colombo,Sri Lanka,South Asia,Terminal-1,Berth-3
PR09526,P006,Rotterdam,Netherlands,Europe,Terminal-2,Berth-4
PR09527,P007,Los Angeles,USA,North America,Terminal-3,Berth-5
PR09528,P001,Chennai,India,South Asia,Terminal-4,Berth-6
PR09529,P002,Mumbai,India,South Asia,Terminal-1,Berth-7
PR09530,P003,Singapore,Singapore,Southeast Asia,Terminal-2,Berth-8
PR09531,P004,Dubai,UAE,Middle East,Terminal-3,Berth-9
PR09532,P005,Colombo,Sri Lanka,South Asia,Terminal-4,Berth-10
PR09533,P006,Rotterdam,Netherlands,Europe,Terminal-1,Berth-11
PR09534,P007,Los Angeles,USA,North America,Terminal-2,Berth-12
PR09535,P001,Chennai,India,South Asia,Terminal-3,Berth-13
PR09536,P002,Mumbai,India,South Asia,Terminal-4,Berth-14
PR09537,P003,Singapore,Singapore,Southeast Asia,Terminal-1,Berth-15
PR09538,P004,Dubai,UAE,Middle East,Terminal-2,Berth-16
PR09539,P005,Colombo,Sri Lanka,South Asia,Terminal-3,Berth-17
PR09540,P006,Rotterdam,Netherlands,Europe,Terminal-4,Berth-18
PR09541,P007,Los Angeles,USA,North America,Terminal-1,Berth-1
PR09542,P001,Chennai,India,South Asia,Terminal-2,Berth-2
PR09543,P002,Mumbai,India,South Asia,Terminal-3,Berth-3
PR09544,P003,Singapore,Singapore,Southeast Asia,Terminal-4,Berth-4
PR09545,P004,Dubai,UAE,Middle East,Terminal-1,Berth-5
PR09546,P005,Colombo,Sri Lanka,South Asia,Terminal-2,Berth-6
PR09547,P006,Rotterdam,Netherlands,Europe,Terminal-3,Berth-7
PR09548,P007,Los Angeles,USA,North America,Terminal-4,Berth-8
PR09549,P001,Chennai,India,South Asia,Terminal-1,Berth-9
PR09550,P002,Mumbai,India,South Asia,Terminal-2,Berth-10
PR09551,P003,Singapore,Singapore,Southeast Asia,Terminal-3,Berth-11
PR09552,P004,Dubai,UAE,Middle East,Terminal-4,Berth-12
PR09553,P005,Colombo,Sri Lanka,South Asia,Terminal-1,Berth-13
PR09554,P006,Rotterdam,Netherlands,Europe,Terminal-2,Berth-14
PR09555,P007,Los Angeles,USA,North America,Terminal-3,Berth-15
PR09556,P001,Chennai,India,South Asia,Terminal-4,Berth-16
PR09557,P002,Mumbai,India,South Asia,Terminal-1,Berth-17
PR09558,P003,Singapore,Singapore,Southeast Asia,Terminal-2,Berth-18
PR09559,P004,Dubai,UAE,Middle East,Terminal-3,Berth-1
PR09560,P005,Colombo,Sri Lanka,South Asia,Terminal-4,Berth-2
PR09561,P006,Rotterdam,Netherlands,Europe,Terminal-1,Berth-3
PR09562,P007,Los Angeles,USA,North America,Terminal-2,Berth-4
PR09563,P001,Chennai,India,South Asia,Terminal-3,Berth-5
PR09564,P002,Mumbai,India,South Asia,Terminal-4,Berth-6
PR09565,P003,Singapore,Singapore,Southeast Asia,Terminal-1,Berth-7
PR09566,P004,Dubai,UAE,Middle East,Terminal-2,Berth-8
PR09567,P005,Colombo,Sri Lanka,South Asia,Terminal-3,Berth-9
PR09568,P006,Rotterdam,Netherlands,Europe,Terminal-4,Berth-10
PR09569,P007,Los Angeles,USA,North America,Terminal-1,Berth-11
PR09570,P001,Chennai,India,South Asia,Terminal-2,Berth-12
PR09571,P002,Mumbai,India,South Asia,Terminal-3,Berth-13
PR09572,P003,Singapore,Singapore,Southeast Asia,Terminal-4,Berth-14
PR09573,P004,Dubai,UAE,Middle East,Terminal-1,Berth-15
PR09574,P005,Colombo,Sri Lanka,South Asia,Terminal-2,Berth-16
PR09575,P006,Rotterdam,Netherlands,Europe,Terminal-3,Berth-17
PR09576,P007,Los Angeles,USA,North America,Terminal-4,Berth-18
PR09577,P001,Chennai,India,South Asia,Terminal-1,Berth-1
PR09578,P002,Mumbai,India,South Asia,Terminal-2,Berth-2
PR09579,P003,Singapore,Singapore,Southeast Asia,Terminal-3,Berth-3
PR09580,P004,Dubai,UAE,Middle East,Terminal-4,Berth-4
PR09581,P005,Colombo,Sri Lanka,South Asia,Terminal-1,Berth-5
PR09582,P006,Rotterdam,Netherlands,Europe,Terminal-2,Berth-6
PR09583,P007,Los Angeles,USA,North America,Terminal-3,Berth-7
PR09584,P001,Chennai,India,South Asia,Terminal-4,Berth-8
PR09585,P002,Mumbai,India,South Asia,Terminal-1,Berth-9
PR09586,P003,Singapore,Singapore,Southeast Asia,Terminal-2,Berth-10
PR09587,P004,Dubai,UAE,Middle East,Terminal-3,Berth-11
PR09588,P005,Colombo,Sri Lanka,South Asia,Terminal-4,Berth-12
PR09589,P006,Rotterdam,Netherlands,Europe,Terminal-1,Berth-13
PR09590,P007,Los Angeles,USA,North America,Terminal-2,Berth-14
PR09591,P001,Chennai,India,South Asia,Terminal-3,Berth-15
PR09592,P002,Mumbai,India,South Asia,Terminal-4,Berth-16
PR09593,P003,Singapore,Singapore,Southeast Asia,Terminal-1,Berth-17
PR09594,P004,Dubai,UAE,Middle East,Terminal-2,Berth-18
PR09595,P005,Colombo,Sri Lanka,South Asia,Terminal-3,Berth-1
PR09596,P006,Rotterdam,Netherlands,Europe,Terminal-4,Berth-2
PR09597,P007,Los Angeles,USA,North America,Terminal-1,Berth-3
PR09598,P001,Chennai,India,South Asia,Terminal-2,Berth-4
PR09599,P002,Mumbai,India,South Asia,Terminal-3,Berth-5
PR09600,P003,Singapore,Singapore,Southeast Asia,Terminal-4,Berth-6
PR09601,P004,Dubai,UAE,Middle East,Terminal-1,Berth-7
PR09602,P005,Colombo,Sri Lanka,South Asia,Terminal-2,Berth-8
PR09603,P006,Rotterdam,Netherlands,Europe,Terminal-3,Berth-9
PR09604,P007,Los Angeles,USA,North America,Terminal-4,Berth-10
PR09605,P001,Chennai,India,South Asia,Terminal-1,Berth-11
PR09606,P002,Mumbai,India,South Asia,Terminal-2,Berth-12
PR09607,P003,Singapore,Singapore,Southeast Asia,Terminal-3,Berth-13
PR09608,P004,Dubai,UAE,Middle East,Terminal-4,Berth-14
PR09609,P005,Colombo,Sri Lanka,South Asia,Terminal-1,Berth-15
PR09610,P006,Rotterdam,Netherlands,Europe,Terminal-2,Berth-16
PR09611,P007,Los Angeles,USA,North America,Terminal-3,Berth-17
PR09612,P001,Chennai,India,South Asia,Terminal-4,Berth-18
PR09613,P002,Mumbai,India,South Asia,Terminal-1,Berth-1
PR09614,P003,Singapore,Singapore,Southeast Asia,Terminal-2,Berth-2
PR09615,P004,Dubai,UAE,Middle East,Terminal-3,Berth-3
PR09616,P005,Colombo,Sri Lanka,South Asia,Terminal-4,Berth-4
PR09617,P006,Rotterdam,Netherlands,Europe,Terminal-1,Berth-5
PR09618,P007,Los Angeles,USA,North America,Terminal-2,Berth-6
PR09619,P001,Chennai,India,South Asia,Terminal-3,Berth-7
PR09620,P002,Mumbai,India,South Asia,Terminal-4,Berth-8
PR09621,P003,Singapore,Singapore,Southeast Asia,Terminal-1,Berth-9
PR09622,P004,Dubai,UAE,Middle East,Terminal-2,Berth-10
PR09623,P005,Colombo,Sri Lanka,South Asia,Terminal-3,Berth-11
PR09624,P006,Rotterdam,Netherlands,Europe,Terminal-4,Berth-12
PR09625,P007,Los Angeles,USA,North America,Terminal-1,Berth-13
PR09626,P001,Chennai,India,South Asia,Terminal-2,Berth-14
PR09627,P002,Mumbai,India,South Asia,Terminal-3,Berth-15
PR09628,P003,Singapore,Singapore,Southeast Asia,Terminal-4,Berth-16
PR09629,P004,Dubai,UAE,Middle East,Terminal-1,Berth-17
PR09630,P005,Colombo,Sri Lanka,South Asia,Terminal-2,Berth-18
PR09631,P006,Rotterdam,Netherlands,Europe,Terminal-3,Berth-1
PR09632,P007,Los Angeles,USA,North America,Terminal-4,Berth-2
PR09633,P001,Chennai,India,South Asia,Terminal-1,Berth-3
PR09634,P002,Mumbai,India,South Asia,Terminal-2,Berth-4
PR09635,P003,Singapore,Singapore,Southeast Asia,Terminal-3,Berth-5
PR09636,P004,Dubai,UAE,Middle East,Terminal-4,Berth-6
PR09637,P005,Colombo,Sri Lanka,South Asia,Terminal-1,Berth-7
PR09638,P006,Rotterdam,Netherlands,Europe,Terminal-2,Berth-8
PR09639,P007,Los Angeles,USA,North America,Terminal-3,Berth-9
PR09640,P001,Chennai,India,South Asia,Terminal-4,Berth-10
PR09641,P002,Mumbai,India,South Asia,Terminal-1,Berth-11
PR09642,P003,Singapore,Singapore,Southeast Asia,Terminal-2,Berth-12
PR09643,P004,Dubai,UAE,Middle East,Terminal-3,Berth-13
PR09644,P005,Colombo,Sri Lanka,South Asia,Terminal-4,Berth-14
PR09645,P006,Rotterdam,Netherlands,Europe,Terminal-1,Berth-15
PR09646,P007,Los Angeles,USA,North America,Terminal-2,Berth-16
PR09647,P001,Chennai,India,South Asia,Terminal-3,Berth-17
PR09648,P002,Mumbai,India,South Asia,Terminal-4,Berth-18
PR09649,P003,Singapore,Singapore,Southeast Asia,Terminal-1,Berth-1
PR09650,P004,Dubai,UAE,Middle East,Terminal-2,Berth-2
PR09651,P005,Colombo,Sri Lanka,South Asia,Terminal-3,Berth-3
PR09652,P006,Rotterdam,Netherlands,Europe,Terminal-4,Berth-4
PR09653,P007,Los Angeles,USA,North America,Terminal-1,Berth-5
PR09654,P001,Chennai,India,South Asia,Terminal-2,Berth-6
PR09655,P002,Mumbai,India,South Asia,Terminal-3,Berth-7
PR09656,P003,Singapore,Singapore,Southeast Asia,Terminal-4,Berth-8
PR09657,P004,Dubai,UAE,Middle East,Terminal-1,Berth-9
PR09658,P005,Colombo,Sri Lanka,South Asia,Terminal-2,Berth-10
PR09659,P006,Rotterdam,Netherlands,Europe,Terminal-3,Berth-11
PR09660,P007,Los Angeles,USA,North America,Terminal-4,Berth-12
PR09661,P001,Chennai,India,South Asia,Terminal-1,Berth-13
PR09662,P002,Mumbai,India,South Asia,Terminal-2,Berth-14
PR09663,P003,Singapore,Singapore,Southeast Asia,Terminal-3,Berth-15
PR09664,P004,Dubai,UAE,Middle East,Terminal-4,Berth-16
PR09665,P005,Colombo,Sri Lanka,South Asia,Terminal-1,Berth-17
PR09666,P006,Rotterdam,Netherlands,Europe,Terminal-2,Berth-18
PR09667,P007,Los Angeles,USA,North America,Terminal-3,Berth-1
PR09668,P001,Chennai,India,South Asia,Terminal-4,Berth-2
PR09669,P002,Mumbai,India,South Asia,Terminal-1,Berth-3
PR09670,P003,Singapore,Singapore,Southeast Asia,Terminal-2,Berth-4
PR09671,P004,Dubai,UAE,Middle East,Terminal-3,Berth-5
PR09672,P005,Colombo,Sri Lanka,South Asia,Terminal-4,Berth-6
PR09673,P006,Rotterdam,Netherlands,Europe,Terminal-1,Berth-7
PR09674,P007,Los Angeles,USA,North America,Terminal-2,Berth-8
PR09675,P001,Chennai,India,South Asia,Terminal-3,Berth-9
PR09676,P002,Mumbai,India,South Asia,Terminal-4,Berth-10
PR09677,P003,Singapore,Singapore,Southeast Asia,Terminal-1,Berth-11
PR09678,P004,Dubai,UAE,Middle East,Terminal-2,Berth-12
PR09679,P005,Colombo,Sri Lanka,South Asia,Terminal-3,Berth-13
PR09680,P006,Rotterdam,Netherlands,Europe,Terminal-4,Berth-14
PR09681,P007,Los Angeles,USA,North America,Terminal-1,Berth-15
PR09682,P001,Chennai,India,South Asia,Terminal-2,Berth-16
PR09683,P002,Mumbai,India,South Asia,Terminal-3,Berth-17
PR09684,P003,Singapore,Singapore,Southeast Asia,Terminal-4,Berth-18
PR09685,P004,Dubai,UAE,Middle East,Terminal-1,Berth-1
PR09686,P005,Colombo,Sri Lanka,South Asia,Terminal-2,Berth-2
PR09687,P006,Rotterdam,Netherlands,Europe,Terminal-3,Berth-3
PR09688,P007,Los Angeles,USA,North America,Terminal-4,Berth-4
PR09689,P001,Chennai,India,South Asia,Terminal-1,Berth-5
PR09690,P002,Mumbai,India,South Asia,Terminal-2,Berth-6
PR09691,P003,Singapore,Singapore,Southeast Asia,Terminal-3,Berth-7
PR09692,P004,Dubai,UAE,Middle East,Terminal-4,Berth-8
PR09693,P005,Colombo,Sri Lanka,South Asia,Terminal-1,Berth-9
PR09694,P006,Rotterdam,Netherlands,Europe,Terminal-2,Berth-10
PR09695,P007,Los Angeles,USA,North America,Terminal-3,Berth-11
PR09696,P001,Chennai,India,South Asia,Terminal-4,Berth-12
PR09697,P002,Mumbai,India,South Asia,Terminal-1,Berth-13
PR09698,P003,Singapore,Singapore,Southeast Asia,Terminal-2,Berth-14
PR09699,P004,Dubai,UAE,Middle East,Terminal-3,Berth-15
PR09700,P005,Colombo,Sri Lanka,South Asia,Terminal-4,Berth-16
PR09701,P006,Rotterdam,Netherlands,Europe,Terminal-1,Berth-17
PR09702,P007,Los Angeles,USA,North America,Terminal-2,Berth-18
PR09703,P001,Chennai,India,South Asia,Terminal-3,Berth-1
PR09704,P002,Mumbai,India,South Asia,Terminal-4,Berth-2
PR09705,P003,Singapore,Singapore,Southeast Asia,Terminal-1,Berth-3
PR09706,P004,Dubai,UAE,Middle East,Terminal-2,Berth-4
PR09707,P005,Colombo,Sri Lanka,South Asia,Terminal-3,Berth-5
PR09708,P006,Rotterdam,Netherlands,Europe,Terminal-4,Berth-6
PR09709,P007,Los Angeles,USA,North America,Terminal-1,Berth-7
PR09710,P001,Chennai,India,South Asia,Terminal-2,Berth-8
PR09711,P002,Mumbai,India,South Asia,Terminal-3,Berth-9
PR09712,P003,Singapore,Singapore,Southeast Asia,Terminal-4,Berth-10
PR09713,P004,Dubai,UAE,Middle East,Terminal-1,Berth-11
PR09714,P005,Colombo,Sri Lanka,South Asia,Terminal-2,Berth-12
PR09715,P006,Rotterdam,Netherlands,Europe,Terminal-3,Berth-13
PR09716,P007,Los Angeles,USA,North America,Terminal-4,Berth-14
PR09717,P001,Chennai,India,South Asia,Terminal-1,Berth-15
PR09718,P002,Mumbai,India,South Asia,Terminal-2,Berth-16
PR09719,P003,Singapore,Singapore,Southeast Asia,Terminal-3,Berth-17
PR09720,P004,Dubai,UAE,Middle East,Terminal-4,Berth-18
PR09721,P005,Colombo,Sri Lanka,South Asia,Terminal-1,Berth-1
PR09722,P006,Rotterdam,Netherlands,Europe,Terminal-2,Berth-2
PR09723,P007,Los Angeles,USA,North America,Terminal-3,Berth-3
PR09724,P001,Chennai,India,South Asia,Terminal-4,Berth-4
PR09725,P002,Mumbai,India,South Asia,Terminal-1,Berth-5
PR09726,P003,Singapore,Singapore,Southeast Asia,Terminal-2,Berth-6
PR09727,P004,Dubai,UAE,Middle East,Terminal-3,Berth-7
PR09728,P005,Colombo,Sri Lanka,South Asia,Terminal-4,Berth-8
PR09729,P006,Rotterdam,Netherlands,Europe,Terminal-1,Berth-9
PR09730,P007,Los Angeles,USA,North America,Terminal-2,Berth-10
PR09731,P001,Chennai,India,South Asia,Terminal-3,Berth-11
PR09732,P002,Mumbai,India,South Asia,Terminal-4,Berth-12
PR09733,P003,Singapore,Singapore,Southeast Asia,Terminal-1,Berth-13
PR09734,P004,Dubai,UAE,Middle East,Terminal-2,Berth-14
PR09735,P005,Colombo,Sri Lanka,South Asia,Terminal-3,Berth-15
PR09736,P006,Rotterdam,Netherlands,Europe,Terminal-4,Berth-16
PR09737,P007,Los Angeles,USA,North America,Terminal-1,Berth-17
PR09738,P001,Chennai,India,South Asia,Terminal-2,Berth-18
PR09739,P002,Mumbai,India,South Asia,Terminal-3,Berth-1
PR09740,P003,Singapore,Singapore,Southeast Asia,Terminal-4,Berth-2
PR09741,P004,Dubai,UAE,Middle East,Terminal-1,Berth-3
PR09742,P005,Colombo,Sri Lanka,South Asia,Terminal-2,Berth-4
PR09743,P006,Rotterdam,Netherlands,Europe,Terminal-3,Berth-5
PR09744,P007,Los Angeles,USA,North America,Terminal-4,Berth-6
PR09745,P001,Chennai,India,South Asia,Terminal-1,Berth-7
PR09746,P002,Mumbai,India,South Asia,Terminal-2,Berth-8
PR09747,P003,Singapore,Singapore,Southeast Asia,Terminal-3,Berth-9
PR09748,P004,Dubai,UAE,Middle East,Terminal-4,Berth-10
PR09749,P005,Colombo,Sri Lanka,South Asia,Terminal-1,Berth-11
PR09750,P006,Rotterdam,Netherlands,Europe,Terminal-2,Berth-12
PR09751,P007,Los Angeles,USA,North America,Terminal-3,Berth-13
PR09752,P001,Chennai,India,South Asia,Terminal-4,Berth-14
PR09753,P002,Mumbai,India,South Asia,Terminal-1,Berth-15
PR09754,P003,Singapore,Singapore,Southeast Asia,Terminal-2,Berth-16
PR09755,P004,Dubai,UAE,Middle East,Terminal-3,Berth-17
PR09756,P005,Colombo,Sri Lanka,South Asia,Terminal-4,Berth-18
PR09757,P006,Rotterdam,Netherlands,Europe,Terminal-1,Berth-1
PR09758,P007,Los Angeles,USA,North America,Terminal-2,Berth-2
PR09759,P001,Chennai,India,South Asia,Terminal-3,Berth-3
PR09760,P002,Mumbai,India,South Asia,Terminal-4,Berth-4
PR09761,P003,Singapore,Singapore,Southeast Asia,Terminal-1,Berth-5
PR09762,P004,Dubai,UAE,Middle East,Terminal-2,Berth-6
PR09763,P005,Colombo,Sri Lanka,South Asia,Terminal-3,Berth-7
PR09764,P006,Rotterdam,Netherlands,Europe,Terminal-4,Berth-8
PR09765,P007,Los Angeles,USA,North America,Terminal-1,Berth-9
PR09766,P001,Chennai,India,South Asia,Terminal-2,Berth-10
PR09767,P002,Mumbai,India,South Asia,Terminal-3,Berth-11
PR09768,P003,Singapore,Singapore,Southeast Asia,Terminal-4,Berth-12
PR09769,P004,Dubai,UAE,Middle East,Terminal-1,Berth-13
PR09770,P005,Colombo,Sri Lanka,South Asia,Terminal-2,Berth-14
PR09771,P006,Rotterdam,Netherlands,Europe,Terminal-3,Berth-15
PR09772,P007,Los Angeles,USA,North America,Terminal-4,Berth-16
PR09773,P001,Chennai,India,South Asia,Terminal-1,Berth-17
PR09774,P002,Mumbai,India,South Asia,Terminal-2,Berth-18
PR09775,P003,Singapore,Singapore,Southeast Asia,Terminal-3,Berth-1
PR09776,P004,Dubai,UAE,Middle East,Terminal-4,Berth-2
PR09777,P005,Colombo,Sri Lanka,South Asia,Terminal-1,Berth-3
PR09778,P006,Rotterdam,Netherlands,Europe,Terminal-2,Berth-4
PR09779,P007,Los Angeles,USA,North America,Terminal-3,Berth-5
PR09780,P001,Chennai,India,South Asia,Terminal-4,Berth-6
PR09781,P002,Mumbai,India,South Asia,Terminal-1,Berth-7
PR09782,P003,Singapore,Singapore,Southeast Asia,Terminal-2,Berth-8
PR09783,P004,Dubai,UAE,Middle East,Terminal-3,Berth-9
PR09784,P005,Colombo,Sri Lanka,South Asia,Terminal-4,Berth-10
PR09785,P006,Rotterdam,Netherlands,Europe,Terminal-1,Berth-11
PR09786,P007,Los Angeles,USA,North America,Terminal-2,Berth-12
PR09787,P001,Chennai,India,South Asia,Terminal-3,Berth-13
PR09788,P002,Mumbai,India,South Asia,Terminal-4,Berth-14
PR09789,P003,Singapore,Singapore,Southeast Asia,Terminal-1,Berth-15
PR09790,P004,Dubai,UAE,Middle East,Terminal-2,Berth-16
PR09791,P005,Colombo,Sri Lanka,South Asia,Terminal-3,Berth-17
PR09792,P006,Rotterdam,Netherlands,Europe,Terminal-4,Berth-18
PR09793,P007,Los Angeles,USA,North America,Terminal-1,Berth-1
PR09794,P001,Chennai,India,South Asia,Terminal-2,Berth-2
PR09795,P002,Mumbai,India,South Asia,Terminal-3,Berth-3
PR09796,P003,Singapore,Singapore,Southeast Asia,Terminal-4,Berth-4
PR09797,P004,Dubai,UAE,Middle East,Terminal-1,Berth-5
PR09798,P005,Colombo,Sri Lanka,South Asia,Terminal-2,Berth-6
PR09799,P006,Rotterdam,Netherlands,Europe,Terminal-3,Berth-7
PR09800,P007,Los Angeles,USA,North America,Terminal-4,Berth-8
PR09801,P001,Chennai,India,South Asia,Terminal-1,Berth-9
PR09802,P002,Mumbai,India,South Asia,Terminal-2,Berth-10
PR09803,P003,Singapore,Singapore,Southeast Asia,Terminal-3,Berth-11
PR09804,P004,Dubai,UAE,Middle East,Terminal-4,Berth-12
PR09805,P005,Colombo,Sri Lanka,South Asia,Terminal-1,Berth-13
PR09806,P006,Rotterdam,Netherlands,Europe,Terminal-2,Berth-14
PR09807,P007,Los Angeles,USA,North America,Terminal-3,Berth-15
PR09808,P001,Chennai,India,South Asia,Terminal-4,Berth-16
PR09809,P002,Mumbai,India,South Asia,Terminal-1,Berth-17
PR09810,P003,Singapore,Singapore,Southeast Asia,Terminal-2,Berth-18
PR09811,P004,Dubai,UAE,Middle East,Terminal-3,Berth-1
PR09812,P005,Colombo,Sri Lanka,South Asia,Terminal-4,Berth-2
PR09813,P006,Rotterdam,Netherlands,Europe,Terminal-1,Berth-3
PR09814,P007,Los Angeles,USA,North America,Terminal-2,Berth-4
PR09815,P001,Chennai,India,South Asia,Terminal-3,Berth-5
PR09816,P002,Mumbai,India,South Asia,Terminal-4,Berth-6
PR09817,P003,Singapore,Singapore,Southeast Asia,Terminal-1,Berth-7
PR09818,P004,Dubai,UAE,Middle East,Terminal-2,Berth-8
PR09819,P005,Colombo,Sri Lanka,South Asia,Terminal-3,Berth-9
PR09820,P006,Rotterdam,Netherlands,Europe,Terminal-4,Berth-10
PR09821,P007,Los Angeles,USA,North America,Terminal-1,Berth-11
PR09822,P001,Chennai,India,South Asia,Terminal-2,Berth-12
PR09823,P002,Mumbai,India,South Asia,Terminal-3,Berth-13
PR09824,P003,Singapore,Singapore,Southeast Asia,Terminal-4,Berth-14
PR09825,P004,Dubai,UAE,Middle East,Terminal-1,Berth-15
PR09826,P005,Colombo,Sri Lanka,South Asia,Terminal-2,Berth-16
PR09827,P006,Rotterdam,Netherlands,Europe,Terminal-3,Berth-17
PR09828,P007,Los Angeles,USA,North America,Terminal-4,Berth-18
PR09829,P001,Chennai,India,South Asia,Terminal-1,Berth-1
PR09830,P002,Mumbai,India,South Asia,Terminal-2,Berth-2
PR09831,P003,Singapore,Singapore,Southeast Asia,Terminal-3,Berth-3
PR09832,P004,Dubai,UAE,Middle East,Terminal-4,Berth-4
PR09833,P005,Colombo,Sri Lanka,South Asia,Terminal-1,Berth-5
PR09834,P006,Rotterdam,Netherlands,Europe,Terminal-2,Berth-6
PR09835,P007,Los Angeles,USA,North America,Terminal-3,Berth-7
PR09836,P001,Chennai,India,South Asia,Terminal-4,Berth-8
PR09837,P002,Mumbai,India,South Asia,Terminal-1,Berth-9
PR09838,P003,Singapore,Singapore,Southeast Asia,Terminal-2,Berth-10
PR09839,P004,Dubai,UAE,Middle East,Terminal-3,Berth-11
PR09840,P005,Colombo,Sri Lanka,South Asia,Terminal-4,Berth-12
PR09841,P006,Rotterdam,Netherlands,Europe,Terminal-1,Berth-13
PR09842,P007,Los Angeles,USA,North America,Terminal-2,Berth-14
PR09843,P001,Chennai,India,South Asia,Terminal-3,Berth-15
PR09844,P002,Mumbai,India,South Asia,Terminal-4,Berth-16
PR09845,P003,Singapore,Singapore,Southeast Asia,Terminal-1,Berth-17
PR09846,P004,Dubai,UAE,Middle East,Terminal-2,Berth-18
PR09847,P005,Colombo,Sri Lanka,South Asia,Terminal-3,Berth-1
PR09848,P006,Rotterdam,Netherlands,Europe,Terminal-4,Berth-2
PR09849,P007,Los Angeles,USA,North America,Terminal-1,Berth-3
PR09850,P001,Chennai,India,South Asia,Terminal-2,Berth-4
PR09851,P002,Mumbai,India,South Asia,Terminal-3,Berth-5
PR09852,P003,Singapore,Singapore,Southeast Asia,Terminal-4,Berth-6
PR09853,P004,Dubai,UAE,Middle East,Terminal-1,Berth-7
PR09854,P005,Colombo,Sri Lanka,South Asia,Terminal-2,Berth-8
PR09855,P006,Rotterdam,Netherlands,Europe,Terminal-3,Berth-9
PR09856,P007,Los Angeles,USA,North America,Terminal-4,Berth-10
PR09857,P001,Chennai,India,South Asia,Terminal-1,Berth-11
PR09858,P002,Mumbai,India,South Asia,Terminal-2,Berth-12
PR09859,P003,Singapore,Singapore,Southeast Asia,Terminal-3,Berth-13
PR09860,P004,Dubai,UAE,Middle East,Terminal-4,Berth-14
PR09861,P005,Colombo,Sri Lanka,South Asia,Terminal-1,Berth-15
PR09862,P006,Rotterdam,Netherlands,Europe,Terminal-2,Berth-16
PR09863,P007,Los Angeles,USA,North America,Terminal-3,Berth-17
PR09864,P001,Chennai,India,South Asia,Terminal-4,Berth-18
PR09865,P002,Mumbai,India,South Asia,Terminal-1,Berth-1
PR09866,P003,Singapore,Singapore,Southeast Asia,Terminal-2,Berth-2
PR09867,P004,Dubai,UAE,Middle East,Terminal-3,Berth-3
PR09868,P005,Colombo,Sri Lanka,South Asia,Terminal-4,Berth-4
PR09869,P006,Rotterdam,Netherlands,Europe,Terminal-1,Berth-5
PR09870,P007,Los Angeles,USA,North America,Terminal-2,Berth-6
PR09871,P001,Chennai,India,South Asia,Terminal-3,Berth-7
PR09872,P002,Mumbai,India,South Asia,Terminal-4,Berth-8
PR09873,P003,Singapore,Singapore,Southeast Asia,Terminal-1,Berth-9
PR09874,P004,Dubai,UAE,Middle East,Terminal-2,Berth-10
PR09875,P005,Colombo,Sri Lanka,South Asia,Terminal-3,Berth-11
PR09876,P006,Rotterdam,Netherlands,Europe,Terminal-4,Berth-12
PR09877,P007,Los Angeles,USA,North America,Terminal-1,Berth-13
PR09878,P001,Chennai,India,South Asia,Terminal-2,Berth-14
PR09879,P002,Mumbai,India,South Asia,Terminal-3,Berth-15
PR09880,P003,Singapore,Singapore,Southeast Asia,Terminal-4,Berth-16
PR09881,P004,Dubai,UAE,Middle East,Terminal-1,Berth-17
PR09882,P005,Colombo,Sri Lanka,South Asia,Terminal-2,Berth-18
PR09883,P006,Rotterdam,Netherlands,Europe,Terminal-3,Berth-1
PR09884,P007,Los Angeles,USA,North America,Terminal-4,Berth-2
PR09885,P001,Chennai,India,South Asia,Terminal-1,Berth-3
PR09886,P002,Mumbai,India,South Asia,Terminal-2,Berth-4
PR09887,P003,Singapore,Singapore,Southeast Asia,Terminal-3,Berth-5
PR09888,P004,Dubai,UAE,Middle East,Terminal-4,Berth-6
PR09889,P005,Colombo,Sri Lanka,South Asia,Terminal-1,Berth-7
PR09890,P006,Rotterdam,Netherlands,Europe,Terminal-2,Berth-8
PR09891,P007,Los Angeles,USA,North America,Terminal-3,Berth-9
PR09892,P001,Chennai,India,South Asia,Terminal-4,Berth-10
PR09893,P002,Mumbai,India,South Asia,Terminal-1,Berth-11
PR09894,P003,Singapore,Singapore,Southeast Asia,Terminal-2,Berth-12
PR09895,P004,Dubai,UAE,Middle East,Terminal-3,Berth-13
PR09896,P005,Colombo,Sri Lanka,South Asia,Terminal-4,Berth-14
PR09897,P006,Rotterdam,Netherlands,Europe,Terminal-1,Berth-15
PR09898,P007,Los Angeles,USA,North America,Terminal-2,Berth-16
PR09899,P001,Chennai,India,South Asia,Terminal-3,Berth-17
PR09900,P002,Mumbai,India,South Asia,Terminal-4,Berth-18
PR09901,P003,Singapore,Singapore,Southeast Asia,Terminal-1,Berth-1
PR09902,P004,Dubai,UAE,Middle East,Terminal-2,Berth-2
PR09903,P005,Colombo,Sri Lanka,South Asia,Terminal-3,Berth-3
PR09904,P006,Rotterdam,Netherlands,Europe,Terminal-4,Berth-4
PR09905,P007,Los Angeles,USA,North America,Terminal-1,Berth-5
PR09906,P001,Chennai,India,South Asia,Terminal-2,Berth-6
PR09907,P002,Mumbai,India,South Asia,Terminal-3,Berth-7
PR09908,P003,Singapore,Singapore,Southeast Asia,Terminal-4,Berth-8
PR09909,P004,Dubai,UAE,Middle East,Terminal-1,Berth-9
PR09910,P005,Colombo,Sri Lanka,South Asia,Terminal-2,Berth-10
PR09911,P006,Rotterdam,Netherlands,Europe,Terminal-3,Berth-11
PR09912,P007,Los Angeles,USA,North America,Terminal-4,Berth-12
PR09913,P001,Chennai,India,South Asia,Terminal-1,Berth-13
PR09914,P002,Mumbai,India,South Asia,Terminal-2,Berth-14
PR09915,P003,Singapore,Singapore,Southeast Asia,Terminal-3,Berth-15
PR09916,P004,Dubai,UAE,Middle East,Terminal-4,Berth-16
PR09917,P005,Colombo,Sri Lanka,South Asia,Terminal-1,Berth-17
PR09918,P006,Rotterdam,Netherlands,Europe,Terminal-2,Berth-18
PR09919,P007,Los Angeles,USA,North America,Terminal-3,Berth-1
PR09920,P001,Chennai,India,South Asia,Terminal-4,Berth-2
PR09921,P002,Mumbai,India,South Asia,Terminal-1,Berth-3
PR09922,P003,Singapore,Singapore,Southeast Asia,Terminal-2,Berth-4
PR09923,P004,Dubai,UAE,Middle East,Terminal-3,Berth-5
PR09924,P005,Colombo,Sri Lanka,South Asia,Terminal-4,Berth-6
PR09925,P006,Rotterdam,Netherlands,Europe,Terminal-1,Berth-7
PR09926,P007,Los Angeles,USA,North America,Terminal-2,Berth-8
PR09927,P001,Chennai,India,South Asia,Terminal-3,Berth-9
PR09928,P002,Mumbai,India,South Asia,Terminal-4,Berth-10
PR09929,P003,Singapore,Singapore,Southeast Asia,Terminal-1,Berth-11
PR09930,P004,Dubai,UAE,Middle East,Terminal-2,Berth-12
PR09931,P005,Colombo,Sri Lanka,South Asia,Terminal-3,Berth-13
PR09932,P006,Rotterdam,Netherlands,Europe,Terminal-4,Berth-14
PR09933,P007,Los Angeles,USA,North America,Terminal-1,Berth-15
PR09934,P001,Chennai,India,South Asia,Terminal-2,Berth-16
PR09935,P002,Mumbai,India,South Asia,Terminal-3,Berth-17
PR09936,P003,Singapore,Singapore,Southeast Asia,Terminal-4,Berth-18
PR09937,P004,Dubai,UAE,Middle East,Terminal-1,Berth-1
PR09938,P005,Colombo,Sri Lanka,South Asia,Terminal-2,Berth-2
PR09939,P006,Rotterdam,Netherlands,Europe,Terminal-3,Berth-3
PR09940,P007,Los Angeles,USA,North America,Terminal-4,Berth-4
PR09941,P001,Chennai,India,South Asia,Terminal-1,Berth-5
PR09942,P002,Mumbai,India,South Asia,Terminal-2,Berth-6
PR09943,P003,Singapore,Singapore,Southeast Asia,Terminal-3,Berth-7
PR09944,P004,Dubai,UAE,Middle East,Terminal-4,Berth-8
PR09945,P005,Colombo,Sri Lanka,South Asia,Terminal-1,Berth-9
PR09946,P006,Rotterdam,Netherlands,Europe,Terminal-2,Berth-10
PR09947,P007,Los Angeles,USA,North America,Terminal-3,Berth-11
PR09948,P001,Chennai,India,South Asia,Terminal-4,Berth-12
PR09949,P002,Mumbai,India,South Asia,Terminal-1,Berth-13
PR09950,P003,Singapore,Singapore,Southeast Asia,Terminal-2,Berth-14
PR09951,P004,Dubai,UAE,Middle East,Terminal-3,Berth-15
PR09952,P005,Colombo,Sri Lanka,South Asia,Terminal-4,Berth-16
PR09953,P006,Rotterdam,Netherlands,Europe,Terminal-1,Berth-17
PR09954,P007,Los Angeles,USA,North America,Terminal-2,Berth-18
PR09955,P001,Chennai,India,South Asia,Terminal-3,Berth-1
PR09956,P002,Mumbai,India,South Asia,Terminal-4,Berth-2
PR09957,P003,Singapore,Singapore,Southeast Asia,Terminal-1,Berth-3
PR09958,P004,Dubai,UAE,Middle East,Terminal-2,Berth-4
PR09959,P005,Colombo,Sri Lanka,South Asia,Terminal-3,Berth-5
PR09960,P006,Rotterdam,Netherlands,Europe,Terminal-4,Berth-6
PR09961,P007,Los Angeles,USA,North America,Terminal-1,Berth-7
PR09962,P001,Chennai,India,South Asia,Terminal-2,Berth-8
PR09963,P002,Mumbai,India,South Asia,Terminal-3,Berth-9
PR09964,P003,Singapore,Singapore,Southeast Asia,Terminal-4,Berth-10
PR09965,P004,Dubai,UAE,Middle East,Terminal-1,Berth-11
PR09966,P005,Colombo,Sri Lanka,South Asia,Terminal-2,Berth-12
PR09967,P006,Rotterdam,Netherlands,Europe,Terminal-3,Berth-13
PR09968,P007,Los Angeles,USA,North America,Terminal-4,Berth-14
PR09969,P001,Chennai,India,South Asia,Terminal-1,Berth-15
PR09970,P002,Mumbai,India,South Asia,Terminal-2,Berth-16
PR09971,P003,Singapore,Singapore,Southeast Asia,Terminal-3,Berth-17
PR09972,P004,Dubai,UAE,Middle East,Terminal-4,Berth-18
PR09973,P005,Colombo,Sri Lanka,South Asia,Terminal-1,Berth-1
PR09974,P006,Rotterdam,Netherlands,Europe,Terminal-2,Berth-2
PR09975,P007,Los Angeles,USA,North America,Terminal-3,Berth-3
PR09976,P001,Chennai,India,South Asia,Terminal-4,Berth-4
PR09977,P002,Mumbai,India,South Asia,Terminal-1,Berth-5
PR09978,P003,Singapore,Singapore,Southeast Asia,Terminal-2,Berth-6
PR09979,P004,Dubai,UAE,Middle East,Terminal-3,Berth-7
PR09980,P005,Colombo,Sri Lanka,South Asia,Terminal-4,Berth-8
PR09981,P006,Rotterdam,Netherlands,Europe,Terminal-1,Berth-9
PR09982,P007,Los Angeles,USA,North America,Terminal-2,Berth-10
PR09983,P001,Chennai,India,South Asia,Terminal-3,Berth-11
PR09984,P002,Mumbai,India,South Asia,Terminal-4,Berth-12
PR09985,P003,Singapore,Singapore,Southeast Asia,Terminal-1,Berth-13
PR09986,P004,Dubai,UAE,Middle East,Terminal-2,Berth-14
PR09987,P005,Colombo,Sri Lanka,South Asia,Terminal-3,Berth-15
PR09988,P006,Rotterdam,Netherlands,Europe,Terminal-4,Berth-16
PR09989,P007,Los Angeles,USA,North America,Terminal-1,Berth-17
PR09990,P001,Chennai,India,South Asia,Terminal-2,Berth-18
PR09991,P002,Mumbai,India,South Asia,Terminal-3,Berth-1
PR09992,P003,Singapore,Singapore,Southeast Asia,Terminal-4,Berth-2
PR09993,P004,Dubai,UAE,Middle East,Terminal-1,Berth-3
PR09994,P005,Colombo,Sri Lanka,South Asia,Terminal-2,Berth-4
PR09995,P006,Rotterdam,Netherlands,Europe,Terminal-3,Berth-5
PR09996,P007,Los Angeles,USA,North America,Terminal-4,Berth-6
PR09997,P001,Chennai,India,South Asia,Terminal-1,Berth-7
PR09998,P002,Mumbai,India,South Asia,Terminal-2,Berth-8
PR09999,P003,Singapore,Singapore,Southeast Asia,Terminal-3,Berth-9
PR10000,P004,Dubai,UAE,Middle East,Terminal-4,Berth-10
