Movement_ID,Date_Record_ID,Port_Record_ID,Ship_Record_ID,Container_ID,Movement_Type,Status,Movement_Time_Min,Dwell_Time_Hours,Customs_Delay_Hours
MV00001,DR01366,PR00002,SR08635,CONT00746,Transshipment,Loaded,47,34.3,0.0
MV00002,DR05983,PR00001,SR07954,CONT07307,Transshipment,Loaded,89,38.1,0.0
MV00003,DR02247,PR00002,SR05172,CONT04627,Export,In Yard,73,36.2,0.0
MV00004,DR05154,PR00006,SR09712,CONT06797,Import,Customs Hold,116,69.0,9.1
MV00005,DR03200,PR00003,SR07130,CONT06226,Export,In Yard,99,55.9,0.0
MV00006,DR07180,PR00001,SR07951,CONT09327,Export,Discharged,67,31.3,0.0
MV00007,DR09061,PR00002,SR03575,CONT09417,Import,Discharged,80,47.6,0.0
MV00008,DR00052,PR00007,SR07121,CONT02981,Export,Loaded,67,59.0,0.0
MV00009,DR08256,PR00003,SR07765,CONT05212,Export,Gate Out,85,49.5,0.0
MV00010,DR07593,PR00003,SR08975,CONT02982,Export,Loaded,61,42.6,0.0
MV00011,DR05554,PR00001,SR02205,CONT07335,Import,Loaded,61,10.8,0.0
MV00012,DR01015,PR00002,SR07134,CONT07586,Import,In Yard,71,53.7,0.0
MV00013,DR06988,PR00006,SR04068,CONT02834,Export,Loaded,112,32.1,0.0
MV00014,DR09253,PR00006,SR09690,CONT02040,Import,Gate Out,81,21.2,0.0
MV00015,DR06760,PR00003,SR09683,CONT00093,Import,Gate Out,53,15.5,0.0
MV00016,DR09027,PR00006,SR04687,CONT09534,Export,Gate Out,129,42.4,0.0
MV00017,DR09692,PR00003,SR04127,CONT00415,Export,Gate Out,32,45.3,0.0
MV00018,DR03702,PR00006,SR07330,CONT02439,Import,Customs Hold,96,58.6,8.7
MV00019,DR09597,PR00001,SR04211,CONT07430,Import,Customs Hold,50,44.4,17.0
MV00020,DR00064,PR00002,SR05820,CONT01648,Export,Discharged,84,62.1,0.0
MV00021,DR07710,PR00006,SR05625,CONT05227,Transshipment,Gate Out,82,42.3,0.0
MV00022,DR02648,PR00007,SR01368,CONT04262,Export,In Yard,114,50.0,0.0
MV00023,DR02478,PR00005,SR04995,CONT07661,Export,In Yard,104,15.7,0.0
MV00024,DR08124,PR00004,SR02519,CONT00287,Import,In Yard,70,37.0,0.0
MV00025,DR09008,PR00006,SR00099,CONT09085,Export,Loaded,52,15.0,5.0
MV00026,DR03416,PR00005,SR03705,CONT06606,Export,Customs Hold,68,22.6,17.6
MV00027,DR02810,PR00002,SR02683,CONT03219,Export,Discharged,85,43.7,0.0
MV00028,DR04065,PR00003,SR02403,CONT07624,Export,Discharged,71,17.1,0.0
MV00029,DR04953,PR00004,SR05645,CONT03031,Import,In Yard,79,21.9,5.8
MV00030,DR06629,PR00004,SR00871,CONT03601,Import,Loaded,109,27.6,0.0
MV00031,DR05831,PR00006,SR02884,CONT08680,Export,Loaded,94,63.6,0.0
MV00032,DR02815,PR00003,SR00018,CONT03254,Import,Customs Hold,64,58.3,4.0
MV00033,DR06566,PR00001,SR08622,CONT07903,Export,Gate Out,90,45.0,0.0
MV00034,DR06308,PR00002,SR03914,CONT06812,Export,Customs Hold,110,55.8,8.9
MV00035,DR07137,PR00006,SR01409,CONT08355,Import,Discharged,105,32.4,0.0
MV00036,DR04453,PR00001,SR01603,CONT05050,Export,Loaded,66,60.0,0.0
MV00037,DR05446,PR00006,SR05721,CONT00731,Export,In Yard,86,38.2,0.0
MV00038,DR09995,PR00001,SR09834,CONT04710,Export,Customs Hold,72,44.7,11.4
MV00039,DR05152,PR00003,SR02155,CONT07243,Import,In Yard,64,42.6,0.0
MV00040,DR09686,PR00006,SR04799,CONT04449,Import,In Yard,86,26.6,0.0
MV00041,DR04247,PR00003,SR08612,CONT06206,Import,In Yard,81,33.5,0.0
MV00042,DR05098,PR00006,SR08412,CONT08651,Import,Gate Out,83,45.7,0.0
MV00043,DR00682,PR00001,SR02590,CONT09308,Export,Discharged,116,22.0,0.0
MV00044,DR04157,PR00003,SR04898,CONT00185,Import,Loaded,72,42.9,0.0
MV00045,DR01355,PR00004,SR09743,CONT05268,Import,In Yard,143,30.1,0.0
MV00046,DR00211,PR00006,SR04569,CONT05514,Transshipment,Discharged,72,52.5,0.0
MV00047,DR03885,PR00001,SR00634,CONT02000,Import,In Yard,68,16.3,0.0
MV00048,DR03349,PR00002,SR07271,CONT04892,Import,Gate Out,80,53.3,0.0
MV00049,DR03356,PR00004,SR06315,CONT09065,Export,Discharged,121,57.1,0.0
MV00050,DR07276,PR00007,SR08940,CONT02757,Export,In Yard,104,42.8,0.0
MV00051,DR00984,PR00006,SR08748,CONT06090,Import,Loaded,83,40.5,0.0
MV00052,DR07671,PR00006,SR03088,CONT02715,Transshipment,Loaded,39,60.8,0.0
MV00053,DR04066,PR00003,SR09988,CONT07899,Export,Loaded,81,28.8,0.0
MV00054,DR01633,PR00004,SR03478,CONT04554,Import,In Yard,91,43.6,0.0
MV00055,DR01373,PR00006,SR02653,CONT09578,Import,Loaded,85,51.8,0.0
MV00056,DR09011,PR00006,SR07980,CONT00180,Transshipment,In Yard,51,49.0,0.0
MV00057,DR03104,PR00006,SR05601,CONT08837,Import,Customs Hold,110,48.3,15.0
MV00058,DR01632,PR00006,SR02266,CONT04496,Export,In Yard,106,37.7,0.0
MV00059,DR03735,PR00006,SR01347,CONT09989,Import,In Yard,63,56.2,1.3
MV00060,DR08694,PR00001,SR09816,CONT08880,Import,Loaded,94,25.9,0.0
MV00061,DR03649,PR00002,SR07104,CONT02822,Export,Gate Out,78,71.1,0.0
MV00062,DR04177,PR00007,SR07669,CONT07651,Transshipment,In Yard,97,35.5,0.0
MV00063,DR08612,PR00004,SR02846,CONT01415,Import,Loaded,91,28.1,0.0
MV00064,DR02357,PR00001,SR03865,CONT02740,Import,Discharged,124,48.4,0.0
MV00065,DR09561,PR00003,SR00145,CONT06096,Export,Customs Hold,108,56.1,16.6
MV00066,DR07084,PR00004,SR01371,CONT00553,Export,Gate Out,66,35.8,0.0
MV00067,DR00478,PR00006,SR03813,CONT08383,Import,Gate Out,84,75.5,0.0
MV00068,DR08587,PR00006,SR07329,CONT03952,Import,In Yard,71,45.8,4.1
MV00069,DR06215,PR00001,SR01097,CONT02919,Transshipment,In Yard,101,38.8,0.0
MV00070,DR09637,PR00003,SR04275,CONT03104,Import,In Yard,105,54.0,0.0
MV00071,DR05592,PR00001,SR08158,CONT02164,Import,Discharged,85,55.7,0.0
MV00072,DR07657,PR00006,SR06342,CONT00891,Import,Discharged,111,74.4,0.0
MV00073,DR04326,PR00001,SR04109,CONT02907,Import,Gate Out,86,40.5,0.0
MV00074,DR09606,PR00004,SR01176,CONT02810,Export,In Yard,117,33.9,0.0
MV00075,DR00022,PR00004,SR01568,CONT08549,Import,Gate Out,88,34.1,0.0
MV00076,DR03929,PR00004,SR00568,CONT09750,Export,Gate Out,100,28.1,0.0
MV00077,DR01741,PR00004,SR08036,CONT04720,Import,In Yard,64,38.1,0.0
MV00078,DR09048,PR00005,SR02403,CONT09760,Import,In Yard,96,46.5,0.0
MV00079,DR09025,PR00004,SR09188,CONT09701,Export,Loaded,73,45.3,0.0
MV00080,DR04721,PR00001,SR03834,CONT02185,Export,In Yard,79,54.6,2.8
MV00081,DR07080,PR00003,SR02972,CONT08523,Import,Customs Hold,109,22.0,19.1
MV00082,DR01240,PR00004,SR02275,CONT02502,Import,In Yard,69,38.4,0.0
MV00083,DR04982,PR00002,SR07448,CONT08616,Export,Gate Out,91,43.5,3.6
MV00084,DR09656,PR00005,SR03082,CONT08651,Export,In Yard,89,9.5,0.0
MV00085,DR01673,PR00002,SR07908,CONT05691,Export,Loaded,75,45.4,0.0
MV00086,DR01520,PR00006,SR08156,CONT07753,Export,Gate Out,122,85.0,0.0
MV00087,DR09952,PR00001,SR00160,CONT09091,Import,Gate Out,103,48.1,0.0
MV00088,DR00950,PR00005,SR00840,CONT07671,Transshipment,Discharged,95,52.0,0.0
MV00089,DR05475,PR00001,SR09682,CONT01062,Import,Gate Out,46,30.4,0.0
MV00090,DR03106,PR00003,SR05370,CONT05502,Import,Customs Hold,67,44.0,10.6
MV00091,DR09947,PR00002,SR06704,CONT00067,Export,Loaded,94,63.5,0.0
MV00092,DR05567,PR00004,SR03880,CONT04765,Import,Gate Out,81,40.0,0.0
MV00093,DR09608,PR00002,SR04715,CONT07231,Import,In Yard,55,59.0,0.0
MV00094,DR03205,PR00006,SR03309,CONT00928,Import,Gate Out,118,55.5,0.0
MV00095,DR05738,PR00004,SR05932,CONT00796,Export,Gate Out,93,63.6,0.0
MV00096,DR05989,PR00007,SR04921,CONT09196,Export,Loaded,108,61.2,0.0
MV00097,DR05020,PR00005,SR08771,CONT04594,Export,Gate Out,133,54.5,0.0
MV00098,DR05982,PR00004,SR09403,CONT08771,Import,Gate Out,109,52.1,0.0
MV00099,DR01925,PR00006,SR04830,CONT05444,Import,In Yard,75,37.4,0.0
MV00100,DR07490,PR00002,SR07464,CONT03624,Export,Gate Out,104,56.2,0.0
MV00101,DR04071,PR00004,SR09379,CONT00861,Export,Discharged,63,36.8,0.0
MV00102,DR09696,PR00003,SR06435,CONT01894,Export,Loaded,55,38.5,0.0
MV00103,DR04548,PR00005,SR02708,CONT09382,Import,Gate Out,94,45.5,5.9
MV00104,DR06262,PR00001,SR09575,CONT04626,Import,Discharged,72,16.6,2.1
MV00105,DR01886,PR00003,SR06850,CONT02874,Import,Loaded,65,43.9,0.0
MV00106,DR02471,PR00004,SR03635,CONT09808,Export,In Yard,79,26.7,0.0
MV00107,DR09748,PR00003,SR09863,CONT07427,Export,Gate Out,88,41.2,0.0
MV00108,DR00268,PR00002,SR07435,CONT04557,Transshipment,Gate Out,80,48.2,0.0
MV00109,DR07689,PR00003,SR09971,CONT04239,Import,Customs Hold,95,49.2,13.1
MV00110,DR06229,PR00006,SR01746,CONT08610,Import,Gate Out,79,53.5,5.3
MV00111,DR00805,PR00002,SR02021,CONT00153,Export,Gate Out,56,30.3,0.0
MV00112,DR03640,PR00003,SR00630,CONT05746,Import,In Yard,70,52.6,0.0
MV00113,DR00587,PR00007,SR01107,CONT05558,Export,Loaded,104,39.5,0.0
MV00114,DR03629,PR00007,SR05392,CONT05011,Export,Gate Out,73,52.2,0.0
MV00115,DR01784,PR00001,SR00903,CONT00411,Import,Loaded,89,62.9,0.0
MV00116,DR03306,PR00003,SR07583,CONT07158,Import,Discharged,89,21.1,0.0
MV00117,DR09986,PR00001,SR06655,CONT00314,Import,Loaded,97,38.7,0.0
MV00118,DR04243,PR00007,SR06589,CONT09521,Export,Loaded,114,46.5,0.0
MV00119,DR02050,PR00003,SR04742,CONT01692,Import,Customs Hold,89,46.5,8.6
MV00120,DR04864,PR00003,SR03704,CONT07595,Import,Loaded,132,36.7,0.0
MV00121,DR08016,PR00002,SR03059,CONT06844,Import,In Yard,75,30.3,0.0
MV00122,DR06718,PR00004,SR09142,CONT09475,Export,Discharged,98,49.8,0.0
MV00123,DR00993,PR00001,SR04313,CONT04861,Export,Customs Hold,49,26.7,15.9
MV00124,DR07687,PR00006,SR03528,CONT03961,Transshipment,Loaded,114,45.6,0.0
MV00125,DR00609,PR00003,SR02880,CONT07780,Export,In Yard,96,60.6,0.0
MV00126,DR04585,PR00004,SR03944,CONT00841,Import,Gate Out,85,27.5,0.0
MV00127,DR09689,PR00006,SR02260,CONT06224,Import,In Yard,89,46.0,0.0
MV00128,DR00857,PR00001,SR01492,CONT01260,Export,Loaded,57,26.3,0.0
MV00129,DR08349,PR00001,SR02897,CONT00526,Export,Loaded,84,36.3,0.0
MV00130,DR04419,PR00003,SR09156,CONT02000,Export,Customs Hold,82,37.4,10.1
MV00131,DR08814,PR00006,SR01265,CONT06118,Import,In Yard,86,34.2,0.0
MV00132,DR08979,PR00001,SR00864,CONT07612,Transshipment,Customs Hold,81,51.1,8.9
MV00133,DR07896,PR00006,SR01561,CONT00934,Import,Loaded,64,77.5,0.0
MV00134,DR09065,PR00003,SR07022,CONT02906,Export,Gate Out,121,39.7,0.0
MV00135,DR07664,PR00004,SR07115,CONT01050,Export,In Yard,78,31.1,0.0
MV00136,DR09656,PR00004,SR02762,CONT02182,Export,In Yard,117,41.0,0.0
MV00137,DR02767,PR00001,SR03886,CONT00090,Export,Gate Out,62,48.2,5.0
MV00138,DR07918,PR00002,SR03596,CONT08916,Export,Loaded,67,26.1,0.0
MV00139,DR06045,PR00005,SR00152,CONT07447,Export,Discharged,95,60.9,0.0
MV00140,DR07030,PR00003,SR02397,CONT08877,Export,Gate Out,71,15.7,0.0
MV00141,DR00314,PR00004,SR07705,CONT07601,Import,In Yard,98,49.0,0.0
MV00142,DR05457,PR00007,SR03675,CONT00444,Import,Gate Out,94,57.6,0.0
MV00143,DR05623,PR00001,SR00536,CONT08507,Export,Discharged,70,49.9,0.0
MV00144,DR03348,PR00003,SR03593,CONT06460,Export,In Yard,111,58.0,5.5
MV00145,DR04050,PR00003,SR08758,CONT04316,Export,In Yard,84,46.5,0.0
MV00146,DR08132,PR00001,SR08026,CONT03829,Import,Customs Hold,107,53.0,5.7
MV00147,DR02080,PR00007,SR08328,CONT04163,Import,Loaded,106,34.1,0.0
MV00148,DR01786,PR00007,SR09550,CONT02792,Import,Gate Out,96,44.6,0.0
MV00149,DR03380,PR00002,SR02450,CONT07680,Transshipment,Loaded,58,36.3,0.0
MV00150,DR07370,PR00007,SR00959,CONT04136,Import,Gate Out,73,64.3,0.0
MV00151,DR08959,PR00001,SR02037,CONT06966,Import,In Yard,64,48.1,0.0
MV00152,DR05434,PR00007,SR01782,CONT05910,Import,Loaded,100,61.9,0.0
MV00153,DR06515,PR00006,SR00334,CONT08143,Export,Discharged,60,41.2,0.0
MV00154,DR05851,PR00002,SR08291,CONT08701,Import,Gate Out,73,52.1,0.0
MV00155,DR02070,PR00004,SR07181,CONT08335,Export,In Yard,79,24.3,0.0
MV00156,DR03912,PR00006,SR07594,CONT05595,Import,Gate Out,80,38.2,0.0
MV00157,DR06582,PR00002,SR02271,CONT01672,Import,In Yard,54,32.7,0.0
MV00158,DR05639,PR00002,SR06188,CONT08394,Import,Loaded,77,39.3,0.0
MV00159,DR08082,PR00004,SR09974,CONT01429,Import,Gate Out,114,42.3,0.0
MV00160,DR07855,PR00001,SR02940,CONT01560,Export,Discharged,90,49.1,0.0
MV00161,DR04324,PR00001,SR04316,CONT04377,Transshipment,Loaded,59,41.1,0.0
MV00162,DR04825,PR00002,SR02226,CONT02898,Export,Discharged,63,57.0,0.0
MV00163,DR04337,PR00005,SR09573,CONT05835,Export,Gate Out,83,24.9,0.0
MV00164,DR08063,PR00003,SR09431,CONT08354,Import,Loaded,40,58.3,0.0
MV00165,DR01828,PR00003,SR05832,CONT01171,Export,Gate Out,108,36.6,0.0
MV00166,DR00234,PR00001,SR02486,CONT03561,Import,In Yard,72,51.1,0.0
MV00167,DR09609,PR00001,SR02114,CONT02984,Export,Customs Hold,44,28.6,14.0
MV00168,DR08021,PR00004,SR02768,CONT01935,Export,Gate Out,131,55.3,0.0
MV00169,DR08724,PR00001,SR06734,CONT07390,Import,Loaded,66,20.0,0.0
MV00170,DR08909,PR00004,SR03314,CONT08518,Import,Loaded,96,30.7,0.0
MV00171,DR03794,PR00003,SR06007,CONT06963,Import,In Yard,98,50.6,0.0
MV00172,DR09285,PR00005,SR06850,CONT00212,Import,In Yard,113,15.4,0.0
MV00173,DR02260,PR00003,SR05079,CONT06267,Export,Discharged,85,27.2,3.0
MV00174,DR04611,PR00006,SR05567,CONT06807,Transshipment,Discharged,94,59.5,0.0
MV00175,DR01076,PR00001,SR03688,CONT02067,Import,Customs Hold,95,40.6,8.4
MV00176,DR04394,PR00006,SR07386,CONT03716,Export,Gate Out,76,40.0,0.0
MV00177,DR05500,PR00002,SR05561,CONT00141,Export,Loaded,79,65.3,0.0
MV00178,DR03743,PR00001,SR06134,CONT02730,Import,Gate Out,94,60.4,0.0
MV00179,DR08741,PR00004,SR09481,CONT06202,Import,Loaded,56,40.5,0.0
MV00180,DR00832,PR00002,SR07481,CONT09665,Import,Loaded,46,58.1,0.0
MV00181,DR01769,PR00003,SR05565,CONT03972,Export,In Yard,105,64.7,0.0
MV00182,DR08744,PR00006,SR08720,CONT05713,Import,Discharged,102,49.3,0.0
MV00183,DR05358,PR00006,SR00631,CONT00005,Import,Gate Out,110,44.8,0.0
MV00184,DR02531,PR00004,SR05460,CONT08892,Import,Loaded,61,39.7,0.0
MV00185,DR07174,PR00007,SR09883,CONT05007,Export,Discharged,96,26.1,0.0
MV00186,DR01517,PR00003,SR02507,CONT04883,Export,Customs Hold,96,46.4,4.0
MV00187,DR08611,PR00001,SR06273,CONT01236,Import,Gate Out,67,35.7,0.0
MV00188,DR07655,PR00006,SR04030,CONT08090,Export,Loaded,109,50.2,0.0
MV00189,DR02405,PR00002,SR01152,CONT03173,Transshipment,In Yard,78,36.0,0.0
MV00190,DR01387,PR00001,SR01582,CONT02545,Import,In Yard,87,35.0,2.8
MV00191,DR02502,PR00001,SR00199,CONT06126,Import,Gate Out,96,37.5,0.0
MV00192,DR07646,PR00002,SR09233,CONT03929,Import,Gate Out,106,25.8,0.0
MV00193,DR05168,PR00002,SR02463,CONT07410,Import,In Yard,71,39.2,0.0
MV00194,DR08331,PR00002,SR04379,CONT03606,Export,In Yard,87,21.0,0.0
MV00195,DR07345,PR00004,SR05436,CONT08048,Export,In Yard,85,39.1,0.0
MV00196,DR02579,PR00005,SR08357,CONT03518,Export,Discharged,97,22.7,0.0
MV00197,DR03256,PR00007,SR07230,CONT02244,Import,Loaded,127,49.4,0.0
MV00198,DR01009,PR00001,SR09410,CONT05191,Export,Gate Out,74,40.3,0.0
MV00199,DR07661,PR00001,SR08864,CONT05740,Import,Discharged,71,40.3,0.0
MV00200,DR03679,PR00004,SR03595,CONT00169,Import,Gate Out,60,54.6,0.0
MV00201,DR02821,PR00001,SR02111,CONT06991,Import,In Yard,71,27.6,0.0
MV00202,DR01341,PR00003,SR01279,CONT06098,Export,Gate Out,96,42.8,0.0
MV00203,DR08885,PR00004,SR01362,CONT05533,Export,Discharged,114,60.4,0.0
MV00204,DR05851,PR00006,SR07810,CONT01157,Export,Customs Hold,98,50.4,16.2
MV00205,DR00744,PR00002,SR00392,CONT07531,Export,Loaded,60,41.9,0.0
MV00206,DR08999,PR00004,SR05927,CONT02537,Import,Loaded,79,78.0,0.0
MV00207,DR07128,PR00004,SR06608,CONT09869,Import,Loaded,95,47.2,0.0
MV00208,DR05186,PR00006,SR07457,CONT05736,Export,Loaded,103,45.2,0.0
MV00209,DR08973,PR00002,SR00347,CONT05287,Transshipment,Gate Out,73,32.6,0.0
MV00210,DR02342,PR00005,SR03823,CONT09467,Export,In Yard,64,44.2,1.6
MV00211,DR02478,PR00005,SR08780,CONT01776,Import,Gate Out,85,53.3,0.0
MV00212,DR05963,PR00002,SR00066,CONT08014,Transshipment,Gate Out,47,45.0,0.0
MV00213,DR03397,PR00004,SR08564,CONT09055,Import,In Yard,75,67.1,0.0
MV00214,DR00905,PR00005,SR07952,CONT02802,Import,Loaded,109,48.7,0.0
MV00215,DR06999,PR00002,SR06105,CONT01693,Import,In Yard,80,8.4,4.1
MV00216,DR03066,PR00003,SR09382,CONT09913,Import,Loaded,121,57.2,0.0
MV00217,DR09572,PR00003,SR00555,CONT03338,Export,Discharged,91,44.4,0.0
MV00218,DR09146,PR00005,SR08734,CONT00542,Export,In Yard,133,52.0,0.0
MV00219,DR03381,PR00001,SR00759,CONT08833,Import,Loaded,78,51.8,0.0
MV00220,DR08512,PR00003,SR07613,CONT00217,Import,Loaded,69,37.4,0.0
MV00221,DR06736,PR00001,SR06663,CONT09247,Export,Gate Out,50,45.5,0.0
MV00222,DR07701,PR00004,SR03176,CONT01945,Import,Gate Out,55,28.5,0.0
MV00223,DR09966,PR00005,SR04316,CONT07417,Import,Discharged,85,26.3,4.6
MV00224,DR06817,PR00003,SR02763,CONT03621,Import,In Yard,55,33.2,0.0
MV00225,DR07563,PR00004,SR02326,CONT00447,Export,Loaded,85,44.4,0.0
MV00226,DR07338,PR00002,SR03237,CONT08739,Transshipment,Customs Hold,69,46.6,9.2
MV00227,DR09660,PR00002,SR05885,CONT07011,Import,In Yard,104,27.2,0.0
MV00228,DR06381,PR00005,SR06230,CONT08413,Export,In Yard,82,71.6,2.5
MV00229,DR05448,PR00001,SR04605,CONT09381,Export,Discharged,77,27.4,0.0
MV00230,DR05677,PR00005,SR07382,CONT05423,Import,Gate Out,44,38.9,0.0
MV00231,DR05016,PR00004,SR07804,CONT02647,Transshipment,In Yard,54,38.7,0.0
MV00232,DR00513,PR00006,SR04398,CONT04225,Export,Discharged,108,51.4,0.0
MV00233,DR04803,PR00002,SR00848,CONT09234,Export,In Yard,71,49.4,0.0
MV00234,DR00991,PR00003,SR04652,CONT00763,Export,Loaded,98,78.4,0.0
MV00235,DR02736,PR00001,SR06706,CONT00247,Import,Loaded,58,26.2,0.0
MV00236,DR02319,PR00007,SR05891,CONT02570,Export,Loaded,107,53.1,0.0
MV00237,DR08343,PR00005,SR03077,CONT06414,Export,In Yard,71,42.9,0.0
MV00238,DR05475,PR00004,SR02272,CONT05168,Import,Discharged,108,57.3,0.0
MV00239,DR04315,PR00005,SR09272,CONT07413,Export,Discharged,80,51.8,0.0
MV00240,DR02202,PR00002,SR09695,CONT01736,Transshipment,Gate Out,81,42.4,0.0
MV00241,DR09282,PR00004,SR01986,CONT03852,Export,Discharged,61,19.1,0.0
MV00242,DR04669,PR00006,SR02774,CONT06398,Export,In Yard,83,35.6,0.0
MV00243,DR07903,PR00001,SR01169,CONT00079,Import,In Yard,112,27.3,0.0
MV00244,DR05822,PR00007,SR09796,CONT08104,Import,Loaded,75,39.2,0.0
MV00245,DR05955,PR00006,SR02389,CONT08015,Import,In Yard,84,34.8,0.0
MV00246,DR07488,PR00007,SR01050,CONT01294,Export,In Yard,65,36.3,0.0
MV00247,DR06288,PR00006,SR01214,CONT05417,Export,Loaded,59,36.2,2.3
MV00248,DR05582,PR00002,SR05716,CONT05678,Transshipment,Discharged,45,30.4,0.0
MV00249,DR05112,PR00004,SR02483,CONT08870,Import,Loaded,78,38.7,0.0
MV00250,DR06762,PR00001,SR08532,CONT04336,Transshipment,Gate Out,48,23.9,0.0
MV00251,DR00834,PR00005,SR08489,CONT01375,Transshipment,Loaded,61,42.5,0.0
MV00252,DR04531,PR00001,SR01081,CONT04852,Export,In Yard,12,26.3,0.0
MV00253,DR02124,PR00006,SR08533,CONT02127,Export,Gate Out,109,37.7,0.0
MV00254,DR09227,PR00002,SR06019,CONT00742,Import,Loaded,88,34.8,0.0
MV00255,DR07579,PR00001,SR01331,CONT07556,Import,Loaded,67,5.0,0.0
MV00256,DR07640,PR00001,SR01208,CONT06712,Import,Gate Out,81,78.4,0.0
MV00257,DR02181,PR00005,SR01146,CONT06504,Import,Gate Out,72,54.8,0.0
MV00258,DR04456,PR00001,SR02076,CONT06605,Import,In Yard,27,38.2,0.0
MV00259,DR00721,PR00001,SR02839,CONT07109,Export,In Yard,74,29.2,0.0
MV00260,DR01804,PR00001,SR01308,CONT03153,Import,Loaded,92,39.2,0.0
MV00261,DR05292,PR00002,SR06806,CONT08719,Import,In Yard,103,31.8,0.0
MV00262,DR07097,PR00007,SR03673,CONT04313,Import,Discharged,130,61.4,0.0
MV00263,DR08892,PR00003,SR04459,CONT01833,Export,Loaded,104,25.1,0.0
MV00264,DR04464,PR00002,SR02594,CONT08571,Transshipment,In Yard,44,19.0,0.0
MV00265,DR06829,PR00001,SR06133,CONT06515,Import,Gate Out,94,30.8,0.0
MV00266,DR02247,PR00001,SR09249,CONT04273,Export,Customs Hold,93,59.6,8.0
MV00267,DR03834,PR00003,SR08498,CONT04181,Transshipment,Loaded,71,30.7,0.0
MV00268,DR06009,PR00001,SR09787,CONT09748,Export,Gate Out,105,48.3,5.8
MV00269,DR05190,PR00001,SR04769,CONT01108,Export,Gate Out,66,11.2,0.0
MV00270,DR03872,PR00001,SR02780,CONT09288,Export,Loaded,71,40.3,0.0
MV00271,DR04318,PR00002,SR00587,CONT00534,Transshipment,Loaded,72,60.1,0.0
MV00272,DR07774,PR00005,SR07823,CONT09563,Import,Discharged,80,48.5,0.0
MV00273,DR04340,PR00001,SR03282,CONT04566,Export,In Yard,85,11.0,0.0
MV00274,DR02825,PR00005,SR07785,CONT00064,Import,Loaded,87,50.6,0.0
MV00275,DR00797,PR00004,SR07696,CONT08620,Import,Gate Out,95,38.5,0.0
MV00276,DR04693,PR00006,SR03341,CONT08749,Export,In Yard,77,65.4,0.0
MV00277,DR03250,PR00001,SR08915,CONT02643,Export,Loaded,80,40.7,0.0
MV00278,DR03536,PR00006,SR02268,CONT05730,Export,In Yard,82,26.8,0.0
MV00279,DR03491,PR00006,SR09557,CONT02373,Transshipment,In Yard,129,51.7,0.0
MV00280,DR08488,PR00007,SR07711,CONT00597,Export,Gate Out,73,33.9,0.0
MV00281,DR08843,PR00006,SR04932,CONT00053,Export,In Yard,107,25.4,0.0
MV00282,DR04253,PR00001,SR03106,CONT05879,Transshipment,Loaded,81,31.7,0.0
MV00283,DR05111,PR00007,SR03766,CONT02215,Import,Gate Out,79,47.1,0.0
MV00284,DR02354,PR00006,SR00061,CONT07794,Import,Gate Out,97,56.5,0.0
MV00285,DR00711,PR00002,SR07489,CONT03592,Import,In Yard,52,56.7,0.0
MV00286,DR08621,PR00001,SR03313,CONT04553,Export,Loaded,65,34.4,0.0
MV00287,DR03121,PR00007,SR05498,CONT04479,Export,Loaded,98,35.5,0.0
MV00288,DR09272,PR00001,SR06733,CONT07785,Export,Discharged,50,23.1,0.0
MV00289,DR02773,PR00005,SR08672,CONT05825,Import,Loaded,99,47.8,0.0
MV00290,DR03693,PR00003,SR02911,CONT08467,Export,In Yard,62,58.8,0.0
MV00291,DR04379,PR00005,SR07502,CONT04444,Export,Gate Out,59,42.1,4.4
MV00292,DR08781,PR00001,SR03055,CONT04518,Transshipment,Customs Hold,68,44.3,12.5
MV00293,DR03160,PR00005,SR00600,CONT02992,Import,Discharged,93,46.9,0.0
MV00294,DR04903,PR00003,SR01713,CONT05533,Export,In Yard,44,36.9,0.0
MV00295,DR07863,PR00007,SR00795,CONT09481,Export,Discharged,112,67.8,0.0
MV00296,DR07326,PR00001,SR02322,CONT07427,Export,Loaded,82,32.9,0.0
MV00297,DR03212,PR00001,SR09884,CONT09688,Import,Discharged,93,34.6,1.8
MV00298,DR02725,PR00001,SR07212,CONT00006,Import,In Yard,46,38.5,0.0
MV00299,DR03068,PR00001,SR05815,CONT04246,Import,Discharged,87,35.2,0.0
MV00300,DR01598,PR00007,SR07145,CONT08149,Export,Discharged,79,30.7,0.0
MV00301,DR04659,PR00001,SR06113,CONT06772,Export,Customs Hold,88,11.4,9.5
MV00302,DR05194,PR00002,SR08669,CONT01013,Export,Gate Out,94,32.1,2.9
MV00303,DR09130,PR00006,SR06072,CONT05940,Export,Loaded,86,66.9,0.0
MV00304,DR04027,PR00002,SR04865,CONT06843,Import,In Yard,107,62.7,0.0
MV00305,DR02761,PR00002,SR00534,CONT00367,Import,Loaded,45,25.0,0.0
MV00306,DR00003,PR00005,SR04805,CONT02901,Export,Gate Out,65,37.9,5.4
MV00307,DR09944,PR00003,SR03601,CONT09796,Export,Loaded,65,40.7,0.0
MV00308,DR00456,PR00006,SR04750,CONT09529,Export,In Yard,97,36.1,0.0
MV00309,DR00103,PR00004,SR09987,CONT07832,Export,In Yard,103,61.5,0.0
MV00310,DR06274,PR00002,SR03061,CONT09819,Transshipment,Customs Hold,72,49.4,14.4
MV00311,DR06166,PR00004,SR08820,CONT02658,Transshipment,In Yard,60,43.2,0.0
MV00312,DR03455,PR00006,SR09628,CONT01565,Export,Gate Out,26,46.4,0.0
MV00313,DR05135,PR00003,SR04516,CONT08533,Import,Loaded,103,20.7,0.0
MV00314,DR00330,PR00005,SR00809,CONT05864,Import,In Yard,76,63.6,0.0
MV00315,DR06125,PR00003,SR01994,CONT08949,Export,In Yard,63,44.5,5.5
MV00316,DR04299,PR00004,SR07298,CONT00219,Import,Loaded,140,53.8,0.0
MV00317,DR09297,PR00005,SR08421,CONT03096,Import,Gate Out,60,34.4,0.0
MV00318,DR01240,PR00001,SR04779,CONT09534,Import,In Yard,69,29.5,4.5
MV00319,DR09166,PR00003,SR00643,CONT09133,Transshipment,Discharged,112,55.4,0.0
MV00320,DR01507,PR00001,SR09245,CONT09687,Import,In Yard,110,58.3,0.0
MV00321,DR00740,PR00005,SR07943,CONT00223,Export,In Yard,67,62.4,0.0
MV00322,DR07602,PR00004,SR00455,CONT04510,Transshipment,Discharged,92,30.9,0.0
MV00323,DR00459,PR00002,SR07339,CONT06257,Export,Discharged,51,33.4,0.0
MV00324,DR00775,PR00001,SR06860,CONT03320,Import,In Yard,86,12.8,0.0
MV00325,DR06111,PR00007,SR01434,CONT08546,Export,Loaded,94,15.0,0.0
MV00326,DR04603,PR00002,SR04383,CONT06288,Export,In Yard,70,46.3,0.0
MV00327,DR03674,PR00002,SR09507,CONT00816,Import,Gate Out,85,30.4,0.0
MV00328,DR03271,PR00001,SR00095,CONT07751,Export,In Yard,60,14.3,0.0
MV00329,DR08023,PR00004,SR05529,CONT06931,Import,Loaded,59,23.4,4.5
MV00330,DR09791,PR00002,SR04231,CONT09317,Export,Gate Out,35,40.0,0.0
MV00331,DR07850,PR00006,SR05521,CONT09262,Transshipment,Loaded,97,56.5,0.0
MV00332,DR00218,PR00005,SR04573,CONT04193,Export,Discharged,129,30.7,0.0
MV00333,DR05497,PR00001,SR00134,CONT00388,Transshipment,Loaded,98,60.1,0.0
MV00334,DR04551,PR00004,SR07320,CONT04043,Import,Discharged,112,41.5,0.0
MV00335,DR03426,PR00002,SR09957,CONT04538,Export,Gate Out,50,45.1,0.0
MV00336,DR06992,PR00001,SR06556,CONT05080,Export,Discharged,96,44.5,0.0
MV00337,DR04984,PR00004,SR09665,CONT05825,Import,Customs Hold,105,50.3,14.1
MV00338,DR09431,PR00002,SR07164,CONT02015,Transshipment,Loaded,110,35.3,0.0
MV00339,DR05702,PR00006,SR08053,CONT08676,Transshipment,Loaded,102,43.2,0.0
MV00340,DR03154,PR00004,SR07393,CONT00119,Import,Loaded,64,44.0,0.0
MV00341,DR09385,PR00002,SR00925,CONT06997,Export,Gate Out,66,36.9,0.0
MV00342,DR06345,PR00007,SR05560,CONT08691,Import,Loaded,111,50.3,0.0
MV00343,DR07261,PR00004,SR00656,CONT00364,Import,Gate Out,95,64.8,0.0
MV00344,DR02556,PR00001,SR06946,CONT04432,Import,Discharged,71,31.9,0.0
MV00345,DR02251,PR00003,SR02686,CONT02947,Export,In Yard,60,55.5,0.0
MV00346,DR06297,PR00007,SR05296,CONT06903,Import,Gate Out,109,52.3,0.0
MV00347,DR02814,PR00003,SR09070,CONT07685,Import,Discharged,126,67.5,0.0
MV00348,DR00875,PR00003,SR05280,CONT07762,Transshipment,Customs Hold,74,20.7,18.0
MV00349,DR04172,PR00003,SR01789,CONT03282,Export,Loaded,84,55.9,0.0
MV00350,DR02862,PR00002,SR08966,CONT03935,Export,In Yard,82,30.6,0.0
MV00351,DR09289,PR00001,SR08197,CONT09990,Import,Gate Out,114,71.5,0.0
MV00352,DR04443,PR00004,SR00260,CONT03868,Import,In Yard,86,52.2,0.0
MV00353,DR03693,PR00006,SR04928,CONT07882,Export,In Yard,101,56.6,0.0
MV00354,DR00602,PR00005,SR09208,CONT09788,Import,Discharged,107,37.9,0.0
MV00355,DR06378,PR00001,SR05320,CONT01504,Import,In Yard,76,48.8,4.9
MV00356,DR01954,PR00003,SR08987,CONT08173,Transshipment,In Yard,72,55.8,0.0
MV00357,DR07076,PR00001,SR03312,CONT01525,Import,Loaded,65,38.1,0.0
MV00358,DR01055,PR00002,SR07220,CONT07528,Export,Discharged,73,47.4,0.0
MV00359,DR07011,PR00004,SR06368,CONT03861,Export,Loaded,62,5.0,0.0
MV00360,DR09452,PR00002,SR08370,CONT01407,Import,Loaded,72,35.1,0.0
MV00361,DR09405,PR00006,SR06968,CONT07658,Export,Gate Out,92,49.8,0.0
MV00362,DR05121,PR00003,SR00394,CONT02388,Import,In Yard,105,55.5,0.0
MV00363,DR03031,PR00004,SR05379,CONT08830,Import,In Yard,110,55.1,0.0
MV00364,DR05872,PR00006,SR05553,CONT09553,Import,Gate Out,110,46.2,0.0
MV00365,DR07767,PR00005,SR07922,CONT09031,Import,Gate Out,82,44.9,0.0
MV00366,DR08184,PR00006,SR03887,CONT04446,Export,Loaded,147,54.8,0.0
MV00367,DR00669,PR00006,SR07486,CONT04866,Transshipment,In Yard,77,58.5,0.0
MV00368,DR03432,PR00004,SR06102,CONT00426,Export,Gate Out,34,48.1,0.0
MV00369,DR05031,PR00002,SR05684,CONT05933,Import,In Yard,53,37.5,0.0
MV00370,DR01003,PR00002,SR03148,CONT08351,Transshipment,Discharged,39,68.6,1.6
MV00371,DR05898,PR00006,SR03580,CONT02960,Export,Loaded,81,52.5,0.0
MV00372,DR01690,PR00001,SR07111,CONT00369,Import,In Yard,64,36.8,0.0
MV00373,DR01436,PR00007,SR00160,CONT01756,Import,Gate Out,53,72.2,3.0
MV00374,DR06879,PR00002,SR05284,CONT03673,Import,Gate Out,104,63.4,0.0
MV00375,DR06658,PR00005,SR09031,CONT07366,Import,Loaded,124,61.2,0.0
MV00376,DR09474,PR00002,SR00849,CONT03678,Export,In Yard,64,27.8,0.0
MV00377,DR09709,PR00007,SR09416,CONT07634,Import,Discharged,103,48.5,0.0
MV00378,DR04502,PR00001,SR07455,CONT03155,Transshipment,In Yard,42,42.7,0.0
MV00379,DR06936,PR00002,SR07077,CONT01074,Export,Loaded,64,66.9,0.0
MV00380,DR03083,PR00006,SR03352,CONT07622,Import,Loaded,87,81.8,0.0
MV00381,DR05120,PR00002,SR06437,CONT05918,Transshipment,In Yard,54,27.7,0.0
MV00382,DR08815,PR00002,SR07598,CONT01495,Export,Loaded,89,58.6,0.0
MV00383,DR02990,PR00006,SR06089,CONT06565,Import,Discharged,96,38.9,0.0
MV00384,DR03973,PR00006,SR06672,CONT01525,Import,Discharged,94,39.9,0.0
MV00385,DR01365,PR00001,SR02133,CONT06452,Export,Discharged,106,30.7,0.0
MV00386,DR01292,PR00004,SR09401,CONT04540,Export,In Yard,86,64.2,0.0
MV00387,DR07893,PR00002,SR03236,CONT04859,Export,In Yard,59,40.6,0.0
MV00388,DR02584,PR00002,SR07384,CONT09607,Export,In Yard,88,45.3,0.0
MV00389,DR05901,PR00004,SR08061,CONT07060,Export,Loaded,83,49.1,0.0
MV00390,DR07807,PR00001,SR02054,CONT00555,Export,Gate Out,76,38.9,0.0
MV00391,DR03672,PR00003,SR05395,CONT04979,Export,Loaded,92,46.3,0.0
MV00392,DR08624,PR00002,SR02669,CONT08085,Export,Loaded,135,38.6,0.0
MV00393,DR08916,PR00006,SR00659,CONT03837,Import,Discharged,70,23.6,0.0
MV00394,DR07911,PR00004,SR09086,CONT09632,Export,Customs Hold,47,21.2,11.0
MV00395,DR05712,PR00002,SR06708,CONT01678,Import,Discharged,89,20.6,0.0
MV00396,DR09843,PR00007,SR02462,CONT00086,Export,In Yard,96,53.5,5.6
MV00397,DR07374,PR00006,SR04451,CONT08620,Import,Discharged,130,42.9,2.1
MV00398,DR01335,PR00002,SR05576,CONT02223,Export,In Yard,110,56.2,0.0
MV00399,DR06613,PR00007,SR01591,CONT09939,Import,Loaded,104,46.1,0.0
MV00400,DR04911,PR00002,SR06838,CONT00563,Export,In Yard,94,21.6,0.0
MV00401,DR01960,PR00002,SR04673,CONT07429,Import,Gate Out,109,40.2,0.0
MV00402,DR06603,PR00003,SR01027,CONT05472,Transshipment,In Yard,80,17.4,0.0
MV00403,DR09970,PR00001,SR05146,CONT09770,Import,Customs Hold,101,31.1,16.9
MV00404,DR09768,PR00005,SR01686,CONT09534,Export,In Yard,101,43.6,0.0
MV00405,DR06733,PR00004,SR06158,CONT07601,Export,Discharged,69,28.2,0.0
MV00406,DR09485,PR00006,SR06162,CONT08367,Import,Loaded,117,70.0,0.0
MV00407,DR04024,PR00002,SR09078,CONT05942,Export,Gate Out,55,51.2,0.0
MV00408,DR03572,PR00001,SR05489,CONT06112,Transshipment,Discharged,76,35.7,0.0
MV00409,DR06314,PR00002,SR04044,CONT05988,Export,Gate Out,87,62.0,0.0
MV00410,DR08886,PR00001,SR00303,CONT09428,Transshipment,Discharged,95,29.3,1.8
MV00411,DR01699,PR00007,SR05395,CONT00417,Import,Gate Out,53,38.7,0.0
MV00412,DR05153,PR00005,SR07139,CONT04619,Transshipment,Loaded,83,57.1,0.0
MV00413,DR08734,PR00006,SR09053,CONT00351,Export,Gate Out,59,27.0,0.0
MV00414,DR00964,PR00005,SR00612,CONT09838,Export,Gate Out,47,54.9,0.0
MV00415,DR01417,PR00002,SR03274,CONT02737,Export,Loaded,93,43.3,0.0
MV00416,DR00582,PR00001,SR07466,CONT02037,Export,In Yard,36,43.6,0.0
MV00417,DR07634,PR00003,SR00964,CONT09545,Export,Loaded,74,72.4,0.0
MV00418,DR09992,PR00006,SR01851,CONT07985,Export,In Yard,94,49.4,0.0
MV00419,DR05124,PR00002,SR05557,CONT01712,Import,Discharged,52,37.1,0.0
MV00420,DR09420,PR00001,SR05264,CONT00705,Export,Discharged,64,18.5,0.0
MV00421,DR09551,PR00004,SR01561,CONT08974,Import,Gate Out,94,51.2,0.0
MV00422,DR06321,PR00002,SR06352,CONT00039,Export,In Yard,77,29.3,0.0
MV00423,DR08174,PR00004,SR05678,CONT05780,Export,In Yard,75,42.9,0.0
MV00424,DR06999,PR00001,SR02646,CONT04979,Import,Loaded,80,31.8,0.0
MV00425,DR03016,PR00003,SR03277,CONT06109,Import,In Yard,82,55.4,0.0
MV00426,DR05842,PR00003,SR03778,CONT07895,Import,Customs Hold,67,24.1,9.7
MV00427,DR00333,PR00006,SR04227,CONT08983,Export,In Yard,86,44.3,0.0
MV00428,DR07955,PR00005,SR05520,CONT00473,Import,In Yard,113,32.5,0.0
MV00429,DR00043,PR00001,SR01979,CONT06044,Import,Loaded,34,12.6,0.0
MV00430,DR02829,PR00006,SR08127,CONT07931,Import,Discharged,93,45.1,0.0
MV00431,DR01530,PR00006,SR02272,CONT09878,Import,In Yard,106,49.5,0.0
MV00432,DR02493,PR00004,SR06249,CONT09334,Import,In Yard,102,34.4,0.0
MV00433,DR00996,PR00007,SR07155,CONT00028,Import,In Yard,69,44.8,0.0
MV00434,DR05014,PR00006,SR03140,CONT00407,Export,In Yard,98,44.8,0.0
MV00435,DR01030,PR00002,SR00882,CONT02185,Export,Gate Out,84,28.0,0.0
MV00436,DR02040,PR00003,SR03776,CONT00803,Transshipment,Gate Out,54,44.2,0.0
MV00437,DR04049,PR00002,SR06428,CONT00242,Import,Gate Out,75,29.0,0.0
MV00438,DR05171,PR00003,SR05917,CONT08196,Import,Loaded,70,41.9,0.0
MV00439,DR08672,PR00007,SR00508,CONT04543,Import,Discharged,53,24.0,0.0
MV00440,DR09556,PR00004,SR05288,CONT01576,Export,Gate Out,83,48.3,0.0
MV00441,DR06163,PR00002,SR04117,CONT07698,Import,Discharged,64,47.6,0.0
MV00442,DR03072,PR00007,SR09700,CONT01595,Import,Loaded,103,57.6,0.0
MV00443,DR00706,PR00005,SR07009,CONT05701,Export,Discharged,79,53.6,0.0
MV00444,DR06033,PR00002,SR05496,CONT05275,Import,Gate Out,96,53.9,0.0
MV00445,DR07859,PR00007,SR01996,CONT06411,Export,In Yard,88,54.9,0.0
MV00446,DR08979,PR00002,SR03015,CONT06074,Export,Loaded,110,54.5,0.0
MV00447,DR04782,PR00003,SR04090,CONT05119,Export,In Yard,96,42.1,0.0
MV00448,DR05719,PR00003,SR09628,CONT02892,Import,Discharged,115,51.8,0.0
MV00449,DR07174,PR00007,SR00934,CONT07866,Import,In Yard,134,53.3,0.0
MV00450,DR01045,PR00002,SR09935,CONT05335,Export,Gate Out,74,69.6,0.0
MV00451,DR04661,PR00002,SR07294,CONT06131,Import,Gate Out,70,45.1,0.0
MV00452,DR06216,PR00004,SR02695,CONT01727,Import,Customs Hold,91,31.8,14.5
MV00453,DR06339,PR00006,SR05947,CONT05109,Import,In Yard,111,54.8,0.0
MV00454,DR06016,PR00001,SR06549,CONT00270,Import,Discharged,103,31.6,0.0
MV00455,DR03165,PR00002,SR00036,CONT01744,Import,In Yard,89,53.0,0.0
MV00456,DR03168,PR00007,SR00024,CONT00722,Export,Discharged,63,52.7,0.0
MV00457,DR09463,PR00005,SR05184,CONT07605,Export,In Yard,118,38.1,0.0
MV00458,DR06160,PR00002,SR09586,CONT04064,Import,Loaded,50,22.0,0.0
MV00459,DR00091,PR00002,SR03300,CONT05985,Export,In Yard,71,37.2,5.6
MV00460,DR07672,PR00003,SR08938,CONT01824,Transshipment,Customs Hold,74,29.2,10.5
MV00461,DR05648,PR00005,SR00592,CONT00779,Import,Gate Out,87,35.1,0.0
MV00462,DR08111,PR00004,SR02778,CONT06369,Export,Loaded,97,37.9,0.0
MV00463,DR02816,PR00005,SR06659,CONT03610,Import,Loaded,137,60.1,0.0
MV00464,DR07828,PR00001,SR00316,CONT05460,Transshipment,Gate Out,95,24.7,0.0
MV00465,DR02286,PR00006,SR07920,CONT07190,Import,Loaded,75,35.7,0.0
MV00466,DR05044,PR00001,SR01752,CONT06036,Import,Loaded,96,69.2,0.0
MV00467,DR08772,PR00006,SR02411,CONT07860,Transshipment,Gate Out,107,74.9,0.0
MV00468,DR07617,PR00001,SR08964,CONT01110,Export,In Yard,65,51.7,3.8
MV00469,DR07250,PR00001,SR00371,CONT04316,Import,Loaded,115,46.6,0.0
MV00470,DR00557,PR00001,SR05513,CONT09128,Export,In Yard,96,53.8,0.0
MV00471,DR03600,PR00002,SR02422,CONT01966,Export,Gate Out,130,38.5,0.0
MV00472,DR07297,PR00003,SR04816,CONT08649,Export,Gate Out,68,5.0,0.0
MV00473,DR08087,PR00004,SR08540,CONT05079,Import,Loaded,113,39.1,2.2
MV00474,DR02538,PR00006,SR07536,CONT03662,Import,In Yard,113,45.3,0.0
MV00475,DR09015,PR00003,SR06970,CONT04280,Transshipment,In Yard,69,37.4,0.0
MV00476,DR00859,PR00003,SR05361,CONT04382,Import,In Yard,61,45.3,0.0
MV00477,DR04942,PR00002,SR03065,CONT09261,Import,Loaded,73,63.0,0.0
MV00478,DR04753,PR00006,SR07868,CONT04457,Import,In Yard,93,45.9,0.0
MV00479,DR01892,PR00001,SR04741,CONT01334,Import,Gate Out,67,29.0,0.0
MV00480,DR01842,PR00002,SR08206,CONT04294,Export,Loaded,62,37.0,0.0
MV00481,DR04510,PR00001,SR03050,CONT08003,Import,Discharged,97,54.4,0.0
MV00482,DR09787,PR00002,SR02578,CONT04112,Import,Discharged,94,38.0,0.0
MV00483,DR06537,PR00004,SR05115,CONT02134,Import,In Yard,79,32.1,0.0
MV00484,DR01874,PR00001,SR05308,CONT04990,Import,Gate Out,56,40.8,0.0
MV00485,DR06360,PR00001,SR08128,CONT09932,Import,Gate Out,43,21.1,0.0
MV00486,DR09344,PR00006,SR04612,CONT06223,Import,Loaded,108,32.1,0.0
MV00487,DR03284,PR00001,SR06146,CONT05991,Export,In Yard,110,49.4,0.0
MV00488,DR08394,PR00004,SR06776,CONT04528,Import,Discharged,100,32.3,0.0
MV00489,DR05733,PR00002,SR06910,CONT09227,Import,Loaded,39,32.9,0.0
MV00490,DR08466,PR00006,SR04114,CONT02491,Export,Gate Out,90,45.7,0.0
MV00491,DR04819,PR00005,SR01013,CONT09434,Export,Gate Out,71,45.5,0.0
MV00492,DR04404,PR00001,SR03906,CONT06034,Export,Loaded,104,31.4,4.9
MV00493,DR00670,PR00006,SR00833,CONT04960,Transshipment,Gate Out,118,57.8,0.0
MV00494,DR02652,PR00003,SR08905,CONT03175,Import,Discharged,70,25.1,4.4
MV00495,DR01777,PR00002,SR09100,CONT00880,Import,Loaded,80,67.0,0.0
MV00496,DR04804,PR00005,SR08051,CONT00943,Import,Loaded,62,38.8,0.0
MV00497,DR05344,PR00005,SR08028,CONT01676,Import,In Yard,90,57.9,0.0
MV00498,DR09542,PR00002,SR09627,CONT04043,Transshipment,Customs Hold,64,45.0,13.4
MV00499,DR02307,PR00002,SR06539,CONT03111,Export,Gate Out,82,38.9,0.0
MV00500,DR03013,PR00001,SR01157,CONT05920,Export,In Yard,102,33.4,0.0
MV00501,DR04999,PR00004,SR01360,CONT00928,Transshipment,Customs Hold,46,48.0,13.4
MV00502,DR01340,PR00007,SR04418,CONT02590,Export,Discharged,108,34.5,2.1
MV00503,DR04536,PR00003,SR08312,CONT02182,Import,Loaded,86,20.5,4.6
MV00504,DR07613,PR00007,SR08171,CONT09839,Export,Customs Hold,121,62.9,5.4
MV00505,DR03346,PR00001,SR09357,CONT07419,Import,In Yard,97,41.4,2.8
MV00506,DR04778,PR00006,SR07534,CONT08923,Import,Loaded,119,44.3,0.0
MV00507,DR09420,PR00007,SR05824,CONT08016,Export,In Yard,106,48.5,2.5
MV00508,DR02435,PR00005,SR04431,CONT02503,Transshipment,In Yard,110,33.7,0.0
MV00509,DR09137,PR00001,SR06534,CONT04546,Export,Discharged,75,66.4,0.0
MV00510,DR00453,PR00002,SR04078,CONT09056,Import,In Yard,89,56.7,0.0
MV00511,DR06002,PR00001,SR06483,CONT09070,Export,Gate Out,74,25.3,0.0
MV00512,DR08069,PR00004,SR06527,CONT02230,Import,Loaded,95,38.4,0.0
MV00513,DR01123,PR00007,SR07357,CONT09288,Export,Loaded,51,50.8,3.6
MV00514,DR02574,PR00003,SR07291,CONT08281,Import,Discharged,104,36.3,0.0
MV00515,DR05677,PR00001,SR03036,CONT02648,Import,Discharged,102,28.7,0.0
MV00516,DR00124,PR00002,SR07917,CONT02095,Import,In Yard,102,35.6,0.0
MV00517,DR04022,PR00004,SR06320,CONT00750,Export,Loaded,83,33.0,0.0
MV00518,DR09835,PR00004,SR01622,CONT03467,Transshipment,Loaded,91,56.8,0.0
MV00519,DR04537,PR00002,SR05491,CONT09362,Import,Discharged,87,36.2,0.0
MV00520,DR08502,PR00005,SR04460,CONT07933,Import,Loaded,115,50.5,0.0
MV00521,DR00539,PR00001,SR00979,CONT04076,Import,Loaded,75,43.5,0.0
MV00522,DR06216,PR00004,SR06297,CONT05264,Export,Gate Out,90,69.1,0.0
MV00523,DR09762,PR00003,SR03722,CONT02341,Export,Discharged,50,35.9,0.0
MV00524,DR05903,PR00001,SR07752,CONT01621,Export,Loaded,127,73.8,0.0
MV00525,DR03529,PR00004,SR03279,CONT04404,Import,Customs Hold,55,33.8,20.7
MV00526,DR02098,PR00005,SR00648,CONT09112,Import,In Yard,88,37.1,0.0
MV00527,DR01211,PR00003,SR08627,CONT04325,Transshipment,Gate Out,53,49.2,0.0
MV00528,DR04234,PR00006,SR06579,CONT04922,Export,Loaded,67,68.5,0.0
MV00529,DR06614,PR00003,SR09297,CONT07493,Import,Discharged,103,43.6,0.0
MV00530,DR06224,PR00002,SR01100,CONT05712,Import,Gate Out,49,55.6,0.0
MV00531,DR09381,PR00007,SR06485,CONT00149,Import,Discharged,120,64.0,0.0
MV00532,DR03004,PR00007,SR03848,CONT08414,Import,In Yard,85,37.1,0.0
MV00533,DR05102,PR00001,SR00701,CONT06554,Import,Discharged,45,33.8,0.0
MV00534,DR06821,PR00007,SR02290,CONT03920,Export,Gate Out,80,48.5,0.0
MV00535,DR06599,PR00005,SR07902,CONT00007,Import,In Yard,109,28.6,0.0
MV00536,DR06411,PR00001,SR00918,CONT02939,Import,Loaded,68,40.1,0.0
MV00537,DR06157,PR00003,SR01293,CONT01754,Export,Customs Hold,81,44.0,10.9
MV00538,DR09009,PR00001,SR01640,CONT09571,Import,In Yard,106,48.9,4.9
MV00539,DR03314,PR00004,SR02641,CONT00839,Export,Gate Out,77,47.4,0.0
MV00540,DR00910,PR00007,SR05976,CONT00743,Export,Gate Out,100,36.3,0.0
MV00541,DR09666,PR00003,SR04667,CONT06059,Import,Customs Hold,95,78.8,11.9
MV00542,DR00415,PR00003,SR05090,CONT05568,Export,Gate Out,64,47.8,0.0
MV00543,DR09970,PR00002,SR00424,CONT09557,Import,Gate Out,55,54.4,3.7
MV00544,DR00008,PR00004,SR08900,CONT03964,Import,In Yard,79,54.2,0.0
MV00545,DR07805,PR00006,SR03335,CONT01682,Import,Gate Out,106,71.1,0.0
MV00546,DR09800,PR00002,SR02288,CONT02715,Export,In Yard,72,33.4,0.0
MV00547,DR03498,PR00004,SR06939,CONT04028,Import,Customs Hold,62,41.3,16.5
MV00548,DR06064,PR00002,SR00779,CONT00789,Export,Customs Hold,77,33.7,6.3
MV00549,DR09831,PR00005,SR07530,CONT04318,Import,In Yard,89,38.6,0.0
MV00550,DR07544,PR00005,SR04096,CONT08642,Export,Loaded,96,45.5,4.7
MV00551,DR07916,PR00005,SR01133,CONT03056,Import,In Yard,102,40.8,0.0
MV00552,DR06472,PR00003,SR07628,CONT07251,Import,Discharged,62,18.4,0.0
MV00553,DR03358,PR00004,SR04715,CONT01534,Export,Discharged,80,36.6,0.0
MV00554,DR02305,PR00004,SR01048,CONT04932,Import,In Yard,74,43.5,0.0
MV00555,DR00833,PR00005,SR01285,CONT05381,Import,Discharged,80,51.4,0.0
MV00556,DR06675,PR00004,SR00094,CONT08278,Export,In Yard,92,25.7,0.0
MV00557,DR02576,PR00006,SR02286,CONT06571,Export,Discharged,108,40.8,0.0
MV00558,DR06593,PR00002,SR07360,CONT04621,Export,Discharged,52,25.7,0.0
MV00559,DR07269,PR00001,SR00380,CONT01136,Import,In Yard,85,53.7,0.0
MV00560,DR09100,PR00007,SR00794,CONT09685,Import,Discharged,110,47.9,0.0
MV00561,DR08408,PR00001,SR06421,CONT02232,Import,Gate Out,109,55.6,0.0
MV00562,DR03552,PR00007,SR03697,CONT01497,Import,In Yard,106,50.4,0.0
MV00563,DR00521,PR00004,SR01998,CONT07889,Import,Customs Hold,44,46.9,13.0
MV00564,DR06321,PR00007,SR03464,CONT09585,Import,Loaded,120,67.4,0.0
MV00565,DR07269,PR00004,SR09210,CONT03880,Import,Loaded,91,32.9,0.0
MV00566,DR03921,PR00006,SR00039,CONT09271,Export,Loaded,111,44.3,1.6
MV00567,DR06719,PR00005,SR02671,CONT01010,Import,Gate Out,105,53.5,0.0
MV00568,DR01744,PR00003,SR09847,CONT09307,Import,Gate Out,125,51.6,0.0
MV00569,DR01717,PR00003,SR08884,CONT05802,Import,Discharged,108,28.1,0.0
MV00570,DR07682,PR00001,SR06225,CONT00987,Import,Discharged,79,45.1,5.9
MV00571,DR01540,PR00002,SR09736,CONT03825,Export,Discharged,92,40.1,0.0
MV00572,DR04655,PR00007,SR02462,CONT03387,Import,Gate Out,95,46.7,0.0
MV00573,DR02645,PR00002,SR01698,CONT03333,Import,Discharged,60,36.6,0.0
MV00574,DR04053,PR00005,SR03796,CONT07719,Export,In Yard,88,10.6,0.0
MV00575,DR00645,PR00003,SR02114,CONT03194,Import,Gate Out,53,46.1,0.0
MV00576,DR04599,PR00002,SR06656,CONT05122,Import,Loaded,113,55.1,5.8
MV00577,DR09128,PR00007,SR04279,CONT09654,Export,Loaded,40,39.5,0.0
MV00578,DR09099,PR00001,SR07865,CONT08056,Export,Loaded,76,20.7,5.5
MV00579,DR04549,PR00004,SR00762,CONT04291,Transshipment,Loaded,80,37.5,0.0
MV00580,DR06047,PR00003,SR04041,CONT05192,Export,Discharged,83,49.9,0.0
MV00581,DR00948,PR00001,SR03024,CONT04920,Export,In Yard,60,30.7,0.0
MV00582,DR02240,PR00002,SR05583,CONT01794,Import,Discharged,65,39.8,0.0
MV00583,DR05815,PR00005,SR04207,CONT05839,Export,In Yard,91,35.7,0.0
MV00584,DR04261,PR00001,SR03386,CONT02287,Import,Gate Out,88,48.1,0.0
MV00585,DR03029,PR00006,SR08351,CONT08995,Export,In Yard,86,30.4,0.0
MV00586,DR01012,PR00004,SR00184,CONT08955,Transshipment,Discharged,90,45.9,0.0
MV00587,DR03181,PR00001,SR03034,CONT00215,Import,Loaded,102,60.3,0.0
MV00588,DR03148,PR00002,SR02421,CONT03776,Export,Gate Out,66,27.6,0.0
MV00589,DR01988,PR00001,SR03000,CONT02245,Export,Discharged,84,40.4,0.0
MV00590,DR03435,PR00006,SR05207,CONT04597,Import,Customs Hold,96,55.2,16.1
MV00591,DR04645,PR00003,SR01575,CONT09528,Export,Discharged,83,52.7,0.0
MV00592,DR01420,PR00001,SR02911,CONT08070,Export,In Yard,75,47.9,0.0
MV00593,DR00417,PR00004,SR07204,CONT06089,Import,In Yard,67,49.6,0.0
MV00594,DR08734,PR00003,SR01051,CONT08533,Export,Loaded,100,51.8,0.0
MV00595,DR05620,PR00004,SR03152,CONT05241,Import,In Yard,96,47.5,0.0
MV00596,DR06246,PR00001,SR08972,CONT03339,Import,Loaded,62,52.3,5.5
MV00597,DR02237,PR00001,SR04399,CONT05750,Export,Customs Hold,47,29.9,15.7
MV00598,DR00164,PR00002,SR07107,CONT01379,Export,Discharged,90,30.6,0.0
MV00599,DR08372,PR00005,SR02111,CONT05879,Export,Gate Out,86,34.0,0.0
MV00600,DR01005,PR00004,SR08681,CONT01093,Export,Customs Hold,113,42.5,15.0
MV00601,DR08204,PR00002,SR03066,CONT05796,Export,In Yard,83,37.3,0.0
MV00602,DR09758,PR00002,SR03890,CONT08894,Import,Loaded,78,28.3,0.0
MV00603,DR00812,PR00005,SR09634,CONT00225,Export,Gate Out,83,26.7,0.0
MV00604,DR00988,PR00001,SR07206,CONT05494,Export,In Yard,85,46.9,0.0
MV00605,DR00038,PR00004,SR03503,CONT06121,Import,In Yard,93,30.2,5.6
MV00606,DR06880,PR00003,SR06345,CONT03794,Import,Discharged,117,52.1,0.0
MV00607,DR02538,PR00002,SR03729,CONT06790,Export,In Yard,123,56.9,0.0
MV00608,DR07567,PR00003,SR03467,CONT04045,Transshipment,In Yard,58,76.4,0.0
MV00609,DR05132,PR00002,SR03537,CONT09171,Transshipment,Loaded,61,33.6,0.0
MV00610,DR08855,PR00004,SR03394,CONT07135,Export,Gate Out,97,48.4,0.0
MV00611,DR09770,PR00001,SR01202,CONT04920,Export,Loaded,87,30.3,0.0
MV00612,DR08689,PR00003,SR05863,CONT02652,Import,Gate Out,80,29.8,0.0
MV00613,DR03307,PR00003,SR01347,CONT06970,Export,In Yard,51,31.5,0.0
MV00614,DR06680,PR00001,SR00119,CONT06646,Export,Customs Hold,63,29.9,7.6
MV00615,DR03936,PR00004,SR09960,CONT09540,Transshipment,Discharged,83,27.1,0.0
MV00616,DR06647,PR00005,SR00915,CONT04326,Transshipment,Loaded,78,43.1,0.0
MV00617,DR08563,PR00007,SR00867,CONT07472,Import,Customs Hold,58,31.1,4.7
MV00618,DR04814,PR00002,SR06504,CONT03721,Transshipment,Loaded,77,50.9,0.0
MV00619,DR07227,PR00002,SR08041,CONT06056,Export,Loaded,31,48.6,0.0
MV00620,DR00592,PR00002,SR07753,CONT05449,Import,In Yard,15,24.3,0.0
MV00621,DR07249,PR00006,SR09167,CONT00738,Import,In Yard,79,59.7,0.0
MV00622,DR06021,PR00003,SR00664,CONT06843,Export,Discharged,67,42.2,0.0
MV00623,DR07669,PR00002,SR08967,CONT09509,Import,Customs Hold,82,40.6,11.0
MV00624,DR03791,PR00005,SR04675,CONT05038,Import,Discharged,117,22.9,0.0
MV00625,DR08554,PR00001,SR03896,CONT09507,Export,Loaded,53,19.7,0.0
MV00626,DR04940,PR00004,SR07318,CONT07314,Import,Gate Out,55,66.9,0.0
MV00627,DR03812,PR00003,SR03149,CONT04111,Import,Gate Out,62,60.2,0.0
MV00628,DR06503,PR00004,SR04037,CONT03415,Export,Loaded,68,71.3,0.0
MV00629,DR02256,PR00005,SR06622,CONT08237,Import,Customs Hold,63,66.1,8.1
MV00630,DR06236,PR00002,SR01227,CONT02556,Export,Discharged,96,61.4,0.0
MV00631,DR06406,PR00004,SR03441,CONT05146,Import,Discharged,69,41.6,0.0
MV00632,DR07681,PR00003,SR06461,CONT05321,Export,Discharged,114,54.3,4.0
MV00633,DR01766,PR00001,SR04320,CONT04789,Import,Loaded,76,29.1,0.0
MV00634,DR06844,PR00006,SR09355,CONT03569,Export,Discharged,77,48.6,0.0
MV00635,DR02885,PR00005,SR03530,CONT07798,Export,Discharged,58,49.7,0.0
MV00636,DR08476,PR00007,SR09005,CONT09079,Export,Gate Out,102,58.9,0.0
MV00637,DR03077,PR00005,SR05628,CONT07738,Export,Loaded,53,42.4,0.0
MV00638,DR09827,PR00002,SR08691,CONT06310,Export,In Yard,43,21.1,0.0
MV00639,DR01337,PR00003,SR06999,CONT04341,Import,Loaded,75,19.3,0.0
MV00640,DR03803,PR00003,SR09629,CONT04414,Export,Loaded,79,47.2,0.0
MV00641,DR06354,PR00001,SR05386,CONT07927,Export,Discharged,125,39.4,0.0
MV00642,DR05083,PR00003,SR08095,CONT08468,Export,Discharged,109,55.6,3.0
MV00643,DR01864,PR00002,SR05908,CONT01570,Import,Discharged,99,29.7,0.0
MV00644,DR00218,PR00001,SR02611,CONT09460,Export,In Yard,70,57.7,0.0
MV00645,DR08827,PR00006,SR03106,CONT06367,Import,Gate Out,97,41.3,0.0
MV00646,DR02547,PR00001,SR08441,CONT04447,Export,In Yard,57,55.2,0.0
MV00647,DR03322,PR00003,SR04539,CONT02786,Export,In Yard,113,26.8,0.0
MV00648,DR05183,PR00006,SR07838,CONT06416,Import,In Yard,106,57.3,0.0
MV00649,DR02081,PR00004,SR05210,CONT06006,Export,Discharged,95,30.4,0.0
MV00650,DR03720,PR00001,SR07168,CONT03463,Import,Customs Hold,64,35.9,14.7
MV00651,DR07568,PR00004,SR09185,CONT04361,Export,Discharged,69,58.5,0.0
MV00652,DR04367,PR00005,SR08640,CONT04823,Export,Loaded,88,51.7,0.0
MV00653,DR09708,PR00006,SR07779,CONT03013,Import,In Yard,124,40.8,0.0
MV00654,DR05168,PR00002,SR00074,CONT05479,Import,Gate Out,68,29.5,0.0
MV00655,DR07698,PR00001,SR09013,CONT08679,Export,Gate Out,79,17.6,0.0
MV00656,DR08266,PR00004,SR05166,CONT02788,Export,Discharged,80,17.2,0.0
MV00657,DR07119,PR00002,SR08934,CONT01397,Import,Loaded,71,30.7,0.0
MV00658,DR00440,PR00006,SR07891,CONT08098,Import,Loaded,79,34.4,0.0
MV00659,DR03660,PR00005,SR00679,CONT09852,Import,Discharged,58,22.4,5.6
MV00660,DR06251,PR00005,SR03088,CONT01724,Export,In Yard,104,49.3,0.0
MV00661,DR08245,PR00007,SR03244,CONT08704,Import,Gate Out,127,52.6,0.0
MV00662,DR05781,PR00004,SR01784,CONT08408,Export,Discharged,93,42.3,0.0
MV00663,DR08387,PR00007,SR01553,CONT09031,Export,Gate Out,83,32.6,0.0
MV00664,DR03578,PR00004,SR01397,CONT01350,Export,Gate Out,116,41.0,0.0
MV00665,DR07402,PR00001,SR05739,CONT09680,Transshipment,Loaded,76,37.9,0.0
MV00666,DR07564,PR00006,SR05931,CONT08438,Export,Gate Out,70,58.1,0.0
MV00667,DR01316,PR00005,SR04574,CONT03365,Export,In Yard,92,39.2,0.0
MV00668,DR09916,PR00007,SR05140,CONT08801,Export,Gate Out,72,21.2,0.0
MV00669,DR07677,PR00002,SR06531,CONT06106,Export,Gate Out,91,37.3,0.0
MV00670,DR06634,PR00002,SR03792,CONT03241,Export,Loaded,74,31.8,0.0
MV00671,DR04725,PR00006,SR06660,CONT01709,Import,In Yard,116,28.5,0.0
MV00672,DR06708,PR00001,SR09085,CONT08303,Transshipment,In Yard,61,40.8,0.0
MV00673,DR08893,PR00004,SR04946,CONT00565,Import,In Yard,71,33.0,0.0
MV00674,DR02348,PR00003,SR07331,CONT02181,Transshipment,Loaded,87,44.0,0.0
MV00675,DR09807,PR00001,SR02597,CONT04578,Import,Discharged,92,47.5,0.0
MV00676,DR08729,PR00001,SR05376,CONT04485,Export,In Yard,135,39.0,0.0
MV00677,DR02675,PR00006,SR04468,CONT02532,Transshipment,In Yard,52,48.1,0.0
MV00678,DR01125,PR00001,SR07793,CONT05926,Export,Gate Out,56,34.0,0.0
MV00679,DR04025,PR00005,SR08479,CONT09388,Export,Gate Out,66,38.6,3.8
MV00680,DR07815,PR00005,SR03869,CONT09921,Import,In Yard,89,46.0,0.0
MV00681,DR07110,PR00004,SR00424,CONT03249,Import,Loaded,69,42.0,0.0
MV00682,DR08940,PR00003,SR04792,CONT03943,Import,Loaded,97,29.1,0.0
MV00683,DR06075,PR00001,SR03866,CONT04972,Export,Loaded,94,16.2,0.0
MV00684,DR07220,PR00006,SR08729,CONT01763,Import,In Yard,114,68.0,0.0
MV00685,DR09221,PR00001,SR03825,CONT06774,Import,Gate Out,75,46.8,0.0
MV00686,DR03149,PR00002,SR08358,CONT09342,Import,Gate Out,54,28.4,0.0
MV00687,DR06156,PR00007,SR08478,CONT09549,Transshipment,Loaded,96,68.8,0.0
MV00688,DR05262,PR00002,SR06530,CONT03312,Export,Gate Out,118,84.7,0.0
MV00689,DR07119,PR00002,SR07357,CONT03261,Import,Loaded,84,16.0,0.0
MV00690,DR08662,PR00007,SR04320,CONT08020,Transshipment,Discharged,58,46.5,0.0
MV00691,DR01630,PR00001,SR03047,CONT03317,Import,Gate Out,101,54.7,0.0
MV00692,DR00741,PR00001,SR07641,CONT09664,Import,Gate Out,76,22.8,0.0
MV00693,DR02044,PR00003,SR05444,CONT06055,Import,In Yard,83,23.2,0.0
MV00694,DR02479,PR00006,SR07443,CONT08590,Export,In Yard,89,59.9,0.0
MV00695,DR01054,PR00006,SR05155,CONT00548,Import,In Yard,46,40.8,0.0
MV00696,DR02117,PR00005,SR03900,CONT02280,Import,Discharged,110,37.0,0.0
MV00697,DR09933,PR00007,SR06711,CONT06008,Transshipment,Loaded,98,29.7,0.0
MV00698,DR06357,PR00001,SR03406,CONT00247,Export,In Yard,61,42.2,0.0
MV00699,DR04618,PR00004,SR03953,CONT05691,Export,Customs Hold,80,24.3,11.3
MV00700,DR01080,PR00001,SR08211,CONT09162,Export,Gate Out,74,30.8,0.0
MV00701,DR06399,PR00007,SR07341,CONT04186,Export,Gate Out,91,36.6,0.0
MV00702,DR02693,PR00007,SR08480,CONT09256,Import,Discharged,47,40.6,2.7
MV00703,DR07441,PR00002,SR09225,CONT08960,Export,In Yard,30,25.2,0.0
MV00704,DR08493,PR00006,SR01511,CONT02562,Import,Loaded,74,35.2,0.0
MV00705,DR03243,PR00004,SR08908,CONT08796,Import,Discharged,61,52.8,0.0
MV00706,DR06185,PR00001,SR08100,CONT06486,Transshipment,Loaded,44,42.2,0.0
MV00707,DR09044,PR00004,SR06755,CONT02691,Import,Customs Hold,97,50.7,18.0
MV00708,DR05291,PR00007,SR04805,CONT00632,Import,Loaded,98,58.7,0.0
MV00709,DR01992,PR00002,SR09921,CONT01503,Import,Loaded,64,23.7,0.0
MV00710,DR00999,PR00001,SR04400,CONT05802,Export,In Yard,87,44.7,0.0
MV00711,DR02693,PR00007,SR04694,CONT05394,Transshipment,Discharged,125,54.5,0.0
MV00712,DR01597,PR00003,SR03328,CONT07201,Import,Loaded,97,31.7,0.0
MV00713,DR04780,PR00003,SR05989,CONT01157,Import,In Yard,78,54.8,0.0
MV00714,DR01109,PR00005,SR03703,CONT02736,Export,In Yard,100,49.1,0.0
MV00715,DR00476,PR00004,SR08550,CONT09912,Export,Loaded,103,45.9,0.0
MV00716,DR01932,PR00002,SR07960,CONT01908,Import,Loaded,66,65.2,0.0
MV00717,DR01219,PR00001,SR01088,CONT08323,Import,Discharged,36,35.6,0.0
MV00718,DR02353,PR00006,SR06455,CONT03786,Export,Gate Out,72,37.5,0.0
MV00719,DR06991,PR00003,SR07883,CONT07336,Import,In Yard,93,50.7,0.0
MV00720,DR04312,PR00005,SR03909,CONT09663,Export,Loaded,102,48.2,0.0
MV00721,DR02106,PR00006,SR00202,CONT08020,Import,Loaded,118,33.1,0.0
MV00722,DR03314,PR00001,SR06720,CONT00741,Export,In Yard,106,17.7,0.0
MV00723,DR03887,PR00006,SR09048,CONT00625,Export,In Yard,98,46.7,0.0
MV00724,DR00313,PR00005,SR04728,CONT02719,Export,Discharged,89,58.3,0.0
MV00725,DR07858,PR00007,SR03770,CONT05671,Export,Loaded,115,65.4,0.0
MV00726,DR08243,PR00002,SR04756,CONT00059,Import,In Yard,73,41.2,0.0
MV00727,DR08124,PR00002,SR06285,CONT04841,Import,Gate Out,116,65.9,0.0
MV00728,DR08253,PR00004,SR09475,CONT04960,Export,In Yard,92,48.8,0.0
MV00729,DR08739,PR00007,SR08324,CONT08829,Export,Customs Hold,99,46.4,8.7
MV00730,DR03708,PR00007,SR05097,CONT09523,Export,Gate Out,66,45.7,0.0
MV00731,DR07814,PR00003,SR00356,CONT03059,Import,Loaded,98,37.5,0.0
MV00732,DR08991,PR00003,SR07202,CONT09155,Export,Discharged,63,22.5,4.2
MV00733,DR05010,PR00001,SR09710,CONT03410,Import,In Yard,76,33.3,0.0
MV00734,DR09678,PR00005,SR06430,CONT06316,Import,Loaded,118,43.8,0.0
MV00735,DR09353,PR00006,SR03291,CONT03824,Import,Gate Out,111,56.8,0.0
MV00736,DR03798,PR00006,SR06607,CONT00072,Transshipment,Gate Out,90,28.7,0.0
MV00737,DR00097,PR00002,SR02909,CONT08966,Export,Loaded,64,22.8,0.0
MV00738,DR06736,PR00007,SR06141,CONT00712,Export,In Yard,110,59.5,0.0
MV00739,DR07318,PR00001,SR07120,CONT00458,Export,Discharged,52,29.4,0.0
MV00740,DR08592,PR00003,SR02921,CONT03050,Import,Gate Out,106,46.4,0.0
MV00741,DR04113,PR00004,SR00425,CONT06170,Import,Gate Out,88,41.6,0.0
MV00742,DR07853,PR00003,SR09400,CONT07941,Import,In Yard,58,64.1,0.0
MV00743,DR01156,PR00005,SR07182,CONT01440,Import,Gate Out,111,57.3,0.0
MV00744,DR02348,PR00004,SR02609,CONT04886,Import,Gate Out,73,41.8,0.0
MV00745,DR08386,PR00001,SR06910,CONT09490,Import,Loaded,93,42.6,0.0
MV00746,DR05557,PR00001,SR06832,CONT06431,Export,In Yard,55,39.3,0.0
MV00747,DR01387,PR00003,SR00091,CONT02118,Export,In Yard,39,61.0,0.0
MV00748,DR04277,PR00005,SR05557,CONT08501,Transshipment,Gate Out,94,37.1,0.0
MV00749,DR02146,PR00003,SR00941,CONT09544,Import,Gate Out,62,43.2,0.0
MV00750,DR02852,PR00002,SR04648,CONT00630,Export,Gate Out,79,45.9,0.0
MV00751,DR02454,PR00001,SR06632,CONT03864,Import,Gate Out,87,57.7,0.0
MV00752,DR06307,PR00006,SR02221,CONT03847,Import,In Yard,74,73.7,2.3
MV00753,DR07196,PR00003,SR07915,CONT09743,Export,Discharged,92,39.4,0.0
MV00754,DR00081,PR00003,SR07151,CONT05199,Import,Discharged,93,48.9,2.0
MV00755,DR02050,PR00003,SR06993,CONT03799,Export,Discharged,67,43.3,0.0
MV00756,DR01636,PR00002,SR00698,CONT08933,Export,Discharged,89,19.4,0.0
MV00757,DR01328,PR00002,SR05180,CONT01572,Import,Discharged,123,60.1,5.3
MV00758,DR01013,PR00001,SR08622,CONT06579,Transshipment,Loaded,92,60.3,0.0
MV00759,DR06326,PR00005,SR08589,CONT06690,Import,In Yard,53,56.7,0.0
MV00760,DR09941,PR00002,SR07833,CONT09711,Transshipment,Gate Out,84,27.3,0.0
MV00761,DR05073,PR00002,SR07249,CONT00336,Export,In Yard,75,23.9,0.0
MV00762,DR01548,PR00007,SR07526,CONT03829,Import,Discharged,131,59.3,0.0
MV00763,DR08551,PR00003,SR02824,CONT09911,Import,In Yard,71,29.0,0.0
MV00764,DR08311,PR00003,SR00366,CONT03306,Import,Loaded,86,32.3,0.0
MV00765,DR09445,PR00003,SR07931,CONT00574,Export,In Yard,98,49.7,0.0
MV00766,DR08631,PR00002,SR09783,CONT01323,Import,Loaded,41,45.1,0.0
MV00767,DR02974,PR00001,SR03828,CONT03700,Export,In Yard,68,41.6,0.0
MV00768,DR05028,PR00006,SR01024,CONT03689,Import,Loaded,62,48.8,2.1
MV00769,DR08686,PR00003,SR04773,CONT08766,Transshipment,Loaded,128,39.5,5.9
MV00770,DR00546,PR00005,SR03509,CONT03462,Import,In Yard,72,38.1,0.0
MV00771,DR04341,PR00007,SR03037,CONT05396,Export,Gate Out,43,38.1,0.0
MV00772,DR07608,PR00001,SR04798,CONT04499,Export,Gate Out,79,17.0,0.0
MV00773,DR06953,PR00005,SR09963,CONT01483,Import,Loaded,41,49.6,0.0
MV00774,DR05935,PR00001,SR09134,CONT06813,Import,Discharged,54,78.2,0.0
MV00775,DR07633,PR00003,SR03627,CONT04369,Export,Loaded,44,47.8,0.0
MV00776,DR06418,PR00006,SR07411,CONT00382,Export,Gate Out,103,65.0,0.0
MV00777,DR06320,PR00001,SR02949,CONT02092,Export,Discharged,64,38.6,0.0
MV00778,DR05589,PR00007,SR02932,CONT09560,Import,Discharged,92,27.5,0.0
MV00779,DR06926,PR00004,SR08192,CONT08800,Export,In Yard,105,79.8,0.0
MV00780,DR03339,PR00003,SR07126,CONT01586,Transshipment,In Yard,70,28.0,1.5
MV00781,DR02666,PR00001,SR07046,CONT01873,Export,Discharged,68,52.3,0.0
MV00782,DR09932,PR00004,SR01969,CONT09980,Import,Gate Out,87,49.3,0.0
MV00783,DR03666,PR00003,SR00965,CONT08412,Import,Customs Hold,80,62.4,16.4
MV00784,DR06921,PR00002,SR04937,CONT02998,Transshipment,In Yard,86,46.6,0.0
MV00785,DR03984,PR00003,SR07143,CONT09421,Export,Discharged,69,29.9,0.0
MV00786,DR07094,PR00001,SR01493,CONT02043,Export,Discharged,110,33.4,0.0
MV00787,DR02759,PR00007,SR09836,CONT00319,Transshipment,Gate Out,80,77.6,0.0
MV00788,DR05506,PR00002,SR01269,CONT07254,Import,Discharged,38,45.7,0.0
MV00789,DR04435,PR00003,SR03768,CONT08669,Export,In Yard,94,73.3,0.0
MV00790,DR00594,PR00006,SR09294,CONT02096,Export,Loaded,84,44.7,0.0
MV00791,DR04306,PR00005,SR07985,CONT06211,Export,Gate Out,94,57.3,0.0
MV00792,DR05875,PR00006,SR06707,CONT05933,Export,Gate Out,86,30.8,0.0
MV00793,DR03995,PR00007,SR01905,CONT09360,Export,In Yard,107,45.4,2.1
MV00794,DR04763,PR00001,SR01030,CONT08143,Import,In Yard,48,62.9,0.0
MV00795,DR05085,PR00003,SR00679,CONT05038,Transshipment,Gate Out,90,30.8,0.0
MV00796,DR04161,PR00005,SR03922,CONT07263,Export,Loaded,94,35.0,0.0
MV00797,DR03867,PR00001,SR07729,CONT01051,Import,Customs Hold,58,52.8,11.9
MV00798,DR04656,PR00005,SR08668,CONT08653,Transshipment,Discharged,112,53.5,0.0
MV00799,DR01412,PR00001,SR06906,CONT00846,Import,Loaded,69,66.6,0.0
MV00800,DR08525,PR00007,SR02591,CONT02641,Import,Discharged,86,49.9,5.1
MV00801,DR05656,PR00005,SR01304,CONT00513,Transshipment,Loaded,73,48.9,0.0
MV00802,DR08632,PR00004,SR08317,CONT06204,Export,In Yard,121,54.6,0.0
MV00803,DR01798,PR00003,SR09141,CONT01246,Export,Discharged,151,35.0,0.0
MV00804,DR08664,PR00007,SR00619,CONT04090,Export,Loaded,66,28.1,0.0
MV00805,DR09871,PR00005,SR08428,CONT07156,Export,Loaded,99,29.9,0.0
MV00806,DR05685,PR00006,SR02732,CONT03650,Import,Discharged,97,5.0,4.2
MV00807,DR06583,PR00006,SR04236,CONT05100,Export,Loaded,102,52.4,0.0
MV00808,DR07478,PR00001,SR05958,CONT08330,Export,In Yard,108,25.1,0.0
MV00809,DR03443,PR00001,SR06204,CONT02669,Export,In Yard,95,27.0,0.0
MV00810,DR02685,PR00001,SR04184,CONT04208,Export,Loaded,51,49.3,0.0
MV00811,DR04018,PR00004,SR06463,CONT09090,Import,Loaded,95,26.2,0.0
MV00812,DR01549,PR00004,SR07643,CONT01840,Import,Discharged,61,49.5,0.0
MV00813,DR02312,PR00002,SR04477,CONT02694,Export,In Yard,41,15.0,0.0
MV00814,DR06305,PR00007,SR08149,CONT09648,Export,In Yard,105,44.1,0.0
MV00815,DR05245,PR00001,SR04417,CONT01671,Import,Gate Out,92,62.6,0.0
MV00816,DR09034,PR00005,SR00650,CONT03716,Import,In Yard,93,42.4,0.0
MV00817,DR03295,PR00003,SR00008,CONT09211,Import,In Yard,116,65.7,0.0
MV00818,DR06752,PR00003,SR03383,CONT09005,Export,Discharged,93,75.6,0.0
MV00819,DR03771,PR00001,SR02436,CONT06126,Import,Customs Hold,100,34.6,12.7
MV00820,DR09254,PR00005,SR08944,CONT04449,Export,Gate Out,84,33.3,0.0
MV00821,DR07806,PR00005,SR01957,CONT07559,Export,In Yard,130,21.9,0.0
MV00822,DR04397,PR00002,SR06387,CONT04738,Import,Discharged,64,45.3,0.0
MV00823,DR07290,PR00003,SR06585,CONT02989,Export,Gate Out,92,51.9,0.0
MV00824,DR04163,PR00004,SR03313,CONT08922,Export,In Yard,64,48.5,0.0
MV00825,DR09566,PR00003,SR02854,CONT05229,Import,In Yard,53,57.1,0.0
MV00826,DR08796,PR00004,SR05882,CONT08261,Import,Loaded,46,25.2,0.0
MV00827,DR03161,PR00003,SR03085,CONT04087,Import,Discharged,96,69.3,4.5
MV00828,DR05704,PR00006,SR01958,CONT01832,Export,Gate Out,103,43.8,0.0
MV00829,DR01130,PR00005,SR02948,CONT07936,Transshipment,In Yard,83,48.7,0.0
MV00830,DR02376,PR00001,SR09650,CONT03228,Export,In Yard,88,37.1,0.0
MV00831,DR06325,PR00006,SR08081,CONT09096,Transshipment,Discharged,78,39.5,0.0
MV00832,DR00351,PR00002,SR07930,CONT04020,Export,In Yard,93,31.9,0.0
MV00833,DR02565,PR00007,SR00906,CONT03474,Import,Customs Hold,94,57.7,10.0
MV00834,DR02589,PR00004,SR03362,CONT06939,Import,Discharged,88,32.0,0.0
MV00835,DR08310,PR00001,SR06731,CONT09473,Export,Discharged,92,39.1,0.0
MV00836,DR00048,PR00005,SR03944,CONT05887,Export,In Yard,91,34.6,0.0
MV00837,DR08376,PR00001,SR02401,CONT02854,Export,Customs Hold,76,41.3,8.0
MV00838,DR09874,PR00006,SR07684,CONT05657,Export,In Yard,77,18.1,0.0
MV00839,DR06910,PR00007,SR01845,CONT02008,Import,Discharged,113,5.8,0.0
MV00840,DR01579,PR00005,SR06163,CONT06795,Import,Loaded,84,60.9,0.0
MV00841,DR02413,PR00003,SR05693,CONT06470,Export,Gate Out,81,63.6,0.0
MV00842,DR01608,PR00004,SR05446,CONT01352,Export,In Yard,44,7.2,0.0
MV00843,DR08286,PR00003,SR01244,CONT07102,Export,Discharged,100,50.4,0.0
MV00844,DR07223,PR00001,SR01995,CONT06169,Import,Loaded,49,38.8,0.0
MV00845,DR01107,PR00007,SR03013,CONT07662,Export,Loaded,82,25.8,0.0
MV00846,DR09458,PR00002,SR05630,CONT04290,Import,Discharged,68,51.2,0.0
MV00847,DR00424,PR00002,SR08925,CONT05335,Import,In Yard,118,58.3,0.0
MV00848,DR01668,PR00001,SR09397,CONT09802,Export,In Yard,76,49.8,0.0
MV00849,DR09693,PR00007,SR02690,CONT01931,Transshipment,Loaded,101,77.7,0.0
MV00850,DR02200,PR00007,SR03644,CONT06532,Transshipment,Discharged,96,64.0,0.0
MV00851,DR07262,PR00002,SR02223,CONT09677,Import,Gate Out,93,30.7,0.0
MV00852,DR03475,PR00002,SR07233,CONT02772,Import,Gate Out,60,41.7,0.0
MV00853,DR04152,PR00006,SR02031,CONT00370,Export,Discharged,112,52.5,0.0
MV00854,DR04927,PR00003,SR00214,CONT09562,Export,Discharged,56,56.7,0.0
MV00855,DR04707,PR00007,SR01840,CONT02241,Export,In Yard,116,47.7,0.0
MV00856,DR00772,PR00007,SR07890,CONT00518,Import,Loaded,104,44.8,0.0
MV00857,DR01451,PR00005,SR04298,CONT07726,Export,Gate Out,72,22.5,0.0
MV00858,DR00431,PR00001,SR07047,CONT05617,Import,Gate Out,57,49.4,0.0
MV00859,DR08515,PR00005,SR04904,CONT05053,Import,Loaded,140,54.7,3.4
MV00860,DR00028,PR00007,SR00839,CONT07431,Export,Discharged,96,39.7,0.0
MV00861,DR08221,PR00003,SR08966,CONT08423,Import,In Yard,130,51.0,0.0
MV00862,DR09962,PR00006,SR09459,CONT06055,Export,In Yard,73,37.1,0.0
MV00863,DR03033,PR00003,SR08417,CONT02796,Export,In Yard,81,29.8,0.0
MV00864,DR06515,PR00007,SR09872,CONT08709,Import,Discharged,72,68.3,0.0
MV00865,DR06445,PR00004,SR05656,CONT01352,Import,Loaded,114,19.7,2.9
MV00866,DR09009,PR00001,SR06770,CONT03965,Transshipment,In Yard,59,37.9,0.0
MV00867,DR00024,PR00003,SR07321,CONT00013,Export,In Yard,83,37.6,0.0
MV00868,DR07692,PR00001,SR07041,CONT08401,Export,Discharged,118,18.7,0.0
MV00869,DR08752,PR00003,SR07858,CONT03285,Import,In Yard,108,51.2,0.0
MV00870,DR09063,PR00007,SR04989,CONT03584,Export,In Yard,93,38.0,0.0
MV00871,DR00375,PR00002,SR03346,CONT01838,Transshipment,Discharged,101,63.4,0.0
MV00872,DR03999,PR00007,SR00085,CONT07779,Import,Gate Out,129,68.1,0.0
MV00873,DR07904,PR00001,SR09545,CONT08285,Import,Loaded,39,38.9,0.0
MV00874,DR08077,PR00004,SR05289,CONT05420,Transshipment,Loaded,95,8.1,0.0
MV00875,DR03166,PR00007,SR01542,CONT08834,Import,Gate Out,79,37.8,0.0
MV00876,DR09746,PR00004,SR08957,CONT00416,Import,In Yard,134,42.3,0.0
MV00877,DR04793,PR00006,SR08804,CONT04349,Transshipment,Loaded,100,63.2,0.0
MV00878,DR05147,PR00007,SR06228,CONT06476,Import,In Yard,136,57.3,3.4
MV00879,DR05936,PR00004,SR05229,CONT02496,Export,Discharged,102,54.6,0.0
MV00880,DR08085,PR00006,SR09644,CONT05669,Export,Gate Out,57,58.7,0.0
MV00881,DR03207,PR00001,SR01663,CONT09591,Export,Gate Out,65,55.2,0.0
MV00882,DR09634,PR00003,SR09394,CONT02774,Import,Loaded,93,60.0,0.0
MV00883,DR05452,PR00002,SR08564,CONT05518,Import,In Yard,69,48.6,0.0
MV00884,DR07347,PR00006,SR02705,CONT06631,Export,Discharged,80,42.0,0.0
MV00885,DR06745,PR00005,SR02195,CONT03843,Export,Gate Out,27,45.7,0.0
MV00886,DR00108,PR00004,SR07235,CONT07497,Import,In Yard,103,50.1,0.0
MV00887,DR08318,PR00007,SR06847,CONT05796,Import,Gate Out,64,57.2,0.0
MV00888,DR07995,PR00001,SR06975,CONT01945,Export,Loaded,92,34.6,0.0
MV00889,DR08850,PR00007,SR01180,CONT06033,Import,In Yard,121,66.7,0.0
MV00890,DR01080,PR00001,SR09997,CONT07417,Export,Loaded,76,40.6,0.0
MV00891,DR02057,PR00002,SR09052,CONT06015,Transshipment,Discharged,110,48.5,0.0
MV00892,DR09444,PR00004,SR03429,CONT08941,Import,Gate Out,68,22.9,0.0
MV00893,DR08311,PR00002,SR01352,CONT05396,Transshipment,In Yard,89,39.9,0.0
MV00894,DR08752,PR00005,SR00934,CONT08977,Export,In Yard,108,55.8,0.0
MV00895,DR04542,PR00005,SR01062,CONT03117,Export,Discharged,99,49.6,0.0
MV00896,DR03226,PR00006,SR00848,CONT00749,Transshipment,Loaded,88,11.0,0.0
MV00897,DR02166,PR00001,SR01351,CONT04127,Import,Loaded,46,20.0,4.9
MV00898,DR06345,PR00001,SR05086,CONT09614,Transshipment,Discharged,63,38.4,0.0
MV00899,DR02596,PR00001,SR04911,CONT07984,Import,Discharged,119,65.6,1.7
MV00900,DR09701,PR00003,SR08025,CONT02602,Export,In Yard,50,36.0,0.0
MV00901,DR09685,PR00001,SR07655,CONT07951,Export,Loaded,52,33.6,0.0
MV00902,DR03278,PR00002,SR05491,CONT07371,Import,Gate Out,60,55.2,0.0
MV00903,DR00621,PR00006,SR06632,CONT01023,Export,Loaded,131,49.6,0.0
MV00904,DR07522,PR00007,SR09909,CONT04277,Export,Gate Out,104,64.7,0.0
MV00905,DR07315,PR00006,SR03831,CONT00879,Import,Gate Out,62,41.7,0.0
MV00906,DR03268,PR00001,SR08307,CONT08791,Export,Gate Out,97,38.7,0.0
MV00907,DR00586,PR00004,SR00806,CONT07897,Import,In Yard,29,53.2,0.0
MV00908,DR05097,PR00001,SR09685,CONT03428,Import,Customs Hold,45,44.7,17.9
MV00909,DR09604,PR00003,SR04505,CONT06185,Import,Discharged,86,32.8,0.0
MV00910,DR09388,PR00003,SR00982,CONT09393,Transshipment,Gate Out,58,26.4,4.2
MV00911,DR02857,PR00007,SR00337,CONT00358,Export,In Yard,89,27.3,0.0
MV00912,DR04618,PR00004,SR00966,CONT05240,Export,Discharged,104,28.5,0.0
MV00913,DR03741,PR00002,SR00197,CONT08675,Export,In Yard,98,37.3,0.0
MV00914,DR00192,PR00004,SR09336,CONT05324,Export,Loaded,75,48.6,0.0
MV00915,DR06479,PR00007,SR02530,CONT00276,Import,Loaded,97,25.3,0.0
MV00916,DR05070,PR00001,SR03504,CONT05867,Import,In Yard,88,15.2,0.0
MV00917,DR02527,PR00006,SR03577,CONT04636,Export,Loaded,93,58.4,0.0
MV00918,DR03215,PR00002,SR00633,CONT03349,Import,Customs Hold,63,59.9,10.1
MV00919,DR02480,PR00001,SR00259,CONT00559,Export,Loaded,88,58.2,0.0
MV00920,DR08553,PR00006,SR02833,CONT08745,Import,In Yard,111,25.6,0.0
MV00921,DR04866,PR00001,SR09735,CONT07213,Export,Discharged,98,51.1,0.0
MV00922,DR08050,PR00005,SR01330,CONT01564,Import,Loaded,107,64.4,0.0
MV00923,DR02185,PR00001,SR09259,CONT08118,Export,Gate Out,55,35.6,0.0
MV00924,DR07732,PR00004,SR08062,CONT05901,Transshipment,Discharged,72,43.4,0.0
MV00925,DR07455,PR00004,SR00935,CONT01076,Import,Loaded,67,42.8,0.0
MV00926,DR06976,PR00006,SR09436,CONT05289,Import,In Yard,61,47.8,0.0
MV00927,DR07424,PR00006,SR05855,CONT07029,Export,Loaded,85,52.4,0.0
MV00928,DR09868,PR00005,SR07959,CONT04785,Import,Gate Out,94,57.4,0.0
MV00929,DR07804,PR00003,SR04790,CONT00474,Import,In Yard,138,49.8,0.0
MV00930,DR02859,PR00001,SR01164,CONT05920,Export,Discharged,53,27.9,5.0
MV00931,DR03290,PR00004,SR06326,CONT07709,Import,Gate Out,110,38.7,4.3
MV00932,DR00851,PR00003,SR07303,CONT03976,Import,Gate Out,127,38.9,0.0
MV00933,DR06983,PR00001,SR04842,CONT01890,Import,Discharged,69,28.0,0.0
MV00934,DR06933,PR00007,SR00169,CONT04164,Import,Loaded,72,54.3,0.0
MV00935,DR02723,PR00002,SR02225,CONT09372,Transshipment,Customs Hold,102,37.5,6.7
MV00936,DR06359,PR00001,SR02927,CONT08948,Import,Gate Out,55,49.9,0.0
MV00937,DR09711,PR00007,SR00530,CONT04734,Import,Gate Out,123,34.2,0.0
MV00938,DR03675,PR00004,SR01085,CONT06060,Export,Gate Out,92,47.1,0.0
MV00939,DR09688,PR00005,SR02564,CONT06052,Export,Loaded,91,58.9,0.0
MV00940,DR00193,PR00001,SR08670,CONT07164,Import,Customs Hold,94,41.8,4.7
MV00941,DR00717,PR00003,SR03818,CONT03371,Export,Gate Out,90,23.0,0.0
MV00942,DR03700,PR00004,SR02990,CONT03053,Export,Customs Hold,81,42.2,12.0
MV00943,DR07367,PR00002,SR07348,CONT00764,Import,Discharged,85,29.9,0.0
MV00944,DR01676,PR00005,SR09127,CONT07965,Import,Gate Out,101,30.8,0.0
MV00945,DR02675,PR00002,SR01796,CONT00173,Export,Discharged,56,38.4,0.0
MV00946,DR01511,PR00002,SR00073,CONT09340,Import,Loaded,108,29.3,0.0
MV00947,DR01117,PR00001,SR03069,CONT04944,Import,Loaded,72,45.2,0.0
MV00948,DR08813,PR00002,SR04752,CONT02486,Export,In Yard,113,64.4,0.0
MV00949,DR01925,PR00002,SR05985,CONT09990,Import,Loaded,60,41.4,0.0
MV00950,DR05033,PR00005,SR09310,CONT01982,Import,Gate Out,105,41.0,0.0
MV00951,DR07344,PR00004,SR07322,CONT04813,Import,In Yard,125,48.4,0.0
MV00952,DR05141,PR00001,SR02605,CONT01562,Export,Gate Out,65,45.9,0.0
MV00953,DR03582,PR00004,SR02517,CONT03141,Export,Discharged,83,40.5,0.0
MV00954,DR01436,PR00002,SR05552,CONT05799,Import,Customs Hold,99,35.5,16.2
MV00955,DR09175,PR00003,SR05849,CONT00495,Import,In Yard,92,30.9,0.0
MV00956,DR09349,PR00006,SR02777,CONT02281,Transshipment,Discharged,33,35.9,0.0
MV00957,DR04553,PR00005,SR08405,CONT01934,Export,Customs Hold,87,61.6,11.2
MV00958,DR03712,PR00004,SR01250,CONT03581,Export,Customs Hold,74,34.2,8.5
MV00959,DR06314,PR00002,SR03300,CONT00326,Import,Loaded,105,54.7,0.0
MV00960,DR05876,PR00001,SR08610,CONT08503,Import,Gate Out,110,54.3,0.0
MV00961,DR00441,PR00005,SR04417,CONT01980,Import,Loaded,102,29.6,0.0
MV00962,DR00788,PR00004,SR01667,CONT01031,Export,Loaded,117,40.2,0.0
MV00963,DR01050,PR00004,SR04483,CONT04893,Transshipment,Loaded,33,48.0,0.0
MV00964,DR05367,PR00007,SR05464,CONT03333,Import,Gate Out,77,44.8,0.0
MV00965,DR07792,PR00002,SR03916,CONT03124,Export,Loaded,94,37.2,0.0
MV00966,DR00822,PR00006,SR05468,CONT07330,Export,In Yard,107,57.5,0.0
MV00967,DR05885,PR00004,SR03590,CONT02776,Export,Gate Out,103,61.7,0.0
MV00968,DR04429,PR00002,SR00142,CONT01180,Import,In Yard,77,43.0,0.0
MV00969,DR01734,PR00001,SR08884,CONT01717,Import,In Yard,107,36.6,0.0
MV00970,DR08684,PR00004,SR08725,CONT00218,Transshipment,Discharged,65,42.0,0.0
MV00971,DR03044,PR00002,SR09561,CONT09841,Import,Discharged,111,37.0,0.0
MV00972,DR00467,PR00005,SR00865,CONT05771,Import,Discharged,103,49.9,0.0
MV00973,DR03461,PR00005,SR09699,CONT05373,Import,Gate Out,68,40.0,0.0
MV00974,DR03978,PR00003,SR03519,CONT02657,Export,In Yard,70,26.4,0.0
MV00975,DR00637,PR00003,SR02087,CONT04041,Import,Loaded,72,33.7,0.0
MV00976,DR02535,PR00004,SR02423,CONT02870,Export,In Yard,87,34.3,0.0
MV00977,DR01795,PR00003,SR05699,CONT04052,Transshipment,Discharged,80,48.5,0.0
MV00978,DR01925,PR00006,SR01107,CONT07124,Export,Loaded,131,42.1,0.0
MV00979,DR09368,PR00001,SR03508,CONT00152,Transshipment,Loaded,48,25.5,0.0
MV00980,DR03992,PR00007,SR04674,CONT07995,Transshipment,Customs Hold,86,46.1,8.1
MV00981,DR04980,PR00001,SR06809,CONT06755,Export,Gate Out,98,53.3,0.0
MV00982,DR09219,PR00002,SR08211,CONT09359,Export,In Yard,78,47.0,5.5
MV00983,DR01456,PR00005,SR01022,CONT04317,Export,Discharged,105,51.4,0.0
MV00984,DR04641,PR00001,SR09486,CONT03211,Export,Gate Out,62,49.3,0.0
MV00985,DR02205,PR00002,SR04982,CONT00329,Import,Discharged,79,52.6,0.0
MV00986,DR06168,PR00001,SR00132,CONT00034,Transshipment,In Yard,86,48.0,0.0
MV00987,DR00065,PR00005,SR03567,CONT07522,Export,In Yard,107,37.6,0.0
MV00988,DR08372,PR00004,SR09846,CONT01817,Transshipment,Loaded,90,43.5,3.2
MV00989,DR06041,PR00001,SR04650,CONT05302,Import,In Yard,86,26.3,4.4
MV00990,DR01174,PR00003,SR06821,CONT04601,Import,Loaded,93,54.1,0.0
MV00991,DR00482,PR00002,SR03410,CONT00912,Export,Loaded,95,39.1,0.0
MV00992,DR03418,PR00007,SR04011,CONT02283,Export,In Yard,116,56.5,0.0
MV00993,DR05548,PR00001,SR04790,CONT02250,Import,In Yard,50,36.9,0.0
MV00994,DR00403,PR00004,SR05081,CONT05953,Export,In Yard,89,37.5,0.0
MV00995,DR07998,PR00003,SR09698,CONT07669,Export,Loaded,89,41.9,0.0
MV00996,DR00941,PR00004,SR04358,CONT07251,Import,In Yard,107,44.9,0.0
MV00997,DR01108,PR00007,SR02013,CONT01936,Export,Loaded,114,44.8,0.0
MV00998,DR02734,PR00002,SR02479,CONT09755,Import,Loaded,78,29.2,0.0
MV00999,DR05429,PR00005,SR04690,CONT05373,Export,Discharged,97,52.6,0.0
MV01000,DR06084,PR00003,SR09129,CONT05113,Import,In Yard,94,31.3,0.0
MV01001,DR00184,PR00004,SR05086,CONT08488,Import,Customs Hold,73,63.8,9.7
MV01002,DR04384,PR00003,SR00789,CONT04454,Transshipment,Loaded,92,57.7,0.0
MV01003,DR09309,PR00002,SR08949,CONT08293,Import,In Yard,84,22.8,0.0
MV01004,DR01924,PR00001,SR04743,CONT01272,Export,Loaded,22,42.2,0.0
MV01005,DR09623,PR00001,SR01463,CONT01954,Export,In Yard,111,60.8,0.0
MV01006,DR00510,PR00007,SR08605,CONT08867,Import,Discharged,87,37.4,3.1
MV01007,DR06435,PR00006,SR06565,CONT09808,Transshipment,Discharged,108,56.1,0.0
MV01008,DR04864,PR00002,SR04063,CONT01812,Import,In Yard,65,41.9,0.0
MV01009,DR05165,PR00003,SR04089,CONT05037,Export,In Yard,81,55.9,0.0
MV01010,DR00375,PR00005,SR02739,CONT00074,Export,Gate Out,89,44.2,0.0
MV01011,DR04855,PR00002,SR08680,CONT03251,Export,Gate Out,68,54.7,0.0
MV01012,DR01861,PR00003,SR04043,CONT02183,Import,In Yard,87,45.1,0.0
MV01013,DR02385,PR00005,SR05008,CONT07818,Export,In Yard,60,39.9,0.0
MV01014,DR00585,PR00002,SR09411,CONT07661,Transshipment,In Yard,125,51.9,0.0
MV01015,DR01899,PR00003,SR02321,CONT07061,Export,In Yard,130,60.7,0.0
MV01016,DR05729,PR00002,SR06152,CONT07374,Export,In Yard,63,5.1,0.0
MV01017,DR00915,PR00001,SR03475,CONT02923,Import,Loaded,68,5.0,0.0
MV01018,DR01550,PR00005,SR01493,CONT00621,Import,Gate Out,100,44.4,0.0
MV01019,DR00875,PR00005,SR09247,CONT06401,Import,In Yard,117,37.4,0.0
MV01020,DR03735,PR00007,SR07632,CONT00580,Import,In Yard,95,35.8,0.0
MV01021,DR05082,PR00001,SR08364,CONT02022,Export,In Yard,59,29.1,0.0
MV01022,DR02209,PR00005,SR00182,CONT08491,Import,Gate Out,85,83.8,0.0
MV01023,DR05687,PR00007,SR05909,CONT07091,Import,In Yard,82,29.7,0.0
MV01024,DR08985,PR00004,SR01890,CONT07005,Import,Loaded,96,60.0,2.8
MV01025,DR06580,PR00007,SR03157,CONT02015,Import,In Yard,78,35.1,0.0
MV01026,DR06361,PR00007,SR06109,CONT05035,Export,Loaded,84,26.1,0.0
MV01027,DR02519,PR00006,SR02214,CONT06175,Export,In Yard,74,33.5,0.0
MV01028,DR04196,PR00007,SR00838,CONT03166,Import,Gate Out,113,28.5,0.0
MV01029,DR05521,PR00004,SR08391,CONT09540,Import,In Yard,70,24.1,0.0
MV01030,DR08144,PR00003,SR00343,CONT02365,Import,In Yard,120,39.6,0.0
MV01031,DR02599,PR00007,SR04282,CONT06801,Export,In Yard,75,34.8,0.0
MV01032,DR08186,PR00006,SR06243,CONT00192,Import,In Yard,81,41.6,3.8
MV01033,DR01285,PR00001,SR09245,CONT02333,Export,Loaded,102,44.2,0.0
MV01034,DR07120,PR00002,SR09873,CONT08649,Export,Discharged,68,25.2,0.0
MV01035,DR08218,PR00002,SR01467,CONT07818,Import,Gate Out,66,47.7,0.0
MV01036,DR05095,PR00006,SR01234,CONT07242,Import,Gate Out,103,40.9,0.0
MV01037,DR04981,PR00002,SR09884,CONT02538,Import,Loaded,95,35.5,0.0
MV01038,DR05198,PR00002,SR09989,CONT01318,Import,Discharged,75,15.3,0.0
MV01039,DR05239,PR00003,SR02458,CONT04973,Import,Gate Out,92,44.1,0.0
MV01040,DR08087,PR00001,SR05024,CONT06157,Transshipment,In Yard,114,75.3,0.0
MV01041,DR07991,PR00007,SR04872,CONT06899,Import,Gate Out,80,57.3,0.0
MV01042,DR01477,PR00003,SR08162,CONT01061,Import,In Yard,134,46.8,0.0
MV01043,DR00731,PR00001,SR08466,CONT07134,Export,Discharged,120,26.9,0.0
MV01044,DR05584,PR00002,SR06087,CONT02393,Transshipment,Loaded,113,66.7,0.0
MV01045,DR03981,PR00006,SR07780,CONT04940,Import,Discharged,97,41.4,2.7
MV01046,DR09230,PR00004,SR03871,CONT09051,Export,Discharged,33,29.7,2.3
MV01047,DR02165,PR00003,SR05854,CONT05502,Import,In Yard,72,38.6,0.0
MV01048,DR08270,PR00002,SR01276,CONT07118,Export,Discharged,77,68.4,0.0
MV01049,DR07909,PR00007,SR01762,CONT08656,Export,Loaded,75,45.5,0.0
MV01050,DR04383,PR00005,SR06357,CONT02010,Export,Gate Out,120,57.9,0.0
MV01051,DR08413,PR00005,SR00674,CONT09398,Import,In Yard,30,41.4,0.0
MV01052,DR07728,PR00003,SR09562,CONT03742,Import,In Yard,93,42.2,0.0
MV01053,DR01194,PR00007,SR00693,CONT04535,Export,In Yard,105,47.5,0.0
MV01054,DR01495,PR00005,SR03012,CONT08119,Import,Gate Out,99,70.5,0.0
MV01055,DR03509,PR00003,SR04974,CONT05198,Export,Gate Out,137,49.6,0.0
MV01056,DR09091,PR00007,SR04474,CONT05413,Import,In Yard,95,32.7,0.0
MV01057,DR04630,PR00006,SR06560,CONT09193,Export,In Yard,41,46.6,0.0
MV01058,DR05129,PR00005,SR04738,CONT01461,Import,In Yard,75,38.5,0.0
MV01059,DR05784,PR00005,SR04648,CONT02470,Transshipment,Gate Out,102,53.0,0.0
MV01060,DR07938,PR00003,SR01114,CONT03572,Export,Loaded,79,38.7,0.0
MV01061,DR07147,PR00003,SR02190,CONT02568,Import,In Yard,103,30.0,0.0
MV01062,DR05281,PR00001,SR00200,CONT09291,Import,Discharged,87,53.6,0.0
MV01063,DR04232,PR00004,SR06968,CONT01006,Export,Discharged,124,74.7,0.0
MV01064,DR06131,PR00003,SR09072,CONT02001,Import,In Yard,67,12.8,2.5
MV01065,DR03511,PR00002,SR04807,CONT01289,Import,In Yard,116,46.6,0.0
MV01066,DR03892,PR00007,SR07119,CONT04142,Import,Gate Out,81,40.0,0.0
MV01067,DR05808,PR00001,SR09458,CONT01410,Import,In Yard,50,26.1,0.0
MV01068,DR01656,PR00006,SR09873,CONT02778,Export,Loaded,119,23.5,0.0
MV01069,DR04599,PR00002,SR00407,CONT03254,Import,Discharged,70,42.2,0.0
MV01070,DR05200,PR00001,SR09142,CONT08135,Export,In Yard,76,29.7,0.0
MV01071,DR09754,PR00001,SR05474,CONT06882,Export,In Yard,86,38.9,0.0
MV01072,DR09865,PR00003,SR09157,CONT07810,Export,In Yard,84,56.6,0.0
MV01073,DR01327,PR00003,SR07511,CONT09142,Import,Discharged,39,33.3,0.0
MV01074,DR00302,PR00002,SR01724,CONT05421,Export,Customs Hold,77,37.2,9.1
MV01075,DR08195,PR00004,SR09258,CONT03523,Export,Loaded,58,23.1,0.0
MV01076,DR03508,PR00003,SR05387,CONT00427,Import,Gate Out,105,35.2,0.0
MV01077,DR02393,PR00001,SR05645,CONT08225,Import,Discharged,46,53.1,0.0
MV01078,DR00972,PR00002,SR04003,CONT06790,Import,Gate Out,54,49.5,0.0
MV01079,DR00061,PR00001,SR08235,CONT04929,Import,Loaded,59,54.7,0.0
MV01080,DR06879,PR00001,SR06359,CONT05458,Import,Gate Out,108,35.1,0.0
MV01081,DR03651,PR00002,SR06464,CONT09163,Import,Discharged,81,46.2,3.8
MV01082,DR03282,PR00005,SR08100,CONT05188,Export,Loaded,96,65.6,0.0
MV01083,DR05411,PR00005,SR05883,CONT05592,Export,Gate Out,89,49.5,0.0
MV01084,DR09818,PR00006,SR09904,CONT03489,Import,Gate Out,119,68.0,3.3
MV01085,DR00820,PR00005,SR05719,CONT09156,Transshipment,Gate Out,118,55.2,0.0
MV01086,DR01715,PR00003,SR00764,CONT01844,Import,Loaded,26,39.0,0.0
MV01087,DR01924,PR00002,SR01969,CONT07689,Import,In Yard,104,16.9,0.0
MV01088,DR04659,PR00001,SR07244,CONT00159,Import,Gate Out,87,49.4,0.0
MV01089,DR07461,PR00004,SR08925,CONT00750,Import,Loaded,55,54.3,0.0
MV01090,DR09862,PR00002,SR07726,CONT05244,Export,In Yard,42,52.4,0.0
MV01091,DR06764,PR00002,SR03499,CONT04021,Import,In Yard,107,35.2,0.0
MV01092,DR01984,PR00007,SR07958,CONT00306,Export,Loaded,111,52.6,0.0
MV01093,DR07332,PR00001,SR02340,CONT03538,Export,In Yard,70,17.3,2.8
MV01094,DR01162,PR00001,SR02608,CONT06853,Import,Discharged,71,21.0,0.0
MV01095,DR06363,PR00007,SR06895,CONT06323,Export,In Yard,92,49.7,0.0
MV01096,DR06558,PR00002,SR01429,CONT01128,Export,In Yard,50,56.0,0.0
MV01097,DR02421,PR00003,SR07502,CONT03707,Export,In Yard,52,55.9,0.0
MV01098,DR00769,PR00001,SR03760,CONT08756,Import,In Yard,70,45.7,0.0
MV01099,DR02376,PR00003,SR05129,CONT09069,Export,In Yard,55,69.6,0.0
MV01100,DR04020,PR00007,SR04154,CONT02845,Import,Discharged,78,43.9,0.0
MV01101,DR04662,PR00005,SR08071,CONT03357,Import,Gate Out,114,59.7,0.0
MV01102,DR02854,PR00003,SR08008,CONT00857,Export,In Yard,88,31.9,0.0
MV01103,DR08819,PR00002,SR03499,CONT03077,Import,In Yard,79,5.0,0.0
MV01104,DR04876,PR00003,SR09944,CONT06220,Import,Gate Out,79,32.7,0.0
MV01105,DR03539,PR00004,SR04487,CONT06326,Import,In Yard,68,38.9,0.0
MV01106,DR00921,PR00002,SR08689,CONT07060,Export,In Yard,74,50.5,0.0
MV01107,DR05841,PR00001,SR03676,CONT00315,Import,In Yard,56,31.6,5.2
MV01108,DR08863,PR00005,SR02492,CONT01019,Import,In Yard,29,44.7,0.0
MV01109,DR06754,PR00006,SR08838,CONT05135,Export,Gate Out,67,66.1,0.0
MV01110,DR00789,PR00007,SR04321,CONT02392,Import,Discharged,112,62.6,0.0
MV01111,DR00536,PR00006,SR06329,CONT00263,Import,In Yard,114,39.5,0.0
MV01112,DR09206,PR00003,SR08246,CONT02804,Export,Discharged,100,16.3,0.0
MV01113,DR01915,PR00006,SR04086,CONT06783,Transshipment,Gate Out,66,29.5,0.0
MV01114,DR07989,PR00007,SR04178,CONT06280,Export,Gate Out,75,64.5,0.0
MV01115,DR00311,PR00001,SR09883,CONT09269,Import,Gate Out,68,33.5,0.0
MV01116,DR08430,PR00003,SR01202,CONT03033,Import,Discharged,72,45.8,0.0
MV01117,DR00636,PR00002,SR00496,CONT07281,Export,Gate Out,106,55.8,0.0
MV01118,DR07190,PR00007,SR04815,CONT01728,Import,Loaded,108,52.3,0.0
MV01119,DR08541,PR00007,SR09566,CONT03652,Export,In Yard,91,43.9,0.0
MV01120,DR09757,PR00006,SR07315,CONT09680,Export,Discharged,105,42.9,0.0
MV01121,DR02218,PR00002,SR00565,CONT05379,Export,In Yard,55,70.5,0.0
MV01122,DR08010,PR00007,SR07913,CONT03351,Import,Discharged,67,34.6,0.0
MV01123,DR01332,PR00001,SR00687,CONT00419,Transshipment,Discharged,108,60.6,4.2
MV01124,DR04215,PR00001,SR07623,CONT00457,Import,In Yard,51,50.8,0.0
MV01125,DR04923,PR00004,SR00207,CONT01837,Export,Discharged,64,48.5,0.0
MV01126,DR08227,PR00006,SR02119,CONT06144,Import,In Yard,103,49.9,0.0
MV01127,DR02190,PR00006,SR05329,CONT02132,Export,Loaded,86,32.3,0.0
MV01128,DR09417,PR00002,SR05367,CONT02530,Import,Gate Out,35,22.6,0.0
MV01129,DR03651,PR00003,SR04144,CONT08353,Import,Discharged,68,34.9,0.0
MV01130,DR08640,PR00003,SR01437,CONT02785,Import,In Yard,56,49.8,0.0
MV01131,DR08516,PR00001,SR08488,CONT06823,Import,Loaded,73,47.6,0.0
MV01132,DR06318,PR00006,SR01021,CONT05245,Transshipment,Gate Out,98,51.6,0.0
MV01133,DR04149,PR00002,SR08606,CONT06075,Export,Gate Out,79,48.9,0.0
MV01134,DR09177,PR00001,SR08523,CONT00559,Export,Gate Out,37,49.6,0.0
MV01135,DR09858,PR00003,SR04814,CONT00233,Import,In Yard,117,19.8,0.0
MV01136,DR05565,PR00005,SR02656,CONT04313,Import,In Yard,110,21.3,0.0
MV01137,DR02037,PR00006,SR04300,CONT03974,Import,Gate Out,101,33.4,0.0
MV01138,DR02145,PR00002,SR07192,CONT07341,Import,Loaded,93,51.5,0.0
MV01139,DR05054,PR00001,SR07235,CONT00995,Export,Discharged,64,9.9,0.0
MV01140,DR01755,PR00007,SR07499,CONT06616,Export,Loaded,121,54.9,0.0
MV01141,DR03783,PR00004,SR01328,CONT00651,Import,In Yard,66,32.7,0.0
MV01142,DR06990,PR00003,SR02146,CONT08333,Import,Discharged,55,45.0,0.0
MV01143,DR09140,PR00001,SR05423,CONT00603,Import,In Yard,48,38.2,0.0
MV01144,DR03512,PR00007,SR00424,CONT00423,Import,Customs Hold,131,52.3,14.3
MV01145,DR07704,PR00005,SR05315,CONT09883,Import,Loaded,80,42.8,0.0
MV01146,DR00917,PR00002,SR03359,CONT04542,Import,In Yard,73,48.7,0.0
MV01147,DR02227,PR00001,SR04343,CONT04488,Import,Gate Out,77,57.0,0.0
MV01148,DR00685,PR00001,SR05058,CONT07389,Import,Discharged,69,54.4,0.0
MV01149,DR03990,PR00002,SR03936,CONT02683,Export,Gate Out,83,38.8,0.0
MV01150,DR01276,PR00001,SR03613,CONT04035,Transshipment,In Yard,87,32.8,0.0
MV01151,DR08610,PR00002,SR04457,CONT04385,Import,Loaded,88,44.0,0.0
MV01152,DR07732,PR00001,SR03058,CONT02236,Import,Discharged,64,67.7,0.0
MV01153,DR08428,PR00003,SR05551,CONT05359,Import,Gate Out,67,40.3,0.0
MV01154,DR00448,PR00003,SR00273,CONT00082,Export,Loaded,55,57.9,0.0
MV01155,DR00997,PR00003,SR00003,CONT08566,Export,In Yard,41,51.2,0.0
MV01156,DR07716,PR00006,SR05742,CONT00282,Export,Loaded,61,55.5,0.0
MV01157,DR08599,PR00002,SR03365,CONT02019,Export,Loaded,73,52.0,0.0
MV01158,DR00041,PR00006,SR04728,CONT01764,Transshipment,Discharged,72,26.4,0.0
MV01159,DR06052,PR00007,SR03782,CONT05045,Import,Gate Out,121,40.5,0.0
MV01160,DR00762,PR00007,SR08993,CONT09070,Import,In Yard,80,43.6,0.0
MV01161,DR00800,PR00001,SR04978,CONT05932,Import,Discharged,67,52.0,0.0
MV01162,DR08722,PR00002,SR01344,CONT05751,Export,Discharged,76,61.5,0.0
MV01163,DR05746,PR00004,SR03516,CONT06824,Import,Discharged,107,49.9,0.0
MV01164,DR08256,PR00001,SR05025,CONT03007,Export,Gate Out,74,51.0,0.0
MV01165,DR09814,PR00001,SR02503,CONT08532,Export,Discharged,109,32.5,0.0
MV01166,DR05844,PR00001,SR05273,CONT06919,Transshipment,Loaded,70,29.3,0.0
MV01167,DR00044,PR00004,SR09380,CONT09120,Transshipment,Discharged,112,31.2,0.0
MV01168,DR02256,PR00006,SR05073,CONT05082,Export,In Yard,89,45.7,0.0
MV01169,DR08213,PR00002,SR00259,CONT07518,Export,Loaded,52,33.0,0.0
MV01170,DR00475,PR00007,SR00719,CONT07038,Export,Loaded,110,62.0,0.0
MV01171,DR06370,PR00006,SR07064,CONT00447,Import,Loaded,111,50.8,1.5
MV01172,DR03863,PR00001,SR01709,CONT02683,Export,Customs Hold,88,42.7,12.6
MV01173,DR07460,PR00003,SR06445,CONT06910,Transshipment,Discharged,49,37.8,0.0
MV01174,DR07845,PR00001,SR00394,CONT06385,Export,Loaded,91,36.6,0.0
MV01175,DR03974,PR00007,SR03297,CONT01745,Export,Discharged,78,19.9,0.0
MV01176,DR05438,PR00005,SR02091,CONT09277,Import,Customs Hold,149,36.6,7.1
MV01177,DR04533,PR00005,SR05817,CONT08121,Export,Loaded,108,58.2,0.0
MV01178,DR08163,PR00005,SR04777,CONT07379,Import,Gate Out,50,38.2,0.0
MV01179,DR08443,PR00002,SR05461,CONT08054,Export,Loaded,123,30.4,0.0
MV01180,DR06774,PR00007,SR07562,CONT02292,Export,In Yard,115,68.8,0.0
MV01181,DR01269,PR00007,SR01969,CONT03361,Export,Gate Out,118,73.1,0.0
MV01182,DR08989,PR00005,SR03512,CONT08101,Import,Discharged,75,55.7,0.0
MV01183,DR06799,PR00003,SR06086,CONT02822,Export,Loaded,86,44.5,0.0
MV01184,DR07607,PR00001,SR03331,CONT01992,Import,In Yard,98,47.7,0.0
MV01185,DR01891,PR00001,SR01319,CONT08605,Import,Gate Out,71,39.7,0.0
MV01186,DR01758,PR00001,SR04514,CONT03252,Import,Gate Out,85,44.1,0.0
MV01187,DR07575,PR00004,SR05101,CONT08019,Export,Discharged,104,58.7,5.2
MV01188,DR02205,PR00006,SR06014,CONT02468,Import,In Yard,90,54.7,0.0
MV01189,DR08152,PR00007,SR08574,CONT09532,Import,Discharged,88,52.9,0.0
MV01190,DR02967,PR00001,SR06706,CONT09557,Export,Gate Out,84,5.0,0.0
MV01191,DR09703,PR00002,SR07533,CONT04257,Import,Loaded,55,50.5,0.0
MV01192,DR02661,PR00001,SR03666,CONT02602,Export,Gate Out,76,42.6,0.0
MV01193,DR04621,PR00007,SR08572,CONT07642,Export,In Yard,76,35.4,0.0
MV01194,DR01341,PR00006,SR02430,CONT06364,Import,Gate Out,95,46.1,0.0
MV01195,DR03716,PR00003,SR00968,CONT08650,Export,In Yard,81,44.9,0.0
MV01196,DR07938,PR00004,SR05209,CONT06589,Import,In Yard,74,24.1,0.0
MV01197,DR08921,PR00004,SR05638,CONT03622,Transshipment,Discharged,75,30.1,0.0
MV01198,DR02986,PR00002,SR06421,CONT00004,Import,Discharged,49,21.1,0.0
MV01199,DR06660,PR00001,SR05892,CONT01399,Export,In Yard,53,23.3,3.4
MV01200,DR05060,PR00002,SR02792,CONT03413,Export,Customs Hold,107,54.9,14.7
MV01201,DR01343,PR00002,SR02454,CONT03615,Export,Discharged,91,29.4,1.3
MV01202,DR09455,PR00004,SR00537,CONT03217,Import,Loaded,104,49.7,3.6
MV01203,DR01419,PR00002,SR05306,CONT08562,Export,Gate Out,58,49.1,0.0
MV01204,DR02956,PR00005,SR08394,CONT05204,Import,In Yard,96,44.4,0.0
MV01205,DR01557,PR00004,SR06514,CONT04245,Export,Customs Hold,93,52.6,11.7
MV01206,DR06054,PR00003,SR08957,CONT01312,Import,Loaded,110,66.6,0.0
MV01207,DR09551,PR00007,SR03728,CONT05550,Import,Customs Hold,104,58.0,8.9
MV01208,DR05109,PR00002,SR07039,CONT01154,Export,Loaded,100,53.3,0.0
MV01209,DR03195,PR00004,SR04528,CONT04411,Export,In Yard,113,59.6,0.0
MV01210,DR08961,PR00001,SR07862,CONT01288,Export,Customs Hold,112,45.1,14.6
MV01211,DR09261,PR00005,SR01586,CONT08535,Export,Loaded,71,59.0,0.0
MV01212,DR09487,PR00003,SR09987,CONT03099,Import,Discharged,104,21.7,0.0
MV01213,DR05385,PR00002,SR07292,CONT04375,Export,Loaded,96,40.5,0.0
MV01214,DR09846,PR00001,SR01980,CONT01917,Import,In Yard,116,43.1,0.0
MV01215,DR00809,PR00005,SR09388,CONT04234,Export,Gate Out,91,51.0,0.0
MV01216,DR02362,PR00004,SR01997,CONT01264,Import,Loaded,113,83.0,0.0
MV01217,DR09264,PR00004,SR09245,CONT08091,Import,Gate Out,102,46.0,0.0
MV01218,DR09326,PR00003,SR06347,CONT05625,Export,In Yard,119,25.8,0.0
MV01219,DR09566,PR00004,SR04854,CONT02395,Transshipment,Gate Out,114,51.2,1.6
MV01220,DR08493,PR00004,SR09880,CONT02475,Transshipment,Gate Out,105,59.3,0.0
MV01221,DR02828,PR00002,SR03015,CONT09996,Export,In Yard,100,32.2,0.0
MV01222,DR05079,PR00003,SR05772,CONT00590,Import,In Yard,66,38.5,0.0
MV01223,DR00382,PR00003,SR03762,CONT05435,Import,Loaded,87,46.0,0.0
MV01224,DR05979,PR00006,SR09377,CONT07648,Import,Discharged,85,42.7,0.0
MV01225,DR06596,PR00003,SR00546,CONT07371,Export,In Yard,59,31.2,0.0
MV01226,DR00104,PR00003,SR09543,CONT00824,Import,In Yard,101,63.3,0.0
MV01227,DR07527,PR00007,SR07668,CONT09646,Transshipment,Loaded,47,71.2,0.0
MV01228,DR08740,PR00006,SR08465,CONT08639,Import,Customs Hold,71,30.6,16.0
MV01229,DR04029,PR00002,SR04416,CONT05993,Import,In Yard,62,24.5,0.0
MV01230,DR02360,PR00007,SR05643,CONT02657,Export,Loaded,100,45.3,0.0
MV01231,DR03519,PR00001,SR07850,CONT09469,Import,Discharged,35,52.3,3.4
MV01232,DR05092,PR00006,SR07062,CONT09952,Import,Discharged,84,42.1,0.0
MV01233,DR00293,PR00001,SR05261,CONT02476,Export,Discharged,78,40.8,0.0
MV01234,DR06763,PR00003,SR06729,CONT04459,Transshipment,Gate Out,64,29.1,0.0
MV01235,DR06199,PR00007,SR04028,CONT08924,Import,In Yard,63,68.2,0.0
MV01236,DR08045,PR00001,SR04931,CONT06217,Import,Loaded,97,38.2,0.0
MV01237,DR08411,PR00006,SR03255,CONT05112,Import,In Yard,107,50.7,0.0
MV01238,DR07958,PR00003,SR01423,CONT03133,Export,Gate Out,111,38.7,0.0
MV01239,DR06356,PR00001,SR05783,CONT02403,Import,Loaded,47,22.4,0.0
MV01240,DR06387,PR00007,SR00643,CONT00422,Export,In Yard,97,53.0,0.0
MV01241,DR03033,PR00004,SR02074,CONT05945,Export,Gate Out,100,51.9,0.0
MV01242,DR03097,PR00006,SR00128,CONT08247,Transshipment,Gate Out,90,58.7,0.0
MV01243,DR07384,PR00006,SR06249,CONT08585,Export,Loaded,67,27.6,0.0
MV01244,DR08420,PR00001,SR05549,CONT03085,Export,Discharged,58,27.6,0.0
MV01245,DR05984,PR00002,SR03788,CONT06043,Export,In Yard,109,34.6,0.0
MV01246,DR02933,PR00002,SR03925,CONT05684,Import,Gate Out,104,49.1,0.0
MV01247,DR04231,PR00003,SR09609,CONT03140,Import,Discharged,104,28.3,0.0
MV01248,DR08363,PR00001,SR01022,CONT07773,Export,Loaded,101,40.8,0.0
MV01249,DR07012,PR00003,SR08048,CONT03993,Import,Discharged,97,40.6,0.0
MV01250,DR02729,PR00006,SR07424,CONT00956,Import,Customs Hold,86,45.7,13.0
MV01251,DR04427,PR00001,SR01510,CONT06131,Import,Discharged,79,25.9,0.0
MV01252,DR04064,PR00005,SR06231,CONT01415,Import,In Yard,109,34.8,0.0
MV01253,DR00010,PR00003,SR08952,CONT00052,Import,Loaded,107,48.7,0.0
MV01254,DR03808,PR00001,SR04623,CONT03621,Export,Loaded,62,50.5,0.0
MV01255,DR05836,PR00001,SR08293,CONT05866,Export,Customs Hold,93,54.6,14.5
MV01256,DR06950,PR00001,SR09499,CONT04713,Import,Loaded,50,48.5,0.0
MV01257,DR07214,PR00004,SR00275,CONT05072,Export,In Yard,77,58.5,0.0
MV01258,DR06525,PR00001,SR04183,CONT09354,Import,Discharged,78,41.9,0.0
MV01259,DR07936,PR00006,SR08351,CONT02677,Transshipment,In Yard,97,73.8,0.0
MV01260,DR02340,PR00006,SR05059,CONT03528,Export,Loaded,95,59.3,0.0
MV01261,DR00138,PR00001,SR03817,CONT07659,Export,Customs Hold,75,29.7,14.6
MV01262,DR03098,PR00006,SR08809,CONT07990,Export,In Yard,91,34.8,0.0
MV01263,DR05911,PR00007,SR09903,CONT07672,Export,Gate Out,90,57.0,0.0
MV01264,DR07371,PR00001,SR09216,CONT02756,Import,Loaded,75,49.4,0.0
MV01265,DR02866,PR00007,SR06797,CONT01509,Import,In Yard,91,50.0,0.0
MV01266,DR00749,PR00002,SR05832,CONT05363,Transshipment,Loaded,85,34.9,0.0
MV01267,DR00724,PR00004,SR05488,CONT00528,Export,Customs Hold,57,50.8,20.3
MV01268,DR09020,PR00001,SR05137,CONT03612,Export,In Yard,91,27.5,0.0
MV01269,DR05150,PR00006,SR07326,CONT04628,Export,In Yard,29,45.5,0.0
MV01270,DR08840,PR00006,SR01743,CONT08815,Import,Discharged,101,50.1,0.0
MV01271,DR02003,PR00007,SR04329,CONT08252,Export,Discharged,95,31.5,0.0
MV01272,DR00180,PR00007,SR00239,CONT04171,Import,Gate Out,56,66.1,0.0
MV01273,DR06466,PR00001,SR00427,CONT04579,Import,Discharged,86,42.2,0.0
MV01274,DR07675,PR00004,SR08358,CONT05644,Transshipment,Loaded,84,35.1,0.0
MV01275,DR04747,PR00002,SR09292,CONT03348,Export,Gate Out,57,36.1,5.1
MV01276,DR00037,PR00001,SR03386,CONT08603,Transshipment,Discharged,74,23.5,0.0
MV01277,DR07172,PR00001,SR07121,CONT00016,Export,Gate Out,127,48.7,0.0
MV01278,DR03075,PR00007,SR09071,CONT09086,Import,In Yard,110,60.2,0.0
MV01279,DR01591,PR00005,SR00454,CONT02987,Export,Customs Hold,113,87.1,15.3
MV01280,DR02662,PR00001,SR05100,CONT06469,Import,Loaded,52,39.3,0.0
MV01281,DR00083,PR00007,SR03964,CONT04832,Export,Loaded,103,44.4,0.0
MV01282,DR07888,PR00006,SR02693,CONT03872,Import,Gate Out,94,52.2,0.0
MV01283,DR04639,PR00002,SR03789,CONT02648,Export,Loaded,90,62.2,0.0
MV01284,DR01426,PR00003,SR00851,CONT09527,Export,Loaded,103,53.5,0.0
MV01285,DR08517,PR00005,SR05633,CONT08851,Import,In Yard,113,62.8,0.0
MV01286,DR02962,PR00005,SR04563,CONT08995,Import,In Yard,108,59.9,0.0
MV01287,DR04858,PR00003,SR02170,CONT07937,Import,In Yard,86,51.6,0.0
MV01288,DR07307,PR00003,SR09865,CONT03443,Import,Gate Out,109,30.8,2.8
MV01289,DR05976,PR00001,SR09398,CONT01964,Export,Gate Out,65,21.1,0.0
MV01290,DR00306,PR00003,SR07266,CONT05511,Import,Gate Out,70,24.5,0.0
MV01291,DR04962,PR00002,SR08071,CONT07745,Import,Loaded,98,21.9,2.4
MV01292,DR02776,PR00002,SR04858,CONT02877,Import,In Yard,79,25.4,0.0
MV01293,DR08781,PR00002,SR07117,CONT06560,Import,Discharged,133,71.7,0.0
MV01294,DR09995,PR00004,SR00812,CONT03602,Import,In Yard,80,35.3,0.0
MV01295,DR05940,PR00003,SR03370,CONT06561,Export,Loaded,125,44.3,0.0
MV01296,DR08561,PR00003,SR04757,CONT06243,Export,Discharged,97,43.8,0.0
MV01297,DR05852,PR00001,SR09052,CONT01267,Transshipment,In Yard,90,40.5,0.0
MV01298,DR06541,PR00007,SR01733,CONT04371,Import,In Yard,81,45.9,0.0
MV01299,DR02783,PR00002,SR05549,CONT09348,Import,Loaded,61,19.2,0.0
MV01300,DR04311,PR00003,SR04904,CONT02623,Import,Gate Out,66,46.8,0.0
MV01301,DR02234,PR00001,SR00171,CONT07691,Export,Loaded,67,31.2,0.0
MV01302,DR07407,PR00005,SR01641,CONT05304,Import,Gate Out,120,40.7,0.0
MV01303,DR07756,PR00003,SR03243,CONT08015,Import,Customs Hold,75,37.0,14.0
MV01304,DR04146,PR00003,SR00307,CONT02676,Export,Gate Out,97,53.5,0.0
MV01305,DR03156,PR00006,SR08542,CONT01068,Import,Loaded,93,35.4,0.0
MV01306,DR00730,PR00005,SR09488,CONT06896,Export,Loaded,127,51.2,1.6
MV01307,DR02608,PR00003,SR08382,CONT01403,Export,Discharged,90,48.2,0.0
MV01308,DR05036,PR00003,SR07324,CONT07791,Export,Discharged,41,42.3,0.0
MV01309,DR08817,PR00007,SR07107,CONT02060,Import,Loaded,95,53.6,0.0
MV01310,DR06509,PR00007,SR09003,CONT04879,Export,In Yard,87,28.8,0.0
MV01311,DR05193,PR00005,SR04355,CONT03379,Import,Gate Out,109,53.6,0.0
MV01312,DR05781,PR00005,SR02552,CONT04022,Import,Discharged,98,30.1,0.0
MV01313,DR03747,PR00006,SR03132,CONT04959,Import,Discharged,132,30.6,0.0
MV01314,DR05187,PR00007,SR05209,CONT06718,Import,Gate Out,98,45.0,0.0
MV01315,DR09000,PR00001,SR02512,CONT01704,Import,Loaded,99,27.3,0.0
MV01316,DR09825,PR00007,SR04239,CONT03930,Export,Customs Hold,102,91.5,9.2
MV01317,DR02800,PR00005,SR02076,CONT00482,Export,Discharged,97,62.7,0.0
MV01318,DR00041,PR00004,SR02990,CONT09926,Import,In Yard,65,54.7,0.0
MV01319,DR02747,PR00003,SR06699,CONT08888,Import,In Yard,40,33.7,0.0
MV01320,DR03931,PR00002,SR05213,CONT08279,Import,Loaded,58,39.1,0.0
MV01321,DR09927,PR00006,SR04789,CONT09662,Transshipment,In Yard,116,82.9,0.0
MV01322,DR01520,PR00004,SR09790,CONT05118,Import,Discharged,77,30.2,0.0
MV01323,DR08813,PR00002,SR07637,CONT01546,Import,Loaded,56,42.8,5.6
MV01324,DR03827,PR00004,SR03827,CONT04909,Import,Customs Hold,94,70.4,11.1
MV01325,DR07672,PR00001,SR02214,CONT05169,Export,Loaded,91,30.6,0.0
MV01326,DR03537,PR00003,SR02828,CONT05159,Import,In Yard,66,50.9,0.0
MV01327,DR07487,PR00004,SR00978,CONT01858,Import,Gate Out,103,40.3,0.0
MV01328,DR00461,PR00004,SR00336,CONT05115,Export,Loaded,118,36.9,4.8
MV01329,DR02310,PR00001,SR01860,CONT05820,Export,Gate Out,84,48.1,0.0
MV01330,DR01424,PR00001,SR00323,CONT00986,Export,In Yard,84,21.5,0.0
MV01331,DR07779,PR00002,SR07849,CONT03146,Transshipment,Gate Out,63,57.6,0.0
MV01332,DR07671,PR00004,SR05000,CONT04049,Export,Discharged,88,52.1,0.0
MV01333,DR00949,PR00007,SR05557,CONT09442,Export,In Yard,117,60.7,2.0
MV01334,DR04054,PR00005,SR06113,CONT02550,Transshipment,Loaded,81,41.5,0.0
MV01335,DR06129,PR00005,SR03824,CONT07766,Export,Discharged,122,57.1,0.0
MV01336,DR09098,PR00002,SR08221,CONT04105,Import,In Yard,84,48.8,0.0
MV01337,DR05146,PR00001,SR00884,CONT03518,Export,Loaded,68,15.7,0.0
MV01338,DR09956,PR00006,SR03343,CONT02965,Export,Discharged,72,27.8,0.0
MV01339,DR07575,PR00003,SR05381,CONT04104,Export,Loaded,99,52.6,0.0
MV01340,DR08834,PR00001,SR06608,CONT09140,Export,Gate Out,25,44.7,0.0
MV01341,DR09722,PR00003,SR05671,CONT08943,Export,In Yard,105,48.8,0.0
MV01342,DR06485,PR00005,SR00053,CONT01464,Transshipment,Gate Out,87,54.0,2.6
MV01343,DR06958,PR00002,SR02407,CONT04870,Import,Gate Out,89,38.8,0.0
MV01344,DR05584,PR00001,SR00476,CONT08604,Export,In Yard,111,60.5,0.0
MV01345,DR08490,PR00004,SR01618,CONT01731,Export,Gate Out,111,49.6,0.0
MV01346,DR07367,PR00001,SR08290,CONT05234,Export,Loaded,72,27.9,0.0
MV01347,DR04022,PR00003,SR03336,CONT03942,Import,Loaded,94,55.5,5.7
MV01348,DR00081,PR00006,SR01807,CONT07346,Import,Customs Hold,88,62.2,14.0
MV01349,DR09032,PR00007,SR00294,CONT09484,Import,Discharged,119,43.1,0.0
MV01350,DR01170,PR00003,SR07418,CONT08521,Import,Customs Hold,127,43.4,14.1
MV01351,DR08197,PR00001,SR06373,CONT07636,Import,Gate Out,77,43.8,5.2
MV01352,DR00421,PR00003,SR08185,CONT03105,Import,In Yard,82,32.0,0.0
MV01353,DR06963,PR00002,SR08165,CONT01421,Import,Gate Out,64,39.7,0.0
MV01354,DR08117,PR00006,SR09712,CONT01613,Export,Gate Out,77,45.3,0.0
MV01355,DR02357,PR00005,SR02802,CONT07358,Import,Loaded,57,42.8,0.0
MV01356,DR01499,PR00003,SR01975,CONT09005,Import,In Yard,98,20.7,0.0
MV01357,DR06899,PR00005,SR02160,CONT05114,Export,Loaded,79,36.2,0.0
MV01358,DR09189,PR00002,SR08323,CONT02417,Import,In Yard,54,38.8,0.0
MV01359,DR02401,PR00003,SR07822,CONT09533,Export,Gate Out,62,56.7,0.0
MV01360,DR06015,PR00007,SR02351,CONT02427,Export,In Yard,99,45.3,0.0
MV01361,DR09953,PR00002,SR06961,CONT00991,Import,Gate Out,115,52.9,0.0
MV01362,DR09962,PR00002,SR01847,CONT04595,Export,Discharged,119,22.2,0.0
MV01363,DR06390,PR00006,SR03843,CONT05102,Import,Discharged,72,41.7,0.0
MV01364,DR07240,PR00003,SR06219,CONT01314,Import,Discharged,81,50.6,0.0
MV01365,DR04747,PR00002,SR09823,CONT09029,Export,Discharged,78,40.7,0.0
MV01366,DR00875,PR00001,SR01466,CONT03406,Import,In Yard,105,53.9,0.0
MV01367,DR06185,PR00003,SR01935,CONT02397,Import,Gate Out,101,45.7,0.0
MV01368,DR04876,PR00003,SR06741,CONT05364,Export,Gate Out,115,43.8,0.0
MV01369,DR02405,PR00003,SR04024,CONT01337,Import,Discharged,115,57.5,0.0
MV01370,DR01721,PR00002,SR07832,CONT08587,Import,Gate Out,56,36.5,0.0
MV01371,DR08399,PR00003,SR01858,CONT02931,Export,In Yard,85,31.2,0.0
MV01372,DR00805,PR00004,SR08719,CONT00688,Import,Discharged,65,50.5,0.0
MV01373,DR07532,PR00006,SR04122,CONT05904,Export,Gate Out,69,31.0,0.0
MV01374,DR05976,PR00004,SR01194,CONT09129,Transshipment,Loaded,94,66.9,0.0
MV01375,DR01964,PR00004,SR09449,CONT03736,Export,Gate Out,107,22.6,0.0
MV01376,DR03577,PR00006,SR01071,CONT04751,Import,Gate Out,114,49.6,0.0
MV01377,DR00973,PR00001,SR04282,CONT06834,Import,Gate Out,77,63.1,0.0
MV01378,DR04518,PR00002,SR05566,CONT08248,Export,Discharged,119,67.2,0.0
MV01379,DR05972,PR00001,SR06159,CONT01157,Export,Gate Out,55,36.8,0.0
MV01380,DR04512,PR00002,SR06690,CONT08732,Transshipment,Discharged,107,61.9,0.0
MV01381,DR05527,PR00007,SR09395,CONT08933,Export,In Yard,122,63.1,0.0
MV01382,DR01090,PR00002,SR07423,CONT05201,Import,Loaded,105,41.1,0.0
MV01383,DR04293,PR00006,SR01282,CONT05480,Import,In Yard,84,55.6,0.0
MV01384,DR00054,PR00001,SR01346,CONT08762,Transshipment,Gate Out,61,28.8,0.0
MV01385,DR07586,PR00003,SR08240,CONT02704,Export,Discharged,74,16.7,0.0
MV01386,DR09198,PR00002,SR06958,CONT01547,Export,Gate Out,79,42.1,0.0
MV01387,DR00278,PR00002,SR04319,CONT00101,Export,In Yard,87,50.8,0.0
MV01388,DR03523,PR00003,SR05601,CONT08787,Transshipment,In Yard,46,23.6,0.0
MV01389,DR04702,PR00004,SR09511,CONT02291,Export,Discharged,66,36.6,5.3
MV01390,DR00667,PR00003,SR02412,CONT08539,Transshipment,Loaded,125,31.6,0.0
MV01391,DR07916,PR00006,SR08625,CONT04934,Export,Loaded,82,43.5,0.0
MV01392,DR03709,PR00007,SR02483,CONT05612,Export,Gate Out,69,37.3,0.0
MV01393,DR06271,PR00003,SR04943,CONT01477,Transshipment,Gate Out,85,52.6,0.0
MV01394,DR06788,PR00007,SR09727,CONT06409,Export,In Yard,116,42.5,0.0
MV01395,DR04720,PR00001,SR02461,CONT08001,Export,Loaded,47,17.6,0.0
MV01396,DR05548,PR00002,SR07866,CONT07420,Export,In Yard,97,65.8,0.0
MV01397,DR00492,PR00003,SR00958,CONT07842,Export,Loaded,102,47.4,0.0
MV01398,DR02870,PR00004,SR02481,CONT09942,Export,Loaded,81,62.1,0.0
MV01399,DR03309,PR00004,SR02058,CONT02411,Export,In Yard,42,46.4,0.0
MV01400,DR02722,PR00004,SR01347,CONT04179,Import,Loaded,99,60.7,0.0
MV01401,DR05568,PR00006,SR01157,CONT00773,Export,In Yard,90,47.2,0.0
MV01402,DR06302,PR00002,SR07547,CONT04624,Export,Customs Hold,101,51.5,11.6
MV01403,DR06038,PR00006,SR06812,CONT06813,Export,Loaded,126,53.2,0.0
MV01404,DR03837,PR00004,SR03036,CONT03332,Import,In Yard,49,36.8,0.0
MV01405,DR03198,PR00003,SR07658,CONT08023,Export,In Yard,76,50.5,0.0
MV01406,DR06052,PR00002,SR00069,CONT01945,Export,Loaded,12,32.1,0.0
MV01407,DR08670,PR00002,SR02300,CONT07964,Import,Gate Out,98,41.0,0.0
MV01408,DR02407,PR00003,SR06420,CONT02778,Export,Loaded,112,49.8,0.0
MV01409,DR01091,PR00005,SR08145,CONT02801,Export,Discharged,98,55.9,0.0
MV01410,DR03505,PR00003,SR05120,CONT06755,Export,Gate Out,28,25.8,0.0
MV01411,DR02433,PR00001,SR03483,CONT05516,Import,In Yard,53,36.6,0.0
MV01412,DR08327,PR00005,SR02083,CONT00401,Import,Discharged,110,32.7,0.0
MV01413,DR08476,PR00004,SR05129,CONT06161,Export,In Yard,101,48.8,0.0
MV01414,DR05547,PR00007,SR09182,CONT07059,Transshipment,In Yard,150,65.1,0.0
MV01415,DR03987,PR00003,SR09543,CONT05440,Import,In Yard,93,70.4,0.0
MV01416,DR03932,PR00004,SR07485,CONT09480,Transshipment,Gate Out,124,52.0,0.0
MV01417,DR02638,PR00003,SR00033,CONT01318,Export,Gate Out,55,56.2,0.0
MV01418,DR02085,PR00005,SR02138,CONT02424,Import,Gate Out,83,33.9,0.0
MV01419,DR05411,PR00003,SR04015,CONT08264,Export,Discharged,61,50.0,0.0
MV01420,DR06054,PR00001,SR09944,CONT02689,Import,Discharged,98,27.5,0.0
MV01421,DR05773,PR00007,SR07252,CONT03144,Import,Loaded,60,60.6,0.0
MV01422,DR04040,PR00005,SR03424,CONT08977,Transshipment,Discharged,122,36.1,0.0
MV01423,DR07913,PR00004,SR05079,CONT02521,Export,Loaded,120,37.8,0.0
MV01424,DR03219,PR00003,SR02540,CONT09603,Import,Discharged,87,52.8,0.0
MV01425,DR07187,PR00005,SR07003,CONT06276,Export,In Yard,88,67.8,0.0
MV01426,DR06405,PR00001,SR00999,CONT07472,Export,In Yard,59,53.8,0.0
MV01427,DR03613,PR00002,SR00527,CONT04090,Export,In Yard,106,40.9,0.0
MV01428,DR05884,PR00001,SR06528,CONT02218,Import,Loaded,55,23.1,0.0
MV01429,DR02151,PR00001,SR05119,CONT05715,Import,Discharged,85,32.4,0.0
MV01430,DR02132,PR00001,SR05972,CONT05006,Export,Loaded,112,43.6,0.0
MV01431,DR03722,PR00005,SR02871,CONT08751,Export,In Yard,91,47.0,0.0
MV01432,DR07674,PR00002,SR04432,CONT08416,Transshipment,Discharged,98,26.1,0.0
MV01433,DR07805,PR00006,SR06311,CONT01901,Import,Gate Out,75,58.2,0.0
MV01434,DR07773,PR00007,SR04441,CONT06004,Export,Gate Out,107,66.0,0.0
MV01435,DR03864,PR00001,SR08197,CONT00840,Transshipment,Discharged,61,66.5,0.0
MV01436,DR06096,PR00005,SR05280,CONT02229,Import,Loaded,91,28.4,0.0
MV01437,DR09786,PR00003,SR02215,CONT00424,Import,In Yard,50,26.5,0.0
MV01438,DR06084,PR00007,SR00807,CONT00345,Export,Loaded,99,46.3,0.0
MV01439,DR07751,PR00003,SR00174,CONT03765,Transshipment,Loaded,71,41.1,0.0
MV01440,DR02921,PR00003,SR04672,CONT03953,Import,Loaded,95,37.2,0.0
MV01441,DR06290,PR00002,SR08594,CONT01059,Import,Gate Out,58,24.4,0.0
MV01442,DR03979,PR00007,SR09126,CONT07992,Export,In Yard,75,32.0,0.0
MV01443,DR08878,PR00002,SR07880,CONT04620,Export,Gate Out,47,65.8,0.0
MV01444,DR08586,PR00006,SR08364,CONT00315,Import,Gate Out,44,24.9,0.0
MV01445,DR08064,PR00001,SR03185,CONT07930,Import,In Yard,79,21.8,0.0
MV01446,DR08373,PR00004,SR06492,CONT03610,Import,Gate Out,61,23.1,0.0
MV01447,DR05398,PR00003,SR05085,CONT00084,Transshipment,Loaded,89,51.5,0.0
MV01448,DR08608,PR00001,SR09245,CONT07949,Export,Customs Hold,66,32.5,8.3
MV01449,DR00416,PR00001,SR00247,CONT09517,Export,In Yard,113,45.4,0.0
MV01450,DR08555,PR00002,SR09758,CONT07204,Export,Discharged,129,38.3,0.0
MV01451,DR05900,PR00005,SR03683,CONT06112,Export,In Yard,97,49.1,0.0
MV01452,DR08416,PR00005,SR07104,CONT00154,Transshipment,Gate Out,111,53.1,0.0
MV01453,DR07323,PR00002,SR04096,CONT07574,Import,In Yard,71,56.0,0.0
MV01454,DR04747,PR00003,SR01128,CONT06553,Import,In Yard,102,70.1,0.0
MV01455,DR08063,PR00001,SR08750,CONT01089,Import,In Yard,68,32.0,0.0
MV01456,DR03494,PR00005,SR00508,CONT00385,Import,Gate Out,101,59.1,0.0
MV01457,DR04605,PR00006,SR01104,CONT05445,Export,In Yard,87,47.6,0.0
MV01458,DR09580,PR00006,SR07911,CONT08234,Export,Customs Hold,94,61.5,11.2
MV01459,DR05537,PR00006,SR08592,CONT00944,Import,Loaded,77,46.5,0.0
MV01460,DR07623,PR00002,SR05784,CONT00061,Export,Discharged,60,57.1,0.0
MV01461,DR04193,PR00002,SR01726,CONT03045,Export,Discharged,85,52.6,0.0
MV01462,DR00143,PR00006,SR05815,CONT00718,Export,In Yard,55,53.0,0.0
MV01463,DR09931,PR00001,SR05275,CONT09684,Import,Loaded,82,41.8,0.0
MV01464,DR01565,PR00001,SR05469,CONT04435,Transshipment,Gate Out,38,47.6,0.0
MV01465,DR05692,PR00002,SR01125,CONT01664,Export,Loaded,96,37.7,0.0
MV01466,DR06842,PR00005,SR00430,CONT00790,Export,Loaded,97,40.5,0.0
MV01467,DR08540,PR00005,SR05196,CONT07667,Export,In Yard,110,31.8,0.0
MV01468,DR07639,PR00007,SR00865,CONT07487,Export,Gate Out,123,60.5,0.0
MV01469,DR08140,PR00002,SR09751,CONT05977,Import,Loaded,64,50.5,0.0
MV01470,DR01096,PR00002,SR02268,CONT07461,Export,Discharged,86,15.1,0.0
MV01471,DR03470,PR00003,SR08409,CONT05561,Import,Loaded,95,35.0,0.0
MV01472,DR05632,PR00006,SR06101,CONT00187,Transshipment,Loaded,82,57.3,0.0
MV01473,DR08355,PR00002,SR04575,CONT00963,Import,Loaded,54,37.6,0.0
MV01474,DR05646,PR00007,SR05577,CONT04793,Import,Discharged,80,47.7,0.0
MV01475,DR09326,PR00003,SR00778,CONT00210,Export,Discharged,101,60.9,0.0
MV01476,DR04070,PR00006,SR00069,CONT02441,Export,Loaded,64,44.1,0.0
MV01477,DR03700,PR00006,SR03808,CONT08562,Export,Gate Out,62,46.5,0.0
MV01478,DR05499,PR00003,SR03965,CONT06134,Export,Loaded,85,32.9,0.0
MV01479,DR01119,PR00005,SR03555,CONT01413,Export,Loaded,91,52.6,0.0
MV01480,DR00514,PR00003,SR01470,CONT01055,Transshipment,Loaded,72,23.6,0.0
MV01481,DR02989,PR00006,SR01917,CONT07565,Import,Discharged,107,32.6,0.0
MV01482,DR04127,PR00006,SR03561,CONT08903,Export,In Yard,113,47.0,0.0
MV01483,DR03831,PR00004,SR08059,CONT05856,Export,Gate Out,113,57.6,0.0
MV01484,DR01724,PR00002,SR04935,CONT06164,Import,Loaded,97,46.2,0.0
MV01485,DR08417,PR00007,SR03764,CONT04054,Import,Discharged,97,40.7,0.0
MV01486,DR06151,PR00007,SR04506,CONT09898,Import,Discharged,85,54.4,3.4
MV01487,DR04432,PR00004,SR02710,CONT08866,Export,Loaded,36,48.6,0.0
MV01488,DR05515,PR00007,SR08080,CONT01297,Export,Gate Out,102,66.6,0.0
MV01489,DR06679,PR00003,SR07641,CONT09157,Import,Gate Out,86,35.4,0.0
MV01490,DR00033,PR00003,SR00833,CONT00610,Import,Discharged,98,65.6,0.0
MV01491,DR09113,PR00003,SR02758,CONT01641,Import,In Yard,92,69.6,0.0
MV01492,DR09608,PR00001,SR02168,CONT02064,Export,Loaded,86,51.9,0.0
MV01493,DR01274,PR00004,SR09539,CONT00186,Import,In Yard,77,44.8,0.0
MV01494,DR04017,PR00004,SR04987,CONT09678,Export,Gate Out,60,51.0,0.0
MV01495,DR08385,PR00001,SR03567,CONT05836,Transshipment,In Yard,73,42.3,0.0
MV01496,DR02222,PR00002,SR07472,CONT06638,Export,Loaded,70,27.6,0.0
MV01497,DR05212,PR00005,SR03519,CONT06169,Export,Customs Hold,111,42.2,17.2
MV01498,DR04961,PR00006,SR08783,CONT00218,Transshipment,Discharged,76,44.1,0.0
MV01499,DR07190,PR00007,SR02728,CONT05531,Export,In Yard,73,33.6,0.0
MV01500,DR06113,PR00002,SR04877,CONT08804,Export,In Yard,34,56.2,4.6
MV01501,DR00656,PR00006,SR00077,CONT02366,Export,In Yard,68,48.0,0.0
MV01502,DR09483,PR00001,SR09196,CONT05937,Export,In Yard,48,61.2,0.0
MV01503,DR08391,PR00001,SR06842,CONT04388,Import,Loaded,35,46.3,0.0
MV01504,DR09476,PR00005,SR05930,CONT01885,Import,In Yard,77,23.8,0.0
MV01505,DR00604,PR00003,SR06228,CONT03302,Export,In Yard,120,66.0,0.0
MV01506,DR07213,PR00006,SR08366,CONT03913,Export,Discharged,105,43.6,0.0
MV01507,DR04684,PR00002,SR05633,CONT09821,Export,Loaded,53,59.2,0.0
MV01508,DR07516,PR00002,SR03609,CONT07256,Import,In Yard,63,57.1,0.0
MV01509,DR03750,PR00004,SR07374,CONT01501,Export,In Yard,111,66.1,0.0
MV01510,DR03535,PR00001,SR03035,CONT05949,Export,Discharged,81,56.0,0.0
MV01511,DR04526,PR00002,SR08064,CONT08817,Export,In Yard,85,47.1,0.0
MV01512,DR03226,PR00001,SR07522,CONT01712,Export,In Yard,68,39.9,0.0
MV01513,DR09186,PR00002,SR02120,CONT03505,Import,Gate Out,72,66.0,3.1
MV01514,DR03573,PR00005,SR05458,CONT00472,Import,In Yard,90,53.5,0.0
MV01515,DR02957,PR00001,SR03344,CONT04662,Transshipment,Gate Out,101,39.0,0.0
MV01516,DR03806,PR00004,SR05614,CONT02499,Import,Gate Out,97,50.2,0.0
MV01517,DR02864,PR00004,SR00663,CONT03816,Export,Gate Out,82,61.4,0.0
MV01518,DR05968,PR00003,SR07828,CONT06663,Import,Gate Out,117,63.5,0.0
MV01519,DR00314,PR00003,SR09446,CONT02827,Transshipment,Loaded,49,26.9,0.0
MV01520,DR05188,PR00004,SR06637,CONT02320,Import,Gate Out,103,64.5,0.0
MV01521,DR07514,PR00006,SR05645,CONT03591,Export,Discharged,74,58.5,0.0
MV01522,DR03535,PR00001,SR02364,CONT02793,Export,In Yard,42,31.5,0.0
MV01523,DR02980,PR00006,SR08257,CONT07688,Export,Customs Hold,87,42.8,10.7
MV01524,DR07670,PR00001,SR01358,CONT07922,Export,Gate Out,71,60.6,0.0
MV01525,DR01890,PR00003,SR05195,CONT02092,Import,Gate Out,86,60.9,0.0
MV01526,DR09808,PR00003,SR00154,CONT09802,Import,In Yard,67,59.4,0.0
MV01527,DR09061,PR00001,SR08190,CONT06127,Import,Discharged,86,29.0,0.0
MV01528,DR05411,PR00001,SR07279,CONT00837,Export,Loaded,87,41.3,0.0
MV01529,DR00300,PR00001,SR05901,CONT01783,Export,Loaded,18,34.7,0.0
MV01530,DR03523,PR00001,SR05575,CONT08029,Import,Loaded,93,61.5,0.0
MV01531,DR07495,PR00004,SR00169,CONT07165,Export,Gate Out,24,49.0,0.0
MV01532,DR07534,PR00001,SR03625,CONT05390,Import,Gate Out,56,35.1,0.0
MV01533,DR00280,PR00006,SR04119,CONT04796,Import,Gate Out,90,49.6,0.0
MV01534,DR01885,PR00006,SR01182,CONT04820,Import,Loaded,85,52.8,0.0
MV01535,DR06288,PR00002,SR03595,CONT01555,Export,Gate Out,83,51.2,0.0
MV01536,DR05985,PR00001,SR01929,CONT02392,Import,Loaded,75,61.8,0.0
MV01537,DR00793,PR00003,SR05406,CONT07524,Transshipment,Customs Hold,115,63.9,11.5
MV01538,DR02826,PR00006,SR06426,CONT09998,Export,In Yard,141,67.7,0.0
MV01539,DR04104,PR00003,SR04745,CONT03821,Export,In Yard,68,29.1,0.0
MV01540,DR01892,PR00001,SR01510,CONT02226,Import,In Yard,88,34.9,0.0
MV01541,DR05799,PR00007,SR01980,CONT07134,Export,In Yard,77,32.1,0.0
MV01542,DR05327,PR00003,SR05482,CONT09870,Export,Gate Out,50,42.5,0.0
MV01543,DR06509,PR00002,SR02110,CONT02975,Export,Discharged,86,35.4,0.0
MV01544,DR01185,PR00006,SR04331,CONT07078,Import,In Yard,107,53.2,0.0
MV01545,DR05971,PR00007,SR07251,CONT05138,Import,In Yard,35,54.6,0.0
MV01546,DR05407,PR00003,SR06824,CONT08437,Import,In Yard,72,44.2,0.0
MV01547,DR06447,PR00002,SR03156,CONT05220,Import,Gate Out,127,59.3,0.0
MV01548,DR08639,PR00003,SR08260,CONT03415,Export,In Yard,96,37.0,0.0
MV01549,DR08493,PR00002,SR07251,CONT00025,Import,Customs Hold,100,26.7,14.9
MV01550,DR07373,PR00003,SR09089,CONT04537,Export,Gate Out,39,30.2,0.0
MV01551,DR02678,PR00002,SR04824,CONT06832,Import,In Yard,71,46.8,0.0
MV01552,DR06352,PR00004,SR09468,CONT08367,Export,Discharged,96,66.8,3.2
MV01553,DR01319,PR00005,SR06650,CONT03994,Transshipment,Loaded,106,69.6,0.0
MV01554,DR00728,PR00007,SR04615,CONT09134,Import,Gate Out,103,52.8,0.0
MV01555,DR04648,PR00006,SR03421,CONT08170,Import,In Yard,78,54.4,0.0
MV01556,DR00878,PR00001,SR07003,CONT03265,Export,Loaded,57,22.4,0.0
MV01557,DR06069,PR00002,SR06699,CONT07610,Export,Loaded,51,60.1,0.0
MV01558,DR08223,PR00003,SR06433,CONT04096,Export,Gate Out,110,54.3,0.0
MV01559,DR02263,PR00002,SR03815,CONT05989,Export,Loaded,85,48.3,0.0
MV01560,DR07868,PR00001,SR05212,CONT00629,Export,Discharged,63,15.7,0.0
MV01561,DR01389,PR00005,SR06485,CONT08977,Transshipment,In Yard,81,56.6,0.0
MV01562,DR01442,PR00002,SR05873,CONT07259,Import,In Yard,63,66.0,0.0
MV01563,DR01451,PR00001,SR07239,CONT06899,Import,Gate Out,94,48.4,0.0
MV01564,DR04800,PR00003,SR07662,CONT07498,Import,Loaded,68,44.4,0.0
MV01565,DR04045,PR00007,SR09599,CONT00537,Export,Loaded,124,48.3,0.0
MV01566,DR09631,PR00005,SR08570,CONT07373,Import,In Yard,66,33.3,0.0
MV01567,DR05994,PR00001,SR01583,CONT01832,Import,In Yard,104,47.8,0.0
MV01568,DR08024,PR00003,SR02266,CONT01098,Transshipment,In Yard,55,23.8,0.0
MV01569,DR01643,PR00007,SR00346,CONT00113,Import,In Yard,126,61.5,0.0
MV01570,DR04454,PR00001,SR00797,CONT00246,Import,Gate Out,109,61.1,0.0
MV01571,DR00516,PR00004,SR00099,CONT09903,Import,Discharged,55,39.6,1.0
MV01572,DR04228,PR00005,SR02159,CONT07187,Import,In Yard,97,57.6,0.0
MV01573,DR04614,PR00005,SR01964,CONT04677,Import,Customs Hold,99,49.8,7.6
MV01574,DR04802,PR00001,SR07956,CONT01846,Import,Loaded,81,49.8,0.0
MV01575,DR09798,PR00007,SR06412,CONT06177,Import,In Yard,89,55.5,3.2
MV01576,DR00319,PR00002,SR05632,CONT05424,Export,In Yard,47,41.5,0.0
MV01577,DR06556,PR00001,SR01990,CONT06080,Import,In Yard,68,45.8,0.0
MV01578,DR06436,PR00001,SR06440,CONT04162,Export,Loaded,64,41.4,0.0
MV01579,DR08953,PR00003,SR09885,CONT00598,Export,Loaded,94,58.9,0.0
MV01580,DR04318,PR00001,SR07559,CONT04727,Export,In Yard,76,40.8,0.0
MV01581,DR09120,PR00005,SR00558,CONT01348,Transshipment,In Yard,39,45.0,4.1
MV01582,DR01107,PR00006,SR02037,CONT06954,Export,In Yard,111,63.1,0.0
MV01583,DR08834,PR00001,SR00381,CONT07778,Import,In Yard,48,35.7,0.0
MV01584,DR00134,PR00006,SR06820,CONT08952,Import,Loaded,103,58.0,0.0
MV01585,DR01113,PR00007,SR09719,CONT02444,Import,Gate Out,107,44.1,0.0
MV01586,DR06136,PR00001,SR01656,CONT05847,Export,In Yard,77,17.1,0.0
MV01587,DR04729,PR00005,SR09422,CONT03079,Export,Loaded,109,53.8,0.0
MV01588,DR05946,PR00007,SR05529,CONT07371,Import,In Yard,117,45.3,0.0
MV01589,DR03969,PR00006,SR05184,CONT09137,Import,Gate Out,80,69.2,0.0
MV01590,DR07698,PR00003,SR01275,CONT09837,Export,Gate Out,78,29.2,0.0
MV01591,DR07210,PR00006,SR00158,CONT09538,Export,Customs Hold,61,56.0,17.6
MV01592,DR01223,PR00005,SR02427,CONT04014,Import,In Yard,97,37.4,0.0
MV01593,DR06663,PR00002,SR05232,CONT06615,Export,Gate Out,66,45.8,0.0
MV01594,DR00632,PR00002,SR05971,CONT06975,Export,In Yard,15,23.6,0.0
MV01595,DR08978,PR00003,SR01177,CONT08452,Export,Discharged,104,23.9,0.0
MV01596,DR08387,PR00003,SR09508,CONT05840,Import,Gate Out,58,45.3,0.0
MV01597,DR01890,PR00002,SR01820,CONT00695,Export,Loaded,57,32.9,0.0
MV01598,DR01155,PR00001,SR03806,CONT00576,Import,Discharged,63,56.2,0.0
MV01599,DR00170,PR00006,SR04097,CONT02954,Transshipment,In Yard,76,62.3,0.0
MV01600,DR01204,PR00005,SR06385,CONT01885,Export,Discharged,113,31.8,0.0
MV01601,DR08011,PR00002,SR08647,CONT02870,Export,In Yard,62,49.7,0.0
MV01602,DR09396,PR00002,SR08504,CONT04627,Export,In Yard,36,23.0,0.0
MV01603,DR05830,PR00001,SR08787,CONT04799,Transshipment,Gate Out,82,39.7,0.0
MV01604,DR01232,PR00001,SR02967,CONT03994,Import,Loaded,69,17.8,0.0
MV01605,DR05107,PR00004,SR05071,CONT08642,Import,Gate Out,68,20.7,0.0
MV01606,DR04598,PR00001,SR08663,CONT00599,Export,Loaded,85,16.7,0.0
MV01607,DR08320,PR00007,SR06624,CONT03697,Import,Loaded,94,39.7,0.0
MV01608,DR08856,PR00002,SR06850,CONT08204,Export,In Yard,56,36.3,5.3
MV01609,DR06627,PR00001,SR04723,CONT08833,Export,Discharged,94,33.2,0.0
MV01610,DR02606,PR00006,SR02257,CONT02005,Import,Discharged,86,24.2,0.0
MV01611,DR08857,PR00003,SR01015,CONT06355,Import,In Yard,95,17.6,0.0
MV01612,DR04480,PR00002,SR04682,CONT02987,Export,Gate Out,99,43.6,0.0
MV01613,DR05435,PR00001,SR07212,CONT09287,Import,Loaded,25,44.3,0.0
MV01614,DR09783,PR00004,SR08039,CONT05253,Import,In Yard,86,45.7,0.0
MV01615,DR06763,PR00002,SR09022,CONT03406,Import,Discharged,60,63.8,0.0
MV01616,DR02941,PR00006,SR04708,CONT00268,Import,Customs Hold,66,45.0,15.7
MV01617,DR06351,PR00004,SR09173,CONT07341,Export,Gate Out,77,48.6,0.0
MV01618,DR07657,PR00006,SR07053,CONT00781,Transshipment,In Yard,80,43.2,0.0
MV01619,DR02890,PR00004,SR08027,CONT08267,Export,Customs Hold,64,36.3,12.9
MV01620,DR06359,PR00005,SR02648,CONT07160,Export,Discharged,109,49.9,0.0
MV01621,DR09941,PR00005,SR01688,CONT06111,Import,Discharged,91,58.9,0.0
MV01622,DR07214,PR00003,SR02522,CONT03839,Transshipment,Gate Out,94,52.4,0.0
MV01623,DR03573,PR00005,SR01739,CONT00400,Export,Loaded,77,50.6,0.0
MV01624,DR03747,PR00004,SR07911,CONT05980,Export,Discharged,113,67.1,0.0
MV01625,DR02488,PR00001,SR06611,CONT02197,Import,Gate Out,97,49.9,0.0
MV01626,DR07163,PR00005,SR04423,CONT04791,Import,Loaded,80,48.2,0.0
MV01627,DR09532,PR00002,SR02091,CONT03243,Import,Loaded,81,55.0,0.0
MV01628,DR05763,PR00004,SR06819,CONT06144,Import,Gate Out,127,37.2,0.0
MV01629,DR02001,PR00001,SR04724,CONT09195,Import,Discharged,79,60.6,0.0
MV01630,DR08712,PR00001,SR09873,CONT07282,Export,Discharged,42,21.3,2.4
MV01631,DR00324,PR00001,SR03231,CONT03750,Import,Discharged,91,38.5,0.0
MV01632,DR02831,PR00001,SR09920,CONT00210,Import,Gate Out,29,10.1,0.0
MV01633,DR04915,PR00001,SR05042,CONT04092,Export,Discharged,60,45.3,0.0
MV01634,DR00826,PR00001,SR04823,CONT07636,Transshipment,Loaded,114,61.2,0.0
MV01635,DR08834,PR00004,SR07658,CONT09835,Import,Loaded,74,26.3,0.0
MV01636,DR03259,PR00003,SR05637,CONT08708,Import,Loaded,81,43.3,0.0
MV01637,DR02776,PR00007,SR00340,CONT02445,Export,Customs Hold,129,40.1,11.8
MV01638,DR07471,PR00006,SR03100,CONT07390,Transshipment,Discharged,52,40.7,0.0
MV01639,DR07564,PR00001,SR01087,CONT00435,Export,Discharged,94,28.4,0.0
MV01640,DR05142,PR00003,SR05922,CONT03792,Import,Discharged,61,41.5,0.0
MV01641,DR04870,PR00003,SR06321,CONT08137,Export,Gate Out,135,69.4,0.0
MV01642,DR05338,PR00003,SR08349,CONT01714,Export,Customs Hold,93,42.5,9.1
MV01643,DR05468,PR00003,SR08050,CONT01544,Import,In Yard,98,52.0,0.0
MV01644,DR01503,PR00004,SR01613,CONT09216,Import,Customs Hold,31,41.4,10.4
MV01645,DR01063,PR00004,SR04710,CONT02223,Export,Customs Hold,108,35.4,12.8
MV01646,DR01555,PR00002,SR00695,CONT03774,Export,In Yard,54,41.1,2.9
MV01647,DR03492,PR00005,SR05165,CONT01150,Import,Loaded,104,43.0,0.0
MV01648,DR01520,PR00002,SR04257,CONT06264,Export,In Yard,79,46.9,0.0
MV01649,DR08685,PR00006,SR05467,CONT04140,Export,Discharged,95,50.6,0.0
MV01650,DR04500,PR00007,SR05022,CONT08912,Import,Gate Out,40,26.7,0.0
MV01651,DR09506,PR00002,SR09725,CONT05340,Import,In Yard,61,14.1,0.0
MV01652,DR05355,PR00006,SR00284,CONT01724,Import,Discharged,93,21.7,0.0
MV01653,DR07294,PR00006,SR06853,CONT07256,Transshipment,In Yard,104,44.2,0.0
MV01654,DR09440,PR00003,SR03609,CONT01589,Import,In Yard,128,55.8,0.0
MV01655,DR00291,PR00001,SR07952,CONT02803,Export,Customs Hold,81,28.5,12.2
MV01656,DR03122,PR00006,SR01436,CONT00192,Export,In Yard,106,44.3,0.0
MV01657,DR05909,PR00003,SR09909,CONT06100,Export,In Yard,98,40.5,0.0
MV01658,DR01017,PR00002,SR09754,CONT09726,Transshipment,Gate Out,62,32.6,0.0
MV01659,DR00046,PR00004,SR08992,CONT01738,Transshipment,In Yard,101,79.1,0.0
MV01660,DR04584,PR00003,SR06163,CONT06654,Export,In Yard,69,32.6,0.0
MV01661,DR01715,PR00001,SR06753,CONT06922,Import,Loaded,54,16.4,0.0
MV01662,DR05320,PR00007,SR06392,CONT08576,Import,Discharged,99,41.4,0.0
MV01663,DR04480,PR00002,SR06142,CONT00077,Import,In Yard,49,42.5,0.0
MV01664,DR05952,PR00003,SR00108,CONT06128,Export,Discharged,84,29.5,0.0
MV01665,DR05703,PR00004,SR02300,CONT07012,Import,Gate Out,61,42.2,0.0
MV01666,DR08762,PR00001,SR00589,CONT07500,Import,Loaded,63,28.5,5.2
MV01667,DR02230,PR00005,SR02096,CONT08040,Import,In Yard,54,34.4,0.0
MV01668,DR04326,PR00004,SR03396,CONT07466,Export,In Yard,83,37.3,0.0
MV01669,DR08289,PR00003,SR08469,CONT09045,Import,Gate Out,73,43.8,0.0
MV01670,DR00484,PR00003,SR01396,CONT01071,Import,Gate Out,54,50.3,0.0
MV01671,DR04855,PR00007,SR03136,CONT07625,Export,Gate Out,76,53.6,0.0
MV01672,DR08922,PR00007,SR00911,CONT01236,Export,Customs Hold,65,61.3,10.5
MV01673,DR09472,PR00001,SR03122,CONT02585,Export,In Yard,110,28.9,0.0
MV01674,DR04011,PR00003,SR03070,CONT01940,Export,Discharged,69,27.5,0.0
MV01675,DR07591,PR00003,SR06275,CONT09898,Export,In Yard,63,25.1,0.0
MV01676,DR00225,PR00007,SR09472,CONT01138,Import,Gate Out,103,51.0,0.0
MV01677,DR00153,PR00006,SR09542,CONT04970,Import,Loaded,119,39.5,0.0
MV01678,DR02872,PR00003,SR09338,CONT01632,Export,Loaded,46,28.0,0.0
MV01679,DR01850,PR00006,SR01292,CONT08959,Import,Gate Out,128,62.4,0.0
MV01680,DR04554,PR00003,SR05733,CONT08134,Export,In Yard,75,60.9,0.0
MV01681,DR05386,PR00002,SR03912,CONT04779,Transshipment,Discharged,66,46.5,0.0
MV01682,DR09370,PR00004,SR04839,CONT04970,Import,Gate Out,77,52.7,0.0
MV01683,DR00107,PR00002,SR04854,CONT01277,Export,Gate Out,70,30.9,0.0
MV01684,DR00441,PR00004,SR03686,CONT01722,Import,In Yard,108,46.8,0.0
MV01685,DR00427,PR00003,SR06202,CONT00535,Import,Discharged,71,51.8,0.0
MV01686,DR08736,PR00006,SR09873,CONT09168,Import,Discharged,96,52.1,0.0
MV01687,DR02389,PR00007,SR04128,CONT01394,Export,In Yard,103,64.5,0.0
MV01688,DR00906,PR00002,SR02209,CONT04601,Transshipment,In Yard,109,57.9,0.0
MV01689,DR02981,PR00003,SR02348,CONT07231,Import,Discharged,49,32.7,0.0
MV01690,DR06548,PR00005,SR03304,CONT09302,Export,Loaded,66,50.2,0.0
MV01691,DR03133,PR00001,SR06737,CONT04450,Import,In Yard,85,37.1,0.0
MV01692,DR01507,PR00006,SR06414,CONT01428,Import,Discharged,127,61.2,0.0
MV01693,DR04283,PR00004,SR02350,CONT02502,Export,In Yard,82,62.4,0.0
MV01694,DR03410,PR00001,SR07362,CONT00228,Export,Discharged,96,62.2,0.0
MV01695,DR02414,PR00006,SR01368,CONT01481,Export,In Yard,88,53.2,0.0
MV01696,DR08604,PR00003,SR00092,CONT08654,Transshipment,In Yard,67,42.1,0.0
MV01697,DR04906,PR00001,SR01870,CONT02837,Import,In Yard,75,62.0,1.3
MV01698,DR05956,PR00001,SR02341,CONT03012,Export,In Yard,83,32.8,0.0
MV01699,DR02449,PR00006,SR09139,CONT05043,Import,Discharged,89,66.3,0.0
MV01700,DR08390,PR00007,SR01584,CONT05423,Export,Gate Out,100,50.7,0.0
MV01701,DR08950,PR00003,SR07027,CONT08681,Import,Discharged,53,40.8,0.0
MV01702,DR02525,PR00001,SR00916,CONT03674,Import,In Yard,53,34.1,0.0
MV01703,DR06907,PR00001,SR07837,CONT09260,Export,Discharged,24,20.7,0.0
MV01704,DR04800,PR00004,SR07507,CONT09485,Import,Gate Out,91,61.6,4.5
MV01705,DR06410,PR00003,SR02844,CONT04090,Export,Loaded,78,42.3,0.0
MV01706,DR02054,PR00003,SR06311,CONT00545,Transshipment,In Yard,53,40.2,1.5
MV01707,DR09649,PR00002,SR04854,CONT04461,Import,In Yard,66,42.1,0.0
MV01708,DR08522,PR00003,SR06709,CONT03462,Export,Loaded,89,42.6,0.0
MV01709,DR04545,PR00004,SR07838,CONT00923,Transshipment,Discharged,107,22.3,0.0
MV01710,DR05540,PR00004,SR02468,CONT05479,Export,Discharged,102,48.2,0.0
MV01711,DR04752,PR00001,SR04902,CONT06271,Import,Loaded,72,17.7,0.0
MV01712,DR05297,PR00003,SR09955,CONT09866,Export,Loaded,60,42.1,0.0
MV01713,DR03189,PR00003,SR02754,CONT05563,Export,In Yard,56,59.6,0.0
MV01714,DR02853,PR00004,SR09483,CONT00934,Export,Discharged,106,38.2,0.0
MV01715,DR01466,PR00001,SR05871,CONT00101,Export,Gate Out,74,44.3,0.0
MV01716,DR01061,PR00001,SR04311,CONT00221,Import,Gate Out,60,33.7,0.0
MV01717,DR09609,PR00003,SR07119,CONT05273,Export,Gate Out,117,46.7,0.0
MV01718,DR05269,PR00002,SR01621,CONT07741,Import,Discharged,68,32.1,0.0
MV01719,DR05536,PR00004,SR03652,CONT06814,Export,In Yard,22,46.6,0.0
MV01720,DR01531,PR00003,SR02442,CONT03003,Export,Loaded,82,60.5,3.1
MV01721,DR05573,PR00002,SR00586,CONT04432,Transshipment,Gate Out,88,44.0,0.0
MV01722,DR00730,PR00004,SR05350,CONT03667,Import,Discharged,51,49.5,0.0
MV01723,DR05993,PR00003,SR03434,CONT00769,Import,Gate Out,46,49.9,0.0
MV01724,DR07145,PR00001,SR07328,CONT08221,Import,Discharged,81,40.8,0.0
MV01725,DR06444,PR00006,SR07658,CONT02980,Import,Discharged,94,68.5,0.0
MV01726,DR07116,PR00003,SR00761,CONT03774,Import,Loaded,100,34.3,4.2
MV01727,DR01861,PR00007,SR06041,CONT06847,Export,Gate Out,87,26.6,0.0
MV01728,DR00400,PR00001,SR08521,CONT06795,Import,Discharged,75,24.0,3.7
MV01729,DR06697,PR00006,SR01382,CONT06399,Transshipment,Loaded,88,53.5,0.0
MV01730,DR08191,PR00006,SR02267,CONT02347,Import,Gate Out,119,42.5,0.0
MV01731,DR00635,PR00001,SR04187,CONT03404,Import,In Yard,67,43.2,0.0
MV01732,DR09138,PR00003,SR08549,CONT07204,Export,Discharged,66,35.9,0.0
MV01733,DR06497,PR00004,SR06156,CONT02852,Import,Loaded,43,42.9,0.0
MV01734,DR08717,PR00003,SR05626,CONT06470,Export,In Yard,76,51.2,0.0
MV01735,DR05070,PR00003,SR07059,CONT03956,Export,Gate Out,81,56.8,0.0
MV01736,DR02143,PR00007,SR05323,CONT06315,Export,Gate Out,89,30.4,0.0
MV01737,DR05153,PR00005,SR06546,CONT09459,Export,Loaded,72,54.1,0.0
MV01738,DR07620,PR00007,SR01990,CONT07266,Export,Loaded,74,53.6,0.0
MV01739,DR09113,PR00006,SR03518,CONT06995,Transshipment,Discharged,103,35.6,0.0
MV01740,DR06824,PR00006,SR05961,CONT04819,Import,Discharged,100,59.9,0.0
MV01741,DR04237,PR00005,SR06507,CONT09922,Export,Gate Out,105,70.0,3.3
MV01742,DR06687,PR00004,SR04867,CONT02001,Export,Loaded,77,34.9,5.0
MV01743,DR03950,PR00006,SR06203,CONT06755,Import,Gate Out,104,50.5,0.0
MV01744,DR00901,PR00004,SR05907,CONT05073,Export,Gate Out,110,19.6,0.0
MV01745,DR03383,PR00001,SR09407,CONT00659,Export,In Yard,97,40.5,0.0
MV01746,DR04263,PR00004,SR09299,CONT00513,Import,Loaded,118,50.6,5.7
MV01747,DR04158,PR00001,SR02760,CONT07456,Import,Loaded,67,65.7,0.0
MV01748,DR00068,PR00007,SR02005,CONT08094,Export,Loaded,60,32.9,0.0
MV01749,DR02666,PR00004,SR05371,CONT01392,Import,Gate Out,111,59.0,0.0
MV01750,DR09804,PR00004,SR07736,CONT08594,Import,In Yard,133,54.4,0.0
MV01751,DR09952,PR00001,SR00797,CONT00698,Export,In Yard,39,65.0,0.0
MV01752,DR02403,PR00003,SR05950,CONT00903,Export,In Yard,73,45.3,4.2
MV01753,DR03453,PR00002,SR03941,CONT08527,Export,Gate Out,42,34.8,0.0
MV01754,DR09604,PR00005,SR09855,CONT05633,Import,Gate Out,83,53.0,0.0
MV01755,DR01968,PR00004,SR06414,CONT03540,Import,In Yard,119,54.9,0.0
MV01756,DR07701,PR00003,SR02890,CONT03151,Export,Loaded,75,55.2,0.0
MV01757,DR05389,PR00002,SR08786,CONT09283,Import,Loaded,58,44.8,2.7
MV01758,DR02113,PR00003,SR08830,CONT03423,Transshipment,Gate Out,40,21.8,0.0
MV01759,DR08541,PR00003,SR03676,CONT03681,Export,In Yard,44,43.8,0.0
MV01760,DR04284,PR00006,SR02077,CONT02179,Import,In Yard,132,58.0,0.0
MV01761,DR03011,PR00006,SR00994,CONT06963,Export,In Yard,121,43.9,0.0
MV01762,DR05974,PR00005,SR06706,CONT03966,Transshipment,Loaded,84,43.8,0.0
MV01763,DR05148,PR00002,SR00071,CONT08424,Export,Loaded,58,13.6,0.0
MV01764,DR00426,PR00001,SR06722,CONT08679,Export,Gate Out,85,47.3,0.0
MV01765,DR01760,PR00007,SR00157,CONT06638,Import,In Yard,115,63.9,2.2
MV01766,DR05544,PR00007,SR04637,CONT06252,Export,Gate Out,114,65.5,0.0
MV01767,DR07523,PR00001,SR09524,CONT02189,Export,Loaded,115,53.1,0.0
MV01768,DR03492,PR00005,SR04076,CONT09977,Export,Customs Hold,97,40.5,17.8
MV01769,DR09200,PR00003,SR03392,CONT09408,Import,In Yard,73,22.0,0.0
MV01770,DR00821,PR00001,SR09652,CONT03975,Transshipment,Gate Out,83,58.2,5.3
MV01771,DR04154,PR00007,SR04956,CONT08708,Export,In Yard,80,60.3,0.0
MV01772,DR06948,PR00007,SR07300,CONT07451,Import,In Yard,97,51.4,0.0
MV01773,DR01475,PR00007,SR09645,CONT01369,Import,Customs Hold,104,64.9,16.0
MV01774,DR05664,PR00001,SR07612,CONT01376,Import,Loaded,90,19.1,5.4
MV01775,DR09978,PR00003,SR02480,CONT03816,Import,Loaded,100,70.4,0.0
MV01776,DR08119,PR00006,SR07733,CONT03438,Import,Loaded,138,44.2,0.0
MV01777,DR03736,PR00005,SR04098,CONT04356,Export,Discharged,75,50.7,0.0
MV01778,DR09017,PR00003,SR02926,CONT05717,Import,Discharged,89,40.8,0.0
MV01779,DR07986,PR00003,SR00281,CONT05022,Import,Gate Out,99,42.5,0.0
MV01780,DR01956,PR00001,SR01699,CONT05510,Import,In Yard,60,14.4,0.0
MV01781,DR06658,PR00004,SR04210,CONT09384,Import,Loaded,97,39.8,0.0
MV01782,DR06562,PR00006,SR01688,CONT04862,Import,Discharged,99,51.6,0.0
MV01783,DR03320,PR00001,SR01888,CONT09289,Import,Loaded,35,38.6,3.9
MV01784,DR03197,PR00001,SR06075,CONT09062,Export,In Yard,70,48.4,0.0
MV01785,DR02331,PR00003,SR06696,CONT08146,Export,Discharged,81,38.0,0.0
MV01786,DR05609,PR00004,SR04506,CONT05382,Export,In Yard,115,60.2,0.0
MV01787,DR01211,PR00002,SR06223,CONT05765,Import,Discharged,101,36.4,0.0
MV01788,DR01533,PR00001,SR03302,CONT09027,Import,Customs Hold,89,48.2,17.9
MV01789,DR08162,PR00005,SR01328,CONT03668,Import,Discharged,95,48.7,0.0
MV01790,DR02493,PR00002,SR01634,CONT00024,Import,Gate Out,102,37.4,0.0
MV01791,DR06166,PR00004,SR07846,CONT06885,Export,In Yard,57,51.8,3.3
MV01792,DR08118,PR00004,SR02418,CONT08545,Export,Gate Out,104,56.5,0.0
MV01793,DR00177,PR00003,SR04301,CONT08033,Export,Discharged,83,51.2,1.2
MV01794,DR02086,PR00004,SR03056,CONT01380,Import,Gate Out,40,62.1,0.0
MV01795,DR00403,PR00005,SR07788,CONT07482,Import,Discharged,76,35.8,0.0
MV01796,DR03889,PR00004,SR06385,CONT05906,Transshipment,Discharged,98,33.3,0.0
MV01797,DR02923,PR00004,SR00855,CONT00669,Import,Gate Out,63,61.2,0.0
MV01798,DR08548,PR00003,SR06334,CONT06603,Import,Discharged,44,20.3,0.0
MV01799,DR08291,PR00003,SR07094,CONT04751,Import,In Yard,127,62.4,0.0
MV01800,DR02636,PR00003,SR07102,CONT09088,Transshipment,Discharged,12,25.2,0.0
MV01801,DR03153,PR00003,SR06098,CONT09309,Transshipment,Discharged,108,40.8,0.0
MV01802,DR05265,PR00003,SR07461,CONT03040,Import,Loaded,89,38.0,0.0
MV01803,DR05474,PR00002,SR00416,CONT00796,Import,Gate Out,79,22.6,0.0
MV01804,DR01767,PR00005,SR07239,CONT02459,Export,In Yard,106,31.4,0.0
MV01805,DR06845,PR00001,SR07618,CONT09146,Import,Customs Hold,75,20.2,15.4
MV01806,DR02008,PR00007,SR00605,CONT08848,Import,Loaded,71,55.7,0.0
MV01807,DR09048,PR00004,SR09347,CONT00141,Import,In Yard,78,42.3,0.0
MV01808,DR02369,PR00001,SR06400,CONT03530,Import,In Yard,69,40.2,0.0
MV01809,DR09716,PR00004,SR08713,CONT04106,Import,In Yard,96,49.7,0.0
MV01810,DR02792,PR00003,SR08985,CONT07369,Export,Discharged,65,38.8,0.0
MV01811,DR03174,PR00007,SR00287,CONT00729,Export,Gate Out,66,38.7,0.0
MV01812,DR01088,PR00007,SR09910,CONT00584,Export,In Yard,58,55.4,0.0
MV01813,DR00187,PR00006,SR06700,CONT04504,Import,Discharged,85,28.6,0.0
MV01814,DR05851,PR00004,SR00251,CONT00452,Import,Loaded,99,27.7,0.0
MV01815,DR08240,PR00007,SR00289,CONT01083,Export,In Yard,83,68.7,0.0
MV01816,DR04400,PR00004,SR04109,CONT07827,Import,In Yard,42,42.0,0.0
MV01817,DR00826,PR00006,SR02511,CONT08749,Import,Discharged,86,25.2,0.0
MV01818,DR00194,PR00001,SR02607,CONT00206,Import,Discharged,94,48.2,0.0
MV01819,DR06687,PR00007,SR07422,CONT08647,Import,Gate Out,127,34.3,0.0
MV01820,DR00345,PR00004,SR01988,CONT03313,Export,In Yard,120,67.4,0.0
MV01821,DR00273,PR00002,SR09225,CONT00471,Import,In Yard,69,49.5,0.0
MV01822,DR07503,PR00007,SR06748,CONT01800,Export,Gate Out,111,78.3,0.0
MV01823,DR06866,PR00005,SR08968,CONT03754,Import,Gate Out,80,40.1,0.0
MV01824,DR08286,PR00007,SR03929,CONT06356,Export,In Yard,109,35.2,0.0
MV01825,DR04905,PR00001,SR06570,CONT03402,Export,Loaded,77,31.0,0.0
MV01826,DR09839,PR00004,SR08077,CONT03074,Import,Discharged,79,39.8,0.0
MV01827,DR00489,PR00005,SR02678,CONT04927,Export,Gate Out,90,57.0,0.0
MV01828,DR00552,PR00001,SR06772,CONT02732,Transshipment,Loaded,107,18.2,0.0
MV01829,DR04486,PR00005,SR09136,CONT02174,Import,Discharged,111,51.9,0.0
MV01830,DR04937,PR00004,SR03424,CONT08634,Export,In Yard,125,37.3,4.9
MV01831,DR09287,PR00002,SR05032,CONT04063,Export,Gate Out,38,28.8,0.0
MV01832,DR00887,PR00005,SR01600,CONT00207,Export,Loaded,102,70.0,0.0
MV01833,DR08921,PR00001,SR08470,CONT09236,Import,Discharged,65,57.0,0.0
MV01834,DR05607,PR00006,SR00982,CONT02075,Import,Loaded,96,55.0,0.0
MV01835,DR07156,PR00006,SR03990,CONT03555,Import,Discharged,87,57.8,2.7
MV01836,DR06405,PR00003,SR03364,CONT06119,Import,Gate Out,79,41.6,0.0
MV01837,DR06717,PR00003,SR04770,CONT03316,Import,Loaded,131,46.4,0.0
MV01838,DR05345,PR00003,SR04077,CONT00856,Export,Loaded,108,26.6,0.0
MV01839,DR05899,PR00002,SR03655,CONT02360,Import,Discharged,70,19.5,0.0
MV01840,DR02278,PR00006,SR00926,CONT07361,Import,Loaded,48,43.1,0.0
MV01841,DR06114,PR00002,SR09191,CONT06537,Import,Loaded,32,22.9,0.0
MV01842,DR04483,PR00003,SR04838,CONT08179,Import,Gate Out,99,52.0,0.0
MV01843,DR08249,PR00002,SR03396,CONT04408,Export,Loaded,53,44.9,0.0
MV01844,DR04595,PR00004,SR08058,CONT09513,Export,Gate Out,83,42.6,0.0
MV01845,DR02560,PR00006,SR01611,CONT03220,Import,Gate Out,55,33.6,0.0
MV01846,DR09203,PR00001,SR02781,CONT08278,Import,Loaded,73,49.9,0.0
MV01847,DR04625,PR00002,SR09135,CONT02435,Import,In Yard,71,50.3,0.0
MV01848,DR02475,PR00001,SR00774,CONT07815,Transshipment,Loaded,50,26.6,0.0
MV01849,DR03453,PR00001,SR06997,CONT07272,Import,Discharged,68,37.2,0.0
MV01850,DR05005,PR00003,SR09123,CONT01512,Import,Loaded,80,38.6,0.0
MV01851,DR03927,PR00005,SR01625,CONT01769,Import,Gate Out,114,52.2,0.0
MV01852,DR08759,PR00004,SR03124,CONT00306,Import,Gate Out,40,44.5,1.7
MV01853,DR02133,PR00001,SR04502,CONT09387,Import,Customs Hold,73,36.7,6.5
MV01854,DR03813,PR00004,SR03339,CONT04918,Transshipment,In Yard,95,53.7,0.0
MV01855,DR00922,PR00006,SR00463,CONT05682,Import,Loaded,106,47.7,0.0
MV01856,DR04140,PR00003,SR00980,CONT07458,Import,Gate Out,99,30.8,0.0
MV01857,DR05625,PR00002,SR09761,CONT05602,Import,Gate Out,61,56.9,0.0
MV01858,DR02362,PR00005,SR06089,CONT00821,Import,Customs Hold,123,64.7,7.9
MV01859,DR05754,PR00001,SR06796,CONT05561,Transshipment,Loaded,96,26.1,0.0
MV01860,DR06307,PR00006,SR07083,CONT09283,Export,Customs Hold,50,47.8,16.0
MV01861,DR07864,PR00006,SR04172,CONT00774,Transshipment,Loaded,66,58.4,0.0
MV01862,DR03937,PR00006,SR02584,CONT05586,Export,In Yard,78,39.5,0.0
MV01863,DR03744,PR00001,SR09040,CONT09024,Export,Gate Out,63,52.0,0.0
MV01864,DR07876,PR00001,SR03699,CONT02493,Export,Loaded,86,58.4,0.0
MV01865,DR04554,PR00006,SR02326,CONT03868,Export,Discharged,107,53.0,0.0
MV01866,DR06179,PR00003,SR09562,CONT07930,Export,Gate Out,81,74.9,0.0
MV01867,DR09273,PR00003,SR01014,CONT01444,Export,Loaded,65,45.4,0.0
MV01868,DR05841,PR00004,SR05700,CONT01480,Export,Loaded,67,45.8,0.0
MV01869,DR08908,PR00001,SR03707,CONT04803,Import,Customs Hold,75,43.8,8.0
MV01870,DR06999,PR00004,SR08025,CONT00170,Export,Discharged,89,41.9,0.0
MV01871,DR02800,PR00007,SR04327,CONT03511,Import,Loaded,136,47.7,0.0
MV01872,DR00460,PR00005,SR03575,CONT02881,Export,In Yard,46,25.5,0.0
MV01873,DR09827,PR00003,SR02759,CONT06414,Export,Gate Out,120,37.3,0.0
MV01874,DR02371,PR00007,SR03216,CONT06280,Export,In Yard,108,51.1,0.0
MV01875,DR09050,PR00005,SR09348,CONT00064,Export,In Yard,55,58.4,0.0
MV01876,DR03653,PR00001,SR01456,CONT07038,Export,In Yard,57,46.2,0.0
MV01877,DR01050,PR00005,SR00004,CONT03698,Export,In Yard,120,54.2,0.0
MV01878,DR08029,PR00001,SR02214,CONT03063,Import,Loaded,40,65.6,0.0
MV01879,DR06436,PR00002,SR08111,CONT05664,Import,In Yard,54,59.4,0.0
MV01880,DR00672,PR00004,SR04766,CONT00003,Import,Loaded,105,38.6,0.0
MV01881,DR02624,PR00002,SR06472,CONT07774,Import,Loaded,66,44.7,0.0
MV01882,DR03246,PR00001,SR02719,CONT05941,Import,Discharged,86,26.6,0.0
MV01883,DR06456,PR00004,SR08618,CONT00243,Export,Loaded,99,44.0,0.0
MV01884,DR06981,PR00002,SR03063,CONT05047,Export,Loaded,85,29.6,0.0
MV01885,DR06390,PR00003,SR06987,CONT08651,Import,Discharged,105,41.1,0.0
MV01886,DR06150,PR00002,SR05686,CONT04625,Export,Discharged,87,49.6,0.0
MV01887,DR09347,PR00005,SR06936,CONT05118,Import,Discharged,101,40.1,0.0
MV01888,DR07974,PR00006,SR07484,CONT05820,Export,Loaded,110,33.5,0.0
MV01889,DR07565,PR00001,SR05173,CONT00426,Import,Gate Out,61,29.1,0.0
MV01890,DR04109,PR00006,SR09986,CONT03712,Export,Gate Out,124,41.2,0.0
MV01891,DR05015,PR00001,SR03533,CONT02361,Import,Customs Hold,52,43.4,9.5
MV01892,DR02436,PR00002,SR00744,CONT09152,Import,Loaded,99,63.1,0.0
MV01893,DR05837,PR00002,SR07297,CONT00158,Import,In Yard,95,40.9,0.0
MV01894,DR04632,PR00002,SR03892,CONT08885,Export,In Yard,118,60.9,0.0
MV01895,DR09038,PR00001,SR04758,CONT05279,Transshipment,Gate Out,93,34.5,5.0
MV01896,DR03448,PR00005,SR03626,CONT05536,Export,In Yard,104,48.7,0.0
MV01897,DR03370,PR00006,SR03330,CONT02593,Export,In Yard,90,70.7,0.0
MV01898,DR03547,PR00007,SR02601,CONT03113,Import,Gate Out,104,46.7,0.0
MV01899,DR03518,PR00007,SR09000,CONT00017,Export,Discharged,119,58.9,0.0
MV01900,DR05327,PR00003,SR01160,CONT02072,Export,Discharged,83,29.6,0.0
MV01901,DR00719,PR00001,SR09239,CONT01093,Import,Gate Out,62,33.7,0.0
MV01902,DR03508,PR00001,SR02251,CONT05385,Export,Loaded,44,26.8,0.0
MV01903,DR08515,PR00003,SR02907,CONT07106,Import,Discharged,88,49.9,0.0
MV01904,DR01322,PR00006,SR02993,CONT07278,Import,Loaded,106,56.6,0.0
MV01905,DR08617,PR00002,SR07221,CONT00487,Import,Loaded,102,53.3,0.0
MV01906,DR00380,PR00001,SR05179,CONT05049,Export,In Yard,52,30.5,0.0
MV01907,DR07501,PR00003,SR05593,CONT07584,Export,Gate Out,94,40.8,0.0
MV01908,DR05301,PR00006,SR00320,CONT09443,Import,Loaded,107,67.0,0.0
MV01909,DR09681,PR00003,SR01313,CONT08017,Transshipment,In Yard,67,21.3,0.0
MV01910,DR02894,PR00005,SR05012,CONT02999,Export,Loaded,105,19.8,0.0
MV01911,DR08632,PR00003,SR07287,CONT01142,Export,Gate Out,92,40.5,0.0
MV01912,DR07672,PR00003,SR09462,CONT01975,Transshipment,Gate Out,85,56.9,0.0
MV01913,DR00230,PR00003,SR03790,CONT07154,Export,In Yard,72,38.1,0.0
MV01914,DR06120,PR00005,SR07925,CONT06368,Import,In Yard,108,39.6,0.0
MV01915,DR00847,PR00005,SR00845,CONT09224,Transshipment,Discharged,76,48.9,0.0
MV01916,DR08021,PR00003,SR06454,CONT03421,Import,In Yard,86,38.2,0.0
MV01917,DR04572,PR00002,SR04692,CONT09551,Import,In Yard,127,17.1,0.0
MV01918,DR03139,PR00001,SR05038,CONT04264,Import,Gate Out,72,35.6,0.0
MV01919,DR04017,PR00001,SR09338,CONT05572,Export,Gate Out,99,47.7,0.0
MV01920,DR05996,PR00001,SR04299,CONT08130,Transshipment,Customs Hold,50,42.4,15.8
MV01921,DR00165,PR00001,SR00728,CONT00044,Import,Loaded,64,18.3,0.0
MV01922,DR09604,PR00005,SR02777,CONT02432,Export,Discharged,91,64.4,6.0
MV01923,DR04530,PR00006,SR00467,CONT04696,Import,In Yard,112,40.6,0.0
MV01924,DR02387,PR00005,SR06011,CONT05778,Export,Discharged,62,46.8,0.0
MV01925,DR09376,PR00005,SR06639,CONT07172,Import,Gate Out,109,62.9,0.0
MV01926,DR09483,PR00007,SR04763,CONT08992,Export,In Yard,133,60.5,0.0
MV01927,DR02046,PR00007,SR07183,CONT02813,Export,Loaded,126,44.0,0.0
MV01928,DR01791,PR00002,SR07903,CONT02244,Import,In Yard,105,19.9,0.0
MV01929,DR02087,PR00001,SR09317,CONT06582,Transshipment,In Yard,81,59.2,0.0
MV01930,DR01518,PR00001,SR03150,CONT07088,Transshipment,Discharged,72,24.8,0.0
MV01931,DR02941,PR00006,SR02507,CONT07443,Import,Discharged,94,62.1,0.0
MV01932,DR07350,PR00001,SR02448,CONT04685,Export,In Yard,39,48.4,0.0
MV01933,DR08292,PR00002,SR07577,CONT06932,Export,Discharged,76,25.6,0.0
MV01934,DR09807,PR00003,SR07612,CONT03776,Import,Discharged,77,26.9,0.0
MV01935,DR09824,PR00004,SR01045,CONT02908,Import,Discharged,63,39.4,2.7
MV01936,DR08126,PR00004,SR05483,CONT02982,Export,In Yard,121,62.5,5.9
MV01937,DR00708,PR00006,SR02465,CONT09247,Export,Loaded,113,43.7,0.0
MV01938,DR00612,PR00004,SR07701,CONT03147,Export,Discharged,80,47.7,0.0
MV01939,DR04578,PR00006,SR04692,CONT01557,Export,Gate Out,87,39.0,1.2
MV01940,DR01785,PR00001,SR08187,CONT07029,Export,In Yard,52,48.2,0.0
MV01941,DR02987,PR00006,SR05540,CONT01095,Import,In Yard,60,33.2,0.0
MV01942,DR06926,PR00004,SR05759,CONT06331,Import,Loaded,97,35.1,0.0
MV01943,DR07551,PR00002,SR03566,CONT01378,Import,Loaded,73,24.1,5.4
MV01944,DR08636,PR00007,SR04967,CONT00087,Import,In Yard,106,41.2,0.0
MV01945,DR01968,PR00007,SR06337,CONT04960,Export,Gate Out,114,66.8,0.0
MV01946,DR04528,PR00006,SR09704,CONT05850,Export,In Yard,111,48.8,0.0
MV01947,DR09862,PR00007,SR02306,CONT03011,Import,Gate Out,97,42.6,0.0
MV01948,DR06606,PR00003,SR08437,CONT06568,Export,Loaded,72,19.3,0.0
MV01949,DR09114,PR00002,SR04963,CONT04612,Import,Loaded,80,36.0,0.0
MV01950,DR04308,PR00001,SR06885,CONT06280,Export,In Yard,89,31.3,0.0
MV01951,DR04170,PR00006,SR01572,CONT04964,Transshipment,Loaded,61,34.4,0.0
MV01952,DR04766,PR00006,SR05676,CONT05397,Import,Discharged,80,33.4,0.0
MV01953,DR08586,PR00007,SR02776,CONT01348,Export,In Yard,101,52.6,0.0
MV01954,DR08449,PR00006,SR01448,CONT01628,Import,In Yard,57,32.4,0.0
MV01955,DR01726,PR00004,SR09569,CONT00645,Import,Gate Out,91,46.5,0.0
MV01956,DR08065,PR00001,SR00094,CONT04541,Export,Gate Out,71,47.5,0.0
MV01957,DR08448,PR00001,SR08953,CONT04659,Export,Loaded,101,32.8,0.0
MV01958,DR05886,PR00003,SR07639,CONT02583,Export,Gate Out,52,29.2,5.0
MV01959,DR04606,PR00005,SR00163,CONT09456,Export,Loaded,127,65.7,0.0
MV01960,DR02079,PR00001,SR01745,CONT02426,Export,In Yard,49,40.9,3.4
MV01961,DR03435,PR00007,SR04567,CONT01711,Export,In Yard,98,40.7,4.5
MV01962,DR04481,PR00005,SR05558,CONT05932,Import,Gate Out,77,50.8,0.0
MV01963,DR07839,PR00002,SR02129,CONT03031,Import,Gate Out,87,46.4,0.0
MV01964,DR06983,PR00006,SR06083,CONT01649,Export,Customs Hold,83,44.4,20.2
MV01965,DR01942,PR00004,SR06147,CONT08877,Export,In Yard,61,22.1,0.0
MV01966,DR00418,PR00005,SR06799,CONT03654,Import,Loaded,83,31.1,0.0
MV01967,DR06845,PR00003,SR02964,CONT06575,Import,Gate Out,94,71.2,0.0
MV01968,DR06092,PR00003,SR05192,CONT07307,Import,In Yard,12,23.5,0.0
MV01969,DR04252,PR00001,SR06788,CONT05559,Import,Gate Out,54,38.9,0.0
MV01970,DR06214,PR00003,SR07933,CONT07661,Import,In Yard,92,67.6,0.0
MV01971,DR06095,PR00005,SR09223,CONT08211,Export,In Yard,128,60.9,0.0
MV01972,DR05906,PR00007,SR03898,CONT08865,Export,Gate Out,86,48.8,3.5
MV01973,DR04074,PR00006,SR08723,CONT04774,Transshipment,In Yard,103,35.1,0.0
MV01974,DR04949,PR00001,SR00892,CONT08104,Export,Discharged,39,25.9,0.0
MV01975,DR00365,PR00007,SR02711,CONT07022,Import,Gate Out,107,45.0,2.3
MV01976,DR04437,PR00001,SR08705,CONT01520,Export,In Yard,110,50.4,0.0
MV01977,DR01092,PR00001,SR07053,CONT04678,Export,Loaded,40,54.5,0.0
MV01978,DR06623,PR00005,SR01064,CONT02594,Export,Loaded,94,43.5,0.0
MV01979,DR00005,PR00007,SR00214,CONT03074,Export,Loaded,93,39.6,0.0
MV01980,DR03606,PR00007,SR05552,CONT04296,Export,In Yard,110,53.7,0.0
MV01981,DR04527,PR00006,SR07677,CONT05341,Import,Loaded,86,54.3,0.0
MV01982,DR09030,PR00002,SR00386,CONT08436,Import,Gate Out,67,47.9,0.0
MV01983,DR03887,PR00001,SR03380,CONT09446,Import,In Yard,101,40.8,0.0
MV01984,DR00419,PR00001,SR06132,CONT00125,Import,Loaded,95,29.4,0.0
MV01985,DR05997,PR00004,SR07210,CONT04789,Export,In Yard,102,60.5,0.0
MV01986,DR09011,PR00003,SR03300,CONT07766,Import,Customs Hold,83,39.6,4.0
MV01987,DR04427,PR00001,SR07653,CONT08589,Import,In Yard,80,43.2,0.0
MV01988,DR08964,PR00003,SR06370,CONT08467,Export,Discharged,63,30.2,0.0
MV01989,DR04682,PR00004,SR08778,CONT01309,Export,Discharged,97,33.4,0.0
MV01990,DR06869,PR00005,SR04348,CONT05679,Export,Discharged,113,56.5,0.0
MV01991,DR05563,PR00003,SR01530,CONT05423,Import,Gate Out,64,20.5,0.0
MV01992,DR08147,PR00002,SR09334,CONT00522,Import,Customs Hold,91,30.4,18.8
MV01993,DR03125,PR00004,SR07669,CONT08054,Export,In Yard,53,64.1,0.0
MV01994,DR04561,PR00005,SR02518,CONT05564,Export,Gate Out,45,54.7,0.0
MV01995,DR06561,PR00002,SR08110,CONT08469,Import,Loaded,51,40.9,0.0
MV01996,DR02431,PR00001,SR02963,CONT03066,Transshipment,Loaded,113,30.1,0.0
MV01997,DR09942,PR00007,SR06651,CONT00160,Export,Discharged,60,45.9,0.0
MV01998,DR04339,PR00005,SR03658,CONT03122,Export,Gate Out,76,45.0,0.0
MV01999,DR09404,PR00002,SR06240,CONT03908,Import,Loaded,47,31.8,0.0
MV02000,DR08413,PR00004,SR00770,CONT03744,Transshipment,Loaded,83,49.3,0.0
MV02001,DR04896,PR00004,SR01466,CONT00356,Export,In Yard,55,21.9,0.0
MV02002,DR05869,PR00001,SR08634,CONT00522,Import,Discharged,95,17.1,0.0
MV02003,DR05467,PR00001,SR04207,CONT03576,Import,Discharged,74,45.9,0.0
MV02004,DR08614,PR00007,SR00958,CONT02285,Import,Loaded,63,45.1,0.0
MV02005,DR06970,PR00003,SR06026,CONT05557,Import,Loaded,85,50.3,0.0
MV02006,DR07800,PR00001,SR02013,CONT05111,Import,Loaded,101,56.0,0.0
MV02007,DR03895,PR00006,SR03452,CONT06845,Import,Gate Out,84,50.2,0.0
MV02008,DR01914,PR00003,SR01274,CONT03431,Export,Gate Out,69,68.3,0.0
MV02009,DR09685,PR00004,SR07666,CONT03090,Export,Gate Out,85,63.8,0.0
MV02010,DR08190,PR00002,SR01286,CONT08084,Export,Gate Out,91,46.3,1.6
MV02011,DR07156,PR00001,SR05651,CONT09142,Export,Loaded,77,40.1,0.0
MV02012,DR00079,PR00001,SR04004,CONT08570,Import,In Yard,57,36.9,0.0
MV02013,DR01784,PR00007,SR07097,CONT05128,Import,In Yard,109,29.1,1.6
MV02014,DR09750,PR00004,SR01756,CONT00971,Export,Gate Out,74,60.5,0.0
MV02015,DR00880,PR00006,SR08185,CONT04515,Export,Gate Out,105,57.1,0.0
MV02016,DR02626,PR00001,SR08821,CONT08283,Import,Discharged,120,20.5,0.0
MV02017,DR03337,PR00005,SR02092,CONT06261,Transshipment,Loaded,103,70.1,3.2
MV02018,DR02949,PR00003,SR09332,CONT09396,Export,Discharged,77,35.4,0.0
MV02019,DR09274,PR00004,SR04842,CONT04869,Export,Loaded,73,36.9,0.0
MV02020,DR03276,PR00002,SR01798,CONT03371,Export,In Yard,90,45.6,0.0
MV02021,DR09744,PR00004,SR05202,CONT00639,Import,Loaded,75,44.3,0.0
MV02022,DR09431,PR00001,SR02177,CONT03664,Transshipment,In Yard,77,71.1,0.0
MV02023,DR00431,PR00001,SR04966,CONT05858,Transshipment,Loaded,53,38.6,0.0
MV02024,DR06604,PR00006,SR03027,CONT05796,Export,Loaded,112,47.3,0.0
MV02025,DR07825,PR00001,SR06839,CONT01293,Export,Gate Out,100,44.3,0.0
MV02026,DR02880,PR00001,SR05411,CONT03381,Transshipment,Customs Hold,54,31.0,15.8
MV02027,DR09576,PR00007,SR00197,CONT03149,Export,Gate Out,111,56.8,0.0
MV02028,DR03145,PR00002,SR04850,CONT09815,Import,Discharged,68,28.8,0.0
MV02029,DR09481,PR00004,SR09092,CONT09198,Export,Gate Out,119,53.0,0.0
MV02030,DR08321,PR00006,SR03790,CONT07070,Export,Discharged,136,39.9,0.0
MV02031,DR05993,PR00005,SR01271,CONT08568,Export,Loaded,89,34.4,0.0
MV02032,DR00806,PR00001,SR02676,CONT00229,Export,Discharged,98,26.9,0.0
MV02033,DR03311,PR00004,SR05160,CONT07338,Export,In Yard,85,39.6,0.0
MV02034,DR07940,PR00004,SR08524,CONT05163,Transshipment,In Yard,90,21.3,0.0
MV02035,DR06636,PR00002,SR02569,CONT08804,Import,Gate Out,95,15.7,0.0
MV02036,DR07478,PR00005,SR04873,CONT01772,Import,Loaded,63,39.8,0.0
MV02037,DR03247,PR00007,SR05912,CONT06760,Export,Loaded,81,25.0,4.4
MV02038,DR03473,PR00001,SR01187,CONT05615,Import,In Yard,54,56.5,0.0
MV02039,DR00875,PR00001,SR08061,CONT03166,Import,Customs Hold,86,39.3,16.7
MV02040,DR06173,PR00005,SR07632,CONT07595,Export,Discharged,94,57.2,0.0
MV02041,DR02463,PR00003,SR00388,CONT04369,Transshipment,Loaded,90,49.0,0.0
MV02042,DR08014,PR00006,SR03180,CONT04249,Import,In Yard,107,33.7,0.0
MV02043,DR04654,PR00001,SR04766,CONT02294,Import,Gate Out,58,32.5,0.0
MV02044,DR01349,PR00001,SR08029,CONT00387,Import,In Yard,74,55.6,0.0
MV02045,DR06436,PR00005,SR07127,CONT05379,Export,In Yard,107,56.8,0.0
MV02046,DR09499,PR00007,SR07365,CONT04029,Import,In Yard,130,66.3,0.0
MV02047,DR08649,PR00001,SR02771,CONT05262,Import,Gate Out,96,35.5,3.1
MV02048,DR02317,PR00006,SR01208,CONT03142,Export,Loaded,85,59.1,2.6
MV02049,DR09496,PR00003,SR07067,CONT01628,Transshipment,Loaded,80,35.1,0.0
MV02050,DR06541,PR00001,SR03254,CONT02444,Import,Loaded,67,49.1,0.0
MV02051,DR06119,PR00003,SR09614,CONT08193,Export,In Yard,70,57.7,0.0
MV02052,DR06687,PR00002,SR06310,CONT02790,Export,In Yard,79,27.6,0.0
MV02053,DR00092,PR00005,SR08571,CONT00186,Import,Gate Out,85,49.6,0.0
MV02054,DR02070,PR00002,SR07465,CONT01677,Export,Discharged,79,21.3,0.0
MV02055,DR04717,PR00003,SR01641,CONT01999,Import,In Yard,107,59.8,5.5
MV02056,DR01125,PR00002,SR04321,CONT09769,Import,Loaded,83,30.8,0.0
MV02057,DR01236,PR00006,SR04156,CONT01614,Import,Loaded,80,49.7,0.0
MV02058,DR07656,PR00007,SR05628,CONT06276,Import,Discharged,82,58.6,0.0
MV02059,DR00927,PR00003,SR04610,CONT00146,Export,In Yard,54,37.9,0.0
MV02060,DR04111,PR00003,SR00900,CONT00725,Export,Customs Hold,116,60.2,12.3
MV02061,DR06505,PR00007,SR08166,CONT02400,Export,Discharged,45,48.8,0.0
MV02062,DR06678,PR00001,SR00036,CONT07450,Export,Discharged,93,58.4,0.0
MV02063,DR08506,PR00006,SR05790,CONT01311,Import,Discharged,123,31.2,0.0
MV02064,DR00540,PR00004,SR02344,CONT02975,Transshipment,In Yard,74,35.5,0.0
MV02065,DR01930,PR00006,SR05398,CONT02257,Export,Gate Out,83,24.5,0.0
MV02066,DR07754,PR00002,SR04982,CONT05562,Import,Discharged,121,43.6,0.0
MV02067,DR00634,PR00002,SR00343,CONT05184,Export,Gate Out,98,30.1,0.0
MV02068,DR07848,PR00002,SR05543,CONT08189,Export,Customs Hold,70,23.5,16.1
MV02069,DR09047,PR00001,SR05097,CONT04971,Export,Discharged,38,13.8,0.0
MV02070,DR04415,PR00001,SR00540,CONT05582,Import,Gate Out,90,39.8,0.0
MV02071,DR07550,PR00007,SR06038,CONT07420,Import,Gate Out,83,48.3,0.0
MV02072,DR02688,PR00002,SR09260,CONT01773,Transshipment,Gate Out,116,53.7,0.0
MV02073,DR02352,PR00001,SR01566,CONT01268,Export,In Yard,74,51.0,0.0
MV02074,DR00466,PR00002,SR01308,CONT09402,Export,In Yard,87,53.8,0.0
MV02075,DR05812,PR00003,SR06877,CONT00937,Transshipment,Gate Out,76,28.3,0.0
MV02076,DR02813,PR00004,SR08732,CONT06156,Import,Discharged,100,34.8,0.0
MV02077,DR00501,PR00001,SR09503,CONT00981,Transshipment,Discharged,58,38.5,0.0
MV02078,DR03982,PR00006,SR09470,CONT08980,Export,Loaded,124,50.2,0.0
MV02079,DR06494,PR00006,SR02116,CONT01791,Export,Discharged,72,63.4,0.0
MV02080,DR02419,PR00002,SR04850,CONT03326,Import,Loaded,100,41.8,0.0
MV02081,DR02075,PR00006,SR08740,CONT08937,Import,Gate Out,130,57.5,0.0
MV02082,DR00337,PR00003,SR08102,CONT04300,Import,Discharged,122,47.1,0.0
MV02083,DR06748,PR00003,SR06811,CONT09694,Import,Discharged,88,45.7,0.0
MV02084,DR01160,PR00007,SR05477,CONT05381,Import,Gate Out,92,52.0,0.0
MV02085,DR09044,PR00006,SR07852,CONT04281,Import,Gate Out,71,41.2,0.0
MV02086,DR06286,PR00003,SR00891,CONT00304,Export,In Yard,93,34.3,0.0
MV02087,DR07156,PR00003,SR04989,CONT00396,Transshipment,Gate Out,51,40.6,0.0
MV02088,DR02729,PR00002,SR01593,CONT05516,Import,In Yard,37,45.9,0.0
MV02089,DR00684,PR00003,SR09681,CONT01193,Import,Loaded,115,50.4,2.0
MV02090,DR08405,PR00005,SR04942,CONT06738,Export,Discharged,67,12.1,2.1
MV02091,DR02222,PR00001,SR05909,CONT09915,Export,Loaded,88,37.7,2.6
MV02092,DR02003,PR00007,SR03397,CONT03802,Export,Gate Out,102,61.8,0.0
MV02093,DR09117,PR00005,SR00428,CONT05516,Transshipment,In Yard,85,37.3,0.0
MV02094,DR01550,PR00001,SR07350,CONT05225,Import,Loaded,122,59.9,0.0
MV02095,DR01036,PR00006,SR00847,CONT07504,Export,Loaded,72,41.5,0.0
MV02096,DR03884,PR00005,SR02944,CONT07475,Transshipment,Loaded,76,41.8,0.0
MV02097,DR01247,PR00002,SR05184,CONT05441,Export,Loaded,48,38.2,0.0
MV02098,DR06307,PR00003,SR00739,CONT09749,Export,Gate Out,78,29.0,0.0
MV02099,DR06886,PR00006,SR08208,CONT00317,Transshipment,Gate Out,87,61.4,0.0
MV02100,DR08592,PR00007,SR07969,CONT01324,Import,In Yard,106,61.4,0.0
MV02101,DR06457,PR00002,SR02758,CONT04364,Import,Discharged,61,29.2,0.0
MV02102,DR07435,PR00004,SR05620,CONT09370,Import,Customs Hold,138,36.1,14.8
MV02103,DR06840,PR00006,SR07452,CONT09502,Export,Gate Out,51,66.1,0.0
MV02104,DR06275,PR00007,SR05588,CONT04221,Export,Gate Out,140,61.3,1.4
MV02105,DR04975,PR00001,SR00062,CONT03735,Import,Gate Out,82,15.0,0.0
MV02106,DR03496,PR00003,SR03712,CONT02962,Import,Loaded,101,64.2,0.0
MV02107,DR04484,PR00006,SR03803,CONT01996,Export,In Yard,88,5.0,0.0
MV02108,DR09909,PR00001,SR04713,CONT06166,Import,In Yard,62,46.0,4.6
MV02109,DR04895,PR00003,SR09245,CONT05693,Export,Gate Out,81,29.9,0.0
MV02110,DR02586,PR00004,SR01119,CONT04103,Import,In Yard,65,48.5,0.0
MV02111,DR03182,PR00003,SR07692,CONT06489,Export,Discharged,116,52.2,0.0
MV02112,DR02181,PR00005,SR07137,CONT09124,Export,Loaded,105,51.7,0.0
MV02113,DR02982,PR00001,SR04275,CONT08491,Import,In Yard,44,43.6,0.0
MV02114,DR05989,PR00006,SR01256,CONT08066,Export,Loaded,85,37.1,0.0
MV02115,DR00282,PR00002,SR08434,CONT03279,Export,Customs Hold,65,27.7,12.7
MV02116,DR07955,PR00006,SR07936,CONT09820,Import,In Yard,64,55.6,0.0
MV02117,DR07212,PR00003,SR08751,CONT03249,Import,Gate Out,81,45.1,0.0
MV02118,DR09750,PR00001,SR04391,CONT02400,Export,Gate Out,106,38.6,0.0
MV02119,DR05957,PR00007,SR02659,CONT05346,Export,Loaded,114,46.7,0.0
MV02120,DR03865,PR00006,SR00396,CONT00814,Export,Customs Hold,67,38.1,16.8
MV02121,DR07026,PR00002,SR02104,CONT09368,Import,Discharged,75,31.0,0.0
MV02122,DR03913,PR00002,SR09125,CONT08367,Export,Gate Out,93,45.3,0.0
MV02123,DR01931,PR00004,SR00999,CONT02564,Export,In Yard,94,29.2,1.3
MV02124,DR08177,PR00007,SR08889,CONT08606,Import,Gate Out,109,70.8,0.0
MV02125,DR00178,PR00002,SR05869,CONT02247,Import,Gate Out,42,38.4,0.0
MV02126,DR09049,PR00007,SR00963,CONT07848,Import,Discharged,96,21.1,0.0
MV02127,DR08462,PR00002,SR09223,CONT03433,Export,Loaded,76,45.1,0.0
MV02128,DR05787,PR00005,SR00531,CONT00327,Import,Discharged,83,29.9,0.0
MV02129,DR04715,PR00003,SR01721,CONT04891,Export,Discharged,64,40.6,4.3
MV02130,DR00076,PR00001,SR02843,CONT03233,Import,In Yard,51,34.0,0.0
MV02131,DR03244,PR00007,SR02804,CONT05388,Export,Gate Out,60,51.8,0.0
MV02132,DR05076,PR00001,SR04024,CONT00205,Import,In Yard,45,46.7,0.0
MV02133,DR09155,PR00007,SR01507,CONT00967,Export,Loaded,76,49.9,0.0
MV02134,DR03967,PR00001,SR05527,CONT04099,Export,Gate Out,78,70.8,0.0
MV02135,DR00714,PR00002,SR05926,CONT09644,Export,Loaded,110,38.1,4.4
MV02136,DR04738,PR00007,SR06859,CONT01006,Transshipment,Loaded,75,66.8,0.0
MV02137,DR02623,PR00004,SR00988,CONT07739,Import,Gate Out,66,60.6,0.0
MV02138,DR01823,PR00001,SR09751,CONT09932,Import,Discharged,69,42.4,0.0
MV02139,DR03866,PR00004,SR01327,CONT08312,Import,Loaded,125,52.5,0.0
MV02140,DR06773,PR00001,SR05594,CONT03780,Export,Loaded,57,50.4,0.0
MV02141,DR05959,PR00006,SR06739,CONT05129,Export,Loaded,80,47.4,0.0
MV02142,DR09965,PR00001,SR05658,CONT03816,Import,Loaded,73,39.4,0.0
MV02143,DR03746,PR00003,SR08968,CONT00223,Export,Discharged,60,35.1,0.0
MV02144,DR06612,PR00001,SR09545,CONT06717,Import,In Yard,43,37.8,0.0
MV02145,DR06325,PR00005,SR03812,CONT02707,Transshipment,Gate Out,108,33.9,0.0
MV02146,DR02700,PR00007,SR03715,CONT09092,Import,In Yard,132,45.6,0.0
MV02147,DR06860,PR00006,SR07168,CONT03993,Transshipment,Discharged,78,32.0,0.0
MV02148,DR04316,PR00003,SR09435,CONT00127,Export,In Yard,108,28.2,0.0
MV02149,DR09797,PR00002,SR09897,CONT09729,Transshipment,Discharged,75,35.2,0.0
MV02150,DR06321,PR00001,SR03521,CONT06823,Export,Gate Out,90,38.0,0.0
MV02151,DR07676,PR00006,SR00218,CONT04981,Import,Discharged,76,46.9,0.0
MV02152,DR07589,PR00001,SR07401,CONT03980,Export,In Yard,87,27.9,0.0
MV02153,DR05520,PR00004,SR08457,CONT03570,Export,Discharged,105,56.9,0.0
MV02154,DR08754,PR00003,SR07137,CONT01786,Import,In Yard,88,62.6,3.8
MV02155,DR05002,PR00007,SR09226,CONT08008,Export,Gate Out,116,69.2,0.0
MV02156,DR04537,PR00003,SR08475,CONT00719,Export,Gate Out,98,29.2,0.0
MV02157,DR08867,PR00004,SR05773,CONT04416,Export,In Yard,31,34.6,0.0
MV02158,DR09313,PR00007,SR01803,CONT08026,Import,In Yard,49,28.5,0.0
MV02159,DR03116,PR00007,SR02711,CONT00636,Export,Loaded,71,53.5,0.0
MV02160,DR09172,PR00004,SR05101,CONT08619,Import,Discharged,91,51.8,0.0
MV02161,DR07037,PR00006,SR05624,CONT06222,Import,In Yard,49,45.8,0.0
MV02162,DR07379,PR00004,SR00020,CONT06517,Import,Loaded,114,32.9,0.0
MV02163,DR09116,PR00003,SR08375,CONT00503,Import,Gate Out,99,40.6,0.0
MV02164,DR08840,PR00001,SR08619,CONT08150,Export,Gate Out,94,54.4,0.0
MV02165,DR04089,PR00005,SR08764,CONT08230,Import,Loaded,86,53.2,5.0
MV02166,DR05808,PR00005,SR02516,CONT04048,Import,In Yard,89,30.7,1.1
MV02167,DR05846,PR00001,SR07110,CONT07927,Import,Gate Out,48,25.3,0.0
MV02168,DR00002,PR00002,SR08652,CONT00238,Export,Discharged,85,42.6,0.0
MV02169,DR00815,PR00005,SR04606,CONT07254,Export,In Yard,76,38.4,0.0
MV02170,DR04970,PR00001,SR05037,CONT08866,Export,In Yard,80,21.3,0.0
MV02171,DR05498,PR00005,SR07677,CONT02063,Export,Gate Out,103,48.0,0.0
MV02172,DR04939,PR00005,SR06685,CONT08543,Import,Loaded,78,45.7,0.0
MV02173,DR09411,PR00002,SR02391,CONT09514,Export,Discharged,83,29.9,0.0
MV02174,DR00728,PR00002,SR02398,CONT04348,Import,Customs Hold,86,39.9,9.9
MV02175,DR09535,PR00003,SR00040,CONT09008,Import,Discharged,77,46.6,0.0
MV02176,DR03151,PR00002,SR05434,CONT02062,Import,In Yard,126,44.7,0.0
MV02177,DR04058,PR00004,SR02953,CONT05443,Import,Loaded,87,60.8,0.0
MV02178,DR03948,PR00005,SR07634,CONT03075,Import,Gate Out,100,54.6,6.0
MV02179,DR01927,PR00006,SR06834,CONT02142,Export,Loaded,81,58.0,0.0
MV02180,DR06642,PR00001,SR06780,CONT03993,Import,In Yard,95,24.8,0.0
MV02181,DR08480,PR00005,SR08024,CONT09860,Import,In Yard,80,50.0,0.0
MV02182,DR05128,PR00002,SR06629,CONT08816,Export,In Yard,88,36.7,0.0
MV02183,DR06718,PR00006,SR09593,CONT09694,Export,In Yard,132,62.9,0.0
MV02184,DR00181,PR00001,SR06521,CONT00874,Transshipment,In Yard,60,39.3,0.0
MV02185,DR01452,PR00004,SR02607,CONT04688,Import,In Yard,124,71.0,3.5
MV02186,DR09798,PR00004,SR00392,CONT09759,Export,Gate Out,91,34.4,0.0
MV02187,DR08655,PR00002,SR09510,CONT05549,Export,In Yard,88,38.3,0.0
MV02188,DR03310,PR00007,SR00354,CONT08849,Export,Gate Out,57,51.4,0.0
MV02189,DR06668,PR00001,SR09850,CONT09113,Import,Gate Out,81,38.3,0.0
MV02190,DR04148,PR00001,SR08867,CONT07970,Import,Gate Out,60,21.7,0.0
MV02191,DR04637,PR00004,SR04346,CONT04135,Import,Discharged,124,55.4,0.0
MV02192,DR06003,PR00003,SR06047,CONT08636,Export,Discharged,112,40.6,0.0
MV02193,DR08984,PR00002,SR00889,CONT04222,Export,Loaded,109,45.4,0.0
MV02194,DR09620,PR00002,SR07668,CONT04546,Import,In Yard,48,13.4,0.0
MV02195,DR03757,PR00001,SR00922,CONT08778,Import,Customs Hold,89,38.2,14.9
MV02196,DR03569,PR00006,SR07779,CONT06731,Transshipment,Customs Hold,86,51.5,13.9
MV02197,DR09515,PR00004,SR07703,CONT00314,Export,Loaded,102,46.7,0.0
MV02198,DR03843,PR00002,SR08566,CONT01775,Export,Discharged,48,46.6,0.0
MV02199,DR00572,PR00003,SR05303,CONT04623,Transshipment,Discharged,119,45.8,0.0
MV02200,DR05469,PR00007,SR08337,CONT02530,Import,Discharged,81,54.8,0.0
MV02201,DR09162,PR00006,SR04263,CONT08568,Export,Loaded,119,50.6,0.0
MV02202,DR02185,PR00001,SR01941,CONT06094,Export,In Yard,119,55.5,0.0
MV02203,DR00554,PR00004,SR04563,CONT09820,Import,In Yard,57,24.5,5.8
MV02204,DR01209,PR00001,SR05799,CONT04335,Import,In Yard,31,5.0,0.0
MV02205,DR04193,PR00002,SR02919,CONT01326,Export,Loaded,104,63.8,3.5
MV02206,DR05129,PR00006,SR04985,CONT09207,Import,Loaded,100,42.1,0.0
MV02207,DR05291,PR00006,SR08730,CONT06322,Import,Discharged,107,31.4,0.0
MV02208,DR09573,PR00001,SR07269,CONT02960,Import,Gate Out,74,39.9,0.0
MV02209,DR08691,PR00006,SR05115,CONT03868,Export,Gate Out,97,46.8,0.0
MV02210,DR04803,PR00005,SR08970,CONT01168,Import,In Yard,115,56.8,0.0
MV02211,DR04249,PR00005,SR09327,CONT02863,Import,Discharged,57,48.4,0.0
MV02212,DR03868,PR00006,SR08810,CONT07224,Import,Discharged,84,38.1,0.0
MV02213,DR08826,PR00003,SR00415,CONT06257,Import,Gate Out,58,51.1,0.0
MV02214,DR00873,PR00007,SR01436,CONT01834,Export,In Yard,100,37.3,0.0
MV02215,DR08153,PR00002,SR07908,CONT08030,Export,Loaded,87,6.9,2.7
MV02216,DR05636,PR00003,SR06761,CONT02665,Import,Gate Out,99,44.9,0.0
MV02217,DR00585,PR00002,SR02494,CONT04296,Export,Discharged,75,42.1,0.0
MV02218,DR05004,PR00006,SR01728,CONT07292,Export,Discharged,75,22.9,0.0
MV02219,DR03780,PR00001,SR08754,CONT00238,Export,Loaded,69,41.9,0.0
MV02220,DR04108,PR00003,SR05931,CONT02013,Export,In Yard,49,18.9,0.0
MV02221,DR00659,PR00005,SR01579,CONT03342,Import,In Yard,93,38.5,0.0
MV02222,DR07532,PR00002,SR02297,CONT05163,Export,In Yard,74,49.5,0.0
MV02223,DR06954,PR00002,SR01700,CONT08141,Export,Gate Out,83,48.8,0.0
MV02224,DR02293,PR00002,SR00204,CONT03905,Export,Gate Out,79,44.1,0.0
MV02225,DR03966,PR00005,SR02327,CONT01949,Import,Discharged,119,41.8,0.0
MV02226,DR08150,PR00002,SR00583,CONT06243,Import,Loaded,20,37.7,0.0
MV02227,DR04647,PR00003,SR04809,CONT01341,Import,In Yard,114,53.6,0.0
MV02228,DR07909,PR00004,SR04764,CONT08959,Import,Gate Out,100,34.1,0.0
MV02229,DR05962,PR00007,SR01912,CONT00445,Import,Customs Hold,81,32.3,10.6
MV02230,DR00860,PR00006,SR03215,CONT01174,Import,Discharged,97,59.7,0.0
MV02231,DR08072,PR00001,SR07062,CONT03909,Import,Discharged,57,58.1,0.0
MV02232,DR09719,PR00006,SR09280,CONT07757,Import,In Yard,104,66.9,0.0
MV02233,DR06680,PR00006,SR04705,CONT02681,Transshipment,In Yard,71,11.4,2.0
MV02234,DR02217,PR00005,SR02331,CONT09577,Export,Gate Out,74,58.3,5.0
MV02235,DR00474,PR00003,SR03131,CONT09209,Import,Discharged,101,40.8,5.6
MV02236,DR05051,PR00001,SR08839,CONT01741,Export,In Yard,81,61.4,0.0
MV02237,DR02531,PR00005,SR01520,CONT06012,Import,Loaded,115,26.5,0.0
MV02238,DR03608,PR00003,SR06456,CONT03289,Import,Loaded,69,28.3,0.0
MV02239,DR08658,PR00002,SR08045,CONT05879,Export,Gate Out,101,46.8,0.0
MV02240,DR05938,PR00001,SR04776,CONT07104,Import,Gate Out,69,36.8,0.0
MV02241,DR02168,PR00002,SR07356,CONT00944,Export,Loaded,77,38.9,0.0
MV02242,DR05408,PR00004,SR02239,CONT06941,Import,Loaded,87,62.8,0.0
MV02243,DR08947,PR00001,SR00411,CONT05580,Export,Gate Out,27,50.1,0.0
MV02244,DR09904,PR00004,SR00144,CONT08903,Import,In Yard,106,32.2,0.0
MV02245,DR08604,PR00006,SR09340,CONT00980,Import,Loaded,90,66.8,1.7
MV02246,DR09201,PR00002,SR04260,CONT08825,Export,Gate Out,88,27.5,0.0
MV02247,DR01619,PR00001,SR02781,CONT01856,Import,Loaded,74,36.1,0.0
MV02248,DR02630,PR00001,SR04284,CONT09881,Import,Loaded,54,66.9,0.0
MV02249,DR04223,PR00002,SR03608,CONT03668,Import,In Yard,44,42.3,0.0
MV02250,DR03491,PR00006,SR02247,CONT03741,Export,In Yard,112,45.0,0.0
MV02251,DR08229,PR00004,SR08937,CONT09552,Export,Loaded,91,47.9,0.0
MV02252,DR08824,PR00006,SR07183,CONT09514,Export,Loaded,74,54.7,1.2
MV02253,DR08330,PR00007,SR01559,CONT09316,Export,Loaded,66,49.4,0.0
MV02254,DR06304,PR00002,SR06465,CONT00458,Transshipment,Gate Out,63,56.1,0.0
MV02255,DR00004,PR00005,SR05343,CONT02525,Import,Customs Hold,82,28.8,18.2
MV02256,DR07812,PR00003,SR03193,CONT04467,Export,Loaded,72,30.5,0.0
MV02257,DR07410,PR00003,SR02038,CONT03829,Import,Gate Out,39,27.4,0.0
MV02258,DR05734,PR00002,SR09402,CONT03132,Import,Loaded,71,24.7,0.0
MV02259,DR02011,PR00002,SR02800,CONT09640,Export,Discharged,110,48.1,0.0
MV02260,DR09499,PR00005,SR08105,CONT00445,Transshipment,In Yard,105,36.2,0.0
MV02261,DR02821,PR00004,SR00816,CONT06148,Export,Loaded,136,54.3,2.7
MV02262,DR05217,PR00002,SR05563,CONT08269,Import,In Yard,65,45.7,0.0
MV02263,DR05949,PR00001,SR08633,CONT01548,Export,Loaded,77,22.1,0.0
MV02264,DR05213,PR00004,SR08135,CONT02541,Import,Loaded,79,32.3,0.0
MV02265,DR02576,PR00005,SR05732,CONT09306,Export,In Yard,104,39.4,0.0
MV02266,DR01792,PR00004,SR08254,CONT07276,Import,Gate Out,67,37.6,0.0
MV02267,DR06056,PR00001,SR05240,CONT08704,Import,Loaded,50,33.9,0.0
MV02268,DR02664,PR00002,SR04853,CONT01088,Import,In Yard,118,59.3,0.0
MV02269,DR04114,PR00005,SR04795,CONT02401,Transshipment,Discharged,98,56.7,0.0
MV02270,DR09540,PR00005,SR09638,CONT09377,Import,In Yard,125,39.5,0.0
MV02271,DR08565,PR00001,SR00120,CONT00914,Import,Loaded,69,45.0,0.0
MV02272,DR06337,PR00003,SR06552,CONT08545,Import,Gate Out,73,66.9,0.0
MV02273,DR03212,PR00003,SR01549,CONT07484,Export,Loaded,92,60.7,6.0
MV02274,DR04759,PR00004,SR00258,CONT09066,Import,Customs Hold,107,53.2,15.3
MV02275,DR05947,PR00001,SR09800,CONT01978,Export,Loaded,98,39.3,0.0
MV02276,DR07979,PR00004,SR04552,CONT07011,Import,Loaded,125,32.3,2.1
MV02277,DR07368,PR00007,SR09344,CONT09235,Import,Customs Hold,98,41.6,6.2
MV02278,DR09043,PR00003,SR07847,CONT01924,Import,Discharged,45,23.6,0.0
MV02279,DR08875,PR00002,SR05991,CONT09151,Import,Gate Out,43,50.3,0.0
MV02280,DR05650,PR00001,SR04396,CONT04925,Export,Loaded,55,32.6,0.0
MV02281,DR01708,PR00001,SR08178,CONT00971,Import,In Yard,84,42.9,0.0
MV02282,DR08049,PR00007,SR09083,CONT03554,Export,Discharged,90,39.0,0.0
MV02283,DR08165,PR00007,SR08841,CONT06223,Import,In Yard,100,24.7,0.0
MV02284,DR02335,PR00001,SR07869,CONT01550,Import,Discharged,83,47.3,0.0
MV02285,DR08633,PR00007,SR00997,CONT00391,Import,Gate Out,70,53.5,0.0
MV02286,DR02159,PR00001,SR05426,CONT03395,Export,Discharged,75,56.1,0.0
MV02287,DR07186,PR00004,SR04243,CONT07369,Import,Loaded,47,15.7,0.0
MV02288,DR00203,PR00005,SR03514,CONT09181,Export,Discharged,65,57.1,0.0
MV02289,DR06507,PR00002,SR08669,CONT09537,Export,Discharged,107,43.9,0.0
MV02290,DR02062,PR00003,SR01622,CONT07626,Import,Customs Hold,78,47.1,15.2
MV02291,DR05876,PR00004,SR08935,CONT02275,Import,Discharged,71,8.2,0.0
MV02292,DR07824,PR00001,SR09516,CONT05310,Import,Customs Hold,82,47.3,14.7
MV02293,DR04521,PR00007,SR06182,CONT08873,Import,Gate Out,124,48.0,0.0
MV02294,DR06068,PR00002,SR03065,CONT03333,Import,Gate Out,31,32.6,0.0
MV02295,DR06588,PR00001,SR04089,CONT02338,Export,Discharged,101,42.7,0.0
MV02296,DR07908,PR00007,SR02542,CONT05277,Export,Gate Out,83,35.3,0.0
MV02297,DR00229,PR00003,SR05857,CONT07912,Export,Gate Out,63,20.6,0.0
MV02298,DR05018,PR00003,SR04600,CONT09916,Import,Gate Out,61,20.6,0.0
MV02299,DR05225,PR00002,SR04629,CONT04971,Import,Discharged,87,41.8,0.0
MV02300,DR03588,PR00001,SR04971,CONT01946,Export,Loaded,78,59.0,0.0
MV02301,DR09471,PR00002,SR08399,CONT08188,Import,Gate Out,75,57.9,0.0
MV02302,DR01137,PR00003,SR09977,CONT02216,Export,Gate Out,48,40.0,0.0
MV02303,DR05655,PR00003,SR05361,CONT08281,Export,Discharged,109,34.6,3.1
MV02304,DR03913,PR00003,SR01022,CONT08175,Import,Loaded,60,65.8,1.2
MV02305,DR06649,PR00006,SR09481,CONT07207,Import,In Yard,88,54.4,0.0
MV02306,DR08756,PR00007,SR08744,CONT05193,Export,Loaded,94,52.7,0.0
MV02307,DR07973,PR00002,SR03838,CONT04303,Export,Gate Out,89,28.2,0.0
MV02308,DR04045,PR00007,SR01388,CONT06259,Import,Customs Hold,109,56.3,16.7
MV02309,DR00534,PR00006,SR05012,CONT07407,Import,Gate Out,114,35.4,0.0
MV02310,DR05647,PR00007,SR04828,CONT04428,Import,Gate Out,65,72.1,0.0
MV02311,DR02799,PR00005,SR08705,CONT03461,Export,In Yard,39,29.1,0.0
MV02312,DR09090,PR00001,SR08655,CONT00284,Import,Gate Out,42,26.1,0.0
MV02313,DR07005,PR00001,SR04882,CONT05613,Export,Discharged,121,35.6,0.0
MV02314,DR06431,PR00007,SR08015,CONT01659,Transshipment,Gate Out,105,50.2,0.0
MV02315,DR03062,PR00003,SR08460,CONT07700,Transshipment,Loaded,70,47.7,0.0
MV02316,DR05923,PR00006,SR09949,CONT06364,Import,In Yard,88,53.5,0.0
MV02317,DR03612,PR00005,SR05873,CONT00769,Export,Gate Out,112,46.6,0.0
MV02318,DR09322,PR00002,SR06240,CONT04081,Export,In Yard,60,46.8,0.0
MV02319,DR06056,PR00003,SR00946,CONT04087,Export,Gate Out,67,21.3,0.0
MV02320,DR03188,PR00007,SR07534,CONT00615,Import,Discharged,78,54.7,0.0
MV02321,DR06656,PR00001,SR06064,CONT08296,Export,Discharged,135,45.8,0.0
MV02322,DR09756,PR00005,SR09535,CONT08908,Export,Loaded,82,32.9,0.0
MV02323,DR04015,PR00007,SR05333,CONT00980,Export,In Yard,77,46.7,0.0
MV02324,DR08648,PR00001,SR04112,CONT06772,Transshipment,Gate Out,38,45.5,0.0
MV02325,DR08253,PR00002,SR01154,CONT02004,Transshipment,Discharged,96,5.4,0.0
MV02326,DR05615,PR00004,SR04128,CONT08796,Export,In Yard,58,58.4,4.3
MV02327,DR03405,PR00006,SR01684,CONT03723,Import,Loaded,90,67.2,4.9
MV02328,DR03935,PR00003,SR06354,CONT05874,Export,Gate Out,89,32.0,0.0
MV02329,DR07073,PR00001,SR07616,CONT03216,Export,In Yard,102,30.2,0.0
MV02330,DR01182,PR00001,SR08382,CONT07217,Export,In Yard,89,61.6,0.0
MV02331,DR09056,PR00003,SR03781,CONT03917,Import,Discharged,69,55.6,0.0
MV02332,DR03911,PR00002,SR02694,CONT06236,Export,In Yard,82,48.6,0.0
MV02333,DR05826,PR00002,SR09857,CONT05955,Export,Loaded,78,51.2,0.0
MV02334,DR03779,PR00006,SR07615,CONT01023,Transshipment,Loaded,76,46.4,0.0
MV02335,DR09616,PR00001,SR05771,CONT04816,Export,Loaded,48,20.2,0.0
MV02336,DR02640,PR00006,SR08198,CONT02101,Import,Loaded,84,46.2,0.0
MV02337,DR04673,PR00007,SR06625,CONT06930,Export,In Yard,72,56.0,0.0
MV02338,DR04840,PR00004,SR05913,CONT00651,Export,Loaded,98,57.0,0.0
MV02339,DR07269,PR00004,SR09539,CONT01183,Export,Gate Out,55,46.2,0.0
MV02340,DR09768,PR00001,SR02088,CONT05563,Import,In Yard,55,35.6,0.0
MV02341,DR09464,PR00004,SR06115,CONT02398,Export,Gate Out,97,59.4,0.0
MV02342,DR03764,PR00003,SR07962,CONT04083,Export,Discharged,56,24.4,0.0
MV02343,DR04125,PR00002,SR05012,CONT04663,Export,Discharged,68,58.8,2.3
MV02344,DR03140,PR00004,SR09202,CONT02460,Transshipment,In Yard,105,37.1,0.0
MV02345,DR09849,PR00001,SR06313,CONT09438,Transshipment,In Yard,62,34.7,0.0
MV02346,DR02798,PR00002,SR03430,CONT04769,Export,Gate Out,94,45.9,0.0
MV02347,DR04514,PR00004,SR05754,CONT05579,Transshipment,In Yard,118,53.3,0.0
MV02348,DR00313,PR00003,SR01818,CONT03470,Export,Customs Hold,100,50.3,9.8
MV02349,DR01030,PR00001,SR09629,CONT04449,Transshipment,Gate Out,72,28.8,0.0
MV02350,DR01487,PR00001,SR09276,CONT09902,Transshipment,Loaded,71,47.5,0.0
MV02351,DR05552,PR00002,SR04569,CONT01772,Export,In Yard,64,52.2,0.0
MV02352,DR02292,PR00004,SR00280,CONT08056,Import,Discharged,57,43.4,3.6
MV02353,DR05651,PR00003,SR03217,CONT01669,Import,Gate Out,103,26.9,1.5
MV02354,DR08564,PR00001,SR09102,CONT09704,Export,Gate Out,69,35.3,0.0
MV02355,DR04421,PR00004,SR07781,CONT04467,Export,Gate Out,87,33.8,0.0
MV02356,DR07697,PR00007,SR04201,CONT09390,Export,In Yard,119,25.9,0.0
MV02357,DR05825,PR00004,SR06505,CONT01552,Export,In Yard,62,33.4,0.0
MV02358,DR07293,PR00003,SR06694,CONT07876,Export,Gate Out,130,70.1,0.0
MV02359,DR05780,PR00004,SR07906,CONT01591,Import,Loaded,94,47.4,0.0
MV02360,DR01693,PR00006,SR03519,CONT02703,Import,Gate Out,81,46.0,0.0
MV02361,DR01912,PR00007,SR07892,CONT01450,Export,Loaded,63,54.2,0.0
MV02362,DR09794,PR00001,SR03120,CONT08418,Import,Discharged,64,43.9,0.0
MV02363,DR00757,PR00002,SR07027,CONT03592,Transshipment,Gate Out,74,26.4,0.0
MV02364,DR09577,PR00001,SR01142,CONT06381,Export,Loaded,58,58.3,0.0
MV02365,DR03452,PR00005,SR04685,CONT04598,Import,Customs Hold,81,48.6,8.3
MV02366,DR06566,PR00001,SR05975,CONT05271,Export,Gate Out,75,53.8,0.0
MV02367,DR08180,PR00007,SR06290,CONT05247,Export,Gate Out,79,37.3,0.0
MV02368,DR09486,PR00001,SR07164,CONT07462,Export,In Yard,115,20.6,0.0
MV02369,DR01953,PR00004,SR09832,CONT06377,Export,In Yard,75,43.0,0.0
MV02370,DR07814,PR00002,SR01285,CONT06191,Transshipment,Gate Out,61,21.2,0.0
MV02371,DR03300,PR00003,SR08997,CONT04352,Export,In Yard,83,56.2,0.0
MV02372,DR01270,PR00003,SR07879,CONT05865,Import,Gate Out,53,22.6,0.0
MV02373,DR04285,PR00005,SR01203,CONT03651,Export,In Yard,83,42.3,5.0
MV02374,DR05704,PR00003,SR02252,CONT06051,Export,Discharged,118,56.8,0.0
MV02375,DR09354,PR00003,SR00543,CONT06990,Transshipment,Discharged,92,46.5,0.0
MV02376,DR03024,PR00005,SR03547,CONT07681,Import,In Yard,68,39.5,0.0
MV02377,DR08859,PR00007,SR01200,CONT04258,Import,In Yard,75,25.9,0.0
MV02378,DR03202,PR00006,SR01181,CONT06385,Export,Loaded,76,23.9,0.0
MV02379,DR04999,PR00005,SR08846,CONT07658,Export,Discharged,86,36.2,0.0
MV02380,DR07294,PR00003,SR07884,CONT07363,Export,Loaded,75,22.7,0.0
MV02381,DR03384,PR00007,SR06603,CONT04111,Import,Customs Hold,67,42.0,15.4
MV02382,DR06269,PR00003,SR01645,CONT06649,Export,Discharged,78,31.1,0.0
MV02383,DR04928,PR00007,SR02849,CONT02947,Export,In Yard,55,34.2,0.0
MV02384,DR05590,PR00006,SR02464,CONT01406,Export,Customs Hold,82,23.0,12.3
MV02385,DR02236,PR00001,SR09384,CONT08873,Export,In Yard,116,23.3,0.0
MV02386,DR09941,PR00001,SR00996,CONT06709,Import,In Yard,73,41.3,0.0
MV02387,DR09331,PR00005,SR00540,CONT03401,Transshipment,Discharged,85,34.5,0.0
MV02388,DR02616,PR00005,SR09357,CONT09998,Import,In Yard,125,48.3,4.6
MV02389,DR08250,PR00004,SR07381,CONT00133,Transshipment,Loaded,79,41.5,0.0
MV02390,DR08742,PR00007,SR06673,CONT02188,Import,Gate Out,106,48.4,0.0
MV02391,DR04525,PR00004,SR03320,CONT09912,Export,Gate Out,104,48.9,0.0
MV02392,DR06895,PR00002,SR06811,CONT05212,Import,Gate Out,123,24.3,0.0
MV02393,DR05959,PR00004,SR03299,CONT08510,Import,In Yard,45,47.0,0.0
MV02394,DR00280,PR00001,SR09616,CONT04407,Transshipment,Gate Out,48,39.1,0.0
MV02395,DR02504,PR00004,SR04752,CONT03578,Import,In Yard,87,37.9,0.0
MV02396,DR04717,PR00007,SR04306,CONT04517,Import,In Yard,89,34.5,4.1
MV02397,DR03025,PR00001,SR04774,CONT01307,Export,Loaded,89,40.5,0.0
MV02398,DR01529,PR00006,SR05165,CONT07515,Import,Gate Out,30,49.3,0.0
MV02399,DR01328,PR00006,SR07881,CONT03966,Export,Customs Hold,42,25.3,10.7
MV02400,DR01191,PR00001,SR01798,CONT02200,Transshipment,Loaded,87,41.9,0.0
MV02401,DR07041,PR00006,SR05315,CONT06373,Export,Loaded,126,76.1,0.0
MV02402,DR06931,PR00005,SR04987,CONT09438,Import,Customs Hold,108,49.2,14.6
MV02403,DR06118,PR00003,SR03565,CONT01559,Export,In Yard,46,55.9,0.0
MV02404,DR08878,PR00002,SR06874,CONT04779,Export,In Yard,51,41.7,0.0
MV02405,DR09698,PR00002,SR08232,CONT03649,Import,Gate Out,103,48.9,0.0
MV02406,DR06795,PR00004,SR01931,CONT07613,Export,In Yard,67,37.4,0.0
MV02407,DR05537,PR00002,SR09214,CONT09990,Import,Loaded,87,43.1,0.0
MV02408,DR03412,PR00002,SR00425,CONT02083,Import,Customs Hold,72,24.7,12.5
MV02409,DR08656,PR00007,SR03024,CONT03615,Import,Loaded,98,59.3,0.0
MV02410,DR00450,PR00005,SR02566,CONT08555,Transshipment,Discharged,58,30.3,0.0
MV02411,DR03749,PR00005,SR05620,CONT09714,Import,Customs Hold,99,66.9,15.8
MV02412,DR04689,PR00007,SR00826,CONT04330,Import,Loaded,97,50.7,0.0
MV02413,DR03716,PR00001,SR01930,CONT04618,Transshipment,Customs Hold,23,39.1,9.9
MV02414,DR01947,PR00002,SR08052,CONT04201,Import,Gate Out,108,24.3,0.0
MV02415,DR09597,PR00004,SR02934,CONT04120,Transshipment,Discharged,127,59.2,0.0
MV02416,DR08254,PR00003,SR08794,CONT01996,Export,Gate Out,93,42.1,0.0
MV02417,DR08414,PR00001,SR01859,CONT08032,Export,In Yard,88,36.7,3.1
MV02418,DR03487,PR00006,SR02755,CONT08595,Import,Gate Out,119,43.0,0.0
MV02419,DR06769,PR00001,SR02181,CONT08692,Import,Gate Out,107,29.9,0.0
MV02420,DR09014,PR00004,SR02426,CONT08865,Import,Gate Out,59,38.6,0.0
MV02421,DR06899,PR00004,SR04566,CONT08082,Import,In Yard,100,38.3,0.0
MV02422,DR01230,PR00004,SR06623,CONT06708,Export,Discharged,54,29.4,0.0
MV02423,DR02828,PR00002,SR02950,CONT07091,Import,In Yard,81,52.2,0.0
MV02424,DR00623,PR00001,SR07855,CONT06758,Export,Discharged,98,71.7,0.0
MV02425,DR01624,PR00006,SR01253,CONT01339,Import,In Yard,104,33.0,0.0
MV02426,DR00035,PR00007,SR06954,CONT05792,Import,Loaded,100,45.5,0.0
MV02427,DR02957,PR00003,SR00246,CONT02750,Import,Loaded,50,62.6,0.0
MV02428,DR09796,PR00001,SR06055,CONT04339,Import,Discharged,50,23.9,0.0
MV02429,DR00870,PR00004,SR02520,CONT09717,Export,Customs Hold,99,48.2,23.7
MV02430,DR04734,PR00002,SR03483,CONT07308,Export,In Yard,38,42.6,0.0
MV02431,DR06917,PR00001,SR09132,CONT00608,Import,Discharged,93,54.6,0.0
MV02432,DR07234,PR00001,SR06659,CONT01272,Export,In Yard,45,57.8,0.0
MV02433,DR06262,PR00001,SR09538,CONT01666,Import,Loaded,76,14.7,0.0
MV02434,DR01043,PR00002,SR06572,CONT04630,Export,Loaded,107,50.0,0.0
MV02435,DR02330,PR00002,SR01001,CONT05133,Import,In Yard,102,41.0,0.0
MV02436,DR01061,PR00006,SR02126,CONT08159,Export,In Yard,79,45.0,0.0
MV02437,DR05035,PR00003,SR04971,CONT00701,Import,Loaded,83,43.6,5.1
MV02438,DR02687,PR00003,SR00268,CONT04758,Import,Loaded,79,39.2,0.0
MV02439,DR00342,PR00001,SR02507,CONT01636,Export,In Yard,89,29.9,1.2
MV02440,DR01089,PR00006,SR06524,CONT09096,Import,Loaded,131,38.3,0.0
MV02441,DR00002,PR00001,SR00509,CONT04309,Export,Gate Out,54,67.6,0.0
MV02442,DR00444,PR00002,SR03235,CONT07007,Export,In Yard,78,21.5,0.0
MV02443,DR01941,PR00004,SR04787,CONT02173,Import,Loaded,61,58.4,0.0
MV02444,DR00658,PR00005,SR00274,CONT03261,Transshipment,Loaded,130,34.5,1.5
MV02445,DR00041,PR00006,SR03626,CONT06737,Import,Gate Out,107,52.7,0.0
MV02446,DR04263,PR00003,SR00184,CONT05228,Export,Customs Hold,38,62.6,18.0
MV02447,DR00914,PR00002,SR05019,CONT02096,Export,In Yard,89,55.8,2.3
MV02448,DR04288,PR00002,SR01428,CONT05356,Import,Gate Out,53,22.8,0.0
MV02449,DR03944,PR00004,SR00940,CONT09832,Import,Discharged,60,36.1,0.0
MV02450,DR04977,PR00002,SR00856,CONT03165,Export,Customs Hold,69,35.2,8.3
MV02451,DR06495,PR00002,SR05099,CONT08197,Export,In Yard,97,52.9,0.0
MV02452,DR06171,PR00001,SR07083,CONT07288,Export,Discharged,81,36.6,0.0
MV02453,DR03386,PR00007,SR01881,CONT04343,Import,Gate Out,71,40.9,5.1
MV02454,DR02756,PR00001,SR09307,CONT07225,Import,In Yard,79,60.4,0.0
MV02455,DR02360,PR00002,SR01528,CONT02395,Export,Gate Out,108,66.0,0.0
MV02456,DR05286,PR00007,SR01366,CONT07057,Export,In Yard,148,62.1,0.0
MV02457,DR05785,PR00005,SR05692,CONT01557,Import,Discharged,63,33.9,0.0
MV02458,DR09875,PR00004,SR06814,CONT05610,Export,Loaded,119,12.0,0.0
MV02459,DR03371,PR00004,SR04056,CONT00267,Export,In Yard,65,27.9,0.0
MV02460,DR06480,PR00001,SR05250,CONT08196,Export,Loaded,111,23.9,0.0
MV02461,DR07077,PR00006,SR09355,CONT07588,Export,Gate Out,66,42.7,0.0
MV02462,DR08158,PR00002,SR07007,CONT03783,Import,In Yard,46,47.7,0.0
MV02463,DR05769,PR00007,SR06810,CONT05144,Import,In Yard,82,72.7,0.0
MV02464,DR08804,PR00002,SR01817,CONT07214,Export,Discharged,86,64.1,0.0
MV02465,DR07654,PR00004,SR04941,CONT00250,Transshipment,Loaded,93,35.3,0.0
MV02466,DR02216,PR00004,SR01271,CONT07101,Export,Loaded,86,41.8,0.0
MV02467,DR06760,PR00001,SR05052,CONT00924,Import,Gate Out,59,51.2,0.0
MV02468,DR02146,PR00003,SR08290,CONT02871,Import,In Yard,93,26.7,0.0
MV02469,DR06114,PR00006,SR06426,CONT00611,Import,Loaded,71,36.1,0.0
MV02470,DR02131,PR00002,SR08033,CONT06707,Export,In Yard,109,39.9,0.0
MV02471,DR02964,PR00007,SR01146,CONT04739,Import,Loaded,106,72.7,0.0
MV02472,DR04015,PR00002,SR09300,CONT01849,Import,In Yard,83,48.5,5.5
MV02473,DR02777,PR00004,SR09190,CONT06812,Export,Customs Hold,93,33.4,6.3
MV02474,DR09317,PR00004,SR02141,CONT03272,Import,In Yard,56,39.0,0.0
MV02475,DR07310,PR00003,SR07409,CONT09026,Import,In Yard,96,42.8,0.0
MV02476,DR08662,PR00004,SR05325,CONT05803,Export,In Yard,123,45.2,0.0
MV02477,DR06068,PR00005,SR01829,CONT06336,Import,Discharged,66,45.4,0.0
MV02478,DR04285,PR00004,SR03803,CONT04569,Import,Customs Hold,111,58.0,20.8
MV02479,DR00503,PR00004,SR02829,CONT08433,Import,In Yard,72,64.7,0.0
MV02480,DR04687,PR00004,SR08572,CONT06218,Import,Gate Out,55,54.3,0.0
MV02481,DR05893,PR00003,SR00224,CONT05377,Transshipment,In Yard,39,33.1,0.0
MV02482,DR08678,PR00001,SR05278,CONT07881,Export,Loaded,54,41.9,0.0
MV02483,DR00960,PR00001,SR07349,CONT07380,Import,In Yard,89,40.0,0.0
MV02484,DR05556,PR00004,SR01684,CONT06977,Import,Gate Out,98,52.2,1.9
MV02485,DR02686,PR00007,SR07750,CONT02572,Import,In Yard,84,45.9,0.0
MV02486,DR03767,PR00001,SR02983,CONT02272,Export,In Yard,92,15.0,0.0
MV02487,DR04166,PR00004,SR03864,CONT00059,Export,Gate Out,97,48.8,0.0
MV02488,DR00561,PR00002,SR05974,CONT03064,Export,Discharged,99,50.4,0.0
MV02489,DR05889,PR00004,SR07859,CONT04994,Import,Discharged,142,45.2,0.0
MV02490,DR04382,PR00005,SR05524,CONT05550,Transshipment,Gate Out,119,74.1,0.0
MV02491,DR05697,PR00005,SR07528,CONT02677,Export,Gate Out,106,35.0,0.0
MV02492,DR01926,PR00005,SR07548,CONT09318,Import,Gate Out,67,64.4,0.0
MV02493,DR08982,PR00005,SR07578,CONT07605,Import,In Yard,122,34.6,0.0
MV02494,DR00525,PR00001,SR09991,CONT00347,Import,Gate Out,89,39.6,0.0
MV02495,DR04367,PR00003,SR08627,CONT03050,Export,Loaded,82,36.5,1.4
MV02496,DR00631,PR00002,SR04239,CONT04491,Import,Discharged,16,40.6,0.0
MV02497,DR08583,PR00007,SR01448,CONT03248,Import,In Yard,71,58.9,0.0
MV02498,DR05869,PR00006,SR04867,CONT01116,Export,Loaded,64,36.1,1.6
MV02499,DR06580,PR00001,SR09897,CONT03072,Export,In Yard,107,36.9,0.0
MV02500,DR04256,PR00002,SR05560,CONT01732,Import,Customs Hold,69,38.6,21.8
MV02501,DR06520,PR00003,SR05562,CONT07341,Export,In Yard,89,93.9,0.0
MV02502,DR08338,PR00007,SR06956,CONT06910,Import,Gate Out,83,51.6,0.0
MV02503,DR02793,PR00001,SR01573,CONT01599,Import,In Yard,53,35.9,0.0
MV02504,DR06262,PR00004,SR02589,CONT05481,Export,Gate Out,98,54.2,0.0
MV02505,DR02518,PR00002,SR07752,CONT02303,Export,Gate Out,61,17.2,0.0
MV02506,DR00688,PR00004,SR05913,CONT06009,Transshipment,Discharged,86,52.5,0.0
MV02507,DR04718,PR00004,SR09455,CONT06482,Export,In Yard,124,57.7,0.0
MV02508,DR04830,PR00002,SR02472,CONT01385,Export,In Yard,44,14.3,0.0
MV02509,DR03386,PR00006,SR06150,CONT03385,Import,Loaded,102,80.8,5.9
MV02510,DR05920,PR00001,SR04283,CONT00346,Import,In Yard,50,40.0,0.0
MV02511,DR03597,PR00006,SR05560,CONT07879,Transshipment,Discharged,73,37.0,5.2
MV02512,DR08376,PR00002,SR05073,CONT03537,Export,Loaded,77,39.6,0.0
MV02513,DR07788,PR00004,SR05250,CONT01622,Transshipment,Discharged,135,36.7,0.0
MV02514,DR09642,PR00002,SR04595,CONT07235,Export,Loaded,59,16.6,0.0
MV02515,DR04659,PR00004,SR07820,CONT03087,Import,Customs Hold,139,47.0,16.1
MV02516,DR04365,PR00002,SR05631,CONT00564,Import,Gate Out,60,36.5,0.0
MV02517,DR05387,PR00004,SR03123,CONT05070,Import,Discharged,60,18.0,0.0
MV02518,DR02418,PR00001,SR03160,CONT02343,Export,In Yard,106,29.9,0.0
MV02519,DR06801,PR00003,SR05020,CONT04959,Transshipment,Gate Out,45,23.6,0.0
MV02520,DR04963,PR00006,SR09882,CONT01681,Export,Loaded,94,38.9,0.0
MV02521,DR02054,PR00003,SR01762,CONT01987,Export,In Yard,90,55.4,0.0
MV02522,DR02119,PR00003,SR06302,CONT05782,Import,Customs Hold,69,44.8,12.9
MV02523,DR06550,PR00004,SR01237,CONT05412,Import,Loaded,83,46.1,0.0
MV02524,DR02737,PR00003,SR01767,CONT08779,Import,Customs Hold,64,25.3,16.4
MV02525,DR07079,PR00006,SR07055,CONT06980,Transshipment,In Yard,114,47.1,0.0
MV02526,DR01464,PR00003,SR07748,CONT05080,Export,In Yard,86,28.9,0.0
MV02527,DR07620,PR00007,SR06059,CONT06400,Export,Gate Out,70,20.7,0.0
MV02528,DR06442,PR00006,SR03762,CONT07151,Export,Loaded,72,56.9,0.0
MV02529,DR07087,PR00003,SR00121,CONT06305,Import,Gate Out,102,29.7,0.0
MV02530,DR06957,PR00003,SR03104,CONT03765,Transshipment,Discharged,77,38.2,0.0
MV02531,DR05299,PR00005,SR03152,CONT07696,Export,Loaded,76,37.7,0.0
MV02532,DR03674,PR00005,SR08012,CONT09870,Import,In Yard,84,27.6,0.0
MV02533,DR05780,PR00001,SR02820,CONT02904,Export,Loaded,102,61.9,0.0
MV02534,DR00085,PR00002,SR05278,CONT03785,Import,In Yard,77,33.7,0.0
MV02535,DR07674,PR00001,SR03882,CONT02708,Export,Gate Out,99,35.1,0.0
MV02536,DR06042,PR00005,SR00503,CONT00225,Import,Discharged,86,38.4,0.0
MV02537,DR06023,PR00005,SR08926,CONT03659,Import,In Yard,51,44.3,0.0
MV02538,DR02352,PR00001,SR06459,CONT08564,Export,Loaded,54,31.9,0.0
MV02539,DR09983,PR00003,SR07026,CONT05911,Import,Loaded,76,31.9,0.0
MV02540,DR01148,PR00005,SR01618,CONT09181,Import,In Yard,70,30.0,0.0
MV02541,DR06567,PR00007,SR07361,CONT05278,Export,In Yard,108,46.5,0.0
MV02542,DR04941,PR00001,SR06750,CONT05158,Import,Discharged,78,29.5,0.0
MV02543,DR03055,PR00002,SR04472,CONT05541,Export,Loaded,91,67.9,0.0
MV02544,DR03282,PR00002,SR05529,CONT00349,Export,Customs Hold,72,32.7,9.9
MV02545,DR04263,PR00004,SR02446,CONT07973,Import,In Yard,72,44.8,0.0
MV02546,DR03793,PR00001,SR03186,CONT03023,Transshipment,Discharged,106,44.8,0.0
MV02547,DR07619,PR00001,SR07692,CONT01222,Import,Discharged,56,30.2,0.0
MV02548,DR07692,PR00006,SR08893,CONT05024,Import,Discharged,74,55.2,0.0
MV02549,DR05797,PR00004,SR04779,CONT08356,Import,In Yard,54,50.0,0.0
MV02550,DR08812,PR00001,SR02361,CONT01950,Export,In Yard,42,41.3,0.0
MV02551,DR04113,PR00003,SR04434,CONT01772,Import,Loaded,108,56.1,0.0
MV02552,DR08385,PR00001,SR02791,CONT05285,Import,Loaded,72,17.0,3.3
MV02553,DR05506,PR00003,SR04753,CONT09182,Export,Gate Out,69,52.7,0.0
MV02554,DR05837,PR00003,SR02695,CONT05210,Export,Discharged,51,33.8,0.0
MV02555,DR08517,PR00001,SR08573,CONT01539,Import,Gate Out,59,33.3,0.0
MV02556,DR01441,PR00001,SR05225,CONT00376,Import,In Yard,80,79.0,0.0
MV02557,DR09379,PR00006,SR02742,CONT06849,Import,In Yard,82,24.3,0.0
MV02558,DR03610,PR00006,SR03641,CONT01132,Import,Gate Out,92,44.3,0.0
MV02559,DR07861,PR00001,SR00961,CONT07294,Export,Loaded,96,43.8,0.0
MV02560,DR04594,PR00004,SR03452,CONT04080,Import,Loaded,67,41.4,0.0
MV02561,DR05848,PR00001,SR07240,CONT08839,Import,Loaded,82,30.8,0.0
MV02562,DR05506,PR00006,SR07362,CONT08059,Import,Discharged,79,44.4,0.0
MV02563,DR05445,PR00006,SR00709,CONT02343,Export,In Yard,72,28.9,0.0
MV02564,DR01501,PR00004,SR09882,CONT05415,Export,Discharged,101,50.2,1.5
MV02565,DR03904,PR00004,SR05373,CONT01427,Import,In Yard,88,46.5,0.0
MV02566,DR02991,PR00003,SR04714,CONT06687,Export,Gate Out,87,39.8,0.0
MV02567,DR02820,PR00002,SR04544,CONT00538,Export,Discharged,92,42.6,0.0
MV02568,DR08395,PR00003,SR06484,CONT01633,Import,Discharged,52,57.6,0.0
MV02569,DR02665,PR00001,SR05552,CONT06506,Import,Loaded,77,49.5,0.0
MV02570,DR09881,PR00005,SR07360,CONT03194,Import,Loaded,125,54.2,0.0
MV02571,DR00977,PR00003,SR01248,CONT02968,Export,Loaded,129,52.5,0.0
MV02572,DR02288,PR00001,SR06901,CONT09295,Import,In Yard,79,36.5,0.0
MV02573,DR01726,PR00004,SR01726,CONT04527,Import,Loaded,28,49.7,0.0
MV02574,DR07538,PR00006,SR07801,CONT07402,Export,Gate Out,98,45.6,0.0
MV02575,DR00271,PR00004,SR04451,CONT02998,Export,In Yard,101,77.2,0.0
MV02576,DR02724,PR00003,SR07149,CONT08948,Export,Discharged,83,51.4,0.0
MV02577,DR00902,PR00006,SR00605,CONT08643,Import,Customs Hold,91,90.2,10.6
MV02578,DR01431,PR00001,SR09649,CONT06184,Import,Gate Out,68,68.8,0.0
MV02579,DR03807,PR00004,SR01861,CONT04730,Export,Gate Out,70,32.0,3.8
MV02580,DR01439,PR00003,SR09086,CONT02212,Export,Loaded,79,42.1,0.0
MV02581,DR06251,PR00001,SR05867,CONT03397,Transshipment,Loaded,62,42.8,0.0
MV02582,DR08397,PR00007,SR06091,CONT07792,Export,In Yard,100,65.1,0.0
MV02583,DR09541,PR00003,SR05564,CONT03610,Export,Discharged,53,40.7,0.0
MV02584,DR04597,PR00002,SR03872,CONT05233,Import,Loaded,81,55.2,0.0
MV02585,DR07595,PR00001,SR05402,CONT04173,Transshipment,In Yard,98,21.1,0.0
MV02586,DR06318,PR00007,SR09849,CONT03687,Export,Customs Hold,96,37.1,12.1
MV02587,DR00893,PR00006,SR03477,CONT08195,Import,In Yard,100,47.0,0.0
MV02588,DR08865,PR00001,SR03665,CONT07802,Import,Discharged,52,31.3,0.0
MV02589,DR07447,PR00004,SR09458,CONT01109,Export,Discharged,100,28.0,0.0
MV02590,DR05968,PR00001,SR03013,CONT05782,Import,Loaded,91,51.5,0.0
MV02591,DR07276,PR00005,SR08184,CONT05722,Export,Gate Out,57,31.6,0.0
MV02592,DR00020,PR00003,SR00400,CONT03993,Export,Loaded,94,38.2,0.0
MV02593,DR04118,PR00001,SR01616,CONT05945,Import,In Yard,102,55.8,0.0
MV02594,DR06149,PR00004,SR09674,CONT03510,Transshipment,Discharged,135,64.4,0.0
MV02595,DR05550,PR00007,SR03954,CONT01730,Transshipment,Loaded,90,43.6,2.1
MV02596,DR00682,PR00002,SR08623,CONT02022,Import,Discharged,98,34.0,3.5
MV02597,DR06318,PR00001,SR01180,CONT02450,Import,Discharged,127,35.4,0.0
MV02598,DR04545,PR00007,SR02377,CONT02673,Export,Gate Out,97,67.5,0.0
MV02599,DR09875,PR00001,SR01736,CONT02931,Import,In Yard,88,53.2,0.0
MV02600,DR07736,PR00003,SR03884,CONT03739,Transshipment,In Yard,96,49.4,0.0
MV02601,DR03151,PR00004,SR06202,CONT08253,Import,In Yard,67,43.7,0.0
MV02602,DR08379,PR00002,SR02257,CONT08498,Export,Loaded,87,24.4,0.0
MV02603,DR06358,PR00001,SR07455,CONT04271,Export,Loaded,73,46.0,0.0
MV02604,DR04192,PR00001,SR09881,CONT07679,Import,Loaded,138,56.2,0.0
MV02605,DR05869,PR00001,SR07352,CONT03321,Export,Gate Out,39,42.2,0.0
MV02606,DR05871,PR00003,SR00268,CONT02972,Import,Loaded,98,51.6,0.0
MV02607,DR02836,PR00006,SR08917,CONT06870,Import,In Yard,100,38.1,0.0
MV02608,DR07827,PR00001,SR00217,CONT09933,Import,Gate Out,88,59.2,0.0
MV02609,DR02109,PR00005,SR06093,CONT08792,Import,Loaded,93,24.3,0.0
MV02610,DR02967,PR00003,SR07034,CONT08188,Import,In Yard,88,46.8,1.4
MV02611,DR04954,PR00001,SR06061,CONT06100,Import,Loaded,71,41.9,0.0
MV02612,DR05764,PR00003,SR01982,CONT08006,Import,Loaded,93,59.8,0.0
MV02613,DR09908,PR00002,SR08264,CONT05964,Import,Loaded,94,55.2,0.0
MV02614,DR02205,PR00004,SR00020,CONT03034,Import,Loaded,69,55.3,0.0
MV02615,DR08376,PR00002,SR09469,CONT05041,Export,In Yard,106,43.6,0.0
MV02616,DR02165,PR00004,SR06112,CONT03556,Import,Loaded,104,80.7,0.0
MV02617,DR09560,PR00007,SR01344,CONT03949,Export,In Yard,83,65.1,0.0
MV02618,DR02530,PR00002,SR04665,CONT08196,Import,Gate Out,87,30.9,0.0
MV02619,DR08514,PR00007,SR01151,CONT03407,Import,Gate Out,66,41.3,4.6
MV02620,DR04739,PR00002,SR03712,CONT01470,Import,In Yard,56,47.4,0.0
MV02621,DR05827,PR00001,SR03319,CONT01921,Import,Discharged,82,39.9,0.0
MV02622,DR00946,PR00001,SR00123,CONT06575,Export,Customs Hold,76,21.4,8.6
MV02623,DR00546,PR00006,SR04426,CONT03750,Export,Gate Out,61,42.6,1.0
MV02624,DR07585,PR00005,SR00834,CONT04619,Import,In Yard,122,18.5,0.0
MV02625,DR02944,PR00007,SR02717,CONT04994,Import,Loaded,125,59.7,0.0
MV02626,DR03171,PR00005,SR08456,CONT08884,Export,In Yard,83,54.3,0.0
MV02627,DR04327,PR00003,SR03636,CONT04451,Import,Gate Out,66,39.5,0.0
MV02628,DR08074,PR00006,SR09404,CONT07428,Export,Discharged,75,58.4,0.0
MV02629,DR04202,PR00007,SR01413,CONT08602,Export,Discharged,124,66.1,0.0
MV02630,DR01164,PR00006,SR03357,CONT06252,Import,Loaded,69,28.3,0.0
MV02631,DR09418,PR00004,SR06328,CONT08420,Import,Discharged,103,51.1,0.0
MV02632,DR06861,PR00006,SR08294,CONT08880,Import,Customs Hold,59,36.7,11.5
MV02633,DR03778,PR00001,SR05851,CONT00795,Export,Gate Out,95,29.8,0.0
MV02634,DR09411,PR00007,SR08706,CONT08749,Transshipment,Discharged,83,61.9,0.0
MV02635,DR07008,PR00007,SR05429,CONT03017,Import,In Yard,48,51.1,5.3
MV02636,DR08979,PR00004,SR08035,CONT09446,Transshipment,In Yard,45,29.2,0.0
MV02637,DR05795,PR00001,SR05402,CONT02654,Import,Discharged,56,38.9,0.0
MV02638,DR09016,PR00001,SR09249,CONT01361,Import,Loaded,118,32.2,0.0
MV02639,DR03624,PR00007,SR00719,CONT09361,Export,Gate Out,105,46.7,0.0
MV02640,DR02375,PR00006,SR09958,CONT05019,Transshipment,Customs Hold,70,63.5,10.5
MV02641,DR06559,PR00005,SR01803,CONT05006,Export,Discharged,110,81.1,0.0
MV02642,DR05090,PR00007,SR02822,CONT07103,Export,Loaded,104,70.1,0.0
MV02643,DR03284,PR00003,SR06983,CONT08577,Export,Gate Out,94,46.6,0.0
MV02644,DR09712,PR00006,SR00066,CONT04741,Export,Loaded,88,47.9,0.0
MV02645,DR07276,PR00001,SR06388,CONT09998,Export,Discharged,77,59.3,0.0
MV02646,DR01087,PR00001,SR04056,CONT07461,Export,In Yard,62,41.3,4.4
MV02647,DR01383,PR00003,SR02041,CONT05938,Export,Gate Out,53,24.5,0.0
MV02648,DR08531,PR00002,SR07101,CONT04329,Export,Discharged,96,71.1,0.0
MV02649,DR06866,PR00003,SR06272,CONT09159,Transshipment,In Yard,81,29.6,0.0
MV02650,DR06474,PR00006,SR03417,CONT01267,Export,In Yard,67,59.2,0.0
MV02651,DR00416,PR00001,SR06991,CONT09310,Import,In Yard,67,45.9,0.0
MV02652,DR02901,PR00005,SR05176,CONT05269,Export,Gate Out,69,68.2,0.0
MV02653,DR05135,PR00001,SR03694,CONT02196,Export,Gate Out,49,45.2,0.0
MV02654,DR02352,PR00006,SR03425,CONT00611,Export,Customs Hold,89,41.9,15.3
MV02655,DR08729,PR00002,SR06922,CONT05547,Export,Loaded,78,55.6,0.0
MV02656,DR09735,PR00005,SR04046,CONT08345,Import,In Yard,74,35.3,0.0
MV02657,DR01464,PR00004,SR04130,CONT05774,Import,In Yard,54,29.8,0.0
MV02658,DR00465,PR00003,SR04734,CONT00501,Import,Loaded,104,23.2,0.0
MV02659,DR03590,PR00002,SR04482,CONT05774,Export,Customs Hold,105,45.9,16.9
MV02660,DR06057,PR00001,SR08704,CONT09289,Export,In Yard,105,24.0,0.0
MV02661,DR02805,PR00002,SR07262,CONT02172,Export,Loaded,102,66.2,0.0
MV02662,DR03268,PR00002,SR08143,CONT02138,Import,Gate Out,93,23.1,0.0
MV02663,DR08665,PR00001,SR07448,CONT08242,Transshipment,In Yard,90,41.1,0.0
MV02664,DR07267,PR00005,SR09516,CONT06517,Import,Gate Out,117,47.6,0.0
MV02665,DR01049,PR00002,SR03925,CONT03099,Import,Loaded,107,45.7,0.0
MV02666,DR08638,PR00002,SR02498,CONT08407,Transshipment,Loaded,63,28.2,0.0
MV02667,DR04512,PR00002,SR06987,CONT05859,Export,Loaded,92,62.3,0.0
MV02668,DR08219,PR00003,SR04633,CONT09017,Transshipment,In Yard,86,43.1,0.0
MV02669,DR06453,PR00003,SR02770,CONT09021,Export,Gate Out,58,38.8,0.0
MV02670,DR08389,PR00004,SR06829,CONT04697,Import,Gate Out,51,30.0,0.0
MV02671,DR01505,PR00004,SR00646,CONT00480,Import,Loaded,93,51.6,0.0
MV02672,DR09415,PR00003,SR05105,CONT00809,Export,Gate Out,53,55.2,0.0
MV02673,DR03586,PR00003,SR01786,CONT04082,Export,In Yard,83,72.0,0.0
MV02674,DR07949,PR00002,SR04098,CONT05986,Export,Customs Hold,57,25.3,19.5
MV02675,DR08196,PR00005,SR01687,CONT08961,Import,In Yard,73,44.2,0.0
MV02676,DR05931,PR00002,SR01583,CONT05372,Import,Gate Out,79,16.7,0.0
MV02677,DR01532,PR00006,SR05170,CONT08064,Export,Gate Out,99,56.3,0.0
MV02678,DR02303,PR00004,SR05699,CONT01596,Transshipment,Gate Out,91,26.8,0.0
MV02679,DR07640,PR00004,SR07782,CONT07279,Import,In Yard,116,54.1,0.0
MV02680,DR02858,PR00003,SR09427,CONT02559,Import,Loaded,58,55.1,0.0
MV02681,DR01856,PR00007,SR00782,CONT08100,Import,Loaded,114,43.6,0.0
MV02682,DR01754,PR00003,SR07536,CONT08547,Import,Discharged,59,32.9,0.0
MV02683,DR04021,PR00003,SR06141,CONT06440,Export,Gate Out,54,56.1,2.2
MV02684,DR06727,PR00006,SR04809,CONT05369,Import,Gate Out,78,52.7,0.0
MV02685,DR05861,PR00004,SR04231,CONT01498,Import,In Yard,51,23.8,0.0
MV02686,DR00730,PR00003,SR05930,CONT03973,Export,Loaded,69,42.8,0.0
MV02687,DR06338,PR00002,SR05560,CONT04503,Export,In Yard,47,26.4,0.0
MV02688,DR01038,PR00002,SR01461,CONT07792,Import,Gate Out,61,51.3,0.0
MV02689,DR02199,PR00006,SR04377,CONT07478,Transshipment,Loaded,85,45.1,0.0
MV02690,DR05096,PR00002,SR06885,CONT06334,Import,Discharged,76,63.4,0.0
MV02691,DR06064,PR00001,SR09575,CONT02690,Import,Loaded,74,31.9,0.0
MV02692,DR03333,PR00001,SR06208,CONT02655,Export,Gate Out,68,43.0,0.0
MV02693,DR04966,PR00007,SR09414,CONT07236,Import,In Yard,93,42.8,0.0
MV02694,DR09191,PR00004,SR02932,CONT06224,Transshipment,Discharged,119,51.8,0.0
MV02695,DR02786,PR00003,SR01308,CONT09155,Export,Discharged,59,31.6,0.0
MV02696,DR08265,PR00007,SR09760,CONT03647,Transshipment,In Yard,82,13.7,0.0
MV02697,DR01223,PR00002,SR03096,CONT07750,Import,In Yard,79,50.3,0.0
MV02698,DR03985,PR00006,SR02387,CONT07851,Import,Discharged,107,46.2,0.0
MV02699,DR00345,PR00005,SR00930,CONT03739,Export,Gate Out,84,33.2,0.0
MV02700,DR08964,PR00003,SR03680,CONT05739,Export,Loaded,99,42.5,0.0
MV02701,DR00151,PR00005,SR02734,CONT08339,Export,Customs Hold,96,24.8,17.5
MV02702,DR05838,PR00007,SR04869,CONT00201,Import,In Yard,56,18.8,0.0
MV02703,DR07692,PR00002,SR00358,CONT03591,Export,In Yard,92,57.0,0.0
MV02704,DR04663,PR00001,SR09353,CONT02877,Import,Discharged,94,45.4,0.0
MV02705,DR03075,PR00006,SR04715,CONT06728,Import,Discharged,117,33.9,0.0
MV02706,DR08164,PR00003,SR03535,CONT07195,Export,Loaded,47,69.8,0.0
MV02707,DR07150,PR00004,SR08814,CONT06900,Export,In Yard,63,27.9,0.0
MV02708,DR09843,PR00002,SR05746,CONT03253,Export,In Yard,40,46.8,0.0
MV02709,DR02214,PR00006,SR08732,CONT09675,Import,Discharged,97,41.5,0.0
MV02710,DR07308,PR00005,SR03059,CONT02189,Export,Discharged,68,29.6,3.2
MV02711,DR02003,PR00007,SR03253,CONT05351,Transshipment,Discharged,121,57.5,0.0
MV02712,DR06989,PR00003,SR01017,CONT08003,Import,Loaded,42,36.6,0.0
MV02713,DR06424,PR00007,SR00050,CONT07034,Export,Loaded,154,44.7,0.0
MV02714,DR07779,PR00003,SR03744,CONT09789,Export,Gate Out,58,60.1,0.0
MV02715,DR07625,PR00004,SR07979,CONT06915,Import,Loaded,86,52.6,0.0
MV02716,DR04333,PR00005,SR08197,CONT00518,Export,Loaded,131,61.3,3.4
MV02717,DR04634,PR00003,SR09703,CONT03012,Transshipment,In Yard,62,38.2,0.0
MV02718,DR07571,PR00004,SR03869,CONT01100,Export,Gate Out,81,45.1,0.0
MV02719,DR01927,PR00002,SR05517,CONT04578,Import,Gate Out,88,45.2,0.0
MV02720,DR05077,PR00003,SR05876,CONT01612,Export,Customs Hold,68,43.5,12.0
MV02721,DR03459,PR00005,SR09024,CONT03164,Export,Loaded,128,39.4,0.0
MV02722,DR08997,PR00001,SR07216,CONT01091,Export,Customs Hold,82,13.1,13.7
MV02723,DR03163,PR00005,SR04225,CONT05108,Import,In Yard,136,69.6,0.0
MV02724,DR08605,PR00002,SR05280,CONT01395,Import,In Yard,85,41.3,0.0
MV02725,DR08840,PR00002,SR09905,CONT03389,Export,Gate Out,121,50.9,0.0
MV02726,DR01058,PR00005,SR02961,CONT00134,Export,Customs Hold,94,43.1,14.6
MV02727,DR00187,PR00002,SR01169,CONT09491,Transshipment,Loaded,46,32.6,0.0
MV02728,DR04413,PR00007,SR09908,CONT02573,Import,Customs Hold,83,66.8,4.0
MV02729,DR04175,PR00007,SR09899,CONT00212,Export,Gate Out,72,53.7,0.0
MV02730,DR07005,PR00003,SR02678,CONT03002,Import,Gate Out,106,73.7,0.0
MV02731,DR08507,PR00003,SR05146,CONT02296,Export,Discharged,88,56.6,0.0
MV02732,DR01069,PR00001,SR01740,CONT04629,Export,Gate Out,76,37.3,0.0
MV02733,DR04544,PR00005,SR08787,CONT03085,Import,Gate Out,73,51.7,0.0
MV02734,DR03293,PR00001,SR07762,CONT02475,Import,In Yard,46,57.9,4.6
MV02735,DR01269,PR00007,SR01345,CONT01875,Transshipment,In Yard,97,47.9,0.0
MV02736,DR03551,PR00007,SR00021,CONT02933,Export,Discharged,116,61.4,0.0
MV02737,DR09074,PR00001,SR09619,CONT08397,Export,Discharged,74,58.4,4.6
MV02738,DR06627,PR00005,SR04796,CONT00557,Import,Customs Hold,88,17.5,16.7
MV02739,DR01155,PR00003,SR02117,CONT05305,Transshipment,Customs Hold,78,52.1,12.3
MV02740,DR00857,PR00004,SR03710,CONT09177,Export,Gate Out,131,66.0,0.0
MV02741,DR07123,PR00001,SR03039,CONT05607,Import,Customs Hold,58,26.0,18.2
MV02742,DR08492,PR00005,SR02589,CONT01169,Export,In Yard,89,55.6,0.0
MV02743,DR09904,PR00001,SR08187,CONT00866,Import,In Yard,84,43.9,5.9
MV02744,DR04110,PR00006,SR04549,CONT02250,Export,Gate Out,121,25.5,0.0
MV02745,DR04016,PR00003,SR01679,CONT00908,Export,Gate Out,74,57.3,0.0
MV02746,DR00089,PR00004,SR05069,CONT02642,Import,Gate Out,79,38.4,0.0
MV02747,DR05158,PR00007,SR08610,CONT08185,Import,Discharged,66,44.0,2.6
MV02748,DR09323,PR00005,SR04231,CONT08486,Import,Discharged,149,60.4,0.0
MV02749,DR00673,PR00004,SR07148,CONT07225,Import,Discharged,112,36.2,0.0
MV02750,DR06136,PR00003,SR09110,CONT04669,Transshipment,Discharged,30,47.0,0.0
MV02751,DR00910,PR00003,SR05939,CONT00391,Export,Customs Hold,79,35.1,14.4
MV02752,DR01773,PR00002,SR09821,CONT03396,Import,Gate Out,70,55.2,0.0
MV02753,DR06681,PR00007,SR06127,CONT08296,Import,In Yard,85,57.8,0.0
MV02754,DR08381,PR00002,SR00720,CONT03119,Import,Discharged,110,67.5,0.0
MV02755,DR01885,PR00003,SR06854,CONT04220,Export,In Yard,64,43.0,0.0
MV02756,DR08136,PR00005,SR08729,CONT05156,Import,Gate Out,75,38.5,0.0
MV02757,DR01238,PR00003,SR03532,CONT06498,Import,Loaded,81,27.6,0.0
MV02758,DR08634,PR00006,SR05507,CONT01037,Transshipment,Gate Out,82,39.4,0.0
MV02759,DR08952,PR00002,SR03134,CONT05036,Export,In Yard,59,33.3,0.0
MV02760,DR05865,PR00001,SR04574,CONT09187,Export,Gate Out,58,29.1,0.0
MV02761,DR08804,PR00004,SR04863,CONT00972,Import,Discharged,65,46.7,0.0
MV02762,DR05922,PR00003,SR07520,CONT03984,Import,Loaded,81,34.5,0.0
MV02763,DR00339,PR00007,SR06351,CONT01776,Export,Loaded,81,40.9,0.0
MV02764,DR08483,PR00003,SR07304,CONT03546,Export,Discharged,78,34.0,0.0
MV02765,DR01352,PR00001,SR04262,CONT03281,Export,Loaded,49,29.9,0.0
MV02766,DR06259,PR00002,SR08106,CONT06441,Export,Gate Out,87,37.1,1.1
MV02767,DR02049,PR00003,SR01870,CONT02537,Import,Customs Hold,64,48.6,12.3
MV02768,DR00022,PR00004,SR01047,CONT02365,Export,Gate Out,86,33.0,0.0
MV02769,DR08024,PR00002,SR02720,CONT06399,Import,Loaded,69,23.9,0.0
MV02770,DR06678,PR00004,SR00526,CONT06040,Import,Gate Out,69,40.2,0.0
MV02771,DR05197,PR00007,SR02219,CONT02975,Export,Discharged,130,38.2,0.0
MV02772,DR09457,PR00003,SR06907,CONT07829,Import,In Yard,61,56.4,0.0
MV02773,DR03284,PR00004,SR03349,CONT00086,Import,Gate Out,91,33.4,0.0
MV02774,DR05288,PR00002,SR06507,CONT07336,Import,In Yard,71,36.1,0.0
MV02775,DR07239,PR00006,SR00695,CONT05159,Import,Discharged,93,55.4,0.0
MV02776,DR01540,PR00002,SR08423,CONT04916,Export,Loaded,63,27.1,0.0
MV02777,DR09407,PR00004,SR06225,CONT06994,Transshipment,In Yard,76,35.5,0.0
MV02778,DR09964,PR00002,SR08318,CONT03611,Import,Loaded,88,29.3,0.0
MV02779,DR08387,PR00001,SR07413,CONT03428,Import,Discharged,85,50.2,0.0
MV02780,DR04693,PR00002,SR04789,CONT05895,Export,Gate Out,74,63.3,0.0
MV02781,DR05391,PR00002,SR04591,CONT02930,Import,In Yard,83,69.6,0.0
MV02782,DR03395,PR00006,SR03586,CONT07567,Export,Loaded,115,62.1,0.0
MV02783,DR04624,PR00002,SR04865,CONT00725,Import,Discharged,56,23.4,0.0
MV02784,DR08975,PR00007,SR04765,CONT02779,Export,Loaded,97,37.6,0.0
MV02785,DR04313,PR00003,SR03224,CONT03877,Import,Gate Out,105,65.0,0.0
MV02786,DR06809,PR00002,SR02331,CONT01333,Export,Gate Out,62,63.3,0.0
MV02787,DR02742,PR00003,SR01234,CONT07790,Export,Customs Hold,82,57.3,17.0
MV02788,DR04435,PR00001,SR01718,CONT06535,Import,Gate Out,61,48.5,0.0
MV02789,DR07159,PR00006,SR01657,CONT08361,Import,Discharged,121,45.9,2.0
MV02790,DR03718,PR00001,SR08070,CONT01676,Export,Loaded,89,68.3,0.0
MV02791,DR03553,PR00006,SR04883,CONT03310,Transshipment,In Yard,65,38.0,2.0
MV02792,DR08918,PR00001,SR02000,CONT03682,Export,Loaded,55,21.1,0.0
MV02793,DR09095,PR00002,SR08974,CONT07589,Import,In Yard,86,57.9,0.0
MV02794,DR03165,PR00001,SR02044,CONT02028,Export,Gate Out,63,36.4,0.0
MV02795,DR01291,PR00005,SR01814,CONT09287,Import,Gate Out,88,25.1,0.0
MV02796,DR04474,PR00003,SR01138,CONT04576,Export,Discharged,111,58.4,0.0
MV02797,DR06280,PR00007,SR04196,CONT00303,Export,Discharged,94,25.2,0.0
MV02798,DR04035,PR00003,SR02723,CONT06095,Import,In Yard,63,44.9,0.0
MV02799,DR00624,PR00001,SR09867,CONT03446,Export,Gate Out,82,32.2,0.0
MV02800,DR09713,PR00005,SR00298,CONT04406,Export,Gate Out,122,72.8,0.0
MV02801,DR01892,PR00004,SR04905,CONT06886,Import,Discharged,88,56.4,0.0
MV02802,DR08781,PR00006,SR01207,CONT01329,Export,Loaded,90,65.5,5.7
MV02803,DR05213,PR00003,SR04770,CONT02905,Import,Gate Out,116,34.9,0.0
MV02804,DR06972,PR00005,SR05169,CONT00549,Export,In Yard,100,26.0,0.0
MV02805,DR07872,PR00001,SR01455,CONT06895,Export,In Yard,101,39.3,0.0
MV02806,DR05866,PR00007,SR08646,CONT02608,Export,Gate Out,64,53.0,0.0
MV02807,DR09861,PR00001,SR09726,CONT08303,Export,In Yard,55,38.9,0.0
MV02808,DR05002,PR00006,SR09661,CONT02073,Import,Loaded,85,58.5,0.0
MV02809,DR07450,PR00002,SR09064,CONT06838,Export,Customs Hold,88,54.6,11.1
MV02810,DR01050,PR00006,SR03000,CONT07528,Export,Loaded,71,35.9,0.0
MV02811,DR08970,PR00006,SR04372,CONT05605,Export,In Yard,100,59.5,0.0
MV02812,DR08983,PR00006,SR03962,CONT02861,Import,Gate Out,80,47.7,0.0
MV02813,DR00627,PR00003,SR01516,CONT06940,Export,Gate Out,106,57.5,0.0
MV02814,DR09769,PR00003,SR02216,CONT03596,Import,Gate Out,74,33.0,0.0
MV02815,DR02363,PR00006,SR06339,CONT03543,Import,Discharged,90,38.9,0.0
MV02816,DR07419,PR00004,SR04914,CONT03943,Import,In Yard,115,47.7,0.0
MV02817,DR09617,PR00004,SR00719,CONT02418,Export,Loaded,58,60.9,0.0
MV02818,DR02859,PR00002,SR06470,CONT07026,Import,Loaded,91,38.9,2.2
MV02819,DR07381,PR00003,SR09468,CONT05954,Import,In Yard,48,44.8,0.0
MV02820,DR03912,PR00003,SR08398,CONT04890,Import,In Yard,75,39.5,0.0
MV02821,DR07140,PR00004,SR03631,CONT04306,Export,Discharged,106,37.9,0.0
MV02822,DR08118,PR00001,SR02771,CONT02000,Transshipment,In Yard,76,51.0,0.0
MV02823,DR02400,PR00003,SR07109,CONT09303,Export,In Yard,71,40.4,5.9
MV02824,DR08354,PR00006,SR08599,CONT01781,Transshipment,Discharged,53,35.7,0.0
MV02825,DR06369,PR00004,SR05751,CONT08449,Transshipment,Customs Hold,61,32.0,12.7
MV02826,DR03058,PR00006,SR06450,CONT03125,Import,Gate Out,95,47.5,0.0
MV02827,DR08350,PR00002,SR04596,CONT09687,Import,In Yard,39,28.5,0.0
MV02828,DR06805,PR00003,SR08921,CONT04296,Import,Loaded,44,39.9,0.0
MV02829,DR00515,PR00003,SR03765,CONT07723,Import,Gate Out,46,37.8,0.0
MV02830,DR09436,PR00003,SR02393,CONT03646,Export,Loaded,102,52.7,0.0
MV02831,DR05841,PR00005,SR00142,CONT05445,Export,Gate Out,94,29.2,0.0
MV02832,DR07357,PR00001,SR03293,CONT05872,Export,Discharged,77,38.5,0.0
MV02833,DR03668,PR00003,SR00787,CONT04178,Export,In Yard,92,40.2,0.0
MV02834,DR04083,PR00001,SR00187,CONT07187,Export,Loaded,59,34.1,0.0
MV02835,DR03499,PR00004,SR05082,CONT00808,Import,Loaded,78,39.0,0.0
MV02836,DR05019,PR00006,SR04791,CONT07506,Import,Discharged,47,59.2,0.0
MV02837,DR07971,PR00001,SR03386,CONT00957,Transshipment,Loaded,130,61.7,0.0
MV02838,DR07673,PR00003,SR03768,CONT03967,Export,In Yard,100,42.9,0.0
MV02839,DR05525,PR00003,SR05133,CONT08743,Import,Customs Hold,78,31.8,7.3
MV02840,DR00298,PR00005,SR09480,CONT04588,Import,In Yard,119,50.9,0.0
MV02841,DR00677,PR00001,SR01916,CONT08588,Export,Gate Out,143,47.1,0.0
MV02842,DR08730,PR00003,SR07831,CONT09527,Export,Loaded,88,56.0,0.0
MV02843,DR09804,PR00006,SR00670,CONT08059,Export,Gate Out,94,48.3,0.0
MV02844,DR01480,PR00003,SR09358,CONT06206,Transshipment,Loaded,97,30.0,0.0
MV02845,DR05206,PR00005,SR03386,CONT02313,Import,In Yard,66,77.9,0.0
MV02846,DR08890,PR00003,SR07722,CONT06022,Transshipment,In Yard,112,28.2,0.0
MV02847,DR00260,PR00007,SR06063,CONT08582,Export,Discharged,114,66.7,0.0
MV02848,DR09931,PR00001,SR03346,CONT05798,Export,Gate Out,63,53.4,0.0
MV02849,DR01660,PR00001,SR02428,CONT07738,Transshipment,Discharged,64,40.7,0.0
MV02850,DR00511,PR00003,SR05800,CONT00537,Export,Gate Out,108,42.7,0.0
MV02851,DR05087,PR00003,SR01275,CONT03719,Import,Customs Hold,68,19.2,11.4
MV02852,DR09621,PR00004,SR06833,CONT01014,Export,Gate Out,79,46.8,0.0
MV02853,DR07765,PR00002,SR00487,CONT06045,Export,In Yard,82,54.6,0.0
MV02854,DR02271,PR00002,SR07424,CONT02762,Import,Gate Out,81,47.1,0.0
MV02855,DR06223,PR00005,SR07213,CONT01877,Export,In Yard,117,52.5,0.0
MV02856,DR04657,PR00002,SR06969,CONT08333,Export,Discharged,42,60.0,0.0
MV02857,DR04553,PR00005,SR08955,CONT01694,Export,Discharged,77,52.6,0.0
MV02858,DR00826,PR00004,SR01458,CONT04599,Import,Loaded,53,47.7,0.0
MV02859,DR03154,PR00001,SR02656,CONT00925,Import,Discharged,69,31.5,0.0
MV02860,DR02323,PR00005,SR03882,CONT06742,Import,Loaded,92,20.2,0.0
MV02861,DR09842,PR00006,SR09171,CONT04225,Export,Gate Out,114,54.3,0.0
MV02862,DR02446,PR00006,SR00355,CONT01719,Import,Discharged,64,41.6,0.0
MV02863,DR08570,PR00001,SR01719,CONT04789,Export,In Yard,59,45.9,0.0
MV02864,DR01861,PR00003,SR03043,CONT04888,Export,Loaded,69,38.6,0.0
MV02865,DR00472,PR00007,SR03534,CONT09584,Import,Customs Hold,115,49.6,9.6
MV02866,DR08459,PR00004,SR07707,CONT08171,Import,In Yard,82,48.9,0.0
MV02867,DR04994,PR00002,SR02020,CONT06682,Import,In Yard,69,23.1,0.0
MV02868,DR09763,PR00001,SR03665,CONT09647,Export,Customs Hold,74,20.0,16.4
MV02869,DR01700,PR00005,SR03697,CONT04054,Transshipment,In Yard,70,30.5,0.0
MV02870,DR03051,PR00005,SR00479,CONT00364,Import,Loaded,107,31.7,0.0
MV02871,DR09840,PR00007,SR04531,CONT02587,Import,Discharged,59,50.4,0.0
MV02872,DR07391,PR00007,SR09898,CONT03388,Export,Gate Out,77,27.8,0.0
MV02873,DR01981,PR00002,SR03020,CONT03287,Import,Gate Out,75,35.3,0.0
MV02874,DR01519,PR00004,SR01865,CONT03089,Export,In Yard,85,67.6,0.0
MV02875,DR04292,PR00001,SR02585,CONT05959,Import,Discharged,98,39.0,0.0
MV02876,DR09455,PR00001,SR03253,CONT04298,Export,Loaded,31,36.6,0.0
MV02877,DR01039,PR00001,SR03481,CONT07666,Import,Loaded,94,38.2,0.0
MV02878,DR06974,PR00007,SR00733,CONT07587,Export,In Yard,117,55.8,0.0
MV02879,DR01458,PR00001,SR09544,CONT05987,Import,Gate Out,93,39.2,0.0
MV02880,DR06998,PR00003,SR08770,CONT00528,Import,Loaded,70,44.9,0.0
MV02881,DR08332,PR00003,SR01278,CONT08310,Transshipment,In Yard,65,34.0,0.0
MV02882,DR02467,PR00002,SR03240,CONT09333,Import,In Yard,90,20.1,0.0
MV02883,DR06856,PR00003,SR04665,CONT04081,Import,Gate Out,61,52.2,0.0
MV02884,DR05251,PR00001,SR02508,CONT08543,Import,Loaded,59,24.5,0.0
MV02885,DR00603,PR00003,SR07218,CONT03884,Export,Gate Out,72,65.8,0.0
MV02886,DR04072,PR00003,SR08071,CONT00724,Export,In Yard,81,29.1,0.0
MV02887,DR07584,PR00006,SR02353,CONT04089,Export,In Yard,102,33.8,0.0
MV02888,DR08680,PR00005,SR05633,CONT03370,Import,Loaded,63,65.2,0.0
MV02889,DR08270,PR00006,SR02541,CONT04004,Import,Discharged,82,26.3,0.0
MV02890,DR06564,PR00003,SR09300,CONT05075,Import,Gate Out,56,9.6,0.0
MV02891,DR07071,PR00001,SR02960,CONT01914,Import,Loaded,61,21.2,0.0
MV02892,DR02798,PR00003,SR07580,CONT05722,Import,In Yard,34,35.2,0.0
MV02893,DR06690,PR00007,SR05907,CONT00561,Export,Loaded,76,29.6,0.0
MV02894,DR01039,PR00002,SR02268,CONT06412,Export,Gate Out,61,38.2,0.0
MV02895,DR02092,PR00001,SR00142,CONT04622,Export,Gate Out,99,17.6,0.0
MV02896,DR08072,PR00007,SR02501,CONT05031,Export,Loaded,68,59.1,0.0
MV02897,DR02642,PR00007,SR09708,CONT03147,Export,Discharged,87,54.5,0.0
MV02898,DR00658,PR00001,SR04900,CONT07970,Import,In Yard,82,25.5,0.0
MV02899,DR01768,PR00005,SR06312,CONT04797,Export,Loaded,74,15.9,0.0
MV02900,DR04620,PR00003,SR05520,CONT09426,Import,Loaded,61,31.3,0.0
MV02901,DR05234,PR00003,SR04365,CONT00919,Export,Loaded,79,49.5,0.0
MV02902,DR06484,PR00003,SR04727,CONT03996,Import,Discharged,130,61.0,0.0
MV02903,DR05683,PR00007,SR02651,CONT05788,Export,In Yard,117,47.9,0.0
MV02904,DR06009,PR00001,SR05364,CONT05705,Export,Customs Hold,120,39.5,12.4
MV02905,DR01570,PR00005,SR04086,CONT08693,Import,Loaded,79,42.5,0.0
MV02906,DR01196,PR00001,SR09933,CONT08663,Import,In Yard,66,42.0,0.0
MV02907,DR03289,PR00004,SR03849,CONT02348,Export,In Yard,74,54.0,0.0
MV02908,DR06475,PR00004,SR04167,CONT07912,Import,In Yard,90,36.6,0.0
MV02909,DR05226,PR00005,SR06358,CONT05268,Import,Loaded,112,43.1,0.0
MV02910,DR02403,PR00007,SR03982,CONT02606,Import,Loaded,105,63.1,0.0
MV02911,DR07768,PR00005,SR04137,CONT08952,Import,Discharged,40,63.4,3.7
MV02912,DR05568,PR00005,SR07827,CONT00348,Export,Gate Out,46,36.3,0.0
MV02913,DR08049,PR00002,SR03613,CONT02332,Export,Loaded,104,46.6,0.0
MV02914,DR02487,PR00007,SR08779,CONT06251,Export,Customs Hold,74,35.2,9.1
MV02915,DR07752,PR00003,SR01117,CONT05251,Export,In Yard,87,46.0,0.0
MV02916,DR03870,PR00003,SR02980,CONT04120,Export,Customs Hold,72,25.0,11.8
MV02917,DR01469,PR00003,SR02683,CONT01299,Export,Discharged,81,55.5,0.0
MV02918,DR07462,PR00003,SR08790,CONT00209,Import,Loaded,89,60.5,0.0
MV02919,DR08739,PR00004,SR05713,CONT09732,Export,Discharged,103,69.1,0.0
MV02920,DR02536,PR00002,SR08479,CONT00140,Import,Loaded,87,28.2,0.0
MV02921,DR00316,PR00002,SR03169,CONT05239,Import,In Yard,84,62.4,0.0
MV02922,DR08522,PR00007,SR02845,CONT09078,Export,Gate Out,84,52.2,0.0
MV02923,DR05509,PR00007,SR08107,CONT09421,Export,Gate Out,106,49.3,0.0
MV02924,DR04538,PR00003,SR02430,CONT00911,Export,Loaded,89,57.4,0.0
MV02925,DR02732,PR00007,SR01699,CONT00353,Export,Loaded,115,41.7,0.0
MV02926,DR09924,PR00003,SR06996,CONT08181,Import,In Yard,85,45.4,0.0
MV02927,DR02871,PR00003,SR08466,CONT02407,Import,In Yard,58,43.0,0.0
MV02928,DR06103,PR00007,SR07334,CONT07405,Import,In Yard,71,52.4,0.0
MV02929,DR02175,PR00004,SR00235,CONT00065,Import,Loaded,79,40.7,0.0
MV02930,DR01599,PR00005,SR07266,CONT05647,Export,Discharged,86,45.0,0.0
MV02931,DR04678,PR00003,SR02983,CONT04520,Export,Customs Hold,63,32.1,14.7
MV02932,DR07489,PR00003,SR00350,CONT07992,Import,Discharged,112,43.2,0.0
MV02933,DR00498,PR00001,SR09984,CONT02598,Import,Loaded,89,47.0,0.0
MV02934,DR06105,PR00007,SR06914,CONT06168,Import,Loaded,54,65.7,0.0
MV02935,DR02135,PR00002,SR08720,CONT01366,Export,Gate Out,91,17.5,0.0
MV02936,DR01184,PR00003,SR09426,CONT05251,Import,Gate Out,80,51.0,0.0
MV02937,DR09691,PR00001,SR06779,CONT04900,Import,Gate Out,66,29.9,0.0
MV02938,DR00685,PR00004,SR03560,CONT00587,Import,Loaded,86,46.2,0.0
MV02939,DR01673,PR00003,SR02236,CONT06337,Import,Discharged,53,26.9,0.0
MV02940,DR08247,PR00005,SR01494,CONT01467,Import,In Yard,118,50.6,0.0
MV02941,DR01091,PR00003,SR06619,CONT00763,Export,In Yard,81,35.9,0.0
MV02942,DR04875,PR00001,SR06166,CONT07050,Import,In Yard,57,35.1,4.4
MV02943,DR03019,PR00001,SR09921,CONT00754,Import,Loaded,56,49.6,0.0
MV02944,DR06938,PR00002,SR01678,CONT06888,Import,Loaded,76,47.8,0.0
MV02945,DR08751,PR00005,SR09817,CONT05673,Import,Discharged,86,68.5,0.0
MV02946,DR05010,PR00006,SR02154,CONT06836,Transshipment,Gate Out,77,33.8,0.0
MV02947,DR01501,PR00002,SR04712,CONT03685,Export,Loaded,61,44.4,0.0
MV02948,DR08277,PR00003,SR00578,CONT06870,Import,In Yard,98,45.2,2.0
MV02949,DR08305,PR00002,SR01380,CONT08312,Export,Loaded,64,38.6,0.0
MV02950,DR01613,PR00006,SR02633,CONT05602,Import,Discharged,106,63.4,0.0
MV02951,DR00398,PR00007,SR08466,CONT08553,Import,Customs Hold,88,38.7,7.3
MV02952,DR01111,PR00005,SR06306,CONT07056,Import,Gate Out,55,42.0,0.0
MV02953,DR04205,PR00001,SR00313,CONT00139,Export,Discharged,71,48.0,0.0
MV02954,DR03892,PR00003,SR02286,CONT04687,Export,In Yard,52,23.4,0.0
MV02955,DR09436,PR00007,SR05006,CONT01900,Import,Discharged,123,71.4,0.0
MV02956,DR05197,PR00002,SR05490,CONT04088,Export,In Yard,95,44.1,0.0
MV02957,DR09944,PR00005,SR04957,CONT05764,Import,Discharged,62,53.7,5.0
MV02958,DR06197,PR00007,SR07730,CONT00362,Import,Discharged,126,73.5,0.0
MV02959,DR09890,PR00005,SR04096,CONT05556,Import,In Yard,129,52.8,0.0
MV02960,DR02361,PR00004,SR04616,CONT07600,Import,Loaded,66,49.0,0.0
MV02961,DR07415,PR00003,SR04935,CONT09817,Import,Loaded,100,43.9,0.0
MV02962,DR07579,PR00007,SR08695,CONT03713,Transshipment,In Yard,131,37.9,0.0
MV02963,DR08466,PR00003,SR07845,CONT03138,Import,Loaded,50,38.1,0.0
MV02964,DR07354,PR00007,SR02097,CONT08956,Import,In Yard,93,49.0,0.0
MV02965,DR02969,PR00003,SR07483,CONT07613,Import,In Yard,60,42.3,0.0
MV02966,DR04908,PR00005,SR09751,CONT03357,Import,Loaded,85,57.9,4.1
MV02967,DR03175,PR00007,SR06833,CONT06065,Import,Discharged,108,67.1,0.0
MV02968,DR04722,PR00004,SR02124,CONT05065,Import,Loaded,84,38.9,0.0
MV02969,DR05245,PR00002,SR02397,CONT08404,Import,Loaded,94,43.2,0.0
MV02970,DR07180,PR00001,SR06541,CONT08201,Import,Loaded,90,54.2,0.0
MV02971,DR01822,PR00006,SR01024,CONT03416,Import,Discharged,104,29.1,0.0
MV02972,DR09974,PR00004,SR05400,CONT09280,Export,In Yard,77,41.5,0.0
MV02973,DR03354,PR00002,SR09332,CONT09506,Transshipment,Loaded,53,18.5,0.0
MV02974,DR03785,PR00006,SR02821,CONT08350,Import,Loaded,124,85.3,0.0
MV02975,DR05449,PR00007,SR03788,CONT09458,Export,In Yard,91,65.0,0.0
MV02976,DR02743,PR00006,SR02080,CONT07956,Export,Discharged,112,47.0,0.0
MV02977,DR04257,PR00004,SR08950,CONT08032,Export,Gate Out,68,44.0,0.0
MV02978,DR04805,PR00007,SR00828,CONT02399,Export,In Yard,58,34.3,0.0
MV02979,DR00454,PR00006,SR00017,CONT07109,Export,In Yard,35,67.4,0.0
MV02980,DR02458,PR00001,SR07924,CONT00594,Transshipment,Loaded,81,14.2,0.0
MV02981,DR00247,PR00007,SR05493,CONT08517,Import,In Yard,134,59.3,0.0
MV02982,DR00599,PR00004,SR01644,CONT03321,Export,In Yard,28,37.6,0.0
MV02983,DR09759,PR00007,SR07940,CONT01734,Export,Gate Out,111,37.6,0.0
MV02984,DR09533,PR00005,SR06323,CONT02072,Transshipment,Loaded,55,36.7,0.0
MV02985,DR04945,PR00004,SR05953,CONT01208,Export,Loaded,80,27.4,0.0
MV02986,DR03522,PR00002,SR01887,CONT08280,Transshipment,Gate Out,64,55.9,0.0
MV02987,DR06057,PR00001,SR00032,CONT09485,Export,Gate Out,121,46.3,0.0
MV02988,DR05107,PR00002,SR05528,CONT09719,Export,In Yard,92,49.4,0.0
MV02989,DR08737,PR00005,SR08162,CONT01241,Export,Customs Hold,86,37.7,18.9
MV02990,DR01031,PR00006,SR01004,CONT00726,Export,Discharged,97,67.0,0.0
MV02991,DR09655,PR00001,SR06477,CONT03782,Export,Discharged,97,44.5,0.0
MV02992,DR07358,PR00002,SR03718,CONT07086,Export,In Yard,117,53.4,0.0
MV02993,DR09437,PR00005,SR07301,CONT06515,Import,Discharged,104,59.4,1.6
MV02994,DR04808,PR00002,SR06541,CONT07164,Transshipment,Gate Out,78,35.1,0.0
MV02995,DR07220,PR00001,SR08985,CONT03120,Export,Gate Out,65,53.0,0.0
MV02996,DR01778,PR00001,SR08121,CONT00678,Export,Gate Out,82,96.0,0.0
MV02997,DR07711,PR00004,SR03317,CONT04704,Import,Loaded,103,25.8,0.0
MV02998,DR02644,PR00004,SR09382,CONT07427,Import,Gate Out,85,42.9,0.0
MV02999,DR00091,PR00006,SR05699,CONT02129,Import,Customs Hold,95,30.7,18.9
MV03000,DR06160,PR00002,SR08722,CONT09842,Import,Discharged,82,44.9,0.0
MV03001,DR02730,PR00001,SR04153,CONT07602,Export,In Yard,74,46.9,0.0
MV03002,DR08623,PR00006,SR02383,CONT02420,Export,Discharged,83,72.8,0.0
MV03003,DR02070,PR00007,SR01068,CONT09645,Export,Loaded,89,47.7,0.0
MV03004,DR01082,PR00003,SR01959,CONT04398,Import,Discharged,88,55.4,2.8
MV03005,DR03023,PR00006,SR07273,CONT07771,Transshipment,Gate Out,119,26.5,0.0
MV03006,DR01885,PR00005,SR02588,CONT02962,Export,Gate Out,77,48.0,0.0
MV03007,DR08920,PR00007,SR09094,CONT02744,Export,Gate Out,144,41.7,0.0
MV03008,DR08632,PR00003,SR09736,CONT07383,Import,Discharged,89,52.7,0.0
MV03009,DR06041,PR00001,SR06703,CONT05887,Export,Loaded,92,59.0,0.0
MV03010,DR07323,PR00001,SR09824,CONT06899,Import,In Yard,121,38.2,0.0
MV03011,DR02238,PR00005,SR06400,CONT08818,Import,Discharged,58,49.0,0.0
MV03012,DR09270,PR00006,SR09862,CONT04777,Export,Loaded,75,40.9,2.5
MV03013,DR07668,PR00003,SR02834,CONT01309,Export,Gate Out,80,41.6,0.0
MV03014,DR01576,PR00001,SR06931,CONT03787,Import,In Yard,49,45.3,0.0
MV03015,DR05068,PR00001,SR01593,CONT00904,Transshipment,Customs Hold,72,26.9,20.2
MV03016,DR06558,PR00004,SR04248,CONT08109,Export,Discharged,101,25.5,0.0
MV03017,DR01118,PR00007,SR03348,CONT08405,Export,In Yard,148,66.3,0.0
MV03018,DR02320,PR00003,SR08296,CONT01024,Import,Gate Out,119,40.2,5.7
MV03019,DR00662,PR00004,SR03929,CONT07029,Import,Gate Out,113,63.1,0.0
MV03020,DR03026,PR00004,SR08671,CONT09043,Export,Gate Out,87,19.4,0.0
MV03021,DR01094,PR00006,SR08358,CONT06981,Export,Loaded,97,63.7,0.0
MV03022,DR05389,PR00006,SR02961,CONT04145,Export,In Yard,107,43.6,0.0
MV03023,DR01391,PR00001,SR03289,CONT06588,Import,Gate Out,52,36.8,0.0
MV03024,DR03826,PR00005,SR02887,CONT05723,Import,Loaded,126,53.9,0.0
MV03025,DR02475,PR00006,SR05382,CONT09266,Import,Gate Out,103,34.7,0.0
MV03026,DR05678,PR00007,SR09838,CONT05958,Export,Loaded,93,65.6,0.0
MV03027,DR04093,PR00004,SR08638,CONT07427,Export,Discharged,81,34.9,0.0
MV03028,DR03838,PR00001,SR06032,CONT08043,Import,Discharged,92,23.2,0.0
MV03029,DR04746,PR00004,SR05989,CONT00522,Export,Gate Out,132,78.6,0.0
MV03030,DR07526,PR00004,SR09979,CONT01278,Export,Discharged,77,36.0,0.0
MV03031,DR07373,PR00002,SR03258,CONT04647,Import,Discharged,87,32.3,0.0
MV03032,DR02360,PR00007,SR06375,CONT01930,Import,Customs Hold,101,57.6,16.4
MV03033,DR08514,PR00002,SR03547,CONT01100,Export,Gate Out,104,44.9,0.0
MV03034,DR00724,PR00007,SR09931,CONT05223,Transshipment,In Yard,83,68.1,0.0
MV03035,DR05633,PR00003,SR05046,CONT03733,Import,Customs Hold,87,46.1,18.0
MV03036,DR07839,PR00001,SR05209,CONT06605,Import,Gate Out,57,52.4,0.0
MV03037,DR07662,PR00004,SR08253,CONT07793,Export,In Yard,74,69.2,0.0
MV03038,DR08945,PR00004,SR08141,CONT01652,Import,In Yard,48,30.6,0.0
MV03039,DR03632,PR00006,SR03934,CONT01822,Export,Loaded,58,41.5,0.0
MV03040,DR08231,PR00004,SR05015,CONT02687,Export,Customs Hold,61,23.7,12.7
MV03041,DR09029,PR00001,SR03392,CONT01932,Import,Discharged,45,38.9,0.0
MV03042,DR04474,PR00007,SR09128,CONT03408,Export,Loaded,98,48.6,0.0
MV03043,DR05239,PR00004,SR00491,CONT02078,Export,Loaded,77,62.9,0.0
MV03044,DR04440,PR00002,SR03452,CONT08001,Export,Discharged,42,35.1,5.3
MV03045,DR03373,PR00006,SR08092,CONT03038,Import,Loaded,119,52.4,0.0
MV03046,DR03088,PR00001,SR05277,CONT03834,Export,Gate Out,102,48.5,0.0
MV03047,DR02071,PR00001,SR06711,CONT00225,Export,In Yard,114,39.0,0.0
MV03048,DR04673,PR00003,SR01798,CONT09331,Import,In Yard,78,41.8,0.0
MV03049,DR09596,PR00004,SR07969,CONT08680,Import,Loaded,67,47.4,0.0
MV03050,DR00347,PR00003,SR08069,CONT03278,Transshipment,Loaded,91,56.0,0.0
MV03051,DR01456,PR00007,SR01977,CONT06155,Import,Gate Out,86,40.0,2.4
MV03052,DR06702,PR00002,SR03189,CONT01397,Import,In Yard,77,52.7,0.0
MV03053,DR07479,PR00007,SR05341,CONT04043,Import,Customs Hold,102,61.0,14.6
MV03054,DR07034,PR00001,SR00095,CONT01008,Export,Discharged,24,29.8,0.0
MV03055,DR02600,PR00001,SR02676,CONT04283,Export,Customs Hold,38,34.9,11.7
MV03056,DR08179,PR00001,SR02123,CONT07029,Import,In Yard,113,41.7,5.4
MV03057,DR00017,PR00001,SR04940,CONT00876,Import,In Yard,100,30.0,0.0
MV03058,DR06460,PR00003,SR09048,CONT06911,Export,Loaded,85,40.7,0.0
MV03059,DR09759,PR00006,SR06783,CONT04415,Export,Gate Out,82,57.4,0.0
MV03060,DR01779,PR00006,SR04319,CONT07236,Import,In Yard,129,60.5,0.0
MV03061,DR09861,PR00005,SR08943,CONT09622,Import,Discharged,76,50.4,0.0
MV03062,DR08585,PR00001,SR01272,CONT03901,Export,Gate Out,92,28.8,0.0
MV03063,DR02871,PR00006,SR01581,CONT03633,Import,Loaded,121,64.2,0.0
MV03064,DR03753,PR00003,SR06130,CONT03674,Import,In Yard,87,61.1,0.0
MV03065,DR02580,PR00005,SR05996,CONT07558,Transshipment,Gate Out,59,49.7,0.0
MV03066,DR06398,PR00005,SR09402,CONT00064,Export,Discharged,42,40.0,0.0
MV03067,DR07969,PR00001,SR08824,CONT06718,Import,In Yard,70,32.8,0.0
MV03068,DR02136,PR00003,SR07354,CONT03719,Export,Gate Out,109,46.8,0.0
MV03069,DR06812,PR00007,SR04484,CONT02787,Export,Loaded,109,36.6,0.0
MV03070,DR04099,PR00002,SR06396,CONT00738,Transshipment,Discharged,72,32.9,0.0
MV03071,DR02156,PR00005,SR03273,CONT01975,Transshipment,Gate Out,62,58.8,0.0
MV03072,DR06291,PR00007,SR06192,CONT05883,Export,Customs Hold,101,56.5,7.8
MV03073,DR04559,PR00003,SR03965,CONT07874,Import,In Yard,74,38.5,0.0
MV03074,DR06562,PR00003,SR05078,CONT00768,Import,Discharged,67,44.1,0.0
MV03075,DR06462,PR00003,SR04298,CONT01317,Export,Gate Out,69,40.9,0.0
MV03076,DR03040,PR00006,SR04212,CONT08848,Import,Loaded,67,37.9,0.0
MV03077,DR03263,PR00003,SR06249,CONT08967,Export,Gate Out,76,27.5,0.0
MV03078,DR05971,PR00003,SR02753,CONT05242,Import,In Yard,118,57.8,6.0
MV03079,DR01131,PR00002,SR09827,CONT05667,Export,Discharged,77,58.9,0.0
MV03080,DR00039,PR00007,SR05434,CONT08248,Transshipment,Customs Hold,79,45.1,13.7
MV03081,DR00843,PR00006,SR06874,CONT05814,Import,In Yard,123,45.0,0.0
MV03082,DR05937,PR00004,SR00917,CONT05804,Export,In Yard,82,60.3,0.0
MV03083,DR07231,PR00007,SR07674,CONT00041,Export,Discharged,84,42.3,0.0
MV03084,DR09075,PR00005,SR00230,CONT06147,Export,Discharged,80,22.0,1.7
MV03085,DR07721,PR00007,SR02803,CONT06603,Transshipment,In Yard,74,41.2,0.0
MV03086,DR05313,PR00001,SR05960,CONT07590,Export,Gate Out,61,55.6,0.0
MV03087,DR07033,PR00002,SR05339,CONT09216,Import,In Yard,87,36.7,0.0
MV03088,DR04397,PR00006,SR03364,CONT01068,Export,In Yard,100,43.1,0.0
MV03089,DR08637,PR00003,SR00299,CONT02990,Export,Discharged,81,38.9,0.0
MV03090,DR04707,PR00003,SR07983,CONT01387,Import,Gate Out,33,26.0,0.0
MV03091,DR08845,PR00005,SR06918,CONT01230,Export,Loaded,99,32.9,0.0
MV03092,DR00867,PR00004,SR07719,CONT09085,Export,In Yard,121,43.1,2.5
MV03093,DR03999,PR00002,SR03188,CONT08790,Import,In Yard,104,27.3,0.0
MV03094,DR04211,PR00003,SR08622,CONT01509,Import,Loaded,82,39.8,0.0
MV03095,DR03832,PR00003,SR01789,CONT07050,Import,Discharged,97,48.4,0.0
MV03096,DR08291,PR00001,SR04855,CONT09312,Import,Loaded,80,42.9,0.0
MV03097,DR03965,PR00002,SR00269,CONT00657,Export,In Yard,57,37.7,0.0
MV03098,DR09415,PR00003,SR08520,CONT01096,Import,Discharged,91,23.4,0.0
MV03099,DR03916,PR00006,SR02762,CONT06732,Export,Loaded,80,38.2,0.0
MV03100,DR01798,PR00003,SR06601,CONT06321,Transshipment,In Yard,83,49.5,0.0
MV03101,DR09564,PR00003,SR05193,CONT09682,Export,Gate Out,104,49.1,1.3
MV03102,DR06967,PR00004,SR09227,CONT08099,Export,In Yard,27,35.0,0.0
MV03103,DR05161,PR00001,SR00942,CONT06264,Transshipment,In Yard,34,24.8,0.0
MV03104,DR05100,PR00003,SR04656,CONT07334,Import,Gate Out,115,50.1,0.0
MV03105,DR04011,PR00002,SR03409,CONT09312,Import,Discharged,91,36.9,0.0
MV03106,DR09410,PR00004,SR06737,CONT07823,Import,Discharged,122,33.3,0.0
MV03107,DR08660,PR00001,SR01796,CONT01198,Import,Loaded,56,50.0,0.0
MV03108,DR04546,PR00003,SR02492,CONT03627,Import,Gate Out,76,37.2,0.0
MV03109,DR07141,PR00004,SR03893,CONT04760,Export,Gate Out,84,36.1,2.4
MV03110,DR02195,PR00006,SR08055,CONT09242,Import,In Yard,106,41.3,0.0
MV03111,DR04035,PR00005,SR01339,CONT01056,Import,In Yard,94,45.5,0.0
MV03112,DR00451,PR00007,SR07335,CONT05353,Import,Gate Out,109,29.2,0.0
MV03113,DR03284,PR00005,SR05699,CONT06936,Import,In Yard,91,38.6,0.0
MV03114,DR07513,PR00002,SR06425,CONT02003,Export,Discharged,83,45.7,0.0
MV03115,DR03605,PR00002,SR05184,CONT04486,Import,Loaded,57,33.1,0.0
MV03116,DR07196,PR00001,SR01474,CONT09067,Import,Loaded,96,35.6,0.0
MV03117,DR09835,PR00002,SR03363,CONT04517,Import,Discharged,68,51.6,0.0
MV03118,DR09265,PR00001,SR04654,CONT08338,Export,Discharged,120,48.5,0.0
MV03119,DR03510,PR00003,SR02596,CONT00093,Import,In Yard,118,58.0,0.0
MV03120,DR00605,PR00005,SR09821,CONT06185,Export,Customs Hold,99,37.8,12.0
MV03121,DR09018,PR00005,SR04397,CONT07456,Export,Discharged,93,40.3,0.0
MV03122,DR09826,PR00002,SR09920,CONT04175,Export,In Yard,113,45.4,0.0
MV03123,DR09361,PR00003,SR00310,CONT07513,Import,Gate Out,103,49.9,0.0
MV03124,DR01845,PR00002,SR09543,CONT08303,Export,Gate Out,61,71.2,0.0
MV03125,DR00735,PR00003,SR03076,CONT09304,Import,In Yard,72,38.1,0.0
MV03126,DR05611,PR00003,SR09553,CONT07814,Export,Discharged,81,57.1,0.0
MV03127,DR06375,PR00002,SR04482,CONT01024,Export,Discharged,73,71.2,0.0
MV03128,DR05653,PR00002,SR06876,CONT05246,Import,In Yard,51,59.8,0.0
MV03129,DR00488,PR00007,SR02680,CONT02947,Import,Loaded,97,49.0,0.0
MV03130,DR00409,PR00003,SR06466,CONT02445,Export,Discharged,77,53.9,0.0
MV03131,DR03759,PR00004,SR08955,CONT03825,Export,In Yard,75,48.2,0.0
MV03132,DR06241,PR00001,SR08762,CONT07242,Import,Loaded,56,39.5,0.0
MV03133,DR02343,PR00001,SR07419,CONT01242,Export,Gate Out,124,54.9,0.0
MV03134,DR03395,PR00002,SR04580,CONT08308,Import,Gate Out,94,53.0,0.0
MV03135,DR05968,PR00007,SR02614,CONT02836,Export,Loaded,103,57.6,0.0
MV03136,DR08354,PR00001,SR03186,CONT01819,Export,In Yard,101,41.8,0.0
MV03137,DR05276,PR00002,SR02472,CONT00870,Import,Discharged,57,31.2,0.0
MV03138,DR05326,PR00007,SR08732,CONT01388,Import,Discharged,91,33.3,4.1
MV03139,DR02501,PR00003,SR00068,CONT00423,Import,In Yard,96,49.1,0.0
MV03140,DR00744,PR00002,SR00962,CONT07636,Export,Loaded,103,46.6,0.0
MV03141,DR06933,PR00004,SR02633,CONT08803,Import,In Yard,46,51.3,0.0
MV03142,DR05639,PR00003,SR03962,CONT08614,Import,In Yard,78,28.0,0.0
MV03143,DR01881,PR00007,SR09925,CONT00700,Export,In Yard,58,46.4,0.0
MV03144,DR09602,PR00001,SR08586,CONT03056,Import,Gate Out,112,43.4,0.0
MV03145,DR04617,PR00006,SR02006,CONT04688,Import,Loaded,96,48.8,0.0
MV03146,DR08177,PR00002,SR08057,CONT05922,Export,Customs Hold,56,55.7,15.0
MV03147,DR02910,PR00006,SR06685,CONT03546,Export,Discharged,73,60.2,5.7
MV03148,DR07469,PR00006,SR03937,CONT01165,Export,Customs Hold,101,66.7,13.2
MV03149,DR02111,PR00006,SR04088,CONT05581,Import,In Yard,65,48.7,0.0
MV03150,DR09033,PR00006,SR04216,CONT07788,Export,Gate Out,128,49.0,0.0
MV03151,DR07604,PR00005,SR08199,CONT09318,Export,In Yard,99,65.7,0.0
MV03152,DR07033,PR00001,SR03882,CONT08088,Import,In Yard,78,56.2,0.0
MV03153,DR03717,PR00001,SR09888,CONT04119,Transshipment,Gate Out,57,62.8,0.0
MV03154,DR01649,PR00002,SR07590,CONT01680,Import,Discharged,81,45.9,0.0
MV03155,DR06391,PR00003,SR04152,CONT09450,Import,Discharged,77,49.5,0.0
MV03156,DR03769,PR00002,SR02970,CONT07484,Export,Loaded,109,46.5,0.0
MV03157,DR06617,PR00005,SR04081,CONT07667,Import,Gate Out,36,49.8,0.0
MV03158,DR00957,PR00005,SR04996,CONT03867,Transshipment,In Yard,127,42.8,0.0
MV03159,DR02568,PR00007,SR09642,CONT02101,Import,Gate Out,94,46.5,0.0
MV03160,DR04935,PR00003,SR02739,CONT05208,Import,In Yard,79,82.6,0.0
MV03161,DR05422,PR00006,SR01232,CONT09753,Import,Customs Hold,88,38.3,8.5
MV03162,DR02529,PR00005,SR08164,CONT09084,Import,Discharged,71,57.1,0.0
MV03163,DR04861,PR00007,SR04079,CONT04706,Transshipment,In Yard,129,48.3,0.0
MV03164,DR07121,PR00005,SR09749,CONT08611,Transshipment,Discharged,117,48.4,0.0
MV03165,DR00166,PR00002,SR05548,CONT07189,Export,Gate Out,100,35.5,3.5
MV03166,DR00787,PR00001,SR00886,CONT04297,Import,Gate Out,74,26.0,0.0
MV03167,DR05113,PR00007,SR04726,CONT00314,Import,In Yard,150,63.0,0.0
MV03168,DR00766,PR00005,SR04489,CONT08380,Import,In Yard,93,50.5,0.0
MV03169,DR00671,PR00006,SR08435,CONT01619,Import,Loaded,98,77.4,0.0
MV03170,DR09513,PR00006,SR06384,CONT02625,Import,Loaded,126,53.8,0.0
MV03171,DR01974,PR00005,SR02440,CONT08622,Import,Gate Out,64,44.0,0.0
MV03172,DR08501,PR00005,SR03324,CONT01426,Import,Loaded,96,51.4,0.0
MV03173,DR04175,PR00007,SR00350,CONT00153,Export,In Yard,110,38.4,0.0
MV03174,DR03533,PR00007,SR02257,CONT03815,Import,Discharged,90,60.7,0.0
MV03175,DR06292,PR00003,SR03969,CONT07148,Import,Gate Out,90,42.8,2.0
MV03176,DR00062,PR00001,SR00743,CONT04937,Import,Loaded,74,17.3,1.8
MV03177,DR03010,PR00001,SR02363,CONT03409,Export,Gate Out,131,60.4,0.0
MV03178,DR02853,PR00003,SR04852,CONT05540,Export,Loaded,72,29.5,0.0
MV03179,DR00092,PR00006,SR09026,CONT04794,Import,Customs Hold,79,55.8,15.4
MV03180,DR02516,PR00006,SR03288,CONT01813,Export,Loaded,53,48.3,0.0
MV03181,DR03439,PR00003,SR05921,CONT01660,Export,Loaded,127,49.7,5.3
MV03182,DR07439,PR00002,SR00255,CONT04746,Import,Discharged,61,26.4,0.0
MV03183,DR04075,PR00003,SR03574,CONT06169,Import,In Yard,41,57.2,0.0
MV03184,DR04724,PR00006,SR05443,CONT01862,Transshipment,Loaded,59,34.0,0.0
MV03185,DR02056,PR00004,SR02532,CONT01984,Import,Loaded,92,10.6,0.0
MV03186,DR05696,PR00001,SR06457,CONT03668,Import,In Yard,99,57.0,0.0
MV03187,DR09040,PR00003,SR01694,CONT00756,Export,Discharged,108,57.6,0.0
MV03188,DR08906,PR00004,SR09574,CONT05894,Import,Loaded,91,31.0,0.0
MV03189,DR09393,PR00003,SR01196,CONT02377,Export,Loaded,69,44.9,0.0
MV03190,DR04163,PR00006,SR04558,CONT03603,Export,Discharged,52,59.5,0.0
MV03191,DR08592,PR00007,SR05555,CONT04525,Export,In Yard,100,73.4,0.0
MV03192,DR00073,PR00001,SR03621,CONT00080,Export,Loaded,64,44.0,0.0
MV03193,DR04570,PR00002,SR04368,CONT06318,Export,Loaded,79,58.2,0.0
MV03194,DR09538,PR00003,SR01616,CONT06783,Import,Discharged,93,50.3,0.0
MV03195,DR05811,PR00002,SR02852,CONT04814,Export,In Yard,54,37.7,0.0
MV03196,DR05313,PR00003,SR07333,CONT05030,Import,Gate Out,52,28.8,0.0
MV03197,DR09817,PR00001,SR07632,CONT05246,Import,Gate Out,90,40.6,0.0
MV03198,DR01122,PR00001,SR00062,CONT01353,Transshipment,In Yard,97,56.6,0.0
MV03199,DR07880,PR00006,SR03096,CONT00758,Transshipment,Customs Hold,132,66.0,4.8
MV03200,DR08371,PR00001,SR09285,CONT00839,Export,Discharged,26,36.6,0.0
MV03201,DR06497,PR00006,SR07122,CONT05165,Export,Gate Out,103,39.2,0.0
MV03202,DR01923,PR00002,SR02411,CONT03863,Import,Discharged,96,68.1,0.0
MV03203,DR09864,PR00002,SR05949,CONT02860,Export,Loaded,89,49.1,0.0
MV03204,DR07052,PR00001,SR01255,CONT09395,Import,In Yard,67,42.3,0.0
MV03205,DR06529,PR00001,SR00974,CONT04401,Import,Gate Out,121,30.3,0.0
MV03206,DR03375,PR00002,SR05617,CONT03665,Import,Loaded,35,36.8,0.0
MV03207,DR00361,PR00006,SR04872,CONT02351,Export,Loaded,104,67.6,0.0
MV03208,DR09368,PR00007,SR06092,CONT09781,Transshipment,Loaded,105,37.2,0.0
MV03209,DR08273,PR00001,SR07650,CONT07848,Transshipment,In Yard,94,41.5,0.0
MV03210,DR05717,PR00001,SR06240,CONT07233,Export,Discharged,88,41.3,0.0
MV03211,DR03673,PR00001,SR05162,CONT00173,Import,Loaded,91,62.6,0.0
MV03212,DR02802,PR00005,SR02306,CONT09743,Import,Gate Out,62,52.7,0.0
MV03213,DR03443,PR00002,SR07945,CONT04482,Import,Loaded,80,61.5,0.0
MV03214,DR03624,PR00002,SR08222,CONT08571,Import,Gate Out,82,54.3,0.0
MV03215,DR04315,PR00006,SR04865,CONT03887,Export,In Yard,31,53.1,0.0
MV03216,DR04696,PR00006,SR00674,CONT08145,Import,Loaded,93,33.1,0.0
MV03217,DR00235,PR00005,SR07747,CONT03260,Export,In Yard,120,37.2,0.0
MV03218,DR08939,PR00001,SR09858,CONT01760,Import,Loaded,74,55.8,0.0
MV03219,DR03534,PR00003,SR01397,CONT06668,Import,In Yard,54,35.1,0.0
MV03220,DR04327,PR00002,SR04772,CONT03132,Export,Gate Out,69,28.5,0.0
MV03221,DR09499,PR00005,SR02368,CONT02499,Export,Discharged,123,18.0,0.0
MV03222,DR05835,PR00005,SR02395,CONT06799,Import,Gate Out,113,53.8,0.0
MV03223,DR03282,PR00001,SR02503,CONT05392,Export,In Yard,71,21.5,0.0
MV03224,DR01835,PR00006,SR06022,CONT03305,Export,Gate Out,109,36.8,0.0
MV03225,DR03504,PR00003,SR03867,CONT08190,Import,In Yard,50,53.2,0.0
MV03226,DR01905,PR00006,SR03973,CONT05827,Import,Gate Out,57,14.8,0.0
MV03227,DR06162,PR00001,SR06744,CONT08063,Transshipment,Gate Out,108,61.7,0.0
MV03228,DR01239,PR00003,SR00933,CONT00952,Import,In Yard,59,36.2,0.0
MV03229,DR00494,PR00001,SR02581,CONT04627,Import,Customs Hold,58,32.1,14.8
MV03230,DR01804,PR00005,SR02334,CONT04909,Import,In Yard,135,41.9,0.0
MV03231,DR05104,PR00001,SR03185,CONT01659,Export,Loaded,89,22.7,0.0
MV03232,DR03403,PR00002,SR07043,CONT07440,Transshipment,Gate Out,78,27.6,0.0
MV03233,DR08691,PR00006,SR02534,CONT09755,Import,Customs Hold,111,42.7,16.1
MV03234,DR03198,PR00005,SR08013,CONT07701,Export,Customs Hold,74,28.0,17.4
MV03235,DR01772,PR00004,SR02124,CONT02432,Export,In Yard,117,62.6,0.0
MV03236,DR07458,PR00005,SR04723,CONT03860,Import,Gate Out,96,29.4,0.0
MV03237,DR06891,PR00004,SR09981,CONT00825,Export,Discharged,121,26.0,0.0
MV03238,DR06392,PR00004,SR05396,CONT07261,Transshipment,Loaded,79,15.7,0.0
MV03239,DR04901,PR00002,SR00098,CONT09337,Transshipment,In Yard,75,49.2,0.0
MV03240,DR02602,PR00001,SR04450,CONT05595,Export,In Yard,81,13.5,0.0
MV03241,DR07296,PR00003,SR06387,CONT08540,Import,Customs Hold,97,46.7,13.8
MV03242,DR02569,PR00001,SR01680,CONT03420,Import,In Yard,91,69.6,0.0
MV03243,DR04849,PR00003,SR02729,CONT04154,Import,Gate Out,93,45.4,0.0
MV03244,DR02826,PR00003,SR04340,CONT00638,Export,Loaded,79,45.2,0.0
MV03245,DR04686,PR00001,SR01907,CONT09018,Import,Loaded,111,35.1,0.0
MV03246,DR03892,PR00006,SR04332,CONT00527,Export,Loaded,67,47.3,3.5
MV03247,DR00671,PR00005,SR01906,CONT05381,Export,In Yard,110,49.2,0.0
MV03248,DR05219,PR00004,SR07417,CONT01543,Import,Discharged,130,50.5,0.0
MV03249,DR05728,PR00007,SR01970,CONT07391,Transshipment,Loaded,89,64.5,0.0
MV03250,DR06867,PR00002,SR00631,CONT07951,Import,Loaded,89,39.9,0.0
MV03251,DR06671,PR00002,SR09647,CONT00631,Import,Discharged,79,27.3,0.0
MV03252,DR05756,PR00001,SR02511,CONT01098,Export,In Yard,68,37.0,0.0
MV03253,DR06180,PR00004,SR01743,CONT09504,Import,Gate Out,111,57.0,0.0
MV03254,DR03130,PR00002,SR05702,CONT04701,Import,Loaded,80,33.1,0.0
MV03255,DR02473,PR00006,SR07376,CONT06616,Transshipment,Discharged,96,57.0,0.0
MV03256,DR05080,PR00002,SR02184,CONT00979,Transshipment,In Yard,104,54.1,0.0
MV03257,DR01876,PR00003,SR07412,CONT09547,Export,Loaded,76,67.0,2.3
MV03258,DR08722,PR00003,SR04434,CONT07040,Import,Gate Out,83,53.0,4.2
MV03259,DR08914,PR00002,SR01507,CONT09388,Import,In Yard,78,28.2,0.0
MV03260,DR05702,PR00005,SR04934,CONT00772,Import,In Yard,105,19.5,0.0
MV03261,DR07421,PR00005,SR09602,CONT09332,Import,In Yard,103,50.0,0.0
MV03262,DR01069,PR00005,SR01586,CONT06231,Transshipment,In Yard,82,38.8,0.0
MV03263,DR03707,PR00004,SR03818,CONT03463,Import,Gate Out,56,32.2,0.0
MV03264,DR05109,PR00003,SR03133,CONT06692,Export,Loaded,77,30.1,0.0
MV03265,DR01104,PR00003,SR09023,CONT07566,Import,Customs Hold,70,32.4,13.4
MV03266,DR09602,PR00005,SR05906,CONT01776,Export,Loaded,69,35.2,0.0
MV03267,DR09702,PR00003,SR07102,CONT06806,Import,Gate Out,116,45.5,0.0
MV03268,DR05526,PR00003,SR07698,CONT02208,Import,Loaded,44,28.3,0.0
MV03269,DR09947,PR00001,SR05689,CONT06209,Import,In Yard,24,24.7,0.0
MV03270,DR01334,PR00005,SR04735,CONT09660,Transshipment,Gate Out,123,52.9,5.6
MV03271,DR07218,PR00001,SR04826,CONT03244,Export,Gate Out,75,44.0,0.0
MV03272,DR08188,PR00007,SR00133,CONT01178,Export,Customs Hold,114,49.1,14.0
MV03273,DR01911,PR00001,SR09233,CONT05020,Import,In Yard,73,35.4,0.0
MV03274,DR02883,PR00003,SR06715,CONT08098,Export,Discharged,82,35.4,0.0
MV03275,DR03281,PR00002,SR08125,CONT02449,Export,Discharged,70,58.2,0.0
MV03276,DR03740,PR00002,SR03630,CONT07051,Import,Discharged,81,69.9,0.0
MV03277,DR02892,PR00002,SR09947,CONT04629,Export,In Yard,71,53.6,0.0
MV03278,DR09703,PR00005,SR04561,CONT02118,Export,Loaded,95,29.1,0.0
MV03279,DR01206,PR00001,SR01402,CONT04973,Transshipment,Gate Out,59,27.4,0.0
MV03280,DR02000,PR00002,SR09105,CONT08753,Transshipment,In Yard,99,56.7,0.0
MV03281,DR04872,PR00001,SR06374,CONT09305,Export,Customs Hold,89,28.2,10.2
MV03282,DR03609,PR00002,SR04214,CONT00703,Import,Loaded,86,36.4,0.0
MV03283,DR08087,PR00007,SR03290,CONT09495,Import,Customs Hold,76,31.2,11.9
MV03284,DR09614,PR00003,SR09138,CONT05540,Import,Loaded,51,32.3,0.0
MV03285,DR03316,PR00005,SR05183,CONT03353,Import,Discharged,74,29.3,0.0
MV03286,DR08976,PR00003,SR02717,CONT01577,Import,Gate Out,43,9.9,0.0
MV03287,DR06506,PR00003,SR04115,CONT07162,Export,Loaded,90,54.0,0.0
MV03288,DR00156,PR00006,SR06927,CONT05552,Export,In Yard,98,54.9,0.0
MV03289,DR00065,PR00001,SR08941,CONT09109,Export,In Yard,63,16.6,0.0
MV03290,DR07759,PR00006,SR04338,CONT05730,Transshipment,Discharged,102,60.8,0.0
MV03291,DR00520,PR00003,SR05653,CONT03987,Import,Gate Out,56,40.6,2.7
MV03292,DR01077,PR00002,SR09396,CONT00010,Import,Gate Out,46,52.6,0.0
MV03293,DR07304,PR00007,SR04444,CONT01883,Export,In Yard,74,56.5,4.9
MV03294,DR05829,PR00002,SR07401,CONT07949,Export,Gate Out,59,33.4,0.0
MV03295,DR04882,PR00007,SR07751,CONT00058,Export,Loaded,93,55.7,2.0
MV03296,DR07081,PR00007,SR02546,CONT01831,Export,Discharged,84,56.2,0.0
MV03297,DR00980,PR00002,SR01482,CONT07714,Import,Gate Out,44,53.2,0.0
MV03298,DR04946,PR00002,SR04567,CONT01076,Export,Discharged,61,52.5,0.0
MV03299,DR02896,PR00006,SR05900,CONT07859,Transshipment,Customs Hold,96,72.5,8.3
MV03300,DR09973,PR00001,SR09187,CONT07734,Import,Loaded,113,56.4,0.0
MV03301,DR00045,PR00005,SR03633,CONT08448,Export,In Yard,72,37.8,0.0
MV03302,DR05007,PR00001,SR06652,CONT01660,Import,In Yard,108,40.3,0.0
MV03303,DR00401,PR00002,SR04484,CONT00809,Import,Loaded,76,31.9,0.0
MV03304,DR01346,PR00003,SR08637,CONT09743,Import,Loaded,51,58.7,0.0
MV03305,DR03426,PR00005,SR03239,CONT03269,Export,Discharged,141,40.9,0.0
MV03306,DR00364,PR00005,SR03181,CONT09042,Export,Gate Out,69,75.0,0.0
MV03307,DR06425,PR00004,SR04642,CONT00845,Transshipment,Gate Out,98,36.7,0.0
MV03308,DR06701,PR00002,SR07615,CONT00880,Export,In Yard,67,40.9,0.0
MV03309,DR08013,PR00003,SR02110,CONT05490,Import,Loaded,91,41.0,0.0
MV03310,DR04149,PR00002,SR01366,CONT05504,Export,In Yard,42,28.2,0.0
MV03311,DR05799,PR00002,SR05463,CONT05189,Import,In Yard,88,30.6,0.0
MV03312,DR06757,PR00002,SR08530,CONT06009,Export,Discharged,107,46.5,0.0
MV03313,DR08363,PR00004,SR08578,CONT00949,Import,Gate Out,94,50.7,0.0
MV03314,DR06459,PR00002,SR05464,CONT00832,Export,Loaded,71,33.9,0.0
MV03315,DR01169,PR00001,SR05446,CONT05572,Transshipment,Gate Out,88,44.0,0.0
MV03316,DR03856,PR00005,SR00547,CONT09252,Import,Gate Out,87,40.9,0.0
MV03317,DR00967,PR00001,SR02783,CONT09227,Export,Loaded,108,41.9,0.0
MV03318,DR03756,PR00007,SR02695,CONT03124,Export,Loaded,78,68.0,5.0
MV03319,DR04985,PR00002,SR09494,CONT02842,Import,Loaded,63,32.0,0.0
MV03320,DR04825,PR00001,SR04974,CONT00707,Import,Customs Hold,69,42.1,8.7
MV03321,DR01298,PR00006,SR03550,CONT07650,Export,Discharged,89,38.5,0.0
MV03322,DR04566,PR00004,SR05160,CONT09592,Import,Gate Out,110,44.1,4.7
MV03323,DR00211,PR00006,SR07720,CONT01875,Import,Loaded,74,46.4,0.0
MV03324,DR02166,PR00003,SR07419,CONT02076,Export,In Yard,90,34.1,0.0
MV03325,DR07666,PR00002,SR05050,CONT00777,Export,In Yard,48,20.8,0.0
MV03326,DR00148,PR00004,SR05529,CONT03661,Import,In Yard,48,47.2,0.0
MV03327,DR04505,PR00003,SR06419,CONT06941,Transshipment,Gate Out,94,55.1,0.0
MV03328,DR08297,PR00004,SR07863,CONT05080,Export,Loaded,115,50.5,0.0
MV03329,DR00399,PR00002,SR01905,CONT07578,Transshipment,Loaded,48,21.4,0.0
MV03330,DR08362,PR00002,SR08129,CONT02662,Export,Gate Out,92,63.3,0.0
MV03331,DR08292,PR00001,SR07635,CONT07729,Import,In Yard,47,37.7,0.0
MV03332,DR07345,PR00006,SR06073,CONT08591,Import,Gate Out,89,36.4,1.8
MV03333,DR02254,PR00002,SR05671,CONT00477,Transshipment,Customs Hold,86,58.8,16.1
MV03334,DR03913,PR00007,SR02159,CONT05258,Export,Gate Out,107,68.4,0.0
MV03335,DR07221,PR00002,SR05199,CONT08252,Export,Discharged,80,39.4,0.0
MV03336,DR05168,PR00003,SR06554,CONT05855,Export,Gate Out,76,38.2,0.0
MV03337,DR02937,PR00002,SR01273,CONT03377,Import,Customs Hold,60,45.2,11.9
MV03338,DR00404,PR00005,SR04380,CONT06916,Export,Gate Out,84,28.7,0.0
MV03339,DR07461,PR00006,SR02599,CONT07388,Import,Customs Hold,73,80.7,15.0
MV03340,DR09531,PR00003,SR00767,CONT09475,Export,In Yard,74,31.6,0.0
MV03341,DR08883,PR00003,SR09148,CONT08587,Export,In Yard,100,47.6,0.0
MV03342,DR03156,PR00005,SR04766,CONT07536,Export,In Yard,77,43.9,0.0
MV03343,DR06793,PR00001,SR02862,CONT02583,Import,Gate Out,70,24.0,0.0
MV03344,DR06786,PR00004,SR08101,CONT01884,Export,In Yard,89,34.3,0.0
MV03345,DR05706,PR00005,SR00930,CONT00773,Import,Discharged,45,54.7,0.0
MV03346,DR04484,PR00002,SR04358,CONT07562,Import,Gate Out,73,46.3,0.0
MV03347,DR06903,PR00004,SR06048,CONT03597,Import,In Yard,83,33.5,0.0
MV03348,DR00746,PR00005,SR03660,CONT05607,Import,In Yard,133,42.7,0.0
MV03349,DR05838,PR00001,SR06216,CONT01864,Import,Customs Hold,62,29.4,11.8
MV03350,DR06916,PR00002,SR01946,CONT08970,Import,Customs Hold,56,47.0,7.2
MV03351,DR04839,PR00003,SR02969,CONT08106,Import,Gate Out,98,55.0,0.0
MV03352,DR02418,PR00005,SR05562,CONT09506,Import,Loaded,97,48.9,0.0
MV03353,DR03541,PR00004,SR00640,CONT05855,Export,Discharged,66,45.8,0.0
MV03354,DR06297,PR00003,SR02562,CONT09415,Export,Discharged,72,49.1,0.0
MV03355,DR09527,PR00002,SR04852,CONT04481,Import,Discharged,85,16.1,0.0
MV03356,DR08404,PR00001,SR06202,CONT06367,Import,Gate Out,106,49.6,0.0
MV03357,DR06402,PR00001,SR07256,CONT07609,Import,Loaded,81,49.9,0.0
MV03358,DR03556,PR00002,SR00064,CONT07263,Import,Discharged,100,44.5,1.4
MV03359,DR05457,PR00001,SR00801,CONT07343,Export,Loaded,100,44.7,0.0
MV03360,DR08621,PR00001,SR03617,CONT04021,Export,Loaded,72,29.7,0.0
MV03361,DR04634,PR00004,SR09014,CONT07582,Import,Gate Out,94,43.1,0.0
MV03362,DR03669,PR00004,SR07598,CONT08308,Import,In Yard,74,35.7,0.0
MV03363,DR09583,PR00001,SR07085,CONT02919,Import,Customs Hold,94,48.9,7.7
MV03364,DR03702,PR00004,SR00288,CONT00247,Import,Gate Out,107,38.2,0.0
MV03365,DR04274,PR00001,SR05000,CONT09029,Export,Loaded,58,10.3,0.0
MV03366,DR08990,PR00003,SR01001,CONT04866,Export,Gate Out,106,59.4,0.0
MV03367,DR03130,PR00007,SR07973,CONT00553,Export,Discharged,97,61.8,0.0
MV03368,DR07124,PR00003,SR09697,CONT08728,Export,Discharged,125,53.6,0.0
MV03369,DR04866,PR00001,SR03858,CONT00618,Export,Loaded,41,21.8,0.0
MV03370,DR05957,PR00002,SR00088,CONT09466,Import,In Yard,88,39.1,0.0
MV03371,DR05932,PR00005,SR06607,CONT06587,Export,Loaded,105,50.7,0.0
MV03372,DR01397,PR00002,SR07618,CONT08544,Export,Customs Hold,109,45.8,17.8
MV03373,DR04183,PR00007,SR00434,CONT02059,Import,Gate Out,100,45.9,0.0
MV03374,DR00461,PR00003,SR03603,CONT00159,Export,In Yard,49,55.9,0.0
MV03375,DR04545,PR00001,SR08066,CONT02809,Export,In Yard,65,27.0,0.0
MV03376,DR07145,PR00004,SR02890,CONT06764,Import,Customs Hold,61,5.0,19.8
MV03377,DR05736,PR00005,SR04238,CONT06574,Export,Customs Hold,55,45.1,20.2
MV03378,DR04168,PR00003,SR07123,CONT05994,Import,In Yard,75,46.7,0.0
MV03379,DR02703,PR00007,SR00909,CONT06023,Import,Loaded,38,47.8,0.0
MV03380,DR00683,PR00007,SR08468,CONT00078,Import,In Yard,117,56.2,0.0
MV03381,DR03225,PR00001,SR06142,CONT04632,Export,Discharged,98,34.8,2.6
MV03382,DR00756,PR00001,SR04360,CONT02922,Export,Gate Out,87,49.3,0.0
MV03383,DR09271,PR00002,SR04010,CONT08868,Export,Customs Hold,64,17.7,7.3
MV03384,DR00196,PR00004,SR00002,CONT00603,Export,In Yard,91,48.2,0.0
MV03385,DR02780,PR00004,SR05926,CONT02660,Import,In Yard,89,32.4,0.0
MV03386,DR05094,PR00002,SR08842,CONT05349,Export,Loaded,52,50.6,0.0
MV03387,DR03594,PR00007,SR03624,CONT08612,Import,In Yard,77,40.7,0.0
MV03388,DR07865,PR00002,SR09001,CONT06648,Import,Loaded,62,38.4,0.0
MV03389,DR06303,PR00006,SR05836,CONT01968,Export,Gate Out,84,44.6,0.0
MV03390,DR07459,PR00006,SR05925,CONT07103,Import,In Yard,69,48.0,0.0
MV03391,DR08482,PR00001,SR06539,CONT08222,Transshipment,Discharged,57,30.5,0.0
MV03392,DR02607,PR00002,SR02407,CONT01036,Import,In Yard,85,50.3,0.0
MV03393,DR09332,PR00002,SR07176,CONT06999,Export,Loaded,107,47.9,0.0
MV03394,DR06805,PR00007,SR09681,CONT05087,Import,Loaded,105,57.5,0.0
MV03395,DR01593,PR00002,SR08230,CONT07362,Export,In Yard,147,68.0,0.0
MV03396,DR09523,PR00006,SR04358,CONT03924,Export,Gate Out,89,49.0,0.0
MV03397,DR09065,PR00003,SR07623,CONT03455,Import,Gate Out,89,28.1,0.0
MV03398,DR08018,PR00003,SR09091,CONT05161,Transshipment,Gate Out,70,72.5,0.0
MV03399,DR05044,PR00007,SR08286,CONT09489,Export,Discharged,98,59.7,0.0
MV03400,DR04243,PR00003,SR02427,CONT08400,Export,In Yard,88,55.5,0.0
MV03401,DR05029,PR00005,SR00472,CONT05403,Export,In Yard,109,49.6,5.1
MV03402,DR07288,PR00003,SR09129,CONT09460,Import,Loaded,105,50.6,0.0
MV03403,DR02164,PR00001,SR01791,CONT05171,Export,Loaded,76,15.3,0.0
MV03404,DR01642,PR00001,SR07518,CONT00532,Import,In Yard,66,64.1,0.0
MV03405,DR04973,PR00002,SR01610,CONT08216,Export,Gate Out,72,57.2,0.0
MV03406,DR07793,PR00005,SR04438,CONT02720,Import,Discharged,77,39.7,0.0
MV03407,DR08598,PR00003,SR02596,CONT05148,Export,In Yard,105,60.3,0.0
MV03408,DR02135,PR00003,SR00463,CONT09227,Transshipment,In Yard,83,51.0,0.0
MV03409,DR03604,PR00001,SR07096,CONT07035,Transshipment,Discharged,32,20.9,0.0
MV03410,DR03782,PR00004,SR03813,CONT06308,Export,Customs Hold,100,40.8,7.7
MV03411,DR07176,PR00006,SR07717,CONT08333,Export,Gate Out,131,56.4,0.0
MV03412,DR05993,PR00004,SR08620,CONT07133,Export,In Yard,80,40.8,0.0
MV03413,DR03250,PR00007,SR01982,CONT04163,Import,In Yard,46,40.1,1.6
MV03414,DR05602,PR00001,SR06736,CONT04175,Export,Gate Out,105,51.7,4.2
MV03415,DR02492,PR00001,SR05379,CONT05128,Export,Loaded,103,44.3,0.0
MV03416,DR05634,PR00003,SR02982,CONT01223,Import,Gate Out,63,61.4,0.0
MV03417,DR09603,PR00002,SR03646,CONT07247,Export,Loaded,94,31.0,0.0
MV03418,DR07836,PR00005,SR06007,CONT03836,Import,Gate Out,79,51.3,0.0
MV03419,DR06131,PR00006,SR09749,CONT03639,Export,Gate Out,88,39.5,0.0
MV03420,DR02272,PR00001,SR09331,CONT00529,Export,Loaded,86,50.8,0.0
MV03421,DR01299,PR00007,SR03441,CONT01928,Export,In Yard,45,28.5,0.0
MV03422,DR08678,PR00001,SR03962,CONT01351,Import,Loaded,63,45.7,0.0
MV03423,DR05322,PR00005,SR09882,CONT08711,Import,Customs Hold,119,67.3,18.4
MV03424,DR00356,PR00003,SR02263,CONT05595,Export,Discharged,65,37.7,0.0
MV03425,DR04575,PR00004,SR07314,CONT02661,Import,In Yard,81,37.6,0.0
MV03426,DR01508,PR00001,SR08465,CONT04887,Import,Loaded,48,46.3,4.5
MV03427,DR05326,PR00007,SR00604,CONT08435,Export,Discharged,77,55.7,0.0
MV03428,DR09705,PR00007,SR05396,CONT03603,Transshipment,Discharged,78,45.9,0.0
MV03429,DR01811,PR00003,SR01279,CONT07405,Export,Customs Hold,85,34.4,6.3
MV03430,DR07585,PR00003,SR05714,CONT06116,Import,In Yard,114,26.1,0.0
MV03431,DR05988,PR00004,SR04857,CONT07556,Import,Loaded,96,77.8,0.0
MV03432,DR01491,PR00004,SR09254,CONT06094,Export,Discharged,102,43.0,0.0
MV03433,DR02997,PR00004,SR00544,CONT09860,Export,In Yard,92,35.6,0.0
MV03434,DR04483,PR00004,SR04031,CONT07023,Transshipment,In Yard,47,46.6,0.0
MV03435,DR08276,PR00006,SR06339,CONT03314,Import,Customs Hold,89,34.3,6.2
MV03436,DR00075,PR00004,SR07323,CONT03731,Export,Gate Out,108,55.0,0.0
MV03437,DR05363,PR00001,SR05416,CONT08026,Transshipment,Loaded,66,53.6,0.0
MV03438,DR05212,PR00007,SR08657,CONT07041,Import,Discharged,113,37.2,0.0
MV03439,DR05381,PR00002,SR01868,CONT02321,Transshipment,Gate Out,92,37.6,0.0
MV03440,DR09825,PR00001,SR05971,CONT08040,Import,Loaded,137,51.6,0.0
MV03441,DR06860,PR00007,SR04675,CONT04987,Export,Loaded,53,27.2,5.8
MV03442,DR06468,PR00002,SR06060,CONT09472,Import,Gate Out,62,23.7,0.0
MV03443,DR03247,PR00001,SR05768,CONT07381,Export,Gate Out,61,32.5,0.0
MV03444,DR06094,PR00004,SR04945,CONT01070,Transshipment,Loaded,79,70.0,0.0
MV03445,DR09003,PR00006,SR00290,CONT00878,Import,Gate Out,80,36.4,0.0
MV03446,DR08287,PR00001,SR00903,CONT07303,Export,In Yard,92,38.3,1.0
MV03447,DR02577,PR00003,SR08778,CONT05512,Import,In Yard,75,71.2,0.0
MV03448,DR05765,PR00001,SR02847,CONT01198,Import,Discharged,50,48.3,0.0
MV03449,DR04389,PR00003,SR04645,CONT02064,Export,In Yard,43,19.0,0.0
MV03450,DR06426,PR00002,SR03827,CONT04075,Export,Discharged,49,32.5,0.0
MV03451,DR05540,PR00001,SR02924,CONT09885,Import,In Yard,78,51.6,0.0
MV03452,DR02975,PR00007,SR02535,CONT04569,Import,Loaded,84,61.8,0.0
MV03453,DR08897,PR00004,SR05622,CONT08532,Import,Loaded,75,64.6,3.8
MV03454,DR05641,PR00006,SR02734,CONT00645,Import,Discharged,88,54.8,2.3
MV03455,DR09362,PR00007,SR09247,CONT06522,Import,Loaded,84,64.3,0.0
MV03456,DR07347,PR00007,SR08726,CONT04340,Import,Loaded,73,34.1,0.0
MV03457,DR06008,PR00005,SR03333,CONT03644,Export,In Yard,74,37.0,0.0
MV03458,DR05153,PR00002,SR05902,CONT02706,Import,Gate Out,81,26.6,0.0
MV03459,DR00876,PR00006,SR09510,CONT08669,Transshipment,In Yard,55,54.9,0.0
MV03460,DR04064,PR00003,SR09419,CONT03192,Import,Loaded,71,43.9,0.0
MV03461,DR06071,PR00002,SR03667,CONT09941,Export,In Yard,48,42.9,0.0
MV03462,DR02107,PR00003,SR04527,CONT05528,Import,Discharged,99,69.1,0.0
MV03463,DR06669,PR00002,SR07477,CONT07378,Import,Discharged,89,52.5,0.0
MV03464,DR02460,PR00003,SR06298,CONT06766,Export,Discharged,49,55.8,0.0
MV03465,DR06550,PR00006,SR04706,CONT01495,Import,In Yard,81,53.3,0.0
MV03466,DR09190,PR00003,SR05717,CONT08783,Import,Loaded,64,60.1,0.0
MV03467,DR02108,PR00002,SR00594,CONT06354,Import,Loaded,67,27.9,0.0
MV03468,DR01301,PR00001,SR09413,CONT07299,Export,Discharged,69,46.7,0.0
MV03469,DR09682,PR00006,SR07657,CONT05745,Import,Gate Out,37,49.7,0.0
MV03470,DR06295,PR00003,SR01179,CONT07767,Import,Gate Out,108,41.7,0.0
MV03471,DR09292,PR00003,SR01130,CONT04392,Import,In Yard,82,57.9,0.0
MV03472,DR07355,PR00005,SR03116,CONT07592,Export,In Yard,98,68.7,0.0
MV03473,DR01309,PR00006,SR09883,CONT09507,Transshipment,In Yard,95,40.2,0.0
MV03474,DR01999,PR00003,SR07520,CONT00933,Import,In Yard,85,37.3,0.0
MV03475,DR06606,PR00004,SR09374,CONT00287,Import,In Yard,93,29.4,0.0
MV03476,DR01722,PR00002,SR07749,CONT03629,Export,Loaded,88,27.4,0.0
MV03477,DR09266,PR00007,SR07556,CONT00368,Transshipment,Loaded,113,52.8,0.0
MV03478,DR02090,PR00004,SR01092,CONT05615,Import,Loaded,93,50.2,0.0
MV03479,DR02076,PR00005,SR01593,CONT09530,Export,Discharged,84,64.5,0.0
MV03480,DR05478,PR00001,SR05541,CONT04032,Export,Discharged,86,31.5,4.2
MV03481,DR04552,PR00004,SR04141,CONT06461,Import,Customs Hold,56,43.2,12.5
MV03482,DR01911,PR00003,SR02476,CONT08259,Export,Discharged,61,45.3,0.0
MV03483,DR08636,PR00003,SR03979,CONT00647,Export,Loaded,48,40.9,0.0
MV03484,DR02787,PR00005,SR08479,CONT05230,Import,Loaded,105,24.1,0.0
MV03485,DR05108,PR00006,SR00873,CONT05832,Import,Loaded,136,38.4,0.0
MV03486,DR03550,PR00002,SR07593,CONT00595,Import,Loaded,102,71.1,0.0
MV03487,DR07902,PR00006,SR06360,CONT07684,Import,Gate Out,52,58.6,0.0
MV03488,DR00407,PR00002,SR05559,CONT01686,Export,Loaded,58,43.2,0.0
MV03489,DR05756,PR00004,SR02714,CONT03826,Export,Discharged,84,54.5,0.0
MV03490,DR00280,PR00001,SR06269,CONT07958,Export,Gate Out,59,47.7,0.0
MV03491,DR02394,PR00002,SR06122,CONT07247,Export,Loaded,49,31.7,0.0
MV03492,DR00068,PR00006,SR09263,CONT08683,Import,Customs Hold,121,48.2,7.3
MV03493,DR05159,PR00001,SR06021,CONT07248,Import,Discharged,101,38.0,0.0
MV03494,DR08845,PR00007,SR00035,CONT09966,Export,Gate Out,115,49.2,0.0
MV03495,DR03938,PR00002,SR08160,CONT03689,Import,Loaded,58,22.5,0.0
MV03496,DR09182,PR00005,SR06311,CONT07695,Import,In Yard,78,33.4,0.0
MV03497,DR02302,PR00001,SR00846,CONT03174,Export,Gate Out,96,48.6,0.0
MV03498,DR05708,PR00004,SR00733,CONT07736,Export,Gate Out,96,37.9,0.0
MV03499,DR01697,PR00007,SR04236,CONT09485,Import,In Yard,79,28.2,0.0
MV03500,DR00428,PR00004,SR09510,CONT03431,Export,Discharged,106,43.6,0.0
MV03501,DR01413,PR00003,SR00693,CONT04069,Import,In Yard,64,44.1,0.0
MV03502,DR05284,PR00006,SR03589,CONT06897,Export,Discharged,117,55.0,0.0
MV03503,DR07321,PR00005,SR08047,CONT06975,Export,Loaded,68,18.0,0.0
MV03504,DR08778,PR00001,SR02597,CONT04559,Export,Discharged,86,47.4,0.0
MV03505,DR04898,PR00004,SR03507,CONT00856,Import,Loaded,83,45.3,0.0
MV03506,DR08530,PR00004,SR00051,CONT07815,Export,Customs Hold,75,50.9,12.5
MV03507,DR04577,PR00005,SR07919,CONT07645,Import,Discharged,94,65.6,0.0
MV03508,DR05907,PR00002,SR00112,CONT00278,Export,In Yard,74,39.9,0.0
MV03509,DR09089,PR00003,SR07799,CONT00594,Transshipment,Loaded,80,16.2,0.0
MV03510,DR01174,PR00007,SR09695,CONT06159,Import,Discharged,93,73.8,0.0
MV03511,DR09714,PR00004,SR02331,CONT00225,Export,Discharged,117,19.8,0.0
MV03512,DR03438,PR00003,SR07779,CONT02948,Import,Customs Hold,89,40.7,12.0
MV03513,DR00790,PR00007,SR08359,CONT09560,Export,In Yard,85,63.8,0.0
MV03514,DR09892,PR00002,SR09404,CONT06095,Export,Loaded,76,38.4,5.7
MV03515,DR01536,PR00003,SR01745,CONT09089,Import,In Yard,108,32.7,0.0
MV03516,DR08255,PR00005,SR03889,CONT08893,Export,Gate Out,80,41.2,0.0
MV03517,DR04065,PR00005,SR09639,CONT02898,Transshipment,Loaded,103,39.7,0.0
MV03518,DR07176,PR00007,SR03061,CONT06303,Export,Loaded,76,35.8,0.0
MV03519,DR07630,PR00004,SR05567,CONT03139,Transshipment,Discharged,86,32.2,2.1
MV03520,DR03168,PR00002,SR07356,CONT05239,Import,Gate Out,76,57.5,0.0
MV03521,DR04835,PR00003,SR05548,CONT03411,Transshipment,Gate Out,129,40.1,0.0
MV03522,DR01859,PR00001,SR06867,CONT03153,Import,Discharged,96,46.5,0.0
MV03523,DR02113,PR00007,SR04653,CONT06484,Import,In Yard,130,43.1,0.0
MV03524,DR04281,PR00001,SR09520,CONT09293,Import,In Yard,63,58.0,0.0
MV03525,DR00227,PR00004,SR01358,CONT07783,Import,Discharged,119,56.7,0.0
MV03526,DR02340,PR00003,SR02130,CONT01038,Export,Discharged,98,35.8,0.0
MV03527,DR08988,PR00001,SR04093,CONT02787,Import,Loaded,90,54.3,0.0
MV03528,DR03356,PR00002,SR05688,CONT01905,Export,In Yard,68,57.3,0.0
MV03529,DR09975,PR00004,SR07418,CONT05017,Import,In Yard,88,27.5,0.0
MV03530,DR08109,PR00001,SR05882,CONT09105,Import,Loaded,62,32.3,0.0
MV03531,DR05656,PR00007,SR04151,CONT02253,Export,Loaded,115,53.9,0.0
MV03532,DR01717,PR00007,SR07114,CONT07458,Export,Loaded,91,26.2,0.0
MV03533,DR07945,PR00001,SR03627,CONT00110,Import,Gate Out,66,19.8,0.0
MV03534,DR02506,PR00006,SR09678,CONT00047,Export,Loaded,59,28.7,0.0
MV03535,DR06652,PR00002,SR07325,CONT08437,Export,Discharged,64,37.4,0.0
MV03536,DR02553,PR00001,SR09193,CONT04230,Import,Gate Out,70,17.5,0.0
MV03537,DR05053,PR00002,SR08415,CONT06658,Import,In Yard,57,38.3,0.0
MV03538,DR09140,PR00006,SR07450,CONT07811,Transshipment,Customs Hold,77,5.0,12.1
MV03539,DR05645,PR00004,SR04832,CONT00291,Import,Gate Out,116,52.2,0.0
MV03540,DR01026,PR00002,SR03831,CONT09659,Import,Customs Hold,61,44.1,14.6
MV03541,DR02331,PR00005,SR05339,CONT09160,Import,Discharged,123,47.2,0.0
MV03542,DR04594,PR00005,SR03765,CONT07955,Import,Customs Hold,93,59.4,4.0
MV03543,DR00895,PR00005,SR06068,CONT09047,Transshipment,Customs Hold,49,52.3,4.0
MV03544,DR09310,PR00004,SR06762,CONT03903,Transshipment,Gate Out,75,34.2,0.0
MV03545,DR00981,PR00006,SR03602,CONT03240,Export,In Yard,110,36.1,0.0
MV03546,DR08608,PR00004,SR03710,CONT08280,Export,Gate Out,68,54.0,0.0
MV03547,DR07728,PR00001,SR06008,CONT08922,Export,Gate Out,112,54.9,0.0
MV03548,DR06586,PR00006,SR07468,CONT08439,Export,Discharged,91,46.0,0.0
MV03549,DR03723,PR00002,SR01044,CONT03336,Export,In Yard,92,18.6,0.0
MV03550,DR06965,PR00005,SR09335,CONT02283,Transshipment,Loaded,82,54.1,0.0
MV03551,DR02902,PR00005,SR09561,CONT02589,Import,In Yard,84,46.9,0.0
MV03552,DR07001,PR00002,SR06097,CONT09296,Import,In Yard,70,34.7,0.0
MV03553,DR04284,PR00001,SR06769,CONT03920,Export,In Yard,58,9.1,0.0
MV03554,DR01229,PR00005,SR06574,CONT03627,Export,Gate Out,47,46.9,0.0
MV03555,DR07386,PR00006,SR08482,CONT03865,Import,Discharged,90,48.7,0.0
MV03556,DR00611,PR00006,SR06809,CONT02505,Import,In Yard,105,38.5,0.0
MV03557,DR04574,PR00004,SR07674,CONT04077,Export,Discharged,73,37.6,0.0
MV03558,DR00064,PR00002,SR06133,CONT09374,Export,Customs Hold,71,40.9,20.1
MV03559,DR01559,PR00002,SR03388,CONT03522,Export,Loaded,64,41.6,0.0
MV03560,DR04888,PR00005,SR05132,CONT06975,Export,In Yard,113,47.0,0.0
MV03561,DR03689,PR00003,SR01484,CONT02191,Export,Discharged,94,54.3,0.0
MV03562,DR07014,PR00005,SR08055,CONT08485,Export,Customs Hold,56,25.0,14.2
MV03563,DR06297,PR00002,SR02884,CONT05120,Export,Loaded,54,27.0,0.0
MV03564,DR04775,PR00001,SR00881,CONT04455,Import,Gate Out,94,48.9,0.0
MV03565,DR07753,PR00004,SR07168,CONT06957,Import,In Yard,94,45.2,3.7
MV03566,DR00086,PR00004,SR07101,CONT05852,Import,Gate Out,53,68.8,0.0
MV03567,DR02640,PR00004,SR07316,CONT02923,Export,Loaded,72,42.1,5.5
MV03568,DR07028,PR00002,SR01836,CONT09735,Export,In Yard,113,28.3,0.0
MV03569,DR09764,PR00006,SR07716,CONT06784,Import,In Yard,65,25.1,0.0
MV03570,DR03951,PR00003,SR07959,CONT06768,Export,Gate Out,113,55.2,0.0
MV03571,DR04700,PR00005,SR05822,CONT07290,Export,Loaded,90,36.1,0.0
MV03572,DR08037,PR00004,SR06148,CONT08754,Import,Gate Out,43,50.4,0.0
MV03573,DR05386,PR00003,SR01216,CONT01570,Import,Customs Hold,48,30.0,4.0
MV03574,DR09355,PR00005,SR04097,CONT09203,Export,Gate Out,82,51.1,0.0
MV03575,DR02914,PR00004,SR08188,CONT01419,Import,Discharged,95,42.1,0.0
MV03576,DR04599,PR00003,SR04233,CONT05951,Export,Customs Hold,72,44.3,12.0
MV03577,DR08608,PR00004,SR08561,CONT05072,Export,Loaded,84,48.0,0.0
MV03578,DR04663,PR00001,SR02234,CONT09845,Export,Loaded,105,44.2,0.0
MV03579,DR03715,PR00007,SR03183,CONT09976,Export,Gate Out,52,53.6,0.0
MV03580,DR03984,PR00002,SR03459,CONT08075,Export,Gate Out,39,15.4,2.6
MV03581,DR00327,PR00002,SR05829,CONT07881,Transshipment,Discharged,90,46.9,0.0
MV03582,DR04229,PR00005,SR01575,CONT03013,Import,Loaded,93,50.3,0.0
MV03583,DR03682,PR00002,SR00678,CONT07406,Import,Loaded,97,44.1,0.0
MV03584,DR06197,PR00007,SR03356,CONT05485,Import,Discharged,111,19.9,0.0
MV03585,DR08969,PR00003,SR01869,CONT09658,Export,Discharged,118,27.3,0.0
MV03586,DR07380,PR00002,SR04624,CONT05014,Export,In Yard,64,46.5,0.0
MV03587,DR09828,PR00001,SR00284,CONT09836,Export,In Yard,50,48.6,0.0
MV03588,DR03989,PR00001,SR02232,CONT03751,Import,Discharged,60,41.3,0.0
MV03589,DR04317,PR00001,SR02594,CONT04468,Export,In Yard,40,33.9,0.0
MV03590,DR02412,PR00001,SR00075,CONT05286,Export,Customs Hold,84,26.4,15.5
MV03591,DR05414,PR00002,SR04798,CONT06612,Export,Discharged,98,34.1,0.0
MV03592,DR01069,PR00002,SR08150,CONT07983,Export,In Yard,75,18.1,0.0
MV03593,DR02586,PR00003,SR09682,CONT04831,Export,In Yard,113,42.6,0.0
MV03594,DR07332,PR00002,SR08015,CONT05995,Export,Discharged,79,66.3,0.0
MV03595,DR01152,PR00001,SR08139,CONT06690,Import,In Yard,45,32.8,0.0
MV03596,DR04142,PR00001,SR09078,CONT09100,Export,Loaded,71,28.1,0.0
MV03597,DR00219,PR00001,SR03731,CONT01055,Import,In Yard,93,42.3,0.0
MV03598,DR07115,PR00002,SR01602,CONT05981,Import,Gate Out,54,35.7,0.0
MV03599,DR03401,PR00001,SR09138,CONT08596,Export,In Yard,118,17.4,0.0
MV03600,DR03598,PR00003,SR01306,CONT03974,Import,Gate Out,48,44.3,0.0
MV03601,DR01313,PR00007,SR06544,CONT09495,Import,Loaded,68,47.6,0.0
MV03602,DR06545,PR00002,SR02229,CONT07534,Export,Loaded,64,43.3,0.0
MV03603,DR01689,PR00001,SR06630,CONT09536,Export,In Yard,97,71.8,0.0
MV03604,DR04321,PR00004,SR00730,CONT02123,Import,Gate Out,87,41.2,2.0
MV03605,DR03214,PR00003,SR05078,CONT07366,Import,Discharged,90,70.7,0.0
MV03606,DR09370,PR00001,SR06445,CONT05479,Export,In Yard,91,31.2,0.0
MV03607,DR07821,PR00006,SR08428,CONT09773,Export,Discharged,120,33.9,0.0
MV03608,DR04770,PR00005,SR06728,CONT08238,Export,Loaded,96,39.5,0.0
MV03609,DR08371,PR00007,SR05498,CONT06674,Export,In Yard,102,64.3,0.0
MV03610,DR06727,PR00007,SR02661,CONT08922,Export,In Yard,97,41.1,0.0
MV03611,DR02748,PR00004,SR08381,CONT07776,Import,Customs Hold,71,24.0,13.5
MV03612,DR05695,PR00005,SR07089,CONT01811,Export,Gate Out,86,52.4,0.0
MV03613,DR00906,PR00003,SR03647,CONT04373,Import,Customs Hold,93,40.0,10.9
MV03614,DR08306,PR00006,SR02818,CONT08823,Import,In Yard,120,57.0,0.0
MV03615,DR02478,PR00004,SR01922,CONT00209,Transshipment,Discharged,42,29.8,0.0
MV03616,DR07139,PR00002,SR07702,CONT06243,Export,Customs Hold,70,29.5,11.0
MV03617,DR04036,PR00001,SR08964,CONT05059,Import,Discharged,86,63.6,0.0
MV03618,DR04089,PR00004,SR03081,CONT02008,Import,In Yard,103,29.7,0.0
MV03619,DR00618,PR00003,SR01928,CONT03664,Export,Loaded,104,36.1,0.0
MV03620,DR01571,PR00006,SR04355,CONT00129,Import,Gate Out,90,57.5,0.0
MV03621,DR08211,PR00001,SR08015,CONT01358,Transshipment,In Yard,59,5.0,0.0
MV03622,DR04251,PR00006,SR08809,CONT03684,Import,Customs Hold,130,63.0,12.4
MV03623,DR00244,PR00001,SR09750,CONT01259,Import,Loaded,91,69.3,0.0
MV03624,DR09121,PR00004,SR07618,CONT04276,Import,Gate Out,63,55.7,0.0
MV03625,DR08533,PR00003,SR05932,CONT06999,Export,Loaded,121,35.5,0.0
MV03626,DR07518,PR00002,SR01478,CONT02531,Import,In Yard,106,38.1,0.0
MV03627,DR05200,PR00003,SR08337,CONT03312,Import,Loaded,40,37.8,0.0
MV03628,DR04133,PR00002,SR03784,CONT00050,Transshipment,Discharged,76,52.2,0.0
MV03629,DR05353,PR00001,SR02348,CONT01200,Import,Loaded,16,55.0,0.0
MV03630,DR03780,PR00006,SR02855,CONT04592,Export,Gate Out,80,67.9,0.0
MV03631,DR01881,PR00002,SR04865,CONT07853,Import,Loaded,105,44.7,0.0
MV03632,DR00496,PR00005,SR04382,CONT09300,Export,Loaded,119,43.1,0.0
MV03633,DR04476,PR00005,SR09721,CONT04863,Import,In Yard,82,31.8,0.0
MV03634,DR03032,PR00001,SR02359,CONT09427,Export,Loaded,60,50.4,0.0
MV03635,DR04679,PR00006,SR04179,CONT06335,Export,Gate Out,72,57.5,0.0
MV03636,DR06485,PR00006,SR00414,CONT04896,Export,Loaded,103,44.4,0.0
MV03637,DR05323,PR00006,SR02020,CONT03537,Transshipment,Gate Out,103,53.5,0.0
MV03638,DR09014,PR00006,SR09338,CONT09027,Import,Discharged,84,69.0,0.0
MV03639,DR03318,PR00004,SR09820,CONT01879,Import,Customs Hold,118,59.3,19.8
MV03640,DR06686,PR00007,SR09500,CONT00914,Import,Loaded,108,22.3,0.0
MV03641,DR08895,PR00001,SR00994,CONT08249,Export,In Yard,63,33.6,0.0
MV03642,DR00332,PR00001,SR03438,CONT08487,Import,Loaded,104,46.6,0.0
MV03643,DR05623,PR00005,SR09696,CONT08684,Export,In Yard,40,36.5,0.0
MV03644,DR03258,PR00002,SR05163,CONT05583,Transshipment,Discharged,99,55.9,0.0
MV03645,DR06014,PR00004,SR04303,CONT02589,Import,Loaded,38,36.2,0.0
MV03646,DR07786,PR00003,SR06246,CONT00695,Import,In Yard,102,34.2,0.0
MV03647,DR05388,PR00002,SR06938,CONT05917,Export,Discharged,71,30.3,0.0
MV03648,DR08319,PR00006,SR02205,CONT00642,Import,In Yard,87,58.3,0.0
MV03649,DR00033,PR00001,SR07559,CONT02363,Import,Loaded,37,16.4,0.0
MV03650,DR00935,PR00001,SR08202,CONT00261,Import,Discharged,93,35.6,0.0
MV03651,DR08575,PR00004,SR04732,CONT09835,Export,Loaded,106,57.5,0.0
MV03652,DR02643,PR00006,SR02465,CONT03257,Export,Customs Hold,82,27.8,14.5
MV03653,DR06812,PR00006,SR08198,CONT05294,Import,Loaded,107,40.0,0.0
MV03654,DR03233,PR00002,SR03228,CONT05423,Import,Discharged,102,19.5,0.0
MV03655,DR01466,PR00006,SR06178,CONT05653,Export,Customs Hold,90,37.9,12.3
MV03656,DR08922,PR00004,SR01331,CONT07785,Import,In Yard,70,33.7,2.2
MV03657,DR04113,PR00006,SR09667,CONT06467,Export,Discharged,108,50.4,0.0
MV03658,DR05760,PR00001,SR01537,CONT05993,Export,Loaded,106,24.1,0.0
MV03659,DR08994,PR00002,SR08652,CONT09395,Transshipment,Discharged,71,38.5,0.0
MV03660,DR01869,PR00003,SR05918,CONT04977,Export,Gate Out,76,49.7,0.0
MV03661,DR07047,PR00004,SR04052,CONT02387,Export,Loaded,33,42.8,0.0
MV03662,DR05786,PR00001,SR09732,CONT02404,Export,Gate Out,38,61.7,0.0
MV03663,DR08612,PR00003,SR02915,CONT09843,Export,Loaded,97,40.3,0.0
MV03664,DR07265,PR00004,SR00737,CONT06066,Import,Gate Out,69,34.7,0.0
MV03665,DR04780,PR00003,SR07570,CONT08903,Export,Gate Out,98,51.0,0.0
MV03666,DR03614,PR00003,SR01405,CONT09751,Export,In Yard,87,38.3,0.0
MV03667,DR07025,PR00002,SR00753,CONT06456,Import,Discharged,46,35.2,3.3
MV03668,DR09412,PR00006,SR04377,CONT09389,Export,Discharged,114,22.6,0.0
MV03669,DR06834,PR00004,SR07834,CONT09601,Import,Gate Out,67,39.7,0.0
MV03670,DR08284,PR00004,SR05692,CONT03935,Import,Gate Out,84,51.9,0.0
MV03671,DR03553,PR00007,SR09759,CONT03785,Import,Loaded,113,75.7,0.0
MV03672,DR06240,PR00004,SR03440,CONT04874,Import,Discharged,89,69.3,0.0
MV03673,DR08231,PR00002,SR01908,CONT06312,Import,Discharged,93,49.1,0.0
MV03674,DR03794,PR00004,SR01048,CONT04173,Export,Discharged,85,50.8,0.0
MV03675,DR01808,PR00007,SR00522,CONT05662,Export,Customs Hold,145,59.3,14.9
MV03676,DR00112,PR00001,SR08757,CONT05663,Transshipment,In Yard,90,38.8,0.0
MV03677,DR04663,PR00004,SR03133,CONT05572,Transshipment,Loaded,129,26.0,0.0
MV03678,DR00717,PR00001,SR06163,CONT04109,Import,In Yard,97,45.2,0.0
MV03679,DR09143,PR00006,SR06243,CONT03213,Export,Loaded,111,50.1,3.0
MV03680,DR08054,PR00004,SR08957,CONT02224,Import,Gate Out,80,49.4,0.0
MV03681,DR06883,PR00007,SR04696,CONT07336,Export,In Yard,70,20.1,0.0
MV03682,DR08953,PR00004,SR06169,CONT02031,Export,Gate Out,127,48.2,0.0
MV03683,DR04229,PR00001,SR02097,CONT01492,Import,Gate Out,38,51.7,0.0
MV03684,DR01239,PR00003,SR04314,CONT08293,Import,In Yard,119,56.5,0.0
MV03685,DR06677,PR00007,SR01682,CONT08717,Export,Gate Out,104,42.2,0.0
MV03686,DR00900,PR00002,SR04773,CONT05008,Import,In Yard,72,26.5,0.0
MV03687,DR01220,PR00001,SR03026,CONT06390,Import,In Yard,115,41.4,0.0
MV03688,DR06878,PR00005,SR05884,CONT01281,Export,In Yard,86,56.2,0.0
MV03689,DR02955,PR00003,SR09695,CONT01159,Import,Loaded,47,47.7,0.0
MV03690,DR05579,PR00001,SR00825,CONT05480,Export,In Yard,94,41.5,0.0
MV03691,DR01883,PR00002,SR09705,CONT04365,Export,In Yard,57,49.8,0.0
MV03692,DR03685,PR00002,SR02743,CONT06836,Import,Loaded,103,44.8,0.0
MV03693,DR04934,PR00004,SR01747,CONT08361,Import,In Yard,99,56.3,0.0
MV03694,DR03097,PR00003,SR08717,CONT01748,Import,In Yard,73,59.2,0.0
MV03695,DR09762,PR00003,SR01213,CONT01091,Transshipment,Discharged,90,35.2,0.0
MV03696,DR02444,PR00006,SR09988,CONT09883,Export,Loaded,100,36.0,0.0
MV03697,DR05699,PR00002,SR06043,CONT01900,Import,In Yard,27,47.0,0.0
MV03698,DR01998,PR00005,SR05426,CONT01610,Export,Loaded,73,35.4,0.0
MV03699,DR05310,PR00003,SR00772,CONT06653,Import,Loaded,80,15.7,0.0
MV03700,DR02277,PR00003,SR06491,CONT05193,Import,In Yard,65,55.6,0.0
MV03701,DR01808,PR00004,SR05921,CONT05827,Import,In Yard,96,51.8,5.4
MV03702,DR03311,PR00005,SR07720,CONT00308,Export,Gate Out,80,42.7,0.0
MV03703,DR08537,PR00007,SR08925,CONT09669,Import,Customs Hold,97,44.6,25.5
MV03704,DR05112,PR00002,SR09317,CONT08203,Export,Discharged,66,48.4,0.0
MV03705,DR04523,PR00001,SR07497,CONT09667,Import,Discharged,58,19.3,0.0
MV03706,DR09785,PR00003,SR00094,CONT01162,Export,Loaded,78,41.0,0.0
MV03707,DR06963,PR00004,SR07631,CONT01543,Export,Loaded,88,52.2,0.0
MV03708,DR00288,PR00002,SR06989,CONT07113,Import,In Yard,82,54.7,0.0
MV03709,DR04596,PR00006,SR09046,CONT01467,Import,Gate Out,57,21.3,0.0
MV03710,DR07631,PR00006,SR05519,CONT03010,Export,Gate Out,75,51.2,5.1
MV03711,DR02456,PR00003,SR04397,CONT04114,Import,In Yard,67,37.6,0.0
MV03712,DR01052,PR00003,SR01616,CONT05091,Import,Discharged,72,32.5,5.5
MV03713,DR03640,PR00001,SR05444,CONT02100,Export,In Yard,114,23.7,0.0
MV03714,DR05503,PR00003,SR09214,CONT07703,Export,Discharged,64,68.0,0.0
MV03715,DR03920,PR00004,SR01346,CONT00881,Export,Discharged,80,40.8,0.0
MV03716,DR01896,PR00006,SR06758,CONT09559,Import,In Yard,87,50.7,0.0
MV03717,DR08811,PR00003,SR05118,CONT09608,Import,Loaded,99,27.3,0.0
MV03718,DR00128,PR00001,SR03786,CONT01690,Export,In Yard,113,22.1,0.0
MV03719,DR02180,PR00001,SR03496,CONT06841,Export,In Yard,82,54.6,0.0
MV03720,DR01263,PR00001,SR00289,CONT08400,Import,Discharged,89,22.5,0.0
MV03721,DR02483,PR00007,SR03264,CONT02628,Import,Discharged,132,65.9,0.0
MV03722,DR02248,PR00006,SR05371,CONT02188,Import,Loaded,91,76.9,0.0
MV03723,DR06104,PR00006,SR05883,CONT08491,Import,Loaded,130,43.4,0.0
MV03724,DR02947,PR00006,SR08492,CONT00592,Transshipment,Discharged,81,47.5,0.0
MV03725,DR06153,PR00001,SR09090,CONT09164,Import,Gate Out,56,5.0,0.0
MV03726,DR01851,PR00005,SR08573,CONT08440,Export,Customs Hold,99,27.3,11.4
MV03727,DR09356,PR00005,SR03111,CONT06903,Import,In Yard,78,60.2,0.0
MV03728,DR03009,PR00002,SR09737,CONT03100,Import,Loaded,113,61.8,0.0
MV03729,DR04788,PR00003,SR04141,CONT07207,Export,In Yard,99,36.8,0.0
MV03730,DR02978,PR00004,SR01936,CONT08211,Export,Loaded,61,34.3,0.0
MV03731,DR02790,PR00006,SR00100,CONT03511,Import,In Yard,111,30.9,0.0
MV03732,DR09084,PR00001,SR08159,CONT08912,Import,Loaded,99,27.3,0.0
MV03733,DR04093,PR00006,SR06456,CONT07646,Import,In Yard,73,68.8,0.0
MV03734,DR07664,PR00007,SR07860,CONT06221,Import,Customs Hold,30,51.0,17.4
MV03735,DR07889,PR00007,SR01608,CONT04144,Export,Loaded,107,29.7,0.0
MV03736,DR01865,PR00001,SR07777,CONT03502,Import,Discharged,76,51.4,0.0
MV03737,DR01482,PR00002,SR05366,CONT00347,Import,Loaded,117,76.3,0.0
MV03738,DR06469,PR00005,SR03770,CONT01427,Export,Gate Out,67,36.9,0.0
MV03739,DR02297,PR00002,SR05564,CONT04502,Export,In Yard,106,38.8,0.0
MV03740,DR04104,PR00001,SR05499,CONT01749,Import,Discharged,59,43.6,0.0
MV03741,DR09248,PR00005,SR07464,CONT00562,Export,Loaded,81,65.1,0.0
MV03742,DR04625,PR00001,SR07354,CONT06278,Import,In Yard,56,44.7,0.0
MV03743,DR03528,PR00003,SR01094,CONT01225,Import,Discharged,44,34.9,0.0
MV03744,DR03329,PR00007,SR00691,CONT04916,Import,Loaded,76,45.5,0.0
MV03745,DR07229,PR00003,SR04542,CONT05558,Export,Customs Hold,62,20.6,13.6
MV03746,DR06565,PR00007,SR06060,CONT06710,Import,Gate Out,80,35.0,0.0
MV03747,DR07203,PR00003,SR09055,CONT05580,Transshipment,In Yard,71,45.7,0.0
MV03748,DR00252,PR00002,SR06789,CONT00721,Import,Loaded,51,28.6,0.0
MV03749,DR01492,PR00001,SR06458,CONT09786,Export,Discharged,88,45.2,0.0
MV03750,DR03763,PR00002,SR04961,CONT02606,Import,Discharged,51,38.4,0.0
MV03751,DR07225,PR00002,SR01593,CONT01541,Import,Loaded,74,42.3,0.0
MV03752,DR07686,PR00006,SR08920,CONT01886,Export,Discharged,75,45.8,3.5
MV03753,DR04292,PR00007,SR01743,CONT02782,Import,Discharged,119,64.7,0.0
MV03754,DR09940,PR00001,SR08333,CONT09243,Export,Gate Out,94,55.0,0.0
MV03755,DR05392,PR00001,SR04772,CONT07390,Export,Customs Hold,65,35.8,15.8
MV03756,DR01354,PR00004,SR09023,CONT02484,Export,Loaded,46,35.8,0.0
MV03757,DR08764,PR00003,SR01222,CONT02432,Export,In Yard,68,38.5,0.0
MV03758,DR03344,PR00002,SR08060,CONT00499,Import,Discharged,49,25.3,0.0
MV03759,DR02899,PR00002,SR03285,CONT00092,Export,Customs Hold,110,57.6,7.8
MV03760,DR03873,PR00002,SR06791,CONT01028,Export,In Yard,88,36.2,0.0
MV03761,DR08789,PR00003,SR04034,CONT09587,Export,Gate Out,83,40.9,0.0
MV03762,DR05469,PR00001,SR09632,CONT05253,Export,Loaded,60,44.3,0.0
MV03763,DR04124,PR00005,SR08411,CONT03699,Export,Loaded,91,54.0,0.0
MV03764,DR04846,PR00002,SR03241,CONT00224,Export,Loaded,98,49.0,0.0
MV03765,DR09809,PR00003,SR03619,CONT09898,Import,Loaded,81,41.2,0.0
MV03766,DR08293,PR00003,SR09748,CONT02723,Import,In Yard,87,66.4,1.5
MV03767,DR01213,PR00002,SR01895,CONT04419,Import,In Yard,54,44.5,0.0
MV03768,DR06396,PR00006,SR02699,CONT05831,Import,Customs Hold,97,50.2,10.7
MV03769,DR08566,PR00005,SR09529,CONT07906,Export,Discharged,97,73.4,0.0
MV03770,DR08160,PR00006,SR01933,CONT00926,Import,In Yard,106,35.4,4.1
MV03771,DR02989,PR00003,SR04060,CONT04104,Import,Loaded,69,72.3,0.0
MV03772,DR07161,PR00003,SR08728,CONT04953,Transshipment,Discharged,56,15.1,0.0
MV03773,DR05462,PR00002,SR01881,CONT03543,Transshipment,Loaded,59,40.3,0.0
MV03774,DR09455,PR00004,SR08617,CONT07883,Export,Gate Out,112,28.8,0.0
MV03775,DR05794,PR00004,SR09531,CONT00644,Import,Loaded,120,30.8,0.0
MV03776,DR07371,PR00003,SR02462,CONT07706,Import,Discharged,67,42.9,0.0
MV03777,DR02142,PR00001,SR08059,CONT01247,Import,In Yard,72,39.7,0.0
MV03778,DR00997,PR00002,SR03668,CONT02003,Import,Discharged,74,37.6,0.0
MV03779,DR06547,PR00001,SR05501,CONT00823,Import,Discharged,62,55.2,0.0
MV03780,DR06897,PR00002,SR01417,CONT01874,Export,Discharged,44,50.2,0.0
MV03781,DR08984,PR00004,SR06231,CONT06136,Import,Customs Hold,72,39.8,11.7
MV03782,DR00330,PR00007,SR01946,CONT08560,Import,Gate Out,103,25.5,0.0
MV03783,DR04749,PR00001,SR06991,CONT08698,Export,Discharged,50,46.5,0.0
MV03784,DR01768,PR00001,SR03611,CONT07292,Import,Loaded,77,29.7,0.0
MV03785,DR01718,PR00002,SR08856,CONT06714,Import,Customs Hold,69,43.3,16.5
MV03786,DR09363,PR00001,SR01607,CONT03840,Import,Loaded,88,52.4,0.0
MV03787,DR07735,PR00005,SR04258,CONT01253,Import,In Yard,122,40.8,0.0
MV03788,DR09555,PR00001,SR01440,CONT08135,Export,In Yard,99,60.6,0.0
MV03789,DR06330,PR00007,SR00388,CONT07406,Import,Discharged,102,50.1,0.0
MV03790,DR01082,PR00006,SR03348,CONT00631,Import,In Yard,61,48.5,0.0
MV03791,DR08256,PR00003,SR09631,CONT02734,Export,Gate Out,105,54.8,0.0
MV03792,DR03971,PR00007,SR08011,CONT01896,Export,Gate Out,99,56.9,0.0
MV03793,DR00607,PR00004,SR07614,CONT06967,Export,Gate Out,77,65.2,0.0
MV03794,DR09885,PR00007,SR08759,CONT06183,Export,Loaded,60,36.3,0.0
MV03795,DR09904,PR00002,SR01934,CONT02983,Export,Gate Out,69,28.8,0.0
MV03796,DR00737,PR00007,SR02794,CONT05959,Import,Gate Out,83,40.8,3.6
MV03797,DR02548,PR00001,SR02934,CONT09652,Export,Discharged,107,85.6,0.0
MV03798,DR09116,PR00002,SR09253,CONT06366,Import,Discharged,90,57.1,0.0
MV03799,DR01293,PR00007,SR09688,CONT05164,Import,Loaded,71,45.8,0.0
MV03800,DR09829,PR00003,SR00061,CONT07079,Transshipment,Loaded,119,44.5,0.0
MV03801,DR02847,PR00002,SR06448,CONT05981,Import,Gate Out,105,41.3,0.0
MV03802,DR08823,PR00001,SR02991,CONT03703,Import,In Yard,12,37.5,4.6
MV03803,DR03350,PR00001,SR02356,CONT06635,Import,Gate Out,83,50.3,0.0
MV03804,DR08180,PR00002,SR05860,CONT02555,Export,Discharged,86,48.4,0.0
MV03805,DR02442,PR00003,SR01135,CONT03551,Import,Loaded,50,56.6,0.0
MV03806,DR05713,PR00004,SR08954,CONT06234,Transshipment,Discharged,76,70.5,0.0
MV03807,DR07902,PR00006,SR03268,CONT03955,Import,In Yard,94,43.8,0.0
MV03808,DR09121,PR00001,SR08877,CONT09661,Export,Discharged,53,33.2,0.0
MV03809,DR02027,PR00006,SR01085,CONT00841,Import,In Yard,105,48.8,0.0
MV03810,DR01010,PR00004,SR07764,CONT04319,Import,Discharged,75,36.9,0.0
MV03811,DR05981,PR00005,SR00461,CONT05058,Import,Loaded,67,50.8,5.0
MV03812,DR01134,PR00005,SR04236,CONT00647,Import,In Yard,83,58.3,0.0
MV03813,DR02468,PR00007,SR01962,CONT04035,Import,Loaded,88,67.4,0.0
MV03814,DR06915,PR00001,SR08932,CONT07716,Import,Gate Out,100,32.8,0.0
MV03815,DR02135,PR00004,SR03104,CONT07608,Export,Discharged,113,55.2,0.0
MV03816,DR00088,PR00007,SR00226,CONT04153,Export,Discharged,133,42.1,0.0
MV03817,DR01421,PR00005,SR07028,CONT02070,Import,Gate Out,75,45.3,0.0
MV03818,DR06397,PR00001,SR00407,CONT02083,Export,Loaded,102,72.7,0.0
MV03819,DR00596,PR00004,SR07405,CONT01967,Export,Discharged,65,36.7,0.0
MV03820,DR06176,PR00006,SR06875,CONT00843,Transshipment,In Yard,103,81.4,0.0
MV03821,DR02568,PR00002,SR07187,CONT06469,Import,Gate Out,79,28.6,0.0
MV03822,DR06120,PR00004,SR01920,CONT08782,Import,In Yard,95,44.5,0.0
MV03823,DR09340,PR00006,SR06851,CONT02797,Transshipment,Discharged,63,39.0,0.0
MV03824,DR01725,PR00003,SR09955,CONT09459,Transshipment,In Yard,80,49.3,0.0
MV03825,DR03204,PR00001,SR01787,CONT09555,Transshipment,In Yard,59,36.0,0.0
MV03826,DR09152,PR00004,SR05295,CONT07414,Export,Loaded,143,60.4,0.0
MV03827,DR03979,PR00004,SR03326,CONT01604,Export,Gate Out,104,5.0,0.0
MV03828,DR07341,PR00003,SR01432,CONT03215,Transshipment,In Yard,62,26.3,0.0
MV03829,DR05992,PR00005,SR00915,CONT03720,Export,Discharged,73,68.6,0.0
MV03830,DR02811,PR00003,SR09543,CONT06767,Import,Customs Hold,64,30.7,8.7
MV03831,DR09610,PR00006,SR07813,CONT00817,Transshipment,Discharged,87,46.9,0.0
MV03832,DR05986,PR00006,SR03094,CONT03512,Export,In Yard,90,59.5,5.7
MV03833,DR06416,PR00006,SR02342,CONT09356,Import,Gate Out,83,46.9,0.0
MV03834,DR03973,PR00003,SR02811,CONT01817,Import,In Yard,86,36.0,0.0
MV03835,DR07112,PR00001,SR02891,CONT00053,Export,Discharged,87,47.8,0.0
MV03836,DR07616,PR00005,SR01321,CONT08140,Import,In Yard,109,58.9,0.0
MV03837,DR05400,PR00001,SR05519,CONT05533,Export,In Yard,77,36.2,0.0
MV03838,DR04950,PR00003,SR08980,CONT07455,Import,In Yard,129,54.3,0.0
MV03839,DR04602,PR00001,SR07377,CONT09498,Import,In Yard,89,53.2,0.0
MV03840,DR02897,PR00003,SR07640,CONT08692,Export,Discharged,98,57.0,0.0
MV03841,DR05859,PR00005,SR08838,CONT03315,Transshipment,Loaded,87,52.8,0.0
MV03842,DR08165,PR00003,SR07913,CONT08785,Export,Gate Out,106,69.2,0.0
MV03843,DR09618,PR00003,SR01786,CONT08857,Import,In Yard,111,49.6,0.0
MV03844,DR03979,PR00001,SR04059,CONT07728,Import,Loaded,109,29.2,0.0
MV03845,DR08758,PR00002,SR02543,CONT00143,Import,Discharged,112,44.7,0.0
MV03846,DR09958,PR00003,SR06269,CONT06782,Transshipment,Customs Hold,111,62.8,11.8
MV03847,DR05171,PR00006,SR09809,CONT00647,Import,Discharged,102,41.9,0.0
MV03848,DR03922,PR00006,SR06941,CONT00484,Transshipment,In Yard,127,22.4,3.4
MV03849,DR05194,PR00007,SR01698,CONT04253,Export,Customs Hold,92,61.0,16.0
MV03850,DR05700,PR00001,SR09853,CONT01433,Import,Gate Out,52,30.2,0.0
MV03851,DR04972,PR00002,SR05913,CONT04291,Import,Gate Out,105,76.7,0.0
MV03852,DR04000,PR00003,SR05552,CONT02618,Transshipment,Loaded,54,44.5,0.0
MV03853,DR09632,PR00004,SR02068,CONT03067,Import,Loaded,82,64.6,0.0
MV03854,DR05349,PR00005,SR02713,CONT00765,Export,Loaded,64,37.6,0.0
MV03855,DR00247,PR00006,SR08229,CONT00072,Import,Gate Out,98,55.2,0.0
MV03856,DR09911,PR00003,SR01197,CONT02073,Import,Customs Hold,93,51.8,10.5
MV03857,DR01194,PR00004,SR02066,CONT02707,Import,Gate Out,102,62.4,0.0
MV03858,DR01120,PR00007,SR02427,CONT01632,Import,Loaded,142,55.5,4.8
MV03859,DR04562,PR00002,SR08741,CONT02949,Export,Customs Hold,63,28.7,12.4
MV03860,DR08141,PR00006,SR00255,CONT09903,Export,Loaded,96,65.0,0.0
MV03861,DR08186,PR00005,SR01160,CONT09678,Import,Discharged,88,34.7,0.0
MV03862,DR08884,PR00001,SR01438,CONT07998,Export,In Yard,74,33.4,0.0
MV03863,DR05678,PR00007,SR01529,CONT00014,Import,Gate Out,79,44.4,0.0
MV03864,DR06710,PR00006,SR05115,CONT00573,Transshipment,Loaded,142,45.3,0.0
MV03865,DR02570,PR00005,SR08912,CONT06460,Export,In Yard,91,48.2,0.0
MV03866,DR04918,PR00001,SR00054,CONT00566,Export,In Yard,60,25.3,0.0
MV03867,DR09944,PR00001,SR09339,CONT09842,Transshipment,In Yard,73,54.6,0.0
MV03868,DR05419,PR00005,SR00960,CONT07295,Import,Loaded,88,62.4,0.0
MV03869,DR01726,PR00001,SR02647,CONT05878,Import,Gate Out,99,54.8,0.0
MV03870,DR06852,PR00001,SR00500,CONT02416,Import,Loaded,74,55.5,0.0
MV03871,DR07265,PR00003,SR09614,CONT01709,Export,Discharged,72,17.0,0.0
MV03872,DR09529,PR00001,SR05271,CONT09053,Import,In Yard,59,43.5,0.0
MV03873,DR08688,PR00005,SR07177,CONT02939,Export,In Yard,102,53.2,0.0
MV03874,DR03455,PR00004,SR00245,CONT09605,Import,Gate Out,124,67.9,0.0
MV03875,DR08488,PR00001,SR05994,CONT05340,Import,Customs Hold,83,43.3,9.8
MV03876,DR09153,PR00004,SR05079,CONT07113,Export,Loaded,73,67.4,0.0
MV03877,DR08868,PR00001,SR03581,CONT09004,Export,Gate Out,85,44.0,0.0
MV03878,DR02802,PR00001,SR06123,CONT03130,Import,Discharged,68,5.0,0.0
MV03879,DR04155,PR00003,SR03155,CONT08983,Export,In Yard,136,45.7,4.6
MV03880,DR04486,PR00003,SR02247,CONT08384,Export,Loaded,121,36.1,0.0
MV03881,DR09050,PR00002,SR07529,CONT03691,Import,In Yard,76,29.5,0.0
MV03882,DR04402,PR00004,SR09224,CONT03071,Export,Discharged,75,58.2,0.0
MV03883,DR02965,PR00003,SR08139,CONT08857,Import,Loaded,84,48.9,0.0
MV03884,DR01742,PR00004,SR09789,CONT05287,Export,Loaded,90,37.8,0.0
MV03885,DR05766,PR00002,SR04328,CONT06810,Import,Discharged,78,30.7,0.0
MV03886,DR01895,PR00005,SR09243,CONT00613,Export,Discharged,61,47.7,0.0
MV03887,DR00657,PR00004,SR09022,CONT02855,Import,In Yard,53,40.1,5.2
MV03888,DR08613,PR00001,SR09041,CONT05012,Import,Loaded,97,45.1,0.0
MV03889,DR01601,PR00005,SR01560,CONT02864,Export,Gate Out,82,33.3,1.0
MV03890,DR09904,PR00006,SR00804,CONT02795,Import,Customs Hold,85,38.6,8.8
MV03891,DR04764,PR00001,SR05706,CONT05581,Export,In Yard,54,23.4,0.0
MV03892,DR09469,PR00004,SR03258,CONT07736,Export,Loaded,117,39.3,0.0
MV03893,DR05213,PR00006,SR04130,CONT05791,Import,Discharged,103,73.8,5.2
MV03894,DR02120,PR00001,SR02586,CONT06163,Import,Customs Hold,56,24.4,11.7
MV03895,DR04945,PR00007,SR01861,CONT02727,Export,In Yard,112,46.8,0.0
MV03896,DR02881,PR00003,SR01948,CONT04808,Import,Discharged,87,32.3,5.6
MV03897,DR02956,PR00005,SR08813,CONT06094,Import,Gate Out,97,45.6,0.0
MV03898,DR01259,PR00006,SR05831,CONT06514,Import,Discharged,101,46.6,0.0
MV03899,DR05422,PR00007,SR06615,CONT02267,Import,Loaded,101,64.8,0.0
MV03900,DR06960,PR00004,SR08355,CONT03096,Export,In Yard,82,39.2,0.0
MV03901,DR06415,PR00005,SR09832,CONT03000,Export,Gate Out,81,51.5,0.0
MV03902,DR00043,PR00002,SR08635,CONT01049,Export,In Yard,93,21.1,0.0
MV03903,DR01195,PR00002,SR08916,CONT06765,Export,In Yard,114,36.3,0.0
MV03904,DR06793,PR00006,SR02214,CONT03644,Export,Gate Out,103,61.6,0.0
MV03905,DR05406,PR00003,SR00132,CONT03134,Export,Gate Out,99,29.9,0.0
MV03906,DR02649,PR00006,SR03736,CONT06019,Export,In Yard,96,51.5,1.1
MV03907,DR05763,PR00001,SR04418,CONT03600,Import,In Yard,89,28.0,0.0
MV03908,DR07204,PR00002,SR07982,CONT01514,Export,Gate Out,103,45.3,0.0
MV03909,DR02506,PR00001,SR01560,CONT01805,Import,Gate Out,68,58.3,0.0
MV03910,DR01847,PR00003,SR07723,CONT05030,Import,In Yard,86,56.7,0.0
MV03911,DR00904,PR00001,SR07054,CONT03752,Import,In Yard,104,18.6,0.0
MV03912,DR09332,PR00002,SR08712,CONT07789,Import,Loaded,110,85.4,0.0
MV03913,DR02147,PR00007,SR05562,CONT02698,Import,Discharged,113,35.5,0.0
MV03914,DR01112,PR00006,SR00957,CONT09296,Import,Discharged,115,75.8,0.0
MV03915,DR03760,PR00005,SR07910,CONT08244,Import,Gate Out,63,34.2,0.0
MV03916,DR00363,PR00001,SR01144,CONT03375,Import,Gate Out,49,18.0,0.0
MV03917,DR01419,PR00003,SR02087,CONT06316,Import,Loaded,65,33.1,0.0
MV03918,DR01168,PR00005,SR07589,CONT05401,Import,In Yard,89,41.5,0.0
MV03919,DR06663,PR00001,SR03713,CONT04942,Export,In Yard,81,32.9,0.0
MV03920,DR02433,PR00003,SR07256,CONT03463,Export,In Yard,18,39.8,0.0
MV03921,DR01849,PR00007,SR07793,CONT07227,Import,In Yard,63,49.2,0.0
MV03922,DR06805,PR00001,SR08270,CONT06034,Import,Loaded,77,58.5,0.0
MV03923,DR05408,PR00007,SR03548,CONT09230,Import,Discharged,132,49.8,0.0
MV03924,DR04395,PR00001,SR09471,CONT00691,Import,Gate Out,62,37.0,0.0
MV03925,DR00273,PR00001,SR03127,CONT02298,Import,Discharged,56,24.6,0.0
MV03926,DR04601,PR00001,SR09779,CONT00553,Import,Gate Out,75,40.4,0.0
MV03927,DR01773,PR00007,SR07619,CONT01096,Export,Discharged,139,46.4,0.0
MV03928,DR05912,PR00004,SR05024,CONT05743,Export,Loaded,56,22.6,2.6
MV03929,DR00949,PR00005,SR08883,CONT06242,Export,Loaded,125,79.2,0.0
MV03930,DR06763,PR00003,SR08231,CONT03479,Import,Gate Out,55,42.2,0.0
MV03931,DR04344,PR00006,SR05886,CONT01447,Import,Gate Out,101,48.8,0.0
MV03932,DR07186,PR00004,SR03866,CONT04220,Export,Loaded,63,54.3,0.0
MV03933,DR04508,PR00004,SR09024,CONT04152,Export,Gate Out,96,16.9,0.0
MV03934,DR04229,PR00005,SR08530,CONT04857,Export,Loaded,120,79.1,0.0
MV03935,DR09547,PR00005,SR09521,CONT00573,Transshipment,Loaded,133,40.8,0.0
MV03936,DR01261,PR00005,SR07317,CONT04398,Export,Discharged,78,32.5,0.0
MV03937,DR05808,PR00001,SR07008,CONT09957,Import,Gate Out,97,38.9,0.0
MV03938,DR00944,PR00006,SR05499,CONT01472,Export,In Yard,84,60.3,0.0
MV03939,DR01222,PR00002,SR08881,CONT06071,Import,Loaded,69,65.4,0.0
MV03940,DR02576,PR00007,SR03538,CONT09287,Export,Discharged,67,68.3,0.0
MV03941,DR01188,PR00003,SR02627,CONT04530,Import,Discharged,48,40.7,0.0
MV03942,DR01713,PR00001,SR08399,CONT01800,Import,In Yard,56,20.6,0.0
MV03943,DR07999,PR00002,SR04938,CONT06651,Import,In Yard,89,40.1,0.0
MV03944,DR03859,PR00004,SR07517,CONT03528,Import,Gate Out,52,32.2,0.0
MV03945,DR07380,PR00003,SR04183,CONT00858,Export,Loaded,87,23.6,0.0
MV03946,DR09919,PR00006,SR05983,CONT04419,Import,Gate Out,103,61.1,0.0
MV03947,DR02208,PR00005,SR01966,CONT07850,Import,Loaded,54,40.1,0.0
MV03948,DR03014,PR00002,SR05766,CONT06997,Import,Loaded,60,46.0,0.0
MV03949,DR02413,PR00003,SR05823,CONT02342,Export,Gate Out,78,46.5,0.0
MV03950,DR09437,PR00006,SR01595,CONT01049,Export,In Yard,74,50.4,0.0
MV03951,DR00009,PR00006,SR02852,CONT07948,Export,Gate Out,140,52.7,0.0
MV03952,DR06455,PR00003,SR05473,CONT02470,Import,In Yard,70,60.3,0.0
MV03953,DR02221,PR00007,SR08470,CONT06582,Import,In Yard,46,38.6,3.4
MV03954,DR00510,PR00001,SR01797,CONT08451,Import,Discharged,36,25.7,0.0
MV03955,DR05163,PR00005,SR03565,CONT09056,Import,In Yard,111,49.0,0.0
MV03956,DR07544,PR00006,SR01859,CONT06561,Import,In Yard,95,54.5,0.0
MV03957,DR08983,PR00003,SR06552,CONT00291,Export,In Yard,85,55.9,0.0
MV03958,DR07168,PR00001,SR04190,CONT00250,Export,Discharged,48,31.6,0.0
MV03959,DR00094,PR00005,SR07788,CONT08714,Import,Gate Out,84,43.8,0.0
MV03960,DR07035,PR00002,SR09134,CONT07306,Export,Loaded,97,64.5,0.0
MV03961,DR00852,PR00001,SR06019,CONT05237,Import,Loaded,82,25.0,0.0
MV03962,DR01381,PR00001,SR05563,CONT03591,Import,Gate Out,56,75.7,0.0
MV03963,DR01006,PR00005,SR08109,CONT03854,Export,Customs Hold,78,38.1,16.0
MV03964,DR00208,PR00001,SR06273,CONT07874,Export,Loaded,66,33.3,0.0
MV03965,DR09265,PR00003,SR09918,CONT02376,Export,In Yard,87,49.8,0.0
MV03966,DR08255,PR00007,SR05206,CONT01055,Export,Gate Out,82,55.9,0.0
MV03967,DR08248,PR00005,SR01051,CONT04705,Import,In Yard,79,31.5,0.0
MV03968,DR07457,PR00004,SR03015,CONT03813,Export,Gate Out,95,44.9,0.0
MV03969,DR05002,PR00003,SR04260,CONT07625,Export,In Yard,74,30.9,0.0
MV03970,DR05830,PR00001,SR01773,CONT04784,Import,Gate Out,51,28.2,0.0
MV03971,DR06213,PR00003,SR05993,CONT03207,Export,Customs Hold,90,22.1,14.6
MV03972,DR07617,PR00001,SR09535,CONT09005,Transshipment,Discharged,48,39.8,2.0
MV03973,DR00706,PR00001,SR05685,CONT05911,Export,Gate Out,46,35.7,0.0
MV03974,DR05771,PR00001,SR04152,CONT09495,Import,In Yard,43,7.8,0.0
MV03975,DR02948,PR00004,SR03926,CONT05977,Import,Gate Out,91,35.6,0.0
MV03976,DR05927,PR00001,SR05157,CONT04280,Export,Customs Hold,46,35.6,24.4
MV03977,DR02147,PR00001,SR07962,CONT09621,Export,In Yard,83,53.2,0.0
MV03978,DR09619,PR00006,SR03217,CONT05330,Import,In Yard,76,36.8,0.0
MV03979,DR00292,PR00001,SR03938,CONT06768,Import,Loaded,108,42.1,0.0
MV03980,DR01454,PR00005,SR05206,CONT04166,Import,Gate Out,121,33.7,0.0
MV03981,DR08869,PR00003,SR09997,CONT02817,Import,In Yard,80,56.4,0.0
MV03982,DR02990,PR00004,SR09379,CONT02511,Export,Loaded,114,41.8,0.0
MV03983,DR05197,PR00001,SR01222,CONT03932,Export,Gate Out,79,48.7,0.0
MV03984,DR01124,PR00001,SR07186,CONT03514,Export,Discharged,64,31.3,1.3
MV03985,DR06579,PR00006,SR01509,CONT07187,Export,Loaded,87,25.3,0.0
MV03986,DR02328,PR00003,SR07548,CONT08353,Export,In Yard,91,46.1,0.0
MV03987,DR07493,PR00001,SR05214,CONT06557,Export,Discharged,68,26.6,0.0
MV03988,DR08446,PR00002,SR08602,CONT08657,Import,Discharged,52,54.1,0.0
MV03989,DR04058,PR00003,SR02153,CONT08882,Import,In Yard,88,62.6,0.0
MV03990,DR07183,PR00001,SR09150,CONT08228,Export,Loaded,32,44.3,0.0
MV03991,DR03965,PR00004,SR09273,CONT07386,Export,In Yard,78,34.2,0.0
MV03992,DR05703,PR00003,SR07618,CONT00019,Import,In Yard,95,47.3,0.0
MV03993,DR00322,PR00004,SR03528,CONT04373,Import,In Yard,84,48.3,0.0
MV03994,DR02115,PR00006,SR07210,CONT03545,Export,Gate Out,82,55.6,0.0
MV03995,DR04987,PR00003,SR08090,CONT01890,Import,Customs Hold,96,46.6,10.9
MV03996,DR04808,PR00006,SR09586,CONT06793,Export,Gate Out,96,50.8,0.0
MV03997,DR02810,PR00003,SR03286,CONT07305,Import,Discharged,111,19.2,4.0
MV03998,DR05589,PR00003,SR02508,CONT09800,Export,Gate Out,93,50.1,0.0
MV03999,DR02471,PR00004,SR04298,CONT07137,Export,In Yard,41,31.3,0.0
MV04000,DR01286,PR00004,SR06572,CONT00331,Export,Loaded,89,47.1,0.0
MV04001,DR08858,PR00001,SR09148,CONT01920,Export,Customs Hold,93,32.5,13.9
MV04002,DR00742,PR00007,SR02968,CONT00356,Export,Gate Out,101,54.3,0.0
MV04003,DR01990,PR00007,SR02224,CONT01956,Import,In Yard,65,59.3,0.0
MV04004,DR01823,PR00002,SR02255,CONT01611,Import,Loaded,78,36.5,0.0
MV04005,DR09334,PR00004,SR04273,CONT09559,Export,Gate Out,98,39.2,0.0
MV04006,DR07925,PR00005,SR01471,CONT09426,Export,Loaded,81,47.5,0.0
MV04007,DR08160,PR00007,SR08219,CONT03103,Export,Customs Hold,71,65.2,16.3
MV04008,DR05673,PR00004,SR05372,CONT04113,Transshipment,Loaded,122,75.5,0.0
MV04009,DR08167,PR00001,SR06970,CONT08294,Export,Gate Out,49,45.1,0.0
MV04010,DR06506,PR00005,SR06832,CONT03461,Export,In Yard,74,45.6,0.0
MV04011,DR07705,PR00001,SR08191,CONT03582,Export,In Yard,52,20.9,0.0
MV04012,DR01062,PR00005,SR03665,CONT04364,Import,Customs Hold,65,59.1,13.0
MV04013,DR02548,PR00004,SR04717,CONT01165,Export,In Yard,134,14.3,0.0
MV04014,DR03139,PR00004,SR02430,CONT01155,Export,Loaded,54,56.0,0.0
MV04015,DR06626,PR00001,SR00409,CONT07503,Export,Loaded,62,38.3,0.0
MV04016,DR02375,PR00003,SR05382,CONT08447,Import,Loaded,82,17.4,0.0
MV04017,DR00928,PR00004,SR07035,CONT01327,Export,In Yard,58,42.9,0.0
MV04018,DR07862,PR00002,SR03412,CONT04841,Transshipment,Loaded,90,43.5,0.0
MV04019,DR03708,PR00001,SR03824,CONT03888,Import,In Yard,42,28.2,0.0
MV04020,DR01418,PR00002,SR02050,CONT04885,Import,Gate Out,107,38.0,0.0
MV04021,DR09139,PR00006,SR00973,CONT06569,Export,Discharged,119,49.3,0.0
MV04022,DR02684,PR00003,SR01578,CONT08028,Export,Loaded,86,48.7,0.0
MV04023,DR06759,PR00004,SR07106,CONT05333,Export,Discharged,86,21.3,0.0
MV04024,DR06951,PR00003,SR04912,CONT01807,Export,Discharged,52,42.2,0.0
MV04025,DR08266,PR00006,SR00228,CONT09236,Import,Gate Out,83,46.6,4.2
MV04026,DR06549,PR00003,SR04150,CONT02659,Import,Gate Out,90,69.6,0.0
MV04027,DR05491,PR00001,SR03288,CONT03395,Export,In Yard,53,51.2,0.0
MV04028,DR08744,PR00001,SR02737,CONT02969,Import,Loaded,72,46.6,0.0
MV04029,DR00330,PR00001,SR06181,CONT09990,Import,Discharged,60,64.2,0.0
MV04030,DR08467,PR00006,SR03105,CONT02685,Import,Discharged,107,55.1,0.0
MV04031,DR09085,PR00004,SR00285,CONT02967,Import,In Yard,88,42.6,0.0
MV04032,DR08398,PR00005,SR04499,CONT03453,Import,Loaded,60,6.7,0.0
MV04033,DR06930,PR00005,SR00904,CONT04536,Export,Loaded,72,47.1,0.0
MV04034,DR07537,PR00006,SR02301,CONT07610,Import,In Yard,144,76.0,0.0
MV04035,DR08391,PR00007,SR09895,CONT07871,Export,Discharged,73,54.6,0.0
MV04036,DR01503,PR00004,SR04379,CONT08428,Import,Loaded,97,43.9,0.0
MV04037,DR06548,PR00002,SR00855,CONT02409,Export,Gate Out,94,42.3,0.0
MV04038,DR05444,PR00001,SR02117,CONT00983,Import,Discharged,94,34.8,0.0
MV04039,DR07558,PR00004,SR01867,CONT08983,Import,In Yard,88,54.5,0.0
MV04040,DR01153,PR00005,SR06192,CONT00399,Import,Gate Out,74,35.4,0.0
MV04041,DR00991,PR00004,SR02340,CONT03253,Transshipment,In Yard,73,69.2,0.0
MV04042,DR04990,PR00002,SR08780,CONT02133,Export,Loaded,64,39.1,0.0
MV04043,DR00790,PR00005,SR04943,CONT09202,Export,In Yard,87,47.3,0.0
MV04044,DR07837,PR00003,SR05093,CONT08939,Import,Loaded,90,32.2,0.0
MV04045,DR02582,PR00002,SR07672,CONT01460,Import,Gate Out,68,38.1,2.1
MV04046,DR05108,PR00006,SR08886,CONT02366,Transshipment,In Yard,71,30.5,0.0
MV04047,DR00596,PR00004,SR07113,CONT07224,Import,Customs Hold,103,66.9,19.7
MV04048,DR03456,PR00002,SR09241,CONT08158,Export,Gate Out,81,28.8,0.0
MV04049,DR06775,PR00002,SR04993,CONT08124,Export,Discharged,88,45.6,0.0
MV04050,DR09992,PR00004,SR04797,CONT00944,Export,Gate Out,82,26.4,0.0
MV04051,DR06534,PR00003,SR04159,CONT08780,Import,Gate Out,99,27.0,4.3
MV04052,DR03091,PR00001,SR01537,CONT01857,Import,In Yard,85,38.7,0.0
MV04053,DR05877,PR00004,SR06613,CONT03067,Import,In Yard,102,44.5,0.0
MV04054,DR01835,PR00005,SR03659,CONT04195,Transshipment,Gate Out,123,55.2,0.0
MV04055,DR04702,PR00001,SR03656,CONT01109,Export,Gate Out,60,62.1,0.0
MV04056,DR05098,PR00003,SR01888,CONT06259,Import,Gate Out,65,16.8,0.0
MV04057,DR01195,PR00004,SR09915,CONT01304,Export,Loaded,82,57.2,0.0
MV04058,DR04528,PR00002,SR00357,CONT04726,Import,Loaded,92,46.0,0.0
MV04059,DR07603,PR00002,SR03734,CONT02941,Import,Loaded,134,39.5,0.0
MV04060,DR03419,PR00002,SR01229,CONT02080,Import,Loaded,57,35.9,3.4
MV04061,DR00869,PR00003,SR05844,CONT04288,Export,Customs Hold,118,59.6,10.3
MV04062,DR02720,PR00006,SR06840,CONT01441,Import,Gate Out,70,42.7,1.9
MV04063,DR07629,PR00003,SR02732,CONT09791,Import,In Yard,75,36.8,2.3
MV04064,DR09946,PR00007,SR07976,CONT03131,Import,Loaded,132,37.4,0.0
MV04065,DR08776,PR00003,SR09716,CONT08354,Import,Customs Hold,68,30.1,9.9
MV04066,DR03653,PR00005,SR06393,CONT06787,Export,Loaded,97,34.2,0.0
MV04067,DR05332,PR00004,SR00807,CONT01572,Import,Loaded,52,50.0,0.0
MV04068,DR05538,PR00005,SR03440,CONT00574,Export,Customs Hold,75,31.8,12.2
MV04069,DR06873,PR00006,SR07943,CONT03702,Transshipment,Gate Out,90,30.0,0.0
MV04070,DR00863,PR00003,SR01974,CONT09939,Import,Loaded,63,43.3,0.0
MV04071,DR04899,PR00003,SR08827,CONT05488,Transshipment,Loaded,122,36.4,0.0
MV04072,DR04651,PR00007,SR03949,CONT01905,Export,In Yard,102,75.1,0.0
MV04073,DR02227,PR00007,SR05651,CONT00341,Export,Gate Out,103,49.5,0.0
MV04074,DR05029,PR00007,SR02881,CONT06604,Import,In Yard,94,51.7,0.0
MV04075,DR00544,PR00001,SR07081,CONT04526,Export,Gate Out,91,40.7,0.0
MV04076,DR03509,PR00001,SR08954,CONT06725,Export,In Yard,62,47.4,0.0
MV04077,DR06868,PR00003,SR05879,CONT01572,Import,Gate Out,99,54.2,0.0
MV04078,DR00381,PR00005,SR08328,CONT06075,Export,Gate Out,146,50.4,0.0
MV04079,DR01184,PR00001,SR01769,CONT08645,Import,Discharged,71,32.8,0.0
MV04080,DR05284,PR00003,SR01051,CONT04246,Export,Loaded,73,43.0,0.0
MV04081,DR05260,PR00004,SR09064,CONT05247,Export,Loaded,116,43.3,0.0
MV04082,DR00432,PR00002,SR06356,CONT03572,Export,Loaded,56,14.3,0.0
MV04083,DR02120,PR00005,SR09549,CONT09277,Import,Loaded,97,20.6,0.0
MV04084,DR02213,PR00002,SR04518,CONT00459,Export,In Yard,87,29.7,0.0
MV04085,DR00333,PR00006,SR09552,CONT04187,Import,Loaded,121,22.1,0.0
MV04086,DR09392,PR00002,SR06143,CONT04070,Export,Discharged,71,41.2,0.0
MV04087,DR08107,PR00004,SR03728,CONT08264,Export,Discharged,100,32.5,0.0
MV04088,DR03447,PR00004,SR04886,CONT02909,Import,Gate Out,37,39.7,0.0
MV04089,DR04330,PR00002,SR02668,CONT09139,Export,In Yard,58,52.7,0.0
MV04090,DR04204,PR00003,SR02000,CONT04194,Transshipment,Gate Out,41,40.8,0.0
MV04091,DR00195,PR00006,SR01790,CONT00709,Transshipment,Gate Out,68,47.1,0.0
MV04092,DR05256,PR00004,SR03971,CONT06721,Import,Gate Out,79,58.8,0.0
MV04093,DR02738,PR00001,SR07902,CONT00577,Import,Loaded,62,35.8,0.0
MV04094,DR08761,PR00005,SR09632,CONT03485,Import,Discharged,78,14.1,0.0
MV04095,DR05602,PR00001,SR09226,CONT04242,Export,In Yard,74,21.3,0.0
MV04096,DR02588,PR00003,SR07103,CONT05295,Import,In Yard,58,47.5,0.0
MV04097,DR06348,PR00003,SR00691,CONT00867,Import,In Yard,93,47.6,0.0
MV04098,DR09539,PR00003,SR00571,CONT09512,Import,In Yard,71,52.0,0.0
MV04099,DR08863,PR00001,SR08503,CONT06445,Transshipment,Discharged,35,79.0,0.0
MV04100,DR07453,PR00002,SR05880,CONT01414,Import,Gate Out,85,46.4,0.0
MV04101,DR05310,PR00001,SR03693,CONT01496,Export,Discharged,82,36.8,0.0
MV04102,DR01255,PR00003,SR01995,CONT08508,Import,Discharged,77,47.5,0.0
MV04103,DR03008,PR00004,SR08560,CONT08872,Export,Gate Out,69,31.0,0.0
MV04104,DR07543,PR00004,SR07013,CONT02723,Export,Customs Hold,77,48.3,7.7
MV04105,DR02555,PR00001,SR05947,CONT02778,Transshipment,Discharged,37,33.8,0.0
MV04106,DR07254,PR00001,SR03049,CONT04725,Export,Loaded,49,55.9,0.0
MV04107,DR07709,PR00004,SR07172,CONT04002,Import,In Yard,71,19.7,0.0
MV04108,DR06237,PR00003,SR08982,CONT01820,Import,In Yard,101,43.1,0.0
MV04109,DR03730,PR00006,SR08865,CONT08344,Import,Gate Out,122,45.3,0.0
MV04110,DR03973,PR00002,SR01670,CONT02117,Import,Customs Hold,104,33.6,8.8
MV04111,DR07711,PR00001,SR03384,CONT06350,Transshipment,In Yard,107,52.1,0.0
MV04112,DR07938,PR00003,SR08070,CONT01200,Import,Discharged,61,38.9,0.0
MV04113,DR00741,PR00004,SR01975,CONT08934,Export,Gate Out,99,57.8,0.0
MV04114,DR08598,PR00003,SR00820,CONT03621,Import,In Yard,20,34.1,0.0
MV04115,DR06395,PR00001,SR02369,CONT07400,Export,Gate Out,116,38.9,0.0
MV04116,DR00704,PR00001,SR04347,CONT01415,Export,Discharged,82,72.2,0.0
MV04117,DR01098,PR00005,SR02777,CONT05228,Export,In Yard,116,34.4,0.0
MV04118,DR03720,PR00002,SR06352,CONT04904,Import,In Yard,98,29.3,0.0
MV04119,DR08169,PR00004,SR03517,CONT05828,Export,Gate Out,95,5.0,0.0
MV04120,DR05379,PR00002,SR04873,CONT08622,Export,In Yard,86,35.7,0.0
MV04121,DR05563,PR00002,SR09869,CONT04241,Import,Loaded,74,44.5,0.0
MV04122,DR09808,PR00002,SR02999,CONT08703,Transshipment,Discharged,31,40.8,0.0
MV04123,DR00455,PR00007,SR04693,CONT06473,Export,Loaded,49,44.9,0.0
MV04124,DR04931,PR00001,SR02450,CONT09099,Import,In Yard,95,32.6,0.0
MV04125,DR01343,PR00001,SR03101,CONT01223,Import,Discharged,58,33.5,0.0
MV04126,DR03242,PR00006,SR09907,CONT04729,Import,Gate Out,92,44.3,0.0
MV04127,DR00573,PR00001,SR06265,CONT02198,Export,In Yard,91,37.9,0.0
MV04128,DR00970,PR00002,SR03850,CONT00436,Export,In Yard,114,47.8,0.0
MV04129,DR09067,PR00002,SR03080,CONT01944,Export,Loaded,41,30.9,0.0
MV04130,DR06091,PR00005,SR05459,CONT05099,Import,Loaded,89,44.3,0.0
MV04131,DR09369,PR00003,SR02664,CONT05587,Export,Discharged,40,37.7,0.0
MV04132,DR08044,PR00006,SR09430,CONT04473,Export,Loaded,62,38.7,0.0
MV04133,DR03830,PR00005,SR06909,CONT07887,Import,Loaded,72,47.0,0.0
MV04134,DR09904,PR00003,SR01680,CONT09881,Export,Customs Hold,67,22.4,8.1
MV04135,DR00605,PR00002,SR05915,CONT01466,Export,Discharged,74,45.9,0.0
MV04136,DR06413,PR00006,SR05259,CONT04684,Import,Gate Out,120,39.1,3.1
MV04137,DR00215,PR00006,SR05399,CONT08703,Import,In Yard,70,41.2,5.1
MV04138,DR06125,PR00006,SR08332,CONT07271,Export,In Yard,90,47.6,4.1
MV04139,DR06872,PR00001,SR02654,CONT04453,Import,Discharged,107,34.0,0.0
MV04140,DR05659,PR00005,SR06167,CONT09829,Import,Gate Out,76,61.4,0.0
MV04141,DR03022,PR00005,SR02385,CONT09273,Transshipment,Discharged,125,75.2,0.0
MV04142,DR07604,PR00007,SR03268,CONT06888,Export,In Yard,85,42.5,0.0
MV04143,DR06955,PR00002,SR05277,CONT01101,Export,Customs Hold,100,43.6,12.8
MV04144,DR05064,PR00006,SR08536,CONT08626,Import,Discharged,68,59.3,0.0
MV04145,DR04310,PR00005,SR04845,CONT08093,Export,In Yard,112,22.6,0.0
MV04146,DR02767,PR00006,SR07639,CONT09677,Export,In Yard,97,45.9,0.0
MV04147,DR04485,PR00005,SR09206,CONT02258,Import,Loaded,90,46.1,0.0
MV04148,DR03570,PR00006,SR03143,CONT08444,Import,Gate Out,63,53.2,0.0
MV04149,DR06867,PR00002,SR00108,CONT03810,Import,In Yard,117,32.3,0.0
MV04150,DR07038,PR00001,SR00951,CONT07321,Export,In Yard,53,45.9,0.0
MV04151,DR08887,PR00003,SR04913,CONT01002,Transshipment,Gate Out,90,38.3,0.0
MV04152,DR08249,PR00006,SR06294,CONT03741,Export,Gate Out,100,65.9,0.0
MV04153,DR04990,PR00001,SR07803,CONT06476,Import,In Yard,62,27.4,0.0
MV04154,DR06183,PR00004,SR09523,CONT06475,Import,Discharged,66,55.8,0.0
MV04155,DR09776,PR00007,SR03834,CONT03058,Export,Loaded,78,46.0,0.0
MV04156,DR07288,PR00006,SR09763,CONT09926,Import,In Yard,121,22.9,0.0
MV04157,DR01528,PR00005,SR06390,CONT00079,Import,Gate Out,45,42.8,0.0
MV04158,DR00012,PR00006,SR08538,CONT03332,Transshipment,Gate Out,61,49.4,0.0
MV04159,DR06422,PR00001,SR09493,CONT08892,Transshipment,Gate Out,62,24.0,0.0
MV04160,DR09629,PR00003,SR04360,CONT02410,Transshipment,Gate Out,54,30.0,0.0
MV04161,DR07602,PR00003,SR08830,CONT01664,Import,Customs Hold,100,44.2,15.5
MV04162,DR01861,PR00006,SR05915,CONT07696,Export,Customs Hold,98,46.8,16.0
MV04163,DR00005,PR00002,SR06716,CONT09816,Export,Discharged,40,41.8,0.0
MV04164,DR02635,PR00001,SR06352,CONT00665,Export,Discharged,113,43.3,0.0
MV04165,DR07090,PR00005,SR00181,CONT00693,Import,In Yard,97,24.8,0.0
MV04166,DR02591,PR00003,SR00964,CONT07044,Import,Gate Out,79,71.3,0.0
MV04167,DR03583,PR00006,SR00719,CONT06532,Import,In Yard,53,37.1,0.0
MV04168,DR02800,PR00003,SR04988,CONT06151,Export,Gate Out,84,46.6,0.0
MV04169,DR07376,PR00006,SR00259,CONT09807,Export,Loaded,100,76.5,0.0
MV04170,DR01849,PR00003,SR01546,CONT05990,Transshipment,In Yard,102,60.2,0.0
MV04171,DR03824,PR00006,SR05441,CONT00692,Export,Discharged,90,50.6,0.0
MV04172,DR00220,PR00005,SR08831,CONT03859,Import,Gate Out,102,63.8,0.0
MV04173,DR02226,PR00002,SR09311,CONT04807,Export,Loaded,58,42.7,0.0
MV04174,DR09480,PR00002,SR07232,CONT00506,Import,In Yard,77,50.7,0.0
MV04175,DR01415,PR00006,SR05602,CONT07742,Transshipment,In Yard,110,56.9,0.0
MV04176,DR04132,PR00002,SR00870,CONT06120,Import,Customs Hold,72,35.3,17.9
MV04177,DR02517,PR00005,SR06522,CONT07024,Import,Loaded,34,54.0,0.0
MV04178,DR01488,PR00001,SR01564,CONT02743,Export,Gate Out,23,42.8,0.0
MV04179,DR02335,PR00005,SR08692,CONT04934,Export,Gate Out,89,18.1,0.0
MV04180,DR04469,PR00002,SR06682,CONT05000,Export,Gate Out,103,54.6,0.0
MV04181,DR00492,PR00004,SR03248,CONT02809,Import,In Yard,85,28.2,0.0
MV04182,DR05626,PR00004,SR08710,CONT06552,Export,Customs Hold,99,47.7,15.9
MV04183,DR04319,PR00002,SR05449,CONT04618,Import,Customs Hold,90,23.8,15.1
MV04184,DR07513,PR00003,SR05628,CONT02209,Export,In Yard,94,31.4,0.0
MV04185,DR06074,PR00006,SR01149,CONT08957,Export,In Yard,85,44.8,0.0
MV04186,DR05116,PR00005,SR08612,CONT01348,Import,Gate Out,75,51.0,0.0
MV04187,DR04495,PR00007,SR00100,CONT02103,Import,In Yard,54,37.4,0.0
MV04188,DR06519,PR00006,SR03386,CONT02789,Import,In Yard,78,17.3,0.0
MV04189,DR06757,PR00004,SR02618,CONT01831,Import,In Yard,62,36.1,0.0
MV04190,DR01957,PR00004,SR02150,CONT06332,Export,In Yard,113,39.6,0.0
MV04191,DR03750,PR00007,SR05004,CONT00210,Import,Discharged,104,53.2,0.0
MV04192,DR08624,PR00003,SR09466,CONT07278,Import,Discharged,76,42.9,0.0
MV04193,DR06119,PR00003,SR06309,CONT06728,Export,Gate Out,97,35.0,0.0
MV04194,DR08570,PR00006,SR01324,CONT00631,Export,Loaded,73,49.1,0.0
MV04195,DR01462,PR00007,SR00455,CONT06056,Export,In Yard,55,74.8,0.0
MV04196,DR00810,PR00003,SR03026,CONT02797,Export,Loaded,47,52.2,0.0
MV04197,DR07062,PR00001,SR03249,CONT06455,Export,Gate Out,68,9.2,0.0
MV04198,DR03714,PR00004,SR03788,CONT09415,Import,Gate Out,114,82.7,0.0
MV04199,DR04254,PR00005,SR01938,CONT06601,Export,Discharged,81,61.4,0.0
MV04200,DR08329,PR00003,SR05128,CONT01591,Export,In Yard,102,65.6,0.0
MV04201,DR02000,PR00005,SR07829,CONT04698,Export,Loaded,94,30.2,0.0
MV04202,DR02791,PR00003,SR03079,CONT09089,Transshipment,Gate Out,47,33.6,0.0
MV04203,DR02542,PR00002,SR09355,CONT05303,Export,In Yard,113,55.2,0.0
MV04204,DR00975,PR00004,SR02568,CONT00082,Import,Loaded,67,27.9,0.0
MV04205,DR09010,PR00003,SR01587,CONT08665,Export,In Yard,121,55.9,1.9
MV04206,DR00528,PR00006,SR02509,CONT05505,Import,Loaded,48,66.7,0.0
MV04207,DR07975,PR00001,SR04258,CONT03908,Transshipment,Loaded,59,33.7,0.0
MV04208,DR01965,PR00006,SR04435,CONT08523,Import,In Yard,109,71.6,0.0
MV04209,DR03217,PR00002,SR03443,CONT03441,Export,Customs Hold,74,46.6,8.1
MV04210,DR02212,PR00007,SR09397,CONT09441,Export,Discharged,97,26.8,0.0
MV04211,DR00669,PR00005,SR03936,CONT06163,Import,In Yard,114,40.7,0.0
MV04212,DR07459,PR00002,SR09689,CONT04444,Export,In Yard,89,57.9,0.0
MV04213,DR01087,PR00007,SR08042,CONT01468,Import,Discharged,46,29.6,0.0
MV04214,DR00147,PR00003,SR05353,CONT09651,Import,Discharged,82,59.0,0.0
MV04215,DR03545,PR00003,SR05109,CONT09450,Import,Discharged,65,45.0,0.0
MV04216,DR05564,PR00007,SR01489,CONT09753,Export,In Yard,82,47.1,0.0
MV04217,DR01900,PR00007,SR02010,CONT02060,Export,Discharged,79,37.5,0.0
MV04218,DR09217,PR00005,SR07835,CONT02322,Import,Gate Out,71,47.9,0.0
MV04219,DR02620,PR00007,SR06359,CONT08601,Export,Loaded,49,64.9,0.0
MV04220,DR09412,PR00002,SR03313,CONT00506,Export,Loaded,72,30.4,0.0
MV04221,DR02260,PR00002,SR03794,CONT01279,Import,Discharged,105,53.4,0.0
MV04222,DR06019,PR00001,SR01278,CONT07037,Transshipment,Discharged,94,66.1,0.0
MV04223,DR01089,PR00002,SR05827,CONT07492,Import,In Yard,46,40.9,3.9
MV04224,DR03987,PR00004,SR08538,CONT04207,Export,Gate Out,87,38.1,0.0
MV04225,DR08049,PR00002,SR09291,CONT08503,Export,In Yard,74,37.0,0.0
MV04226,DR03260,PR00004,SR00257,CONT06718,Transshipment,Gate Out,100,21.4,0.0
MV04227,DR02588,PR00001,SR06088,CONT02079,Import,In Yard,121,22.3,0.0
MV04228,DR05299,PR00002,SR00539,CONT00257,Import,In Yard,81,41.9,0.0
MV04229,DR03188,PR00005,SR05253,CONT03474,Export,In Yard,95,64.6,0.0
MV04230,DR08448,PR00001,SR03612,CONT01127,Export,In Yard,78,36.5,0.0
MV04231,DR02941,PR00005,SR06243,CONT09666,Export,Discharged,102,64.4,0.0
MV04232,DR02380,PR00005,SR02160,CONT05646,Export,Discharged,83,55.6,0.0
MV04233,DR03819,PR00004,SR01796,CONT08878,Export,Loaded,37,28.5,0.0
MV04234,DR01809,PR00006,SR07038,CONT02807,Import,In Yard,90,37.8,0.0
MV04235,DR05943,PR00007,SR03518,CONT09816,Import,In Yard,49,29.5,0.0
MV04236,DR01824,PR00001,SR09866,CONT04204,Import,Loaded,60,53.7,0.0
MV04237,DR02927,PR00005,SR07956,CONT07266,Import,Gate Out,138,50.0,0.0
MV04238,DR04972,PR00002,SR04722,CONT04522,Export,In Yard,52,47.0,0.0
MV04239,DR02718,PR00003,SR05161,CONT01161,Import,Loaded,115,44.2,0.0
MV04240,DR03498,PR00004,SR09139,CONT06337,Export,Discharged,63,30.3,0.0
MV04241,DR02097,PR00005,SR01052,CONT04988,Import,Customs Hold,57,58.1,11.3
MV04242,DR09312,PR00006,SR06775,CONT04864,Export,Loaded,65,19.7,0.0
MV04243,DR05351,PR00005,SR07358,CONT07667,Import,Gate Out,136,41.6,0.0
MV04244,DR04017,PR00005,SR01480,CONT07999,Import,In Yard,77,39.9,0.0
MV04245,DR02193,PR00004,SR08096,CONT02535,Export,Gate Out,110,62.3,4.2
MV04246,DR06675,PR00001,SR08767,CONT00796,Import,In Yard,68,58.7,0.0
MV04247,DR05488,PR00001,SR04080,CONT01617,Export,Loaded,85,47.5,0.0
MV04248,DR08418,PR00003,SR07925,CONT00920,Import,In Yard,90,41.5,0.0
MV04249,DR00026,PR00005,SR00519,CONT09674,Export,Discharged,72,68.4,3.6
MV04250,DR08241,PR00001,SR03070,CONT05455,Import,Gate Out,107,36.9,0.0
MV04251,DR07649,PR00003,SR07156,CONT00180,Import,Gate Out,92,21.0,0.0
MV04252,DR01839,PR00002,SR05358,CONT08447,Export,Discharged,97,19.7,0.0
MV04253,DR05127,PR00004,SR07013,CONT01467,Export,Discharged,119,51.8,0.0
MV04254,DR07257,PR00003,SR01915,CONT08348,Export,Discharged,67,18.7,0.0
MV04255,DR06492,PR00002,SR04987,CONT01181,Import,Loaded,104,55.9,0.0
MV04256,DR06282,PR00001,SR00968,CONT02554,Export,Loaded,87,34.5,0.0
MV04257,DR01480,PR00002,SR05313,CONT09457,Import,Customs Hold,137,30.8,11.5
MV04258,DR04571,PR00003,SR02790,CONT07675,Export,Discharged,44,51.5,0.0
MV04259,DR08555,PR00007,SR00203,CONT06396,Transshipment,Gate Out,100,62.4,0.0
MV04260,DR08300,PR00002,SR07262,CONT03473,Import,Discharged,119,69.1,0.0
MV04261,DR01195,PR00003,SR05238,CONT03439,Import,Gate Out,64,14.9,0.0
MV04262,DR03646,PR00004,SR00264,CONT05622,Export,Loaded,94,19.7,0.0
MV04263,DR08658,PR00004,SR07820,CONT03585,Export,Discharged,46,58.8,0.0
MV04264,DR00608,PR00002,SR04616,CONT00876,Export,Discharged,58,5.0,0.0
MV04265,DR05891,PR00001,SR01713,CONT06094,Import,Gate Out,60,24.2,0.0
MV04266,DR00207,PR00007,SR05623,CONT03515,Export,Gate Out,85,47.7,0.0
MV04267,DR09468,PR00007,SR00858,CONT02966,Import,In Yard,70,25.7,0.0
MV04268,DR06363,PR00003,SR05052,CONT09226,Transshipment,Gate Out,86,49.7,0.0
MV04269,DR08377,PR00004,SR02357,CONT05386,Export,In Yard,82,25.6,5.5
MV04270,DR04628,PR00001,SR07328,CONT06324,Export,In Yard,78,62.8,0.0
MV04271,DR00274,PR00001,SR06095,CONT07951,Export,Gate Out,23,45.3,0.0
MV04272,DR07668,PR00001,SR02024,CONT03321,Transshipment,Loaded,66,43.6,0.0
MV04273,DR09739,PR00005,SR03666,CONT01068,Import,Loaded,141,45.4,0.0
MV04274,DR08961,PR00002,SR09756,CONT03668,Transshipment,Loaded,88,28.1,0.0
MV04275,DR01546,PR00001,SR05846,CONT09989,Import,Gate Out,54,36.2,0.0
MV04276,DR06293,PR00001,SR04964,CONT00451,Import,In Yard,98,28.0,0.0
MV04277,DR01113,PR00001,SR00382,CONT00879,Import,In Yard,53,58.9,0.0
MV04278,DR05537,PR00003,SR07587,CONT02377,Import,In Yard,103,51.2,0.0
MV04279,DR03931,PR00004,SR00536,CONT01359,Import,Loaded,108,35.2,0.0
MV04280,DR01825,PR00004,SR09173,CONT06750,Export,Customs Hold,102,68.9,12.1
MV04281,DR05605,PR00003,SR07714,CONT08788,Import,Gate Out,77,40.4,0.0
MV04282,DR05643,PR00003,SR02504,CONT01754,Import,Gate Out,102,59.2,0.0
MV04283,DR05248,PR00005,SR02474,CONT04229,Import,Loaded,105,65.8,0.0
MV04284,DR05083,PR00002,SR09880,CONT00964,Export,Gate Out,90,49.2,0.0
MV04285,DR03443,PR00002,SR00627,CONT00183,Export,In Yard,101,31.0,0.0
MV04286,DR06075,PR00006,SR06507,CONT05537,Export,Customs Hold,102,46.0,9.8
MV04287,DR00108,PR00005,SR02829,CONT01036,Export,Loaded,45,86.7,0.0
MV04288,DR04897,PR00003,SR02678,CONT04871,Export,Gate Out,80,31.8,0.0
MV04289,DR05037,PR00002,SR01309,CONT06755,Import,Discharged,123,44.2,0.0
MV04290,DR05720,PR00001,SR05121,CONT00452,Export,Discharged,77,31.9,0.0
MV04291,DR09286,PR00001,SR03403,CONT04657,Import,Discharged,93,29.8,0.0
MV04292,DR07544,PR00006,SR02928,CONT09624,Import,Loaded,54,50.7,0.0
MV04293,DR07702,PR00004,SR01304,CONT07742,Export,In Yard,53,21.1,0.0
MV04294,DR08915,PR00001,SR07578,CONT07661,Import,In Yard,46,27.2,0.0
MV04295,DR09474,PR00001,SR08746,CONT00822,Transshipment,Gate Out,86,48.0,1.2
MV04296,DR05194,PR00002,SR07998,CONT06449,Import,Gate Out,111,42.2,0.0
MV04297,DR04887,PR00002,SR05989,CONT09067,Export,Gate Out,87,49.6,0.0
MV04298,DR08592,PR00004,SR03880,CONT04993,Import,Discharged,70,40.1,0.0
MV04299,DR08341,PR00003,SR00647,CONT06430,Transshipment,Discharged,81,23.8,0.0
MV04300,DR05989,PR00006,SR06864,CONT06276,Export,In Yard,113,66.5,0.0
MV04301,DR07741,PR00005,SR00776,CONT07404,Import,Discharged,58,60.9,3.7
MV04302,DR03546,PR00007,SR02112,CONT04379,Import,Discharged,64,30.6,0.0
MV04303,DR02072,PR00006,SR01302,CONT09359,Export,Gate Out,78,53.7,1.1
MV04304,DR03671,PR00007,SR03181,CONT02369,Import,In Yard,99,48.6,0.0
MV04305,DR06736,PR00007,SR08320,CONT04202,Import,Loaded,73,59.1,0.0
MV04306,DR07638,PR00002,SR06424,CONT07038,Transshipment,In Yard,58,56.7,0.0
MV04307,DR04772,PR00002,SR05839,CONT08721,Export,Loaded,72,57.8,0.0
MV04308,DR04830,PR00001,SR02538,CONT09752,Import,In Yard,77,27.7,2.6
MV04309,DR08420,PR00004,SR00923,CONT03706,Export,Loaded,73,28.9,0.0
MV04310,DR07783,PR00005,SR06701,CONT04743,Import,In Yard,86,23.8,0.0
MV04311,DR04877,PR00001,SR05606,CONT08193,Export,Gate Out,83,76.8,0.0
MV04312,DR05719,PR00006,SR01466,CONT09557,Import,Loaded,72,53.3,0.0
MV04313,DR06243,PR00006,SR04456,CONT05683,Import,Discharged,55,61.7,0.0
MV04314,DR00436,PR00004,SR06699,CONT03586,Import,Loaded,112,29.9,0.0
MV04315,DR04522,PR00003,SR01781,CONT03178,Transshipment,In Yard,74,45.3,0.0
MV04316,DR04845,PR00001,SR02800,CONT02826,Import,In Yard,77,21.6,2.1
MV04317,DR09509,PR00003,SR02605,CONT07726,Export,Gate Out,112,48.9,0.0
MV04318,DR04947,PR00001,SR04433,CONT09151,Export,In Yard,63,34.3,0.0
MV04319,DR00030,PR00004,SR02736,CONT09895,Export,Gate Out,70,34.6,0.0
MV04320,DR07096,PR00002,SR05693,CONT06290,Import,In Yard,112,40.5,0.0
MV04321,DR08304,PR00002,SR09856,CONT05241,Export,In Yard,39,50.8,0.0
MV04322,DR07938,PR00003,SR00996,CONT04565,Transshipment,In Yard,55,30.2,0.0
MV04323,DR07466,PR00004,SR01859,CONT05040,Import,Loaded,75,56.1,0.0
MV04324,DR01191,PR00003,SR05969,CONT00377,Import,Discharged,75,44.4,0.0
MV04325,DR05242,PR00007,SR06203,CONT03573,Transshipment,Gate Out,109,59.9,0.0
MV04326,DR06184,PR00001,SR08367,CONT05503,Import,Loaded,73,43.2,0.0
MV04327,DR09000,PR00007,SR08767,CONT00395,Export,Customs Hold,114,59.0,12.4
MV04328,DR06992,PR00001,SR09434,CONT03574,Export,Gate Out,90,47.0,0.0
MV04329,DR05806,PR00002,SR02011,CONT01347,Import,In Yard,66,65.5,0.0
MV04330,DR08385,PR00007,SR06844,CONT07865,Import,Discharged,70,57.7,0.0
MV04331,DR03461,PR00005,SR07954,CONT00329,Import,In Yard,103,12.8,0.0
MV04332,DR04974,PR00004,SR07269,CONT03566,Export,Loaded,102,35.8,0.0
MV04333,DR08860,PR00005,SR05300,CONT01807,Export,Customs Hold,72,59.3,15.1
MV04334,DR00406,PR00003,SR09326,CONT09325,Export,Discharged,105,32.4,0.0
MV04335,DR07536,PR00006,SR07479,CONT08689,Export,In Yard,97,51.6,0.0
MV04336,DR00778,PR00001,SR09302,CONT08911,Export,Loaded,85,47.0,3.6
MV04337,DR02308,PR00006,SR03059,CONT07619,Import,Gate Out,84,70.2,0.0
MV04338,DR04288,PR00007,SR06197,CONT06895,Import,Gate Out,63,31.4,0.0
MV04339,DR02922,PR00006,SR05557,CONT00178,Import,In Yard,79,33.8,0.0
MV04340,DR07231,PR00005,SR01230,CONT05413,Import,Discharged,111,54.6,0.0
MV04341,DR04135,PR00004,SR01806,CONT07258,Import,Loaded,89,45.0,0.0
MV04342,DR09474,PR00003,SR05783,CONT06538,Transshipment,Customs Hold,73,49.8,9.3
MV04343,DR07000,PR00003,SR03272,CONT00499,Import,Discharged,90,51.2,0.0
MV04344,DR03746,PR00006,SR03479,CONT06260,Import,Loaded,105,50.0,0.0
MV04345,DR00923,PR00004,SR02941,CONT08262,Export,In Yard,68,45.8,0.0
MV04346,DR06399,PR00003,SR09593,CONT08957,Export,Loaded,86,43.7,0.0
MV04347,DR00220,PR00006,SR00543,CONT05085,Export,Gate Out,70,40.3,0.0
MV04348,DR07179,PR00001,SR07414,CONT02324,Import,Gate Out,72,39.2,0.0
MV04349,DR00693,PR00006,SR01231,CONT02350,Import,Customs Hold,101,36.5,16.4
MV04350,DR00727,PR00006,SR06178,CONT02068,Import,In Yard,107,44.3,0.0
MV04351,DR06816,PR00002,SR02093,CONT05374,Import,In Yard,90,54.7,0.0
MV04352,DR05218,PR00001,SR02659,CONT06753,Import,Loaded,67,21.0,0.0
MV04353,DR09385,PR00005,SR00855,CONT08048,Export,Loaded,82,53.0,0.0
MV04354,DR00784,PR00001,SR03314,CONT09945,Export,In Yard,48,36.6,0.0
MV04355,DR03094,PR00007,SR09208,CONT00161,Import,Discharged,65,41.7,0.0
MV04356,DR04684,PR00001,SR02797,CONT01708,Import,Customs Hold,105,43.7,6.8
MV04357,DR09271,PR00002,SR04548,CONT05343,Export,In Yard,129,52.0,0.0
MV04358,DR08765,PR00001,SR04944,CONT08453,Export,Discharged,59,57.2,0.0
MV04359,DR09718,PR00006,SR09637,CONT04142,Export,Loaded,105,70.9,0.0
MV04360,DR07990,PR00004,SR04420,CONT08988,Export,Discharged,81,56.1,0.0
MV04361,DR04247,PR00006,SR01166,CONT08677,Export,Loaded,98,44.5,0.0
MV04362,DR06864,PR00007,SR05371,CONT06257,Export,Loaded,76,57.4,0.0
MV04363,DR06874,PR00004,SR06962,CONT06227,Import,Discharged,84,12.2,0.0
MV04364,DR09062,PR00002,SR01416,CONT06522,Transshipment,In Yard,118,53.4,0.0
MV04365,DR00349,PR00001,SR01738,CONT06245,Export,Discharged,109,47.1,0.0
MV04366,DR03009,PR00006,SR04441,CONT07008,Import,Gate Out,138,33.4,0.0
MV04367,DR03255,PR00002,SR07309,CONT02268,Export,Loaded,61,27.9,0.0
MV04368,DR04544,PR00006,SR08652,CONT07102,Import,Loaded,109,53.1,0.0
MV04369,DR07375,PR00006,SR06167,CONT00975,Export,In Yard,83,52.5,0.0
MV04370,DR02839,PR00004,SR01088,CONT00643,Import,Gate Out,52,58.9,0.0
MV04371,DR03300,PR00004,SR00473,CONT00064,Export,In Yard,111,72.2,0.0
MV04372,DR03335,PR00007,SR00009,CONT09622,Import,Loaded,84,45.1,0.0
MV04373,DR05081,PR00005,SR07144,CONT06159,Export,Loaded,84,25.2,0.0
MV04374,DR06596,PR00005,SR06073,CONT05509,Export,In Yard,83,50.7,0.0
MV04375,DR03413,PR00003,SR05813,CONT08092,Import,Loaded,63,59.7,0.0
MV04376,DR06769,PR00003,SR02503,CONT03094,Import,In Yard,110,55.5,0.0
MV04377,DR06785,PR00003,SR02582,CONT08505,Export,Loaded,68,43.1,0.0
MV04378,DR01237,PR00007,SR05320,CONT04320,Export,Discharged,57,71.0,0.0
MV04379,DR00024,PR00004,SR08589,CONT03135,Transshipment,Gate Out,50,36.9,0.0
MV04380,DR08549,PR00006,SR01299,CONT03579,Import,Loaded,31,62.3,0.0
MV04381,DR07741,PR00001,SR05943,CONT09887,Export,Customs Hold,90,24.9,16.1
MV04382,DR02528,PR00006,SR09613,CONT04238,Transshipment,In Yard,89,20.0,0.0
MV04383,DR04480,PR00003,SR09321,CONT01394,Export,In Yard,60,25.7,0.0
MV04384,DR02406,PR00005,SR06645,CONT08211,Import,In Yard,55,32.5,0.0
MV04385,DR00014,PR00001,SR07197,CONT09394,Import,In Yard,78,42.0,0.0
MV04386,DR03541,PR00006,SR03396,CONT05258,Export,Discharged,80,29.4,0.0
MV04387,DR02278,PR00004,SR09288,CONT03572,Import,Loaded,69,50.2,0.0
MV04388,DR03840,PR00003,SR08763,CONT01312,Import,Gate Out,56,49.4,0.0
MV04389,DR09986,PR00002,SR07737,CONT05264,Export,Loaded,80,44.1,0.0
MV04390,DR06558,PR00002,SR07563,CONT04586,Import,In Yard,54,35.7,0.0
MV04391,DR05189,PR00002,SR01786,CONT05368,Export,Gate Out,75,53.1,0.0
MV04392,DR06899,PR00001,SR01616,CONT01458,Transshipment,Loaded,53,25.6,0.0
MV04393,DR04994,PR00003,SR02197,CONT09151,Transshipment,Loaded,110,39.9,0.0
MV04394,DR06818,PR00003,SR09424,CONT00418,Export,In Yard,72,31.9,0.0
MV04395,DR05164,PR00003,SR05363,CONT04621,Export,In Yard,111,53.5,0.0
MV04396,DR05346,PR00005,SR00616,CONT03601,Export,Discharged,83,36.5,0.0
MV04397,DR09355,PR00003,SR07757,CONT05552,Transshipment,Gate Out,92,48.2,0.0
MV04398,DR02353,PR00001,SR09684,CONT09628,Export,Discharged,62,50.6,0.0
MV04399,DR07228,PR00006,SR08321,CONT08771,Export,Discharged,119,42.9,1.9
MV04400,DR02448,PR00003,SR01998,CONT02096,Import,Loaded,100,26.2,5.1
MV04401,DR01321,PR00004,SR02527,CONT03387,Import,Discharged,68,41.6,0.0
MV04402,DR09491,PR00007,SR00765,CONT05154,Import,Discharged,70,42.7,0.0
MV04403,DR07416,PR00005,SR08678,CONT06271,Export,In Yard,77,33.6,0.0
MV04404,DR01724,PR00003,SR05674,CONT02069,Transshipment,Gate Out,123,14.9,0.0
MV04405,DR08874,PR00004,SR00419,CONT06369,Transshipment,In Yard,62,21.4,0.0
MV04406,DR04535,PR00006,SR04372,CONT01989,Export,Loaded,81,59.9,0.0
MV04407,DR03547,PR00006,SR04373,CONT07820,Export,In Yard,85,35.3,0.0
MV04408,DR08158,PR00001,SR03954,CONT01705,Export,Loaded,117,61.0,0.0
MV04409,DR06009,PR00004,SR00076,CONT04163,Import,In Yard,38,31.2,0.0
MV04410,DR05223,PR00006,SR08997,CONT08077,Export,Gate Out,79,53.8,0.0
MV04411,DR04902,PR00006,SR02232,CONT01613,Import,Loaded,59,40.2,0.0
MV04412,DR09575,PR00001,SR00086,CONT06434,Export,Loaded,93,50.4,0.0
MV04413,DR03577,PR00003,SR09690,CONT04217,Export,Loaded,58,33.7,0.0
MV04414,DR09691,PR00003,SR02830,CONT04061,Import,Discharged,69,43.8,0.0
MV04415,DR04860,PR00002,SR07390,CONT08841,Export,Customs Hold,55,51.5,8.9
MV04416,DR08412,PR00005,SR02467,CONT00344,Export,Loaded,95,50.1,0.0
MV04417,DR00517,PR00003,SR07747,CONT01561,Export,Customs Hold,102,34.1,14.9
MV04418,DR04067,PR00002,SR01806,CONT01936,Export,Discharged,90,15.1,0.0
MV04419,DR04678,PR00002,SR02897,CONT08069,Import,Customs Hold,82,38.1,11.0
MV04420,DR08545,PR00006,SR01636,CONT01472,Export,Discharged,102,49.1,0.0
MV04421,DR01457,PR00006,SR01582,CONT03146,Import,In Yard,88,53.5,0.0
MV04422,DR06920,PR00006,SR02603,CONT09882,Import,Loaded,112,40.1,4.3
MV04423,DR09119,PR00007,SR02601,CONT08656,Export,Discharged,136,51.0,0.0
MV04424,DR08860,PR00007,SR01574,CONT05134,Export,Discharged,40,51.6,0.0
MV04425,DR04701,PR00003,SR09127,CONT00306,Transshipment,In Yard,51,55.1,0.0
MV04426,DR02547,PR00001,SR02120,CONT00348,Import,Gate Out,64,39.1,0.0
MV04427,DR08410,PR00006,SR04264,CONT05824,Export,Gate Out,117,85.4,4.9
MV04428,DR00972,PR00004,SR05661,CONT08840,Export,In Yard,132,69.4,0.0
MV04429,DR08897,PR00003,SR09083,CONT01077,Transshipment,Gate Out,85,43.2,0.0
MV04430,DR05515,PR00007,SR01722,CONT06381,Import,Loaded,90,52.4,0.0
MV04431,DR02121,PR00002,SR04663,CONT00061,Import,In Yard,75,55.6,0.0
MV04432,DR04638,PR00007,SR09444,CONT09070,Export,In Yard,68,30.5,2.3
MV04433,DR02386,PR00004,SR04293,CONT04592,Transshipment,Loaded,102,38.1,1.7
MV04434,DR05889,PR00001,SR03059,CONT01377,Import,In Yard,80,21.3,0.0
MV04435,DR02560,PR00006,SR07648,CONT01179,Export,In Yard,123,44.2,0.0
MV04436,DR08733,PR00005,SR05570,CONT02471,Transshipment,In Yard,89,32.8,0.0
MV04437,DR08915,PR00004,SR04097,CONT00299,Import,Loaded,82,37.9,0.0
MV04438,DR08360,PR00004,SR08014,CONT08982,Export,In Yard,143,50.0,0.0
MV04439,DR04792,PR00002,SR08405,CONT00441,Transshipment,In Yard,58,27.6,0.0
MV04440,DR00765,PR00002,SR07464,CONT04162,Import,Loaded,84,61.3,0.0
MV04441,DR00768,PR00001,SR07329,CONT02738,Import,Customs Hold,56,53.5,17.2
MV04442,DR01524,PR00001,SR00334,CONT06135,Import,Gate Out,86,38.0,0.0
MV04443,DR02166,PR00002,SR04268,CONT09514,Export,In Yard,83,58.8,0.0
MV04444,DR06866,PR00004,SR04101,CONT00837,Import,Gate Out,103,49.6,0.0
MV04445,DR01805,PR00001,SR01046,CONT07124,Import,In Yard,53,50.3,0.0
MV04446,DR05406,PR00004,SR07864,CONT09564,Import,Loaded,104,28.9,0.0
MV04447,DR08480,PR00002,SR03007,CONT01328,Export,In Yard,42,31.1,0.0
MV04448,DR01741,PR00002,SR09258,CONT08991,Export,Customs Hold,70,53.7,10.9
MV04449,DR03657,PR00007,SR00741,CONT07233,Export,Gate Out,102,48.9,5.0
MV04450,DR00224,PR00007,SR06987,CONT06091,Export,Customs Hold,69,40.7,7.7
MV04451,DR08633,PR00006,SR01848,CONT06257,Transshipment,Discharged,118,46.1,0.0
MV04452,DR02928,PR00001,SR03867,CONT06397,Export,In Yard,100,40.9,0.0
MV04453,DR04460,PR00005,SR04879,CONT04239,Export,Discharged,77,47.4,0.0
MV04454,DR02532,PR00001,SR05705,CONT04525,Import,Gate Out,22,54.3,0.0
MV04455,DR08032,PR00004,SR04253,CONT06301,Import,Gate Out,74,35.6,0.0
MV04456,DR01158,PR00006,SR07614,CONT03731,Import,In Yard,76,48.7,0.0
MV04457,DR09240,PR00003,SR00029,CONT07451,Export,In Yard,79,50.2,0.0
MV04458,DR09870,PR00007,SR04396,CONT03032,Transshipment,Loaded,110,38.8,0.0
MV04459,DR09943,PR00005,SR03818,CONT08141,Import,Loaded,72,43.5,0.0
MV04460,DR09292,PR00002,SR08942,CONT02423,Import,In Yard,118,45.8,0.0
MV04461,DR00063,PR00001,SR09086,CONT07359,Export,Loaded,74,55.5,0.0
MV04462,DR01766,PR00006,SR03116,CONT03201,Transshipment,Loaded,123,49.3,3.5
MV04463,DR02331,PR00003,SR09520,CONT05658,Export,Loaded,57,54.9,0.0
MV04464,DR06777,PR00001,SR09441,CONT04180,Import,Discharged,120,56.7,0.0
MV04465,DR05975,PR00001,SR06973,CONT06320,Export,Loaded,80,6.2,0.0
MV04466,DR07755,PR00007,SR07027,CONT08279,Import,Discharged,73,46.0,0.0
MV04467,DR06512,PR00002,SR07580,CONT06304,Export,Gate Out,86,37.8,0.0
MV04468,DR05068,PR00007,SR08864,CONT00514,Export,Loaded,60,62.5,0.0
MV04469,DR08974,PR00005,SR05100,CONT05868,Export,Loaded,78,53.1,0.0
MV04470,DR05084,PR00002,SR09618,CONT05125,Import,Loaded,117,58.9,0.0
MV04471,DR04684,PR00003,SR00527,CONT06024,Transshipment,In Yard,61,53.8,0.0
MV04472,DR02842,PR00005,SR00237,CONT02633,Import,Loaded,136,53.4,0.0
MV04473,DR08832,PR00003,SR03496,CONT01956,Import,Discharged,82,51.9,0.0
MV04474,DR07102,PR00001,SR08130,CONT05710,Export,In Yard,81,41.7,0.0
MV04475,DR07077,PR00002,SR00482,CONT04648,Import,In Yard,103,60.2,0.0
MV04476,DR00066,PR00006,SR03912,CONT06123,Export,In Yard,84,29.6,0.0
MV04477,DR00081,PR00005,SR05653,CONT04343,Import,Gate Out,100,65.5,0.0
MV04478,DR05388,PR00003,SR01870,CONT04670,Import,Discharged,89,44.3,5.4
MV04479,DR06120,PR00002,SR06217,CONT05463,Import,In Yard,85,44.3,0.0
MV04480,DR04056,PR00003,SR04906,CONT01257,Export,In Yard,69,26.6,0.0
MV04481,DR07521,PR00006,SR09743,CONT04549,Import,Discharged,87,51.0,0.0
MV04482,DR08430,PR00001,SR06569,CONT03941,Transshipment,Discharged,58,40.0,0.0
MV04483,DR04782,PR00007,SR06068,CONT00581,Export,Customs Hold,103,48.4,11.9
MV04484,DR08455,PR00006,SR01471,CONT01667,Export,Customs Hold,75,20.5,11.3
MV04485,DR02592,PR00002,SR06890,CONT08009,Export,In Yard,36,35.9,0.0
MV04486,DR05751,PR00006,SR09551,CONT07670,Export,Gate Out,75,49.2,0.0
MV04487,DR02669,PR00005,SR06580,CONT03946,Import,In Yard,103,26.8,0.0
MV04488,DR02947,PR00004,SR08878,CONT06953,Transshipment,Gate Out,104,33.5,0.0
MV04489,DR06766,PR00001,SR04620,CONT08135,Import,Discharged,27,38.0,0.0
MV04490,DR05960,PR00007,SR09749,CONT07466,Import,In Yard,102,60.3,0.0
MV04491,DR04840,PR00003,SR04119,CONT05665,Export,Gate Out,78,40.3,0.0
MV04492,DR05857,PR00006,SR02870,CONT02530,Import,Customs Hold,113,48.1,24.6
MV04493,DR04606,PR00002,SR01270,CONT05237,Export,Loaded,87,39.8,0.0
MV04494,DR05628,PR00002,SR04759,CONT08147,Transshipment,Gate Out,71,34.4,0.0
MV04495,DR06516,PR00007,SR00323,CONT08125,Export,Customs Hold,112,46.7,11.9
MV04496,DR04750,PR00003,SR08644,CONT02407,Import,Loaded,83,26.8,0.0
MV04497,DR07296,PR00001,SR07075,CONT08786,Import,In Yard,20,32.4,0.0
MV04498,DR01516,PR00006,SR05884,CONT08072,Import,Loaded,117,46.9,0.0
MV04499,DR05675,PR00002,SR08832,CONT02445,Import,Loaded,94,59.6,0.0
MV04500,DR05743,PR00006,SR08395,CONT02320,Export,In Yard,87,43.9,0.0
MV04501,DR01870,PR00007,SR06952,CONT08115,Export,Gate Out,94,75.8,0.0
MV04502,DR03667,PR00001,SR00005,CONT02655,Export,In Yard,60,59.1,0.0
MV04503,DR09512,PR00004,SR07719,CONT09426,Export,Gate Out,106,51.4,0.0
MV04504,DR04993,PR00007,SR05209,CONT05705,Import,Loaded,68,37.6,0.0
MV04505,DR07420,PR00007,SR01662,CONT07070,Import,Discharged,103,84.5,3.8
MV04506,DR07665,PR00003,SR09075,CONT03910,Export,In Yard,97,56.7,0.0
MV04507,DR02641,PR00005,SR02855,CONT05469,Import,Gate Out,93,57.7,3.2
MV04508,DR06309,PR00004,SR07651,CONT08008,Import,Loaded,43,29.1,0.0
MV04509,DR03523,PR00002,SR02334,CONT03006,Export,Customs Hold,70,31.9,17.1
MV04510,DR08570,PR00004,SR00907,CONT03380,Import,In Yard,82,25.5,0.0
MV04511,DR09971,PR00002,SR09329,CONT05259,Import,Discharged,58,58.8,0.0
MV04512,DR03097,PR00002,SR07997,CONT08114,Export,In Yard,89,54.0,0.0
MV04513,DR03043,PR00003,SR08899,CONT08675,Import,Discharged,65,43.0,0.0
MV04514,DR03721,PR00006,SR02995,CONT09023,Export,In Yard,74,43.4,0.0
MV04515,DR07056,PR00002,SR01081,CONT02628,Import,Loaded,70,32.6,0.0
MV04516,DR03773,PR00002,SR06362,CONT06036,Export,Gate Out,76,34.6,0.0
MV04517,DR04168,PR00001,SR06369,CONT08612,Import,Loaded,59,46.2,0.0
MV04518,DR01209,PR00001,SR03674,CONT05602,Import,Customs Hold,77,8.4,11.3
MV04519,DR04482,PR00007,SR05739,CONT04860,Import,In Yard,96,38.5,0.0
MV04520,DR01350,PR00003,SR08705,CONT08186,Transshipment,Customs Hold,107,38.2,12.7
MV04521,DR06812,PR00001,SR02218,CONT07716,Export,In Yard,104,56.1,0.0
MV04522,DR08667,PR00007,SR08532,CONT05774,Export,Gate Out,86,39.8,0.0
MV04523,DR01835,PR00001,SR09331,CONT09332,Export,Gate Out,103,18.7,3.8
MV04524,DR09300,PR00003,SR09295,CONT06003,Import,Gate Out,110,28.7,0.0
MV04525,DR09159,PR00006,SR03137,CONT05913,Export,Gate Out,122,71.9,0.0
MV04526,DR01374,PR00005,SR05405,CONT06298,Export,Gate Out,76,41.2,0.0
MV04527,DR04234,PR00001,SR04459,CONT02611,Export,Gate Out,34,24.5,5.5
MV04528,DR00755,PR00005,SR05586,CONT02473,Import,Customs Hold,72,20.2,11.8
MV04529,DR02441,PR00004,SR04883,CONT07380,Transshipment,In Yard,81,42.8,0.0
MV04530,DR02770,PR00005,SR01250,CONT01284,Export,Loaded,67,51.7,0.0
MV04531,DR00958,PR00002,SR03837,CONT00125,Export,Gate Out,101,53.2,0.0
MV04532,DR08017,PR00006,SR06420,CONT01828,Import,Gate Out,24,76.9,0.0
MV04533,DR08073,PR00004,SR08457,CONT02417,Import,Discharged,99,24.4,0.0
MV04534,DR07099,PR00005,SR09662,CONT05908,Import,Discharged,97,41.2,0.0
MV04535,DR07908,PR00007,SR06154,CONT00001,Transshipment,Discharged,86,54.8,0.0
MV04536,DR09841,PR00006,SR08574,CONT02319,Import,Gate Out,79,37.8,0.0
MV04537,DR00519,PR00006,SR05656,CONT00398,Export,Customs Hold,89,18.6,12.4
MV04538,DR09927,PR00002,SR03802,CONT09981,Import,In Yard,67,42.1,0.0
MV04539,DR02554,PR00001,SR05679,CONT07040,Import,Loaded,56,25.8,0.0
MV04540,DR03135,PR00004,SR02501,CONT01459,Import,Customs Hold,88,26.7,9.1
MV04541,DR04456,PR00001,SR02619,CONT00300,Export,Customs Hold,67,32.4,14.2
MV04542,DR02492,PR00005,SR03494,CONT08004,Import,Loaded,107,72.2,0.0
MV04543,DR09779,PR00005,SR08715,CONT05390,Export,Discharged,120,62.9,0.0
MV04544,DR01181,PR00004,SR08257,CONT07250,Export,Discharged,65,26.3,0.0
MV04545,DR05143,PR00001,SR04268,CONT09229,Transshipment,In Yard,101,23.5,0.0
MV04546,DR05159,PR00006,SR05505,CONT09521,Export,Loaded,59,55.2,0.0
MV04547,DR00422,PR00004,SR02805,CONT04390,Export,Discharged,110,67.3,0.0
MV04548,DR08230,PR00003,SR02406,CONT02552,Export,Loaded,66,67.3,0.0
MV04549,DR05077,PR00004,SR08908,CONT05350,Import,Loaded,55,24.1,0.0
MV04550,DR07300,PR00001,SR06005,CONT08152,Export,Gate Out,110,61.7,0.0
MV04551,DR08092,PR00005,SR04484,CONT07632,Export,Customs Hold,62,43.9,20.2
MV04552,DR02140,PR00001,SR03342,CONT05248,Import,Customs Hold,88,14.9,24.6
MV04553,DR03474,PR00004,SR06931,CONT03460,Import,Gate Out,97,31.3,0.0
MV04554,DR04034,PR00001,SR06047,CONT03161,Export,Discharged,133,35.8,0.0
MV04555,DR03516,PR00002,SR03473,CONT01022,Export,Gate Out,90,49.7,0.0
MV04556,DR07954,PR00002,SR03546,CONT05249,Import,Gate Out,87,25.7,0.0
MV04557,DR02093,PR00001,SR03633,CONT07964,Export,Loaded,40,52.3,0.0
MV04558,DR03462,PR00006,SR07544,CONT05615,Import,In Yard,83,53.7,0.0
MV04559,DR01376,PR00006,SR04884,CONT04003,Import,In Yard,99,66.8,0.0
MV04560,DR03138,PR00001,SR04989,CONT01258,Transshipment,Loaded,80,33.4,0.0
MV04561,DR00435,PR00001,SR09603,CONT02895,Import,In Yard,81,49.2,0.0
MV04562,DR07764,PR00006,SR05401,CONT06955,Export,Loaded,84,28.0,0.0
MV04563,DR05828,PR00001,SR09985,CONT02690,Transshipment,Loaded,87,54.8,0.0
MV04564,DR04309,PR00003,SR00395,CONT01886,Import,Gate Out,112,45.9,0.0
MV04565,DR09212,PR00001,SR01256,CONT05976,Import,Loaded,81,40.2,0.0
MV04566,DR00139,PR00004,SR09409,CONT04865,Transshipment,Loaded,95,50.1,0.0
MV04567,DR04801,PR00007,SR02766,CONT03813,Export,Customs Hold,81,26.4,15.7
MV04568,DR08580,PR00001,SR00525,CONT05365,Transshipment,Customs Hold,66,51.5,8.6
MV04569,DR09617,PR00007,SR01335,CONT05446,Export,Gate Out,126,52.1,0.0
MV04570,DR09094,PR00006,SR01277,CONT00545,Export,Loaded,85,65.0,0.0
MV04571,DR06115,PR00007,SR06774,CONT07212,Export,Gate Out,81,59.6,0.0
MV04572,DR08116,PR00005,SR00992,CONT03855,Export,Gate Out,83,31.4,0.0
MV04573,DR08940,PR00006,SR04377,CONT01547,Import,Loaded,84,42.0,0.0
MV04574,DR05029,PR00004,SR02037,CONT06359,Import,Loaded,53,24.3,0.0
MV04575,DR04720,PR00006,SR05228,CONT08960,Export,In Yard,86,59.4,0.0
MV04576,DR07841,PR00001,SR04303,CONT00912,Transshipment,In Yard,63,48.2,0.0
MV04577,DR04556,PR00005,SR08224,CONT01182,Transshipment,Loaded,40,42.6,0.0
MV04578,DR07381,PR00004,SR00470,CONT01691,Transshipment,Loaded,83,46.9,0.0
MV04579,DR01434,PR00001,SR01953,CONT05085,Import,In Yard,80,29.4,5.9
MV04580,DR04506,PR00002,SR03230,CONT09605,Export,In Yard,55,56.2,0.0
MV04581,DR03225,PR00002,SR04357,CONT00973,Import,Gate Out,46,65.6,0.0
MV04582,DR03489,PR00003,SR07595,CONT06197,Export,Discharged,96,62.2,0.0
MV04583,DR07966,PR00001,SR02253,CONT02790,Transshipment,Loaded,55,31.8,0.0
MV04584,DR09522,PR00002,SR06834,CONT08375,Export,Customs Hold,107,50.6,16.2
MV04585,DR06076,PR00002,SR04857,CONT07159,Export,In Yard,66,55.4,0.0
MV04586,DR04397,PR00004,SR00575,CONT04606,Import,Customs Hold,70,41.7,16.5
MV04587,DR06324,PR00001,SR09814,CONT09933,Export,Gate Out,111,71.3,0.0
MV04588,DR01374,PR00002,SR08145,CONT01377,Import,Gate Out,62,59.7,0.0
MV04589,DR07585,PR00002,SR07223,CONT01560,Export,Gate Out,53,73.7,0.0
MV04590,DR01298,PR00003,SR03841,CONT06012,Import,Gate Out,107,47.5,0.0
MV04591,DR09082,PR00001,SR07939,CONT03988,Export,Gate Out,69,6.6,0.0
MV04592,DR03807,PR00007,SR08206,CONT00728,Import,Loaded,105,53.9,0.0
MV04593,DR04301,PR00002,SR06014,CONT04049,Export,In Yard,78,36.6,0.0
MV04594,DR04143,PR00002,SR04090,CONT01379,Export,Discharged,122,49.7,0.0
MV04595,DR02662,PR00004,SR01226,CONT08955,Import,Gate Out,106,73.7,0.0
MV04596,DR01315,PR00006,SR09218,CONT02991,Export,Loaded,71,34.5,0.0
MV04597,DR06349,PR00003,SR02165,CONT06657,Export,Discharged,75,30.2,0.0
MV04598,DR04481,PR00002,SR08674,CONT05617,Transshipment,Discharged,36,29.1,0.0
MV04599,DR06983,PR00004,SR02888,CONT05780,Import,In Yard,94,72.5,0.0
MV04600,DR02170,PR00003,SR03110,CONT00350,Export,Gate Out,53,33.0,2.0
MV04601,DR09085,PR00003,SR04321,CONT09620,Import,In Yard,59,46.4,0.0
MV04602,DR09111,PR00007,SR06029,CONT03859,Import,In Yard,49,69.0,0.0
MV04603,DR05617,PR00007,SR03849,CONT01615,Import,Discharged,73,59.6,0.0
MV04604,DR06261,PR00004,SR04422,CONT05883,Export,In Yard,44,15.2,0.0
MV04605,DR04122,PR00001,SR01930,CONT05390,Import,In Yard,79,39.7,0.0
MV04606,DR04210,PR00004,SR04557,CONT04990,Export,Discharged,98,42.0,0.0
MV04607,DR01910,PR00007,SR06937,CONT05060,Import,In Yard,120,28.3,0.0
MV04608,DR07048,PR00007,SR04409,CONT05491,Import,Discharged,95,42.8,0.0
MV04609,DR09840,PR00002,SR04359,CONT03175,Export,In Yard,98,10.1,0.0
MV04610,DR09125,PR00001,SR06459,CONT09364,Import,Loaded,106,46.2,0.0
MV04611,DR07501,PR00001,SR07202,CONT05096,Import,Discharged,12,34.1,3.3
MV04612,DR00399,PR00006,SR04099,CONT09834,Import,Loaded,91,36.3,0.0
MV04613,DR01748,PR00003,SR06031,CONT05438,Import,Gate Out,109,25.5,0.0
MV04614,DR06878,PR00002,SR06503,CONT08406,Export,Loaded,87,57.6,0.0
MV04615,DR00259,PR00002,SR03242,CONT07064,Export,Gate Out,26,28.1,0.0
MV04616,DR03544,PR00002,SR03006,CONT06020,Export,Loaded,83,59.8,1.7
MV04617,DR06260,PR00006,SR07898,CONT08302,Import,Customs Hold,95,51.9,11.2
MV04618,DR06169,PR00003,SR08972,CONT03317,Import,Discharged,66,64.0,0.0
MV04619,DR09002,PR00002,SR06302,CONT01314,Export,Loaded,128,51.1,0.0
MV04620,DR05940,PR00005,SR09127,CONT05833,Import,In Yard,71,45.4,0.0
MV04621,DR03455,PR00004,SR07963,CONT02376,Import,Gate Out,95,31.6,0.0
MV04622,DR00865,PR00005,SR06884,CONT07257,Import,Discharged,122,68.9,0.0
MV04623,DR05330,PR00006,SR07671,CONT03043,Export,In Yard,86,50.8,0.0
MV04624,DR06669,PR00001,SR05784,CONT03956,Export,Discharged,67,29.4,2.6
MV04625,DR08654,PR00001,SR00990,CONT05504,Import,Discharged,70,36.0,0.0
MV04626,DR01801,PR00001,SR06395,CONT05149,Import,Gate Out,69,35.4,0.0
MV04627,DR09595,PR00005,SR05840,CONT07158,Export,In Yard,73,51.4,0.0
MV04628,DR08114,PR00007,SR03810,CONT04987,Import,Gate Out,126,24.5,0.0
MV04629,DR06124,PR00002,SR07905,CONT08537,Import,Gate Out,95,72.5,0.0
MV04630,DR02008,PR00006,SR04200,CONT07725,Export,Gate Out,110,55.5,0.0
MV04631,DR02119,PR00005,SR03533,CONT01298,Import,In Yard,119,49.8,0.0
MV04632,DR03553,PR00007,SR05093,CONT01113,Import,Gate Out,111,52.8,0.0
MV04633,DR09703,PR00003,SR09175,CONT06081,Export,Discharged,57,19.1,0.0
MV04634,DR08194,PR00001,SR03070,CONT08386,Export,In Yard,62,45.6,0.0
MV04635,DR02775,PR00005,SR04695,CONT02976,Import,Gate Out,91,58.5,0.0
MV04636,DR02465,PR00006,SR02769,CONT03999,Import,In Yard,66,43.7,0.0
MV04637,DR00749,PR00005,SR07520,CONT02145,Import,Loaded,49,46.8,0.0
MV04638,DR06079,PR00006,SR05290,CONT05855,Export,Loaded,93,57.8,0.0
MV04639,DR04818,PR00003,SR01533,CONT05081,Import,In Yard,79,35.5,0.0
MV04640,DR00194,PR00005,SR06590,CONT00231,Import,Gate Out,121,68.2,0.0
MV04641,DR07034,PR00002,SR09769,CONT04228,Import,Customs Hold,84,40.7,12.0
MV04642,DR00782,PR00003,SR04914,CONT04382,Export,Loaded,89,67.8,0.0
MV04643,DR00901,PR00002,SR01133,CONT06666,Import,In Yard,49,56.5,0.0
MV04644,DR09096,PR00001,SR02109,CONT05439,Export,Customs Hold,53,43.3,20.4
MV04645,DR09475,PR00001,SR05488,CONT05196,Export,Loaded,21,23.4,0.0
MV04646,DR00516,PR00005,SR03752,CONT07269,Transshipment,Discharged,77,38.6,0.0
MV04647,DR08682,PR00006,SR09486,CONT03286,Export,Gate Out,140,64.6,0.0
MV04648,DR02492,PR00002,SR07059,CONT04778,Export,Discharged,75,32.2,0.0
MV04649,DR05099,PR00003,SR01650,CONT03054,Import,Gate Out,101,52.6,0.0
MV04650,DR08400,PR00001,SR07839,CONT05655,Export,Discharged,59,45.1,0.0
MV04651,DR06008,PR00003,SR05528,CONT05130,Export,Gate Out,99,47.5,0.0
MV04652,DR05717,PR00002,SR07583,CONT06617,Export,In Yard,88,26.8,0.0
MV04653,DR05524,PR00004,SR07155,CONT07743,Transshipment,Customs Hold,73,61.3,10.8
MV04654,DR02679,PR00007,SR06639,CONT05819,Import,Loaded,113,57.2,0.0
MV04655,DR02738,PR00003,SR05482,CONT04108,Transshipment,Gate Out,119,43.1,0.0
MV04656,DR02426,PR00005,SR02330,CONT07567,Export,In Yard,94,31.7,0.0
MV04657,DR08477,PR00005,SR03648,CONT06936,Export,Customs Hold,89,57.7,10.0
MV04658,DR02663,PR00001,SR04072,CONT07681,Export,Customs Hold,64,35.1,15.2
MV04659,DR08493,PR00002,SR02105,CONT05871,Import,Discharged,86,58.2,0.0
MV04660,DR03220,PR00001,SR05569,CONT04770,Export,In Yard,85,28.0,0.0
MV04661,DR07240,PR00003,SR00859,CONT07480,Import,Discharged,82,48.9,0.0
MV04662,DR03165,PR00006,SR09597,CONT07844,Export,Customs Hold,83,37.3,13.7
MV04663,DR02500,PR00003,SR02143,CONT09865,Import,In Yard,94,63.6,0.0
MV04664,DR04652,PR00003,SR01800,CONT03772,Import,Loaded,59,49.8,0.0
MV04665,DR07857,PR00002,SR07921,CONT02754,Export,In Yard,39,26.6,0.0
MV04666,DR03963,PR00002,SR06021,CONT09008,Export,Loaded,85,55.7,0.0
MV04667,DR09923,PR00007,SR00592,CONT01072,Export,Gate Out,92,61.1,0.0
MV04668,DR07817,PR00002,SR04036,CONT02719,Export,Loaded,77,35.1,0.0
MV04669,DR03019,PR00005,SR08135,CONT08346,Export,In Yard,45,29.5,2.5
MV04670,DR08368,PR00001,SR04180,CONT01535,Transshipment,Gate Out,71,5.4,0.0
MV04671,DR06894,PR00001,SR06403,CONT00368,Export,In Yard,96,50.3,0.0
MV04672,DR05284,PR00002,SR07511,CONT04457,Export,Discharged,63,18.7,1.6
MV04673,DR03772,PR00007,SR09264,CONT05746,Export,In Yard,67,44.4,0.0
MV04674,DR00292,PR00002,SR06603,CONT00766,Export,In Yard,58,13.1,0.0
MV04675,DR09224,PR00005,SR06176,CONT00717,Export,Discharged,107,75.4,0.0
MV04676,DR05808,PR00001,SR05309,CONT07962,Export,In Yard,98,57.3,0.0
MV04677,DR09013,PR00004,SR04959,CONT08538,Export,In Yard,104,52.4,0.0
MV04678,DR03579,PR00004,SR00623,CONT06755,Export,Discharged,94,62.1,0.0
MV04679,DR08913,PR00004,SR02785,CONT02558,Export,In Yard,53,36.8,0.0
MV04680,DR02058,PR00002,SR00916,CONT09528,Export,Discharged,59,32.8,0.0
MV04681,DR07072,PR00001,SR02553,CONT08149,Import,Discharged,122,24.2,0.0
MV04682,DR05060,PR00006,SR05226,CONT03652,Import,In Yard,102,57.8,0.0
MV04683,DR05673,PR00004,SR08631,CONT04208,Export,Customs Hold,104,37.4,15.9
MV04684,DR09983,PR00002,SR08433,CONT02678,Import,Gate Out,102,80.3,0.0
MV04685,DR03301,PR00003,SR00543,CONT05362,Import,Discharged,80,28.5,0.0
MV04686,DR03019,PR00001,SR04984,CONT01652,Import,Gate Out,23,47.2,0.0
MV04687,DR06285,PR00003,SR03476,CONT07297,Import,Customs Hold,63,61.6,17.9
MV04688,DR01085,PR00003,SR05641,CONT03723,Export,In Yard,99,31.6,0.0
MV04689,DR07643,PR00001,SR00924,CONT09300,Export,Gate Out,79,36.2,2.5
MV04690,DR01116,PR00003,SR09938,CONT00304,Export,Customs Hold,96,44.0,13.3
MV04691,DR09120,PR00004,SR02636,CONT08309,Import,Discharged,116,89.8,0.0
MV04692,DR03218,PR00007,SR02439,CONT09613,Import,In Yard,82,43.8,0.0
MV04693,DR06394,PR00005,SR06830,CONT08806,Import,Loaded,95,37.2,0.0
MV04694,DR05708,PR00003,SR05277,CONT05455,Import,Discharged,69,45.4,0.0
MV04695,DR05503,PR00005,SR04686,CONT07368,Import,Gate Out,63,32.4,0.0
MV04696,DR01305,PR00002,SR07651,CONT02984,Export,Loaded,68,36.7,0.0
MV04697,DR04174,PR00004,SR00975,CONT05697,Import,In Yard,79,40.6,0.0
MV04698,DR07541,PR00001,SR09520,CONT05140,Export,Discharged,101,52.7,0.0
MV04699,DR04958,PR00001,SR00624,CONT03635,Export,Discharged,94,38.7,0.0
MV04700,DR09397,PR00004,SR08241,CONT06496,Import,In Yard,68,31.5,0.0
MV04701,DR06500,PR00001,SR05678,CONT07745,Export,Customs Hold,101,58.0,15.7
MV04702,DR09920,PR00005,SR05317,CONT07328,Export,In Yard,122,55.8,0.0
MV04703,DR07277,PR00004,SR05060,CONT02184,Import,In Yard,136,48.9,0.0
MV04704,DR05501,PR00001,SR06492,CONT03431,Export,Customs Hold,88,15.0,8.6
MV04705,DR01283,PR00003,SR01653,CONT04318,Export,In Yard,64,47.1,0.0
MV04706,DR00998,PR00004,SR08105,CONT07743,Export,In Yard,74,38.4,0.0
MV04707,DR02119,PR00005,SR05479,CONT05218,Transshipment,In Yard,108,53.6,0.0
MV04708,DR08335,PR00006,SR03572,CONT09453,Import,Loaded,124,25.5,0.0
MV04709,DR04179,PR00002,SR02927,CONT09982,Import,In Yard,87,43.1,0.0
MV04710,DR08699,PR00006,SR07966,CONT09959,Export,Discharged,64,46.0,0.0
MV04711,DR04891,PR00002,SR08261,CONT04352,Export,In Yard,94,40.5,0.0
MV04712,DR02882,PR00001,SR05435,CONT06643,Transshipment,Gate Out,73,26.5,0.0
MV04713,DR08191,PR00004,SR02326,CONT06641,Export,In Yard,104,59.7,6.0
MV04714,DR05882,PR00002,SR03223,CONT01928,Export,Discharged,105,37.8,0.0
MV04715,DR01296,PR00001,SR07868,CONT09444,Export,Gate Out,60,45.8,0.0
MV04716,DR03086,PR00002,SR04428,CONT02938,Import,Discharged,44,51.1,0.0
MV04717,DR01426,PR00006,SR03047,CONT05037,Import,In Yard,126,42.7,0.0
MV04718,DR06865,PR00007,SR09191,CONT07344,Import,Gate Out,90,64.7,0.0
MV04719,DR07225,PR00007,SR08431,CONT01035,Import,Loaded,89,41.4,0.0
MV04720,DR07605,PR00002,SR05835,CONT00796,Export,Loaded,90,55.8,0.0
MV04721,DR02659,PR00003,SR00113,CONT00685,Export,Gate Out,57,26.8,0.0
MV04722,DR03404,PR00006,SR09221,CONT08499,Transshipment,Customs Hold,80,40.0,6.8
MV04723,DR04224,PR00002,SR09350,CONT04827,Import,Loaded,72,40.5,0.0
MV04724,DR00205,PR00003,SR09369,CONT05829,Import,Gate Out,39,42.6,0.0
MV04725,DR09008,PR00002,SR01205,CONT09651,Import,Gate Out,54,40.5,0.0
MV04726,DR03984,PR00004,SR06603,CONT07998,Export,In Yard,64,30.0,0.0
MV04727,DR01990,PR00004,SR06128,CONT00369,Import,Customs Hold,122,41.3,17.8
MV04728,DR02185,PR00002,SR00632,CONT06586,Export,Gate Out,64,52.8,0.0
MV04729,DR00538,PR00001,SR01413,CONT08147,Export,Discharged,118,36.6,0.0
MV04730,DR04191,PR00005,SR09240,CONT00045,Import,Customs Hold,124,45.5,10.0
MV04731,DR09802,PR00004,SR01081,CONT07150,Export,Discharged,66,29.6,0.0
MV04732,DR09825,PR00002,SR07507,CONT05352,Import,In Yard,92,41.5,0.0
MV04733,DR03331,PR00002,SR08700,CONT02488,Import,Customs Hold,61,26.1,14.2
MV04734,DR00333,PR00007,SR04116,CONT01985,Transshipment,Discharged,121,64.5,3.3
MV04735,DR01374,PR00004,SR04343,CONT01741,Import,Loaded,85,42.7,0.0
MV04736,DR03322,PR00004,SR04552,CONT01153,Import,In Yard,69,26.4,0.0
MV04737,DR06283,PR00004,SR05159,CONT02989,Transshipment,Discharged,51,37.9,0.0
MV04738,DR04985,PR00007,SR00258,CONT05704,Import,In Yard,107,30.8,0.0
MV04739,DR07049,PR00002,SR00770,CONT03453,Import,In Yard,82,30.4,0.0
MV04740,DR04794,PR00002,SR08716,CONT05629,Import,Gate Out,57,55.1,0.0
MV04741,DR05566,PR00003,SR03516,CONT06558,Export,Discharged,64,24.9,0.0
MV04742,DR02094,PR00006,SR09265,CONT03376,Export,Loaded,100,51.6,0.0
MV04743,DR04909,PR00001,SR00758,CONT04756,Export,In Yard,96,72.7,0.0
MV04744,DR07724,PR00002,SR01108,CONT03364,Transshipment,In Yard,42,40.7,0.0
MV04745,DR01656,PR00002,SR04308,CONT01353,Import,Loaded,109,38.9,0.0
MV04746,DR02935,PR00004,SR07626,CONT00964,Export,Loaded,74,14.7,0.0
MV04747,DR06365,PR00004,SR01267,CONT01119,Transshipment,Gate Out,77,46.7,0.0
MV04748,DR01690,PR00003,SR05332,CONT09520,Import,Discharged,72,27.0,0.0
MV04749,DR04883,PR00002,SR02764,CONT01610,Transshipment,Discharged,93,50.8,0.0
MV04750,DR08564,PR00005,SR01516,CONT08437,Transshipment,Discharged,55,33.2,0.0
MV04751,DR02850,PR00001,SR02505,CONT04471,Transshipment,Discharged,86,39.6,0.0
MV04752,DR08013,PR00005,SR06717,CONT03036,Import,Loaded,29,60.8,5.5
MV04753,DR04682,PR00002,SR08896,CONT01857,Export,In Yard,85,46.2,0.0
MV04754,DR05667,PR00007,SR07856,CONT08454,Export,Loaded,70,25.9,0.0
MV04755,DR04766,PR00003,SR00917,CONT01550,Import,Gate Out,100,44.2,0.0
MV04756,DR02237,PR00004,SR05450,CONT06850,Export,Discharged,132,63.0,0.0
MV04757,DR08187,PR00001,SR02199,CONT08157,Import,Loaded,61,18.2,0.0
MV04758,DR09463,PR00002,SR01690,CONT01667,Import,In Yard,86,67.4,0.0
MV04759,DR05832,PR00005,SR07346,CONT05600,Export,Gate Out,94,47.8,0.0
MV04760,DR02797,PR00004,SR09655,CONT02195,Transshipment,Loaded,51,48.0,0.0
MV04761,DR03635,PR00005,SR01793,CONT05076,Import,Discharged,61,35.5,0.0
MV04762,DR04832,PR00004,SR04848,CONT03837,Import,In Yard,92,49.1,0.0
MV04763,DR03839,PR00004,SR09339,CONT06746,Export,In Yard,43,26.9,0.0
MV04764,DR09005,PR00006,SR09498,CONT06519,Import,Discharged,76,65.6,0.0
MV04765,DR02386,PR00003,SR01783,CONT02867,Export,In Yard,75,60.3,0.0
MV04766,DR07595,PR00006,SR03767,CONT05232,Export,In Yard,117,79.4,0.0
MV04767,DR06099,PR00003,SR02795,CONT07282,Import,Customs Hold,100,26.0,15.2
MV04768,DR04804,PR00002,SR05523,CONT07965,Export,In Yard,73,43.8,0.0
MV04769,DR07971,PR00005,SR09231,CONT03903,Import,Gate Out,76,49.6,0.0
MV04770,DR04529,PR00001,SR05325,CONT00467,Import,In Yard,44,30.8,0.0
MV04771,DR01859,PR00001,SR08334,CONT07140,Export,In Yard,58,44.8,0.0
MV04772,DR02914,PR00001,SR01546,CONT01405,Import,Loaded,86,19.3,0.0
MV04773,DR07892,PR00003,SR07961,CONT07966,Import,Discharged,97,60.1,0.0
MV04774,DR07928,PR00004,SR09310,CONT06443,Export,In Yard,56,20.6,0.0
MV04775,DR06902,PR00001,SR05794,CONT08101,Import,Discharged,82,39.3,0.0
MV04776,DR09466,PR00001,SR06471,CONT07130,Export,Loaded,61,52.3,0.0
MV04777,DR07157,PR00002,SR00307,CONT05654,Export,Discharged,84,37.7,0.0
MV04778,DR08623,PR00002,SR08346,CONT02077,Import,Discharged,91,63.3,0.0
MV04779,DR02854,PR00001,SR03309,CONT09711,Import,Loaded,71,16.3,0.0
MV04780,DR04511,PR00001,SR00380,CONT08863,Import,Gate Out,78,43.6,0.0
MV04781,DR06598,PR00006,SR06378,CONT02748,Export,Customs Hold,100,27.6,19.1
MV04782,DR09644,PR00005,SR00629,CONT07070,Import,Gate Out,95,33.9,0.0
MV04783,DR07275,PR00002,SR07267,CONT04933,Export,Discharged,46,33.1,0.0
MV04784,DR00134,PR00002,SR04010,CONT01721,Import,Loaded,81,34.3,0.0
MV04785,DR07178,PR00001,SR06262,CONT05981,Export,Discharged,86,54.5,0.0
MV04786,DR03186,PR00002,SR09660,CONT07100,Export,Gate Out,86,30.3,0.0
MV04787,DR01396,PR00003,SR05148,CONT09222,Export,In Yard,58,18.8,0.0
MV04788,DR07935,PR00007,SR08666,CONT02293,Export,In Yard,58,37.4,0.0
MV04789,DR07020,PR00005,SR05513,CONT07078,Import,In Yard,124,47.5,0.0
MV04790,DR09590,PR00003,SR08141,CONT01646,Import,In Yard,88,43.5,0.0
MV04791,DR05167,PR00001,SR04055,CONT01727,Import,Loaded,57,51.0,0.0
MV04792,DR09676,PR00004,SR07641,CONT09353,Import,Discharged,99,14.5,0.0
MV04793,DR07426,PR00007,SR03366,CONT09318,Export,In Yard,64,65.0,0.0
MV04794,DR05096,PR00001,SR06320,CONT00748,Export,In Yard,59,25.4,0.0
MV04795,DR09597,PR00006,SR09074,CONT05475,Export,Discharged,72,43.9,0.0
MV04796,DR09513,PR00001,SR06901,CONT02794,Transshipment,Discharged,36,38.3,3.4
MV04797,DR07152,PR00005,SR02048,CONT04069,Export,Customs Hold,99,23.8,18.5
MV04798,DR06048,PR00001,SR03904,CONT03396,Import,Loaded,47,28.4,0.0
MV04799,DR01944,PR00004,SR01310,CONT06961,Import,Discharged,107,61.4,2.7
MV04800,DR07389,PR00002,SR08828,CONT06294,Export,Loaded,98,51.7,0.0
MV04801,DR04259,PR00004,SR07174,CONT01579,Import,In Yard,90,40.0,0.0
MV04802,DR05498,PR00004,SR03419,CONT09217,Import,Discharged,74,49.3,0.0
MV04803,DR02422,PR00004,SR09530,CONT07543,Export,Loaded,52,44.5,0.0
MV04804,DR02912,PR00005,SR03850,CONT03998,Export,Loaded,131,46.6,0.0
MV04805,DR01308,PR00001,SR06904,CONT03773,Import,Gate Out,80,44.4,0.0
MV04806,DR01822,PR00005,SR01668,CONT06914,Import,In Yard,121,37.6,0.0
MV04807,DR03345,PR00001,SR05272,CONT08362,Import,In Yard,101,25.7,4.9
MV04808,DR06457,PR00005,SR00414,CONT03835,Import,Customs Hold,69,40.1,9.5
MV04809,DR03578,PR00001,SR08071,CONT07214,Import,Discharged,98,10.6,0.0
MV04810,DR08656,PR00003,SR02197,CONT08432,Export,Discharged,87,58.0,0.0
MV04811,DR06806,PR00003,SR01224,CONT01639,Export,Loaded,122,50.1,0.0
MV04812,DR06152,PR00007,SR01064,CONT08362,Import,Gate Out,123,50.1,0.0
MV04813,DR05303,PR00004,SR01759,CONT08580,Transshipment,Discharged,47,54.9,5.9
MV04814,DR05781,PR00001,SR05297,CONT06810,Export,In Yard,83,45.0,0.0
MV04815,DR05950,PR00005,SR04788,CONT08901,Import,In Yard,94,65.8,0.0
MV04816,DR04288,PR00001,SR03084,CONT03173,Export,Loaded,56,56.5,0.0
MV04817,DR04305,PR00002,SR08015,CONT07960,Export,Loaded,88,51.8,0.0
MV04818,DR03726,PR00003,SR03994,CONT01601,Export,Loaded,105,35.6,0.0
MV04819,DR06022,PR00005,SR09695,CONT09327,Import,Gate Out,83,57.4,5.8
MV04820,DR09273,PR00007,SR04649,CONT03869,Export,Gate Out,78,41.7,0.0
MV04821,DR04812,PR00007,SR07714,CONT03487,Import,Loaded,93,43.1,0.0
MV04822,DR00690,PR00001,SR03150,CONT05312,Import,Gate Out,79,38.2,0.0
MV04823,DR07759,PR00001,SR05679,CONT03927,Export,Loaded,62,49.1,2.7
MV04824,DR05699,PR00006,SR01763,CONT03484,Export,Loaded,127,61.3,0.0
MV04825,DR00817,PR00002,SR04095,CONT00291,Export,Discharged,102,57.0,0.0
MV04826,DR01440,PR00004,SR01083,CONT02812,Import,In Yard,117,52.1,0.0
MV04827,DR08017,PR00007,SR06963,CONT09968,Import,Customs Hold,128,62.4,13.2
MV04828,DR05768,PR00001,SR08869,CONT02650,Export,In Yard,112,53.8,5.0
MV04829,DR04132,PR00003,SR06217,CONT08581,Export,Loaded,80,28.1,0.0
MV04830,DR03531,PR00006,SR03434,CONT06724,Export,Discharged,143,57.1,0.0
MV04831,DR08683,PR00004,SR02260,CONT06014,Import,Loaded,120,50.4,0.0
MV04832,DR00980,PR00007,SR03984,CONT08380,Transshipment,In Yard,120,49.7,0.0
MV04833,DR03546,PR00004,SR04386,CONT09311,Import,Gate Out,77,39.9,0.0
MV04834,DR00587,PR00002,SR08406,CONT05102,Import,Gate Out,106,40.3,0.0
MV04835,DR08981,PR00006,SR06057,CONT08633,Export,Discharged,133,49.8,0.0
MV04836,DR07961,PR00005,SR03618,CONT07163,Import,Discharged,45,39.9,0.0
MV04837,DR02681,PR00007,SR03319,CONT02379,Export,Loaded,138,63.6,0.0
MV04838,DR00431,PR00003,SR07605,CONT02097,Export,Loaded,81,64.6,0.0
MV04839,DR01923,PR00003,SR07645,CONT02022,Export,Gate Out,85,52.4,0.0
MV04840,DR09741,PR00002,SR02152,CONT01052,Import,Loaded,74,39.0,0.0
MV04841,DR09152,PR00002,SR04769,CONT01046,Import,Gate Out,91,21.5,1.0
MV04842,DR03232,PR00007,SR00724,CONT02993,Export,In Yard,95,78.4,0.0
MV04843,DR02772,PR00007,SR07548,CONT09133,Export,Discharged,66,37.8,0.0
MV04844,DR09795,PR00003,SR07820,CONT01599,Transshipment,Discharged,91,32.2,0.0
MV04845,DR09890,PR00007,SR02639,CONT06463,Import,In Yard,119,71.4,0.0
MV04846,DR04039,PR00002,SR05735,CONT01039,Export,Loaded,79,27.2,0.0
MV04847,DR09759,PR00006,SR01059,CONT06295,Import,Discharged,75,46.3,0.0
MV04848,DR07936,PR00004,SR01475,CONT05734,Import,Loaded,64,32.5,0.0
MV04849,DR01707,PR00005,SR05854,CONT05396,Import,Loaded,117,48.7,0.0
MV04850,DR01746,PR00005,SR04751,CONT01851,Import,In Yard,70,42.6,0.0
MV04851,DR02192,PR00004,SR00520,CONT00483,Import,In Yard,94,33.0,0.0
MV04852,DR02029,PR00006,SR07862,CONT06216,Import,Loaded,38,39.9,0.0
MV04853,DR03656,PR00003,SR03889,CONT00903,Import,In Yard,128,62.3,0.0
MV04854,DR06146,PR00006,SR09943,CONT06162,Export,Loaded,77,48.5,0.0
MV04855,DR00813,PR00001,SR09233,CONT09616,Import,Customs Hold,91,81.5,14.4
MV04856,DR09459,PR00001,SR03696,CONT00011,Export,In Yard,93,47.2,0.0
MV04857,DR02023,PR00005,SR00642,CONT08315,Export,Customs Hold,103,28.4,7.3
MV04858,DR09048,PR00005,SR04154,CONT09097,Import,Gate Out,128,45.2,0.0
MV04859,DR00950,PR00007,SR03955,CONT05572,Export,In Yard,118,25.9,0.0
MV04860,DR07635,PR00002,SR07914,CONT00984,Import,Discharged,80,55.5,0.0
MV04861,DR05234,PR00001,SR07670,CONT05632,Import,In Yard,33,54.9,0.0
MV04862,DR08052,PR00003,SR00509,CONT00474,Export,Loaded,65,50.0,0.0
MV04863,DR03460,PR00006,SR01095,CONT05373,Export,Gate Out,64,30.6,0.0
MV04864,DR09979,PR00007,SR05808,CONT08907,Import,Loaded,106,41.7,0.0
MV04865,DR07536,PR00006,SR02145,CONT03410,Export,In Yard,48,51.1,0.0
MV04866,DR07597,PR00003,SR05183,CONT02213,Export,Discharged,56,30.2,0.0
MV04867,DR02772,PR00006,SR01416,CONT06797,Import,Discharged,17,30.3,0.0
MV04868,DR03824,PR00002,SR01736,CONT05130,Import,In Yard,95,34.9,0.0
MV04869,DR00869,PR00007,SR04609,CONT02820,Export,In Yard,117,79.3,0.0
MV04870,DR03278,PR00004,SR04737,CONT05687,Transshipment,Gate Out,85,42.5,0.0
MV04871,DR02537,PR00003,SR07048,CONT02640,Export,Loaded,56,47.8,0.0
MV04872,DR05015,PR00004,SR09891,CONT00880,Export,In Yard,88,51.6,0.0
MV04873,DR07512,PR00006,SR08508,CONT00469,Export,Gate Out,130,42.5,0.0
MV04874,DR09369,PR00002,SR07985,CONT01607,Import,In Yard,77,36.0,0.0
MV04875,DR04799,PR00001,SR00615,CONT09994,Transshipment,Loaded,95,31.0,0.0
MV04876,DR00159,PR00005,SR04974,CONT03728,Export,Gate Out,66,58.8,0.0
MV04877,DR05356,PR00007,SR03139,CONT02855,Export,Gate Out,114,41.2,0.0
MV04878,DR09230,PR00004,SR07631,CONT04589,Export,In Yard,117,49.2,0.0
MV04879,DR03270,PR00001,SR09646,CONT05766,Export,Discharged,106,39.6,0.0
MV04880,DR09283,PR00004,SR03469,CONT06303,Import,Customs Hold,83,30.5,16.6
MV04881,DR00737,PR00001,SR09928,CONT04732,Export,Gate Out,109,58.0,0.0
MV04882,DR01229,PR00002,SR01325,CONT07880,Import,Loaded,94,38.7,0.0
MV04883,DR08785,PR00001,SR00153,CONT08174,Import,Gate Out,54,14.2,0.0
MV04884,DR00270,PR00003,SR03503,CONT05166,Import,Gate Out,97,50.5,0.0
MV04885,DR05261,PR00002,SR08891,CONT08174,Import,Gate Out,82,32.3,0.0
MV04886,DR06132,PR00001,SR01669,CONT01660,Transshipment,Gate Out,72,42.0,0.0
MV04887,DR08816,PR00002,SR03160,CONT08824,Import,Loaded,103,56.6,0.0
MV04888,DR00678,PR00004,SR04809,CONT06565,Import,In Yard,38,45.1,0.0
MV04889,DR02449,PR00002,SR05870,CONT08780,Export,Discharged,48,47.1,0.0
MV04890,DR07324,PR00001,SR09766,CONT05278,Export,Loaded,60,23.1,5.4
MV04891,DR02160,PR00004,SR06796,CONT02314,Export,Gate Out,85,64.1,0.0
MV04892,DR03605,PR00005,SR07885,CONT05371,Transshipment,Discharged,71,38.1,0.0
MV04893,DR01445,PR00006,SR07992,CONT06467,Export,Loaded,68,27.0,0.0
MV04894,DR02944,PR00003,SR06960,CONT07585,Export,Discharged,119,13.1,0.0
MV04895,DR09661,PR00005,SR07430,CONT03249,Import,Discharged,96,42.0,4.9
MV04896,DR02566,PR00006,SR03720,CONT09015,Import,Gate Out,84,39.3,0.0
MV04897,DR07542,PR00005,SR02491,CONT06933,Import,Gate Out,57,36.0,2.1
MV04898,DR08335,PR00003,SR01564,CONT03534,Export,Discharged,85,51.3,3.3
MV04899,DR04280,PR00001,SR05822,CONT04899,Export,Loaded,91,68.4,2.8
MV04900,DR09390,PR00002,SR06801,CONT06666,Export,Gate Out,68,29.8,0.0
MV04901,DR04881,PR00002,SR06281,CONT02201,Export,In Yard,125,42.7,0.0
MV04902,DR00923,PR00003,SR01259,CONT07797,Export,Discharged,38,31.6,0.0
MV04903,DR09093,PR00007,SR07409,CONT00188,Import,Gate Out,95,36.2,0.0
MV04904,DR01282,PR00002,SR05319,CONT02455,Import,Customs Hold,91,32.3,11.7
MV04905,DR00866,PR00004,SR02019,CONT09259,Export,Loaded,81,65.8,0.0
MV04906,DR07283,PR00007,SR08452,CONT05760,Import,In Yard,66,51.2,0.0
MV04907,DR09869,PR00004,SR09515,CONT02962,Transshipment,Discharged,77,40.0,0.0
MV04908,DR09160,PR00002,SR08845,CONT09386,Import,In Yard,89,34.6,0.0
MV04909,DR09838,PR00007,SR02428,CONT02601,Import,In Yard,114,51.9,0.0
MV04910,DR09266,PR00002,SR04663,CONT07544,Export,Gate Out,88,33.2,0.0
MV04911,DR02780,PR00001,SR02594,CONT06745,Import,Loaded,119,71.1,0.0
MV04912,DR08756,PR00003,SR00291,CONT00303,Export,In Yard,66,52.3,0.0
MV04913,DR08737,PR00002,SR05315,CONT05546,Import,In Yard,61,39.3,0.0
MV04914,DR03960,PR00006,SR09333,CONT04210,Import,Discharged,122,45.0,0.0
MV04915,DR07177,PR00002,SR00643,CONT05521,Export,Loaded,119,64.5,0.0
MV04916,DR00141,PR00006,SR05416,CONT03397,Import,In Yard,58,45.2,0.0
MV04917,DR06923,PR00001,SR03543,CONT08093,Export,Discharged,71,31.8,0.0
MV04918,DR00072,PR00007,SR06685,CONT08844,Import,Discharged,89,55.1,0.0
MV04919,DR03208,PR00001,SR01253,CONT04450,Export,Gate Out,75,52.3,2.3
MV04920,DR00047,PR00007,SR09693,CONT04365,Import,Gate Out,109,58.4,0.0
MV04921,DR05947,PR00001,SR01702,CONT03410,Import,Discharged,72,36.8,0.0
MV04922,DR05078,PR00006,SR01111,CONT01062,Export,Discharged,78,54.5,0.0
MV04923,DR08180,PR00006,SR03393,CONT06883,Export,Discharged,91,64.4,0.0
MV04924,DR02903,PR00004,SR08125,CONT06625,Transshipment,Gate Out,78,7.0,0.0
MV04925,DR07523,PR00001,SR07571,CONT07553,Export,Gate Out,92,47.1,3.9
MV04926,DR09773,PR00004,SR09334,CONT09589,Export,Customs Hold,70,30.9,17.5
MV04927,DR06034,PR00004,SR07330,CONT02238,Import,Customs Hold,92,51.3,10.3
MV04928,DR06445,PR00004,SR01288,CONT05801,Export,Gate Out,57,43.1,0.0
MV04929,DR08996,PR00004,SR02795,CONT03855,Export,Loaded,78,62.7,0.0
MV04930,DR08237,PR00007,SR09891,CONT01334,Export,Customs Hold,101,35.0,13.6
MV04931,DR06856,PR00007,SR02553,CONT08439,Export,In Yard,114,41.6,0.0
MV04932,DR09032,PR00003,SR09817,CONT08623,Import,Loaded,101,35.4,0.0
MV04933,DR06559,PR00001,SR04943,CONT01842,Export,Loaded,56,30.1,0.0
MV04934,DR03767,PR00001,SR02242,CONT02683,Export,In Yard,89,20.2,0.0
MV04935,DR01111,PR00005,SR00754,CONT05881,Import,In Yard,93,69.8,0.0
MV04936,DR01162,PR00007,SR05889,CONT02048,Export,In Yard,73,54.3,0.0
MV04937,DR09514,PR00003,SR09999,CONT03972,Export,Gate Out,63,28.9,0.0
MV04938,DR00256,PR00001,SR04324,CONT08472,Export,Discharged,94,36.2,0.0
MV04939,DR08492,PR00002,SR04351,CONT08495,Export,Loaded,122,39.8,0.0
MV04940,DR08081,PR00003,SR07738,CONT07447,Import,Loaded,41,41.0,0.0
MV04941,DR09430,PR00007,SR02736,CONT06312,Import,In Yard,101,35.0,0.0
MV04942,DR00301,PR00005,SR09691,CONT08681,Import,Customs Hold,133,30.2,16.7
MV04943,DR09141,PR00001,SR07494,CONT07965,Transshipment,In Yard,88,32.6,0.0
MV04944,DR05670,PR00002,SR09913,CONT06708,Import,Loaded,57,55.5,0.0
MV04945,DR09201,PR00001,SR01391,CONT00619,Export,Loaded,77,22.7,0.0
MV04946,DR05245,PR00004,SR05601,CONT07121,Export,Loaded,102,54.8,0.0
MV04947,DR08297,PR00005,SR01528,CONT06847,Export,Gate Out,117,57.3,0.0
MV04948,DR04981,PR00001,SR07315,CONT03667,Import,Gate Out,65,28.8,0.0
MV04949,DR03644,PR00002,SR01906,CONT08718,Import,In Yard,128,53.3,0.0
MV04950,DR09706,PR00007,SR09896,CONT01586,Transshipment,In Yard,83,53.7,0.0
MV04951,DR02445,PR00006,SR04819,CONT08185,Export,Gate Out,82,17.7,0.0
MV04952,DR00991,PR00004,SR00022,CONT00962,Import,Discharged,95,41.2,0.0
MV04953,DR03890,PR00003,SR08739,CONT00007,Import,Gate Out,71,36.1,0.0
MV04954,DR06116,PR00007,SR01412,CONT02281,Export,Customs Hold,68,69.8,15.2
MV04955,DR04729,PR00005,SR04153,CONT03601,Transshipment,Discharged,92,36.8,0.0
MV04956,DR01804,PR00007,SR04479,CONT01057,Export,In Yard,80,46.3,0.0
MV04957,DR04269,PR00001,SR01986,CONT07361,Import,Loaded,76,28.9,0.0
MV04958,DR01122,PR00002,SR07800,CONT08211,Export,Gate Out,94,46.7,0.0
MV04959,DR00327,PR00001,SR06723,CONT06184,Import,Loaded,65,22.5,0.0
MV04960,DR06191,PR00006,SR03470,CONT05394,Export,In Yard,89,61.6,0.0
MV04961,DR04857,PR00005,SR00986,CONT07977,Import,Gate Out,105,40.5,0.0
MV04962,DR04287,PR00001,SR04028,CONT04705,Import,Gate Out,118,30.5,0.0
MV04963,DR02156,PR00007,SR04099,CONT09669,Import,In Yard,110,70.9,0.0
MV04964,DR00588,PR00007,SR09164,CONT03786,Import,In Yard,90,34.0,0.0
MV04965,DR01112,PR00002,SR01632,CONT01857,Import,In Yard,91,48.8,0.0
MV04966,DR05897,PR00004,SR00155,CONT07448,Export,Loaded,48,19.2,0.0
MV04967,DR06120,PR00004,SR01916,CONT03824,Export,In Yard,98,52.3,0.0
MV04968,DR09743,PR00001,SR02400,CONT00561,Export,Loaded,73,57.9,0.0
MV04969,DR05299,PR00005,SR02848,CONT07733,Import,Discharged,140,41.6,0.0
MV04970,DR00110,PR00002,SR09938,CONT01104,Import,In Yard,88,28.2,0.0
MV04971,DR06124,PR00007,SR01691,CONT04272,Export,Discharged,105,40.1,0.0
MV04972,DR02994,PR00006,SR02154,CONT09433,Export,Discharged,111,48.8,0.0
MV04973,DR09596,PR00007,SR06181,CONT06467,Import,In Yard,86,78.1,0.0
MV04974,DR06864,PR00005,SR07478,CONT01252,Export,In Yard,61,55.9,0.0
MV04975,DR09102,PR00001,SR07268,CONT05130,Import,Discharged,91,57.2,0.0
MV04976,DR08291,PR00003,SR00863,CONT02066,Import,Loaded,84,29.1,0.0
MV04977,DR07198,PR00005,SR09490,CONT03753,Import,In Yard,128,66.3,0.0
MV04978,DR05638,PR00002,SR00772,CONT01357,Export,In Yard,51,60.3,0.0
MV04979,DR03033,PR00005,SR08818,CONT04415,Import,Customs Hold,117,54.0,11.0
MV04980,DR03635,PR00002,SR03454,CONT01294,Import,Discharged,55,29.3,0.0
MV04981,DR00914,PR00001,SR07439,CONT06201,Export,Gate Out,55,52.6,0.0
MV04982,DR01564,PR00003,SR05679,CONT07176,Import,In Yard,30,28.2,0.0
MV04983,DR09458,PR00005,SR00459,CONT09279,Import,Gate Out,99,60.5,0.0
MV04984,DR01626,PR00003,SR06609,CONT08008,Export,Gate Out,97,34.1,0.0
MV04985,DR01489,PR00004,SR08587,CONT06434,Export,Gate Out,109,33.7,0.0
MV04986,DR09463,PR00003,SR02739,CONT06058,Import,Discharged,111,37.7,4.6
MV04987,DR05556,PR00005,SR08466,CONT00096,Import,In Yard,107,77.6,0.0
MV04988,DR00061,PR00004,SR04004,CONT04073,Import,Loaded,101,33.3,0.0
MV04989,DR04451,PR00004,SR09671,CONT08318,Transshipment,Loaded,71,61.4,0.0
MV04990,DR06617,PR00003,SR09531,CONT02374,Export,Gate Out,61,55.9,4.4
MV04991,DR04786,PR00003,SR02751,CONT08773,Import,Discharged,58,34.6,0.0
MV04992,DR05694,PR00001,SR01336,CONT01198,Transshipment,In Yard,72,38.8,0.0
MV04993,DR04787,PR00004,SR01357,CONT03427,Import,In Yard,49,22.3,0.0
MV04994,DR07675,PR00002,SR00001,CONT06295,Import,Discharged,80,58.3,0.0
MV04995,DR01262,PR00006,SR01811,CONT09822,Transshipment,Loaded,107,30.0,0.0
MV04996,DR01311,PR00006,SR04586,CONT07061,Export,Discharged,84,9.3,0.0
MV04997,DR03257,PR00003,SR07963,CONT04640,Export,Discharged,79,53.0,0.0
MV04998,DR06147,PR00006,SR09636,CONT09010,Export,Customs Hold,44,25.9,16.1
MV04999,DR09521,PR00005,SR01443,CONT09285,Transshipment,In Yard,97,46.6,0.0
MV05000,DR06133,PR00001,SR08632,CONT05408,Import,Gate Out,51,18.5,0.0
MV05001,DR02069,PR00005,SR06068,CONT00102,Import,In Yard,111,44.4,0.0
MV05002,DR08311,PR00007,SR02635,CONT02997,Import,Loaded,104,53.9,0.0
MV05003,DR08868,PR00001,SR00301,CONT05024,Transshipment,Loaded,68,41.5,0.0
MV05004,DR09991,PR00002,SR01475,CONT02376,Import,Loaded,80,52.9,0.0
MV05005,DR08414,PR00004,SR00287,CONT01734,Import,Discharged,90,40.5,0.0
MV05006,DR06784,PR00003,SR04502,CONT06531,Import,Gate Out,75,40.4,0.0
MV05007,DR03791,PR00004,SR09573,CONT01910,Import,In Yard,62,39.4,0.0
MV05008,DR06434,PR00004,SR09857,CONT00153,Export,Gate Out,96,62.5,0.0
MV05009,DR06943,PR00006,SR00353,CONT04097,Import,Gate Out,84,26.8,4.7
MV05010,DR01855,PR00001,SR07560,CONT06465,Export,Loaded,106,36.3,0.0
MV05011,DR01996,PR00003,SR08771,CONT04790,Export,In Yard,52,41.0,0.0
MV05012,DR04740,PR00006,SR08248,CONT09466,Export,Gate Out,97,29.7,0.0
MV05013,DR00192,PR00003,SR02627,CONT08639,Export,Discharged,75,63.1,0.0
MV05014,DR07558,PR00003,SR03413,CONT09448,Import,Loaded,101,49.1,0.0
MV05015,DR09381,PR00001,SR02062,CONT09406,Export,Discharged,147,30.1,0.0
MV05016,DR09547,PR00002,SR03064,CONT05648,Export,Gate Out,50,46.8,0.0
MV05017,DR03919,PR00003,SR01305,CONT08684,Import,In Yard,84,58.0,0.0
MV05018,DR02058,PR00003,SR00157,CONT04656,Import,Loaded,90,37.6,0.0
MV05019,DR02473,PR00005,SR06806,CONT01103,Export,Gate Out,82,59.7,0.0
MV05020,DR00542,PR00004,SR05349,CONT02672,Export,In Yard,81,49.8,0.0
MV05021,DR08257,PR00006,SR01390,CONT04990,Export,Loaded,67,56.1,0.0
MV05022,DR07678,PR00006,SR04792,CONT03053,Import,Discharged,56,57.1,0.0
MV05023,DR00195,PR00002,SR07041,CONT03602,Import,In Yard,106,50.1,0.0
MV05024,DR01561,PR00001,SR02139,CONT03229,Transshipment,Loaded,86,41.1,0.0
MV05025,DR01658,PR00006,SR08358,CONT01399,Import,In Yard,98,48.7,0.0
MV05026,DR06547,PR00002,SR01167,CONT06362,Transshipment,Loaded,92,14.7,3.2
MV05027,DR00652,PR00002,SR07707,CONT07402,Export,Discharged,56,42.8,0.0
MV05028,DR02430,PR00001,SR06480,CONT01573,Export,In Yard,73,45.3,0.0
MV05029,DR02892,PR00005,SR03956,CONT02184,Import,In Yard,94,41.1,0.0
MV05030,DR09488,PR00002,SR04763,CONT01095,Export,Gate Out,72,8.4,0.0
MV05031,DR09376,PR00001,SR08557,CONT00351,Transshipment,Loaded,96,48.1,0.0
MV05032,DR08208,PR00003,SR06907,CONT09175,Export,In Yard,71,35.8,0.0
MV05033,DR01773,PR00005,SR05271,CONT00673,Export,Gate Out,125,37.4,0.0
MV05034,DR05934,PR00002,SR01799,CONT02494,Export,Discharged,101,25.6,0.0
MV05035,DR00609,PR00005,SR05282,CONT02296,Import,Gate Out,81,16.5,0.0
MV05036,DR01092,PR00003,SR00635,CONT05523,Transshipment,Loaded,91,47.0,0.0
MV05037,DR05119,PR00003,SR00143,CONT07152,Import,In Yard,70,73.6,2.7
MV05038,DR05913,PR00002,SR01680,CONT01005,Export,In Yard,43,28.0,0.0
MV05039,DR07509,PR00001,SR02886,CONT06286,Import,In Yard,68,46.7,0.0
MV05040,DR00423,PR00002,SR07050,CONT02582,Export,Discharged,52,36.3,0.0
MV05041,DR06895,PR00006,SR02809,CONT03783,Export,Loaded,117,57.1,0.0
MV05042,DR00819,PR00001,SR00032,CONT04838,Export,In Yard,74,37.1,0.0
MV05043,DR07040,PR00007,SR05539,CONT09169,Import,In Yard,114,65.2,0.0
MV05044,DR06953,PR00001,SR06565,CONT03523,Import,Loaded,81,24.3,0.0
MV05045,DR09046,PR00003,SR07937,CONT06884,Import,In Yard,93,44.3,0.0
MV05046,DR01511,PR00004,SR04209,CONT01944,Transshipment,Loaded,104,65.3,3.3
MV05047,DR09256,PR00006,SR06157,CONT06452,Import,Discharged,89,58.6,0.0
MV05048,DR00839,PR00001,SR08945,CONT04734,Transshipment,In Yard,77,40.2,0.0
MV05049,DR09922,PR00001,SR09855,CONT04801,Import,In Yard,67,37.3,0.0
MV05050,DR04482,PR00004,SR05427,CONT01675,Export,Gate Out,100,41.8,0.0
MV05051,DR06828,PR00002,SR04359,CONT02854,Export,In Yard,68,30.9,0.0
MV05052,DR09847,PR00004,SR07624,CONT01756,Export,In Yard,74,20.3,0.0
MV05053,DR03222,PR00006,SR08192,CONT01288,Export,In Yard,64,48.0,0.0
MV05054,DR07502,PR00001,SR05625,CONT05038,Export,Customs Hold,72,59.7,11.0
MV05055,DR07828,PR00006,SR09548,CONT02488,Export,In Yard,89,51.3,0.0
MV05056,DR05081,PR00001,SR05961,CONT03342,Import,In Yard,64,34.2,0.0
MV05057,DR04438,PR00006,SR02496,CONT08992,Transshipment,Gate Out,115,59.3,0.0
MV05058,DR01699,PR00007,SR02317,CONT06127,Export,In Yard,104,23.5,0.0
MV05059,DR05631,PR00004,SR00928,CONT03736,Import,Gate Out,105,41.9,0.0
MV05060,DR02398,PR00007,SR03631,CONT03211,Import,Loaded,60,44.0,0.0
MV05061,DR02440,PR00006,SR01523,CONT04287,Export,In Yard,104,31.3,0.0
MV05062,DR08072,PR00001,SR08183,CONT03632,Export,Discharged,74,38.1,0.0
MV05063,DR06518,PR00001,SR01283,CONT06500,Export,Gate Out,61,15.9,0.0
MV05064,DR00610,PR00001,SR09824,CONT03143,Import,In Yard,79,49.0,0.0
MV05065,DR03147,PR00003,SR09129,CONT07834,Export,Customs Hold,69,41.9,14.8
MV05066,DR05644,PR00004,SR03919,CONT06239,Import,In Yard,76,40.0,0.0
MV05067,DR07381,PR00003,SR03588,CONT06149,Import,In Yard,73,46.9,0.0
MV05068,DR09061,PR00005,SR05162,CONT03123,Export,Loaded,92,47.9,0.0
MV05069,DR04215,PR00003,SR00116,CONT06524,Import,Loaded,67,51.2,0.0
MV05070,DR04529,PR00001,SR02582,CONT08089,Import,Loaded,78,41.7,0.0
MV05071,DR01964,PR00002,SR05703,CONT03267,Import,Gate Out,70,30.3,0.0
MV05072,DR09329,PR00007,SR02038,CONT05039,Import,In Yard,90,75.4,0.0
MV05073,DR02556,PR00002,SR05116,CONT03265,Import,Discharged,78,53.7,0.0
MV05074,DR07369,PR00002,SR05680,CONT04094,Import,Loaded,51,45.1,0.0
MV05075,DR08655,PR00001,SR03474,CONT01490,Export,In Yard,49,36.0,0.0
MV05076,DR07009,PR00007,SR00709,CONT00629,Transshipment,Gate Out,99,58.8,0.0
MV05077,DR05373,PR00002,SR00982,CONT00248,Import,Loaded,64,53.9,0.0
MV05078,DR04191,PR00004,SR07330,CONT06749,Export,In Yard,88,73.3,0.0
MV05079,DR05197,PR00001,SR03971,CONT01756,Export,Loaded,51,31.0,0.0
MV05080,DR01723,PR00001,SR01084,CONT07959,Import,Loaded,69,55.6,0.0
MV05081,DR08236,PR00005,SR06047,CONT06140,Import,In Yard,55,40.9,0.0
MV05082,DR02370,PR00004,SR00615,CONT09037,Import,Gate Out,76,21.6,0.0
MV05083,DR05401,PR00005,SR09713,CONT09710,Export,Loaded,64,52.9,0.0
MV05084,DR01573,PR00002,SR02083,CONT03065,Export,In Yard,54,60.6,0.0
MV05085,DR09281,PR00007,SR04042,CONT02102,Import,In Yard,68,55.6,1.2
MV05086,DR07239,PR00004,SR08942,CONT04817,Import,Loaded,52,36.3,0.0
MV05087,DR05610,PR00007,SR06086,CONT06622,Import,Discharged,99,54.0,0.0
MV05088,DR05897,PR00001,SR01184,CONT05180,Export,Gate Out,83,49.1,0.0
MV05089,DR02599,PR00003,SR04478,CONT03272,Import,Loaded,99,48.4,0.0
MV05090,DR05952,PR00002,SR05926,CONT04285,Export,In Yard,91,57.5,0.0
MV05091,DR00418,PR00005,SR06397,CONT04401,Export,Loaded,61,56.3,0.0
MV05092,DR03250,PR00005,SR04541,CONT01637,Export,Loaded,63,42.5,0.0
MV05093,DR07963,PR00003,SR03211,CONT01195,Import,Discharged,55,43.3,0.0
MV05094,DR02426,PR00001,SR06228,CONT08030,Import,Loaded,81,37.4,0.0
MV05095,DR07713,PR00001,SR02182,CONT04111,Import,Discharged,33,38.1,0.0
MV05096,DR07648,PR00001,SR04015,CONT04313,Export,Discharged,51,11.7,0.0
MV05097,DR03074,PR00006,SR06741,CONT00039,Import,Gate Out,85,70.6,0.0
MV05098,DR02332,PR00002,SR04708,CONT09526,Import,In Yard,48,25.4,0.0
MV05099,DR07151,PR00001,SR00004,CONT00238,Import,In Yard,88,35.3,0.0
MV05100,DR01104,PR00002,SR09793,CONT07964,Export,Discharged,61,40.6,0.0
MV05101,DR02252,PR00001,SR02662,CONT09213,Export,Discharged,55,20.1,0.0
MV05102,DR04770,PR00007,SR03077,CONT01004,Export,In Yard,125,44.6,0.0
MV05103,DR03351,PR00002,SR00113,CONT08459,Export,Loaded,57,37.7,0.0
MV05104,DR07211,PR00007,SR01782,CONT07590,Export,Loaded,89,68.4,0.0
MV05105,DR00724,PR00005,SR01118,CONT03023,Export,Loaded,124,53.8,0.0
MV05106,DR00172,PR00004,SR00324,CONT00844,Import,Loaded,108,41.2,0.0
MV05107,DR01712,PR00003,SR00167,CONT03623,Import,In Yard,82,30.4,1.7
MV05108,DR02592,PR00005,SR06335,CONT03248,Transshipment,Discharged,107,73.8,0.0
MV05109,DR03892,PR00005,SR00671,CONT09604,Export,Gate Out,80,47.0,0.0
MV05110,DR06679,PR00001,SR01254,CONT05005,Transshipment,Gate Out,115,47.1,0.0
MV05111,DR03772,PR00007,SR02909,CONT01805,Export,Gate Out,93,37.2,0.0
MV05112,DR04088,PR00003,SR08621,CONT01403,Transshipment,Gate Out,69,47.8,0.0
MV05113,DR08726,PR00002,SR00207,CONT03408,Import,In Yard,104,39.9,0.0
MV05114,DR00027,PR00003,SR06113,CONT09504,Export,Customs Hold,67,56.1,7.7
MV05115,DR05787,PR00005,SR03811,CONT07172,Export,In Yard,66,50.0,0.0
MV05116,DR07044,PR00003,SR07926,CONT00350,Import,Discharged,45,42.6,0.0
MV05117,DR05910,PR00003,SR08672,CONT05479,Import,Loaded,97,27.8,2.4
MV05118,DR02056,PR00001,SR07097,CONT09478,Import,Gate Out,79,40.7,0.0
MV05119,DR01936,PR00003,SR09248,CONT06787,Import,In Yard,75,40.2,0.0
MV05120,DR02734,PR00001,SR07523,CONT00757,Transshipment,In Yard,92,37.6,0.0
MV05121,DR06525,PR00006,SR06165,CONT00591,Transshipment,In Yard,86,21.9,0.0
MV05122,DR04963,PR00002,SR09828,CONT04047,Export,Loaded,56,25.7,0.0
MV05123,DR08828,PR00007,SR00646,CONT00771,Transshipment,Customs Hold,62,42.6,4.0
MV05124,DR09110,PR00005,SR05936,CONT02492,Export,In Yard,62,50.5,0.0
MV05125,DR08009,PR00005,SR02185,CONT05296,Transshipment,In Yard,125,26.9,5.4
MV05126,DR04340,PR00007,SR03089,CONT07908,Import,Discharged,95,71.0,2.2
MV05127,DR02923,PR00002,SR06164,CONT05705,Import,Gate Out,76,53.6,0.0
MV05128,DR00701,PR00004,SR06026,CONT09538,Export,Discharged,83,37.6,0.0
MV05129,DR04552,PR00001,SR05371,CONT09104,Export,Loaded,67,74.1,0.0
MV05130,DR04421,PR00001,SR05280,CONT04587,Export,In Yard,53,41.1,0.0
MV05131,DR04408,PR00003,SR05260,CONT00316,Export,Loaded,91,41.6,0.0
MV05132,DR03662,PR00005,SR02076,CONT05589,Import,Discharged,70,49.7,1.4
MV05133,DR06027,PR00006,SR05087,CONT02462,Import,Customs Hold,50,46.9,10.2
MV05134,DR01166,PR00002,SR03082,CONT08992,Export,Discharged,85,41.0,0.0
MV05135,DR00908,PR00005,SR03132,CONT05221,Export,Gate Out,111,35.9,0.0
MV05136,DR01536,PR00002,SR06567,CONT02978,Import,Loaded,78,33.8,0.0
MV05137,DR00166,PR00001,SR03079,CONT08060,Export,In Yard,74,42.6,0.0
MV05138,DR05996,PR00001,SR04701,CONT07675,Import,Gate Out,82,56.8,1.2
MV05139,DR04571,PR00004,SR03967,CONT06503,Export,Loaded,129,69.2,0.0
MV05140,DR09810,PR00003,SR03154,CONT00145,Export,Gate Out,80,37.1,0.0
MV05141,DR07150,PR00002,SR09984,CONT07939,Import,Discharged,63,36.5,0.0
MV05142,DR08847,PR00001,SR05825,CONT01343,Transshipment,In Yard,90,33.4,0.0
MV05143,DR00552,PR00004,SR01502,CONT07020,Export,Gate Out,82,62.7,0.0
MV05144,DR08309,PR00006,SR02751,CONT06296,Transshipment,In Yard,146,49.5,0.0
MV05145,DR03862,PR00001,SR01642,CONT04445,Export,Loaded,97,38.4,0.0
MV05146,DR02440,PR00005,SR09824,CONT04394,Export,In Yard,96,48.8,0.0
MV05147,DR05244,PR00004,SR07980,CONT07864,Export,In Yard,57,16.8,0.0
MV05148,DR05834,PR00003,SR07616,CONT02030,Export,Gate Out,89,46.0,3.8
MV05149,DR00759,PR00001,SR03079,CONT01828,Export,In Yard,111,40.0,0.0
MV05150,DR01433,PR00007,SR01528,CONT02240,Export,Loaded,104,87.0,0.0
MV05151,DR08808,PR00003,SR09474,CONT07279,Import,Loaded,56,35.0,0.0
MV05152,DR04317,PR00003,SR03442,CONT00665,Import,Gate Out,72,37.5,0.0
MV05153,DR09392,PR00006,SR07232,CONT04597,Import,In Yard,97,62.7,0.0
MV05154,DR07347,PR00006,SR02625,CONT01393,Export,Gate Out,76,55.7,0.0
MV05155,DR01340,PR00005,SR04267,CONT08239,Import,Loaded,56,55.5,0.0
MV05156,DR02171,PR00006,SR02546,CONT07909,Export,Customs Hold,84,49.9,9.7
MV05157,DR01748,PR00001,SR02268,CONT04283,Import,In Yard,95,23.1,0.0
MV05158,DR08583,PR00005,SR02374,CONT09718,Import,Loaded,87,76.7,0.0
MV05159,DR03311,PR00002,SR04245,CONT05209,Export,In Yard,59,42.2,0.0
MV05160,DR07355,PR00006,SR00971,CONT01382,Export,Gate Out,79,50.4,0.0
MV05161,DR05814,PR00003,SR00158,CONT09097,Import,Discharged,109,59.5,0.0
MV05162,DR06661,PR00001,SR03255,CONT03554,Transshipment,Discharged,66,19.1,0.0
MV05163,DR05014,PR00003,SR08469,CONT05009,Import,In Yard,61,33.1,0.0
MV05164,DR08851,PR00005,SR00544,CONT02851,Import,Gate Out,81,28.4,0.0
MV05165,DR09210,PR00003,SR07041,CONT04347,Import,Gate Out,70,39.2,0.0
MV05166,DR02738,PR00005,SR07635,CONT07897,Import,Gate Out,107,30.1,0.0
MV05167,DR00402,PR00001,SR09626,CONT08722,Import,Loaded,53,46.8,0.0
MV05168,DR09441,PR00001,SR01849,CONT08832,Import,Gate Out,98,59.4,0.0
MV05169,DR04935,PR00004,SR07013,CONT00934,Export,Discharged,99,57.4,0.0
MV05170,DR03923,PR00003,SR01030,CONT01521,Export,Loaded,94,50.7,0.0
MV05171,DR02672,PR00005,SR07959,CONT06402,Import,In Yard,107,42.5,0.0
MV05172,DR04003,PR00007,SR07550,CONT02965,Transshipment,Loaded,84,41.6,0.0
MV05173,DR09282,PR00004,SR07780,CONT09550,Export,In Yard,47,48.3,0.0
MV05174,DR08218,PR00003,SR07524,CONT07959,Import,In Yard,46,35.6,0.0
MV05175,DR08889,PR00004,SR05955,CONT03294,Import,In Yard,66,18.2,0.0
MV05176,DR08585,PR00007,SR04197,CONT08290,Import,In Yard,104,41.0,0.0
MV05177,DR05894,PR00005,SR04199,CONT03572,Export,Customs Hold,96,54.3,18.8
MV05178,DR07164,PR00006,SR08730,CONT06939,Export,Loaded,93,32.9,0.0
MV05179,DR07581,PR00002,SR05393,CONT06218,Import,Customs Hold,98,30.6,13.5
MV05180,DR03922,PR00005,SR04133,CONT05044,Import,Customs Hold,136,47.4,13.6
MV05181,DR08447,PR00001,SR08048,CONT04545,Import,Gate Out,40,5.8,0.0
MV05182,DR08911,PR00005,SR05102,CONT00830,Import,In Yard,94,57.5,0.0
MV05183,DR02964,PR00006,SR01399,CONT05170,Export,Discharged,104,61.8,0.0
MV05184,DR07847,PR00007,SR07919,CONT08273,Transshipment,In Yard,94,67.3,0.0
MV05185,DR02836,PR00001,SR06258,CONT04786,Import,Loaded,33,40.9,0.0
MV05186,DR04381,PR00006,SR01321,CONT03112,Import,Loaded,128,40.4,0.0
MV05187,DR00614,PR00001,SR06703,CONT02252,Import,Discharged,76,28.0,0.0
MV05188,DR03851,PR00003,SR00508,CONT07474,Import,Loaded,70,48.2,0.0
MV05189,DR04165,PR00005,SR09762,CONT05490,Export,In Yard,117,61.3,0.0
MV05190,DR05153,PR00003,SR06190,CONT06696,Transshipment,Gate Out,68,30.5,0.0
MV05191,DR05535,PR00002,SR03339,CONT01757,Export,Gate Out,78,29.2,0.0
MV05192,DR08823,PR00005,SR03597,CONT09575,Import,Gate Out,102,49.8,0.0
MV05193,DR04290,PR00004,SR09267,CONT05982,Export,In Yard,91,50.3,0.0
MV05194,DR08286,PR00004,SR02353,CONT02504,Export,Gate Out,83,62.7,0.0
MV05195,DR01899,PR00003,SR00750,CONT07919,Import,Loaded,114,57.6,0.0
MV05196,DR00430,PR00005,SR08166,CONT03892,Transshipment,In Yard,73,43.0,0.0
MV05197,DR02557,PR00003,SR05115,CONT09824,Export,Loaded,84,56.5,0.0
MV05198,DR06856,PR00001,SR05953,CONT05580,Export,In Yard,84,37.5,0.0
MV05199,DR05319,PR00003,SR01958,CONT03876,Import,Loaded,113,43.0,0.0
MV05200,DR04967,PR00005,SR08895,CONT02581,Import,Gate Out,87,55.0,0.0
MV05201,DR00827,PR00002,SR05570,CONT04909,Export,Loaded,56,51.9,0.0
MV05202,DR01427,PR00001,SR04476,CONT09995,Export,In Yard,111,56.8,0.0
MV05203,DR02326,PR00007,SR05915,CONT01766,Transshipment,Loaded,106,52.7,0.0
MV05204,DR00094,PR00006,SR05861,CONT03304,Import,In Yard,97,54.4,0.0
MV05205,DR03126,PR00004,SR05473,CONT06603,Import,Customs Hold,54,29.2,13.9
MV05206,DR04234,PR00006,SR08647,CONT06901,Export,In Yard,70,65.2,0.0
MV05207,DR09503,PR00007,SR06058,CONT08846,Export,Gate Out,97,45.3,0.0
MV05208,DR02359,PR00004,SR04329,CONT00022,Import,In Yard,78,14.5,2.8
MV05209,DR05348,PR00002,SR08264,CONT05431,Export,Loaded,33,29.8,0.0
MV05210,DR02474,PR00004,SR07362,CONT05096,Export,In Yard,102,29.4,0.0
MV05211,DR03445,PR00007,SR01166,CONT04174,Export,In Yard,75,19.8,0.0
MV05212,DR06190,PR00005,SR02423,CONT00135,Import,Gate Out,88,42.5,0.0
MV05213,DR06888,PR00001,SR08837,CONT04218,Export,Loaded,56,52.2,0.0
MV05214,DR04997,PR00007,SR00153,CONT08119,Export,Discharged,118,56.4,0.0
MV05215,DR02336,PR00005,SR08408,CONT05434,Export,Gate Out,93,49.4,0.0
MV05216,DR02101,PR00003,SR06216,CONT04234,Export,In Yard,98,67.5,0.0
MV05217,DR04391,PR00007,SR00232,CONT08846,Export,Discharged,54,37.5,0.0
MV05218,DR08972,PR00005,SR03170,CONT05332,Import,Loaded,59,29.1,0.0
MV05219,DR03348,PR00006,SR05368,CONT01340,Import,Customs Hold,81,49.9,12.2
MV05220,DR05027,PR00007,SR02103,CONT05357,Import,In Yard,96,57.6,0.0
MV05221,DR06718,PR00001,SR03725,CONT07032,Export,Gate Out,66,23.5,0.0
MV05222,DR01077,PR00005,SR09715,CONT01341,Export,Loaded,94,45.7,0.0
MV05223,DR02389,PR00003,SR08979,CONT08820,Transshipment,Discharged,96,56.0,0.0
MV05224,DR01952,PR00006,SR02351,CONT00873,Export,In Yard,46,47.1,0.0
MV05225,DR00855,PR00006,SR06017,CONT04641,Export,Gate Out,88,63.0,0.0
MV05226,DR09706,PR00006,SR09168,CONT06171,Export,Discharged,46,32.8,0.0
MV05227,DR09926,PR00005,SR05778,CONT05797,Import,Loaded,89,31.6,0.0
MV05228,DR04766,PR00006,SR06399,CONT03831,Export,Discharged,100,37.6,0.0
MV05229,DR02526,PR00002,SR02422,CONT01821,Import,In Yard,94,56.7,0.0
MV05230,DR07404,PR00003,SR01357,CONT03175,Import,Customs Hold,89,52.5,12.9
MV05231,DR07156,PR00001,SR06033,CONT03667,Transshipment,In Yard,72,43.8,0.0
MV05232,DR09975,PR00006,SR08769,CONT09423,Export,Customs Hold,111,71.2,17.4
MV05233,DR08606,PR00004,SR05904,CONT08009,Import,Discharged,50,36.4,0.0
MV05234,DR03294,PR00004,SR01050,CONT01062,Export,In Yard,121,37.8,0.0
MV05235,DR02351,PR00002,SR07120,CONT07693,Transshipment,Gate Out,91,27.2,0.0
MV05236,DR00300,PR00004,SR06485,CONT02667,Import,Discharged,75,43.5,0.0
MV05237,DR08457,PR00003,SR06200,CONT04899,Transshipment,Customs Hold,80,54.8,7.7
MV05238,DR05963,PR00007,SR03527,CONT04635,Transshipment,Discharged,84,61.5,0.0
MV05239,DR08000,PR00006,SR07530,CONT02698,Export,Gate Out,84,61.4,0.0
MV05240,DR00234,PR00003,SR02069,CONT00436,Import,In Yard,114,55.5,0.0
MV05241,DR02270,PR00006,SR09476,CONT07937,Import,Discharged,125,70.3,0.0
MV05242,DR03928,PR00001,SR04401,CONT05133,Import,Gate Out,107,31.4,0.0
MV05243,DR02402,PR00001,SR01978,CONT07412,Import,Loaded,87,59.4,4.5
MV05244,DR01947,PR00004,SR01678,CONT07640,Export,Loaded,131,52.2,0.0
MV05245,DR09397,PR00005,SR02623,CONT05099,Transshipment,In Yard,90,46.7,0.0
MV05246,DR08656,PR00001,SR09158,CONT07346,Import,Gate Out,70,25.5,0.0
MV05247,DR04676,PR00002,SR00641,CONT08896,Export,Customs Hold,73,43.9,11.0
MV05248,DR00813,PR00003,SR06229,CONT05379,Export,Discharged,85,60.0,0.0
MV05249,DR05263,PR00001,SR05227,CONT03665,Import,Loaded,59,10.3,2.3
MV05250,DR08752,PR00003,SR05342,CONT09674,Export,Loaded,109,59.3,0.0
MV05251,DR03221,PR00003,SR02380,CONT05479,Transshipment,In Yard,62,17.3,0.0
MV05252,DR04235,PR00007,SR06928,CONT00430,Import,Gate Out,130,32.6,5.8
MV05253,DR06497,PR00002,SR01920,CONT02977,Import,Discharged,90,40.3,0.0
MV05254,DR04719,PR00001,SR08957,CONT08916,Export,Discharged,43,60.6,0.0
MV05255,DR09741,PR00001,SR03228,CONT09112,Import,Loaded,101,42.3,0.0
MV05256,DR00237,PR00001,SR06778,CONT03644,Transshipment,Customs Hold,70,42.1,13.6
MV05257,DR02804,PR00005,SR02630,CONT02515,Transshipment,Gate Out,128,38.2,0.0
MV05258,DR07194,PR00003,SR09510,CONT05550,Import,Discharged,99,36.5,0.0
MV05259,DR04978,PR00001,SR04869,CONT03612,Export,Customs Hold,89,33.3,11.9
MV05260,DR07030,PR00007,SR02873,CONT01466,Export,In Yard,103,74.2,0.0
MV05261,DR09984,PR00006,SR08749,CONT02958,Import,Customs Hold,108,39.8,10.9
MV05262,DR06614,PR00001,SR09570,CONT03237,Export,In Yard,60,29.4,0.0
MV05263,DR06153,PR00002,SR00451,CONT07483,Transshipment,Customs Hold,104,57.5,11.5
MV05264,DR01751,PR00006,SR06853,CONT04985,Import,Customs Hold,66,48.3,14.5
MV05265,DR05346,PR00005,SR08602,CONT00780,Export,Discharged,79,51.5,0.0
MV05266,DR04390,PR00007,SR03391,CONT02328,Import,In Yard,107,60.7,0.0
MV05267,DR04359,PR00001,SR06122,CONT05780,Import,Discharged,89,35.7,0.0
MV05268,DR08258,PR00005,SR06228,CONT03160,Export,Loaded,91,19.3,0.0
MV05269,DR02051,PR00001,SR04137,CONT00279,Export,Customs Hold,85,50.0,6.3
MV05270,DR00050,PR00002,SR06785,CONT01596,Export,Discharged,46,37.0,0.0
MV05271,DR00374,PR00005,SR06986,CONT03392,Import,Loaded,72,31.4,0.0
MV05272,DR07582,PR00005,SR04040,CONT00800,Export,Gate Out,88,58.1,0.0
MV05273,DR06283,PR00001,SR09883,CONT04675,Import,Gate Out,72,68.1,0.0
MV05274,DR07514,PR00002,SR05457,CONT05040,Export,Customs Hold,68,51.0,13.7
MV05275,DR03723,PR00005,SR08546,CONT04638,Import,Loaded,122,75.1,0.0
MV05276,DR09367,PR00001,SR01102,CONT09524,Export,Discharged,116,28.0,0.0
MV05277,DR01269,PR00002,SR05623,CONT09588,Export,Discharged,113,48.7,0.0
MV05278,DR05699,PR00001,SR02513,CONT06033,Import,Gate Out,66,44.6,0.0
MV05279,DR06886,PR00001,SR05932,CONT08167,Export,In Yard,52,32.5,0.0
MV05280,DR03223,PR00006,SR00061,CONT00709,Import,Gate Out,99,43.2,0.0
MV05281,DR03905,PR00001,SR03303,CONT00925,Export,Loaded,69,5.0,0.0
MV05282,DR00657,PR00003,SR01984,CONT06113,Export,Customs Hold,70,65.0,10.3
MV05283,DR05331,PR00005,SR06389,CONT04565,Export,Loaded,102,27.0,0.0
MV05284,DR08599,PR00001,SR09467,CONT01947,Import,In Yard,51,51.7,0.0
MV05285,DR05721,PR00004,SR00666,CONT09623,Import,Loaded,105,44.6,0.0
MV05286,DR05460,PR00002,SR03007,CONT06101,Import,Gate Out,65,39.1,0.0
MV05287,DR07853,PR00006,SR08959,CONT01620,Import,Gate Out,108,46.8,0.0
MV05288,DR03101,PR00006,SR05504,CONT01342,Export,Gate Out,81,46.1,0.0
MV05289,DR05064,PR00006,SR03092,CONT00015,Import,Loaded,114,55.8,0.0
MV05290,DR08507,PR00003,SR05928,CONT03698,Import,In Yard,37,53.4,0.0
MV05291,DR05682,PR00006,SR06814,CONT04799,Import,In Yard,121,47.9,2.2
MV05292,DR07056,PR00004,SR07095,CONT05776,Export,Gate Out,128,34.8,0.0
MV05293,DR05148,PR00003,SR08493,CONT09938,Export,Loaded,94,28.9,0.0
MV05294,DR00891,PR00001,SR04481,CONT01016,Import,Gate Out,64,47.5,0.0
MV05295,DR06290,PR00001,SR07725,CONT01701,Transshipment,In Yard,94,38.5,0.0
MV05296,DR06472,PR00002,SR01352,CONT06916,Import,Discharged,56,26.2,0.0
MV05297,DR00722,PR00002,SR03681,CONT02176,Export,In Yard,59,25.9,0.0
MV05298,DR08391,PR00007,SR06138,CONT02941,Import,Loaded,96,43.8,0.0
MV05299,DR08264,PR00007,SR09986,CONT03715,Export,Loaded,83,38.3,0.0
MV05300,DR02548,PR00001,SR06419,CONT03524,Import,In Yard,77,37.6,0.0
MV05301,DR04017,PR00007,SR08643,CONT05191,Transshipment,Loaded,82,61.3,0.0
MV05302,DR02186,PR00005,SR04088,CONT07204,Export,Customs Hold,78,38.5,8.0
MV05303,DR08707,PR00003,SR08402,CONT00132,Export,Gate Out,66,22.0,0.0
MV05304,DR09494,PR00007,SR09908,CONT03148,Export,Loaded,95,64.3,5.1
MV05305,DR04976,PR00005,SR08180,CONT01986,Import,Discharged,56,58.4,0.0
MV05306,DR07125,PR00004,SR03734,CONT00175,Import,Loaded,39,53.6,0.0
MV05307,DR01998,PR00002,SR08213,CONT05603,Transshipment,Customs Hold,87,40.3,23.1
MV05308,DR08869,PR00002,SR00255,CONT00835,Export,Loaded,75,73.8,0.0
MV05309,DR03811,PR00007,SR07810,CONT09996,Import,In Yard,61,52.6,0.0
MV05310,DR03596,PR00002,SR01502,CONT08910,Import,Customs Hold,85,76.4,7.4
MV05311,DR01931,PR00001,SR09490,CONT05597,Import,In Yard,49,51.6,0.0
MV05312,DR09195,PR00002,SR09465,CONT06550,Export,Loaded,96,57.1,0.0
MV05313,DR00390,PR00003,SR04643,CONT06618,Export,Customs Hold,49,30.9,25.3
MV05314,DR05913,PR00003,SR07460,CONT05940,Export,Gate Out,62,26.7,0.0
MV05315,DR04206,PR00007,SR02807,CONT04637,Import,Discharged,57,44.5,0.0
MV05316,DR05585,PR00003,SR08403,CONT08345,Transshipment,Gate Out,106,44.5,0.0
MV05317,DR08604,PR00006,SR07744,CONT05537,Import,Loaded,87,40.5,0.0
MV05318,DR02619,PR00004,SR09639,CONT09802,Import,Gate Out,119,48.8,0.0
MV05319,DR05082,PR00003,SR09617,CONT01552,Transshipment,Discharged,78,38.4,0.0
MV05320,DR00247,PR00001,SR07037,CONT04896,Export,Loaded,27,27.7,0.0
MV05321,DR06470,PR00002,SR09599,CONT00151,Export,Loaded,60,46.0,0.0
MV05322,DR05269,PR00006,SR01694,CONT07879,Export,Gate Out,84,43.7,0.0
MV05323,DR05587,PR00005,SR05677,CONT07973,Import,Customs Hold,101,47.4,11.4
MV05324,DR09802,PR00003,SR08463,CONT01499,Import,In Yard,85,25.2,0.0
MV05325,DR03744,PR00007,SR04212,CONT03750,Import,Gate Out,113,52.3,0.0
MV05326,DR03924,PR00006,SR02023,CONT03737,Import,Loaded,89,50.1,4.3
MV05327,DR06660,PR00001,SR05456,CONT04449,Export,In Yard,26,21.5,0.0
MV05328,DR09394,PR00004,SR06864,CONT04347,Export,Gate Out,96,47.4,0.0
MV05329,DR02858,PR00006,SR01872,CONT05088,Import,Loaded,77,40.2,0.0
MV05330,DR00663,PR00006,SR00327,CONT03535,Export,In Yard,74,37.5,0.0
MV05331,DR04014,PR00001,SR09825,CONT08479,Import,Gate Out,85,36.1,0.0
MV05332,DR02249,PR00002,SR03399,CONT03718,Import,In Yard,45,47.3,0.0
MV05333,DR04651,PR00003,SR06728,CONT04573,Import,Discharged,69,39.4,0.0
MV05334,DR02837,PR00002,SR05170,CONT03982,Export,Discharged,56,47.9,0.0
MV05335,DR03768,PR00001,SR08730,CONT02791,Export,Gate Out,61,28.5,0.0
MV05336,DR03700,PR00004,SR06985,CONT06402,Transshipment,Customs Hold,102,44.1,7.4
MV05337,DR02326,PR00003,SR02182,CONT01402,Export,Discharged,59,31.0,0.0
MV05338,DR05562,PR00001,SR08528,CONT00027,Export,Gate Out,73,38.8,0.0
MV05339,DR01021,PR00004,SR07055,CONT06161,Export,Customs Hold,87,46.0,13.2
MV05340,DR08383,PR00001,SR00590,CONT03408,Export,Loaded,103,30.6,0.0
MV05341,DR06210,PR00003,SR08921,CONT09845,Transshipment,Discharged,72,54.7,0.0
MV05342,DR05711,PR00006,SR08200,CONT06810,Export,In Yard,70,71.6,0.0
MV05343,DR02381,PR00006,SR04872,CONT02136,Import,Loaded,129,49.7,4.8
MV05344,DR01250,PR00002,SR07480,CONT05909,Import,Gate Out,125,36.2,0.0
MV05345,DR03233,PR00006,SR04183,CONT02910,Export,Loaded,99,41.7,0.0
MV05346,DR00348,PR00006,SR08158,CONT04429,Import,Loaded,75,37.3,0.0
MV05347,DR02849,PR00004,SR03982,CONT01935,Export,Gate Out,60,33.8,0.0
MV05348,DR06945,PR00007,SR05260,CONT01615,Transshipment,Loaded,98,60.4,0.0
MV05349,DR07165,PR00002,SR07611,CONT09161,Import,Discharged,92,23.8,0.0
MV05350,DR07155,PR00001,SR05861,CONT04345,Import,Discharged,67,41.5,1.2
MV05351,DR03854,PR00006,SR05841,CONT03490,Import,Gate Out,44,58.3,0.0
MV05352,DR00049,PR00003,SR01128,CONT06929,Export,In Yard,85,54.9,5.4
MV05353,DR08001,PR00002,SR01807,CONT07021,Export,Gate Out,24,52.8,2.8
MV05354,DR00868,PR00001,SR08182,CONT05706,Import,Loaded,70,25.4,0.0
MV05355,DR04093,PR00001,SR05391,CONT07402,Export,Gate Out,71,52.9,0.0
MV05356,DR08829,PR00001,SR01456,CONT02354,Export,In Yard,125,46.8,0.0
MV05357,DR08282,PR00001,SR01795,CONT05541,Import,In Yard,86,62.5,0.0
MV05358,DR05888,PR00007,SR05993,CONT04502,Import,Loaded,71,59.1,0.0
MV05359,DR06218,PR00002,SR02297,CONT00332,Import,Discharged,81,45.6,1.5
MV05360,DR04642,PR00006,SR02909,CONT04099,Export,Loaded,108,46.3,0.0
MV05361,DR04243,PR00001,SR07884,CONT02303,Import,In Yard,81,72.7,0.0
MV05362,DR00915,PR00002,SR01158,CONT00838,Import,In Yard,79,24.4,0.0
MV05363,DR08652,PR00007,SR06970,CONT07647,Import,Gate Out,125,52.7,0.0
MV05364,DR02809,PR00001,SR02297,CONT01162,Export,Discharged,69,19.7,0.0
MV05365,DR05610,PR00002,SR00420,CONT02324,Export,Loaded,82,49.0,0.0
MV05366,DR07197,PR00006,SR00141,CONT01950,Import,Loaded,41,46.1,0.0
MV05367,DR08534,PR00001,SR04168,CONT05167,Export,Loaded,141,37.6,0.0
MV05368,DR05701,PR00001,SR02433,CONT09179,Export,Gate Out,70,26.6,0.0
MV05369,DR00556,PR00007,SR04431,CONT07246,Export,Gate Out,83,25.8,0.0
MV05370,DR05432,PR00003,SR04341,CONT07123,Export,Discharged,59,42.9,1.2
MV05371,DR04421,PR00004,SR00554,CONT08071,Export,Discharged,76,32.4,0.0
MV05372,DR07957,PR00001,SR05843,CONT02253,Import,Loaded,57,45.5,0.0
MV05373,DR04477,PR00002,SR03236,CONT01677,Import,Discharged,90,36.7,0.0
MV05374,DR07295,PR00003,SR01577,CONT09341,Export,Discharged,100,50.2,0.0
MV05375,DR04165,PR00005,SR01595,CONT00043,Import,Gate Out,49,49.6,0.0
MV05376,DR02848,PR00002,SR02849,CONT07223,Import,In Yard,70,45.7,0.0
MV05377,DR06536,PR00006,SR09161,CONT08785,Export,Gate Out,63,44.2,0.0
MV05378,DR09237,PR00006,SR06728,CONT06863,Transshipment,Gate Out,63,42.2,0.0
MV05379,DR03289,PR00004,SR07921,CONT01581,Import,In Yard,89,54.7,0.0
MV05380,DR06020,PR00003,SR02000,CONT09754,Export,Loaded,58,37.2,0.0
MV05381,DR07948,PR00004,SR06098,CONT04538,Import,Gate Out,90,38.0,0.0
MV05382,DR01290,PR00005,SR03199,CONT04436,Export,Gate Out,109,48.5,0.0
MV05383,DR00032,PR00001,SR06916,CONT07192,Export,Loaded,80,66.0,0.0
MV05384,DR05117,PR00006,SR05616,CONT05238,Export,Discharged,118,41.5,0.0
MV05385,DR09219,PR00003,SR06306,CONT00441,Transshipment,Loaded,67,27.5,0.0
MV05386,DR04237,PR00007,SR04761,CONT06797,Transshipment,In Yard,115,58.7,0.0
MV05387,DR01698,PR00007,SR08166,CONT04065,Transshipment,In Yard,57,60.7,4.1
MV05388,DR08055,PR00001,SR03780,CONT09313,Export,Gate Out,59,48.6,2.5
MV05389,DR08317,PR00003,SR06798,CONT02365,Import,Loaded,99,45.3,0.0
MV05390,DR09298,PR00003,SR06750,CONT08737,Import,Gate Out,64,58.9,0.0
MV05391,DR08253,PR00003,SR08183,CONT07125,Import,In Yard,48,13.5,2.5
MV05392,DR02154,PR00006,SR02825,CONT06757,Export,Loaded,96,64.6,0.0
MV05393,DR03898,PR00001,SR06855,CONT04223,Import,Loaded,12,31.9,0.0
MV05394,DR07235,PR00004,SR03894,CONT08725,Transshipment,In Yard,98,54.7,0.0
MV05395,DR06676,PR00007,SR08765,CONT07525,Import,In Yard,98,60.1,0.0
MV05396,DR05388,PR00007,SR05510,CONT03459,Import,Loaded,115,55.5,0.0
MV05397,DR04756,PR00001,SR00262,CONT00901,Import,In Yard,114,46.9,0.0
MV05398,DR09022,PR00007,SR04200,CONT05299,Import,In Yard,100,47.9,1.5
MV05399,DR08009,PR00001,SR08544,CONT06461,Import,Discharged,130,68.0,0.0
MV05400,DR00749,PR00003,SR03398,CONT07636,Export,Gate Out,67,47.5,0.0
MV05401,DR06571,PR00002,SR02477,CONT09709,Import,Loaded,54,38.4,0.0
MV05402,DR07087,PR00004,SR09580,CONT00270,Export,In Yard,79,64.1,0.0
MV05403,DR04918,PR00001,SR03965,CONT06522,Import,Loaded,79,33.5,0.0
MV05404,DR09688,PR00002,SR02634,CONT07674,Export,In Yard,89,42.3,0.0
MV05405,DR03280,PR00002,SR03525,CONT02164,Export,In Yard,63,49.7,0.0
MV05406,DR05763,PR00007,SR03403,CONT05877,Import,Discharged,89,74.1,0.0
MV05407,DR00085,PR00004,SR00115,CONT06888,Import,In Yard,77,45.1,0.0
MV05408,DR03064,PR00005,SR01053,CONT06966,Export,Discharged,55,53.0,0.0
MV05409,DR09685,PR00005,SR01234,CONT00638,Export,Gate Out,95,23.4,0.0
MV05410,DR06607,PR00003,SR09868,CONT08738,Import,In Yard,57,57.7,0.0
MV05411,DR06769,PR00001,SR07731,CONT03340,Export,Loaded,53,21.9,0.0
MV05412,DR00233,PR00001,SR08163,CONT04498,Import,Loaded,71,37.0,0.0
MV05413,DR00731,PR00003,SR01943,CONT01868,Import,Customs Hold,71,39.4,10.0
MV05414,DR05536,PR00007,SR02039,CONT02634,Import,Discharged,70,36.6,0.0
MV05415,DR01083,PR00002,SR04735,CONT06433,Export,In Yard,28,14.3,0.0
MV05416,DR03900,PR00005,SR01995,CONT09637,Import,In Yard,79,25.9,0.0
MV05417,DR03753,PR00006,SR08089,CONT05363,Export,In Yard,99,54.8,0.0
MV05418,DR01148,PR00007,SR03851,CONT09221,Import,In Yard,87,66.5,0.0
MV05419,DR09565,PR00002,SR00325,CONT09927,Import,Discharged,80,55.9,0.0
MV05420,DR09108,PR00007,SR04283,CONT03696,Import,Loaded,62,50.0,0.0
MV05421,DR08917,PR00004,SR01445,CONT02656,Export,In Yard,70,42.5,0.0
MV05422,DR04763,PR00003,SR04073,CONT00402,Export,Gate Out,75,55.4,4.5
MV05423,DR01147,PR00005,SR02485,CONT05705,Export,In Yard,106,63.2,0.0
MV05424,DR08797,PR00002,SR04207,CONT03731,Import,Loaded,66,39.0,0.0
MV05425,DR09139,PR00006,SR08294,CONT09697,Import,In Yard,112,55.5,0.0
MV05426,DR02581,PR00004,SR03273,CONT01122,Import,Gate Out,70,49.1,0.0
MV05427,DR07129,PR00006,SR02132,CONT02028,Export,Discharged,98,58.6,0.0
MV05428,DR03130,PR00006,SR02063,CONT00118,Export,Discharged,107,29.7,0.0
MV05429,DR08484,PR00004,SR01175,CONT07114,Export,Gate Out,78,46.7,0.0
MV05430,DR09851,PR00001,SR02698,CONT04731,Import,Customs Hold,65,41.2,11.6
MV05431,DR03563,PR00002,SR02180,CONT09885,Export,Gate Out,104,20.9,0.0
MV05432,DR05529,PR00006,SR02949,CONT02686,Export,In Yard,117,55.4,0.0
MV05433,DR06063,PR00004,SR03872,CONT09742,Export,Loaded,71,52.5,0.0
MV05434,DR03760,PR00006,SR05473,CONT04750,Export,In Yard,91,22.2,0.0
MV05435,DR09740,PR00003,SR02439,CONT08458,Import,In Yard,100,43.6,0.0
MV05436,DR07502,PR00003,SR00770,CONT05264,Import,Discharged,94,42.1,0.0
MV05437,DR04071,PR00006,SR04077,CONT07481,Transshipment,Gate Out,98,33.9,0.0
MV05438,DR00569,PR00005,SR01752,CONT05971,Import,Discharged,65,34.2,0.0
MV05439,DR02346,PR00003,SR06807,CONT07640,Export,In Yard,106,38.2,2.1
MV05440,DR07685,PR00001,SR05466,CONT01761,Transshipment,Loaded,34,43.9,0.0
MV05441,DR00166,PR00006,SR00490,CONT01017,Export,Discharged,117,67.7,0.0
MV05442,DR01510,PR00006,SR03186,CONT06327,Export,In Yard,101,52.7,0.0
MV05443,DR04620,PR00003,SR05990,CONT01112,Import,Gate Out,83,27.1,0.0
MV05444,DR00197,PR00004,SR05782,CONT07859,Export,Loaded,69,48.8,0.0
MV05445,DR02162,PR00002,SR01254,CONT09365,Transshipment,Discharged,93,51.4,0.0
MV05446,DR09939,PR00003,SR08373,CONT05475,Transshipment,Loaded,54,5.0,0.0
MV05447,DR09545,PR00001,SR04432,CONT07421,Import,Discharged,70,60.1,0.0
MV05448,DR02016,PR00002,SR08672,CONT09495,Transshipment,Loaded,104,49.2,0.0
MV05449,DR04317,PR00006,SR01252,CONT04651,Import,Loaded,71,43.7,0.0
MV05450,DR08985,PR00003,SR01223,CONT05040,Export,Discharged,78,14.3,0.0
MV05451,DR00670,PR00006,SR05560,CONT00061,Import,In Yard,109,74.5,0.0
MV05452,DR05036,PR00003,SR02428,CONT09950,Import,In Yard,64,41.4,0.0
MV05453,DR08447,PR00001,SR01612,CONT00229,Export,Gate Out,74,48.1,0.0
MV05454,DR01644,PR00003,SR07087,CONT05359,Export,In Yard,113,31.8,0.0
MV05455,DR09626,PR00001,SR08684,CONT05227,Transshipment,In Yard,72,40.7,0.0
MV05456,DR05213,PR00005,SR05346,CONT08115,Import,Loaded,78,54.9,0.0
MV05457,DR00222,PR00007,SR06452,CONT06597,Export,Gate Out,100,45.0,0.0
MV05458,DR01940,PR00005,SR00768,CONT09278,Import,Loaded,85,29.2,0.0
MV05459,DR09007,PR00005,SR09538,CONT01206,Import,Discharged,121,51.2,0.0
MV05460,DR00752,PR00006,SR09012,CONT01688,Import,Customs Hold,125,37.1,8.4
MV05461,DR07377,PR00005,SR09531,CONT00622,Export,In Yard,43,34.9,0.0
MV05462,DR03063,PR00004,SR06646,CONT07786,Export,Gate Out,128,65.6,0.0
MV05463,DR01670,PR00005,SR07208,CONT09392,Import,Gate Out,93,49.1,0.0
MV05464,DR04845,PR00003,SR00161,CONT08232,Import,Gate Out,46,35.9,0.0
MV05465,DR07473,PR00001,SR03282,CONT00082,Export,In Yard,61,22.7,3.1
MV05466,DR06655,PR00005,SR02692,CONT01858,Export,Gate Out,55,41.4,0.0
MV05467,DR03124,PR00005,SR04012,CONT00774,Export,Loaded,104,46.0,0.0
MV05468,DR03406,PR00002,SR09814,CONT04565,Export,In Yard,81,34.7,0.0
MV05469,DR04920,PR00007,SR03312,CONT03632,Import,Loaded,95,57.1,0.0
MV05470,DR02933,PR00001,SR04328,CONT07632,Import,Discharged,102,57.5,0.0
MV05471,DR06284,PR00005,SR08488,CONT06036,Import,In Yard,113,41.9,0.0
MV05472,DR04440,PR00007,SR02193,CONT01053,Transshipment,Gate Out,78,60.1,2.0
MV05473,DR00926,PR00002,SR02693,CONT05008,Export,In Yard,62,19.4,0.0
MV05474,DR04473,PR00007,SR01774,CONT02749,Import,Loaded,86,51.1,2.7
MV05475,DR01419,PR00006,SR04998,CONT01194,Export,Loaded,77,53.7,0.0
MV05476,DR08275,PR00005,SR01266,CONT01646,Export,In Yard,126,37.4,0.0
MV05477,DR04360,PR00007,SR09214,CONT01882,Import,Gate Out,35,47.2,0.0
MV05478,DR01046,PR00004,SR07033,CONT02752,Import,Gate Out,64,44.2,0.0
MV05479,DR02353,PR00003,SR01609,CONT04614,Export,Loaded,111,84.6,1.7
MV05480,DR00894,PR00005,SR07131,CONT05089,Export,In Yard,96,83.6,0.0
MV05481,DR01592,PR00003,SR03232,CONT03163,Import,In Yard,88,51.2,0.0
MV05482,DR05180,PR00002,SR07078,CONT01705,Import,Gate Out,71,38.9,0.0
MV05483,DR00969,PR00001,SR09069,CONT09201,Import,In Yard,116,49.2,0.0
MV05484,DR05860,PR00003,SR09053,CONT02256,Export,Discharged,59,53.6,0.0
MV05485,DR09159,PR00006,SR07945,CONT01836,Import,In Yard,97,21.7,0.0
MV05486,DR02949,PR00007,SR08693,CONT02026,Import,In Yard,106,17.8,0.0
MV05487,DR00391,PR00007,SR00407,CONT04528,Import,Gate Out,125,36.1,0.0
MV05488,DR02145,PR00002,SR00617,CONT09060,Transshipment,Customs Hold,85,53.4,4.0
MV05489,DR08022,PR00004,SR00951,CONT05398,Import,In Yard,97,61.2,0.0
MV05490,DR08600,PR00004,SR01725,CONT03849,Import,Loaded,89,54.2,0.0
MV05491,DR04763,PR00001,SR06404,CONT04912,Export,Loaded,125,58.4,0.0
MV05492,DR02099,PR00004,SR01404,CONT04483,Export,In Yard,60,36.1,0.0
MV05493,DR03909,PR00003,SR03619,CONT06198,Export,Gate Out,108,41.5,0.0
MV05494,DR06478,PR00007,SR03486,CONT01163,Transshipment,Gate Out,117,58.0,0.0
MV05495,DR03306,PR00002,SR02246,CONT00666,Export,In Yard,93,69.7,0.0
MV05496,DR07061,PR00006,SR03628,CONT05760,Import,Loaded,79,50.8,1.7
MV05497,DR07365,PR00006,SR04844,CONT05113,Import,Gate Out,126,50.3,0.0
MV05498,DR05829,PR00005,SR08508,CONT01884,Export,Gate Out,82,49.2,0.0
MV05499,DR05258,PR00002,SR00901,CONT04815,Export,Customs Hold,57,56.0,17.7
MV05500,DR03998,PR00002,SR05099,CONT05567,Import,Gate Out,57,34.8,0.0
MV05501,DR04811,PR00007,SR04622,CONT06067,Export,In Yard,86,39.2,0.0
MV05502,DR08228,PR00001,SR07032,CONT05430,Import,Gate Out,88,39.8,0.0
MV05503,DR01497,PR00001,SR01855,CONT04692,Export,In Yard,73,46.6,0.0
MV05504,DR04362,PR00007,SR01285,CONT05238,Import,Gate Out,119,32.9,0.0
MV05505,DR03525,PR00005,SR04668,CONT01714,Import,In Yard,104,56.3,0.0
MV05506,DR00887,PR00005,SR01440,CONT04379,Import,Customs Hold,127,28.9,10.0
MV05507,DR00534,PR00001,SR02449,CONT01218,Import,Loaded,63,36.6,0.0
MV05508,DR00080,PR00003,SR00772,CONT01514,Import,Loaded,80,38.2,0.0
MV05509,DR06794,PR00006,SR06413,CONT04424,Export,Loaded,114,70.7,0.0
MV05510,DR09211,PR00002,SR01696,CONT03508,Export,Customs Hold,125,60.1,16.3
MV05511,DR00925,PR00001,SR04173,CONT09818,Export,Gate Out,78,29.4,0.0
MV05512,DR08270,PR00001,SR02481,CONT03735,Import,In Yard,90,37.3,0.0
MV05513,DR02698,PR00004,SR08736,CONT07924,Export,Loaded,80,29.7,0.0
MV05514,DR08809,PR00002,SR05737,CONT07325,Export,Loaded,47,22.9,0.0
MV05515,DR00367,PR00006,SR05241,CONT08467,Export,Gate Out,141,74.5,0.0
MV05516,DR02547,PR00002,SR06599,CONT09879,Export,Gate Out,55,29.7,0.0
MV05517,DR04298,PR00001,SR02196,CONT09805,Export,Gate Out,99,62.4,0.0
MV05518,DR02668,PR00007,SR07484,CONT07147,Export,Gate Out,106,48.3,0.0
MV05519,DR09743,PR00007,SR03397,CONT07689,Import,Discharged,120,49.9,0.0
MV05520,DR05934,PR00005,SR07762,CONT04500,Export,In Yard,118,45.3,0.0
MV05521,DR03669,PR00007,SR05302,CONT03883,Import,Discharged,113,64.7,0.0
MV05522,DR08966,PR00001,SR01920,CONT02890,Export,In Yard,66,32.9,0.0
MV05523,DR09685,PR00003,SR03501,CONT04150,Export,Gate Out,93,49.6,0.0
MV05524,DR08909,PR00002,SR00745,CONT01740,Transshipment,Gate Out,45,41.0,0.0
MV05525,DR07378,PR00003,SR02705,CONT07787,Import,Discharged,94,52.2,0.0
MV05526,DR03250,PR00006,SR04089,CONT01448,Export,In Yard,76,42.8,0.0
MV05527,DR07490,PR00006,SR05251,CONT09092,Export,Gate Out,116,46.8,0.0
MV05528,DR08667,PR00001,SR09490,CONT01516,Export,Gate Out,75,50.8,6.0
MV05529,DR04380,PR00003,SR03156,CONT04879,Export,Discharged,89,31.1,0.0
MV05530,DR03877,PR00007,SR04960,CONT05678,Import,Loaded,103,67.1,0.0
MV05531,DR08186,PR00004,SR00539,CONT01849,Transshipment,Gate Out,106,45.9,0.0
MV05532,DR01800,PR00002,SR07985,CONT05113,Transshipment,Loaded,58,28.4,0.0
MV05533,DR09496,PR00003,SR03252,CONT08872,Transshipment,Discharged,103,41.8,0.0
MV05534,DR01540,PR00002,SR08952,CONT08351,Export,Customs Hold,52,26.5,11.4
MV05535,DR07270,PR00003,SR03415,CONT09555,Export,Gate Out,101,46.0,0.0
MV05536,DR05833,PR00003,SR05482,CONT04258,Import,In Yard,81,42.1,0.0
MV05537,DR01197,PR00003,SR09282,CONT00922,Import,Gate Out,69,57.4,0.0
MV05538,DR00748,PR00003,SR02147,CONT03336,Import,Gate Out,113,48.6,0.0
MV05539,DR02654,PR00003,SR06289,CONT00304,Export,In Yard,59,26.4,0.0
MV05540,DR05611,PR00001,SR07571,CONT00122,Transshipment,Customs Hold,18,41.6,22.6
MV05541,DR05698,PR00001,SR06575,CONT00284,Export,In Yard,74,49.4,0.0
MV05542,DR00209,PR00003,SR05941,CONT02337,Import,In Yard,77,22.0,0.0
MV05543,DR05542,PR00006,SR01911,CONT00188,Export,Gate Out,89,26.1,0.0
MV05544,DR02275,PR00006,SR09657,CONT09018,Export,Loaded,55,69.6,0.0
MV05545,DR03920,PR00001,SR05976,CONT00258,Import,Gate Out,71,31.7,0.0
MV05546,DR08864,PR00003,SR05971,CONT01611,Export,In Yard,96,41.0,0.0
MV05547,DR07156,PR00004,SR03892,CONT08355,Export,Gate Out,77,40.0,0.0
MV05548,DR09049,PR00003,SR09124,CONT01486,Export,Loaded,80,28.7,0.0
MV05549,DR06769,PR00005,SR02957,CONT08988,Export,Gate Out,74,19.0,0.0
MV05550,DR06897,PR00007,SR04435,CONT04875,Import,Gate Out,95,34.4,0.0
MV05551,DR08836,PR00001,SR05701,CONT01094,Import,Gate Out,98,35.7,0.0
MV05552,DR00951,PR00003,SR09895,CONT04598,Export,In Yard,59,30.5,0.0
MV05553,DR04419,PR00003,SR06394,CONT05879,Transshipment,Gate Out,79,39.0,1.7
MV05554,DR09100,PR00004,SR04286,CONT02085,Import,Gate Out,71,23.1,0.0
MV05555,DR05919,PR00001,SR08844,CONT08393,Export,Loaded,64,30.8,0.0
MV05556,DR02617,PR00004,SR02209,CONT02339,Export,Loaded,54,53.0,0.0
MV05557,DR06672,PR00001,SR00190,CONT04539,Import,In Yard,56,27.3,0.0
MV05558,DR00782,PR00005,SR05187,CONT08727,Export,Customs Hold,91,43.6,9.7
MV05559,DR08005,PR00004,SR01195,CONT07106,Import,In Yard,87,65.3,0.0
MV05560,DR03487,PR00002,SR00166,CONT09598,Import,Gate Out,108,36.6,4.7
MV05561,DR04079,PR00007,SR05426,CONT05814,Import,Gate Out,110,88.7,0.0
MV05562,DR01616,PR00006,SR07315,CONT02546,Export,In Yard,27,53.1,0.0
MV05563,DR02455,PR00003,SR07260,CONT02257,Export,Loaded,49,42.0,0.0
MV05564,DR07059,PR00007,SR07244,CONT01557,Export,In Yard,65,49.8,0.0
MV05565,DR00694,PR00006,SR05436,CONT07708,Export,In Yard,93,66.9,0.0
MV05566,DR03251,PR00001,SR08653,CONT00349,Import,Loaded,77,33.0,0.0
MV05567,DR09357,PR00004,SR04049,CONT07459,Export,Customs Hold,88,38.9,14.5
MV05568,DR05976,PR00004,SR07203,CONT09710,Transshipment,Discharged,100,65.4,0.0
MV05569,DR09720,PR00004,SR00549,CONT02861,Export,Loaded,105,45.6,0.0
MV05570,DR09657,PR00007,SR00361,CONT03939,Import,Loaded,90,44.9,0.0
MV05571,DR01250,PR00003,SR02238,CONT03598,Transshipment,Gate Out,89,36.4,0.0
MV05572,DR04422,PR00001,SR08888,CONT07720,Export,Discharged,60,12.9,0.0
MV05573,DR09579,PR00003,SR05093,CONT08860,Import,Discharged,55,56.2,0.0
MV05574,DR03139,PR00006,SR05340,CONT05038,Import,Discharged,115,48.9,0.0
MV05575,DR00025,PR00002,SR00729,CONT07184,Import,In Yard,108,61.4,3.3
MV05576,DR05935,PR00001,SR06091,CONT04437,Export,Discharged,116,41.8,0.0
MV05577,DR04161,PR00002,SR09545,CONT09550,Export,In Yard,64,38.0,0.0
MV05578,DR06115,PR00005,SR04142,CONT09933,Import,Loaded,73,41.4,0.0
MV05579,DR04182,PR00001,SR03093,CONT02862,Import,Gate Out,38,42.9,0.0
MV05580,DR05645,PR00003,SR04251,CONT02693,Import,Gate Out,75,28.5,0.0
MV05581,DR01025,PR00001,SR03764,CONT01054,Export,Customs Hold,77,41.0,20.2
MV05582,DR01034,PR00003,SR03783,CONT07978,Export,Gate Out,94,45.5,0.0
MV05583,DR00973,PR00001,SR09681,CONT06380,Import,Discharged,93,30.4,0.0
MV05584,DR00187,PR00001,SR07957,CONT07685,Export,In Yard,77,30.2,0.0
MV05585,DR06704,PR00005,SR06265,CONT02010,Transshipment,In Yard,66,42.1,0.0
MV05586,DR08651,PR00001,SR00030,CONT04516,Import,Customs Hold,95,36.0,11.8
MV05587,DR03824,PR00001,SR04720,CONT08168,Export,In Yard,133,70.6,4.6
MV05588,DR01924,PR00004,SR01816,CONT07649,Import,Loaded,45,41.6,0.0
MV05589,DR07501,PR00001,SR00856,CONT08414,Import,In Yard,92,43.5,0.0
MV05590,DR00394,PR00001,SR07484,CONT07863,Export,Customs Hold,37,31.3,15.6
MV05591,DR00470,PR00003,SR04375,CONT02866,Transshipment,Discharged,51,36.0,0.0
MV05592,DR05752,PR00003,SR04087,CONT01811,Import,Customs Hold,96,37.1,11.8
MV05593,DR00147,PR00004,SR05827,CONT08102,Import,Gate Out,69,37.8,0.0
MV05594,DR01540,PR00007,SR04238,CONT00570,Import,Customs Hold,101,62.8,17.3
MV05595,DR02810,PR00003,SR02209,CONT00152,Export,Loaded,80,57.0,0.0
MV05596,DR09586,PR00004,SR06220,CONT03913,Import,Gate Out,68,32.6,0.0
MV05597,DR04978,PR00007,SR00852,CONT04405,Export,Gate Out,108,54.6,0.0
MV05598,DR06863,PR00003,SR00765,CONT03323,Import,Discharged,59,34.4,0.0
MV05599,DR03280,PR00006,SR02244,CONT05763,Export,Loaded,78,44.8,0.0
MV05600,DR09967,PR00004,SR06898,CONT04742,Transshipment,Discharged,126,29.5,0.0
MV05601,DR08958,PR00004,SR05677,CONT09499,Import,Gate Out,59,29.4,0.0
MV05602,DR08172,PR00007,SR07746,CONT01889,Export,Loaded,106,43.4,0.0
MV05603,DR02776,PR00001,SR07103,CONT01762,Export,In Yard,72,34.1,0.0
MV05604,DR03189,PR00007,SR03980,CONT02764,Import,Loaded,85,35.8,0.0
MV05605,DR01450,PR00003,SR09272,CONT09160,Transshipment,Gate Out,95,13.9,0.0
MV05606,DR06865,PR00004,SR06957,CONT07221,Export,In Yard,32,20.7,0.0
MV05607,DR07672,PR00003,SR00540,CONT05313,Export,Customs Hold,45,42.7,18.6
MV05608,DR04285,PR00002,SR04546,CONT04324,Export,Gate Out,71,27.2,0.0
MV05609,DR00108,PR00001,SR00290,CONT02056,Import,Customs Hold,58,32.5,15.9
MV05610,DR02366,PR00007,SR04179,CONT08410,Import,In Yard,91,54.4,0.0
MV05611,DR05425,PR00004,SR01909,CONT05633,Import,Discharged,80,27.8,0.0
MV05612,DR05448,PR00006,SR00240,CONT08133,Export,Discharged,88,42.5,0.0
MV05613,DR04013,PR00002,SR03074,CONT01319,Transshipment,Gate Out,50,67.3,0.0
MV05614,DR09352,PR00002,SR09821,CONT00156,Import,In Yard,109,42.5,0.0
MV05615,DR01116,PR00002,SR05647,CONT02057,Import,Discharged,60,34.8,0.0
MV05616,DR00088,PR00002,SR04839,CONT05216,Import,Customs Hold,108,52.4,10.4
MV05617,DR03327,PR00003,SR05235,CONT05935,Transshipment,Discharged,82,32.4,0.0
MV05618,DR09228,PR00007,SR08730,CONT00905,Import,Loaded,88,47.3,0.0
MV05619,DR09599,PR00006,SR08630,CONT08671,Transshipment,Discharged,92,50.3,0.0
MV05620,DR02538,PR00003,SR04083,CONT08883,Import,Loaded,32,43.5,0.0
MV05621,DR05378,PR00002,SR06676,CONT02791,Import,In Yard,82,29.4,0.0
MV05622,DR00852,PR00004,SR02779,CONT01479,Import,Gate Out,106,55.8,0.0
MV05623,DR03643,PR00004,SR00754,CONT06400,Export,In Yard,51,58.6,0.0
MV05624,DR09943,PR00005,SR07578,CONT00174,Import,In Yard,93,23.1,0.0
MV05625,DR04694,PR00003,SR09437,CONT06042,Transshipment,In Yard,64,48.1,5.9
MV05626,DR01091,PR00001,SR07700,CONT02034,Export,In Yard,78,32.8,0.0
MV05627,DR07224,PR00001,SR00407,CONT03405,Import,Gate Out,74,42.1,0.0
MV05628,DR09685,PR00007,SR08990,CONT05176,Export,Loaded,74,49.2,0.0
MV05629,DR03178,PR00005,SR06892,CONT01006,Import,In Yard,86,69.9,4.8
MV05630,DR06019,PR00007,SR07641,CONT03962,Export,Gate Out,84,48.3,0.0
MV05631,DR06666,PR00002,SR01726,CONT01827,Export,Discharged,98,54.0,0.0
MV05632,DR08552,PR00003,SR07024,CONT03104,Transshipment,In Yard,38,40.5,0.0
MV05633,DR09489,PR00002,SR05424,CONT05807,Export,In Yard,112,52.2,0.0
MV05634,DR06342,PR00007,SR00050,CONT07223,Import,Discharged,144,47.9,0.0
MV05635,DR07121,PR00002,SR04227,CONT09951,Import,Discharged,95,46.0,0.0
MV05636,DR00342,PR00005,SR01688,CONT05183,Import,Gate Out,90,46.5,0.0
MV05637,DR03113,PR00001,SR07830,CONT05370,Import,Gate Out,89,45.4,0.0
MV05638,DR07598,PR00001,SR05757,CONT00737,Import,In Yard,59,16.5,0.0
MV05639,DR09300,PR00001,SR00678,CONT04627,Import,Gate Out,132,31.5,1.8
MV05640,DR07339,PR00003,SR05741,CONT07364,Transshipment,Discharged,97,58.4,0.0
MV05641,DR03165,PR00006,SR05080,CONT03624,Transshipment,Discharged,100,63.6,0.0
MV05642,DR01715,PR00007,SR06537,CONT03591,Import,Loaded,119,22.5,0.0
MV05643,DR05963,PR00004,SR03994,CONT00825,Transshipment,In Yard,116,39.1,0.0
MV05644,DR00893,PR00003,SR06333,CONT07743,Export,Discharged,66,29.3,0.0
MV05645,DR07682,PR00006,SR02227,CONT08519,Import,Discharged,98,52.8,0.0
MV05646,DR03808,PR00001,SR01091,CONT08633,Transshipment,Gate Out,97,32.9,0.0
MV05647,DR06671,PR00006,SR07376,CONT00927,Transshipment,Loaded,85,58.3,0.0
MV05648,DR00242,PR00005,SR09464,CONT03505,Export,Gate Out,92,30.4,0.0
MV05649,DR02726,PR00003,SR05453,CONT01460,Export,In Yard,64,47.5,0.0
MV05650,DR00028,PR00001,SR04504,CONT07374,Import,In Yard,50,37.7,0.0
MV05651,DR03068,PR00002,SR08742,CONT05508,Export,In Yard,84,37.9,0.0
MV05652,DR08334,PR00003,SR07341,CONT03541,Export,In Yard,81,52.7,1.0
MV05653,DR03471,PR00007,SR07067,CONT01390,Export,Gate Out,83,45.8,0.0
MV05654,DR08175,PR00004,SR07424,CONT02863,Import,Loaded,117,49.2,0.0
MV05655,DR05145,PR00003,SR09788,CONT03955,Export,In Yard,103,66.4,5.1
MV05656,DR04654,PR00003,SR02136,CONT06308,Export,Loaded,86,39.9,0.0
MV05657,DR06698,PR00005,SR06899,CONT06381,Export,In Yard,84,69.3,0.0
MV05658,DR04525,PR00002,SR04117,CONT03500,Import,Discharged,96,15.2,0.0
MV05659,DR05713,PR00001,SR09756,CONT01361,Import,Gate Out,71,39.9,0.0
MV05660,DR03740,PR00005,SR00545,CONT02184,Import,Loaded,102,25.5,0.0
MV05661,DR09871,PR00002,SR02211,CONT07887,Export,Gate Out,71,29.4,0.0
MV05662,DR01483,PR00002,SR00277,CONT05822,Import,Loaded,89,31.0,0.0
MV05663,DR08503,PR00003,SR01802,CONT08210,Transshipment,In Yard,75,59.0,0.0
MV05664,DR06446,PR00002,SR01505,CONT01441,Export,In Yard,75,36.2,0.0
MV05665,DR05695,PR00007,SR06016,CONT00189,Import,Discharged,109,28.2,0.0
MV05666,DR03322,PR00006,SR01167,CONT00059,Export,Loaded,82,50.1,0.0
MV05667,DR02491,PR00007,SR09997,CONT02689,Import,Discharged,62,31.6,0.0
MV05668,DR02921,PR00007,SR07173,CONT02061,Import,Gate Out,61,66.7,0.0
MV05669,DR03786,PR00002,SR01889,CONT05768,Import,In Yard,129,30.7,0.0
MV05670,DR00793,PR00003,SR04935,CONT04673,Export,Discharged,70,35.3,0.0
MV05671,DR01134,PR00005,SR09305,CONT06003,Export,In Yard,90,73.0,0.0
MV05672,DR05426,PR00001,SR03887,CONT04301,Import,Gate Out,41,29.8,0.0
MV05673,DR07772,PR00007,SR01245,CONT04300,Export,Customs Hold,88,54.5,14.7
MV05674,DR09802,PR00001,SR01663,CONT06787,Import,In Yard,122,44.6,0.0
MV05675,DR03794,PR00003,SR09995,CONT04946,Import,Loaded,76,45.0,0.0
MV05676,DR09202,PR00004,SR03939,CONT09651,Export,Discharged,67,31.9,0.0
MV05677,DR07638,PR00007,SR03377,CONT02960,Export,Loaded,119,58.9,0.0
MV05678,DR01887,PR00004,SR08044,CONT02181,Transshipment,Discharged,66,61.8,0.0
MV05679,DR02416,PR00004,SR02018,CONT06851,Export,In Yard,54,15.3,0.0
MV05680,DR04643,PR00002,SR09206,CONT00196,Import,In Yard,100,35.5,0.0
MV05681,DR01757,PR00004,SR09638,CONT02761,Import,In Yard,107,43.3,0.0
MV05682,DR04705,PR00005,SR03892,CONT02646,Import,In Yard,73,34.5,0.0
MV05683,DR01774,PR00003,SR04034,CONT00245,Transshipment,Discharged,70,45.4,0.0
MV05684,DR03675,PR00005,SR07139,CONT03879,Export,In Yard,85,36.1,0.0
MV05685,DR03508,PR00001,SR05414,CONT09367,Import,Gate Out,40,41.1,0.0
MV05686,DR02456,PR00002,SR08464,CONT05675,Import,In Yard,114,66.9,0.0
MV05687,DR01090,PR00007,SR03428,CONT06994,Import,Loaded,98,29.7,0.0
MV05688,DR07436,PR00002,SR03944,CONT08501,Export,In Yard,80,41.6,0.0
MV05689,DR00143,PR00004,SR06820,CONT07550,Import,Gate Out,122,42.9,0.0
MV05690,DR03768,PR00003,SR02868,CONT03776,Transshipment,Gate Out,67,37.4,0.0
MV05691,DR07335,PR00007,SR09304,CONT01762,Import,In Yard,82,37.2,0.0
MV05692,DR07839,PR00001,SR03691,CONT04030,Export,Discharged,101,35.1,0.0
MV05693,DR03892,PR00002,SR06647,CONT05932,Import,In Yard,64,41.4,0.0
MV05694,DR00747,PR00006,SR04171,CONT02023,Import,Discharged,118,43.1,0.0
MV05695,DR07591,PR00004,SR07528,CONT04558,Import,Loaded,77,53.6,0.0
MV05696,DR08970,PR00004,SR07232,CONT07942,Import,Gate Out,88,34.3,0.0
MV05697,DR01800,PR00003,SR08383,CONT06904,Transshipment,In Yard,125,24.8,0.0
MV05698,DR07577,PR00003,SR02802,CONT09736,Export,Gate Out,68,10.9,0.0
MV05699,DR05643,PR00007,SR01796,CONT01221,Import,Discharged,137,54.8,0.0
MV05700,DR03307,PR00005,SR01479,CONT03610,Export,Gate Out,95,57.8,0.0
MV05701,DR09633,PR00007,SR07840,CONT07806,Export,In Yard,99,35.7,0.0
MV05702,DR07238,PR00007,SR05676,CONT03994,Export,Gate Out,48,34.6,0.0
MV05703,DR02269,PR00004,SR04222,CONT09531,Import,In Yard,89,65.1,0.0
MV05704,DR05806,PR00004,SR00203,CONT00715,Import,Loaded,113,67.1,0.0
MV05705,DR02326,PR00004,SR00951,CONT06942,Import,Gate Out,104,67.8,0.0
MV05706,DR02724,PR00006,SR04842,CONT04603,Transshipment,Discharged,88,48.0,0.0
MV05707,DR07271,PR00004,SR00393,CONT04469,Import,Loaded,72,49.7,0.0
MV05708,DR03532,PR00001,SR07059,CONT03629,Export,Gate Out,45,32.3,0.0
MV05709,DR03045,PR00007,SR08562,CONT03337,Transshipment,Discharged,122,36.5,0.0
MV05710,DR05689,PR00004,SR02629,CONT07898,Import,Gate Out,103,32.6,0.0
MV05711,DR02387,PR00006,SR06923,CONT09760,Import,In Yard,90,43.5,0.0
MV05712,DR05028,PR00003,SR00157,CONT02491,Import,Loaded,84,57.0,0.0
MV05713,DR01486,PR00003,SR07578,CONT04062,Export,Loaded,60,36.8,0.0
MV05714,DR02215,PR00005,SR08859,CONT08781,Export,In Yard,57,47.9,0.0
MV05715,DR03138,PR00005,SR06341,CONT00691,Import,Gate Out,58,40.8,0.0
MV05716,DR08511,PR00001,SR03653,CONT09386,Import,In Yard,46,38.0,0.0
MV05717,DR02952,PR00003,SR00278,CONT07363,Export,In Yard,104,57.0,0.0
MV05718,DR09419,PR00005,SR03336,CONT02730,Export,Gate Out,89,67.3,0.0
MV05719,DR02712,PR00007,SR02394,CONT01964,Import,Loaded,59,48.7,0.0
MV05720,DR06763,PR00001,SR07044,CONT07786,Export,Gate Out,90,65.2,1.1
MV05721,DR07766,PR00002,SR08095,CONT08116,Import,Gate Out,63,34.5,5.5
MV05722,DR06065,PR00003,SR01702,CONT01707,Import,Gate Out,96,60.2,3.6
MV05723,DR04445,PR00002,SR04394,CONT00716,Import,In Yard,96,55.1,0.0
MV05724,DR07201,PR00001,SR06905,CONT05207,Export,In Yard,87,22.2,1.2
MV05725,DR07497,PR00003,SR06368,CONT06915,Export,Gate Out,65,65.4,0.0
MV05726,DR02225,PR00004,SR06124,CONT09851,Export,Customs Hold,51,28.6,15.3
MV05727,DR03839,PR00003,SR03091,CONT01292,Import,Gate Out,52,35.8,0.0
MV05728,DR02751,PR00003,SR02134,CONT05455,Import,Gate Out,73,50.4,0.0
MV05729,DR01344,PR00007,SR07288,CONT01272,Import,Loaded,71,33.3,3.6
MV05730,DR00202,PR00003,SR03644,CONT03985,Import,Customs Hold,71,44.1,14.1
MV05731,DR03054,PR00006,SR05645,CONT05355,Export,In Yard,48,58.0,0.0
MV05732,DR00591,PR00002,SR09090,CONT02756,Import,Loaded,108,36.8,0.0
MV05733,DR04703,PR00006,SR00178,CONT00234,Import,Loaded,86,38.4,0.0
MV05734,DR02796,PR00006,SR07064,CONT01759,Import,Discharged,94,38.9,0.0
MV05735,DR01224,PR00002,SR06446,CONT08607,Import,Gate Out,76,58.0,0.0
MV05736,DR01265,PR00004,SR08317,CONT09491,Export,Discharged,110,66.9,0.0
MV05737,DR02789,PR00005,SR07337,CONT02828,Import,Gate Out,91,29.7,0.0
MV05738,DR03882,PR00003,SR04232,CONT04247,Export,Discharged,78,40.0,0.0
MV05739,DR04098,PR00005,SR05054,CONT08191,Import,Gate Out,77,39.2,0.0
MV05740,DR02970,PR00002,SR06335,CONT06992,Import,Gate Out,63,37.9,0.0
MV05741,DR08453,PR00003,SR00115,CONT05088,Import,Loaded,115,66.0,0.0
MV05742,DR08485,PR00007,SR03094,CONT03067,Import,Gate Out,145,59.9,0.0
MV05743,DR02707,PR00001,SR06669,CONT04634,Export,Gate Out,61,28.7,0.0
MV05744,DR09908,PR00001,SR04363,CONT09525,Import,In Yard,58,16.2,0.0
MV05745,DR02545,PR00001,SR09379,CONT07016,Import,Loaded,50,57.0,0.0
MV05746,DR02620,PR00007,SR09763,CONT03020,Import,In Yard,95,37.0,0.0
MV05747,DR02409,PR00001,SR00947,CONT08447,Import,Loaded,110,35.9,3.3
MV05748,DR01846,PR00001,SR06498,CONT06345,Transshipment,Gate Out,96,48.0,0.0
MV05749,DR03207,PR00005,SR02337,CONT04080,Transshipment,Gate Out,70,51.5,0.0
MV05750,DR02464,PR00005,SR02256,CONT02321,Import,Discharged,82,39.2,0.0
MV05751,DR00389,PR00003,SR04593,CONT01367,Import,In Yard,101,28.7,0.0
MV05752,DR00747,PR00007,SR06933,CONT09245,Export,Gate Out,94,64.8,0.0
MV05753,DR00667,PR00001,SR06853,CONT00108,Export,Gate Out,137,52.9,4.0
MV05754,DR05339,PR00004,SR09942,CONT03616,Import,Gate Out,114,61.3,0.0
MV05755,DR06632,PR00004,SR05085,CONT01422,Import,In Yard,54,35.9,0.0
MV05756,DR08420,PR00002,SR06948,CONT01992,Import,In Yard,58,26.7,0.0
MV05757,DR04439,PR00006,SR00555,CONT08956,Import,Loaded,78,40.6,3.0
MV05758,DR03188,PR00004,SR06189,CONT01894,Import,Gate Out,107,26.7,0.0
MV05759,DR08116,PR00002,SR07898,CONT05406,Export,In Yard,114,41.2,0.0
MV05760,DR07589,PR00001,SR06233,CONT06689,Export,Gate Out,100,29.2,0.0
MV05761,DR07824,PR00001,SR04049,CONT06289,Import,Discharged,70,39.0,0.0
MV05762,DR09186,PR00006,SR07306,CONT07634,Export,Gate Out,78,42.1,0.0
MV05763,DR07615,PR00002,SR09317,CONT04797,Import,In Yard,102,42.7,0.0
MV05764,DR00174,PR00007,SR09748,CONT02927,Import,In Yard,129,43.4,0.0
MV05765,DR02521,PR00001,SR09037,CONT05468,Export,Gate Out,47,22.6,0.0
MV05766,DR05851,PR00007,SR00012,CONT09716,Import,Discharged,98,28.3,0.0
MV05767,DR03831,PR00006,SR01666,CONT02610,Transshipment,Customs Hold,70,50.0,16.9
MV05768,DR02720,PR00001,SR01520,CONT08847,Transshipment,In Yard,86,47.8,0.0
MV05769,DR01406,PR00001,SR09551,CONT05417,Import,Discharged,59,23.9,0.0
MV05770,DR06094,PR00006,SR06847,CONT03393,Import,Loaded,101,72.0,0.0
MV05771,DR09123,PR00001,SR02231,CONT01584,Import,In Yard,29,44.9,0.0
MV05772,DR00429,PR00002,SR00569,CONT01240,Transshipment,Loaded,72,32.2,0.0
MV05773,DR02400,PR00006,SR06545,CONT01267,Import,In Yard,54,45.0,0.0
MV05774,DR00111,PR00007,SR07937,CONT01716,Export,In Yard,92,45.2,0.0
MV05775,DR09306,PR00005,SR09264,CONT08538,Import,In Yard,82,47.4,0.0
MV05776,DR00846,PR00006,SR02631,CONT08519,Export,Loaded,47,45.7,0.0
MV05777,DR03248,PR00004,SR08842,CONT07982,Import,Loaded,155,59.2,0.0
MV05778,DR07733,PR00005,SR07743,CONT02538,Export,Discharged,100,71.2,0.0
MV05779,DR02842,PR00002,SR04553,CONT07638,Export,Gate Out,55,45.4,0.0
MV05780,DR03700,PR00006,SR08734,CONT03079,Import,Gate Out,101,54.4,0.0
MV05781,DR03220,PR00005,SR03787,CONT05034,Import,Customs Hold,102,69.0,6.9
MV05782,DR08607,PR00004,SR02070,CONT03646,Import,Gate Out,77,39.5,5.2
MV05783,DR09394,PR00007,SR00881,CONT00410,Export,Loaded,101,36.9,0.0
MV05784,DR02395,PR00003,SR09133,CONT05468,Export,Discharged,84,55.7,0.0
MV05785,DR03978,PR00004,SR01674,CONT03015,Import,In Yard,66,24.6,0.0
MV05786,DR02494,PR00003,SR01113,CONT07417,Transshipment,In Yard,94,28.5,0.0
MV05787,DR01092,PR00002,SR05771,CONT07109,Import,Discharged,60,55.1,0.0
MV05788,DR01500,PR00002,SR02633,CONT02399,Export,Loaded,69,13.2,4.9
MV05789,DR09030,PR00007,SR07476,CONT08188,Transshipment,In Yard,71,48.9,0.0
MV05790,DR08891,PR00003,SR02892,CONT04619,Export,Discharged,92,26.3,0.0
MV05791,DR06201,PR00005,SR09696,CONT06137,Transshipment,In Yard,88,55.3,0.0
MV05792,DR07582,PR00004,SR03612,CONT04378,Import,In Yard,77,70.3,0.0
MV05793,DR09388,PR00006,SR03337,CONT05180,Export,Discharged,84,34.3,0.0
MV05794,DR00482,PR00005,SR07112,CONT01147,Import,Discharged,61,14.7,0.0
MV05795,DR07101,PR00001,SR02017,CONT02487,Import,Discharged,74,38.6,0.0
MV05796,DR07801,PR00002,SR01872,CONT05702,Export,Loaded,96,35.3,0.0
MV05797,DR05077,PR00005,SR02618,CONT09302,Export,Discharged,26,37.6,0.0
MV05798,DR07921,PR00001,SR04376,CONT01454,Transshipment,Gate Out,121,48.7,0.0
MV05799,DR02226,PR00003,SR02638,CONT03139,Export,Gate Out,87,48.3,0.0
MV05800,DR00811,PR00002,SR08744,CONT01051,Export,Loaded,93,46.9,3.6
MV05801,DR02657,PR00001,SR08520,CONT05287,Export,Gate Out,52,33.6,0.0
MV05802,DR01134,PR00007,SR00362,CONT09655,Export,Loaded,53,50.7,0.0
MV05803,DR09201,PR00007,SR04858,CONT09925,Import,Discharged,49,40.6,0.0
MV05804,DR06695,PR00005,SR05700,CONT03379,Export,Gate Out,133,45.7,0.0
MV05805,DR01478,PR00002,SR05841,CONT04902,Export,Gate Out,50,41.3,0.0
MV05806,DR02044,PR00007,SR06138,CONT08947,Export,In Yard,82,60.5,0.0
MV05807,DR00536,PR00004,SR00850,CONT05968,Export,In Yard,77,36.1,2.9
MV05808,DR00233,PR00007,SR02822,CONT05750,Export,In Yard,90,57.8,0.0
MV05809,DR00097,PR00001,SR05017,CONT09801,Transshipment,Customs Hold,100,38.0,9.9
MV05810,DR07183,PR00001,SR07969,CONT07838,Export,Gate Out,73,26.4,0.0
MV05811,DR09259,PR00005,SR03826,CONT01158,Export,Loaded,74,53.7,0.0
MV05812,DR07017,PR00007,SR09436,CONT09759,Export,In Yard,104,59.8,0.0
MV05813,DR00836,PR00001,SR07586,CONT08012,Export,In Yard,67,40.9,0.0
MV05814,DR00836,PR00002,SR03454,CONT08351,Export,Gate Out,125,33.2,0.0
MV05815,DR06401,PR00004,SR07695,CONT07176,Transshipment,In Yard,66,43.3,0.0
MV05816,DR01675,PR00007,SR08419,CONT05212,Export,Loaded,121,58.8,0.0
MV05817,DR00721,PR00006,SR00527,CONT00306,Export,Loaded,92,48.3,0.0
MV05818,DR01959,PR00007,SR02427,CONT08094,Import,Gate Out,85,80.3,0.0
MV05819,DR07345,PR00005,SR08733,CONT00112,Export,Gate Out,91,48.9,0.0
MV05820,DR06734,PR00006,SR02377,CONT08311,Export,Loaded,76,32.9,0.0
MV05821,DR06262,PR00003,SR00677,CONT07059,Transshipment,Gate Out,57,35.3,0.0
MV05822,DR02922,PR00001,SR05549,CONT05335,Transshipment,In Yard,47,28.9,0.0
MV05823,DR03179,PR00005,SR09547,CONT02751,Export,Loaded,90,33.6,1.8
MV05824,DR02905,PR00004,SR05316,CONT03335,Export,Loaded,56,43.8,0.0
MV05825,DR09351,PR00003,SR00374,CONT04447,Import,In Yard,83,43.0,0.0
MV05826,DR04733,PR00002,SR09095,CONT02433,Export,Customs Hold,63,56.9,19.1
MV05827,DR01904,PR00006,SR03717,CONT03885,Import,Loaded,117,65.0,0.0
MV05828,DR02839,PR00006,SR04514,CONT07679,Export,Discharged,103,64.7,2.1
MV05829,DR05554,PR00003,SR04119,CONT00958,Import,Gate Out,76,41.7,0.0
MV05830,DR06363,PR00007,SR05661,CONT09390,Transshipment,Customs Hold,97,56.9,8.9
MV05831,DR01272,PR00003,SR06979,CONT00246,Export,Discharged,62,52.3,0.0
MV05832,DR00347,PR00001,SR03449,CONT02639,Import,In Yard,83,66.7,0.0
MV05833,DR03279,PR00001,SR01737,CONT07534,Export,Gate Out,62,27.0,0.0
MV05834,DR05938,PR00003,SR02205,CONT09310,Export,In Yard,83,43.2,0.0
MV05835,DR08369,PR00001,SR09825,CONT04713,Export,Loaded,84,32.2,0.0
MV05836,DR01478,PR00005,SR07081,CONT06453,Export,Customs Hold,110,84.3,7.7
MV05837,DR07991,PR00006,SR00875,CONT08880,Export,Loaded,110,50.9,0.0
MV05838,DR00274,PR00004,SR00626,CONT04448,Import,Discharged,86,57.1,0.0
MV05839,DR07596,PR00006,SR01750,CONT09555,Export,Customs Hold,65,49.5,9.5
MV05840,DR03519,PR00007,SR08618,CONT00499,Transshipment,Gate Out,123,62.4,0.0
MV05841,DR00985,PR00003,SR02407,CONT07441,Export,Gate Out,87,48.8,0.0
MV05842,DR08404,PR00001,SR09151,CONT00766,Import,Discharged,47,52.0,0.0
MV05843,DR07299,PR00002,SR04690,CONT03565,Export,Loaded,44,39.1,0.0
MV05844,DR02191,PR00004,SR05281,CONT07041,Import,Gate Out,100,72.7,0.0
MV05845,DR06634,PR00003,SR00830,CONT01693,Transshipment,Loaded,69,47.0,0.0
MV05846,DR01847,PR00005,SR00767,CONT02727,Import,Loaded,57,32.6,0.0
MV05847,DR09300,PR00004,SR01501,CONT01649,Import,In Yard,89,47.2,0.0
MV05848,DR05309,PR00004,SR03350,CONT08593,Import,In Yard,55,40.6,0.0
MV05849,DR09508,PR00001,SR09944,CONT02020,Export,Loaded,49,31.2,2.2
MV05850,DR05688,PR00002,SR00596,CONT04441,Export,Gate Out,94,52.4,0.0
MV05851,DR04549,PR00003,SR08683,CONT08990,Export,Gate Out,119,35.0,0.0
MV05852,DR05921,PR00006,SR02318,CONT04078,Import,Discharged,51,38.4,2.5
MV05853,DR01935,PR00005,SR00298,CONT07679,Export,Customs Hold,93,52.5,4.0
MV05854,DR06240,PR00004,SR06510,CONT04790,Import,Discharged,85,20.1,0.0
MV05855,DR01854,PR00005,SR09884,CONT02828,Import,Discharged,116,40.4,0.0
MV05856,DR05789,PR00003,SR00272,CONT05084,Export,Customs Hold,55,49.0,15.8
MV05857,DR01246,PR00001,SR07110,CONT06012,Export,Loaded,79,43.5,0.0
MV05858,DR01484,PR00002,SR02518,CONT09728,Export,Loaded,65,10.8,0.0
MV05859,DR01432,PR00001,SR07110,CONT06099,Import,In Yard,88,40.9,0.0
MV05860,DR05092,PR00001,SR06054,CONT00376,Export,In Yard,92,48.3,2.3
MV05861,DR02382,PR00002,SR07435,CONT01206,Import,Discharged,60,37.6,2.1
MV05862,DR02136,PR00006,SR08225,CONT08386,Export,In Yard,81,44.0,0.0
MV05863,DR03836,PR00001,SR01029,CONT06418,Import,Discharged,89,32.2,0.0
MV05864,DR04983,PR00001,SR06912,CONT07777,Export,In Yard,90,50.1,0.0
MV05865,DR09154,PR00001,SR06183,CONT04945,Import,Discharged,84,27.3,0.0
MV05866,DR01308,PR00002,SR06119,CONT04561,Import,Loaded,78,48.6,0.0
MV05867,DR05971,PR00002,SR08004,CONT07517,Import,In Yard,105,40.0,0.0
MV05868,DR05687,PR00001,SR01749,CONT07930,Export,Discharged,95,60.3,0.0
MV05869,DR04611,PR00002,SR07649,CONT08345,Import,In Yard,56,31.2,0.0
MV05870,DR07801,PR00007,SR07811,CONT03777,Export,Gate Out,128,40.6,0.0
MV05871,DR07388,PR00002,SR08147,CONT05760,Import,In Yard,42,43.5,0.0
MV05872,DR09016,PR00002,SR02719,CONT01846,Import,Discharged,93,43.9,0.0
MV05873,DR09757,PR00003,SR06433,CONT03558,Export,Gate Out,93,46.4,0.0
MV05874,DR08615,PR00002,SR07549,CONT00090,Import,Customs Hold,67,50.5,14.1
MV05875,DR03543,PR00004,SR02523,CONT00744,Export,Gate Out,75,29.5,0.0
MV05876,DR01795,PR00003,SR03624,CONT05519,Export,Gate Out,77,30.8,0.0
MV05877,DR05246,PR00006,SR01323,CONT07812,Export,In Yard,88,64.7,0.0
MV05878,DR04508,PR00007,SR04447,CONT06287,Export,Gate Out,132,58.7,0.0
MV05879,DR04587,PR00005,SR03764,CONT05495,Import,Gate Out,92,44.1,0.0
MV05880,DR00062,PR00002,SR08952,CONT01618,Import,Loaded,45,16.6,0.0
MV05881,DR08960,PR00003,SR00884,CONT02068,Import,Customs Hold,63,22.8,13.4
MV05882,DR03790,PR00002,SR01673,CONT00903,Export,In Yard,100,31.1,0.0
MV05883,DR05500,PR00006,SR08517,CONT03936,Import,Loaded,88,34.2,0.0
MV05884,DR05347,PR00001,SR06071,CONT09856,Import,Gate Out,78,44.0,0.0
MV05885,DR09546,PR00004,SR00103,CONT03761,Export,Gate Out,60,22.7,0.0
MV05886,DR07349,PR00002,SR07950,CONT01261,Export,Gate Out,85,36.6,1.1
MV05887,DR02177,PR00003,SR04059,CONT09653,Transshipment,Discharged,49,20.6,0.0
MV05888,DR02763,PR00002,SR02310,CONT01356,Import,In Yard,52,40.0,0.0
MV05889,DR02973,PR00003,SR00400,CONT00150,Export,Discharged,53,70.0,0.0
MV05890,DR04074,PR00005,SR04008,CONT02702,Export,Gate Out,97,61.5,0.0
MV05891,DR05006,PR00004,SR02218,CONT04263,Export,In Yard,87,54.0,0.0
MV05892,DR08661,PR00002,SR03072,CONT05027,Import,Gate Out,73,34.7,0.0
MV05893,DR02291,PR00001,SR07907,CONT04966,Import,Loaded,96,26.0,0.0
MV05894,DR06564,PR00006,SR07545,CONT00072,Import,Discharged,60,42.4,0.0
MV05895,DR03835,PR00003,SR05311,CONT02209,Export,In Yard,80,26.8,0.0
MV05896,DR05632,PR00004,SR06143,CONT00825,Import,Loaded,91,52.9,0.0
MV05897,DR00974,PR00003,SR02154,CONT03800,Import,Gate Out,55,36.4,0.0
MV05898,DR04969,PR00004,SR04823,CONT08098,Import,Loaded,58,40.1,5.3
MV05899,DR06523,PR00004,SR07712,CONT09694,Export,Loaded,113,22.9,0.0
MV05900,DR05123,PR00001,SR08540,CONT09251,Import,Loaded,71,44.6,0.0
MV05901,DR00230,PR00003,SR03298,CONT04881,Import,Discharged,90,45.9,0.0
MV05902,DR03012,PR00003,SR03108,CONT09758,Export,Loaded,83,28.6,0.0
MV05903,DR03329,PR00001,SR00264,CONT06102,Export,Gate Out,68,40.9,0.0
MV05904,DR00647,PR00005,SR02079,CONT04042,Export,In Yard,42,34.8,0.0
MV05905,DR03634,PR00002,SR05746,CONT05560,Export,Discharged,111,45.3,0.0
MV05906,DR05793,PR00001,SR07844,CONT06294,Import,Discharged,48,44.0,0.0
MV05907,DR04024,PR00006,SR04878,CONT02862,Import,Discharged,101,37.4,0.0
MV05908,DR08739,PR00006,SR03253,CONT00482,Import,In Yard,99,48.9,0.0
MV05909,DR05170,PR00002,SR01663,CONT02826,Import,In Yard,104,38.6,0.0
MV05910,DR09974,PR00005,SR04059,CONT06540,Import,Discharged,102,68.2,0.0
MV05911,DR07514,PR00001,SR05901,CONT03193,Export,Loaded,73,54.9,0.0
MV05912,DR00955,PR00005,SR05521,CONT06976,Import,Loaded,90,39.5,0.0
MV05913,DR06108,PR00003,SR03227,CONT04465,Export,Discharged,99,31.5,0.0
MV05914,DR02029,PR00006,SR09839,CONT05634,Import,Loaded,79,45.4,0.0
MV05915,DR03725,PR00003,SR01315,CONT09151,Transshipment,In Yard,70,26.4,0.0
MV05916,DR07048,PR00002,SR03470,CONT03000,Export,Loaded,79,26.8,0.0
MV05917,DR08759,PR00006,SR01747,CONT03870,Import,Loaded,68,45.4,0.0
MV05918,DR05566,PR00001,SR06370,CONT07733,Import,Discharged,86,15.0,0.0
MV05919,DR04890,PR00001,SR00138,CONT00817,Transshipment,Loaded,57,31.1,0.0
MV05920,DR08699,PR00003,SR09140,CONT09022,Transshipment,In Yard,90,42.7,0.0
MV05921,DR06758,PR00004,SR06112,CONT00623,Import,In Yard,55,74.3,0.0
MV05922,DR03600,PR00001,SR02773,CONT02294,Import,In Yard,15,27.6,0.0
MV05923,DR02098,PR00004,SR07891,CONT01144,Transshipment,Customs Hold,109,59.1,11.7
MV05924,DR05763,PR00003,SR07907,CONT06376,Export,Gate Out,100,42.4,0.0
MV05925,DR00040,PR00004,SR04312,CONT05276,Export,Gate Out,68,46.2,0.0
MV05926,DR09080,PR00007,SR07376,CONT02554,Import,In Yard,80,38.9,0.0
MV05927,DR09183,PR00003,SR05914,CONT03756,Export,Loaded,91,18.9,0.0
MV05928,DR06672,PR00004,SR07763,CONT03149,Export,In Yard,133,66.4,0.0
MV05929,DR02794,PR00003,SR07455,CONT03724,Export,Discharged,110,31.7,0.0
MV05930,DR02215,PR00001,SR08131,CONT02943,Export,Discharged,70,59.3,0.0
MV05931,DR06600,PR00006,SR06217,CONT05057,Import,Loaded,92,44.7,0.0
MV05932,DR07748,PR00006,SR04431,CONT04068,Import,Discharged,113,40.7,0.0
MV05933,DR06374,PR00006,SR02784,CONT04296,Export,Discharged,114,46.8,0.0
MV05934,DR01465,PR00007,SR01348,CONT03202,Export,Customs Hold,109,71.8,14.4
MV05935,DR09391,PR00003,SR01439,CONT05564,Transshipment,Customs Hold,83,31.9,4.8
MV05936,DR01062,PR00004,SR05176,CONT02932,Export,Discharged,58,35.5,0.0
MV05937,DR00382,PR00001,SR08387,CONT02609,Import,Loaded,54,50.7,0.0
MV05938,DR03397,PR00007,SR01801,CONT06075,Import,In Yard,68,49.2,0.0
MV05939,DR02211,PR00004,SR01690,CONT05086,Export,Discharged,100,73.5,0.0
MV05940,DR04911,PR00002,SR01457,CONT08645,Import,Gate Out,44,54.6,0.0
MV05941,DR05965,PR00006,SR07462,CONT01160,Export,Gate Out,94,40.4,0.0
MV05942,DR06868,PR00004,SR04781,CONT00679,Import,In Yard,63,55.4,0.0
MV05943,DR02172,PR00007,SR00748,CONT05698,Import,Loaded,78,22.0,0.0
MV05944,DR07889,PR00005,SR02672,CONT02929,Import,Discharged,106,54.0,2.2
MV05945,DR02306,PR00006,SR02164,CONT09566,Export,In Yard,92,33.0,0.0
MV05946,DR06416,PR00004,SR03925,CONT03434,Import,Gate Out,106,56.2,0.0
MV05947,DR06500,PR00003,SR09752,CONT03457,Export,In Yard,121,70.5,0.0
MV05948,DR07494,PR00005,SR01934,CONT05952,Import,Discharged,118,28.3,0.0
MV05949,DR07059,PR00001,SR05416,CONT07381,Transshipment,In Yard,92,56.0,4.5
MV05950,DR09986,PR00001,SR08515,CONT00929,Export,Discharged,46,44.9,0.0
MV05951,DR02041,PR00007,SR04982,CONT09710,Export,In Yard,108,63.6,0.0
MV05952,DR00273,PR00007,SR07287,CONT00511,Export,Discharged,80,30.3,0.0
MV05953,DR00245,PR00007,SR03044,CONT06847,Export,In Yard,108,53.8,0.0
MV05954,DR08612,PR00001,SR06334,CONT01588,Export,Discharged,56,29.5,0.0
MV05955,DR08173,PR00002,SR00776,CONT09516,Import,Gate Out,86,51.1,0.0
MV05956,DR05561,PR00007,SR01019,CONT02857,Import,Loaded,112,32.0,0.0
MV05957,DR08727,PR00001,SR00475,CONT09555,Export,In Yard,16,30.3,0.0
MV05958,DR03900,PR00003,SR03152,CONT02961,Export,Customs Hold,93,47.2,12.9
MV05959,DR03125,PR00002,SR03410,CONT03866,Export,Gate Out,68,26.0,0.0
MV05960,DR01712,PR00006,SR06304,CONT03448,Export,In Yard,101,46.3,0.0
MV05961,DR03951,PR00003,SR08351,CONT05610,Import,Loaded,87,31.2,0.0
MV05962,DR09911,PR00002,SR02025,CONT09664,Import,Discharged,82,40.8,0.0
MV05963,DR08334,PR00003,SR05530,CONT04242,Export,Gate Out,62,35.2,0.0
MV05964,DR06103,PR00001,SR08359,CONT02247,Export,Gate Out,72,24.5,0.0
MV05965,DR07000,PR00005,SR06876,CONT09036,Export,In Yard,89,33.8,0.0
MV05966,DR06212,PR00004,SR08754,CONT04228,Export,In Yard,102,50.6,0.0
MV05967,DR01135,PR00004,SR04553,CONT08956,Import,In Yard,86,36.7,0.0
MV05968,DR01546,PR00003,SR05584,CONT06153,Import,Loaded,87,44.4,0.0
MV05969,DR00176,PR00002,SR00985,CONT09817,Import,Discharged,63,47.9,0.0
MV05970,DR08219,PR00001,SR01324,CONT03949,Import,In Yard,77,40.0,0.0
MV05971,DR06109,PR00007,SR02010,CONT01616,Export,In Yard,79,40.1,0.0
MV05972,DR04896,PR00003,SR02194,CONT04223,Export,In Yard,78,52.9,0.0
MV05973,DR03206,PR00003,SR04527,CONT03535,Export,In Yard,73,49.5,0.0
MV05974,DR01133,PR00003,SR00208,CONT04197,Export,Gate Out,80,57.4,0.0
MV05975,DR01055,PR00007,SR07254,CONT01036,Import,Gate Out,110,55.7,0.0
MV05976,DR00690,PR00006,SR02855,CONT09551,Export,Customs Hold,64,23.0,16.8
MV05977,DR08836,PR00001,SR03831,CONT09485,Import,Loaded,59,57.8,0.0
MV05978,DR09822,PR00004,SR08107,CONT01097,Import,Discharged,97,47.3,0.0
MV05979,DR00867,PR00003,SR07506,CONT01950,Export,Discharged,129,51.1,2.6
MV05980,DR00140,PR00006,SR03014,CONT03571,Import,Discharged,84,34.3,0.0
MV05981,DR00142,PR00007,SR01286,CONT06973,Import,Loaded,132,50.2,0.0
MV05982,DR08704,PR00005,SR08143,CONT07607,Export,In Yard,113,61.3,0.0
MV05983,DR09948,PR00006,SR08417,CONT04088,Export,Discharged,112,59.7,0.0
MV05984,DR01256,PR00003,SR08612,CONT09626,Import,Customs Hold,42,37.0,15.6
MV05985,DR08393,PR00003,SR02648,CONT01338,Export,Loaded,78,62.9,0.0
MV05986,DR06935,PR00004,SR08566,CONT02656,Import,Discharged,58,29.4,0.0
MV05987,DR06050,PR00005,SR07680,CONT05010,Export,Discharged,126,20.1,0.0
MV05988,DR02158,PR00002,SR08315,CONT05511,Export,Customs Hold,47,12.4,14.4
MV05989,DR06572,PR00003,SR00511,CONT03407,Export,In Yard,41,49.3,0.0
MV05990,DR05374,PR00001,SR01955,CONT00997,Export,Gate Out,40,35.0,1.3
MV05991,DR04278,PR00002,SR02388,CONT00910,Import,Gate Out,53,37.7,0.0
MV05992,DR00314,PR00006,SR06133,CONT08626,Import,In Yard,86,59.7,0.0
MV05993,DR02517,PR00001,SR00742,CONT07034,Export,Customs Hold,110,48.3,17.4
MV05994,DR08445,PR00006,SR04248,CONT03182,Import,In Yard,93,38.1,4.2
MV05995,DR03423,PR00003,SR00258,CONT00721,Import,Loaded,89,60.1,0.0
MV05996,DR02555,PR00004,SR02246,CONT03921,Export,Discharged,77,38.7,0.0
MV05997,DR09087,PR00007,SR08651,CONT07542,Import,In Yard,78,46.2,5.1
MV05998,DR07795,PR00006,SR09199,CONT00447,Export,Loaded,108,42.2,0.0
MV05999,DR09401,PR00006,SR06186,CONT04912,Export,Discharged,124,35.0,0.0
MV06000,DR08753,PR00002,SR09638,CONT06421,Export,Customs Hold,80,44.5,9.5
MV06001,DR00682,PR00003,SR06979,CONT07947,Export,Customs Hold,48,20.3,9.7
MV06002,DR04725,PR00005,SR03764,CONT00684,Export,In Yard,89,42.9,0.0
MV06003,DR01740,PR00005,SR04667,CONT03665,Export,Gate Out,74,60.6,0.0
MV06004,DR09622,PR00006,SR08413,CONT04598,Export,Loaded,95,59.3,0.0
MV06005,DR05470,PR00005,SR07607,CONT07707,Export,Loaded,127,54.6,0.0
MV06006,DR06446,PR00002,SR09932,CONT06673,Export,In Yard,52,31.2,0.0
MV06007,DR08703,PR00002,SR05333,CONT05740,Export,In Yard,78,38.7,0.0
MV06008,DR02008,PR00007,SR09472,CONT08470,Export,Gate Out,108,38.7,0.0
MV06009,DR02706,PR00004,SR08252,CONT02256,Transshipment,Loaded,80,69.2,0.0
MV06010,DR04361,PR00005,SR02589,CONT07089,Export,Discharged,54,37.8,0.0
MV06011,DR07192,PR00004,SR09327,CONT09723,Transshipment,Discharged,117,38.3,0.0
MV06012,DR02884,PR00007,SR00224,CONT01950,Import,Loaded,122,48.2,0.0
MV06013,DR02612,PR00006,SR08197,CONT07088,Import,Discharged,115,37.3,0.0
MV06014,DR07398,PR00002,SR01886,CONT04659,Import,Gate Out,74,46.6,3.8
MV06015,DR00599,PR00006,SR04027,CONT02944,Export,In Yard,81,67.2,1.6
MV06016,DR08161,PR00002,SR01755,CONT02116,Import,In Yard,78,39.6,0.0
MV06017,DR08568,PR00003,SR00037,CONT07926,Import,Gate Out,44,29.0,0.0
MV06018,DR01121,PR00006,SR02685,CONT04574,Import,Loaded,108,49.4,0.0
MV06019,DR06211,PR00002,SR04911,CONT09591,Export,Gate Out,88,27.0,0.0
MV06020,DR02108,PR00002,SR03760,CONT00898,Import,In Yard,85,76.9,0.0
MV06021,DR02029,PR00004,SR01449,CONT00651,Export,Loaded,89,71.9,0.0
MV06022,DR00408,PR00007,SR08078,CONT09115,Export,Gate Out,117,65.2,0.0
MV06023,DR07055,PR00001,SR07445,CONT09413,Export,In Yard,98,55.8,0.0
MV06024,DR06944,PR00005,SR03469,CONT08338,Export,Gate Out,126,45.8,0.0
MV06025,DR02621,PR00003,SR05247,CONT02024,Import,Gate Out,116,47.1,0.0
MV06026,DR06330,PR00003,SR09016,CONT05138,Transshipment,Loaded,108,46.1,0.0
MV06027,DR00119,PR00005,SR04766,CONT01633,Export,Discharged,60,74.9,0.0
MV06028,DR02348,PR00004,SR06812,CONT05503,Import,In Yard,47,38.0,0.0
MV06029,DR03560,PR00006,SR01258,CONT03360,Import,Gate Out,134,44.2,0.0
MV06030,DR06406,PR00005,SR00850,CONT05306,Export,In Yard,90,40.6,0.0
MV06031,DR06658,PR00007,SR04661,CONT06726,Export,Loaded,103,59.7,0.0
MV06032,DR04374,PR00006,SR09846,CONT06661,Export,Discharged,69,5.0,0.0
MV06033,DR03330,PR00001,SR02051,CONT00373,Export,Discharged,101,51.1,0.0
MV06034,DR06971,PR00005,SR02776,CONT07415,Transshipment,In Yard,71,14.9,0.0
MV06035,DR04523,PR00004,SR07400,CONT06655,Export,In Yard,77,63.6,0.0
MV06036,DR08176,PR00001,SR07038,CONT08018,Import,Gate Out,87,17.6,0.0
MV06037,DR05178,PR00004,SR01707,CONT03940,Import,Loaded,105,36.1,0.0
MV06038,DR01829,PR00005,SR07952,CONT02925,Import,Discharged,74,19.1,0.0
MV06039,DR08306,PR00001,SR04461,CONT09547,Import,Loaded,98,61.4,0.0
MV06040,DR06513,PR00003,SR03746,CONT03631,Import,Loaded,87,38.8,0.0
MV06041,DR08121,PR00004,SR03080,CONT05598,Import,Loaded,57,69.4,0.0
MV06042,DR05946,PR00003,SR08857,CONT08396,Export,In Yard,80,74.8,0.0
MV06043,DR08378,PR00006,SR06353,CONT02824,Import,Discharged,116,67.7,0.0
MV06044,DR04009,PR00001,SR08099,CONT01202,Export,Gate Out,68,21.8,0.0
MV06045,DR03108,PR00005,SR09298,CONT08439,Transshipment,Loaded,90,52.2,0.0
MV06046,DR03593,PR00005,SR07701,CONT04701,Import,Loaded,99,65.8,2.3
MV06047,DR08068,PR00003,SR02120,CONT03990,Import,In Yard,102,50.1,5.3
MV06048,DR09676,PR00003,SR08842,CONT02346,Export,Gate Out,75,32.2,0.0
MV06049,DR02924,PR00001,SR03611,CONT08431,Export,Gate Out,77,44.6,0.0
MV06050,DR00490,PR00001,SR03463,CONT03449,Export,Loaded,14,39.8,0.0
MV06051,DR00508,PR00003,SR08056,CONT02625,Import,Customs Hold,106,25.8,14.2
MV06052,DR06619,PR00002,SR07296,CONT04113,Export,Gate Out,43,28.1,0.0
MV06053,DR05956,PR00006,SR07104,CONT02048,Export,Discharged,97,56.0,0.0
MV06054,DR08702,PR00004,SR04906,CONT07140,Import,Gate Out,76,53.9,0.0
MV06055,DR09548,PR00001,SR03738,CONT06036,Export,In Yard,95,37.2,2.3
MV06056,DR09193,PR00002,SR06920,CONT01211,Export,Loaded,116,36.2,0.0
MV06057,DR07655,PR00006,SR07794,CONT07320,Import,Discharged,69,41.0,0.0
MV06058,DR07131,PR00002,SR07382,CONT03646,Transshipment,Loaded,41,27.7,0.0
MV06059,DR05859,PR00005,SR09561,CONT09957,Import,In Yard,86,50.6,0.0
MV06060,DR04015,PR00001,SR06345,CONT05680,Export,Gate Out,74,49.1,0.0
MV06061,DR00613,PR00007,SR06912,CONT06919,Export,Gate Out,77,78.6,0.0
MV06062,DR00550,PR00003,SR08463,CONT08094,Import,Gate Out,41,21.3,0.0
MV06063,DR00720,PR00003,SR00907,CONT05582,Export,Gate Out,66,57.5,0.0
MV06064,DR06595,PR00004,SR02412,CONT06498,Import,Loaded,86,47.5,0.0
MV06065,DR06595,PR00003,SR08945,CONT07372,Import,Gate Out,95,26.2,0.0
MV06066,DR07668,PR00005,SR00290,CONT05481,Import,Discharged,58,38.7,0.0
MV06067,DR04402,PR00001,SR06390,CONT08041,Export,Loaded,91,43.6,0.0
MV06068,DR03113,PR00001,SR06621,CONT02793,Transshipment,Loaded,52,34.0,0.0
MV06069,DR06822,PR00001,SR06128,CONT09683,Import,Discharged,87,55.6,0.0
MV06070,DR04551,PR00004,SR00655,CONT09759,Export,In Yard,69,64.2,0.0
MV06071,DR09274,PR00006,SR08089,CONT03914,Transshipment,In Yard,75,68.3,0.0
MV06072,DR01600,PR00001,SR02549,CONT07333,Export,In Yard,86,44.8,0.0
MV06073,DR00414,PR00006,SR05870,CONT04351,Import,Gate Out,98,55.7,2.8
MV06074,DR01802,PR00006,SR01740,CONT01072,Import,Gate Out,94,80.5,0.0
MV06075,DR07388,PR00001,SR00226,CONT07024,Import,Customs Hold,83,30.2,10.7
MV06076,DR07775,PR00001,SR03465,CONT02193,Import,In Yard,104,58.1,0.0
MV06077,DR02737,PR00002,SR01417,CONT00915,Export,In Yard,108,30.6,0.0
MV06078,DR02538,PR00001,SR09898,CONT06373,Export,Gate Out,57,14.2,0.0
MV06079,DR03339,PR00005,SR09101,CONT03452,Export,In Yard,79,56.2,0.0
MV06080,DR06201,PR00003,SR06922,CONT05514,Import,Gate Out,79,27.5,0.0
MV06081,DR02549,PR00003,SR03879,CONT03755,Export,Gate Out,58,35.9,0.0
MV06082,DR03374,PR00005,SR00363,CONT05765,Export,Discharged,109,69.9,0.0
MV06083,DR03135,PR00002,SR04973,CONT00313,Export,Loaded,80,29.6,3.7
MV06084,DR04844,PR00006,SR09751,CONT03844,Import,Loaded,79,70.9,0.0
MV06085,DR01155,PR00004,SR05944,CONT06776,Import,Customs Hold,94,13.2,13.2
MV06086,DR05992,PR00002,SR09562,CONT09456,Import,Gate Out,65,49.1,0.0
MV06087,DR09825,PR00003,SR06445,CONT06227,Import,Loaded,55,31.0,0.0
MV06088,DR07864,PR00002,SR07142,CONT01741,Export,Discharged,95,43.0,0.0
MV06089,DR06253,PR00007,SR00530,CONT03311,Export,Gate Out,101,49.8,0.0
MV06090,DR03101,PR00003,SR07811,CONT02019,Import,In Yard,107,45.3,0.0
MV06091,DR08024,PR00006,SR03838,CONT01380,Export,Customs Hold,87,40.2,11.7
MV06092,DR01579,PR00007,SR01687,CONT03283,Export,Gate Out,103,34.1,0.0
MV06093,DR00795,PR00003,SR05708,CONT02482,Export,In Yard,81,61.4,0.0
MV06094,DR03979,PR00005,SR05358,CONT08221,Export,In Yard,94,32.0,0.0
MV06095,DR05598,PR00004,SR03828,CONT01669,Export,In Yard,67,22.5,3.9
MV06096,DR07460,PR00001,SR04577,CONT09286,Export,In Yard,73,40.7,0.0
MV06097,DR06737,PR00007,SR03233,CONT07432,Import,Gate Out,121,41.9,0.0
MV06098,DR01526,PR00003,SR06597,CONT03283,Export,In Yard,129,59.9,0.0
MV06099,DR06461,PR00006,SR00814,CONT06869,Import,Loaded,74,38.6,0.0
MV06100,DR00387,PR00004,SR07342,CONT02121,Export,Gate Out,43,38.5,0.0
MV06101,DR02955,PR00001,SR05436,CONT08549,Transshipment,Loaded,31,35.5,0.0
MV06102,DR01937,PR00003,SR02573,CONT07136,Import,Discharged,75,51.7,0.0
MV06103,DR07094,PR00001,SR03677,CONT07120,Import,Gate Out,80,31.1,0.0
MV06104,DR09890,PR00001,SR02840,CONT07913,Import,Gate Out,97,22.3,0.0
MV06105,DR00301,PR00005,SR08216,CONT01250,Transshipment,In Yard,83,31.5,0.0
MV06106,DR02593,PR00001,SR08745,CONT06832,Import,Loaded,52,50.8,0.0
MV06107,DR06995,PR00007,SR06497,CONT01355,Export,Gate Out,37,47.5,0.0
MV06108,DR07245,PR00003,SR02757,CONT00944,Import,Loaded,66,36.2,0.0
MV06109,DR02877,PR00003,SR09017,CONT07436,Import,Gate Out,119,45.8,0.0
MV06110,DR09974,PR00002,SR03538,CONT04077,Import,Loaded,70,34.0,0.0
MV06111,DR00770,PR00001,SR04157,CONT01802,Export,Gate Out,84,50.2,0.0
MV06112,DR04232,PR00004,SR07069,CONT06456,Import,Loaded,87,44.9,5.8
MV06113,DR00356,PR00002,SR06125,CONT01157,Transshipment,Loaded,78,41.9,0.0
MV06114,DR03005,PR00004,SR07166,CONT00111,Export,In Yard,68,50.4,0.0
MV06115,DR03390,PR00004,SR00201,CONT08869,Transshipment,Gate Out,80,55.8,0.0
MV06116,DR05397,PR00002,SR03788,CONT00072,Import,Loaded,62,29.5,0.0
MV06117,DR06323,PR00003,SR01707,CONT05121,Export,In Yard,103,35.3,0.0
MV06118,DR09075,PR00002,SR09728,CONT04513,Import,Customs Hold,95,70.7,10.9
MV06119,DR07754,PR00002,SR00533,CONT08779,Import,Gate Out,51,43.6,0.0
MV06120,DR02797,PR00005,SR03482,CONT00656,Export,Gate Out,57,67.7,2.7
MV06121,DR06454,PR00001,SR09614,CONT03081,Import,Loaded,65,47.6,0.0
MV06122,DR07478,PR00002,SR02622,CONT08833,Transshipment,Loaded,60,45.5,0.0
MV06123,DR00928,PR00003,SR08297,CONT02971,Import,Loaded,106,21.2,0.0
MV06124,DR03963,PR00003,SR00780,CONT04274,Import,Discharged,88,33.1,0.0
MV06125,DR07843,PR00007,SR08128,CONT00941,Export,Loaded,81,53.5,0.0
MV06126,DR03917,PR00006,SR03897,CONT06768,Export,Loaded,120,37.7,0.0
MV06127,DR08815,PR00005,SR07064,CONT08884,Import,Loaded,87,44.1,0.0
MV06128,DR01427,PR00003,SR06245,CONT09914,Transshipment,Customs Hold,73,60.8,12.8
MV06129,DR00436,PR00003,SR06783,CONT03740,Import,In Yard,110,50.8,0.0
MV06130,DR05604,PR00001,SR00895,CONT01144,Export,Customs Hold,69,43.2,17.7
MV06131,DR08137,PR00006,SR03418,CONT05208,Import,In Yard,74,59.5,0.0
MV06132,DR00644,PR00003,SR00012,CONT08301,Import,Customs Hold,79,56.3,15.2
MV06133,DR05093,PR00002,SR09254,CONT04499,Export,Discharged,49,34.8,2.4
MV06134,DR06514,PR00004,SR03902,CONT01397,Export,In Yard,94,65.1,0.0
MV06135,DR07702,PR00005,SR09209,CONT05746,Export,Discharged,83,37.5,0.0
MV06136,DR08845,PR00003,SR04874,CONT09440,Import,Discharged,99,49.9,0.0
MV06137,DR00402,PR00001,SR08143,CONT05745,Import,Loaded,58,41.4,0.0
MV06138,DR02854,PR00007,SR02720,CONT07132,Transshipment,Gate Out,68,41.6,0.0
MV06139,DR09957,PR00001,SR04145,CONT04090,Import,Gate Out,75,33.1,0.0
MV06140,DR04630,PR00007,SR00737,CONT02456,Export,Discharged,82,36.4,0.0
MV06141,DR05714,PR00003,SR08849,CONT06449,Import,Gate Out,63,36.5,0.0
MV06142,DR04060,PR00007,SR07241,CONT01671,Import,Gate Out,112,30.1,0.0
MV06143,DR07359,PR00007,SR03854,CONT03533,Import,In Yard,105,53.3,0.0
MV06144,DR07272,PR00003,SR03332,CONT05766,Import,Discharged,43,39.8,0.0
MV06145,DR03930,PR00006,SR06553,CONT06383,Export,Loaded,74,61.2,0.0
MV06146,DR08187,PR00001,SR02296,CONT02925,Import,Gate Out,79,24.7,0.0
MV06147,DR04617,PR00001,SR06566,CONT03807,Export,Loaded,127,50.4,0.0
MV06148,DR03672,PR00002,SR03928,CONT09830,Import,Customs Hold,54,44.9,15.1
MV06149,DR09041,PR00004,SR05143,CONT07648,Import,Customs Hold,79,40.2,17.0
MV06150,DR06831,PR00001,SR04015,CONT07585,Import,Loaded,12,39.8,1.6
MV06151,DR06348,PR00003,SR03592,CONT09300,Import,Customs Hold,96,48.5,15.5
MV06152,DR00640,PR00007,SR03310,CONT08740,Import,Discharged,95,21.2,1.4
MV06153,DR09803,PR00006,SR02909,CONT08648,Import,Loaded,63,29.5,0.0
MV06154,DR05800,PR00002,SR07494,CONT00643,Import,In Yard,80,69.4,0.0
MV06155,DR06069,PR00003,SR02315,CONT07935,Import,Loaded,66,55.5,0.0
MV06156,DR04967,PR00001,SR07108,CONT07730,Import,Loaded,147,36.2,2.7
MV06157,DR04721,PR00002,SR07258,CONT07994,Import,Customs Hold,89,52.3,14.8
MV06158,DR00440,PR00007,SR00360,CONT00811,Import,In Yard,119,62.2,0.0
MV06159,DR07620,PR00007,SR06817,CONT07177,Import,Gate Out,142,75.0,5.6
MV06160,DR08621,PR00002,SR03511,CONT04317,Import,Loaded,105,42.4,0.0
MV06161,DR04038,PR00002,SR06662,CONT04259,Export,Loaded,78,39.8,0.0
MV06162,DR04362,PR00003,SR05706,CONT03690,Import,Gate Out,84,36.5,0.0
MV06163,DR01264,PR00003,SR02090,CONT02570,Transshipment,In Yard,42,33.6,1.1
MV06164,DR08203,PR00001,SR08335,CONT08293,Import,Discharged,63,30.1,0.0
MV06165,DR07098,PR00001,SR09337,CONT00190,Import,Loaded,127,48.4,0.0
MV06166,DR04347,PR00003,SR03175,CONT09567,Export,Gate Out,43,33.5,0.0
MV06167,DR09741,PR00002,SR04089,CONT07904,Import,Gate Out,78,44.7,0.0
MV06168,DR03258,PR00006,SR00277,CONT04688,Import,Gate Out,131,73.8,0.0
MV06169,DR01054,PR00005,SR00256,CONT03733,Export,Gate Out,64,27.5,0.0
MV06170,DR04597,PR00003,SR08467,CONT02527,Export,In Yard,66,47.4,0.0
MV06171,DR07831,PR00003,SR08992,CONT09975,Export,Customs Hold,75,24.2,5.7
MV06172,DR03180,PR00006,SR07159,CONT06569,Import,Gate Out,97,63.6,0.0
MV06173,DR08757,PR00001,SR08551,CONT02205,Import,Customs Hold,27,54.5,5.0
MV06174,DR01474,PR00006,SR05627,CONT05623,Import,Loaded,60,34.2,0.0
MV06175,DR04684,PR00001,SR03144,CONT06404,Export,Loaded,92,25.0,0.0
MV06176,DR05589,PR00007,SR05871,CONT07967,Import,In Yard,79,51.7,0.0
MV06177,DR09060,PR00001,SR03884,CONT04392,Export,In Yard,116,40.4,0.0
MV06178,DR00472,PR00006,SR07536,CONT02436,Transshipment,Loaded,93,71.9,0.0
MV06179,DR09744,PR00001,SR02048,CONT03304,Transshipment,Loaded,68,22.4,0.0
MV06180,DR00151,PR00006,SR05275,CONT05389,Import,Loaded,102,65.5,0.0
MV06181,DR04258,PR00004,SR08610,CONT04449,Export,Loaded,75,73.6,0.0
MV06182,DR04844,PR00001,SR06190,CONT04829,Export,Loaded,73,43.1,0.0
MV06183,DR05773,PR00005,SR00945,CONT09960,Export,Customs Hold,68,37.7,20.2
MV06184,DR06822,PR00001,SR09955,CONT02290,Transshipment,Discharged,105,31.9,0.0
MV06185,DR02326,PR00003,SR05303,CONT04445,Export,In Yard,111,46.9,0.0
MV06186,DR08903,PR00002,SR02228,CONT05324,Export,Loaded,76,50.3,0.0
MV06187,DR04776,PR00005,SR07582,CONT01667,Import,In Yard,83,24.6,0.0
MV06188,DR02752,PR00006,SR06326,CONT08578,Export,Customs Hold,100,47.5,12.6
MV06189,DR08815,PR00003,SR01399,CONT05979,Export,Discharged,51,44.7,0.0
MV06190,DR05449,PR00005,SR07879,CONT06825,Export,Loaded,63,64.2,0.0
MV06191,DR02944,PR00007,SR04421,CONT04537,Export,Loaded,91,73.2,0.0
MV06192,DR09201,PR00005,SR01477,CONT08024,Import,In Yard,82,44.3,0.0
MV06193,DR03173,PR00002,SR01459,CONT08492,Export,In Yard,70,21.1,0.0
MV06194,DR00922,PR00003,SR09209,CONT05545,Transshipment,Loaded,71,38.8,0.0
MV06195,DR04863,PR00002,SR03117,CONT07994,Import,Gate Out,76,45.8,0.0
MV06196,DR03178,PR00003,SR02920,CONT09089,Export,Loaded,51,54.4,0.0
MV06197,DR02342,PR00002,SR06998,CONT03770,Export,Loaded,93,35.7,0.0
MV06198,DR01742,PR00006,SR07699,CONT03908,Import,Gate Out,108,38.6,0.0
MV06199,DR07230,PR00004,SR00966,CONT04871,Import,Customs Hold,60,40.3,14.5
MV06200,DR06249,PR00004,SR06243,CONT05945,Export,Loaded,57,38.1,0.0
MV06201,DR03004,PR00001,SR05632,CONT04851,Export,Customs Hold,85,41.2,24.6
MV06202,DR09856,PR00001,SR05497,CONT05840,Import,In Yard,62,22.7,0.0
MV06203,DR09379,PR00006,SR00912,CONT00256,Transshipment,In Yard,135,35.2,0.0
MV06204,DR06543,PR00004,SR09272,CONT01559,Export,Loaded,67,48.4,0.0
MV06205,DR02038,PR00007,SR09722,CONT09780,Import,Loaded,100,58.4,0.0
MV06206,DR08849,PR00003,SR04263,CONT08251,Import,Loaded,114,30.6,0.0
MV06207,DR08508,PR00002,SR06626,CONT09287,Import,Gate Out,51,46.2,0.0
MV06208,DR07018,PR00005,SR04614,CONT09046,Import,Discharged,88,26.0,0.0
MV06209,DR07805,PR00005,SR04018,CONT04133,Import,Loaded,67,36.7,5.2
MV06210,DR06280,PR00001,SR05315,CONT05135,Import,In Yard,61,40.8,0.0
MV06211,DR06486,PR00005,SR05154,CONT05638,Transshipment,In Yard,111,60.4,0.0
MV06212,DR03346,PR00002,SR08991,CONT04766,Export,In Yard,63,38.3,0.0
MV06213,DR07940,PR00002,SR05302,CONT08616,Export,Discharged,83,54.1,0.0
MV06214,DR07166,PR00001,SR09836,CONT05600,Export,Loaded,97,37.5,5.4
MV06215,DR09863,PR00004,SR02907,CONT01361,Export,Gate Out,75,55.2,0.0
MV06216,DR01055,PR00005,SR09501,CONT08635,Export,Gate Out,75,65.9,0.0
MV06217,DR01936,PR00002,SR06742,CONT01897,Import,Discharged,67,26.5,0.0
MV06218,DR00249,PR00006,SR08491,CONT01313,Export,In Yard,107,53.5,0.0
MV06219,DR00511,PR00005,SR05266,CONT06016,Export,Loaded,87,55.0,0.0
MV06220,DR06815,PR00003,SR04822,CONT01493,Transshipment,Loaded,60,20.8,0.0
MV06221,DR02417,PR00001,SR01650,CONT04275,Import,Gate Out,76,49.6,0.0
MV06222,DR09080,PR00002,SR02829,CONT03115,Export,Gate Out,111,32.1,0.0
MV06223,DR05838,PR00001,SR00803,CONT02281,Export,Gate Out,87,27.0,0.0
MV06224,DR07118,PR00007,SR09470,CONT09976,Import,Loaded,82,37.5,0.0
MV06225,DR02049,PR00006,SR03126,CONT05198,Import,Loaded,104,47.1,0.0
MV06226,DR02238,PR00001,SR01482,CONT03650,Import,Gate Out,70,44.4,0.0
MV06227,DR08595,PR00003,SR07626,CONT05869,Import,Loaded,108,49.0,0.0
MV06228,DR08396,PR00002,SR00374,CONT06268,Import,Discharged,60,65.5,0.0
MV06229,DR01489,PR00001,SR07792,CONT04937,Import,Customs Hold,66,33.0,10.9
MV06230,DR05259,PR00002,SR05316,CONT08401,Export,Loaded,63,41.7,0.0
MV06231,DR04954,PR00001,SR07533,CONT08146,Export,Gate Out,106,38.0,0.0
MV06232,DR01683,PR00002,SR06020,CONT05581,Export,Loaded,94,28.9,0.0
MV06233,DR07561,PR00002,SR07931,CONT04945,Export,Discharged,81,64.2,0.0
MV06234,DR06235,PR00003,SR06804,CONT00865,Transshipment,Gate Out,84,44.6,0.0
MV06235,DR04487,PR00003,SR07839,CONT09163,Export,In Yard,62,26.8,0.0
MV06236,DR01208,PR00003,SR04085,CONT06739,Import,Gate Out,93,54.2,0.0
MV06237,DR08270,PR00003,SR03469,CONT04738,Export,Loaded,62,54.4,0.0
MV06238,DR02347,PR00003,SR08336,CONT04424,Import,In Yard,96,32.0,0.0
MV06239,DR08610,PR00003,SR03104,CONT09003,Export,Loaded,125,49.7,0.0
MV06240,DR07352,PR00007,SR06799,CONT05838,Import,In Yard,142,64.5,0.0
MV06241,DR00955,PR00001,SR01640,CONT02423,Transshipment,Loaded,98,46.1,0.0
MV06242,DR09652,PR00004,SR08458,CONT06901,Import,Discharged,73,47.7,0.0
MV06243,DR05477,PR00001,SR03160,CONT06624,Import,In Yard,92,36.6,0.0
MV06244,DR03511,PR00003,SR08600,CONT02248,Import,Discharged,66,22.6,0.0
MV06245,DR09008,PR00004,SR09418,CONT07840,Import,Loaded,83,37.2,0.0
MV06246,DR01956,PR00005,SR08880,CONT00643,Transshipment,Discharged,100,36.7,0.0
MV06247,DR06049,PR00007,SR06645,CONT02084,Export,Gate Out,126,51.6,1.9
MV06248,DR01511,PR00003,SR05939,CONT09238,Import,Gate Out,133,41.9,0.0
MV06249,DR06553,PR00002,SR04667,CONT00791,Export,Customs Hold,82,47.7,11.9
MV06250,DR05652,PR00006,SR00989,CONT07457,Import,In Yard,103,49.0,0.0
MV06251,DR09597,PR00002,SR06794,CONT04935,Import,Gate Out,96,58.0,0.0
MV06252,DR00117,PR00003,SR02092,CONT07031,Import,Discharged,48,47.0,0.0
MV06253,DR04665,PR00006,SR05388,CONT01553,Import,Loaded,115,39.5,0.0
MV06254,DR07241,PR00003,SR01879,CONT05618,Export,Loaded,101,61.3,0.0
MV06255,DR04581,PR00004,SR03977,CONT00870,Export,Discharged,116,41.1,0.0
MV06256,DR06012,PR00001,SR04872,CONT05189,Import,Discharged,86,27.4,4.7
MV06257,DR03765,PR00001,SR05261,CONT03497,Export,In Yard,73,47.7,0.0
MV06258,DR06895,PR00007,SR01617,CONT07645,Export,Customs Hold,104,41.3,12.9
MV06259,DR00391,PR00001,SR08283,CONT06154,Import,Discharged,79,45.3,0.0
MV06260,DR03588,PR00002,SR03107,CONT00358,Export,In Yard,12,18.8,0.0
MV06261,DR05957,PR00003,SR06449,CONT06574,Import,Loaded,76,38.2,0.0
MV06262,DR01061,PR00003,SR02246,CONT07388,Import,In Yard,90,43.5,0.0
MV06263,DR09404,PR00001,SR07077,CONT04779,Import,In Yard,77,34.9,0.0
MV06264,DR09657,PR00001,SR07861,CONT09336,Import,Loaded,87,37.3,0.0
MV06265,DR02822,PR00003,SR00812,CONT03674,Export,Discharged,51,37.5,0.0
MV06266,DR08343,PR00003,SR06741,CONT07960,Export,Gate Out,60,53.9,0.0
MV06267,DR08497,PR00006,SR00237,CONT04613,Import,Customs Hold,93,41.3,13.7
MV06268,DR05433,PR00002,SR08205,CONT09675,Transshipment,Gate Out,87,8.6,0.0
MV06269,DR07982,PR00007,SR04246,CONT06440,Import,In Yard,100,61.1,0.0
MV06270,DR01829,PR00002,SR00140,CONT04745,Import,Gate Out,35,26.9,5.1
MV06271,DR07169,PR00002,SR07320,CONT07486,Export,Gate Out,85,36.0,0.0
MV06272,DR09623,PR00007,SR07013,CONT08755,Export,Gate Out,129,47.9,0.0
MV06273,DR06157,PR00006,SR07462,CONT05858,Transshipment,Loaded,67,24.2,0.0
MV06274,DR03150,PR00002,SR00112,CONT06917,Import,Customs Hold,71,30.4,14.1
MV06275,DR04539,PR00003,SR09087,CONT06819,Import,In Yard,94,37.4,0.0
MV06276,DR08877,PR00006,SR03729,CONT08470,Export,In Yard,84,49.2,0.0
MV06277,DR04356,PR00001,SR07984,CONT02098,Export,Gate Out,46,26.9,0.0
MV06278,DR02181,PR00002,SR00012,CONT00532,Export,Discharged,96,7.8,5.9
MV06279,DR07210,PR00003,SR05906,CONT02696,Export,In Yard,84,27.6,0.0
MV06280,DR02869,PR00006,SR07749,CONT00014,Import,Loaded,100,66.0,0.0
MV06281,DR02160,PR00004,SR07087,CONT09671,Export,Discharged,87,31.6,0.0
MV06282,DR03357,PR00003,SR02375,CONT07767,Export,Discharged,84,52.1,0.0
MV06283,DR01930,PR00007,SR01221,CONT08854,Export,Loaded,104,43.7,0.0
MV06284,DR04093,PR00001,SR05907,CONT05429,Import,Discharged,48,44.6,0.0
MV06285,DR09410,PR00006,SR09983,CONT07944,Transshipment,Discharged,102,52.8,0.0
MV06286,DR09063,PR00001,SR00640,CONT00992,Export,Loaded,66,17.1,0.0
MV06287,DR03652,PR00005,SR09860,CONT03648,Import,Customs Hold,59,32.8,9.5
MV06288,DR09344,PR00004,SR00144,CONT01832,Import,Loaded,97,29.1,0.0
MV06289,DR01530,PR00002,SR03283,CONT09384,Export,Discharged,61,57.4,0.0
MV06290,DR00773,PR00004,SR09408,CONT01537,Transshipment,Loaded,71,26.1,0.0
MV06291,DR07768,PR00006,SR04807,CONT00708,Export,Gate Out,104,44.7,0.0
MV06292,DR08407,PR00003,SR09189,CONT02155,Export,Customs Hold,55,36.0,9.0
MV06293,DR01920,PR00001,SR04746,CONT03089,Import,Loaded,89,42.9,0.0
MV06294,DR03926,PR00001,SR02434,CONT09939,Import,Customs Hold,103,40.0,14.8
MV06295,DR04148,PR00004,SR07895,CONT09128,Export,Loaded,32,20.0,0.0
MV06296,DR06017,PR00005,SR09548,CONT05366,Import,Loaded,96,26.3,0.0
MV06297,DR02181,PR00003,SR04134,CONT08708,Import,Discharged,93,31.3,0.0
MV06298,DR01570,PR00002,SR01044,CONT09781,Export,Discharged,69,7.1,0.0
MV06299,DR01120,PR00005,SR00728,CONT05122,Import,Gate Out,80,51.6,0.0
MV06300,DR01165,PR00002,SR01839,CONT01977,Import,Discharged,27,44.1,0.0
MV06301,DR08222,PR00001,SR00217,CONT08360,Import,Loaded,66,22.1,0.0
MV06302,DR04731,PR00003,SR04514,CONT04708,Import,In Yard,108,64.0,0.0
MV06303,DR09515,PR00003,SR07155,CONT08064,Import,Discharged,63,39.6,0.0
MV06304,DR06957,PR00007,SR06364,CONT05223,Import,Discharged,92,64.0,0.0
MV06305,DR05237,PR00004,SR07692,CONT09898,Transshipment,In Yard,88,54.6,0.0
MV06306,DR09161,PR00002,SR03553,CONT08202,Export,In Yard,94,37.8,0.0
MV06307,DR04251,PR00006,SR03678,CONT03785,Export,Gate Out,97,17.1,0.0
MV06308,DR09864,PR00002,SR04442,CONT00231,Import,Loaded,101,46.1,0.0
MV06309,DR04790,PR00007,SR08150,CONT05101,Import,Customs Hold,116,51.8,9.1
MV06310,DR08267,PR00002,SR01177,CONT04446,Export,In Yard,117,39.0,0.0
MV06311,DR05491,PR00007,SR00199,CONT05719,Export,In Yard,108,49.1,0.0
MV06312,DR08213,PR00006,SR09589,CONT02252,Export,Loaded,107,51.1,0.0
MV06313,DR00752,PR00006,SR04773,CONT03674,Import,Gate Out,85,35.1,0.0
MV06314,DR01222,PR00001,SR01302,CONT07948,Export,Discharged,89,36.7,0.0
MV06315,DR05422,PR00006,SR07479,CONT02651,Export,Gate Out,73,40.9,0.0
MV06316,DR04254,PR00005,SR00646,CONT04449,Import,Discharged,96,50.9,0.0
MV06317,DR08325,PR00002,SR03172,CONT09799,Export,In Yard,68,33.8,0.0
MV06318,DR07097,PR00003,SR01489,CONT00019,Import,In Yard,109,39.7,3.6
MV06319,DR08842,PR00004,SR06382,CONT06622,Import,Discharged,97,25.2,0.0
MV06320,DR05226,PR00007,SR02180,CONT00868,Import,Loaded,76,71.7,0.0
MV06321,DR00905,PR00006,SR06503,CONT07229,Export,In Yard,70,35.6,0.0
MV06322,DR02233,PR00003,SR00970,CONT01698,Export,Gate Out,71,22.3,0.0
MV06323,DR00717,PR00004,SR01850,CONT01126,Import,Loaded,104,54.3,0.0
MV06324,DR02050,PR00001,SR02861,CONT00204,Transshipment,Discharged,37,38.4,0.0
MV06325,DR00651,PR00003,SR07900,CONT03540,Import,In Yard,74,48.1,0.0
MV06326,DR05441,PR00006,SR00543,CONT03236,Export,In Yard,97,60.0,0.0
MV06327,DR00754,PR00004,SR00796,CONT02934,Export,In Yard,67,52.8,0.0
MV06328,DR08722,PR00006,SR02041,CONT09059,Transshipment,In Yard,70,29.7,0.0
MV06329,DR00140,PR00003,SR08743,CONT00037,Export,Gate Out,84,38.9,0.0
MV06330,DR02779,PR00003,SR02131,CONT06414,Export,Loaded,67,18.5,0.0
MV06331,DR08161,PR00005,SR06622,CONT01609,Import,Discharged,85,36.0,0.0
MV06332,DR02740,PR00001,SR00107,CONT02391,Export,Loaded,66,50.7,0.0
MV06333,DR04857,PR00007,SR08473,CONT08307,Export,In Yard,103,41.4,0.0
MV06334,DR09488,PR00007,SR00896,CONT00963,Export,Gate Out,69,74.0,0.0
MV06335,DR01074,PR00006,SR03017,CONT08682,Export,In Yard,98,47.7,0.0
MV06336,DR02768,PR00006,SR06809,CONT02676,Import,In Yard,63,22.0,0.0
MV06337,DR06889,PR00003,SR07975,CONT08517,Import,Gate Out,30,46.2,0.0
MV06338,DR00890,PR00003,SR07744,CONT07938,Import,In Yard,71,71.9,0.0
MV06339,DR08303,PR00006,SR00436,CONT08088,Export,Gate Out,108,20.4,0.0
MV06340,DR04041,PR00002,SR02320,CONT01805,Export,Discharged,50,46.8,0.0
MV06341,DR00214,PR00006,SR00801,CONT09685,Export,Loaded,110,38.6,0.0
MV06342,DR07155,PR00002,SR07066,CONT07424,Export,Gate Out,88,46.8,0.0
MV06343,DR05086,PR00006,SR02620,CONT04383,Import,In Yard,38,24.5,0.0
MV06344,DR09921,PR00004,SR04072,CONT08203,Import,Discharged,86,51.6,0.0
MV06345,DR06438,PR00006,SR05002,CONT09550,Import,Loaded,96,41.4,0.0
MV06346,DR03580,PR00003,SR03394,CONT07031,Import,Loaded,95,62.1,0.0
MV06347,DR06587,PR00004,SR04806,CONT03759,Export,In Yard,65,25.1,0.0
MV06348,DR00130,PR00007,SR06988,CONT05271,Export,Gate Out,90,46.3,0.0
MV06349,DR07340,PR00003,SR07936,CONT07553,Transshipment,Loaded,63,12.9,0.0
MV06350,DR03722,PR00002,SR08220,CONT02504,Import,Customs Hold,82,69.3,12.2
MV06351,DR04526,PR00001,SR01338,CONT05373,Export,In Yard,53,59.0,0.0
MV06352,DR05533,PR00004,SR05905,CONT06491,Export,Discharged,71,66.8,0.0
MV06353,DR06933,PR00004,SR09869,CONT06632,Import,Discharged,55,58.4,0.0
MV06354,DR02266,PR00004,SR05146,CONT05393,Export,Customs Hold,93,36.8,10.6
MV06355,DR01739,PR00001,SR06403,CONT04174,Transshipment,Gate Out,118,45.4,0.0
MV06356,DR06300,PR00001,SR04636,CONT00118,Import,Gate Out,72,41.8,0.0
MV06357,DR07988,PR00006,SR03244,CONT08182,Export,Customs Hold,83,48.4,8.6
MV06358,DR01846,PR00005,SR03109,CONT09786,Import,Loaded,90,27.8,0.0
MV06359,DR02145,PR00001,SR07587,CONT07411,Import,Customs Hold,110,31.1,16.9
MV06360,DR09708,PR00001,SR07932,CONT07570,Import,Gate Out,116,28.6,5.5
MV06361,DR02881,PR00001,SR02610,CONT07167,Import,Customs Hold,89,36.5,11.5
MV06362,DR01563,PR00006,SR07541,CONT00326,Export,In Yard,97,43.3,5.0
MV06363,DR06167,PR00005,SR02440,CONT08097,Import,Gate Out,78,36.1,0.0
MV06364,DR07268,PR00004,SR07723,CONT04052,Export,In Yard,122,53.8,0.0
MV06365,DR04267,PR00004,SR02101,CONT01684,Export,In Yard,56,20.5,0.0
MV06366,DR07496,PR00006,SR08772,CONT06063,Export,In Yard,87,32.4,0.0
MV06367,DR02145,PR00002,SR07003,CONT01664,Import,Gate Out,127,33.6,0.0
MV06368,DR05494,PR00002,SR09194,CONT08696,Import,Loaded,71,48.1,0.0
MV06369,DR05218,PR00003,SR08882,CONT06452,Import,Discharged,39,39.6,0.0
MV06370,DR02646,PR00007,SR09107,CONT06219,Import,Discharged,96,55.4,0.0
MV06371,DR00383,PR00004,SR01719,CONT06550,Import,Discharged,75,26.4,0.0
MV06372,DR04091,PR00004,SR07235,CONT01973,Export,Discharged,59,41.0,0.0
MV06373,DR04278,PR00006,SR03535,CONT04785,Export,In Yard,80,39.4,0.0
MV06374,DR07517,PR00001,SR03610,CONT06521,Import,Discharged,37,26.4,3.4
MV06375,DR02026,PR00003,SR07727,CONT06556,Import,In Yard,92,51.8,0.0
MV06376,DR03989,PR00004,SR07030,CONT05084,Export,Loaded,93,30.1,0.0
MV06377,DR04133,PR00007,SR09925,CONT00103,Transshipment,Loaded,91,49.6,0.0
MV06378,DR04136,PR00001,SR09116,CONT04386,Export,Loaded,71,30.5,0.0
MV06379,DR01944,PR00003,SR07314,CONT09290,Export,Loaded,91,31.7,0.0
MV06380,DR05319,PR00007,SR01562,CONT06199,Export,In Yard,101,45.5,0.0
MV06381,DR09525,PR00005,SR08630,CONT06545,Import,Discharged,111,42.7,0.0
MV06382,DR06336,PR00004,SR00883,CONT08951,Export,In Yard,43,35.5,0.0
MV06383,DR09582,PR00002,SR08285,CONT09245,Import,Discharged,95,14.1,0.0
MV06384,DR08120,PR00001,SR06328,CONT00669,Export,Customs Hold,107,36.5,16.0
MV06385,DR08983,PR00003,SR01627,CONT07500,Import,Discharged,115,58.9,0.0
MV06386,DR09001,PR00002,SR05409,CONT03966,Export,Customs Hold,60,43.2,10.7
MV06387,DR07668,PR00006,SR01855,CONT01883,Export,Discharged,79,36.3,0.0
MV06388,DR00278,PR00005,SR02762,CONT05535,Export,Loaded,98,28.7,0.0
MV06389,DR02939,PR00006,SR02592,CONT09492,Import,In Yard,96,50.8,0.0
MV06390,DR07888,PR00001,SR03543,CONT05407,Export,In Yard,53,50.6,0.0
MV06391,DR02499,PR00002,SR09398,CONT01860,Export,In Yard,76,65.2,0.0
MV06392,DR06739,PR00005,SR02278,CONT08189,Export,In Yard,80,39.2,0.0
MV06393,DR08313,PR00001,SR09929,CONT07529,Export,In Yard,101,32.2,0.0
MV06394,DR09453,PR00001,SR06819,CONT06082,Export,Discharged,94,52.3,0.0
MV06395,DR05550,PR00003,SR03922,CONT00403,Export,In Yard,73,47.7,5.3
MV06396,DR03582,PR00001,SR07678,CONT00695,Import,Discharged,102,44.1,0.0
MV06397,DR09219,PR00001,SR08813,CONT00918,Export,Loaded,68,31.7,0.0
MV06398,DR09145,PR00002,SR02027,CONT04095,Import,Gate Out,47,18.5,0.0
MV06399,DR04060,PR00006,SR02518,CONT08986,Export,In Yard,101,54.3,0.0
MV06400,DR01112,PR00001,SR04297,CONT05352,Import,Discharged,79,49.7,0.0
MV06401,DR09613,PR00004,SR03835,CONT05028,Export,Gate Out,84,45.8,0.0
MV06402,DR04013,PR00004,SR01352,CONT05800,Import,Loaded,75,70.7,0.0
MV06403,DR04919,PR00003,SR07635,CONT05978,Import,Discharged,48,42.1,0.0
MV06404,DR04227,PR00003,SR00557,CONT03413,Import,In Yard,60,34.7,0.0
MV06405,DR00567,PR00001,SR01663,CONT08699,Export,Discharged,97,24.6,5.1
MV06406,DR00594,PR00001,SR00598,CONT07934,Import,Loaded,102,17.9,0.0
MV06407,DR01454,PR00003,SR05479,CONT02700,Export,Loaded,110,40.3,0.0
MV06408,DR03740,PR00007,SR04029,CONT08225,Import,In Yard,114,49.8,0.0
MV06409,DR05752,PR00003,SR09802,CONT06601,Export,Gate Out,100,77.3,0.0
MV06410,DR03066,PR00003,SR08048,CONT07802,Import,Customs Hold,95,41.9,14.4
MV06411,DR02225,PR00007,SR03127,CONT09824,Export,Gate Out,77,54.7,0.0
MV06412,DR08416,PR00005,SR03391,CONT06319,Import,Loaded,53,33.2,0.0
MV06413,DR06502,PR00005,SR00030,CONT06803,Import,In Yard,103,54.7,0.0
MV06414,DR05404,PR00003,SR06890,CONT04010,Import,In Yard,73,42.0,0.0
MV06415,DR03908,PR00006,SR01207,CONT00307,Export,In Yard,138,35.2,0.0
MV06416,DR00675,PR00004,SR05608,CONT07810,Import,In Yard,106,67.9,0.0
MV06417,DR01310,PR00004,SR05888,CONT09077,Transshipment,In Yard,46,36.8,0.0
MV06418,DR04314,PR00006,SR04046,CONT02927,Import,Gate Out,108,61.9,0.0
MV06419,DR07134,PR00003,SR08945,CONT03563,Export,Gate Out,75,45.1,0.0
MV06420,DR02793,PR00007,SR01690,CONT03108,Import,Loaded,118,50.7,0.0
MV06421,DR07922,PR00007,SR02831,CONT09588,Import,Discharged,89,32.8,0.0
MV06422,DR01981,PR00004,SR01815,CONT02091,Export,Discharged,82,43.9,0.0
MV06423,DR07791,PR00002,SR04657,CONT02105,Export,Customs Hold,120,64.5,13.4
MV06424,DR04690,PR00005,SR06458,CONT09502,Export,Customs Hold,101,32.3,16.8
MV06425,DR02541,PR00002,SR00659,CONT01653,Export,In Yard,99,54.2,0.0
MV06426,DR03213,PR00004,SR03268,CONT06152,Import,Discharged,117,40.5,0.0
MV06427,DR02601,PR00001,SR00462,CONT07925,Transshipment,In Yard,76,49.7,0.0
MV06428,DR04741,PR00006,SR06901,CONT01046,Import,In Yard,98,48.2,0.0
MV06429,DR05775,PR00007,SR07512,CONT01457,Export,Customs Hold,85,27.7,21.2
MV06430,DR04530,PR00001,SR06069,CONT09942,Export,Discharged,79,46.2,0.0
MV06431,DR00602,PR00005,SR03444,CONT07353,Import,In Yard,63,70.2,0.0
MV06432,DR02564,PR00006,SR06711,CONT09380,Export,Discharged,114,47.5,0.0
MV06433,DR00952,PR00001,SR01222,CONT06141,Transshipment,Gate Out,116,58.1,0.0
MV06434,DR01894,PR00002,SR06853,CONT03566,Import,In Yard,116,51.4,0.0
MV06435,DR09853,PR00003,SR08539,CONT03300,Import,Discharged,78,55.2,0.0
MV06436,DR06273,PR00006,SR04461,CONT03746,Export,In Yard,111,40.2,0.0
MV06437,DR05651,PR00003,SR07216,CONT08969,Import,Discharged,68,39.4,0.0
MV06438,DR06351,PR00001,SR04079,CONT00903,Import,Customs Hold,114,53.4,10.7
MV06439,DR01237,PR00002,SR05000,CONT07959,Export,Loaded,108,38.9,0.0
MV06440,DR02236,PR00003,SR06443,CONT08077,Transshipment,Discharged,99,56.9,0.0
MV06441,DR05779,PR00001,SR03010,CONT09863,Export,Loaded,98,29.0,0.0
MV06442,DR01145,PR00004,SR09446,CONT04565,Transshipment,Customs Hold,83,45.3,6.4
MV06443,DR01270,PR00001,SR04642,CONT00809,Import,Customs Hold,106,42.6,19.5
MV06444,DR07704,PR00006,SR05946,CONT05696,Import,Gate Out,126,83.8,0.0
MV06445,DR04909,PR00005,SR01085,CONT05166,Import,Discharged,89,38.9,0.0
MV06446,DR07788,PR00006,SR08584,CONT05986,Import,Gate Out,83,55.0,0.0
MV06447,DR08436,PR00001,SR04644,CONT02150,Export,In Yard,85,10.1,0.0
MV06448,DR05417,PR00004,SR02238,CONT08856,Import,Gate Out,59,25.3,0.0
MV06449,DR09163,PR00006,SR03318,CONT02122,Import,Gate Out,104,55.5,0.0
MV06450,DR05415,PR00003,SR00836,CONT09468,Export,In Yard,80,41.6,3.5
MV06451,DR01453,PR00001,SR01887,CONT06956,Export,In Yard,12,30.8,0.0
MV06452,DR01396,PR00001,SR06254,CONT06204,Export,In Yard,72,33.8,0.0
MV06453,DR09719,PR00004,SR08658,CONT03401,Export,Discharged,145,48.1,0.0
MV06454,DR08459,PR00003,SR03730,CONT00077,Transshipment,Gate Out,95,22.8,0.0
MV06455,DR06569,PR00007,SR00692,CONT01366,Export,Discharged,168,53.9,0.0
MV06456,DR03674,PR00006,SR06423,CONT05943,Transshipment,In Yard,88,44.6,0.0
MV06457,DR09205,PR00005,SR09624,CONT06200,Transshipment,Discharged,71,53.9,0.0
MV06458,DR02275,PR00007,SR01413,CONT05156,Export,Customs Hold,78,55.9,12.2
MV06459,DR04831,PR00005,SR09604,CONT09594,Import,In Yard,68,5.0,0.0
MV06460,DR04272,PR00001,SR03998,CONT00831,Export,In Yard,97,34.4,5.4
MV06461,DR01621,PR00001,SR05002,CONT03987,Import,Discharged,117,67.4,0.0
MV06462,DR01442,PR00006,SR08810,CONT02335,Import,Discharged,76,59.3,0.0
MV06463,DR06780,PR00003,SR09216,CONT07052,Export,In Yard,96,53.4,0.0
MV06464,DR02643,PR00007,SR02839,CONT07097,Import,Discharged,105,42.5,0.0
MV06465,DR07536,PR00001,SR06056,CONT09833,Export,Discharged,113,53.6,0.0
MV06466,DR04078,PR00001,SR09696,CONT02133,Export,In Yard,44,22.3,4.2
MV06467,DR09100,PR00005,SR04568,CONT05126,Import,In Yard,63,38.6,6.0
MV06468,DR02237,PR00006,SR05783,CONT07770,Transshipment,Customs Hold,99,54.0,4.1
MV06469,DR03853,PR00006,SR06182,CONT08940,Export,Loaded,104,53.4,0.0
MV06470,DR02572,PR00001,SR07805,CONT02030,Export,Customs Hold,81,46.8,11.0
MV06471,DR03833,PR00003,SR04795,CONT07038,Import,Loaded,115,54.1,0.0
MV06472,DR04947,PR00004,SR03511,CONT06485,Transshipment,In Yard,107,42.6,0.0
MV06473,DR07644,PR00007,SR01962,CONT01242,Import,In Yard,101,46.9,1.6
MV06474,DR07125,PR00002,SR04609,CONT05179,Export,Gate Out,54,52.9,0.0
MV06475,DR01150,PR00004,SR00143,CONT01426,Import,Loaded,86,66.6,0.0
MV06476,DR04705,PR00001,SR04237,CONT08499,Import,In Yard,86,41.3,0.0
MV06477,DR01586,PR00005,SR03278,CONT09621,Import,In Yard,79,26.7,0.0
MV06478,DR09916,PR00001,SR07512,CONT07841,Export,Loaded,59,32.9,0.0
MV06479,DR00906,PR00007,SR01802,CONT09584,Export,Discharged,82,48.1,0.0
MV06480,DR00892,PR00001,SR01547,CONT00402,Export,Loaded,37,5.3,0.0
MV06481,DR02574,PR00005,SR05164,CONT08778,Export,Loaded,106,65.4,0.0
MV06482,DR05117,PR00005,SR04803,CONT01807,Import,Loaded,48,31.7,0.0
MV06483,DR05720,PR00002,SR04187,CONT06080,Transshipment,In Yard,57,28.8,1.5
MV06484,DR04027,PR00002,SR00434,CONT06490,Import,In Yard,50,35.1,0.0
MV06485,DR07326,PR00004,SR07086,CONT06089,Transshipment,Gate Out,100,44.4,0.0
MV06486,DR01948,PR00004,SR07604,CONT09574,Export,Gate Out,106,51.2,0.0
MV06487,DR02690,PR00005,SR03620,CONT09575,Import,Loaded,47,50.3,0.0
MV06488,DR00243,PR00004,SR00462,CONT01401,Import,Loaded,66,57.1,5.5
MV06489,DR05840,PR00001,SR01267,CONT03090,Export,In Yard,93,54.3,0.0
MV06490,DR00166,PR00007,SR04297,CONT03643,Transshipment,Discharged,59,34.7,0.0
MV06491,DR07731,PR00001,SR05897,CONT01262,Export,Loaded,69,40.6,0.0
MV06492,DR07014,PR00004,SR03216,CONT05577,Export,Gate Out,138,51.9,4.1
MV06493,DR07011,PR00007,SR06973,CONT03531,Transshipment,Discharged,67,49.0,0.0
MV06494,DR05945,PR00007,SR03320,CONT09738,Import,Loaded,128,61.4,0.0
MV06495,DR09135,PR00001,SR02664,CONT03356,Export,In Yard,46,35.0,0.0
MV06496,DR06248,PR00002,SR01167,CONT04962,Export,Customs Hold,69,36.4,18.2
MV06497,DR08052,PR00004,SR02573,CONT04718,Import,Discharged,71,56.3,4.1
MV06498,DR02594,PR00002,SR07437,CONT07639,Export,In Yard,66,45.8,0.0
MV06499,DR02792,PR00005,SR03773,CONT08681,Import,Gate Out,80,58.4,0.0
MV06500,DR05947,PR00003,SR02273,CONT04550,Export,Gate Out,69,47.6,0.0
MV06501,DR07278,PR00002,SR01537,CONT03779,Export,In Yard,77,56.4,0.0
MV06502,DR03286,PR00003,SR05012,CONT04128,Export,Gate Out,99,49.8,0.0
MV06503,DR04772,PR00005,SR04535,CONT08185,Export,Gate Out,74,64.8,0.0
MV06504,DR09380,PR00006,SR09103,CONT06722,Export,Discharged,87,37.6,0.0
MV06505,DR06234,PR00003,SR06970,CONT09602,Import,Gate Out,69,47.5,0.0
MV06506,DR00285,PR00001,SR05466,CONT06309,Export,In Yard,57,47.9,0.0
MV06507,DR00698,PR00002,SR05522,CONT09340,Import,Gate Out,40,22.4,0.0
MV06508,DR09708,PR00004,SR05362,CONT01609,Export,Loaded,63,35.4,0.0
MV06509,DR07693,PR00005,SR04604,CONT06884,Export,Gate Out,104,43.3,0.0
MV06510,DR09799,PR00006,SR01428,CONT01353,Export,Loaded,103,48.8,0.0
MV06511,DR08656,PR00007,SR00298,CONT04006,Import,Gate Out,49,36.1,0.0
MV06512,DR09652,PR00003,SR06819,CONT09381,Import,Gate Out,53,38.4,0.0
MV06513,DR05677,PR00006,SR06685,CONT06592,Export,Discharged,70,44.5,0.0
MV06514,DR08593,PR00002,SR03048,CONT06127,Import,Customs Hold,87,37.9,16.6
MV06515,DR02506,PR00004,SR05847,CONT08356,Import,In Yard,90,46.5,0.0
MV06516,DR03562,PR00003,SR04344,CONT02040,Import,Gate Out,70,36.1,0.0
MV06517,DR05991,PR00005,SR05917,CONT06436,Import,In Yard,83,30.8,0.0
MV06518,DR08870,PR00005,SR04348,CONT00337,Import,In Yard,66,24.5,0.0
MV06519,DR01565,PR00002,SR06270,CONT06152,Export,Loaded,100,20.3,0.0
MV06520,DR02478,PR00006,SR02426,CONT08658,Export,Loaded,100,44.7,0.0
MV06521,DR03495,PR00006,SR08270,CONT03388,Export,Customs Hold,88,50.5,16.0
MV06522,DR03421,PR00007,SR00578,CONT08038,Import,Discharged,103,44.4,0.0
MV06523,DR06778,PR00003,SR09986,CONT09980,Transshipment,In Yard,90,45.2,0.0
MV06524,DR09943,PR00007,SR06490,CONT04787,Export,Loaded,118,39.7,0.0
MV06525,DR05327,PR00006,SR04023,CONT09101,Export,Loaded,121,78.6,0.0
MV06526,DR02383,PR00004,SR08445,CONT09134,Export,Loaded,103,42.7,0.0
MV06527,DR01226,PR00003,SR07853,CONT03463,Import,Discharged,127,35.6,0.0
MV06528,DR03062,PR00006,SR01018,CONT02258,Export,In Yard,54,31.8,0.0
MV06529,DR00289,PR00005,SR08422,CONT01679,Import,Discharged,116,70.3,0.0
MV06530,DR07712,PR00004,SR03593,CONT09747,Transshipment,In Yard,80,22.3,0.0
MV06531,DR01054,PR00007,SR03875,CONT03448,Export,Gate Out,77,32.7,0.0
MV06532,DR07993,PR00002,SR03498,CONT05641,Import,Gate Out,67,31.2,0.0
MV06533,DR05120,PR00004,SR02113,CONT00993,Import,Loaded,90,50.0,0.0
MV06534,DR03445,PR00002,SR00813,CONT03691,Export,Gate Out,67,48.1,0.0
MV06535,DR06597,PR00003,SR01487,CONT09631,Import,Customs Hold,136,47.9,6.6
MV06536,DR08219,PR00002,SR03075,CONT00525,Import,Loaded,88,36.8,0.0
MV06537,DR05370,PR00002,SR06815,CONT00189,Transshipment,Loaded,34,17.3,0.0
MV06538,DR05440,PR00003,SR04310,CONT00900,Import,In Yard,56,65.1,5.5
MV06539,DR00278,PR00001,SR06964,CONT04054,Import,Discharged,61,49.4,0.0
MV06540,DR06450,PR00001,SR08209,CONT02079,Import,Discharged,111,51.4,0.0
MV06541,DR09600,PR00005,SR03155,CONT06375,Export,Loaded,96,39.2,0.0
MV06542,DR08774,PR00002,SR00450,CONT04688,Export,Customs Hold,81,35.6,12.5
MV06543,DR03455,PR00001,SR06027,CONT02890,Export,Customs Hold,83,57.2,14.9
MV06544,DR04230,PR00001,SR04690,CONT00240,Transshipment,Discharged,100,13.3,0.0
MV06545,DR08820,PR00001,SR06198,CONT09041,Import,Loaded,76,51.9,0.0
MV06546,DR01353,PR00001,SR03761,CONT04871,Import,Discharged,102,42.8,0.0
MV06547,DR01415,PR00007,SR07852,CONT04336,Import,Discharged,106,56.4,0.0
MV06548,DR08628,PR00004,SR09667,CONT09324,Import,Gate Out,50,62.1,0.0
MV06549,DR02063,PR00003,SR01755,CONT01401,Import,Loaded,55,32.8,0.0
MV06550,DR05735,PR00003,SR09645,CONT07776,Import,In Yard,84,9.9,0.0
MV06551,DR06520,PR00001,SR07644,CONT00163,Export,In Yard,103,31.8,0.0
MV06552,DR09432,PR00005,SR09456,CONT09963,Import,Discharged,134,52.2,0.0
MV06553,DR09163,PR00007,SR02471,CONT02334,Transshipment,Customs Hold,103,72.4,12.7
MV06554,DR06027,PR00001,SR03462,CONT07694,Transshipment,Discharged,74,35.0,0.0
MV06555,DR09195,PR00001,SR09428,CONT06092,Export,In Yard,96,64.1,0.0
MV06556,DR00995,PR00004,SR02711,CONT04421,Export,Discharged,103,20.3,0.0
MV06557,DR04321,PR00001,SR09906,CONT06679,Export,Discharged,55,27.5,0.0
MV06558,DR03112,PR00001,SR01191,CONT02773,Import,Loaded,96,51.5,0.0
MV06559,DR09410,PR00005,SR06109,CONT06828,Export,Loaded,77,56.3,0.0
MV06560,DR07865,PR00004,SR08989,CONT09830,Import,Customs Hold,90,19.1,16.0
MV06561,DR03497,PR00002,SR05519,CONT03300,Export,Gate Out,60,28.6,0.0
MV06562,DR02905,PR00006,SR02884,CONT05613,Export,Loaded,107,43.7,0.0
MV06563,DR08137,PR00001,SR05683,CONT05741,Export,Customs Hold,39,25.4,16.3
MV06564,DR08323,PR00002,SR07141,CONT03678,Import,In Yard,57,50.7,0.0
MV06565,DR05433,PR00005,SR03387,CONT09322,Export,Gate Out,106,46.2,3.7
MV06566,DR09184,PR00004,SR02072,CONT08221,Transshipment,Discharged,90,31.7,4.0
MV06567,DR04016,PR00004,SR06560,CONT02624,Import,Loaded,94,48.5,0.0
MV06568,DR04414,PR00005,SR02474,CONT08469,Import,Loaded,37,48.7,1.0
MV06569,DR06016,PR00004,SR02713,CONT07689,Import,Gate Out,51,25.6,0.0
MV06570,DR08188,PR00006,SR06311,CONT04991,Transshipment,Gate Out,110,41.9,0.0
MV06571,DR04719,PR00004,SR01086,CONT04951,Export,In Yard,135,37.2,0.0
MV06572,DR02419,PR00003,SR06429,CONT04499,Import,In Yard,92,62.8,0.0
MV06573,DR09371,PR00005,SR02685,CONT02142,Export,In Yard,77,40.9,0.0
MV06574,DR04203,PR00002,SR03139,CONT09031,Export,Customs Hold,121,18.8,9.4
MV06575,DR09760,PR00005,SR02770,CONT03612,Import,Gate Out,54,26.4,0.0
MV06576,DR07589,PR00002,SR04315,CONT03256,Export,In Yard,45,56.8,0.0
MV06577,DR00144,PR00003,SR04390,CONT05396,Export,In Yard,134,43.7,0.0
MV06578,DR01792,PR00005,SR04690,CONT08859,Import,In Yard,99,30.0,0.0
MV06579,DR00351,PR00004,SR05471,CONT05718,Transshipment,Loaded,98,45.6,0.0
MV06580,DR03358,PR00001,SR09943,CONT08251,Import,Loaded,98,58.8,4.3
MV06581,DR03911,PR00003,SR02940,CONT02345,Import,Customs Hold,108,73.3,10.3
MV06582,DR03156,PR00006,SR06477,CONT01746,Import,Discharged,103,50.7,0.0
MV06583,DR04488,PR00007,SR06535,CONT05000,Import,In Yard,104,57.4,0.0
MV06584,DR09550,PR00003,SR03193,CONT01413,Export,Discharged,119,41.7,0.0
MV06585,DR02677,PR00001,SR03838,CONT03823,Import,Gate Out,47,40.8,4.4
MV06586,DR04950,PR00003,SR01404,CONT01084,Import,Gate Out,98,33.0,0.0
MV06587,DR07354,PR00003,SR06505,CONT05059,Transshipment,Discharged,46,57.8,4.3
MV06588,DR03176,PR00001,SR09022,CONT08970,Import,In Yard,90,30.0,0.0
MV06589,DR08006,PR00006,SR01542,CONT05924,Import,Gate Out,82,29.2,0.0
MV06590,DR03152,PR00003,SR01927,CONT06746,Import,In Yard,49,27.0,0.0
MV06591,DR07807,PR00003,SR04583,CONT07112,Export,Discharged,76,57.6,0.0
MV06592,DR03784,PR00003,SR09968,CONT02721,Import,In Yard,62,29.9,0.0
MV06593,DR01672,PR00001,SR09495,CONT06856,Import,Gate Out,93,63.7,0.0
MV06594,DR02835,PR00003,SR03076,CONT05115,Export,Loaded,103,51.3,0.0
MV06595,DR04683,PR00003,SR06621,CONT04629,Import,In Yard,55,52.2,0.0
MV06596,DR03012,PR00002,SR04260,CONT03345,Export,In Yard,50,32.1,0.0
MV06597,DR00343,PR00004,SR06733,CONT02444,Export,Customs Hold,90,40.4,10.6
MV06598,DR04270,PR00003,SR06211,CONT09376,Export,In Yard,68,43.4,0.0
MV06599,DR03248,PR00004,SR09854,CONT04928,Import,In Yard,76,29.1,2.4
MV06600,DR06889,PR00006,SR05724,CONT02985,Transshipment,Loaded,81,55.6,0.0
MV06601,DR08340,PR00003,SR00516,CONT00794,Import,In Yard,104,58.9,5.8
MV06602,DR02408,PR00003,SR01001,CONT02001,Import,In Yard,80,36.0,0.0
MV06603,DR08585,PR00006,SR04864,CONT08322,Export,Gate Out,91,56.5,0.0
MV06604,DR05806,PR00002,SR02191,CONT04643,Import,In Yard,105,50.8,0.0
MV06605,DR04190,PR00003,SR05588,CONT07546,Import,Discharged,78,63.5,4.5
MV06606,DR07438,PR00006,SR08051,CONT00010,Export,Gate Out,123,74.9,1.8
MV06607,DR01807,PR00004,SR01458,CONT01067,Import,Loaded,68,48.7,0.0
MV06608,DR01972,PR00007,SR05596,CONT08516,Import,Customs Hold,119,54.3,20.8
MV06609,DR03797,PR00003,SR09556,CONT07128,Export,Loaded,66,54.7,0.0
MV06610,DR07100,PR00003,SR09962,CONT06448,Import,Discharged,84,45.6,0.0
MV06611,DR06087,PR00001,SR08077,CONT04996,Export,In Yard,84,38.5,0.0
MV06612,DR06271,PR00001,SR07998,CONT06865,Export,Loaded,64,28.1,0.0
MV06613,DR03163,PR00003,SR02289,CONT08427,Import,Discharged,40,38.3,0.0
MV06614,DR03103,PR00001,SR09600,CONT03202,Import,In Yard,125,59.1,0.0
MV06615,DR00197,PR00003,SR02265,CONT03852,Import,Discharged,90,35.6,0.0
MV06616,DR05927,PR00002,SR05824,CONT05319,Import,In Yard,66,21.4,0.0
MV06617,DR03838,PR00001,SR04359,CONT04770,Import,In Yard,104,26.1,0.0
MV06618,DR09968,PR00003,SR03949,CONT02423,Export,In Yard,62,52.3,0.0
MV06619,DR06275,PR00004,SR04385,CONT01769,Import,In Yard,89,49.7,0.0
MV06620,DR05144,PR00002,SR06776,CONT09099,Export,Customs Hold,33,58.7,15.3
MV06621,DR07844,PR00005,SR07475,CONT01454,Import,Loaded,66,43.3,0.0
MV06622,DR08271,PR00001,SR04754,CONT06399,Import,In Yard,83,26.1,0.0
MV06623,DR01863,PR00001,SR05852,CONT08029,Import,In Yard,79,60.2,0.0
MV06624,DR06989,PR00007,SR08232,CONT08685,Import,Gate Out,121,41.4,0.0
MV06625,DR00269,PR00007,SR07853,CONT02024,Export,Loaded,108,57.8,0.0
MV06626,DR07685,PR00003,SR02589,CONT00168,Export,In Yard,32,19.7,0.0
MV06627,DR01252,PR00003,SR01935,CONT07406,Transshipment,Gate Out,112,47.4,2.1
MV06628,DR00885,PR00006,SR00356,CONT04659,Import,Gate Out,84,49.4,0.0
MV06629,DR03961,PR00003,SR06282,CONT04244,Import,Discharged,98,24.5,0.0
MV06630,DR09052,PR00001,SR04604,CONT05788,Export,In Yard,54,60.6,0.0
MV06631,DR02645,PR00001,SR01443,CONT09795,Export,In Yard,104,22.5,0.0
MV06632,DR01678,PR00001,SR02871,CONT04040,Import,In Yard,58,25.8,0.0
MV06633,DR02892,PR00006,SR02744,CONT01990,Import,Gate Out,104,43.0,0.0
MV06634,DR03123,PR00004,SR04710,CONT03442,Export,In Yard,81,14.2,0.0
MV06635,DR01638,PR00002,SR02091,CONT01954,Import,Loaded,96,43.2,0.0
MV06636,DR06824,PR00001,SR04037,CONT06757,Export,Gate Out,51,29.5,0.0
MV06637,DR02251,PR00001,SR00998,CONT03430,Import,Loaded,109,50.9,0.0
MV06638,DR03343,PR00005,SR02282,CONT09911,Transshipment,Loaded,91,54.1,0.0
MV06639,DR05702,PR00006,SR01797,CONT09460,Export,Discharged,86,33.0,0.0
MV06640,DR04508,PR00003,SR08724,CONT01840,Export,Discharged,59,28.5,0.0
MV06641,DR02422,PR00005,SR06246,CONT09303,Import,Gate Out,70,68.0,0.0
MV06642,DR03892,PR00002,SR07368,CONT04759,Export,Loaded,53,25.6,0.0
MV06643,DR09342,PR00004,SR00899,CONT00610,Export,In Yard,123,61.2,0.0
MV06644,DR09033,PR00003,SR09695,CONT01956,Import,In Yard,64,28.2,0.0
MV06645,DR03446,PR00001,SR00871,CONT00022,Export,Gate Out,55,21.0,0.0
MV06646,DR03204,PR00003,SR04966,CONT00049,Import,Customs Hold,106,40.0,14.5
MV06647,DR01555,PR00006,SR09537,CONT02331,Export,In Yard,83,68.6,0.0
MV06648,DR01756,PR00001,SR03346,CONT01697,Export,In Yard,86,26.9,0.0
MV06649,DR05975,PR00003,SR00283,CONT07657,Export,Loaded,68,47.5,0.0
MV06650,DR01366,PR00006,SR05795,CONT01091,Export,Gate Out,115,65.4,1.3
MV06651,DR08225,PR00006,SR03986,CONT00135,Import,In Yard,66,34.3,3.8
MV06652,DR00810,PR00003,SR01182,CONT02654,Export,Gate Out,83,58.0,0.0
MV06653,DR02196,PR00001,SR07329,CONT02039,Export,Gate Out,17,44.9,0.0
MV06654,DR09128,PR00006,SR05001,CONT04234,Import,Loaded,100,43.0,0.0
MV06655,DR08298,PR00001,SR01010,CONT06383,Export,Discharged,39,25.7,0.0
MV06656,DR07421,PR00002,SR09581,CONT08916,Import,Discharged,40,35.5,0.0
MV06657,DR08747,PR00001,SR03603,CONT00925,Import,Gate Out,104,47.4,0.0
MV06658,DR06070,PR00003,SR07782,CONT09081,Export,Loaded,121,32.2,0.0
MV06659,DR06535,PR00004,SR08579,CONT04164,Import,Loaded,102,55.8,0.0
MV06660,DR07730,PR00006,SR09042,CONT02006,Import,Loaded,97,37.4,0.0
MV06661,DR05650,PR00003,SR04300,CONT00919,Import,In Yard,75,33.1,0.0
MV06662,DR05892,PR00007,SR02258,CONT00825,Export,In Yard,61,45.1,0.0
MV06663,DR05072,PR00004,SR08217,CONT06894,Import,Discharged,143,53.5,0.0
MV06664,DR08850,PR00004,SR00187,CONT09377,Import,In Yard,71,61.6,0.0
MV06665,DR06280,PR00001,SR00589,CONT09131,Import,In Yard,33,43.9,0.0
MV06666,DR02594,PR00001,SR07415,CONT04418,Import,Discharged,80,49.2,0.0
MV06667,DR05224,PR00004,SR02015,CONT02659,Import,Gate Out,70,38.0,5.5
MV06668,DR06350,PR00005,SR08058,CONT05392,Export,In Yard,92,39.6,0.0
MV06669,DR02811,PR00002,SR04231,CONT07847,Export,Discharged,86,27.2,0.0
MV06670,DR08158,PR00003,SR03333,CONT03507,Export,In Yard,89,45.4,0.0
MV06671,DR00837,PR00002,SR05364,CONT08232,Export,Gate Out,83,43.4,0.0
MV06672,DR00484,PR00003,SR05194,CONT09576,Import,In Yard,87,42.3,0.0
MV06673,DR05498,PR00002,SR02399,CONT06687,Import,Gate Out,149,44.9,0.0
MV06674,DR01517,PR00001,SR04099,CONT09510,Export,Customs Hold,96,33.4,5.0
MV06675,DR04159,PR00002,SR04915,CONT09150,Import,Gate Out,94,69.0,0.0
MV06676,DR08053,PR00006,SR06539,CONT09418,Export,In Yard,129,57.1,0.0
MV06677,DR07616,PR00006,SR05265,CONT02847,Import,Discharged,102,49.1,0.0
MV06678,DR00289,PR00001,SR08839,CONT06956,Export,In Yard,95,48.1,0.0
MV06679,DR07783,PR00001,SR09925,CONT02285,Import,Discharged,61,33.7,0.0
MV06680,DR08129,PR00003,SR07001,CONT07164,Import,Loaded,52,44.0,2.8
MV06681,DR03661,PR00002,SR06084,CONT00259,Transshipment,In Yard,102,47.8,5.2
MV06682,DR05811,PR00006,SR05409,CONT02005,Import,Discharged,49,25.2,0.0
MV06683,DR00284,PR00003,SR05064,CONT01243,Import,Gate Out,91,33.5,0.0
MV06684,DR05859,PR00006,SR07443,CONT03300,Import,Loaded,95,67.4,0.0
MV06685,DR00699,PR00001,SR04285,CONT01426,Import,Gate Out,48,49.2,0.0
MV06686,DR05629,PR00007,SR07148,CONT02599,Export,Loaded,65,39.1,0.0
MV06687,DR01863,PR00005,SR03748,CONT03416,Transshipment,In Yard,83,58.8,0.0
MV06688,DR07775,PR00005,SR00646,CONT04981,Export,Loaded,75,42.8,0.0
MV06689,DR02367,PR00007,SR02270,CONT03658,Export,In Yard,108,75.7,0.0
MV06690,DR06939,PR00003,SR07820,CONT00402,Export,Loaded,42,37.3,0.0
MV06691,DR04236,PR00001,SR03172,CONT02397,Import,Gate Out,149,48.9,0.0
MV06692,DR02425,PR00003,SR09009,CONT08702,Transshipment,Gate Out,64,36.6,0.0
MV06693,DR00126,PR00006,SR07982,CONT04369,Export,In Yard,72,47.8,0.0
MV06694,DR07797,PR00006,SR00834,CONT09934,Import,Gate Out,122,15.9,0.0
MV06695,DR07096,PR00003,SR08559,CONT07544,Transshipment,In Yard,87,44.4,0.0
MV06696,DR06939,PR00005,SR06274,CONT05467,Export,Discharged,89,63.0,0.0
MV06697,DR00095,PR00002,SR06340,CONT08057,Import,Customs Hold,51,59.5,18.6
MV06698,DR08503,PR00002,SR00088,CONT04085,Export,Discharged,94,49.8,0.0
MV06699,DR06480,PR00004,SR03670,CONT02534,Import,Discharged,113,45.7,0.0
MV06700,DR08383,PR00003,SR05051,CONT07443,Import,Gate Out,83,36.3,0.0
MV06701,DR07034,PR00001,SR04894,CONT05570,Import,Loaded,80,29.8,0.0
MV06702,DR03302,PR00005,SR05998,CONT04790,Export,Discharged,112,29.2,1.3
MV06703,DR04861,PR00003,SR05230,CONT01491,Import,Customs Hold,127,45.7,11.4
MV06704,DR05593,PR00003,SR02440,CONT04767,Import,In Yard,102,33.1,0.0
MV06705,DR00439,PR00001,SR05028,CONT05758,Import,In Yard,105,36.2,0.0
MV06706,DR07540,PR00002,SR01308,CONT07684,Import,In Yard,89,42.8,0.0
MV06707,DR04752,PR00005,SR06016,CONT06551,Export,In Yard,112,54.3,0.0
MV06708,DR03612,PR00006,SR02735,CONT00180,Import,Discharged,111,30.0,0.0
MV06709,DR04806,PR00001,SR08078,CONT01534,Import,Loaded,70,29.5,0.0
MV06710,DR09828,PR00006,SR08327,CONT07253,Import,Loaded,114,60.4,0.0
MV06711,DR04058,PR00006,SR05733,CONT08567,Import,Loaded,43,61.7,0.0
MV06712,DR06094,PR00006,SR05127,CONT01571,Export,Gate Out,80,46.5,0.0
MV06713,DR03328,PR00004,SR03900,CONT04225,Export,Gate Out,79,71.1,0.0
MV06714,DR08745,PR00002,SR03002,CONT04180,Import,Gate Out,73,46.6,0.0
MV06715,DR07800,PR00005,SR07119,CONT05610,Import,Loaded,89,42.8,1.4
MV06716,DR06459,PR00003,SR08482,CONT03753,Import,Discharged,71,53.2,0.0
MV06717,DR09444,PR00002,SR01745,CONT05769,Export,In Yard,66,34.9,0.0
MV06718,DR00604,PR00003,SR09059,CONT09873,Import,Loaded,92,27.4,1.3
MV06719,DR02077,PR00003,SR05318,CONT03601,Export,Loaded,60,53.1,0.0
MV06720,DR07563,PR00003,SR06284,CONT08111,Export,In Yard,84,43.9,0.0
MV06721,DR00159,PR00006,SR00954,CONT05488,Import,Gate Out,122,63.1,1.6
MV06722,DR02368,PR00003,SR01775,CONT01748,Import,Gate Out,68,52.3,0.0
MV06723,DR00655,PR00002,SR00077,CONT03173,Transshipment,Loaded,81,71.6,0.0
MV06724,DR07808,PR00007,SR05097,CONT01474,Import,Discharged,60,24.1,0.0
MV06725,DR00885,PR00002,SR01039,CONT07718,Export,In Yard,38,30.9,3.6
MV06726,DR02460,PR00001,SR03223,CONT02454,Export,In Yard,52,34.3,0.0
MV06727,DR01811,PR00006,SR05057,CONT01410,Import,Gate Out,81,60.7,0.0
MV06728,DR01140,PR00007,SR00678,CONT06818,Export,Gate Out,105,59.8,0.0
MV06729,DR00995,PR00005,SR07419,CONT03920,Import,Discharged,59,61.2,0.0
MV06730,DR06994,PR00003,SR09932,CONT08414,Import,In Yard,66,44.7,0.0
MV06731,DR07775,PR00004,SR08090,CONT01531,Export,Loaded,101,48.3,0.0
MV06732,DR04041,PR00006,SR00899,CONT04796,Transshipment,Discharged,71,52.3,0.0
MV06733,DR05768,PR00006,SR05297,CONT08556,Import,In Yard,96,56.9,0.0
MV06734,DR00175,PR00001,SR03168,CONT07711,Export,Gate Out,26,43.1,0.0
MV06735,DR02647,PR00006,SR03113,CONT05321,Import,Loaded,105,54.0,0.0
MV06736,DR09070,PR00004,SR02764,CONT02254,Export,In Yard,77,48.1,0.0
MV06737,DR07239,PR00001,SR07438,CONT04080,Import,Discharged,61,46.8,0.0
MV06738,DR05580,PR00001,SR02810,CONT08298,Import,Discharged,86,42.7,0.0
MV06739,DR09195,PR00001,SR05223,CONT05315,Transshipment,Discharged,92,44.2,0.0
MV06740,DR05959,PR00007,SR02209,CONT07285,Export,Discharged,105,38.0,0.0
MV06741,DR09126,PR00003,SR03341,CONT07446,Import,In Yard,91,57.8,2.4
MV06742,DR03791,PR00005,SR05504,CONT07662,Transshipment,Gate Out,81,62.2,0.0
MV06743,DR06857,PR00001,SR03495,CONT00873,Import,Loaded,115,22.6,0.0
MV06744,DR03579,PR00006,SR07743,CONT01316,Export,Customs Hold,116,55.8,14.5
MV06745,DR01659,PR00003,SR03164,CONT06016,Export,Gate Out,74,43.1,0.0
MV06746,DR01530,PR00007,SR02023,CONT00964,Export,Gate Out,77,40.6,0.0
MV06747,DR01177,PR00003,SR07216,CONT06883,Import,In Yard,67,55.2,0.0
MV06748,DR00838,PR00006,SR07919,CONT04928,Export,In Yard,89,49.1,0.0
MV06749,DR04948,PR00004,SR02055,CONT02759,Export,Customs Hold,74,47.6,21.0
MV06750,DR05179,PR00003,SR05627,CONT07604,Import,Discharged,116,44.3,0.0
MV06751,DR07681,PR00007,SR07676,CONT08992,Transshipment,In Yard,99,70.6,0.0
MV06752,DR06610,PR00003,SR09963,CONT02920,Import,Loaded,115,46.0,0.0
MV06753,DR01194,PR00006,SR07998,CONT05915,Import,Discharged,99,41.6,0.0
MV06754,DR05667,PR00001,SR05273,CONT01541,Export,Gate Out,52,40.5,0.0
MV06755,DR06168,PR00004,SR07742,CONT02064,Import,Gate Out,92,39.6,0.0
MV06756,DR09838,PR00007,SR08666,CONT01559,Export,Discharged,120,56.1,0.0
MV06757,DR00831,PR00006,SR07950,CONT03381,Import,Gate Out,70,64.9,0.0
MV06758,DR07268,PR00003,SR03600,CONT03030,Import,Gate Out,52,46.4,0.0
MV06759,DR04580,PR00003,SR04735,CONT03642,Export,Gate Out,93,25.4,0.0
MV06760,DR08597,PR00006,SR07061,CONT08795,Export,In Yard,95,48.1,0.0
MV06761,DR03399,PR00002,SR05950,CONT02544,Export,In Yard,68,48.1,0.0
MV06762,DR00276,PR00007,SR02288,CONT03875,Import,In Yard,60,46.4,0.0
MV06763,DR06455,PR00002,SR03869,CONT07371,Import,Gate Out,72,48.6,0.0
MV06764,DR00670,PR00001,SR00771,CONT01538,Export,In Yard,24,31.8,0.0
MV06765,DR04780,PR00005,SR02304,CONT07455,Transshipment,Discharged,94,42.6,0.0
MV06766,DR01167,PR00003,SR07257,CONT03612,Export,In Yard,52,47.2,0.0
MV06767,DR00847,PR00002,SR01596,CONT07351,Export,Gate Out,63,64.4,0.0
MV06768,DR06555,PR00002,SR07028,CONT03462,Import,Loaded,72,30.5,0.0
MV06769,DR02208,PR00007,SR00654,CONT00839,Export,In Yard,85,47.5,0.0
MV06770,DR09113,PR00004,SR05484,CONT00364,Import,In Yard,88,60.8,0.0
MV06771,DR09623,PR00007,SR00898,CONT03924,Import,Customs Hold,67,46.7,11.7
MV06772,DR02022,PR00002,SR08355,CONT02752,Import,Loaded,95,49.8,0.0
MV06773,DR02287,PR00003,SR06803,CONT05333,Export,In Yard,81,35.4,0.0
MV06774,DR08692,PR00002,SR07056,CONT00424,Export,Discharged,92,37.5,0.0
MV06775,DR02445,PR00003,SR02681,CONT07983,Import,Gate Out,125,40.9,0.0
MV06776,DR02122,PR00001,SR05025,CONT02251,Export,Customs Hold,116,22.1,6.9
MV06777,DR02949,PR00001,SR06628,CONT00081,Import,Customs Hold,114,34.5,10.6
MV06778,DR06767,PR00003,SR05681,CONT01690,Export,Gate Out,71,48.8,0.0
MV06779,DR09675,PR00005,SR08338,CONT05696,Export,In Yard,82,51.2,0.0
MV06780,DR00521,PR00003,SR07681,CONT07892,Export,In Yard,99,59.0,0.0
MV06781,DR01820,PR00003,SR06045,CONT01076,Export,Loaded,111,53.6,0.0
MV06782,DR03285,PR00003,SR02274,CONT04362,Export,Loaded,96,44.1,0.0
MV06783,DR06288,PR00003,SR03328,CONT06741,Import,Gate Out,64,15.2,0.0
MV06784,DR05163,PR00005,SR02461,CONT02259,Export,Discharged,139,37.1,0.0
MV06785,DR09666,PR00006,SR02450,CONT01845,Export,Gate Out,85,61.9,0.0
MV06786,DR05811,PR00006,SR02953,CONT04909,Import,In Yard,94,40.6,0.0
MV06787,DR04823,PR00002,SR05222,CONT06635,Export,Discharged,86,44.5,0.0
MV06788,DR03235,PR00003,SR06585,CONT09494,Import,In Yard,80,37.8,0.0
MV06789,DR03076,PR00006,SR04733,CONT05597,Export,In Yard,73,23.5,0.0
MV06790,DR04523,PR00007,SR09166,CONT00202,Import,Loaded,81,47.3,0.0
MV06791,DR01205,PR00004,SR06420,CONT03281,Export,Discharged,96,66.4,0.0
MV06792,DR00853,PR00003,SR00650,CONT04030,Import,Gate Out,64,48.8,0.0
MV06793,DR06805,PR00005,SR04468,CONT07605,Import,Gate Out,48,36.5,0.0
MV06794,DR03867,PR00007,SR02143,CONT03975,Import,Gate Out,68,27.9,0.0
MV06795,DR00404,PR00003,SR06495,CONT06379,Export,Gate Out,88,39.4,0.0
MV06796,DR03627,PR00001,SR01849,CONT03224,Transshipment,In Yard,51,45.0,0.0
MV06797,DR09227,PR00006,SR07801,CONT02788,Import,Gate Out,52,41.4,0.0
MV06798,DR00320,PR00005,SR00731,CONT05169,Import,Loaded,89,42.3,0.0
MV06799,DR09182,PR00001,SR04526,CONT06225,Export,In Yard,121,59.1,0.0
MV06800,DR05471,PR00002,SR07630,CONT07936,Export,Gate Out,26,34.1,0.0
MV06801,DR00463,PR00004,SR05411,CONT09602,Import,Loaded,16,32.9,0.0
MV06802,DR09640,PR00005,SR09675,CONT08494,Export,Discharged,105,43.8,0.0
MV06803,DR07108,PR00006,SR02143,CONT03740,Export,Loaded,49,60.5,0.0
MV06804,DR05353,PR00001,SR06410,CONT03716,Import,In Yard,69,38.0,0.0
MV06805,DR04951,PR00002,SR05983,CONT02942,Export,In Yard,31,24.0,0.0
MV06806,DR00452,PR00005,SR05263,CONT06410,Import,Gate Out,76,51.1,0.0
MV06807,DR07824,PR00001,SR00587,CONT08983,Transshipment,Loaded,53,29.7,0.0
MV06808,DR00691,PR00003,SR09021,CONT01807,Export,Discharged,118,52.2,0.0
MV06809,DR04960,PR00004,SR07661,CONT05615,Export,In Yard,98,17.9,0.0
MV06810,DR07788,PR00002,SR08845,CONT06987,Transshipment,In Yard,35,36.0,0.0
MV06811,DR01409,PR00006,SR09443,CONT08109,Import,Loaded,36,38.3,0.0
MV06812,DR06183,PR00001,SR03549,CONT08176,Export,Discharged,85,27.5,0.0
MV06813,DR01851,PR00005,SR04291,CONT02222,Export,In Yard,86,32.2,0.0
MV06814,DR06316,PR00004,SR01655,CONT01093,Export,In Yard,58,36.9,0.0
MV06815,DR08603,PR00003,SR07253,CONT08294,Export,Loaded,96,27.1,0.0
MV06816,DR08361,PR00006,SR02451,CONT06085,Import,In Yard,66,10.9,0.0
MV06817,DR07060,PR00002,SR03551,CONT02315,Import,In Yard,72,26.2,0.0
MV06818,DR01463,PR00006,SR07826,CONT01787,Import,Loaded,81,25.7,0.0
MV06819,DR05757,PR00001,SR02872,CONT06760,Export,Customs Hold,48,38.4,12.0
MV06820,DR09915,PR00007,SR07577,CONT08281,Import,Discharged,103,29.5,0.0
MV06821,DR08629,PR00001,SR08673,CONT01122,Export,In Yard,79,46.0,0.0
MV06822,DR06331,PR00004,SR04898,CONT03019,Import,In Yard,98,36.1,0.0
MV06823,DR07348,PR00001,SR05644,CONT05870,Export,In Yard,57,48.2,0.0
MV06824,DR09811,PR00003,SR00984,CONT01140,Import,Discharged,19,43.9,0.0
MV06825,DR09499,PR00001,SR04915,CONT05581,Export,Gate Out,47,30.1,0.0
MV06826,DR05690,PR00001,SR07987,CONT09406,Import,Loaded,104,45.9,0.0
MV06827,DR03364,PR00001,SR00826,CONT05010,Import,Gate Out,78,53.5,0.0
MV06828,DR08242,PR00001,SR05685,CONT02418,Import,In Yard,51,36.8,0.0
MV06829,DR04366,PR00005,SR06535,CONT04683,Transshipment,Loaded,86,49.8,0.0
MV06830,DR05474,PR00003,SR03679,CONT04958,Export,Discharged,78,11.6,0.0
MV06831,DR00094,PR00001,SR06009,CONT03604,Export,Loaded,91,39.3,0.0
MV06832,DR02386,PR00007,SR09323,CONT01140,Transshipment,In Yard,87,36.9,0.0
MV06833,DR00408,PR00004,SR08961,CONT05994,Export,Gate Out,65,52.2,0.0
MV06834,DR09120,PR00002,SR01817,CONT09540,Export,Gate Out,91,42.4,0.0
MV06835,DR07195,PR00003,SR06827,CONT00970,Export,Loaded,133,40.2,0.0
MV06836,DR04860,PR00003,SR02867,CONT07817,Import,Gate Out,57,48.6,0.0
MV06837,DR05068,PR00004,SR05490,CONT01258,Import,Gate Out,119,30.8,0.0
MV06838,DR03096,PR00006,SR02899,CONT01393,Export,Discharged,100,42.4,0.0
MV06839,DR06809,PR00004,SR03011,CONT02503,Import,Loaded,69,14.8,0.0
MV06840,DR08680,PR00007,SR09324,CONT07605,Import,Loaded,95,39.6,0.0
MV06841,DR07940,PR00005,SR02996,CONT05343,Export,Discharged,105,42.0,0.0
MV06842,DR04388,PR00007,SR08846,CONT00482,Import,Gate Out,80,65.9,1.5
MV06843,DR07469,PR00004,SR02126,CONT00883,Export,In Yard,65,46.6,0.0
MV06844,DR03135,PR00005,SR06631,CONT03316,Export,Gate Out,98,38.4,0.0
MV06845,DR02341,PR00005,SR09213,CONT06652,Import,Loaded,97,38.3,0.0
MV06846,DR07681,PR00005,SR04418,CONT08215,Import,Discharged,119,70.7,0.0
MV06847,DR06185,PR00001,SR00096,CONT06856,Import,Gate Out,63,9.3,0.0
MV06848,DR03608,PR00001,SR01375,CONT03709,Export,Discharged,90,50.0,0.0
MV06849,DR01082,PR00002,SR09729,CONT04862,Export,Gate Out,69,44.4,0.0
MV06850,DR03644,PR00002,SR08530,CONT02182,Export,Customs Hold,80,40.0,11.5
MV06851,DR02351,PR00007,SR06721,CONT03957,Import,In Yard,65,39.0,0.0
MV06852,DR08685,PR00005,SR00437,CONT04080,Import,Loaded,90,62.7,0.0
MV06853,DR06875,PR00001,SR04721,CONT00299,Export,In Yard,45,43.3,0.0
MV06854,DR07401,PR00003,SR00090,CONT06432,Export,Discharged,97,35.5,0.0
MV06855,DR08023,PR00002,SR02321,CONT01744,Import,Gate Out,81,37.8,0.0
MV06856,DR02231,PR00006,SR04414,CONT08039,Import,In Yard,88,63.7,0.0
MV06857,DR01521,PR00007,SR08568,CONT04032,Import,Loaded,90,52.0,0.0
MV06858,DR00951,PR00001,SR05689,CONT03559,Import,Gate Out,74,39.4,0.0
MV06859,DR03491,PR00003,SR07992,CONT02989,Export,Gate Out,74,24.1,0.0
MV06860,DR04290,PR00007,SR06345,CONT00965,Transshipment,Gate Out,109,85.1,0.0
MV06861,DR03532,PR00004,SR00681,CONT02065,Import,Gate Out,61,53.9,0.0
MV06862,DR04941,PR00006,SR05604,CONT08917,Export,In Yard,92,76.7,0.0
MV06863,DR02999,PR00002,SR03372,CONT05338,Import,In Yard,104,49.4,0.0
MV06864,DR02178,PR00002,SR04635,CONT06132,Import,In Yard,90,41.3,0.0
MV06865,DR03484,PR00005,SR08449,CONT04861,Import,Loaded,91,43.6,0.0
MV06866,DR09976,PR00001,SR04551,CONT06673,Import,In Yard,76,50.7,0.0
MV06867,DR02374,PR00006,SR07207,CONT02487,Import,Customs Hold,95,67.0,12.2
MV06868,DR02866,PR00005,SR02509,CONT04926,Export,Loaded,112,61.5,0.0
MV06869,DR02089,PR00002,SR06250,CONT04998,Export,In Yard,125,72.8,0.0
MV06870,DR01457,PR00003,SR02063,CONT04409,Export,Gate Out,106,48.7,0.0
MV06871,DR03857,PR00006,SR07725,CONT07367,Export,In Yard,65,35.4,0.0
MV06872,DR01172,PR00007,SR02503,CONT05335,Import,Discharged,107,52.3,0.0
MV06873,DR06372,PR00002,SR03574,CONT00299,Import,Customs Hold,67,54.0,7.6
MV06874,DR01147,PR00006,SR00318,CONT01653,Import,Gate Out,124,42.1,0.0
MV06875,DR08485,PR00001,SR07837,CONT03310,Import,In Yard,75,45.4,0.0
MV06876,DR03116,PR00007,SR02223,CONT06329,Import,Loaded,95,49.8,0.0
MV06877,DR03398,PR00005,SR03319,CONT07045,Transshipment,In Yard,81,50.4,0.0
MV06878,DR01682,PR00001,SR01159,CONT05846,Transshipment,Gate Out,62,39.8,0.0
MV06879,DR05035,PR00005,SR08328,CONT01712,Export,Loaded,86,50.7,0.0
MV06880,DR06616,PR00005,SR08638,CONT07556,Export,Discharged,92,48.3,0.0
MV06881,DR02255,PR00005,SR05280,CONT09624,Export,Discharged,84,52.0,0.0
MV06882,DR06459,PR00002,SR06475,CONT09689,Export,Gate Out,90,39.1,0.0
MV06883,DR08719,PR00005,SR08372,CONT01057,Export,In Yard,105,18.1,5.2
MV06884,DR01102,PR00006,SR02649,CONT01451,Import,Customs Hold,68,28.0,21.1
MV06885,DR07037,PR00002,SR09005,CONT02369,Transshipment,In Yard,78,43.5,5.0
MV06886,DR08286,PR00002,SR06296,CONT07631,Export,Discharged,48,30.0,0.0
MV06887,DR09937,PR00006,SR04119,CONT04840,Import,In Yard,47,45.0,2.8
MV06888,DR07594,PR00004,SR08208,CONT04508,Export,Gate Out,112,47.8,3.9
MV06889,DR05730,PR00003,SR03603,CONT03123,Export,Loaded,67,37.9,0.0
MV06890,DR04070,PR00006,SR08787,CONT05718,Transshipment,Gate Out,123,51.9,0.0
MV06891,DR09863,PR00001,SR07916,CONT01061,Import,In Yard,49,51.5,0.0
MV06892,DR03549,PR00006,SR07452,CONT01435,Export,Loaded,96,45.3,0.0
MV06893,DR08543,PR00003,SR06451,CONT09505,Import,In Yard,57,23.5,0.0
MV06894,DR01923,PR00001,SR03662,CONT07503,Import,Loaded,112,50.0,0.0
MV06895,DR02165,PR00007,SR00367,CONT09736,Import,Loaded,129,64.3,0.0
MV06896,DR04431,PR00005,SR02079,CONT06606,Import,Discharged,67,10.7,0.0
MV06897,DR04764,PR00002,SR04915,CONT07440,Import,Loaded,52,28.1,0.0
MV06898,DR04598,PR00007,SR09501,CONT07208,Export,Gate Out,109,55.4,0.0
MV06899,DR03771,PR00007,SR02819,CONT04737,Export,Loaded,67,40.8,0.0
MV06900,DR04002,PR00006,SR01351,CONT08823,Export,Gate Out,77,43.2,0.0
MV06901,DR09781,PR00001,SR08449,CONT03820,Import,Discharged,12,25.9,0.0
MV06902,DR01530,PR00001,SR09684,CONT01008,Import,In Yard,59,50.2,0.0
MV06903,DR08583,PR00005,SR00746,CONT07979,Export,Discharged,104,46.7,0.0
MV06904,DR01220,PR00007,SR09154,CONT05214,Export,Gate Out,117,27.6,0.0
MV06905,DR05918,PR00002,SR07085,CONT08546,Export,Gate Out,36,47.0,4.5
MV06906,DR08485,PR00003,SR04876,CONT04398,Import,Loaded,85,51.3,0.0
MV06907,DR03672,PR00001,SR09560,CONT03286,Import,Discharged,41,35.5,0.0
MV06908,DR01495,PR00003,SR04700,CONT07918,Transshipment,Discharged,75,19.1,0.0
MV06909,DR06278,PR00004,SR08129,CONT00638,Import,Loaded,92,54.2,0.0
MV06910,DR08632,PR00001,SR00932,CONT01144,Import,Loaded,44,22.7,0.0
MV06911,DR00863,PR00004,SR01299,CONT07316,Import,In Yard,125,43.8,0.0
MV06912,DR06354,PR00004,SR09149,CONT08373,Export,Loaded,90,37.0,0.0
MV06913,DR09963,PR00003,SR03367,CONT09504,Export,In Yard,90,24.3,0.0
MV06914,DR06764,PR00006,SR04946,CONT09324,Export,Discharged,89,41.6,0.0
MV06915,DR05882,PR00001,SR00024,CONT09822,Export,Discharged,71,36.6,0.0
MV06916,DR03772,PR00001,SR00162,CONT06747,Import,In Yard,104,45.5,0.0
MV06917,DR06275,PR00003,SR05915,CONT02179,Import,In Yard,91,46.3,0.0
MV06918,DR01479,PR00003,SR03356,CONT01149,Transshipment,Gate Out,69,35.3,0.0
MV06919,DR05598,PR00002,SR05211,CONT06075,Import,Discharged,53,54.6,0.0
MV06920,DR04294,PR00007,SR05766,CONT09879,Export,Customs Hold,103,51.4,5.6
MV06921,DR07925,PR00002,SR03598,CONT00340,Export,Discharged,42,25.3,0.0
MV06922,DR06168,PR00002,SR04701,CONT04262,Import,Customs Hold,68,41.2,12.8
MV06923,DR03937,PR00006,SR01031,CONT00030,Transshipment,In Yard,77,46.2,0.0
MV06924,DR04971,PR00007,SR03229,CONT05581,Import,Loaded,91,57.0,0.0
MV06925,DR02281,PR00003,SR01253,CONT09345,Export,Customs Hold,76,40.6,13.5
MV06926,DR08849,PR00001,SR04585,CONT01849,Import,Gate Out,77,31.9,3.2
MV06927,DR06724,PR00002,SR04643,CONT01361,Export,Customs Hold,94,25.7,14.3
MV06928,DR01195,PR00002,SR03507,CONT07029,Export,Gate Out,78,30.6,0.0
MV06929,DR04459,PR00003,SR08171,CONT08927,Import,In Yard,127,19.5,0.0
MV06930,DR07294,PR00005,SR09173,CONT03717,Transshipment,In Yard,98,51.9,0.0
MV06931,DR05209,PR00003,SR06677,CONT00384,Import,Discharged,56,18.1,0.0
MV06932,DR05356,PR00003,SR01992,CONT02978,Import,In Yard,27,32.4,0.0
MV06933,DR02913,PR00005,SR02622,CONT01965,Import,Loaded,77,59.5,0.0
MV06934,DR05992,PR00002,SR04046,CONT06485,Export,Gate Out,51,34.4,0.0
MV06935,DR04849,PR00001,SR09487,CONT09528,Import,In Yard,67,33.2,0.0
MV06936,DR01780,PR00006,SR08786,CONT02927,Export,Gate Out,98,57.3,0.0
MV06937,DR05408,PR00001,SR00443,CONT02187,Export,Gate Out,83,46.7,0.0
MV06938,DR06504,PR00001,SR04091,CONT06152,Export,Gate Out,49,49.5,0.0
MV06939,DR07216,PR00001,SR04653,CONT05292,Transshipment,Discharged,98,51.3,0.0
MV06940,DR05232,PR00004,SR05044,CONT05831,Export,In Yard,87,45.2,0.0
MV06941,DR04242,PR00004,SR00026,CONT05255,Import,Discharged,85,21.0,0.0
MV06942,DR09731,PR00003,SR05034,CONT07503,Export,Customs Hold,97,48.1,12.9
MV06943,DR01868,PR00003,SR08930,CONT07567,Import,Discharged,88,68.6,0.0
MV06944,DR06181,PR00003,SR07343,CONT04512,Import,Customs Hold,74,55.4,15.4
MV06945,DR05350,PR00001,SR04387,CONT07386,Import,Loaded,93,54.6,0.0
MV06946,DR05254,PR00006,SR04367,CONT07911,Import,In Yard,77,32.7,0.0
MV06947,DR03930,PR00007,SR01232,CONT00271,Export,Loaded,126,54.1,0.0
MV06948,DR01980,PR00004,SR01671,CONT04251,Export,Gate Out,81,45.8,0.0
MV06949,DR02047,PR00003,SR08681,CONT08972,Export,Loaded,64,44.8,0.0
MV06950,DR01585,PR00006,SR08263,CONT03905,Transshipment,Loaded,88,57.8,0.0
MV06951,DR00279,PR00001,SR03032,CONT09219,Import,Discharged,64,23.3,0.0
MV06952,DR04639,PR00002,SR06977,CONT00508,Import,Discharged,92,33.2,0.0
MV06953,DR03319,PR00007,SR03991,CONT09882,Import,Gate Out,71,26.2,0.0
MV06954,DR07000,PR00001,SR08668,CONT05358,Import,In Yard,78,43.4,0.0
MV06955,DR07296,PR00001,SR08912,CONT03236,Transshipment,Discharged,56,35.6,0.0
MV06956,DR01208,PR00004,SR03128,CONT01491,Import,Discharged,74,44.0,0.0
MV06957,DR06253,PR00004,SR01363,CONT07358,Import,Loaded,69,35.7,0.0
MV06958,DR08956,PR00004,SR02958,CONT07194,Import,Loaded,106,37.5,0.0
MV06959,DR09091,PR00001,SR07728,CONT00604,Import,Discharged,61,36.0,0.0
MV06960,DR08510,PR00005,SR00012,CONT05548,Export,Loaded,100,66.4,0.0
MV06961,DR05811,PR00002,SR00946,CONT07806,Transshipment,Gate Out,84,59.9,0.0
MV06962,DR00142,PR00007,SR00305,CONT01457,Export,Gate Out,113,67.4,4.0
MV06963,DR06446,PR00002,SR01811,CONT05573,Import,In Yard,70,35.4,0.0
MV06964,DR07875,PR00001,SR04320,CONT03797,Export,Loaded,42,20.6,0.0
MV06965,DR06895,PR00004,SR06617,CONT09061,Export,Gate Out,116,60.0,0.0
MV06966,DR09316,PR00002,SR07492,CONT05698,Import,Gate Out,65,54.1,0.0
MV06967,DR04204,PR00004,SR08046,CONT04531,Export,Discharged,103,55.9,0.0
MV06968,DR06169,PR00002,SR00891,CONT00527,Export,In Yard,83,37.2,0.0
MV06969,DR04618,PR00003,SR07835,CONT05312,Export,Discharged,98,40.9,0.0
MV06970,DR06813,PR00001,SR01126,CONT05476,Import,Loaded,76,45.9,0.0
MV06971,DR04880,PR00003,SR08043,CONT03829,Export,Loaded,92,52.5,0.0
MV06972,DR01832,PR00001,SR03844,CONT09536,Export,Discharged,155,49.7,0.0
MV06973,DR02188,PR00002,SR03078,CONT09894,Export,Loaded,56,21.1,0.0
MV06974,DR05292,PR00001,SR07564,CONT04281,Import,Loaded,86,25.1,0.0
MV06975,DR00293,PR00006,SR09318,CONT02091,Import,Loaded,107,52.3,0.0
MV06976,DR04469,PR00005,SR01007,CONT09892,Export,Gate Out,82,55.5,0.0
MV06977,DR01021,PR00001,SR01163,CONT08648,Export,Customs Hold,51,45.8,13.0
MV06978,DR03070,PR00001,SR06200,CONT06746,Transshipment,Discharged,90,34.8,0.0
MV06979,DR00498,PR00001,SR04739,CONT02048,Import,Loaded,53,10.3,0.0
MV06980,DR04834,PR00002,SR03542,CONT02625,Import,In Yard,109,64.9,0.0
MV06981,DR08683,PR00003,SR02408,CONT07268,Export,In Yard,89,65.1,0.0
MV06982,DR00216,PR00003,SR02317,CONT03290,Export,Discharged,54,40.6,0.0
MV06983,DR08073,PR00007,SR08542,CONT01243,Export,Gate Out,46,39.4,0.0
MV06984,DR02419,PR00006,SR09820,CONT01986,Export,In Yard,112,47.5,0.0
MV06985,DR07296,PR00001,SR01363,CONT09979,Import,In Yard,64,52.1,0.0
MV06986,DR03400,PR00001,SR08510,CONT00513,Import,In Yard,130,51.0,0.0
MV06987,DR02688,PR00001,SR00035,CONT00671,Import,Gate Out,88,40.4,0.0
MV06988,DR01838,PR00001,SR01993,CONT02945,Import,Gate Out,91,66.6,0.0
MV06989,DR05750,PR00003,SR05473,CONT09728,Export,Gate Out,89,19.1,0.0
MV06990,DR01547,PR00001,SR04404,CONT00915,Import,In Yard,79,34.2,0.0
MV06991,DR04118,PR00001,SR03814,CONT05012,Export,Loaded,70,34.5,0.0
MV06992,DR05445,PR00001,SR02723,CONT03787,Import,Gate Out,74,41.4,0.0
MV06993,DR00228,PR00004,SR03089,CONT02449,Export,Gate Out,98,57.2,0.0
MV06994,DR09477,PR00001,SR04890,CONT07894,Export,Loaded,103,46.8,0.0
MV06995,DR09970,PR00007,SR01219,CONT09202,Import,Gate Out,72,50.6,0.0
MV06996,DR05377,PR00003,SR02238,CONT01339,Export,Discharged,75,23.7,0.0
MV06997,DR01232,PR00002,SR02414,CONT05367,Transshipment,Gate Out,68,53.9,0.0
MV06998,DR07474,PR00003,SR00528,CONT09001,Transshipment,Gate Out,54,22.2,0.0
MV06999,DR07620,PR00003,SR00059,CONT03854,Import,Gate Out,134,43.8,0.0
MV07000,DR03456,PR00003,SR04786,CONT05431,Export,In Yard,75,44.0,0.0
MV07001,DR09385,PR00003,SR09506,CONT06998,Import,Loaded,74,38.5,0.0
MV07002,DR09775,PR00002,SR06572,CONT09108,Import,In Yard,97,34.7,5.1
MV07003,DR00321,PR00002,SR05542,CONT05479,Import,Loaded,93,55.0,0.0
MV07004,DR03552,PR00001,SR03944,CONT03431,Transshipment,Gate Out,61,56.9,0.0
MV07005,DR04203,PR00005,SR00229,CONT04407,Export,Gate Out,83,47.0,0.0
MV07006,DR09405,PR00004,SR01846,CONT02685,Import,Loaded,88,21.4,0.0
MV07007,DR01352,PR00004,SR07430,CONT01422,Transshipment,Discharged,82,54.1,0.0
MV07008,DR08666,PR00007,SR06134,CONT07767,Export,Discharged,88,36.0,0.0
MV07009,DR02830,PR00003,SR08933,CONT07752,Import,Loaded,55,41.7,2.1
MV07010,DR08391,PR00006,SR08066,CONT08656,Export,In Yard,95,45.3,0.0
MV07011,DR02317,PR00003,SR08578,CONT02588,Export,Loaded,74,14.5,0.0
MV07012,DR09571,PR00003,SR03253,CONT09049,Import,Discharged,86,39.9,0.0
MV07013,DR08280,PR00004,SR07356,CONT08294,Import,Gate Out,67,48.5,0.0
MV07014,DR08699,PR00002,SR08915,CONT09572,Import,Gate Out,23,34.3,0.0
MV07015,DR01812,PR00002,SR00832,CONT02508,Import,Discharged,70,25.2,0.0
MV07016,DR09310,PR00003,SR01438,CONT03269,Export,Gate Out,92,55.5,0.0
MV07017,DR03160,PR00001,SR02216,CONT04000,Import,Discharged,70,16.3,0.0
MV07018,DR04944,PR00002,SR03905,CONT03943,Import,In Yard,62,40.5,0.0
MV07019,DR01820,PR00006,SR02490,CONT09534,Transshipment,Loaded,103,36.5,0.0
MV07020,DR02310,PR00003,SR00513,CONT08947,Transshipment,In Yard,91,52.6,5.5
MV07021,DR03619,PR00001,SR06336,CONT00624,Export,Discharged,61,37.0,0.0
MV07022,DR06589,PR00001,SR07200,CONT09862,Export,Loaded,39,44.3,0.0
MV07023,DR03466,PR00007,SR03517,CONT08701,Transshipment,In Yard,100,70.7,0.0
MV07024,DR04594,PR00007,SR09266,CONT04121,Export,Discharged,68,56.0,0.0
MV07025,DR01063,PR00004,SR07474,CONT04927,Import,Loaded,55,51.3,0.0
MV07026,DR00860,PR00001,SR05828,CONT05196,Import,Gate Out,84,51.6,0.0
MV07027,DR08893,PR00003,SR00417,CONT08991,Import,Loaded,95,18.7,0.0
MV07028,DR08743,PR00002,SR04292,CONT04714,Import,Loaded,96,42.5,0.0
MV07029,DR00225,PR00006,SR07635,CONT08531,Import,In Yard,75,53.0,0.0
MV07030,DR00001,PR00003,SR05697,CONT07950,Import,Customs Hold,69,46.2,16.5
MV07031,DR07298,PR00005,SR08571,CONT05019,Import,Loaded,75,38.9,0.0
MV07032,DR03131,PR00003,SR07579,CONT06987,Export,In Yard,107,56.3,0.0
MV07033,DR07009,PR00006,SR09839,CONT08118,Import,Gate Out,113,33.0,0.0
MV07034,DR00296,PR00003,SR04297,CONT00960,Import,In Yard,54,66.9,0.0
MV07035,DR09074,PR00003,SR01542,CONT02067,Export,In Yard,73,52.3,0.0
MV07036,DR03818,PR00003,SR08417,CONT03384,Import,In Yard,49,25.0,0.0
MV07037,DR09980,PR00004,SR08120,CONT02206,Export,Discharged,71,56.1,0.0
MV07038,DR01016,PR00006,SR03326,CONT05236,Import,Discharged,35,31.0,0.0
MV07039,DR05472,PR00003,SR00718,CONT02938,Export,Loaded,99,49.1,0.0
MV07040,DR07471,PR00007,SR03285,CONT07309,Export,Gate Out,69,52.5,0.0
MV07041,DR07060,PR00003,SR04706,CONT04403,Import,Gate Out,89,39.7,0.0
MV07042,DR06877,PR00002,SR08528,CONT09549,Export,In Yard,123,41.9,0.0
MV07043,DR08803,PR00002,SR03915,CONT09171,Export,In Yard,116,48.3,0.0
MV07044,DR00227,PR00001,SR07780,CONT01398,Transshipment,Discharged,68,30.0,3.3
MV07045,DR03476,PR00006,SR06649,CONT02638,Export,Customs Hold,62,45.1,18.1
MV07046,DR01564,PR00001,SR00327,CONT02165,Export,Gate Out,60,40.0,0.0
MV07047,DR04863,PR00002,SR01169,CONT02523,Import,Loaded,102,66.8,0.0
MV07048,DR01411,PR00002,SR04915,CONT00097,Import,Gate Out,25,56.8,0.0
MV07049,DR07918,PR00005,SR03769,CONT03136,Import,In Yard,101,42.5,0.0
MV07050,DR07910,PR00007,SR08806,CONT01006,Import,In Yard,67,43.2,3.8
MV07051,DR04316,PR00006,SR07363,CONT01744,Transshipment,Discharged,84,42.5,0.0
MV07052,DR05933,PR00002,SR04901,CONT02985,Import,Discharged,88,32.2,0.0
MV07053,DR01431,PR00003,SR02998,CONT06906,Export,Discharged,61,56.2,0.0
MV07054,DR04934,PR00002,SR00057,CONT01924,Transshipment,Gate Out,72,44.2,0.0
MV07055,DR03978,PR00007,SR00076,CONT02965,Import,Gate Out,123,42.5,0.0
MV07056,DR08913,PR00001,SR05709,CONT08242,Import,In Yard,53,41.9,0.0
MV07057,DR02020,PR00007,SR00110,CONT08137,Import,Discharged,70,17.8,0.0
MV07058,DR02595,PR00006,SR00692,CONT08184,Import,In Yard,87,44.5,0.0
MV07059,DR03910,PR00005,SR00931,CONT09551,Export,Loaded,109,69.8,0.0
MV07060,DR02827,PR00005,SR02003,CONT05203,Import,Loaded,87,66.4,0.0
MV07061,DR03207,PR00002,SR08865,CONT01628,Export,Discharged,45,52.5,0.0
MV07062,DR07961,PR00002,SR00510,CONT01692,Import,In Yard,68,29.5,4.7
MV07063,DR06391,PR00003,SR05895,CONT00195,Export,Customs Hold,83,26.9,21.5
MV07064,DR00405,PR00001,SR08800,CONT03737,Import,Gate Out,44,27.6,0.0
MV07065,DR03602,PR00005,SR00921,CONT06762,Import,In Yard,73,44.2,0.0
MV07066,DR06989,PR00003,SR05752,CONT01002,Import,Discharged,80,29.5,0.0
MV07067,DR07327,PR00006,SR00280,CONT09950,Export,Discharged,103,31.7,0.0
MV07068,DR05451,PR00006,SR03793,CONT02655,Export,Loaded,110,65.6,0.0
MV07069,DR01845,PR00001,SR08931,CONT06146,Import,Loaded,85,43.9,0.0
MV07070,DR04657,PR00002,SR04456,CONT09949,Export,Gate Out,93,35.8,0.0
MV07071,DR00609,PR00003,SR06235,CONT09020,Import,Loaded,51,46.3,0.0
MV07072,DR00400,PR00001,SR04916,CONT05641,Export,In Yard,56,52.3,0.0
MV07073,DR09341,PR00005,SR04129,CONT08177,Transshipment,Discharged,72,11.1,0.0
MV07074,DR01730,PR00005,SR01062,CONT06840,Import,Loaded,116,58.4,0.0
MV07075,DR03139,PR00005,SR03996,CONT03528,Export,In Yard,56,39.2,0.0
MV07076,DR03392,PR00003,SR04210,CONT07555,Import,In Yard,102,16.3,0.0
MV07077,DR05520,PR00006,SR06075,CONT02716,Export,In Yard,66,56.7,0.0
MV07078,DR06391,PR00004,SR04588,CONT01651,Import,In Yard,64,41.5,0.0
MV07079,DR09890,PR00007,SR00475,CONT06666,Export,In Yard,92,34.2,0.0
MV07080,DR02081,PR00006,SR06152,CONT08921,Export,Customs Hold,116,58.7,11.1
MV07081,DR01005,PR00005,SR04304,CONT09270,Import,Customs Hold,69,42.4,15.3
MV07082,DR09998,PR00001,SR02537,CONT09702,Export,Gate Out,80,41.0,0.0
MV07083,DR00333,PR00006,SR03366,CONT06398,Import,Discharged,106,26.4,0.0
MV07084,DR09299,PR00002,SR08531,CONT05943,Transshipment,Loaded,86,43.6,0.0
MV07085,DR08393,PR00003,SR09001,CONT06780,Export,In Yard,107,30.3,0.0
MV07086,DR07685,PR00003,SR04148,CONT03729,Import,Discharged,73,36.9,4.8
MV07087,DR03269,PR00002,SR09049,CONT04518,Import,Gate Out,67,15.4,3.7
MV07088,DR06910,PR00001,SR02224,CONT08988,Export,Discharged,61,21.5,0.0
MV07089,DR03972,PR00001,SR00415,CONT01925,Export,Gate Out,85,62.0,0.0
MV07090,DR07679,PR00006,SR05712,CONT05850,Import,Discharged,53,56.6,0.0
MV07091,DR07846,PR00004,SR06387,CONT06897,Transshipment,Loaded,89,59.1,0.0
MV07092,DR07205,PR00007,SR04394,CONT09433,Export,Loaded,103,72.1,0.0
MV07093,DR04563,PR00006,SR01881,CONT08907,Transshipment,In Yard,82,19.2,0.0
MV07094,DR04739,PR00003,SR01805,CONT05232,Import,Discharged,122,48.3,0.0
MV07095,DR00634,PR00006,SR00650,CONT01050,Import,Loaded,128,56.7,0.0
MV07096,DR01045,PR00004,SR08567,CONT02793,Import,In Yard,86,37.5,0.0
MV07097,DR08695,PR00002,SR03561,CONT09908,Import,Discharged,26,11.3,0.0
MV07098,DR01734,PR00007,SR06054,CONT00667,Import,Gate Out,78,58.5,0.0
MV07099,DR08932,PR00007,SR01655,CONT04057,Import,In Yard,46,53.0,0.0
MV07100,DR08538,PR00001,SR07789,CONT01544,Export,Loaded,80,27.9,0.0
MV07101,DR00283,PR00006,SR05647,CONT06515,Import,Customs Hold,109,64.5,17.3
MV07102,DR09124,PR00001,SR08193,CONT03276,Import,Discharged,58,37.6,0.0
MV07103,DR06565,PR00007,SR05835,CONT08476,Export,Gate Out,73,55.2,0.0
MV07104,DR04454,PR00004,SR04012,CONT07705,Export,Loaded,120,36.6,0.0
MV07105,DR00547,PR00001,SR02307,CONT03625,Export,Gate Out,56,37.1,0.0
MV07106,DR07145,PR00006,SR09439,CONT04304,Export,In Yard,67,44.7,0.0
MV07107,DR04898,PR00003,SR09915,CONT05352,Import,Discharged,76,38.0,0.0
MV07108,DR07739,PR00001,SR00592,CONT06751,Export,Customs Hold,99,11.2,11.2
MV07109,DR04631,PR00006,SR01557,CONT08509,Export,Customs Hold,101,53.7,8.8
MV07110,DR05878,PR00006,SR02394,CONT07185,Import,In Yard,133,56.6,0.0
MV07111,DR02957,PR00003,SR09575,CONT01793,Import,Loaded,124,36.7,0.0
MV07112,DR00855,PR00005,SR02001,CONT00280,Transshipment,Customs Hold,67,47.4,9.0
MV07113,DR09350,PR00001,SR02616,CONT00210,Import,Gate Out,54,41.2,0.0
MV07114,DR00346,PR00002,SR01854,CONT00310,Import,Loaded,84,46.8,0.0
MV07115,DR01681,PR00005,SR06215,CONT02549,Import,Customs Hold,62,37.1,12.4
MV07116,DR02090,PR00002,SR07749,CONT08067,Export,Loaded,124,25.3,0.0
MV07117,DR04249,PR00003,SR05980,CONT09724,Export,Gate Out,116,23.1,0.0
MV07118,DR02749,PR00007,SR00859,CONT07480,Transshipment,Gate Out,120,61.9,0.0
MV07119,DR00080,PR00006,SR09929,CONT06426,Export,Loaded,55,29.3,0.0
MV07120,DR01817,PR00004,SR02180,CONT06747,Export,Customs Hold,89,38.1,9.3
MV07121,DR09943,PR00004,SR05133,CONT04562,Import,In Yard,59,49.4,0.0
MV07122,DR04473,PR00006,SR01991,CONT02537,Import,In Yard,54,13.7,0.0
MV07123,DR02195,PR00006,SR01622,CONT03166,Export,Discharged,91,28.6,0.0
MV07124,DR05769,PR00001,SR07798,CONT02408,Transshipment,Discharged,58,44.3,4.5
MV07125,DR01375,PR00003,SR02606,CONT09417,Export,In Yard,76,40.1,0.0
MV07126,DR01585,PR00001,SR08595,CONT00172,Transshipment,Gate Out,112,18.1,0.0
MV07127,DR03421,PR00001,SR00346,CONT00967,Export,In Yard,74,34.3,0.0
MV07128,DR06616,PR00002,SR01141,CONT02641,Export,Discharged,65,41.8,0.0
MV07129,DR02771,PR00004,SR09167,CONT00280,Export,In Yard,54,28.2,0.0
MV07130,DR07881,PR00006,SR01049,CONT09827,Import,In Yard,103,30.7,0.0
MV07131,DR03668,PR00007,SR09756,CONT08028,Import,Loaded,106,33.0,0.0
MV07132,DR09726,PR00003,SR00016,CONT04480,Import,Discharged,91,58.0,0.0
MV07133,DR08039,PR00003,SR04389,CONT00040,Import,Discharged,64,54.6,0.0
MV07134,DR07851,PR00001,SR06274,CONT01203,Import,In Yard,58,47.8,0.0
MV07135,DR04416,PR00001,SR08074,CONT03745,Import,Gate Out,67,50.0,0.0
MV07136,DR07161,PR00001,SR04712,CONT05522,Export,In Yard,60,52.6,0.0
MV07137,DR01330,PR00007,SR03765,CONT02278,Export,Loaded,107,25.3,0.0
MV07138,DR01100,PR00001,SR07906,CONT06149,Export,Loaded,48,51.0,0.0
MV07139,DR00726,PR00005,SR03707,CONT01248,Export,Discharged,130,53.5,0.0
MV07140,DR07281,PR00002,SR08429,CONT03080,Import,In Yard,90,72.2,0.0
MV07141,DR03310,PR00003,SR00495,CONT01005,Import,In Yard,59,81.0,0.0
MV07142,DR06864,PR00006,SR02558,CONT01315,Export,Discharged,92,43.0,0.0
MV07143,DR03412,PR00007,SR00475,CONT08712,Import,Loaded,90,39.0,0.0
MV07144,DR04156,PR00002,SR03383,CONT05078,Export,Gate Out,76,30.5,0.0
MV07145,DR01391,PR00007,SR01440,CONT02557,Export,Discharged,105,47.9,0.0
MV07146,DR09752,PR00002,SR01984,CONT08090,Import,Customs Hold,95,50.5,14.7
MV07147,DR01526,PR00006,SR09209,CONT08556,Export,Loaded,108,77.8,3.9
MV07148,DR02413,PR00001,SR02938,CONT04455,Import,Loaded,93,43.9,0.0
MV07149,DR09253,PR00003,SR04003,CONT05713,Export,Customs Hold,21,35.4,15.4
MV07150,DR08063,PR00005,SR07309,CONT06421,Export,Loaded,88,46.2,0.0
MV07151,DR08759,PR00006,SR05388,CONT03377,Export,Gate Out,104,42.8,0.0
MV07152,DR06280,PR00006,SR04218,CONT01741,Export,Loaded,99,29.7,0.0
MV07153,DR02625,PR00002,SR01391,CONT00535,Export,Discharged,104,43.6,0.0
MV07154,DR03227,PR00006,SR06539,CONT02051,Import,In Yard,89,75.8,0.0
MV07155,DR06393,PR00002,SR04465,CONT06404,Export,In Yard,45,47.0,0.0
MV07156,DR09041,PR00002,SR05454,CONT00680,Export,Customs Hold,126,41.3,13.8
MV07157,DR09957,PR00001,SR05048,CONT05733,Import,Loaded,73,50.6,0.0
MV07158,DR02820,PR00002,SR08639,CONT07628,Import,Gate Out,75,80.2,0.0
MV07159,DR00153,PR00001,SR04924,CONT04272,Transshipment,Discharged,56,42.6,0.0
MV07160,DR01199,PR00005,SR05715,CONT04482,Import,Gate Out,81,30.4,0.0
MV07161,DR03434,PR00001,SR08177,CONT01342,Export,Loaded,68,36.9,0.0
MV07162,DR09283,PR00004,SR02155,CONT07290,Import,Discharged,63,50.8,0.0
MV07163,DR06587,PR00001,SR06372,CONT07004,Import,Loaded,58,43.4,0.0
MV07164,DR03729,PR00005,SR08937,CONT09144,Export,In Yard,73,60.9,0.0
MV07165,DR07328,PR00002,SR01477,CONT00678,Export,Loaded,80,48.8,0.0
MV07166,DR02487,PR00002,SR06961,CONT00516,Export,Gate Out,100,13.0,0.0
MV07167,DR00264,PR00004,SR03601,CONT03459,Import,In Yard,98,46.6,0.0
MV07168,DR02750,PR00007,SR03809,CONT04597,Export,In Yard,97,56.2,0.0
MV07169,DR07568,PR00007,SR00357,CONT06467,Export,In Yard,107,55.4,5.7
MV07170,DR01359,PR00002,SR01902,CONT03179,Import,In Yard,80,30.5,0.0
MV07171,DR07956,PR00007,SR03256,CONT09158,Export,Customs Hold,139,80.9,20.2
MV07172,DR07627,PR00004,SR06618,CONT03001,Import,In Yard,140,36.4,0.0
MV07173,DR06819,PR00007,SR03894,CONT00806,Import,Gate Out,87,36.2,0.0
MV07174,DR02779,PR00001,SR05901,CONT02940,Import,Loaded,76,37.0,0.0
MV07175,DR07556,PR00001,SR02998,CONT01524,Import,Discharged,77,53.2,0.0
MV07176,DR00133,PR00001,SR04063,CONT05792,Export,In Yard,95,61.8,0.0
MV07177,DR01446,PR00006,SR02912,CONT09140,Transshipment,In Yard,95,61.8,2.4
MV07178,DR09972,PR00001,SR03187,CONT07313,Import,In Yard,50,53.6,0.0
MV07179,DR09485,PR00001,SR00029,CONT01896,Import,Discharged,51,19.1,0.0
MV07180,DR07063,PR00004,SR06387,CONT08751,Transshipment,Gate Out,90,22.4,0.0
MV07181,DR04044,PR00007,SR09485,CONT00186,Import,Loaded,100,48.2,0.0
MV07182,DR00349,PR00004,SR01092,CONT02403,Import,Loaded,44,50.0,0.0
MV07183,DR05930,PR00005,SR02309,CONT05255,Export,In Yard,84,59.9,0.0
MV07184,DR09661,PR00001,SR05130,CONT08737,Import,Loaded,115,30.7,0.0
MV07185,DR09705,PR00007,SR05999,CONT09977,Export,Gate Out,73,36.3,0.0
MV07186,DR08954,PR00001,SR09904,CONT05589,Transshipment,In Yard,77,57.2,0.0
MV07187,DR09685,PR00002,SR00903,CONT09458,Export,In Yard,90,50.0,0.0
MV07188,DR05805,PR00003,SR09163,CONT01264,Export,Customs Hold,95,10.1,16.4
MV07189,DR00182,PR00002,SR03423,CONT01897,Import,In Yard,52,26.9,0.0
MV07190,DR05300,PR00004,SR02837,CONT02007,Import,Loaded,84,54.8,0.0
MV07191,DR00761,PR00005,SR03771,CONT04460,Export,In Yard,102,34.6,0.0
MV07192,DR04257,PR00002,SR04008,CONT09326,Transshipment,Discharged,81,28.7,0.0
MV07193,DR06498,PR00001,SR04752,CONT00451,Export,Discharged,116,33.7,0.0
MV07194,DR06491,PR00001,SR08871,CONT05649,Import,Customs Hold,87,49.4,12.1
MV07195,DR06361,PR00001,SR08309,CONT09082,Export,Discharged,63,39.9,0.0
MV07196,DR00744,PR00007,SR06282,CONT03907,Import,Loaded,113,74.8,2.8
MV07197,DR01070,PR00004,SR07504,CONT03504,Export,Loaded,81,38.9,5.7
MV07198,DR09221,PR00001,SR02606,CONT03659,Export,Loaded,60,35.3,0.0
MV07199,DR00555,PR00001,SR07424,CONT05032,Import,Loaded,94,44.3,0.0
MV07200,DR00156,PR00006,SR02868,CONT08203,Export,Discharged,102,41.4,0.0
MV07201,DR02173,PR00006,SR03482,CONT02051,Export,Loaded,140,32.7,0.0
MV07202,DR00522,PR00007,SR00052,CONT07759,Export,In Yard,109,46.4,0.0
MV07203,DR01127,PR00001,SR07645,CONT04028,Import,In Yard,78,26.3,0.0
MV07204,DR08498,PR00003,SR08633,CONT00254,Import,Discharged,12,35.4,0.0
MV07205,DR07229,PR00001,SR07941,CONT05724,Export,Customs Hold,98,38.2,10.9
MV07206,DR06745,PR00006,SR01093,CONT07592,Import,Customs Hold,91,51.4,19.2
MV07207,DR04440,PR00003,SR05383,CONT04822,Import,In Yard,77,34.4,0.0
MV07208,DR04362,PR00005,SR03216,CONT02936,Import,Discharged,101,21.0,0.0
MV07209,DR03433,PR00001,SR05603,CONT03088,Import,Discharged,66,25.9,0.0
MV07210,DR02233,PR00005,SR03565,CONT00854,Export,Gate Out,52,26.4,0.0
MV07211,DR04830,PR00002,SR05463,CONT05874,Transshipment,Gate Out,102,70.5,0.0
MV07212,DR05481,PR00006,SR08409,CONT06653,Export,In Yard,112,50.1,0.0
MV07213,DR03636,PR00001,SR04573,CONT05467,Export,Gate Out,71,50.7,0.0
MV07214,DR06964,PR00006,SR00181,CONT07819,Import,Discharged,62,40.3,0.0
MV07215,DR09023,PR00001,SR07432,CONT03895,Export,In Yard,97,65.8,0.0
MV07216,DR01539,PR00004,SR01319,CONT09101,Import,In Yard,106,34.1,0.0
MV07217,DR04484,PR00005,SR02845,CONT04847,Export,In Yard,128,41.7,0.0
MV07218,DR08331,PR00003,SR09081,CONT08268,Export,Discharged,78,55.5,0.0
MV07219,DR09012,PR00002,SR05752,CONT02477,Export,Gate Out,46,36.8,1.8
MV07220,DR00735,PR00002,SR02189,CONT02236,Import,Discharged,73,29.8,0.0
MV07221,DR05845,PR00002,SR08540,CONT04931,Export,Gate Out,92,40.2,0.0
MV07222,DR08159,PR00004,SR01847,CONT03354,Export,In Yard,117,75.6,0.0
MV07223,DR08478,PR00001,SR03840,CONT03496,Import,Gate Out,69,62.6,3.0
MV07224,DR06378,PR00001,SR05582,CONT08390,Transshipment,Loaded,59,45.3,0.0
MV07225,DR03493,PR00002,SR03872,CONT06109,Import,In Yard,68,40.1,0.0
MV07226,DR02306,PR00002,SR02333,CONT05185,Import,In Yard,95,53.7,0.0
MV07227,DR00025,PR00001,SR00682,CONT09229,Export,Gate Out,77,43.1,0.0
MV07228,DR03783,PR00005,SR06662,CONT03986,Export,In Yard,112,50.3,0.0
MV07229,DR00415,PR00001,SR06336,CONT06144,Import,In Yard,78,40.1,0.0
MV07230,DR06043,PR00007,SR08985,CONT01701,Import,Discharged,112,47.0,0.0
MV07231,DR00439,PR00005,SR06560,CONT04025,Import,Loaded,33,48.4,0.0
MV07232,DR02522,PR00003,SR09126,CONT00758,Import,Discharged,82,38.8,0.0
MV07233,DR05045,PR00006,SR02247,CONT00382,Import,Gate Out,107,70.6,0.0
MV07234,DR03326,PR00004,SR08328,CONT07874,Import,Gate Out,62,35.1,0.0
MV07235,DR02863,PR00004,SR09976,CONT07128,Export,Loaded,76,30.5,0.0
MV07236,DR07535,PR00002,SR09294,CONT02528,Export,Loaded,109,28.5,0.0
MV07237,DR04495,PR00004,SR07687,CONT09026,Export,Gate Out,104,34.5,0.0
MV07238,DR00511,PR00001,SR09204,CONT07009,Transshipment,Discharged,50,15.3,0.0
MV07239,DR01226,PR00003,SR09300,CONT06927,Import,In Yard,110,63.9,0.0
MV07240,DR06855,PR00001,SR02038,CONT04773,Import,Loaded,90,36.5,0.0
MV07241,DR03044,PR00003,SR02564,CONT00699,Import,Customs Hold,35,31.0,14.8
MV07242,DR03508,PR00004,SR06097,CONT01773,Import,Discharged,79,52.7,0.0
MV07243,DR06211,PR00001,SR02629,CONT08120,Export,Gate Out,91,67.3,3.6
MV07244,DR02509,PR00002,SR03756,CONT01459,Import,Loaded,101,36.0,0.0
MV07245,DR00303,PR00006,SR04190,CONT08793,Export,In Yard,136,38.8,0.0
MV07246,DR02947,PR00002,SR03918,CONT02891,Transshipment,Discharged,71,40.4,0.0
MV07247,DR06070,PR00001,SR01021,CONT00615,Import,Loaded,80,11.8,0.0
MV07248,DR08946,PR00002,SR03136,CONT00015,Import,Loaded,119,54.2,0.0
MV07249,DR08510,PR00007,SR00995,CONT02813,Export,Gate Out,122,62.5,2.2
MV07250,DR08613,PR00005,SR06169,CONT08259,Export,Gate Out,31,34.3,0.0
MV07251,DR00270,PR00004,SR02243,CONT01648,Import,Loaded,68,27.9,0.0
MV07252,DR05058,PR00006,SR03522,CONT02261,Export,Gate Out,100,80.7,0.0
MV07253,DR04924,PR00004,SR02530,CONT04021,Import,Discharged,102,34.5,0.0
MV07254,DR02288,PR00006,SR02969,CONT09073,Export,Discharged,66,41.7,5.7
MV07255,DR07618,PR00004,SR07348,CONT07841,Export,Loaded,87,46.9,2.4
MV07256,DR08876,PR00006,SR03964,CONT03984,Import,Discharged,67,56.7,0.0
MV07257,DR02139,PR00004,SR03728,CONT02282,Import,Gate Out,75,36.5,4.1
MV07258,DR02418,PR00002,SR07902,CONT05484,Export,In Yard,109,48.0,0.0
MV07259,DR03356,PR00001,SR09413,CONT05283,Export,Loaded,85,48.0,0.0
MV07260,DR04854,PR00001,SR07010,CONT03814,Export,Discharged,69,81.7,0.0
MV07261,DR08749,PR00003,SR03700,CONT06463,Export,Loaded,103,41.5,0.0
MV07262,DR04856,PR00007,SR02387,CONT01845,Export,Loaded,78,38.4,0.0
MV07263,DR07869,PR00005,SR05599,CONT09034,Export,Gate Out,90,40.6,0.0
MV07264,DR06075,PR00005,SR08789,CONT02709,Export,Customs Hold,92,58.8,17.6
MV07265,DR03828,PR00004,SR02242,CONT00156,Import,In Yard,57,73.3,0.0
MV07266,DR06418,PR00007,SR00664,CONT06631,Import,Gate Out,132,53.6,0.0
MV07267,DR00748,PR00005,SR05662,CONT00597,Export,Customs Hold,124,59.2,7.6
MV07268,DR06854,PR00002,SR03251,CONT06505,Import,Customs Hold,66,7.4,4.0
MV07269,DR02005,PR00003,SR09343,CONT01517,Import,Customs Hold,110,43.8,19.9
MV07270,DR07539,PR00003,SR00847,CONT05542,Import,Loaded,134,46.8,0.0
MV07271,DR04130,PR00001,SR03056,CONT00947,Transshipment,Discharged,98,53.2,0.0
MV07272,DR03052,PR00002,SR05714,CONT01975,Export,Gate Out,52,30.8,0.0
MV07273,DR02260,PR00002,SR03207,CONT03889,Export,In Yard,73,19.6,0.0
MV07274,DR08381,PR00001,SR08957,CONT02216,Transshipment,Loaded,57,37.0,0.0
MV07275,DR03746,PR00002,SR08393,CONT07887,Export,Gate Out,55,17.2,0.0
MV07276,DR06017,PR00007,SR00814,CONT00001,Export,Loaded,67,34.6,0.0
MV07277,DR07650,PR00002,SR08023,CONT08629,Export,Gate Out,77,40.2,0.0
MV07278,DR09804,PR00006,SR05986,CONT09481,Export,Loaded,120,20.3,0.0
MV07279,DR04213,PR00001,SR09987,CONT06345,Export,Gate Out,101,36.7,0.0
MV07280,DR05558,PR00007,SR07771,CONT05017,Export,Loaded,85,63.5,5.2
MV07281,DR05696,PR00005,SR07367,CONT07081,Export,Gate Out,77,19.1,0.0
MV07282,DR08139,PR00007,SR05807,CONT04124,Export,Gate Out,69,34.1,0.0
MV07283,DR03449,PR00003,SR07032,CONT06545,Export,In Yard,79,48.6,0.0
MV07284,DR01016,PR00004,SR08678,CONT01960,Import,Discharged,72,59.1,0.0
MV07285,DR05951,PR00003,SR00716,CONT08680,Import,In Yard,71,37.8,0.0
MV07286,DR00396,PR00003,SR05055,CONT07007,Import,Customs Hold,83,38.6,9.0
MV07287,DR05259,PR00005,SR07489,CONT04529,Import,In Yard,122,67.5,0.0
MV07288,DR01906,PR00001,SR03834,CONT00767,Export,Customs Hold,61,38.8,9.6
MV07289,DR01393,PR00001,SR04716,CONT00642,Import,Discharged,76,20.3,2.8
MV07290,DR02457,PR00006,SR01189,CONT02871,Transshipment,In Yard,68,45.1,5.6
MV07291,DR01094,PR00001,SR00629,CONT09491,Import,Discharged,93,34.2,0.0
MV07292,DR08489,PR00005,SR05676,CONT02744,Import,Loaded,128,44.3,0.0
MV07293,DR03444,PR00001,SR03650,CONT01598,Export,Discharged,117,24.1,0.0
MV07294,DR02635,PR00003,SR01942,CONT09801,Import,In Yard,90,44.9,0.0
MV07295,DR05829,PR00002,SR03437,CONT08186,Import,Loaded,89,53.1,0.0
MV07296,DR01288,PR00003,SR06731,CONT05814,Import,Gate Out,89,56.8,0.0
MV07297,DR05704,PR00006,SR00430,CONT07980,Export,Loaded,94,53.6,0.0
MV07298,DR00912,PR00006,SR07394,CONT06965,Import,Discharged,78,42.0,0.0
MV07299,DR00500,PR00002,SR01675,CONT08025,Export,Customs Hold,96,40.2,13.7
MV07300,DR01070,PR00002,SR03909,CONT07908,Import,Gate Out,86,54.1,0.0
MV07301,DR06300,PR00006,SR04115,CONT06855,Import,Loaded,94,32.0,0.0
MV07302,DR06589,PR00001,SR05326,CONT06317,Import,Discharged,71,37.2,0.0
MV07303,DR01188,PR00001,SR06706,CONT01515,Import,Discharged,95,29.5,0.0
MV07304,DR03713,PR00003,SR07450,CONT02878,Export,Gate Out,70,37.5,0.0
MV07305,DR08421,PR00006,SR01869,CONT02396,Import,In Yard,86,58.6,0.0
MV07306,DR01883,PR00002,SR05474,CONT05872,Export,In Yard,44,22.1,0.0
MV07307,DR01450,PR00001,SR08797,CONT03742,Export,In Yard,41,37.6,0.0
MV07308,DR00352,PR00007,SR02679,CONT00249,Import,Discharged,80,50.9,0.0
MV07309,DR02411,PR00007,SR07542,CONT06287,Export,In Yard,112,40.5,0.0
MV07310,DR09466,PR00004,SR08143,CONT03932,Export,Loaded,76,40.0,0.0
MV07311,DR07880,PR00005,SR06743,CONT04555,Export,Loaded,120,36.3,0.0
MV07312,DR01404,PR00007,SR08608,CONT01244,Export,In Yard,99,46.3,0.0
MV07313,DR09266,PR00004,SR00526,CONT06950,Import,Gate Out,79,45.0,0.0
MV07314,DR05418,PR00006,SR05635,CONT00378,Export,Discharged,165,73.1,0.0
MV07315,DR09332,PR00003,SR01480,CONT03667,Export,Discharged,73,31.1,0.0
MV07316,DR05343,PR00002,SR00760,CONT06244,Export,Loaded,102,39.3,0.0
MV07317,DR07326,PR00006,SR02091,CONT00763,Import,Loaded,107,48.6,0.0
MV07318,DR04088,PR00005,SR04931,CONT06788,Import,In Yard,106,65.6,0.0
MV07319,DR00220,PR00002,SR09360,CONT00164,Transshipment,Customs Hold,89,33.1,13.3
MV07320,DR06235,PR00004,SR09739,CONT07095,Import,Discharged,37,26.9,0.0
MV07321,DR01191,PR00006,SR09109,CONT05048,Import,Loaded,143,43.4,0.0
MV07322,DR03443,PR00002,SR07984,CONT03187,Import,In Yard,72,33.2,0.0
MV07323,DR00433,PR00005,SR01715,CONT04539,Export,Discharged,61,32.4,0.0
MV07324,DR01227,PR00001,SR07743,CONT02089,Import,Gate Out,65,28.9,4.8
MV07325,DR02072,PR00004,SR08127,CONT04391,Import,In Yard,96,50.7,0.0
MV07326,DR02999,PR00007,SR05693,CONT08911,Transshipment,In Yard,106,38.1,0.0
MV07327,DR09581,PR00006,SR05683,CONT03341,Import,Loaded,56,51.0,0.0
MV07328,DR09781,PR00006,SR02707,CONT09809,Import,Loaded,98,46.0,0.0
MV07329,DR03910,PR00005,SR07621,CONT07313,Export,Gate Out,111,73.1,0.0
MV07330,DR06860,PR00003,SR02059,CONT08316,Import,Gate Out,94,53.1,0.0
MV07331,DR09560,PR00005,SR02185,CONT08353,Import,In Yard,106,50.8,0.0
MV07332,DR03133,PR00002,SR04364,CONT09640,Export,Gate Out,104,65.6,1.4
MV07333,DR01036,PR00004,SR06929,CONT00723,Export,Loaded,71,54.1,0.0
MV07334,DR01583,PR00003,SR00348,CONT01874,Import,Loaded,118,42.2,0.0
MV07335,DR05552,PR00004,SR09899,CONT09668,Export,Loaded,85,33.2,0.0
MV07336,DR06456,PR00003,SR08939,CONT07953,Export,Loaded,79,67.9,0.0
MV07337,DR00236,PR00002,SR06605,CONT04078,Export,Discharged,79,26.4,0.0
MV07338,DR03625,PR00002,SR02139,CONT01338,Export,Loaded,84,28.7,0.0
MV07339,DR01911,PR00002,SR09200,CONT01643,Export,Loaded,73,20.7,0.0
MV07340,DR02397,PR00003,SR05497,CONT02290,Import,Customs Hold,92,35.2,12.3
MV07341,DR05763,PR00001,SR08940,CONT03243,Export,In Yard,82,40.6,0.0
MV07342,DR04395,PR00007,SR06742,CONT00846,Import,Loaded,107,51.6,0.0
MV07343,DR08855,PR00001,SR00691,CONT09192,Import,Loaded,50,44.8,0.0
MV07344,DR02713,PR00006,SR03281,CONT08596,Transshipment,Loaded,125,39.3,0.0
MV07345,DR05735,PR00002,SR09684,CONT08885,Import,Loaded,77,32.2,0.0
MV07346,DR03080,PR00006,SR08644,CONT00292,Import,Gate Out,84,45.5,0.0
MV07347,DR02903,PR00005,SR01097,CONT04375,Import,In Yard,101,29.5,0.0
MV07348,DR02618,PR00007,SR00405,CONT00966,Export,Loaded,77,27.3,0.0
MV07349,DR07621,PR00006,SR04722,CONT06132,Export,Customs Hold,97,25.6,12.9
MV07350,DR06267,PR00005,SR07520,CONT03488,Import,Loaded,87,45.4,0.0
MV07351,DR08902,PR00001,SR05280,CONT00909,Export,In Yard,90,45.1,0.0
MV07352,DR08418,PR00004,SR04542,CONT09431,Import,Loaded,78,49.0,2.7
MV07353,DR05366,PR00002,SR07173,CONT03491,Transshipment,Loaded,85,59.3,0.0
MV07354,DR05622,PR00006,SR02151,CONT07158,Export,Gate Out,88,51.4,0.0
MV07355,DR08722,PR00006,SR06309,CONT08242,Import,Loaded,82,49.5,2.3
MV07356,DR08413,PR00002,SR03197,CONT02368,Export,Loaded,35,57.0,0.0
MV07357,DR04577,PR00005,SR07701,CONT04901,Import,In Yard,44,54.7,0.0
MV07358,DR06499,PR00002,SR01401,CONT03221,Export,Discharged,111,32.0,0.0
MV07359,DR04237,PR00005,SR01394,CONT00563,Import,In Yard,103,60.8,0.0
MV07360,DR05845,PR00004,SR00132,CONT02653,Import,Loaded,38,61.5,0.0
MV07361,DR07712,PR00003,SR09219,CONT02622,Transshipment,In Yard,50,60.1,0.0
MV07362,DR09627,PR00006,SR06570,CONT06810,Export,In Yard,77,56.2,0.0
MV07363,DR01801,PR00002,SR08585,CONT09736,Export,In Yard,73,42.5,0.0
MV07364,DR07802,PR00006,SR00210,CONT09678,Transshipment,In Yard,73,47.3,5.0
MV07365,DR00557,PR00005,SR07286,CONT05754,Import,In Yard,103,58.9,1.2
MV07366,DR01893,PR00002,SR09745,CONT03110,Import,Discharged,95,18.1,0.0
MV07367,DR09108,PR00003,SR03556,CONT02527,Export,Customs Hold,82,57.5,11.8
MV07368,DR05911,PR00001,SR02436,CONT01296,Import,Loaded,83,45.7,0.0
MV07369,DR08373,PR00004,SR08173,CONT06459,Export,Customs Hold,78,28.5,8.4
MV07370,DR01207,PR00006,SR09621,CONT06990,Import,In Yard,60,30.1,0.0
MV07371,DR05586,PR00001,SR09050,CONT06019,Import,Customs Hold,115,23.8,12.0
MV07372,DR00024,PR00001,SR09228,CONT04771,Import,Gate Out,65,43.3,0.0
MV07373,DR06352,PR00003,SR04364,CONT02466,Import,Gate Out,81,74.0,0.0
MV07374,DR04219,PR00002,SR04079,CONT06959,Import,In Yard,68,35.0,0.0
MV07375,DR01048,PR00002,SR08645,CONT08797,Import,Gate Out,103,34.4,5.5
MV07376,DR02676,PR00004,SR06149,CONT08531,Import,Gate Out,48,58.2,3.0
MV07377,DR01009,PR00003,SR09941,CONT03627,Export,Gate Out,59,42.5,0.0
MV07378,DR09223,PR00006,SR04115,CONT07565,Import,Gate Out,76,61.8,0.0
MV07379,DR04352,PR00003,SR07795,CONT09054,Import,Loaded,79,24.3,0.0
MV07380,DR08842,PR00004,SR03208,CONT05293,Import,In Yard,109,51.0,0.0
MV07381,DR01118,PR00003,SR03259,CONT01378,Import,Loaded,110,72.6,0.0
MV07382,DR06599,PR00002,SR09769,CONT09160,Import,Loaded,12,21.9,0.0
MV07383,DR06529,PR00003,SR09444,CONT04029,Import,In Yard,69,40.8,1.1
MV07384,DR00291,PR00005,SR08743,CONT02658,Import,In Yard,158,43.3,0.0
MV07385,DR07759,PR00007,SR08526,CONT06921,Transshipment,Loaded,76,52.7,0.0
MV07386,DR01082,PR00001,SR02845,CONT06850,Import,Loaded,12,50.4,0.0
MV07387,DR08952,PR00003,SR08761,CONT03190,Import,In Yard,125,34.1,5.0
MV07388,DR02568,PR00004,SR02907,CONT04410,Export,Discharged,47,73.0,0.0
MV07389,DR06486,PR00001,SR03922,CONT05014,Import,In Yard,107,46.7,0.0
MV07390,DR06492,PR00006,SR06999,CONT04092,Import,Customs Hold,56,36.1,5.8
MV07391,DR09293,PR00002,SR00196,CONT04392,Import,In Yard,98,54.1,5.9
MV07392,DR05456,PR00006,SR01955,CONT05985,Export,Loaded,58,47.3,0.0
MV07393,DR07806,PR00004,SR07565,CONT03363,Export,Loaded,67,37.6,0.0
MV07394,DR00849,PR00001,SR06072,CONT01429,Import,In Yard,81,28.9,0.0
MV07395,DR09769,PR00005,SR06698,CONT06007,Export,Discharged,85,75.3,0.0
MV07396,DR07231,PR00001,SR02090,CONT00958,Export,In Yard,78,25.1,0.0
MV07397,DR07048,PR00005,SR05440,CONT05206,Export,In Yard,103,60.6,0.0
MV07398,DR00443,PR00006,SR03690,CONT03566,Import,Gate Out,80,32.9,0.0
MV07399,DR02319,PR00004,SR05785,CONT03001,Export,Gate Out,44,30.4,0.0
MV07400,DR07197,PR00002,SR02156,CONT08106,Import,Gate Out,44,34.4,0.0
MV07401,DR08836,PR00003,SR03490,CONT09560,Import,In Yard,54,43.1,0.0
MV07402,DR09456,PR00003,SR04174,CONT05703,Export,Discharged,114,27.6,0.0
MV07403,DR09605,PR00004,SR08030,CONT02919,Transshipment,In Yard,86,33.4,0.0
MV07404,DR03746,PR00004,SR04819,CONT09162,Import,In Yard,82,55.9,0.0
MV07405,DR00962,PR00003,SR01663,CONT08313,Import,Discharged,102,58.3,2.7
MV07406,DR08282,PR00005,SR06572,CONT03799,Transshipment,Discharged,38,36.2,0.0
MV07407,DR05218,PR00005,SR04007,CONT07582,Export,Discharged,100,32.7,0.0
MV07408,DR09830,PR00005,SR04519,CONT03545,Export,Gate Out,87,48.8,0.0
MV07409,DR00534,PR00002,SR03873,CONT07896,Import,Discharged,102,56.3,2.3
MV07410,DR00990,PR00003,SR08444,CONT06729,Import,Loaded,75,39.4,0.0
MV07411,DR09913,PR00003,SR05431,CONT09610,Transshipment,Discharged,42,55.3,6.0
MV07412,DR00929,PR00006,SR00865,CONT07991,Import,Customs Hold,103,48.0,10.5
MV07413,DR07943,PR00006,SR07697,CONT04263,Export,In Yard,108,28.4,0.0
MV07414,DR05000,PR00006,SR03616,CONT01962,Export,In Yard,75,33.8,0.0
MV07415,DR01341,PR00002,SR06117,CONT06350,Transshipment,Customs Hold,77,41.5,19.0
MV07416,DR09705,PR00005,SR08779,CONT02593,Export,In Yard,66,36.9,0.0
MV07417,DR05330,PR00006,SR00631,CONT07061,Import,Discharged,122,46.7,0.0
MV07418,DR06622,PR00001,SR00539,CONT01971,Export,Discharged,72,58.5,0.0
MV07419,DR01037,PR00001,SR06810,CONT02839,Transshipment,Customs Hold,73,29.4,11.9
MV07420,DR02242,PR00001,SR07868,CONT03074,Transshipment,In Yard,53,18.7,0.0
MV07421,DR09189,PR00004,SR08572,CONT07584,Import,Gate Out,106,59.0,0.0
MV07422,DR03198,PR00003,SR00009,CONT01281,Import,Customs Hold,57,47.4,8.1
MV07423,DR03799,PR00001,SR04320,CONT08597,Export,In Yard,84,30.5,0.0
MV07424,DR00444,PR00003,SR03823,CONT09473,Export,Loaded,73,54.2,0.0
MV07425,DR07606,PR00006,SR07749,CONT02974,Import,Gate Out,80,30.8,0.0
MV07426,DR01876,PR00006,SR08503,CONT09711,Import,In Yard,116,44.1,0.0
MV07427,DR05890,PR00005,SR03425,CONT00160,Import,Loaded,82,31.6,0.0
MV07428,DR07839,PR00006,SR02067,CONT07455,Import,Loaded,78,39.5,0.0
MV07429,DR06266,PR00004,SR05052,CONT04893,Import,In Yard,74,47.8,0.0
MV07430,DR09857,PR00006,SR01476,CONT06894,Transshipment,In Yard,116,53.0,0.0
MV07431,DR06909,PR00003,SR03332,CONT08973,Export,Loaded,81,28.4,0.0
MV07432,DR09226,PR00006,SR02904,CONT01953,Import,Gate Out,54,46.0,0.0
MV07433,DR04552,PR00006,SR07880,CONT04310,Export,Discharged,84,46.5,0.0
MV07434,DR02813,PR00005,SR03779,CONT01556,Import,Gate Out,120,60.4,0.0
MV07435,DR09998,PR00003,SR02959,CONT09587,Export,In Yard,116,53.7,0.0
MV07436,DR09275,PR00002,SR06248,CONT00828,Export,Loaded,22,47.1,4.0
MV07437,DR02570,PR00002,SR00734,CONT02163,Import,In Yard,70,38.3,0.0
MV07438,DR02096,PR00001,SR04639,CONT00944,Transshipment,Gate Out,108,31.4,0.0
MV07439,DR08639,PR00001,SR08662,CONT07018,Import,Discharged,54,38.1,0.0
MV07440,DR02232,PR00003,SR08480,CONT05968,Export,Discharged,113,52.8,0.0
MV07441,DR02247,PR00001,SR01654,CONT00201,Transshipment,In Yard,44,58.5,0.0
MV07442,DR01287,PR00006,SR08929,CONT01399,Export,Loaded,94,13.9,0.0
MV07443,DR06340,PR00004,SR07789,CONT00678,Import,Gate Out,77,46.7,0.0
MV07444,DR07100,PR00006,SR08561,CONT09088,Import,Discharged,80,37.1,0.0
MV07445,DR00303,PR00003,SR01625,CONT01541,Import,Discharged,71,44.2,0.0
MV07446,DR02538,PR00002,SR08213,CONT03884,Import,Discharged,67,25.7,0.0
MV07447,DR07044,PR00002,SR04432,CONT04962,Import,In Yard,76,37.9,0.0
MV07448,DR04753,PR00006,SR07935,CONT00306,Import,Discharged,115,30.6,0.0
MV07449,DR00995,PR00001,SR02316,CONT07989,Export,Loaded,17,28.4,0.0
MV07450,DR03243,PR00005,SR03715,CONT08983,Import,Loaded,118,57.9,0.0
MV07451,DR08605,PR00002,SR00053,CONT07274,Import,Gate Out,63,43.3,0.0
MV07452,DR01228,PR00002,SR08318,CONT08903,Export,Loaded,110,75.4,3.0
MV07453,DR03297,PR00001,SR08927,CONT05814,Import,In Yard,112,39.3,1.2
MV07454,DR01862,PR00003,SR02112,CONT01574,Export,Loaded,149,31.6,0.0
MV07455,DR07829,PR00001,SR07811,CONT06349,Export,Loaded,115,62.0,0.0
MV07456,DR01588,PR00006,SR08991,CONT07944,Export,Loaded,76,27.2,0.0
MV07457,DR02603,PR00001,SR07280,CONT07801,Export,Gate Out,129,46.5,0.0
MV07458,DR02247,PR00002,SR08597,CONT02058,Export,In Yard,12,42.0,0.0
MV07459,DR05555,PR00001,SR02480,CONT02051,Export,Gate Out,47,5.0,0.0
MV07460,DR03446,PR00007,SR07165,CONT02421,Export,Gate Out,118,40.8,0.0
MV07461,DR01787,PR00004,SR09061,CONT03979,Export,Loaded,93,30.8,0.0
MV07462,DR05080,PR00004,SR07782,CONT02947,Export,Discharged,97,57.3,0.0
MV07463,DR05452,PR00003,SR08044,CONT00630,Import,Loaded,72,32.6,0.0
MV07464,DR02167,PR00006,SR09307,CONT06784,Import,Discharged,107,42.1,0.0
MV07465,DR05778,PR00001,SR08758,CONT06234,Export,Discharged,60,17.0,0.0
MV07466,DR06571,PR00006,SR08216,CONT03031,Export,Discharged,89,37.0,0.0
MV07467,DR01665,PR00006,SR02650,CONT01914,Export,Gate Out,130,39.2,4.0
MV07468,DR02595,PR00001,SR06076,CONT01323,Import,Customs Hold,107,41.2,19.7
MV07469,DR00537,PR00001,SR04694,CONT04673,Import,Loaded,66,34.0,0.0
MV07470,DR02005,PR00004,SR09659,CONT02274,Export,Discharged,108,67.6,0.0
MV07471,DR00660,PR00001,SR01451,CONT08064,Export,Loaded,89,43.0,0.0
MV07472,DR08927,PR00002,SR04076,CONT00229,Import,Gate Out,68,22.4,0.0
MV07473,DR02055,PR00003,SR07530,CONT04448,Transshipment,In Yard,69,58.2,0.0
MV07474,DR02367,PR00001,SR08590,CONT00419,Export,Customs Hold,66,51.4,21.8
MV07475,DR00358,PR00005,SR04520,CONT09928,Export,Gate Out,85,44.9,0.0
MV07476,DR03035,PR00003,SR07257,CONT09847,Export,In Yard,92,53.8,0.0
MV07477,DR06939,PR00004,SR02413,CONT09556,Import,Loaded,64,58.1,0.0
MV07478,DR04773,PR00003,SR09226,CONT03489,Import,Customs Hold,86,42.7,9.0
MV07479,DR09061,PR00003,SR05217,CONT05116,Import,Discharged,37,21.1,0.0
MV07480,DR08971,PR00003,SR02455,CONT07129,Import,Loaded,72,52.3,0.0
MV07481,DR07614,PR00006,SR01577,CONT00053,Import,Gate Out,100,42.9,0.0
MV07482,DR08318,PR00003,SR03611,CONT07490,Export,In Yard,43,46.4,0.0
MV07483,DR04374,PR00004,SR02576,CONT00358,Export,In Yard,82,33.0,0.0
MV07484,DR02272,PR00006,SR03868,CONT04925,Import,Loaded,79,62.2,0.0
MV07485,DR03994,PR00004,SR08670,CONT01856,Export,Gate Out,82,34.6,0.0
MV07486,DR00104,PR00002,SR07049,CONT08613,Export,Loaded,117,40.8,0.0
MV07487,DR02839,PR00001,SR05388,CONT05531,Export,Discharged,68,42.4,0.0
MV07488,DR03854,PR00004,SR05471,CONT06168,Transshipment,In Yard,110,28.1,0.0
MV07489,DR09718,PR00005,SR07017,CONT05865,Import,Gate Out,132,64.0,0.0
MV07490,DR03759,PR00005,SR01850,CONT09050,Import,In Yard,105,62.7,0.0
MV07491,DR01218,PR00005,SR00665,CONT03931,Export,Gate Out,108,48.1,0.0
MV07492,DR02074,PR00001,SR03751,CONT06000,Import,Loaded,121,36.1,0.0
MV07493,DR06251,PR00005,SR06227,CONT02958,Export,In Yard,85,39.0,0.0
MV07494,DR05565,PR00004,SR08388,CONT00665,Import,In Yard,126,43.9,0.0
MV07495,DR04795,PR00007,SR09514,CONT02306,Import,Gate Out,103,50.7,0.0
MV07496,DR09160,PR00005,SR06124,CONT01823,Export,Gate Out,69,41.9,1.2
MV07497,DR08426,PR00003,SR04186,CONT00132,Export,Loaded,117,35.2,0.0
MV07498,DR00505,PR00005,SR06670,CONT03869,Import,Loaded,121,56.7,0.0
MV07499,DR07934,PR00004,SR02632,CONT06190,Export,Loaded,86,43.7,0.0
MV07500,DR07615,PR00002,SR01254,CONT09035,Export,Loaded,86,68.6,0.0
MV07501,DR06674,PR00003,SR06236,CONT00366,Export,Loaded,105,50.4,0.0
MV07502,DR01241,PR00002,SR04856,CONT08975,Transshipment,Loaded,60,38.2,0.0
MV07503,DR01398,PR00001,SR02899,CONT02395,Export,In Yard,61,36.3,2.6
MV07504,DR08483,PR00005,SR08877,CONT03927,Export,Loaded,93,41.2,0.0
MV07505,DR07989,PR00003,SR08807,CONT05480,Export,In Yard,80,41.6,0.0
MV07506,DR07629,PR00005,SR08968,CONT02242,Export,Customs Hold,109,54.9,17.1
MV07507,DR07241,PR00003,SR06192,CONT02173,Transshipment,Customs Hold,96,32.4,15.1
MV07508,DR06064,PR00006,SR09359,CONT03231,Export,Gate Out,68,28.2,0.0
MV07509,DR08715,PR00005,SR00652,CONT00452,Import,Loaded,74,56.1,0.0
MV07510,DR08682,PR00005,SR08767,CONT05153,Import,Gate Out,89,50.7,0.0
MV07511,DR04071,PR00003,SR00524,CONT03489,Export,In Yard,74,18.5,0.0
MV07512,DR07133,PR00007,SR02917,CONT03158,Transshipment,Gate Out,99,61.8,0.0
MV07513,DR02840,PR00003,SR05537,CONT08512,Import,Discharged,110,59.9,0.0
MV07514,DR08975,PR00006,SR04014,CONT00685,Transshipment,Gate Out,101,56.8,0.0
MV07515,DR00119,PR00003,SR00422,CONT09896,Import,Discharged,87,19.5,0.0
MV07516,DR05946,PR00002,SR06950,CONT09119,Import,Loaded,71,22.1,0.0
MV07517,DR01213,PR00004,SR04620,CONT04861,Transshipment,In Yard,106,47.9,0.0
MV07518,DR01892,PR00003,SR02216,CONT06610,Transshipment,Loaded,71,63.5,4.7
MV07519,DR03439,PR00002,SR00057,CONT04775,Export,Loaded,57,28.5,0.0
MV07520,DR04854,PR00003,SR07656,CONT08365,Transshipment,Loaded,81,48.9,0.0
MV07521,DR07402,PR00001,SR06126,CONT01022,Export,Discharged,98,33.6,0.0
MV07522,DR02577,PR00007,SR06617,CONT01345,Export,In Yard,96,71.1,0.0
MV07523,DR04548,PR00004,SR07884,CONT06291,Export,Discharged,73,41.0,0.0
MV07524,DR09264,PR00001,SR05695,CONT06256,Import,Discharged,70,24.2,0.0
MV07525,DR06607,PR00005,SR00513,CONT09394,Import,Gate Out,76,41.4,0.0
MV07526,DR03071,PR00004,SR09739,CONT04589,Import,Discharged,72,28.8,0.0
MV07527,DR01292,PR00005,SR04569,CONT05588,Import,In Yard,58,45.5,3.9
MV07528,DR05916,PR00004,SR07094,CONT07603,Import,Discharged,68,33.4,5.2
MV07529,DR00412,PR00001,SR02065,CONT04074,Import,Gate Out,53,31.6,0.0
MV07530,DR04135,PR00002,SR00696,CONT08645,Import,Gate Out,73,68.8,0.0
MV07531,DR07846,PR00005,SR04847,CONT01974,Export,Gate Out,69,36.4,0.0
MV07532,DR00891,PR00005,SR00329,CONT01243,Import,Discharged,104,50.3,0.0
MV07533,DR06424,PR00005,SR02848,CONT03293,Import,Discharged,73,36.5,0.0
MV07534,DR02219,PR00001,SR08411,CONT06361,Import,Loaded,85,41.4,0.0
MV07535,DR05581,PR00006,SR04896,CONT04219,Import,Loaded,92,50.2,0.0
MV07536,DR01595,PR00003,SR03254,CONT04594,Export,In Yard,130,12.4,0.0
MV07537,DR02344,PR00005,SR00435,CONT00436,Export,Customs Hold,118,54.0,17.4
MV07538,DR04103,PR00002,SR02290,CONT04708,Export,Loaded,88,34.6,0.0
MV07539,DR03143,PR00005,SR08886,CONT09761,Export,Gate Out,100,50.3,0.0
MV07540,DR04740,PR00007,SR05560,CONT04037,Transshipment,In Yard,99,44.4,0.0
MV07541,DR01035,PR00002,SR04527,CONT02224,Export,Discharged,71,45.0,0.0
MV07542,DR02712,PR00006,SR06681,CONT00370,Import,Discharged,63,57.3,0.0
MV07543,DR09830,PR00004,SR09477,CONT09731,Import,In Yard,68,43.3,0.0
MV07544,DR08890,PR00002,SR05581,CONT03030,Export,In Yard,61,65.1,0.0
MV07545,DR06426,PR00002,SR02892,CONT01820,Export,Discharged,97,27.0,0.0
MV07546,DR00865,PR00005,SR07186,CONT08603,Export,In Yard,100,66.7,0.0
MV07547,DR00972,PR00002,SR01265,CONT00191,Import,Gate Out,86,29.4,0.0
MV07548,DR04319,PR00001,SR04780,CONT06698,Transshipment,Discharged,86,36.6,0.0
MV07549,DR08033,PR00006,SR02360,CONT03109,Export,Gate Out,111,55.5,0.0
MV07550,DR00586,PR00004,SR08816,CONT08095,Transshipment,Discharged,82,38.4,1.9
MV07551,DR00876,PR00005,SR07784,CONT03699,Export,In Yard,110,37.0,0.0
MV07552,DR06778,PR00004,SR06804,CONT04239,Import,Gate Out,93,38.8,0.0
MV07553,DR02325,PR00003,SR06901,CONT03060,Import,Discharged,106,50.6,0.0
MV07554,DR03517,PR00005,SR04999,CONT08783,Import,Gate Out,87,47.1,0.0
MV07555,DR00941,PR00001,SR01326,CONT08922,Import,Discharged,113,66.6,0.0
MV07556,DR08451,PR00002,SR07916,CONT06581,Export,Discharged,86,52.8,0.0
MV07557,DR05850,PR00004,SR05888,CONT07910,Import,Loaded,120,36.6,0.0
MV07558,DR07390,PR00007,SR00143,CONT08863,Import,In Yard,69,10.0,0.0
MV07559,DR00165,PR00003,SR09842,CONT01314,Import,Gate Out,87,20.8,0.0
MV07560,DR03566,PR00007,SR09693,CONT04683,Export,Discharged,106,47.6,0.0
MV07561,DR09709,PR00005,SR09514,CONT05778,Import,Customs Hold,101,21.7,12.1
MV07562,DR09521,PR00003,SR03102,CONT06821,Import,In Yard,99,38.5,4.0
MV07563,DR04592,PR00003,SR01521,CONT07879,Export,Gate Out,49,41.9,0.0
MV07564,DR05781,PR00001,SR00996,CONT01905,Import,Gate Out,91,42.2,0.0
MV07565,DR08261,PR00004,SR07771,CONT00252,Transshipment,In Yard,123,41.0,0.0
MV07566,DR03491,PR00001,SR03394,CONT03621,Import,Gate Out,92,69.4,0.0
MV07567,DR06463,PR00003,SR08070,CONT04823,Export,Discharged,97,43.9,0.0
MV07568,DR03897,PR00002,SR07231,CONT01505,Export,Gate Out,39,33.7,0.0
MV07569,DR05930,PR00007,SR08004,CONT08520,Import,Loaded,76,32.1,0.0
MV07570,DR06928,PR00003,SR01320,CONT02008,Export,In Yard,83,47.0,0.0
MV07571,DR00372,PR00003,SR07475,CONT01314,Import,Loaded,99,36.8,0.0
MV07572,DR04446,PR00003,SR03313,CONT04076,Import,Gate Out,102,68.4,0.0
MV07573,DR05711,PR00001,SR01850,CONT02183,Export,Discharged,112,51.4,0.0
MV07574,DR06481,PR00002,SR02733,CONT04031,Transshipment,Gate Out,59,60.0,0.0
MV07575,DR04666,PR00005,SR06606,CONT04501,Import,Discharged,105,50.7,0.0
MV07576,DR02670,PR00004,SR00137,CONT08501,Export,Gate Out,71,56.7,0.0
MV07577,DR00939,PR00003,SR01417,CONT01240,Import,In Yard,24,26.0,1.1
MV07578,DR02146,PR00006,SR01513,CONT04776,Import,Gate Out,85,46.7,0.0
MV07579,DR08101,PR00001,SR08798,CONT00774,Import,Gate Out,92,26.7,6.0
MV07580,DR05981,PR00006,SR04976,CONT01411,Export,In Yard,126,43.8,0.0
MV07581,DR08735,PR00001,SR02356,CONT01229,Export,Loaded,96,46.5,0.0
MV07582,DR03242,PR00006,SR00929,CONT09565,Export,Gate Out,106,35.1,0.0
MV07583,DR01326,PR00007,SR00056,CONT00565,Transshipment,Loaded,111,32.0,0.0
MV07584,DR08434,PR00006,SR08923,CONT02972,Export,Loaded,98,66.3,0.0
MV07585,DR06707,PR00001,SR02537,CONT02946,Import,In Yard,67,20.2,0.0
MV07586,DR08557,PR00003,SR01137,CONT02173,Import,Discharged,67,61.0,0.0
MV07587,DR00475,PR00006,SR09958,CONT09587,Export,In Yard,73,32.9,5.7
MV07588,DR03311,PR00004,SR01126,CONT09951,Import,Customs Hold,94,53.9,9.3
MV07589,DR03508,PR00002,SR02230,CONT02886,Import,In Yard,64,47.6,0.0
MV07590,DR00842,PR00003,SR03188,CONT05726,Import,Loaded,72,24.6,0.0
MV07591,DR08757,PR00001,SR07732,CONT00475,Import,Loaded,64,48.0,0.0
MV07592,DR03825,PR00003,SR06158,CONT01941,Export,Loaded,116,47.2,0.0
MV07593,DR09433,PR00001,SR06440,CONT09706,Export,In Yard,29,44.2,0.0
MV07594,DR01488,PR00004,SR07307,CONT04015,Export,In Yard,63,54.2,0.0
MV07595,DR00905,PR00003,SR05341,CONT09759,Transshipment,Gate Out,92,57.6,0.0
MV07596,DR09138,PR00001,SR01903,CONT02616,Export,Loaded,67,26.7,0.0
MV07597,DR02436,PR00001,SR01245,CONT08352,Import,In Yard,68,40.2,0.0
MV07598,DR07619,PR00007,SR01894,CONT04111,Export,Loaded,53,34.3,0.0
MV07599,DR07505,PR00004,SR01397,CONT01323,Import,Discharged,82,35.0,0.0
MV07600,DR02320,PR00004,SR02465,CONT05091,Transshipment,In Yard,88,52.8,0.0
MV07601,DR05101,PR00005,SR04234,CONT05883,Export,Gate Out,74,47.9,0.0
MV07602,DR05628,PR00004,SR08907,CONT06010,Import,Gate Out,48,50.1,0.0
MV07603,DR02605,PR00003,SR04413,CONT03360,Export,In Yard,127,50.7,0.0
MV07604,DR03039,PR00004,SR04760,CONT02649,Export,Loaded,98,54.2,0.0
MV07605,DR05310,PR00002,SR02824,CONT01355,Transshipment,Gate Out,17,33.6,0.0
MV07606,DR08246,PR00004,SR07998,CONT01578,Import,Discharged,67,56.1,0.0
MV07607,DR08912,PR00002,SR09558,CONT00261,Import,Discharged,50,44.2,0.0
MV07608,DR09945,PR00007,SR08618,CONT05309,Transshipment,In Yard,74,48.7,0.0
MV07609,DR03720,PR00003,SR09764,CONT04850,Import,In Yard,111,59.6,0.0
MV07610,DR06386,PR00002,SR06570,CONT06167,Import,In Yard,103,36.8,0.0
MV07611,DR01875,PR00004,SR05316,CONT00842,Export,In Yard,84,44.1,0.0
MV07612,DR01753,PR00001,SR04571,CONT01395,Export,Discharged,56,45.6,0.0
MV07613,DR00471,PR00003,SR05208,CONT06696,Import,Loaded,77,23.2,0.0
MV07614,DR01761,PR00006,SR09324,CONT05154,Import,Loaded,42,70.4,0.0
MV07615,DR05008,PR00005,SR06626,CONT09344,Import,Loaded,91,38.3,0.0
MV07616,DR05647,PR00005,SR01499,CONT09552,Import,Discharged,103,38.1,0.0
MV07617,DR02620,PR00003,SR04414,CONT09297,Import,In Yard,80,37.3,0.0
MV07618,DR06685,PR00003,SR01867,CONT03113,Import,Loaded,70,54.6,0.0
MV07619,DR06454,PR00001,SR07863,CONT05252,Export,In Yard,72,48.9,0.0
MV07620,DR09548,PR00004,SR04944,CONT01389,Export,Loaded,86,70.0,0.0
MV07621,DR02631,PR00004,SR03179,CONT09606,Import,Loaded,81,41.7,0.0
MV07622,DR02972,PR00001,SR02509,CONT04628,Import,Discharged,41,38.3,0.0
MV07623,DR05981,PR00001,SR08232,CONT09792,Import,Gate Out,67,22.0,0.0
MV07624,DR02317,PR00001,SR08062,CONT04475,Import,Gate Out,89,28.1,0.0
MV07625,DR03152,PR00002,SR02201,CONT09135,Transshipment,In Yard,87,46.3,0.0
MV07626,DR06368,PR00001,SR03130,CONT04990,Import,In Yard,69,46.7,0.0
MV07627,DR08865,PR00003,SR09593,CONT01992,Export,Customs Hold,81,40.4,15.1
MV07628,DR06047,PR00003,SR08821,CONT02582,Export,Loaded,62,51.8,0.0
MV07629,DR08619,PR00003,SR00445,CONT00779,Export,Gate Out,90,46.3,0.0
MV07630,DR05587,PR00001,SR07640,CONT06914,Export,Gate Out,48,37.0,0.0
MV07631,DR05450,PR00003,SR07710,CONT07244,Export,In Yard,72,78.2,0.0
MV07632,DR07039,PR00006,SR07261,CONT01984,Export,Loaded,133,50.1,0.0
MV07633,DR05111,PR00002,SR05590,CONT00583,Import,Discharged,86,58.7,0.0
MV07634,DR05408,PR00002,SR05592,CONT08096,Export,Discharged,66,24.5,0.0
MV07635,DR01554,PR00004,SR06802,CONT01684,Import,Loaded,100,46.1,0.0
MV07636,DR00354,PR00002,SR09420,CONT01000,Import,Loaded,122,36.7,0.0
MV07637,DR07834,PR00002,SR04310,CONT03532,Export,Gate Out,105,73.2,0.0
MV07638,DR02759,PR00003,SR08869,CONT09998,Export,Customs Hold,86,31.8,13.8
MV07639,DR09738,PR00003,SR00415,CONT07674,Import,In Yard,51,36.6,0.0
MV07640,DR08880,PR00006,SR02393,CONT01819,Export,Discharged,106,40.8,0.0
MV07641,DR00951,PR00006,SR09231,CONT03934,Import,Discharged,77,32.0,2.3
MV07642,DR06800,PR00003,SR00118,CONT09402,Export,Loaded,109,48.0,0.0
MV07643,DR08306,PR00003,SR00525,CONT09215,Export,Loaded,78,41.7,0.0
MV07644,DR07055,PR00007,SR08662,CONT03920,Import,Loaded,89,68.7,0.0
MV07645,DR07287,PR00003,SR06149,CONT06786,Import,Discharged,73,37.5,0.0
MV07646,DR04915,PR00007,SR00258,CONT04027,Transshipment,Gate Out,78,39.3,0.0
MV07647,DR06562,PR00005,SR01534,CONT02439,Import,Discharged,50,56.7,0.0
MV07648,DR04342,PR00002,SR06388,CONT08687,Transshipment,Gate Out,97,66.2,0.0
MV07649,DR06182,PR00002,SR01455,CONT02908,Import,Gate Out,62,34.4,0.0
MV07650,DR08067,PR00001,SR08265,CONT00233,Import,Loaded,56,40.1,0.0
MV07651,DR00749,PR00006,SR00165,CONT06369,Export,Loaded,98,73.2,3.7
MV07652,DR09333,PR00002,SR00128,CONT02515,Export,Discharged,110,77.9,0.0
MV07653,DR09475,PR00005,SR00209,CONT04253,Import,In Yard,71,45.4,0.0
MV07654,DR01381,PR00004,SR02372,CONT00827,Export,Discharged,75,52.3,0.0
MV07655,DR02448,PR00006,SR09180,CONT07634,Import,In Yard,99,51.2,0.0
MV07656,DR01339,PR00005,SR08060,CONT09721,Import,Gate Out,108,28.8,0.0
MV07657,DR07618,PR00001,SR02013,CONT02806,Export,Gate Out,73,42.5,0.0
MV07658,DR00488,PR00002,SR07208,CONT06228,Export,Loaded,56,57.3,0.0
MV07659,DR02381,PR00003,SR08369,CONT03214,Export,In Yard,93,27.2,0.0
MV07660,DR02036,PR00006,SR02801,CONT04786,Export,Discharged,78,17.4,0.0
MV07661,DR06578,PR00005,SR03685,CONT04476,Export,In Yard,88,59.7,0.0
MV07662,DR08153,PR00004,SR03105,CONT03891,Import,In Yard,38,17.7,0.0
MV07663,DR01951,PR00006,SR03740,CONT01715,Transshipment,Gate Out,124,33.1,0.0
MV07664,DR05587,PR00003,SR09448,CONT08688,Import,Customs Hold,84,15.8,11.1
MV07665,DR08354,PR00001,SR03656,CONT04962,Transshipment,Discharged,105,20.0,0.0
MV07666,DR04233,PR00006,SR01422,CONT00225,Export,In Yard,95,59.2,0.0
MV07667,DR01252,PR00003,SR00861,CONT09521,Export,In Yard,107,48.8,0.0
MV07668,DR04987,PR00006,SR04808,CONT04221,Import,In Yard,105,78.2,0.0
MV07669,DR07211,PR00003,SR05892,CONT01589,Import,Discharged,45,50.6,0.0
MV07670,DR08743,PR00004,SR04039,CONT04376,Import,Discharged,86,75.3,0.0
MV07671,DR02491,PR00002,SR05533,CONT05322,Export,Gate Out,86,31.1,0.0
MV07672,DR08166,PR00003,SR05054,CONT00830,Import,In Yard,107,51.7,3.9
MV07673,DR03384,PR00001,SR05677,CONT02952,Import,Discharged,93,29.4,0.0
MV07674,DR07702,PR00005,SR04227,CONT05245,Export,Loaded,92,46.4,0.0
MV07675,DR06316,PR00002,SR05011,CONT05332,Import,Loaded,96,64.1,0.0
MV07676,DR01967,PR00002,SR02053,CONT06973,Import,In Yard,66,39.0,5.2
MV07677,DR07301,PR00002,SR01943,CONT01269,Export,Gate Out,57,32.4,0.0
MV07678,DR06705,PR00003,SR07975,CONT06709,Import,Loaded,84,42.7,0.0
MV07679,DR08569,PR00004,SR08652,CONT06834,Import,In Yard,50,40.4,0.0
MV07680,DR03211,PR00005,SR05911,CONT08020,Import,Customs Hold,102,47.9,7.4
MV07681,DR01141,PR00005,SR01548,CONT01649,Export,Gate Out,106,69.3,0.0
MV07682,DR04704,PR00003,SR05522,CONT03395,Transshipment,Loaded,70,27.6,0.0
MV07683,DR09027,PR00003,SR02436,CONT02308,Import,Loaded,104,46.3,0.0
MV07684,DR01439,PR00001,SR09418,CONT09257,Export,Gate Out,111,43.3,4.0
MV07685,DR02739,PR00003,SR03082,CONT08762,Import,Loaded,71,25.3,0.0
MV07686,DR04889,PR00006,SR06672,CONT09883,Export,Loaded,112,45.7,0.0
MV07687,DR08365,PR00003,SR08553,CONT06965,Import,Discharged,68,47.0,0.0
MV07688,DR09396,PR00007,SR04578,CONT02830,Export,Gate Out,139,40.3,0.0
MV07689,DR09921,PR00001,SR04412,CONT03863,Export,In Yard,75,76.1,0.0
MV07690,DR06708,PR00005,SR08251,CONT08920,Export,Gate Out,105,71.3,0.0
MV07691,DR00196,PR00005,SR08710,CONT09716,Import,Gate Out,83,46.3,0.0
MV07692,DR00294,PR00005,SR09118,CONT05515,Export,In Yard,32,47.5,0.0
MV07693,DR09856,PR00004,SR09177,CONT07233,Import,Gate Out,80,52.5,0.0
MV07694,DR08484,PR00001,SR01876,CONT06461,Export,Gate Out,108,51.3,0.0
MV07695,DR06050,PR00005,SR01126,CONT03175,Export,Loaded,118,53.2,0.0
MV07696,DR06642,PR00003,SR03947,CONT09896,Export,In Yard,95,74.8,0.0
MV07697,DR03128,PR00003,SR07441,CONT00928,Export,In Yard,89,31.7,0.0
MV07698,DR04305,PR00001,SR07367,CONT02163,Export,Customs Hold,106,41.0,17.9
MV07699,DR08140,PR00001,SR05351,CONT08733,Export,Customs Hold,85,38.9,7.0
MV07700,DR04364,PR00007,SR06890,CONT08783,Import,Customs Hold,87,53.4,16.1
MV07701,DR01524,PR00002,SR06899,CONT06204,Import,In Yard,88,71.7,4.5
MV07702,DR07669,PR00003,SR01736,CONT05890,Export,Gate Out,80,43.0,0.0
MV07703,DR03702,PR00001,SR07898,CONT06413,Export,Gate Out,40,49.5,0.0
MV07704,DR02666,PR00004,SR04646,CONT08421,Export,In Yard,114,49.5,0.0
MV07705,DR03480,PR00005,SR04537,CONT07751,Export,Discharged,91,46.9,0.0
MV07706,DR03912,PR00007,SR04430,CONT08556,Export,In Yard,61,61.1,3.3
MV07707,DR07201,PR00004,SR07017,CONT04128,Import,Gate Out,92,54.1,0.0
MV07708,DR07802,PR00002,SR02884,CONT00899,Import,Discharged,104,52.4,0.0
MV07709,DR07645,PR00001,SR07469,CONT04216,Transshipment,Gate Out,77,36.2,0.0
MV07710,DR08820,PR00002,SR02640,CONT04164,Import,In Yard,70,30.5,0.0
MV07711,DR02726,PR00004,SR08278,CONT06883,Import,In Yard,102,34.0,0.0
MV07712,DR08416,PR00007,SR06639,CONT06039,Export,Gate Out,109,52.9,5.2
MV07713,DR06825,PR00001,SR01093,CONT08653,Import,In Yard,50,48.5,0.0
MV07714,DR05927,PR00003,SR08289,CONT00382,Import,Gate Out,72,76.3,0.0
MV07715,DR01224,PR00004,SR01674,CONT09936,Export,Customs Hold,118,52.8,11.7
MV07716,DR08504,PR00004,SR08820,CONT01420,Export,Loaded,66,66.7,0.0
MV07717,DR09384,PR00004,SR03968,CONT01137,Transshipment,Gate Out,90,50.6,0.0
MV07718,DR07118,PR00003,SR00260,CONT04902,Export,Loaded,81,34.3,0.0
MV07719,DR02721,PR00002,SR01361,CONT01157,Export,Gate Out,72,39.0,0.0
MV07720,DR08280,PR00003,SR03029,CONT04647,Transshipment,Loaded,119,59.0,0.0
MV07721,DR09762,PR00003,SR06485,CONT03770,Import,In Yard,30,48.0,0.0
MV07722,DR02743,PR00005,SR07355,CONT06782,Import,In Yard,90,39.8,2.3
MV07723,DR05169,PR00001,SR07124,CONT02409,Export,In Yard,62,31.4,0.0
MV07724,DR00661,PR00003,SR05702,CONT06609,Export,Gate Out,101,42.6,0.0
MV07725,DR08479,PR00007,SR06888,CONT08164,Import,In Yard,89,42.4,0.0
MV07726,DR09705,PR00003,SR08827,CONT08972,Import,In Yard,85,47.0,0.0
MV07727,DR04854,PR00002,SR01402,CONT02862,Import,Discharged,81,70.0,0.0
MV07728,DR07315,PR00007,SR09332,CONT07568,Import,Loaded,74,43.5,0.0
MV07729,DR09377,PR00002,SR09673,CONT01294,Import,In Yard,36,16.2,0.0
MV07730,DR08640,PR00005,SR01290,CONT03251,Transshipment,Gate Out,76,19.8,0.0
MV07731,DR00802,PR00001,SR03143,CONT06834,Export,Customs Hold,92,52.6,10.5
MV07732,DR06430,PR00006,SR01006,CONT00983,Export,In Yard,64,34.4,0.0
MV07733,DR02866,PR00001,SR06957,CONT04035,Export,In Yard,84,41.5,0.0
MV07734,DR03609,PR00003,SR05939,CONT04228,Import,Discharged,87,35.8,0.0
MV07735,DR06509,PR00007,SR03157,CONT03381,Import,Gate Out,85,45.1,0.0
MV07736,DR04834,PR00004,SR04584,CONT00701,Export,Discharged,73,44.3,0.0
MV07737,DR00047,PR00002,SR01072,CONT04112,Export,Loaded,78,34.6,0.0
MV07738,DR07023,PR00001,SR02787,CONT08727,Import,In Yard,72,50.1,0.0
MV07739,DR09227,PR00001,SR01365,CONT04815,Transshipment,Gate Out,115,61.0,0.0
MV07740,DR06212,PR00002,SR02566,CONT07044,Export,Loaded,97,55.8,0.0
MV07741,DR07321,PR00003,SR00761,CONT08271,Import,In Yard,84,65.6,0.0
MV07742,DR00251,PR00003,SR06284,CONT08615,Transshipment,Loaded,100,23.9,0.0
MV07743,DR00827,PR00007,SR02080,CONT07730,Import,In Yard,70,44.3,0.0
MV07744,DR06573,PR00005,SR02495,CONT00426,Transshipment,Discharged,87,39.5,0.0
MV07745,DR09422,PR00007,SR00346,CONT01466,Export,Discharged,97,58.2,0.0
MV07746,DR04297,PR00003,SR00937,CONT00424,Import,In Yard,122,32.6,0.0
MV07747,DR01000,PR00003,SR07362,CONT03653,Import,Loaded,74,53.7,0.0
MV07748,DR08016,PR00004,SR08983,CONT04241,Export,Discharged,112,31.7,0.0
MV07749,DR03260,PR00003,SR04419,CONT08424,Export,Gate Out,70,50.7,0.0
MV07750,DR08422,PR00002,SR06788,CONT07082,Export,Gate Out,87,56.5,0.0
MV07751,DR07728,PR00006,SR07536,CONT03675,Import,Customs Hold,92,26.8,17.2
MV07752,DR06708,PR00005,SR08613,CONT05575,Export,In Yard,101,37.2,0.0
MV07753,DR00568,PR00002,SR00826,CONT00380,Export,In Yard,108,59.0,0.0
MV07754,DR03980,PR00003,SR01727,CONT00532,Import,Discharged,50,57.1,0.0
MV07755,DR00254,PR00002,SR02897,CONT01788,Import,In Yard,91,28.9,3.6
MV07756,DR07782,PR00004,SR01254,CONT04290,Export,Gate Out,89,45.4,0.0
MV07757,DR08083,PR00002,SR08019,CONT00392,Export,Discharged,76,46.0,0.0
MV07758,DR09467,PR00006,SR07358,CONT04758,Import,In Yard,100,51.4,4.3
MV07759,DR03555,PR00003,SR00006,CONT06779,Export,Discharged,45,55.7,0.0
MV07760,DR02006,PR00003,SR04444,CONT08218,Export,In Yard,12,33.9,0.0
MV07761,DR07759,PR00005,SR06025,CONT00205,Import,Discharged,45,36.6,0.0
MV07762,DR08225,PR00007,SR09212,CONT06382,Import,In Yard,96,42.4,0.0
MV07763,DR09779,PR00006,SR06621,CONT09317,Import,Loaded,100,54.7,0.0
MV07764,DR00429,PR00003,SR08328,CONT05310,Import,Gate Out,75,35.5,0.0
MV07765,DR00014,PR00002,SR06686,CONT07788,Import,Discharged,83,50.8,0.0
MV07766,DR02427,PR00004,SR03119,CONT06892,Export,Customs Hold,126,40.0,23.6
MV07767,DR01572,PR00006,SR09731,CONT06793,Import,Gate Out,84,47.3,0.0
MV07768,DR08957,PR00007,SR08634,CONT05829,Export,Discharged,52,50.3,0.0
MV07769,DR02237,PR00003,SR01871,CONT00667,Transshipment,Gate Out,65,32.9,0.0
MV07770,DR00627,PR00004,SR00959,CONT05221,Import,Discharged,115,58.4,0.0
MV07771,DR02223,PR00002,SR07672,CONT07788,Import,Loaded,58,45.1,0.0
MV07772,DR00977,PR00001,SR00157,CONT09951,Import,Loaded,94,49.2,0.0
MV07773,DR02363,PR00002,SR07850,CONT03543,Export,In Yard,69,28.9,0.0
MV07774,DR02250,PR00001,SR03483,CONT00868,Export,Discharged,88,66.8,0.0
MV07775,DR01050,PR00003,SR02764,CONT09614,Export,Loaded,51,19.6,0.0
MV07776,DR05504,PR00003,SR09613,CONT08636,Export,In Yard,97,59.3,0.0
MV07777,DR09010,PR00005,SR03369,CONT03627,Export,Loaded,81,46.5,0.0
MV07778,DR05574,PR00004,SR06417,CONT04605,Export,Loaded,108,55.9,0.0
MV07779,DR03647,PR00001,SR04071,CONT00290,Export,Gate Out,107,43.9,0.0
MV07780,DR04560,PR00005,SR06156,CONT05405,Transshipment,Loaded,110,43.8,3.4
MV07781,DR08477,PR00001,SR06816,CONT08235,Export,Discharged,73,49.8,0.0
MV07782,DR09437,PR00001,SR04860,CONT07068,Import,Discharged,101,46.7,0.0
MV07783,DR04913,PR00007,SR00155,CONT08660,Export,Gate Out,94,52.5,0.0
MV07784,DR00702,PR00001,SR00351,CONT04718,Export,In Yard,84,49.9,0.0
MV07785,DR07167,PR00002,SR05024,CONT00608,Export,Discharged,79,68.8,4.6
MV07786,DR09159,PR00004,SR04960,CONT04370,Export,In Yard,101,30.5,0.0
MV07787,DR03873,PR00003,SR00175,CONT08028,Import,Loaded,119,62.6,0.0
MV07788,DR00228,PR00003,SR06820,CONT08066,Export,In Yard,68,49.6,0.0
MV07789,DR09801,PR00005,SR04426,CONT03226,Export,In Yard,68,47.0,0.0
MV07790,DR00599,PR00004,SR06021,CONT05431,Export,Gate Out,49,24.7,0.0
MV07791,DR07512,PR00003,SR08966,CONT09611,Import,In Yard,81,56.7,0.0
MV07792,DR00836,PR00006,SR05442,CONT09811,Import,Customs Hold,81,37.5,11.8
MV07793,DR03963,PR00001,SR00518,CONT05436,Import,Gate Out,76,59.9,0.0
MV07794,DR08183,PR00003,SR04587,CONT09059,Import,In Yard,54,34.7,0.0
MV07795,DR00834,PR00002,SR03352,CONT05944,Export,In Yard,61,61.4,0.0
MV07796,DR05415,PR00001,SR08086,CONT05575,Import,Gate Out,55,29.5,0.0
MV07797,DR00061,PR00007,SR01878,CONT01701,Export,In Yard,121,41.6,0.0
MV07798,DR05613,PR00005,SR04232,CONT08392,Export,Loaded,79,43.4,0.0
MV07799,DR01797,PR00002,SR04772,CONT09822,Export,Gate Out,77,32.6,0.0
MV07800,DR04779,PR00003,SR07367,CONT06270,Export,In Yard,92,40.6,0.0
MV07801,DR02446,PR00002,SR01709,CONT08938,Export,Loaded,74,66.1,0.0
MV07802,DR05322,PR00005,SR05142,CONT04383,Import,In Yard,46,37.5,0.0
MV07803,DR08599,PR00002,SR02591,CONT08569,Import,Gate Out,38,38.5,0.0
MV07804,DR01011,PR00007,SR08927,CONT02559,Export,Loaded,96,72.4,0.0
MV07805,DR06352,PR00002,SR09955,CONT09750,Import,Customs Hold,78,45.3,12.5
MV07806,DR08903,PR00002,SR01212,CONT08920,Import,In Yard,96,58.8,0.0
MV07807,DR08699,PR00007,SR08076,CONT09679,Transshipment,Loaded,91,56.9,4.8
MV07808,DR05813,PR00006,SR07225,CONT04421,Export,Discharged,109,61.2,0.0
MV07809,DR05707,PR00002,SR09866,CONT06338,Import,Gate Out,107,47.3,0.0
MV07810,DR04268,PR00003,SR01274,CONT04983,Export,Discharged,36,45.3,0.0
MV07811,DR09350,PR00006,SR02723,CONT09464,Import,In Yard,24,65.7,0.0
MV07812,DR04803,PR00005,SR09385,CONT01484,Import,In Yard,91,48.4,0.0
MV07813,DR05090,PR00004,SR05597,CONT08389,Import,Gate Out,108,56.6,0.0
MV07814,DR09812,PR00004,SR08498,CONT00120,Import,Discharged,85,34.4,0.0
MV07815,DR08560,PR00007,SR05037,CONT00756,Import,Customs Hold,92,63.2,5.8
MV07816,DR07085,PR00003,SR03649,CONT03358,Export,Gate Out,84,22.0,0.0
MV07817,DR08636,PR00001,SR03746,CONT06170,Import,Customs Hold,121,42.8,16.5
MV07818,DR07452,PR00003,SR07796,CONT03151,Import,Loaded,82,56.8,0.0
MV07819,DR03794,PR00005,SR09726,CONT00453,Import,Gate Out,108,48.7,0.0
MV07820,DR08725,PR00003,SR00804,CONT05711,Import,Gate Out,104,18.4,1.1
MV07821,DR09752,PR00002,SR03137,CONT09897,Export,In Yard,39,30.2,0.0
MV07822,DR09363,PR00004,SR06556,CONT06577,Import,Loaded,123,38.3,0.0
MV07823,DR03610,PR00003,SR04012,CONT05593,Export,In Yard,29,62.1,0.0
MV07824,DR01746,PR00007,SR09146,CONT01031,Export,Loaded,58,53.9,0.0
MV07825,DR07907,PR00002,SR00311,CONT00834,Import,In Yard,55,49.8,0.0
MV07826,DR09017,PR00005,SR00200,CONT06539,Export,Loaded,80,36.6,0.0
MV07827,DR00327,PR00004,SR03297,CONT09929,Export,Gate Out,75,43.2,0.0
MV07828,DR08932,PR00001,SR03835,CONT04795,Export,In Yard,54,54.9,0.0
MV07829,DR03246,PR00003,SR06848,CONT08803,Import,Loaded,116,61.3,0.0
MV07830,DR08822,PR00001,SR02317,CONT02228,Import,Gate Out,110,40.0,0.0
MV07831,DR09703,PR00006,SR06153,CONT05691,Export,Loaded,94,58.4,0.0
MV07832,DR05798,PR00005,SR04829,CONT07211,Transshipment,In Yard,115,31.9,0.0
MV07833,DR00609,PR00001,SR02192,CONT08861,Import,Discharged,102,33.5,0.0
MV07834,DR01327,PR00003,SR07857,CONT09397,Export,Customs Hold,55,13.2,13.2
MV07835,DR09929,PR00007,SR01944,CONT07365,Import,Gate Out,89,46.2,0.0
MV07836,DR06744,PR00002,SR03739,CONT04613,Transshipment,Gate Out,68,50.4,0.0
MV07837,DR03621,PR00007,SR09813,CONT07225,Import,Loaded,72,37.1,0.0
MV07838,DR07498,PR00001,SR03519,CONT07585,Import,In Yard,77,37.4,0.0
MV07839,DR04914,PR00001,SR02561,CONT00457,Export,In Yard,28,23.7,0.0
MV07840,DR00472,PR00003,SR04689,CONT09999,Export,In Yard,100,41.9,0.0
MV07841,DR08886,PR00002,SR02743,CONT08043,Export,Discharged,45,30.5,5.3
MV07842,DR08354,PR00006,SR02564,CONT09627,Export,Customs Hold,106,68.3,13.2
MV07843,DR02782,PR00005,SR02888,CONT09367,Export,Gate Out,75,37.6,2.5
MV07844,DR07377,PR00005,SR08179,CONT04314,Import,Gate Out,98,43.4,0.0
MV07845,DR08943,PR00005,SR02417,CONT06257,Import,Gate Out,84,39.8,0.0
MV07846,DR01390,PR00005,SR01378,CONT00056,Export,In Yard,86,50.7,0.0
MV07847,DR02549,PR00005,SR06366,CONT03641,Import,Discharged,96,81.0,0.0
MV07848,DR03141,PR00004,SR07267,CONT03978,Import,Gate Out,95,87.4,1.2
MV07849,DR02150,PR00006,SR00240,CONT06675,Import,Gate Out,95,49.3,0.0
MV07850,DR06736,PR00004,SR01707,CONT05671,Export,Loaded,82,52.6,0.0
MV07851,DR09996,PR00002,SR08117,CONT08635,Import,Gate Out,56,48.7,0.0
MV07852,DR00051,PR00003,SR05058,CONT08947,Export,In Yard,72,60.0,0.0
MV07853,DR01510,PR00003,SR01972,CONT03169,Export,Loaded,111,57.9,0.0
MV07854,DR06784,PR00002,SR08538,CONT08451,Import,Gate Out,40,54.5,0.0
MV07855,DR08900,PR00003,SR00261,CONT05465,Import,Discharged,55,49.0,3.0
MV07856,DR04719,PR00003,SR04920,CONT08438,Export,Gate Out,109,33.5,0.0
MV07857,DR03143,PR00001,SR07396,CONT09123,Export,Loaded,54,51.0,0.0
MV07858,DR07169,PR00006,SR01867,CONT01069,Export,Loaded,80,52.0,0.0
MV07859,DR01672,PR00005,SR06753,CONT04157,Import,In Yard,81,49.0,0.0
MV07860,DR09294,PR00002,SR00244,CONT07101,Transshipment,Loaded,100,26.6,0.0
MV07861,DR04123,PR00007,SR08943,CONT08233,Export,Loaded,113,41.7,0.0
MV07862,DR09561,PR00007,SR05635,CONT06869,Import,Loaded,95,48.7,0.0
MV07863,DR06432,PR00006,SR08409,CONT04462,Export,In Yard,103,61.0,0.0
MV07864,DR06271,PR00001,SR05439,CONT07134,Import,Loaded,70,64.0,0.0
MV07865,DR03162,PR00003,SR01619,CONT08342,Export,Loaded,67,47.8,0.0
MV07866,DR09848,PR00003,SR09134,CONT02468,Export,Discharged,90,43.3,0.0
MV07867,DR02327,PR00005,SR02353,CONT08511,Export,Discharged,92,39.8,0.0
MV07868,DR03284,PR00004,SR09039,CONT08260,Import,Customs Hold,76,61.4,11.8
MV07869,DR01409,PR00005,SR09063,CONT09847,Import,Loaded,83,50.8,0.0
MV07870,DR09378,PR00005,SR06640,CONT02780,Export,Loaded,129,9.1,0.0
MV07871,DR00743,PR00007,SR01122,CONT02595,Export,Gate Out,91,63.2,0.0
MV07872,DR04542,PR00004,SR00641,CONT01803,Export,Customs Hold,138,48.0,10.2
MV07873,DR04922,PR00007,SR09247,CONT07385,Transshipment,Gate Out,89,21.7,0.0
MV07874,DR08811,PR00006,SR05271,CONT09826,Import,Customs Hold,75,60.3,11.6
MV07875,DR03874,PR00002,SR01838,CONT03663,Import,In Yard,85,43.3,0.0
MV07876,DR06429,PR00006,SR01619,CONT08449,Import,Discharged,103,29.1,0.0
MV07877,DR01150,PR00001,SR01923,CONT05333,Export,Customs Hold,92,69.2,16.6
MV07878,DR07722,PR00001,SR01015,CONT04553,Export,Loaded,87,48.4,0.0
MV07879,DR05542,PR00007,SR09706,CONT03595,Export,In Yard,108,49.4,0.0
MV07880,DR06426,PR00003,SR08564,CONT04616,Export,Gate Out,98,39.5,0.0
MV07881,DR04468,PR00003,SR02031,CONT02462,Import,Loaded,54,45.2,0.0
MV07882,DR08941,PR00007,SR01750,CONT01252,Import,In Yard,123,51.6,0.0
MV07883,DR09871,PR00003,SR03006,CONT06448,Export,Gate Out,75,51.1,0.0
MV07884,DR08780,PR00002,SR08048,CONT08549,Import,Gate Out,93,37.0,0.0
MV07885,DR02707,PR00001,SR04804,CONT08097,Export,Discharged,66,35.3,0.0
MV07886,DR01689,PR00003,SR02174,CONT05605,Import,In Yard,88,47.7,0.0
MV07887,DR09977,PR00001,SR03093,CONT05387,Import,Discharged,98,35.0,0.0
MV07888,DR05282,PR00001,SR01666,CONT04578,Export,In Yard,86,35.1,0.0
MV07889,DR06894,PR00006,SR01907,CONT03978,Import,Discharged,85,60.1,0.0
MV07890,DR04739,PR00002,SR04700,CONT05560,Transshipment,In Yard,24,29.8,0.0
MV07891,DR02592,PR00004,SR00297,CONT07599,Import,In Yard,55,40.9,0.0
MV07892,DR02166,PR00001,SR01826,CONT02995,Transshipment,Discharged,103,34.1,0.0
MV07893,DR07870,PR00003,SR03145,CONT02076,Import,In Yard,83,61.4,0.0
MV07894,DR02398,PR00004,SR07589,CONT05072,Export,Discharged,100,26.5,0.0
MV07895,DR06976,PR00003,SR09915,CONT03337,Export,In Yard,93,34.2,0.0
MV07896,DR09891,PR00002,SR09649,CONT02228,Import,In Yard,63,44.8,0.0
MV07897,DR01874,PR00002,SR08048,CONT06453,Import,Gate Out,81,45.5,0.0
MV07898,DR08212,PR00001,SR05642,CONT08535,Import,Loaded,115,57.5,0.0
MV07899,DR01086,PR00001,SR03851,CONT00740,Export,Gate Out,81,41.5,0.0
MV07900,DR03921,PR00003,SR02499,CONT01632,Import,Loaded,93,34.3,0.0
MV07901,DR00028,PR00001,SR04390,CONT04604,Import,Gate Out,58,34.4,0.0
MV07902,DR02044,PR00002,SR08297,CONT06269,Export,Gate Out,135,30.7,0.0
MV07903,DR06563,PR00001,SR05237,CONT05533,Export,Loaded,88,25.3,0.0
MV07904,DR03399,PR00006,SR03152,CONT06199,Import,Loaded,143,63.4,0.0
MV07905,DR08923,PR00003,SR03610,CONT08420,Import,Gate Out,133,45.6,0.0
MV07906,DR03215,PR00004,SR04116,CONT02884,Export,Loaded,104,50.1,0.0
MV07907,DR05626,PR00004,SR09156,CONT03365,Import,Gate Out,75,46.1,0.0
MV07908,DR08505,PR00003,SR03385,CONT09658,Export,Discharged,76,26.6,0.0
MV07909,DR08439,PR00002,SR07059,CONT08274,Import,Loaded,98,25.2,0.0
MV07910,DR03205,PR00003,SR09098,CONT06722,Transshipment,In Yard,103,54.0,0.0
MV07911,DR09560,PR00003,SR03114,CONT00741,Export,Discharged,74,35.7,0.0
MV07912,DR05907,PR00002,SR01006,CONT05924,Export,Discharged,71,40.6,0.0
MV07913,DR04538,PR00001,SR09554,CONT09113,Export,Loaded,96,52.0,0.0
MV07914,DR08922,PR00007,SR00611,CONT07498,Transshipment,Customs Hold,73,32.8,18.7
MV07915,DR08410,PR00005,SR02213,CONT03032,Export,Loaded,65,34.6,0.0
MV07916,DR06209,PR00001,SR03298,CONT07723,Export,Gate Out,72,33.4,0.0
MV07917,DR01120,PR00007,SR00010,CONT05777,Export,In Yard,86,51.4,0.0
MV07918,DR09569,PR00001,SR06536,CONT00032,Import,Loaded,64,39.3,0.0
MV07919,DR04186,PR00001,SR02555,CONT01579,Export,In Yard,83,37.8,0.0
MV07920,DR00337,PR00001,SR00502,CONT05192,Export,Loaded,72,58.0,0.0
MV07921,DR05914,PR00007,SR01396,CONT06317,Export,In Yard,86,47.5,0.0
MV07922,DR09568,PR00002,SR05291,CONT08219,Export,In Yard,65,56.0,0.0
MV07923,DR02927,PR00006,SR07551,CONT00182,Export,Discharged,111,26.0,0.0
MV07924,DR09505,PR00004,SR09376,CONT00813,Export,Gate Out,70,23.8,0.0
MV07925,DR02361,PR00003,SR04657,CONT00022,Transshipment,Gate Out,70,52.6,0.0
MV07926,DR05095,PR00003,SR05836,CONT05302,Export,Loaded,91,45.9,4.7
MV07927,DR01276,PR00001,SR04479,CONT02521,Import,Discharged,72,33.0,0.0
MV07928,DR08741,PR00005,SR04295,CONT08457,Import,In Yard,48,33.6,0.0
MV07929,DR04330,PR00003,SR05762,CONT02776,Export,Loaded,97,57.7,1.2
MV07930,DR09293,PR00003,SR06943,CONT07399,Import,Gate Out,114,55.5,0.0
MV07931,DR04044,PR00001,SR06607,CONT02764,Export,In Yard,92,39.2,0.0
MV07932,DR09285,PR00005,SR08133,CONT04492,Export,In Yard,130,55.2,0.0
MV07933,DR01164,PR00005,SR05573,CONT07966,Import,In Yard,88,46.0,0.0
MV07934,DR06791,PR00003,SR06493,CONT02364,Transshipment,In Yard,94,32.1,0.0
MV07935,DR02308,PR00003,SR07255,CONT03932,Export,In Yard,87,36.3,0.0
MV07936,DR09082,PR00002,SR04183,CONT00643,Transshipment,Customs Hold,71,53.4,14.0
MV07937,DR03782,PR00002,SR03326,CONT00364,Import,Loaded,66,30.4,3.7
MV07938,DR01893,PR00001,SR01329,CONT08198,Import,Loaded,70,36.7,0.0
MV07939,DR08315,PR00005,SR04236,CONT02134,Export,Loaded,102,36.4,0.0
MV07940,DR05513,PR00001,SR04079,CONT09734,Export,In Yard,112,56.2,0.0
MV07941,DR03960,PR00001,SR01721,CONT05982,Transshipment,Loaded,78,35.5,0.0
MV07942,DR09093,PR00001,SR05125,CONT05784,Export,Loaded,96,63.9,0.0
MV07943,DR08490,PR00002,SR08739,CONT04711,Import,In Yard,64,28.0,0.0
MV07944,DR09996,PR00004,SR06200,CONT09107,Import,Discharged,83,35.1,0.0
MV07945,DR09489,PR00005,SR00391,CONT04228,Export,Loaded,76,70.0,0.0
MV07946,DR08654,PR00003,SR04779,CONT04932,Import,Loaded,93,23.1,0.0
MV07947,DR08748,PR00003,SR00414,CONT00670,Transshipment,Gate Out,57,38.5,0.0
MV07948,DR00370,PR00004,SR08996,CONT02155,Export,In Yard,115,57.7,4.3
MV07949,DR05652,PR00004,SR09333,CONT02115,Export,Loaded,80,30.4,0.0
MV07950,DR09994,PR00006,SR09662,CONT00399,Transshipment,Discharged,70,46.9,0.0
MV07951,DR05384,PR00006,SR09681,CONT05739,Import,Gate Out,126,33.5,0.0
MV07952,DR07884,PR00006,SR04737,CONT07093,Import,In Yard,86,52.0,0.0
MV07953,DR06637,PR00006,SR07175,CONT05033,Export,Gate Out,64,70.0,0.0
MV07954,DR09636,PR00006,SR01609,CONT04984,Export,Customs Hold,87,12.9,10.7
MV07955,DR00281,PR00004,SR09127,CONT04657,Export,Loaded,54,43.5,0.0
MV07956,DR07216,PR00004,SR01405,CONT08863,Import,Discharged,126,44.6,0.0
MV07957,DR03450,PR00005,SR03370,CONT00187,Export,Loaded,129,36.9,0.0
MV07958,DR01276,PR00001,SR05729,CONT01953,Import,In Yard,124,26.1,0.0
MV07959,DR07209,PR00003,SR08446,CONT03699,Import,In Yard,81,55.3,0.0
MV07960,DR08207,PR00007,SR00176,CONT08781,Transshipment,Gate Out,107,57.6,0.0
MV07961,DR03189,PR00003,SR08027,CONT04443,Import,Discharged,96,24.8,3.7
MV07962,DR05148,PR00001,SR01797,CONT07906,Import,Gate Out,88,29.8,0.0
MV07963,DR04470,PR00003,SR02920,CONT05486,Import,Loaded,70,31.9,0.0
MV07964,DR03176,PR00001,SR07811,CONT09473,Export,Customs Hold,55,15.6,7.8
MV07965,DR04351,PR00002,SR02078,CONT09204,Import,Discharged,87,36.6,0.0
MV07966,DR00460,PR00004,SR00865,CONT08253,Import,Loaded,95,51.8,0.0
MV07967,DR09280,PR00003,SR01803,CONT02949,Import,In Yard,101,44.1,0.0
MV07968,DR01987,PR00003,SR01470,CONT04019,Export,In Yard,91,71.3,0.0
MV07969,DR07090,PR00001,SR02578,CONT06029,Import,Gate Out,63,23.8,0.0
MV07970,DR01725,PR00003,SR09899,CONT07887,Export,Loaded,112,42.9,0.0
MV07971,DR01106,PR00001,SR07436,CONT02791,Export,Loaded,99,37.1,0.0
MV07972,DR00125,PR00003,SR06626,CONT06438,Export,Gate Out,72,52.1,0.0
MV07973,DR06697,PR00004,SR03022,CONT09936,Import,Customs Hold,95,54.2,22.2
MV07974,DR04909,PR00001,SR07861,CONT09243,Export,In Yard,67,19.3,0.0
MV07975,DR00994,PR00007,SR05839,CONT02821,Import,Gate Out,103,61.8,0.0
MV07976,DR01907,PR00004,SR05664,CONT07734,Import,Customs Hold,107,38.7,16.2
MV07977,DR08656,PR00002,SR00890,CONT05663,Export,Loaded,79,56.6,0.0
MV07978,DR03494,PR00003,SR05870,CONT04586,Import,In Yard,84,57.3,0.0
MV07979,DR05834,PR00001,SR07821,CONT08559,Import,In Yard,126,47.2,0.0
MV07980,DR07344,PR00001,SR04606,CONT09320,Import,Gate Out,28,31.7,0.0
MV07981,DR06512,PR00007,SR00393,CONT09044,Import,Gate Out,52,39.0,0.0
MV07982,DR01742,PR00005,SR01817,CONT05266,Import,Discharged,102,56.3,0.0
MV07983,DR08718,PR00005,SR00400,CONT03888,Import,Gate Out,70,50.8,0.0
MV07984,DR03017,PR00004,SR09503,CONT02611,Export,Loaded,79,47.7,0.0
MV07985,DR09848,PR00007,SR07043,CONT08396,Import,In Yard,86,52.2,0.0
MV07986,DR03133,PR00006,SR08916,CONT00318,Import,In Yard,81,52.0,0.0
MV07987,DR07382,PR00001,SR07037,CONT06460,Transshipment,Gate Out,117,62.4,0.0
MV07988,DR06175,PR00001,SR01861,CONT03750,Export,Discharged,49,30.2,0.0
MV07989,DR05371,PR00003,SR04406,CONT03399,Export,In Yard,90,49.6,0.0
MV07990,DR09525,PR00002,SR07414,CONT09378,Export,Gate Out,100,32.2,0.0
MV07991,DR00998,PR00003,SR04035,CONT04189,Import,Loaded,73,78.8,0.0
MV07992,DR08341,PR00002,SR02583,CONT08349,Import,Gate Out,71,47.4,0.0
MV07993,DR09953,PR00006,SR03469,CONT04685,Export,Gate Out,126,62.7,4.2
MV07994,DR01708,PR00001,SR07837,CONT05196,Export,Customs Hold,15,41.8,15.8
MV07995,DR05594,PR00006,SR08667,CONT07140,Import,Discharged,99,50.8,3.3
MV07996,DR05912,PR00003,SR07435,CONT00581,Export,Discharged,99,77.7,0.0
MV07997,DR05862,PR00001,SR04065,CONT07761,Import,In Yard,50,49.8,0.0
MV07998,DR06701,PR00006,SR06479,CONT06395,Import,Discharged,78,39.3,0.0
MV07999,DR07811,PR00003,SR09570,CONT03916,Import,Gate Out,78,37.5,0.0
MV08000,DR02712,PR00005,SR07382,CONT08685,Transshipment,In Yard,94,48.9,0.0
MV08001,DR07707,PR00006,SR05193,CONT07086,Import,Loaded,62,36.5,0.0
MV08002,DR00010,PR00001,SR08059,CONT01877,Import,Discharged,97,37.5,0.0
MV08003,DR05163,PR00002,SR03806,CONT00531,Export,Discharged,105,27.7,0.0
MV08004,DR05348,PR00001,SR05411,CONT04091,Import,In Yard,62,10.9,0.0
MV08005,DR07186,PR00001,SR05158,CONT00400,Transshipment,In Yard,61,63.7,0.0
MV08006,DR08752,PR00007,SR01100,CONT09542,Import,Loaded,76,44.4,0.0
MV08007,DR00800,PR00006,SR09532,CONT03717,Export,Loaded,116,49.5,0.0
MV08008,DR00887,PR00003,SR05368,CONT04322,Import,Customs Hold,77,39.9,16.2
MV08009,DR01384,PR00005,SR01376,CONT04459,Import,In Yard,78,51.0,4.2
MV08010,DR03460,PR00007,SR07340,CONT07893,Export,Gate Out,83,53.1,0.0
MV08011,DR05367,PR00002,SR04209,CONT06126,Export,In Yard,95,58.9,0.0
MV08012,DR03376,PR00001,SR03541,CONT01820,Import,Gate Out,104,51.5,0.0
MV08013,DR02737,PR00006,SR04327,CONT04138,Import,Customs Hold,82,42.0,4.0
MV08014,DR05783,PR00005,SR09334,CONT05087,Import,Discharged,122,68.4,0.0
MV08015,DR05051,PR00001,SR03556,CONT00495,Import,In Yard,60,39.7,0.0
MV08016,DR02637,PR00003,SR04794,CONT02845,Export,In Yard,78,62.4,0.0
MV08017,DR04664,PR00001,SR02702,CONT02519,Transshipment,Loaded,99,26.0,0.0
MV08018,DR07766,PR00004,SR02944,CONT02220,Export,Discharged,118,67.4,0.0
MV08019,DR02631,PR00004,SR00153,CONT08501,Import,Discharged,73,30.9,0.0
MV08020,DR04439,PR00002,SR09129,CONT08186,Export,In Yard,97,24.6,0.0
MV08021,DR01900,PR00006,SR04024,CONT08127,Export,Loaded,83,26.6,0.0
MV08022,DR08141,PR00003,SR04831,CONT09995,Import,Gate Out,66,51.6,0.0
MV08023,DR08715,PR00005,SR07478,CONT09576,Import,Customs Hold,123,73.7,11.2
MV08024,DR07175,PR00004,SR00639,CONT05186,Export,Gate Out,62,42.0,0.0
MV08025,DR01601,PR00003,SR08983,CONT09227,Export,Loaded,72,43.5,0.0
MV08026,DR04880,PR00002,SR02922,CONT03777,Import,Discharged,114,55.5,0.0
MV08027,DR01918,PR00002,SR08507,CONT04555,Export,Gate Out,93,38.0,0.0
MV08028,DR05587,PR00005,SR01867,CONT08327,Export,Gate Out,95,50.1,0.0
MV08029,DR07757,PR00004,SR03769,CONT08890,Transshipment,Loaded,84,42.0,0.0
MV08030,DR05854,PR00002,SR08806,CONT05484,Transshipment,Loaded,77,71.1,0.0
MV08031,DR02081,PR00007,SR00251,CONT05634,Import,Loaded,87,52.0,0.0
MV08032,DR07184,PR00006,SR03032,CONT05037,Import,In Yard,98,55.2,0.0
MV08033,DR05544,PR00001,SR09212,CONT05742,Export,Discharged,88,36.7,0.0
MV08034,DR08901,PR00001,SR04768,CONT01603,Export,Gate Out,50,23.2,0.0
MV08035,DR00159,PR00004,SR05594,CONT02424,Import,Discharged,78,55.1,0.0
MV08036,DR08589,PR00001,SR03987,CONT04460,Export,Gate Out,66,41.3,0.0
MV08037,DR00299,PR00007,SR04980,CONT08191,Export,Loaded,81,62.4,0.0
MV08038,DR07583,PR00004,SR04657,CONT08231,Import,Gate Out,72,31.0,0.0
MV08039,DR05617,PR00001,SR00682,CONT02195,Import,Gate Out,68,34.8,0.0
MV08040,DR03853,PR00003,SR05122,CONT04159,Import,Discharged,87,30.3,0.0
MV08041,DR05999,PR00002,SR01996,CONT00725,Import,Gate Out,78,39.1,0.0
MV08042,DR08093,PR00003,SR03611,CONT01768,Export,In Yard,76,26.2,0.0
MV08043,DR02789,PR00002,SR04728,CONT05402,Import,Gate Out,83,31.8,0.0
MV08044,DR09736,PR00006,SR01735,CONT00612,Export,Customs Hold,116,60.5,11.4
MV08045,DR07222,PR00005,SR00697,CONT01178,Import,In Yard,75,30.8,0.0
MV08046,DR03233,PR00007,SR07595,CONT07575,Export,Loaded,114,39.7,0.0
MV08047,DR08387,PR00001,SR05167,CONT04377,Import,In Yard,80,43.8,1.5
MV08048,DR06577,PR00003,SR03951,CONT06065,Export,Discharged,64,38.6,0.0
MV08049,DR08998,PR00006,SR01460,CONT06967,Import,In Yard,92,55.5,0.0
MV08050,DR07499,PR00003,SR08077,CONT03056,Export,Gate Out,39,26.1,4.9
MV08051,DR07269,PR00003,SR01936,CONT03723,Import,In Yard,117,16.5,0.0
MV08052,DR07743,PR00007,SR04491,CONT03893,Export,In Yard,77,47.8,0.0
MV08053,DR09458,PR00005,SR07021,CONT09169,Import,In Yard,55,64.0,0.0
MV08054,DR06530,PR00006,SR09966,CONT03309,Import,Loaded,98,45.0,0.0
MV08055,DR09846,PR00003,SR03464,CONT05250,Export,In Yard,129,54.1,0.0
MV08056,DR03911,PR00004,SR09799,CONT02998,Import,Gate Out,93,47.5,0.0
MV08057,DR03806,PR00003,SR03831,CONT01950,Transshipment,In Yard,87,52.7,0.0
MV08058,DR06248,PR00003,SR09167,CONT00346,Export,In Yard,104,43.2,0.0
MV08059,DR00728,PR00001,SR04146,CONT04102,Import,Gate Out,59,33.0,5.2
MV08060,DR03617,PR00006,SR05303,CONT04474,Transshipment,In Yard,87,72.8,0.0
MV08061,DR09714,PR00003,SR09601,CONT00584,Import,In Yard,65,51.9,0.0
MV08062,DR09329,PR00004,SR01288,CONT08599,Export,Customs Hold,81,33.5,16.9
MV08063,DR04859,PR00006,SR05076,CONT07620,Import,In Yard,35,36.8,0.0
MV08064,DR08304,PR00005,SR05423,CONT09786,Export,Gate Out,110,40.3,0.0
MV08065,DR09200,PR00001,SR03985,CONT06686,Export,Loaded,35,21.4,0.0
MV08066,DR00111,PR00004,SR04021,CONT01062,Import,In Yard,73,33.3,0.0
MV08067,DR00525,PR00003,SR06417,CONT06609,Export,Loaded,130,47.4,0.0
MV08068,DR03736,PR00002,SR00697,CONT01742,Import,Discharged,75,31.4,0.0
MV08069,DR04003,PR00001,SR02283,CONT00836,Export,Loaded,71,50.6,2.6
MV08070,DR05055,PR00004,SR04848,CONT04242,Import,Gate Out,102,24.7,0.0
MV08071,DR03246,PR00005,SR06169,CONT07113,Import,Customs Hold,120,32.7,12.3
MV08072,DR07370,PR00007,SR07445,CONT01355,Import,In Yard,81,59.6,0.0
MV08073,DR04303,PR00002,SR01548,CONT05986,Export,In Yard,44,68.2,0.0
MV08074,DR06077,PR00003,SR06463,CONT06221,Transshipment,Loaded,124,52.3,0.0
MV08075,DR08540,PR00001,SR03125,CONT07547,Transshipment,In Yard,105,33.2,0.0
MV08076,DR09284,PR00007,SR08042,CONT06958,Export,Discharged,94,32.5,0.0
MV08077,DR06150,PR00006,SR06154,CONT05609,Export,Loaded,45,38.6,0.0
MV08078,DR07474,PR00007,SR09296,CONT06993,Export,In Yard,119,69.5,0.0
MV08079,DR07757,PR00003,SR01568,CONT06094,Export,In Yard,94,47.7,0.0
MV08080,DR06418,PR00002,SR07665,CONT09324,Import,Gate Out,111,23.4,0.0
MV08081,DR07744,PR00004,SR01146,CONT00063,Export,In Yard,59,43.2,0.0
MV08082,DR06881,PR00003,SR05991,CONT01574,Import,In Yard,85,61.7,0.0
MV08083,DR06385,PR00002,SR07357,CONT08941,Export,Loaded,40,56.9,0.0
MV08084,DR09093,PR00001,SR06466,CONT07840,Import,Discharged,107,61.3,0.0
MV08085,DR00954,PR00001,SR08261,CONT03025,Import,In Yard,107,54.4,0.0
MV08086,DR05060,PR00003,SR05925,CONT06192,Export,Loaded,103,30.3,0.0
MV08087,DR05669,PR00007,SR09675,CONT02463,Import,Customs Hold,115,38.5,11.9
MV08088,DR05415,PR00005,SR02416,CONT07486,Transshipment,Customs Hold,95,74.6,7.7
MV08089,DR02251,PR00005,SR07309,CONT04630,Transshipment,In Yard,105,47.6,0.0
MV08090,DR08045,PR00002,SR01361,CONT02750,Export,Discharged,90,20.8,0.0
MV08091,DR00259,PR00005,SR03303,CONT07936,Export,Loaded,101,51.9,0.0
MV08092,DR02372,PR00003,SR06248,CONT01884,Import,Discharged,88,52.8,0.0
MV08093,DR03097,PR00001,SR06519,CONT07123,Import,Discharged,61,33.0,0.0
MV08094,DR04915,PR00003,SR09925,CONT06352,Export,In Yard,108,56.1,0.0
MV08095,DR05909,PR00001,SR07464,CONT07087,Import,Gate Out,100,33.2,0.0
MV08096,DR07801,PR00006,SR02736,CONT02784,Import,Loaded,106,47.5,2.3
MV08097,DR07131,PR00006,SR06148,CONT06564,Import,Loaded,130,28.0,0.0
MV08098,DR07431,PR00002,SR08126,CONT08641,Export,In Yard,71,27.5,0.0
MV08099,DR08282,PR00004,SR06881,CONT03624,Export,Discharged,79,59.2,0.0
MV08100,DR09271,PR00003,SR04852,CONT09995,Import,Loaded,50,5.0,0.0
MV08101,DR06815,PR00001,SR08351,CONT01352,Import,In Yard,107,39.0,0.0
MV08102,DR08191,PR00004,SR06060,CONT08499,Export,Loaded,76,35.6,0.0
MV08103,DR09993,PR00005,SR06581,CONT09492,Import,In Yard,118,51.7,0.0
MV08104,DR01702,PR00005,SR04811,CONT07317,Import,In Yard,100,22.3,0.0
MV08105,DR08768,PR00001,SR08679,CONT05215,Import,Discharged,93,30.1,0.0
MV08106,DR08855,PR00003,SR03080,CONT09037,Export,Loaded,92,41.4,0.0
MV08107,DR06090,PR00001,SR09776,CONT05242,Import,Loaded,70,45.3,0.0
MV08108,DR06858,PR00001,SR09115,CONT08787,Import,Loaded,89,43.9,0.0
MV08109,DR07946,PR00001,SR05262,CONT09755,Export,In Yard,61,12.5,0.0
MV08110,DR01718,PR00001,SR03377,CONT07552,Import,In Yard,56,33.6,0.0
MV08111,DR02708,PR00002,SR06716,CONT03959,Transshipment,Loaded,55,27.4,0.0
MV08112,DR03405,PR00002,SR01246,CONT05579,Export,In Yard,60,41.5,3.7
MV08113,DR07388,PR00005,SR01019,CONT09825,Export,In Yard,116,48.8,0.0
MV08114,DR01217,PR00002,SR03500,CONT09225,Import,Loaded,78,64.2,0.0
MV08115,DR05021,PR00001,SR02354,CONT03277,Import,Customs Hold,66,29.4,18.3
MV08116,DR09531,PR00007,SR06582,CONT02687,Export,Customs Hold,63,39.6,15.9
MV08117,DR05142,PR00006,SR08890,CONT06642,Import,In Yard,86,36.6,0.0
MV08118,DR05049,PR00001,SR04856,CONT04965,Export,Gate Out,70,31.5,0.0
MV08119,DR07415,PR00003,SR03960,CONT09243,Import,In Yard,120,59.9,0.0
MV08120,DR05396,PR00001,SR02433,CONT02524,Export,Loaded,58,28.3,0.0
MV08121,DR03562,PR00007,SR06446,CONT01031,Import,Gate Out,76,41.9,0.0
MV08122,DR01221,PR00002,SR09605,CONT04026,Export,Gate Out,59,42.1,0.0
MV08123,DR02221,PR00001,SR06382,CONT04914,Import,In Yard,100,33.7,0.0
MV08124,DR04618,PR00005,SR05761,CONT07607,Import,In Yard,74,50.2,0.0
MV08125,DR08759,PR00005,SR01403,CONT09094,Import,In Yard,66,39.1,0.0
MV08126,DR08647,PR00002,SR09433,CONT04323,Import,In Yard,63,33.8,0.0
MV08127,DR00640,PR00002,SR07243,CONT04575,Transshipment,In Yard,69,17.6,0.0
MV08128,DR08184,PR00003,SR06536,CONT00904,Import,Customs Hold,70,26.7,17.1
MV08129,DR00525,PR00002,SR06171,CONT08703,Import,Loaded,85,38.8,0.0
MV08130,DR07875,PR00002,SR00408,CONT01319,Export,Gate Out,72,40.3,0.0
MV08131,DR00540,PR00006,SR01893,CONT06667,Import,Discharged,79,41.8,0.0
MV08132,DR07129,PR00005,SR07153,CONT01826,Export,Loaded,97,28.8,0.0
MV08133,DR01971,PR00005,SR09383,CONT07916,Import,In Yard,109,41.2,0.0
MV08134,DR07910,PR00005,SR04130,CONT03314,Export,In Yard,106,31.8,0.0
MV08135,DR00201,PR00003,SR00410,CONT04131,Export,Gate Out,54,26.5,0.0
MV08136,DR08371,PR00002,SR05924,CONT02154,Import,Discharged,81,59.6,0.0
MV08137,DR05799,PR00005,SR03766,CONT05568,Import,Discharged,107,40.2,0.0
MV08138,DR06560,PR00001,SR06189,CONT05206,Export,In Yard,109,47.5,0.0
MV08139,DR05880,PR00001,SR09672,CONT03172,Export,Customs Hold,93,58.2,6.0
MV08140,DR01474,PR00001,SR08808,CONT02748,Import,In Yard,103,42.8,0.0
MV08141,DR09230,PR00005,SR09858,CONT06702,Export,Customs Hold,101,58.1,22.1
MV08142,DR05406,PR00004,SR00307,CONT04163,Export,Discharged,95,53.1,0.0
MV08143,DR06674,PR00003,SR07649,CONT05184,Export,Gate Out,77,27.2,0.0
MV08144,DR00516,PR00003,SR05945,CONT05513,Export,Loaded,105,42.7,0.0
MV08145,DR04183,PR00006,SR01034,CONT05925,Export,In Yard,120,41.3,0.0
MV08146,DR06661,PR00001,SR00655,CONT09325,Export,Customs Hold,65,47.5,15.1
MV08147,DR05645,PR00003,SR04910,CONT01077,Import,Loaded,55,49.5,0.0
MV08148,DR09192,PR00005,SR01599,CONT05405,Import,In Yard,76,27.8,0.0
MV08149,DR00341,PR00004,SR03935,CONT05710,Import,Gate Out,117,36.6,0.0
MV08150,DR05092,PR00003,SR04543,CONT05767,Import,Customs Hold,87,37.9,9.9
MV08151,DR07587,PR00002,SR02877,CONT01608,Import,Customs Hold,65,24.5,14.9
MV08152,DR03111,PR00007,SR07688,CONT05325,Export,Loaded,97,43.5,3.0
MV08153,DR06322,PR00003,SR03814,CONT00551,Import,Gate Out,78,53.3,0.0
MV08154,DR04178,PR00006,SR01305,CONT07667,Export,Customs Hold,93,59.8,15.8
MV08155,DR07906,PR00005,SR03604,CONT08889,Import,Loaded,78,39.0,0.0
MV08156,DR08005,PR00006,SR00282,CONT01375,Import,In Yard,76,37.9,0.0
MV08157,DR00141,PR00001,SR08464,CONT04296,Import,Gate Out,68,46.4,0.0
MV08158,DR05321,PR00003,SR04702,CONT09164,Import,In Yard,76,39.9,0.0
MV08159,DR04961,PR00002,SR07334,CONT03521,Import,In Yard,71,18.8,0.0
MV08160,DR08724,PR00002,SR01262,CONT01016,Import,Loaded,61,31.8,0.0
MV08161,DR04997,PR00002,SR02931,CONT07940,Export,Customs Hold,54,38.5,13.5
MV08162,DR07559,PR00003,SR04917,CONT04524,Import,Loaded,78,52.6,0.0
MV08163,DR05798,PR00003,SR03174,CONT02822,Import,In Yard,83,53.0,0.0
MV08164,DR03688,PR00004,SR00698,CONT06933,Import,In Yard,77,24.2,0.0
MV08165,DR00314,PR00002,SR01578,CONT06062,Import,Loaded,104,33.0,0.0
MV08166,DR06561,PR00002,SR08492,CONT04803,Import,In Yard,68,50.2,5.5
MV08167,DR03543,PR00003,SR01949,CONT03548,Import,Loaded,83,38.5,0.0
MV08168,DR02440,PR00005,SR02218,CONT00274,Export,Loaded,79,48.1,0.0
MV08169,DR07115,PR00001,SR07210,CONT00352,Export,In Yard,104,41.0,0.0
MV08170,DR02022,PR00005,SR04129,CONT05402,Transshipment,In Yard,124,47.9,0.0
MV08171,DR08484,PR00002,SR00194,CONT07096,Export,In Yard,64,33.6,0.0
MV08172,DR00710,PR00004,SR02628,CONT05195,Import,Loaded,73,56.5,1.2
MV08173,DR09425,PR00005,SR03224,CONT02194,Import,In Yard,103,29.3,0.0
MV08174,DR02425,PR00003,SR06527,CONT05010,Export,Loaded,56,31.3,0.0
MV08175,DR07285,PR00004,SR07793,CONT09661,Import,In Yard,54,51.3,0.0
MV08176,DR07965,PR00007,SR01373,CONT00730,Export,Loaded,71,39.7,0.0
MV08177,DR09449,PR00001,SR06127,CONT09366,Export,Loaded,55,36.0,0.0
MV08178,DR00886,PR00002,SR03102,CONT04095,Export,In Yard,92,53.4,0.0
MV08179,DR07157,PR00007,SR03325,CONT05355,Import,Discharged,114,52.4,0.0
MV08180,DR06557,PR00006,SR02945,CONT00162,Import,Loaded,72,53.8,0.0
MV08181,DR07171,PR00004,SR03644,CONT06281,Import,Gate Out,108,57.4,3.0
MV08182,DR03611,PR00002,SR09911,CONT01853,Import,Loaded,77,22.1,3.6
MV08183,DR09680,PR00002,SR06289,CONT06236,Import,In Yard,59,32.9,0.0
MV08184,DR09849,PR00006,SR08366,CONT05953,Export,In Yard,110,38.1,0.0
MV08185,DR03086,PR00005,SR05896,CONT08936,Import,Loaded,64,47.5,0.0
MV08186,DR05954,PR00002,SR02642,CONT02567,Import,Gate Out,111,60.3,0.0
MV08187,DR03851,PR00001,SR08837,CONT07738,Import,Loaded,102,12.8,0.0
MV08188,DR07887,PR00006,SR06582,CONT00934,Transshipment,Customs Hold,91,28.2,12.9
MV08189,DR07377,PR00004,SR07115,CONT07719,Import,Gate Out,76,16.8,0.0
MV08190,DR07933,PR00007,SR08480,CONT05197,Import,Gate Out,57,31.0,0.0
MV08191,DR04969,PR00003,SR04106,CONT00194,Export,Loaded,108,44.6,0.0
MV08192,DR04446,PR00002,SR07259,CONT02658,Import,In Yard,68,59.5,0.0
MV08193,DR02155,PR00002,SR00212,CONT00009,Import,Gate Out,78,21.4,0.0
MV08194,DR00721,PR00003,SR07495,CONT03330,Import,In Yard,96,77.0,0.0
MV08195,DR04164,PR00002,SR07092,CONT00206,Transshipment,Gate Out,54,41.2,0.0
MV08196,DR01208,PR00001,SR09861,CONT00626,Export,In Yard,68,42.2,0.0
MV08197,DR02295,PR00002,SR04711,CONT08108,Export,Gate Out,102,53.6,4.0
MV08198,DR04328,PR00002,SR07882,CONT04840,Export,Gate Out,102,28.0,0.0
MV08199,DR09763,PR00006,SR03636,CONT08749,Export,In Yard,88,38.6,0.0
MV08200,DR06457,PR00002,SR00377,CONT06731,Import,Discharged,59,27.0,4.4
MV08201,DR09762,PR00003,SR00251,CONT08566,Export,Gate Out,92,56.2,0.0
MV08202,DR05377,PR00005,SR04383,CONT03171,Export,Loaded,61,27.0,0.0
MV08203,DR08850,PR00001,SR06919,CONT01963,Import,Loaded,76,35.9,0.0
MV08204,DR07660,PR00003,SR06165,CONT04569,Export,Gate Out,37,29.1,0.0
MV08205,DR04331,PR00006,SR06163,CONT05258,Import,Gate Out,102,64.8,0.0
MV08206,DR08912,PR00004,SR09937,CONT02442,Import,Discharged,112,41.3,0.0
MV08207,DR05599,PR00003,SR08910,CONT02139,Import,Gate Out,79,29.4,0.0
MV08208,DR02216,PR00006,SR05094,CONT05375,Import,Loaded,96,58.4,0.0
MV08209,DR07683,PR00007,SR04078,CONT02640,Transshipment,Loaded,82,46.9,0.0
MV08210,DR03584,PR00006,SR09186,CONT03013,Export,Gate Out,88,70.4,0.0
MV08211,DR00221,PR00003,SR00285,CONT09153,Import,In Yard,62,41.7,0.0
MV08212,DR03020,PR00004,SR01986,CONT08156,Export,Discharged,75,44.7,0.0
MV08213,DR04931,PR00003,SR03955,CONT01971,Export,Gate Out,85,49.1,0.0
MV08214,DR01687,PR00002,SR04038,CONT02230,Import,Discharged,102,50.2,0.0
MV08215,DR04440,PR00003,SR01125,CONT06328,Export,Customs Hold,104,52.0,16.7
MV08216,DR05539,PR00006,SR02214,CONT05660,Export,Gate Out,79,51.4,0.0
MV08217,DR00972,PR00002,SR06659,CONT02842,Import,Gate Out,49,31.9,4.3
MV08218,DR01425,PR00006,SR07231,CONT02169,Export,Gate Out,115,28.6,0.0
MV08219,DR08223,PR00007,SR02481,CONT09013,Export,In Yard,74,41.4,0.0
MV08220,DR00417,PR00002,SR07653,CONT00369,Export,Discharged,58,16.1,4.6
MV08221,DR04463,PR00001,SR09761,CONT00870,Export,Loaded,94,33.1,0.0
MV08222,DR00652,PR00007,SR02497,CONT08646,Transshipment,Discharged,86,48.6,0.0
MV08223,DR09425,PR00001,SR07945,CONT03279,Import,Gate Out,60,51.6,0.0
MV08224,DR07527,PR00005,SR06386,CONT07103,Export,In Yard,79,42.7,0.0
MV08225,DR02112,PR00001,SR07743,CONT07650,Export,Loaded,85,61.5,0.0
MV08226,DR05759,PR00002,SR07213,CONT00557,Import,In Yard,96,46.3,0.0
MV08227,DR04851,PR00002,SR02374,CONT07729,Transshipment,Gate Out,73,19.0,0.0
MV08228,DR09485,PR00002,SR09821,CONT00660,Export,Loaded,58,51.1,0.0
MV08229,DR09206,PR00007,SR06571,CONT02450,Export,Loaded,87,55.3,0.0
MV08230,DR09246,PR00001,SR00523,CONT09851,Import,In Yard,55,14.9,0.0
MV08231,DR08715,PR00001,SR02036,CONT00225,Import,In Yard,56,42.2,0.0
MV08232,DR07287,PR00005,SR06370,CONT07218,Transshipment,Discharged,77,57.5,0.0
MV08233,DR05171,PR00007,SR04818,CONT03154,Transshipment,Gate Out,80,19.9,0.0
MV08234,DR08615,PR00003,SR07179,CONT00823,Import,In Yard,98,33.7,0.0
MV08235,DR03729,PR00005,SR07978,CONT08857,Import,Discharged,90,57.1,0.0
MV08236,DR01476,PR00001,SR03932,CONT01727,Export,In Yard,79,30.4,0.0
MV08237,DR03708,PR00006,SR08197,CONT06010,Import,Discharged,83,69.5,0.0
MV08238,DR08073,PR00005,SR02259,CONT04852,Export,Discharged,92,59.1,0.0
MV08239,DR04504,PR00006,SR01302,CONT05432,Transshipment,Gate Out,108,55.2,0.0
MV08240,DR06700,PR00004,SR00086,CONT04031,Import,In Yard,88,54.6,0.0
MV08241,DR02492,PR00007,SR00430,CONT04938,Export,Discharged,110,43.3,0.0
MV08242,DR08628,PR00003,SR08177,CONT08742,Export,In Yard,81,37.9,0.0
MV08243,DR09330,PR00005,SR07228,CONT02816,Import,In Yard,75,64.2,0.0
MV08244,DR02795,PR00005,SR01001,CONT06557,Import,Loaded,83,36.4,0.0
MV08245,DR06714,PR00002,SR03403,CONT08231,Export,In Yard,90,50.6,0.0
MV08246,DR07550,PR00007,SR02301,CONT09824,Export,Loaded,107,43.3,0.0
MV08247,DR04343,PR00005,SR03924,CONT04926,Export,Discharged,56,33.0,5.6
MV08248,DR00569,PR00006,SR07078,CONT02785,Transshipment,Loaded,62,33.6,0.0
MV08249,DR08604,PR00003,SR03270,CONT03498,Import,In Yard,65,47.1,0.0
MV08250,DR07361,PR00006,SR07248,CONT02858,Transshipment,In Yard,65,65.4,0.0
MV08251,DR01432,PR00002,SR02857,CONT07870,Export,In Yard,103,46.8,0.0
MV08252,DR01903,PR00007,SR00721,CONT06617,Import,Discharged,88,57.2,0.0
MV08253,DR05900,PR00001,SR09170,CONT07025,Import,Discharged,85,28.0,0.0
MV08254,DR09529,PR00004,SR08136,CONT08925,Import,Gate Out,62,41.4,0.0
MV08255,DR07449,PR00001,SR06240,CONT07360,Import,Gate Out,26,35.3,0.0
MV08256,DR09847,PR00005,SR06180,CONT08708,Transshipment,Customs Hold,116,35.5,12.0
MV08257,DR07201,PR00003,SR06661,CONT04100,Export,In Yard,65,45.6,0.0
MV08258,DR04131,PR00006,SR00538,CONT05118,Import,In Yard,146,43.5,5.1
MV08259,DR09394,PR00006,SR05732,CONT03621,Import,In Yard,109,39.3,0.0
MV08260,DR09244,PR00003,SR08529,CONT03599,Export,Loaded,75,50.0,3.7
MV08261,DR06513,PR00006,SR04862,CONT04470,Export,Discharged,46,65.2,0.0
MV08262,DR02526,PR00005,SR06493,CONT01336,Export,Customs Hold,103,70.6,6.0
MV08263,DR03032,PR00003,SR01333,CONT01992,Import,In Yard,102,34.1,0.0
MV08264,DR06171,PR00002,SR06957,CONT07169,Import,Loaded,108,53.6,0.0
MV08265,DR03976,PR00002,SR02920,CONT05539,Import,Gate Out,62,44.7,0.0
MV08266,DR08677,PR00001,SR09729,CONT06523,Export,Discharged,79,51.1,0.0
MV08267,DR01511,PR00003,SR07715,CONT00958,Import,Discharged,98,43.6,0.0
MV08268,DR08303,PR00004,SR03053,CONT06701,Import,Gate Out,92,60.3,0.0
MV08269,DR08030,PR00003,SR09834,CONT03157,Export,Gate Out,73,30.0,0.0
MV08270,DR03532,PR00007,SR07962,CONT01481,Import,Loaded,128,37.2,0.0
MV08271,DR06958,PR00001,SR04990,CONT08581,Transshipment,Loaded,102,45.6,5.1
MV08272,DR01984,PR00006,SR09447,CONT05386,Export,In Yard,99,42.5,2.4
MV08273,DR04809,PR00006,SR07740,CONT06260,Import,Gate Out,62,71.4,0.0
MV08274,DR02944,PR00005,SR02472,CONT08460,Import,Discharged,77,41.0,0.0
MV08275,DR02670,PR00003,SR01657,CONT09674,Export,Discharged,71,55.5,0.0
MV08276,DR00050,PR00001,SR06654,CONT07213,Export,In Yard,96,51.2,0.0
MV08277,DR03452,PR00006,SR09737,CONT00671,Import,In Yard,97,22.3,0.0
MV08278,DR03377,PR00005,SR04910,CONT04752,Transshipment,In Yard,111,48.7,0.0
MV08279,DR03177,PR00006,SR07391,CONT06651,Export,Gate Out,112,42.1,0.0
MV08280,DR07222,PR00002,SR06833,CONT07959,Export,Customs Hold,103,75.8,18.6
MV08281,DR09886,PR00004,SR01516,CONT08663,Import,Customs Hold,51,31.3,15.5
MV08282,DR04616,PR00003,SR06209,CONT04217,Import,Discharged,74,30.0,0.0
MV08283,DR05910,PR00004,SR04829,CONT08629,Export,In Yard,54,9.2,0.0
MV08284,DR01401,PR00005,SR04792,CONT06268,Import,Gate Out,63,31.1,0.0
MV08285,DR03387,PR00001,SR04860,CONT05659,Export,Discharged,107,54.5,0.0
MV08286,DR03342,PR00001,SR05123,CONT07087,Import,Gate Out,75,27.6,0.0
MV08287,DR03001,PR00001,SR02483,CONT06540,Import,Loaded,21,39.7,0.0
MV08288,DR02604,PR00001,SR01599,CONT08881,Export,In Yard,105,46.4,0.0
MV08289,DR02418,PR00002,SR02642,CONT01830,Export,Loaded,94,25.9,0.0
MV08290,DR05894,PR00001,SR09150,CONT02888,Import,Loaded,81,37.5,0.0
MV08291,DR05570,PR00002,SR09812,CONT03984,Export,In Yard,90,32.3,0.0
MV08292,DR00787,PR00005,SR03606,CONT07069,Export,Gate Out,86,60.2,0.0
MV08293,DR01456,PR00006,SR01048,CONT05134,Import,Loaded,55,16.9,0.0
MV08294,DR07313,PR00002,SR05059,CONT02176,Import,In Yard,91,48.1,0.0
MV08295,DR01325,PR00001,SR07733,CONT04813,Export,In Yard,49,25.7,0.0
MV08296,DR01361,PR00005,SR05768,CONT05064,Export,Discharged,145,52.6,0.0
MV08297,DR04548,PR00003,SR03019,CONT09384,Import,Loaded,113,52.1,0.0
MV08298,DR09702,PR00002,SR03474,CONT05053,Import,Loaded,92,44.4,0.0
MV08299,DR00274,PR00003,SR05755,CONT09026,Export,Gate Out,110,62.8,0.0
MV08300,DR07759,PR00007,SR00962,CONT09846,Import,In Yard,131,46.6,0.0
MV08301,DR09944,PR00003,SR05177,CONT07264,Transshipment,Loaded,74,24.2,0.0
MV08302,DR03576,PR00007,SR01246,CONT02660,Import,Customs Hold,62,72.3,14.0
MV08303,DR02134,PR00002,SR08039,CONT03665,Export,In Yard,71,45.4,0.0
MV08304,DR01910,PR00001,SR04313,CONT03100,Transshipment,Gate Out,74,41.0,0.0
MV08305,DR09798,PR00001,SR05380,CONT08690,Import,Gate Out,55,66.2,0.0
MV08306,DR06396,PR00005,SR07225,CONT05965,Export,Loaded,89,34.1,0.0
MV08307,DR07529,PR00003,SR07978,CONT08119,Import,Loaded,107,47.0,0.0
MV08308,DR09627,PR00004,SR01547,CONT00553,Export,In Yard,80,23.5,2.4
MV08309,DR04894,PR00007,SR09618,CONT02600,Transshipment,Loaded,148,52.7,0.0
MV08310,DR04997,PR00003,SR09613,CONT00895,Transshipment,Loaded,76,21.5,0.0
MV08311,DR09798,PR00001,SR01744,CONT04066,Import,In Yard,101,44.3,0.0
MV08312,DR05051,PR00005,SR06371,CONT09741,Export,In Yard,69,49.4,0.0
MV08313,DR04936,PR00002,SR02170,CONT06668,Export,Discharged,101,42.2,0.0
MV08314,DR03514,PR00004,SR08617,CONT01956,Import,Gate Out,81,18.2,0.0
MV08315,DR09723,PR00006,SR07685,CONT07414,Export,Discharged,103,58.7,0.0
MV08316,DR05989,PR00003,SR07441,CONT06055,Import,In Yard,95,43.2,0.0
MV08317,DR09843,PR00002,SR09353,CONT08332,Transshipment,In Yard,68,72.9,0.0
MV08318,DR09737,PR00004,SR03530,CONT05696,Export,In Yard,72,41.6,0.0
MV08319,DR07523,PR00001,SR02496,CONT02495,Export,Loaded,83,37.0,0.0
MV08320,DR04506,PR00002,SR06529,CONT06341,Import,Loaded,83,48.9,0.0
MV08321,DR00353,PR00003,SR08855,CONT09293,Transshipment,Loaded,57,22.2,0.0
MV08322,DR00914,PR00002,SR09940,CONT04568,Import,Gate Out,100,56.7,0.0
MV08323,DR09799,PR00001,SR03845,CONT03353,Export,In Yard,70,27.1,0.0
MV08324,DR05079,PR00004,SR00213,CONT08128,Export,Loaded,80,35.0,0.0
MV08325,DR05620,PR00003,SR00741,CONT05147,Import,Customs Hold,101,55.3,15.0
MV08326,DR07585,PR00003,SR09811,CONT00904,Import,In Yard,102,49.8,0.0
MV08327,DR04917,PR00007,SR09997,CONT01153,Import,Discharged,131,51.5,0.0
MV08328,DR09191,PR00001,SR09400,CONT07813,Transshipment,Discharged,101,24.3,0.0
MV08329,DR08921,PR00001,SR04608,CONT04188,Export,In Yard,61,58.6,5.4
MV08330,DR07208,PR00006,SR03379,CONT02457,Export,Loaded,84,28.1,0.0
MV08331,DR05311,PR00001,SR07993,CONT01244,Export,Discharged,95,19.6,0.0
MV08332,DR08301,PR00007,SR04921,CONT05742,Export,Customs Hold,117,51.8,23.6
MV08333,DR07643,PR00005,SR06947,CONT07596,Export,Discharged,105,49.2,0.0
MV08334,DR04627,PR00003,SR04206,CONT01346,Export,Loaded,102,39.9,0.0
MV08335,DR08129,PR00002,SR07564,CONT09896,Export,Gate Out,80,52.2,0.0
MV08336,DR00951,PR00002,SR04384,CONT00977,Import,In Yard,98,41.3,0.0
MV08337,DR07099,PR00006,SR08316,CONT09949,Transshipment,In Yard,58,20.8,0.0
MV08338,DR00555,PR00001,SR02037,CONT05977,Transshipment,Loaded,51,35.6,2.1
MV08339,DR01992,PR00005,SR03560,CONT08195,Import,Gate Out,118,53.7,0.0
MV08340,DR01794,PR00006,SR07069,CONT01123,Transshipment,In Yard,105,53.8,0.0
MV08341,DR08628,PR00005,SR00051,CONT07288,Export,Customs Hold,51,39.7,11.1
MV08342,DR04191,PR00001,SR02401,CONT02137,Import,Loaded,105,75.3,0.0
MV08343,DR04265,PR00005,SR03577,CONT08718,Import,Discharged,25,63.6,0.0
MV08344,DR08419,PR00005,SR01397,CONT01753,Export,In Yard,59,26.4,0.0
MV08345,DR04060,PR00001,SR09001,CONT02790,Export,Discharged,60,26.2,0.0
MV08346,DR04951,PR00006,SR00022,CONT07015,Import,Gate Out,120,66.7,0.0
MV08347,DR01323,PR00001,SR08429,CONT01554,Export,Loaded,68,53.8,0.0
MV08348,DR03499,PR00007,SR00379,CONT07933,Export,Customs Hold,95,68.2,15.0
MV08349,DR05554,PR00001,SR02343,CONT01834,Import,Gate Out,102,40.2,0.0
MV08350,DR04015,PR00002,SR07611,CONT02116,Import,Loaded,80,35.4,0.0
MV08351,DR09288,PR00005,SR04536,CONT08771,Import,Loaded,94,20.9,0.0
MV08352,DR09646,PR00001,SR05843,CONT07124,Export,Discharged,90,41.9,0.0
MV08353,DR00311,PR00001,SR06380,CONT00473,Import,Discharged,85,35.7,0.0
MV08354,DR04373,PR00001,SR00364,CONT05951,Export,Gate Out,91,29.9,0.0
MV08355,DR09338,PR00006,SR01613,CONT07215,Export,Loaded,93,63.5,0.0
MV08356,DR06846,PR00001,SR09542,CONT02238,Transshipment,In Yard,83,42.0,0.0
MV08357,DR07460,PR00004,SR03665,CONT00439,Transshipment,Loaded,78,61.2,0.0
MV08358,DR09612,PR00004,SR03371,CONT08559,Transshipment,Gate Out,115,43.1,0.0
MV08359,DR06162,PR00003,SR01857,CONT03099,Export,In Yard,64,50.1,0.0
MV08360,DR06658,PR00003,SR09086,CONT05070,Import,In Yard,86,19.9,0.0
MV08361,DR06124,PR00002,SR07541,CONT06715,Import,Customs Hold,68,22.7,9.0
MV08362,DR05523,PR00007,SR05890,CONT03468,Export,Discharged,98,54.9,0.0
MV08363,DR09642,PR00006,SR08407,CONT00527,Import,Loaded,112,73.5,0.0
MV08364,DR05161,PR00007,SR07331,CONT05619,Import,In Yard,89,59.1,0.0
MV08365,DR01302,PR00005,SR06149,CONT07335,Import,Gate Out,110,44.2,0.0
MV08366,DR06549,PR00006,SR09319,CONT07760,Import,In Yard,84,67.0,0.0
MV08367,DR09206,PR00007,SR00919,CONT05763,Export,In Yard,126,50.2,0.0
MV08368,DR05598,PR00003,SR09089,CONT01630,Transshipment,Loaded,65,30.6,0.0
MV08369,DR02089,PR00007,SR07379,CONT07290,Import,Loaded,54,45.1,5.8
MV08370,DR06765,PR00001,SR04806,CONT00958,Import,Customs Hold,133,50.8,9.9
MV08371,DR06306,PR00001,SR07535,CONT09961,Export,In Yard,65,23.5,0.0
MV08372,DR05934,PR00003,SR00572,CONT00582,Import,Gate Out,76,40.7,0.0
MV08373,DR06392,PR00003,SR00936,CONT00864,Transshipment,Loaded,14,16.6,0.0
MV08374,DR09749,PR00003,SR09795,CONT01020,Import,Gate Out,74,37.1,0.0
MV08375,DR05668,PR00003,SR08799,CONT01169,Import,Gate Out,79,37.0,4.5
MV08376,DR08569,PR00003,SR03761,CONT09934,Export,Discharged,85,42.6,0.0
MV08377,DR08570,PR00006,SR07257,CONT06156,Export,Loaded,103,26.0,0.0
MV08378,DR00946,PR00002,SR03457,CONT07027,Export,Gate Out,89,46.8,0.0
MV08379,DR01957,PR00002,SR04494,CONT03643,Import,Discharged,116,58.9,0.0
MV08380,DR08277,PR00005,SR06680,CONT06677,Import,Loaded,79,68.3,0.0
MV08381,DR05817,PR00004,SR02298,CONT00052,Import,Loaded,74,61.4,0.0
MV08382,DR01787,PR00006,SR07556,CONT05662,Export,In Yard,96,41.8,0.0
MV08383,DR07260,PR00002,SR04030,CONT05956,Import,Discharged,38,69.7,0.0
MV08384,DR02715,PR00001,SR05964,CONT03592,Import,Loaded,88,34.1,0.0
MV08385,DR04030,PR00007,SR06535,CONT05949,Export,Loaded,67,37.5,0.0
MV08386,DR02026,PR00001,SR07645,CONT01895,Export,Discharged,95,44.2,2.6
MV08387,DR04969,PR00005,SR00622,CONT05710,Import,In Yard,89,56.8,0.0
MV08388,DR03921,PR00002,SR00514,CONT00476,Transshipment,Loaded,83,55.9,0.0
MV08389,DR04705,PR00003,SR06213,CONT01914,Export,Gate Out,82,12.2,0.0
MV08390,DR03521,PR00006,SR08462,CONT06131,Transshipment,Loaded,113,41.0,0.0
MV08391,DR01358,PR00003,SR07693,CONT09595,Import,In Yard,57,49.0,0.0
MV08392,DR09021,PR00001,SR05351,CONT03261,Export,Loaded,83,32.4,0.0
MV08393,DR01089,PR00005,SR04128,CONT03362,Import,Gate Out,76,44.3,0.0
MV08394,DR05458,PR00001,SR03146,CONT07120,Import,Gate Out,21,40.7,0.0
MV08395,DR07432,PR00002,SR05745,CONT00498,Import,Loaded,82,43.8,0.0
MV08396,DR03216,PR00003,SR02091,CONT06918,Import,In Yard,97,52.2,0.0
MV08397,DR05762,PR00003,SR03131,CONT03872,Export,Discharged,36,55.5,0.0
MV08398,DR05779,PR00004,SR05965,CONT09539,Export,In Yard,128,58.7,0.0
MV08399,DR08396,PR00003,SR08493,CONT05666,Import,Discharged,75,23.0,0.0
MV08400,DR05329,PR00003,SR07330,CONT01948,Import,Discharged,69,52.6,0.0
MV08401,DR03585,PR00002,SR06601,CONT04995,Import,In Yard,75,55.6,0.0
MV08402,DR09737,PR00006,SR07633,CONT09533,Export,Gate Out,78,53.4,0.0
MV08403,DR06940,PR00001,SR08547,CONT00706,Import,Discharged,100,58.8,0.0
MV08404,DR02025,PR00007,SR04774,CONT04967,Export,Gate Out,98,58.1,0.0
MV08405,DR02109,PR00002,SR07347,CONT05179,Import,Customs Hold,138,45.8,8.2
MV08406,DR07644,PR00003,SR01445,CONT07658,Export,In Yard,124,38.0,0.0
MV08407,DR04073,PR00005,SR05438,CONT06758,Export,Discharged,66,72.4,0.0
MV08408,DR00585,PR00003,SR04701,CONT00109,Import,Loaded,125,33.4,0.0
MV08409,DR07234,PR00004,SR03256,CONT03507,Export,Gate Out,84,40.4,0.0
MV08410,DR03789,PR00007,SR04775,CONT07128,Transshipment,Discharged,112,50.4,0.0
MV08411,DR01716,PR00006,SR08228,CONT08503,Export,In Yard,89,26.2,0.0
MV08412,DR04247,PR00003,SR00145,CONT03403,Import,Gate Out,78,48.5,0.0
MV08413,DR08818,PR00005,SR08615,CONT09393,Export,Gate Out,88,56.5,0.0
MV08414,DR09380,PR00003,SR05371,CONT01633,Import,Discharged,111,50.2,0.0
MV08415,DR05757,PR00005,SR03758,CONT09699,Transshipment,In Yard,59,31.8,0.0
MV08416,DR01112,PR00001,SR05897,CONT04931,Export,Gate Out,112,53.3,0.0
MV08417,DR04423,PR00001,SR08612,CONT09689,Export,Loaded,53,30.6,0.0
MV08418,DR04718,PR00004,SR06817,CONT03701,Export,Loaded,46,44.8,0.0
MV08419,DR05511,PR00002,SR08996,CONT05343,Import,Loaded,111,66.2,0.0
MV08420,DR02764,PR00005,SR00524,CONT06959,Export,In Yard,67,10.2,0.0
MV08421,DR02740,PR00001,SR03938,CONT01178,Export,Gate Out,65,49.0,0.0
MV08422,DR00018,PR00001,SR02194,CONT02161,Import,Loaded,97,74.9,0.0
MV08423,DR00830,PR00005,SR09840,CONT03431,Import,Loaded,121,70.4,0.0
MV08424,DR00894,PR00003,SR05861,CONT06162,Transshipment,In Yard,74,53.0,0.0
MV08425,DR02107,PR00007,SR01337,CONT06461,Import,Discharged,100,70.9,0.0
MV08426,DR03937,PR00002,SR07932,CONT05289,Export,Loaded,88,24.5,0.0
MV08427,DR09171,PR00001,SR05343,CONT09379,Import,In Yard,97,49.1,0.0
MV08428,DR07772,PR00001,SR01699,CONT05186,Export,Customs Hold,52,34.1,13.6
MV08429,DR01759,PR00003,SR06151,CONT09918,Export,Discharged,96,38.9,0.0
MV08430,DR09655,PR00001,SR03887,CONT06399,Import,Gate Out,63,50.8,0.0
MV08431,DR05555,PR00005,SR06484,CONT06912,Import,In Yard,76,41.4,0.0
MV08432,DR04941,PR00001,SR05284,CONT08346,Import,Loaded,115,13.9,0.0
MV08433,DR07207,PR00007,SR00536,CONT03892,Export,Loaded,76,54.7,0.0
MV08434,DR09999,PR00004,SR05202,CONT06887,Import,Customs Hold,80,50.1,7.7
MV08435,DR06063,PR00005,SR01603,CONT03771,Import,In Yard,89,49.0,0.0
MV08436,DR00427,PR00001,SR06169,CONT02992,Export,In Yard,76,36.7,0.0
MV08437,DR03714,PR00001,SR01164,CONT06554,Transshipment,Loaded,103,23.6,0.0
MV08438,DR00246,PR00002,SR04778,CONT00920,Import,In Yard,104,32.8,0.0
MV08439,DR03350,PR00003,SR08359,CONT06318,Export,In Yard,72,37.1,0.0
MV08440,DR03795,PR00004,SR05152,CONT06466,Transshipment,In Yard,85,25.1,0.0
MV08441,DR07852,PR00002,SR01439,CONT01623,Export,Loaded,62,32.2,0.0
MV08442,DR03295,PR00002,SR02333,CONT03750,Transshipment,In Yard,106,49.0,0.0
MV08443,DR01736,PR00007,SR00597,CONT08501,Export,Loaded,80,31.0,0.0
MV08444,DR02993,PR00002,SR00278,CONT06055,Export,Gate Out,100,51.0,0.0
MV08445,DR06515,PR00001,SR09031,CONT07315,Export,Gate Out,93,19.5,0.0
MV08446,DR08810,PR00002,SR08260,CONT00697,Import,Gate Out,84,40.5,0.0
MV08447,DR03996,PR00002,SR09729,CONT07170,Export,Loaded,62,37.0,0.0
MV08448,DR05577,PR00003,SR04207,CONT01610,Export,Gate Out,97,45.1,0.0
MV08449,DR09995,PR00004,SR08184,CONT05075,Import,In Yard,91,46.6,0.0
MV08450,DR03759,PR00004,SR03058,CONT01151,Import,In Yard,81,41.1,0.0
MV08451,DR02813,PR00005,SR08077,CONT02489,Export,Loaded,105,46.0,2.0
MV08452,DR00251,PR00001,SR09074,CONT05712,Import,Discharged,94,15.1,0.0
MV08453,DR05418,PR00001,SR04621,CONT03828,Import,In Yard,98,49.2,0.0
MV08454,DR00257,PR00006,SR03627,CONT09575,Import,In Yard,80,65.9,0.0
MV08455,DR02226,PR00002,SR03940,CONT01010,Import,Loaded,82,39.1,0.0
MV08456,DR01253,PR00002,SR06417,CONT03187,Export,Gate Out,104,48.1,0.0
MV08457,DR01139,PR00003,SR03648,CONT03400,Import,In Yard,99,38.3,0.0
MV08458,DR02518,PR00005,SR00573,CONT03869,Import,Gate Out,121,62.8,4.2
MV08459,DR03841,PR00001,SR03171,CONT04697,Import,Loaded,39,42.7,0.0
MV08460,DR00332,PR00007,SR04235,CONT06620,Transshipment,In Yard,99,42.2,0.0
MV08461,DR06710,PR00002,SR03253,CONT03116,Export,Gate Out,112,39.9,0.0
MV08462,DR01841,PR00007,SR01136,CONT09291,Import,In Yard,120,63.4,3.6
MV08463,DR06071,PR00002,SR04517,CONT09402,Import,Loaded,105,44.0,0.0
MV08464,DR00513,PR00005,SR09980,CONT01181,Import,Customs Hold,61,26.0,15.6
MV08465,DR02415,PR00003,SR07746,CONT05575,Import,Discharged,84,21.1,0.0
MV08466,DR08881,PR00006,SR07789,CONT02115,Export,In Yard,78,59.1,0.0
MV08467,DR05979,PR00003,SR07213,CONT03774,Export,Gate Out,92,35.1,0.0
MV08468,DR05590,PR00006,SR03091,CONT01908,Export,In Yard,63,44.0,0.0
MV08469,DR05348,PR00005,SR04943,CONT02567,Export,Gate Out,73,49.6,0.0
MV08470,DR04173,PR00004,SR09223,CONT07971,Export,Gate Out,96,24.9,0.0
MV08471,DR00222,PR00002,SR08595,CONT02123,Import,Gate Out,110,28.3,0.0
MV08472,DR03491,PR00002,SR09554,CONT09567,Export,In Yard,56,62.6,0.0
MV08473,DR09521,PR00007,SR06776,CONT08329,Import,Loaded,116,43.6,0.0
MV08474,DR08813,PR00007,SR03531,CONT01164,Export,Gate Out,140,68.2,0.0
MV08475,DR07844,PR00001,SR06506,CONT03264,Import,Gate Out,89,74.6,0.0
MV08476,DR03507,PR00002,SR05779,CONT07883,Import,Gate Out,110,46.6,0.0
MV08477,DR03534,PR00001,SR03783,CONT02547,Import,Loaded,62,26.8,2.9
MV08478,DR04075,PR00002,SR04235,CONT02743,Import,In Yard,77,45.2,0.0
MV08479,DR04194,PR00002,SR05231,CONT09371,Import,Gate Out,91,45.0,0.0
MV08480,DR00756,PR00006,SR08207,CONT08835,Export,Loaded,83,42.4,0.0
MV08481,DR02494,PR00001,SR07331,CONT07200,Import,Discharged,67,47.3,0.0
MV08482,DR08495,PR00006,SR00284,CONT05823,Transshipment,In Yard,57,52.3,0.0
MV08483,DR03111,PR00007,SR06685,CONT08592,Import,Customs Hold,68,18.9,18.2
MV08484,DR02984,PR00002,SR00378,CONT08473,Transshipment,In Yard,58,51.0,0.0
MV08485,DR00085,PR00003,SR03782,CONT03562,Import,In Yard,74,48.6,0.0
MV08486,DR06668,PR00003,SR09674,CONT07735,Import,Discharged,108,39.5,0.0
MV08487,DR06550,PR00002,SR01519,CONT04099,Import,Gate Out,122,57.0,0.0
MV08488,DR00889,PR00005,SR05558,CONT02790,Import,Loaded,92,28.3,2.1
MV08489,DR05601,PR00004,SR06062,CONT03034,Import,Discharged,144,33.4,0.0
MV08490,DR03181,PR00001,SR03672,CONT05979,Export,In Yard,76,51.8,0.0
MV08491,DR03547,PR00006,SR09311,CONT02778,Import,Gate Out,115,46.4,2.8
MV08492,DR01421,PR00002,SR04883,CONT06497,Import,Loaded,89,63.9,0.0
MV08493,DR09004,PR00001,SR07656,CONT09688,Import,Discharged,78,33.1,0.0
MV08494,DR07497,PR00007,SR07973,CONT04108,Export,Discharged,103,54.8,0.0
MV08495,DR00049,PR00001,SR04518,CONT09206,Import,In Yard,58,39.0,1.6
MV08496,DR07298,PR00001,SR01837,CONT00408,Import,Loaded,67,43.3,0.0
MV08497,DR04159,PR00002,SR01303,CONT04350,Import,Gate Out,46,45.6,0.0
MV08498,DR07292,PR00002,SR04607,CONT05963,Export,Loaded,40,41.5,0.0
MV08499,DR09289,PR00003,SR03351,CONT02538,Export,In Yard,81,37.2,0.0
MV08500,DR02180,PR00005,SR08115,CONT03642,Import,Gate Out,103,20.8,0.0
MV08501,DR03244,PR00003,SR01609,CONT00545,Export,Loaded,93,48.2,0.0
MV08502,DR06043,PR00004,SR04280,CONT02196,Import,Discharged,92,17.6,1.9
MV08503,DR04536,PR00001,SR01050,CONT06230,Export,Gate Out,46,18.0,0.0
MV08504,DR00975,PR00003,SR07886,CONT00511,Export,In Yard,47,29.8,0.0
MV08505,DR00227,PR00007,SR01488,CONT01859,Export,In Yard,134,66.7,0.0
MV08506,DR01766,PR00005,SR06489,CONT01040,Import,Discharged,79,45.1,0.0
MV08507,DR03681,PR00005,SR00551,CONT09906,Export,In Yard,87,70.4,0.0
MV08508,DR09638,PR00002,SR03404,CONT01766,Export,Discharged,64,17.5,0.0
MV08509,DR03318,PR00003,SR07689,CONT08330,Export,Loaded,33,22.7,0.0
MV08510,DR05086,PR00006,SR09416,CONT00376,Export,In Yard,126,24.2,0.0
MV08511,DR07777,PR00006,SR08536,CONT02298,Export,In Yard,123,36.6,0.0
MV08512,DR06457,PR00005,SR05756,CONT01653,Import,Loaded,114,43.8,3.8
MV08513,DR04667,PR00003,SR06746,CONT04855,Import,In Yard,94,66.0,0.0
MV08514,DR00749,PR00001,SR06185,CONT03050,Import,In Yard,54,47.6,0.0
MV08515,DR08829,PR00001,SR05768,CONT06299,Import,In Yard,115,47.1,0.0
MV08516,DR02027,PR00001,SR01273,CONT01647,Import,Loaded,77,36.0,0.0
MV08517,DR08693,PR00002,SR04970,CONT09932,Export,In Yard,86,53.4,0.0
MV08518,DR09136,PR00001,SR03964,CONT01845,Export,Loaded,57,54.5,0.0
MV08519,DR07680,PR00003,SR04242,CONT09355,Export,Loaded,46,38.6,0.0
MV08520,DR00713,PR00004,SR03548,CONT03488,Export,Loaded,119,41.4,0.0
MV08521,DR06726,PR00004,SR02065,CONT07936,Import,Discharged,106,44.9,0.0
MV08522,DR05334,PR00004,SR01058,CONT03113,Import,Loaded,69,22.0,0.0
MV08523,DR06126,PR00002,SR03783,CONT06883,Import,Loaded,103,53.2,0.0
MV08524,DR08312,PR00003,SR02694,CONT07510,Export,Discharged,97,37.4,0.0
MV08525,DR06781,PR00007,SR07113,CONT06051,Import,Customs Hold,90,45.2,10.9
MV08526,DR08798,PR00003,SR05781,CONT01754,Import,In Yard,86,57.9,0.0
MV08527,DR05519,PR00006,SR07719,CONT07465,Import,Discharged,112,44.5,0.0
MV08528,DR02666,PR00003,SR08527,CONT04389,Export,Discharged,67,53.5,1.4
MV08529,DR05649,PR00004,SR06825,CONT08049,Transshipment,Gate Out,67,19.8,0.0
MV08530,DR00791,PR00003,SR09678,CONT02470,Export,Gate Out,102,52.3,0.0
MV08531,DR04451,PR00005,SR09946,CONT04400,Import,Gate Out,126,46.2,0.0
MV08532,DR02555,PR00006,SR08941,CONT06923,Export,Discharged,87,29.0,0.0
MV08533,DR09652,PR00003,SR08822,CONT08118,Import,In Yard,69,34.2,0.0
MV08534,DR05898,PR00005,SR03587,CONT01988,Export,Customs Hold,119,51.8,11.1
MV08535,DR00040,PR00006,SR03923,CONT09508,Import,Loaded,88,31.0,0.0
MV08536,DR06253,PR00006,SR08210,CONT05001,Import,Gate Out,120,56.5,0.0
MV08537,DR03292,PR00001,SR00753,CONT08213,Export,Discharged,70,28.3,4.4
MV08538,DR06503,PR00001,SR08449,CONT09877,Import,Loaded,100,20.9,0.0
MV08539,DR01680,PR00006,SR03364,CONT06228,Transshipment,In Yard,65,56.1,0.0
MV08540,DR03289,PR00005,SR09707,CONT07848,Import,Customs Hold,85,49.8,9.2
MV08541,DR05740,PR00007,SR05743,CONT01669,Transshipment,Gate Out,82,27.6,0.0
MV08542,DR05066,PR00002,SR08845,CONT01282,Import,Gate Out,121,56.0,0.0
MV08543,DR04126,PR00006,SR08559,CONT00848,Import,Discharged,111,55.1,0.0
MV08544,DR03117,PR00006,SR01097,CONT03946,Export,Loaded,109,45.9,0.0
MV08545,DR07387,PR00006,SR01138,CONT00704,Export,Gate Out,99,42.4,0.0
MV08546,DR08915,PR00005,SR08789,CONT06270,Export,Gate Out,105,69.4,0.0
MV08547,DR02416,PR00001,SR09350,CONT02708,Export,Loaded,70,38.1,0.0
MV08548,DR00141,PR00005,SR00107,CONT08174,Export,Loaded,139,70.1,0.0
MV08549,DR08477,PR00004,SR02444,CONT04940,Import,Gate Out,89,46.7,0.0
MV08550,DR03256,PR00002,SR05079,CONT03196,Transshipment,Gate Out,41,42.6,0.0
MV08551,DR05110,PR00002,SR07935,CONT08577,Export,Gate Out,102,37.7,0.0
MV08552,DR07597,PR00006,SR07110,CONT09098,Export,In Yard,108,53.6,3.5
MV08553,DR02278,PR00001,SR05924,CONT05487,Export,Gate Out,112,57.3,0.0
MV08554,DR09987,PR00003,SR05761,CONT01099,Import,In Yard,79,46.1,0.0
MV08555,DR00500,PR00004,SR04555,CONT06175,Export,Loaded,73,71.7,0.0
MV08556,DR03700,PR00007,SR04232,CONT01965,Export,Gate Out,95,58.3,0.0
MV08557,DR00521,PR00005,SR01150,CONT04753,Export,Gate Out,109,36.4,0.0
MV08558,DR03292,PR00002,SR08320,CONT04811,Export,Customs Hold,75,37.2,10.6
MV08559,DR04090,PR00001,SR05182,CONT02547,Import,In Yard,78,50.8,0.0
MV08560,DR07417,PR00002,SR05006,CONT09841,Export,Customs Hold,47,19.6,14.5
MV08561,DR07595,PR00002,SR06379,CONT03165,Export,Discharged,103,46.0,0.0
MV08562,DR08611,PR00006,SR08054,CONT08681,Import,In Yard,86,35.4,0.0
MV08563,DR00758,PR00003,SR07187,CONT04762,Export,Gate Out,78,39.5,0.0
MV08564,DR05327,PR00001,SR00702,CONT07816,Export,Discharged,58,24.0,0.0
MV08565,DR02999,PR00006,SR04163,CONT05170,Export,In Yard,99,63.2,0.0
MV08566,DR08266,PR00001,SR01597,CONT03153,Export,Gate Out,82,37.4,0.0
MV08567,DR01139,PR00001,SR00823,CONT04429,Import,Gate Out,57,44.6,0.0
MV08568,DR08832,PR00003,SR06066,CONT07353,Import,In Yard,69,25.6,0.0
MV08569,DR07788,PR00001,SR06267,CONT07991,Import,Discharged,116,42.0,5.9
MV08570,DR03300,PR00001,SR05728,CONT00864,Export,Loaded,75,23.4,0.0
MV08571,DR05825,PR00007,SR07873,CONT09035,Export,Loaded,79,70.5,0.0
MV08572,DR02956,PR00006,SR01782,CONT07539,Export,Loaded,48,33.4,1.3
MV08573,DR09992,PR00005,SR06776,CONT01662,Export,Discharged,100,42.9,0.0
MV08574,DR01039,PR00005,SR08865,CONT07138,Export,In Yard,87,50.6,0.0
MV08575,DR08560,PR00001,SR09410,CONT03062,Export,Gate Out,69,28.3,0.0
MV08576,DR01292,PR00006,SR01269,CONT04916,Transshipment,Loaded,70,25.9,0.0
MV08577,DR09500,PR00003,SR00513,CONT09427,Import,In Yard,91,45.4,0.0
MV08578,DR05460,PR00001,SR01674,CONT02895,Import,In Yard,97,12.9,0.0
MV08579,DR09511,PR00002,SR09630,CONT07623,Import,In Yard,73,54.9,0.0
MV08580,DR01063,PR00003,SR07604,CONT04568,Import,In Yard,81,39.2,0.0
MV08581,DR00241,PR00001,SR08999,CONT01804,Export,In Yard,59,18.8,4.2
MV08582,DR07340,PR00002,SR03453,CONT07828,Import,Loaded,72,44.1,0.0
MV08583,DR07862,PR00002,SR06897,CONT08634,Import,In Yard,88,49.0,0.0
MV08584,DR04664,PR00003,SR04011,CONT09867,Import,Gate Out,85,30.4,0.0
MV08585,DR08551,PR00001,SR02853,CONT00687,Import,Loaded,89,12.8,0.0
MV08586,DR08633,PR00004,SR09969,CONT08378,Import,In Yard,123,44.9,0.0
MV08587,DR06143,PR00001,SR03065,CONT07760,Export,In Yard,41,45.9,0.0
MV08588,DR06664,PR00004,SR04425,CONT06101,Export,Discharged,95,53.5,0.0
MV08589,DR00835,PR00002,SR00826,CONT05246,Export,Gate Out,84,44.7,0.0
MV08590,DR03691,PR00003,SR00994,CONT03956,Export,Discharged,75,53.4,0.0
MV08591,DR05919,PR00004,SR09979,CONT00079,Import,In Yard,90,59.1,0.0
MV08592,DR02313,PR00004,SR09239,CONT07393,Export,Customs Hold,103,15.5,14.2
MV08593,DR05112,PR00001,SR07897,CONT04694,Import,Loaded,112,22.8,0.0
MV08594,DR03748,PR00003,SR05747,CONT00652,Import,Gate Out,62,39.2,0.0
MV08595,DR09603,PR00006,SR07284,CONT01177,Export,In Yard,106,47.1,0.0
MV08596,DR04505,PR00002,SR02443,CONT07537,Export,Gate Out,29,19.4,0.0
MV08597,DR05727,PR00003,SR00380,CONT01863,Export,Discharged,105,36.8,0.0
MV08598,DR07707,PR00003,SR00853,CONT03350,Import,Gate Out,61,59.4,0.0
MV08599,DR09420,PR00006,SR04546,CONT02490,Export,Loaded,32,36.9,0.0
MV08600,DR03156,PR00003,SR04319,CONT06493,Export,Gate Out,82,45.7,3.9
MV08601,DR00227,PR00007,SR05101,CONT04824,Export,Gate Out,72,72.3,0.0
MV08602,DR01667,PR00004,SR09297,CONT07816,Transshipment,Loaded,97,51.7,0.0
MV08603,DR06849,PR00004,SR00652,CONT01430,Export,Loaded,104,58.7,0.0
MV08604,DR05866,PR00002,SR05025,CONT00029,Import,Gate Out,84,50.9,0.0
MV08605,DR07910,PR00004,SR01420,CONT05049,Export,In Yard,84,38.1,0.0
MV08606,DR03897,PR00001,SR04683,CONT09306,Export,Loaded,86,36.9,0.0
MV08607,DR08892,PR00003,SR01485,CONT09102,Export,Discharged,131,60.4,0.0
MV08608,DR03823,PR00002,SR04468,CONT03479,Export,Discharged,70,37.4,0.0
MV08609,DR06098,PR00005,SR02361,CONT08163,Transshipment,In Yard,83,30.9,0.0
MV08610,DR03503,PR00005,SR02697,CONT03817,Import,Discharged,117,66.1,0.0
MV08611,DR04519,PR00007,SR07457,CONT07365,Export,Discharged,94,11.9,0.0
MV08612,DR05139,PR00002,SR04412,CONT01013,Import,Gate Out,50,62.0,0.0
MV08613,DR05177,PR00006,SR03680,CONT02281,Export,Gate Out,117,49.1,0.0
MV08614,DR04590,PR00006,SR01525,CONT06474,Transshipment,Discharged,100,43.6,0.0
MV08615,DR08089,PR00006,SR09003,CONT04092,Export,Gate Out,105,44.6,3.5
MV08616,DR09294,PR00005,SR08675,CONT04212,Export,In Yard,121,69.3,0.0
MV08617,DR02160,PR00002,SR09762,CONT01179,Import,Loaded,88,47.8,0.0
MV08618,DR02758,PR00006,SR02594,CONT09448,Import,In Yard,89,45.2,0.0
MV08619,DR02923,PR00004,SR03573,CONT03947,Export,Loaded,138,38.1,0.0
MV08620,DR03117,PR00005,SR03275,CONT03165,Import,Loaded,77,34.7,0.0
MV08621,DR07303,PR00002,SR02431,CONT02224,Import,In Yard,65,51.8,0.0
MV08622,DR03143,PR00001,SR06398,CONT00007,Export,In Yard,95,36.9,0.0
MV08623,DR07733,PR00002,SR04388,CONT05721,Export,Loaded,68,65.4,0.0
MV08624,DR09287,PR00003,SR04575,CONT04851,Import,Discharged,40,28.4,0.0
MV08625,DR01120,PR00003,SR03292,CONT02281,Import,Loaded,74,24.0,0.0
MV08626,DR00308,PR00006,SR08487,CONT07998,Import,Gate Out,112,55.4,0.0
MV08627,DR04481,PR00001,SR00917,CONT04309,Export,Gate Out,70,34.9,0.0
MV08628,DR00564,PR00001,SR00262,CONT02020,Export,Discharged,92,24.4,0.0
MV08629,DR09099,PR00002,SR00515,CONT09174,Import,In Yard,97,40.8,0.0
MV08630,DR08882,PR00001,SR02879,CONT03303,Import,Loaded,94,55.2,0.0
MV08631,DR06527,PR00003,SR08649,CONT03131,Export,Gate Out,72,25.8,0.0
MV08632,DR02219,PR00005,SR04297,CONT09256,Import,Gate Out,69,25.2,0.0
MV08633,DR03968,PR00007,SR03876,CONT00182,Export,Customs Hold,97,37.5,7.7
MV08634,DR06012,PR00002,SR04753,CONT01761,Import,Loaded,102,34.3,0.0
MV08635,DR07590,PR00002,SR03639,CONT04857,Transshipment,In Yard,56,49.8,0.0
MV08636,DR04061,PR00005,SR09906,CONT09519,Export,Loaded,80,42.8,0.0
MV08637,DR03417,PR00002,SR07004,CONT03261,Import,Gate Out,116,68.7,0.0
MV08638,DR01926,PR00005,SR02946,CONT06014,Import,In Yard,85,34.4,0.0
MV08639,DR03077,PR00004,SR09108,CONT02553,Import,Loaded,74,51.2,0.0
MV08640,DR08661,PR00006,SR08537,CONT07217,Import,Gate Out,58,47.0,0.0
MV08641,DR05595,PR00001,SR04439,CONT01962,Import,In Yard,87,36.0,0.0
MV08642,DR05110,PR00007,SR01568,CONT09403,Export,Loaded,106,19.0,0.0
MV08643,DR04972,PR00007,SR02914,CONT06819,Export,Loaded,125,40.7,0.0
MV08644,DR05639,PR00001,SR07084,CONT08563,Import,Discharged,91,39.8,0.0
MV08645,DR09349,PR00003,SR05914,CONT06492,Import,Gate Out,100,21.4,3.1
MV08646,DR00134,PR00003,SR07840,CONT01225,Export,In Yard,103,11.0,0.0
MV08647,DR07914,PR00002,SR02998,CONT09671,Import,In Yard,71,23.4,0.0
MV08648,DR05746,PR00007,SR02093,CONT01202,Export,Discharged,69,51.4,2.9
MV08649,DR06497,PR00001,SR01008,CONT01808,Export,Loaded,65,52.2,0.0
MV08650,DR01272,PR00002,SR01132,CONT07717,Export,Loaded,119,25.6,0.0
MV08651,DR08294,PR00001,SR04901,CONT02931,Export,Discharged,91,41.4,0.0
MV08652,DR09132,PR00004,SR05515,CONT04205,Transshipment,Gate Out,84,52.0,0.0
MV08653,DR07994,PR00006,SR04420,CONT01839,Import,Discharged,56,58.7,4.4
MV08654,DR04511,PR00004,SR06775,CONT05070,Import,Gate Out,97,59.2,0.0
MV08655,DR03692,PR00004,SR03997,CONT09732,Import,Gate Out,81,54.3,0.0
MV08656,DR09649,PR00001,SR09134,CONT06956,Import,Gate Out,46,29.0,0.0
MV08657,DR06554,PR00005,SR05580,CONT00446,Import,Loaded,97,49.4,0.0
MV08658,DR03527,PR00003,SR06157,CONT07680,Import,Discharged,109,49.9,0.0
MV08659,DR08653,PR00003,SR07330,CONT00588,Export,In Yard,96,46.2,0.0
MV08660,DR04636,PR00004,SR03855,CONT09641,Import,Loaded,86,22.6,0.0
MV08661,DR09336,PR00007,SR08473,CONT05738,Export,Loaded,132,67.7,0.0
MV08662,DR00180,PR00005,SR09119,CONT07329,Import,In Yard,66,47.6,0.0
MV08663,DR05044,PR00005,SR03307,CONT02662,Export,In Yard,62,51.3,0.0
MV08664,DR00148,PR00003,SR04648,CONT09771,Import,Loaded,74,53.6,0.0
MV08665,DR07028,PR00001,SR01904,CONT08871,Import,In Yard,94,40.4,0.0
MV08666,DR06696,PR00003,SR01738,CONT00219,Export,Discharged,26,17.5,0.0
MV08667,DR04550,PR00004,SR01052,CONT09012,Import,Gate Out,112,56.3,1.8
MV08668,DR00030,PR00005,SR09612,CONT05968,Export,In Yard,43,48.9,0.0
MV08669,DR07464,PR00004,SR04397,CONT08913,Export,Loaded,84,52.3,0.0
MV08670,DR09530,PR00002,SR04607,CONT00705,Export,Customs Hold,60,63.5,10.3
MV08671,DR07793,PR00002,SR02209,CONT01842,Export,Gate Out,104,34.1,0.0
MV08672,DR09697,PR00001,SR03516,CONT09712,Export,Loaded,40,29.9,0.0
MV08673,DR04240,PR00005,SR08564,CONT03550,Import,Discharged,78,46.7,0.0
MV08674,DR02361,PR00007,SR08469,CONT04230,Transshipment,In Yard,99,42.5,0.0
MV08675,DR00081,PR00003,SR01424,CONT05496,Import,In Yard,70,39.9,0.0
MV08676,DR08115,PR00005,SR09621,CONT03947,Export,In Yard,100,63.4,0.0
MV08677,DR09764,PR00005,SR07820,CONT05913,Transshipment,Discharged,80,43.6,0.0
MV08678,DR08493,PR00001,SR02912,CONT06866,Import,Discharged,60,30.5,0.0
MV08679,DR00841,PR00001,SR09401,CONT07531,Export,Gate Out,119,53.5,0.0
MV08680,DR01321,PR00002,SR02484,CONT08082,Export,In Yard,87,22.3,0.0
MV08681,DR00988,PR00007,SR09351,CONT00914,Export,In Yard,65,41.9,0.0
MV08682,DR08136,PR00001,SR06131,CONT00880,Import,In Yard,65,40.3,0.0
MV08683,DR06163,PR00004,SR07196,CONT06265,Export,In Yard,95,56.6,0.0
MV08684,DR08633,PR00003,SR05975,CONT05772,Import,Discharged,49,51.4,0.0
MV08685,DR08801,PR00004,SR09329,CONT04967,Import,Gate Out,88,44.4,5.4
MV08686,DR03716,PR00002,SR07962,CONT09085,Export,In Yard,72,40.4,0.0
MV08687,DR09566,PR00007,SR03110,CONT09350,Export,Discharged,72,44.5,0.0
MV08688,DR06935,PR00002,SR09426,CONT06648,Export,Loaded,69,35.5,0.0
MV08689,DR09616,PR00007,SR07020,CONT02904,Export,Loaded,97,63.8,0.0
MV08690,DR02666,PR00004,SR00129,CONT01686,Export,In Yard,59,49.0,0.0
MV08691,DR05349,PR00003,SR06860,CONT07754,Import,Discharged,120,65.5,0.0
MV08692,DR05751,PR00005,SR02948,CONT03200,Import,Loaded,101,32.6,0.0
MV08693,DR08473,PR00004,SR01725,CONT09533,Export,Loaded,132,62.8,0.0
MV08694,DR05601,PR00001,SR01084,CONT00989,Export,In Yard,60,35.6,0.0
MV08695,DR03433,PR00005,SR02989,CONT01284,Import,Discharged,108,52.9,0.0
MV08696,DR01211,PR00004,SR03256,CONT03468,Import,In Yard,124,25.7,0.0
MV08697,DR09037,PR00004,SR05989,CONT04044,Import,Gate Out,109,71.6,0.0
MV08698,DR09309,PR00005,SR02463,CONT05865,Export,Discharged,87,57.7,0.0
MV08699,DR09951,PR00004,SR07913,CONT00958,Import,Gate Out,80,62.7,0.0
MV08700,DR09389,PR00003,SR07098,CONT05401,Export,Loaded,107,63.5,5.4
MV08701,DR09632,PR00002,SR02251,CONT02511,Export,Loaded,97,10.9,0.0
MV08702,DR09477,PR00002,SR08208,CONT05376,Transshipment,In Yard,71,55.3,0.0
MV08703,DR08837,PR00004,SR04520,CONT00875,Import,Customs Hold,83,40.9,7.0
MV08704,DR05361,PR00002,SR06844,CONT08873,Export,Customs Hold,83,53.8,8.5
MV08705,DR07055,PR00001,SR00812,CONT04486,Export,Loaded,87,49.0,0.0
MV08706,DR02509,PR00006,SR06487,CONT01009,Import,In Yard,63,48.2,0.0
MV08707,DR06988,PR00002,SR03129,CONT01744,Import,Loaded,110,42.2,0.0
MV08708,DR07394,PR00001,SR07865,CONT05286,Import,In Yard,77,43.2,0.0
MV08709,DR04300,PR00006,SR01470,CONT03661,Import,In Yard,95,30.7,0.0
MV08710,DR06616,PR00005,SR04692,CONT01290,Import,Discharged,103,52.4,0.0
MV08711,DR04219,PR00005,SR06217,CONT07342,Import,In Yard,62,66.2,0.0
MV08712,DR08754,PR00002,SR01453,CONT01248,Export,Loaded,83,29.6,0.0
MV08713,DR01956,PR00004,SR03744,CONT09423,Import,In Yard,84,41.9,0.0
MV08714,DR08521,PR00007,SR04253,CONT06359,Import,Discharged,87,60.2,0.0
MV08715,DR07691,PR00002,SR08112,CONT06015,Export,In Yard,42,30.9,0.0
MV08716,DR02784,PR00001,SR03205,CONT00624,Export,Customs Hold,95,21.2,19.4
MV08717,DR01620,PR00001,SR06347,CONT05690,Transshipment,In Yard,36,8.2,0.0
MV08718,DR05840,PR00006,SR00750,CONT02538,Export,Gate Out,96,35.4,0.0
MV08719,DR09369,PR00002,SR04040,CONT01020,Export,In Yard,30,61.4,0.0
MV08720,DR04389,PR00003,SR07356,CONT09377,Import,Discharged,100,33.1,0.0
MV08721,DR02648,PR00003,SR02737,CONT04544,Export,Gate Out,86,41.3,0.0
MV08722,DR09293,PR00007,SR05621,CONT07319,Import,In Yard,43,45.7,0.0
MV08723,DR06310,PR00002,SR01054,CONT04532,Transshipment,Customs Hold,130,61.9,11.7
MV08724,DR04090,PR00003,SR05890,CONT08834,Import,Loaded,92,50.1,0.0
MV08725,DR04193,PR00007,SR00069,CONT04504,Export,In Yard,102,43.0,0.0
MV08726,DR00635,PR00002,SR04277,CONT03252,Import,In Yard,102,55.3,0.0
MV08727,DR08348,PR00004,SR08114,CONT09798,Export,Gate Out,66,56.3,0.0
MV08728,DR04898,PR00001,SR06290,CONT09158,Import,Discharged,84,20.6,0.0
MV08729,DR08040,PR00002,SR02785,CONT02339,Export,Gate Out,89,36.6,0.0
MV08730,DR02304,PR00001,SR06200,CONT07075,Transshipment,In Yard,52,20.4,0.0
MV08731,DR00809,PR00002,SR08708,CONT08034,Import,Loaded,64,32.1,3.2
MV08732,DR00107,PR00002,SR02803,CONT00569,Export,Discharged,102,54.0,0.0
MV08733,DR06138,PR00006,SR01758,CONT09807,Import,In Yard,74,25.9,0.0
MV08734,DR09121,PR00003,SR01294,CONT06223,Import,Loaded,120,79.0,0.0
MV08735,DR07312,PR00003,SR00646,CONT04899,Import,Discharged,95,47.6,0.0
MV08736,DR06727,PR00005,SR04487,CONT00328,Export,Discharged,124,44.4,3.6
MV08737,DR05145,PR00007,SR08506,CONT03998,Import,In Yard,94,53.3,0.0
MV08738,DR01172,PR00002,SR07106,CONT04975,Export,Gate Out,100,30.8,0.0
MV08739,DR05615,PR00001,SR09567,CONT06155,Export,Customs Hold,90,22.8,14.8
MV08740,DR03795,PR00001,SR06091,CONT00832,Import,Loaded,112,41.0,0.0
MV08741,DR01091,PR00006,SR06673,CONT08815,Import,Discharged,127,70.5,0.0
MV08742,DR02787,PR00006,SR06701,CONT00152,Import,In Yard,97,31.2,0.0
MV08743,DR06911,PR00003,SR03047,CONT05946,Import,In Yard,94,65.0,0.0
MV08744,DR08163,PR00001,SR05150,CONT08888,Transshipment,Loaded,87,35.6,0.0
MV08745,DR03084,PR00003,SR04748,CONT07771,Import,Loaded,103,50.1,0.0
MV08746,DR06967,PR00004,SR03624,CONT07435,Export,Loaded,111,51.4,0.0
MV08747,DR09961,PR00002,SR08437,CONT02033,Transshipment,In Yard,73,53.6,0.0
MV08748,DR01099,PR00001,SR01319,CONT02390,Import,Discharged,93,48.3,2.5
MV08749,DR03764,PR00002,SR01683,CONT00971,Export,In Yard,69,34.7,0.0
MV08750,DR00067,PR00005,SR08532,CONT07451,Export,In Yard,72,48.6,0.0
MV08751,DR01664,PR00007,SR00469,CONT09781,Export,In Yard,98,65.9,0.0
MV08752,DR08199,PR00001,SR01155,CONT00086,Import,In Yard,74,50.6,0.0
MV08753,DR08182,PR00007,SR05688,CONT05540,Export,Gate Out,85,47.6,0.0
MV08754,DR09333,PR00003,SR02801,CONT09658,Transshipment,In Yard,73,36.5,0.0
MV08755,DR06249,PR00004,SR07437,CONT00671,Export,In Yard,45,27.7,0.0
MV08756,DR09619,PR00006,SR00905,CONT03582,Export,Gate Out,100,73.1,0.0
MV08757,DR07320,PR00004,SR08435,CONT06240,Export,In Yard,35,42.5,0.0
MV08758,DR01190,PR00001,SR05896,CONT06950,Export,Customs Hold,58,27.8,12.0
MV08759,DR04659,PR00002,SR00713,CONT05854,Import,Gate Out,69,24.6,4.3
MV08760,DR03911,PR00006,SR09842,CONT03751,Transshipment,Loaded,71,45.5,0.0
MV08761,DR00953,PR00004,SR00090,CONT09600,Import,Loaded,114,67.9,0.0
MV08762,DR01224,PR00002,SR02342,CONT05420,Export,In Yard,82,39.0,0.0
MV08763,DR09532,PR00004,SR01088,CONT08902,Import,Discharged,102,56.4,0.0
MV08764,DR09344,PR00002,SR05244,CONT02199,Export,Discharged,61,30.2,0.0
MV08765,DR09771,PR00002,SR06606,CONT04881,Export,Discharged,91,53.9,0.0
MV08766,DR04523,PR00006,SR09267,CONT09177,Export,Gate Out,86,66.4,0.0
MV08767,DR03709,PR00003,SR01305,CONT06034,Import,Discharged,99,53.3,0.0
MV08768,DR09099,PR00002,SR06135,CONT06888,Export,In Yard,49,5.0,0.0
MV08769,DR01891,PR00003,SR06717,CONT06765,Import,Gate Out,99,47.0,0.0
MV08770,DR04541,PR00007,SR00891,CONT00707,Import,In Yard,86,29.2,0.0
MV08771,DR07544,PR00001,SR01298,CONT07027,Export,Discharged,58,46.7,5.8
MV08772,DR00908,PR00001,SR09154,CONT02205,Transshipment,Discharged,51,42.9,0.0
MV08773,DR02667,PR00002,SR06253,CONT04918,Transshipment,Gate Out,74,67.8,0.0
MV08774,DR03574,PR00001,SR03635,CONT00824,Export,Customs Hold,95,35.7,16.9
MV08775,DR09872,PR00001,SR08060,CONT03129,Export,Discharged,70,38.9,0.0
MV08776,DR09715,PR00001,SR09601,CONT01434,Import,Loaded,74,36.4,0.0
MV08777,DR02332,PR00001,SR04964,CONT05596,Import,In Yard,102,55.3,0.0
MV08778,DR08766,PR00004,SR01463,CONT00556,Export,Gate Out,110,29.9,0.0
MV08779,DR06121,PR00001,SR04380,CONT07012,Export,Gate Out,53,31.0,1.2
MV08780,DR05139,PR00003,SR09089,CONT09752,Export,Gate Out,59,29.7,0.0
MV08781,DR02067,PR00005,SR00810,CONT05909,Import,In Yard,96,55.6,0.0
MV08782,DR03289,PR00001,SR09382,CONT06600,Import,Loaded,83,55.5,0.0
MV08783,DR05480,PR00002,SR00739,CONT07256,Import,Discharged,100,42.3,0.0
MV08784,DR01641,PR00007,SR07216,CONT05634,Export,Gate Out,102,54.7,0.0
MV08785,DR04694,PR00004,SR06296,CONT00870,Import,Gate Out,88,53.1,0.0
MV08786,DR01379,PR00004,SR07105,CONT06618,Import,Loaded,55,43.8,2.8
MV08787,DR00873,PR00003,SR06257,CONT09859,Export,Loaded,134,43.9,0.0
MV08788,DR01558,PR00007,SR09286,CONT06997,Import,In Yard,115,64.9,0.0
MV08789,DR07559,PR00001,SR08142,CONT01485,Import,Loaded,85,66.9,2.8
MV08790,DR05321,PR00001,SR04071,CONT05661,Export,Loaded,113,56.8,0.0
MV08791,DR08250,PR00006,SR01439,CONT09092,Import,Loaded,105,69.1,0.0
MV08792,DR06997,PR00001,SR08576,CONT07926,Export,In Yard,85,62.5,0.0
MV08793,DR00463,PR00004,SR05647,CONT04798,Transshipment,Loaded,86,37.4,0.0
MV08794,DR02965,PR00001,SR06643,CONT05806,Import,Gate Out,116,51.1,0.0
MV08795,DR03414,PR00002,SR03795,CONT09079,Import,Gate Out,94,62.4,0.0
MV08796,DR09843,PR00004,SR03324,CONT01433,Export,In Yard,52,50.7,0.0
MV08797,DR05986,PR00004,SR05018,CONT02017,Export,Discharged,138,40.7,0.0
MV08798,DR04669,PR00004,SR00205,CONT01423,Transshipment,In Yard,82,30.1,0.0
MV08799,DR09347,PR00001,SR04730,CONT08829,Import,Discharged,58,59.2,0.0
MV08800,DR05956,PR00002,SR07570,CONT00860,Export,Loaded,61,48.9,0.0
MV08801,DR07336,PR00005,SR00545,CONT01879,Export,In Yard,87,46.0,0.0
MV08802,DR05360,PR00001,SR04807,CONT01972,Import,In Yard,80,34.3,0.0
MV08803,DR04059,PR00004,SR01988,CONT07052,Export,Discharged,99,66.1,0.0
MV08804,DR07711,PR00003,SR08053,CONT00418,Import,Discharged,74,51.7,0.0
MV08805,DR03652,PR00002,SR02232,CONT00277,Import,In Yard,121,43.1,0.0
MV08806,DR09357,PR00002,SR04448,CONT04317,Import,Discharged,111,59.3,0.0
MV08807,DR03328,PR00006,SR00677,CONT03236,Import,Loaded,72,47.8,0.0
MV08808,DR08474,PR00003,SR01024,CONT01995,Export,Gate Out,85,58.3,0.0
MV08809,DR00740,PR00001,SR05446,CONT09620,Import,Loaded,72,53.6,0.0
MV08810,DR05149,PR00007,SR05606,CONT06198,Import,Gate Out,124,71.1,0.0
MV08811,DR04810,PR00001,SR02678,CONT07347,Import,Loaded,82,13.6,0.0
MV08812,DR09385,PR00006,SR06306,CONT09694,Export,Gate Out,119,60.2,1.4
MV08813,DR03729,PR00001,SR01677,CONT06986,Transshipment,In Yard,102,63.2,0.0
MV08814,DR04188,PR00003,SR04579,CONT02828,Import,Gate Out,81,31.7,0.0
MV08815,DR00620,PR00003,SR09733,CONT05454,Transshipment,Loaded,113,72.9,0.0
MV08816,DR00738,PR00001,SR01623,CONT00786,Export,In Yard,96,50.1,0.0
MV08817,DR05613,PR00005,SR08207,CONT07139,Transshipment,In Yard,90,60.5,0.0
MV08818,DR01327,PR00002,SR01046,CONT06012,Export,Loaded,69,51.9,0.0
MV08819,DR03349,PR00004,SR01327,CONT09223,Import,In Yard,77,23.0,0.0
MV08820,DR09522,PR00006,SR02766,CONT03059,Export,Loaded,100,62.4,0.0
MV08821,DR02906,PR00004,SR02004,CONT00652,Export,In Yard,88,44.9,0.0
MV08822,DR09401,PR00003,SR06909,CONT03520,Export,In Yard,79,35.2,0.0
MV08823,DR04189,PR00002,SR05123,CONT02974,Export,Gate Out,32,56.6,5.0
MV08824,DR09138,PR00001,SR04916,CONT09910,Export,In Yard,34,9.4,2.7
MV08825,DR03499,PR00007,SR07143,CONT07916,Export,Loaded,69,35.0,0.0
MV08826,DR07515,PR00004,SR05172,CONT03504,Import,In Yard,77,57.4,0.0
MV08827,DR01496,PR00004,SR08227,CONT09968,Export,Gate Out,93,63.6,0.0
MV08828,DR06793,PR00003,SR04139,CONT03301,Export,Discharged,108,40.0,0.0
MV08829,DR03340,PR00003,SR09088,CONT07249,Export,Loaded,89,39.7,0.0
MV08830,DR08377,PR00001,SR07325,CONT02053,Import,Loaded,58,31.9,0.0
MV08831,DR04552,PR00001,SR06120,CONT01087,Transshipment,Customs Hold,104,51.1,7.9
MV08832,DR04453,PR00003,SR08959,CONT07601,Import,In Yard,68,40.5,0.0
MV08833,DR06516,PR00002,SR02096,CONT06120,Import,In Yard,100,45.7,0.0
MV08834,DR05474,PR00001,SR05282,CONT05972,Import,Loaded,126,48.5,0.0
MV08835,DR05522,PR00004,SR08892,CONT01270,Import,Discharged,67,37.6,0.0
MV08836,DR08984,PR00003,SR09464,CONT01120,Import,In Yard,97,42.7,0.0
MV08837,DR07418,PR00003,SR00121,CONT07596,Import,Loaded,94,31.4,0.0
MV08838,DR00568,PR00006,SR02506,CONT07946,Import,In Yard,86,46.8,1.2
MV08839,DR09537,PR00004,SR09946,CONT07847,Import,In Yard,85,45.6,0.0
MV08840,DR05633,PR00001,SR06920,CONT08427,Import,Loaded,61,25.5,0.0
MV08841,DR00701,PR00005,SR05916,CONT01419,Transshipment,Discharged,46,47.3,0.0
MV08842,DR03812,PR00003,SR09320,CONT04954,Export,In Yard,111,66.0,0.0
MV08843,DR00199,PR00003,SR09984,CONT04462,Import,Gate Out,77,49.5,0.0
MV08844,DR05556,PR00006,SR09603,CONT01463,Export,Discharged,98,54.7,0.0
MV08845,DR06298,PR00001,SR08063,CONT09539,Export,Loaded,96,56.5,0.0
MV08846,DR09573,PR00004,SR00846,CONT06581,Export,Loaded,85,43.7,0.0
MV08847,DR06771,PR00002,SR03706,CONT03615,Import,In Yard,49,50.7,0.0
MV08848,DR07857,PR00001,SR05840,CONT07472,Export,Gate Out,103,17.7,0.0
MV08849,DR08079,PR00003,SR03411,CONT01060,Import,In Yard,99,41.4,5.2
MV08850,DR04766,PR00002,SR01062,CONT09245,Import,In Yard,54,24.8,1.2
MV08851,DR03913,PR00001,SR06356,CONT05931,Transshipment,Loaded,127,64.0,0.0
MV08852,DR06809,PR00003,SR03031,CONT04064,Import,Loaded,66,52.8,0.0
MV08853,DR00713,PR00002,SR06714,CONT05243,Import,In Yard,95,29.4,0.0
MV08854,DR05630,PR00003,SR06415,CONT03794,Import,Loaded,88,25.9,0.0
MV08855,DR01735,PR00001,SR09330,CONT04274,Export,Customs Hold,83,23.8,10.9
MV08856,DR01972,PR00003,SR09833,CONT04834,Import,Discharged,50,42.9,0.0
MV08857,DR08779,PR00003,SR04915,CONT02139,Import,Discharged,86,51.1,0.0
MV08858,DR04561,PR00003,SR08789,CONT06095,Import,In Yard,50,37.1,0.0
MV08859,DR05501,PR00005,SR08617,CONT01199,Import,In Yard,76,32.2,0.0
MV08860,DR01109,PR00007,SR03946,CONT04871,Export,In Yard,103,52.2,0.0
MV08861,DR02730,PR00001,SR02495,CONT08367,Import,Loaded,92,81.1,0.0
MV08862,DR04564,PR00003,SR03279,CONT07124,Import,Discharged,101,37.6,0.0
MV08863,DR09061,PR00006,SR06705,CONT03169,Import,Gate Out,104,68.0,0.0
MV08864,DR04395,PR00004,SR05971,CONT05801,Transshipment,In Yard,64,44.2,0.0
MV08865,DR06301,PR00007,SR03680,CONT00566,Export,Customs Hold,121,63.2,10.4
MV08866,DR06984,PR00005,SR00230,CONT09410,Import,In Yard,81,59.4,0.0
MV08867,DR01983,PR00005,SR04637,CONT02326,Import,Customs Hold,77,41.2,17.6
MV08868,DR02695,PR00001,SR06905,CONT01423,Export,In Yard,109,55.9,0.0
MV08869,DR05304,PR00002,SR07425,CONT09492,Export,Discharged,71,56.7,0.0
MV08870,DR03931,PR00004,SR00877,CONT03976,Import,Discharged,82,41.0,0.0
MV08871,DR08145,PR00003,SR03840,CONT02453,Import,In Yard,105,48.2,6.0
MV08872,DR04116,PR00005,SR00368,CONT00063,Export,Gate Out,96,60.2,0.0
MV08873,DR04488,PR00007,SR03700,CONT04647,Import,Loaded,71,75.8,4.6
MV08874,DR01718,PR00002,SR02520,CONT08197,Import,Customs Hold,35,21.0,15.0
MV08875,DR07029,PR00003,SR09698,CONT01425,Import,In Yard,146,32.1,0.0
MV08876,DR07326,PR00006,SR02558,CONT07283,Export,Discharged,112,69.5,0.0
MV08877,DR04623,PR00006,SR02547,CONT01837,Import,Discharged,135,48.1,0.0
MV08878,DR06693,PR00006,SR07524,CONT08918,Import,In Yard,130,63.3,0.0
MV08879,DR09732,PR00004,SR00928,CONT03439,Import,Loaded,100,43.3,0.0
MV08880,DR04008,PR00007,SR07028,CONT07198,Export,Gate Out,99,46.5,0.0
MV08881,DR00176,PR00002,SR09556,CONT05463,Export,In Yard,36,52.6,2.2
MV08882,DR01585,PR00001,SR00636,CONT05550,Export,In Yard,58,47.1,4.9
MV08883,DR06432,PR00001,SR08923,CONT03532,Export,Gate Out,92,32.8,0.0
MV08884,DR07874,PR00003,SR03944,CONT07542,Export,Gate Out,83,54.3,0.0
MV08885,DR05383,PR00006,SR06922,CONT02603,Export,Gate Out,90,34.4,0.0
MV08886,DR06930,PR00003,SR06610,CONT03868,Transshipment,In Yard,75,44.3,0.0
MV08887,DR00134,PR00004,SR03834,CONT05438,Export,Loaded,116,50.9,0.0
MV08888,DR06642,PR00002,SR01559,CONT03240,Import,Loaded,44,36.9,0.0
MV08889,DR06368,PR00005,SR01557,CONT00818,Export,Gate Out,75,35.6,0.0
MV08890,DR09456,PR00001,SR05821,CONT09456,Import,In Yard,90,21.9,0.0
MV08891,DR03937,PR00003,SR08240,CONT01690,Import,In Yard,138,42.4,0.0
MV08892,DR08036,PR00001,SR04556,CONT02246,Import,Discharged,72,48.6,0.0
MV08893,DR02428,PR00003,SR04874,CONT06838,Export,Discharged,87,52.5,0.0
MV08894,DR08988,PR00003,SR05536,CONT01603,Transshipment,Loaded,109,35.8,0.0
MV08895,DR05521,PR00004,SR02501,CONT06644,Export,Customs Hold,88,62.5,15.9
MV08896,DR07605,PR00003,SR09453,CONT04352,Export,In Yard,98,51.4,0.0
MV08897,DR05257,PR00007,SR05136,CONT07115,Import,Gate Out,89,54.7,0.0
MV08898,DR07455,PR00007,SR05873,CONT00683,Transshipment,Loaded,93,39.2,5.7
MV08899,DR08092,PR00002,SR09235,CONT01238,Import,Loaded,46,60.7,0.0
MV08900,DR07585,PR00001,SR09415,CONT04323,Transshipment,Discharged,89,52.0,0.0
MV08901,DR09844,PR00001,SR08644,CONT01416,Import,Gate Out,82,65.8,0.0
MV08902,DR09454,PR00001,SR00685,CONT07627,Import,In Yard,63,37.7,0.0
MV08903,DR07960,PR00002,SR00818,CONT03357,Export,Discharged,71,13.6,0.0
MV08904,DR05250,PR00006,SR08563,CONT03434,Import,In Yard,122,43.1,0.0
MV08905,DR00925,PR00007,SR00979,CONT03393,Import,Loaded,81,64.4,0.0
MV08906,DR04105,PR00002,SR02887,CONT03133,Export,In Yard,43,22.7,0.0
MV08907,DR06065,PR00005,SR04349,CONT08732,Export,Gate Out,97,67.3,0.0
MV08908,DR09612,PR00006,SR03360,CONT03776,Import,Gate Out,130,42.0,1.3
MV08909,DR03163,PR00003,SR09523,CONT04103,Export,In Yard,93,48.0,0.0
MV08910,DR09690,PR00006,SR01575,CONT05527,Export,In Yard,127,56.5,0.0
MV08911,DR05797,PR00007,SR04541,CONT05941,Import,In Yard,89,46.9,0.0
MV08912,DR08725,PR00007,SR03714,CONT09687,Import,In Yard,87,43.0,0.0
MV08913,DR07093,PR00005,SR02173,CONT00973,Export,Loaded,93,37.1,0.0
MV08914,DR05747,PR00003,SR05363,CONT02245,Export,Loaded,55,66.4,0.0
MV08915,DR08083,PR00002,SR04757,CONT09876,Import,Gate Out,62,44.1,0.0
MV08916,DR06268,PR00007,SR06618,CONT06273,Export,Customs Hold,64,25.8,15.7
MV08917,DR08132,PR00002,SR08815,CONT03888,Export,In Yard,87,31.8,0.0
MV08918,DR04488,PR00003,SR04432,CONT06297,Export,In Yard,81,53.8,0.0
MV08919,DR00363,PR00002,SR02884,CONT06842,Export,Gate Out,66,41.2,0.0
MV08920,DR02106,PR00003,SR09626,CONT06429,Export,Loaded,74,19.3,0.0
MV08921,DR05280,PR00001,SR05576,CONT05844,Import,Gate Out,60,80.9,0.0
MV08922,DR01011,PR00006,SR06116,CONT08201,Export,In Yard,81,15.1,0.0
MV08923,DR04574,PR00003,SR05100,CONT04475,Export,In Yard,124,42.9,0.0
MV08924,DR00124,PR00003,SR02715,CONT03064,Export,Loaded,89,47.1,0.0
MV08925,DR05105,PR00003,SR07287,CONT00643,Export,Discharged,113,42.0,0.0
MV08926,DR02130,PR00004,SR06484,CONT01430,Import,Loaded,99,59.5,0.0
MV08927,DR07458,PR00005,SR07682,CONT02599,Export,Loaded,79,52.5,0.0
MV08928,DR05385,PR00007,SR07356,CONT04681,Export,In Yard,64,48.7,0.0
MV08929,DR09060,PR00006,SR05788,CONT07210,Import,Customs Hold,60,42.4,14.1
MV08930,DR09015,PR00003,SR00361,CONT09118,Import,Customs Hold,131,55.8,7.3
MV08931,DR03953,PR00006,SR05373,CONT03232,Export,In Yard,102,52.6,0.0
MV08932,DR04155,PR00003,SR07446,CONT04516,Import,Gate Out,120,27.2,3.3
MV08933,DR05118,PR00004,SR04418,CONT06712,Export,In Yard,78,58.9,0.0
MV08934,DR06409,PR00005,SR00579,CONT04964,Import,Loaded,61,64.6,0.0
MV08935,DR06568,PR00003,SR07859,CONT05982,Export,In Yard,90,48.0,0.0
MV08936,DR04626,PR00003,SR05071,CONT03288,Import,In Yard,65,42.2,2.5
MV08937,DR05225,PR00005,SR03763,CONT03111,Export,Gate Out,78,49.4,0.0
MV08938,DR00137,PR00002,SR00021,CONT09531,Export,Gate Out,72,24.2,4.9
MV08939,DR00731,PR00005,SR05821,CONT01450,Import,Discharged,83,46.8,0.0
MV08940,DR04276,PR00002,SR01573,CONT04958,Transshipment,In Yard,107,59.7,0.0
MV08941,DR09372,PR00004,SR04104,CONT01966,Import,Gate Out,75,45.7,0.0
MV08942,DR03709,PR00006,SR06047,CONT09798,Import,Discharged,97,69.7,0.0
MV08943,DR09922,PR00001,SR03180,CONT06721,Export,In Yard,88,57.6,0.0
MV08944,DR03166,PR00002,SR03899,CONT05292,Export,In Yard,71,32.1,0.0
MV08945,DR00509,PR00004,SR07067,CONT05247,Export,Gate Out,93,55.2,0.0
MV08946,DR03058,PR00001,SR02403,CONT09516,Transshipment,Gate Out,57,33.4,0.0
MV08947,DR03871,PR00002,SR04346,CONT05147,Export,Discharged,115,22.0,0.0
MV08948,DR01524,PR00005,SR02096,CONT04626,Import,Gate Out,75,55.5,0.0
MV08949,DR03994,PR00001,SR06302,CONT08876,Import,Discharged,47,42.6,0.0
MV08950,DR05836,PR00004,SR08901,CONT00165,Export,Loaded,106,82.7,0.0
MV08951,DR01972,PR00001,SR01649,CONT00157,Import,Customs Hold,64,29.0,12.3
MV08952,DR08033,PR00001,SR05766,CONT03562,Export,Loaded,122,55.5,1.6
MV08953,DR01700,PR00003,SR02888,CONT05489,Transshipment,Loaded,56,37.3,0.0
MV08954,DR08330,PR00007,SR08144,CONT03503,Export,Loaded,89,39.7,0.0
MV08955,DR01193,PR00004,SR06318,CONT05738,Import,Gate Out,80,76.8,0.0
MV08956,DR02685,PR00002,SR06087,CONT08307,Export,In Yard,59,20.7,0.0
MV08957,DR03598,PR00003,SR02179,CONT06176,Import,Loaded,99,48.5,0.0
MV08958,DR02870,PR00004,SR01071,CONT08466,Transshipment,Gate Out,57,63.0,0.0
MV08959,DR06573,PR00004,SR07780,CONT06080,Export,In Yard,56,28.3,0.0
MV08960,DR02842,PR00002,SR06215,CONT08976,Export,In Yard,65,36.8,0.0
MV08961,DR01296,PR00001,SR03110,CONT02898,Import,Gate Out,115,57.7,0.0
MV08962,DR01609,PR00003,SR03025,CONT02209,Import,Discharged,112,33.2,0.0
MV08963,DR08970,PR00004,SR06090,CONT01529,Import,Gate Out,79,52.6,0.0
MV08964,DR06242,PR00006,SR06741,CONT07246,Export,In Yard,85,41.1,0.0
MV08965,DR09381,PR00004,SR00901,CONT08576,Export,Discharged,86,59.8,0.0
MV08966,DR01465,PR00005,SR05172,CONT04747,Export,Discharged,67,68.8,2.5
MV08967,DR06844,PR00003,SR04705,CONT07961,Import,In Yard,100,40.6,0.0
MV08968,DR03982,PR00004,SR09613,CONT01104,Import,Loaded,38,5.0,5.4
MV08969,DR08692,PR00004,SR02079,CONT03718,Export,Loaded,101,49.1,0.0
MV08970,DR05427,PR00002,SR04918,CONT05434,Export,Gate Out,91,56.6,0.0
MV08971,DR01622,PR00007,SR05996,CONT00447,Export,Discharged,54,55.7,0.0
MV08972,DR06773,PR00002,SR08494,CONT00197,Import,Loaded,79,50.5,0.0
MV08973,DR05793,PR00004,SR08528,CONT03339,Import,In Yard,84,47.8,0.0
MV08974,DR09674,PR00004,SR00860,CONT06857,Export,Loaded,35,37.9,0.0
MV08975,DR08023,PR00006,SR06632,CONT09524,Transshipment,Gate Out,83,37.4,0.0
MV08976,DR08172,PR00001,SR01323,CONT07875,Export,Discharged,99,46.3,0.0
MV08977,DR03734,PR00006,SR09014,CONT08722,Export,Customs Hold,68,50.1,13.1
MV08978,DR03939,PR00001,SR01481,CONT07159,Export,Discharged,82,48.6,0.0
MV08979,DR06044,PR00001,SR04590,CONT06641,Export,In Yard,88,34.5,0.0
MV08980,DR08288,PR00006,SR08853,CONT03656,Export,Gate Out,87,37.5,0.0
MV08981,DR02404,PR00002,SR05843,CONT08657,Import,Discharged,96,50.1,0.0
MV08982,DR02807,PR00004,SR01765,CONT04227,Import,Gate Out,80,40.1,0.0
MV08983,DR09780,PR00003,SR01496,CONT05689,Export,Discharged,40,20.3,0.0
MV08984,DR06787,PR00007,SR09410,CONT06964,Export,In Yard,95,60.7,0.0
MV08985,DR04825,PR00006,SR06229,CONT06115,Export,Loaded,88,31.9,0.0
MV08986,DR02062,PR00002,SR07635,CONT01455,Import,Loaded,119,51.3,0.0
MV08987,DR03086,PR00006,SR05552,CONT02710,Export,Discharged,72,51.8,0.0
MV08988,DR04368,PR00002,SR03558,CONT01951,Import,Loaded,72,67.3,0.0
MV08989,DR08228,PR00004,SR00954,CONT05176,Import,Customs Hold,98,81.8,21.8
MV08990,DR06141,PR00005,SR07526,CONT07199,Export,In Yard,47,60.5,0.0
MV08991,DR03354,PR00005,SR09835,CONT09597,Export,Gate Out,94,38.1,0.0
MV08992,DR08119,PR00004,SR04810,CONT01561,Import,Gate Out,102,43.9,0.0
MV08993,DR06585,PR00006,SR02562,CONT03054,Export,In Yard,91,48.7,3.9
MV08994,DR09312,PR00004,SR04094,CONT05778,Export,Loaded,101,51.0,0.0
MV08995,DR05068,PR00007,SR07135,CONT09986,Import,Gate Out,67,48.3,0.0
MV08996,DR09798,PR00001,SR08770,CONT01330,Import,Discharged,53,53.5,0.0
MV08997,DR07218,PR00002,SR02949,CONT00055,Export,Loaded,77,44.5,0.0
MV08998,DR08465,PR00006,SR01352,CONT03900,Transshipment,Loaded,82,60.7,0.0
MV08999,DR04799,PR00002,SR00166,CONT01439,Export,Discharged,87,22.1,0.0
MV09000,DR01920,PR00003,SR01566,CONT04588,Import,Loaded,96,56.5,0.0
MV09001,DR04995,PR00005,SR08982,CONT08916,Export,Loaded,72,21.5,0.0
MV09002,DR08506,PR00003,SR02254,CONT08531,Export,Discharged,47,52.8,0.0
MV09003,DR07924,PR00001,SR05875,CONT08991,Import,Customs Hold,63,38.8,6.1
MV09004,DR05856,PR00001,SR06633,CONT04104,Export,In Yard,74,29.3,0.0
MV09005,DR00131,PR00002,SR03533,CONT08219,Import,Discharged,39,33.1,0.0
MV09006,DR03737,PR00002,SR03523,CONT05813,Export,Gate Out,113,48.9,5.3
MV09007,DR01323,PR00001,SR00396,CONT08148,Import,Loaded,107,31.1,0.0
MV09008,DR03030,PR00006,SR07797,CONT01975,Import,In Yard,106,43.2,0.0
MV09009,DR09668,PR00002,SR02831,CONT07033,Import,Discharged,53,33.5,0.0
MV09010,DR07214,PR00006,SR01773,CONT05469,Import,Gate Out,120,61.5,0.0
MV09011,DR00906,PR00007,SR01837,CONT05469,Import,Gate Out,93,28.0,0.0
MV09012,DR04305,PR00002,SR06933,CONT04819,Import,In Yard,55,50.6,0.0
MV09013,DR05784,PR00007,SR01941,CONT08680,Export,In Yard,110,48.9,0.0
MV09014,DR08634,PR00001,SR09804,CONT04869,Import,Gate Out,73,59.1,0.0
MV09015,DR03464,PR00004,SR08845,CONT06429,Import,Loaded,62,50.9,3.4
MV09016,DR09460,PR00007,SR09574,CONT08743,Import,Customs Hold,53,61.8,14.8
MV09017,DR09047,PR00006,SR03362,CONT08411,Transshipment,Loaded,105,56.0,0.0
MV09018,DR08905,PR00002,SR07887,CONT08187,Import,Loaded,84,28.9,0.0
MV09019,DR03389,PR00002,SR08835,CONT04162,Export,Loaded,75,52.2,0.0
MV09020,DR04641,PR00002,SR04274,CONT06607,Import,Customs Hold,108,55.1,16.0
MV09021,DR03986,PR00007,SR02287,CONT03866,Import,In Yard,72,39.1,0.0
MV09022,DR08829,PR00002,SR00523,CONT09615,Export,In Yard,71,41.5,0.0
MV09023,DR00801,PR00003,SR05710,CONT09746,Export,In Yard,37,6.8,1.1
MV09024,DR05986,PR00002,SR06608,CONT07034,Export,Gate Out,100,58.1,0.0
MV09025,DR00194,PR00003,SR06511,CONT05802,Import,Discharged,47,36.1,0.0
MV09026,DR01842,PR00003,SR00035,CONT09845,Import,In Yard,91,38.5,0.0
MV09027,DR00145,PR00002,SR07939,CONT06286,Import,Loaded,106,31.3,1.1
MV09028,DR00882,PR00004,SR07769,CONT07933,Import,Discharged,81,40.9,5.1
MV09029,DR09828,PR00003,SR01521,CONT03657,Transshipment,In Yard,151,55.6,0.0
MV09030,DR00447,PR00003,SR03025,CONT09270,Import,Gate Out,87,46.2,0.0
MV09031,DR09108,PR00003,SR03551,CONT06543,Import,Loaded,58,33.5,0.0
MV09032,DR00415,PR00002,SR08715,CONT03218,Import,Discharged,62,28.4,0.0
MV09033,DR05643,PR00005,SR01656,CONT05371,Import,Discharged,75,40.3,0.0
MV09034,DR08170,PR00003,SR03026,CONT02485,Import,In Yard,85,34.9,0.0
MV09035,DR08045,PR00003,SR03532,CONT03925,Import,Loaded,89,38.9,0.0
MV09036,DR01322,PR00002,SR06017,CONT08145,Transshipment,Loaded,47,44.3,0.0
MV09037,DR06417,PR00001,SR06732,CONT07814,Export,In Yard,91,35.7,0.0
MV09038,DR08868,PR00006,SR00144,CONT03720,Import,In Yard,71,63.9,0.0
MV09039,DR07078,PR00006,SR00648,CONT06690,Import,In Yard,102,38.7,0.0
MV09040,DR02937,PR00002,SR08839,CONT03194,Export,Gate Out,105,21.8,0.0
MV09041,DR04994,PR00003,SR04748,CONT07456,Import,In Yard,109,46.7,0.0
MV09042,DR09927,PR00002,SR08092,CONT06113,Export,Loaded,86,32.2,0.0
MV09043,DR00770,PR00005,SR08261,CONT08019,Export,Discharged,101,88.9,0.0
MV09044,DR04377,PR00001,SR05655,CONT00635,Export,In Yard,79,32.5,0.0
MV09045,DR03069,PR00007,SR08212,CONT01762,Export,Discharged,106,31.7,0.0
MV09046,DR01510,PR00001,SR00960,CONT07487,Import,Gate Out,69,36.5,0.0
MV09047,DR04402,PR00007,SR06450,CONT04225,Import,Loaded,123,46.9,0.0
MV09048,DR02276,PR00001,SR06811,CONT00844,Export,Gate Out,92,28.8,0.0
MV09049,DR06018,PR00002,SR06760,CONT07233,Import,Discharged,71,40.2,0.0
MV09050,DR02137,PR00002,SR08089,CONT01156,Import,Discharged,88,54.9,2.3
MV09051,DR03475,PR00002,SR09782,CONT07488,Transshipment,In Yard,106,42.6,0.0
MV09052,DR01627,PR00007,SR08696,CONT01440,Export,Loaded,109,47.5,0.0
MV09053,DR04731,PR00003,SR00032,CONT00187,Import,In Yard,83,40.2,0.0
MV09054,DR07960,PR00001,SR06297,CONT09687,Export,Loaded,96,37.9,0.0
MV09055,DR06745,PR00007,SR04591,CONT05553,Import,In Yard,97,34.3,0.0
MV09056,DR01430,PR00002,SR02362,CONT00194,Export,Discharged,100,66.8,0.0
MV09057,DR05149,PR00001,SR03498,CONT08590,Import,Gate Out,73,69.7,0.0
MV09058,DR04851,PR00001,SR09609,CONT01061,Export,Customs Hold,58,22.6,6.8
MV09059,DR03399,PR00003,SR09836,CONT04569,Export,Gate Out,60,37.2,0.0
MV09060,DR08208,PR00007,SR05498,CONT02586,Import,Loaded,112,30.9,0.0
MV09061,DR06219,PR00001,SR04514,CONT02548,Transshipment,Loaded,60,45.6,0.0
MV09062,DR06032,PR00005,SR00860,CONT09041,Import,Customs Hold,79,28.8,15.6
MV09063,DR03537,PR00002,SR07485,CONT05293,Transshipment,In Yard,64,46.6,0.0
MV09064,DR07508,PR00002,SR09583,CONT03585,Import,In Yard,74,41.1,0.0
MV09065,DR07987,PR00005,SR09155,CONT06095,Import,Loaded,103,48.0,0.0
MV09066,DR01093,PR00005,SR09217,CONT09397,Import,In Yard,89,65.7,3.5
MV09067,DR07137,PR00004,SR07021,CONT02849,Import,Loaded,67,36.0,0.0
MV09068,DR08283,PR00002,SR02485,CONT01707,Export,Loaded,88,37.5,0.0
MV09069,DR04213,PR00001,SR04453,CONT04978,Export,Discharged,101,30.2,0.0
MV09070,DR05979,PR00005,SR00225,CONT01890,Export,Gate Out,108,20.3,0.0
MV09071,DR09260,PR00004,SR07141,CONT03782,Export,Discharged,56,52.3,0.0
MV09072,DR00045,PR00003,SR01973,CONT00517,Export,Discharged,83,37.0,0.0
MV09073,DR06333,PR00002,SR07199,CONT03277,Import,Gate Out,91,54.5,0.0
MV09074,DR08231,PR00005,SR05533,CONT01688,Export,In Yard,65,39.4,0.0
MV09075,DR02560,PR00001,SR05548,CONT02886,Transshipment,In Yard,95,40.6,0.0
MV09076,DR06570,PR00004,SR00218,CONT08853,Import,Loaded,119,53.2,0.0
MV09077,DR05603,PR00005,SR09098,CONT00182,Import,Customs Hold,99,41.0,9.0
MV09078,DR00158,PR00002,SR09735,CONT04326,Import,Customs Hold,97,26.5,4.3
MV09079,DR00542,PR00003,SR09954,CONT00802,Import,In Yard,69,35.7,0.0
MV09080,DR07866,PR00003,SR01668,CONT06185,Export,In Yard,108,34.6,0.0
MV09081,DR04448,PR00004,SR01615,CONT05852,Import,Loaded,70,48.1,0.0
MV09082,DR09875,PR00007,SR09412,CONT02793,Export,Loaded,111,67.5,0.0
MV09083,DR08319,PR00004,SR01972,CONT06131,Import,In Yard,72,31.1,0.0
MV09084,DR06498,PR00001,SR07554,CONT01856,Import,Discharged,111,44.7,0.0
MV09085,DR04100,PR00002,SR04179,CONT09777,Import,Loaded,84,50.6,0.0
MV09086,DR08467,PR00004,SR09836,CONT05000,Import,Discharged,75,36.2,0.0
MV09087,DR02105,PR00002,SR09951,CONT07600,Export,In Yard,96,48.5,0.0
MV09088,DR08601,PR00005,SR00677,CONT00609,Transshipment,In Yard,106,66.3,0.0
MV09089,DR04460,PR00001,SR00930,CONT07941,Import,Loaded,26,41.1,0.0
MV09090,DR09955,PR00001,SR00928,CONT09229,Import,Loaded,55,33.3,0.0
MV09091,DR06338,PR00002,SR08039,CONT02305,Export,Gate Out,133,36.6,0.0
MV09092,DR02539,PR00006,SR09470,CONT05111,Export,Gate Out,101,46.0,0.0
MV09093,DR05577,PR00005,SR05379,CONT08336,Export,In Yard,81,40.2,0.0
MV09094,DR04783,PR00003,SR00287,CONT02875,Import,In Yard,90,35.4,0.0
MV09095,DR03489,PR00002,SR05825,CONT03655,Export,Loaded,97,39.9,0.0
MV09096,DR03996,PR00007,SR02101,CONT00096,Import,In Yard,42,40.3,0.0
MV09097,DR05975,PR00006,SR07363,CONT01429,Import,Gate Out,79,58.9,0.0
MV09098,DR07000,PR00003,SR02080,CONT00673,Transshipment,Gate Out,84,29.4,0.0
MV09099,DR01834,PR00005,SR05984,CONT03250,Import,Loaded,61,51.1,0.0
MV09100,DR06345,PR00007,SR05257,CONT02770,Import,Customs Hold,68,37.0,12.0
MV09101,DR03074,PR00002,SR04579,CONT04898,Import,Loaded,89,33.7,4.2
MV09102,DR04544,PR00002,SR08410,CONT01729,Import,Customs Hold,65,47.4,19.1
MV09103,DR01151,PR00004,SR06767,CONT00939,Transshipment,In Yard,124,53.9,0.0
MV09104,DR09299,PR00003,SR07096,CONT04903,Import,Gate Out,83,29.2,0.0
MV09105,DR08864,PR00005,SR00025,CONT09483,Export,Loaded,62,5.0,0.0
MV09106,DR09028,PR00003,SR02764,CONT05032,Export,Gate Out,57,55.6,0.0
MV09107,DR04407,PR00002,SR03612,CONT04023,Import,Gate Out,116,55.6,0.0
MV09108,DR01303,PR00002,SR05088,CONT01310,Import,Loaded,107,60.5,0.0
MV09109,DR03209,PR00005,SR03059,CONT04983,Import,Loaded,88,61.7,0.0
MV09110,DR04544,PR00001,SR07917,CONT06498,Import,Gate Out,95,42.2,0.0
MV09111,DR01205,PR00002,SR09220,CONT05400,Import,In Yard,98,38.1,0.0
MV09112,DR00069,PR00001,SR01254,CONT09261,Export,Gate Out,67,18.7,2.8
MV09113,DR08327,PR00006,SR09171,CONT07148,Import,Loaded,94,53.3,0.0
MV09114,DR05886,PR00001,SR02006,CONT06432,Export,Loaded,55,28.2,0.0
MV09115,DR03146,PR00001,SR05242,CONT05974,Transshipment,Gate Out,41,29.8,0.0
MV09116,DR08631,PR00006,SR02854,CONT04810,Import,Loaded,99,33.8,0.0
MV09117,DR03753,PR00001,SR06113,CONT06007,Import,Loaded,62,26.6,0.0
MV09118,DR06252,PR00005,SR05190,CONT01835,Import,Loaded,77,24.5,0.0
MV09119,DR09887,PR00003,SR04238,CONT04054,Import,Discharged,69,57.9,0.0
MV09120,DR03202,PR00006,SR09755,CONT05282,Import,In Yard,92,60.0,0.0
MV09121,DR05357,PR00001,SR09548,CONT04817,Export,Gate Out,80,30.4,0.0
MV09122,DR09181,PR00001,SR09750,CONT08871,Import,Gate Out,74,55.9,0.0
MV09123,DR00599,PR00002,SR05635,CONT06261,Import,In Yard,94,44.8,0.0
MV09124,DR08553,PR00007,SR08359,CONT07772,Import,Loaded,126,74.1,0.0
MV09125,DR02843,PR00006,SR02706,CONT05076,Export,In Yard,94,57.3,0.0
MV09126,DR08819,PR00002,SR02261,CONT04746,Import,Loaded,101,55.7,0.0
MV09127,DR06247,PR00002,SR00135,CONT02690,Export,Discharged,46,38.7,0.0
MV09128,DR07398,PR00001,SR09946,CONT04941,Export,Gate Out,78,34.6,5.8
MV09129,DR01918,PR00002,SR02559,CONT08880,Import,Discharged,100,22.3,3.7
MV09130,DR00866,PR00002,SR07144,CONT08774,Export,Customs Hold,89,48.2,13.9
MV09131,DR05214,PR00006,SR03155,CONT05855,Import,Loaded,70,40.3,0.0
MV09132,DR05833,PR00001,SR09918,CONT01224,Export,Gate Out,75,73.8,0.0
MV09133,DR02318,PR00006,SR08992,CONT07586,Import,In Yard,77,51.2,0.0
MV09134,DR05556,PR00001,SR09722,CONT02521,Export,Customs Hold,73,31.0,9.7
MV09135,DR03373,PR00006,SR09304,CONT06991,Export,Discharged,69,42.4,0.0
MV09136,DR09314,PR00003,SR03509,CONT01223,Export,In Yard,85,34.2,4.2
MV09137,DR04032,PR00001,SR06453,CONT09109,Export,Gate Out,28,33.5,0.0
MV09138,DR08017,PR00006,SR00316,CONT07490,Import,In Yard,80,26.5,0.0
MV09139,DR01644,PR00002,SR01074,CONT06153,Export,Discharged,85,59.3,0.0
MV09140,DR02450,PR00006,SR06283,CONT06750,Import,In Yard,76,48.4,0.0
MV09141,DR07399,PR00005,SR04810,CONT05635,Import,In Yard,66,48.5,0.0
MV09142,DR07576,PR00007,SR09441,CONT07467,Import,Discharged,94,47.2,0.0
MV09143,DR06708,PR00006,SR03040,CONT02162,Export,Loaded,74,44.3,0.0
MV09144,DR03761,PR00002,SR00406,CONT06034,Export,In Yard,119,47.2,0.0
MV09145,DR09914,PR00003,SR08008,CONT06186,Export,Gate Out,113,22.1,0.0
MV09146,DR03801,PR00005,SR05665,CONT07873,Export,Gate Out,84,54.8,0.0
MV09147,DR01137,PR00002,SR05503,CONT07242,Export,Loaded,64,56.6,0.0
MV09148,DR09127,PR00004,SR01644,CONT07891,Export,Loaded,50,59.4,0.0
MV09149,DR05471,PR00002,SR01221,CONT09059,Import,In Yard,62,28.4,0.0
MV09150,DR00802,PR00004,SR04022,CONT08615,Export,In Yard,79,48.4,0.0
MV09151,DR00738,PR00002,SR07008,CONT00773,Import,Discharged,23,29.7,0.0
MV09152,DR01701,PR00001,SR06994,CONT00789,Import,Customs Hold,94,16.7,15.3
MV09153,DR07387,PR00007,SR08406,CONT08308,Transshipment,Gate Out,85,48.2,0.0
MV09154,DR04146,PR00006,SR00682,CONT00617,Import,Loaded,83,30.6,0.0
MV09155,DR02278,PR00002,SR09878,CONT09877,Transshipment,Discharged,102,55.3,0.0
MV09156,DR04438,PR00001,SR09693,CONT04895,Export,Loaded,30,44.6,0.0
MV09157,DR06283,PR00005,SR03282,CONT04091,Export,Discharged,78,64.8,0.0
MV09158,DR09087,PR00002,SR01141,CONT00851,Export,Discharged,86,42.2,0.0
MV09159,DR08330,PR00004,SR00112,CONT05607,Export,Discharged,97,45.1,0.0
MV09160,DR06332,PR00005,SR03748,CONT01855,Import,In Yard,74,39.5,0.0
MV09161,DR01037,PR00002,SR01396,CONT08291,Import,Loaded,95,47.1,0.0
MV09162,DR05724,PR00002,SR04337,CONT04581,Export,Gate Out,90,64.5,0.0
MV09163,DR08364,PR00001,SR06257,CONT01103,Import,In Yard,59,57.2,0.0
MV09164,DR07172,PR00002,SR01906,CONT09083,Export,In Yard,113,38.4,0.0
MV09165,DR03943,PR00004,SR08052,CONT01178,Transshipment,Gate Out,65,55.3,0.0
MV09166,DR00662,PR00001,SR01747,CONT03014,Import,Gate Out,60,33.3,0.0
MV09167,DR09817,PR00007,SR04803,CONT07672,Export,In Yard,103,54.7,0.0
MV09168,DR05279,PR00005,SR01099,CONT09703,Import,In Yard,72,43.5,0.0
MV09169,DR01970,PR00002,SR07391,CONT06698,Import,Gate Out,97,44.7,0.0
MV09170,DR06856,PR00003,SR07348,CONT08822,Export,Loaded,92,36.3,0.0
MV09171,DR06488,PR00003,SR00136,CONT03292,Export,Gate Out,84,24.5,0.0
MV09172,DR08531,PR00003,SR01108,CONT05378,Export,Customs Hold,80,24.8,13.0
MV09173,DR01592,PR00004,SR00875,CONT03334,Import,Discharged,72,50.1,0.0
MV09174,DR00165,PR00001,SR07326,CONT05040,Import,Customs Hold,106,29.5,4.7
MV09175,DR07581,PR00002,SR00551,CONT00378,Export,In Yard,70,31.1,0.0
MV09176,DR02647,PR00001,SR03369,CONT08001,Export,Discharged,78,49.6,2.9
MV09177,DR05622,PR00001,SR07000,CONT03538,Export,In Yard,42,52.6,0.0
MV09178,DR02135,PR00004,SR09449,CONT00426,Import,Customs Hold,86,33.8,11.9
MV09179,DR03272,PR00007,SR00529,CONT03025,Transshipment,Loaded,71,11.8,0.0
MV09180,DR08626,PR00004,SR06780,CONT02805,Transshipment,Gate Out,116,34.1,0.0
MV09181,DR00312,PR00007,SR01127,CONT00799,Export,Loaded,76,53.6,3.8
MV09182,DR03941,PR00004,SR03165,CONT02754,Import,Loaded,95,59.2,0.0
MV09183,DR03425,PR00002,SR03896,CONT03804,Transshipment,In Yard,98,26.2,0.0
MV09184,DR09483,PR00006,SR06356,CONT01053,Export,Loaded,95,30.5,0.0
MV09185,DR08472,PR00001,SR01146,CONT09861,Export,In Yard,71,30.2,0.0
MV09186,DR07620,PR00001,SR01291,CONT00458,Export,Customs Hold,120,37.3,16.4
MV09187,DR03894,PR00007,SR01209,CONT03430,Import,Gate Out,87,72.1,0.0
MV09188,DR08625,PR00004,SR02425,CONT07837,Import,Gate Out,121,51.9,0.0
MV09189,DR02227,PR00007,SR00097,CONT07039,Export,Customs Hold,93,53.4,15.7
MV09190,DR08377,PR00001,SR02002,CONT00852,Export,In Yard,57,48.3,0.0
MV09191,DR06069,PR00005,SR02205,CONT06835,Export,Discharged,69,34.2,0.0
MV09192,DR01580,PR00002,SR06375,CONT04821,Export,Loaded,102,44.8,0.0
MV09193,DR01762,PR00002,SR05785,CONT08063,Import,Loaded,71,46.8,0.0
MV09194,DR00491,PR00006,SR00653,CONT06195,Export,In Yard,108,51.4,0.0
MV09195,DR09623,PR00003,SR07946,CONT08370,Import,Customs Hold,93,47.3,12.4
MV09196,DR05859,PR00005,SR05045,CONT05038,Transshipment,Loaded,92,55.6,0.0
MV09197,DR01041,PR00006,SR09841,CONT00258,Import,In Yard,107,63.8,0.0
MV09198,DR00720,PR00006,SR06052,CONT07549,Import,Gate Out,81,43.8,0.0
MV09199,DR01452,PR00001,SR05066,CONT09992,Export,Customs Hold,92,51.9,9.6
MV09200,DR05711,PR00001,SR08156,CONT02069,Import,Discharged,92,49.1,0.0
MV09201,DR00136,PR00007,SR00661,CONT03012,Import,Loaded,83,89.6,0.0
MV09202,DR02363,PR00004,SR00816,CONT09613,Export,In Yard,97,60.2,4.5
MV09203,DR09525,PR00003,SR00115,CONT05881,Import,Gate Out,81,54.0,0.0
MV09204,DR09483,PR00001,SR09659,CONT01276,Export,Discharged,106,38.6,0.0
MV09205,DR08280,PR00001,SR07280,CONT07889,Import,Loaded,66,24.6,0.0
MV09206,DR04457,PR00007,SR06008,CONT08624,Import,Gate Out,110,55.9,0.0
MV09207,DR03704,PR00003,SR00685,CONT07845,Import,Loaded,55,16.8,4.6
MV09208,DR06275,PR00006,SR02448,CONT04586,Export,Loaded,89,74.6,0.0
MV09209,DR01115,PR00002,SR07620,CONT06844,Import,In Yard,81,20.7,0.0
MV09210,DR05967,PR00002,SR00834,CONT01697,Import,Customs Hold,136,34.1,18.3
MV09211,DR01039,PR00004,SR01569,CONT01047,Import,Gate Out,154,61.5,3.8
MV09212,DR09232,PR00006,SR06428,CONT07377,Import,In Yard,141,51.0,0.0
MV09213,DR02089,PR00002,SR03304,CONT04852,Export,Gate Out,65,47.9,0.0
MV09214,DR08224,PR00002,SR06509,CONT03850,Export,In Yard,40,28.6,0.0
MV09215,DR00778,PR00004,SR03263,CONT05787,Import,Loaded,52,38.8,0.0
MV09216,DR07921,PR00001,SR01294,CONT01876,Import,Discharged,90,48.9,0.0
MV09217,DR09471,PR00003,SR04317,CONT00798,Export,Loaded,113,30.2,0.0
MV09218,DR03207,PR00004,SR03118,CONT08611,Import,Discharged,115,45.1,2.2
MV09219,DR01768,PR00001,SR05334,CONT08324,Transshipment,Customs Hold,93,44.1,8.5
MV09220,DR03487,PR00004,SR00986,CONT01368,Import,Gate Out,89,47.0,0.0
MV09221,DR05331,PR00001,SR08925,CONT06413,Transshipment,Gate Out,85,53.8,0.0
MV09222,DR03760,PR00005,SR08676,CONT09794,Import,Customs Hold,69,46.0,18.7
MV09223,DR01426,PR00006,SR05683,CONT07633,Export,Loaded,100,44.1,0.0
MV09224,DR03713,PR00006,SR02420,CONT09094,Import,Gate Out,75,23.3,0.0
MV09225,DR07848,PR00005,SR05486,CONT08691,Transshipment,In Yard,102,63.4,0.0
MV09226,DR08821,PR00004,SR04550,CONT00614,Import,Gate Out,83,30.5,0.0
MV09227,DR09286,PR00002,SR01246,CONT01679,Export,Gate Out,102,70.6,0.0
MV09228,DR04846,PR00003,SR06420,CONT04963,Import,Loaded,68,30.0,0.0
MV09229,DR04403,PR00001,SR08285,CONT00945,Export,Loaded,78,43.3,0.0
MV09230,DR06655,PR00005,SR01933,CONT06678,Export,Gate Out,100,58.3,0.0
MV09231,DR05388,PR00001,SR06113,CONT02402,Export,Discharged,55,35.4,0.0
MV09232,DR02263,PR00003,SR06913,CONT08016,Export,Gate Out,77,41.1,1.1
MV09233,DR09344,PR00003,SR01465,CONT00585,Export,In Yard,103,37.3,0.0
MV09234,DR09869,PR00004,SR05266,CONT08191,Export,Discharged,81,67.1,0.0
MV09235,DR05686,PR00002,SR01296,CONT01610,Import,Customs Hold,85,46.1,16.1
MV09236,DR09615,PR00003,SR06874,CONT00329,Import,Gate Out,103,43.5,1.5
MV09237,DR02875,PR00004,SR06278,CONT01388,Export,In Yard,88,47.7,0.0
MV09238,DR06040,PR00007,SR07361,CONT07307,Import,In Yard,108,61.7,0.0
MV09239,DR08135,PR00005,SR07855,CONT09612,Export,In Yard,90,51.1,0.0
MV09240,DR09208,PR00002,SR02395,CONT00099,Import,Customs Hold,76,39.9,14.7
MV09241,DR05910,PR00006,SR04191,CONT00707,Transshipment,In Yard,108,24.8,0.0
MV09242,DR08342,PR00001,SR00086,CONT08959,Export,Gate Out,106,57.0,0.0
MV09243,DR05549,PR00002,SR05855,CONT07564,Import,Discharged,97,52.1,0.0
MV09244,DR00933,PR00001,SR01661,CONT08408,Export,Gate Out,95,34.2,0.0
MV09245,DR07099,PR00003,SR05515,CONT08626,Export,Loaded,42,41.2,0.0
MV09246,DR09700,PR00004,SR05739,CONT04449,Import,Loaded,102,68.6,0.0
MV09247,DR05164,PR00003,SR07658,CONT07748,Import,Gate Out,90,50.3,0.0
MV09248,DR03014,PR00006,SR05391,CONT08793,Import,Loaded,133,77.1,0.0
MV09249,DR00300,PR00004,SR03685,CONT05675,Import,Loaded,92,61.9,0.0
MV09250,DR02047,PR00002,SR08311,CONT05565,Import,In Yard,100,22.4,0.0
MV09251,DR04288,PR00003,SR00632,CONT03742,Import,Gate Out,61,53.4,0.0
MV09252,DR09906,PR00005,SR01365,CONT08689,Import,Gate Out,72,19.3,0.0
MV09253,DR03995,PR00003,SR07099,CONT00694,Import,Loaded,67,62.6,1.8
MV09254,DR01024,PR00003,SR00759,CONT05412,Import,Gate Out,105,58.5,0.0
MV09255,DR08892,PR00003,SR04812,CONT07642,Import,In Yard,73,68.8,0.0
MV09256,DR06416,PR00004,SR06062,CONT00146,Export,In Yard,105,50.3,0.0
MV09257,DR07473,PR00002,SR05992,CONT05870,Import,Discharged,89,41.2,0.0
MV09258,DR09327,PR00006,SR06172,CONT04978,Import,Loaded,87,65.6,4.8
MV09259,DR09664,PR00002,SR03102,CONT02203,Export,In Yard,63,28.2,0.0
MV09260,DR09912,PR00001,SR07911,CONT03198,Export,Loaded,75,40.5,0.0
MV09261,DR07646,PR00005,SR03796,CONT06008,Export,Loaded,86,45.0,0.0
MV09262,DR08736,PR00006,SR03065,CONT00775,Transshipment,Gate Out,73,37.9,0.0
MV09263,DR05147,PR00004,SR04876,CONT03640,Export,Gate Out,101,41.1,0.0
MV09264,DR09005,PR00003,SR00232,CONT09502,Export,Gate Out,44,39.1,0.0
MV09265,DR09702,PR00007,SR00042,CONT06305,Import,Discharged,138,62.3,0.0
MV09266,DR04790,PR00003,SR09105,CONT09742,Export,Customs Hold,84,66.3,10.2
MV09267,DR02819,PR00003,SR04929,CONT05498,Export,Loaded,106,41.3,0.0
MV09268,DR09567,PR00004,SR03451,CONT04649,Export,Gate Out,83,43.7,0.0
MV09269,DR08039,PR00003,SR05575,CONT02392,Import,Gate Out,104,12.3,0.0
MV09270,DR01943,PR00004,SR05212,CONT03451,Transshipment,Gate Out,79,59.5,5.8
MV09271,DR02013,PR00007,SR04345,CONT01841,Import,In Yard,96,31.3,0.0
MV09272,DR02553,PR00002,SR01751,CONT09269,Export,Discharged,81,49.7,3.8
MV09273,DR07872,PR00001,SR03794,CONT02587,Transshipment,In Yard,88,49.8,0.0
MV09274,DR02106,PR00003,SR02124,CONT02421,Export,Customs Hold,89,59.9,5.3
MV09275,DR03632,PR00003,SR01239,CONT05091,Import,In Yard,77,33.6,0.0
MV09276,DR06952,PR00005,SR09952,CONT09897,Import,Customs Hold,94,53.5,18.1
MV09277,DR02917,PR00007,SR04344,CONT09617,Export,In Yard,113,66.2,0.0
MV09278,DR00343,PR00005,SR01289,CONT04830,Export,Loaded,87,47.0,0.0
MV09279,DR08652,PR00007,SR05975,CONT06474,Import,In Yard,105,37.6,2.1
MV09280,DR02249,PR00002,SR08290,CONT03642,Export,Gate Out,119,28.4,0.0
MV09281,DR09019,PR00002,SR07062,CONT08614,Transshipment,Loaded,92,66.9,0.0
MV09282,DR04522,PR00002,SR06953,CONT07648,Import,Gate Out,54,37.8,0.0
MV09283,DR04214,PR00006,SR09188,CONT02014,Import,Discharged,70,38.4,0.0
MV09284,DR03646,PR00001,SR07821,CONT09316,Export,Discharged,105,76.9,0.0
MV09285,DR00316,PR00001,SR02886,CONT00115,Export,In Yard,112,52.0,0.0
MV09286,DR00039,PR00003,SR01552,CONT08104,Transshipment,In Yard,71,59.9,0.0
MV09287,DR05981,PR00002,SR06163,CONT04065,Export,Discharged,99,62.8,0.0
MV09288,DR02313,PR00004,SR05755,CONT07172,Import,Discharged,104,28.2,0.0
MV09289,DR03329,PR00006,SR07995,CONT04724,Export,Loaded,70,63.5,0.0
MV09290,DR00536,PR00001,SR00164,CONT01069,Export,Loaded,43,57.7,0.0
MV09291,DR06783,PR00004,SR09193,CONT01595,Import,Loaded,60,34.7,0.0
MV09292,DR02330,PR00001,SR06419,CONT01293,Import,In Yard,107,55.8,0.0
MV09293,DR00289,PR00002,SR08434,CONT08113,Export,Customs Hold,80,48.1,9.5
MV09294,DR05140,PR00002,SR02113,CONT08610,Import,Loaded,23,30.3,0.0
MV09295,DR02914,PR00004,SR04491,CONT09531,Transshipment,Gate Out,87,54.4,3.0
MV09296,DR03617,PR00004,SR00279,CONT06349,Import,Loaded,89,40.2,0.0
MV09297,DR07074,PR00004,SR07729,CONT05148,Import,Loaded,69,76.2,0.0
MV09298,DR08250,PR00006,SR09963,CONT06870,Transshipment,Gate Out,119,55.6,1.5
MV09299,DR07684,PR00001,SR00588,CONT03111,Import,Gate Out,132,53.4,0.0
MV09300,DR03784,PR00005,SR00714,CONT07254,Import,In Yard,82,26.8,0.0
MV09301,DR01258,PR00004,SR01314,CONT03853,Import,In Yard,76,47.6,0.0
MV09302,DR03995,PR00001,SR02905,CONT01086,Transshipment,In Yard,55,57.9,0.0
MV09303,DR01853,PR00002,SR03715,CONT07406,Transshipment,Discharged,94,31.9,0.0
MV09304,DR03151,PR00001,SR03821,CONT02876,Import,Discharged,43,27.2,0.0
MV09305,DR09726,PR00001,SR02427,CONT02345,Export,In Yard,118,34.8,0.0
MV09306,DR01566,PR00002,SR04634,CONT07495,Export,Discharged,85,26.5,0.0
MV09307,DR01129,PR00002,SR05605,CONT01810,Import,Gate Out,88,28.7,0.0
MV09308,DR02020,PR00007,SR03640,CONT09695,Import,Loaded,96,64.4,0.0
MV09309,DR03760,PR00006,SR03918,CONT00003,Export,In Yard,119,37.0,0.0
MV09310,DR09271,PR00004,SR07625,CONT09512,Import,Discharged,76,15.3,0.0
MV09311,DR04825,PR00005,SR06299,CONT02336,Export,Gate Out,46,33.1,0.0
MV09312,DR05084,PR00007,SR02553,CONT01318,Import,Discharged,70,43.7,1.3
MV09313,DR01488,PR00003,SR06745,CONT02470,Export,Gate Out,103,56.5,0.0
MV09314,DR09123,PR00003,SR01732,CONT05476,Import,Discharged,107,37.5,0.0
MV09315,DR08217,PR00004,SR07597,CONT07954,Import,Customs Hold,130,42.9,15.9
MV09316,DR05990,PR00007,SR05475,CONT01100,Import,Discharged,61,54.0,0.0
MV09317,DR02146,PR00006,SR04266,CONT00162,Transshipment,Discharged,94,55.3,0.0
MV09318,DR03445,PR00001,SR04594,CONT05886,Import,In Yard,76,54.2,0.0
MV09319,DR05689,PR00005,SR01270,CONT05759,Import,Gate Out,93,56.2,0.0
MV09320,DR09892,PR00002,SR03088,CONT05981,Import,In Yard,80,15.9,0.0
MV09321,DR05989,PR00002,SR01256,CONT00356,Import,Discharged,72,30.1,0.0
MV09322,DR00674,PR00004,SR02181,CONT01950,Export,Gate Out,59,62.8,0.0
MV09323,DR00970,PR00005,SR02579,CONT05226,Import,Loaded,19,67.0,0.0
MV09324,DR09244,PR00001,SR06731,CONT09832,Export,In Yard,54,38.9,0.0
MV09325,DR07094,PR00002,SR07102,CONT07285,Export,Loaded,76,41.2,0.0
MV09326,DR04191,PR00005,SR09491,CONT02555,Export,In Yard,105,37.0,0.0
MV09327,DR09643,PR00001,SR01451,CONT02218,Export,Loaded,73,54.5,0.0
MV09328,DR07917,PR00006,SR00798,CONT08737,Import,Discharged,86,33.7,0.0
MV09329,DR04559,PR00003,SR04305,CONT00699,Export,Gate Out,43,64.5,0.0
MV09330,DR08038,PR00004,SR02081,CONT09755,Export,Discharged,57,37.4,0.0
MV09331,DR00162,PR00001,SR02930,CONT09782,Transshipment,Loaded,79,30.8,0.0
MV09332,DR03068,PR00007,SR08868,CONT09740,Transshipment,In Yard,125,25.8,0.0
MV09333,DR07571,PR00007,SR00224,CONT02566,Export,Discharged,90,41.5,0.0
MV09334,DR00791,PR00001,SR02217,CONT07258,Import,Gate Out,25,32.4,0.0
MV09335,DR00905,PR00004,SR02191,CONT00713,Import,Loaded,100,46.4,0.0
MV09336,DR07882,PR00006,SR03534,CONT07684,Export,Discharged,118,51.6,0.0
MV09337,DR06959,PR00001,SR07968,CONT09708,Transshipment,Loaded,97,64.0,0.0
MV09338,DR07357,PR00004,SR05834,CONT03360,Import,In Yard,35,46.5,0.0
MV09339,DR09605,PR00006,SR04401,CONT04507,Export,Gate Out,85,44.0,0.0
MV09340,DR02656,PR00003,SR00042,CONT03889,Import,Gate Out,75,53.8,0.0
MV09341,DR00227,PR00007,SR08746,CONT07598,Import,Gate Out,70,31.1,0.0
MV09342,DR08467,PR00001,SR00303,CONT09661,Import,Loaded,61,49.3,0.0
MV09343,DR05107,PR00007,SR01175,CONT02027,Import,In Yard,119,60.0,0.0
MV09344,DR05529,PR00007,SR01965,CONT00767,Export,In Yard,47,64.5,0.0
MV09345,DR08101,PR00001,SR04146,CONT05142,Import,In Yard,41,20.2,0.0
MV09346,DR07636,PR00003,SR08217,CONT05003,Export,Loaded,69,31.7,0.0
MV09347,DR06956,PR00004,SR08353,CONT05719,Export,Gate Out,83,32.0,1.4
MV09348,DR04752,PR00006,SR00434,CONT02446,Export,Discharged,66,53.7,0.0
MV09349,DR04025,PR00001,SR05828,CONT00711,Import,Discharged,73,44.9,0.0
MV09350,DR00923,PR00002,SR06745,CONT01731,Import,Customs Hold,94,54.9,7.6
MV09351,DR09270,PR00006,SR05781,CONT01421,Export,Loaded,90,18.1,0.0
MV09352,DR00858,PR00003,SR03993,CONT02931,Export,In Yard,56,56.1,0.0
MV09353,DR08537,PR00004,SR03948,CONT07635,Import,Discharged,101,53.6,5.2
MV09354,DR06733,PR00004,SR01861,CONT07885,Import,Loaded,79,53.7,0.0
MV09355,DR03486,PR00007,SR05278,CONT05442,Transshipment,Loaded,114,53.8,0.0
MV09356,DR09990,PR00001,SR02269,CONT06804,Import,In Yard,102,35.8,0.0
MV09357,DR04467,PR00007,SR09991,CONT06788,Import,Gate Out,126,61.7,0.0
MV09358,DR07752,PR00004,SR03474,CONT04695,Transshipment,Discharged,50,39.5,2.8
MV09359,DR04074,PR00007,SR05764,CONT01654,Export,In Yard,106,55.8,0.0
MV09360,DR04606,PR00001,SR05870,CONT04363,Import,Gate Out,92,48.4,0.0
MV09361,DR09169,PR00004,SR01479,CONT04471,Export,Gate Out,81,45.2,0.0
MV09362,DR08758,PR00006,SR07860,CONT03264,Import,Discharged,95,35.8,0.0
MV09363,DR04411,PR00006,SR02484,CONT00245,Export,In Yard,89,43.1,0.0
MV09364,DR04858,PR00001,SR05421,CONT07599,Export,Gate Out,66,65.1,0.0
MV09365,DR00539,PR00003,SR04832,CONT01005,Export,Discharged,78,35.8,0.0
MV09366,DR05678,PR00001,SR03302,CONT01445,Transshipment,Discharged,113,47.2,0.0
MV09367,DR09690,PR00001,SR00409,CONT08657,Export,In Yard,79,50.8,0.0
MV09368,DR03341,PR00005,SR03150,CONT02278,Import,Loaded,83,77.6,0.0
MV09369,DR03460,PR00007,SR05046,CONT09854,Export,Discharged,103,45.7,0.0
MV09370,DR06788,PR00004,SR07703,CONT04393,Export,Discharged,67,26.5,0.0
MV09371,DR04717,PR00001,SR03642,CONT04046,Export,Loaded,84,46.7,0.0
MV09372,DR05699,PR00002,SR00338,CONT01719,Import,Loaded,109,36.9,0.0
MV09373,DR03094,PR00003,SR09834,CONT07047,Import,Loaded,90,50.8,4.6
MV09374,DR09405,PR00001,SR01958,CONT05610,Transshipment,Gate Out,49,43.9,0.0
MV09375,DR03776,PR00006,SR04993,CONT03687,Import,In Yard,97,47.3,0.0
MV09376,DR03959,PR00001,SR05861,CONT03048,Export,In Yard,130,38.5,0.0
MV09377,DR09919,PR00001,SR00384,CONT07190,Export,Customs Hold,14,44.6,9.5
MV09378,DR04927,PR00005,SR06225,CONT06890,Import,In Yard,70,64.2,0.0
MV09379,DR07370,PR00001,SR09190,CONT08952,Import,Discharged,82,36.6,0.0
MV09380,DR01732,PR00003,SR06720,CONT00106,Import,In Yard,119,51.2,0.0
MV09381,DR02812,PR00003,SR07717,CONT00557,Import,In Yard,88,28.4,0.0
MV09382,DR07719,PR00001,SR01661,CONT05162,Export,Discharged,61,47.5,0.0
MV09383,DR02723,PR00004,SR04317,CONT01706,Import,Loaded,95,39.4,1.4
MV09384,DR09832,PR00003,SR09974,CONT09852,Import,Loaded,43,38.0,0.0
MV09385,DR00878,PR00004,SR05521,CONT05126,Export,In Yard,97,66.9,0.0
MV09386,DR09783,PR00002,SR09064,CONT08077,Export,Gate Out,100,30.9,0.0
MV09387,DR06811,PR00002,SR06921,CONT08066,Import,In Yard,81,54.8,0.0
MV09388,DR04775,PR00004,SR06572,CONT01218,Import,Discharged,59,43.0,0.0
MV09389,DR01610,PR00001,SR05480,CONT04913,Export,Discharged,120,45.6,0.0
MV09390,DR05295,PR00001,SR02790,CONT03271,Export,Loaded,105,32.7,0.0
MV09391,DR03856,PR00002,SR06909,CONT06509,Export,Loaded,55,43.1,4.6
MV09392,DR02996,PR00001,SR07926,CONT08676,Import,Gate Out,74,70.2,0.0
MV09393,DR05834,PR00001,SR04549,CONT04023,Export,Discharged,48,5.0,0.0
MV09394,DR09707,PR00007,SR05288,CONT00698,Export,In Yard,79,19.6,0.0
MV09395,DR06985,PR00003,SR06374,CONT00279,Export,In Yard,100,42.7,0.0
MV09396,DR01155,PR00003,SR07586,CONT07067,Transshipment,Loaded,63,51.3,0.0
MV09397,DR09717,PR00002,SR05050,CONT01649,Export,Discharged,64,59.7,0.0
MV09398,DR07780,PR00001,SR03596,CONT00755,Import,Loaded,61,45.9,0.0
MV09399,DR07745,PR00005,SR00017,CONT05692,Export,Gate Out,98,20.7,0.0
MV09400,DR05602,PR00005,SR05435,CONT02506,Export,Loaded,92,54.0,0.0
MV09401,DR00653,PR00007,SR06923,CONT05543,Import,Gate Out,129,48.8,0.0
MV09402,DR06454,PR00001,SR00776,CONT09836,Import,In Yard,94,57.5,0.0
MV09403,DR06153,PR00001,SR08205,CONT03731,Import,Gate Out,40,24.7,0.0
MV09404,DR06325,PR00005,SR05454,CONT08854,Transshipment,Loaded,65,28.1,0.0
MV09405,DR03764,PR00002,SR06488,CONT01877,Export,Loaded,64,35.6,0.0
MV09406,DR04364,PR00001,SR00392,CONT03943,Export,Loaded,72,48.4,0.0
MV09407,DR05558,PR00002,SR06103,CONT01782,Export,Discharged,14,40.5,0.0
MV09408,DR05204,PR00001,SR02456,CONT06755,Export,Gate Out,40,34.2,0.0
MV09409,DR08168,PR00006,SR08840,CONT02173,Export,Loaded,83,41.5,0.0
MV09410,DR06975,PR00006,SR08537,CONT04620,Import,In Yard,77,41.8,0.0
MV09411,DR05020,PR00004,SR04477,CONT01768,Import,In Yard,91,65.8,0.0
MV09412,DR09511,PR00003,SR08158,CONT00418,Export,Loaded,67,70.2,0.0
MV09413,DR01793,PR00005,SR04844,CONT09962,Export,Discharged,73,55.5,0.0
MV09414,DR04084,PR00004,SR04164,CONT08380,Export,In Yard,58,55.8,0.0
MV09415,DR02814,PR00006,SR06833,CONT07000,Transshipment,Gate Out,108,38.0,0.0
MV09416,DR04459,PR00003,SR04121,CONT07889,Export,Gate Out,70,58.6,0.0
MV09417,DR01758,PR00007,SR03113,CONT00989,Import,Discharged,102,42.5,0.0
MV09418,DR01757,PR00002,SR01683,CONT09599,Import,Gate Out,76,25.0,0.0
MV09419,DR06305,PR00004,SR03887,CONT06344,Import,Loaded,95,61.5,0.0
MV09420,DR06733,PR00006,SR08298,CONT00828,Export,Loaded,108,50.7,0.0
MV09421,DR04867,PR00006,SR00792,CONT09268,Export,In Yard,102,71.6,0.0
MV09422,DR09183,PR00007,SR01963,CONT02028,Import,Loaded,68,55.7,0.0
MV09423,DR04718,PR00003,SR00775,CONT02676,Export,In Yard,91,32.2,0.0
MV09424,DR05324,PR00005,SR00712,CONT02894,Export,Discharged,94,50.4,0.0
MV09425,DR02220,PR00002,SR07873,CONT01774,Import,Loaded,82,27.8,0.0
MV09426,DR02397,PR00004,SR06523,CONT06166,Export,Gate Out,99,66.9,0.0
MV09427,DR05200,PR00001,SR08702,CONT06451,Import,In Yard,104,43.1,0.0
MV09428,DR04631,PR00003,SR09056,CONT09602,Export,Loaded,99,30.4,0.0
MV09429,DR02892,PR00007,SR06935,CONT07759,Export,Loaded,64,18.6,0.0
MV09430,DR04744,PR00006,SR08900,CONT08281,Import,Loaded,119,64.7,0.0
MV09431,DR02610,PR00003,SR07292,CONT03097,Export,In Yard,96,42.5,0.0
MV09432,DR02374,PR00001,SR09207,CONT08800,Export,Discharged,62,30.6,0.0
MV09433,DR03497,PR00003,SR07329,CONT07729,Import,Gate Out,87,51.3,0.0
MV09434,DR05574,PR00001,SR01660,CONT09826,Export,Loaded,98,28.5,0.0
MV09435,DR06216,PR00001,SR00643,CONT01678,Export,Loaded,103,26.3,0.0
MV09436,DR06164,PR00007,SR09478,CONT07407,Export,Discharged,102,55.5,0.0
MV09437,DR05580,PR00003,SR06578,CONT07743,Import,Loaded,95,36.9,0.0
MV09438,DR02546,PR00001,SR00845,CONT05049,Import,In Yard,33,33.0,0.0
MV09439,DR05004,PR00005,SR05882,CONT06367,Import,Discharged,92,38.8,0.0
MV09440,DR04537,PR00001,SR07843,CONT02127,Import,Gate Out,91,20.3,0.0
MV09441,DR08749,PR00003,SR06842,CONT07249,Export,Loaded,101,21.7,0.0
MV09442,DR06511,PR00002,SR06589,CONT03141,Transshipment,Gate Out,88,48.8,0.0
MV09443,DR04423,PR00001,SR09298,CONT09927,Import,In Yard,77,60.3,0.0
MV09444,DR09079,PR00003,SR03658,CONT06182,Export,Gate Out,85,51.7,0.0
MV09445,DR07008,PR00005,SR05643,CONT00283,Export,Loaded,82,42.3,0.0
MV09446,DR00896,PR00003,SR07497,CONT09396,Export,Discharged,60,65.5,0.0
MV09447,DR00228,PR00006,SR03754,CONT02654,Export,Gate Out,164,46.5,0.0
MV09448,DR08976,PR00007,SR03146,CONT04709,Import,Loaded,101,61.6,0.0
MV09449,DR05120,PR00006,SR05128,CONT07674,Export,Gate Out,101,35.1,0.0
MV09450,DR01336,PR00007,SR00001,CONT04994,Import,In Yard,83,35.6,0.0
MV09451,DR01325,PR00007,SR01972,CONT04579,Import,Discharged,89,63.5,0.0
MV09452,DR04935,PR00006,SR02879,CONT05272,Export,Loaded,108,57.1,0.0
MV09453,DR03926,PR00002,SR02135,CONT03492,Import,In Yard,74,55.7,0.0
MV09454,DR08805,PR00001,SR08348,CONT08247,Import,Customs Hold,74,20.6,15.1
MV09455,DR05337,PR00005,SR04157,CONT05799,Import,Loaded,61,57.4,0.0
MV09456,DR09202,PR00006,SR03047,CONT06511,Import,In Yard,66,50.3,0.0
MV09457,DR01926,PR00006,SR09530,CONT09229,Import,Customs Hold,109,46.3,16.7
MV09458,DR07908,PR00004,SR03311,CONT05004,Import,Gate Out,111,58.1,2.0
MV09459,DR00698,PR00006,SR04256,CONT00289,Import,In Yard,44,55.8,0.0
MV09460,DR00937,PR00005,SR04470,CONT06090,Export,In Yard,76,36.4,0.0
MV09461,DR01545,PR00004,SR08805,CONT02259,Export,Gate Out,42,33.0,0.0
MV09462,DR03146,PR00001,SR04949,CONT01538,Transshipment,Discharged,101,40.2,0.0
MV09463,DR03835,PR00003,SR06551,CONT09792,Transshipment,Gate Out,100,18.1,0.0
MV09464,DR01931,PR00001,SR00988,CONT00263,Export,Gate Out,41,40.3,0.0
MV09465,DR00571,PR00001,SR00324,CONT07131,Export,Customs Hold,122,57.8,13.5
MV09466,DR05209,PR00004,SR08475,CONT03351,Import,In Yard,72,45.9,0.0
MV09467,DR00891,PR00001,SR07194,CONT08797,Import,In Yard,88,50.2,0.0
MV09468,DR03909,PR00007,SR01854,CONT09786,Transshipment,Gate Out,99,66.3,0.0
MV09469,DR03090,PR00003,SR00774,CONT01244,Transshipment,In Yard,57,37.7,0.0
MV09470,DR09186,PR00005,SR03133,CONT06573,Export,In Yard,81,27.6,0.0
MV09471,DR01143,PR00001,SR03343,CONT01049,Export,Loaded,83,37.7,0.0
MV09472,DR02390,PR00006,SR04088,CONT00836,Import,Gate Out,82,60.4,0.0
MV09473,DR09435,PR00003,SR01559,CONT07595,Import,Gate Out,42,41.7,0.0
MV09474,DR08478,PR00004,SR01606,CONT05224,Export,Discharged,122,43.7,0.0
MV09475,DR08355,PR00004,SR02857,CONT03701,Import,Loaded,97,58.7,0.0
MV09476,DR03579,PR00003,SR08015,CONT01392,Export,Discharged,65,48.0,0.0
MV09477,DR04072,PR00004,SR03995,CONT05468,Export,Loaded,135,45.7,0.0
MV09478,DR08714,PR00005,SR05119,CONT07044,Export,Gate Out,61,45.5,0.0
MV09479,DR01589,PR00006,SR03965,CONT09354,Export,Gate Out,76,43.4,0.0
MV09480,DR02578,PR00002,SR06234,CONT05778,Import,In Yard,93,53.5,0.0
MV09481,DR01539,PR00007,SR03223,CONT09466,Import,Discharged,100,37.3,0.0
MV09482,DR04184,PR00002,SR03770,CONT06781,Export,In Yard,72,47.8,0.0
MV09483,DR01391,PR00002,SR09655,CONT04170,Export,Loaded,25,48.8,0.0
MV09484,DR03845,PR00002,SR08074,CONT07571,Transshipment,In Yard,80,44.6,0.0
MV09485,DR03919,PR00002,SR08273,CONT05488,Import,Gate Out,74,48.7,0.0
MV09486,DR07620,PR00002,SR04521,CONT04109,Import,Gate Out,87,46.4,0.0
MV09487,DR02818,PR00006,SR02231,CONT00610,Import,In Yard,69,52.4,0.0
MV09488,DR06207,PR00004,SR09724,CONT02513,Export,Loaded,65,39.8,0.0
MV09489,DR05775,PR00007,SR06270,CONT04565,Import,In Yard,96,49.3,0.0
MV09490,DR09425,PR00001,SR08974,CONT00818,Import,Gate Out,86,34.3,0.0
MV09491,DR03350,PR00004,SR09809,CONT06929,Import,Gate Out,84,45.0,0.0
MV09492,DR01593,PR00001,SR05414,CONT09347,Import,Discharged,107,17.9,0.0
MV09493,DR00985,PR00003,SR01739,CONT08389,Export,In Yard,78,47.4,3.6
MV09494,DR10000,PR00003,SR08126,CONT00142,Import,Gate Out,70,49.0,0.0
MV09495,DR03135,PR00005,SR00142,CONT05604,Export,Discharged,80,43.1,3.3
MV09496,DR00900,PR00005,SR00436,CONT07388,Export,In Yard,58,58.0,0.0
MV09497,DR01556,PR00002,SR05249,CONT06704,Import,In Yard,52,56.9,0.0
MV09498,DR05354,PR00001,SR08137,CONT09038,Import,Discharged,96,45.8,4.0
MV09499,DR05293,PR00003,SR04604,CONT05605,Import,Loaded,102,36.0,0.0
MV09500,DR02074,PR00002,SR00741,CONT04856,Import,Gate Out,86,61.7,0.0
MV09501,DR05285,PR00005,SR06133,CONT09851,Export,In Yard,95,59.6,0.0
MV09502,DR04810,PR00003,SR03311,CONT00103,Transshipment,Loaded,73,44.8,0.0
MV09503,DR01495,PR00006,SR00180,CONT07028,Import,Customs Hold,88,36.7,11.1
MV09504,DR07635,PR00007,SR03858,CONT06781,Import,Loaded,92,49.9,3.0
MV09505,DR00729,PR00003,SR01556,CONT01293,Export,Discharged,111,41.0,0.0
MV09506,DR04789,PR00007,SR00407,CONT02309,Export,In Yard,89,37.5,0.0
MV09507,DR06458,PR00005,SR02920,CONT08485,Import,Loaded,70,52.7,0.0
MV09508,DR08563,PR00001,SR04108,CONT02963,Export,In Yard,92,33.3,0.0
MV09509,DR02386,PR00006,SR08155,CONT04046,Import,Discharged,61,55.3,0.0
MV09510,DR07058,PR00003,SR04649,CONT05533,Import,In Yard,118,52.7,0.0
MV09511,DR05552,PR00005,SR08686,CONT03538,Transshipment,In Yard,113,44.6,0.0
MV09512,DR05114,PR00005,SR07639,CONT01600,Export,In Yard,102,49.5,0.0
MV09513,DR07383,PR00006,SR08215,CONT00963,Import,Gate Out,91,27.5,0.0
MV09514,DR09429,PR00005,SR02166,CONT03382,Transshipment,In Yard,94,28.8,0.0
MV09515,DR05626,PR00006,SR05174,CONT03380,Import,Discharged,117,76.0,0.0
MV09516,DR08091,PR00002,SR01623,CONT06638,Import,Loaded,109,45.5,0.0
MV09517,DR07547,PR00007,SR08953,CONT07825,Transshipment,Loaded,111,30.5,0.0
MV09518,DR09505,PR00004,SR07765,CONT06929,Export,In Yard,39,50.4,0.0
MV09519,DR07481,PR00005,SR09857,CONT00717,Export,Loaded,71,26.7,0.0
MV09520,DR05404,PR00006,SR00686,CONT09024,Import,Customs Hold,94,53.0,14.2
MV09521,DR05292,PR00001,SR01883,CONT04774,Import,Discharged,71,65.2,0.0
MV09522,DR09347,PR00002,SR06198,CONT06634,Transshipment,Gate Out,106,36.7,0.0
MV09523,DR00496,PR00006,SR04155,CONT06595,Import,Discharged,132,68.6,0.0
MV09524,DR01428,PR00007,SR04506,CONT00743,Export,Customs Hold,114,58.5,16.5
MV09525,DR03904,PR00005,SR07344,CONT05206,Export,Loaded,74,60.5,0.0
MV09526,DR09390,PR00003,SR05956,CONT01105,Import,Loaded,65,50.6,3.4
MV09527,DR09550,PR00002,SR01485,CONT09781,Export,Gate Out,49,32.6,0.0
MV09528,DR05093,PR00003,SR08510,CONT07910,Transshipment,Discharged,66,11.9,0.0
MV09529,DR07117,PR00003,SR06626,CONT07669,Export,Discharged,102,34.7,0.0
MV09530,DR00047,PR00006,SR07531,CONT05488,Import,Gate Out,87,37.0,0.0
MV09531,DR01872,PR00004,SR08185,CONT09700,Export,Loaded,137,63.4,0.0
MV09532,DR08106,PR00003,SR02446,CONT01465,Import,Customs Hold,90,62.8,8.0
MV09533,DR06908,PR00003,SR03396,CONT06902,Import,Gate Out,90,32.8,0.0
MV09534,DR08929,PR00007,SR07616,CONT06030,Transshipment,Discharged,73,58.9,4.4
MV09535,DR08501,PR00004,SR08425,CONT01457,Transshipment,Gate Out,85,40.4,0.0
MV09536,DR05587,PR00002,SR02437,CONT02312,Import,Loaded,106,30.7,0.0
MV09537,DR09611,PR00003,SR02280,CONT05878,Export,Gate Out,91,29.0,0.0
MV09538,DR04459,PR00003,SR00068,CONT00591,Transshipment,In Yard,73,43.4,0.0
MV09539,DR06157,PR00002,SR07106,CONT06359,Export,In Yard,108,37.9,0.0
MV09540,DR08787,PR00005,SR02911,CONT02712,Import,Gate Out,67,61.1,0.0
MV09541,DR07742,PR00002,SR02230,CONT01511,Import,Discharged,91,31.7,0.0
MV09542,DR00514,PR00003,SR00587,CONT03062,Export,Customs Hold,68,48.5,12.0
MV09543,DR09697,PR00003,SR04794,CONT07519,Transshipment,Loaded,121,33.2,0.0
MV09544,DR08482,PR00003,SR09153,CONT04517,Import,Loaded,89,58.4,0.0
MV09545,DR07100,PR00004,SR07404,CONT01431,Import,In Yard,34,46.0,0.0
MV09546,DR07076,PR00005,SR00885,CONT09578,Export,Gate Out,71,49.8,0.0
MV09547,DR01660,PR00001,SR00664,CONT08640,Export,Gate Out,28,29.3,0.0
MV09548,DR06023,PR00002,SR00070,CONT05332,Transshipment,In Yard,107,34.1,0.0
MV09549,DR00386,PR00005,SR01991,CONT03104,Export,In Yard,127,56.5,0.0
MV09550,DR05866,PR00007,SR06887,CONT09769,Export,Customs Hold,69,76.5,10.3
MV09551,DR05628,PR00001,SR01377,CONT05441,Transshipment,Loaded,79,32.4,0.0
MV09552,DR02755,PR00001,SR06957,CONT04817,Export,Gate Out,30,29.6,0.0
MV09553,DR01880,PR00007,SR01059,CONT04903,Export,Customs Hold,84,37.0,6.7
MV09554,DR01977,PR00001,SR08475,CONT06171,Import,In Yard,73,24.3,5.4
MV09555,DR06279,PR00007,SR01104,CONT07117,Import,Loaded,82,27.2,0.0
MV09556,DR05828,PR00006,SR08528,CONT07233,Import,Gate Out,52,34.0,0.0
MV09557,DR02711,PR00001,SR03924,CONT08006,Export,Loaded,70,30.9,0.0
MV09558,DR03525,PR00001,SR07271,CONT02338,Import,In Yard,67,64.4,0.0
MV09559,DR04950,PR00007,SR06479,CONT06670,Import,Discharged,160,67.9,0.0
MV09560,DR02577,PR00002,SR03191,CONT08580,Transshipment,Loaded,85,24.8,0.0
MV09561,DR06127,PR00003,SR09609,CONT01880,Export,Discharged,141,57.0,3.9
MV09562,DR05745,PR00002,SR06285,CONT00033,Export,Loaded,90,31.1,0.0
MV09563,DR04451,PR00004,SR00326,CONT00006,Export,In Yard,127,47.4,0.0
MV09564,DR05425,PR00006,SR06756,CONT07147,Import,Loaded,114,53.7,0.0
MV09565,DR06804,PR00004,SR02111,CONT03929,Import,Gate Out,74,73.9,0.0
MV09566,DR03253,PR00001,SR05537,CONT05764,Export,Discharged,76,45.5,0.0
MV09567,DR03383,PR00004,SR01623,CONT03397,Export,In Yard,107,29.3,0.0
MV09568,DR06405,PR00004,SR03383,CONT07884,Import,Discharged,120,58.2,0.0
MV09569,DR05171,PR00002,SR05678,CONT04869,Import,Gate Out,79,56.3,0.0
MV09570,DR00480,PR00005,SR01023,CONT09553,Import,Discharged,77,51.6,0.0
MV09571,DR09426,PR00004,SR06441,CONT05437,Export,Gate Out,58,25.6,0.0
MV09572,DR09116,PR00001,SR00828,CONT07289,Import,Gate Out,62,39.6,3.2
MV09573,DR05602,PR00007,SR09768,CONT04524,Import,Discharged,68,48.8,0.0
MV09574,DR01400,PR00003,SR09514,CONT03213,Import,Gate Out,111,72.0,0.0
MV09575,DR09862,PR00002,SR02064,CONT01622,Export,Discharged,49,43.5,0.0
MV09576,DR08812,PR00001,SR05941,CONT09410,Export,In Yard,74,68.3,0.0
MV09577,DR05881,PR00003,SR05871,CONT06284,Import,Loaded,50,27.8,0.0
MV09578,DR04558,PR00002,SR04102,CONT01637,Import,Gate Out,84,38.7,0.0
MV09579,DR07045,PR00002,SR03835,CONT00190,Import,In Yard,84,32.5,3.6
MV09580,DR07693,PR00006,SR03469,CONT04669,Export,In Yard,88,60.2,0.0
MV09581,DR05419,PR00004,SR04532,CONT07192,Import,Discharged,83,53.3,0.0
MV09582,DR06410,PR00001,SR02295,CONT00399,Transshipment,Gate Out,117,49.1,0.0
MV09583,DR06518,PR00005,SR03998,CONT03990,Import,Discharged,62,41.2,0.0
MV09584,DR05415,PR00005,SR04008,CONT05063,Export,In Yard,120,55.4,0.0
MV09585,DR05950,PR00003,SR00086,CONT03582,Import,In Yard,70,25.0,0.0
MV09586,DR08681,PR00007,SR08443,CONT06233,Export,Loaded,92,49.7,0.0
MV09587,DR02182,PR00002,SR00490,CONT08614,Export,Discharged,83,43.2,0.0
MV09588,DR01688,PR00001,SR06801,CONT07628,Import,In Yard,74,43.8,0.0
MV09589,DR02384,PR00001,SR01940,CONT04590,Import,Discharged,68,31.5,0.0
MV09590,DR09877,PR00002,SR00494,CONT01940,Import,In Yard,108,28.5,0.0
MV09591,DR08288,PR00003,SR08372,CONT07597,Export,In Yard,80,24.2,3.0
MV09592,DR08165,PR00001,SR07152,CONT09964,Transshipment,Customs Hold,76,47.6,13.1
MV09593,DR07648,PR00004,SR03197,CONT03207,Export,Gate Out,102,30.7,0.0
MV09594,DR09308,PR00007,SR05756,CONT03201,Export,In Yard,70,62.0,0.0
MV09595,DR05554,PR00006,SR09619,CONT04414,Import,In Yard,94,51.7,0.0
MV09596,DR09684,PR00005,SR05340,CONT05407,Import,In Yard,79,51.5,0.0
MV09597,DR00071,PR00004,SR06445,CONT08909,Export,Discharged,98,28.9,0.0
MV09598,DR01960,PR00005,SR03383,CONT09293,Import,Loaded,126,74.2,0.0
MV09599,DR06979,PR00003,SR01338,CONT02167,Import,Loaded,110,77.9,0.0
MV09600,DR09721,PR00003,SR09970,CONT05602,Import,Loaded,85,45.4,0.0
MV09601,DR02570,PR00002,SR09536,CONT03345,Import,In Yard,69,44.6,0.0
MV09602,DR05721,PR00001,SR02932,CONT02963,Transshipment,Customs Hold,62,33.8,12.6
MV09603,DR01075,PR00004,SR03370,CONT05200,Import,Gate Out,63,51.6,0.0
MV09604,DR05978,PR00003,SR09166,CONT04172,Import,Discharged,87,55.3,0.0
MV09605,DR08151,PR00001,SR07469,CONT09356,Import,Gate Out,66,18.9,0.0
MV09606,DR02841,PR00002,SR00778,CONT02535,Import,In Yard,77,26.8,0.0
MV09607,DR05936,PR00006,SR04992,CONT08565,Import,Gate Out,82,48.6,0.0
MV09608,DR01908,PR00002,SR01782,CONT00153,Import,Discharged,44,45.6,0.0
MV09609,DR03729,PR00003,SR03424,CONT06675,Import,Loaded,116,46.9,0.0
MV09610,DR01733,PR00001,SR05407,CONT02443,Import,In Yard,87,19.9,0.0
MV09611,DR03244,PR00001,SR09026,CONT04028,Export,In Yard,43,45.2,0.0
MV09612,DR00318,PR00005,SR01575,CONT07298,Export,Discharged,119,73.7,0.0
MV09613,DR00960,PR00001,SR06348,CONT05238,Export,Loaded,78,14.2,0.0
MV09614,DR03642,PR00002,SR08853,CONT00583,Import,Loaded,72,53.7,0.0
MV09615,DR00659,PR00007,SR05968,CONT03677,Import,Gate Out,77,68.8,0.0
MV09616,DR08193,PR00003,SR05645,CONT07601,Transshipment,Gate Out,77,49.3,0.0
MV09617,DR00144,PR00004,SR07558,CONT06969,Import,In Yard,98,47.5,0.0
MV09618,DR07380,PR00004,SR06528,CONT06606,Import,Gate Out,103,58.2,0.0
MV09619,DR04440,PR00001,SR00356,CONT02625,Import,Gate Out,41,36.9,0.0
MV09620,DR00322,PR00003,SR06457,CONT07657,Import,In Yard,41,44.0,0.0
MV09621,DR01042,PR00003,SR02642,CONT03590,Export,In Yard,97,48.1,0.0
MV09622,DR08112,PR00002,SR05949,CONT03667,Export,Loaded,87,48.9,0.0
MV09623,DR09193,PR00002,SR01661,CONT09760,Import,Customs Hold,75,31.6,13.7
MV09624,DR05574,PR00004,SR05891,CONT05850,Export,In Yard,84,34.5,0.0
MV09625,DR01061,PR00001,SR07428,CONT09584,Import,Gate Out,69,63.1,0.0
MV09626,DR02949,PR00001,SR09447,CONT08698,Import,In Yard,84,37.9,0.0
MV09627,DR02632,PR00004,SR05229,CONT04108,Export,Loaded,94,21.1,0.0
MV09628,DR04965,PR00003,SR05697,CONT04440,Export,Gate Out,23,82.7,0.0
MV09629,DR02516,PR00004,SR08627,CONT05409,Import,In Yard,89,34.8,0.0
MV09630,DR00191,PR00001,SR05225,CONT07824,Import,Loaded,57,30.5,0.0
MV09631,DR03171,PR00005,SR05017,CONT03383,Export,Discharged,83,38.8,3.6
MV09632,DR04425,PR00006,SR01105,CONT08416,Import,Discharged,81,47.7,0.0
MV09633,DR07636,PR00003,SR07792,CONT04498,Transshipment,Gate Out,94,33.1,0.0
MV09634,DR02892,PR00006,SR05194,CONT06885,Export,Gate Out,102,70.9,0.0
MV09635,DR01431,PR00003,SR02458,CONT01277,Import,Gate Out,83,34.4,0.0
MV09636,DR06138,PR00001,SR05760,CONT05920,Export,In Yard,66,32.4,0.0
MV09637,DR08231,PR00003,SR04136,CONT08317,Import,In Yard,69,5.0,0.0
MV09638,DR07983,PR00003,SR03569,CONT00925,Import,Gate Out,83,57.2,0.0
MV09639,DR02948,PR00006,SR04956,CONT00729,Transshipment,Gate Out,83,37.8,0.0
MV09640,DR05338,PR00002,SR05803,CONT06839,Export,In Yard,97,44.4,0.0
MV09641,DR02262,PR00002,SR07964,CONT09320,Export,Discharged,68,33.4,1.7
MV09642,DR06236,PR00006,SR07966,CONT05646,Export,In Yard,45,42.7,0.0
MV09643,DR09451,PR00002,SR03564,CONT08100,Import,In Yard,73,41.1,0.0
MV09644,DR09789,PR00004,SR07439,CONT02563,Export,In Yard,58,58.5,0.0
MV09645,DR00638,PR00002,SR02199,CONT01506,Transshipment,Gate Out,121,43.7,0.0
MV09646,DR07320,PR00007,SR08777,CONT05217,Export,Loaded,104,32.4,0.0
MV09647,DR07478,PR00001,SR02302,CONT04900,Import,In Yard,78,69.2,0.0
MV09648,DR01980,PR00005,SR06359,CONT05865,Import,Gate Out,123,57.6,0.0
MV09649,DR06881,PR00004,SR05921,CONT09741,Export,Gate Out,94,28.2,0.0
MV09650,DR09634,PR00007,SR00866,CONT03533,Import,In Yard,83,51.5,0.0
MV09651,DR04122,PR00007,SR08303,CONT08758,Transshipment,Gate Out,81,52.1,0.0
MV09652,DR02497,PR00006,SR05999,CONT02463,Import,Discharged,111,57.8,0.0
MV09653,DR05916,PR00001,SR09607,CONT01494,Import,In Yard,81,48.7,0.0
MV09654,DR04911,PR00003,SR01851,CONT08645,Import,Gate Out,79,50.2,0.0
MV09655,DR02831,PR00006,SR02461,CONT02095,Export,Loaded,60,53.4,0.0
MV09656,DR08277,PR00004,SR04517,CONT03139,Import,In Yard,71,48.0,0.0
MV09657,DR06278,PR00006,SR08937,CONT01184,Import,In Yard,100,55.2,0.0
MV09658,DR05185,PR00006,SR08980,CONT07296,Transshipment,Discharged,68,24.4,0.0
MV09659,DR04331,PR00002,SR08102,CONT03915,Import,Loaded,55,13.0,0.0
MV09660,DR08053,PR00001,SR00825,CONT06380,Export,Discharged,96,35.7,0.0
MV09661,DR04758,PR00002,SR09392,CONT03970,Import,In Yard,75,44.3,0.0
MV09662,DR06213,PR00005,SR07646,CONT00850,Export,In Yard,89,34.1,0.0
MV09663,DR03179,PR00003,SR03009,CONT00588,Export,In Yard,94,33.8,0.0
MV09664,DR07909,PR00001,SR03504,CONT09988,Export,In Yard,59,43.1,0.0
MV09665,DR02243,PR00005,SR09314,CONT09218,Import,Loaded,86,36.7,0.0
MV09666,DR03541,PR00001,SR07499,CONT03590,Export,In Yard,107,14.8,5.5
MV09667,DR02288,PR00003,SR04143,CONT03559,Import,Gate Out,79,19.3,0.0
MV09668,DR09772,PR00003,SR01863,CONT05222,Export,Gate Out,74,31.1,0.0
MV09669,DR03920,PR00003,SR03890,CONT01019,Import,Discharged,109,37.6,5.3
MV09670,DR04616,PR00001,SR00996,CONT03162,Export,Loaded,117,57.7,0.0
MV09671,DR09307,PR00005,SR05782,CONT06364,Import,Customs Hold,105,53.6,16.6
MV09672,DR05210,PR00006,SR07848,CONT04913,Export,Loaded,71,19.4,0.0
MV09673,DR05859,PR00005,SR03306,CONT06258,Import,In Yard,87,58.9,0.0
MV09674,DR04597,PR00007,SR06364,CONT07990,Export,Loaded,87,48.4,0.0
MV09675,DR02210,PR00002,SR08620,CONT05205,Import,Discharged,78,38.4,0.0
MV09676,DR01099,PR00001,SR09417,CONT08887,Export,In Yard,25,39.6,0.0
MV09677,DR07298,PR00001,SR01245,CONT08898,Transshipment,In Yard,88,34.9,0.0
MV09678,DR01162,PR00005,SR03748,CONT04692,Import,In Yard,63,53.3,0.0
MV09679,DR04329,PR00001,SR00724,CONT08741,Import,In Yard,50,8.7,0.0
MV09680,DR00483,PR00007,SR04611,CONT08341,Export,Loaded,45,60.4,0.0
MV09681,DR04128,PR00004,SR06867,CONT04295,Import,Gate Out,79,44.9,0.0
MV09682,DR07664,PR00006,SR06644,CONT05158,Import,Gate Out,78,46.2,0.0
MV09683,DR03814,PR00003,SR04792,CONT06497,Import,Loaded,70,49.8,0.0
MV09684,DR01730,PR00005,SR01592,CONT05071,Import,Loaded,75,38.3,0.0
MV09685,DR07293,PR00003,SR09535,CONT02351,Export,In Yard,107,65.5,0.0
MV09686,DR07898,PR00003,SR00041,CONT03481,Import,In Yard,74,31.6,0.0
MV09687,DR09662,PR00005,SR08814,CONT02241,Export,Loaded,98,29.0,0.0
MV09688,DR09184,PR00002,SR08069,CONT05770,Import,Loaded,74,45.4,0.0
MV09689,DR07204,PR00006,SR09733,CONT04941,Import,Loaded,108,31.6,0.0
MV09690,DR02221,PR00005,SR04787,CONT08787,Export,In Yard,72,32.6,0.0
MV09691,DR08042,PR00005,SR01124,CONT08855,Export,Gate Out,38,43.4,0.0
MV09692,DR01582,PR00002,SR09516,CONT00203,Export,Gate Out,67,47.1,0.0
MV09693,DR02557,PR00001,SR00352,CONT02462,Import,In Yard,88,43.5,0.0
MV09694,DR08648,PR00001,SR01078,CONT00693,Import,In Yard,53,24.2,0.0
MV09695,DR02545,PR00004,SR04448,CONT04359,Import,Gate Out,138,46.1,0.0
MV09696,DR09795,PR00001,SR01882,CONT00799,Export,In Yard,99,31.3,0.0
MV09697,DR04918,PR00007,SR01262,CONT01199,Export,Discharged,101,53.7,0.0
MV09698,DR08396,PR00007,SR00535,CONT09960,Export,Gate Out,91,36.9,0.0
MV09699,DR02909,PR00001,SR06946,CONT08051,Export,Gate Out,82,25.3,0.0
MV09700,DR03472,PR00005,SR09423,CONT02164,Import,In Yard,70,25.7,0.0
MV09701,DR06933,PR00002,SR08463,CONT08874,Transshipment,In Yard,73,21.6,0.0
MV09702,DR05301,PR00002,SR08219,CONT09729,Transshipment,In Yard,69,57.6,3.4
MV09703,DR02762,PR00002,SR04801,CONT00139,Import,Loaded,68,44.8,0.0
MV09704,DR02994,PR00006,SR09750,CONT09503,Import,Discharged,114,35.5,0.0
MV09705,DR02409,PR00006,SR01132,CONT04563,Export,Discharged,107,62.0,0.0
MV09706,DR05428,PR00001,SR09393,CONT08504,Export,Discharged,107,42.6,0.0
MV09707,DR01927,PR00002,SR09744,CONT04867,Import,In Yard,120,28.7,0.0
MV09708,DR04320,PR00003,SR02113,CONT04596,Import,Discharged,95,25.3,0.0
MV09709,DR05974,PR00003,SR01350,CONT08375,Export,Gate Out,109,41.1,0.0
MV09710,DR08396,PR00001,SR08851,CONT06221,Export,In Yard,90,53.6,1.6
MV09711,DR01666,PR00006,SR06960,CONT03356,Export,Discharged,74,57.2,4.2
MV09712,DR09362,PR00007,SR07501,CONT01914,Transshipment,Discharged,95,44.0,0.0
MV09713,DR09338,PR00003,SR05940,CONT02010,Import,Gate Out,94,53.0,0.0
MV09714,DR03362,PR00006,SR03023,CONT03682,Export,Customs Hold,87,47.4,6.0
MV09715,DR06417,PR00005,SR03254,CONT00588,Import,Customs Hold,60,30.4,15.8
MV09716,DR09759,PR00004,SR04952,CONT03790,Export,Gate Out,50,53.0,0.0
MV09717,DR07875,PR00006,SR09323,CONT02674,Transshipment,In Yard,118,53.5,1.3
MV09718,DR08553,PR00003,SR05442,CONT02451,Export,Loaded,97,45.6,0.0
MV09719,DR09750,PR00004,SR03322,CONT08638,Export,Discharged,135,32.2,0.0
MV09720,DR08119,PR00002,SR02685,CONT04852,Import,Loaded,83,34.7,6.0
MV09721,DR08137,PR00005,SR01938,CONT06996,Import,Loaded,92,58.7,0.0
MV09722,DR09688,PR00001,SR03045,CONT04062,Export,In Yard,61,32.4,0.0
MV09723,DR06909,PR00002,SR08977,CONT02550,Import,In Yard,97,36.6,0.0
MV09724,DR02360,PR00003,SR07916,CONT07166,Import,In Yard,113,31.2,0.0
MV09725,DR02702,PR00003,SR07933,CONT05009,Export,Loaded,64,41.6,0.0
MV09726,DR05386,PR00002,SR03501,CONT09523,Import,Discharged,94,25.5,1.3
MV09727,DR09789,PR00001,SR07064,CONT00305,Import,In Yard,100,50.8,0.0
MV09728,DR09732,PR00006,SR03854,CONT05238,Import,Discharged,64,30.6,0.0
MV09729,DR07011,PR00004,SR06287,CONT01774,Import,Discharged,89,43.8,0.0
MV09730,DR05684,PR00003,SR09412,CONT01608,Import,In Yard,99,59.5,0.0
MV09731,DR00205,PR00006,SR00380,CONT05038,Import,In Yard,111,54.3,0.0
MV09732,DR00102,PR00006,SR08586,CONT01947,Export,In Yard,61,37.0,0.0
MV09733,DR01653,PR00001,SR00682,CONT03396,Import,Discharged,100,53.1,2.7
MV09734,DR07954,PR00004,SR01578,CONT08298,Export,Gate Out,98,35.1,0.0
MV09735,DR09642,PR00002,SR04974,CONT05157,Export,Discharged,80,30.7,0.0
MV09736,DR09241,PR00004,SR01339,CONT00122,Export,Discharged,51,33.8,0.0
MV09737,DR08760,PR00005,SR09224,CONT07521,Export,Loaded,68,60.3,0.0
MV09738,DR05243,PR00001,SR02677,CONT01067,Export,Discharged,46,53.6,0.0
MV09739,DR00438,PR00003,SR00665,CONT08913,Export,Customs Hold,56,32.5,6.8
MV09740,DR07937,PR00002,SR06867,CONT06095,Import,In Yard,69,35.8,0.0
MV09741,DR09598,PR00003,SR04477,CONT01053,Transshipment,Discharged,112,50.5,5.5
MV09742,DR03516,PR00001,SR03478,CONT08486,Import,Gate Out,91,71.6,0.0
MV09743,DR08546,PR00006,SR06905,CONT00841,Export,In Yard,102,46.4,0.0
MV09744,DR09349,PR00004,SR04518,CONT07134,Export,Loaded,72,68.5,0.0
MV09745,DR09889,PR00002,SR05269,CONT07999,Export,Gate Out,77,42.7,0.0
MV09746,DR00059,PR00005,SR00084,CONT01631,Export,Customs Hold,79,63.1,14.9
MV09747,DR08333,PR00001,SR00321,CONT02189,Import,Loaded,113,59.2,0.0
MV09748,DR03928,PR00004,SR04405,CONT09294,Import,In Yard,108,48.8,0.0
MV09749,DR05325,PR00003,SR00317,CONT03388,Export,Loaded,69,38.6,0.0
MV09750,DR04581,PR00001,SR02766,CONT05555,Import,Gate Out,84,35.3,0.0
MV09751,DR06359,PR00002,SR06022,CONT08893,Transshipment,Gate Out,76,40.1,0.0
MV09752,DR07474,PR00001,SR03495,CONT05920,Export,Discharged,85,57.4,0.0
MV09753,DR07790,PR00005,SR04747,CONT04780,Import,Loaded,71,59.2,0.0
MV09754,DR02137,PR00005,SR00547,CONT07433,Import,Loaded,85,67.7,0.0
MV09755,DR02080,PR00001,SR04937,CONT06597,Transshipment,Loaded,77,35.9,0.0
MV09756,DR00721,PR00001,SR04957,CONT05613,Import,Discharged,58,32.6,0.0
MV09757,DR05768,PR00006,SR02334,CONT02271,Import,In Yard,59,32.7,0.0
MV09758,DR08738,PR00002,SR06168,CONT08424,Import,In Yard,45,37.5,0.0
MV09759,DR08538,PR00002,SR03557,CONT03388,Import,Loaded,51,55.6,0.0
MV09760,DR02767,PR00005,SR04061,CONT02758,Export,Loaded,120,42.7,0.0
MV09761,DR05199,PR00001,SR05049,CONT02879,Export,Gate Out,66,33.6,0.0
MV09762,DR06526,PR00007,SR00852,CONT00984,Export,In Yard,94,51.4,0.0
MV09763,DR08975,PR00001,SR08924,CONT01812,Import,Gate Out,83,33.8,0.0
MV09764,DR06617,PR00006,SR03925,CONT02344,Export,In Yard,114,49.0,0.0
MV09765,DR03880,PR00003,SR02790,CONT07667,Import,In Yard,103,59.5,0.0
MV09766,DR09674,PR00001,SR02959,CONT05301,Export,Gate Out,58,34.3,0.0
MV09767,DR04031,PR00003,SR02839,CONT08547,Import,Loaded,84,27.6,0.0
MV09768,DR09516,PR00007,SR03947,CONT07177,Transshipment,In Yard,64,44.3,0.0
MV09769,DR00982,PR00003,SR06043,CONT05991,Export,Loaded,96,52.6,0.0
MV09770,DR00279,PR00001,SR07687,CONT09510,Export,Gate Out,85,76.6,0.0
MV09771,DR09656,PR00007,SR05453,CONT01813,Export,Gate Out,123,66.7,0.0
MV09772,DR01394,PR00001,SR09578,CONT01796,Export,In Yard,72,83.5,0.0
MV09773,DR07554,PR00001,SR03459,CONT03223,Import,Gate Out,78,20.2,0.0
MV09774,DR01658,PR00001,SR06109,CONT04846,Export,Loaded,51,58.1,0.0
MV09775,DR03383,PR00006,SR02002,CONT08827,Transshipment,Customs Hold,79,63.7,13.9
MV09776,DR07576,PR00001,SR03956,CONT08683,Transshipment,Customs Hold,87,44.4,10.1
MV09777,DR02552,PR00001,SR06676,CONT03973,Export,Loaded,58,34.9,0.0
MV09778,DR06559,PR00007,SR04946,CONT07829,Export,Discharged,96,62.6,0.0
MV09779,DR00380,PR00004,SR01356,CONT04219,Import,In Yard,94,40.3,0.0
MV09780,DR02730,PR00002,SR08622,CONT06585,Import,In Yard,73,26.6,1.8
MV09781,DR03716,PR00004,SR04067,CONT05767,Export,Gate Out,89,32.1,0.0
MV09782,DR05457,PR00002,SR08515,CONT01440,Transshipment,Customs Hold,116,28.0,7.2
MV09783,DR02494,PR00003,SR06555,CONT07168,Export,Loaded,82,46.0,0.0
MV09784,DR06607,PR00002,SR08495,CONT05601,Export,In Yard,78,48.2,0.0
MV09785,DR01443,PR00004,SR07727,CONT00377,Import,Discharged,112,33.8,4.3
MV09786,DR03103,PR00005,SR09308,CONT02607,Export,Discharged,102,48.3,0.0
MV09787,DR00686,PR00002,SR04927,CONT05480,Export,Customs Hold,31,45.7,14.4
MV09788,DR06163,PR00001,SR08861,CONT04305,Export,Loaded,88,48.5,0.0
MV09789,DR09853,PR00002,SR01111,CONT09685,Import,Gate Out,70,56.3,0.0
MV09790,DR01718,PR00005,SR03855,CONT01566,Export,In Yard,130,46.8,0.0
MV09791,DR05484,PR00006,SR09986,CONT04752,Import,Loaded,87,62.8,0.0
MV09792,DR06063,PR00006,SR05822,CONT05355,Export,Loaded,130,61.6,0.0
MV09793,DR01250,PR00007,SR08882,CONT07532,Transshipment,Discharged,69,28.7,0.0
MV09794,DR07529,PR00006,SR04599,CONT05040,Export,Loaded,64,65.4,0.0
MV09795,DR05837,PR00007,SR09122,CONT07099,Import,In Yard,93,30.5,0.0
MV09796,DR07080,PR00004,SR05433,CONT01689,Import,Loaded,73,38.3,0.0
MV09797,DR07568,PR00002,SR08196,CONT00261,Export,Gate Out,130,80.7,4.7
MV09798,DR00790,PR00004,SR05518,CONT00204,Export,Customs Hold,49,44.9,11.4
MV09799,DR06159,PR00001,SR02282,CONT05435,Import,In Yard,65,27.3,0.0
MV09800,DR02753,PR00001,SR08344,CONT04268,Export,Customs Hold,92,46.4,12.6
MV09801,DR02575,PR00002,SR03753,CONT00023,Export,Loaded,98,50.3,0.0
MV09802,DR09531,PR00003,SR08278,CONT02700,Import,In Yard,104,49.6,0.0
MV09803,DR06591,PR00005,SR02782,CONT01068,Export,In Yard,85,45.4,0.0
MV09804,DR02824,PR00003,SR04333,CONT03322,Export,In Yard,58,24.4,0.0
MV09805,DR02028,PR00001,SR01812,CONT03649,Export,Discharged,68,20.9,0.0
MV09806,DR00952,PR00007,SR05053,CONT07770,Transshipment,Gate Out,45,32.9,0.0
MV09807,DR01034,PR00004,SR04276,CONT01806,Export,Loaded,90,67.3,0.0
MV09808,DR02704,PR00002,SR05472,CONT01819,Export,Discharged,73,23.7,0.0
MV09809,DR04687,PR00002,SR05506,CONT00714,Export,Gate Out,86,49.5,0.0
MV09810,DR06531,PR00001,SR06884,CONT01731,Import,In Yard,73,56.2,4.2
MV09811,DR02969,PR00007,SR06246,CONT04390,Import,Discharged,106,61.5,0.0
MV09812,DR09857,PR00002,SR05183,CONT04850,Export,Customs Hold,72,62.0,17.7
MV09813,DR02062,PR00007,SR08344,CONT09504,Import,Gate Out,87,43.4,0.0
MV09814,DR08094,PR00002,SR07821,CONT07485,Import,Loaded,109,51.7,0.0
MV09815,DR01678,PR00006,SR08561,CONT07877,Export,Loaded,91,60.5,0.0
MV09816,DR06471,PR00001,SR03420,CONT05742,Import,Discharged,59,46.2,0.0
MV09817,DR01056,PR00003,SR03955,CONT07381,Import,Gate Out,62,48.6,0.0
MV09818,DR05054,PR00003,SR06166,CONT09048,Export,Customs Hold,59,25.5,14.4
MV09819,DR05302,PR00002,SR00150,CONT08942,Import,Customs Hold,90,56.2,11.3
MV09820,DR00227,PR00007,SR09477,CONT07489,Export,Discharged,58,57.3,0.0
MV09821,DR01764,PR00005,SR01975,CONT09767,Import,In Yard,84,46.0,3.1
MV09822,DR04340,PR00002,SR03749,CONT04310,Export,In Yard,54,29.6,0.0
MV09823,DR06596,PR00005,SR03287,CONT09338,Export,Loaded,98,51.9,0.0
MV09824,DR02791,PR00001,SR01363,CONT03518,Export,Loaded,58,25.2,0.0
MV09825,DR06235,PR00007,SR08478,CONT01684,Import,In Yard,87,37.4,0.0
MV09826,DR02541,PR00003,SR07450,CONT08844,Export,In Yard,84,57.2,0.0
MV09827,DR01036,PR00001,SR00043,CONT08985,Import,Loaded,72,51.5,0.0
MV09828,DR03568,PR00002,SR07460,CONT09869,Export,Gate Out,71,45.8,0.0
MV09829,DR02267,PR00001,SR04065,CONT01074,Import,In Yard,96,36.0,0.0
MV09830,DR09262,PR00007,SR05139,CONT06327,Import,In Yard,95,28.6,0.0
MV09831,DR02769,PR00002,SR01778,CONT05352,Import,In Yard,82,37.4,0.0
MV09832,DR04230,PR00001,SR01958,CONT07030,Import,In Yard,94,52.7,0.0
MV09833,DR07614,PR00006,SR05214,CONT03306,Import,Gate Out,83,52.0,0.0
MV09834,DR02529,PR00002,SR03491,CONT04371,Import,In Yard,90,44.2,0.0
MV09835,DR04512,PR00001,SR07775,CONT09772,Export,In Yard,52,38.1,0.0
MV09836,DR06264,PR00004,SR08269,CONT05935,Export,In Yard,98,49.4,0.0
MV09837,DR08219,PR00001,SR03760,CONT04105,Export,Loaded,50,24.7,4.7
MV09838,DR07889,PR00006,SR07408,CONT06563,Import,Customs Hold,118,45.2,10.4
MV09839,DR08085,PR00004,SR05929,CONT05953,Import,Discharged,52,54.9,0.0
MV09840,DR01160,PR00002,SR03308,CONT09947,Transshipment,Loaded,94,44.6,0.0
MV09841,DR07333,PR00003,SR01150,CONT09754,Import,In Yard,93,61.4,0.0
MV09842,DR05143,PR00002,SR02214,CONT03633,Export,Discharged,72,51.3,0.0
MV09843,DR05173,PR00003,SR09926,CONT04959,Export,Gate Out,91,39.0,0.0
MV09844,DR07935,PR00004,SR01980,CONT05879,Import,In Yard,98,5.1,0.0
MV09845,DR04262,PR00005,SR08044,CONT03650,Export,Gate Out,68,44.7,0.0
MV09846,DR02319,PR00003,SR03777,CONT00195,Export,Discharged,48,27.4,0.0
MV09847,DR09081,PR00006,SR09395,CONT02227,Export,Loaded,56,48.1,0.0
MV09848,DR05576,PR00001,SR02610,CONT09031,Export,Gate Out,76,56.7,0.0
MV09849,DR04410,PR00007,SR02578,CONT02186,Import,Customs Hold,66,29.6,12.0
MV09850,DR00228,PR00001,SR04923,CONT09801,Export,Loaded,41,42.4,0.0
MV09851,DR07845,PR00006,SR03314,CONT05875,Import,Discharged,71,52.8,0.0
MV09852,DR03419,PR00003,SR01495,CONT05885,Import,Discharged,98,49.5,0.0
MV09853,DR08298,PR00001,SR05861,CONT02838,Export,Gate Out,81,42.3,0.0
MV09854,DR04650,PR00002,SR04801,CONT04003,Import,In Yard,85,14.5,0.0
MV09855,DR08100,PR00007,SR00117,CONT06416,Export,Gate Out,130,53.9,0.0
MV09856,DR05220,PR00006,SR05675,CONT08120,Transshipment,Gate Out,106,51.4,0.0
MV09857,DR05252,PR00005,SR06631,CONT09057,Import,Loaded,84,59.6,0.0
MV09858,DR06771,PR00003,SR00261,CONT00640,Import,In Yard,98,55.5,0.0
MV09859,DR07626,PR00004,SR05155,CONT09030,Export,Loaded,79,39.9,0.0
MV09860,DR08179,PR00002,SR03988,CONT06008,Import,In Yard,65,14.8,0.0
MV09861,DR09566,PR00004,SR01114,CONT01972,Import,Gate Out,56,23.8,0.0
MV09862,DR07149,PR00002,SR08326,CONT03560,Transshipment,Discharged,105,57.8,0.0
MV09863,DR00702,PR00006,SR06835,CONT08257,Import,In Yard,115,42.5,0.0
MV09864,DR00208,PR00005,SR02913,CONT01944,Import,Gate Out,71,23.2,0.0
MV09865,DR02092,PR00003,SR04149,CONT05363,Import,Gate Out,103,27.8,0.0
MV09866,DR02820,PR00004,SR08928,CONT01357,Import,In Yard,112,51.5,0.0
MV09867,DR05665,PR00002,SR08920,CONT09363,Export,Gate Out,75,41.1,0.0
MV09868,DR08922,PR00001,SR00691,CONT07495,Export,Loaded,77,55.5,0.0
MV09869,DR03513,PR00002,SR02768,CONT01105,Import,Loaded,63,42.5,2.7
MV09870,DR07831,PR00002,SR06792,CONT05342,Import,In Yard,97,52.5,0.0
MV09871,DR03593,PR00002,SR02461,CONT07871,Export,Discharged,41,41.0,0.0
MV09872,DR09327,PR00005,SR04681,CONT09219,Export,Discharged,49,50.6,0.0
MV09873,DR05862,PR00005,SR04142,CONT00711,Export,Gate Out,38,62.9,0.0
MV09874,DR03797,PR00003,SR07440,CONT05609,Import,Gate Out,49,55.3,0.0
MV09875,DR08865,PR00007,SR02596,CONT03311,Export,Gate Out,106,80.6,1.5
MV09876,DR08462,PR00006,SR05233,CONT01193,Import,In Yard,77,48.5,0.0
MV09877,DR02700,PR00001,SR00740,CONT00776,Import,In Yard,78,23.4,0.0
MV09878,DR05750,PR00003,SR01870,CONT03625,Export,Loaded,86,36.3,0.0
MV09879,DR05976,PR00007,SR00117,CONT03985,Import,Loaded,60,53.7,0.0
MV09880,DR05218,PR00002,SR08397,CONT03393,Export,Discharged,68,34.4,0.0
MV09881,DR05222,PR00003,SR09654,CONT06639,Export,Gate Out,50,37.0,0.0
MV09882,DR09707,PR00007,SR08932,CONT04592,Export,Gate Out,76,38.5,0.0
MV09883,DR06396,PR00005,SR07817,CONT00721,Export,Discharged,91,60.8,4.8
MV09884,DR04790,PR00006,SR07301,CONT04257,Import,Gate Out,96,73.4,0.0
MV09885,DR08596,PR00006,SR05572,CONT00409,Export,Gate Out,47,38.5,0.0
MV09886,DR05621,PR00001,SR03859,CONT00926,Export,Customs Hold,96,39.2,7.5
MV09887,DR09200,PR00005,SR04573,CONT03228,Import,Loaded,72,66.6,0.0
MV09888,DR07228,PR00006,SR01986,CONT04836,Export,Loaded,99,57.1,2.7
MV09889,DR02953,PR00002,SR02011,CONT08286,Transshipment,Gate Out,47,16.3,0.0
MV09890,DR06953,PR00001,SR00906,CONT06626,Export,Loaded,91,52.8,0.0
MV09891,DR07265,PR00001,SR03210,CONT06282,Import,Gate Out,37,40.4,0.0
MV09892,DR02398,PR00005,SR07628,CONT00182,Export,Discharged,88,48.4,0.0
MV09893,DR05072,PR00005,SR01393,CONT07063,Import,Discharged,65,30.6,0.0
MV09894,DR02792,PR00006,SR02442,CONT00279,Import,In Yard,52,30.4,0.0
MV09895,DR06094,PR00002,SR01364,CONT02714,Import,Loaded,50,5.0,0.0
MV09896,DR00423,PR00004,SR06179,CONT06171,Export,Discharged,75,36.0,0.0
MV09897,DR01240,PR00001,SR05608,CONT09066,Export,Discharged,78,12.4,0.0
MV09898,DR04347,PR00007,SR08193,CONT05753,Import,In Yard,120,46.0,0.0
MV09899,DR06571,PR00004,SR06269,CONT07545,Import,Discharged,51,43.7,0.0
MV09900,DR05933,PR00005,SR04850,CONT06645,Import,Discharged,75,30.8,0.0
MV09901,DR06274,PR00002,SR09197,CONT00664,Import,In Yard,62,54.8,0.0
MV09902,DR03696,PR00001,SR06368,CONT06898,Export,In Yard,90,69.4,1.3
MV09903,DR01469,PR00001,SR01478,CONT03346,Import,Discharged,76,43.1,0.0
MV09904,DR05616,PR00006,SR02803,CONT08430,Import,Gate Out,90,57.4,1.5
MV09905,DR04555,PR00001,SR03250,CONT07828,Import,Gate Out,48,13.0,0.0
MV09906,DR00806,PR00006,SR04161,CONT04380,Export,Discharged,86,49.9,0.0
MV09907,DR04021,PR00002,SR00138,CONT08929,Export,Discharged,15,17.2,0.0
MV09908,DR04814,PR00004,SR04301,CONT07443,Export,Loaded,71,20.1,0.0
MV09909,DR04415,PR00002,SR02430,CONT05335,Import,In Yard,114,31.0,0.0
MV09910,DR06128,PR00001,SR05667,CONT01653,Import,Discharged,115,42.0,0.0
MV09911,DR00931,PR00004,SR07877,CONT00580,Import,Loaded,85,38.0,0.0
MV09912,DR07029,PR00003,SR05685,CONT00026,Import,Loaded,77,40.1,0.0
MV09913,DR03255,PR00003,SR03706,CONT03704,Import,Discharged,82,33.9,0.0
MV09914,DR06032,PR00004,SR04374,CONT01755,Export,Customs Hold,61,41.9,13.0
MV09915,DR07408,PR00002,SR00689,CONT01987,Import,Loaded,79,36.5,0.0
MV09916,DR03647,PR00004,SR00318,CONT07263,Import,Loaded,53,44.2,0.0
MV09917,DR08252,PR00004,SR03092,CONT07434,Import,Discharged,68,41.4,0.0
MV09918,DR08878,PR00001,SR05181,CONT08979,Import,Loaded,84,22.6,0.0
MV09919,DR03856,PR00002,SR08061,CONT04018,Export,Loaded,61,34.7,0.0
MV09920,DR08303,PR00001,SR04380,CONT01011,Import,Discharged,79,43.1,0.0
MV09921,DR04376,PR00001,SR06892,CONT01211,Import,Customs Hold,66,44.9,12.3
MV09922,DR09934,PR00001,SR06650,CONT04455,Export,In Yard,61,20.0,0.0
MV09923,DR07229,PR00004,SR06754,CONT07852,Import,Gate Out,85,32.6,0.0
MV09924,DR00094,PR00001,SR01806,CONT05726,Import,In Yard,61,28.2,5.1
MV09925,DR02006,PR00006,SR05989,CONT01582,Export,In Yard,99,68.7,0.0
MV09926,DR00608,PR00005,SR09949,CONT08895,Import,Discharged,99,46.1,0.0
MV09927,DR08590,PR00001,SR06364,CONT08721,Export,Gate Out,62,23.4,0.0
MV09928,DR06650,PR00004,SR09321,CONT02175,Export,Gate Out,76,56.9,0.0
MV09929,DR08736,PR00001,SR08338,CONT08454,Import,In Yard,72,54.5,0.0
MV09930,DR05529,PR00001,SR07472,CONT06558,Import,In Yard,86,42.8,0.0
MV09931,DR01822,PR00007,SR03730,CONT02706,Import,In Yard,68,32.9,0.0
MV09932,DR03020,PR00003,SR03414,CONT08354,Export,In Yard,118,58.0,0.0
MV09933,DR02449,PR00001,SR09554,CONT06621,Import,Gate Out,100,48.4,0.0
MV09934,DR00671,PR00006,SR05618,CONT00663,Export,Customs Hold,90,48.3,15.6
MV09935,DR04208,PR00007,SR03791,CONT03844,Import,Customs Hold,69,56.6,15.5
MV09936,DR00575,PR00004,SR05211,CONT02169,Export,Loaded,81,42.4,0.0
MV09937,DR02932,PR00005,SR03347,CONT04987,Transshipment,Gate Out,103,51.0,0.0
MV09938,DR07693,PR00006,SR07481,CONT01353,Import,In Yard,127,62.7,1.8
MV09939,DR09639,PR00005,SR05283,CONT03408,Import,Gate Out,96,37.5,0.0
MV09940,DR04580,PR00003,SR04361,CONT07098,Export,Discharged,75,34.0,0.0
MV09941,DR07982,PR00006,SR00904,CONT02747,Export,Customs Hold,74,47.7,10.7
MV09942,DR05622,PR00003,SR04905,CONT02897,Import,In Yard,74,67.2,0.0
MV09943,DR05636,PR00002,SR08602,CONT04208,Export,Gate Out,105,11.9,0.0
MV09944,DR02925,PR00001,SR07523,CONT00691,Export,Loaded,65,51.5,0.0
MV09945,DR09071,PR00002,SR04577,CONT06815,Transshipment,Loaded,90,44.0,0.0
MV09946,DR02141,PR00001,SR04238,CONT00934,Export,Loaded,63,33.1,5.5
MV09947,DR08633,PR00001,SR00145,CONT09924,Export,In Yard,54,35.6,0.0
MV09948,DR06688,PR00003,SR07616,CONT06853,Import,In Yard,73,58.7,0.0
MV09949,DR08736,PR00007,SR07912,CONT05226,Import,In Yard,104,61.8,0.0
MV09950,DR01098,PR00001,SR06827,CONT05808,Export,Gate Out,65,20.5,0.0
MV09951,DR04749,PR00002,SR02328,CONT03013,Export,Loaded,82,43.5,0.0
MV09952,DR09530,PR00006,SR05951,CONT03328,Export,In Yard,81,69.3,3.1
MV09953,DR02818,PR00003,SR06197,CONT08278,Import,In Yard,109,58.1,0.0
MV09954,DR03210,PR00005,SR03754,CONT09143,Import,In Yard,98,22.3,0.0
MV09955,DR07479,PR00004,SR09164,CONT01570,Import,In Yard,108,56.9,0.0
MV09956,DR08536,PR00004,SR07508,CONT00261,Export,Loaded,78,28.3,0.0
MV09957,DR03615,PR00001,SR03170,CONT03956,Import,In Yard,63,38.8,0.0
MV09958,DR05248,PR00002,SR06645,CONT02330,Import,Customs Hold,103,37.8,10.0
MV09959,DR07952,PR00004,SR01158,CONT07580,Import,In Yard,110,49.7,0.0
MV09960,DR08477,PR00001,SR08066,CONT05492,Import,Customs Hold,114,33.3,9.9
MV09961,DR07333,PR00001,SR01576,CONT02506,Import,Loaded,81,24.4,0.0
MV09962,DR08125,PR00003,SR03900,CONT09500,Transshipment,Customs Hold,62,41.1,10.3
MV09963,DR02562,PR00005,SR08947,CONT01626,Export,Loaded,87,47.5,0.0
MV09964,DR08493,PR00003,SR02662,CONT08843,Import,Discharged,97,57.7,0.0
MV09965,DR03841,PR00005,SR04508,CONT07935,Export,Loaded,85,37.1,3.4
MV09966,DR02851,PR00005,SR00283,CONT07286,Export,Discharged,100,32.3,4.1
MV09967,DR02241,PR00001,SR01263,CONT09487,Transshipment,Loaded,125,52.8,0.0
MV09968,DR01645,PR00007,SR05425,CONT04799,Export,Gate Out,87,69.8,0.0
MV09969,DR04486,PR00006,SR07459,CONT04031,Import,In Yard,128,44.0,0.0
MV09970,DR06991,PR00002,SR07594,CONT04360,Import,Loaded,60,53.8,0.0
MV09971,DR09989,PR00003,SR07719,CONT02625,Transshipment,Loaded,91,42.9,0.0
MV09972,DR03048,PR00002,SR06469,CONT07095,Transshipment,Loaded,87,70.6,0.0
MV09973,DR06583,PR00007,SR09666,CONT04227,Export,In Yard,105,44.2,0.0
MV09974,DR03133,PR00003,SR06877,CONT06780,Export,Gate Out,96,48.4,0.0
MV09975,DR02133,PR00003,SR07957,CONT01627,Export,In Yard,86,10.7,0.0
MV09976,DR02388,PR00007,SR03133,CONT03953,Export,Gate Out,83,67.5,0.0
MV09977,DR03858,PR00004,SR03205,CONT07361,Export,Loaded,87,43.6,0.0
MV09978,DR07715,PR00001,SR09669,CONT08786,Import,Gate Out,59,56.9,0.0
MV09979,DR02523,PR00004,SR02036,CONT09810,Import,Customs Hold,55,29.8,10.8
MV09980,DR08325,PR00006,SR00207,CONT08108,Export,Loaded,118,50.5,1.2
MV09981,DR06835,PR00002,SR04324,CONT00964,Import,Customs Hold,102,33.3,15.1
MV09982,DR00226,PR00003,SR00930,CONT09852,Export,In Yard,81,36.8,0.0
MV09983,DR06851,PR00004,SR02450,CONT05106,Transshipment,In Yard,50,34.7,0.0
MV09984,DR09322,PR00003,SR07603,CONT03954,Import,Customs Hold,49,37.2,12.0
MV09985,DR02916,PR00007,SR04912,CONT07011,Export,Gate Out,89,44.3,0.0
MV09986,DR07272,PR00003,SR02669,CONT02117,Export,In Yard,85,19.2,0.0
MV09987,DR07639,PR00004,SR02402,CONT01256,Export,In Yard,88,48.2,0.0
MV09988,DR02172,PR00006,SR01700,CONT02023,Import,Gate Out,94,20.1,0.0
MV09989,DR04453,PR00001,SR05203,CONT09766,Import,In Yard,75,31.6,0.0
MV09990,DR06931,PR00001,SR03535,CONT06422,Transshipment,Discharged,79,23.5,0.0
MV09991,DR03530,PR00007,SR05657,CONT07479,Export,Discharged,50,54.7,0.0
MV09992,DR05702,PR00005,SR00119,CONT02004,Export,Loaded,98,68.0,0.0
MV09993,DR08124,PR00003,SR06211,CONT09592,Import,In Yard,83,46.7,0.0
MV09994,DR09177,PR00001,SR05802,CONT07395,Import,Gate Out,94,35.8,0.0
MV09995,DR08449,PR00001,SR09305,CONT04728,Export,Gate Out,98,36.4,5.3
MV09996,DR06921,PR00001,SR04442,CONT09477,Export,Loaded,72,30.7,0.0
MV09997,DR08516,PR00003,SR02460,CONT05402,Export,Discharged,106,48.3,0.0
MV09998,DR04291,PR00004,SR02087,CONT00274,Import,Gate Out,72,48.8,0.0
MV09999,DR01734,PR00001,SR03882,CONT04230,Import,Loaded,62,49.2,0.0
MV10000,DR01574,PR00004,SR07854,CONT08764,Import,Loaded,122,22.0,0.0
