Crane_Operation_ID,Date_Record_ID,Port_Record_ID,Ship_Record_ID,Crane_ID,Crane_Type,Operating_Hours,Downtime_Hours,Containers_Handled,Maintenance_Status
CRN00001,DR02910,PR00002,SR05442,QC-02,Quay Crane,9.98,0.96,197,Operational
CRN00002,DR08104,PR00001,SR03383,QC-05,Quay Crane,9.28,1.96,242,Maintenance
CRN00003,DR04118,PR00002,SR07792,QC-02,Quay Crane,3.7,0.89,119,Operational
CRN00004,DR05620,PR00006,SR05883,QC-03,Quay Crane,6.49,1.17,143,Inspection
CRN00005,DR04389,PR00003,SR01138,QC-07,Quay Crane,5.13,1.03,102,Inspection
CRN00006,DR08999,PR00001,SR06935,QC-03,Quay Crane,10.0,1.49,255,Inspection
CRN00007,DR00937,PR00002,SR08229,QC-07,RTG Crane,6.65,1.06,184,Inspection
CRN00008,DR02788,PR00007,SR02285,QC-03,Quay Crane,6.12,1.5,141,Inspection
CRN00009,DR02500,PR00003,SR07528,QC-02,Quay Crane,8.38,0.86,260,Operational
CRN00010,DR04510,PR00003,SR07010,QC-07,Quay Crane,6.85,1.37,171,Inspection
CRN00011,DR04394,PR00001,SR05285,QC-03,Quay Crane,8.9,1.07,270,Inspection
CRN00012,DR05062,PR00002,SR01138,QC-01,Quay Crane,6.32,0.43,149,Operational
CRN00013,DR04442,PR00006,SR08035,QC-02,Quay Crane,8.67,0.82,269,Operational
CRN00014,DR01482,PR00006,SR01908,QC-07,Quay Crane,3.44,1.0,52,Operational
CRN00015,DR09695,PR00003,SR08580,QC-05,Quay Crane,10.0,1.75,279,Maintenance
CRN00016,DR08630,PR00006,SR00059,QC-04,Quay Crane,8.35,0.57,222,Operational
CRN00017,DR00763,PR00003,SR09948,QC-05,Quay Crane,7.75,1.93,151,Maintenance
CRN00018,DR01625,PR00006,SR06309,QC-02,Quay Crane,6.49,0.88,190,Operational
CRN00019,DR04233,PR00001,SR01725,QC-02,Quay Crane,7.18,0.83,212,Operational
CRN00020,DR04010,PR00002,SR08104,QC-01,Quay Crane,7.15,0.28,191,Operational
CRN00021,DR08754,PR00006,SR08252,QC-03,Quay Crane,6.93,1.18,208,Inspection
CRN00022,DR07329,PR00007,SR08491,QC-02,Quay Crane,7.66,0.63,236,Operational
CRN00023,DR04765,PR00005,SR03507,QC-04,Quay Crane,7.03,1.07,178,Inspection
CRN00024,DR01949,PR00004,SR09399,QC-06,RTG Crane,7.13,0.59,185,Operational
CRN00025,DR06182,PR00006,SR05321,QC-05,Quay Crane,6.61,1.57,206,Maintenance
CRN00026,DR02938,PR00005,SR06256,QC-07,Quay Crane,7.01,1.19,162,Inspection
CRN00027,DR05301,PR00002,SR08898,QC-02,Quay Crane,7.59,0.56,279,Operational
CRN00028,DR04748,PR00003,SR00707,QC-02,Quay Crane,7.44,0.65,185,Operational
CRN00029,DR07157,PR00004,SR04703,QC-06,Quay Crane,7.1,0.76,240,Operational
CRN00030,DR09152,PR00004,SR00444,QC-01,RTG Crane,6.82,0.07,173,Operational
CRN00031,DR07038,PR00006,SR03914,QC-01,Quay Crane,8.08,0.55,191,Operational
CRN00032,DR00067,PR00003,SR04453,QC-06,RTG Crane,6.26,0.56,194,Operational
CRN00033,DR05088,PR00001,SR02124,QC-07,Quay Crane,4.62,1.72,100,Maintenance
CRN00034,DR00994,PR00002,SR09926,QC-01,Quay Crane,7.08,0.41,121,Operational
CRN00035,DR05174,PR00006,SR08620,QC-03,RTG Crane,8.57,1.25,257,Inspection
CRN00036,DR08955,PR00001,SR08129,QC-04,Quay Crane,7.98,0.47,236,Operational
CRN00037,DR06429,PR00006,SR01768,QC-03,Quay Crane,8.44,1.35,171,Inspection
CRN00038,DR03215,PR00001,SR03258,QC-08,Quay Crane,6.61,0.69,141,Operational
CRN00039,DR06509,PR00003,SR08423,QC-02,Quay Crane,7.88,0.37,213,Operational
CRN00040,DR09102,PR00006,SR07314,QC-08,Quay Crane,10.0,0.69,260,Operational
CRN00041,DR06078,PR00003,SR07045,QC-03,RTG Crane,5.45,1.42,171,Inspection
CRN00042,DR03545,PR00006,SR01579,QC-01,Quay Crane,7.96,0.17,237,Operational
CRN00043,DR00180,PR00001,SR08748,QC-03,Quay Crane,6.67,1.45,161,Inspection
CRN00044,DR03245,PR00003,SR04284,QC-04,Quay Crane,9.17,0.38,220,Operational
CRN00045,DR09758,PR00004,SR04740,QC-06,Quay Crane,7.21,0.82,152,Operational
CRN00046,DR06169,PR00006,SR00043,QC-06,Quay Crane,6.8,0.8,209,Operational
CRN00047,DR09883,PR00001,SR08588,QC-03,Quay Crane,5.12,1.02,99,Inspection
CRN00048,DR00082,PR00002,SR09910,QC-08,Quay Crane,5.81,0.33,153,Operational
CRN00049,DR04423,PR00004,SR01677,QC-01,Quay Crane,6.66,1.09,174,Inspection
CRN00050,DR04558,PR00007,SR09814,QC-05,Quay Crane,8.61,1.4,186,Inspection
CRN00051,DR01186,PR00006,SR07757,QC-05,RTG Crane,9.53,2.06,255,Maintenance
CRN00052,DR00929,PR00006,SR04247,QC-03,RTG Crane,7.01,1.3,211,Inspection
CRN00053,DR05680,PR00003,SR03574,QC-07,Quay Crane,6.71,1.59,171,Maintenance
CRN00054,DR00290,PR00004,SR01602,QC-03,Quay Crane,7.75,1.63,162,Maintenance
CRN00055,DR01668,PR00006,SR08294,QC-02,RTG Crane,7.53,0.5,229,Operational
CRN00056,DR01074,PR00006,SR01846,QC-06,RTG Crane,6.96,0.77,167,Operational
CRN00057,DR07559,PR00006,SR08233,QC-05,Quay Crane,7.17,2.07,153,Maintenance
CRN00058,DR03781,PR00006,SR01156,QC-06,Quay Crane,7.65,0.94,270,Operational
CRN00059,DR02402,PR00006,SR04512,QC-04,Quay Crane,8.98,0.45,193,Operational
CRN00060,DR08462,PR00001,SR06753,QC-01,Quay Crane,6.16,0.35,133,Operational
CRN00061,DR05181,PR00002,SR03031,QC-03,RTG Crane,5.27,1.89,139,Maintenance
CRN00062,DR03900,PR00007,SR05403,QC-05,Quay Crane,7.49,1.83,187,Maintenance
CRN00063,DR05216,PR00004,SR02333,QC-08,Quay Crane,5.84,0.61,164,Operational
CRN00064,DR06276,PR00001,SR03975,QC-04,Quay Crane,9.34,0.87,259,Operational
CRN00065,DR08408,PR00003,SR09380,QC-01,RTG Crane,7.76,0.22,211,Operational
CRN00066,DR07958,PR00004,SR02938,QC-08,Quay Crane,7.02,1.0,219,Operational
CRN00067,DR04581,PR00006,SR00141,QC-08,Quay Crane,7.15,0.07,225,Operational
CRN00068,DR05198,PR00006,SR03951,QC-05,RTG Crane,7.82,2.19,191,Maintenance
CRN00069,DR09848,PR00001,SR01762,QC-05,Quay Crane,8.14,1.98,201,Maintenance
CRN00070,DR05519,PR00003,SR00259,QC-08,Quay Crane,10.0,0.82,281,Operational
CRN00071,DR03440,PR00001,SR07665,QC-02,Quay Crane,5.63,0.67,146,Operational
CRN00072,DR05807,PR00006,SR09434,QC-06,Quay Crane,8.67,0.77,274,Operational
CRN00073,DR06734,PR00001,SR00726,QC-02,Quay Crane,10.0,1.22,297,Inspection
CRN00074,DR00965,PR00004,SR01138,QC-01,Quay Crane,7.79,1.24,222,Inspection
CRN00075,DR09361,PR00004,SR05745,QC-01,RTG Crane,7.33,0.6,241,Operational
CRN00076,DR09819,PR00004,SR04326,QC-01,Quay Crane,6.67,0.87,195,Operational
CRN00077,DR00322,PR00004,SR05944,QC-01,Quay Crane,7.1,0.62,197,Operational
CRN00078,DR04689,PR00005,SR00429,QC-05,Quay Crane,7.17,1.69,184,Maintenance
CRN00079,DR08280,PR00004,SR05498,QC-06,Quay Crane,8.99,1.41,244,Inspection
CRN00080,DR00140,PR00001,SR07784,QC-07,Quay Crane,9.12,1.14,291,Inspection
CRN00081,DR03833,PR00003,SR04552,QC-02,Quay Crane,6.46,0.99,181,Operational
CRN00082,DR04666,PR00004,SR02736,QC-04,Quay Crane,9.17,0.74,211,Operational
CRN00083,DR02076,PR00002,SR05008,QC-03,Quay Crane,7.5,1.48,175,Inspection
CRN00084,DR00856,PR00005,SR07414,QC-04,Quay Crane,7.58,0.59,236,Operational
CRN00085,DR06749,PR00002,SR03323,QC-08,Quay Crane,8.64,0.68,214,Operational
CRN00086,DR08508,PR00006,SR03424,QC-04,Quay Crane,6.91,0.47,196,Operational
CRN00087,DR09250,PR00001,SR05174,QC-04,Quay Crane,7.44,1.14,215,Inspection
CRN00088,DR01654,PR00005,SR03795,QC-07,Quay Crane,7.76,1.28,211,Inspection
CRN00089,DR00103,PR00001,SR02579,QC-05,Quay Crane,9.44,1.84,243,Maintenance
CRN00090,DR05650,PR00003,SR07771,QC-04,Quay Crane,4.41,0.85,88,Operational
CRN00091,DR01389,PR00002,SR02269,QC-02,Quay Crane,7.51,0.99,221,Operational
CRN00092,DR02198,PR00004,SR00752,QC-06,RTG Crane,5.74,0.79,122,Operational
CRN00093,DR00389,PR00002,SR07571,QC-06,Quay Crane,9.09,0.65,262,Operational
CRN00094,DR01756,PR00006,SR05392,QC-08,Quay Crane,5.52,0.5,89,Operational
CRN00095,DR05941,PR00004,SR09309,QC-05,Quay Crane,8.91,2.07,206,Maintenance
CRN00096,DR09234,PR00007,SR05648,QC-01,RTG Crane,6.42,0.48,177,Operational
CRN00097,DR06724,PR00005,SR01311,QC-07,Quay Crane,10.0,0.91,268,Operational
CRN00098,DR07519,PR00004,SR07583,QC-01,Quay Crane,5.79,0.59,178,Operational
CRN00099,DR04959,PR00006,SR06549,QC-03,Quay Crane,7.51,1.77,137,Maintenance
CRN00100,DR01130,PR00002,SR07399,QC-05,Quay Crane,7.94,1.83,181,Maintenance
CRN00101,DR03365,PR00004,SR00383,QC-05,RTG Crane,6.96,1.43,149,Inspection
CRN00102,DR03083,PR00003,SR08861,QC-06,Quay Crane,5.2,0.73,170,Operational
CRN00103,DR04550,PR00005,SR02873,QC-05,Quay Crane,7.77,1.71,174,Maintenance
CRN00104,DR04468,PR00001,SR05905,QC-05,Quay Crane,4.56,1.85,103,Maintenance
CRN00105,DR05318,PR00003,SR08906,QC-05,RTG Crane,7.7,1.98,201,Maintenance
CRN00106,DR00457,PR00004,SR00658,QC-03,Quay Crane,7.49,1.54,177,Inspection
CRN00107,DR03119,PR00003,SR03947,QC-08,Quay Crane,6.4,0.59,189,Operational
CRN00108,DR03651,PR00002,SR07025,QC-03,Quay Crane,3.49,1.12,68,Inspection
CRN00109,DR03235,PR00003,SR03098,QC-04,Quay Crane,4.0,0.28,55,Operational
CRN00110,DR08801,PR00006,SR02219,QC-08,Quay Crane,5.85,0.67,128,Operational
CRN00111,DR01994,PR00002,SR05905,QC-01,RTG Crane,6.83,0.12,134,Operational
CRN00112,DR08975,PR00003,SR09862,QC-05,Quay Crane,7.9,2.28,203,Maintenance
CRN00113,DR05486,PR00007,SR00720,QC-02,Quay Crane,7.42,1.1,193,Inspection
CRN00114,DR03832,PR00007,SR00393,QC-07,Quay Crane,5.17,1.56,121,Maintenance
CRN00115,DR07829,PR00001,SR03868,QC-04,Quay Crane,9.44,0.64,273,Operational
CRN00116,DR09351,PR00003,SR05474,QC-08,RTG Crane,8.96,0.63,262,Operational
CRN00117,DR06012,PR00001,SR06988,QC-03,Quay Crane,7.0,1.04,155,Inspection
CRN00118,DR03007,PR00007,SR07175,QC-08,Quay Crane,8.55,0.83,241,Operational
CRN00119,DR02217,PR00003,SR09402,QC-04,Quay Crane,5.93,0.3,131,Operational
CRN00120,DR04349,PR00003,SR08190,QC-08,Quay Crane,6.73,0.56,134,Operational
CRN00121,DR09377,PR00002,SR06933,QC-02,Quay Crane,4.16,0.58,146,Operational
CRN00122,DR07394,PR00004,SR06810,QC-05,Quay Crane,6.09,2.21,144,Maintenance
CRN00123,DR06515,PR00001,SR02322,QC-05,RTG Crane,6.67,1.95,182,Maintenance
CRN00124,DR08621,PR00006,SR07747,QC-07,Quay Crane,8.36,1.26,185,Inspection
CRN00125,DR06331,PR00003,SR09092,QC-01,Quay Crane,8.45,0.47,242,Operational
CRN00126,DR00789,PR00004,SR07888,QC-06,Quay Crane,5.45,1.13,134,Inspection
CRN00127,DR07916,PR00006,SR08549,QC-03,Quay Crane,5.82,1.73,144,Maintenance
CRN00128,DR02197,PR00001,SR09593,QC-03,Quay Crane,6.65,1.74,218,Maintenance
CRN00129,DR07344,PR00001,SR07016,QC-01,Quay Crane,9.19,1.19,189,Inspection
CRN00130,DR03386,PR00003,SR05706,QC-02,Quay Crane,8.61,0.56,252,Operational
CRN00131,DR04162,PR00006,SR04943,QC-06,Quay Crane,7.69,0.8,242,Operational
CRN00132,DR04029,PR00001,SR06635,QC-01,Quay Crane,7.85,0.74,227,Operational
CRN00133,DR07024,PR00006,SR02640,QC-01,Quay Crane,7.37,0.55,232,Operational
CRN00134,DR08868,PR00003,SR06371,QC-08,Quay Crane,7.8,0.7,187,Operational
CRN00135,DR05682,PR00004,SR07024,QC-01,Quay Crane,5.91,0.17,163,Operational
CRN00136,DR03400,PR00004,SR09385,QC-01,Quay Crane,6.32,0.75,195,Operational
CRN00137,DR09045,PR00001,SR05810,QC-04,Quay Crane,5.92,0.58,142,Operational
CRN00138,DR09623,PR00002,SR03082,QC-02,Quay Crane,8.95,0.92,197,Operational
CRN00139,DR04916,PR00005,SR05616,QC-04,Quay Crane,9.78,0.65,330,Operational
CRN00140,DR00740,PR00003,SR04583,QC-06,RTG Crane,7.19,0.67,214,Operational
CRN00141,DR07858,PR00004,SR01313,QC-03,Quay Crane,9.6,1.77,274,Maintenance
CRN00142,DR08166,PR00007,SR03798,QC-01,Quay Crane,8.31,0.7,227,Operational
CRN00143,DR08739,PR00001,SR08933,QC-02,Quay Crane,7.05,0.82,207,Operational
CRN00144,DR05376,PR00003,SR00950,QC-01,Quay Crane,4.26,0.3,102,Operational
CRN00145,DR09616,PR00003,SR09621,QC-04,RTG Crane,10.0,0.89,275,Operational
CRN00146,DR06655,PR00001,SR04149,QC-01,Quay Crane,8.65,0.67,241,Operational
CRN00147,DR06353,PR00007,SR04802,QC-04,Quay Crane,7.09,0.47,206,Operational
CRN00148,DR03725,PR00007,SR02985,QC-02,Quay Crane,7.31,0.93,183,Operational
CRN00149,DR07563,PR00002,SR05264,QC-08,Quay Crane,9.42,0.59,249,Operational
CRN00150,DR01867,PR00007,SR08972,QC-07,Quay Crane,6.72,1.3,195,Inspection
CRN00151,DR07390,PR00001,SR08984,QC-07,RTG Crane,5.06,1.33,138,Inspection
CRN00152,DR01289,PR00007,SR08431,QC-06,Quay Crane,9.31,0.78,279,Operational
CRN00153,DR08028,PR00006,SR04574,QC-08,Quay Crane,6.33,0.73,134,Operational
CRN00154,DR01402,PR00002,SR05601,QC-02,RTG Crane,6.53,1.18,191,Inspection
CRN00155,DR00452,PR00004,SR01444,QC-08,Quay Crane,4.65,0.79,93,Operational
CRN00156,DR07302,PR00006,SR04685,QC-04,Quay Crane,9.36,0.7,298,Operational
CRN00157,DR07459,PR00002,SR00398,QC-01,Quay Crane,8.57,0.56,236,Operational
CRN00158,DR03077,PR00002,SR05404,QC-05,Quay Crane,4.52,2.23,103,Maintenance
CRN00159,DR02814,PR00004,SR05003,QC-07,RTG Crane,8.63,1.57,232,Maintenance
CRN00160,DR03881,PR00001,SR08823,QC-06,Quay Crane,8.3,0.68,237,Operational
CRN00161,DR03443,PR00001,SR04600,QC-04,Quay Crane,9.09,0.83,274,Operational
CRN00162,DR07208,PR00002,SR09063,QC-04,Quay Crane,6.34,0.63,208,Operational
CRN00163,DR09867,PR00005,SR01549,QC-06,RTG Crane,4.52,0.64,69,Operational
CRN00164,DR03063,PR00003,SR09817,QC-03,Quay Crane,6.39,1.56,157,Maintenance
CRN00165,DR05749,PR00003,SR08424,QC-07,Quay Crane,4.96,1.34,111,Inspection
CRN00166,DR08381,PR00001,SR00429,QC-04,Quay Crane,8.87,0.55,222,Operational
CRN00167,DR06061,PR00001,SR05583,QC-02,Quay Crane,3.5,0.76,52,Operational
CRN00168,DR03875,PR00004,SR07586,QC-01,Quay Crane,6.78,0.84,183,Operational
CRN00169,DR05283,PR00001,SR05203,QC-02,Quay Crane,5.72,0.72,116,Operational
CRN00170,DR05393,PR00004,SR03021,QC-05,Quay Crane,6.26,1.7,187,Maintenance
CRN00171,DR04123,PR00003,SR01604,QC-01,Quay Crane,6.75,0.27,164,Operational
CRN00172,DR01060,PR00005,SR07021,QC-03,Quay Crane,7.82,1.49,216,Inspection
CRN00173,DR05049,PR00003,SR03011,QC-04,Quay Crane,7.23,0.34,176,Operational
CRN00174,DR00462,PR00006,SR08226,QC-01,RTG Crane,7.12,0.19,173,Operational
CRN00175,DR02000,PR00001,SR00056,QC-04,Quay Crane,6.77,0.64,171,Operational
CRN00176,DR08506,PR00006,SR06919,QC-06,RTG Crane,9.13,0.79,219,Operational
CRN00177,DR03317,PR00002,SR09620,QC-06,Quay Crane,8.29,0.61,259,Operational
CRN00178,DR04209,PR00001,SR01231,QC-01,Quay Crane,6.19,0.27,180,Operational
CRN00179,DR06665,PR00004,SR00541,QC-04,Quay Crane,5.1,0.28,162,Operational
CRN00180,DR04829,PR00002,SR03847,QC-02,Quay Crane,7.45,0.86,190,Operational
CRN00181,DR05827,PR00003,SR01478,QC-01,Quay Crane,7.37,0.22,236,Operational
CRN00182,DR00187,PR00006,SR04773,QC-07,Quay Crane,6.01,0.89,176,Operational
CRN00183,DR05288,PR00006,SR08110,QC-07,Quay Crane,6.1,1.16,133,Inspection
CRN00184,DR03303,PR00004,SR07875,QC-03,Quay Crane,7.81,1.29,210,Inspection
CRN00185,DR00680,PR00007,SR06408,QC-02,Quay Crane,10.0,0.84,294,Operational
CRN00186,DR07884,PR00003,SR03140,QC-03,Quay Crane,9.22,1.83,226,Maintenance
CRN00187,DR00212,PR00001,SR07966,QC-06,Quay Crane,6.0,0.79,182,Operational
CRN00188,DR06936,PR00006,SR08979,QC-08,Quay Crane,7.31,0.05,161,Operational
CRN00189,DR01811,PR00002,SR06955,QC-05,Quay Crane,7.79,2.07,193,Maintenance
CRN00190,DR01652,PR00001,SR09249,QC-08,Quay Crane,8.07,0.3,211,Operational
CRN00191,DR00400,PR00001,SR09155,QC-03,Quay Crane,9.75,1.53,301,Inspection
CRN00192,DR01964,PR00002,SR02022,QC-01,Quay Crane,6.8,0.32,160,Operational
CRN00193,DR06337,PR00002,SR03869,QC-05,Quay Crane,5.86,1.86,148,Maintenance
CRN00194,DR06440,PR00002,SR05126,QC-03,Quay Crane,7.45,1.26,238,Inspection
CRN00195,DR02255,PR00004,SR09464,QC-07,Quay Crane,5.88,1.08,162,Inspection
CRN00196,DR04063,PR00005,SR02645,QC-03,Quay Crane,7.3,0.9,170,Operational
CRN00197,DR05188,PR00007,SR03567,QC-04,RTG Crane,6.22,0.55,191,Operational
CRN00198,DR00408,PR00001,SR01404,QC-04,Quay Crane,8.26,0.41,283,Operational
CRN00199,DR03694,PR00001,SR09339,QC-06,Quay Crane,9.21,1.03,250,Inspection
CRN00200,DR07741,PR00004,SR02521,QC-08,RTG Crane,5.53,1.13,193,Inspection
CRN00201,DR03212,PR00001,SR00510,QC-02,Quay Crane,5.69,0.8,169,Operational
CRN00202,DR03028,PR00003,SR07873,QC-08,Quay Crane,5.68,1.04,208,Inspection
CRN00203,DR01921,PR00004,SR04452,QC-06,Quay Crane,6.72,0.5,200,Operational
CRN00204,DR00173,PR00006,SR07582,QC-07,Quay Crane,8.58,1.24,293,Inspection
CRN00205,DR08462,PR00002,SR08316,QC-02,RTG Crane,4.97,0.72,121,Operational
CRN00206,DR01321,PR00004,SR06126,QC-03,Quay Crane,7.64,1.16,208,Inspection
CRN00207,DR01004,PR00004,SR09908,QC-08,Quay Crane,9.7,0.1,242,Operational
CRN00208,DR06491,PR00006,SR06700,QC-04,RTG Crane,5.86,0.81,180,Operational
CRN00209,DR01551,PR00002,SR09158,QC-01,Quay Crane,6.24,0.76,174,Operational
CRN00210,DR02628,PR00005,SR01827,QC-03,Quay Crane,6.26,1.37,183,Inspection
CRN00211,DR01512,PR00005,SR07009,QC-08,Quay Crane,9.39,0.22,278,Operational
CRN00212,DR05533,PR00002,SR08041,QC-02,Quay Crane,7.39,0.58,217,Operational
CRN00213,DR05966,PR00004,SR00390,QC-06,Quay Crane,8.51,0.83,257,Operational
CRN00214,DR03831,PR00005,SR02298,QC-06,Quay Crane,6.3,1.23,194,Inspection
CRN00215,DR03897,PR00002,SR04351,QC-04,Quay Crane,8.54,0.38,249,Operational
CRN00216,DR04847,PR00003,SR08419,QC-05,Quay Crane,7.02,2.01,186,Maintenance
CRN00217,DR03954,PR00003,SR05331,QC-04,Quay Crane,9.75,1.01,239,Inspection
CRN00218,DR09517,PR00005,SR08852,QC-08,Quay Crane,8.49,0.59,265,Operational
CRN00219,DR04272,PR00001,SR07140,QC-07,Quay Crane,9.7,1.26,234,Inspection
CRN00220,DR01372,PR00003,SR07082,QC-07,Quay Crane,8.85,1.14,231,Inspection
CRN00221,DR09434,PR00001,SR07792,QC-01,RTG Crane,5.9,0.21,166,Operational
CRN00222,DR00320,PR00004,SR00271,QC-04,Quay Crane,9.7,0.71,226,Operational
CRN00223,DR08208,PR00005,SR07916,QC-05,Quay Crane,9.69,1.62,219,Maintenance
CRN00224,DR06093,PR00003,SR02378,QC-04,Quay Crane,5.18,0.93,114,Operational
CRN00225,DR07823,PR00004,SR03804,QC-04,Quay Crane,7.1,0.92,205,Operational
CRN00226,DR01595,PR00002,SR07045,QC-08,Quay Crane,6.04,0.62,174,Operational
CRN00227,DR02220,PR00002,SR05620,QC-06,Quay Crane,7.77,0.83,193,Operational
CRN00228,DR04808,PR00005,SR06436,QC-07,Quay Crane,7.48,1.34,237,Inspection
CRN00229,DR08608,PR00001,SR09436,QC-05,Quay Crane,7.97,1.67,196,Maintenance
CRN00230,DR00445,PR00005,SR06179,QC-05,Quay Crane,6.27,1.19,211,Inspection
CRN00231,DR07442,PR00004,SR03806,QC-08,Quay Crane,4.99,0.37,128,Operational
CRN00232,DR09751,PR00006,SR09924,QC-07,Quay Crane,5.47,1.08,123,Inspection
CRN00233,DR09114,PR00002,SR04393,QC-02,Quay Crane,8.29,0.53,307,Operational
CRN00234,DR08374,PR00003,SR09112,QC-06,Quay Crane,5.95,1.27,93,Inspection
CRN00235,DR07956,PR00001,SR02191,QC-06,Quay Crane,4.94,0.56,143,Operational
CRN00236,DR07400,PR00007,SR01983,QC-01,Quay Crane,5.9,0.63,137,Operational
CRN00237,DR02238,PR00005,SR04545,QC-05,RTG Crane,8.5,1.85,183,Maintenance
CRN00238,DR06459,PR00004,SR04391,QC-07,Quay Crane,5.84,0.91,154,Operational
CRN00239,DR07524,PR00005,SR08777,QC-02,Quay Crane,7.9,0.81,261,Operational
CRN00240,DR05370,PR00002,SR07890,QC-03,Quay Crane,7.22,1.06,209,Inspection
CRN00241,DR02160,PR00004,SR09061,QC-07,Quay Crane,7.39,1.21,148,Inspection
CRN00242,DR09293,PR00006,SR06434,QC-06,Quay Crane,7.78,0.95,173,Operational
CRN00243,DR03215,PR00001,SR04780,QC-08,Quay Crane,4.99,0.15,122,Operational
CRN00244,DR06493,PR00007,SR01211,QC-08,Quay Crane,7.61,0.14,184,Operational
CRN00245,DR05193,PR00006,SR02340,QC-01,Quay Crane,6.6,0.91,218,Operational
CRN00246,DR09268,PR00007,SR02824,QC-03,Quay Crane,6.66,1.44,189,Inspection
CRN00247,DR09823,PR00006,SR06069,QC-02,Quay Crane,6.47,0.66,161,Operational
CRN00248,DR04941,PR00002,SR07566,QC-02,Quay Crane,6.77,0.73,181,Operational
CRN00249,DR00816,PR00004,SR01615,QC-06,Quay Crane,7.7,0.83,180,Operational
CRN00250,DR07047,PR00001,SR09563,QC-06,RTG Crane,8.32,1.18,206,Inspection
CRN00251,DR04620,PR00005,SR05689,QC-06,RTG Crane,8.5,0.83,194,Operational
CRN00252,DR00525,PR00001,SR06938,QC-07,Quay Crane,10.0,0.83,275,Operational
CRN00253,DR00715,PR00006,SR07462,QC-01,Quay Crane,7.3,0.42,188,Operational
CRN00254,DR05277,PR00002,SR02014,QC-03,Quay Crane,9.03,1.14,242,Inspection
CRN00255,DR09885,PR00001,SR08635,QC-03,Quay Crane,6.32,1.29,196,Inspection
CRN00256,DR07993,PR00001,SR03413,QC-01,RTG Crane,5.83,0.88,150,Operational
CRN00257,DR02567,PR00005,SR00535,QC-07,Quay Crane,6.46,0.84,100,Operational
CRN00258,DR04897,PR00001,SR07585,QC-07,Quay Crane,5.92,0.91,210,Operational
CRN00259,DR07878,PR00001,SR00647,QC-07,Quay Crane,8.88,1.35,242,Inspection
CRN00260,DR08856,PR00001,SR07002,QC-01,RTG Crane,9.85,0.32,236,Operational
CRN00261,DR01344,PR00002,SR02937,QC-03,Quay Crane,8.14,1.61,207,Maintenance
CRN00262,DR02631,PR00007,SR06743,QC-02,Quay Crane,7.16,1.06,218,Inspection
CRN00263,DR09850,PR00003,SR05122,QC-08,Quay Crane,7.3,0.78,187,Operational
CRN00264,DR07499,PR00002,SR00767,QC-05,Quay Crane,7.74,2.14,193,Maintenance
CRN00265,DR05298,PR00001,SR09898,QC-02,Quay Crane,9.85,1.04,260,Inspection
CRN00266,DR01235,PR00001,SR04456,QC-02,Quay Crane,8.69,0.65,286,Operational
CRN00267,DR07195,PR00003,SR07125,QC-02,Quay Crane,10.0,1.41,330,Inspection
CRN00268,DR01881,PR00001,SR06963,QC-06,Quay Crane,6.83,0.61,214,Operational
CRN00269,DR09662,PR00001,SR05399,QC-05,Quay Crane,7.0,1.84,229,Maintenance
CRN00270,DR00164,PR00001,SR09616,QC-07,RTG Crane,7.7,1.12,160,Inspection
CRN00271,DR08535,PR00002,SR09133,QC-05,Quay Crane,5.96,2.24,134,Maintenance
CRN00272,DR09832,PR00005,SR04003,QC-04,Quay Crane,8.56,0.85,206,Operational
CRN00273,DR08595,PR00001,SR06216,QC-05,Quay Crane,6.32,2.02,178,Maintenance
CRN00274,DR08500,PR00005,SR00062,QC-07,Quay Crane,5.3,1.35,171,Inspection
CRN00275,DR07938,PR00004,SR03045,QC-06,Quay Crane,10.0,0.76,267,Operational
CRN00276,DR02152,PR00006,SR08139,QC-04,Quay Crane,9.21,0.5,245,Operational
CRN00277,DR00803,PR00001,SR08256,QC-07,Quay Crane,8.04,1.67,212,Maintenance
CRN00278,DR02791,PR00006,SR03477,QC-01,RTG Crane,8.55,0.92,208,Operational
CRN00279,DR09193,PR00006,SR00166,QC-01,Quay Crane,8.4,0.51,180,Operational
CRN00280,DR05684,PR00007,SR05346,QC-06,Quay Crane,7.02,0.76,219,Operational
CRN00281,DR00790,PR00006,SR01323,QC-08,Quay Crane,9.79,0.68,252,Operational
CRN00282,DR07865,PR00001,SR00173,QC-02,Quay Crane,9.3,1.15,241,Inspection
CRN00283,DR03075,PR00007,SR03914,QC-02,Quay Crane,8.44,0.93,248,Operational
CRN00284,DR07837,PR00006,SR04779,QC-08,RTG Crane,5.08,0.5,106,Operational
CRN00285,DR03451,PR00002,SR05766,QC-05,Quay Crane,5.15,1.85,182,Maintenance
CRN00286,DR02107,PR00001,SR06472,QC-06,Quay Crane,8.01,0.97,229,Operational
CRN00287,DR07996,PR00007,SR00950,QC-04,Quay Crane,9.18,1.1,225,Inspection
CRN00288,DR08220,PR00001,SR04811,QC-08,Quay Crane,5.58,0.38,187,Operational
CRN00289,DR02009,PR00005,SR08701,QC-05,Quay Crane,8.89,1.88,279,Maintenance
CRN00290,DR00035,PR00003,SR00170,QC-01,Quay Crane,6.38,0.75,118,Operational
CRN00291,DR04099,PR00005,SR09396,QC-01,Quay Crane,7.88,0.29,120,Operational
CRN00292,DR03453,PR00001,SR07372,QC-06,Quay Crane,6.99,0.82,181,Operational
CRN00293,DR08133,PR00005,SR07796,QC-03,Quay Crane,6.61,1.57,170,Maintenance
CRN00294,DR05659,PR00003,SR00202,QC-02,Quay Crane,6.96,0.9,194,Operational
CRN00295,DR04610,PR00007,SR02377,QC-03,Quay Crane,8.05,1.51,256,Inspection
CRN00296,DR07747,PR00001,SR09541,QC-08,RTG Crane,9.38,0.94,262,Operational
CRN00297,DR09157,PR00001,SR06085,QC-02,Quay Crane,6.38,0.79,164,Operational
CRN00298,DR07350,PR00001,SR07254,QC-07,Quay Crane,6.71,1.66,198,Maintenance
CRN00299,DR06883,PR00001,SR08528,QC-03,RTG Crane,8.07,1.74,253,Maintenance
CRN00300,DR01288,PR00007,SR02458,QC-01,Quay Crane,8.02,0.53,168,Operational
CRN00301,DR06987,PR00001,SR07014,QC-02,Quay Crane,5.79,0.98,190,Operational
CRN00302,DR04354,PR00002,SR08478,QC-02,Quay Crane,3.66,0.89,84,Operational
CRN00303,DR04296,PR00006,SR01258,QC-08,RTG Crane,5.38,0.23,182,Operational
CRN00304,DR08327,PR00002,SR08811,QC-01,Quay Crane,6.38,0.94,145,Operational
CRN00305,DR02904,PR00002,SR03730,QC-03,Quay Crane,7.13,1.11,162,Inspection
CRN00306,DR07961,PR00005,SR06070,QC-05,Quay Crane,8.53,2.07,242,Maintenance
CRN00307,DR07544,PR00003,SR06945,QC-02,Quay Crane,5.11,0.81,170,Operational
CRN00308,DR02080,PR00006,SR01453,QC-04,Quay Crane,6.88,0.4,233,Operational
CRN00309,DR00229,PR00004,SR01874,QC-02,Quay Crane,9.5,1.09,210,Inspection
CRN00310,DR00662,PR00002,SR07336,QC-05,Quay Crane,6.36,2.02,170,Maintenance
CRN00311,DR08764,PR00004,SR02394,QC-03,Quay Crane,8.95,1.17,265,Inspection
CRN00312,DR00159,PR00006,SR02838,QC-05,Quay Crane,8.53,1.54,177,Inspection
CRN00313,DR06330,PR00003,SR03360,QC-02,Quay Crane,9.19,0.85,201,Operational
CRN00314,DR03197,PR00005,SR07657,QC-07,Quay Crane,6.24,1.26,171,Inspection
CRN00315,DR04085,PR00003,SR06110,QC-05,RTG Crane,7.21,2.03,188,Maintenance
CRN00316,DR02316,PR00004,SR05203,QC-01,Quay Crane,6.54,0.05,191,Operational
CRN00317,DR00410,PR00005,SR08623,QC-04,Quay Crane,9.09,1.03,231,Inspection
CRN00318,DR03518,PR00001,SR07982,QC-08,Quay Crane,7.2,0.57,180,Operational
CRN00319,DR06293,PR00003,SR05232,QC-04,Quay Crane,7.2,0.85,250,Operational
CRN00320,DR01062,PR00001,SR07700,QC-07,Quay Crane,3.53,1.17,76,Inspection
CRN00321,DR05475,PR00005,SR09366,QC-03,Quay Crane,4.8,1.55,125,Inspection
CRN00322,DR04138,PR00004,SR03414,QC-01,RTG Crane,8.76,0.22,211,Operational
CRN00323,DR06168,PR00002,SR06497,QC-07,RTG Crane,8.6,0.87,263,Operational
CRN00324,DR00198,PR00001,SR05807,QC-01,Quay Crane,7.52,0.69,204,Operational
CRN00325,DR08547,PR00007,SR04332,QC-08,Quay Crane,10.0,0.94,288,Operational
CRN00326,DR00002,PR00002,SR03552,QC-08,Quay Crane,6.82,0.72,229,Operational
CRN00327,DR08058,PR00002,SR07451,QC-07,RTG Crane,8.32,0.96,223,Operational
CRN00328,DR05423,PR00001,SR07750,QC-01,Quay Crane,8.1,0.87,295,Operational
CRN00329,DR03703,PR00004,SR02345,QC-07,Quay Crane,8.77,1.22,278,Inspection
CRN00330,DR08290,PR00002,SR04289,QC-08,Quay Crane,8.43,0.54,230,Operational
CRN00331,DR07556,PR00006,SR04078,QC-01,Quay Crane,5.52,0.66,129,Operational
CRN00332,DR00924,PR00005,SR03711,QC-07,RTG Crane,5.64,1.2,116,Inspection
CRN00333,DR03008,PR00001,SR03055,QC-08,Quay Crane,7.09,0.38,176,Operational
CRN00334,DR02695,PR00004,SR09869,QC-01,Quay Crane,8.27,0.65,181,Operational
CRN00335,DR01044,PR00002,SR01341,QC-05,RTG Crane,10.0,1.62,293,Maintenance
CRN00336,DR05617,PR00001,SR04991,QC-07,Quay Crane,8.31,1.4,240,Inspection
CRN00337,DR08718,PR00004,SR04056,QC-01,RTG Crane,6.67,0.54,184,Operational
CRN00338,DR08491,PR00002,SR09823,QC-03,Quay Crane,6.96,1.34,207,Inspection
CRN00339,DR06379,PR00006,SR00586,QC-08,Quay Crane,8.54,0.83,229,Operational
CRN00340,DR03836,PR00004,SR00676,QC-02,Quay Crane,6.76,0.55,172,Operational
CRN00341,DR05491,PR00002,SR06742,QC-02,Quay Crane,8.3,0.77,248,Operational
CRN00342,DR08623,PR00007,SR06605,QC-08,Quay Crane,4.26,0.84,97,Operational
CRN00343,DR06007,PR00004,SR06118,QC-02,Quay Crane,5.5,0.75,181,Operational
CRN00344,DR00967,PR00001,SR08844,QC-06,Quay Crane,8.0,0.05,229,Operational
CRN00345,DR08327,PR00003,SR00634,QC-07,Quay Crane,10.0,1.24,330,Inspection
CRN00346,DR06385,PR00007,SR01598,QC-01,RTG Crane,6.33,0.73,181,Operational
CRN00347,DR07234,PR00003,SR06991,QC-05,Quay Crane,8.09,1.98,179,Maintenance
CRN00348,DR05270,PR00003,SR09254,QC-01,Quay Crane,9.35,0.67,262,Operational
CRN00349,DR06919,PR00003,SR05486,QC-08,Quay Crane,7.91,0.52,227,Operational
CRN00350,DR06912,PR00002,SR05010,QC-02,RTG Crane,7.22,0.62,193,Operational
CRN00351,DR04037,PR00001,SR05792,QC-07,Quay Crane,9.33,1.34,273,Inspection
CRN00352,DR01354,PR00004,SR01665,QC-01,Quay Crane,5.41,0.56,184,Operational
CRN00353,DR02171,PR00006,SR01924,QC-03,Quay Crane,4.09,1.26,109,Inspection
CRN00354,DR07229,PR00005,SR09800,QC-08,RTG Crane,5.15,0.51,167,Operational
CRN00355,DR02165,PR00001,SR01426,QC-08,Quay Crane,4.61,0.65,127,Operational
CRN00356,DR00199,PR00003,SR02789,QC-07,Quay Crane,5.9,1.26,133,Inspection
CRN00357,DR01453,PR00001,SR06262,QC-08,Quay Crane,6.99,0.47,136,Operational
CRN00358,DR04085,PR00002,SR04200,QC-03,Quay Crane,6.37,1.35,216,Inspection
CRN00359,DR09806,PR00004,SR02939,QC-06,Quay Crane,3.56,0.57,144,Operational
CRN00360,DR03563,PR00002,SR03182,QC-02,Quay Crane,6.81,0.97,154,Operational
CRN00361,DR07667,PR00006,SR06046,QC-08,Quay Crane,7.09,0.69,142,Operational
CRN00362,DR05511,PR00003,SR07348,QC-01,Quay Crane,8.23,0.59,217,Operational
CRN00363,DR04950,PR00004,SR07251,QC-06,Quay Crane,8.87,0.87,237,Operational
CRN00364,DR06582,PR00006,SR08462,QC-03,Quay Crane,8.21,1.73,178,Maintenance
CRN00365,DR09183,PR00005,SR09624,QC-03,Quay Crane,3.18,1.22,66,Inspection
CRN00366,DR06744,PR00006,SR00893,QC-06,Quay Crane,6.12,0.58,207,Operational
CRN00367,DR05697,PR00006,SR06090,QC-02,Quay Crane,6.42,0.71,176,Operational
CRN00368,DR04599,PR00004,SR00440,QC-03,Quay Crane,5.5,1.04,122,Inspection
CRN00369,DR02308,PR00002,SR01480,QC-01,RTG Crane,9.57,0.05,283,Operational
CRN00370,DR06544,PR00002,SR03425,QC-08,Quay Crane,6.55,1.08,163,Inspection
CRN00371,DR09423,PR00006,SR07127,QC-05,Quay Crane,5.68,1.69,114,Maintenance
CRN00372,DR05831,PR00001,SR09093,QC-02,RTG Crane,7.95,1.1,164,Inspection
CRN00373,DR02238,PR00007,SR09811,QC-08,Quay Crane,4.85,0.71,148,Operational
CRN00374,DR04644,PR00002,SR07726,QC-04,Quay Crane,5.74,0.99,110,Operational
CRN00375,DR02081,PR00005,SR03946,QC-06,RTG Crane,7.79,0.73,221,Operational
CRN00376,DR03690,PR00002,SR06000,QC-02,Quay Crane,5.74,1.34,210,Inspection
CRN00377,DR07308,PR00007,SR00050,QC-06,Quay Crane,9.74,0.69,291,Operational
CRN00378,DR09873,PR00001,SR08879,QC-08,Quay Crane,8.1,0.66,226,Operational
CRN00379,DR04216,PR00002,SR06870,QC-02,Quay Crane,7.33,0.71,241,Operational
CRN00380,DR03079,PR00006,SR06045,QC-01,RTG Crane,7.61,0.84,242,Operational
CRN00381,DR04941,PR00002,SR02038,QC-07,Quay Crane,5.08,1.33,184,Inspection
CRN00382,DR07320,PR00002,SR04970,QC-05,Quay Crane,7.13,1.36,168,Inspection
CRN00383,DR06045,PR00006,SR00376,QC-06,Quay Crane,5.34,0.88,113,Operational
CRN00384,DR07720,PR00006,SR03237,QC-05,Quay Crane,9.03,2.19,187,Maintenance
CRN00385,DR04254,PR00001,SR00990,QC-04,Quay Crane,10.0,0.51,303,Operational
CRN00386,DR02875,PR00004,SR07597,QC-07,Quay Crane,5.32,1.11,172,Inspection
CRN00387,DR08991,PR00002,SR09293,QC-04,Quay Crane,6.43,0.69,100,Operational
CRN00388,DR09828,PR00002,SR04703,QC-05,Quay Crane,7.47,1.74,227,Maintenance
CRN00389,DR07033,PR00004,SR08184,QC-03,RTG Crane,9.0,1.66,249,Maintenance
CRN00390,DR03403,PR00001,SR05496,QC-07,Quay Crane,10.0,1.04,248,Inspection
CRN00391,DR00476,PR00003,SR08905,QC-05,Quay Crane,7.18,1.86,214,Maintenance
CRN00392,DR02113,PR00002,SR02891,QC-07,RTG Crane,9.4,1.4,260,Inspection
CRN00393,DR08337,PR00006,SR06444,QC-01,Quay Crane,7.39,0.62,220,Operational
CRN00394,DR09875,PR00004,SR05570,QC-03,RTG Crane,6.61,1.56,140,Maintenance
CRN00395,DR08164,PR00002,SR07400,QC-07,Quay Crane,4.91,1.11,98,Inspection
CRN00396,DR06311,PR00007,SR08335,QC-02,Quay Crane,6.17,0.7,165,Operational
CRN00397,DR00180,PR00006,SR03580,QC-02,Quay Crane,7.19,0.86,186,Operational
CRN00398,DR07365,PR00002,SR05187,QC-08,RTG Crane,6.55,0.59,171,Operational
CRN00399,DR08670,PR00007,SR04264,QC-06,Quay Crane,10.0,0.97,313,Operational
CRN00400,DR08931,PR00002,SR02158,QC-04,Quay Crane,7.62,0.71,219,Operational
CRN00401,DR02237,PR00002,SR09996,QC-05,Quay Crane,6.83,1.93,152,Maintenance
CRN00402,DR03091,PR00003,SR03187,QC-07,Quay Crane,4.91,1.24,128,Inspection
CRN00403,DR08081,PR00001,SR06323,QC-03,Quay Crane,6.61,1.49,229,Inspection
CRN00404,DR07410,PR00005,SR02718,QC-02,RTG Crane,6.34,0.73,150,Operational
CRN00405,DR08716,PR00004,SR02105,QC-05,Quay Crane,7.07,2.03,138,Maintenance
CRN00406,DR02674,PR00006,SR04039,QC-02,Quay Crane,10.0,0.73,268,Operational
CRN00407,DR01378,PR00002,SR05395,QC-02,Quay Crane,8.21,1.38,197,Inspection
CRN00408,DR01635,PR00001,SR03995,QC-08,Quay Crane,7.71,0.92,216,Operational
CRN00409,DR05042,PR00002,SR04210,QC-01,Quay Crane,6.81,1.0,179,Operational
CRN00410,DR00068,PR00001,SR01401,QC-05,Quay Crane,6.66,1.84,182,Maintenance
CRN00411,DR08914,PR00007,SR05577,QC-03,Quay Crane,7.68,1.13,193,Inspection
CRN00412,DR03009,PR00005,SR00004,QC-05,Quay Crane,8.1,1.18,199,Inspection
CRN00413,DR08498,PR00006,SR02640,QC-02,Quay Crane,8.17,0.56,222,Operational
CRN00414,DR09999,PR00005,SR06814,QC-05,RTG Crane,8.51,1.87,181,Maintenance
CRN00415,DR01536,PR00002,SR09126,QC-06,Quay Crane,8.56,1.31,253,Inspection
CRN00416,DR06694,PR00001,SR01438,QC-04,RTG Crane,5.19,0.56,226,Operational
CRN00417,DR08870,PR00003,SR00413,QC-02,RTG Crane,7.62,0.71,199,Operational
CRN00418,DR08762,PR00006,SR07626,QC-05,Quay Crane,8.97,2.02,276,Maintenance
CRN00419,DR01258,PR00002,SR00552,QC-08,Quay Crane,6.43,0.11,217,Operational
CRN00420,DR01265,PR00001,SR03921,QC-08,RTG Crane,5.96,0.81,171,Operational
CRN00421,DR03214,PR00004,SR00444,QC-01,Quay Crane,4.53,0.84,74,Operational
CRN00422,DR02362,PR00002,SR03894,QC-01,Quay Crane,5.82,0.97,112,Operational
CRN00423,DR06859,PR00004,SR04747,QC-05,Quay Crane,6.87,1.9,137,Maintenance
CRN00424,DR03413,PR00001,SR00588,QC-03,Quay Crane,8.88,1.36,191,Inspection
CRN00425,DR03530,PR00003,SR01659,QC-07,Quay Crane,5.01,1.32,95,Inspection
CRN00426,DR06667,PR00003,SR08032,QC-07,Quay Crane,8.94,1.42,195,Inspection
CRN00427,DR01461,PR00006,SR04646,QC-03,RTG Crane,7.33,1.61,180,Maintenance
CRN00428,DR01791,PR00005,SR00669,QC-08,Quay Crane,4.96,0.64,181,Operational
CRN00429,DR07056,PR00001,SR09760,QC-03,Quay Crane,8.17,1.22,180,Inspection
CRN00430,DR03272,PR00006,SR04891,QC-01,RTG Crane,8.19,0.34,212,Operational
CRN00431,DR04908,PR00006,SR05909,QC-03,Quay Crane,7.54,1.45,187,Inspection
CRN00432,DR07942,PR00004,SR00133,QC-07,Quay Crane,7.83,1.31,188,Inspection
CRN00433,DR02788,PR00007,SR03448,QC-08,Quay Crane,8.31,0.45,217,Operational
CRN00434,DR07815,PR00006,SR08022,QC-07,Quay Crane,7.46,1.18,218,Inspection
CRN00435,DR08953,PR00002,SR05140,QC-08,Quay Crane,8.6,1.21,208,Inspection
CRN00436,DR01832,PR00003,SR00333,QC-03,Quay Crane,5.35,1.71,109,Maintenance
CRN00437,DR00460,PR00002,SR01491,QC-07,RTG Crane,7.75,1.71,210,Maintenance
CRN00438,DR03058,PR00003,SR03217,QC-07,Quay Crane,7.77,1.4,221,Inspection
CRN00439,DR03590,PR00007,SR03572,QC-06,Quay Crane,8.84,1.34,242,Inspection
CRN00440,DR03051,PR00004,SR08435,QC-08,Quay Crane,8.25,0.46,207,Operational
CRN00441,DR08637,PR00002,SR02623,QC-03,RTG Crane,6.6,1.64,124,Maintenance
CRN00442,DR03230,PR00007,SR07728,QC-04,Quay Crane,8.1,0.82,173,Operational
CRN00443,DR07307,PR00005,SR03336,QC-02,Quay Crane,5.95,1.09,127,Inspection
CRN00444,DR05172,PR00002,SR02046,QC-05,Quay Crane,5.81,1.88,159,Maintenance
CRN00445,DR00615,PR00007,SR03728,QC-01,Quay Crane,7.08,0.28,214,Operational
CRN00446,DR05972,PR00002,SR05886,QC-01,Quay Crane,5.7,0.42,161,Operational
CRN00447,DR01408,PR00003,SR00743,QC-01,Quay Crane,6.83,0.95,172,Operational
CRN00448,DR04947,PR00003,SR09170,QC-02,Quay Crane,8.19,0.59,200,Operational
CRN00449,DR04245,PR00007,SR02764,QC-02,Quay Crane,8.58,0.91,201,Operational
CRN00450,DR00077,PR00002,SR09969,QC-07,Quay Crane,5.6,1.14,140,Inspection
CRN00451,DR01294,PR00002,SR03216,QC-08,Quay Crane,4.09,0.9,108,Operational
CRN00452,DR01489,PR00004,SR02502,QC-05,Quay Crane,5.76,1.48,150,Inspection
CRN00453,DR07692,PR00006,SR04131,QC-03,Quay Crane,6.67,1.2,160,Inspection
CRN00454,DR00621,PR00001,SR08720,QC-02,Quay Crane,10.0,0.45,267,Operational
CRN00455,DR04480,PR00002,SR02383,QC-04,Quay Crane,6.12,0.56,171,Operational
CRN00456,DR00732,PR00007,SR09941,QC-08,Quay Crane,9.81,0.82,269,Operational
CRN00457,DR09511,PR00005,SR02968,QC-06,Quay Crane,8.32,0.52,216,Operational
CRN00458,DR08318,PR00002,SR03503,QC-08,Quay Crane,7.12,0.38,195,Operational
CRN00459,DR03204,PR00002,SR03744,QC-06,RTG Crane,6.96,0.75,241,Operational
CRN00460,DR04059,PR00003,SR01727,QC-02,Quay Crane,8.97,0.74,201,Operational
CRN00461,DR00627,PR00005,SR05400,QC-02,Quay Crane,6.35,0.7,197,Operational
CRN00462,DR01091,PR00004,SR01879,QC-06,Quay Crane,10.0,0.98,274,Operational
CRN00463,DR08884,PR00005,SR00292,QC-05,Quay Crane,8.1,2.04,198,Maintenance
CRN00464,DR09619,PR00001,SR08773,QC-03,Quay Crane,6.75,0.9,178,Operational
CRN00465,DR04299,PR00006,SR05622,QC-02,Quay Crane,7.45,0.92,157,Operational
CRN00466,DR03503,PR00001,SR05301,QC-08,RTG Crane,8.9,0.56,205,Operational
CRN00467,DR06954,PR00006,SR09243,QC-05,Quay Crane,9.89,1.92,255,Maintenance
CRN00468,DR06716,PR00001,SR06984,QC-08,RTG Crane,7.81,0.52,270,Operational
CRN00469,DR03817,PR00001,SR08865,QC-04,Quay Crane,6.52,0.98,147,Operational
CRN00470,DR06611,PR00001,SR05109,QC-05,RTG Crane,7.6,1.78,191,Maintenance
CRN00471,DR07170,PR00002,SR04245,QC-06,Quay Crane,5.54,1.3,169,Inspection
CRN00472,DR00999,PR00003,SR06843,QC-07,Quay Crane,8.35,1.58,184,Maintenance
CRN00473,DR06852,PR00004,SR06363,QC-08,Quay Crane,6.26,0.56,153,Operational
CRN00474,DR08344,PR00006,SR00704,QC-01,Quay Crane,6.54,0.66,174,Operational
CRN00475,DR00810,PR00003,SR01174,QC-02,RTG Crane,8.6,0.88,223,Operational
CRN00476,DR07736,PR00003,SR05359,QC-03,Quay Crane,8.54,1.41,249,Inspection
CRN00477,DR02695,PR00002,SR02960,QC-05,Quay Crane,5.94,1.34,199,Inspection
CRN00478,DR07251,PR00006,SR08494,QC-01,Quay Crane,7.6,0.05,182,Operational
CRN00479,DR00829,PR00001,SR02520,QC-07,Quay Crane,7.36,1.23,185,Inspection
CRN00480,DR05932,PR00002,SR02516,QC-06,Quay Crane,6.29,1.21,193,Inspection
CRN00481,DR00720,PR00001,SR06883,QC-06,Quay Crane,7.57,1.05,267,Inspection
CRN00482,DR07242,PR00002,SR04616,QC-06,Quay Crane,7.21,1.1,221,Inspection
CRN00483,DR04398,PR00004,SR09361,QC-03,RTG Crane,6.85,1.42,179,Inspection
CRN00484,DR06079,PR00001,SR03940,QC-06,Quay Crane,8.59,0.97,257,Operational
CRN00485,DR00080,PR00001,SR02209,QC-02,Quay Crane,5.27,1.07,132,Inspection
CRN00486,DR01099,PR00006,SR00835,QC-02,Quay Crane,6.62,0.71,211,Operational
CRN00487,DR02464,PR00001,SR00413,QC-07,Quay Crane,6.32,1.42,160,Inspection
CRN00488,DR04899,PR00004,SR02604,QC-02,Quay Crane,5.26,0.76,129,Operational
CRN00489,DR05360,PR00002,SR03017,QC-07,Quay Crane,7.48,1.19,211,Inspection
CRN00490,DR05628,PR00006,SR08638,QC-04,Quay Crane,5.91,1.04,140,Inspection
CRN00491,DR08328,PR00005,SR06367,QC-01,Quay Crane,6.32,0.59,207,Operational
CRN00492,DR09179,PR00001,SR00243,QC-02,Quay Crane,8.21,0.94,259,Operational
CRN00493,DR00044,PR00006,SR08152,QC-03,RTG Crane,4.85,1.59,129,Maintenance
CRN00494,DR08661,PR00003,SR06074,QC-06,Quay Crane,8.05,0.34,240,Operational
CRN00495,DR09313,PR00002,SR07934,QC-05,Quay Crane,9.37,1.95,252,Maintenance
CRN00496,DR04743,PR00005,SR01565,QC-08,Quay Crane,7.68,0.65,170,Operational
CRN00497,DR07708,PR00005,SR01407,QC-08,Quay Crane,8.4,0.25,258,Operational
CRN00498,DR05459,PR00002,SR09947,QC-03,Quay Crane,10.0,1.25,216,Inspection
CRN00499,DR09332,PR00002,SR01582,QC-03,RTG Crane,7.58,1.43,234,Inspection
CRN00500,DR07468,PR00001,SR06603,QC-01,Quay Crane,7.83,0.3,210,Operational
CRN00501,DR03262,PR00004,SR06402,QC-05,Quay Crane,8.8,1.91,197,Maintenance
CRN00502,DR08374,PR00007,SR05384,QC-02,Quay Crane,6.48,0.62,177,Operational
CRN00503,DR05889,PR00003,SR02039,QC-04,Quay Crane,6.13,0.51,195,Operational
CRN00504,DR05534,PR00007,SR04917,QC-03,Quay Crane,7.18,1.2,224,Inspection
CRN00505,DR03464,PR00001,SR04725,QC-05,Quay Crane,6.78,2.05,203,Maintenance
CRN00506,DR00796,PR00006,SR08279,QC-02,Quay Crane,5.39,1.17,117,Inspection
CRN00507,DR06350,PR00007,SR04850,QC-04,RTG Crane,5.28,0.85,110,Operational
CRN00508,DR03152,PR00005,SR07719,QC-04,Quay Crane,5.15,0.57,130,Operational
CRN00509,DR02914,PR00001,SR07639,QC-04,RTG Crane,6.44,0.83,169,Operational
CRN00510,DR09817,PR00002,SR03403,QC-04,Quay Crane,5.59,0.89,147,Operational
CRN00511,DR00007,PR00001,SR09676,QC-03,Quay Crane,8.05,1.32,170,Inspection
CRN00512,DR07016,PR00004,SR08872,QC-03,Quay Crane,9.36,1.11,251,Inspection
CRN00513,DR02610,PR00007,SR03390,QC-03,Quay Crane,7.95,1.79,224,Maintenance
CRN00514,DR06312,PR00003,SR07730,QC-05,RTG Crane,6.13,1.77,140,Maintenance
CRN00515,DR07960,PR00001,SR08647,QC-04,Quay Crane,10.0,0.68,274,Operational
CRN00516,DR00270,PR00002,SR02722,QC-05,Quay Crane,6.32,1.7,193,Maintenance
CRN00517,DR07315,PR00004,SR06399,QC-07,Quay Crane,6.57,1.63,128,Maintenance
CRN00518,DR01360,PR00004,SR06744,QC-03,RTG Crane,6.8,1.68,185,Maintenance
CRN00519,DR01651,PR00002,SR09793,QC-01,Quay Crane,8.64,0.64,181,Operational
CRN00520,DR07142,PR00005,SR04433,QC-06,Quay Crane,5.99,1.2,119,Inspection
CRN00521,DR00902,PR00001,SR07044,QC-03,Quay Crane,9.76,1.32,311,Inspection
CRN00522,DR06010,PR00004,SR05304,QC-04,Quay Crane,4.37,0.96,91,Operational
CRN00523,DR02613,PR00003,SR01661,QC-01,Quay Crane,6.17,0.55,173,Operational
CRN00524,DR07629,PR00001,SR00168,QC-01,Quay Crane,8.56,0.61,189,Operational
CRN00525,DR02052,PR00004,SR05994,QC-02,Quay Crane,10.0,0.66,265,Operational
CRN00526,DR00181,PR00005,SR01351,QC-03,Quay Crane,9.58,0.87,272,Operational
CRN00527,DR04532,PR00003,SR09027,QC-06,Quay Crane,8.13,0.77,241,Operational
CRN00528,DR05040,PR00006,SR07739,QC-01,RTG Crane,6.01,0.56,179,Operational
CRN00529,DR06719,PR00003,SR00824,QC-03,Quay Crane,6.29,1.17,159,Inspection
CRN00530,DR07607,PR00002,SR03460,QC-05,Quay Crane,8.4,2.47,235,Maintenance
CRN00531,DR09848,PR00007,SR00062,QC-07,Quay Crane,8.42,1.43,228,Inspection
CRN00532,DR03827,PR00007,SR01362,QC-03,Quay Crane,6.62,1.44,122,Inspection
CRN00533,DR08676,PR00001,SR08455,QC-02,Quay Crane,6.61,0.85,169,Operational
CRN00534,DR08789,PR00007,SR09521,QC-08,Quay Crane,8.87,0.69,211,Operational
CRN00535,DR02040,PR00005,SR09300,QC-06,Quay Crane,8.42,1.24,191,Inspection
CRN00536,DR00169,PR00001,SR08955,QC-03,Quay Crane,7.81,1.36,205,Inspection
CRN00537,DR06374,PR00003,SR03156,QC-05,Quay Crane,6.16,1.7,127,Maintenance
CRN00538,DR08044,PR00001,SR04248,QC-07,Quay Crane,7.88,1.09,226,Inspection
CRN00539,DR08493,PR00004,SR00153,QC-03,Quay Crane,6.57,1.06,193,Inspection
CRN00540,DR08901,PR00007,SR02510,QC-03,Quay Crane,7.2,1.13,115,Inspection
CRN00541,DR07426,PR00003,SR09156,QC-01,RTG Crane,7.55,0.76,234,Operational
CRN00542,DR00473,PR00003,SR06998,QC-03,Quay Crane,8.1,1.54,210,Inspection
CRN00543,DR05714,PR00002,SR01241,QC-07,Quay Crane,4.27,1.41,119,Inspection
CRN00544,DR05333,PR00004,SR00096,QC-08,Quay Crane,8.78,0.34,271,Operational
CRN00545,DR04144,PR00006,SR05965,QC-03,Quay Crane,8.68,1.61,191,Maintenance
CRN00546,DR03186,PR00002,SR05280,QC-08,RTG Crane,8.33,0.52,229,Operational
CRN00547,DR00324,PR00004,SR02386,QC-08,Quay Crane,7.8,0.53,232,Operational
CRN00548,DR03204,PR00002,SR01915,QC-03,Quay Crane,5.29,1.12,140,Inspection
CRN00549,DR03875,PR00005,SR00888,QC-01,Quay Crane,8.66,0.21,289,Operational
CRN00550,DR02585,PR00005,SR03190,QC-06,RTG Crane,6.4,0.7,147,Operational
CRN00551,DR04637,PR00005,SR03908,QC-01,Quay Crane,6.21,0.33,171,Operational
CRN00552,DR02756,PR00003,SR00213,QC-01,Quay Crane,10.0,0.43,275,Operational
CRN00553,DR06308,PR00004,SR05872,QC-06,Quay Crane,7.64,1.17,253,Inspection
CRN00554,DR00650,PR00004,SR07518,QC-08,Quay Crane,6.85,0.83,197,Operational
CRN00555,DR03438,PR00005,SR06440,QC-01,Quay Crane,6.51,0.76,176,Operational
CRN00556,DR00379,PR00004,SR01755,QC-06,Quay Crane,7.49,0.83,266,Operational
CRN00557,DR01967,PR00006,SR01946,QC-06,Quay Crane,6.12,0.82,189,Operational
CRN00558,DR04200,PR00002,SR03554,QC-02,Quay Crane,3.55,1.08,73,Inspection
CRN00559,DR01031,PR00001,SR09706,QC-02,RTG Crane,5.51,0.44,148,Operational
CRN00560,DR07369,PR00007,SR03421,QC-08,RTG Crane,7.2,0.1,227,Operational
CRN00561,DR07489,PR00001,SR07998,QC-02,Quay Crane,8.36,0.5,205,Operational
CRN00562,DR02700,PR00007,SR07264,QC-03,Quay Crane,8.17,1.42,241,Inspection
CRN00563,DR02421,PR00004,SR07836,QC-02,Quay Crane,8.18,0.81,259,Operational
CRN00564,DR06195,PR00007,SR06160,QC-03,Quay Crane,5.87,1.03,172,Inspection
CRN00565,DR04888,PR00004,SR05235,QC-04,Quay Crane,7.54,0.74,187,Operational
CRN00566,DR03764,PR00006,SR07781,QC-03,Quay Crane,8.22,1.51,206,Inspection
CRN00567,DR03537,PR00005,SR04542,QC-02,Quay Crane,8.27,1.46,237,Inspection
CRN00568,DR05338,PR00003,SR01593,QC-08,Quay Crane,6.39,0.95,183,Operational
CRN00569,DR09056,PR00003,SR00318,QC-04,Quay Crane,8.14,0.77,294,Operational
CRN00570,DR06868,PR00001,SR03383,QC-04,Quay Crane,7.39,0.93,175,Operational
CRN00571,DR04567,PR00002,SR06674,QC-03,Quay Crane,6.69,1.99,187,Maintenance
CRN00572,DR03298,PR00007,SR08430,QC-01,Quay Crane,5.6,0.34,147,Operational
CRN00573,DR09139,PR00002,SR06348,QC-04,Quay Crane,6.85,0.35,118,Operational
CRN00574,DR02901,PR00005,SR04393,QC-05,Quay Crane,6.24,2.14,193,Maintenance
CRN00575,DR08486,PR00003,SR01585,QC-02,Quay Crane,5.7,0.77,146,Operational
CRN00576,DR08426,PR00002,SR02111,QC-08,Quay Crane,6.7,0.36,225,Operational
CRN00577,DR06933,PR00007,SR08588,QC-08,Quay Crane,6.54,0.59,203,Operational
CRN00578,DR04285,PR00001,SR07419,QC-07,RTG Crane,10.0,0.99,296,Operational
CRN00579,DR04734,PR00004,SR05195,QC-06,Quay Crane,8.54,0.68,223,Operational
CRN00580,DR06919,PR00003,SR06039,QC-02,RTG Crane,6.24,0.99,150,Operational
CRN00581,DR09098,PR00001,SR02011,QC-05,Quay Crane,8.87,1.7,297,Maintenance
CRN00582,DR04733,PR00002,SR07218,QC-04,Quay Crane,7.85,0.33,229,Operational
CRN00583,DR04291,PR00005,SR06287,QC-02,Quay Crane,5.17,0.83,201,Operational
CRN00584,DR03102,PR00001,SR02453,QC-07,RTG Crane,7.33,1.1,197,Inspection
CRN00585,DR02001,PR00006,SR01835,QC-02,Quay Crane,7.56,0.92,218,Operational
CRN00586,DR01202,PR00004,SR08395,QC-01,RTG Crane,6.79,0.49,206,Operational
CRN00587,DR08611,PR00001,SR00771,QC-08,Quay Crane,4.5,0.48,158,Operational
CRN00588,DR05247,PR00002,SR04897,QC-07,Quay Crane,4.01,1.52,45,Inspection
CRN00589,DR08255,PR00001,SR00590,QC-06,Quay Crane,8.31,0.67,216,Operational
CRN00590,DR06866,PR00006,SR04327,QC-02,RTG Crane,7.31,1.1,213,Inspection
CRN00591,DR03330,PR00003,SR07207,QC-01,Quay Crane,6.16,0.56,215,Operational
CRN00592,DR07668,PR00001,SR01120,QC-01,RTG Crane,8.79,0.8,268,Operational
CRN00593,DR09265,PR00004,SR02217,QC-06,Quay Crane,7.29,0.96,185,Operational
CRN00594,DR02238,PR00003,SR09377,QC-01,RTG Crane,5.41,0.63,161,Operational
CRN00595,DR03612,PR00004,SR09956,QC-04,Quay Crane,7.44,0.79,284,Operational
CRN00596,DR04300,PR00001,SR09928,QC-03,Quay Crane,8.49,1.71,231,Maintenance
CRN00597,DR09644,PR00001,SR03846,QC-01,RTG Crane,3.9,0.64,99,Operational
CRN00598,DR06750,PR00002,SR09370,QC-06,RTG Crane,8.8,0.64,266,Operational
CRN00599,DR09972,PR00005,SR01642,QC-08,Quay Crane,8.92,0.68,241,Operational
CRN00600,DR05490,PR00004,SR03960,QC-03,Quay Crane,8.03,1.62,220,Maintenance
CRN00601,DR00693,PR00002,SR06952,QC-06,RTG Crane,7.11,1.24,205,Inspection
CRN00602,DR09616,PR00002,SR00700,QC-01,Quay Crane,7.6,0.46,194,Operational
CRN00603,DR04197,PR00005,SR09819,QC-02,Quay Crane,5.8,0.68,142,Operational
CRN00604,DR07038,PR00001,SR00126,QC-01,Quay Crane,5.89,0.26,223,Operational
CRN00605,DR04190,PR00004,SR00945,QC-08,Quay Crane,9.38,0.84,225,Operational
CRN00606,DR00513,PR00003,SR02762,QC-01,Quay Crane,6.38,0.75,144,Operational
CRN00607,DR02402,PR00002,SR08450,QC-06,Quay Crane,6.6,1.33,178,Inspection
CRN00608,DR07235,PR00003,SR09234,QC-01,Quay Crane,8.28,0.4,203,Operational
CRN00609,DR02613,PR00002,SR07008,QC-07,Quay Crane,4.25,1.25,127,Inspection
CRN00610,DR04560,PR00004,SR00560,QC-08,Quay Crane,6.31,0.58,182,Operational
CRN00611,DR06826,PR00001,SR03382,QC-06,Quay Crane,6.47,0.82,199,Operational
CRN00612,DR07621,PR00003,SR09212,QC-01,Quay Crane,7.25,0.54,236,Operational
CRN00613,DR08246,PR00003,SR03290,QC-04,Quay Crane,8.08,0.42,238,Operational
CRN00614,DR00240,PR00001,SR09090,QC-03,Quay Crane,7.07,1.54,221,Inspection
CRN00615,DR05748,PR00004,SR02076,QC-04,Quay Crane,7.24,0.95,142,Operational
CRN00616,DR07819,PR00005,SR06440,QC-01,Quay Crane,5.01,0.72,135,Operational
CRN00617,DR04267,PR00007,SR04934,QC-08,RTG Crane,3.22,0.62,45,Operational
CRN00618,DR02389,PR00002,SR04834,QC-02,Quay Crane,6.81,1.04,193,Inspection
CRN00619,DR08254,PR00002,SR07425,QC-06,Quay Crane,5.87,0.86,199,Operational
CRN00620,DR00836,PR00002,SR00691,QC-04,RTG Crane,6.78,0.36,150,Operational
CRN00621,DR06844,PR00006,SR05887,QC-07,Quay Crane,7.84,1.13,153,Inspection
CRN00622,DR01339,PR00003,SR06781,QC-06,Quay Crane,5.21,0.8,119,Operational
CRN00623,DR03736,PR00002,SR00118,QC-08,Quay Crane,9.26,1.22,274,Inspection
CRN00624,DR09651,PR00005,SR06284,QC-07,RTG Crane,8.06,1.4,220,Inspection
CRN00625,DR03972,PR00001,SR07475,QC-02,Quay Crane,6.95,0.83,172,Operational
CRN00626,DR04416,PR00004,SR04386,QC-01,Quay Crane,7.71,0.84,216,Operational
CRN00627,DR07230,PR00003,SR09687,QC-04,Quay Crane,6.3,0.87,125,Operational
CRN00628,DR05318,PR00004,SR08387,QC-03,Quay Crane,6.27,1.38,169,Inspection
CRN00629,DR08537,PR00005,SR00028,QC-01,Quay Crane,4.26,0.52,95,Operational
CRN00630,DR04502,PR00002,SR07007,QC-05,Quay Crane,3.6,1.65,111,Maintenance
CRN00631,DR02155,PR00004,SR01322,QC-08,Quay Crane,7.07,0.72,150,Operational
CRN00632,DR02457,PR00003,SR07739,QC-03,Quay Crane,4.64,1.59,119,Maintenance
CRN00633,DR08899,PR00001,SR02867,QC-02,Quay Crane,8.24,0.5,218,Operational
CRN00634,DR08287,PR00006,SR06361,QC-04,Quay Crane,6.81,0.82,216,Operational
CRN00635,DR06979,PR00005,SR06859,QC-05,RTG Crane,6.33,1.96,136,Maintenance
CRN00636,DR07862,PR00007,SR06264,QC-08,Quay Crane,6.11,0.43,108,Operational
CRN00637,DR02099,PR00005,SR06648,QC-01,Quay Crane,4.03,0.55,128,Operational
CRN00638,DR01913,PR00002,SR01318,QC-01,RTG Crane,7.9,0.19,183,Operational
CRN00639,DR08707,PR00003,SR09214,QC-07,Quay Crane,7.98,1.26,208,Inspection
CRN00640,DR05098,PR00003,SR08059,QC-07,Quay Crane,5.33,1.32,149,Inspection
CRN00641,DR02402,PR00001,SR08241,QC-06,RTG Crane,7.94,1.13,145,Inspection
CRN00642,DR01933,PR00003,SR01236,QC-07,RTG Crane,5.18,1.31,99,Inspection
CRN00643,DR06196,PR00002,SR00358,QC-01,Quay Crane,4.83,0.82,161,Operational
CRN00644,DR02473,PR00001,SR04112,QC-08,Quay Crane,9.14,0.45,281,Operational
CRN00645,DR07353,PR00006,SR05212,QC-06,Quay Crane,4.49,1.13,112,Inspection
CRN00646,DR02607,PR00001,SR00905,QC-08,Quay Crane,4.42,0.53,87,Operational
CRN00647,DR09510,PR00003,SR09276,QC-04,Quay Crane,5.93,0.5,241,Operational
CRN00648,DR03345,PR00006,SR06124,QC-07,RTG Crane,7.96,1.07,223,Inspection
CRN00649,DR01839,PR00004,SR02426,QC-08,Quay Crane,6.54,0.34,207,Operational
CRN00650,DR08658,PR00001,SR04899,QC-02,Quay Crane,8.73,0.91,217,Operational
CRN00651,DR02086,PR00004,SR01110,QC-01,Quay Crane,9.01,0.27,219,Operational
CRN00652,DR04896,PR00005,SR07741,QC-03,Quay Crane,7.07,1.57,215,Maintenance
CRN00653,DR00878,PR00006,SR04531,QC-03,Quay Crane,6.42,1.45,161,Inspection
CRN00654,DR02620,PR00002,SR07340,QC-01,Quay Crane,8.5,0.67,239,Operational
CRN00655,DR01877,PR00001,SR02777,QC-08,Quay Crane,8.83,0.56,237,Operational
CRN00656,DR09111,PR00004,SR03770,QC-06,Quay Crane,5.33,0.43,190,Operational
CRN00657,DR00284,PR00002,SR01181,QC-02,Quay Crane,8.64,0.74,230,Operational
CRN00658,DR03927,PR00006,SR06652,QC-08,Quay Crane,6.45,0.64,191,Operational
CRN00659,DR04624,PR00005,SR09950,QC-02,Quay Crane,7.02,0.71,195,Operational
CRN00660,DR00933,PR00005,SR01887,QC-07,Quay Crane,8.63,1.41,185,Inspection
CRN00661,DR07072,PR00007,SR01818,QC-03,Quay Crane,5.99,1.27,131,Inspection
CRN00662,DR05548,PR00004,SR00702,QC-04,Quay Crane,8.84,0.85,249,Operational
CRN00663,DR01494,PR00007,SR02036,QC-04,Quay Crane,5.34,0.52,133,Operational
CRN00664,DR05620,PR00004,SR05486,QC-04,Quay Crane,7.25,0.93,187,Operational
CRN00665,DR00243,PR00001,SR09543,QC-05,Quay Crane,4.96,2.16,162,Maintenance
CRN00666,DR04130,PR00006,SR07291,QC-01,RTG Crane,6.56,0.39,171,Operational
CRN00667,DR06521,PR00005,SR05294,QC-08,Quay Crane,8.74,0.86,302,Operational
CRN00668,DR04332,PR00007,SR03748,QC-05,Quay Crane,4.42,1.92,98,Maintenance
CRN00669,DR05146,PR00002,SR04590,QC-04,RTG Crane,4.75,0.46,111,Operational
CRN00670,DR07048,PR00002,SR02874,QC-02,Quay Crane,8.67,0.86,281,Operational
CRN00671,DR03974,PR00006,SR09842,QC-03,Quay Crane,6.4,1.47,174,Inspection
CRN00672,DR05768,PR00001,SR09019,QC-08,Quay Crane,6.77,0.19,230,Operational
CRN00673,DR01140,PR00004,SR05753,QC-01,Quay Crane,8.31,0.38,194,Operational
CRN00674,DR05075,PR00003,SR02306,QC-07,Quay Crane,8.21,1.27,156,Inspection
CRN00675,DR00883,PR00001,SR03180,QC-08,Quay Crane,5.26,0.3,66,Operational
CRN00676,DR02721,PR00001,SR03381,QC-05,Quay Crane,7.07,1.45,140,Inspection
CRN00677,DR04334,PR00006,SR00795,QC-05,Quay Crane,7.31,2.11,143,Maintenance
CRN00678,DR09817,PR00001,SR04391,QC-05,Quay Crane,6.94,2.35,187,Maintenance
CRN00679,DR09374,PR00005,SR06074,QC-04,Quay Crane,6.12,0.87,157,Operational
CRN00680,DR05895,PR00005,SR08970,QC-04,Quay Crane,7.72,0.66,200,Operational
CRN00681,DR00597,PR00004,SR05841,QC-03,Quay Crane,6.32,1.22,126,Inspection
CRN00682,DR09553,PR00003,SR02025,QC-01,Quay Crane,7.38,0.78,226,Operational
CRN00683,DR07124,PR00001,SR04866,QC-01,Quay Crane,7.12,0.43,216,Operational
CRN00684,DR04860,PR00006,SR09596,QC-07,Quay Crane,7.81,1.55,155,Inspection
CRN00685,DR02815,PR00001,SR09359,QC-07,Quay Crane,4.61,1.3,105,Inspection
CRN00686,DR01144,PR00002,SR04842,QC-02,Quay Crane,7.45,1.01,174,Inspection
CRN00687,DR05361,PR00007,SR05996,QC-06,RTG Crane,9.42,1.11,305,Inspection
CRN00688,DR01397,PR00002,SR08000,QC-07,Quay Crane,8.89,1.03,245,Inspection
CRN00689,DR01397,PR00002,SR07405,QC-03,Quay Crane,6.25,1.65,158,Maintenance
CRN00690,DR06451,PR00007,SR02569,QC-07,RTG Crane,7.72,1.34,209,Inspection
CRN00691,DR08942,PR00001,SR03233,QC-02,Quay Crane,6.46,0.51,182,Operational
CRN00692,DR02487,PR00001,SR08554,QC-05,Quay Crane,6.14,1.58,164,Maintenance
CRN00693,DR09720,PR00003,SR05147,QC-02,Quay Crane,7.47,0.28,143,Operational
CRN00694,DR02736,PR00006,SR09066,QC-01,RTG Crane,6.84,0.53,186,Operational
CRN00695,DR03316,PR00006,SR08714,QC-01,Quay Crane,4.25,0.51,202,Operational
CRN00696,DR05056,PR00005,SR08854,QC-02,Quay Crane,8.6,1.06,201,Inspection
CRN00697,DR00490,PR00007,SR05285,QC-04,Quay Crane,7.81,1.13,235,Inspection
CRN00698,DR03773,PR00001,SR06921,QC-07,Quay Crane,8.47,1.34,242,Inspection
CRN00699,DR09668,PR00004,SR06712,QC-01,RTG Crane,8.06,0.1,222,Operational
CRN00700,DR04641,PR00001,SR09765,QC-06,Quay Crane,8.89,1.11,210,Inspection
CRN00701,DR07327,PR00007,SR08876,QC-01,Quay Crane,7.93,0.43,234,Operational
CRN00702,DR01916,PR00007,SR02903,QC-03,Quay Crane,5.53,1.4,129,Inspection
CRN00703,DR06264,PR00002,SR08050,QC-05,Quay Crane,5.49,2.21,129,Maintenance
CRN00704,DR02958,PR00006,SR01994,QC-03,Quay Crane,6.53,1.16,184,Inspection
CRN00705,DR08918,PR00004,SR07603,QC-03,Quay Crane,5.88,1.01,126,Inspection
CRN00706,DR03100,PR00001,SR03419,QC-08,Quay Crane,3.73,0.62,87,Operational
CRN00707,DR01061,PR00004,SR03146,QC-04,Quay Crane,5.64,0.33,176,Operational
CRN00708,DR03756,PR00007,SR04132,QC-05,Quay Crane,8.88,1.83,229,Maintenance
CRN00709,DR06900,PR00002,SR07405,QC-06,Quay Crane,5.58,0.97,92,Operational
CRN00710,DR02460,PR00001,SR01638,QC-02,Quay Crane,7.55,0.39,219,Operational
CRN00711,DR05351,PR00007,SR03439,QC-08,Quay Crane,5.92,0.46,178,Operational
CRN00712,DR03921,PR00003,SR04796,QC-01,Quay Crane,7.22,0.8,215,Operational
CRN00713,DR02892,PR00003,SR00506,QC-01,Quay Crane,6.64,0.91,171,Operational
CRN00714,DR05751,PR00005,SR08038,QC-02,Quay Crane,6.03,1.14,129,Inspection
CRN00715,DR00881,PR00004,SR08584,QC-06,RTG Crane,7.78,1.24,169,Inspection
CRN00716,DR02901,PR00002,SR03994,QC-06,Quay Crane,6.42,1.02,158,Inspection
CRN00717,DR08066,PR00001,SR05020,QC-02,Quay Crane,5.42,0.42,169,Operational
CRN00718,DR05889,PR00006,SR08326,QC-04,Quay Crane,7.03,0.9,167,Operational
CRN00719,DR01591,PR00003,SR02372,QC-03,Quay Crane,9.41,1.3,305,Inspection
CRN00720,DR01853,PR00005,SR02393,QC-03,Quay Crane,6.09,0.77,145,Operational
CRN00721,DR02116,PR00006,SR01602,QC-05,Quay Crane,7.04,1.94,220,Maintenance
CRN00722,DR08298,PR00001,SR04523,QC-06,Quay Crane,8.31,0.92,235,Operational
CRN00723,DR03465,PR00006,SR06544,QC-03,Quay Crane,7.22,1.37,172,Inspection
CRN00724,DR00738,PR00005,SR03771,QC-07,Quay Crane,4.97,1.0,94,Operational
CRN00725,DR09572,PR00007,SR07729,QC-01,Quay Crane,5.34,0.34,161,Operational
CRN00726,DR04041,PR00002,SR08334,QC-06,Quay Crane,4.34,1.0,108,Operational
CRN00727,DR00275,PR00002,SR06812,QC-05,Quay Crane,6.85,1.78,152,Maintenance
CRN00728,DR04467,PR00004,SR02947,QC-06,Quay Crane,5.14,0.88,137,Operational
CRN00729,DR04931,PR00007,SR09080,QC-08,Quay Crane,6.04,0.38,172,Operational
CRN00730,DR09020,PR00007,SR04396,QC-06,Quay Crane,7.57,0.65,179,Operational
CRN00731,DR08241,PR00003,SR04651,QC-03,Quay Crane,6.88,1.17,184,Inspection
CRN00732,DR08589,PR00003,SR08077,QC-02,Quay Crane,4.6,1.01,53,Inspection
CRN00733,DR08623,PR00001,SR04413,QC-03,RTG Crane,6.93,1.52,138,Inspection
CRN00734,DR02297,PR00005,SR05679,QC-01,Quay Crane,7.03,0.11,223,Operational
CRN00735,DR00903,PR00006,SR09489,QC-07,Quay Crane,9.34,1.2,238,Inspection
CRN00736,DR01075,PR00006,SR01270,QC-02,RTG Crane,7.37,0.67,219,Operational
CRN00737,DR06897,PR00002,SR04812,QC-01,Quay Crane,8.51,1.05,244,Inspection
CRN00738,DR08665,PR00007,SR04095,QC-01,Quay Crane,9.98,0.36,305,Operational
CRN00739,DR01891,PR00001,SR03615,QC-04,Quay Crane,9.0,0.47,267,Operational
CRN00740,DR09146,PR00003,SR02227,QC-08,Quay Crane,5.51,0.41,176,Operational
CRN00741,DR07786,PR00004,SR09703,QC-01,Quay Crane,6.86,0.87,139,Operational
CRN00742,DR09537,PR00003,SR01140,QC-08,Quay Crane,10.0,0.18,327,Operational
CRN00743,DR03444,PR00005,SR02258,QC-08,Quay Crane,5.9,0.35,179,Operational
CRN00744,DR04004,PR00004,SR02306,QC-04,RTG Crane,7.08,0.72,265,Operational
CRN00745,DR07344,PR00001,SR07545,QC-06,Quay Crane,8.59,1.07,225,Inspection
CRN00746,DR06929,PR00001,SR01312,QC-01,Quay Crane,7.78,0.69,185,Operational
CRN00747,DR01272,PR00003,SR02741,QC-06,Quay Crane,6.47,0.37,211,Operational
CRN00748,DR08545,PR00005,SR02023,QC-07,RTG Crane,8.63,1.01,257,Inspection
CRN00749,DR01282,PR00003,SR06066,QC-01,Quay Crane,5.11,0.67,85,Operational
CRN00750,DR09001,PR00002,SR05575,QC-06,Quay Crane,6.58,0.74,174,Operational
CRN00751,DR06275,PR00001,SR09688,QC-01,Quay Crane,7.88,0.25,199,Operational
CRN00752,DR02498,PR00006,SR02927,QC-01,Quay Crane,5.61,0.72,134,Operational
CRN00753,DR01795,PR00003,SR01549,QC-02,Quay Crane,9.15,1.11,247,Inspection
CRN00754,DR05488,PR00003,SR07558,QC-01,Quay Crane,8.2,0.41,198,Operational
CRN00755,DR08865,PR00003,SR03026,QC-07,RTG Crane,9.11,1.12,276,Inspection
CRN00756,DR08256,PR00002,SR04082,QC-01,Quay Crane,10.0,0.32,253,Operational
CRN00757,DR01318,PR00002,SR07683,QC-01,Quay Crane,7.6,0.74,181,Operational
CRN00758,DR00149,PR00001,SR01412,QC-06,Quay Crane,5.12,1.4,91,Inspection
CRN00759,DR07106,PR00005,SR08232,QC-02,RTG Crane,7.76,0.84,218,Operational
CRN00760,DR09423,PR00002,SR01081,QC-08,RTG Crane,7.66,0.59,173,Operational
CRN00761,DR02786,PR00002,SR09226,QC-03,Quay Crane,8.87,1.32,252,Inspection
CRN00762,DR08248,PR00007,SR08159,QC-08,Quay Crane,6.03,0.65,196,Operational
CRN00763,DR07966,PR00003,SR07703,QC-03,Quay Crane,5.26,0.72,125,Operational
CRN00764,DR03767,PR00003,SR04486,QC-01,Quay Crane,6.71,0.13,230,Operational
CRN00765,DR08201,PR00003,SR06145,QC-08,Quay Crane,9.34,0.96,243,Operational
CRN00766,DR02847,PR00002,SR03101,QC-08,RTG Crane,7.59,1.07,236,Inspection
CRN00767,DR07454,PR00001,SR03647,QC-03,Quay Crane,6.88,1.25,205,Inspection
CRN00768,DR03407,PR00006,SR06470,QC-02,Quay Crane,7.06,0.62,172,Operational
CRN00769,DR00624,PR00003,SR09358,QC-05,Quay Crane,7.23,2.14,184,Maintenance
CRN00770,DR04831,PR00005,SR03584,QC-07,Quay Crane,8.91,1.43,242,Inspection
CRN00771,DR06116,PR00007,SR09073,QC-03,Quay Crane,7.53,1.58,168,Maintenance
CRN00772,DR06387,PR00001,SR02062,QC-04,Quay Crane,9.98,0.39,242,Operational
CRN00773,DR01552,PR00005,SR00642,QC-03,Quay Crane,7.22,0.95,175,Operational
CRN00774,DR08621,PR00001,SR01994,QC-04,Quay Crane,7.14,0.33,175,Operational
CRN00775,DR08257,PR00003,SR07695,QC-07,RTG Crane,8.56,1.07,155,Inspection
CRN00776,DR09187,PR00006,SR00279,QC-01,RTG Crane,7.26,0.42,264,Operational
CRN00777,DR00907,PR00001,SR06665,QC-01,Quay Crane,10.0,0.64,259,Operational
CRN00778,DR09347,PR00007,SR04428,QC-06,RTG Crane,6.28,1.23,202,Inspection
CRN00779,DR01548,PR00004,SR00153,QC-06,RTG Crane,6.77,0.64,201,Operational
CRN00780,DR09709,PR00003,SR02568,QC-03,Quay Crane,4.62,1.56,91,Maintenance
CRN00781,DR04851,PR00001,SR08689,QC-05,Quay Crane,9.15,2.13,260,Maintenance
CRN00782,DR09504,PR00004,SR04370,QC-03,Quay Crane,10.0,2.02,234,Maintenance
CRN00783,DR07260,PR00003,SR07760,QC-01,Quay Crane,7.75,0.59,269,Operational
CRN00784,DR00962,PR00002,SR02209,QC-08,Quay Crane,9.43,0.62,238,Operational
CRN00785,DR02070,PR00003,SR08164,QC-02,RTG Crane,5.05,0.76,111,Operational
CRN00786,DR05467,PR00001,SR01397,QC-05,Quay Crane,8.44,1.89,254,Maintenance
CRN00787,DR08724,PR00007,SR04482,QC-02,Quay Crane,8.09,1.37,211,Inspection
CRN00788,DR09109,PR00002,SR04781,QC-01,Quay Crane,10.0,0.75,320,Operational
CRN00789,DR08429,PR00003,SR03817,QC-07,RTG Crane,8.21,1.25,191,Inspection
CRN00790,DR05655,PR00006,SR07427,QC-02,Quay Crane,8.18,0.4,288,Operational
CRN00791,DR05494,PR00005,SR09470,QC-08,Quay Crane,6.77,0.72,148,Operational
CRN00792,DR01825,PR00006,SR01819,QC-03,Quay Crane,8.72,1.09,249,Inspection
CRN00793,DR05915,PR00007,SR04091,QC-01,Quay Crane,5.25,0.89,117,Operational
CRN00794,DR02036,PR00001,SR04260,QC-08,Quay Crane,6.67,0.55,180,Operational
CRN00795,DR00795,PR00003,SR09459,QC-05,Quay Crane,6.87,1.39,217,Inspection
CRN00796,DR05009,PR00005,SR06271,QC-06,Quay Crane,4.36,0.61,92,Operational
CRN00797,DR00136,PR00001,SR08443,QC-07,Quay Crane,8.17,1.03,271,Inspection
CRN00798,DR03482,PR00005,SR00189,QC-04,Quay Crane,4.91,0.68,153,Operational
CRN00799,DR01121,PR00001,SR01070,QC-03,Quay Crane,8.94,1.28,181,Inspection
CRN00800,DR00452,PR00007,SR07871,QC-07,Quay Crane,5.72,1.09,139,Inspection
CRN00801,DR03988,PR00005,SR03183,QC-05,Quay Crane,7.11,2.28,180,Maintenance
CRN00802,DR04252,PR00004,SR07867,QC-06,Quay Crane,8.43,0.82,233,Operational
CRN00803,DR03335,PR00003,SR08400,QC-03,Quay Crane,10.0,1.18,238,Inspection
CRN00804,DR04502,PR00007,SR06103,QC-08,Quay Crane,6.44,0.63,156,Operational
CRN00805,DR01063,PR00005,SR06697,QC-04,Quay Crane,6.24,0.59,132,Operational
CRN00806,DR06930,PR00006,SR08277,QC-06,Quay Crane,8.87,0.99,285,Operational
CRN00807,DR09359,PR00006,SR02363,QC-05,Quay Crane,7.58,1.6,144,Maintenance
CRN00808,DR09183,PR00001,SR00560,QC-01,Quay Crane,8.15,0.58,170,Operational
CRN00809,DR06079,PR00001,SR00473,QC-04,Quay Crane,7.82,0.23,191,Operational
CRN00810,DR01250,PR00001,SR00642,QC-07,RTG Crane,7.16,0.97,173,Operational
CRN00811,DR08389,PR00004,SR07902,QC-08,Quay Crane,6.92,0.5,169,Operational
CRN00812,DR07531,PR00004,SR05538,QC-08,Quay Crane,9.76,0.49,261,Operational
CRN00813,DR05140,PR00002,SR07362,QC-03,Quay Crane,5.27,1.35,168,Inspection
CRN00814,DR09056,PR00007,SR08241,QC-02,Quay Crane,5.08,0.57,111,Operational
CRN00815,DR09596,PR00001,SR06221,QC-01,Quay Crane,5.84,0.54,140,Operational
CRN00816,DR02088,PR00005,SR07058,QC-08,Quay Crane,9.83,0.71,289,Operational
CRN00817,DR02440,PR00003,SR08905,QC-06,Quay Crane,10.0,0.87,319,Operational
CRN00818,DR04048,PR00003,SR08292,QC-04,Quay Crane,8.63,0.72,258,Operational
CRN00819,DR01973,PR00001,SR03734,QC-06,Quay Crane,4.47,0.84,51,Operational
CRN00820,DR03542,PR00005,SR02527,QC-02,Quay Crane,8.25,0.78,225,Operational
CRN00821,DR04227,PR00005,SR08708,QC-05,Quay Crane,7.13,1.75,221,Maintenance
CRN00822,DR03454,PR00002,SR09011,QC-06,Quay Crane,5.85,1.62,86,Maintenance
CRN00823,DR06474,PR00003,SR05089,QC-02,Quay Crane,9.44,0.82,256,Operational
CRN00824,DR08644,PR00004,SR01392,QC-03,Quay Crane,9.37,1.08,242,Inspection
CRN00825,DR06184,PR00003,SR08757,QC-01,Quay Crane,6.3,0.47,235,Operational
CRN00826,DR00803,PR00004,SR02610,QC-08,Quay Crane,8.79,0.29,254,Operational
CRN00827,DR08152,PR00003,SR03232,QC-03,Quay Crane,6.4,0.77,189,Operational
CRN00828,DR02590,PR00006,SR08841,QC-03,Quay Crane,7.4,1.36,228,Inspection
CRN00829,DR04578,PR00005,SR00829,QC-03,Quay Crane,5.24,1.6,47,Maintenance
CRN00830,DR04276,PR00001,SR00493,QC-08,Quay Crane,6.11,0.74,180,Operational
CRN00831,DR01406,PR00006,SR08333,QC-05,Quay Crane,5.11,1.87,102,Maintenance
CRN00832,DR09440,PR00002,SR05183,QC-05,Quay Crane,6.59,2.07,130,Maintenance
CRN00833,DR03097,PR00007,SR06865,QC-05,Quay Crane,4.65,1.73,101,Maintenance
CRN00834,DR01321,PR00004,SR01806,QC-01,Quay Crane,10.0,0.05,273,Operational
CRN00835,DR06464,PR00001,SR07876,QC-05,Quay Crane,6.39,1.97,169,Maintenance
CRN00836,DR02952,PR00005,SR05506,QC-02,RTG Crane,7.78,0.73,236,Operational
CRN00837,DR03525,PR00001,SR00191,QC-04,Quay Crane,8.08,0.82,264,Operational
CRN00838,DR06766,PR00006,SR02969,QC-06,RTG Crane,4.88,1.07,102,Inspection
CRN00839,DR02658,PR00007,SR03600,QC-06,Quay Crane,8.03,0.95,215,Operational
CRN00840,DR07095,PR00005,SR05093,QC-02,Quay Crane,6.17,0.86,83,Operational
CRN00841,DR01798,PR00003,SR00302,QC-01,RTG Crane,7.58,0.68,179,Operational
CRN00842,DR08374,PR00004,SR01628,QC-04,Quay Crane,7.17,0.61,207,Operational
CRN00843,DR00891,PR00003,SR07643,QC-01,RTG Crane,6.8,0.73,206,Operational
CRN00844,DR02844,PR00001,SR04980,QC-02,Quay Crane,6.08,1.39,238,Inspection
CRN00845,DR08126,PR00007,SR02280,QC-08,Quay Crane,9.16,0.67,243,Operational
CRN00846,DR06309,PR00002,SR04101,QC-06,Quay Crane,9.44,1.04,230,Inspection
CRN00847,DR00285,PR00002,SR00577,QC-01,Quay Crane,8.17,0.88,216,Operational
CRN00848,DR04479,PR00001,SR09020,QC-03,Quay Crane,7.8,1.63,196,Maintenance
CRN00849,DR03974,PR00007,SR03338,QC-01,Quay Crane,5.86,0.52,127,Operational
CRN00850,DR09651,PR00007,SR04364,QC-06,Quay Crane,7.94,0.52,231,Operational
CRN00851,DR08675,PR00002,SR01492,QC-08,Quay Crane,6.61,0.39,140,Operational
CRN00852,DR07819,PR00002,SR08080,QC-08,Quay Crane,4.55,0.67,135,Operational
CRN00853,DR07846,PR00006,SR03064,QC-02,Quay Crane,6.45,0.72,178,Operational
CRN00854,DR02886,PR00003,SR07779,QC-06,Quay Crane,6.98,0.75,197,Operational
CRN00855,DR01579,PR00007,SR02134,QC-01,Quay Crane,8.66,0.63,257,Operational
CRN00856,DR06225,PR00007,SR09364,QC-08,Quay Crane,7.52,0.45,251,Operational
CRN00857,DR03667,PR00005,SR03020,QC-01,Quay Crane,7.02,0.88,189,Operational
CRN00858,DR09350,PR00001,SR06867,QC-01,Quay Crane,7.05,0.37,195,Operational
CRN00859,DR02311,PR00005,SR05297,QC-02,Quay Crane,8.64,0.82,244,Operational
CRN00860,DR09248,PR00007,SR07147,QC-01,Quay Crane,5.71,0.46,145,Operational
CRN00861,DR01205,PR00003,SR03058,QC-01,RTG Crane,7.43,0.45,238,Operational
CRN00862,DR08555,PR00006,SR05693,QC-07,Quay Crane,8.93,1.27,197,Inspection
CRN00863,DR01511,PR00003,SR01085,QC-06,RTG Crane,7.39,0.33,217,Operational
CRN00864,DR01760,PR00007,SR01902,QC-01,Quay Crane,6.95,0.55,181,Operational
CRN00865,DR07162,PR00004,SR00189,QC-03,Quay Crane,6.93,1.55,196,Inspection
CRN00866,DR04493,PR00001,SR08904,QC-04,Quay Crane,4.4,0.92,90,Operational
CRN00867,DR02277,PR00003,SR00867,QC-04,Quay Crane,7.49,0.82,267,Operational
CRN00868,DR03049,PR00001,SR06667,QC-02,Quay Crane,5.36,0.95,160,Operational
CRN00869,DR04531,PR00003,SR00563,QC-07,Quay Crane,7.35,1.33,184,Inspection
CRN00870,DR00071,PR00007,SR02614,QC-03,RTG Crane,6.35,1.69,168,Maintenance
CRN00871,DR09080,PR00002,SR00713,QC-01,Quay Crane,10.0,0.61,278,Operational
CRN00872,DR06066,PR00007,SR07494,QC-08,Quay Crane,6.75,0.58,198,Operational
CRN00873,DR00378,PR00001,SR09547,QC-04,Quay Crane,3.9,0.51,105,Operational
CRN00874,DR07831,PR00004,SR04718,QC-04,Quay Crane,7.1,0.64,228,Operational
CRN00875,DR07311,PR00007,SR00040,QC-06,RTG Crane,5.1,1.1,49,Inspection
CRN00876,DR04481,PR00004,SR03255,QC-02,Quay Crane,7.83,1.02,190,Inspection
CRN00877,DR06958,PR00006,SR07113,QC-04,Quay Crane,8.56,0.58,236,Operational
CRN00878,DR09172,PR00007,SR00639,QC-05,Quay Crane,5.77,1.73,102,Maintenance
CRN00879,DR09565,PR00004,SR04740,QC-03,Quay Crane,7.69,1.48,214,Inspection
CRN00880,DR05274,PR00006,SR00256,QC-07,RTG Crane,7.57,1.5,225,Inspection
CRN00881,DR02987,PR00001,SR00563,QC-01,Quay Crane,5.63,1.11,204,Inspection
CRN00882,DR07970,PR00003,SR07703,QC-04,Quay Crane,6.47,0.84,202,Operational
CRN00883,DR07865,PR00002,SR06393,QC-03,RTG Crane,9.3,1.21,264,Inspection
CRN00884,DR00191,PR00006,SR00409,QC-08,Quay Crane,6.95,0.39,210,Operational
CRN00885,DR01804,PR00005,SR00157,QC-07,RTG Crane,6.7,1.61,159,Maintenance
CRN00886,DR04712,PR00004,SR06144,QC-07,RTG Crane,7.45,1.29,179,Inspection
CRN00887,DR00090,PR00007,SR03411,QC-04,Quay Crane,6.74,0.62,185,Operational
CRN00888,DR02806,PR00001,SR06648,QC-02,Quay Crane,6.96,0.69,207,Operational
CRN00889,DR03788,PR00007,SR01198,QC-07,Quay Crane,7.91,1.58,180,Maintenance
CRN00890,DR04328,PR00001,SR01315,QC-05,Quay Crane,7.44,1.78,219,Maintenance
CRN00891,DR04113,PR00002,SR06300,QC-05,Quay Crane,10.0,2.16,270,Maintenance
CRN00892,DR08224,PR00004,SR05079,QC-08,Quay Crane,9.67,0.82,274,Operational
CRN00893,DR05388,PR00002,SR04782,QC-02,Quay Crane,7.28,0.75,174,Operational
CRN00894,DR02334,PR00005,SR01770,QC-07,Quay Crane,7.64,1.64,205,Maintenance
CRN00895,DR09212,PR00005,SR04046,QC-01,Quay Crane,5.57,0.55,192,Operational
CRN00896,DR08220,PR00006,SR05385,QC-01,Quay Crane,6.29,0.44,202,Operational
CRN00897,DR03915,PR00001,SR00557,QC-08,Quay Crane,7.19,0.98,203,Operational
CRN00898,DR08720,PR00001,SR03271,QC-05,Quay Crane,8.76,2.06,205,Maintenance
CRN00899,DR04476,PR00001,SR05886,QC-04,Quay Crane,7.75,0.6,201,Operational
CRN00900,DR02724,PR00003,SR00092,QC-06,Quay Crane,7.58,1.16,201,Inspection
CRN00901,DR06173,PR00001,SR04347,QC-08,Quay Crane,6.66,0.9,168,Operational
CRN00902,DR04929,PR00002,SR06249,QC-05,Quay Crane,5.34,2.02,157,Maintenance
CRN00903,DR06888,PR00006,SR09943,QC-02,RTG Crane,6.17,0.69,114,Operational
CRN00904,DR04785,PR00007,SR04420,QC-04,Quay Crane,6.38,0.78,148,Operational
CRN00905,DR03754,PR00006,SR01712,QC-02,Quay Crane,8.09,0.56,227,Operational
CRN00906,DR01274,PR00001,SR06336,QC-03,Quay Crane,9.53,1.26,224,Inspection
CRN00907,DR05966,PR00004,SR06454,QC-03,Quay Crane,5.92,1.27,122,Inspection
CRN00908,DR09172,PR00001,SR01153,QC-05,Quay Crane,7.42,2.06,209,Maintenance
CRN00909,DR04107,PR00003,SR03535,QC-05,RTG Crane,9.83,2.09,240,Maintenance
CRN00910,DR06680,PR00003,SR07067,QC-07,Quay Crane,6.94,0.86,152,Operational
CRN00911,DR07103,PR00007,SR00829,QC-06,Quay Crane,8.51,1.06,211,Inspection
CRN00912,DR06824,PR00004,SR09500,QC-07,Quay Crane,5.22,1.19,114,Inspection
CRN00913,DR00814,PR00002,SR02846,QC-01,Quay Crane,10.0,0.65,323,Operational
CRN00914,DR07550,PR00004,SR07981,QC-04,Quay Crane,6.23,1.09,128,Inspection
CRN00915,DR00002,PR00007,SR01484,QC-01,Quay Crane,6.0,0.45,182,Operational
CRN00916,DR01607,PR00001,SR08429,QC-02,Quay Crane,9.9,0.75,304,Operational
CRN00917,DR07977,PR00006,SR00708,QC-05,Quay Crane,8.61,2.03,216,Maintenance
CRN00918,DR07393,PR00002,SR02232,QC-07,Quay Crane,5.99,1.22,116,Inspection
CRN00919,DR02622,PR00001,SR07244,QC-03,RTG Crane,7.88,0.97,250,Operational
CRN00920,DR02115,PR00006,SR02274,QC-01,Quay Crane,8.07,0.99,217,Operational
CRN00921,DR07769,PR00001,SR03416,QC-03,Quay Crane,5.42,1.42,143,Inspection
CRN00922,DR08699,PR00005,SR03332,QC-02,Quay Crane,5.57,1.07,115,Inspection
CRN00923,DR00265,PR00001,SR07126,QC-04,Quay Crane,8.64,0.6,236,Operational
CRN00924,DR03703,PR00004,SR00026,QC-01,Quay Crane,8.19,0.21,200,Operational
CRN00925,DR05404,PR00004,SR05211,QC-02,Quay Crane,5.51,0.8,80,Operational
CRN00926,DR08686,PR00006,SR07326,QC-03,Quay Crane,7.05,1.42,141,Inspection
CRN00927,DR00793,PR00006,SR00343,QC-06,Quay Crane,8.3,1.25,166,Inspection
CRN00928,DR06394,PR00005,SR08737,QC-01,Quay Crane,7.44,0.45,209,Operational
CRN00929,DR00452,PR00003,SR01005,QC-01,Quay Crane,6.73,0.81,161,Operational
CRN00930,DR04094,PR00001,SR03646,QC-01,Quay Crane,6.06,0.23,210,Operational
CRN00931,DR09508,PR00004,SR06579,QC-03,Quay Crane,7.97,1.27,228,Inspection
CRN00932,DR04529,PR00003,SR07806,QC-01,Quay Crane,7.08,0.62,200,Operational
CRN00933,DR01155,PR00001,SR02599,QC-08,Quay Crane,7.04,0.35,245,Operational
CRN00934,DR05853,PR00007,SR00200,QC-03,RTG Crane,7.37,1.75,145,Maintenance
CRN00935,DR06893,PR00002,SR05565,QC-03,Quay Crane,8.56,1.3,291,Inspection
CRN00936,DR00237,PR00001,SR02061,QC-05,RTG Crane,4.23,1.67,74,Maintenance
CRN00937,DR05708,PR00007,SR07391,QC-04,Quay Crane,6.44,0.45,214,Operational
CRN00938,DR01658,PR00004,SR05824,QC-06,RTG Crane,7.7,0.66,166,Operational
CRN00939,DR01935,PR00005,SR03736,QC-04,Quay Crane,7.5,0.89,208,Operational
CRN00940,DR07729,PR00001,SR02037,QC-01,RTG Crane,10.0,0.36,318,Operational
CRN00941,DR06810,PR00003,SR00187,QC-05,Quay Crane,7.7,1.95,213,Maintenance
CRN00942,DR05083,PR00004,SR05964,QC-08,RTG Crane,9.09,0.52,252,Operational
CRN00943,DR06643,PR00002,SR07357,QC-01,Quay Crane,8.46,0.79,288,Operational
CRN00944,DR05525,PR00005,SR06063,QC-01,RTG Crane,8.9,0.65,207,Operational
CRN00945,DR03896,PR00002,SR08787,QC-08,Quay Crane,6.91,0.8,188,Operational
CRN00946,DR04525,PR00002,SR00071,QC-06,Quay Crane,5.54,1.59,103,Maintenance
CRN00947,DR07335,PR00001,SR03884,QC-06,Quay Crane,10.0,0.85,268,Operational
CRN00948,DR09752,PR00002,SR07944,QC-01,RTG Crane,7.32,0.6,171,Operational
CRN00949,DR07606,PR00002,SR07777,QC-03,Quay Crane,6.95,1.4,177,Inspection
CRN00950,DR05212,PR00005,SR08484,QC-05,Quay Crane,5.64,1.96,115,Maintenance
CRN00951,DR03702,PR00004,SR05662,QC-02,Quay Crane,8.21,0.72,202,Operational
CRN00952,DR08858,PR00001,SR09816,QC-01,Quay Crane,3.11,0.73,73,Operational
CRN00953,DR05670,PR00004,SR06510,QC-06,Quay Crane,4.82,1.49,137,Inspection
CRN00954,DR03758,PR00002,SR05924,QC-02,Quay Crane,4.65,0.81,107,Operational
CRN00955,DR07300,PR00003,SR07880,QC-08,RTG Crane,5.42,0.63,132,Operational
CRN00956,DR03270,PR00006,SR00630,QC-05,Quay Crane,6.7,1.62,150,Maintenance
CRN00957,DR07777,PR00005,SR01795,QC-01,Quay Crane,8.22,0.15,221,Operational
CRN00958,DR01915,PR00004,SR01507,QC-05,Quay Crane,6.83,1.61,105,Maintenance
CRN00959,DR03578,PR00002,SR06710,QC-03,Quay Crane,8.64,1.03,215,Inspection
CRN00960,DR00462,PR00001,SR07530,QC-07,Quay Crane,10.0,0.91,285,Operational
CRN00961,DR07530,PR00005,SR00419,QC-07,RTG Crane,7.58,1.04,153,Inspection
CRN00962,DR06000,PR00004,SR08303,QC-02,Quay Crane,8.76,0.58,247,Operational
CRN00963,DR05213,PR00004,SR00500,QC-03,Quay Crane,8.42,1.14,267,Inspection
CRN00964,DR05051,PR00007,SR03597,QC-01,Quay Crane,7.82,0.3,220,Operational
CRN00965,DR00799,PR00002,SR05247,QC-05,Quay Crane,5.28,1.6,128,Maintenance
CRN00966,DR04912,PR00006,SR04140,QC-06,Quay Crane,7.21,1.54,218,Inspection
CRN00967,DR03585,PR00004,SR09600,QC-08,Quay Crane,5.9,0.42,166,Operational
CRN00968,DR03563,PR00002,SR03204,QC-07,RTG Crane,7.85,1.06,245,Inspection
CRN00969,DR06076,PR00001,SR04762,QC-04,RTG Crane,7.78,0.8,195,Operational
CRN00970,DR04075,PR00004,SR05109,QC-07,RTG Crane,6.54,0.88,223,Operational
CRN00971,DR01750,PR00002,SR01599,QC-07,RTG Crane,8.27,0.79,223,Operational
CRN00972,DR06755,PR00005,SR06919,QC-05,Quay Crane,6.69,1.57,193,Maintenance
CRN00973,DR02822,PR00005,SR02909,QC-04,Quay Crane,7.76,0.66,215,Operational
CRN00974,DR02895,PR00003,SR00858,QC-06,Quay Crane,5.45,0.98,176,Operational
CRN00975,DR04784,PR00003,SR01520,QC-02,Quay Crane,4.86,0.98,179,Operational
CRN00976,DR00325,PR00004,SR01257,QC-03,RTG Crane,9.45,1.46,243,Inspection
CRN00977,DR07599,PR00003,SR09727,QC-01,Quay Crane,8.85,0.96,213,Operational
CRN00978,DR05534,PR00006,SR03226,QC-08,Quay Crane,7.97,0.63,160,Operational
CRN00979,DR06887,PR00001,SR03675,QC-03,RTG Crane,5.94,1.36,155,Inspection
CRN00980,DR05290,PR00007,SR05079,QC-02,Quay Crane,5.8,0.59,157,Operational
CRN00981,DR04343,PR00001,SR08769,QC-07,Quay Crane,5.22,1.2,178,Inspection
CRN00982,DR04611,PR00002,SR00261,QC-01,Quay Crane,7.0,0.36,205,Operational
CRN00983,DR00433,PR00005,SR06949,QC-02,Quay Crane,7.84,0.52,156,Operational
CRN00984,DR05488,PR00001,SR01117,QC-01,Quay Crane,6.51,1.0,156,Operational
CRN00985,DR09933,PR00002,SR06185,QC-06,Quay Crane,9.5,0.64,250,Operational
CRN00986,DR00932,PR00001,SR04868,QC-05,Quay Crane,3.92,2.31,85,Maintenance
CRN00987,DR00144,PR00005,SR06867,QC-08,RTG Crane,8.43,0.91,244,Operational
CRN00988,DR05780,PR00004,SR07829,QC-01,Quay Crane,7.02,0.53,176,Operational
CRN00989,DR08236,PR00001,SR03909,QC-08,Quay Crane,7.31,0.28,227,Operational
CRN00990,DR06233,PR00003,SR09479,QC-03,Quay Crane,2.89,1.31,111,Inspection
CRN00991,DR03971,PR00002,SR04047,QC-04,Quay Crane,6.1,0.45,139,Operational
CRN00992,DR07882,PR00007,SR04666,QC-03,Quay Crane,5.39,1.75,209,Maintenance
CRN00993,DR05025,PR00001,SR01982,QC-08,Quay Crane,9.15,0.78,273,Operational
CRN00994,DR09068,PR00004,SR09434,QC-05,Quay Crane,6.27,2.11,142,Maintenance
CRN00995,DR06343,PR00003,SR01508,QC-02,Quay Crane,4.34,0.75,92,Operational
CRN00996,DR06898,PR00004,SR00120,QC-02,RTG Crane,7.68,0.8,233,Operational
CRN00997,DR00446,PR00007,SR01964,QC-07,RTG Crane,8.67,1.35,272,Inspection
CRN00998,DR04578,PR00002,SR02068,QC-06,Quay Crane,8.21,0.86,227,Operational
CRN00999,DR08974,PR00005,SR04292,QC-04,Quay Crane,7.14,1.08,228,Inspection
CRN01000,DR03350,PR00003,SR05335,QC-05,Quay Crane,8.33,1.71,269,Maintenance
CRN01001,DR06350,PR00004,SR09358,QC-07,Quay Crane,5.69,1.54,187,Inspection
CRN01002,DR02387,PR00003,SR04944,QC-02,Quay Crane,7.64,0.59,251,Operational
CRN01003,DR06706,PR00002,SR08286,QC-03,Quay Crane,7.9,1.21,206,Inspection
CRN01004,DR02260,PR00001,SR08512,QC-02,Quay Crane,7.2,0.75,183,Operational
CRN01005,DR07718,PR00001,SR02490,QC-04,RTG Crane,6.61,0.6,168,Operational
CRN01006,DR09816,PR00007,SR00315,QC-08,Quay Crane,5.78,0.43,145,Operational
CRN01007,DR03669,PR00006,SR03364,QC-08,RTG Crane,6.27,0.1,158,Operational
CRN01008,DR05479,PR00002,SR07790,QC-05,Quay Crane,8.82,1.88,187,Maintenance
CRN01009,DR01635,PR00003,SR02887,QC-07,Quay Crane,6.1,1.02,223,Inspection
CRN01010,DR08619,PR00005,SR02816,QC-05,Quay Crane,6.65,1.74,149,Maintenance
CRN01011,DR06794,PR00002,SR08879,QC-01,Quay Crane,8.19,0.71,215,Operational
CRN01012,DR00369,PR00003,SR01445,QC-01,Quay Crane,5.15,0.36,139,Operational
CRN01013,DR06665,PR00005,SR07278,QC-04,Quay Crane,5.94,0.68,156,Operational
CRN01014,DR03318,PR00002,SR08994,QC-03,Quay Crane,4.43,1.16,104,Inspection
CRN01015,DR00352,PR00003,SR01727,QC-01,RTG Crane,10.0,0.97,282,Operational
CRN01016,DR02978,PR00002,SR06230,QC-02,Quay Crane,6.7,1.03,189,Inspection
CRN01017,DR05687,PR00001,SR02728,QC-04,Quay Crane,8.11,0.69,233,Operational
CRN01018,DR04566,PR00005,SR08526,QC-03,Quay Crane,10.0,1.36,251,Inspection
CRN01019,DR04273,PR00005,SR09257,QC-01,Quay Crane,5.16,0.12,127,Operational
CRN01020,DR06835,PR00007,SR04064,QC-03,Quay Crane,7.02,1.18,227,Inspection
CRN01021,DR04318,PR00001,SR03709,QC-01,Quay Crane,6.3,0.93,185,Operational
CRN01022,DR07852,PR00005,SR00565,QC-04,RTG Crane,6.69,0.55,202,Operational
CRN01023,DR05461,PR00007,SR08027,QC-06,Quay Crane,7.26,0.91,198,Operational
CRN01024,DR03920,PR00004,SR01325,QC-01,Quay Crane,9.31,0.13,249,Operational
CRN01025,DR03637,PR00007,SR08684,QC-06,Quay Crane,8.07,1.07,258,Inspection
CRN01026,DR07712,PR00007,SR06889,QC-07,RTG Crane,9.68,1.16,283,Inspection
CRN01027,DR08652,PR00006,SR06404,QC-03,Quay Crane,7.33,1.07,241,Inspection
CRN01028,DR00157,PR00007,SR08231,QC-03,Quay Crane,6.35,1.01,149,Inspection
CRN01029,DR03012,PR00004,SR09739,QC-08,Quay Crane,8.88,1.13,246,Inspection
CRN01030,DR05398,PR00003,SR04936,QC-07,Quay Crane,6.3,1.07,174,Inspection
CRN01031,DR02244,PR00007,SR00492,QC-05,Quay Crane,7.32,1.67,195,Maintenance
CRN01032,DR03820,PR00006,SR02663,QC-02,Quay Crane,8.05,1.0,250,Operational
CRN01033,DR07624,PR00001,SR04870,QC-03,Quay Crane,8.53,0.83,187,Operational
CRN01034,DR07014,PR00002,SR08511,QC-01,Quay Crane,7.09,0.93,113,Operational
CRN01035,DR07465,PR00002,SR03978,QC-03,RTG Crane,8.31,1.22,254,Inspection
CRN01036,DR04932,PR00006,SR00510,QC-01,RTG Crane,6.2,0.47,170,Operational
CRN01037,DR03761,PR00002,SR03580,QC-07,Quay Crane,6.7,0.98,210,Operational
CRN01038,DR09656,PR00002,SR09904,QC-04,Quay Crane,7.98,0.7,214,Operational
CRN01039,DR01356,PR00003,SR02722,QC-07,Quay Crane,7.23,1.01,161,Inspection
CRN01040,DR07599,PR00001,SR02637,QC-02,Quay Crane,6.16,0.77,164,Operational
CRN01041,DR09966,PR00007,SR03577,QC-04,Quay Crane,8.5,0.43,227,Operational
CRN01042,DR07138,PR00003,SR07303,QC-06,Quay Crane,7.51,0.97,189,Operational
CRN01043,DR01359,PR00001,SR08057,QC-07,Quay Crane,4.97,1.08,180,Inspection
CRN01044,DR09575,PR00002,SR00401,QC-01,Quay Crane,7.84,0.57,231,Operational
CRN01045,DR02325,PR00006,SR06652,QC-02,Quay Crane,7.98,0.72,196,Operational
CRN01046,DR00885,PR00004,SR02200,QC-06,Quay Crane,7.13,1.34,175,Inspection
CRN01047,DR00971,PR00003,SR04912,QC-05,RTG Crane,7.58,1.79,229,Maintenance
CRN01048,DR04307,PR00002,SR00147,QC-06,Quay Crane,8.98,1.11,232,Inspection
CRN01049,DR04846,PR00007,SR03455,QC-03,RTG Crane,4.59,1.31,128,Inspection
CRN01050,DR06609,PR00005,SR02514,QC-05,Quay Crane,8.51,2.04,251,Maintenance
CRN01051,DR00149,PR00005,SR07309,QC-01,Quay Crane,3.52,0.39,159,Operational
CRN01052,DR01620,PR00003,SR05513,QC-03,Quay Crane,6.11,1.25,142,Inspection
CRN01053,DR01023,PR00007,SR06276,QC-06,RTG Crane,4.49,0.94,146,Operational
CRN01054,DR04203,PR00005,SR02494,QC-01,Quay Crane,9.35,0.05,264,Operational
CRN01055,DR09141,PR00003,SR08121,QC-03,Quay Crane,6.73,1.42,182,Inspection
CRN01056,DR03458,PR00007,SR09788,QC-01,Quay Crane,7.16,0.35,205,Operational
CRN01057,DR08438,PR00006,SR09924,QC-05,RTG Crane,6.74,1.74,187,Maintenance
CRN01058,DR03330,PR00005,SR08262,QC-07,RTG Crane,6.97,1.4,242,Inspection
CRN01059,DR01400,PR00005,SR05820,QC-05,Quay Crane,7.0,1.84,185,Maintenance
CRN01060,DR02245,PR00003,SR06086,QC-05,RTG Crane,8.53,1.71,256,Maintenance
CRN01061,DR03336,PR00003,SR06633,QC-04,Quay Crane,7.6,0.75,195,Operational
CRN01062,DR08433,PR00001,SR04063,QC-02,Quay Crane,6.05,0.66,171,Operational
CRN01063,DR09532,PR00004,SR02235,QC-07,Quay Crane,4.63,1.18,59,Inspection
CRN01064,DR02620,PR00003,SR03501,QC-03,Quay Crane,9.0,1.1,169,Inspection
CRN01065,DR03063,PR00002,SR09959,QC-03,Quay Crane,7.91,1.58,279,Maintenance
CRN01066,DR05078,PR00007,SR08488,QC-04,Quay Crane,6.75,0.39,218,Operational
CRN01067,DR08294,PR00001,SR00511,QC-04,Quay Crane,8.73,0.8,215,Operational
CRN01068,DR04042,PR00006,SR01870,QC-02,Quay Crane,10.0,0.32,292,Operational
CRN01069,DR06356,PR00002,SR00715,QC-05,Quay Crane,7.26,1.82,211,Maintenance
CRN01070,DR05890,PR00001,SR06417,QC-03,Quay Crane,9.21,1.44,264,Inspection
CRN01071,DR03534,PR00001,SR04770,QC-01,Quay Crane,7.26,0.3,129,Operational
CRN01072,DR09852,PR00003,SR01214,QC-08,Quay Crane,9.88,0.72,234,Operational
CRN01073,DR01903,PR00003,SR01950,QC-08,Quay Crane,7.39,0.61,192,Operational
CRN01074,DR07584,PR00002,SR04475,QC-08,RTG Crane,6.57,0.51,154,Operational
CRN01075,DR04964,PR00004,SR01921,QC-04,Quay Crane,9.23,0.73,239,Operational
CRN01076,DR04182,PR00003,SR05227,QC-04,RTG Crane,7.41,1.02,163,Inspection
CRN01077,DR05833,PR00001,SR08347,QC-03,Quay Crane,7.26,1.41,214,Inspection
CRN01078,DR05436,PR00002,SR01859,QC-06,Quay Crane,8.48,0.66,236,Operational
CRN01079,DR00464,PR00001,SR01438,QC-03,Quay Crane,7.08,1.11,165,Inspection
CRN01080,DR03595,PR00001,SR02146,QC-03,RTG Crane,4.58,1.13,108,Inspection
CRN01081,DR06709,PR00002,SR06575,QC-07,Quay Crane,6.69,1.08,180,Inspection
CRN01082,DR09742,PR00005,SR02686,QC-01,Quay Crane,6.28,0.65,215,Operational
CRN01083,DR09059,PR00005,SR06428,QC-01,Quay Crane,5.9,0.7,143,Operational
CRN01084,DR04432,PR00006,SR01414,QC-03,RTG Crane,8.78,1.46,242,Inspection
CRN01085,DR03262,PR00005,SR09804,QC-05,Quay Crane,6.48,1.05,145,Inspection
CRN01086,DR05716,PR00003,SR05672,QC-04,RTG Crane,6.5,0.79,132,Operational
CRN01087,DR03326,PR00002,SR03364,QC-02,RTG Crane,7.09,0.72,248,Operational
CRN01088,DR00836,PR00001,SR01065,QC-02,RTG Crane,7.7,0.97,182,Operational
CRN01089,DR07578,PR00004,SR00470,QC-03,RTG Crane,7.92,1.63,166,Maintenance
CRN01090,DR03382,PR00002,SR07694,QC-01,Quay Crane,7.45,0.16,215,Operational
CRN01091,DR02838,PR00002,SR07983,QC-05,Quay Crane,7.43,1.8,163,Maintenance
CRN01092,DR08608,PR00007,SR08634,QC-06,Quay Crane,5.47,1.14,153,Inspection
CRN01093,DR05167,PR00001,SR05507,QC-01,Quay Crane,7.94,0.64,180,Operational
CRN01094,DR06363,PR00001,SR08087,QC-07,Quay Crane,5.74,1.47,187,Inspection
CRN01095,DR07624,PR00007,SR06634,QC-02,Quay Crane,8.92,1.1,226,Inspection
CRN01096,DR00757,PR00002,SR03160,QC-07,Quay Crane,6.79,1.13,172,Inspection
CRN01097,DR01354,PR00003,SR00572,QC-02,RTG Crane,5.25,0.62,172,Operational
CRN01098,DR07228,PR00001,SR08211,QC-01,Quay Crane,7.54,0.34,234,Operational
CRN01099,DR03607,PR00003,SR00575,QC-02,Quay Crane,8.36,1.04,235,Inspection
CRN01100,DR07530,PR00007,SR05163,QC-07,Quay Crane,6.7,1.36,227,Inspection
CRN01101,DR05045,PR00005,SR04742,QC-05,Quay Crane,8.17,1.92,222,Maintenance
CRN01102,DR04945,PR00003,SR07980,QC-07,Quay Crane,9.33,1.19,200,Inspection
CRN01103,DR03543,PR00002,SR00059,QC-05,RTG Crane,7.7,1.97,196,Maintenance
CRN01104,DR08124,PR00003,SR05075,QC-08,Quay Crane,5.26,0.65,139,Operational
CRN01105,DR08348,PR00004,SR09611,QC-02,Quay Crane,7.16,0.72,155,Operational
CRN01106,DR05315,PR00002,SR09887,QC-01,Quay Crane,6.47,0.85,193,Operational
CRN01107,DR05438,PR00001,SR08533,QC-03,RTG Crane,4.29,1.05,68,Inspection
CRN01108,DR04327,PR00005,SR07917,QC-04,Quay Crane,5.14,0.91,127,Operational
CRN01109,DR01223,PR00006,SR01293,QC-03,RTG Crane,9.92,1.06,239,Inspection
CRN01110,DR00439,PR00007,SR08356,QC-05,RTG Crane,6.64,1.92,193,Maintenance
CRN01111,DR04786,PR00006,SR03239,QC-05,RTG Crane,6.91,2.13,123,Maintenance
CRN01112,DR00699,PR00003,SR05808,QC-03,Quay Crane,5.36,1.54,144,Inspection
CRN01113,DR09755,PR00006,SR09553,QC-08,Quay Crane,10.0,0.64,312,Operational
CRN01114,DR00346,PR00007,SR08612,QC-03,Quay Crane,7.8,0.9,177,Operational
CRN01115,DR05257,PR00001,SR04050,QC-05,Quay Crane,6.69,1.59,177,Maintenance
CRN01116,DR04682,PR00003,SR05598,QC-05,Quay Crane,8.38,1.95,166,Maintenance
CRN01117,DR07493,PR00002,SR04294,QC-08,RTG Crane,9.15,0.54,223,Operational
CRN01118,DR07394,PR00007,SR01800,QC-06,Quay Crane,4.1,0.81,77,Operational
CRN01119,DR09106,PR00007,SR06621,QC-02,Quay Crane,9.04,0.13,314,Operational
CRN01120,DR01498,PR00006,SR01899,QC-06,Quay Crane,5.87,0.86,129,Operational
CRN01121,DR07594,PR00002,SR00388,QC-02,RTG Crane,4.73,0.82,103,Operational
CRN01122,DR09345,PR00007,SR01295,QC-08,Quay Crane,10.0,0.47,281,Operational
CRN01123,DR06251,PR00001,SR09921,QC-07,Quay Crane,7.71,1.19,184,Inspection
CRN01124,DR09620,PR00001,SR09821,QC-01,Quay Crane,6.21,0.44,201,Operational
CRN01125,DR08328,PR00004,SR03916,QC-07,Quay Crane,10.0,1.36,268,Inspection
CRN01126,DR08471,PR00006,SR00012,QC-05,Quay Crane,6.49,1.8,158,Maintenance
CRN01127,DR00669,PR00006,SR00453,QC-02,Quay Crane,5.68,0.75,141,Operational
CRN01128,DR00291,PR00002,SR03458,QC-01,Quay Crane,8.53,0.51,201,Operational
CRN01129,DR07332,PR00003,SR01780,QC-03,Quay Crane,4.82,1.21,159,Inspection
CRN01130,DR05960,PR00003,SR06208,QC-05,Quay Crane,7.26,2.09,201,Maintenance
CRN01131,DR00521,PR00001,SR02998,QC-08,Quay Crane,5.05,0.45,192,Operational
CRN01132,DR09629,PR00006,SR06117,QC-08,Quay Crane,5.53,0.78,177,Operational
CRN01133,DR05061,PR00002,SR04192,QC-03,Quay Crane,8.08,1.13,200,Inspection
CRN01134,DR02309,PR00001,SR03044,QC-01,Quay Crane,5.75,0.95,135,Operational
CRN01135,DR09768,PR00003,SR06970,QC-08,Quay Crane,8.41,1.22,273,Inspection
CRN01136,DR07765,PR00005,SR01088,QC-06,Quay Crane,3.95,1.05,95,Inspection
CRN01137,DR06407,PR00006,SR04131,QC-03,Quay Crane,6.87,1.48,178,Inspection
CRN01138,DR09482,PR00002,SR00595,QC-08,RTG Crane,6.37,0.6,165,Operational
CRN01139,DR01858,PR00001,SR02252,QC-08,Quay Crane,6.83,0.63,184,Operational
CRN01140,DR04023,PR00007,SR07464,QC-03,Quay Crane,6.54,1.15,180,Inspection
CRN01141,DR02372,PR00004,SR05312,QC-01,RTG Crane,7.75,0.29,254,Operational
CRN01142,DR06668,PR00003,SR01696,QC-02,Quay Crane,7.82,0.93,292,Operational
CRN01143,DR08485,PR00001,SR02965,QC-08,Quay Crane,6.59,0.4,176,Operational
CRN01144,DR09710,PR00007,SR01070,QC-01,Quay Crane,6.41,0.69,167,Operational
CRN01145,DR05333,PR00005,SR03059,QC-07,Quay Crane,7.81,1.41,205,Inspection
CRN01146,DR01067,PR00002,SR02330,QC-03,Quay Crane,7.99,1.66,227,Maintenance
CRN01147,DR09006,PR00001,SR00610,QC-02,RTG Crane,3.87,0.6,95,Operational
CRN01148,DR00254,PR00001,SR00258,QC-08,Quay Crane,5.12,0.34,94,Operational
CRN01149,DR01060,PR00002,SR01572,QC-06,RTG Crane,5.32,1.11,92,Inspection
CRN01150,DR09900,PR00001,SR07301,QC-01,Quay Crane,6.49,0.72,223,Operational
CRN01151,DR01811,PR00002,SR01359,QC-07,Quay Crane,4.25,1.35,89,Inspection
CRN01152,DR03909,PR00001,SR04278,QC-08,RTG Crane,7.87,0.8,182,Operational
CRN01153,DR03733,PR00003,SR03778,QC-01,Quay Crane,5.7,0.32,227,Operational
CRN01154,DR03359,PR00003,SR04235,QC-03,Quay Crane,8.25,1.34,236,Inspection
CRN01155,DR00766,PR00003,SR06444,QC-08,Quay Crane,6.16,0.55,153,Operational
CRN01156,DR00106,PR00006,SR04471,QC-04,Quay Crane,8.49,0.89,192,Operational
CRN01157,DR03123,PR00002,SR07825,QC-02,Quay Crane,6.63,0.95,217,Operational
CRN01158,DR03725,PR00006,SR05440,QC-01,RTG Crane,6.86,0.68,144,Operational
CRN01159,DR06712,PR00007,SR06606,QC-01,Quay Crane,8.18,0.61,180,Operational
CRN01160,DR05343,PR00007,SR03275,QC-03,RTG Crane,6.44,1.37,179,Inspection
CRN01161,DR08715,PR00001,SR04243,QC-05,Quay Crane,4.68,1.76,78,Maintenance
CRN01162,DR00300,PR00002,SR09526,QC-05,Quay Crane,4.7,1.89,78,Maintenance
CRN01163,DR02057,PR00004,SR03456,QC-02,Quay Crane,8.62,0.95,245,Operational
CRN01164,DR03353,PR00001,SR09527,QC-01,Quay Crane,5.24,0.79,149,Operational
CRN01165,DR04274,PR00001,SR05067,QC-02,RTG Crane,6.52,1.12,123,Inspection
CRN01166,DR04241,PR00001,SR03659,QC-05,Quay Crane,9.27,1.99,258,Maintenance
CRN01167,DR08806,PR00004,SR02174,QC-01,Quay Crane,6.27,0.86,114,Operational
CRN01168,DR04933,PR00006,SR05631,QC-01,Quay Crane,6.02,0.72,167,Operational
CRN01169,DR07116,PR00002,SR03790,QC-07,RTG Crane,7.51,0.82,164,Operational
CRN01170,DR01086,PR00007,SR02209,QC-01,Quay Crane,9.16,0.76,262,Operational
CRN01171,DR04719,PR00006,SR04178,QC-05,Quay Crane,9.65,1.59,256,Maintenance
CRN01172,DR02578,PR00001,SR01597,QC-07,Quay Crane,5.99,1.56,135,Maintenance
CRN01173,DR08768,PR00003,SR04185,QC-06,Quay Crane,8.0,0.45,197,Operational
CRN01174,DR04753,PR00001,SR01239,QC-06,Quay Crane,6.98,0.43,193,Operational
CRN01175,DR06874,PR00007,SR09484,QC-01,RTG Crane,7.04,0.97,168,Operational
CRN01176,DR09110,PR00005,SR01148,QC-01,Quay Crane,7.85,1.02,185,Inspection
CRN01177,DR03955,PR00005,SR05899,QC-05,RTG Crane,7.66,2.14,185,Maintenance
CRN01178,DR00329,PR00005,SR00890,QC-07,Quay Crane,5.6,1.55,163,Inspection
CRN01179,DR08352,PR00002,SR07138,QC-07,Quay Crane,5.61,0.88,106,Operational
CRN01180,DR06653,PR00007,SR04251,QC-01,Quay Crane,9.61,0.81,241,Operational
CRN01181,DR02588,PR00007,SR07945,QC-01,Quay Crane,6.35,0.33,210,Operational
CRN01182,DR04217,PR00005,SR08666,QC-01,Quay Crane,8.03,0.83,202,Operational
CRN01183,DR09994,PR00003,SR09319,QC-08,RTG Crane,9.41,0.51,330,Operational
CRN01184,DR08553,PR00001,SR09147,QC-02,Quay Crane,6.89,0.8,221,Operational
CRN01185,DR05227,PR00001,SR07377,QC-01,RTG Crane,9.28,0.8,234,Operational
CRN01186,DR04850,PR00001,SR08261,QC-05,Quay Crane,6.18,1.84,127,Maintenance
CRN01187,DR04212,PR00004,SR05347,QC-08,Quay Crane,8.75,0.75,258,Operational
CRN01188,DR09206,PR00006,SR02301,QC-03,Quay Crane,7.34,1.18,259,Inspection
CRN01189,DR06293,PR00007,SR07812,QC-03,Quay Crane,6.81,1.17,150,Inspection
CRN01190,DR02529,PR00001,SR04207,QC-08,RTG Crane,8.36,0.55,276,Operational
CRN01191,DR04889,PR00002,SR09318,QC-06,RTG Crane,6.83,0.68,215,Operational
CRN01192,DR01245,PR00001,SR02648,QC-01,Quay Crane,6.12,0.72,136,Operational
CRN01193,DR00185,PR00007,SR01904,QC-05,Quay Crane,4.67,1.93,156,Maintenance
CRN01194,DR03802,PR00006,SR07416,QC-01,Quay Crane,8.05,0.21,224,Operational
CRN01195,DR07011,PR00003,SR06281,QC-07,Quay Crane,8.19,1.57,230,Maintenance
CRN01196,DR03460,PR00004,SR02757,QC-06,Quay Crane,9.87,1.32,262,Inspection
CRN01197,DR00915,PR00004,SR07445,QC-05,Quay Crane,7.85,1.84,150,Maintenance
CRN01198,DR02155,PR00002,SR07902,QC-07,Quay Crane,5.96,1.07,131,Inspection
CRN01199,DR08150,PR00001,SR01922,QC-02,Quay Crane,7.36,1.13,211,Inspection
CRN01200,DR03012,PR00002,SR01753,QC-05,RTG Crane,6.95,1.63,213,Maintenance
CRN01201,DR02975,PR00002,SR09913,QC-02,RTG Crane,8.9,1.22,223,Inspection
CRN01202,DR05186,PR00004,SR07866,QC-02,Quay Crane,8.96,0.82,226,Operational
CRN01203,DR09061,PR00002,SR03131,QC-01,Quay Crane,10.0,0.89,310,Operational
CRN01204,DR03650,PR00005,SR01822,QC-08,RTG Crane,6.95,0.81,249,Operational
CRN01205,DR03169,PR00004,SR06778,QC-01,Quay Crane,8.98,1.22,264,Inspection
CRN01206,DR01695,PR00003,SR05722,QC-07,Quay Crane,9.43,1.4,245,Inspection
CRN01207,DR04539,PR00007,SR04901,QC-06,Quay Crane,8.33,1.44,239,Inspection
CRN01208,DR09172,PR00002,SR05527,QC-06,Quay Crane,6.46,0.83,188,Operational
CRN01209,DR05677,PR00004,SR00759,QC-04,RTG Crane,6.62,0.46,201,Operational
CRN01210,DR01478,PR00001,SR03214,QC-04,Quay Crane,8.39,0.65,259,Operational
CRN01211,DR06467,PR00005,SR03425,QC-03,Quay Crane,8.08,1.38,230,Inspection
CRN01212,DR03454,PR00003,SR05031,QC-01,Quay Crane,5.34,0.58,203,Operational
CRN01213,DR01252,PR00002,SR05102,QC-01,Quay Crane,5.55,0.56,159,Operational
CRN01214,DR05809,PR00001,SR07352,QC-04,Quay Crane,7.96,0.79,194,Operational
CRN01215,DR04541,PR00005,SR06540,QC-04,Quay Crane,3.79,0.9,127,Operational
CRN01216,DR02837,PR00004,SR07370,QC-02,Quay Crane,7.48,0.5,207,Operational
CRN01217,DR03811,PR00004,SR08650,QC-05,Quay Crane,6.28,1.82,173,Maintenance
CRN01218,DR06906,PR00003,SR00098,QC-01,Quay Crane,5.83,0.45,184,Operational
CRN01219,DR05713,PR00004,SR00258,QC-03,Quay Crane,6.41,1.41,198,Inspection
CRN01220,DR00653,PR00004,SR02778,QC-02,Quay Crane,7.48,0.8,151,Operational
CRN01221,DR06156,PR00002,SR07295,QC-05,RTG Crane,7.14,2.19,195,Maintenance
CRN01222,DR03019,PR00003,SR03612,QC-06,Quay Crane,5.28,1.07,119,Inspection
CRN01223,DR02049,PR00003,SR03345,QC-02,RTG Crane,4.49,1.09,114,Inspection
CRN01224,DR09686,PR00006,SR00021,QC-02,Quay Crane,7.43,0.76,134,Operational
CRN01225,DR06305,PR00003,SR02964,QC-01,Quay Crane,7.88,0.77,237,Operational
CRN01226,DR06468,PR00003,SR08520,QC-02,RTG Crane,8.26,0.69,249,Operational
CRN01227,DR05049,PR00007,SR08964,QC-07,Quay Crane,4.65,0.96,152,Operational
CRN01228,DR02216,PR00006,SR09611,QC-07,Quay Crane,7.56,1.54,203,Inspection
CRN01229,DR06554,PR00002,SR04688,QC-07,Quay Crane,8.05,1.19,184,Inspection
CRN01230,DR02558,PR00007,SR04048,QC-05,Quay Crane,6.36,1.84,110,Maintenance
CRN01231,DR08190,PR00001,SR04559,QC-06,RTG Crane,6.56,0.75,206,Operational
CRN01232,DR08785,PR00006,SR08440,QC-03,RTG Crane,6.43,1.11,194,Inspection
CRN01233,DR05769,PR00001,SR00132,QC-06,Quay Crane,6.27,1.36,164,Inspection
CRN01234,DR07952,PR00003,SR09785,QC-08,RTG Crane,9.03,0.88,242,Operational
CRN01235,DR09139,PR00007,SR03372,QC-03,Quay Crane,6.24,1.13,194,Inspection
CRN01236,DR07996,PR00001,SR00287,QC-01,Quay Crane,5.98,0.37,128,Operational
CRN01237,DR00748,PR00006,SR01775,QC-05,Quay Crane,3.79,1.9,75,Maintenance
CRN01238,DR08440,PR00003,SR09243,QC-02,Quay Crane,8.1,0.72,261,Operational
CRN01239,DR07374,PR00001,SR03513,QC-08,Quay Crane,5.88,0.43,115,Operational
CRN01240,DR00856,PR00007,SR03602,QC-07,RTG Crane,5.87,1.01,179,Inspection
CRN01241,DR07061,PR00004,SR00918,QC-05,Quay Crane,9.42,1.8,217,Maintenance
CRN01242,DR04825,PR00006,SR03100,QC-06,RTG Crane,5.3,0.6,126,Operational
CRN01243,DR09272,PR00006,SR08143,QC-03,Quay Crane,4.86,1.15,119,Inspection
CRN01244,DR07949,PR00001,SR03730,QC-06,Quay Crane,4.88,1.22,134,Inspection
CRN01245,DR07380,PR00002,SR08767,QC-03,Quay Crane,4.87,1.08,128,Inspection
CRN01246,DR03165,PR00002,SR05859,QC-07,Quay Crane,6.0,1.18,171,Inspection
CRN01247,DR04473,PR00003,SR02290,QC-01,Quay Crane,6.94,0.62,209,Operational
CRN01248,DR09862,PR00001,SR04973,QC-05,Quay Crane,6.58,2.11,137,Maintenance
CRN01249,DR02072,PR00003,SR06841,QC-05,Quay Crane,8.38,1.53,211,Inspection
CRN01250,DR08752,PR00006,SR05423,QC-01,Quay Crane,7.75,0.34,206,Operational
CRN01251,DR09475,PR00001,SR08387,QC-02,RTG Crane,7.4,0.8,229,Operational
CRN01252,DR04215,PR00005,SR06191,QC-05,Quay Crane,7.6,2.09,182,Maintenance
CRN01253,DR05161,PR00003,SR06849,QC-02,Quay Crane,7.96,0.98,175,Operational
CRN01254,DR09932,PR00001,SR08196,QC-03,Quay Crane,6.86,1.75,161,Maintenance
CRN01255,DR07162,PR00001,SR02407,QC-03,RTG Crane,9.5,1.19,285,Inspection
CRN01256,DR07351,PR00001,SR05916,QC-01,Quay Crane,6.1,0.36,179,Operational
CRN01257,DR09425,PR00004,SR06593,QC-03,Quay Crane,6.21,1.18,177,Inspection
CRN01258,DR03135,PR00001,SR00078,QC-02,Quay Crane,5.76,0.65,122,Operational
CRN01259,DR00696,PR00006,SR07944,QC-07,Quay Crane,5.84,0.97,196,Operational
CRN01260,DR05333,PR00006,SR05970,QC-03,Quay Crane,5.27,1.45,149,Inspection
CRN01261,DR03402,PR00001,SR09026,QC-07,Quay Crane,5.33,0.77,154,Operational
CRN01262,DR08522,PR00006,SR00385,QC-06,Quay Crane,6.79,1.25,167,Inspection
CRN01263,DR04275,PR00007,SR09084,QC-08,Quay Crane,6.75,0.58,228,Operational
CRN01264,DR09974,PR00001,SR05886,QC-08,RTG Crane,6.33,0.72,127,Operational
CRN01265,DR06713,PR00007,SR05333,QC-07,Quay Crane,5.82,0.86,107,Operational
CRN01266,DR01802,PR00002,SR06643,QC-07,RTG Crane,9.03,1.0,225,Operational
CRN01267,DR02835,PR00004,SR07578,QC-06,Quay Crane,9.36,0.8,244,Operational
CRN01268,DR06025,PR00001,SR07453,QC-01,Quay Crane,8.14,0.42,224,Operational
CRN01269,DR09491,PR00006,SR03173,QC-08,Quay Crane,7.55,0.48,217,Operational
CRN01270,DR07492,PR00006,SR04867,QC-01,Quay Crane,9.37,0.55,288,Operational
CRN01271,DR01942,PR00007,SR03637,QC-06,Quay Crane,7.57,0.81,205,Operational
CRN01272,DR06544,PR00007,SR05582,QC-02,Quay Crane,5.04,0.99,117,Operational
CRN01273,DR07175,PR00001,SR03219,QC-01,Quay Crane,5.63,0.75,143,Operational
CRN01274,DR08211,PR00004,SR09091,QC-06,Quay Crane,7.24,1.39,212,Inspection
CRN01275,DR04042,PR00002,SR08379,QC-05,Quay Crane,8.1,1.91,192,Maintenance
CRN01276,DR07107,PR00001,SR07237,QC-06,RTG Crane,9.1,0.9,243,Operational
CRN01277,DR09417,PR00001,SR03820,QC-07,Quay Crane,9.06,1.23,226,Inspection
CRN01278,DR06386,PR00007,SR03500,QC-01,Quay Crane,8.5,0.66,249,Operational
CRN01279,DR07822,PR00005,SR08232,QC-07,Quay Crane,8.68,1.02,251,Inspection
CRN01280,DR08365,PR00001,SR07287,QC-01,Quay Crane,6.65,0.76,208,Operational
CRN01281,DR08277,PR00007,SR07717,QC-08,Quay Crane,6.57,0.8,173,Operational
CRN01282,DR03998,PR00006,SR09420,QC-06,Quay Crane,6.48,0.53,175,Operational
CRN01283,DR00841,PR00002,SR07588,QC-04,Quay Crane,7.26,1.17,159,Inspection
CRN01284,DR05485,PR00003,SR07293,QC-04,Quay Crane,8.33,0.78,178,Operational
CRN01285,DR00846,PR00005,SR01856,QC-01,RTG Crane,10.0,0.33,266,Operational
CRN01286,DR05502,PR00005,SR08534,QC-03,Quay Crane,6.55,1.11,166,Inspection
CRN01287,DR05531,PR00003,SR01700,QC-01,Quay Crane,6.23,0.61,163,Operational
CRN01288,DR05134,PR00003,SR07597,QC-06,RTG Crane,8.17,0.75,252,Operational
CRN01289,DR08741,PR00001,SR05152,QC-06,Quay Crane,6.55,0.72,138,Operational
CRN01290,DR02247,PR00003,SR02877,QC-08,Quay Crane,9.14,0.52,203,Operational
CRN01291,DR03598,PR00002,SR05811,QC-07,Quay Crane,9.36,1.33,197,Inspection
CRN01292,DR05141,PR00002,SR08508,QC-08,RTG Crane,10.0,0.54,263,Operational
CRN01293,DR08122,PR00002,SR04111,QC-02,Quay Crane,7.92,0.61,263,Operational
CRN01294,DR04664,PR00004,SR02451,QC-06,RTG Crane,9.59,1.34,292,Inspection
CRN01295,DR07260,PR00003,SR05032,QC-02,Quay Crane,5.29,0.94,170,Operational
CRN01296,DR02398,PR00003,SR04357,QC-02,Quay Crane,9.19,0.61,235,Operational
CRN01297,DR07324,PR00001,SR06192,QC-04,Quay Crane,8.44,0.76,194,Operational
CRN01298,DR00203,PR00007,SR08895,QC-04,Quay Crane,7.59,0.74,219,Operational
CRN01299,DR04329,PR00002,SR06770,QC-08,Quay Crane,6.95,0.62,240,Operational
CRN01300,DR08992,PR00003,SR05523,QC-05,RTG Crane,2.92,1.86,58,Maintenance
CRN01301,DR00728,PR00001,SR00778,QC-04,Quay Crane,8.3,0.66,201,Operational
CRN01302,DR02230,PR00005,SR06179,QC-06,Quay Crane,6.41,1.07,154,Inspection
CRN01303,DR01046,PR00003,SR03020,QC-01,Quay Crane,6.72,0.54,171,Operational
CRN01304,DR04727,PR00003,SR02116,QC-08,Quay Crane,7.58,0.67,259,Operational
CRN01305,DR09421,PR00006,SR02008,QC-03,Quay Crane,7.75,1.46,200,Inspection
CRN01306,DR05294,PR00005,SR01896,QC-02,Quay Crane,6.06,0.81,196,Operational
CRN01307,DR09854,PR00003,SR09925,QC-04,Quay Crane,5.98,0.89,179,Operational
CRN01308,DR01678,PR00003,SR08135,QC-05,Quay Crane,5.79,2.19,158,Maintenance
CRN01309,DR00926,PR00007,SR04806,QC-06,Quay Crane,7.36,0.89,234,Operational
CRN01310,DR04565,PR00007,SR04477,QC-06,RTG Crane,9.0,0.82,283,Operational
CRN01311,DR04360,PR00005,SR00712,QC-03,RTG Crane,7.48,1.01,192,Inspection
CRN01312,DR01212,PR00005,SR01086,QC-06,Quay Crane,7.69,1.13,171,Inspection
CRN01313,DR02542,PR00006,SR06951,QC-02,RTG Crane,6.89,0.79,178,Operational
CRN01314,DR00114,PR00007,SR07683,QC-07,Quay Crane,6.52,0.92,161,Operational
CRN01315,DR03575,PR00001,SR05452,QC-04,Quay Crane,6.24,0.57,210,Operational
CRN01316,DR03067,PR00007,SR06145,QC-02,Quay Crane,6.62,0.93,190,Operational
CRN01317,DR04722,PR00005,SR01914,QC-02,Quay Crane,5.08,1.02,83,Inspection
CRN01318,DR08272,PR00004,SR05590,QC-07,Quay Crane,9.19,1.34,221,Inspection
CRN01319,DR02617,PR00003,SR00930,QC-08,Quay Crane,7.62,0.61,192,Operational
CRN01320,DR00977,PR00002,SR02725,QC-07,Quay Crane,7.52,1.39,221,Inspection
CRN01321,DR01505,PR00006,SR09698,QC-05,Quay Crane,7.79,1.88,184,Maintenance
CRN01322,DR07669,PR00004,SR09740,QC-01,Quay Crane,6.58,0.61,211,Operational
CRN01323,DR01146,PR00002,SR09365,QC-01,Quay Crane,7.69,0.36,177,Operational
CRN01324,DR01596,PR00004,SR04953,QC-04,Quay Crane,6.24,0.97,107,Operational
CRN01325,DR00617,PR00001,SR01744,QC-04,Quay Crane,6.43,0.87,177,Operational
CRN01326,DR09033,PR00003,SR03060,QC-08,Quay Crane,7.17,0.53,141,Operational
CRN01327,DR00368,PR00004,SR00167,QC-03,Quay Crane,7.31,1.63,181,Maintenance
CRN01328,DR04622,PR00004,SR00456,QC-03,Quay Crane,9.43,1.04,260,Inspection
CRN01329,DR00872,PR00001,SR06549,QC-03,RTG Crane,5.83,1.16,183,Inspection
CRN01330,DR05916,PR00001,SR03548,QC-05,Quay Crane,5.76,1.55,169,Inspection
CRN01331,DR00127,PR00002,SR07918,QC-04,Quay Crane,6.55,0.6,142,Operational
CRN01332,DR04912,PR00004,SR02402,QC-07,RTG Crane,8.76,1.02,204,Inspection
CRN01333,DR08294,PR00007,SR04475,QC-04,Quay Crane,7.64,0.94,167,Operational
CRN01334,DR03528,PR00005,SR00587,QC-08,Quay Crane,10.0,0.66,256,Operational
CRN01335,DR01409,PR00005,SR04484,QC-02,Quay Crane,7.1,0.76,231,Operational
CRN01336,DR08498,PR00002,SR09720,QC-05,Quay Crane,7.76,1.96,286,Maintenance
CRN01337,DR09083,PR00001,SR05591,QC-04,Quay Crane,7.33,0.9,204,Operational
CRN01338,DR09393,PR00006,SR02651,QC-02,Quay Crane,7.62,1.15,197,Inspection
CRN01339,DR02561,PR00003,SR04379,QC-08,Quay Crane,6.06,0.6,154,Operational
CRN01340,DR05317,PR00001,SR01411,QC-06,Quay Crane,7.33,0.95,174,Operational
CRN01341,DR09265,PR00003,SR01433,QC-04,Quay Crane,5.51,0.45,91,Operational
CRN01342,DR07391,PR00005,SR01569,QC-02,RTG Crane,7.72,0.87,246,Operational
CRN01343,DR00938,PR00002,SR00645,QC-08,Quay Crane,7.87,0.69,228,Operational
CRN01344,DR05870,PR00001,SR02970,QC-03,Quay Crane,6.9,1.22,172,Inspection
CRN01345,DR08929,PR00004,SR06565,QC-03,Quay Crane,6.21,1.37,174,Inspection
CRN01346,DR07294,PR00001,SR09624,QC-01,Quay Crane,6.08,0.5,176,Operational
CRN01347,DR09666,PR00003,SR06205,QC-08,Quay Crane,5.79,0.72,186,Operational
CRN01348,DR00904,PR00006,SR07004,QC-04,Quay Crane,6.11,0.65,175,Operational
CRN01349,DR03168,PR00007,SR07048,QC-06,Quay Crane,10.0,1.01,266,Inspection
CRN01350,DR08124,PR00003,SR05296,QC-04,RTG Crane,7.63,0.57,210,Operational
CRN01351,DR00049,PR00001,SR05052,QC-08,Quay Crane,6.83,0.82,160,Operational
CRN01352,DR09469,PR00003,SR04548,QC-02,RTG Crane,6.11,0.95,132,Operational
CRN01353,DR02434,PR00002,SR07065,QC-07,Quay Crane,6.98,1.47,205,Inspection
CRN01354,DR03361,PR00006,SR01164,QC-06,Quay Crane,8.08,0.98,274,Operational
CRN01355,DR04650,PR00005,SR07487,QC-07,RTG Crane,8.0,1.19,185,Inspection
CRN01356,DR06086,PR00003,SR09239,QC-04,Quay Crane,8.65,0.35,191,Operational
CRN01357,DR07633,PR00005,SR08421,QC-01,Quay Crane,8.72,0.77,192,Operational
CRN01358,DR03304,PR00002,SR04905,QC-05,Quay Crane,7.17,1.87,166,Maintenance
CRN01359,DR03717,PR00003,SR01202,QC-06,Quay Crane,6.15,0.89,142,Operational
CRN01360,DR05995,PR00007,SR04848,QC-04,Quay Crane,6.84,0.91,209,Operational
CRN01361,DR09490,PR00002,SR01666,QC-07,Quay Crane,8.38,1.39,256,Inspection
CRN01362,DR05266,PR00002,SR02681,QC-07,Quay Crane,6.22,1.11,215,Inspection
CRN01363,DR06498,PR00006,SR04719,QC-07,RTG Crane,10.0,1.29,308,Inspection
CRN01364,DR02840,PR00003,SR06917,QC-04,Quay Crane,6.17,0.71,183,Operational
CRN01365,DR05381,PR00002,SR02534,QC-03,Quay Crane,7.96,1.64,175,Maintenance
CRN01366,DR06539,PR00001,SR00788,QC-04,Quay Crane,7.64,0.45,218,Operational
CRN01367,DR00634,PR00003,SR00277,QC-03,RTG Crane,8.4,1.68,198,Maintenance
CRN01368,DR02258,PR00003,SR01798,QC-02,Quay Crane,4.12,1.08,45,Inspection
CRN01369,DR02490,PR00003,SR09404,QC-03,Quay Crane,8.63,1.25,228,Inspection
CRN01370,DR07262,PR00002,SR06510,QC-04,Quay Crane,6.65,0.57,165,Operational
CRN01371,DR07251,PR00003,SR08413,QC-05,Quay Crane,5.93,1.95,111,Maintenance
CRN01372,DR08716,PR00004,SR01756,QC-08,RTG Crane,8.65,0.29,224,Operational
CRN01373,DR03224,PR00006,SR03097,QC-06,Quay Crane,4.48,1.01,173,Inspection
CRN01374,DR02923,PR00004,SR00605,QC-03,Quay Crane,10.0,1.39,297,Inspection
CRN01375,DR03093,PR00004,SR04768,QC-02,Quay Crane,7.51,0.95,257,Operational
CRN01376,DR09961,PR00006,SR06221,QC-07,Quay Crane,6.98,1.04,189,Inspection
CRN01377,DR09129,PR00001,SR06179,QC-03,Quay Crane,5.3,1.96,79,Maintenance
CRN01378,DR05131,PR00002,SR07782,QC-08,Quay Crane,6.8,0.67,130,Operational
CRN01379,DR01047,PR00001,SR01907,QC-02,Quay Crane,8.96,1.12,200,Inspection
CRN01380,DR03157,PR00002,SR02710,QC-05,Quay Crane,7.59,1.96,261,Maintenance
CRN01381,DR00915,PR00007,SR04759,QC-06,Quay Crane,8.04,1.17,219,Inspection
CRN01382,DR08407,PR00002,SR08648,QC-02,Quay Crane,8.71,0.53,247,Operational
CRN01383,DR03978,PR00006,SR00019,QC-01,Quay Crane,5.92,0.99,156,Operational
CRN01384,DR05692,PR00001,SR08571,QC-03,Quay Crane,4.77,1.48,132,Inspection
CRN01385,DR05308,PR00003,SR01600,QC-08,RTG Crane,5.7,0.74,118,Operational
CRN01386,DR03479,PR00002,SR07236,QC-04,Quay Crane,7.16,0.85,181,Operational
CRN01387,DR02772,PR00002,SR03217,QC-03,Quay Crane,6.84,1.47,120,Inspection
CRN01388,DR07577,PR00003,SR02807,QC-03,Quay Crane,6.82,1.4,188,Inspection
CRN01389,DR06680,PR00004,SR06551,QC-08,Quay Crane,7.97,0.57,233,Operational
CRN01390,DR08058,PR00003,SR02953,QC-01,Quay Crane,6.56,0.28,158,Operational
CRN01391,DR03119,PR00006,SR05826,QC-01,RTG Crane,5.61,0.98,86,Operational
CRN01392,DR02169,PR00007,SR06303,QC-05,RTG Crane,5.72,1.6,134,Maintenance
CRN01393,DR06339,PR00003,SR04772,QC-06,Quay Crane,8.12,1.21,243,Inspection
CRN01394,DR00554,PR00007,SR03257,QC-01,Quay Crane,8.81,0.67,200,Operational
CRN01395,DR07794,PR00001,SR04914,QC-01,Quay Crane,9.3,0.39,227,Operational
CRN01396,DR05786,PR00002,SR00333,QC-05,Quay Crane,6.49,2.03,159,Maintenance
CRN01397,DR08693,PR00003,SR07600,QC-08,Quay Crane,7.46,0.52,206,Operational
CRN01398,DR06259,PR00004,SR03715,QC-03,Quay Crane,7.91,1.82,219,Maintenance
CRN01399,DR06670,PR00004,SR05404,QC-04,Quay Crane,7.63,0.69,251,Operational
CRN01400,DR09713,PR00004,SR07723,QC-01,Quay Crane,8.04,0.77,192,Operational
CRN01401,DR02287,PR00006,SR05550,QC-08,Quay Crane,8.24,0.51,191,Operational
CRN01402,DR06069,PR00002,SR05350,QC-01,Quay Crane,6.05,0.33,151,Operational
CRN01403,DR02973,PR00006,SR09658,QC-03,Quay Crane,6.27,1.34,129,Inspection
CRN01404,DR04702,PR00004,SR08840,QC-02,Quay Crane,7.84,1.21,181,Inspection
CRN01405,DR02524,PR00003,SR05998,QC-03,RTG Crane,5.71,0.97,146,Operational
CRN01406,DR00815,PR00002,SR02738,QC-08,Quay Crane,6.27,0.48,150,Operational
CRN01407,DR04336,PR00002,SR00185,QC-06,Quay Crane,7.43,0.94,231,Operational
CRN01408,DR03140,PR00003,SR06531,QC-02,Quay Crane,6.46,0.6,137,Operational
CRN01409,DR01253,PR00005,SR07726,QC-08,Quay Crane,7.73,0.35,209,Operational
CRN01410,DR07318,PR00003,SR07814,QC-05,Quay Crane,6.15,2.08,105,Maintenance
CRN01411,DR08633,PR00001,SR02532,QC-05,Quay Crane,3.63,1.69,93,Maintenance
CRN01412,DR04663,PR00005,SR03729,QC-03,Quay Crane,7.64,1.17,210,Inspection
CRN01413,DR06773,PR00004,SR01739,QC-02,Quay Crane,7.09,0.68,250,Operational
CRN01414,DR08260,PR00007,SR08954,QC-07,Quay Crane,9.08,1.16,273,Inspection
CRN01415,DR02821,PR00003,SR08653,QC-08,Quay Crane,6.64,0.74,129,Operational
CRN01416,DR00699,PR00004,SR06081,QC-02,Quay Crane,7.32,0.54,215,Operational
CRN01417,DR06307,PR00003,SR07116,QC-01,Quay Crane,6.6,0.5,174,Operational
CRN01418,DR02520,PR00005,SR05251,QC-05,Quay Crane,6.14,1.7,171,Maintenance
CRN01419,DR01531,PR00003,SR07093,QC-08,Quay Crane,6.47,0.32,155,Operational
CRN01420,DR07573,PR00001,SR01790,QC-03,Quay Crane,5.73,1.23,173,Inspection
CRN01421,DR06153,PR00007,SR02280,QC-06,RTG Crane,7.38,1.16,194,Inspection
CRN01422,DR08676,PR00005,SR06505,QC-02,Quay Crane,7.35,0.89,180,Operational
CRN01423,DR01163,PR00004,SR05933,QC-07,Quay Crane,5.75,1.37,115,Inspection
CRN01424,DR02946,PR00003,SR09624,QC-05,Quay Crane,8.46,1.3,185,Inspection
CRN01425,DR01277,PR00005,SR07463,QC-05,RTG Crane,6.1,1.69,128,Maintenance
CRN01426,DR02647,PR00001,SR09480,QC-04,Quay Crane,7.16,0.81,180,Operational
CRN01427,DR09616,PR00002,SR03379,QC-06,Quay Crane,8.44,0.86,255,Operational
CRN01428,DR08674,PR00001,SR06497,QC-02,RTG Crane,9.13,0.83,285,Operational
CRN01429,DR03879,PR00001,SR01011,QC-08,Quay Crane,3.65,0.63,62,Operational
CRN01430,DR00208,PR00001,SR05958,QC-06,Quay Crane,8.49,0.59,217,Operational
CRN01431,DR05253,PR00005,SR06133,QC-05,Quay Crane,7.55,1.74,166,Maintenance
CRN01432,DR08354,PR00002,SR01268,QC-08,Quay Crane,7.92,0.4,175,Operational
CRN01433,DR03146,PR00006,SR05198,QC-05,Quay Crane,6.46,1.92,166,Maintenance
CRN01434,DR07667,PR00007,SR02895,QC-08,Quay Crane,8.25,0.52,258,Operational
CRN01435,DR01880,PR00001,SR08897,QC-02,Quay Crane,8.77,0.52,265,Operational
CRN01436,DR04580,PR00005,SR04691,QC-01,Quay Crane,8.04,0.52,223,Operational
CRN01437,DR04209,PR00003,SR02876,QC-02,Quay Crane,8.45,1.17,232,Inspection
CRN01438,DR06098,PR00007,SR00216,QC-07,Quay Crane,10.0,0.79,256,Operational
CRN01439,DR04098,PR00003,SR04842,QC-05,Quay Crane,9.27,2.09,240,Maintenance
CRN01440,DR09933,PR00003,SR08320,QC-08,Quay Crane,6.18,0.45,138,Operational
CRN01441,DR09169,PR00002,SR01074,QC-02,Quay Crane,8.23,0.81,272,Operational
CRN01442,DR06323,PR00007,SR02211,QC-05,Quay Crane,8.84,1.45,280,Inspection
CRN01443,DR02525,PR00002,SR06583,QC-01,RTG Crane,7.64,0.61,188,Operational
CRN01444,DR03207,PR00006,SR08590,QC-08,RTG Crane,8.15,0.7,240,Operational
CRN01445,DR07747,PR00001,SR04312,QC-07,RTG Crane,4.87,1.63,129,Maintenance
CRN01446,DR03503,PR00004,SR09955,QC-07,RTG Crane,7.09,1.31,201,Inspection
CRN01447,DR04526,PR00003,SR03372,QC-02,Quay Crane,6.77,0.37,168,Operational
CRN01448,DR06997,PR00001,SR00343,QC-04,Quay Crane,5.73,0.73,107,Operational
CRN01449,DR05212,PR00001,SR00911,QC-07,Quay Crane,8.62,1.26,264,Inspection
CRN01450,DR06763,PR00002,SR06887,QC-06,Quay Crane,5.38,0.61,178,Operational
CRN01451,DR02389,PR00005,SR05615,QC-01,Quay Crane,8.57,0.05,232,Operational
CRN01452,DR09977,PR00005,SR00520,QC-07,Quay Crane,6.95,0.75,131,Operational
CRN01453,DR08791,PR00002,SR07805,QC-03,Quay Crane,8.89,1.41,199,Inspection
CRN01454,DR07242,PR00003,SR08514,QC-01,Quay Crane,7.76,0.48,230,Operational
CRN01455,DR01115,PR00001,SR09172,QC-04,RTG Crane,7.4,0.93,196,Operational
CRN01456,DR07506,PR00005,SR05460,QC-01,Quay Crane,7.12,0.87,169,Operational
CRN01457,DR06590,PR00006,SR09986,QC-01,Quay Crane,6.49,0.73,167,Operational
CRN01458,DR04267,PR00006,SR04969,QC-03,Quay Crane,7.52,1.54,179,Inspection
CRN01459,DR00944,PR00006,SR00016,QC-07,Quay Crane,4.09,1.48,147,Inspection
CRN01460,DR02477,PR00002,SR00912,QC-01,Quay Crane,6.73,0.64,124,Operational
CRN01461,DR08311,PR00002,SR04201,QC-04,Quay Crane,8.14,0.81,241,Operational
CRN01462,DR09592,PR00006,SR06842,QC-05,Quay Crane,7.05,1.36,175,Inspection
CRN01463,DR00669,PR00001,SR03573,QC-08,Quay Crane,8.52,0.47,247,Operational
CRN01464,DR00707,PR00001,SR06530,QC-05,RTG Crane,5.99,1.58,150,Maintenance
CRN01465,DR06093,PR00002,SR00987,QC-05,Quay Crane,5.68,2.15,157,Maintenance
CRN01466,DR01676,PR00005,SR05170,QC-04,Quay Crane,7.38,0.45,224,Operational
CRN01467,DR07729,PR00005,SR08923,QC-05,Quay Crane,6.29,1.6,120,Maintenance
CRN01468,DR07388,PR00007,SR02694,QC-05,Quay Crane,8.04,1.76,213,Maintenance
CRN01469,DR00902,PR00002,SR09170,QC-08,Quay Crane,6.47,0.98,148,Operational
CRN01470,DR00569,PR00002,SR05688,QC-04,Quay Crane,7.5,1.12,144,Inspection
CRN01471,DR06758,PR00003,SR05242,QC-02,Quay Crane,3.59,0.78,123,Operational
CRN01472,DR03737,PR00006,SR08531,QC-04,Quay Crane,6.72,0.8,234,Operational
CRN01473,DR04672,PR00002,SR09410,QC-06,Quay Crane,6.73,0.93,174,Operational
CRN01474,DR09924,PR00007,SR04142,QC-03,Quay Crane,4.58,1.49,80,Inspection
CRN01475,DR02583,PR00003,SR05960,QC-07,Quay Crane,7.54,0.71,234,Operational
CRN01476,DR09828,PR00006,SR07916,QC-08,Quay Crane,7.0,0.91,157,Operational
CRN01477,DR06390,PR00006,SR06418,QC-05,Quay Crane,5.94,1.84,96,Maintenance
CRN01478,DR07926,PR00003,SR02819,QC-08,Quay Crane,9.13,0.48,215,Operational
CRN01479,DR04296,PR00005,SR02042,QC-01,Quay Crane,5.71,0.4,220,Operational
CRN01480,DR07639,PR00003,SR04370,QC-03,Quay Crane,8.56,1.44,262,Inspection
CRN01481,DR01838,PR00006,SR09791,QC-01,Quay Crane,7.04,0.9,214,Operational
CRN01482,DR08473,PR00006,SR01431,QC-05,RTG Crane,8.61,2.18,206,Maintenance
CRN01483,DR01950,PR00004,SR02107,QC-06,Quay Crane,8.04,0.77,176,Operational
CRN01484,DR08087,PR00002,SR08805,QC-01,Quay Crane,4.27,0.72,95,Operational
CRN01485,DR06975,PR00007,SR09128,QC-01,Quay Crane,5.66,0.35,161,Operational
CRN01486,DR01162,PR00007,SR08076,QC-08,Quay Crane,5.95,0.45,210,Operational
CRN01487,DR03395,PR00004,SR09280,QC-07,Quay Crane,10.0,1.17,263,Inspection
CRN01488,DR00556,PR00007,SR03168,QC-02,RTG Crane,8.74,0.93,238,Operational
CRN01489,DR08189,PR00003,SR07318,QC-04,Quay Crane,9.41,0.83,222,Operational
CRN01490,DR07204,PR00003,SR05993,QC-01,Quay Crane,5.51,0.6,111,Operational
CRN01491,DR01139,PR00003,SR01661,QC-03,Quay Crane,7.5,0.99,149,Operational
CRN01492,DR08733,PR00001,SR00397,QC-02,RTG Crane,6.1,0.96,81,Operational
CRN01493,DR00594,PR00004,SR07227,QC-04,Quay Crane,9.58,1.23,265,Inspection
CRN01494,DR05965,PR00004,SR03378,QC-02,RTG Crane,7.95,0.97,290,Operational
CRN01495,DR09088,PR00001,SR07071,QC-08,RTG Crane,6.86,0.91,224,Operational
CRN01496,DR05591,PR00002,SR05604,QC-01,Quay Crane,6.21,0.71,183,Operational
CRN01497,DR07513,PR00005,SR05184,QC-06,RTG Crane,8.21,1.16,245,Inspection
CRN01498,DR07261,PR00006,SR00324,QC-03,Quay Crane,7.74,1.0,210,Operational
CRN01499,DR08097,PR00007,SR02923,QC-08,Quay Crane,6.72,0.42,201,Operational
CRN01500,DR06965,PR00002,SR01405,QC-01,Quay Crane,6.07,0.85,187,Operational
CRN01501,DR02977,PR00006,SR03760,QC-07,Quay Crane,8.2,1.42,217,Inspection
CRN01502,DR04171,PR00001,SR08354,QC-02,Quay Crane,7.14,0.75,135,Operational
CRN01503,DR09170,PR00001,SR07873,QC-07,RTG Crane,6.22,1.25,192,Inspection
CRN01504,DR05075,PR00005,SR01139,QC-05,Quay Crane,7.53,2.09,167,Maintenance
CRN01505,DR01085,PR00003,SR04841,QC-01,Quay Crane,8.32,0.63,203,Operational
CRN01506,DR09524,PR00006,SR07783,QC-01,Quay Crane,7.22,0.8,186,Operational
CRN01507,DR01606,PR00002,SR02581,QC-06,RTG Crane,8.18,0.87,222,Operational
CRN01508,DR04644,PR00002,SR04663,QC-04,Quay Crane,5.88,0.98,182,Operational
CRN01509,DR08203,PR00004,SR08829,QC-08,Quay Crane,9.42,0.7,297,Operational
CRN01510,DR00162,PR00001,SR08064,QC-04,Quay Crane,5.94,0.46,173,Operational
CRN01511,DR01238,PR00002,SR06637,QC-08,Quay Crane,8.04,1.11,240,Inspection
CRN01512,DR02468,PR00001,SR09493,QC-02,Quay Crane,7.02,1.34,184,Inspection
CRN01513,DR05358,PR00002,SR00761,QC-03,RTG Crane,5.8,1.22,120,Inspection
CRN01514,DR03400,PR00005,SR08637,QC-04,Quay Crane,6.65,0.61,224,Operational
CRN01515,DR05462,PR00001,SR07224,QC-02,Quay Crane,9.83,1.0,229,Operational
CRN01516,DR04052,PR00004,SR03638,QC-03,Quay Crane,5.75,1.32,110,Inspection
CRN01517,DR00817,PR00004,SR02694,QC-03,Quay Crane,5.76,1.34,146,Inspection
CRN01518,DR00166,PR00003,SR04486,QC-08,Quay Crane,5.89,0.97,151,Operational
CRN01519,DR03225,PR00003,SR00315,QC-07,Quay Crane,8.69,0.9,238,Operational
CRN01520,DR05097,PR00004,SR04846,QC-01,Quay Crane,7.47,0.41,257,Operational
CRN01521,DR06510,PR00006,SR03120,QC-01,RTG Crane,6.59,0.55,171,Operational
CRN01522,DR03002,PR00001,SR00409,QC-07,RTG Crane,6.77,1.23,147,Inspection
CRN01523,DR01888,PR00006,SR09406,QC-05,Quay Crane,6.53,2.21,174,Maintenance
CRN01524,DR00175,PR00001,SR07809,QC-02,Quay Crane,6.91,1.07,235,Inspection
CRN01525,DR05927,PR00003,SR06247,QC-04,Quay Crane,5.6,0.53,180,Operational
CRN01526,DR05287,PR00003,SR04132,QC-08,Quay Crane,5.15,0.72,141,Operational
CRN01527,DR00063,PR00001,SR08169,QC-06,RTG Crane,7.55,0.8,200,Operational
CRN01528,DR02132,PR00001,SR03892,QC-06,Quay Crane,6.27,1.31,190,Inspection
CRN01529,DR00455,PR00001,SR06759,QC-07,Quay Crane,7.82,1.11,169,Inspection
CRN01530,DR06535,PR00001,SR00790,QC-08,Quay Crane,7.45,0.38,191,Operational
CRN01531,DR08995,PR00004,SR06770,QC-05,Quay Crane,8.95,2.13,200,Maintenance
CRN01532,DR06830,PR00001,SR09299,QC-06,Quay Crane,7.43,0.5,254,Operational
CRN01533,DR07370,PR00006,SR07506,QC-04,Quay Crane,8.09,0.56,286,Operational
CRN01534,DR04308,PR00006,SR02758,QC-07,Quay Crane,6.37,0.56,216,Operational
CRN01535,DR08315,PR00002,SR06686,QC-06,Quay Crane,4.66,1.08,113,Inspection
CRN01536,DR06658,PR00001,SR02439,QC-04,Quay Crane,6.81,0.47,138,Operational
CRN01537,DR02241,PR00003,SR05418,QC-08,Quay Crane,6.41,0.95,175,Operational
CRN01538,DR04526,PR00006,SR07853,QC-03,Quay Crane,5.74,1.63,125,Maintenance
CRN01539,DR01880,PR00003,SR03492,QC-08,Quay Crane,8.46,0.48,232,Operational
CRN01540,DR05561,PR00001,SR01047,QC-02,Quay Crane,6.71,1.37,178,Inspection
CRN01541,DR01441,PR00007,SR00041,QC-07,Quay Crane,7.7,0.97,248,Operational
CRN01542,DR00724,PR00003,SR07259,QC-05,Quay Crane,5.48,1.58,141,Maintenance
CRN01543,DR04102,PR00002,SR03095,QC-05,Quay Crane,7.48,1.72,203,Maintenance
CRN01544,DR05145,PR00006,SR09831,QC-02,Quay Crane,8.63,0.86,275,Operational
CRN01545,DR06115,PR00007,SR00437,QC-04,Quay Crane,10.0,0.88,281,Operational
CRN01546,DR03921,PR00003,SR09338,QC-04,Quay Crane,5.12,1.09,116,Inspection
CRN01547,DR00896,PR00002,SR03197,QC-07,RTG Crane,7.64,1.24,168,Inspection
CRN01548,DR03125,PR00003,SR04977,QC-06,Quay Crane,5.07,0.87,146,Operational
CRN01549,DR02682,PR00002,SR07512,QC-05,Quay Crane,5.35,1.84,155,Maintenance
CRN01550,DR03411,PR00003,SR09929,QC-07,Quay Crane,7.62,1.38,212,Inspection
CRN01551,DR08415,PR00002,SR02054,QC-06,Quay Crane,7.81,0.71,226,Operational
CRN01552,DR01595,PR00004,SR07890,QC-08,Quay Crane,8.34,0.45,285,Operational
CRN01553,DR05979,PR00005,SR01473,QC-02,Quay Crane,6.99,1.29,189,Inspection
CRN01554,DR09946,PR00007,SR01095,QC-03,RTG Crane,8.98,1.15,236,Inspection
CRN01555,DR06569,PR00006,SR06519,QC-06,Quay Crane,8.33,0.65,266,Operational
CRN01556,DR07061,PR00001,SR08799,QC-08,Quay Crane,7.09,1.04,189,Inspection
CRN01557,DR05730,PR00002,SR03082,QC-06,RTG Crane,8.27,1.05,216,Inspection
CRN01558,DR00706,PR00003,SR03709,QC-05,RTG Crane,6.67,2.16,190,Maintenance
CRN01559,DR01623,PR00002,SR09411,QC-03,Quay Crane,8.83,0.96,213,Operational
CRN01560,DR07160,PR00001,SR09542,QC-06,Quay Crane,7.59,1.32,150,Inspection
CRN01561,DR05507,PR00005,SR00051,QC-06,RTG Crane,6.83,0.07,217,Operational
CRN01562,DR08216,PR00002,SR04976,QC-07,Quay Crane,6.12,1.19,216,Inspection
CRN01563,DR01190,PR00001,SR08197,QC-04,Quay Crane,6.87,1.13,242,Inspection
CRN01564,DR05262,PR00003,SR05710,QC-01,RTG Crane,7.67,0.89,187,Operational
CRN01565,DR05703,PR00007,SR03440,QC-01,Quay Crane,7.2,0.77,190,Operational
CRN01566,DR06961,PR00005,SR03454,QC-07,Quay Crane,8.27,1.61,160,Maintenance
CRN01567,DR06622,PR00001,SR07223,QC-01,Quay Crane,6.72,0.52,177,Operational
CRN01568,DR07020,PR00003,SR08060,QC-05,Quay Crane,8.01,1.55,300,Inspection
CRN01569,DR06647,PR00007,SR09528,QC-04,Quay Crane,3.65,0.59,80,Operational
CRN01570,DR08982,PR00001,SR07262,QC-03,Quay Crane,6.79,1.03,240,Inspection
CRN01571,DR05838,PR00004,SR03023,QC-07,RTG Crane,6.69,1.14,135,Inspection
CRN01572,DR08161,PR00005,SR08749,QC-01,Quay Crane,4.2,0.19,123,Operational
CRN01573,DR06102,PR00005,SR09873,QC-05,RTG Crane,8.67,2.07,227,Maintenance
CRN01574,DR04285,PR00001,SR00931,QC-03,Quay Crane,7.15,0.89,222,Operational
CRN01575,DR04130,PR00007,SR06964,QC-01,Quay Crane,7.92,0.45,205,Operational
CRN01576,DR00365,PR00002,SR05337,QC-07,Quay Crane,6.59,1.03,118,Inspection
CRN01577,DR07196,PR00001,SR05912,QC-04,Quay Crane,8.41,0.61,276,Operational
CRN01578,DR03643,PR00001,SR04527,QC-02,Quay Crane,7.34,0.76,170,Operational
CRN01579,DR02379,PR00003,SR04229,QC-07,Quay Crane,8.14,1.59,182,Maintenance
CRN01580,DR04013,PR00001,SR03812,QC-02,Quay Crane,7.42,0.71,183,Operational
CRN01581,DR06629,PR00005,SR05871,QC-08,Quay Crane,7.92,0.33,183,Operational
CRN01582,DR06061,PR00006,SR04177,QC-02,Quay Crane,7.36,0.93,167,Operational
CRN01583,DR03392,PR00001,SR02859,QC-04,Quay Crane,7.78,0.67,209,Operational
CRN01584,DR07922,PR00006,SR05847,QC-03,Quay Crane,7.31,1.31,220,Inspection
CRN01585,DR01606,PR00007,SR05605,QC-06,Quay Crane,4.86,0.86,120,Operational
CRN01586,DR01148,PR00001,SR00595,QC-08,Quay Crane,5.02,0.53,97,Operational
CRN01587,DR09953,PR00005,SR04609,QC-03,Quay Crane,6.44,1.38,122,Inspection
CRN01588,DR04710,PR00007,SR00789,QC-02,Quay Crane,8.85,0.62,273,Operational
CRN01589,DR00024,PR00006,SR01634,QC-05,Quay Crane,7.19,2.03,152,Maintenance
CRN01590,DR03056,PR00003,SR05873,QC-02,RTG Crane,5.19,1.41,147,Inspection
CRN01591,DR01308,PR00006,SR08276,QC-01,Quay Crane,6.76,0.39,174,Operational
CRN01592,DR07814,PR00005,SR08571,QC-07,Quay Crane,6.55,1.17,186,Inspection
CRN01593,DR08736,PR00002,SR05206,QC-06,Quay Crane,6.87,1.08,202,Inspection
CRN01594,DR04349,PR00002,SR06903,QC-06,Quay Crane,8.29,1.16,232,Inspection
CRN01595,DR03826,PR00003,SR02032,QC-06,RTG Crane,7.98,1.09,197,Inspection
CRN01596,DR03962,PR00003,SR01834,QC-08,Quay Crane,8.75,0.38,242,Operational
CRN01597,DR01911,PR00002,SR03975,QC-05,Quay Crane,6.82,1.43,164,Inspection
CRN01598,DR01454,PR00001,SR00173,QC-05,RTG Crane,7.78,1.48,237,Inspection
CRN01599,DR09940,PR00006,SR02588,QC-07,Quay Crane,8.68,1.39,245,Inspection
CRN01600,DR00894,PR00005,SR01687,QC-07,Quay Crane,7.09,1.1,139,Inspection
CRN01601,DR08009,PR00002,SR07343,QC-07,Quay Crane,4.23,1.02,135,Inspection
CRN01602,DR09787,PR00002,SR02218,QC-06,Quay Crane,6.71,0.85,191,Operational
CRN01603,DR02385,PR00001,SR05762,QC-01,Quay Crane,9.81,0.69,201,Operational
CRN01604,DR01251,PR00001,SR04963,QC-04,Quay Crane,7.65,1.1,181,Inspection
CRN01605,DR01448,PR00004,SR00773,QC-04,Quay Crane,7.28,0.52,232,Operational
CRN01606,DR00375,PR00001,SR07904,QC-06,Quay Crane,6.29,0.69,177,Operational
CRN01607,DR00923,PR00007,SR00133,QC-06,Quay Crane,6.45,1.04,209,Inspection
CRN01608,DR00734,PR00002,SR09727,QC-05,Quay Crane,7.4,1.93,205,Maintenance
CRN01609,DR03323,PR00001,SR05940,QC-01,Quay Crane,8.42,0.42,242,Operational
CRN01610,DR09634,PR00006,SR00092,QC-02,Quay Crane,5.02,0.99,148,Operational
CRN01611,DR03402,PR00003,SR05772,QC-01,Quay Crane,5.63,0.64,140,Operational
CRN01612,DR01616,PR00002,SR08924,QC-08,Quay Crane,7.66,0.37,242,Operational
CRN01613,DR06797,PR00001,SR06400,QC-01,Quay Crane,7.32,0.49,204,Operational
CRN01614,DR07466,PR00004,SR00808,QC-04,Quay Crane,4.4,0.97,121,Operational
CRN01615,DR05662,PR00002,SR06490,QC-01,Quay Crane,6.6,0.79,218,Operational
CRN01616,DR00479,PR00006,SR09553,QC-04,Quay Crane,9.15,0.75,276,Operational
CRN01617,DR00599,PR00004,SR05704,QC-01,Quay Crane,7.14,1.18,202,Inspection
CRN01618,DR09201,PR00006,SR04676,QC-05,Quay Crane,5.88,1.94,126,Maintenance
CRN01619,DR09743,PR00004,SR02985,QC-06,Quay Crane,6.96,1.03,172,Inspection
CRN01620,DR06452,PR00005,SR09517,QC-06,Quay Crane,9.12,0.88,247,Operational
CRN01621,DR00154,PR00005,SR02775,QC-01,RTG Crane,7.99,0.5,167,Operational
CRN01622,DR02389,PR00003,SR04092,QC-08,Quay Crane,6.08,0.75,183,Operational
CRN01623,DR00939,PR00005,SR08701,QC-03,RTG Crane,7.94,1.2,199,Inspection
CRN01624,DR05675,PR00004,SR05257,QC-01,Quay Crane,6.68,0.73,190,Operational
CRN01625,DR00659,PR00001,SR07771,QC-06,RTG Crane,5.37,1.13,120,Inspection
CRN01626,DR08748,PR00005,SR00063,QC-07,Quay Crane,8.64,0.85,280,Operational
CRN01627,DR08945,PR00002,SR07414,QC-04,RTG Crane,7.95,0.33,179,Operational
CRN01628,DR08481,PR00004,SR01647,QC-07,Quay Crane,5.83,1.13,76,Inspection
CRN01629,DR03092,PR00001,SR08985,QC-01,RTG Crane,8.57,0.99,261,Operational
CRN01630,DR02641,PR00001,SR06534,QC-02,RTG Crane,3.86,1.28,49,Inspection
CRN01631,DR01437,PR00001,SR02947,QC-04,Quay Crane,7.16,0.05,170,Operational
CRN01632,DR01706,PR00001,SR04039,QC-04,RTG Crane,10.0,0.76,212,Operational
CRN01633,DR03867,PR00001,SR00119,QC-06,Quay Crane,10.0,0.96,303,Operational
CRN01634,DR06395,PR00001,SR01586,QC-04,RTG Crane,6.74,0.46,208,Operational
CRN01635,DR09922,PR00004,SR03239,QC-08,Quay Crane,10.0,0.58,302,Operational
CRN01636,DR07311,PR00003,SR07601,QC-03,Quay Crane,8.08,1.18,251,Inspection
CRN01637,DR02976,PR00007,SR04081,QC-01,Quay Crane,6.9,0.49,212,Operational
CRN01638,DR07183,PR00006,SR07610,QC-07,RTG Crane,7.53,1.16,188,Inspection
CRN01639,DR07904,PR00001,SR07103,QC-05,Quay Crane,6.54,1.57,173,Maintenance
CRN01640,DR05224,PR00003,SR08904,QC-03,RTG Crane,8.41,1.29,247,Inspection
CRN01641,DR00681,PR00003,SR04437,QC-06,Quay Crane,6.74,0.88,192,Operational
CRN01642,DR08795,PR00003,SR02919,QC-01,Quay Crane,7.64,0.72,185,Operational
CRN01643,DR06363,PR00003,SR06392,QC-07,Quay Crane,6.84,1.24,181,Inspection
CRN01644,DR07095,PR00004,SR02431,QC-01,Quay Crane,4.72,0.75,129,Operational
CRN01645,DR00507,PR00004,SR04224,QC-02,Quay Crane,6.3,0.94,195,Operational
CRN01646,DR03703,PR00002,SR03368,QC-05,Quay Crane,7.07,2.2,183,Maintenance
CRN01647,DR03310,PR00005,SR01232,QC-01,Quay Crane,7.09,0.47,202,Operational
CRN01648,DR00417,PR00002,SR00102,QC-05,Quay Crane,8.48,2.08,194,Maintenance
CRN01649,DR08458,PR00006,SR03843,QC-01,Quay Crane,8.1,0.57,234,Operational
CRN01650,DR02021,PR00007,SR05153,QC-01,Quay Crane,6.69,0.93,166,Operational
CRN01651,DR02867,PR00002,SR03518,QC-01,Quay Crane,6.59,0.64,195,Operational
CRN01652,DR00592,PR00006,SR01732,QC-02,Quay Crane,7.52,0.58,200,Operational
CRN01653,DR00016,PR00006,SR01407,QC-06,Quay Crane,6.81,0.94,157,Operational
CRN01654,DR01214,PR00003,SR00405,QC-02,Quay Crane,6.55,0.77,169,Operational
CRN01655,DR05123,PR00001,SR03052,QC-01,Quay Crane,6.03,0.34,149,Operational
CRN01656,DR07843,PR00006,SR05104,QC-08,Quay Crane,6.69,0.5,170,Operational
CRN01657,DR00938,PR00003,SR07925,QC-08,Quay Crane,8.02,0.1,221,Operational
CRN01658,DR06794,PR00002,SR03249,QC-02,Quay Crane,5.72,0.67,152,Operational
CRN01659,DR03805,PR00004,SR06807,QC-01,RTG Crane,7.98,0.72,171,Operational
CRN01660,DR04918,PR00003,SR07229,QC-07,Quay Crane,10.0,1.34,304,Inspection
CRN01661,DR03519,PR00001,SR03233,QC-06,Quay Crane,6.47,0.82,158,Operational
CRN01662,DR09476,PR00007,SR03920,QC-01,RTG Crane,6.87,0.64,234,Operational
CRN01663,DR02405,PR00002,SR00036,QC-07,Quay Crane,6.57,1.52,184,Inspection
CRN01664,DR06397,PR00003,SR08847,QC-07,Quay Crane,7.71,1.02,172,Inspection
CRN01665,DR05822,PR00004,SR04526,QC-01,Quay Crane,6.76,0.19,161,Operational
CRN01666,DR01681,PR00001,SR06573,QC-03,Quay Crane,6.86,1.36,188,Inspection
CRN01667,DR08637,PR00005,SR08676,QC-03,Quay Crane,4.92,1.68,92,Maintenance
CRN01668,DR06593,PR00004,SR07715,QC-01,Quay Crane,6.84,0.87,215,Operational
CRN01669,DR06394,PR00003,SR04055,QC-04,Quay Crane,5.46,0.65,164,Operational
CRN01670,DR05297,PR00003,SR03720,QC-02,Quay Crane,6.1,1.01,229,Inspection
CRN01671,DR08369,PR00007,SR02025,QC-01,Quay Crane,8.99,0.55,261,Operational
CRN01672,DR06745,PR00007,SR09815,QC-01,Quay Crane,5.9,1.05,127,Inspection
CRN01673,DR05486,PR00001,SR04117,QC-06,Quay Crane,6.66,1.09,198,Inspection
CRN01674,DR02933,PR00003,SR00360,QC-07,Quay Crane,8.08,0.81,221,Operational
CRN01675,DR04793,PR00003,SR07380,QC-01,Quay Crane,6.8,0.45,187,Operational
CRN01676,DR05862,PR00007,SR06027,QC-02,Quay Crane,8.07,0.84,233,Operational
CRN01677,DR02401,PR00006,SR05860,QC-05,Quay Crane,9.75,1.61,232,Maintenance
CRN01678,DR08715,PR00003,SR03617,QC-03,Quay Crane,7.89,1.41,222,Inspection
CRN01679,DR03982,PR00006,SR05121,QC-03,Quay Crane,5.33,1.22,155,Inspection
CRN01680,DR05288,PR00003,SR00248,QC-04,Quay Crane,8.68,0.86,244,Operational
CRN01681,DR05268,PR00002,SR01802,QC-05,RTG Crane,6.69,1.6,113,Maintenance
CRN01682,DR02549,PR00004,SR05234,QC-07,Quay Crane,4.41,1.13,115,Inspection
CRN01683,DR08700,PR00002,SR08048,QC-07,Quay Crane,5.47,1.5,96,Inspection
CRN01684,DR02509,PR00004,SR07015,QC-06,Quay Crane,6.87,0.97,144,Operational
CRN01685,DR00118,PR00003,SR06643,QC-02,Quay Crane,8.21,0.88,187,Operational
CRN01686,DR09044,PR00006,SR02409,QC-02,Quay Crane,6.64,0.58,174,Operational
CRN01687,DR08463,PR00007,SR06307,QC-05,Quay Crane,7.6,1.77,187,Maintenance
CRN01688,DR09734,PR00002,SR08655,QC-05,Quay Crane,6.53,1.72,212,Maintenance
CRN01689,DR09231,PR00003,SR04488,QC-02,Quay Crane,9.98,0.79,298,Operational
CRN01690,DR02417,PR00005,SR00534,QC-06,Quay Crane,6.14,1.54,194,Inspection
CRN01691,DR02218,PR00001,SR09654,QC-04,Quay Crane,9.27,0.88,277,Operational
CRN01692,DR01237,PR00006,SR08076,QC-03,RTG Crane,7.16,1.42,151,Inspection
CRN01693,DR06485,PR00004,SR06047,QC-06,Quay Crane,7.8,0.85,188,Operational
CRN01694,DR09417,PR00001,SR08461,QC-06,RTG Crane,3.39,0.82,45,Operational
CRN01695,DR02801,PR00006,SR04547,QC-05,RTG Crane,9.59,1.88,249,Maintenance
CRN01696,DR08178,PR00003,SR08712,QC-08,Quay Crane,5.75,0.77,198,Operational
CRN01697,DR03841,PR00001,SR07038,QC-06,Quay Crane,8.23,0.98,222,Operational
CRN01698,DR05091,PR00001,SR03124,QC-08,Quay Crane,6.23,0.45,136,Operational
CRN01699,DR05602,PR00006,SR08206,QC-05,Quay Crane,5.16,1.89,101,Maintenance
CRN01700,DR01340,PR00007,SR02810,QC-05,Quay Crane,8.55,2.03,233,Maintenance
CRN01701,DR02787,PR00003,SR08623,QC-03,Quay Crane,6.38,1.66,148,Maintenance
CRN01702,DR04325,PR00001,SR03666,QC-01,Quay Crane,7.03,0.83,217,Operational
CRN01703,DR06142,PR00001,SR09006,QC-08,Quay Crane,6.74,0.52,208,Operational
CRN01704,DR01468,PR00004,SR07943,QC-05,Quay Crane,4.47,1.19,106,Inspection
CRN01705,DR05520,PR00003,SR05423,QC-03,RTG Crane,5.38,1.05,106,Inspection
CRN01706,DR07268,PR00003,SR00015,QC-01,Quay Crane,4.11,0.24,130,Operational
CRN01707,DR03477,PR00002,SR03073,QC-01,Quay Crane,5.81,0.6,137,Operational
CRN01708,DR05319,PR00003,SR00424,QC-08,Quay Crane,9.54,0.36,279,Operational
CRN01709,DR08905,PR00004,SR07397,QC-03,Quay Crane,9.02,1.17,259,Inspection
CRN01710,DR02032,PR00004,SR09917,QC-07,Quay Crane,10.0,1.11,253,Inspection
CRN01711,DR09042,PR00001,SR08612,QC-02,Quay Crane,8.68,1.61,275,Maintenance
CRN01712,DR02002,PR00003,SR04143,QC-01,Quay Crane,7.67,0.94,197,Operational
CRN01713,DR08035,PR00003,SR07361,QC-07,Quay Crane,9.44,1.11,282,Inspection
CRN01714,DR03640,PR00004,SR00807,QC-06,Quay Crane,6.48,1.41,192,Inspection
CRN01715,DR07518,PR00001,SR04822,QC-08,Quay Crane,9.47,0.65,250,Operational
CRN01716,DR06658,PR00001,SR09321,QC-07,RTG Crane,7.32,1.02,160,Inspection
CRN01717,DR08784,PR00003,SR09305,QC-05,Quay Crane,7.24,1.96,184,Maintenance
CRN01718,DR01116,PR00002,SR00333,QC-06,Quay Crane,7.27,0.71,220,Operational
CRN01719,DR05636,PR00004,SR09926,QC-07,Quay Crane,9.27,0.71,247,Operational
CRN01720,DR09812,PR00003,SR02014,QC-08,Quay Crane,10.0,0.1,269,Operational
CRN01721,DR00427,PR00002,SR00731,QC-03,Quay Crane,5.31,1.63,146,Maintenance
CRN01722,DR04742,PR00004,SR01488,QC-07,Quay Crane,8.71,1.16,240,Inspection
CRN01723,DR00867,PR00003,SR05870,QC-03,Quay Crane,6.82,1.08,157,Inspection
CRN01724,DR02032,PR00001,SR04869,QC-05,Quay Crane,7.15,1.94,138,Maintenance
CRN01725,DR06405,PR00006,SR08594,QC-06,Quay Crane,7.3,0.58,217,Operational
CRN01726,DR02468,PR00003,SR01465,QC-01,Quay Crane,8.69,0.28,218,Operational
CRN01727,DR00427,PR00007,SR06209,QC-06,Quay Crane,5.19,1.06,120,Inspection
CRN01728,DR03897,PR00001,SR01273,QC-04,Quay Crane,5.17,1.17,165,Inspection
CRN01729,DR07042,PR00006,SR08491,QC-03,Quay Crane,7.32,1.01,274,Inspection
CRN01730,DR09908,PR00006,SR09682,QC-06,Quay Crane,5.01,0.67,195,Operational
CRN01731,DR06566,PR00001,SR02695,QC-06,Quay Crane,7.48,0.9,201,Operational
CRN01732,DR05603,PR00003,SR01033,QC-06,RTG Crane,8.71,1.11,278,Inspection
CRN01733,DR05329,PR00004,SR08033,QC-04,Quay Crane,7.85,0.78,170,Operational
CRN01734,DR05516,PR00003,SR09455,QC-02,Quay Crane,7.78,0.7,203,Operational
CRN01735,DR06589,PR00003,SR01042,QC-06,Quay Crane,5.95,0.91,145,Operational
CRN01736,DR00556,PR00007,SR07900,QC-08,Quay Crane,9.68,0.67,247,Operational
CRN01737,DR07024,PR00005,SR09806,QC-07,Quay Crane,9.14,1.63,246,Maintenance
CRN01738,DR02682,PR00007,SR05803,QC-03,Quay Crane,9.2,1.57,254,Maintenance
CRN01739,DR07721,PR00006,SR08713,QC-03,Quay Crane,8.08,1.14,204,Inspection
CRN01740,DR00275,PR00006,SR07054,QC-05,RTG Crane,5.73,1.47,151,Inspection
CRN01741,DR04051,PR00005,SR00136,QC-08,Quay Crane,5.27,0.78,112,Operational
CRN01742,DR08220,PR00004,SR02917,QC-07,Quay Crane,9.0,0.88,160,Operational
CRN01743,DR09411,PR00006,SR08598,QC-02,Quay Crane,6.47,0.92,176,Operational
CRN01744,DR09993,PR00004,SR07484,QC-03,Quay Crane,5.1,1.53,140,Inspection
CRN01745,DR07003,PR00001,SR05796,QC-07,Quay Crane,3.53,1.46,112,Inspection
CRN01746,DR07388,PR00004,SR05676,QC-06,Quay Crane,8.8,0.67,201,Operational
CRN01747,DR02930,PR00001,SR03435,QC-07,RTG Crane,8.88,1.4,192,Inspection
CRN01748,DR07987,PR00007,SR07533,QC-01,Quay Crane,10.0,0.82,209,Operational
CRN01749,DR04287,PR00004,SR00465,QC-06,Quay Crane,7.53,0.89,213,Operational
CRN01750,DR06328,PR00004,SR07976,QC-08,Quay Crane,7.35,0.39,179,Operational
CRN01751,DR04172,PR00001,SR09423,QC-05,RTG Crane,4.17,1.85,79,Maintenance
CRN01752,DR08569,PR00003,SR03059,QC-07,Quay Crane,8.8,1.22,252,Inspection
CRN01753,DR06436,PR00002,SR08382,QC-01,RTG Crane,6.91,0.78,229,Operational
CRN01754,DR04293,PR00005,SR09400,QC-07,Quay Crane,7.14,1.22,172,Inspection
CRN01755,DR01290,PR00004,SR05516,QC-01,Quay Crane,5.98,0.63,187,Operational
CRN01756,DR07512,PR00003,SR01550,QC-05,Quay Crane,7.08,2.02,193,Maintenance
CRN01757,DR03354,PR00002,SR02075,QC-02,Quay Crane,7.69,0.78,253,Operational
CRN01758,DR00846,PR00003,SR01487,QC-08,Quay Crane,6.67,0.65,191,Operational
CRN01759,DR01619,PR00003,SR08538,QC-06,Quay Crane,5.08,0.73,115,Operational
CRN01760,DR05457,PR00006,SR09105,QC-08,RTG Crane,8.44,0.62,211,Operational
CRN01761,DR04748,PR00006,SR02230,QC-07,Quay Crane,7.91,1.15,255,Inspection
CRN01762,DR04680,PR00005,SR02437,QC-04,Quay Crane,6.78,0.67,242,Operational
CRN01763,DR05559,PR00002,SR01676,QC-08,Quay Crane,9.32,0.34,230,Operational
CRN01764,DR04884,PR00001,SR02973,QC-02,RTG Crane,6.84,0.81,129,Operational
CRN01765,DR02352,PR00007,SR01485,QC-08,RTG Crane,7.5,0.45,218,Operational
CRN01766,DR03539,PR00007,SR03650,QC-02,Quay Crane,3.88,0.79,64,Operational
CRN01767,DR07207,PR00001,SR08667,QC-05,RTG Crane,5.97,1.87,111,Maintenance
CRN01768,DR00414,PR00005,SR03883,QC-08,RTG Crane,7.82,1.06,184,Inspection
CRN01769,DR07334,PR00003,SR08584,QC-05,Quay Crane,6.78,1.7,155,Maintenance
CRN01770,DR04306,PR00001,SR07625,QC-07,Quay Crane,8.09,1.01,167,Inspection
CRN01771,DR01558,PR00007,SR04830,QC-05,RTG Crane,3.95,1.8,116,Maintenance
CRN01772,DR09802,PR00007,SR01092,QC-04,Quay Crane,8.15,0.46,216,Operational
CRN01773,DR02821,PR00007,SR05916,QC-07,Quay Crane,6.96,0.67,202,Operational
CRN01774,DR07183,PR00001,SR01945,QC-03,Quay Crane,9.27,1.27,227,Inspection
CRN01775,DR00564,PR00003,SR03438,QC-06,Quay Crane,7.02,0.92,191,Operational
CRN01776,DR09413,PR00006,SR09530,QC-01,Quay Crane,8.1,0.58,217,Operational
CRN01777,DR05536,PR00005,SR07896,QC-03,Quay Crane,8.08,1.28,229,Inspection
CRN01778,DR07284,PR00003,SR06046,QC-08,Quay Crane,8.63,0.43,203,Operational
CRN01779,DR06450,PR00003,SR07408,QC-04,Quay Crane,7.69,0.78,234,Operational
CRN01780,DR02326,PR00001,SR00009,QC-06,Quay Crane,7.23,0.84,192,Operational
CRN01781,DR01360,PR00004,SR06964,QC-01,Quay Crane,6.91,0.41,167,Operational
CRN01782,DR03117,PR00006,SR05381,QC-01,Quay Crane,8.8,0.7,245,Operational
CRN01783,DR05847,PR00001,SR06974,QC-04,Quay Crane,6.74,0.67,216,Operational
CRN01784,DR03415,PR00001,SR02796,QC-02,Quay Crane,6.35,1.15,189,Inspection
CRN01785,DR09089,PR00003,SR02352,QC-04,Quay Crane,8.33,0.44,256,Operational
CRN01786,DR06136,PR00004,SR07078,QC-03,Quay Crane,8.91,1.79,233,Maintenance
CRN01787,DR03667,PR00002,SR08594,QC-05,Quay Crane,9.55,1.97,222,Maintenance
CRN01788,DR02087,PR00001,SR09425,QC-06,Quay Crane,9.7,0.69,259,Operational
CRN01789,DR05792,PR00005,SR04521,QC-03,Quay Crane,7.49,1.29,198,Inspection
CRN01790,DR02157,PR00002,SR02242,QC-05,RTG Crane,8.19,1.7,244,Maintenance
CRN01791,DR05583,PR00004,SR06797,QC-01,Quay Crane,10.0,0.69,249,Operational
CRN01792,DR01389,PR00004,SR00275,QC-02,Quay Crane,8.76,0.67,272,Operational
CRN01793,DR05774,PR00003,SR02855,QC-07,RTG Crane,9.64,0.98,290,Operational
CRN01794,DR01594,PR00004,SR01591,QC-07,Quay Crane,8.67,1.32,269,Inspection
CRN01795,DR08896,PR00005,SR04697,QC-02,RTG Crane,6.06,0.77,185,Operational
CRN01796,DR03298,PR00004,SR00632,QC-08,Quay Crane,6.86,0.07,191,Operational
CRN01797,DR02722,PR00004,SR02217,QC-08,Quay Crane,4.81,0.91,109,Operational
CRN01798,DR04470,PR00003,SR02704,QC-07,Quay Crane,6.87,1.16,223,Inspection
CRN01799,DR06924,PR00003,SR09263,QC-03,Quay Crane,6.35,1.31,181,Inspection
CRN01800,DR09502,PR00003,SR04201,QC-03,Quay Crane,6.22,1.6,113,Maintenance
CRN01801,DR09355,PR00003,SR05448,QC-05,Quay Crane,6.87,1.99,209,Maintenance
CRN01802,DR07782,PR00003,SR09842,QC-02,Quay Crane,5.93,1.37,153,Inspection
CRN01803,DR08521,PR00002,SR00891,QC-05,Quay Crane,5.43,1.68,146,Maintenance
CRN01804,DR01185,PR00005,SR07526,QC-04,Quay Crane,8.73,0.9,292,Operational
CRN01805,DR00845,PR00001,SR08992,QC-03,Quay Crane,6.31,1.19,160,Inspection
CRN01806,DR09927,PR00007,SR07530,QC-06,RTG Crane,6.81,1.05,122,Inspection
CRN01807,DR01640,PR00004,SR07488,QC-05,Quay Crane,9.05,2.12,239,Maintenance
CRN01808,DR01274,PR00001,SR03265,QC-02,Quay Crane,6.07,0.7,147,Operational
CRN01809,DR09949,PR00004,SR04209,QC-03,Quay Crane,8.36,1.96,206,Maintenance
CRN01810,DR09275,PR00003,SR00746,QC-06,Quay Crane,5.31,1.1,116,Inspection
CRN01811,DR00233,PR00007,SR02767,QC-01,Quay Crane,7.39,0.47,153,Operational
CRN01812,DR08419,PR00007,SR00038,QC-08,Quay Crane,8.17,0.05,248,Operational
CRN01813,DR08795,PR00006,SR05929,QC-04,Quay Crane,6.31,0.72,215,Operational
CRN01814,DR03318,PR00004,SR05593,QC-07,Quay Crane,8.76,1.58,244,Maintenance
CRN01815,DR08219,PR00007,SR08600,QC-07,Quay Crane,7.98,1.29,186,Inspection
CRN01816,DR06905,PR00004,SR09885,QC-06,Quay Crane,7.73,1.12,204,Inspection
CRN01817,DR01365,PR00006,SR05920,QC-07,RTG Crane,8.87,1.17,314,Inspection
CRN01818,DR09815,PR00001,SR09778,QC-02,Quay Crane,8.48,0.8,250,Operational
CRN01819,DR09288,PR00007,SR00077,QC-06,Quay Crane,7.18,0.94,194,Operational
CRN01820,DR03677,PR00004,SR01382,QC-04,Quay Crane,4.94,0.6,96,Operational
CRN01821,DR05214,PR00002,SR03099,QC-07,RTG Crane,10.0,1.18,272,Inspection
CRN01822,DR04123,PR00007,SR07958,QC-08,Quay Crane,6.43,0.6,162,Operational
CRN01823,DR08196,PR00005,SR06337,QC-03,Quay Crane,3.69,1.48,111,Inspection
CRN01824,DR01197,PR00007,SR08141,QC-03,RTG Crane,9.69,1.33,256,Inspection
CRN01825,DR06278,PR00001,SR04465,QC-05,Quay Crane,8.13,2.1,245,Maintenance
CRN01826,DR04954,PR00004,SR07279,QC-03,Quay Crane,7.26,1.89,226,Maintenance
CRN01827,DR01476,PR00005,SR05455,QC-06,Quay Crane,7.12,0.85,139,Operational
CRN01828,DR01525,PR00001,SR01088,QC-03,Quay Crane,8.55,1.78,235,Maintenance
CRN01829,DR09019,PR00005,SR03525,QC-04,RTG Crane,10.0,0.87,316,Operational
CRN01830,DR08328,PR00004,SR08332,QC-08,Quay Crane,6.64,0.49,213,Operational
CRN01831,DR04143,PR00002,SR00462,QC-05,Quay Crane,5.99,2.21,78,Maintenance
CRN01832,DR01644,PR00005,SR06111,QC-05,Quay Crane,6.87,2.01,229,Maintenance
CRN01833,DR07038,PR00001,SR09601,QC-05,Quay Crane,5.14,2.04,80,Maintenance
CRN01834,DR00790,PR00006,SR05160,QC-05,Quay Crane,6.99,1.27,129,Inspection
CRN01835,DR03753,PR00006,SR05067,QC-05,RTG Crane,9.09,2.02,183,Maintenance
CRN01836,DR01876,PR00003,SR07762,QC-03,RTG Crane,7.49,1.34,213,Inspection
CRN01837,DR04848,PR00003,SR02110,QC-03,RTG Crane,7.88,1.45,177,Inspection
CRN01838,DR00068,PR00003,SR03658,QC-08,Quay Crane,8.72,0.78,213,Operational
CRN01839,DR03557,PR00002,SR01934,QC-02,Quay Crane,6.79,0.93,164,Operational
CRN01840,DR03110,PR00006,SR04765,QC-02,Quay Crane,5.48,0.94,180,Operational
CRN01841,DR05348,PR00002,SR09557,QC-01,RTG Crane,6.94,0.75,208,Operational
CRN01842,DR07045,PR00003,SR04928,QC-07,Quay Crane,7.0,1.14,145,Inspection
CRN01843,DR08920,PR00002,SR02538,QC-05,RTG Crane,8.43,2.29,190,Maintenance
CRN01844,DR09445,PR00004,SR09841,QC-01,RTG Crane,8.34,0.71,179,Operational
CRN01845,DR08565,PR00006,SR06117,QC-06,Quay Crane,4.13,0.77,86,Operational
CRN01846,DR04238,PR00001,SR03737,QC-04,RTG Crane,4.86,0.79,141,Operational
CRN01847,DR08228,PR00002,SR07703,QC-04,Quay Crane,8.93,0.44,237,Operational
CRN01848,DR05023,PR00001,SR02480,QC-04,Quay Crane,5.44,0.9,109,Operational
CRN01849,DR09100,PR00001,SR05759,QC-08,Quay Crane,8.75,0.37,268,Operational
CRN01850,DR00832,PR00003,SR00880,QC-01,Quay Crane,3.37,0.51,90,Operational
CRN01851,DR01708,PR00005,SR09499,QC-02,RTG Crane,9.89,0.75,241,Operational
CRN01852,DR09073,PR00004,SR06717,QC-01,Quay Crane,7.3,0.76,242,Operational
CRN01853,DR00484,PR00001,SR05258,QC-08,Quay Crane,8.94,0.43,256,Operational
CRN01854,DR04640,PR00004,SR08285,QC-02,Quay Crane,7.48,0.93,198,Operational
CRN01855,DR05038,PR00006,SR01004,QC-01,Quay Crane,9.51,0.21,277,Operational
CRN01856,DR01350,PR00003,SR08000,QC-08,RTG Crane,9.44,0.89,212,Operational
CRN01857,DR09980,PR00002,SR02418,QC-08,Quay Crane,7.05,0.61,146,Operational
CRN01858,DR02004,PR00005,SR05767,QC-07,Quay Crane,5.02,1.1,107,Inspection
CRN01859,DR02077,PR00001,SR04311,QC-06,Quay Crane,4.65,1.0,146,Operational
CRN01860,DR07555,PR00006,SR07679,QC-02,Quay Crane,5.79,0.89,134,Operational
CRN01861,DR08360,PR00006,SR06188,QC-03,Quay Crane,5.88,1.23,141,Inspection
CRN01862,DR01486,PR00006,SR00163,QC-04,Quay Crane,9.52,1.1,315,Inspection
CRN01863,DR07918,PR00001,SR04009,QC-05,Quay Crane,6.42,2.12,110,Maintenance
CRN01864,DR00537,PR00001,SR02084,QC-04,Quay Crane,7.77,0.3,241,Operational
CRN01865,DR00915,PR00006,SR04808,QC-07,RTG Crane,4.98,1.22,92,Inspection
CRN01866,DR07669,PR00003,SR07233,QC-04,Quay Crane,6.74,0.64,210,Operational
CRN01867,DR08133,PR00003,SR02483,QC-06,Quay Crane,7.28,0.27,178,Operational
CRN01868,DR07315,PR00004,SR02568,QC-03,Quay Crane,7.18,1.39,183,Inspection
CRN01869,DR04085,PR00001,SR05244,QC-03,Quay Crane,5.27,1.16,109,Inspection
CRN01870,DR06515,PR00004,SR04793,QC-07,Quay Crane,8.22,1.17,176,Inspection
CRN01871,DR04072,PR00007,SR09496,QC-05,Quay Crane,8.45,1.94,184,Maintenance
CRN01872,DR09599,PR00005,SR06775,QC-04,Quay Crane,6.8,0.89,176,Operational
CRN01873,DR05826,PR00003,SR08828,QC-01,Quay Crane,4.03,0.63,90,Operational
CRN01874,DR02373,PR00007,SR01466,QC-08,Quay Crane,8.15,0.07,191,Operational
CRN01875,DR03680,PR00005,SR07147,QC-05,Quay Crane,7.64,1.85,207,Maintenance
CRN01876,DR04929,PR00001,SR03183,QC-05,RTG Crane,9.27,1.41,187,Inspection
CRN01877,DR09262,PR00005,SR00719,QC-03,RTG Crane,5.62,1.08,151,Inspection
CRN01878,DR03223,PR00001,SR06085,QC-06,Quay Crane,9.86,1.43,246,Inspection
CRN01879,DR06804,PR00002,SR04798,QC-04,Quay Crane,6.42,0.73,188,Operational
CRN01880,DR02524,PR00004,SR00581,QC-02,Quay Crane,10.0,0.38,318,Operational
CRN01881,DR09911,PR00002,SR06551,QC-06,Quay Crane,6.12,0.91,144,Operational
CRN01882,DR09209,PR00001,SR09464,QC-05,Quay Crane,7.82,2.4,184,Maintenance
CRN01883,DR05250,PR00004,SR04936,QC-02,Quay Crane,4.55,0.69,137,Operational
CRN01884,DR01358,PR00002,SR05548,QC-05,Quay Crane,6.85,1.35,179,Inspection
CRN01885,DR04676,PR00003,SR06286,QC-08,Quay Crane,6.93,0.6,210,Operational
CRN01886,DR04605,PR00002,SR07546,QC-04,Quay Crane,7.81,1.25,182,Inspection
CRN01887,DR05401,PR00005,SR00445,QC-05,Quay Crane,6.66,1.74,185,Maintenance
CRN01888,DR03253,PR00006,SR02503,QC-02,Quay Crane,6.93,1.21,186,Inspection
CRN01889,DR01985,PR00001,SR00240,QC-06,Quay Crane,8.89,0.94,249,Operational
CRN01890,DR04397,PR00006,SR00020,QC-02,Quay Crane,6.18,1.43,145,Inspection
CRN01891,DR00674,PR00001,SR06301,QC-06,RTG Crane,6.56,0.91,164,Operational
CRN01892,DR03939,PR00002,SR05200,QC-07,Quay Crane,7.82,1.15,177,Inspection
CRN01893,DR09701,PR00002,SR01311,QC-04,Quay Crane,7.33,0.85,213,Operational
CRN01894,DR06418,PR00002,SR00899,QC-03,RTG Crane,6.97,1.19,184,Inspection
CRN01895,DR05081,PR00001,SR03750,QC-07,Quay Crane,7.3,1.1,194,Inspection
CRN01896,DR04802,PR00005,SR06181,QC-02,RTG Crane,5.17,0.79,109,Operational
CRN01897,DR04731,PR00006,SR09026,QC-03,Quay Crane,10.0,1.78,277,Maintenance
CRN01898,DR08831,PR00007,SR08339,QC-01,Quay Crane,6.4,0.08,143,Operational
CRN01899,DR00159,PR00007,SR05293,QC-04,Quay Crane,5.83,0.4,178,Operational
CRN01900,DR06838,PR00003,SR03412,QC-01,RTG Crane,7.54,0.95,153,Operational
CRN01901,DR06685,PR00001,SR03852,QC-03,Quay Crane,5.45,1.37,195,Inspection
CRN01902,DR00929,PR00001,SR08115,QC-06,Quay Crane,6.62,0.68,262,Operational
CRN01903,DR00437,PR00003,SR02701,QC-06,Quay Crane,9.03,1.08,269,Inspection
CRN01904,DR00724,PR00006,SR04243,QC-08,Quay Crane,7.24,0.6,195,Operational
CRN01905,DR02365,PR00002,SR07875,QC-08,RTG Crane,6.08,0.47,141,Operational
CRN01906,DR01827,PR00001,SR04701,QC-07,Quay Crane,5.45,0.96,116,Operational
CRN01907,DR02832,PR00003,SR07681,QC-03,RTG Crane,7.71,1.26,196,Inspection
CRN01908,DR09669,PR00006,SR01542,QC-01,RTG Crane,5.83,0.05,183,Operational
CRN01909,DR00795,PR00003,SR00433,QC-04,Quay Crane,5.77,0.56,155,Operational
CRN01910,DR08080,PR00005,SR09741,QC-04,Quay Crane,7.7,0.95,300,Operational
CRN01911,DR03775,PR00003,SR02512,QC-01,Quay Crane,8.47,0.71,218,Operational
CRN01912,DR02931,PR00003,SR05852,QC-01,Quay Crane,6.09,0.44,155,Operational
CRN01913,DR08177,PR00003,SR08407,QC-04,Quay Crane,4.89,0.35,129,Operational
CRN01914,DR02904,PR00005,SR09996,QC-08,RTG Crane,6.64,0.48,189,Operational
CRN01915,DR01970,PR00005,SR05733,QC-05,Quay Crane,8.12,1.26,193,Inspection
CRN01916,DR05086,PR00003,SR09365,QC-03,Quay Crane,7.7,1.45,227,Inspection
CRN01917,DR03912,PR00002,SR01950,QC-03,Quay Crane,6.15,1.48,107,Inspection
CRN01918,DR02102,PR00001,SR08989,QC-08,Quay Crane,7.75,0.81,250,Operational
CRN01919,DR00289,PR00001,SR09701,QC-08,RTG Crane,6.15,0.87,169,Operational
CRN01920,DR06376,PR00001,SR00421,QC-08,RTG Crane,5.55,0.81,134,Operational
CRN01921,DR09460,PR00001,SR03444,QC-08,Quay Crane,9.37,0.63,294,Operational
CRN01922,DR08095,PR00005,SR04208,QC-05,Quay Crane,8.95,1.72,246,Maintenance
CRN01923,DR08046,PR00006,SR03484,QC-03,Quay Crane,5.81,1.2,125,Inspection
CRN01924,DR01035,PR00005,SR06723,QC-02,RTG Crane,7.96,0.79,197,Operational
CRN01925,DR03118,PR00005,SR00306,QC-08,Quay Crane,5.15,0.8,119,Operational
CRN01926,DR08170,PR00007,SR04372,QC-05,Quay Crane,9.37,1.6,262,Maintenance
CRN01927,DR04831,PR00007,SR08348,QC-06,Quay Crane,8.16,1.01,235,Inspection
CRN01928,DR08713,PR00002,SR06161,QC-04,Quay Crane,7.52,0.44,195,Operational
CRN01929,DR09351,PR00001,SR03996,QC-01,Quay Crane,5.17,0.66,142,Operational
CRN01930,DR06389,PR00001,SR07412,QC-06,Quay Crane,8.82,0.77,330,Operational
CRN01931,DR07150,PR00006,SR02757,QC-06,Quay Crane,7.69,1.42,169,Inspection
CRN01932,DR00195,PR00001,SR09449,QC-07,Quay Crane,7.97,1.11,204,Inspection
CRN01933,DR04565,PR00002,SR02471,QC-08,Quay Crane,8.96,0.67,262,Operational
CRN01934,DR07909,PR00003,SR01155,QC-02,Quay Crane,8.1,0.49,262,Operational
CRN01935,DR02970,PR00004,SR03814,QC-08,Quay Crane,5.33,0.74,139,Operational
CRN01936,DR08838,PR00004,SR01278,QC-08,Quay Crane,8.89,0.87,186,Operational
CRN01937,DR04414,PR00006,SR07062,QC-05,Quay Crane,6.04,1.63,198,Maintenance
CRN01938,DR02275,PR00004,SR03352,QC-01,Quay Crane,6.73,0.52,219,Operational
CRN01939,DR01787,PR00006,SR01326,QC-08,Quay Crane,6.68,0.38,176,Operational
CRN01940,DR01730,PR00001,SR06074,QC-06,Quay Crane,5.2,0.89,150,Operational
CRN01941,DR04720,PR00006,SR09551,QC-01,RTG Crane,6.03,0.77,213,Operational
CRN01942,DR01432,PR00004,SR08671,QC-07,Quay Crane,5.55,1.7,142,Maintenance
CRN01943,DR07026,PR00002,SR07120,QC-04,Quay Crane,5.63,0.88,161,Operational
CRN01944,DR08823,PR00007,SR05294,QC-08,RTG Crane,7.03,0.31,202,Operational
CRN01945,DR08894,PR00007,SR05314,QC-02,Quay Crane,8.39,0.79,203,Operational
CRN01946,DR00041,PR00006,SR06991,QC-05,Quay Crane,10.0,2.03,249,Maintenance
CRN01947,DR09028,PR00007,SR01302,QC-08,Quay Crane,8.03,0.05,258,Operational
CRN01948,DR06433,PR00003,SR01126,QC-06,Quay Crane,9.73,1.03,244,Inspection
CRN01949,DR09678,PR00002,SR01894,QC-04,RTG Crane,5.42,0.74,174,Operational
CRN01950,DR04281,PR00001,SR05090,QC-02,RTG Crane,9.85,1.35,258,Inspection
CRN01951,DR09661,PR00006,SR01210,QC-06,Quay Crane,6.73,0.95,169,Operational
CRN01952,DR03017,PR00006,SR04206,QC-04,Quay Crane,10.0,1.07,324,Inspection
CRN01953,DR02867,PR00007,SR04462,QC-06,Quay Crane,5.75,0.89,153,Operational
CRN01954,DR09701,PR00006,SR06131,QC-04,Quay Crane,8.81,0.87,197,Operational
CRN01955,DR01052,PR00004,SR05661,QC-04,RTG Crane,5.4,0.78,147,Operational
CRN01956,DR06952,PR00001,SR04841,QC-01,Quay Crane,5.5,0.98,86,Operational
CRN01957,DR06860,PR00001,SR02981,QC-07,Quay Crane,10.0,1.55,297,Inspection
CRN01958,DR04328,PR00003,SR01387,QC-07,Quay Crane,5.92,1.09,106,Inspection
CRN01959,DR07080,PR00005,SR03966,QC-08,Quay Crane,7.57,0.24,187,Operational
CRN01960,DR05776,PR00001,SR03689,QC-05,Quay Crane,5.44,2.07,186,Maintenance
CRN01961,DR04275,PR00007,SR05018,QC-06,Quay Crane,7.25,1.38,182,Inspection
CRN01962,DR01981,PR00005,SR02393,QC-01,Quay Crane,10.0,0.17,302,Operational
CRN01963,DR08711,PR00002,SR06310,QC-03,Quay Crane,7.62,1.79,186,Maintenance
CRN01964,DR08834,PR00006,SR04581,QC-02,Quay Crane,6.4,0.61,188,Operational
CRN01965,DR06708,PR00004,SR01572,QC-02,Quay Crane,6.61,1.16,147,Inspection
CRN01966,DR06922,PR00005,SR05708,QC-02,Quay Crane,7.02,0.81,182,Operational
CRN01967,DR08833,PR00003,SR09474,QC-04,Quay Crane,7.27,1.02,152,Inspection
CRN01968,DR04754,PR00003,SR04060,QC-03,Quay Crane,7.8,1.46,210,Inspection
CRN01969,DR09878,PR00001,SR02938,QC-04,Quay Crane,8.4,0.97,250,Operational
CRN01970,DR00898,PR00003,SR04253,QC-08,Quay Crane,6.26,0.54,173,Operational
CRN01971,DR05146,PR00005,SR02034,QC-01,Quay Crane,8.1,0.21,233,Operational
CRN01972,DR07051,PR00007,SR09569,QC-02,Quay Crane,4.69,1.09,88,Inspection
CRN01973,DR00336,PR00006,SR08297,QC-06,Quay Crane,7.5,1.23,229,Inspection
CRN01974,DR03580,PR00001,SR05580,QC-02,Quay Crane,6.07,0.72,189,Operational
CRN01975,DR08561,PR00007,SR05750,QC-03,Quay Crane,6.95,1.46,200,Inspection
CRN01976,DR07253,PR00001,SR04444,QC-03,Quay Crane,7.97,1.21,174,Inspection
CRN01977,DR02984,PR00001,SR04959,QC-08,Quay Crane,9.26,0.27,287,Operational
CRN01978,DR01392,PR00005,SR09149,QC-03,RTG Crane,6.79,1.44,191,Inspection
CRN01979,DR08355,PR00007,SR07472,QC-08,Quay Crane,7.73,0.78,199,Operational
CRN01980,DR03622,PR00007,SR00119,QC-03,Quay Crane,7.5,1.26,199,Inspection
CRN01981,DR06140,PR00006,SR04425,QC-01,Quay Crane,4.54,0.88,99,Operational
CRN01982,DR02580,PR00002,SR01521,QC-05,Quay Crane,7.6,1.65,197,Maintenance
CRN01983,DR08498,PR00001,SR02543,QC-07,Quay Crane,10.0,1.51,279,Inspection
CRN01984,DR02871,PR00001,SR06894,QC-05,Quay Crane,8.62,1.57,231,Maintenance
CRN01985,DR07525,PR00004,SR00161,QC-03,RTG Crane,6.61,1.47,233,Inspection
CRN01986,DR08358,PR00003,SR01185,QC-07,Quay Crane,6.58,1.23,166,Inspection
CRN01987,DR01540,PR00001,SR01424,QC-07,Quay Crane,6.35,1.45,161,Inspection
CRN01988,DR00800,PR00003,SR07493,QC-04,Quay Crane,8.18,0.8,182,Operational
CRN01989,DR03585,PR00004,SR02579,QC-08,Quay Crane,7.3,0.73,200,Operational
CRN01990,DR09294,PR00005,SR09269,QC-08,RTG Crane,5.0,0.62,122,Operational
CRN01991,DR03020,PR00003,SR05393,QC-06,Quay Crane,8.23,1.09,195,Inspection
CRN01992,DR04631,PR00002,SR07108,QC-02,Quay Crane,8.04,0.51,246,Operational
CRN01993,DR05949,PR00004,SR08678,QC-07,Quay Crane,7.21,0.61,224,Operational
CRN01994,DR07668,PR00005,SR08606,QC-08,RTG Crane,7.53,1.12,206,Inspection
CRN01995,DR06080,PR00002,SR00501,QC-03,Quay Crane,5.94,0.93,149,Operational
CRN01996,DR00718,PR00001,SR05487,QC-01,Quay Crane,9.47,1.0,273,Operational
CRN01997,DR07686,PR00007,SR03177,QC-04,Quay Crane,5.02,0.52,175,Operational
CRN01998,DR08550,PR00005,SR09705,QC-05,RTG Crane,7.13,2.23,211,Maintenance
CRN01999,DR04630,PR00002,SR08137,QC-04,Quay Crane,7.23,1.05,190,Inspection
CRN02000,DR08224,PR00004,SR07783,QC-08,Quay Crane,6.63,0.59,203,Operational
CRN02001,DR08037,PR00004,SR02614,QC-07,Quay Crane,7.3,1.17,212,Inspection
CRN02002,DR05720,PR00001,SR08079,QC-08,Quay Crane,5.72,0.45,207,Operational
CRN02003,DR07149,PR00001,SR09440,QC-02,Quay Crane,6.36,0.83,226,Operational
CRN02004,DR01138,PR00007,SR08196,QC-02,Quay Crane,5.75,0.91,143,Operational
CRN02005,DR04232,PR00003,SR01541,QC-01,Quay Crane,6.93,1.09,207,Inspection
CRN02006,DR07784,PR00001,SR09991,QC-07,Quay Crane,9.33,0.75,224,Operational
CRN02007,DR00219,PR00006,SR03224,QC-06,Quay Crane,7.99,0.92,223,Operational
CRN02008,DR01590,PR00003,SR08909,QC-03,Quay Crane,5.3,1.54,142,Inspection
CRN02009,DR05631,PR00004,SR04190,QC-04,Quay Crane,6.82,0.38,188,Operational
CRN02010,DR07061,PR00002,SR02864,QC-04,RTG Crane,7.16,0.99,213,Operational
CRN02011,DR00272,PR00001,SR05406,QC-01,Quay Crane,6.2,0.87,167,Operational
CRN02012,DR01413,PR00001,SR05837,QC-04,RTG Crane,6.52,0.91,170,Operational
CRN02013,DR07807,PR00007,SR03229,QC-07,Quay Crane,9.14,1.1,210,Inspection
CRN02014,DR03149,PR00004,SR05363,QC-04,RTG Crane,4.66,0.92,100,Operational
CRN02015,DR06673,PR00006,SR00696,QC-03,Quay Crane,7.84,1.32,230,Inspection
CRN02016,DR05659,PR00001,SR02302,QC-05,Quay Crane,4.48,1.76,88,Maintenance
CRN02017,DR03391,PR00005,SR03183,QC-02,Quay Crane,7.64,1.02,216,Inspection
CRN02018,DR03321,PR00003,SR01893,QC-02,RTG Crane,5.91,0.7,169,Operational
CRN02019,DR02730,PR00004,SR05664,QC-05,Quay Crane,8.16,2.09,176,Maintenance
CRN02020,DR06991,PR00002,SR07031,QC-05,RTG Crane,10.0,2.08,298,Maintenance
CRN02021,DR08995,PR00004,SR09047,QC-01,Quay Crane,7.12,0.83,205,Operational
CRN02022,DR00860,PR00001,SR00705,QC-03,Quay Crane,9.2,1.17,247,Inspection
CRN02023,DR02682,PR00001,SR08358,QC-07,Quay Crane,8.24,1.35,217,Inspection
CRN02024,DR01394,PR00006,SR01171,QC-07,Quay Crane,7.89,1.13,161,Inspection
CRN02025,DR06756,PR00001,SR07797,QC-03,Quay Crane,5.63,1.88,88,Maintenance
CRN02026,DR02993,PR00001,SR05653,QC-06,Quay Crane,8.87,0.63,277,Operational
CRN02027,DR08377,PR00007,SR09782,QC-07,Quay Crane,7.84,1.24,187,Inspection
CRN02028,DR05575,PR00002,SR09357,QC-05,Quay Crane,5.64,1.83,119,Maintenance
CRN02029,DR02788,PR00004,SR01329,QC-07,Quay Crane,5.82,1.21,99,Inspection
CRN02030,DR07094,PR00006,SR06697,QC-02,Quay Crane,6.37,0.5,196,Operational
CRN02031,DR08513,PR00005,SR07296,QC-06,Quay Crane,5.9,0.77,160,Operational
CRN02032,DR06831,PR00001,SR08756,QC-06,Quay Crane,6.99,0.61,197,Operational
CRN02033,DR05138,PR00004,SR04932,QC-06,Quay Crane,8.06,0.6,230,Operational
CRN02034,DR06490,PR00004,SR04833,QC-03,RTG Crane,6.86,1.27,192,Inspection
CRN02035,DR07966,PR00002,SR09324,QC-05,Quay Crane,7.53,2.44,184,Maintenance
CRN02036,DR04517,PR00005,SR00760,QC-02,Quay Crane,5.33,1.04,134,Inspection
CRN02037,DR02452,PR00007,SR09422,QC-05,Quay Crane,8.76,1.69,217,Maintenance
CRN02038,DR00011,PR00001,SR02772,QC-07,Quay Crane,8.52,1.17,180,Inspection
CRN02039,DR08727,PR00001,SR04910,QC-05,Quay Crane,10.0,1.56,224,Maintenance
CRN02040,DR07520,PR00005,SR04104,QC-03,Quay Crane,5.64,0.69,204,Operational
CRN02041,DR05380,PR00003,SR08639,QC-04,Quay Crane,5.47,0.71,194,Operational
CRN02042,DR00636,PR00006,SR08182,QC-05,Quay Crane,5.22,1.8,59,Maintenance
CRN02043,DR06808,PR00001,SR05368,QC-05,Quay Crane,9.04,1.81,248,Maintenance
CRN02044,DR00305,PR00001,SR08573,QC-05,Quay Crane,5.1,1.74,89,Maintenance
CRN02045,DR00731,PR00005,SR08325,QC-07,Quay Crane,6.54,1.08,241,Inspection
CRN02046,DR00990,PR00007,SR02237,QC-01,Quay Crane,4.83,0.68,95,Operational
CRN02047,DR06793,PR00001,SR09783,QC-05,Quay Crane,7.31,1.58,204,Maintenance
CRN02048,DR05117,PR00006,SR09541,QC-04,RTG Crane,7.53,0.72,204,Operational
CRN02049,DR09918,PR00003,SR05016,QC-02,Quay Crane,7.9,0.39,235,Operational
CRN02050,DR03961,PR00001,SR08191,QC-01,Quay Crane,7.05,1.03,219,Inspection
CRN02051,DR00442,PR00003,SR07578,QC-07,Quay Crane,5.48,1.39,108,Inspection
CRN02052,DR06082,PR00002,SR05827,QC-08,RTG Crane,7.96,0.46,263,Operational
CRN02053,DR04527,PR00005,SR06249,QC-05,Quay Crane,7.29,1.76,166,Maintenance
CRN02054,DR08534,PR00002,SR08070,QC-08,Quay Crane,7.27,0.82,143,Operational
CRN02055,DR07861,PR00003,SR06686,QC-02,Quay Crane,5.88,1.05,140,Inspection
CRN02056,DR03640,PR00002,SR05721,QC-01,Quay Crane,7.8,0.41,210,Operational
CRN02057,DR02714,PR00006,SR06656,QC-07,Quay Crane,8.45,1.06,262,Inspection
CRN02058,DR00653,PR00007,SR09500,QC-02,RTG Crane,5.95,0.67,179,Operational
CRN02059,DR00145,PR00003,SR07736,QC-05,Quay Crane,5.18,2.03,141,Maintenance
CRN02060,DR01286,PR00003,SR00424,QC-03,RTG Crane,8.32,1.28,199,Inspection
CRN02061,DR07055,PR00007,SR02433,QC-03,Quay Crane,4.51,1.49,146,Inspection
CRN02062,DR01797,PR00001,SR02930,QC-08,Quay Crane,5.69,0.72,166,Operational
CRN02063,DR02344,PR00006,SR04794,QC-04,Quay Crane,6.06,0.6,179,Operational
CRN02064,DR05311,PR00004,SR09121,QC-01,Quay Crane,5.92,0.22,204,Operational
CRN02065,DR04104,PR00006,SR02505,QC-06,Quay Crane,8.3,1.21,206,Inspection
CRN02066,DR09559,PR00002,SR00835,QC-08,Quay Crane,8.93,0.66,297,Operational
CRN02067,DR04401,PR00002,SR08266,QC-02,Quay Crane,8.7,0.87,255,Operational
CRN02068,DR09866,PR00002,SR00981,QC-06,RTG Crane,5.79,0.95,181,Operational
CRN02069,DR06042,PR00001,SR08282,QC-04,Quay Crane,9.44,0.39,269,Operational
CRN02070,DR06346,PR00001,SR05981,QC-03,RTG Crane,5.27,1.25,125,Inspection
CRN02071,DR04951,PR00007,SR03723,QC-08,Quay Crane,7.57,0.69,273,Operational
CRN02072,DR07970,PR00002,SR09384,QC-01,Quay Crane,7.48,0.42,204,Operational
CRN02073,DR08788,PR00001,SR04404,QC-08,Quay Crane,9.47,0.71,238,Operational
CRN02074,DR06088,PR00002,SR00852,QC-01,Quay Crane,7.96,0.52,189,Operational
CRN02075,DR00596,PR00003,SR01665,QC-06,Quay Crane,9.73,0.61,323,Operational
CRN02076,DR05102,PR00004,SR00904,QC-01,Quay Crane,5.9,0.09,186,Operational
CRN02077,DR02835,PR00001,SR00533,QC-08,Quay Crane,8.48,0.72,194,Operational
CRN02078,DR01878,PR00006,SR03631,QC-06,Quay Crane,8.91,0.75,236,Operational
CRN02079,DR09386,PR00006,SR05188,QC-01,Quay Crane,8.02,0.48,218,Operational
CRN02080,DR07012,PR00002,SR03671,QC-06,Quay Crane,5.97,0.74,138,Operational
CRN02081,DR06254,PR00006,SR09456,QC-06,RTG Crane,6.79,1.21,200,Inspection
CRN02082,DR09108,PR00003,SR05784,QC-04,Quay Crane,8.15,0.36,221,Operational
CRN02083,DR04767,PR00003,SR03118,QC-08,Quay Crane,8.36,0.85,227,Operational
CRN02084,DR02010,PR00007,SR09583,QC-08,Quay Crane,5.77,0.27,127,Operational
CRN02085,DR02041,PR00006,SR06561,QC-04,Quay Crane,5.5,0.84,129,Operational
CRN02086,DR07401,PR00003,SR02595,QC-01,Quay Crane,9.11,0.51,220,Operational
CRN02087,DR08418,PR00003,SR03564,QC-06,RTG Crane,8.68,0.97,314,Operational
CRN02088,DR01779,PR00002,SR09222,QC-05,RTG Crane,9.13,1.92,158,Maintenance
CRN02089,DR01126,PR00003,SR01102,QC-05,Quay Crane,9.96,1.81,242,Maintenance
CRN02090,DR09119,PR00005,SR01016,QC-04,Quay Crane,7.44,0.87,200,Operational
CRN02091,DR05808,PR00001,SR01039,QC-04,RTG Crane,4.88,0.59,116,Operational
CRN02092,DR08320,PR00007,SR04321,QC-04,Quay Crane,9.38,0.4,267,Operational
CRN02093,DR06239,PR00005,SR02368,QC-01,RTG Crane,7.0,0.43,167,Operational
CRN02094,DR04378,PR00001,SR08165,QC-01,RTG Crane,9.79,0.44,280,Operational
CRN02095,DR08723,PR00006,SR00053,QC-01,Quay Crane,5.97,0.61,199,Operational
CRN02096,DR05850,PR00005,SR06996,QC-02,Quay Crane,8.66,0.53,178,Operational
CRN02097,DR00391,PR00002,SR08715,QC-01,Quay Crane,5.64,0.78,134,Operational
CRN02098,DR08920,PR00003,SR03789,QC-08,Quay Crane,9.44,0.95,241,Operational
CRN02099,DR01277,PR00006,SR02038,QC-06,Quay Crane,4.89,0.88,175,Operational
CRN02100,DR03134,PR00007,SR05925,QC-04,Quay Crane,7.31,0.84,205,Operational
CRN02101,DR07272,PR00002,SR00726,QC-03,Quay Crane,7.04,1.87,152,Maintenance
CRN02102,DR00044,PR00004,SR02705,QC-08,Quay Crane,6.24,0.66,172,Operational
CRN02103,DR08299,PR00006,SR03988,QC-03,Quay Crane,7.19,1.04,147,Inspection
CRN02104,DR03091,PR00007,SR00306,QC-08,RTG Crane,6.09,0.54,212,Operational
CRN02105,DR08726,PR00001,SR09583,QC-05,Quay Crane,6.76,1.69,185,Maintenance
CRN02106,DR00343,PR00003,SR04587,QC-03,Quay Crane,7.42,1.41,191,Inspection
CRN02107,DR06740,PR00006,SR01968,QC-01,Quay Crane,5.92,0.85,167,Operational
CRN02108,DR07065,PR00001,SR09180,QC-06,Quay Crane,7.04,0.51,184,Operational
CRN02109,DR06106,PR00003,SR00354,QC-02,Quay Crane,8.27,1.16,190,Inspection
CRN02110,DR02777,PR00004,SR09808,QC-03,Quay Crane,5.86,1.41,135,Inspection
CRN02111,DR00004,PR00003,SR01211,QC-08,Quay Crane,7.34,0.8,230,Operational
CRN02112,DR01726,PR00005,SR07447,QC-01,RTG Crane,5.57,0.66,150,Operational
CRN02113,DR07998,PR00001,SR02072,QC-01,Quay Crane,9.64,0.39,277,Operational
CRN02114,DR01548,PR00006,SR03640,QC-04,RTG Crane,7.82,0.82,245,Operational
CRN02115,DR04139,PR00002,SR07951,QC-01,Quay Crane,5.2,0.81,163,Operational
CRN02116,DR02239,PR00006,SR06531,QC-06,Quay Crane,9.96,1.26,250,Inspection
CRN02117,DR01038,PR00003,SR07829,QC-07,Quay Crane,7.74,1.48,226,Inspection
CRN02118,DR01151,PR00001,SR09504,QC-04,RTG Crane,5.89,0.58,164,Operational
CRN02119,DR00368,PR00007,SR07054,QC-05,Quay Crane,10.0,2.18,232,Maintenance
CRN02120,DR06832,PR00006,SR02267,QC-05,Quay Crane,6.97,2.11,195,Maintenance
CRN02121,DR09660,PR00002,SR08146,QC-04,RTG Crane,4.78,0.93,153,Operational
CRN02122,DR07640,PR00002,SR04979,QC-08,Quay Crane,9.06,0.33,202,Operational
CRN02123,DR06077,PR00004,SR01316,QC-01,Quay Crane,7.65,0.42,180,Operational
CRN02124,DR04138,PR00007,SR04295,QC-07,Quay Crane,9.25,1.24,220,Inspection
CRN02125,DR03945,PR00002,SR09800,QC-07,Quay Crane,7.39,1.42,253,Inspection
CRN02126,DR00005,PR00007,SR03984,QC-04,RTG Crane,6.14,0.34,146,Operational
CRN02127,DR06139,PR00002,SR02095,QC-07,Quay Crane,5.41,0.92,88,Operational
CRN02128,DR01806,PR00005,SR04059,QC-01,RTG Crane,6.03,0.58,126,Operational
CRN02129,DR04908,PR00003,SR03315,QC-03,Quay Crane,6.15,1.08,185,Inspection
CRN02130,DR03930,PR00001,SR03527,QC-08,Quay Crane,4.78,0.53,109,Operational
CRN02131,DR06844,PR00007,SR09320,QC-07,Quay Crane,6.05,1.17,132,Inspection
CRN02132,DR03897,PR00001,SR02059,QC-08,RTG Crane,6.93,0.12,142,Operational
CRN02133,DR07351,PR00007,SR09152,QC-06,RTG Crane,6.75,1.01,205,Inspection
CRN02134,DR00268,PR00001,SR06809,QC-01,Quay Crane,2.5,0.51,91,Operational
CRN02135,DR06046,PR00002,SR08349,QC-08,RTG Crane,5.53,0.23,159,Operational
CRN02136,DR01861,PR00007,SR03909,QC-04,Quay Crane,6.95,0.55,161,Operational
CRN02137,DR04301,PR00004,SR08936,QC-08,Quay Crane,6.17,0.81,147,Operational
CRN02138,DR05657,PR00001,SR09359,QC-06,Quay Crane,7.97,0.86,197,Operational
CRN02139,DR09152,PR00004,SR04393,QC-07,Quay Crane,6.32,1.2,157,Inspection
CRN02140,DR02113,PR00001,SR08836,QC-02,Quay Crane,7.02,0.88,164,Operational
CRN02141,DR05385,PR00006,SR01991,QC-03,Quay Crane,7.77,0.87,178,Operational
CRN02142,DR00050,PR00001,SR09358,QC-01,RTG Crane,8.65,0.9,232,Operational
CRN02143,DR02492,PR00003,SR03039,QC-07,Quay Crane,7.28,1.31,234,Inspection
CRN02144,DR03835,PR00001,SR07894,QC-03,Quay Crane,4.58,1.45,79,Inspection
CRN02145,DR00285,PR00005,SR02840,QC-01,Quay Crane,9.27,0.7,259,Operational
CRN02146,DR07316,PR00007,SR01296,QC-01,Quay Crane,8.69,0.52,272,Operational
CRN02147,DR05978,PR00006,SR06509,QC-03,Quay Crane,5.66,1.34,149,Inspection
CRN02148,DR04546,PR00003,SR08495,QC-08,Quay Crane,7.59,1.18,205,Inspection
CRN02149,DR06592,PR00002,SR06988,QC-01,Quay Crane,5.79,0.19,136,Operational
CRN02150,DR01403,PR00001,SR04731,QC-04,Quay Crane,6.41,0.85,195,Operational
CRN02151,DR02005,PR00006,SR03570,QC-06,Quay Crane,8.25,0.69,256,Operational
CRN02152,DR03925,PR00001,SR08227,QC-03,RTG Crane,7.49,1.69,233,Maintenance
CRN02153,DR07198,PR00004,SR05369,QC-04,RTG Crane,7.69,0.72,226,Operational
CRN02154,DR06960,PR00003,SR01196,QC-03,Quay Crane,7.85,1.0,198,Operational
CRN02155,DR09297,PR00007,SR03458,QC-01,Quay Crane,9.3,0.68,252,Operational
CRN02156,DR07529,PR00003,SR04466,QC-01,Quay Crane,8.19,0.81,193,Operational
CRN02157,DR03474,PR00004,SR07571,QC-07,RTG Crane,7.24,1.28,195,Inspection
CRN02158,DR00511,PR00007,SR07764,QC-07,Quay Crane,6.7,1.42,183,Inspection
CRN02159,DR08240,PR00007,SR00737,QC-03,Quay Crane,6.95,1.7,191,Maintenance
CRN02160,DR05929,PR00004,SR00112,QC-08,RTG Crane,6.7,0.82,219,Operational
CRN02161,DR04359,PR00006,SR02101,QC-01,RTG Crane,7.33,0.44,202,Operational
CRN02162,DR02309,PR00004,SR04466,QC-06,Quay Crane,5.23,1.29,112,Inspection
CRN02163,DR04134,PR00003,SR03996,QC-03,Quay Crane,7.23,1.47,183,Inspection
CRN02164,DR06541,PR00001,SR06236,QC-04,Quay Crane,9.07,0.58,258,Operational
CRN02165,DR03802,PR00005,SR08791,QC-03,Quay Crane,7.24,1.46,211,Inspection
CRN02166,DR08390,PR00005,SR03335,QC-01,Quay Crane,7.12,0.65,181,Operational
CRN02167,DR01964,PR00001,SR09364,QC-07,Quay Crane,4.63,1.23,105,Inspection
CRN02168,DR03329,PR00002,SR09865,QC-07,Quay Crane,5.09,0.87,153,Operational
CRN02169,DR01371,PR00005,SR09623,QC-01,Quay Crane,5.25,0.85,115,Operational
CRN02170,DR06857,PR00001,SR05967,QC-06,Quay Crane,6.67,1.14,189,Inspection
CRN02171,DR05006,PR00005,SR09553,QC-03,Quay Crane,6.6,1.2,199,Inspection
CRN02172,DR08331,PR00005,SR09163,QC-02,Quay Crane,6.43,0.95,171,Operational
CRN02173,DR00686,PR00002,SR01418,QC-02,RTG Crane,7.27,0.9,214,Operational
CRN02174,DR04659,PR00002,SR03476,QC-01,Quay Crane,8.93,0.16,217,Operational
CRN02175,DR04047,PR00003,SR03329,QC-02,Quay Crane,8.15,0.8,213,Operational
CRN02176,DR07677,PR00002,SR06429,QC-04,RTG Crane,9.67,0.78,236,Operational
CRN02177,DR00518,PR00004,SR07314,QC-07,Quay Crane,4.77,1.61,133,Maintenance
CRN02178,DR03898,PR00005,SR07492,QC-05,RTG Crane,7.53,1.87,118,Maintenance
CRN02179,DR05319,PR00006,SR00281,QC-05,Quay Crane,6.77,2.28,191,Maintenance
CRN02180,DR04997,PR00001,SR07966,QC-07,Quay Crane,8.14,1.13,197,Inspection
CRN02181,DR06821,PR00005,SR00419,QC-07,Quay Crane,6.12,1.15,136,Inspection
CRN02182,DR08135,PR00002,SR08322,QC-06,RTG Crane,7.38,0.54,239,Operational
CRN02183,DR06667,PR00006,SR06677,QC-04,Quay Crane,6.48,0.69,170,Operational
CRN02184,DR07763,PR00001,SR06647,QC-02,Quay Crane,7.83,0.72,198,Operational
CRN02185,DR07370,PR00004,SR07541,QC-01,Quay Crane,9.06,0.41,258,Operational
CRN02186,DR01123,PR00004,SR09074,QC-06,Quay Crane,4.17,0.82,114,Operational
CRN02187,DR07053,PR00002,SR01638,QC-08,Quay Crane,6.59,0.38,177,Operational
CRN02188,DR07834,PR00007,SR03274,QC-08,RTG Crane,9.77,0.4,301,Operational
CRN02189,DR03363,PR00001,SR05155,QC-04,Quay Crane,8.68,0.71,168,Operational
CRN02190,DR05007,PR00001,SR06090,QC-02,Quay Crane,8.05,0.98,184,Operational
CRN02191,DR02531,PR00004,SR09943,QC-08,Quay Crane,5.9,0.97,124,Operational
CRN02192,DR03162,PR00003,SR09154,QC-05,Quay Crane,6.08,1.95,199,Maintenance
CRN02193,DR01938,PR00002,SR09738,QC-03,RTG Crane,7.4,0.96,239,Operational
CRN02194,DR07579,PR00002,SR06941,QC-01,Quay Crane,7.01,0.63,194,Operational
CRN02195,DR07934,PR00001,SR09762,QC-05,Quay Crane,5.46,2.18,129,Maintenance
CRN02196,DR03492,PR00006,SR06781,QC-02,Quay Crane,6.48,0.89,162,Operational
CRN02197,DR02108,PR00004,SR08991,QC-06,Quay Crane,10.0,1.26,298,Inspection
CRN02198,DR01996,PR00002,SR06449,QC-07,Quay Crane,7.81,1.12,172,Inspection
CRN02199,DR05902,PR00003,SR08567,QC-02,Quay Crane,4.88,0.68,157,Operational
CRN02200,DR07385,PR00007,SR08197,QC-03,Quay Crane,9.72,1.22,309,Inspection
CRN02201,DR08726,PR00006,SR00257,QC-04,Quay Crane,6.3,0.83,174,Operational
CRN02202,DR01740,PR00001,SR02568,QC-05,Quay Crane,9.96,1.62,272,Maintenance
CRN02203,DR09125,PR00004,SR06107,QC-06,Quay Crane,8.62,0.88,237,Operational
CRN02204,DR03247,PR00001,SR07142,QC-01,Quay Crane,2.81,0.65,60,Operational
CRN02205,DR01481,PR00002,SR09220,QC-06,RTG Crane,4.07,1.29,52,Inspection
CRN02206,DR01556,PR00006,SR00421,QC-08,Quay Crane,7.16,0.41,201,Operational
CRN02207,DR04777,PR00006,SR08046,QC-06,Quay Crane,7.88,1.31,188,Inspection
CRN02208,DR06230,PR00001,SR02030,QC-03,Quay Crane,8.11,1.72,183,Maintenance
CRN02209,DR08527,PR00006,SR00395,QC-06,Quay Crane,8.71,0.69,231,Operational
CRN02210,DR05095,PR00005,SR01476,QC-03,Quay Crane,6.93,1.23,203,Inspection
CRN02211,DR01052,PR00005,SR01186,QC-01,Quay Crane,4.98,0.41,148,Operational
CRN02212,DR07142,PR00006,SR06963,QC-02,Quay Crane,6.62,0.57,191,Operational
CRN02213,DR01124,PR00003,SR04203,QC-06,Quay Crane,4.3,1.01,130,Inspection
CRN02214,DR02612,PR00007,SR04713,QC-03,Quay Crane,6.67,1.57,183,Maintenance
CRN02215,DR02965,PR00002,SR07710,QC-08,Quay Crane,9.01,0.64,272,Operational
CRN02216,DR07768,PR00003,SR00967,QC-07,Quay Crane,9.46,1.19,285,Inspection
CRN02217,DR08849,PR00002,SR06953,QC-02,Quay Crane,6.47,1.22,196,Inspection
CRN02218,DR01531,PR00006,SR04198,QC-07,RTG Crane,7.8,1.07,187,Inspection
CRN02219,DR08464,PR00001,SR01014,QC-08,Quay Crane,5.11,0.65,161,Operational
CRN02220,DR03659,PR00003,SR04662,QC-07,RTG Crane,8.6,1.18,216,Inspection
CRN02221,DR07587,PR00005,SR04207,QC-06,Quay Crane,6.04,0.77,133,Operational
CRN02222,DR09921,PR00002,SR07940,QC-02,Quay Crane,6.58,0.62,159,Operational
CRN02223,DR07745,PR00002,SR03235,QC-02,Quay Crane,8.18,0.9,193,Operational
CRN02224,DR02661,PR00002,SR08547,QC-04,Quay Crane,6.55,1.1,198,Inspection
CRN02225,DR06240,PR00005,SR01358,QC-02,Quay Crane,7.9,0.93,220,Operational
CRN02226,DR05541,PR00002,SR03560,QC-03,Quay Crane,6.66,1.1,208,Inspection
CRN02227,DR01661,PR00003,SR07797,QC-01,Quay Crane,7.82,0.38,248,Operational
CRN02228,DR09293,PR00004,SR07462,QC-04,Quay Crane,7.18,0.75,190,Operational
CRN02229,DR04071,PR00007,SR09365,QC-03,Quay Crane,8.9,1.19,258,Inspection
CRN02230,DR08770,PR00006,SR03195,QC-08,Quay Crane,6.05,0.7,120,Operational
CRN02231,DR04813,PR00001,SR00360,QC-08,Quay Crane,8.32,0.76,199,Operational
CRN02232,DR05430,PR00006,SR02325,QC-07,RTG Crane,7.15,1.11,145,Inspection
CRN02233,DR08350,PR00006,SR02098,QC-05,RTG Crane,7.83,1.3,179,Inspection
CRN02234,DR05112,PR00005,SR08419,QC-05,Quay Crane,6.12,1.84,129,Maintenance
CRN02235,DR02903,PR00003,SR06270,QC-02,Quay Crane,9.53,1.07,240,Inspection
CRN02236,DR01279,PR00001,SR04621,QC-01,Quay Crane,7.96,0.65,203,Operational
CRN02237,DR03282,PR00005,SR02356,QC-03,Quay Crane,5.3,1.74,110,Maintenance
CRN02238,DR06704,PR00003,SR04811,QC-03,Quay Crane,8.56,1.54,192,Inspection
CRN02239,DR00262,PR00002,SR03566,QC-05,Quay Crane,10.0,1.73,292,Maintenance
CRN02240,DR01409,PR00001,SR03951,QC-02,RTG Crane,5.75,0.68,149,Operational
CRN02241,DR03875,PR00002,SR05277,QC-06,Quay Crane,5.76,0.88,169,Operational
CRN02242,DR02043,PR00004,SR06525,QC-08,Quay Crane,9.36,0.52,235,Operational
CRN02243,DR05989,PR00001,SR00318,QC-02,Quay Crane,6.22,0.87,134,Operational
CRN02244,DR06531,PR00004,SR07046,QC-06,Quay Crane,8.64,0.66,266,Operational
CRN02245,DR06423,PR00006,SR08773,QC-06,RTG Crane,7.56,0.77,239,Operational
CRN02246,DR02322,PR00002,SR06868,QC-04,Quay Crane,6.51,0.62,184,Operational
CRN02247,DR02464,PR00001,SR08237,QC-06,Quay Crane,7.28,0.96,191,Operational
CRN02248,DR06587,PR00001,SR09805,QC-02,Quay Crane,8.87,1.02,286,Inspection
CRN02249,DR07032,PR00002,SR02881,QC-06,Quay Crane,7.86,0.84,244,Operational
CRN02250,DR08783,PR00006,SR01328,QC-06,Quay Crane,5.75,0.42,150,Operational
CRN02251,DR04585,PR00004,SR04171,QC-06,Quay Crane,6.65,1.2,145,Inspection
CRN02252,DR04895,PR00006,SR05918,QC-04,Quay Crane,8.67,0.63,280,Operational
CRN02253,DR09804,PR00007,SR01844,QC-03,Quay Crane,9.86,1.29,190,Inspection
CRN02254,DR03660,PR00002,SR08554,QC-01,Quay Crane,8.3,0.74,222,Operational
CRN02255,DR02283,PR00005,SR01193,QC-02,Quay Crane,10.0,1.1,255,Inspection
CRN02256,DR00756,PR00003,SR00933,QC-07,Quay Crane,6.87,1.3,159,Inspection
CRN02257,DR04908,PR00003,SR05417,QC-07,Quay Crane,8.29,1.21,196,Inspection
CRN02258,DR02965,PR00002,SR08176,QC-08,Quay Crane,7.68,0.56,206,Operational
CRN02259,DR04771,PR00002,SR09361,QC-07,Quay Crane,10.0,0.94,303,Operational
CRN02260,DR07589,PR00005,SR04436,QC-08,Quay Crane,7.28,0.68,172,Operational
CRN02261,DR01723,PR00004,SR07461,QC-02,RTG Crane,8.92,0.53,291,Operational
CRN02262,DR07821,PR00002,SR04801,QC-01,RTG Crane,7.09,0.54,184,Operational
CRN02263,DR00125,PR00001,SR09950,QC-05,Quay Crane,6.17,2.33,110,Maintenance
CRN02264,DR06179,PR00004,SR05416,QC-08,Quay Crane,9.85,0.27,249,Operational
CRN02265,DR02539,PR00005,SR06174,QC-08,Quay Crane,7.02,0.73,173,Operational
CRN02266,DR08898,PR00004,SR08023,QC-01,Quay Crane,7.49,0.45,190,Operational
CRN02267,DR02983,PR00001,SR08759,QC-08,Quay Crane,5.86,0.43,127,Operational
CRN02268,DR08931,PR00002,SR07931,QC-02,RTG Crane,8.64,0.7,253,Operational
CRN02269,DR01502,PR00005,SR05741,QC-08,Quay Crane,5.31,0.65,160,Operational
CRN02270,DR05746,PR00005,SR02399,QC-05,Quay Crane,5.36,2.43,121,Maintenance
CRN02271,DR02166,PR00001,SR01628,QC-05,Quay Crane,8.98,2.06,197,Maintenance
CRN02272,DR06981,PR00003,SR03030,QC-03,Quay Crane,7.31,1.51,170,Inspection
CRN02273,DR06080,PR00003,SR08253,QC-07,Quay Crane,6.66,1.07,176,Inspection
CRN02274,DR05100,PR00004,SR01415,QC-02,Quay Crane,5.51,0.56,109,Operational
CRN02275,DR05235,PR00001,SR05776,QC-05,RTG Crane,8.03,1.67,169,Maintenance
CRN02276,DR09320,PR00004,SR05785,QC-06,Quay Crane,8.54,1.26,217,Inspection
CRN02277,DR04292,PR00007,SR06977,QC-02,Quay Crane,7.87,0.69,167,Operational
CRN02278,DR02038,PR00003,SR08063,QC-05,Quay Crane,4.58,1.91,129,Maintenance
CRN02279,DR08065,PR00002,SR03958,QC-06,Quay Crane,8.93,0.96,244,Operational
CRN02280,DR09220,PR00001,SR07693,QC-03,Quay Crane,7.73,1.39,242,Inspection
CRN02281,DR00308,PR00001,SR07639,QC-06,RTG Crane,6.51,0.92,135,Operational
CRN02282,DR04016,PR00007,SR01387,QC-05,Quay Crane,7.4,1.98,166,Maintenance
CRN02283,DR09856,PR00007,SR02882,QC-06,Quay Crane,5.59,0.77,172,Operational
CRN02284,DR07667,PR00001,SR00158,QC-03,Quay Crane,8.14,1.51,236,Inspection
CRN02285,DR08663,PR00007,SR05555,QC-08,RTG Crane,6.88,1.13,133,Inspection
CRN02286,DR08248,PR00001,SR04512,QC-01,Quay Crane,8.47,0.56,277,Operational
CRN02287,DR09911,PR00004,SR01964,QC-08,Quay Crane,7.88,0.54,191,Operational
CRN02288,DR01926,PR00005,SR06378,QC-07,Quay Crane,7.65,1.16,244,Inspection
CRN02289,DR00829,PR00002,SR02956,QC-02,Quay Crane,8.08,1.01,209,Inspection
CRN02290,DR09194,PR00003,SR07962,QC-01,RTG Crane,8.48,0.25,261,Operational
CRN02291,DR05392,PR00004,SR02658,QC-07,RTG Crane,5.39,1.51,72,Inspection
CRN02292,DR00748,PR00001,SR04834,QC-02,Quay Crane,8.73,0.85,330,Operational
CRN02293,DR06466,PR00007,SR06663,QC-01,Quay Crane,4.55,0.64,121,Operational
CRN02294,DR07471,PR00002,SR00216,QC-07,Quay Crane,7.0,1.18,224,Inspection
CRN02295,DR08904,PR00001,SR04637,QC-06,Quay Crane,9.3,0.95,253,Operational
CRN02296,DR09627,PR00007,SR08653,QC-06,Quay Crane,7.54,0.73,215,Operational
CRN02297,DR07839,PR00003,SR09345,QC-02,Quay Crane,6.83,0.6,215,Operational
CRN02298,DR09716,PR00003,SR02963,QC-08,Quay Crane,6.5,0.31,232,Operational
CRN02299,DR02130,PR00002,SR08380,QC-08,Quay Crane,5.54,0.27,152,Operational
CRN02300,DR00836,PR00001,SR07347,QC-01,Quay Crane,9.88,0.86,316,Operational
CRN02301,DR08191,PR00002,SR04875,QC-08,Quay Crane,4.97,0.58,134,Operational
CRN02302,DR07920,PR00003,SR01974,QC-03,Quay Crane,5.44,1.45,156,Inspection
CRN02303,DR07940,PR00003,SR09613,QC-08,Quay Crane,4.66,0.72,130,Operational
CRN02304,DR01997,PR00003,SR03648,QC-04,Quay Crane,9.6,0.73,268,Operational
CRN02305,DR03178,PR00006,SR08568,QC-04,Quay Crane,6.82,0.88,176,Operational
CRN02306,DR05698,PR00007,SR04206,QC-02,Quay Crane,8.21,1.16,209,Inspection
CRN02307,DR07550,PR00002,SR01221,QC-02,Quay Crane,8.14,0.85,214,Operational
CRN02308,DR03850,PR00007,SR03308,QC-02,RTG Crane,8.04,0.65,248,Operational
CRN02309,DR00460,PR00006,SR00392,QC-06,Quay Crane,7.42,1.25,231,Inspection
CRN02310,DR06623,PR00007,SR01526,QC-06,RTG Crane,7.51,0.59,145,Operational
CRN02311,DR00423,PR00005,SR08353,QC-04,RTG Crane,9.13,0.87,235,Operational
CRN02312,DR04978,PR00001,SR01096,QC-03,RTG Crane,7.25,1.39,137,Inspection
CRN02313,DR08323,PR00001,SR05752,QC-05,RTG Crane,6.23,2.01,160,Maintenance
CRN02314,DR05545,PR00007,SR08864,QC-04,Quay Crane,9.1,0.43,212,Operational
CRN02315,DR02176,PR00003,SR02686,QC-02,Quay Crane,7.96,0.99,176,Operational
CRN02316,DR01915,PR00006,SR04274,QC-08,Quay Crane,3.92,0.55,95,Operational
CRN02317,DR02992,PR00005,SR04658,QC-06,Quay Crane,6.52,0.81,129,Operational
CRN02318,DR03476,PR00002,SR04512,QC-02,Quay Crane,6.9,1.21,198,Inspection
CRN02319,DR08330,PR00003,SR04044,QC-02,Quay Crane,9.39,1.08,258,Inspection
CRN02320,DR08106,PR00007,SR00367,QC-08,Quay Crane,7.3,0.74,175,Operational
CRN02321,DR07972,PR00001,SR05099,QC-02,Quay Crane,6.12,0.89,176,Operational
CRN02322,DR01125,PR00005,SR06890,QC-06,Quay Crane,5.6,0.75,137,Operational
CRN02323,DR04104,PR00007,SR02990,QC-05,Quay Crane,7.25,1.66,189,Maintenance
CRN02324,DR06213,PR00001,SR06733,QC-05,Quay Crane,8.68,1.99,301,Maintenance
CRN02325,DR07167,PR00002,SR04990,QC-01,Quay Crane,9.85,0.26,266,Operational
CRN02326,DR02825,PR00004,SR00992,QC-08,RTG Crane,5.18,0.9,139,Operational
CRN02327,DR03972,PR00006,SR04235,QC-01,Quay Crane,7.51,0.86,224,Operational
CRN02328,DR07002,PR00003,SR08812,QC-07,Quay Crane,6.59,1.47,256,Inspection
CRN02329,DR01263,PR00001,SR02475,QC-06,Quay Crane,7.04,1.11,167,Inspection
CRN02330,DR07429,PR00001,SR00708,QC-03,Quay Crane,6.09,1.13,147,Inspection
CRN02331,DR02452,PR00003,SR01265,QC-08,Quay Crane,5.02,0.39,153,Operational
CRN02332,DR00970,PR00002,SR07963,QC-02,Quay Crane,7.77,1.15,192,Inspection
CRN02333,DR05810,PR00002,SR00910,QC-07,Quay Crane,6.64,1.3,180,Inspection
CRN02334,DR08184,PR00006,SR05141,QC-08,Quay Crane,8.4,0.81,286,Operational
CRN02335,DR03828,PR00001,SR07867,QC-02,Quay Crane,7.38,1.14,188,Inspection
CRN02336,DR00102,PR00006,SR05422,QC-07,Quay Crane,9.67,1.71,240,Maintenance
CRN02337,DR06331,PR00007,SR01687,QC-03,Quay Crane,9.13,1.15,298,Inspection
CRN02338,DR09744,PR00004,SR03938,QC-03,Quay Crane,10.0,1.67,249,Maintenance
CRN02339,DR06158,PR00004,SR04510,QC-07,Quay Crane,5.88,0.79,166,Operational
CRN02340,DR09476,PR00001,SR02157,QC-03,Quay Crane,9.15,1.27,186,Inspection
CRN02341,DR01651,PR00004,SR07508,QC-05,Quay Crane,7.4,1.55,211,Inspection
CRN02342,DR01178,PR00003,SR06085,QC-05,Quay Crane,8.09,1.98,214,Maintenance
CRN02343,DR04666,PR00002,SR05315,QC-08,Quay Crane,7.25,1.07,148,Inspection
CRN02344,DR09402,PR00004,SR00174,QC-07,Quay Crane,7.48,1.02,198,Inspection
CRN02345,DR08819,PR00001,SR01035,QC-02,Quay Crane,6.67,0.39,211,Operational
CRN02346,DR00221,PR00002,SR08273,QC-02,Quay Crane,9.15,0.58,234,Operational
CRN02347,DR02923,PR00004,SR01293,QC-01,Quay Crane,6.04,0.25,151,Operational
CRN02348,DR04909,PR00003,SR01040,QC-04,RTG Crane,7.27,0.07,238,Operational
CRN02349,DR09579,PR00001,SR08483,QC-08,Quay Crane,8.28,0.75,222,Operational
CRN02350,DR07366,PR00001,SR06491,QC-05,Quay Crane,6.72,1.94,189,Maintenance
CRN02351,DR09209,PR00002,SR02887,QC-04,Quay Crane,8.73,0.55,276,Operational
CRN02352,DR01906,PR00004,SR07499,QC-06,Quay Crane,6.72,1.07,152,Inspection
CRN02353,DR09165,PR00003,SR05134,QC-04,Quay Crane,6.96,0.86,162,Operational
CRN02354,DR05943,PR00001,SR02106,QC-05,RTG Crane,9.11,2.24,243,Maintenance
CRN02355,DR07231,PR00004,SR03609,QC-06,Quay Crane,6.52,1.03,148,Inspection
CRN02356,DR07555,PR00007,SR03122,QC-08,Quay Crane,8.8,0.36,243,Operational
CRN02357,DR05622,PR00004,SR09521,QC-04,Quay Crane,8.26,0.89,233,Operational
CRN02358,DR00414,PR00003,SR02736,QC-03,Quay Crane,10.0,1.1,292,Inspection
CRN02359,DR01550,PR00004,SR04441,QC-08,Quay Crane,6.42,0.71,163,Operational
CRN02360,DR04085,PR00006,SR02520,QC-07,Quay Crane,6.8,1.61,228,Maintenance
CRN02361,DR04254,PR00007,SR05358,QC-07,Quay Crane,7.67,1.26,280,Inspection
CRN02362,DR07786,PR00001,SR07264,QC-02,Quay Crane,6.81,1.0,156,Operational
CRN02363,DR03634,PR00002,SR02287,QC-07,Quay Crane,7.92,0.83,294,Operational
CRN02364,DR03270,PR00001,SR05939,QC-05,Quay Crane,7.5,2.19,171,Maintenance
CRN02365,DR02270,PR00005,SR05587,QC-02,Quay Crane,5.46,0.15,107,Operational
CRN02366,DR02932,PR00001,SR05116,QC-08,Quay Crane,6.09,1.06,163,Inspection
CRN02367,DR07908,PR00007,SR08589,QC-01,Quay Crane,9.83,1.07,279,Inspection
CRN02368,DR00046,PR00001,SR02704,QC-03,RTG Crane,6.62,1.28,156,Inspection
CRN02369,DR06253,PR00004,SR01965,QC-08,Quay Crane,7.88,0.51,208,Operational
CRN02370,DR05448,PR00002,SR05202,QC-08,Quay Crane,6.31,0.59,193,Operational
CRN02371,DR07084,PR00003,SR02934,QC-08,RTG Crane,6.12,0.91,111,Operational
CRN02372,DR02622,PR00003,SR09804,QC-03,Quay Crane,8.86,0.96,235,Operational
CRN02373,DR07626,PR00005,SR01288,QC-06,Quay Crane,7.64,0.9,168,Operational
CRN02374,DR02334,PR00003,SR00186,QC-03,Quay Crane,5.85,1.44,135,Inspection
CRN02375,DR02764,PR00003,SR02416,QC-06,Quay Crane,7.55,1.35,246,Inspection
CRN02376,DR05057,PR00005,SR06727,QC-05,Quay Crane,7.84,1.6,213,Maintenance
CRN02377,DR03876,PR00007,SR08107,QC-07,RTG Crane,9.8,1.35,330,Inspection
CRN02378,DR07100,PR00006,SR00409,QC-06,Quay Crane,4.19,1.02,91,Inspection
CRN02379,DR03732,PR00005,SR01648,QC-02,Quay Crane,8.88,1.07,275,Inspection
CRN02380,DR06380,PR00003,SR00841,QC-01,RTG Crane,6.67,0.79,206,Operational
CRN02381,DR01865,PR00007,SR00260,QC-04,Quay Crane,10.0,0.54,224,Operational
CRN02382,DR08244,PR00003,SR07790,QC-07,Quay Crane,9.71,1.97,234,Maintenance
CRN02383,DR05329,PR00007,SR07796,QC-02,Quay Crane,9.98,1.2,310,Inspection
CRN02384,DR02365,PR00006,SR02029,QC-05,Quay Crane,6.63,1.58,183,Maintenance
CRN02385,DR02908,PR00001,SR04537,QC-05,Quay Crane,5.34,1.67,109,Maintenance
CRN02386,DR01011,PR00001,SR06509,QC-02,Quay Crane,7.26,1.01,143,Inspection
CRN02387,DR05845,PR00005,SR05173,QC-03,Quay Crane,5.93,1.23,97,Inspection
CRN02388,DR07641,PR00005,SR09202,QC-06,Quay Crane,7.15,0.92,217,Operational
CRN02389,DR00823,PR00004,SR02537,QC-08,Quay Crane,5.28,1.05,103,Inspection
CRN02390,DR07025,PR00007,SR09052,QC-07,Quay Crane,6.63,1.49,220,Inspection
CRN02391,DR08460,PR00004,SR06913,QC-06,Quay Crane,9.37,0.87,284,Operational
CRN02392,DR06497,PR00002,SR02504,QC-05,Quay Crane,7.6,1.79,116,Maintenance
CRN02393,DR00124,PR00004,SR06417,QC-01,RTG Crane,5.65,0.05,172,Operational
CRN02394,DR09860,PR00001,SR08541,QC-05,Quay Crane,8.11,1.96,186,Maintenance
CRN02395,DR08241,PR00004,SR04495,QC-06,Quay Crane,6.28,0.42,168,Operational
CRN02396,DR05293,PR00007,SR07177,QC-02,RTG Crane,9.0,0.56,249,Operational
CRN02397,DR08374,PR00001,SR05500,QC-02,RTG Crane,8.68,0.52,231,Operational
CRN02398,DR07690,PR00006,SR02717,QC-05,Quay Crane,8.22,2.11,219,Maintenance
CRN02399,DR06822,PR00006,SR07936,QC-07,Quay Crane,9.84,1.29,226,Inspection
CRN02400,DR02952,PR00001,SR04301,QC-08,Quay Crane,6.93,0.77,212,Operational
CRN02401,DR07156,PR00006,SR06886,QC-02,Quay Crane,10.0,0.47,227,Operational
CRN02402,DR01237,PR00005,SR00200,QC-01,RTG Crane,7.97,0.87,205,Operational
CRN02403,DR02484,PR00003,SR01167,QC-04,Quay Crane,8.42,0.71,219,Operational
CRN02404,DR00875,PR00002,SR09451,QC-07,Quay Crane,3.98,0.88,148,Operational
CRN02405,DR04909,PR00002,SR05521,QC-06,Quay Crane,7.01,0.85,154,Operational
CRN02406,DR04133,PR00004,SR07536,QC-02,Quay Crane,6.84,1.26,189,Inspection
CRN02407,DR06157,PR00002,SR09354,QC-01,Quay Crane,5.52,0.37,173,Operational
CRN02408,DR05019,PR00002,SR08333,QC-06,Quay Crane,5.81,1.04,175,Inspection
CRN02409,DR04127,PR00007,SR00017,QC-04,Quay Crane,9.04,0.72,237,Operational
CRN02410,DR07978,PR00005,SR03808,QC-01,Quay Crane,8.2,0.38,243,Operational
CRN02411,DR06583,PR00005,SR00044,QC-04,Quay Crane,8.27,0.84,266,Operational
CRN02412,DR03485,PR00007,SR08071,QC-02,Quay Crane,10.0,0.94,247,Operational
CRN02413,DR02450,PR00001,SR07704,QC-07,Quay Crane,8.0,1.17,202,Inspection
CRN02414,DR04830,PR00002,SR03068,QC-01,Quay Crane,9.32,0.51,258,Operational
CRN02415,DR08949,PR00004,SR01011,QC-02,RTG Crane,7.69,0.58,184,Operational
CRN02416,DR07642,PR00003,SR05751,QC-01,Quay Crane,6.31,0.15,223,Operational
CRN02417,DR07193,PR00001,SR03709,QC-03,Quay Crane,7.25,1.56,180,Maintenance
CRN02418,DR00489,PR00006,SR04422,QC-07,Quay Crane,8.25,1.03,214,Inspection
CRN02419,DR06242,PR00001,SR06178,QC-08,Quay Crane,4.87,0.74,99,Operational
CRN02420,DR05424,PR00004,SR08094,QC-04,RTG Crane,7.61,0.78,219,Operational
CRN02421,DR03998,PR00004,SR01282,QC-08,Quay Crane,7.96,0.65,239,Operational
CRN02422,DR08774,PR00004,SR07979,QC-02,Quay Crane,6.15,1.32,123,Inspection
CRN02423,DR06467,PR00002,SR03022,QC-07,Quay Crane,5.21,0.87,156,Operational
CRN02424,DR02254,PR00001,SR07486,QC-05,Quay Crane,8.03,1.79,232,Maintenance
CRN02425,DR06756,PR00006,SR09647,QC-01,RTG Crane,7.39,0.54,211,Operational
CRN02426,DR00093,PR00007,SR00607,QC-08,Quay Crane,9.01,0.76,217,Operational
CRN02427,DR07070,PR00003,SR02408,QC-01,Quay Crane,7.47,0.52,194,Operational
CRN02428,DR05061,PR00001,SR09713,QC-03,RTG Crane,3.95,1.16,51,Inspection
CRN02429,DR04468,PR00004,SR01269,QC-06,Quay Crane,7.25,0.6,155,Operational
CRN02430,DR00826,PR00002,SR04544,QC-07,Quay Crane,8.37,1.12,248,Inspection
CRN02431,DR00521,PR00001,SR01316,QC-01,Quay Crane,5.23,0.25,187,Operational
CRN02432,DR03692,PR00001,SR00156,QC-02,Quay Crane,4.8,1.02,114,Inspection
CRN02433,DR09096,PR00001,SR03171,QC-07,Quay Crane,8.22,0.85,239,Operational
CRN02434,DR05777,PR00002,SR00755,QC-05,Quay Crane,8.88,1.9,212,Maintenance
CRN02435,DR00863,PR00002,SR01265,QC-05,Quay Crane,6.84,2.23,166,Maintenance
CRN02436,DR02543,PR00006,SR06854,QC-05,Quay Crane,7.77,2.15,208,Maintenance
CRN02437,DR07825,PR00003,SR04716,QC-02,Quay Crane,5.8,0.89,169,Operational
CRN02438,DR05034,PR00003,SR08616,QC-04,Quay Crane,6.37,0.66,159,Operational
CRN02439,DR06518,PR00001,SR06305,QC-01,Quay Crane,7.9,0.76,238,Operational
CRN02440,DR02200,PR00006,SR04855,QC-08,Quay Crane,7.49,1.05,163,Inspection
CRN02441,DR06528,PR00001,SR09821,QC-07,Quay Crane,7.79,0.96,253,Operational
CRN02442,DR00141,PR00002,SR04811,QC-01,RTG Crane,7.93,0.2,194,Operational
CRN02443,DR01478,PR00004,SR05469,QC-06,Quay Crane,10.0,0.69,290,Operational
CRN02444,DR06784,PR00005,SR03419,QC-01,RTG Crane,2.89,0.42,45,Operational
CRN02445,DR04578,PR00006,SR08382,QC-08,Quay Crane,8.17,0.56,187,Operational
CRN02446,DR07958,PR00003,SR03833,QC-05,Quay Crane,6.38,2.29,105,Maintenance
CRN02447,DR08306,PR00002,SR05924,QC-03,Quay Crane,5.97,1.4,113,Inspection
CRN02448,DR09405,PR00002,SR08192,QC-04,RTG Crane,7.84,0.59,249,Operational
CRN02449,DR06920,PR00004,SR08558,QC-02,Quay Crane,7.59,1.24,190,Inspection
CRN02450,DR02435,PR00002,SR04568,QC-04,Quay Crane,8.4,0.66,247,Operational
CRN02451,DR01533,PR00002,SR09145,QC-08,RTG Crane,7.38,0.84,215,Operational
CRN02452,DR01775,PR00001,SR04058,QC-08,Quay Crane,5.93,0.39,181,Operational
CRN02453,DR00014,PR00007,SR06752,QC-06,Quay Crane,5.35,1.26,173,Inspection
CRN02454,DR01896,PR00001,SR02700,QC-07,Quay Crane,6.33,1.15,159,Inspection
CRN02455,DR02187,PR00002,SR02964,QC-04,Quay Crane,8.26,0.63,212,Operational
CRN02456,DR01303,PR00007,SR05168,QC-01,RTG Crane,8.68,0.09,198,Operational
CRN02457,DR08972,PR00005,SR09070,QC-01,RTG Crane,4.58,0.4,127,Operational
CRN02458,DR09780,PR00004,SR04737,QC-07,Quay Crane,6.82,0.87,181,Operational
CRN02459,DR03510,PR00004,SR02730,QC-06,RTG Crane,6.72,1.0,147,Operational
CRN02460,DR04448,PR00001,SR06851,QC-03,RTG Crane,7.65,1.1,183,Inspection
CRN02461,DR03342,PR00006,SR09817,QC-06,Quay Crane,6.18,0.53,143,Operational
CRN02462,DR06009,PR00002,SR06607,QC-02,RTG Crane,4.95,0.97,90,Operational
CRN02463,DR01704,PR00007,SR02722,QC-01,RTG Crane,6.63,0.36,228,Operational
CRN02464,DR04950,PR00002,SR01799,QC-06,RTG Crane,9.04,0.75,264,Operational
CRN02465,DR07000,PR00004,SR06814,QC-05,Quay Crane,4.0,2.49,133,Maintenance
CRN02466,DR00665,PR00004,SR04785,QC-07,Quay Crane,5.43,1.04,169,Inspection
CRN02467,DR00911,PR00001,SR06451,QC-01,Quay Crane,7.01,0.8,222,Operational
CRN02468,DR08358,PR00003,SR00422,QC-06,Quay Crane,6.29,0.65,117,Operational
CRN02469,DR06777,PR00006,SR03403,QC-07,RTG Crane,5.47,1.27,120,Inspection
CRN02470,DR05625,PR00002,SR01210,QC-02,Quay Crane,6.13,0.97,197,Operational
CRN02471,DR04761,PR00007,SR04307,QC-02,Quay Crane,7.67,0.37,237,Operational
CRN02472,DR01389,PR00002,SR08074,QC-04,Quay Crane,7.56,0.37,234,Operational
CRN02473,DR08141,PR00004,SR06921,QC-03,Quay Crane,8.49,1.65,193,Maintenance
CRN02474,DR09868,PR00004,SR09761,QC-05,Quay Crane,8.15,1.74,229,Maintenance
CRN02475,DR02629,PR00003,SR09124,QC-01,RTG Crane,5.13,0.57,100,Operational
CRN02476,DR09676,PR00004,SR05112,QC-06,Quay Crane,8.01,1.22,208,Inspection
CRN02477,DR05633,PR00005,SR08942,QC-04,Quay Crane,8.21,1.02,235,Inspection
CRN02478,DR08339,PR00004,SR03699,QC-08,Quay Crane,6.45,0.46,146,Operational
CRN02479,DR06077,PR00004,SR09234,QC-03,Quay Crane,9.05,1.34,243,Inspection
CRN02480,DR09654,PR00004,SR06188,QC-08,Quay Crane,6.25,0.49,162,Operational
CRN02481,DR03985,PR00003,SR06320,QC-04,Quay Crane,8.79,0.65,232,Operational
CRN02482,DR08401,PR00001,SR06187,QC-04,Quay Crane,8.09,0.54,209,Operational
CRN02483,DR03912,PR00001,SR07926,QC-06,Quay Crane,6.94,0.84,155,Operational
CRN02484,DR05783,PR00004,SR01633,QC-03,RTG Crane,5.71,1.84,115,Maintenance
CRN02485,DR07108,PR00007,SR03541,QC-05,Quay Crane,6.34,1.72,169,Maintenance
CRN02486,DR00077,PR00001,SR04158,QC-05,RTG Crane,6.2,1.17,123,Inspection
CRN02487,DR04993,PR00004,SR06828,QC-07,Quay Crane,9.92,1.13,250,Inspection
CRN02488,DR06431,PR00002,SR04302,QC-07,RTG Crane,8.82,0.75,248,Operational
CRN02489,DR07728,PR00004,SR07326,QC-03,Quay Crane,8.7,1.43,230,Inspection
CRN02490,DR03578,PR00005,SR00183,QC-02,Quay Crane,7.69,0.77,185,Operational
CRN02491,DR07514,PR00005,SR03788,QC-06,RTG Crane,6.46,1.48,180,Inspection
CRN02492,DR01015,PR00005,SR01008,QC-05,Quay Crane,8.3,2.1,227,Maintenance
CRN02493,DR06654,PR00005,SR01049,QC-08,Quay Crane,5.81,0.08,185,Operational
CRN02494,DR04139,PR00001,SR03733,QC-03,Quay Crane,9.48,1.02,250,Inspection
CRN02495,DR03317,PR00003,SR04178,QC-08,Quay Crane,4.91,0.54,168,Operational
CRN02496,DR06299,PR00002,SR00193,QC-03,RTG Crane,5.6,1.41,130,Inspection
CRN02497,DR06515,PR00007,SR02707,QC-01,Quay Crane,8.15,0.78,181,Operational
CRN02498,DR05634,PR00006,SR09818,QC-03,Quay Crane,6.75,1.49,140,Inspection
CRN02499,DR02215,PR00001,SR03008,QC-06,Quay Crane,9.03,1.08,245,Inspection
CRN02500,DR01885,PR00002,SR09090,QC-02,Quay Crane,9.06,0.69,213,Operational
CRN02501,DR03900,PR00003,SR08037,QC-01,RTG Crane,3.53,0.46,122,Operational
CRN02502,DR07297,PR00007,SR08878,QC-08,Quay Crane,5.94,0.7,187,Operational
CRN02503,DR00960,PR00001,SR09386,QC-04,Quay Crane,5.9,0.78,202,Operational
CRN02504,DR00590,PR00004,SR04526,QC-03,Quay Crane,8.52,1.46,239,Inspection
CRN02505,DR03002,PR00002,SR05755,QC-03,Quay Crane,5.1,1.13,83,Inspection
CRN02506,DR07094,PR00004,SR04293,QC-04,Quay Crane,3.57,0.68,90,Operational
CRN02507,DR02518,PR00004,SR06044,QC-06,Quay Crane,5.65,1.19,142,Inspection
CRN02508,DR06011,PR00002,SR00534,QC-03,Quay Crane,8.01,1.2,226,Inspection
CRN02509,DR03314,PR00006,SR09860,QC-01,Quay Crane,10.0,0.67,270,Operational
CRN02510,DR04052,PR00001,SR00204,QC-03,RTG Crane,4.69,1.13,151,Inspection
CRN02511,DR00817,PR00006,SR09504,QC-05,Quay Crane,5.88,1.83,138,Maintenance
CRN02512,DR01033,PR00002,SR00168,QC-02,Quay Crane,7.39,0.97,202,Operational
CRN02513,DR01030,PR00004,SR03245,QC-07,Quay Crane,8.8,1.4,238,Inspection
CRN02514,DR01761,PR00002,SR02283,QC-03,Quay Crane,10.0,1.13,271,Inspection
CRN02515,DR04777,PR00004,SR03804,QC-04,Quay Crane,7.7,0.05,216,Operational
CRN02516,DR01081,PR00002,SR07061,QC-06,Quay Crane,8.32,1.29,210,Inspection
CRN02517,DR04306,PR00004,SR00756,QC-03,RTG Crane,7.31,1.67,190,Maintenance
CRN02518,DR06613,PR00001,SR02985,QC-08,RTG Crane,9.38,0.13,244,Operational
CRN02519,DR03609,PR00003,SR05455,QC-06,Quay Crane,6.36,1.07,147,Inspection
CRN02520,DR06361,PR00006,SR05320,QC-07,Quay Crane,7.21,1.22,166,Inspection
CRN02521,DR05664,PR00003,SR09428,QC-04,Quay Crane,3.9,1.04,96,Inspection
CRN02522,DR02645,PR00003,SR04965,QC-03,Quay Crane,8.31,1.67,197,Maintenance
CRN02523,DR02508,PR00004,SR05861,QC-01,Quay Crane,9.59,0.78,212,Operational
CRN02524,DR05779,PR00003,SR09528,QC-01,Quay Crane,8.2,0.47,268,Operational
CRN02525,DR03437,PR00006,SR01631,QC-01,Quay Crane,6.06,0.05,156,Operational
CRN02526,DR09150,PR00003,SR02954,QC-04,Quay Crane,5.08,0.81,115,Operational
CRN02527,DR05072,PR00007,SR00154,QC-06,Quay Crane,9.74,0.67,246,Operational
CRN02528,DR04601,PR00006,SR09048,QC-08,Quay Crane,5.72,0.17,138,Operational
CRN02529,DR03847,PR00003,SR09620,QC-08,Quay Crane,6.7,1.34,155,Inspection
CRN02530,DR07082,PR00003,SR04073,QC-04,Quay Crane,5.02,0.52,118,Operational
CRN02531,DR06668,PR00005,SR04419,QC-02,RTG Crane,7.89,0.95,236,Operational
CRN02532,DR05229,PR00005,SR00617,QC-04,Quay Crane,9.9,0.92,259,Operational
CRN02533,DR07189,PR00001,SR05710,QC-08,Quay Crane,7.38,0.73,231,Operational
CRN02534,DR07591,PR00002,SR01525,QC-05,Quay Crane,9.21,1.14,277,Inspection
CRN02535,DR02668,PR00001,SR08148,QC-06,Quay Crane,5.83,1.32,89,Inspection
CRN02536,DR03191,PR00005,SR08878,QC-01,Quay Crane,7.06,0.54,207,Operational
CRN02537,DR07408,PR00005,SR04377,QC-01,Quay Crane,7.48,0.66,174,Operational
CRN02538,DR03554,PR00001,SR02409,QC-07,Quay Crane,6.0,1.02,192,Inspection
CRN02539,DR00955,PR00003,SR02926,QC-05,Quay Crane,5.77,1.62,131,Maintenance
CRN02540,DR00064,PR00005,SR04577,QC-02,Quay Crane,6.23,0.61,154,Operational
CRN02541,DR06688,PR00007,SR00301,QC-03,Quay Crane,6.82,1.15,178,Inspection
CRN02542,DR02650,PR00001,SR06232,QC-06,Quay Crane,6.42,0.8,190,Operational
CRN02543,DR00485,PR00002,SR04559,QC-01,RTG Crane,9.14,0.85,208,Operational
CRN02544,DR00068,PR00002,SR06153,QC-03,RTG Crane,3.97,1.24,105,Inspection
CRN02545,DR06382,PR00004,SR06794,QC-02,Quay Crane,7.35,0.95,233,Operational
CRN02546,DR04007,PR00001,SR03934,QC-01,Quay Crane,4.84,0.4,138,Operational
CRN02547,DR07989,PR00001,SR00479,QC-03,Quay Crane,8.72,1.45,232,Inspection
CRN02548,DR03819,PR00006,SR00128,QC-01,Quay Crane,6.03,0.54,136,Operational
CRN02549,DR09482,PR00004,SR04048,QC-03,RTG Crane,7.12,1.2,192,Inspection
CRN02550,DR06280,PR00001,SR00654,QC-01,Quay Crane,9.19,0.2,274,Operational
CRN02551,DR02528,PR00003,SR06657,QC-04,Quay Crane,4.7,0.8,128,Operational
CRN02552,DR01443,PR00001,SR01360,QC-02,Quay Crane,9.23,0.57,258,Operational
CRN02553,DR01185,PR00003,SR05891,QC-03,RTG Crane,7.94,1.47,228,Inspection
CRN02554,DR03349,PR00003,SR08347,QC-07,RTG Crane,6.52,0.81,180,Operational
CRN02555,DR00633,PR00001,SR09922,QC-02,Quay Crane,3.65,0.64,76,Operational
CRN02556,DR08387,PR00001,SR01629,QC-04,Quay Crane,10.0,0.15,288,Operational
CRN02557,DR03419,PR00006,SR07452,QC-04,Quay Crane,6.68,0.44,157,Operational
CRN02558,DR02216,PR00006,SR01071,QC-04,Quay Crane,8.15,0.58,229,Operational
CRN02559,DR05618,PR00001,SR07310,QC-03,Quay Crane,7.43,1.68,170,Maintenance
CRN02560,DR04483,PR00004,SR05833,QC-08,Quay Crane,10.0,0.98,330,Operational
CRN02561,DR05345,PR00001,SR04429,QC-04,RTG Crane,5.57,0.95,189,Operational
CRN02562,DR02638,PR00006,SR01633,QC-03,Quay Crane,8.77,1.49,258,Inspection
CRN02563,DR03223,PR00006,SR03266,QC-01,Quay Crane,9.97,0.59,284,Operational
CRN02564,DR02530,PR00004,SR06333,QC-06,Quay Crane,5.41,0.79,144,Operational
CRN02565,DR00262,PR00004,SR08897,QC-02,Quay Crane,6.89,0.76,137,Operational
CRN02566,DR09699,PR00003,SR08840,QC-04,Quay Crane,7.71,0.52,223,Operational
CRN02567,DR07357,PR00002,SR05206,QC-03,Quay Crane,8.3,1.61,187,Maintenance
CRN02568,DR09715,PR00003,SR06517,QC-02,Quay Crane,8.06,0.71,204,Operational
CRN02569,DR06701,PR00001,SR02279,QC-04,Quay Crane,8.79,0.98,202,Operational
CRN02570,DR00373,PR00005,SR05895,QC-06,Quay Crane,7.22,0.6,131,Operational
CRN02571,DR01373,PR00003,SR05086,QC-02,Quay Crane,7.8,1.2,180,Inspection
CRN02572,DR02220,PR00001,SR06974,QC-06,Quay Crane,5.37,0.76,145,Operational
CRN02573,DR08880,PR00004,SR07676,QC-02,Quay Crane,5.67,0.71,73,Operational
CRN02574,DR08846,PR00006,SR04248,QC-02,Quay Crane,7.06,0.88,190,Operational
CRN02575,DR01902,PR00004,SR09588,QC-08,Quay Crane,6.67,0.27,240,Operational
CRN02576,DR05887,PR00003,SR01081,QC-04,RTG Crane,8.21,0.69,209,Operational
CRN02577,DR02632,PR00006,SR01829,QC-07,RTG Crane,4.41,1.08,137,Inspection
CRN02578,DR07910,PR00001,SR01177,QC-02,RTG Crane,7.9,1.11,186,Inspection
CRN02579,DR02806,PR00004,SR09545,QC-05,Quay Crane,8.34,1.69,299,Maintenance
CRN02580,DR04526,PR00003,SR00903,QC-05,RTG Crane,3.88,2.2,97,Maintenance
CRN02581,DR00508,PR00001,SR09502,QC-06,Quay Crane,9.71,0.98,259,Operational
CRN02582,DR07563,PR00007,SR00349,QC-07,Quay Crane,10.0,1.0,242,Operational
CRN02583,DR08161,PR00003,SR02454,QC-03,RTG Crane,8.85,1.42,227,Inspection
CRN02584,DR02147,PR00002,SR00655,QC-06,Quay Crane,6.87,0.99,177,Operational
CRN02585,DR06314,PR00001,SR08826,QC-06,Quay Crane,6.78,0.68,173,Operational
CRN02586,DR06199,PR00007,SR08795,QC-06,Quay Crane,6.33,0.83,125,Operational
CRN02587,DR02833,PR00006,SR02169,QC-02,Quay Crane,7.19,0.84,168,Operational
CRN02588,DR09291,PR00001,SR04582,QC-07,RTG Crane,6.52,1.51,193,Inspection
CRN02589,DR05344,PR00004,SR08665,QC-06,Quay Crane,7.71,1.28,179,Inspection
CRN02590,DR08088,PR00001,SR09335,QC-01,Quay Crane,7.25,0.47,251,Operational
CRN02591,DR05573,PR00005,SR08529,QC-05,Quay Crane,8.1,2.07,257,Maintenance
CRN02592,DR09138,PR00003,SR09052,QC-01,Quay Crane,6.63,0.97,143,Operational
CRN02593,DR03835,PR00001,SR09898,QC-01,RTG Crane,5.67,0.44,121,Operational
CRN02594,DR01130,PR00004,SR02658,QC-01,Quay Crane,8.97,0.4,182,Operational
CRN02595,DR01832,PR00007,SR06240,QC-06,Quay Crane,5.7,0.91,227,Operational
CRN02596,DR09675,PR00002,SR02854,QC-04,Quay Crane,6.94,0.93,181,Operational
CRN02597,DR04330,PR00001,SR03068,QC-06,Quay Crane,6.96,1.11,176,Inspection
CRN02598,DR05917,PR00007,SR00706,QC-08,RTG Crane,7.35,0.59,198,Operational
CRN02599,DR08731,PR00001,SR01598,QC-08,Quay Crane,7.02,0.76,204,Operational
CRN02600,DR03835,PR00003,SR06449,QC-07,Quay Crane,6.67,0.84,126,Operational
CRN02601,DR05065,PR00004,SR07241,QC-03,RTG Crane,7.5,1.06,217,Inspection
CRN02602,DR07582,PR00002,SR07913,QC-07,Quay Crane,5.79,1.38,186,Inspection
CRN02603,DR02042,PR00001,SR07538,QC-03,Quay Crane,6.88,0.85,192,Operational
CRN02604,DR05048,PR00001,SR00687,QC-02,Quay Crane,7.33,0.64,206,Operational
CRN02605,DR00580,PR00001,SR06645,QC-06,Quay Crane,4.53,1.24,83,Inspection
CRN02606,DR09959,PR00003,SR08548,QC-07,Quay Crane,9.13,1.27,284,Inspection
CRN02607,DR03034,PR00006,SR08569,QC-06,Quay Crane,10.0,1.17,281,Inspection
CRN02608,DR05094,PR00001,SR01626,QC-03,Quay Crane,8.12,1.33,188,Inspection
CRN02609,DR08115,PR00005,SR08897,QC-06,Quay Crane,6.62,1.57,183,Maintenance
CRN02610,DR08591,PR00003,SR00635,QC-02,Quay Crane,6.7,1.27,210,Inspection
CRN02611,DR04785,PR00001,SR07032,QC-06,Quay Crane,5.64,0.81,107,Operational
CRN02612,DR03419,PR00003,SR01729,QC-02,RTG Crane,9.54,0.19,304,Operational
CRN02613,DR03109,PR00002,SR07148,QC-01,Quay Crane,5.19,0.42,141,Operational
CRN02614,DR06095,PR00004,SR02688,QC-01,Quay Crane,8.6,1.23,238,Inspection
CRN02615,DR09396,PR00002,SR08136,QC-08,Quay Crane,6.5,0.63,149,Operational
CRN02616,DR05807,PR00004,SR00473,QC-01,Quay Crane,9.21,0.21,193,Operational
CRN02617,DR06748,PR00007,SR05251,QC-04,Quay Crane,8.19,0.77,233,Operational
CRN02618,DR06586,PR00002,SR05414,QC-07,Quay Crane,8.53,1.1,194,Inspection
CRN02619,DR01550,PR00007,SR00006,QC-05,Quay Crane,7.46,1.58,144,Maintenance
CRN02620,DR01986,PR00002,SR02211,QC-01,Quay Crane,9.69,0.1,238,Operational
CRN02621,DR09127,PR00001,SR06218,QC-01,Quay Crane,4.77,0.41,156,Operational
CRN02622,DR05054,PR00001,SR05338,QC-02,Quay Crane,4.6,0.78,155,Operational
CRN02623,DR09988,PR00006,SR08986,QC-02,RTG Crane,4.89,1.08,169,Inspection
CRN02624,DR02035,PR00005,SR08988,QC-07,Quay Crane,6.5,1.19,207,Inspection
CRN02625,DR02062,PR00007,SR09765,QC-05,Quay Crane,6.12,1.89,128,Maintenance
CRN02626,DR00762,PR00005,SR06032,QC-03,RTG Crane,6.39,1.06,136,Inspection
CRN02627,DR01749,PR00003,SR08262,QC-03,Quay Crane,9.69,1.23,279,Inspection
CRN02628,DR07065,PR00006,SR06148,QC-06,Quay Crane,6.28,0.96,181,Operational
CRN02629,DR08957,PR00007,SR07325,QC-07,Quay Crane,8.58,1.14,254,Inspection
CRN02630,DR02059,PR00006,SR06101,QC-04,Quay Crane,7.32,0.79,219,Operational
CRN02631,DR06855,PR00004,SR02257,QC-06,Quay Crane,8.84,0.75,242,Operational
CRN02632,DR07197,PR00006,SR00147,QC-07,Quay Crane,7.76,1.38,236,Inspection
CRN02633,DR04803,PR00001,SR05645,QC-03,Quay Crane,7.74,1.7,204,Maintenance
CRN02634,DR00352,PR00007,SR07745,QC-04,Quay Crane,6.78,0.23,226,Operational
CRN02635,DR09486,PR00007,SR08429,QC-06,Quay Crane,5.82,0.91,131,Operational
CRN02636,DR05409,PR00004,SR04405,QC-07,Quay Crane,4.83,1.65,71,Maintenance
CRN02637,DR01868,PR00001,SR07718,QC-03,Quay Crane,8.13,0.9,213,Operational
CRN02638,DR05359,PR00001,SR03828,QC-07,Quay Crane,10.0,1.0,266,Operational
CRN02639,DR04353,PR00007,SR08292,QC-07,RTG Crane,6.38,1.47,151,Inspection
CRN02640,DR04633,PR00006,SR06971,QC-02,Quay Crane,7.17,0.87,156,Operational
CRN02641,DR08110,PR00005,SR07225,QC-06,Quay Crane,5.66,0.94,143,Operational
CRN02642,DR06623,PR00007,SR02941,QC-08,Quay Crane,7.0,0.28,164,Operational
CRN02643,DR02576,PR00003,SR09331,QC-03,Quay Crane,6.69,1.48,145,Inspection
CRN02644,DR03322,PR00006,SR07405,QC-04,Quay Crane,6.18,1.0,139,Operational
CRN02645,DR00960,PR00001,SR09847,QC-03,Quay Crane,5.68,1.44,87,Inspection
CRN02646,DR07732,PR00001,SR06175,QC-06,Quay Crane,8.73,0.81,229,Operational
CRN02647,DR03194,PR00003,SR07775,QC-01,Quay Crane,8.73,0.51,254,Operational
CRN02648,DR09663,PR00002,SR04247,QC-08,Quay Crane,9.31,0.39,224,Operational
CRN02649,DR08233,PR00003,SR00426,QC-05,Quay Crane,8.46,1.75,257,Maintenance
CRN02650,DR05664,PR00006,SR09455,QC-03,RTG Crane,5.86,0.96,129,Operational
CRN02651,DR01657,PR00001,SR02229,QC-02,Quay Crane,6.27,0.7,167,Operational
CRN02652,DR09780,PR00005,SR06535,QC-05,Quay Crane,7.71,2.04,173,Maintenance
CRN02653,DR07336,PR00001,SR00576,QC-03,Quay Crane,6.01,1.36,114,Inspection
CRN02654,DR05805,PR00006,SR07804,QC-08,Quay Crane,9.44,0.57,243,Operational
CRN02655,DR06102,PR00002,SR02311,QC-06,Quay Crane,7.17,0.73,172,Operational
CRN02656,DR06844,PR00005,SR04719,QC-03,Quay Crane,5.84,1.38,146,Inspection
CRN02657,DR05331,PR00004,SR05255,QC-08,Quay Crane,8.17,0.7,231,Operational
CRN02658,DR03187,PR00003,SR00643,QC-08,RTG Crane,8.39,0.43,290,Operational
CRN02659,DR05568,PR00002,SR09417,QC-02,RTG Crane,7.87,0.69,223,Operational
CRN02660,DR08957,PR00001,SR06939,QC-02,Quay Crane,8.47,0.43,237,Operational
CRN02661,DR03321,PR00002,SR06879,QC-05,Quay Crane,7.78,2.05,191,Maintenance
CRN02662,DR00745,PR00002,SR04060,QC-05,RTG Crane,9.6,2.26,203,Maintenance
CRN02663,DR03941,PR00001,SR00103,QC-04,Quay Crane,8.79,0.57,250,Operational
CRN02664,DR02979,PR00005,SR01384,QC-05,Quay Crane,6.22,2.0,134,Maintenance
CRN02665,DR02350,PR00002,SR09364,QC-03,Quay Crane,6.16,1.6,157,Maintenance
CRN02666,DR00414,PR00002,SR04381,QC-05,Quay Crane,7.02,1.82,167,Maintenance
CRN02667,DR01441,PR00002,SR03426,QC-07,Quay Crane,7.18,1.32,105,Inspection
CRN02668,DR09435,PR00003,SR04500,QC-01,RTG Crane,6.18,0.34,161,Operational
CRN02669,DR04612,PR00003,SR08583,QC-04,Quay Crane,5.72,0.9,140,Operational
CRN02670,DR00682,PR00004,SR03998,QC-01,Quay Crane,6.86,0.4,208,Operational
CRN02671,DR03721,PR00004,SR06529,QC-05,Quay Crane,6.2,1.92,180,Maintenance
CRN02672,DR06774,PR00003,SR09107,QC-02,Quay Crane,7.28,0.96,209,Operational
CRN02673,DR00821,PR00003,SR09328,QC-08,Quay Crane,3.76,0.68,85,Operational
CRN02674,DR04087,PR00002,SR04819,QC-08,Quay Crane,8.83,0.83,253,Operational
CRN02675,DR09209,PR00005,SR06242,QC-03,RTG Crane,6.7,1.04,164,Inspection
CRN02676,DR00397,PR00002,SR00025,QC-04,RTG Crane,7.67,0.83,210,Operational
CRN02677,DR05152,PR00006,SR08118,QC-03,Quay Crane,3.61,1.3,124,Inspection
CRN02678,DR07549,PR00004,SR03408,QC-01,Quay Crane,7.32,0.55,208,Operational
CRN02679,DR02786,PR00004,SR09007,QC-02,Quay Crane,6.98,0.8,250,Operational
CRN02680,DR07886,PR00003,SR06068,QC-08,Quay Crane,7.11,0.57,223,Operational
CRN02681,DR09034,PR00007,SR02010,QC-05,Quay Crane,7.49,2.21,161,Maintenance
CRN02682,DR02672,PR00003,SR09496,QC-07,Quay Crane,6.35,1.35,154,Inspection
CRN02683,DR09091,PR00003,SR02549,QC-01,RTG Crane,7.76,0.05,205,Operational
CRN02684,DR02839,PR00006,SR05995,QC-06,Quay Crane,3.17,1.14,69,Inspection
CRN02685,DR09585,PR00004,SR01779,QC-04,RTG Crane,7.61,0.83,214,Operational
CRN02686,DR00329,PR00003,SR08160,QC-04,RTG Crane,7.47,0.52,171,Operational
CRN02687,DR04694,PR00002,SR01872,QC-07,Quay Crane,9.51,1.29,242,Inspection
CRN02688,DR06146,PR00002,SR07421,QC-01,Quay Crane,7.62,0.54,193,Operational
CRN02689,DR03446,PR00006,SR07433,QC-04,RTG Crane,3.73,0.75,91,Operational
CRN02690,DR05594,PR00002,SR06061,QC-07,Quay Crane,6.49,1.0,220,Operational
CRN02691,DR06388,PR00001,SR08492,QC-01,Quay Crane,6.51,0.2,164,Operational
CRN02692,DR06660,PR00001,SR01429,QC-06,Quay Crane,7.05,1.28,151,Inspection
CRN02693,DR08675,PR00007,SR06571,QC-08,RTG Crane,6.69,0.5,217,Operational
CRN02694,DR00517,PR00004,SR07509,QC-03,Quay Crane,7.3,1.18,203,Inspection
CRN02695,DR06431,PR00003,SR05336,QC-01,RTG Crane,5.77,0.68,203,Operational
CRN02696,DR06292,PR00007,SR01012,QC-08,Quay Crane,9.59,0.51,240,Operational
CRN02697,DR08981,PR00002,SR00089,QC-02,RTG Crane,7.02,0.88,188,Operational
CRN02698,DR02572,PR00006,SR04015,QC-06,Quay Crane,10.0,0.76,278,Operational
CRN02699,DR02416,PR00005,SR09652,QC-06,Quay Crane,5.18,1.07,153,Inspection
CRN02700,DR03574,PR00003,SR02865,QC-07,Quay Crane,6.57,1.45,204,Inspection
CRN02701,DR00200,PR00005,SR08957,QC-06,Quay Crane,8.31,1.0,203,Operational
CRN02702,DR08765,PR00007,SR07728,QC-03,Quay Crane,4.97,1.09,120,Inspection
CRN02703,DR00568,PR00002,SR03658,QC-02,RTG Crane,9.02,0.92,205,Operational
CRN02704,DR06624,PR00001,SR04870,QC-06,Quay Crane,7.42,0.77,188,Operational
CRN02705,DR04745,PR00006,SR03608,QC-06,RTG Crane,7.4,1.01,306,Inspection
CRN02706,DR03918,PR00003,SR09848,QC-02,Quay Crane,9.17,0.34,238,Operational
CRN02707,DR03079,PR00004,SR07215,QC-02,Quay Crane,6.51,1.05,159,Inspection
CRN02708,DR08653,PR00002,SR06402,QC-07,Quay Crane,6.35,1.27,202,Inspection
CRN02709,DR00810,PR00006,SR06992,QC-08,Quay Crane,6.59,0.67,203,Operational
CRN02710,DR08091,PR00005,SR03939,QC-08,Quay Crane,6.73,0.87,159,Operational
CRN02711,DR08846,PR00007,SR06860,QC-07,Quay Crane,5.32,0.78,151,Operational
CRN02712,DR00286,PR00003,SR09525,QC-01,Quay Crane,7.78,0.35,264,Operational
CRN02713,DR05239,PR00007,SR08684,QC-07,RTG Crane,6.67,1.1,235,Inspection
CRN02714,DR04707,PR00003,SR03194,QC-05,Quay Crane,6.91,1.28,207,Inspection
CRN02715,DR02357,PR00004,SR00702,QC-05,Quay Crane,6.94,1.91,149,Maintenance
CRN02716,DR03339,PR00005,SR00937,QC-01,Quay Crane,8.41,0.28,232,Operational
CRN02717,DR06452,PR00003,SR05766,QC-02,Quay Crane,7.67,1.13,195,Inspection
CRN02718,DR06542,PR00004,SR03268,QC-02,Quay Crane,7.9,0.6,265,Operational
CRN02719,DR09958,PR00002,SR09218,QC-01,Quay Crane,6.95,0.83,158,Operational
CRN02720,DR02536,PR00003,SR09313,QC-04,RTG Crane,7.94,0.45,186,Operational
CRN02721,DR03681,PR00005,SR06837,QC-08,RTG Crane,10.0,0.91,235,Operational
CRN02722,DR05363,PR00001,SR09446,QC-08,Quay Crane,8.97,0.56,202,Operational
CRN02723,DR07147,PR00005,SR00684,QC-07,RTG Crane,5.79,1.03,151,Inspection
CRN02724,DR07858,PR00002,SR02149,QC-05,Quay Crane,8.91,2.3,208,Maintenance
CRN02725,DR02333,PR00002,SR02366,QC-06,Quay Crane,7.89,1.19,159,Inspection
CRN02726,DR04969,PR00005,SR05837,QC-08,RTG Crane,7.24,0.58,172,Operational
CRN02727,DR04079,PR00002,SR09418,QC-05,Quay Crane,8.42,1.43,227,Inspection
CRN02728,DR06828,PR00007,SR09818,QC-01,Quay Crane,8.2,0.31,240,Operational
CRN02729,DR08859,PR00007,SR04732,QC-05,RTG Crane,7.51,1.88,163,Maintenance
CRN02730,DR03775,PR00003,SR02720,QC-01,RTG Crane,6.66,0.4,143,Operational
CRN02731,DR05819,PR00003,SR08169,QC-07,Quay Crane,6.08,0.96,196,Operational
CRN02732,DR08334,PR00001,SR08848,QC-07,Quay Crane,8.45,1.16,206,Inspection
CRN02733,DR02448,PR00005,SR04076,QC-05,Quay Crane,7.72,2.07,252,Maintenance
CRN02734,DR01425,PR00001,SR09213,QC-02,Quay Crane,6.81,1.27,183,Inspection
CRN02735,DR01233,PR00007,SR07763,QC-04,Quay Crane,7.17,0.47,136,Operational
CRN02736,DR06964,PR00007,SR02144,QC-07,Quay Crane,6.65,1.04,152,Inspection
CRN02737,DR09243,PR00001,SR06188,QC-06,Quay Crane,5.67,1.22,144,Inspection
CRN02738,DR06999,PR00005,SR02452,QC-02,Quay Crane,9.05,0.56,267,Operational
CRN02739,DR02453,PR00003,SR01958,QC-01,Quay Crane,7.4,0.42,166,Operational
CRN02740,DR00022,PR00004,SR00691,QC-07,Quay Crane,4.37,1.24,104,Inspection
CRN02741,DR08849,PR00001,SR07179,QC-05,RTG Crane,8.34,2.13,185,Maintenance
CRN02742,DR03309,PR00005,SR02759,QC-02,Quay Crane,7.66,0.43,230,Operational
CRN02743,DR07798,PR00001,SR08410,QC-06,Quay Crane,8.04,0.9,176,Operational
CRN02744,DR07207,PR00006,SR03810,QC-04,Quay Crane,8.81,0.44,241,Operational
CRN02745,DR05046,PR00003,SR03102,QC-07,RTG Crane,6.97,1.49,166,Inspection
CRN02746,DR00332,PR00004,SR05578,QC-03,Quay Crane,7.43,1.45,198,Inspection
CRN02747,DR09726,PR00007,SR06916,QC-08,Quay Crane,5.22,0.57,128,Operational
CRN02748,DR01011,PR00005,SR03194,QC-06,Quay Crane,6.41,0.89,134,Operational
CRN02749,DR03863,PR00004,SR06417,QC-08,Quay Crane,8.61,0.74,223,Operational
CRN02750,DR04862,PR00003,SR06273,QC-06,Quay Crane,7.15,0.77,150,Operational
CRN02751,DR06725,PR00003,SR04767,QC-08,Quay Crane,6.64,0.55,146,Operational
CRN02752,DR02042,PR00002,SR09371,QC-08,Quay Crane,7.61,0.51,202,Operational
CRN02753,DR02700,PR00007,SR08230,QC-01,Quay Crane,5.85,0.54,99,Operational
CRN02754,DR05975,PR00002,SR03980,QC-08,Quay Crane,6.37,0.88,194,Operational
CRN02755,DR03130,PR00003,SR07427,QC-03,Quay Crane,8.39,1.15,229,Inspection
CRN02756,DR03406,PR00005,SR03504,QC-06,Quay Crane,4.64,1.11,174,Inspection
CRN02757,DR05491,PR00003,SR08056,QC-05,Quay Crane,6.43,1.9,222,Maintenance
CRN02758,DR08002,PR00006,SR08485,QC-05,Quay Crane,7.36,1.8,151,Maintenance
CRN02759,DR01174,PR00002,SR02944,QC-03,Quay Crane,7.8,1.52,222,Inspection
CRN02760,DR06817,PR00001,SR03713,QC-03,Quay Crane,5.93,1.35,155,Inspection
CRN02761,DR05233,PR00004,SR06280,QC-03,Quay Crane,7.95,1.45,238,Inspection
CRN02762,DR04857,PR00003,SR04540,QC-06,Quay Crane,7.26,1.23,178,Inspection
CRN02763,DR04297,PR00007,SR00249,QC-08,RTG Crane,9.07,0.51,237,Operational
CRN02764,DR04880,PR00003,SR06873,QC-04,Quay Crane,8.17,0.58,217,Operational
CRN02765,DR06974,PR00001,SR02812,QC-07,RTG Crane,6.84,1.33,182,Inspection
CRN02766,DR05462,PR00002,SR02377,QC-01,Quay Crane,8.85,0.53,237,Operational
CRN02767,DR00787,PR00003,SR07196,QC-07,Quay Crane,7.26,1.44,203,Inspection
CRN02768,DR01805,PR00004,SR06389,QC-02,RTG Crane,7.83,1.33,186,Inspection
CRN02769,DR08728,PR00002,SR01041,QC-07,RTG Crane,6.36,1.58,113,Maintenance
CRN02770,DR02434,PR00004,SR06832,QC-05,RTG Crane,5.81,1.61,130,Maintenance
CRN02771,DR07819,PR00007,SR06837,QC-01,Quay Crane,4.94,0.72,113,Operational
CRN02772,DR05524,PR00003,SR03674,QC-06,Quay Crane,6.38,0.5,238,Operational
CRN02773,DR07004,PR00004,SR09467,QC-08,Quay Crane,7.2,0.7,192,Operational
CRN02774,DR04029,PR00002,SR01886,QC-07,Quay Crane,6.3,1.14,187,Inspection
CRN02775,DR00639,PR00006,SR06668,QC-03,RTG Crane,7.58,1.46,191,Inspection
CRN02776,DR01084,PR00002,SR01896,QC-07,Quay Crane,6.93,1.19,145,Inspection
CRN02777,DR02553,PR00004,SR06533,QC-08,Quay Crane,7.21,0.5,164,Operational
CRN02778,DR01338,PR00002,SR03457,QC-05,Quay Crane,9.0,1.89,241,Maintenance
CRN02779,DR01613,PR00001,SR07836,QC-07,Quay Crane,9.39,1.48,272,Inspection
CRN02780,DR03546,PR00002,SR08623,QC-06,Quay Crane,5.0,1.51,143,Inspection
CRN02781,DR09472,PR00002,SR02913,QC-01,Quay Crane,5.52,0.87,153,Operational
CRN02782,DR03701,PR00006,SR06987,QC-01,Quay Crane,7.45,0.75,217,Operational
CRN02783,DR04728,PR00002,SR06714,QC-04,Quay Crane,6.62,0.92,189,Operational
CRN02784,DR08562,PR00007,SR05911,QC-03,Quay Crane,4.98,1.31,136,Inspection
CRN02785,DR07004,PR00003,SR09353,QC-08,RTG Crane,7.78,0.6,226,Operational
CRN02786,DR08709,PR00002,SR01978,QC-01,Quay Crane,5.55,0.73,155,Operational
CRN02787,DR04600,PR00003,SR05788,QC-08,RTG Crane,8.19,0.21,211,Operational
CRN02788,DR06475,PR00001,SR03235,QC-06,RTG Crane,8.65,1.05,232,Inspection
CRN02789,DR08739,PR00006,SR02687,QC-08,Quay Crane,8.9,0.58,307,Operational
CRN02790,DR07498,PR00001,SR00951,QC-01,Quay Crane,6.13,0.49,180,Operational
CRN02791,DR03292,PR00006,SR06518,QC-03,Quay Crane,7.24,1.08,226,Inspection
CRN02792,DR09940,PR00001,SR01887,QC-02,Quay Crane,8.86,0.87,225,Operational
CRN02793,DR04718,PR00002,SR09871,QC-08,Quay Crane,4.06,0.44,104,Operational
CRN02794,DR01316,PR00001,SR06631,QC-08,Quay Crane,5.51,0.67,117,Operational
CRN02795,DR01666,PR00005,SR00057,QC-06,Quay Crane,8.0,0.97,195,Operational
CRN02796,DR07944,PR00003,SR04154,QC-05,Quay Crane,9.48,1.69,268,Maintenance
CRN02797,DR09032,PR00007,SR02017,QC-02,Quay Crane,3.52,1.09,53,Inspection
CRN02798,DR04321,PR00003,SR06697,QC-06,Quay Crane,5.47,0.89,198,Operational
CRN02799,DR00524,PR00001,SR09093,QC-06,Quay Crane,6.68,1.08,181,Inspection
CRN02800,DR07965,PR00005,SR02912,QC-08,RTG Crane,7.37,0.36,254,Operational
CRN02801,DR01937,PR00004,SR01423,QC-02,RTG Crane,10.0,0.76,309,Operational
CRN02802,DR00642,PR00006,SR03754,QC-06,Quay Crane,8.68,0.71,242,Operational
CRN02803,DR06062,PR00003,SR01011,QC-02,Quay Crane,7.88,0.83,185,Operational
CRN02804,DR01425,PR00005,SR06716,QC-08,RTG Crane,5.08,0.7,122,Operational
CRN02805,DR07234,PR00001,SR07397,QC-08,Quay Crane,7.21,0.7,194,Operational
CRN02806,DR06794,PR00007,SR04018,QC-03,Quay Crane,8.44,1.77,215,Maintenance
CRN02807,DR05371,PR00001,SR01525,QC-04,Quay Crane,5.52,0.92,152,Operational
CRN02808,DR08322,PR00006,SR04534,QC-04,Quay Crane,6.59,0.33,239,Operational
CRN02809,DR00780,PR00002,SR00697,QC-02,Quay Crane,6.98,1.02,170,Inspection
CRN02810,DR06386,PR00006,SR08711,QC-03,Quay Crane,6.19,1.17,132,Inspection
CRN02811,DR02904,PR00006,SR08067,QC-06,Quay Crane,8.27,1.14,234,Inspection
CRN02812,DR02213,PR00006,SR07118,QC-04,Quay Crane,8.51,0.28,245,Operational
CRN02813,DR05182,PR00003,SR03884,QC-06,Quay Crane,5.95,0.9,128,Operational
CRN02814,DR09528,PR00003,SR07254,QC-07,Quay Crane,5.62,1.29,177,Inspection
CRN02815,DR09609,PR00006,SR07932,QC-03,Quay Crane,7.09,1.11,135,Inspection
CRN02816,DR07000,PR00004,SR00560,QC-07,RTG Crane,7.72,1.53,231,Inspection
CRN02817,DR04266,PR00004,SR03074,QC-07,Quay Crane,10.0,1.7,298,Maintenance
CRN02818,DR04678,PR00002,SR03349,QC-02,Quay Crane,7.23,0.8,256,Operational
CRN02819,DR01655,PR00003,SR07733,QC-01,RTG Crane,6.65,0.75,169,Operational
CRN02820,DR09729,PR00003,SR01452,QC-07,Quay Crane,6.03,1.42,158,Inspection
CRN02821,DR00270,PR00004,SR05716,QC-07,RTG Crane,7.46,1.05,203,Inspection
CRN02822,DR02549,PR00001,SR04917,QC-01,Quay Crane,6.8,0.39,168,Operational
CRN02823,DR04772,PR00003,SR06579,QC-02,Quay Crane,8.37,0.91,231,Operational
CRN02824,DR05836,PR00006,SR00101,QC-03,Quay Crane,7.52,1.72,205,Maintenance
CRN02825,DR04732,PR00004,SR04506,QC-08,Quay Crane,7.06,0.87,200,Operational
CRN02826,DR00708,PR00006,SR09068,QC-01,Quay Crane,5.8,0.18,187,Operational
CRN02827,DR06758,PR00002,SR08040,QC-08,Quay Crane,7.85,0.92,232,Operational
CRN02828,DR03531,PR00003,SR03184,QC-03,Quay Crane,6.97,1.64,176,Maintenance
CRN02829,DR02824,PR00003,SR00026,QC-04,RTG Crane,8.23,0.05,184,Operational
CRN02830,DR03667,PR00003,SR02752,QC-01,Quay Crane,5.05,0.74,182,Operational
CRN02831,DR07345,PR00005,SR00957,QC-01,RTG Crane,7.66,0.56,174,Operational
CRN02832,DR00283,PR00001,SR06345,QC-02,Quay Crane,8.34,1.15,232,Inspection
CRN02833,DR00311,PR00003,SR08484,QC-08,Quay Crane,7.27,0.87,151,Operational
CRN02834,DR06726,PR00001,SR08774,QC-08,RTG Crane,8.46,0.76,215,Operational
CRN02835,DR03028,PR00004,SR09174,QC-02,Quay Crane,7.82,0.87,215,Operational
CRN02836,DR06153,PR00006,SR00687,QC-08,Quay Crane,6.28,0.71,177,Operational
CRN02837,DR04064,PR00001,SR06440,QC-01,RTG Crane,5.47,0.17,119,Operational
CRN02838,DR07839,PR00003,SR07806,QC-04,Quay Crane,8.68,0.3,287,Operational
CRN02839,DR04829,PR00003,SR03874,QC-05,Quay Crane,6.35,2.0,144,Maintenance
CRN02840,DR01130,PR00005,SR02681,QC-02,Quay Crane,7.01,0.85,221,Operational
CRN02841,DR03238,PR00001,SR08986,QC-05,Quay Crane,6.4,2.01,146,Maintenance
CRN02842,DR04703,PR00003,SR05216,QC-04,Quay Crane,8.79,0.59,231,Operational
CRN02843,DR08166,PR00006,SR01893,QC-08,Quay Crane,3.8,0.44,166,Operational
CRN02844,DR00538,PR00003,SR03619,QC-02,Quay Crane,8.54,0.7,237,Operational
CRN02845,DR01182,PR00005,SR08835,QC-08,Quay Crane,6.39,0.42,119,Operational
CRN02846,DR01872,PR00003,SR04618,QC-04,Quay Crane,10.0,0.97,273,Operational
CRN02847,DR01920,PR00007,SR00493,QC-08,Quay Crane,8.57,0.8,230,Operational
CRN02848,DR04719,PR00001,SR03567,QC-05,Quay Crane,5.99,1.99,134,Maintenance
CRN02849,DR01302,PR00001,SR06336,QC-04,RTG Crane,9.54,1.06,219,Inspection
CRN02850,DR04710,PR00003,SR04427,QC-01,Quay Crane,6.24,0.36,151,Operational
CRN02851,DR01391,PR00003,SR08780,QC-06,Quay Crane,8.08,0.63,271,Operational
CRN02852,DR08942,PR00004,SR04036,QC-02,Quay Crane,7.88,0.76,195,Operational
CRN02853,DR03265,PR00002,SR03173,QC-07,Quay Crane,10.0,1.3,275,Inspection
CRN02854,DR07889,PR00002,SR09215,QC-06,RTG Crane,5.78,0.78,137,Operational
CRN02855,DR09428,PR00005,SR05429,QC-07,Quay Crane,3.61,0.93,56,Operational
CRN02856,DR01579,PR00002,SR01094,QC-04,Quay Crane,5.44,0.49,131,Operational
CRN02857,DR06546,PR00005,SR08405,QC-05,Quay Crane,7.22,2.06,206,Maintenance
CRN02858,DR03982,PR00004,SR07272,QC-04,RTG Crane,5.61,0.85,180,Operational
CRN02859,DR08483,PR00001,SR07750,QC-05,Quay Crane,5.1,2.2,108,Maintenance
CRN02860,DR04537,PR00005,SR05936,QC-04,Quay Crane,6.7,1.06,163,Inspection
CRN02861,DR08145,PR00006,SR02652,QC-06,Quay Crane,8.6,1.02,299,Inspection
CRN02862,DR09080,PR00006,SR03487,QC-05,RTG Crane,2.85,1.38,81,Inspection
CRN02863,DR02464,PR00001,SR03905,QC-02,Quay Crane,7.46,0.89,232,Operational
CRN02864,DR01655,PR00003,SR04770,QC-08,Quay Crane,7.45,0.64,222,Operational
CRN02865,DR07191,PR00007,SR09615,QC-03,Quay Crane,8.39,1.42,266,Inspection
CRN02866,DR07313,PR00004,SR04589,QC-06,Quay Crane,5.62,0.79,148,Operational
CRN02867,DR03260,PR00002,SR02265,QC-04,Quay Crane,9.79,0.4,278,Operational
CRN02868,DR03183,PR00001,SR07477,QC-08,Quay Crane,7.48,0.69,193,Operational
CRN02869,DR02851,PR00005,SR02224,QC-06,Quay Crane,7.83,0.57,177,Operational
CRN02870,DR02534,PR00005,SR05068,QC-03,Quay Crane,6.41,1.59,152,Maintenance
CRN02871,DR09578,PR00007,SR04388,QC-05,Quay Crane,8.89,1.5,172,Inspection
CRN02872,DR01293,PR00007,SR06485,QC-08,Quay Crane,10.0,0.12,254,Operational
CRN02873,DR08308,PR00002,SR01010,QC-06,Quay Crane,6.72,1.05,190,Inspection
CRN02874,DR06111,PR00004,SR03757,QC-04,Quay Crane,7.59,0.61,246,Operational
CRN02875,DR08384,PR00001,SR03600,QC-03,Quay Crane,8.12,0.87,184,Operational
CRN02876,DR05850,PR00001,SR07767,QC-02,Quay Crane,9.33,0.64,278,Operational
CRN02877,DR06315,PR00001,SR05674,QC-04,RTG Crane,8.72,0.87,228,Operational
CRN02878,DR06522,PR00007,SR01096,QC-08,Quay Crane,7.98,0.68,213,Operational
CRN02879,DR04856,PR00001,SR09575,QC-06,Quay Crane,8.09,0.85,248,Operational
CRN02880,DR09515,PR00003,SR04698,QC-06,Quay Crane,8.54,0.94,246,Operational
CRN02881,DR00828,PR00003,SR07292,QC-05,Quay Crane,8.74,1.8,189,Maintenance
CRN02882,DR00884,PR00002,SR09805,QC-07,Quay Crane,8.79,0.91,230,Operational
CRN02883,DR09515,PR00003,SR03036,QC-08,Quay Crane,6.37,0.23,164,Operational
CRN02884,DR03682,PR00001,SR05354,QC-08,RTG Crane,10.0,0.57,299,Operational
CRN02885,DR02882,PR00003,SR03573,QC-02,Quay Crane,7.69,0.98,236,Operational
CRN02886,DR03881,PR00003,SR02498,QC-06,Quay Crane,8.04,0.87,236,Operational
CRN02887,DR02197,PR00006,SR09035,QC-05,Quay Crane,8.68,1.93,221,Maintenance
CRN02888,DR08056,PR00005,SR07736,QC-05,Quay Crane,8.09,2.12,177,Maintenance
CRN02889,DR09485,PR00006,SR08083,QC-05,Quay Crane,8.63,1.51,208,Inspection
CRN02890,DR07205,PR00003,SR07767,QC-08,Quay Crane,6.31,0.8,168,Operational
CRN02891,DR02743,PR00001,SR00103,QC-05,RTG Crane,7.32,1.45,200,Inspection
CRN02892,DR01322,PR00003,SR07501,QC-01,Quay Crane,7.25,1.09,184,Inspection
CRN02893,DR09136,PR00007,SR08845,QC-07,Quay Crane,8.66,1.07,271,Inspection
CRN02894,DR04497,PR00002,SR07790,QC-03,RTG Crane,7.37,1.62,216,Maintenance
CRN02895,DR07665,PR00001,SR00395,QC-01,Quay Crane,7.56,0.57,259,Operational
CRN02896,DR01965,PR00007,SR07416,QC-04,Quay Crane,7.62,0.45,174,Operational
CRN02897,DR02563,PR00007,SR00891,QC-07,Quay Crane,9.29,0.68,278,Operational
CRN02898,DR08165,PR00001,SR01592,QC-04,Quay Crane,3.22,0.77,118,Operational
CRN02899,DR00818,PR00005,SR03173,QC-01,Quay Crane,7.86,0.57,188,Operational
CRN02900,DR09755,PR00003,SR09286,QC-08,Quay Crane,6.66,0.69,189,Operational
CRN02901,DR04582,PR00003,SR06136,QC-07,Quay Crane,4.54,1.04,118,Inspection
CRN02902,DR09543,PR00003,SR07925,QC-03,Quay Crane,5.61,1.36,139,Inspection
CRN02903,DR02889,PR00007,SR03908,QC-06,Quay Crane,5.59,1.07,115,Inspection
CRN02904,DR01177,PR00001,SR07669,QC-08,Quay Crane,6.58,0.85,165,Operational
CRN02905,DR03964,PR00005,SR00349,QC-02,Quay Crane,5.96,0.82,139,Operational
CRN02906,DR06251,PR00001,SR02744,QC-08,RTG Crane,7.29,0.15,231,Operational
CRN02907,DR00750,PR00004,SR01058,QC-02,RTG Crane,8.38,0.78,272,Operational
CRN02908,DR07971,PR00004,SR07332,QC-02,RTG Crane,7.45,0.66,175,Operational
CRN02909,DR04937,PR00005,SR05763,QC-04,Quay Crane,6.17,0.76,189,Operational
CRN02910,DR05155,PR00007,SR04143,QC-01,Quay Crane,7.5,0.59,208,Operational
CRN02911,DR09987,PR00005,SR05020,QC-04,Quay Crane,8.14,0.86,230,Operational
CRN02912,DR09675,PR00005,SR06141,QC-03,Quay Crane,8.98,1.17,229,Inspection
CRN02913,DR05658,PR00002,SR00575,QC-01,RTG Crane,5.97,0.37,142,Operational
CRN02914,DR05594,PR00007,SR07039,QC-04,Quay Crane,9.76,0.95,308,Operational
CRN02915,DR02682,PR00003,SR00441,QC-05,Quay Crane,7.45,1.58,179,Maintenance
CRN02916,DR02309,PR00003,SR03420,QC-07,Quay Crane,7.42,1.16,222,Inspection
CRN02917,DR08881,PR00003,SR09596,QC-08,Quay Crane,6.15,0.62,189,Operational
CRN02918,DR01817,PR00003,SR01984,QC-08,RTG Crane,5.22,0.1,141,Operational
CRN02919,DR06533,PR00004,SR03176,QC-02,RTG Crane,5.09,0.83,153,Operational
CRN02920,DR00666,PR00002,SR01493,QC-07,Quay Crane,9.89,1.2,253,Inspection
CRN02921,DR05772,PR00002,SR00218,QC-06,Quay Crane,9.35,0.97,266,Operational
CRN02922,DR08075,PR00007,SR01421,QC-07,Quay Crane,8.14,0.96,167,Operational
CRN02923,DR05841,PR00007,SR09908,QC-02,Quay Crane,5.55,0.52,134,Operational
CRN02924,DR03737,PR00003,SR00074,QC-06,Quay Crane,7.05,0.61,194,Operational
CRN02925,DR05854,PR00007,SR08021,QC-06,Quay Crane,4.98,1.23,81,Inspection
CRN02926,DR00401,PR00003,SR02921,QC-04,Quay Crane,6.29,0.75,135,Operational
CRN02927,DR06000,PR00003,SR01871,QC-07,Quay Crane,4.83,1.02,79,Inspection
CRN02928,DR00510,PR00007,SR07182,QC-03,Quay Crane,6.59,1.05,192,Inspection
CRN02929,DR03859,PR00004,SR00376,QC-04,Quay Crane,6.67,0.37,144,Operational
CRN02930,DR00840,PR00005,SR03533,QC-04,Quay Crane,6.23,0.7,135,Operational
CRN02931,DR04711,PR00003,SR01027,QC-05,Quay Crane,5.81,1.82,129,Maintenance
CRN02932,DR07771,PR00003,SR00064,QC-01,RTG Crane,6.96,0.13,218,Operational
CRN02933,DR02235,PR00001,SR01238,QC-04,RTG Crane,7.99,0.4,135,Operational
CRN02934,DR04327,PR00007,SR00116,QC-01,Quay Crane,9.12,0.34,238,Operational
CRN02935,DR02406,PR00002,SR06495,QC-01,RTG Crane,6.15,0.75,197,Operational
CRN02936,DR00529,PR00003,SR01691,QC-07,Quay Crane,8.09,0.97,190,Operational
CRN02937,DR05714,PR00001,SR01019,QC-03,RTG Crane,8.06,1.32,221,Inspection
CRN02938,DR02521,PR00004,SR06837,QC-02,Quay Crane,7.73,1.05,222,Inspection
CRN02939,DR06095,PR00003,SR00631,QC-07,Quay Crane,8.51,1.43,177,Inspection
CRN02940,DR01497,PR00005,SR07562,QC-02,RTG Crane,7.42,0.97,188,Operational
CRN02941,DR00886,PR00003,SR00429,QC-03,Quay Crane,7.16,1.7,164,Maintenance
CRN02942,DR00862,PR00001,SR06150,QC-06,Quay Crane,8.08,1.0,221,Operational
CRN02943,DR02291,PR00001,SR02006,QC-08,Quay Crane,10.0,0.42,292,Operational
CRN02944,DR05135,PR00002,SR07735,QC-06,RTG Crane,4.89,1.35,132,Inspection
CRN02945,DR07498,PR00005,SR05293,QC-06,Quay Crane,7.45,1.07,216,Inspection
CRN02946,DR03812,PR00006,SR02186,QC-02,Quay Crane,6.54,0.62,151,Operational
CRN02947,DR06653,PR00002,SR07348,QC-06,Quay Crane,5.57,1.08,136,Inspection
CRN02948,DR05154,PR00003,SR03640,QC-08,Quay Crane,7.99,0.13,243,Operational
CRN02949,DR00727,PR00002,SR00223,QC-01,Quay Crane,6.71,0.58,197,Operational
CRN02950,DR04847,PR00006,SR02560,QC-03,Quay Crane,6.47,0.8,123,Operational
CRN02951,DR07630,PR00007,SR08417,QC-02,RTG Crane,7.68,0.61,217,Operational
CRN02952,DR06522,PR00005,SR08014,QC-01,Quay Crane,8.38,0.39,190,Operational
CRN02953,DR06070,PR00001,SR08549,QC-03,Quay Crane,5.56,1.06,108,Inspection
CRN02954,DR04394,PR00003,SR03194,QC-05,Quay Crane,7.51,1.84,223,Maintenance
CRN02955,DR09488,PR00007,SR06065,QC-03,Quay Crane,9.31,1.14,273,Inspection
CRN02956,DR04181,PR00002,SR00853,QC-06,Quay Crane,7.44,0.94,178,Operational
CRN02957,DR04443,PR00005,SR02578,QC-05,Quay Crane,7.03,2.13,179,Maintenance
CRN02958,DR05724,PR00007,SR08310,QC-01,Quay Crane,6.92,0.29,204,Operational
CRN02959,DR00797,PR00005,SR02037,QC-02,RTG Crane,4.18,0.98,81,Operational
CRN02960,DR06969,PR00004,SR00713,QC-02,Quay Crane,4.42,1.37,45,Inspection
CRN02961,DR09749,PR00003,SR03371,QC-05,Quay Crane,8.64,1.86,232,Maintenance
CRN02962,DR05770,PR00007,SR00643,QC-08,Quay Crane,10.0,0.21,322,Operational
CRN02963,DR04708,PR00003,SR09130,QC-05,RTG Crane,9.6,1.93,230,Maintenance
CRN02964,DR08575,PR00007,SR03069,QC-07,Quay Crane,10.0,1.13,267,Inspection
CRN02965,DR08937,PR00003,SR06886,QC-05,Quay Crane,6.73,2.19,198,Maintenance
CRN02966,DR03909,PR00005,SR03702,QC-04,Quay Crane,7.0,0.4,234,Operational
CRN02967,DR09554,PR00007,SR07972,QC-07,Quay Crane,5.41,1.14,152,Inspection
CRN02968,DR04326,PR00004,SR06055,QC-02,Quay Crane,5.62,0.74,135,Operational
CRN02969,DR04779,PR00002,SR01287,QC-02,Quay Crane,8.35,0.77,230,Operational
CRN02970,DR08546,PR00001,SR02036,QC-01,Quay Crane,6.16,0.39,158,Operational
CRN02971,DR09875,PR00006,SR09735,QC-05,Quay Crane,6.39,1.84,149,Maintenance
CRN02972,DR00941,PR00004,SR00457,QC-02,Quay Crane,6.74,1.0,196,Operational
CRN02973,DR09809,PR00002,SR08080,QC-01,Quay Crane,8.57,0.54,246,Operational
CRN02974,DR09316,PR00006,SR04660,QC-08,Quay Crane,7.22,0.77,207,Operational
CRN02975,DR08932,PR00007,SR08307,QC-01,Quay Crane,6.32,0.8,160,Operational
CRN02976,DR05932,PR00006,SR01987,QC-06,RTG Crane,7.23,0.85,237,Operational
CRN02977,DR09803,PR00004,SR01107,QC-07,Quay Crane,8.55,0.76,208,Operational
CRN02978,DR04264,PR00007,SR05336,QC-05,Quay Crane,6.29,1.74,106,Maintenance
CRN02979,DR05730,PR00006,SR00971,QC-08,Quay Crane,5.73,0.31,138,Operational
CRN02980,DR06905,PR00001,SR00340,QC-08,Quay Crane,5.82,0.87,166,Operational
CRN02981,DR06730,PR00007,SR02879,QC-07,Quay Crane,10.0,1.19,262,Inspection
CRN02982,DR00521,PR00004,SR05949,QC-08,Quay Crane,6.07,0.76,131,Operational
CRN02983,DR04299,PR00007,SR04161,QC-06,Quay Crane,7.23,1.09,231,Inspection
CRN02984,DR05741,PR00005,SR07854,QC-01,Quay Crane,4.37,0.82,54,Operational
CRN02985,DR05050,PR00004,SR07924,QC-03,Quay Crane,10.0,1.58,259,Maintenance
CRN02986,DR08514,PR00002,SR09757,QC-07,Quay Crane,6.32,0.92,165,Operational
CRN02987,DR00627,PR00001,SR05295,QC-05,Quay Crane,7.93,1.63,276,Maintenance
CRN02988,DR05558,PR00002,SR02979,QC-02,Quay Crane,7.06,0.8,217,Operational
CRN02989,DR05072,PR00005,SR07067,QC-07,RTG Crane,6.09,1.58,170,Maintenance
CRN02990,DR03953,PR00006,SR05444,QC-06,RTG Crane,8.23,0.59,291,Operational
CRN02991,DR02035,PR00001,SR07843,QC-02,Quay Crane,6.3,0.81,189,Operational
CRN02992,DR03174,PR00002,SR04885,QC-07,Quay Crane,8.65,1.36,256,Inspection
CRN02993,DR04719,PR00005,SR09109,QC-02,RTG Crane,10.0,0.72,258,Operational
CRN02994,DR01171,PR00002,SR08698,QC-03,RTG Crane,8.51,1.77,260,Maintenance
CRN02995,DR09783,PR00001,SR03911,QC-05,RTG Crane,5.94,1.66,120,Maintenance
CRN02996,DR05110,PR00001,SR07947,QC-04,Quay Crane,6.86,0.6,167,Operational
CRN02997,DR00539,PR00004,SR05340,QC-08,Quay Crane,4.68,0.77,173,Operational
CRN02998,DR08254,PR00004,SR09457,QC-02,Quay Crane,3.76,0.73,97,Operational
CRN02999,DR03882,PR00006,SR00696,QC-05,Quay Crane,5.23,1.97,132,Maintenance
CRN03000,DR00359,PR00002,SR05201,QC-02,Quay Crane,7.29,1.15,248,Inspection
CRN03001,DR04376,PR00001,SR05318,QC-02,Quay Crane,7.7,0.72,188,Operational
CRN03002,DR03538,PR00006,SR09648,QC-08,RTG Crane,7.68,0.05,216,Operational
CRN03003,DR05238,PR00007,SR08443,QC-05,Quay Crane,7.93,2.18,157,Maintenance
CRN03004,DR07957,PR00003,SR02261,QC-03,Quay Crane,7.43,1.68,216,Maintenance
CRN03005,DR05434,PR00006,SR00783,QC-06,Quay Crane,8.4,0.48,255,Operational
CRN03006,DR02770,PR00005,SR01537,QC-07,Quay Crane,7.47,1.17,208,Inspection
CRN03007,DR05374,PR00007,SR01881,QC-06,RTG Crane,6.06,0.96,137,Operational
CRN03008,DR01930,PR00003,SR03882,QC-01,Quay Crane,8.48,0.44,247,Operational
CRN03009,DR08570,PR00001,SR06726,QC-04,Quay Crane,5.52,0.78,125,Operational
CRN03010,DR08589,PR00001,SR05992,QC-06,Quay Crane,5.8,0.96,111,Operational
CRN03011,DR06267,PR00005,SR01304,QC-06,Quay Crane,10.0,0.92,301,Operational
CRN03012,DR00990,PR00006,SR01721,QC-08,Quay Crane,5.66,0.68,157,Operational
CRN03013,DR08011,PR00003,SR08923,QC-01,Quay Crane,8.49,1.01,217,Inspection
CRN03014,DR01724,PR00001,SR08737,QC-06,Quay Crane,8.06,0.73,237,Operational
CRN03015,DR08209,PR00001,SR05276,QC-05,Quay Crane,5.5,1.65,100,Maintenance
CRN03016,DR09519,PR00004,SR09339,QC-01,Quay Crane,10.0,0.76,301,Operational
CRN03017,DR01222,PR00007,SR09685,QC-01,Quay Crane,6.8,0.74,202,Operational
CRN03018,DR01062,PR00003,SR02850,QC-07,Quay Crane,6.61,0.91,131,Operational
CRN03019,DR08870,PR00004,SR01574,QC-01,RTG Crane,6.68,0.36,220,Operational
CRN03020,DR07283,PR00004,SR07599,QC-06,Quay Crane,7.9,0.83,285,Operational
CRN03021,DR01281,PR00006,SR02835,QC-04,Quay Crane,6.16,0.55,210,Operational
CRN03022,DR08278,PR00006,SR01449,QC-08,Quay Crane,5.08,0.34,178,Operational
CRN03023,DR02172,PR00001,SR08435,QC-05,Quay Crane,8.2,2.2,205,Maintenance
CRN03024,DR00006,PR00005,SR07733,QC-07,Quay Crane,5.32,1.01,83,Inspection
CRN03025,DR02867,PR00006,SR03897,QC-03,Quay Crane,5.02,1.42,123,Inspection
CRN03026,DR04079,PR00007,SR09070,QC-01,Quay Crane,6.24,0.54,165,Operational
CRN03027,DR02372,PR00004,SR02725,QC-07,RTG Crane,10.0,1.22,261,Inspection
CRN03028,DR05690,PR00001,SR01214,QC-08,RTG Crane,6.59,0.7,163,Operational
CRN03029,DR09664,PR00004,SR00725,QC-03,Quay Crane,9.7,1.19,270,Inspection
CRN03030,DR06999,PR00004,SR05742,QC-07,RTG Crane,7.02,1.21,166,Inspection
CRN03031,DR03304,PR00002,SR06772,QC-01,Quay Crane,7.32,0.05,180,Operational
CRN03032,DR04379,PR00007,SR02069,QC-03,Quay Crane,7.54,1.02,195,Inspection
CRN03033,DR04517,PR00002,SR06894,QC-01,Quay Crane,6.25,0.59,166,Operational
CRN03034,DR05351,PR00007,SR09860,QC-02,Quay Crane,7.24,0.74,180,Operational
CRN03035,DR06579,PR00003,SR06738,QC-06,Quay Crane,8.02,0.64,258,Operational
CRN03036,DR04410,PR00001,SR08989,QC-05,Quay Crane,7.51,1.74,207,Maintenance
CRN03037,DR09774,PR00004,SR03015,QC-08,Quay Crane,6.24,0.83,188,Operational
CRN03038,DR00856,PR00004,SR00201,QC-04,Quay Crane,8.62,1.21,258,Inspection
CRN03039,DR05601,PR00006,SR02674,QC-05,Quay Crane,4.3,1.47,93,Inspection
CRN03040,DR01874,PR00004,SR02998,QC-07,Quay Crane,8.16,0.9,272,Operational
CRN03041,DR01969,PR00001,SR04801,QC-03,Quay Crane,7.82,1.82,223,Maintenance
CRN03042,DR08640,PR00007,SR04135,QC-07,Quay Crane,7.32,1.15,209,Inspection
CRN03043,DR06008,PR00004,SR02552,QC-06,Quay Crane,8.94,1.1,204,Inspection
CRN03044,DR06180,PR00002,SR01995,QC-08,Quay Crane,7.78,0.67,184,Operational
CRN03045,DR01828,PR00006,SR05544,QC-07,Quay Crane,2.94,1.29,86,Inspection
CRN03046,DR02731,PR00001,SR05105,QC-05,Quay Crane,8.42,1.6,189,Maintenance
CRN03047,DR03239,PR00001,SR08810,QC-07,Quay Crane,7.22,1.21,176,Inspection
CRN03048,DR04028,PR00003,SR05725,QC-04,Quay Crane,7.39,0.63,206,Operational
CRN03049,DR06312,PR00004,SR00299,QC-02,Quay Crane,7.57,1.02,192,Inspection
CRN03050,DR08322,PR00003,SR05142,QC-02,Quay Crane,7.35,1.21,217,Inspection
CRN03051,DR02364,PR00007,SR07366,QC-04,Quay Crane,5.5,0.55,177,Operational
CRN03052,DR02739,PR00002,SR06100,QC-04,Quay Crane,6.3,0.79,137,Operational
CRN03053,DR09672,PR00007,SR01313,QC-08,RTG Crane,8.5,0.65,219,Operational
CRN03054,DR01251,PR00001,SR06110,QC-07,RTG Crane,7.16,1.3,179,Inspection
CRN03055,DR03910,PR00001,SR01250,QC-04,Quay Crane,7.46,0.79,194,Operational
CRN03056,DR07095,PR00001,SR00992,QC-01,RTG Crane,8.21,0.78,232,Operational
CRN03057,DR03911,PR00001,SR07295,QC-05,Quay Crane,6.86,1.71,99,Maintenance
CRN03058,DR07785,PR00003,SR07803,QC-06,Quay Crane,8.84,0.52,241,Operational
CRN03059,DR02927,PR00006,SR09280,QC-06,Quay Crane,7.54,0.77,130,Operational
CRN03060,DR03119,PR00006,SR04357,QC-03,Quay Crane,5.53,1.22,159,Inspection
CRN03061,DR06026,PR00005,SR03299,QC-05,Quay Crane,6.71,2.14,152,Maintenance
CRN03062,DR04467,PR00001,SR02099,QC-08,Quay Crane,6.61,0.81,182,Operational
CRN03063,DR05806,PR00006,SR05482,QC-05,Quay Crane,7.3,2.27,174,Maintenance
CRN03064,DR06101,PR00003,SR08315,QC-06,Quay Crane,5.58,0.94,175,Operational
CRN03065,DR04996,PR00005,SR08318,QC-01,Quay Crane,9.89,0.78,248,Operational
CRN03066,DR02344,PR00005,SR05420,QC-04,Quay Crane,8.44,0.71,221,Operational
CRN03067,DR02423,PR00001,SR07345,QC-05,RTG Crane,7.56,1.62,213,Maintenance
CRN03068,DR05110,PR00003,SR09768,QC-02,Quay Crane,7.35,0.58,263,Operational
CRN03069,DR02617,PR00007,SR08241,QC-08,Quay Crane,8.65,0.05,219,Operational
CRN03070,DR07178,PR00002,SR06763,QC-02,RTG Crane,4.91,0.94,161,Operational
CRN03071,DR01334,PR00005,SR07519,QC-06,Quay Crane,7.66,1.33,164,Inspection
CRN03072,DR05698,PR00007,SR07576,QC-06,RTG Crane,5.37,1.12,116,Inspection
CRN03073,DR09043,PR00003,SR08707,QC-06,RTG Crane,8.55,1.04,278,Inspection
CRN03074,DR07072,PR00003,SR01834,QC-01,Quay Crane,5.91,0.82,163,Operational
CRN03075,DR00789,PR00003,SR02852,QC-05,Quay Crane,7.66,1.61,199,Maintenance
CRN03076,DR03973,PR00006,SR02112,QC-06,RTG Crane,10.0,0.98,259,Operational
CRN03077,DR05437,PR00003,SR09925,QC-08,RTG Crane,8.88,0.55,226,Operational
CRN03078,DR01966,PR00003,SR00966,QC-05,Quay Crane,5.67,1.99,124,Maintenance
CRN03079,DR05383,PR00002,SR04720,QC-02,RTG Crane,7.54,0.71,240,Operational
CRN03080,DR04902,PR00007,SR05491,QC-08,Quay Crane,7.31,1.07,164,Inspection
CRN03081,DR04690,PR00006,SR08331,QC-06,Quay Crane,7.12,1.31,152,Inspection
CRN03082,DR02011,PR00004,SR04403,QC-08,Quay Crane,9.71,0.24,243,Operational
CRN03083,DR01750,PR00007,SR03155,QC-05,Quay Crane,7.11,2.38,165,Maintenance
CRN03084,DR07017,PR00005,SR02013,QC-08,Quay Crane,10.0,0.68,213,Operational
CRN03085,DR02911,PR00007,SR05473,QC-03,Quay Crane,6.24,1.38,129,Inspection
CRN03086,DR00656,PR00001,SR06046,QC-05,Quay Crane,7.32,2.0,194,Maintenance
CRN03087,DR00947,PR00002,SR00864,QC-03,Quay Crane,7.23,1.57,197,Maintenance
CRN03088,DR09352,PR00006,SR07669,QC-01,Quay Crane,7.63,0.22,250,Operational
CRN03089,DR08126,PR00003,SR05960,QC-08,Quay Crane,8.41,0.85,235,Operational
CRN03090,DR05410,PR00003,SR05376,QC-08,Quay Crane,9.17,0.53,270,Operational
CRN03091,DR02894,PR00005,SR05736,QC-01,Quay Crane,7.06,1.1,224,Inspection
CRN03092,DR01294,PR00004,SR08549,QC-06,Quay Crane,6.92,0.4,178,Operational
CRN03093,DR02748,PR00002,SR02803,QC-04,RTG Crane,7.11,0.64,224,Operational
CRN03094,DR07512,PR00003,SR05564,QC-02,RTG Crane,8.61,0.65,251,Operational
CRN03095,DR07070,PR00003,SR01440,QC-06,RTG Crane,5.37,1.0,134,Operational
CRN03096,DR00116,PR00001,SR04566,QC-05,Quay Crane,6.53,1.79,189,Maintenance
CRN03097,DR07296,PR00002,SR08898,QC-01,Quay Crane,9.92,0.43,230,Operational
CRN03098,DR09849,PR00003,SR05013,QC-04,Quay Crane,4.04,0.28,108,Operational
CRN03099,DR06632,PR00006,SR04104,QC-04,RTG Crane,8.56,0.59,230,Operational
CRN03100,DR08112,PR00003,SR02168,QC-06,Quay Crane,8.99,1.14,268,Inspection
CRN03101,DR05621,PR00003,SR01590,QC-03,Quay Crane,8.64,1.45,229,Inspection
CRN03102,DR02578,PR00004,SR01828,QC-06,Quay Crane,6.44,0.91,184,Operational
CRN03103,DR07799,PR00001,SR05202,QC-01,Quay Crane,8.75,0.38,269,Operational
CRN03104,DR05272,PR00003,SR06468,QC-08,Quay Crane,8.12,0.44,222,Operational
CRN03105,DR06157,PR00002,SR05021,QC-02,Quay Crane,8.07,0.58,169,Operational
CRN03106,DR07141,PR00004,SR03743,QC-07,Quay Crane,5.56,1.08,148,Inspection
CRN03107,DR02519,PR00001,SR05415,QC-04,Quay Crane,6.8,0.78,149,Operational
CRN03108,DR03819,PR00003,SR04577,QC-04,Quay Crane,7.34,0.76,202,Operational
CRN03109,DR01844,PR00004,SR07612,QC-08,RTG Crane,10.0,0.45,281,Operational
CRN03110,DR01786,PR00006,SR02945,QC-05,Quay Crane,5.37,1.52,174,Inspection
CRN03111,DR09617,PR00005,SR09856,QC-07,Quay Crane,7.08,1.58,183,Maintenance
CRN03112,DR02809,PR00007,SR08140,QC-07,Quay Crane,7.8,1.08,201,Inspection
CRN03113,DR07875,PR00005,SR05245,QC-07,Quay Crane,7.25,0.97,175,Operational
CRN03114,DR07171,PR00002,SR05723,QC-01,Quay Crane,7.45,0.59,209,Operational
CRN03115,DR06681,PR00002,SR05451,QC-05,Quay Crane,4.76,1.75,150,Maintenance
CRN03116,DR08239,PR00001,SR06290,QC-08,Quay Crane,7.62,0.92,171,Operational
CRN03117,DR06176,PR00002,SR07478,QC-06,Quay Crane,5.6,0.76,165,Operational
CRN03118,DR00757,PR00001,SR04337,QC-02,Quay Crane,7.12,0.54,181,Operational
CRN03119,DR07923,PR00003,SR09302,QC-04,Quay Crane,7.09,0.69,185,Operational
CRN03120,DR00533,PR00005,SR07237,QC-03,Quay Crane,9.22,1.31,222,Inspection
CRN03121,DR02223,PR00005,SR09860,QC-03,RTG Crane,3.64,1.19,59,Inspection
CRN03122,DR05804,PR00002,SR02626,QC-04,RTG Crane,4.04,0.59,113,Operational
CRN03123,DR04473,PR00003,SR07554,QC-02,RTG Crane,6.25,0.95,170,Operational
CRN03124,DR04852,PR00002,SR07726,QC-06,RTG Crane,8.55,1.24,222,Inspection
CRN03125,DR03056,PR00003,SR08969,QC-03,Quay Crane,7.67,1.04,217,Inspection
CRN03126,DR09645,PR00003,SR02049,QC-01,Quay Crane,7.18,0.48,157,Operational
CRN03127,DR07555,PR00002,SR04157,QC-02,Quay Crane,9.25,0.98,256,Operational
CRN03128,DR04329,PR00002,SR09942,QC-08,Quay Crane,5.98,0.86,175,Operational
CRN03129,DR04482,PR00007,SR04984,QC-07,Quay Crane,6.35,1.51,141,Inspection
CRN03130,DR00437,PR00003,SR05227,QC-04,Quay Crane,8.02,0.36,225,Operational
CRN03131,DR08849,PR00004,SR04015,QC-07,Quay Crane,7.73,1.14,229,Inspection
CRN03132,DR03426,PR00001,SR05253,QC-03,Quay Crane,6.15,1.44,134,Inspection
CRN03133,DR00532,PR00001,SR09396,QC-03,Quay Crane,6.38,1.08,186,Inspection
CRN03134,DR00842,PR00002,SR02404,QC-05,Quay Crane,6.05,1.86,147,Maintenance
CRN03135,DR06840,PR00007,SR09970,QC-02,Quay Crane,5.27,0.4,159,Operational
CRN03136,DR05353,PR00001,SR02489,QC-07,Quay Crane,6.36,0.95,169,Operational
CRN03137,DR04874,PR00002,SR09291,QC-04,Quay Crane,4.18,0.27,79,Operational
CRN03138,DR04313,PR00007,SR00704,QC-01,Quay Crane,6.98,0.36,180,Operational
CRN03139,DR08758,PR00003,SR00394,QC-02,Quay Crane,6.92,0.13,191,Operational
CRN03140,DR01008,PR00002,SR00056,QC-05,RTG Crane,7.36,2.04,140,Maintenance
CRN03141,DR04657,PR00004,SR01621,QC-05,Quay Crane,9.08,1.9,301,Maintenance
CRN03142,DR08185,PR00003,SR07822,QC-07,Quay Crane,7.01,1.16,176,Inspection
CRN03143,DR01593,PR00007,SR09635,QC-04,RTG Crane,5.91,0.43,162,Operational
CRN03144,DR00815,PR00001,SR02686,QC-06,Quay Crane,6.81,0.41,177,Operational
CRN03145,DR02593,PR00006,SR07125,QC-02,Quay Crane,5.68,0.9,123,Operational
CRN03146,DR05804,PR00002,SR09647,QC-05,Quay Crane,7.91,1.59,213,Maintenance
CRN03147,DR00521,PR00006,SR01327,QC-03,Quay Crane,8.39,1.29,226,Inspection
CRN03148,DR03966,PR00006,SR06489,QC-07,Quay Crane,8.44,1.38,153,Inspection
CRN03149,DR05812,PR00006,SR06188,QC-08,RTG Crane,9.18,0.17,248,Operational
CRN03150,DR07819,PR00006,SR05616,QC-06,RTG Crane,4.82,0.97,132,Operational
CRN03151,DR01678,PR00005,SR09099,QC-06,Quay Crane,6.47,0.94,146,Operational
CRN03152,DR05940,PR00001,SR04151,QC-01,Quay Crane,10.0,1.43,221,Inspection
CRN03153,DR02005,PR00001,SR08376,QC-06,Quay Crane,8.73,0.81,267,Operational
CRN03154,DR04007,PR00002,SR09517,QC-05,Quay Crane,7.97,1.32,205,Inspection
CRN03155,DR06051,PR00003,SR02640,QC-01,Quay Crane,7.01,0.38,139,Operational
CRN03156,DR08169,PR00002,SR06957,QC-01,Quay Crane,9.06,0.11,265,Operational
CRN03157,DR09856,PR00005,SR03145,QC-03,Quay Crane,6.72,1.69,137,Maintenance
CRN03158,DR04859,PR00005,SR04690,QC-04,Quay Crane,6.37,1.09,214,Inspection
CRN03159,DR09700,PR00007,SR08748,QC-08,Quay Crane,7.58,0.55,192,Operational
CRN03160,DR01573,PR00003,SR00070,QC-02,Quay Crane,7.04,0.95,128,Operational
CRN03161,DR05108,PR00006,SR01384,QC-01,Quay Crane,6.17,0.59,204,Operational
CRN03162,DR09901,PR00005,SR08262,QC-06,Quay Crane,6.3,0.9,167,Operational
CRN03163,DR01984,PR00007,SR03152,QC-06,Quay Crane,8.74,0.63,219,Operational
CRN03164,DR03965,PR00005,SR06871,QC-07,Quay Crane,9.52,1.36,257,Inspection
CRN03165,DR03645,PR00002,SR08417,QC-07,Quay Crane,7.96,1.24,225,Inspection
CRN03166,DR01707,PR00001,SR09389,QC-05,Quay Crane,6.35,2.46,210,Maintenance
CRN03167,DR05535,PR00007,SR07919,QC-04,Quay Crane,7.0,0.68,171,Operational
CRN03168,DR04735,PR00005,SR00507,QC-01,Quay Crane,5.73,0.66,127,Operational
CRN03169,DR07362,PR00006,SR04699,QC-07,Quay Crane,5.41,1.25,223,Inspection
CRN03170,DR06768,PR00006,SR00656,QC-06,Quay Crane,7.54,0.82,166,Operational
CRN03171,DR03227,PR00005,SR09871,QC-07,Quay Crane,7.03,1.24,180,Inspection
CRN03172,DR08754,PR00005,SR06754,QC-08,Quay Crane,9.0,0.57,227,Operational
CRN03173,DR08713,PR00007,SR04779,QC-08,RTG Crane,8.42,0.31,205,Operational
CRN03174,DR00612,PR00007,SR08674,QC-02,Quay Crane,4.47,1.08,101,Inspection
CRN03175,DR09753,PR00003,SR04516,QC-07,RTG Crane,9.44,1.06,227,Inspection
CRN03176,DR07985,PR00001,SR09025,QC-06,Quay Crane,6.55,1.15,183,Inspection
CRN03177,DR02336,PR00001,SR02844,QC-08,Quay Crane,6.42,0.62,173,Operational
CRN03178,DR01198,PR00003,SR04684,QC-08,Quay Crane,6.88,0.71,175,Operational
CRN03179,DR07967,PR00006,SR06088,QC-03,RTG Crane,7.06,1.39,196,Inspection
CRN03180,DR07065,PR00006,SR05668,QC-04,Quay Crane,5.07,1.05,75,Inspection
CRN03181,DR01543,PR00003,SR00649,QC-02,Quay Crane,8.03,1.14,213,Inspection
CRN03182,DR08796,PR00002,SR01599,QC-01,Quay Crane,6.43,0.56,163,Operational
CRN03183,DR09243,PR00003,SR09406,QC-07,Quay Crane,5.5,1.43,137,Inspection
CRN03184,DR02225,PR00006,SR06638,QC-08,Quay Crane,8.73,0.65,252,Operational
CRN03185,DR09446,PR00004,SR06763,QC-01,RTG Crane,5.45,0.63,153,Operational
CRN03186,DR07338,PR00001,SR07538,QC-02,RTG Crane,7.74,1.31,237,Inspection
CRN03187,DR07404,PR00003,SR02525,QC-02,Quay Crane,6.51,0.77,166,Operational
CRN03188,DR02498,PR00004,SR08046,QC-03,RTG Crane,9.09,1.61,236,Maintenance
CRN03189,DR09071,PR00003,SR07842,QC-08,Quay Crane,8.17,0.75,231,Operational
CRN03190,DR02213,PR00006,SR05580,QC-04,RTG Crane,8.72,0.68,189,Operational
CRN03191,DR06140,PR00007,SR05229,QC-06,Quay Crane,4.21,1.01,148,Inspection
CRN03192,DR00940,PR00001,SR02655,QC-03,Quay Crane,6.33,1.41,179,Inspection
CRN03193,DR07181,PR00002,SR05875,QC-01,Quay Crane,6.89,0.62,171,Operational
CRN03194,DR00803,PR00003,SR05862,QC-04,Quay Crane,7.69,0.8,198,Operational
CRN03195,DR03884,PR00002,SR06749,QC-04,Quay Crane,9.06,0.74,274,Operational
CRN03196,DR05437,PR00003,SR05539,QC-04,Quay Crane,4.66,0.79,103,Operational
CRN03197,DR08730,PR00001,SR05701,QC-02,Quay Crane,7.59,1.07,231,Inspection
CRN03198,DR07143,PR00001,SR07880,QC-03,Quay Crane,5.88,1.61,182,Maintenance
CRN03199,DR04588,PR00006,SR06867,QC-01,Quay Crane,6.82,0.71,168,Operational
CRN03200,DR04261,PR00001,SR09736,QC-07,RTG Crane,5.58,1.63,113,Maintenance
CRN03201,DR07318,PR00006,SR04250,QC-05,Quay Crane,10.0,1.77,294,Maintenance
CRN03202,DR08008,PR00002,SR03971,QC-07,Quay Crane,8.29,0.93,243,Operational
CRN03203,DR06257,PR00002,SR07189,QC-07,Quay Crane,6.87,1.22,182,Inspection
CRN03204,DR05738,PR00001,SR03791,QC-06,RTG Crane,6.2,0.78,172,Operational
CRN03205,DR06934,PR00001,SR05246,QC-04,Quay Crane,8.25,1.03,211,Inspection
CRN03206,DR07381,PR00002,SR03034,QC-02,Quay Crane,6.87,0.15,195,Operational
CRN03207,DR01998,PR00006,SR03184,QC-04,RTG Crane,7.76,0.57,240,Operational
CRN03208,DR05896,PR00007,SR06049,QC-05,RTG Crane,7.67,1.39,232,Inspection
CRN03209,DR09344,PR00001,SR04996,QC-04,Quay Crane,6.48,0.75,202,Operational
CRN03210,DR09659,PR00001,SR00812,QC-07,Quay Crane,8.12,0.92,213,Operational
CRN03211,DR06476,PR00001,SR09550,QC-08,Quay Crane,6.22,0.63,133,Operational
CRN03212,DR06503,PR00005,SR08894,QC-08,Quay Crane,5.51,1.01,212,Inspection
CRN03213,DR00382,PR00002,SR06188,QC-04,Quay Crane,7.57,0.68,171,Operational
CRN03214,DR00757,PR00002,SR06230,QC-08,Quay Crane,8.72,0.88,243,Operational
CRN03215,DR04435,PR00006,SR01026,QC-04,RTG Crane,5.27,0.97,139,Operational
CRN03216,DR09166,PR00006,SR07415,QC-03,Quay Crane,10.0,1.58,319,Maintenance
CRN03217,DR02983,PR00005,SR03089,QC-07,Quay Crane,5.6,0.77,191,Operational
CRN03218,DR00901,PR00001,SR02720,QC-06,Quay Crane,7.65,1.31,135,Inspection
CRN03219,DR08489,PR00003,SR08848,QC-04,Quay Crane,10.0,0.63,222,Operational
CRN03220,DR03586,PR00002,SR05867,QC-03,Quay Crane,5.21,1.5,172,Inspection
CRN03221,DR00823,PR00005,SR07675,QC-01,Quay Crane,5.5,0.6,173,Operational
CRN03222,DR03093,PR00005,SR05914,QC-02,Quay Crane,9.25,0.62,231,Operational
CRN03223,DR03016,PR00001,SR04077,QC-01,Quay Crane,9.58,0.32,274,Operational
CRN03224,DR03691,PR00006,SR01365,QC-04,Quay Crane,4.64,1.27,109,Inspection
CRN03225,DR04689,PR00003,SR05584,QC-03,Quay Crane,6.08,1.09,151,Inspection
CRN03226,DR09826,PR00006,SR09438,QC-04,Quay Crane,6.5,0.71,190,Operational
CRN03227,DR09637,PR00001,SR04052,QC-05,Quay Crane,6.34,2.32,170,Maintenance
CRN03228,DR06831,PR00003,SR08325,QC-06,Quay Crane,7.79,0.82,202,Operational
CRN03229,DR04455,PR00001,SR04626,QC-04,RTG Crane,7.39,1.07,183,Inspection
CRN03230,DR01726,PR00005,SR09959,QC-07,Quay Crane,4.91,1.35,109,Inspection
CRN03231,DR03568,PR00001,SR08077,QC-02,RTG Crane,9.33,1.18,233,Inspection
CRN03232,DR00637,PR00002,SR05466,QC-01,Quay Crane,5.18,1.0,100,Operational
CRN03233,DR03978,PR00006,SR03784,QC-02,Quay Crane,8.1,0.83,249,Operational
CRN03234,DR09166,PR00005,SR08536,QC-01,RTG Crane,3.7,0.05,185,Operational
CRN03235,DR04596,PR00004,SR03417,QC-06,Quay Crane,5.66,0.45,151,Operational
CRN03236,DR08538,PR00005,SR05267,QC-04,Quay Crane,5.59,0.74,146,Operational
CRN03237,DR00401,PR00004,SR08656,QC-04,Quay Crane,10.0,0.53,330,Operational
CRN03238,DR03830,PR00004,SR03506,QC-01,Quay Crane,6.26,0.47,124,Operational
CRN03239,DR09130,PR00002,SR08590,QC-02,Quay Crane,7.82,1.04,189,Inspection
CRN03240,DR03224,PR00001,SR01909,QC-03,Quay Crane,8.37,0.94,235,Operational
CRN03241,DR01013,PR00003,SR09987,QC-05,RTG Crane,8.17,1.76,206,Maintenance
CRN03242,DR04231,PR00001,SR00687,QC-04,Quay Crane,6.45,0.25,157,Operational
CRN03243,DR06473,PR00003,SR01832,QC-04,Quay Crane,6.7,0.25,247,Operational
CRN03244,DR05391,PR00003,SR05714,QC-02,Quay Crane,8.21,1.04,248,Inspection
CRN03245,DR06422,PR00001,SR01735,QC-03,Quay Crane,7.48,1.44,209,Inspection
CRN03246,DR01383,PR00006,SR04692,QC-03,Quay Crane,9.69,0.92,292,Operational
CRN03247,DR05498,PR00005,SR05449,QC-04,Quay Crane,3.73,0.84,106,Operational
CRN03248,DR01713,PR00004,SR04944,QC-08,Quay Crane,8.86,0.05,274,Operational
CRN03249,DR05409,PR00007,SR07526,QC-08,Quay Crane,7.58,0.43,232,Operational
CRN03250,DR01144,PR00002,SR04956,QC-08,Quay Crane,9.92,0.94,213,Operational
CRN03251,DR03172,PR00002,SR00782,QC-08,RTG Crane,10.0,0.3,276,Operational
CRN03252,DR00350,PR00001,SR06969,QC-05,Quay Crane,7.1,1.93,179,Maintenance
CRN03253,DR07610,PR00004,SR01109,QC-04,Quay Crane,7.89,0.84,183,Operational
CRN03254,DR03536,PR00002,SR09762,QC-02,Quay Crane,6.64,0.67,160,Operational
CRN03255,DR06381,PR00006,SR07106,QC-06,Quay Crane,8.79,0.83,231,Operational
CRN03256,DR02896,PR00002,SR02927,QC-06,Quay Crane,8.83,0.7,237,Operational
CRN03257,DR02273,PR00003,SR07343,QC-04,Quay Crane,6.72,0.92,227,Operational
CRN03258,DR03072,PR00003,SR06540,QC-08,Quay Crane,8.37,0.43,259,Operational
CRN03259,DR03252,PR00002,SR01990,QC-01,RTG Crane,7.12,0.38,188,Operational
CRN03260,DR04517,PR00005,SR07476,QC-06,Quay Crane,5.95,0.7,194,Operational
CRN03261,DR01503,PR00005,SR06586,QC-02,Quay Crane,7.67,1.48,190,Inspection
CRN03262,DR07933,PR00005,SR00554,QC-07,RTG Crane,8.07,1.61,146,Maintenance
CRN03263,DR00828,PR00004,SR02506,QC-06,Quay Crane,8.16,1.06,211,Inspection
CRN03264,DR04756,PR00003,SR08109,QC-06,Quay Crane,5.89,1.01,191,Inspection
CRN03265,DR07141,PR00003,SR04414,QC-02,Quay Crane,6.91,1.18,236,Inspection
CRN03266,DR08332,PR00005,SR06450,QC-05,RTG Crane,4.79,1.67,122,Maintenance
CRN03267,DR08667,PR00003,SR00907,QC-06,RTG Crane,7.44,0.69,196,Operational
CRN03268,DR06403,PR00003,SR02794,QC-06,Quay Crane,7.36,1.24,192,Inspection
CRN03269,DR04150,PR00001,SR05475,QC-06,Quay Crane,5.1,1.43,114,Inspection
CRN03270,DR05750,PR00005,SR02229,QC-02,Quay Crane,5.06,0.66,131,Operational
CRN03271,DR04061,PR00001,SR03767,QC-06,Quay Crane,8.09,1.04,187,Inspection
CRN03272,DR09988,PR00007,SR03772,QC-08,Quay Crane,9.15,0.77,211,Operational
CRN03273,DR01227,PR00001,SR02399,QC-08,Quay Crane,5.96,0.67,154,Operational
CRN03274,DR06480,PR00003,SR04241,QC-03,Quay Crane,7.01,1.47,175,Inspection
CRN03275,DR00592,PR00002,SR06047,QC-04,Quay Crane,4.97,0.67,97,Operational
CRN03276,DR01119,PR00002,SR06020,QC-03,RTG Crane,8.56,0.71,234,Operational
CRN03277,DR03090,PR00002,SR07085,QC-07,Quay Crane,9.45,1.18,261,Inspection
CRN03278,DR01899,PR00005,SR08231,QC-04,Quay Crane,5.5,0.9,165,Operational
CRN03279,DR02760,PR00001,SR05933,QC-01,Quay Crane,5.09,0.68,64,Operational
CRN03280,DR01568,PR00002,SR02594,QC-06,RTG Crane,6.9,0.84,194,Operational
CRN03281,DR03519,PR00001,SR02840,QC-08,Quay Crane,7.51,0.88,231,Operational
CRN03282,DR05233,PR00002,SR03129,QC-06,RTG Crane,5.28,0.96,157,Operational
CRN03283,DR04056,PR00007,SR05081,QC-01,Quay Crane,5.37,0.65,160,Operational
CRN03284,DR00993,PR00003,SR09445,QC-02,Quay Crane,8.77,0.67,233,Operational
CRN03285,DR01748,PR00005,SR00729,QC-02,RTG Crane,4.68,0.72,102,Operational
CRN03286,DR08841,PR00003,SR00212,QC-04,Quay Crane,4.92,0.77,132,Operational
CRN03287,DR02848,PR00003,SR06425,QC-07,Quay Crane,6.96,1.21,198,Inspection
CRN03288,DR03919,PR00006,SR08193,QC-07,RTG Crane,9.99,1.12,284,Inspection
CRN03289,DR05636,PR00001,SR00478,QC-04,Quay Crane,6.43,0.58,218,Operational
CRN03290,DR01034,PR00006,SR09562,QC-05,Quay Crane,5.42,1.27,122,Inspection
CRN03291,DR08633,PR00003,SR04092,QC-07,RTG Crane,8.0,0.89,214,Operational
CRN03292,DR00546,PR00002,SR07495,QC-07,Quay Crane,8.89,1.17,239,Inspection
CRN03293,DR07319,PR00007,SR03852,QC-06,Quay Crane,9.25,0.92,217,Operational
CRN03294,DR05096,PR00002,SR08704,QC-01,Quay Crane,7.77,0.64,193,Operational
CRN03295,DR01435,PR00007,SR04509,QC-06,Quay Crane,8.09,1.27,206,Inspection
CRN03296,DR03769,PR00007,SR07984,QC-08,Quay Crane,8.12,0.5,217,Operational
CRN03297,DR00360,PR00002,SR09330,QC-01,Quay Crane,7.51,0.24,190,Operational
CRN03298,DR07260,PR00002,SR09494,QC-03,RTG Crane,9.95,1.72,295,Maintenance
CRN03299,DR07253,PR00006,SR00883,QC-08,Quay Crane,7.31,0.73,205,Operational
CRN03300,DR01590,PR00001,SR03246,QC-03,RTG Crane,7.09,1.21,206,Inspection
CRN03301,DR01805,PR00005,SR01534,QC-03,Quay Crane,8.52,0.91,217,Operational
CRN03302,DR02472,PR00001,SR00988,QC-05,Quay Crane,7.52,2.44,155,Maintenance
CRN03303,DR01603,PR00002,SR07386,QC-05,Quay Crane,10.0,1.79,277,Maintenance
CRN03304,DR04083,PR00003,SR07204,QC-07,RTG Crane,10.0,1.3,177,Inspection
CRN03305,DR01213,PR00005,SR05554,QC-01,Quay Crane,5.78,0.31,167,Operational
CRN03306,DR08282,PR00005,SR01010,QC-06,Quay Crane,8.42,0.68,159,Operational
CRN03307,DR08129,PR00004,SR09468,QC-04,Quay Crane,7.27,1.01,220,Inspection
CRN03308,DR04356,PR00002,SR08180,QC-04,Quay Crane,7.71,0.58,153,Operational
CRN03309,DR00748,PR00003,SR06155,QC-04,Quay Crane,8.96,0.56,217,Operational
CRN03310,DR01788,PR00002,SR07474,QC-07,Quay Crane,6.79,1.21,201,Inspection
CRN03311,DR01394,PR00002,SR09743,QC-05,Quay Crane,5.98,1.86,108,Maintenance
CRN03312,DR00508,PR00002,SR07612,QC-02,Quay Crane,6.33,1.08,167,Inspection
CRN03313,DR02237,PR00004,SR04759,QC-03,Quay Crane,6.98,1.32,227,Inspection
CRN03314,DR05963,PR00002,SR04488,QC-07,Quay Crane,4.2,1.35,144,Inspection
CRN03315,DR03043,PR00001,SR02288,QC-04,RTG Crane,6.66,0.53,192,Operational
CRN03316,DR02366,PR00005,SR04534,QC-06,Quay Crane,7.17,0.71,236,Operational
CRN03317,DR00876,PR00001,SR07410,QC-06,Quay Crane,8.54,0.72,243,Operational
CRN03318,DR05818,PR00007,SR06040,QC-03,Quay Crane,6.29,1.16,140,Inspection
CRN03319,DR03069,PR00002,SR02425,QC-02,Quay Crane,7.81,1.24,159,Inspection
CRN03320,DR07946,PR00001,SR02843,QC-06,Quay Crane,7.3,0.81,197,Operational
CRN03321,DR02501,PR00006,SR05042,QC-05,Quay Crane,8.47,1.71,221,Maintenance
CRN03322,DR07889,PR00004,SR06861,QC-06,Quay Crane,8.94,1.14,285,Inspection
CRN03323,DR03503,PR00006,SR08573,QC-06,RTG Crane,6.57,1.13,178,Inspection
CRN03324,DR08534,PR00003,SR02366,QC-03,Quay Crane,8.95,1.08,268,Inspection
CRN03325,DR05483,PR00002,SR08990,QC-08,Quay Crane,8.67,0.57,252,Operational
CRN03326,DR06896,PR00004,SR03633,QC-08,RTG Crane,6.69,0.05,189,Operational
CRN03327,DR05784,PR00003,SR06761,QC-04,Quay Crane,8.79,0.83,196,Operational
CRN03328,DR09841,PR00004,SR00194,QC-03,Quay Crane,7.58,1.52,162,Inspection
CRN03329,DR01737,PR00002,SR09907,QC-04,RTG Crane,8.27,0.86,235,Operational
CRN03330,DR06125,PR00002,SR09642,QC-01,RTG Crane,8.06,1.05,222,Inspection
CRN03331,DR09435,PR00001,SR05947,QC-05,Quay Crane,6.41,1.96,112,Maintenance
CRN03332,DR07791,PR00006,SR09338,QC-08,Quay Crane,6.28,0.64,150,Operational
CRN03333,DR01180,PR00002,SR08033,QC-02,Quay Crane,9.17,0.86,201,Operational
CRN03334,DR08393,PR00007,SR09500,QC-06,Quay Crane,6.51,0.8,208,Operational
CRN03335,DR07684,PR00002,SR09007,QC-05,Quay Crane,4.18,2.37,95,Maintenance
CRN03336,DR02365,PR00003,SR01175,QC-02,RTG Crane,6.13,1.27,182,Inspection
CRN03337,DR09713,PR00002,SR01509,QC-04,Quay Crane,9.04,0.56,209,Operational
CRN03338,DR03740,PR00005,SR01243,QC-08,Quay Crane,9.4,0.33,249,Operational
CRN03339,DR02490,PR00006,SR00399,QC-03,Quay Crane,8.91,1.37,218,Inspection
CRN03340,DR07433,PR00003,SR00688,QC-08,Quay Crane,6.61,0.61,165,Operational
CRN03341,DR06035,PR00003,SR07438,QC-04,Quay Crane,6.7,0.72,227,Operational
CRN03342,DR08274,PR00005,SR03868,QC-08,Quay Crane,7.78,0.67,230,Operational
CRN03343,DR03409,PR00001,SR09280,QC-08,Quay Crane,8.09,0.19,241,Operational
CRN03344,DR04137,PR00004,SR01072,QC-03,Quay Crane,4.17,1.29,93,Inspection
CRN03345,DR01391,PR00005,SR02221,QC-06,Quay Crane,5.86,0.98,140,Operational
CRN03346,DR05017,PR00002,SR08450,QC-06,Quay Crane,7.36,0.7,213,Operational
CRN03347,DR05194,PR00004,SR00258,QC-05,Quay Crane,6.78,2.16,231,Maintenance
CRN03348,DR08246,PR00005,SR07875,QC-02,Quay Crane,6.02,0.67,155,Operational
CRN03349,DR04581,PR00001,SR02502,QC-05,RTG Crane,7.87,1.78,158,Maintenance
CRN03350,DR08303,PR00002,SR05788,QC-01,Quay Crane,6.37,0.98,159,Operational
CRN03351,DR01033,PR00003,SR05581,QC-06,Quay Crane,4.39,0.54,124,Operational
CRN03352,DR08142,PR00005,SR06618,QC-08,Quay Crane,8.69,0.6,271,Operational
CRN03353,DR07795,PR00004,SR04583,QC-03,Quay Crane,7.05,1.1,204,Inspection
CRN03354,DR03118,PR00003,SR00763,QC-04,Quay Crane,7.7,0.79,215,Operational
CRN03355,DR07950,PR00002,SR02778,QC-03,Quay Crane,5.56,1.46,121,Inspection
CRN03356,DR06000,PR00001,SR01357,QC-04,Quay Crane,5.73,0.71,163,Operational
CRN03357,DR09190,PR00001,SR06468,QC-03,Quay Crane,4.59,1.12,68,Inspection
CRN03358,DR09403,PR00002,SR08474,QC-08,Quay Crane,7.78,0.39,234,Operational
CRN03359,DR02572,PR00001,SR03473,QC-01,Quay Crane,6.88,0.41,147,Operational
CRN03360,DR02922,PR00001,SR04660,QC-06,Quay Crane,8.98,0.7,246,Operational
CRN03361,DR09812,PR00004,SR09951,QC-07,Quay Crane,6.25,1.32,154,Inspection
CRN03362,DR05818,PR00004,SR01691,QC-02,Quay Crane,5.72,0.68,184,Operational
CRN03363,DR03147,PR00001,SR02836,QC-05,Quay Crane,5.67,1.89,116,Maintenance
CRN03364,DR09908,PR00004,SR08735,QC-03,Quay Crane,8.33,1.21,164,Inspection
CRN03365,DR06153,PR00001,SR06193,QC-02,Quay Crane,10.0,1.13,269,Inspection
CRN03366,DR02558,PR00003,SR00436,QC-03,Quay Crane,6.65,1.59,192,Maintenance
CRN03367,DR01460,PR00007,SR00034,QC-02,Quay Crane,8.1,0.8,260,Operational
CRN03368,DR08930,PR00003,SR08309,QC-07,Quay Crane,6.41,1.32,157,Inspection
CRN03369,DR04668,PR00001,SR09896,QC-01,Quay Crane,6.6,0.79,207,Operational
CRN03370,DR03391,PR00002,SR04468,QC-07,Quay Crane,5.44,1.2,146,Inspection
CRN03371,DR00574,PR00005,SR07728,QC-01,RTG Crane,7.36,0.37,217,Operational
CRN03372,DR00880,PR00002,SR08024,QC-04,Quay Crane,6.24,0.86,177,Operational
CRN03373,DR06004,PR00007,SR09465,QC-02,Quay Crane,5.81,0.79,105,Operational
CRN03374,DR04182,PR00003,SR08814,QC-06,Quay Crane,8.95,0.54,207,Operational
CRN03375,DR07209,PR00001,SR04193,QC-08,Quay Crane,8.5,0.51,203,Operational
CRN03376,DR01619,PR00004,SR04096,QC-02,Quay Crane,8.99,1.12,223,Inspection
CRN03377,DR05375,PR00005,SR04471,QC-06,Quay Crane,7.57,0.99,182,Operational
CRN03378,DR09970,PR00003,SR08568,QC-04,Quay Crane,6.01,0.26,159,Operational
CRN03379,DR06242,PR00007,SR00273,QC-07,RTG Crane,7.72,1.03,202,Inspection
CRN03380,DR00360,PR00007,SR04655,QC-05,Quay Crane,7.61,1.74,186,Maintenance
CRN03381,DR03828,PR00001,SR09880,QC-04,Quay Crane,5.92,0.44,203,Operational
CRN03382,DR07732,PR00001,SR07046,QC-07,Quay Crane,10.0,0.85,300,Operational
CRN03383,DR05352,PR00002,SR08992,QC-08,Quay Crane,7.2,0.11,189,Operational
CRN03384,DR08357,PR00004,SR04988,QC-08,Quay Crane,7.46,0.58,237,Operational
CRN03385,DR00059,PR00004,SR04946,QC-01,Quay Crane,7.46,0.64,279,Operational
CRN03386,DR02983,PR00002,SR01118,QC-08,Quay Crane,7.93,0.06,226,Operational
CRN03387,DR07680,PR00007,SR00122,QC-06,Quay Crane,6.81,1.44,148,Inspection
CRN03388,DR09032,PR00002,SR02849,QC-08,Quay Crane,9.1,0.35,238,Operational
CRN03389,DR06352,PR00006,SR09360,QC-06,Quay Crane,9.38,1.04,273,Inspection
CRN03390,DR05766,PR00006,SR03246,QC-02,RTG Crane,4.32,0.94,90,Operational
CRN03391,DR08945,PR00001,SR06719,QC-06,Quay Crane,6.86,0.59,164,Operational
CRN03392,DR09084,PR00002,SR06089,QC-02,RTG Crane,8.87,0.75,236,Operational
CRN03393,DR00025,PR00002,SR09059,QC-04,Quay Crane,7.89,0.94,240,Operational
CRN03394,DR00856,PR00007,SR04967,QC-02,Quay Crane,5.58,0.54,167,Operational
CRN03395,DR08566,PR00002,SR02591,QC-06,Quay Crane,6.61,1.28,213,Inspection
CRN03396,DR03570,PR00006,SR09773,QC-03,Quay Crane,9.47,0.68,219,Operational
CRN03397,DR08388,PR00003,SR09403,QC-08,Quay Crane,4.82,0.61,115,Operational
CRN03398,DR01820,PR00003,SR01333,QC-06,Quay Crane,7.39,1.09,170,Inspection
CRN03399,DR07000,PR00007,SR00229,QC-08,Quay Crane,7.06,0.49,167,Operational
CRN03400,DR04573,PR00003,SR03431,QC-08,RTG Crane,6.62,0.82,172,Operational
CRN03401,DR07620,PR00005,SR08742,QC-07,Quay Crane,6.73,1.05,190,Inspection
CRN03402,DR04723,PR00003,SR04376,QC-06,Quay Crane,8.14,0.97,201,Operational
CRN03403,DR01333,PR00001,SR02960,QC-05,Quay Crane,8.24,2.06,229,Maintenance
CRN03404,DR03057,PR00001,SR03041,QC-05,Quay Crane,7.68,1.53,159,Inspection
CRN03405,DR09335,PR00002,SR03162,QC-02,Quay Crane,8.13,0.94,246,Operational
CRN03406,DR07146,PR00005,SR07188,QC-07,Quay Crane,6.99,1.06,167,Inspection
CRN03407,DR06752,PR00003,SR04844,QC-03,Quay Crane,9.28,1.51,279,Inspection
CRN03408,DR09005,PR00003,SR09555,QC-03,RTG Crane,8.28,1.12,255,Inspection
CRN03409,DR01285,PR00001,SR08240,QC-06,Quay Crane,6.35,1.19,132,Inspection
CRN03410,DR06301,PR00004,SR04977,QC-05,RTG Crane,7.95,1.0,209,Operational
CRN03411,DR07566,PR00006,SR01573,QC-07,Quay Crane,8.77,0.94,225,Operational
CRN03412,DR08430,PR00004,SR07127,QC-04,Quay Crane,7.52,1.2,184,Inspection
CRN03413,DR02156,PR00007,SR01778,QC-05,RTG Crane,5.76,1.99,157,Maintenance
CRN03414,DR06495,PR00001,SR06096,QC-02,Quay Crane,4.47,0.57,125,Operational
CRN03415,DR02483,PR00001,SR05501,QC-06,RTG Crane,8.18,0.67,205,Operational
CRN03416,DR08531,PR00003,SR08132,QC-04,Quay Crane,5.57,0.57,134,Operational
CRN03417,DR02324,PR00002,SR04257,QC-01,Quay Crane,5.95,0.51,194,Operational
CRN03418,DR05741,PR00005,SR05857,QC-07,Quay Crane,6.0,1.14,110,Inspection
CRN03419,DR01811,PR00006,SR04035,QC-02,Quay Crane,5.74,1.12,137,Inspection
CRN03420,DR01807,PR00001,SR05864,QC-02,Quay Crane,6.69,1.34,201,Inspection
CRN03421,DR01438,PR00007,SR01078,QC-07,Quay Crane,7.32,1.16,172,Inspection
CRN03422,DR02262,PR00001,SR05180,QC-02,Quay Crane,6.1,0.89,163,Operational
CRN03423,DR04554,PR00005,SR02793,QC-03,RTG Crane,5.91,1.26,154,Inspection
CRN03424,DR03587,PR00003,SR03538,QC-03,Quay Crane,6.66,1.1,171,Inspection
CRN03425,DR06889,PR00004,SR03640,QC-02,Quay Crane,6.86,0.99,178,Operational
CRN03426,DR01677,PR00001,SR09833,QC-03,RTG Crane,7.6,1.37,154,Inspection
CRN03427,DR08061,PR00007,SR04170,QC-02,Quay Crane,7.53,1.13,183,Inspection
CRN03428,DR01753,PR00007,SR00437,QC-08,Quay Crane,5.35,0.44,136,Operational
CRN03429,DR02335,PR00003,SR05968,QC-05,Quay Crane,8.48,1.84,273,Maintenance
CRN03430,DR09668,PR00003,SR09387,QC-01,Quay Crane,5.14,0.18,116,Operational
CRN03431,DR03380,PR00004,SR01807,QC-07,Quay Crane,7.57,1.2,117,Inspection
CRN03432,DR03176,PR00004,SR07561,QC-04,Quay Crane,7.0,0.78,237,Operational
CRN03433,DR08098,PR00004,SR08436,QC-05,RTG Crane,9.72,1.69,269,Maintenance
CRN03434,DR09892,PR00004,SR04673,QC-03,Quay Crane,6.51,1.37,169,Inspection
CRN03435,DR08717,PR00006,SR01140,QC-05,Quay Crane,7.27,1.92,174,Maintenance
CRN03436,DR09127,PR00004,SR08700,QC-06,Quay Crane,7.31,0.5,158,Operational
CRN03437,DR02651,PR00001,SR03330,QC-03,Quay Crane,8.1,1.03,261,Inspection
CRN03438,DR06183,PR00007,SR00824,QC-07,Quay Crane,8.97,1.17,231,Inspection
CRN03439,DR08958,PR00002,SR04269,QC-07,Quay Crane,7.6,1.06,179,Inspection
CRN03440,DR04133,PR00001,SR04738,QC-06,Quay Crane,10.0,1.21,330,Inspection
CRN03441,DR04118,PR00007,SR01400,QC-02,Quay Crane,6.81,0.92,180,Operational
CRN03442,DR04520,PR00002,SR03500,QC-03,Quay Crane,9.0,1.39,260,Inspection
CRN03443,DR03418,PR00001,SR06701,QC-01,RTG Crane,7.56,0.71,266,Operational
CRN03444,DR00982,PR00004,SR04011,QC-04,Quay Crane,7.41,0.87,203,Operational
CRN03445,DR09999,PR00006,SR01352,QC-04,RTG Crane,5.38,0.53,142,Operational
CRN03446,DR01101,PR00001,SR03312,QC-02,Quay Crane,8.08,0.96,199,Operational
CRN03447,DR01777,PR00003,SR07123,QC-05,Quay Crane,6.87,2.28,167,Maintenance
CRN03448,DR04281,PR00001,SR09842,QC-03,RTG Crane,7.16,1.54,217,Inspection
CRN03449,DR07245,PR00003,SR03267,QC-08,Quay Crane,7.18,0.54,183,Operational
CRN03450,DR09030,PR00002,SR05897,QC-03,Quay Crane,8.02,0.86,239,Operational
CRN03451,DR02588,PR00001,SR00918,QC-03,Quay Crane,8.96,1.0,230,Operational
CRN03452,DR09447,PR00007,SR00370,QC-01,RTG Crane,6.92,0.59,205,Operational
CRN03453,DR01634,PR00004,SR09437,QC-06,RTG Crane,6.71,0.73,213,Operational
CRN03454,DR01471,PR00006,SR07232,QC-05,Quay Crane,7.57,1.54,188,Inspection
CRN03455,DR04886,PR00007,SR08923,QC-02,Quay Crane,5.62,1.02,202,Inspection
CRN03456,DR06189,PR00007,SR08611,QC-03,Quay Crane,5.91,1.64,186,Maintenance
CRN03457,DR09993,PR00005,SR00892,QC-02,Quay Crane,7.98,0.55,213,Operational
CRN03458,DR08388,PR00002,SR06403,QC-02,Quay Crane,6.35,1.2,148,Inspection
CRN03459,DR06578,PR00006,SR05498,QC-02,Quay Crane,8.39,0.67,158,Operational
CRN03460,DR06536,PR00003,SR02247,QC-08,RTG Crane,7.05,0.67,219,Operational
CRN03461,DR01072,PR00002,SR00208,QC-01,Quay Crane,6.68,0.12,206,Operational
CRN03462,DR02862,PR00003,SR07962,QC-01,Quay Crane,8.91,0.76,236,Operational
CRN03463,DR04873,PR00002,SR08426,QC-01,RTG Crane,6.21,0.15,104,Operational
CRN03464,DR09567,PR00003,SR06287,QC-06,Quay Crane,7.2,0.57,146,Operational
CRN03465,DR04889,PR00006,SR00054,QC-08,Quay Crane,6.25,0.66,123,Operational
CRN03466,DR09847,PR00003,SR07291,QC-03,Quay Crane,7.18,0.95,203,Operational
CRN03467,DR00708,PR00002,SR09996,QC-04,Quay Crane,8.16,0.66,213,Operational
CRN03468,DR04507,PR00001,SR00698,QC-02,Quay Crane,7.43,0.47,222,Operational
CRN03469,DR09790,PR00006,SR00748,QC-02,Quay Crane,7.14,1.06,154,Inspection
CRN03470,DR01595,PR00003,SR04659,QC-04,Quay Crane,7.0,0.9,183,Operational
CRN03471,DR02892,PR00003,SR01766,QC-08,Quay Crane,7.6,0.41,218,Operational
CRN03472,DR02570,PR00005,SR08679,QC-07,Quay Crane,7.87,1.37,251,Inspection
CRN03473,DR01101,PR00006,SR09543,QC-05,RTG Crane,7.85,1.66,197,Maintenance
CRN03474,DR09004,PR00003,SR06364,QC-05,Quay Crane,7.46,2.05,196,Maintenance
CRN03475,DR04451,PR00004,SR06800,QC-06,Quay Crane,6.32,0.98,123,Operational
CRN03476,DR07904,PR00002,SR05818,QC-04,Quay Crane,7.0,1.01,155,Inspection
CRN03477,DR08890,PR00007,SR03176,QC-03,Quay Crane,6.54,1.19,176,Inspection
CRN03478,DR03890,PR00004,SR08843,QC-05,RTG Crane,7.77,1.82,234,Maintenance
CRN03479,DR04695,PR00005,SR09341,QC-01,Quay Crane,6.81,0.65,163,Operational
CRN03480,DR04847,PR00001,SR09954,QC-08,Quay Crane,6.85,1.01,159,Inspection
CRN03481,DR03079,PR00004,SR02609,QC-05,Quay Crane,9.36,1.87,190,Maintenance
CRN03482,DR08544,PR00003,SR00396,QC-05,RTG Crane,7.06,1.6,123,Maintenance
CRN03483,DR09179,PR00003,SR00248,QC-04,Quay Crane,4.49,0.26,50,Operational
CRN03484,DR03904,PR00005,SR04539,QC-08,RTG Crane,9.69,0.54,290,Operational
CRN03485,DR09210,PR00006,SR04953,QC-01,Quay Crane,7.2,0.54,185,Operational
CRN03486,DR08258,PR00002,SR09187,QC-05,Quay Crane,6.73,1.32,182,Inspection
CRN03487,DR07091,PR00006,SR05148,QC-03,Quay Crane,6.72,1.35,159,Inspection
CRN03488,DR07117,PR00002,SR06987,QC-02,Quay Crane,6.7,1.01,196,Inspection
CRN03489,DR00094,PR00004,SR08571,QC-07,Quay Crane,9.04,0.85,262,Operational
CRN03490,DR07542,PR00001,SR05468,QC-07,RTG Crane,6.35,1.03,162,Inspection
CRN03491,DR07195,PR00002,SR00175,QC-06,RTG Crane,6.35,0.37,134,Operational
CRN03492,DR00387,PR00006,SR07224,QC-02,RTG Crane,6.94,0.69,229,Operational
CRN03493,DR00202,PR00001,SR06588,QC-06,RTG Crane,4.87,0.78,89,Operational
CRN03494,DR05638,PR00007,SR07301,QC-03,Quay Crane,6.58,1.56,147,Maintenance
CRN03495,DR08015,PR00002,SR06720,QC-06,Quay Crane,8.66,0.91,231,Operational
CRN03496,DR09494,PR00005,SR03136,QC-05,Quay Crane,7.66,1.97,163,Maintenance
CRN03497,DR03269,PR00001,SR03089,QC-03,Quay Crane,8.01,1.55,230,Inspection
CRN03498,DR09442,PR00004,SR06853,QC-04,Quay Crane,6.31,1.25,162,Inspection
CRN03499,DR06947,PR00007,SR03615,QC-04,Quay Crane,4.81,0.73,143,Operational
CRN03500,DR09218,PR00004,SR08694,QC-05,Quay Crane,8.16,1.6,174,Maintenance
CRN03501,DR03646,PR00003,SR01490,QC-07,RTG Crane,5.75,0.96,183,Operational
CRN03502,DR05839,PR00006,SR02883,QC-04,Quay Crane,4.92,0.79,133,Operational
CRN03503,DR08339,PR00005,SR06011,QC-08,Quay Crane,6.07,0.75,185,Operational
CRN03504,DR09124,PR00001,SR01028,QC-04,Quay Crane,6.23,0.77,186,Operational
CRN03505,DR09420,PR00004,SR00121,QC-07,Quay Crane,5.55,1.02,126,Inspection
CRN03506,DR05145,PR00004,SR01036,QC-04,Quay Crane,7.24,1.06,230,Inspection
CRN03507,DR03003,PR00005,SR02448,QC-05,Quay Crane,10.0,1.83,247,Maintenance
CRN03508,DR00674,PR00002,SR03946,QC-03,RTG Crane,7.13,1.12,190,Inspection
CRN03509,DR00722,PR00003,SR04365,QC-08,Quay Crane,6.26,0.95,195,Operational
CRN03510,DR07528,PR00007,SR09331,QC-04,Quay Crane,7.29,1.16,120,Inspection
CRN03511,DR08341,PR00004,SR04475,QC-02,Quay Crane,8.59,1.22,243,Inspection
CRN03512,DR05706,PR00003,SR01519,QC-05,Quay Crane,3.99,1.53,120,Inspection
CRN03513,DR06644,PR00007,SR00186,QC-06,Quay Crane,6.58,1.4,152,Inspection
CRN03514,DR08089,PR00002,SR00317,QC-06,Quay Crane,7.58,0.82,217,Operational
CRN03515,DR07931,PR00003,SR09896,QC-01,Quay Crane,7.72,0.38,270,Operational
CRN03516,DR03961,PR00005,SR00811,QC-02,Quay Crane,6.5,0.9,163,Operational
CRN03517,DR09045,PR00005,SR06829,QC-02,Quay Crane,5.22,0.74,150,Operational
CRN03518,DR07400,PR00007,SR06071,QC-05,Quay Crane,7.49,1.7,154,Maintenance
CRN03519,DR09810,PR00004,SR07796,QC-04,Quay Crane,6.06,0.58,185,Operational
CRN03520,DR03431,PR00002,SR01403,QC-08,Quay Crane,3.22,0.65,102,Operational
CRN03521,DR06683,PR00003,SR01329,QC-08,Quay Crane,7.37,0.51,234,Operational
CRN03522,DR07897,PR00001,SR07458,QC-01,Quay Crane,7.56,0.74,155,Operational
CRN03523,DR05207,PR00007,SR03162,QC-01,Quay Crane,6.88,0.51,205,Operational
CRN03524,DR03416,PR00001,SR03878,QC-07,Quay Crane,9.72,0.98,299,Operational
CRN03525,DR03156,PR00004,SR07878,QC-07,Quay Crane,7.89,0.89,228,Operational
CRN03526,DR05880,PR00003,SR07215,QC-06,Quay Crane,7.4,1.05,197,Inspection
CRN03527,DR07262,PR00001,SR02739,QC-07,Quay Crane,9.4,1.23,192,Inspection
CRN03528,DR06188,PR00002,SR05957,QC-07,Quay Crane,9.96,1.3,238,Inspection
CRN03529,DR04286,PR00004,SR08810,QC-04,Quay Crane,8.52,0.72,206,Operational
CRN03530,DR01753,PR00001,SR09211,QC-03,Quay Crane,6.53,1.46,203,Inspection
CRN03531,DR03135,PR00007,SR04544,QC-08,Quay Crane,7.84,0.44,165,Operational
CRN03532,DR05742,PR00007,SR03521,QC-07,Quay Crane,8.4,1.15,293,Inspection
CRN03533,DR06251,PR00001,SR01079,QC-01,Quay Crane,3.62,0.96,76,Operational
CRN03534,DR07734,PR00006,SR03354,QC-03,Quay Crane,5.43,1.42,148,Inspection
CRN03535,DR04334,PR00002,SR06939,QC-01,Quay Crane,8.04,0.82,228,Operational
CRN03536,DR03059,PR00001,SR00974,QC-03,Quay Crane,7.04,1.02,162,Inspection
CRN03537,DR01076,PR00002,SR09600,QC-06,Quay Crane,7.98,0.82,204,Operational
CRN03538,DR08229,PR00006,SR09065,QC-02,Quay Crane,8.21,0.62,169,Operational
CRN03539,DR08376,PR00004,SR05515,QC-01,RTG Crane,5.86,0.25,193,Operational
CRN03540,DR06370,PR00002,SR01769,QC-02,Quay Crane,6.9,0.81,206,Operational
CRN03541,DR06407,PR00005,SR09079,QC-01,Quay Crane,7.4,0.43,183,Operational
CRN03542,DR06201,PR00005,SR01379,QC-03,Quay Crane,8.46,1.3,250,Inspection
CRN03543,DR07275,PR00005,SR01914,QC-05,Quay Crane,8.47,1.87,218,Maintenance
CRN03544,DR06800,PR00004,SR04413,QC-01,Quay Crane,4.77,0.45,70,Operational
CRN03545,DR09698,PR00006,SR03087,QC-07,Quay Crane,4.01,1.31,133,Inspection
CRN03546,DR07733,PR00004,SR02353,QC-01,Quay Crane,6.35,0.78,176,Operational
CRN03547,DR06918,PR00001,SR08421,QC-08,RTG Crane,8.91,0.16,274,Operational
CRN03548,DR07718,PR00006,SR09387,QC-08,Quay Crane,6.36,0.5,176,Operational
CRN03549,DR01950,PR00002,SR09877,QC-04,RTG Crane,10.0,0.9,261,Operational
CRN03550,DR04305,PR00005,SR05244,QC-04,Quay Crane,5.25,0.52,137,Operational
CRN03551,DR06097,PR00005,SR04670,QC-03,Quay Crane,5.68,1.74,105,Maintenance
CRN03552,DR07855,PR00002,SR02120,QC-04,Quay Crane,6.18,1.1,176,Inspection
CRN03553,DR06191,PR00001,SR08258,QC-02,Quay Crane,5.75,0.57,163,Operational
CRN03554,DR05868,PR00005,SR04823,QC-05,Quay Crane,5.91,1.75,145,Maintenance
CRN03555,DR01938,PR00006,SR02374,QC-07,Quay Crane,7.55,1.29,177,Inspection
CRN03556,DR04789,PR00006,SR04970,QC-02,Quay Crane,7.24,1.22,152,Inspection
CRN03557,DR06222,PR00004,SR05664,QC-04,RTG Crane,5.69,0.82,177,Operational
CRN03558,DR08842,PR00002,SR03878,QC-07,Quay Crane,7.31,1.27,140,Inspection
CRN03559,DR06222,PR00002,SR00899,QC-03,Quay Crane,6.21,1.41,185,Inspection
CRN03560,DR04876,PR00005,SR07050,QC-04,Quay Crane,8.28,0.82,161,Operational
CRN03561,DR08565,PR00003,SR06649,QC-06,Quay Crane,7.63,0.96,187,Operational
CRN03562,DR04868,PR00005,SR09881,QC-04,RTG Crane,7.98,0.71,233,Operational
CRN03563,DR03653,PR00002,SR01151,QC-07,RTG Crane,7.29,1.16,220,Inspection
CRN03564,DR01033,PR00001,SR02808,QC-07,RTG Crane,7.0,1.19,174,Inspection
CRN03565,DR01506,PR00004,SR04934,QC-02,Quay Crane,7.48,0.77,223,Operational
CRN03566,DR08722,PR00004,SR08302,QC-07,Quay Crane,10.0,1.55,228,Inspection
CRN03567,DR01766,PR00004,SR03865,QC-02,Quay Crane,6.43,1.0,145,Operational
CRN03568,DR07628,PR00002,SR01630,QC-05,Quay Crane,8.17,1.85,223,Maintenance
CRN03569,DR07770,PR00006,SR07549,QC-07,Quay Crane,8.16,1.69,199,Maintenance
CRN03570,DR08840,PR00003,SR07442,QC-08,Quay Crane,10.0,0.16,258,Operational
CRN03571,DR06269,PR00005,SR00885,QC-05,Quay Crane,8.99,1.76,226,Maintenance
CRN03572,DR09977,PR00004,SR00352,QC-01,RTG Crane,4.55,0.56,110,Operational
CRN03573,DR04449,PR00003,SR00452,QC-05,Quay Crane,6.69,1.83,162,Maintenance
CRN03574,DR02775,PR00005,SR06269,QC-06,Quay Crane,3.96,1.09,145,Inspection
CRN03575,DR03536,PR00004,SR03772,QC-07,Quay Crane,7.74,1.36,237,Inspection
CRN03576,DR08326,PR00003,SR03814,QC-01,Quay Crane,7.58,0.64,233,Operational
CRN03577,DR05830,PR00004,SR05846,QC-05,Quay Crane,6.73,1.57,173,Maintenance
CRN03578,DR07000,PR00001,SR02488,QC-04,Quay Crane,7.63,0.94,213,Operational
CRN03579,DR01623,PR00007,SR04127,QC-07,Quay Crane,8.28,1.06,192,Inspection
CRN03580,DR04348,PR00002,SR03656,QC-02,Quay Crane,6.38,0.82,228,Operational
CRN03581,DR07079,PR00002,SR06694,QC-08,Quay Crane,5.65,0.73,128,Operational
CRN03582,DR09619,PR00005,SR08631,QC-05,Quay Crane,6.34,1.27,207,Inspection
CRN03583,DR08450,PR00002,SR01075,QC-02,Quay Crane,7.92,0.75,209,Operational
CRN03584,DR02986,PR00007,SR01528,QC-02,Quay Crane,7.19,0.31,237,Operational
CRN03585,DR09153,PR00003,SR00842,QC-05,Quay Crane,8.49,1.81,205,Maintenance
CRN03586,DR01431,PR00002,SR03512,QC-03,Quay Crane,5.22,0.85,158,Operational
CRN03587,DR02531,PR00001,SR03186,QC-03,Quay Crane,8.52,1.64,265,Maintenance
CRN03588,DR01996,PR00001,SR08103,QC-07,Quay Crane,9.11,1.06,286,Inspection
CRN03589,DR05980,PR00001,SR02293,QC-02,RTG Crane,10.0,0.64,281,Operational
CRN03590,DR06940,PR00001,SR07536,QC-01,Quay Crane,7.64,1.09,203,Inspection
CRN03591,DR00136,PR00002,SR00675,QC-02,Quay Crane,7.43,0.77,216,Operational
CRN03592,DR08150,PR00002,SR06734,QC-07,Quay Crane,8.36,1.4,254,Inspection
CRN03593,DR04864,PR00003,SR05016,QC-05,Quay Crane,7.14,1.56,209,Maintenance
CRN03594,DR05900,PR00002,SR06616,QC-08,Quay Crane,5.95,0.36,173,Operational
CRN03595,DR01191,PR00001,SR05292,QC-08,Quay Crane,5.03,0.58,173,Operational
CRN03596,DR04895,PR00001,SR05205,QC-07,Quay Crane,6.09,1.03,121,Inspection
CRN03597,DR06976,PR00001,SR07104,QC-04,Quay Crane,9.37,0.54,275,Operational
CRN03598,DR05038,PR00002,SR03248,QC-04,RTG Crane,7.67,0.65,188,Operational
CRN03599,DR06272,PR00001,SR07377,QC-02,Quay Crane,5.09,0.62,191,Operational
CRN03600,DR00702,PR00003,SR08057,QC-06,Quay Crane,7.28,0.54,226,Operational
CRN03601,DR09232,PR00007,SR03548,QC-01,Quay Crane,7.96,0.64,173,Operational
CRN03602,DR08261,PR00002,SR05528,QC-08,Quay Crane,8.62,0.59,196,Operational
CRN03603,DR00894,PR00001,SR02156,QC-08,Quay Crane,6.03,0.47,123,Operational
CRN03604,DR04206,PR00004,SR06219,QC-06,Quay Crane,7.04,1.36,199,Inspection
CRN03605,DR02695,PR00003,SR09816,QC-05,Quay Crane,4.74,2.01,137,Maintenance
CRN03606,DR01994,PR00001,SR06311,QC-03,Quay Crane,7.97,1.22,153,Inspection
CRN03607,DR06830,PR00006,SR04206,QC-05,Quay Crane,3.83,1.77,72,Maintenance
CRN03608,DR00250,PR00005,SR00440,QC-04,Quay Crane,6.77,0.11,175,Operational
CRN03609,DR08333,PR00007,SR08514,QC-01,RTG Crane,6.32,0.3,183,Operational
CRN03610,DR03007,PR00007,SR07076,QC-06,Quay Crane,9.76,1.01,254,Inspection
CRN03611,DR05938,PR00004,SR07780,QC-01,Quay Crane,9.19,0.92,255,Operational
CRN03612,DR01473,PR00005,SR09276,QC-02,Quay Crane,5.77,0.63,122,Operational
CRN03613,DR08025,PR00003,SR05355,QC-04,Quay Crane,6.76,0.6,141,Operational
CRN03614,DR08677,PR00006,SR06888,QC-07,Quay Crane,4.23,1.19,83,Inspection
CRN03615,DR02794,PR00004,SR07990,QC-08,Quay Crane,5.74,0.67,152,Operational
CRN03616,DR09452,PR00002,SR06634,QC-06,RTG Crane,5.6,0.66,153,Operational
CRN03617,DR08541,PR00001,SR01294,QC-06,RTG Crane,7.69,0.63,158,Operational
CRN03618,DR03607,PR00004,SR08134,QC-03,RTG Crane,8.11,1.98,182,Maintenance
CRN03619,DR06946,PR00003,SR01032,QC-01,RTG Crane,5.59,0.14,166,Operational
CRN03620,DR03105,PR00006,SR07669,QC-03,Quay Crane,9.16,1.67,281,Maintenance
CRN03621,DR00457,PR00001,SR06708,QC-08,Quay Crane,10.0,0.71,244,Operational
CRN03622,DR09328,PR00006,SR01058,QC-03,Quay Crane,6.2,1.32,187,Inspection
CRN03623,DR09661,PR00001,SR08813,QC-08,RTG Crane,6.08,0.68,127,Operational
CRN03624,DR02525,PR00004,SR03657,QC-06,Quay Crane,8.59,1.37,275,Inspection
CRN03625,DR07857,PR00003,SR07488,QC-01,Quay Crane,6.94,0.57,143,Operational
CRN03626,DR03251,PR00002,SR05406,QC-07,Quay Crane,7.17,1.32,131,Inspection
CRN03627,DR02396,PR00003,SR06927,QC-04,Quay Crane,7.43,1.12,191,Inspection
CRN03628,DR01850,PR00002,SR07916,QC-01,Quay Crane,7.88,0.79,169,Operational
CRN03629,DR06247,PR00001,SR02031,QC-08,Quay Crane,10.0,0.19,282,Operational
CRN03630,DR03702,PR00006,SR06257,QC-08,RTG Crane,6.64,0.19,156,Operational
CRN03631,DR08069,PR00002,SR04142,QC-08,Quay Crane,7.9,0.67,235,Operational
CRN03632,DR01059,PR00005,SR00553,QC-07,Quay Crane,5.24,0.99,131,Operational
CRN03633,DR09456,PR00005,SR00916,QC-06,RTG Crane,4.27,0.99,83,Operational
CRN03634,DR04532,PR00001,SR06925,QC-06,Quay Crane,8.85,1.03,247,Inspection
CRN03635,DR05209,PR00006,SR07897,QC-06,RTG Crane,6.42,1.38,139,Inspection
CRN03636,DR07560,PR00006,SR00956,QC-04,Quay Crane,8.16,0.61,220,Operational
CRN03637,DR06263,PR00006,SR02795,QC-06,Quay Crane,7.96,0.9,195,Operational
CRN03638,DR07182,PR00006,SR06573,QC-02,Quay Crane,8.32,0.53,249,Operational
CRN03639,DR00468,PR00004,SR08035,QC-01,Quay Crane,6.45,0.52,137,Operational
CRN03640,DR00100,PR00007,SR03275,QC-06,RTG Crane,8.09,0.66,171,Operational
CRN03641,DR06494,PR00001,SR04857,QC-05,Quay Crane,9.72,1.97,270,Maintenance
CRN03642,DR09204,PR00001,SR06524,QC-04,Quay Crane,7.44,0.59,161,Operational
CRN03643,DR01268,PR00005,SR05997,QC-08,Quay Crane,8.81,0.54,245,Operational
CRN03644,DR06724,PR00002,SR03328,QC-06,Quay Crane,6.63,1.14,206,Inspection
CRN03645,DR08802,PR00004,SR04400,QC-02,RTG Crane,6.86,0.81,205,Operational
CRN03646,DR01450,PR00003,SR01049,QC-01,Quay Crane,9.17,0.75,242,Operational
CRN03647,DR01393,PR00002,SR05727,QC-04,Quay Crane,6.44,0.53,205,Operational
CRN03648,DR00469,PR00006,SR03196,QC-04,Quay Crane,6.55,0.89,174,Operational
CRN03649,DR08369,PR00001,SR09473,QC-02,Quay Crane,6.44,0.54,141,Operational
CRN03650,DR00359,PR00001,SR00042,QC-02,Quay Crane,5.86,1.03,212,Inspection
CRN03651,DR00331,PR00004,SR00252,QC-08,Quay Crane,8.05,0.44,201,Operational
CRN03652,DR00447,PR00006,SR08462,QC-01,Quay Crane,7.03,0.26,202,Operational
CRN03653,DR07815,PR00006,SR04207,QC-08,Quay Crane,7.73,0.66,211,Operational
CRN03654,DR03703,PR00002,SR08956,QC-02,Quay Crane,5.84,1.22,110,Inspection
CRN03655,DR03249,PR00006,SR07214,QC-06,Quay Crane,6.34,0.95,195,Operational
CRN03656,DR08490,PR00004,SR04157,QC-05,Quay Crane,8.19,1.85,200,Maintenance
CRN03657,DR06467,PR00006,SR03933,QC-01,Quay Crane,6.4,0.21,204,Operational
CRN03658,DR02076,PR00001,SR07662,QC-05,Quay Crane,8.22,2.5,174,Maintenance
CRN03659,DR03506,PR00002,SR01421,QC-05,Quay Crane,7.04,1.54,157,Inspection
CRN03660,DR06406,PR00003,SR01981,QC-07,Quay Crane,7.68,1.27,214,Inspection
CRN03661,DR07678,PR00004,SR05823,QC-05,Quay Crane,10.0,1.92,293,Maintenance
CRN03662,DR03002,PR00001,SR01512,QC-04,Quay Crane,8.46,0.66,249,Operational
CRN03663,DR08893,PR00003,SR09813,QC-02,RTG Crane,9.28,0.95,197,Operational
CRN03664,DR06199,PR00004,SR06062,QC-01,Quay Crane,5.72,0.75,179,Operational
CRN03665,DR03266,PR00003,SR09934,QC-03,Quay Crane,7.85,0.88,196,Operational
CRN03666,DR04714,PR00003,SR02320,QC-03,Quay Crane,9.47,1.76,208,Maintenance
CRN03667,DR03482,PR00002,SR01002,QC-06,Quay Crane,8.07,0.75,251,Operational
CRN03668,DR04739,PR00006,SR02532,QC-03,Quay Crane,6.99,1.24,166,Inspection
CRN03669,DR04841,PR00004,SR04909,QC-01,Quay Crane,6.93,0.35,220,Operational
CRN03670,DR07357,PR00004,SR00796,QC-04,Quay Crane,5.94,0.41,169,Operational
CRN03671,DR03827,PR00007,SR06344,QC-05,Quay Crane,6.71,2.17,170,Maintenance
CRN03672,DR04973,PR00004,SR02185,QC-05,RTG Crane,6.25,1.77,188,Maintenance
CRN03673,DR03350,PR00002,SR08907,QC-02,Quay Crane,6.16,1.03,134,Inspection
CRN03674,DR02815,PR00004,SR03466,QC-04,Quay Crane,8.07,0.92,250,Operational
CRN03675,DR04646,PR00007,SR03715,QC-01,RTG Crane,6.59,0.92,127,Operational
CRN03676,DR00325,PR00001,SR05628,QC-06,Quay Crane,8.07,0.63,225,Operational
CRN03677,DR00177,PR00004,SR05398,QC-05,Quay Crane,7.32,1.7,236,Maintenance
CRN03678,DR09823,PR00001,SR03698,QC-06,Quay Crane,10.0,1.06,297,Inspection
CRN03679,DR09347,PR00006,SR05217,QC-03,Quay Crane,6.9,1.6,178,Maintenance
CRN03680,DR05613,PR00004,SR07594,QC-03,Quay Crane,8.13,1.11,263,Inspection
CRN03681,DR09999,PR00007,SR08808,QC-01,Quay Crane,6.22,0.27,150,Operational
CRN03682,DR08362,PR00004,SR05893,QC-05,RTG Crane,6.69,2.01,177,Maintenance
CRN03683,DR03840,PR00001,SR05669,QC-02,Quay Crane,7.1,0.83,184,Operational
CRN03684,DR00289,PR00003,SR07053,QC-06,Quay Crane,7.55,0.77,206,Operational
CRN03685,DR03454,PR00007,SR05508,QC-02,Quay Crane,7.07,0.45,218,Operational
CRN03686,DR03102,PR00002,SR08145,QC-08,Quay Crane,6.04,0.36,171,Operational
CRN03687,DR09832,PR00001,SR00275,QC-01,Quay Crane,8.45,0.7,205,Operational
CRN03688,DR00093,PR00005,SR08854,QC-01,RTG Crane,7.94,0.82,138,Operational
CRN03689,DR00220,PR00003,SR09512,QC-01,Quay Crane,8.73,0.81,273,Operational
CRN03690,DR07766,PR00001,SR08903,QC-05,Quay Crane,7.24,1.61,210,Maintenance
CRN03691,DR03723,PR00002,SR08483,QC-01,Quay Crane,9.25,0.82,267,Operational
CRN03692,DR04526,PR00002,SR05578,QC-07,RTG Crane,6.98,1.52,192,Inspection
CRN03693,DR03816,PR00004,SR01565,QC-04,RTG Crane,5.0,0.79,127,Operational
CRN03694,DR06791,PR00003,SR06927,QC-04,Quay Crane,7.4,0.73,165,Operational
CRN03695,DR00455,PR00003,SR01207,QC-02,Quay Crane,3.87,0.97,107,Operational
CRN03696,DR05787,PR00006,SR01554,QC-08,Quay Crane,7.55,0.23,209,Operational
CRN03697,DR00604,PR00002,SR01384,QC-07,Quay Crane,7.61,0.75,244,Operational
CRN03698,DR08923,PR00005,SR08097,QC-01,Quay Crane,4.1,0.53,106,Operational
CRN03699,DR05028,PR00003,SR03519,QC-03,RTG Crane,4.28,1.31,131,Inspection
CRN03700,DR04484,PR00003,SR04585,QC-01,Quay Crane,5.67,0.05,152,Operational
CRN03701,DR07441,PR00004,SR08173,QC-06,Quay Crane,7.09,1.0,198,Operational
CRN03702,DR03842,PR00005,SR06035,QC-01,RTG Crane,5.25,0.79,105,Operational
CRN03703,DR04956,PR00007,SR07097,QC-01,Quay Crane,9.1,0.89,196,Operational
CRN03704,DR03323,PR00002,SR00880,QC-04,Quay Crane,5.5,0.78,137,Operational
CRN03705,DR09515,PR00001,SR05087,QC-01,RTG Crane,8.48,0.42,257,Operational
CRN03706,DR09192,PR00003,SR09505,QC-05,Quay Crane,4.12,2.15,99,Maintenance
CRN03707,DR07223,PR00004,SR08452,QC-04,RTG Crane,9.25,1.0,237,Operational
CRN03708,DR07058,PR00002,SR03884,QC-04,RTG Crane,8.38,0.75,206,Operational
CRN03709,DR00210,PR00006,SR03114,QC-07,Quay Crane,4.7,1.38,67,Inspection
CRN03710,DR09446,PR00006,SR08493,QC-02,RTG Crane,7.34,1.0,211,Operational
CRN03711,DR09508,PR00003,SR06288,QC-06,Quay Crane,8.02,1.48,191,Inspection
CRN03712,DR00465,PR00003,SR01529,QC-02,Quay Crane,9.41,0.05,190,Operational
CRN03713,DR07370,PR00001,SR05365,QC-03,RTG Crane,4.94,1.56,119,Maintenance
CRN03714,DR06244,PR00003,SR05030,QC-05,Quay Crane,9.74,1.8,276,Maintenance
CRN03715,DR05653,PR00004,SR09273,QC-05,RTG Crane,6.83,1.87,247,Maintenance
CRN03716,DR02188,PR00006,SR07963,QC-04,Quay Crane,10.0,0.9,310,Operational
CRN03717,DR02630,PR00003,SR01983,QC-07,Quay Crane,9.66,1.2,270,Inspection
CRN03718,DR09677,PR00001,SR07313,QC-05,Quay Crane,2.5,1.92,46,Maintenance
CRN03719,DR07060,PR00001,SR01413,QC-05,Quay Crane,8.2,1.8,224,Maintenance
CRN03720,DR07401,PR00001,SR05544,QC-06,Quay Crane,6.92,1.08,174,Inspection
CRN03721,DR06702,PR00007,SR09087,QC-05,Quay Crane,8.56,1.95,195,Maintenance
CRN03722,DR05375,PR00006,SR09466,QC-08,Quay Crane,8.06,0.38,188,Operational
CRN03723,DR03690,PR00006,SR00439,QC-08,RTG Crane,7.67,0.74,142,Operational
CRN03724,DR06717,PR00006,SR01372,QC-07,Quay Crane,8.28,1.39,224,Inspection
CRN03725,DR05475,PR00001,SR04115,QC-08,Quay Crane,5.7,0.69,159,Operational
CRN03726,DR00028,PR00005,SR08720,QC-01,Quay Crane,4.43,0.85,153,Operational
CRN03727,DR07343,PR00005,SR09638,QC-02,Quay Crane,8.15,0.79,148,Operational
CRN03728,DR06201,PR00002,SR06523,QC-03,RTG Crane,7.65,1.11,235,Inspection
CRN03729,DR01749,PR00003,SR09905,QC-07,Quay Crane,9.0,1.23,247,Inspection
CRN03730,DR06180,PR00004,SR02010,QC-07,Quay Crane,8.08,1.19,252,Inspection
CRN03731,DR02241,PR00006,SR08913,QC-03,Quay Crane,6.51,0.99,218,Operational
CRN03732,DR06306,PR00001,SR07543,QC-04,Quay Crane,7.68,0.88,151,Operational
CRN03733,DR01934,PR00006,SR00132,QC-03,Quay Crane,9.25,1.85,255,Maintenance
CRN03734,DR02636,PR00007,SR08148,QC-04,Quay Crane,7.49,0.69,210,Operational
CRN03735,DR04657,PR00007,SR05442,QC-01,RTG Crane,4.07,0.39,133,Operational
CRN03736,DR03673,PR00001,SR04785,QC-03,Quay Crane,9.36,0.83,302,Operational
CRN03737,DR07860,PR00002,SR05301,QC-08,Quay Crane,5.62,0.72,145,Operational
CRN03738,DR01078,PR00005,SR05597,QC-03,Quay Crane,6.31,1.59,142,Maintenance
CRN03739,DR02889,PR00002,SR07774,QC-04,Quay Crane,5.63,0.62,140,Operational
CRN03740,DR05022,PR00001,SR05090,QC-06,Quay Crane,7.49,0.92,151,Operational
CRN03741,DR05018,PR00005,SR08606,QC-08,Quay Crane,6.62,0.19,249,Operational
CRN03742,DR06140,PR00001,SR08882,QC-08,Quay Crane,8.18,0.69,272,Operational
CRN03743,DR06409,PR00003,SR09082,QC-02,Quay Crane,8.53,0.53,226,Operational
CRN03744,DR04629,PR00007,SR07412,QC-01,Quay Crane,4.81,0.69,134,Operational
CRN03745,DR02967,PR00003,SR06614,QC-07,Quay Crane,3.9,1.23,65,Inspection
CRN03746,DR08304,PR00007,SR04215,QC-03,Quay Crane,6.28,1.3,143,Inspection
CRN03747,DR07192,PR00003,SR01658,QC-01,Quay Crane,8.58,0.84,258,Operational
CRN03748,DR06557,PR00002,SR04965,QC-07,Quay Crane,7.74,0.92,219,Operational
CRN03749,DR01831,PR00001,SR04683,QC-07,RTG Crane,8.32,1.65,227,Maintenance
CRN03750,DR06966,PR00002,SR08420,QC-01,Quay Crane,5.34,0.67,139,Operational
CRN03751,DR05849,PR00002,SR06848,QC-07,Quay Crane,5.35,1.2,160,Inspection
CRN03752,DR06673,PR00006,SR01455,QC-06,RTG Crane,8.3,0.81,166,Operational
CRN03753,DR01413,PR00007,SR00710,QC-02,Quay Crane,5.47,1.05,152,Inspection
CRN03754,DR00624,PR00001,SR03091,QC-04,Quay Crane,7.67,0.58,265,Operational
CRN03755,DR08985,PR00001,SR02054,QC-04,Quay Crane,4.8,1.0,149,Operational
CRN03756,DR01781,PR00004,SR05816,QC-03,RTG Crane,6.86,1.69,130,Maintenance
CRN03757,DR05260,PR00003,SR01146,QC-05,Quay Crane,6.09,1.64,164,Maintenance
CRN03758,DR09316,PR00002,SR04729,QC-07,Quay Crane,8.09,1.32,201,Inspection
CRN03759,DR09817,PR00002,SR02658,QC-04,Quay Crane,4.71,0.33,174,Operational
CRN03760,DR04272,PR00002,SR09782,QC-04,Quay Crane,8.56,0.97,232,Operational
CRN03761,DR09470,PR00003,SR03377,QC-06,Quay Crane,7.36,1.05,260,Inspection
CRN03762,DR04195,PR00001,SR06898,QC-07,Quay Crane,8.49,1.16,291,Inspection
CRN03763,DR09041,PR00005,SR04011,QC-01,RTG Crane,6.03,0.07,182,Operational
CRN03764,DR04011,PR00002,SR08251,QC-04,Quay Crane,8.41,0.85,232,Operational
CRN03765,DR08099,PR00003,SR09817,QC-04,Quay Crane,6.33,0.7,211,Operational
CRN03766,DR02326,PR00003,SR02917,QC-07,Quay Crane,9.33,0.93,231,Operational
CRN03767,DR05976,PR00002,SR08162,QC-08,Quay Crane,4.75,0.69,138,Operational
CRN03768,DR08058,PR00006,SR05325,QC-04,Quay Crane,4.77,1.06,115,Inspection
CRN03769,DR06474,PR00005,SR08036,QC-01,Quay Crane,7.08,0.94,173,Operational
CRN03770,DR06992,PR00006,SR00184,QC-04,RTG Crane,7.42,0.64,228,Operational
CRN03771,DR06316,PR00003,SR04527,QC-06,Quay Crane,7.47,0.66,205,Operational
CRN03772,DR06149,PR00003,SR07447,QC-05,Quay Crane,8.09,2.1,269,Maintenance
CRN03773,DR04408,PR00002,SR08191,QC-04,Quay Crane,5.09,0.35,121,Operational
CRN03774,DR00322,PR00004,SR05338,QC-07,Quay Crane,9.79,0.96,234,Operational
CRN03775,DR02870,PR00004,SR08251,QC-05,Quay Crane,7.05,2.03,176,Maintenance
CRN03776,DR06423,PR00003,SR07039,QC-06,RTG Crane,8.33,1.26,237,Inspection
CRN03777,DR06615,PR00001,SR02578,QC-01,Quay Crane,7.3,0.72,192,Operational
CRN03778,DR08042,PR00002,SR03036,QC-01,Quay Crane,8.65,0.5,257,Operational
CRN03779,DR06844,PR00001,SR02377,QC-04,Quay Crane,10.0,0.87,245,Operational
CRN03780,DR02119,PR00002,SR00071,QC-08,Quay Crane,5.68,0.91,174,Operational
CRN03781,DR09894,PR00004,SR07602,QC-08,Quay Crane,7.33,0.75,168,Operational
CRN03782,DR04743,PR00007,SR04456,QC-05,Quay Crane,6.92,1.33,135,Inspection
CRN03783,DR09439,PR00001,SR07067,QC-07,Quay Crane,9.14,1.05,192,Inspection
CRN03784,DR08312,PR00001,SR02715,QC-03,Quay Crane,8.23,1.59,258,Maintenance
CRN03785,DR05131,PR00002,SR02670,QC-07,Quay Crane,8.73,1.04,252,Inspection
CRN03786,DR00183,PR00001,SR04470,QC-07,Quay Crane,6.56,1.44,187,Inspection
CRN03787,DR05150,PR00005,SR04619,QC-04,Quay Crane,8.34,0.81,215,Operational
CRN03788,DR05780,PR00001,SR05718,QC-03,RTG Crane,5.86,1.44,174,Inspection
CRN03789,DR08354,PR00007,SR02315,QC-07,RTG Crane,6.37,1.51,140,Inspection
CRN03790,DR01767,PR00006,SR04334,QC-01,RTG Crane,8.87,0.49,218,Operational
CRN03791,DR05894,PR00003,SR07588,QC-05,RTG Crane,8.6,2.04,225,Maintenance
CRN03792,DR09746,PR00007,SR01553,QC-07,Quay Crane,8.75,1.16,246,Inspection
CRN03793,DR05149,PR00004,SR02164,QC-08,Quay Crane,5.9,0.72,134,Operational
CRN03794,DR04720,PR00007,SR02614,QC-06,RTG Crane,8.3,1.19,252,Inspection
CRN03795,DR00393,PR00002,SR09704,QC-02,Quay Crane,5.71,0.61,122,Operational
CRN03796,DR03171,PR00007,SR01062,QC-07,Quay Crane,7.29,1.26,192,Inspection
CRN03797,DR01690,PR00001,SR09485,QC-05,Quay Crane,8.42,1.59,239,Maintenance
CRN03798,DR07958,PR00002,SR06743,QC-08,Quay Crane,7.73,0.53,155,Operational
CRN03799,DR04786,PR00007,SR05334,QC-01,Quay Crane,9.01,0.44,242,Operational
CRN03800,DR08279,PR00003,SR04889,QC-06,Quay Crane,4.87,0.78,148,Operational
CRN03801,DR02205,PR00002,SR03487,QC-05,Quay Crane,6.55,2.08,171,Maintenance
CRN03802,DR09278,PR00001,SR06441,QC-02,Quay Crane,5.23,0.83,149,Operational
CRN03803,DR08645,PR00001,SR06086,QC-07,RTG Crane,6.61,1.85,138,Maintenance
CRN03804,DR05321,PR00002,SR05407,QC-03,Quay Crane,7.17,1.37,173,Inspection
CRN03805,DR09487,PR00003,SR04563,QC-01,Quay Crane,7.25,0.41,226,Operational
CRN03806,DR02019,PR00004,SR09993,QC-08,Quay Crane,8.51,0.83,279,Operational
CRN03807,DR05695,PR00006,SR08257,QC-07,Quay Crane,8.61,1.33,193,Inspection
CRN03808,DR09464,PR00001,SR07398,QC-01,RTG Crane,6.45,0.8,164,Operational
CRN03809,DR05359,PR00006,SR08858,QC-06,RTG Crane,7.88,0.84,161,Operational
CRN03810,DR06569,PR00004,SR09158,QC-02,Quay Crane,9.7,0.74,267,Operational
CRN03811,DR07294,PR00005,SR07982,QC-03,Quay Crane,9.62,1.42,263,Inspection
CRN03812,DR00490,PR00005,SR00420,QC-03,Quay Crane,7.25,1.32,188,Inspection
CRN03813,DR04449,PR00007,SR02200,QC-06,Quay Crane,8.05,1.25,235,Inspection
CRN03814,DR00595,PR00001,SR08485,QC-06,Quay Crane,7.16,0.67,134,Operational
CRN03815,DR09829,PR00004,SR05711,QC-08,Quay Crane,3.73,0.85,92,Operational
CRN03816,DR09292,PR00007,SR03576,QC-08,RTG Crane,5.31,1.13,157,Inspection
CRN03817,DR08219,PR00005,SR09530,QC-08,Quay Crane,6.44,0.85,228,Operational
CRN03818,DR03114,PR00001,SR07859,QC-08,Quay Crane,6.54,0.86,179,Operational
CRN03819,DR08723,PR00004,SR02904,QC-03,RTG Crane,6.62,1.37,186,Inspection
CRN03820,DR03699,PR00006,SR07970,QC-04,Quay Crane,6.09,0.42,118,Operational
CRN03821,DR08424,PR00002,SR09914,QC-02,Quay Crane,7.14,0.29,161,Operational
CRN03822,DR03978,PR00004,SR04296,QC-05,Quay Crane,6.84,1.97,222,Maintenance
CRN03823,DR06945,PR00006,SR09647,QC-04,RTG Crane,6.12,0.68,173,Operational
CRN03824,DR01827,PR00003,SR08435,QC-08,Quay Crane,6.25,0.31,172,Operational
CRN03825,DR06509,PR00001,SR08411,QC-01,RTG Crane,6.18,0.98,154,Operational
CRN03826,DR09615,PR00004,SR00529,QC-04,RTG Crane,8.89,0.59,251,Operational
CRN03827,DR04900,PR00004,SR01753,QC-07,Quay Crane,8.0,1.23,169,Inspection
CRN03828,DR06664,PR00003,SR04684,QC-06,Quay Crane,6.56,1.0,209,Operational
CRN03829,DR03350,PR00005,SR02706,QC-07,Quay Crane,8.31,1.39,224,Inspection
CRN03830,DR09230,PR00003,SR05648,QC-08,Quay Crane,6.5,0.75,124,Operational
CRN03831,DR08477,PR00006,SR02010,QC-07,RTG Crane,6.85,0.96,190,Operational
CRN03832,DR00929,PR00006,SR06874,QC-04,RTG Crane,6.78,0.34,162,Operational
CRN03833,DR02195,PR00006,SR08246,QC-02,Quay Crane,8.92,0.8,284,Operational
CRN03834,DR00480,PR00003,SR07394,QC-03,RTG Crane,7.6,1.26,178,Inspection
CRN03835,DR01637,PR00001,SR05256,QC-01,Quay Crane,6.59,0.74,173,Operational
CRN03836,DR08478,PR00005,SR00325,QC-01,RTG Crane,9.22,0.37,255,Operational
CRN03837,DR05707,PR00001,SR02076,QC-06,RTG Crane,6.93,1.02,206,Inspection
CRN03838,DR01674,PR00003,SR02808,QC-08,Quay Crane,5.61,0.86,199,Operational
CRN03839,DR02927,PR00001,SR05465,QC-03,RTG Crane,6.18,1.0,167,Operational
CRN03840,DR03944,PR00003,SR02323,QC-05,Quay Crane,4.83,1.95,136,Maintenance
CRN03841,DR08522,PR00005,SR04868,QC-08,Quay Crane,6.14,0.66,142,Operational
CRN03842,DR08641,PR00003,SR01857,QC-07,Quay Crane,6.54,1.07,168,Inspection
CRN03843,DR01767,PR00003,SR03358,QC-08,Quay Crane,5.51,0.21,162,Operational
CRN03844,DR01213,PR00001,SR06268,QC-02,Quay Crane,6.1,0.24,164,Operational
CRN03845,DR06202,PR00002,SR03884,QC-06,Quay Crane,5.63,0.86,175,Operational
CRN03846,DR07755,PR00003,SR07112,QC-04,Quay Crane,8.6,0.75,213,Operational
CRN03847,DR04579,PR00006,SR08747,QC-01,Quay Crane,4.76,0.66,123,Operational
CRN03848,DR00674,PR00006,SR01390,QC-06,Quay Crane,5.31,0.81,113,Operational
CRN03849,DR07215,PR00007,SR08839,QC-02,Quay Crane,7.28,1.12,218,Inspection
CRN03850,DR02170,PR00001,SR02827,QC-05,Quay Crane,4.77,2.12,122,Maintenance
CRN03851,DR01824,PR00002,SR05915,QC-04,Quay Crane,7.4,0.59,235,Operational
CRN03852,DR05739,PR00003,SR03622,QC-01,Quay Crane,5.45,0.5,133,Operational
CRN03853,DR08066,PR00004,SR06589,QC-05,Quay Crane,7.85,1.81,282,Maintenance
CRN03854,DR06394,PR00005,SR07479,QC-07,RTG Crane,6.27,1.23,173,Inspection
CRN03855,DR03013,PR00006,SR09979,QC-03,Quay Crane,6.49,1.46,187,Inspection
CRN03856,DR03984,PR00003,SR02583,QC-05,Quay Crane,8.22,2.26,236,Maintenance
CRN03857,DR02174,PR00004,SR07328,QC-06,Quay Crane,7.25,0.69,196,Operational
CRN03858,DR09477,PR00007,SR05075,QC-04,RTG Crane,4.67,0.6,126,Operational
CRN03859,DR01400,PR00002,SR09183,QC-07,Quay Crane,7.3,1.25,189,Inspection
CRN03860,DR08703,PR00006,SR02092,QC-07,Quay Crane,6.81,0.98,205,Operational
CRN03861,DR06325,PR00005,SR07256,QC-02,Quay Crane,6.68,0.7,169,Operational
CRN03862,DR02595,PR00001,SR08099,QC-03,RTG Crane,6.48,1.82,171,Maintenance
CRN03863,DR00754,PR00007,SR05067,QC-06,Quay Crane,5.85,1.23,177,Inspection
CRN03864,DR09405,PR00006,SR04352,QC-02,Quay Crane,7.52,0.93,221,Operational
CRN03865,DR04467,PR00005,SR03724,QC-06,Quay Crane,6.21,0.92,93,Operational
CRN03866,DR04482,PR00001,SR05893,QC-05,Quay Crane,9.88,1.63,262,Maintenance
CRN03867,DR08051,PR00001,SR06507,QC-01,Quay Crane,9.76,0.75,242,Operational
CRN03868,DR01554,PR00005,SR03854,QC-01,Quay Crane,7.1,0.77,184,Operational
CRN03869,DR04968,PR00001,SR08276,QC-01,Quay Crane,8.44,0.37,262,Operational
CRN03870,DR00113,PR00001,SR03899,QC-04,Quay Crane,6.81,0.84,253,Operational
CRN03871,DR00907,PR00003,SR08740,QC-04,Quay Crane,6.53,0.32,153,Operational
CRN03872,DR08394,PR00001,SR08416,QC-07,RTG Crane,7.21,1.43,167,Inspection
CRN03873,DR04739,PR00005,SR02822,QC-08,Quay Crane,5.79,0.35,163,Operational
CRN03874,DR07775,PR00004,SR00334,QC-08,Quay Crane,5.89,0.86,163,Operational
CRN03875,DR02487,PR00001,SR03838,QC-04,Quay Crane,10.0,0.92,242,Operational
CRN03876,DR06434,PR00004,SR03332,QC-06,RTG Crane,7.1,1.4,207,Inspection
CRN03877,DR03820,PR00001,SR03955,QC-06,Quay Crane,7.97,1.15,186,Inspection
CRN03878,DR02311,PR00001,SR08231,QC-03,Quay Crane,8.27,1.83,168,Maintenance
CRN03879,DR01032,PR00003,SR08056,QC-04,Quay Crane,5.87,0.49,127,Operational
CRN03880,DR02449,PR00003,SR06642,QC-07,RTG Crane,5.1,0.92,158,Operational
CRN03881,DR00151,PR00002,SR08473,QC-03,Quay Crane,9.58,1.39,248,Inspection
CRN03882,DR01431,PR00004,SR03948,QC-02,Quay Crane,7.51,0.46,141,Operational
CRN03883,DR06767,PR00003,SR08278,QC-02,RTG Crane,7.21,1.47,201,Inspection
CRN03884,DR07236,PR00004,SR02703,QC-06,Quay Crane,7.81,1.29,209,Inspection
CRN03885,DR03237,PR00002,SR01920,QC-05,Quay Crane,7.81,1.67,237,Maintenance
CRN03886,DR02660,PR00005,SR08316,QC-02,Quay Crane,8.71,0.56,242,Operational
CRN03887,DR07397,PR00004,SR01660,QC-04,Quay Crane,8.49,0.7,238,Operational
CRN03888,DR05181,PR00001,SR09079,QC-07,Quay Crane,7.19,1.19,180,Inspection
CRN03889,DR02314,PR00005,SR05690,QC-07,Quay Crane,7.21,0.81,179,Operational
CRN03890,DR02028,PR00006,SR07786,QC-04,Quay Crane,9.23,0.73,222,Operational
CRN03891,DR00011,PR00001,SR02546,QC-07,Quay Crane,4.88,1.26,89,Inspection
CRN03892,DR07130,PR00004,SR03894,QC-06,Quay Crane,7.35,1.45,202,Inspection
CRN03893,DR05845,PR00006,SR00833,QC-08,Quay Crane,5.45,0.72,115,Operational
CRN03894,DR01579,PR00001,SR08221,QC-06,RTG Crane,4.71,1.22,113,Inspection
CRN03895,DR01499,PR00007,SR09239,QC-04,RTG Crane,6.09,0.86,211,Operational
CRN03896,DR05119,PR00003,SR00730,QC-02,Quay Crane,5.51,0.95,169,Operational
CRN03897,DR08780,PR00005,SR00927,QC-08,Quay Crane,8.05,0.45,232,Operational
CRN03898,DR06669,PR00006,SR03376,QC-05,Quay Crane,4.32,1.59,117,Maintenance
CRN03899,DR02753,PR00007,SR04229,QC-06,Quay Crane,8.99,1.04,222,Inspection
CRN03900,DR09762,PR00004,SR04619,QC-02,RTG Crane,6.63,0.72,153,Operational
CRN03901,DR03428,PR00005,SR08389,QC-05,Quay Crane,8.41,1.61,244,Maintenance
CRN03902,DR02004,PR00002,SR00260,QC-02,Quay Crane,6.22,0.87,188,Operational
CRN03903,DR02405,PR00002,SR09641,QC-04,Quay Crane,6.08,0.44,112,Operational
CRN03904,DR09527,PR00006,SR07734,QC-01,RTG Crane,6.63,0.93,176,Operational
CRN03905,DR00887,PR00003,SR01923,QC-05,Quay Crane,6.57,1.72,145,Maintenance
CRN03906,DR09768,PR00006,SR08873,QC-04,Quay Crane,6.66,0.05,170,Operational
CRN03907,DR00016,PR00001,SR02861,QC-06,Quay Crane,5.97,1.21,125,Inspection
CRN03908,DR09507,PR00002,SR02962,QC-02,Quay Crane,7.04,1.23,213,Inspection
CRN03909,DR02827,PR00001,SR05516,QC-06,Quay Crane,7.55,0.91,163,Operational
CRN03910,DR07783,PR00003,SR03361,QC-08,Quay Crane,7.86,0.61,159,Operational
CRN03911,DR08874,PR00001,SR01645,QC-06,Quay Crane,9.01,0.85,228,Operational
CRN03912,DR03080,PR00002,SR07614,QC-05,Quay Crane,7.36,2.33,241,Maintenance
CRN03913,DR06132,PR00007,SR08981,QC-04,Quay Crane,8.13,0.67,253,Operational
CRN03914,DR04821,PR00006,SR06461,QC-06,Quay Crane,9.33,0.65,299,Operational
CRN03915,DR09306,PR00005,SR05709,QC-08,Quay Crane,6.04,0.46,198,Operational
CRN03916,DR00409,PR00001,SR01801,QC-06,RTG Crane,8.13,1.16,208,Inspection
CRN03917,DR01309,PR00003,SR02727,QC-01,Quay Crane,6.14,0.84,161,Operational
CRN03918,DR04135,PR00005,SR06718,QC-01,RTG Crane,6.17,0.76,157,Operational
CRN03919,DR05279,PR00001,SR00165,QC-01,Quay Crane,7.3,0.46,161,Operational
CRN03920,DR01367,PR00003,SR03669,QC-01,Quay Crane,2.88,0.64,45,Operational
CRN03921,DR03267,PR00007,SR07077,QC-07,Quay Crane,6.78,0.87,202,Operational
CRN03922,DR00618,PR00001,SR09991,QC-04,RTG Crane,6.04,0.63,142,Operational
CRN03923,DR08834,PR00007,SR04711,QC-02,Quay Crane,4.99,0.61,136,Operational
CRN03924,DR06851,PR00001,SR01818,QC-06,Quay Crane,8.2,1.55,182,Inspection
CRN03925,DR03986,PR00001,SR03854,QC-08,Quay Crane,6.1,0.48,155,Operational
CRN03926,DR05436,PR00001,SR08888,QC-01,Quay Crane,7.95,0.74,231,Operational
CRN03927,DR02033,PR00007,SR07049,QC-02,Quay Crane,8.33,1.15,172,Inspection
CRN03928,DR03613,PR00004,SR08439,QC-02,Quay Crane,8.46,1.05,226,Inspection
CRN03929,DR08867,PR00005,SR03182,QC-01,Quay Crane,10.0,0.4,294,Operational
CRN03930,DR08332,PR00003,SR05668,QC-01,Quay Crane,6.26,1.09,163,Inspection
CRN03931,DR01270,PR00006,SR01707,QC-03,Quay Crane,5.42,1.22,111,Inspection
CRN03932,DR00360,PR00004,SR08566,QC-04,Quay Crane,10.0,0.64,275,Operational
CRN03933,DR03916,PR00004,SR09324,QC-03,Quay Crane,6.76,1.8,130,Maintenance
CRN03934,DR02312,PR00005,SR02052,QC-08,Quay Crane,6.89,0.76,180,Operational
CRN03935,DR07324,PR00005,SR04520,QC-01,Quay Crane,8.5,0.57,204,Operational
CRN03936,DR05933,PR00005,SR03808,QC-07,Quay Crane,7.14,1.22,166,Inspection
CRN03937,DR00960,PR00001,SR00680,QC-05,Quay Crane,6.87,1.4,234,Inspection
CRN03938,DR01423,PR00006,SR03837,QC-01,RTG Crane,8.54,0.09,273,Operational
CRN03939,DR09745,PR00002,SR05516,QC-01,Quay Crane,5.29,0.69,155,Operational
CRN03940,DR08252,PR00007,SR06110,QC-04,Quay Crane,5.44,0.63,157,Operational
CRN03941,DR03694,PR00003,SR05057,QC-06,Quay Crane,7.17,0.74,206,Operational
CRN03942,DR07091,PR00001,SR04037,QC-08,Quay Crane,4.34,0.74,113,Operational
CRN03943,DR05537,PR00002,SR09716,QC-01,Quay Crane,4.64,0.25,121,Operational
CRN03944,DR07722,PR00004,SR00248,QC-06,Quay Crane,9.69,0.96,244,Operational
CRN03945,DR09983,PR00003,SR05102,QC-04,Quay Crane,4.81,0.53,131,Operational
CRN03946,DR07263,PR00006,SR09078,QC-08,Quay Crane,6.4,0.83,135,Operational
CRN03947,DR07439,PR00005,SR07464,QC-05,Quay Crane,8.37,1.78,220,Maintenance
CRN03948,DR07841,PR00002,SR00643,QC-05,RTG Crane,8.64,2.1,257,Maintenance
CRN03949,DR03090,PR00003,SR06309,QC-07,Quay Crane,7.8,1.1,226,Inspection
CRN03950,DR06977,PR00006,SR02056,QC-02,RTG Crane,6.41,0.58,178,Operational
CRN03951,DR09792,PR00006,SR03232,QC-05,Quay Crane,5.89,1.86,99,Maintenance
CRN03952,DR02994,PR00003,SR01093,QC-02,RTG Crane,6.74,1.08,163,Inspection
CRN03953,DR05353,PR00007,SR02947,QC-07,RTG Crane,7.61,0.94,274,Operational
CRN03954,DR09420,PR00001,SR08823,QC-08,Quay Crane,5.13,0.35,146,Operational
CRN03955,DR04423,PR00005,SR04116,QC-04,Quay Crane,8.06,0.49,193,Operational
CRN03956,DR03309,PR00006,SR03246,QC-08,RTG Crane,7.21,1.04,194,Inspection
CRN03957,DR05319,PR00003,SR09348,QC-08,Quay Crane,6.2,0.45,178,Operational
CRN03958,DR02461,PR00001,SR02571,QC-02,Quay Crane,8.08,1.12,215,Inspection
CRN03959,DR00473,PR00005,SR01110,QC-05,Quay Crane,9.19,1.8,246,Maintenance
CRN03960,DR02800,PR00002,SR01771,QC-02,Quay Crane,7.42,0.68,178,Operational
CRN03961,DR06637,PR00001,SR08525,QC-02,Quay Crane,7.34,1.0,248,Operational
CRN03962,DR00625,PR00001,SR08149,QC-04,RTG Crane,6.59,0.69,171,Operational
CRN03963,DR08444,PR00005,SR08124,QC-03,RTG Crane,4.69,1.62,114,Maintenance
CRN03964,DR00155,PR00001,SR02431,QC-04,Quay Crane,5.85,0.52,148,Operational
CRN03965,DR00598,PR00003,SR06958,QC-01,RTG Crane,7.13,0.61,240,Operational
CRN03966,DR00447,PR00007,SR07382,QC-04,Quay Crane,5.08,0.42,128,Operational
CRN03967,DR07285,PR00005,SR06987,QC-01,Quay Crane,6.2,0.16,148,Operational
CRN03968,DR03641,PR00004,SR05191,QC-06,Quay Crane,5.48,0.81,167,Operational
CRN03969,DR06222,PR00003,SR02091,QC-03,Quay Crane,7.3,1.29,163,Inspection
CRN03970,DR05539,PR00001,SR03618,QC-04,Quay Crane,8.14,0.6,180,Operational
CRN03971,DR00501,PR00003,SR09552,QC-03,Quay Crane,8.19,1.02,210,Inspection
CRN03972,DR06391,PR00001,SR05548,QC-02,Quay Crane,9.35,0.74,248,Operational
CRN03973,DR02323,PR00001,SR04318,QC-03,Quay Crane,5.33,1.27,177,Inspection
CRN03974,DR07274,PR00001,SR00629,QC-01,Quay Crane,8.54,0.93,193,Operational
CRN03975,DR07947,PR00004,SR03381,QC-06,Quay Crane,7.57,1.08,195,Inspection
CRN03976,DR01636,PR00001,SR04791,QC-05,Quay Crane,7.76,1.4,188,Inspection
CRN03977,DR01003,PR00001,SR07578,QC-03,Quay Crane,9.44,1.18,216,Inspection
CRN03978,DR03283,PR00006,SR08083,QC-03,Quay Crane,4.56,1.49,86,Inspection
CRN03979,DR03345,PR00001,SR07918,QC-07,Quay Crane,6.96,1.07,199,Inspection
CRN03980,DR00049,PR00005,SR02934,QC-02,Quay Crane,6.48,0.62,226,Operational
CRN03981,DR06735,PR00003,SR02332,QC-01,Quay Crane,5.75,0.26,179,Operational
CRN03982,DR05985,PR00004,SR01342,QC-02,Quay Crane,6.89,0.83,227,Operational
CRN03983,DR04275,PR00001,SR09117,QC-05,Quay Crane,7.78,2.3,108,Maintenance
CRN03984,DR06931,PR00001,SR06537,QC-08,RTG Crane,7.16,0.39,190,Operational
CRN03985,DR07944,PR00006,SR03404,QC-06,Quay Crane,4.62,1.24,114,Inspection
CRN03986,DR02796,PR00003,SR03670,QC-01,Quay Crane,6.82,0.66,216,Operational
CRN03987,DR05765,PR00001,SR04641,QC-07,Quay Crane,5.44,1.06,212,Inspection
CRN03988,DR08394,PR00002,SR06173,QC-02,Quay Crane,5.86,0.94,168,Operational
CRN03989,DR00511,PR00003,SR01855,QC-04,RTG Crane,5.8,0.31,152,Operational
CRN03990,DR00634,PR00001,SR02525,QC-06,Quay Crane,9.8,1.12,244,Inspection
CRN03991,DR04536,PR00004,SR04369,QC-04,Quay Crane,6.49,0.65,169,Operational
CRN03992,DR01520,PR00003,SR02001,QC-03,Quay Crane,6.46,1.33,127,Inspection
CRN03993,DR09490,PR00004,SR07329,QC-01,Quay Crane,7.16,0.56,151,Operational
CRN03994,DR06316,PR00006,SR05590,QC-01,Quay Crane,6.24,0.78,175,Operational
CRN03995,DR04999,PR00003,SR00522,QC-07,Quay Crane,8.67,0.99,225,Operational
CRN03996,DR07953,PR00006,SR02394,QC-02,RTG Crane,8.11,0.26,208,Operational
CRN03997,DR02146,PR00003,SR02198,QC-08,Quay Crane,7.76,0.05,254,Operational
CRN03998,DR08338,PR00003,SR05102,QC-01,Quay Crane,7.08,0.46,291,Operational
CRN03999,DR06329,PR00004,SR07234,QC-03,Quay Crane,8.13,1.91,193,Maintenance
CRN04000,DR01127,PR00004,SR00186,QC-05,Quay Crane,6.96,1.75,149,Maintenance
CRN04001,DR04254,PR00001,SR03446,QC-04,Quay Crane,8.42,1.06,262,Inspection
CRN04002,DR01632,PR00007,SR05526,QC-06,Quay Crane,7.57,0.77,171,Operational
CRN04003,DR02193,PR00007,SR01946,QC-07,Quay Crane,6.28,1.39,134,Inspection
CRN04004,DR08371,PR00002,SR03811,QC-06,Quay Crane,7.1,0.79,208,Operational
CRN04005,DR01517,PR00004,SR00634,QC-02,Quay Crane,8.34,0.48,249,Operational
CRN04006,DR07686,PR00005,SR01369,QC-01,Quay Crane,7.38,0.55,200,Operational
CRN04007,DR03637,PR00007,SR05306,QC-08,Quay Crane,5.93,0.67,157,Operational
CRN04008,DR01069,PR00004,SR03663,QC-04,RTG Crane,10.0,0.76,327,Operational
CRN04009,DR09032,PR00001,SR00884,QC-06,Quay Crane,6.54,1.22,165,Inspection
CRN04010,DR05502,PR00005,SR04041,QC-06,Quay Crane,7.27,1.09,230,Inspection
CRN04011,DR01878,PR00001,SR02322,QC-04,Quay Crane,7.13,1.02,200,Inspection
CRN04012,DR02994,PR00005,SR06507,QC-03,Quay Crane,10.0,1.67,311,Maintenance
CRN04013,DR09752,PR00004,SR04955,QC-06,Quay Crane,7.01,0.94,159,Operational
CRN04014,DR03537,PR00004,SR05892,QC-02,Quay Crane,8.47,0.37,229,Operational
CRN04015,DR04140,PR00001,SR00222,QC-06,RTG Crane,8.51,0.84,207,Operational
CRN04016,DR08276,PR00003,SR04164,QC-06,Quay Crane,5.44,1.07,108,Inspection
CRN04017,DR04054,PR00004,SR03627,QC-04,RTG Crane,9.62,0.73,307,Operational
CRN04018,DR05115,PR00002,SR00896,QC-06,RTG Crane,7.46,1.38,196,Inspection
CRN04019,DR00390,PR00001,SR00168,QC-03,Quay Crane,7.23,1.68,157,Maintenance
CRN04020,DR09204,PR00002,SR09199,QC-07,Quay Crane,7.71,1.36,197,Inspection
CRN04021,DR08639,PR00006,SR04284,QC-02,Quay Crane,10.0,0.89,216,Operational
CRN04022,DR08257,PR00003,SR03609,QC-05,RTG Crane,7.22,1.77,180,Maintenance
CRN04023,DR02817,PR00004,SR01192,QC-06,RTG Crane,7.53,1.14,220,Inspection
CRN04024,DR02583,PR00003,SR03502,QC-05,RTG Crane,8.43,1.84,265,Maintenance
CRN04025,DR04430,PR00006,SR06215,QC-01,Quay Crane,7.62,0.27,123,Operational
CRN04026,DR09501,PR00003,SR07109,QC-02,Quay Crane,8.94,1.11,221,Inspection
CRN04027,DR03560,PR00001,SR05708,QC-02,Quay Crane,7.86,0.34,232,Operational
CRN04028,DR01623,PR00001,SR09064,QC-01,Quay Crane,8.93,0.37,259,Operational
CRN04029,DR02079,PR00001,SR04071,QC-06,Quay Crane,8.18,0.85,202,Operational
CRN04030,DR08401,PR00006,SR03746,QC-07,Quay Crane,7.46,0.96,203,Operational
CRN04031,DR03595,PR00004,SR05713,QC-04,Quay Crane,8.83,0.47,230,Operational
CRN04032,DR05464,PR00005,SR09518,QC-07,Quay Crane,8.42,1.24,225,Inspection
CRN04033,DR04993,PR00005,SR03188,QC-04,Quay Crane,7.0,0.58,232,Operational
CRN04034,DR00712,PR00006,SR09801,QC-01,Quay Crane,6.17,0.67,193,Operational
CRN04035,DR09490,PR00007,SR01425,QC-07,Quay Crane,7.52,1.22,165,Inspection
CRN04036,DR03164,PR00004,SR07817,QC-06,Quay Crane,9.05,0.97,216,Operational
CRN04037,DR07886,PR00002,SR06316,QC-01,Quay Crane,5.68,0.7,172,Operational
CRN04038,DR09861,PR00001,SR08045,QC-07,Quay Crane,6.99,0.96,143,Operational
CRN04039,DR02377,PR00004,SR05425,QC-08,Quay Crane,7.12,0.12,208,Operational
CRN04040,DR02893,PR00005,SR02894,QC-05,Quay Crane,8.76,2.03,247,Maintenance
CRN04041,DR07560,PR00004,SR08125,QC-05,Quay Crane,5.56,1.8,122,Maintenance
CRN04042,DR00470,PR00002,SR03727,QC-06,Quay Crane,8.76,1.07,231,Inspection
CRN04043,DR09932,PR00005,SR01432,QC-03,Quay Crane,6.22,0.68,195,Operational
CRN04044,DR04044,PR00003,SR06727,QC-03,Quay Crane,7.28,1.2,268,Inspection
CRN04045,DR02131,PR00002,SR00545,QC-02,Quay Crane,8.49,0.77,249,Operational
CRN04046,DR08540,PR00006,SR07884,QC-01,RTG Crane,9.5,0.59,265,Operational
CRN04047,DR01192,PR00004,SR06249,QC-02,Quay Crane,8.97,1.08,202,Inspection
CRN04048,DR03408,PR00002,SR05740,QC-04,RTG Crane,6.39,0.54,110,Operational
CRN04049,DR08556,PR00002,SR03069,QC-04,Quay Crane,5.83,0.17,151,Operational
CRN04050,DR06950,PR00004,SR00536,QC-08,Quay Crane,10.0,0.38,308,Operational
CRN04051,DR06513,PR00003,SR06158,QC-06,Quay Crane,5.32,0.86,153,Operational
CRN04052,DR02490,PR00001,SR06748,QC-05,Quay Crane,9.8,1.95,279,Maintenance
CRN04053,DR04187,PR00004,SR00026,QC-02,Quay Crane,8.68,0.91,244,Operational
CRN04054,DR09045,PR00005,SR04928,QC-02,Quay Crane,8.55,0.53,251,Operational
CRN04055,DR06834,PR00001,SR06330,QC-02,RTG Crane,8.35,1.07,214,Inspection
CRN04056,DR09591,PR00003,SR08525,QC-02,RTG Crane,5.88,0.43,188,Operational
CRN04057,DR09964,PR00004,SR01358,QC-03,Quay Crane,6.74,1.97,203,Maintenance
CRN04058,DR09563,PR00002,SR01196,QC-06,Quay Crane,10.0,0.89,282,Operational
CRN04059,DR04848,PR00002,SR04696,QC-05,Quay Crane,5.35,1.55,137,Inspection
CRN04060,DR02494,PR00002,SR05218,QC-03,Quay Crane,9.54,1.24,193,Inspection
CRN04061,DR02448,PR00003,SR02173,QC-07,RTG Crane,9.92,0.95,265,Operational
CRN04062,DR05928,PR00006,SR00048,QC-06,RTG Crane,5.9,0.72,154,Operational
CRN04063,DR04705,PR00003,SR04382,QC-02,Quay Crane,8.65,1.0,238,Operational
CRN04064,DR03666,PR00007,SR06444,QC-03,Quay Crane,10.0,1.61,307,Maintenance
CRN04065,DR09124,PR00003,SR07300,QC-05,Quay Crane,10.0,1.76,260,Maintenance
CRN04066,DR03835,PR00005,SR02998,QC-07,Quay Crane,4.14,1.15,187,Inspection
CRN04067,DR00832,PR00004,SR06083,QC-01,Quay Crane,8.84,0.24,245,Operational
CRN04068,DR07425,PR00005,SR09453,QC-07,Quay Crane,7.7,1.46,226,Inspection
CRN04069,DR05496,PR00006,SR03051,QC-02,Quay Crane,9.28,0.68,253,Operational
CRN04070,DR03921,PR00003,SR03893,QC-05,Quay Crane,8.0,2.09,159,Maintenance
CRN04071,DR01439,PR00003,SR06967,QC-03,Quay Crane,7.41,1.4,195,Inspection
CRN04072,DR06927,PR00007,SR04585,QC-01,Quay Crane,10.0,0.42,252,Operational
CRN04073,DR09109,PR00007,SR06726,QC-01,Quay Crane,7.62,0.27,244,Operational
CRN04074,DR09944,PR00007,SR00617,QC-05,Quay Crane,10.0,2.28,251,Maintenance
CRN04075,DR08570,PR00001,SR08033,QC-07,RTG Crane,8.38,1.32,190,Inspection
CRN04076,DR01503,PR00001,SR01457,QC-06,Quay Crane,5.72,0.94,184,Operational
CRN04077,DR07253,PR00003,SR04335,QC-08,Quay Crane,8.0,0.88,240,Operational
CRN04078,DR05261,PR00005,SR07767,QC-05,Quay Crane,9.71,1.9,301,Maintenance
CRN04079,DR01620,PR00001,SR06296,QC-04,RTG Crane,5.89,0.6,186,Operational
CRN04080,DR08629,PR00003,SR05069,QC-01,Quay Crane,7.67,0.18,223,Operational
CRN04081,DR08544,PR00004,SR09832,QC-06,Quay Crane,3.42,0.62,98,Operational
CRN04082,DR09864,PR00002,SR00139,QC-06,Quay Crane,5.91,1.15,168,Inspection
CRN04083,DR00095,PR00005,SR02919,QC-03,Quay Crane,5.3,1.2,86,Inspection
CRN04084,DR09765,PR00002,SR04888,QC-01,Quay Crane,5.47,0.31,118,Operational
CRN04085,DR06612,PR00006,SR03006,QC-04,Quay Crane,9.15,0.87,243,Operational
CRN04086,DR09276,PR00002,SR02517,QC-01,Quay Crane,6.58,0.46,174,Operational
CRN04087,DR00260,PR00004,SR07223,QC-08,Quay Crane,6.53,0.5,145,Operational
CRN04088,DR07787,PR00004,SR07467,QC-07,Quay Crane,6.1,0.85,77,Operational
CRN04089,DR03998,PR00002,SR09546,QC-07,Quay Crane,8.24,0.9,222,Operational
CRN04090,DR08206,PR00003,SR08915,QC-05,Quay Crane,9.77,1.85,247,Maintenance
CRN04091,DR04638,PR00006,SR03661,QC-01,Quay Crane,8.17,0.52,189,Operational
CRN04092,DR07438,PR00004,SR05156,QC-07,Quay Crane,8.44,1.1,195,Inspection
CRN04093,DR03293,PR00001,SR08792,QC-01,Quay Crane,8.87,0.93,222,Operational
CRN04094,DR07710,PR00005,SR06356,QC-06,Quay Crane,7.53,0.94,150,Operational
CRN04095,DR05837,PR00001,SR02782,QC-06,Quay Crane,4.68,1.03,189,Inspection
CRN04096,DR04101,PR00003,SR09824,QC-03,Quay Crane,8.99,1.03,244,Inspection
CRN04097,DR04277,PR00003,SR03514,QC-02,Quay Crane,6.83,0.77,157,Operational
CRN04098,DR09235,PR00003,SR07538,QC-04,Quay Crane,4.5,0.63,172,Operational
CRN04099,DR06873,PR00001,SR09796,QC-07,Quay Crane,8.04,1.05,218,Inspection
CRN04100,DR05316,PR00002,SR01470,QC-02,RTG Crane,10.0,1.34,225,Inspection
CRN04101,DR01626,PR00001,SR03109,QC-01,Quay Crane,9.15,0.49,203,Operational
CRN04102,DR00678,PR00003,SR09174,QC-08,Quay Crane,4.96,0.68,170,Operational
CRN04103,DR01769,PR00004,SR07029,QC-02,Quay Crane,7.08,0.96,175,Operational
CRN04104,DR03887,PR00004,SR04955,QC-02,Quay Crane,6.24,0.77,128,Operational
CRN04105,DR01392,PR00001,SR04679,QC-07,Quay Crane,5.3,1.19,108,Inspection
CRN04106,DR07192,PR00001,SR02442,QC-05,RTG Crane,7.01,2.04,142,Maintenance
CRN04107,DR05320,PR00004,SR02307,QC-05,Quay Crane,6.96,1.5,207,Inspection
CRN04108,DR06827,PR00003,SR03036,QC-06,Quay Crane,5.48,1.33,135,Inspection
CRN04109,DR00784,PR00006,SR00199,QC-03,Quay Crane,6.59,1.44,161,Inspection
CRN04110,DR04521,PR00002,SR09985,QC-02,RTG Crane,6.81,1.19,208,Inspection
CRN04111,DR01971,PR00001,SR06557,QC-04,Quay Crane,5.75,0.86,126,Operational
CRN04112,DR03555,PR00003,SR04769,QC-08,Quay Crane,4.49,0.17,121,Operational
CRN04113,DR01083,PR00004,SR09595,QC-02,Quay Crane,5.98,0.6,197,Operational
CRN04114,DR00066,PR00003,SR03112,QC-08,RTG Crane,4.74,0.51,116,Operational
CRN04115,DR05440,PR00001,SR00228,QC-04,Quay Crane,7.68,0.32,182,Operational
CRN04116,DR09218,PR00001,SR00182,QC-03,Quay Crane,7.18,1.3,142,Inspection
CRN04117,DR09412,PR00005,SR07481,QC-01,Quay Crane,9.09,0.24,241,Operational
CRN04118,DR01052,PR00002,SR04480,QC-01,Quay Crane,3.74,0.46,141,Operational
CRN04119,DR00674,PR00004,SR01932,QC-01,Quay Crane,9.18,0.32,212,Operational
CRN04120,DR02083,PR00002,SR02851,QC-07,Quay Crane,5.33,1.14,135,Inspection
CRN04121,DR00794,PR00002,SR08576,QC-08,Quay Crane,7.08,0.91,124,Operational
CRN04122,DR03485,PR00002,SR01598,QC-06,Quay Crane,6.69,0.75,199,Operational
CRN04123,DR03370,PR00007,SR04703,QC-06,Quay Crane,5.17,0.99,109,Operational
CRN04124,DR05927,PR00001,SR01831,QC-03,Quay Crane,7.59,1.12,224,Inspection
CRN04125,DR05685,PR00001,SR03394,QC-02,Quay Crane,7.28,0.95,211,Operational
CRN04126,DR05948,PR00006,SR03092,QC-04,Quay Crane,10.0,0.53,252,Operational
CRN04127,DR07731,PR00001,SR01315,QC-03,RTG Crane,7.39,1.45,172,Inspection
CRN04128,DR04477,PR00002,SR00132,QC-01,Quay Crane,6.71,0.06,194,Operational
CRN04129,DR06915,PR00002,SR03389,QC-02,Quay Crane,6.05,0.48,144,Operational
CRN04130,DR04209,PR00005,SR02857,QC-01,RTG Crane,6.18,0.67,160,Operational
CRN04131,DR05694,PR00003,SR08802,QC-05,Quay Crane,3.9,2.16,155,Maintenance
CRN04132,DR03795,PR00006,SR08530,QC-07,Quay Crane,6.25,1.44,124,Inspection
CRN04133,DR05430,PR00005,SR03992,QC-04,Quay Crane,7.92,0.75,279,Operational
CRN04134,DR03590,PR00003,SR02715,QC-05,RTG Crane,5.97,1.68,184,Maintenance
CRN04135,DR03320,PR00002,SR01637,QC-07,Quay Crane,8.68,0.88,225,Operational
CRN04136,DR06329,PR00006,SR05920,QC-06,Quay Crane,7.16,0.9,171,Operational
CRN04137,DR07699,PR00006,SR09491,QC-06,RTG Crane,8.29,0.67,207,Operational
CRN04138,DR04685,PR00006,SR08710,QC-05,Quay Crane,6.74,1.72,239,Maintenance
CRN04139,DR04635,PR00001,SR02025,QC-04,Quay Crane,6.04,0.8,135,Operational
CRN04140,DR00767,PR00005,SR09530,QC-01,Quay Crane,9.12,0.39,219,Operational
CRN04141,DR05256,PR00005,SR06627,QC-08,RTG Crane,7.13,0.5,179,Operational
CRN04142,DR08119,PR00007,SR06379,QC-05,Quay Crane,8.9,1.79,201,Maintenance
CRN04143,DR00042,PR00002,SR04024,QC-01,Quay Crane,6.56,0.65,175,Operational
CRN04144,DR04120,PR00006,SR06954,QC-01,Quay Crane,2.5,0.46,57,Operational
CRN04145,DR01752,PR00005,SR01753,QC-06,Quay Crane,9.79,1.24,242,Inspection
CRN04146,DR02778,PR00006,SR04911,QC-01,Quay Crane,5.84,0.74,140,Operational
CRN04147,DR08484,PR00005,SR02763,QC-01,Quay Crane,5.14,0.85,136,Operational
CRN04148,DR05723,PR00006,SR08270,QC-06,Quay Crane,8.36,1.04,259,Inspection
CRN04149,DR08245,PR00002,SR05775,QC-06,Quay Crane,4.44,1.33,78,Inspection
CRN04150,DR01838,PR00001,SR06595,QC-05,RTG Crane,8.66,1.89,254,Maintenance
CRN04151,DR05208,PR00003,SR08592,QC-05,Quay Crane,7.29,1.97,223,Maintenance
CRN04152,DR00210,PR00006,SR00220,QC-07,Quay Crane,7.59,0.79,223,Operational
CRN04153,DR03106,PR00001,SR06291,QC-03,Quay Crane,7.86,1.44,253,Inspection
CRN04154,DR00477,PR00004,SR02818,QC-02,Quay Crane,5.54,0.97,179,Operational
CRN04155,DR07027,PR00007,SR03776,QC-07,Quay Crane,5.55,1.29,99,Inspection
CRN04156,DR07290,PR00006,SR01087,QC-03,Quay Crane,8.56,1.56,170,Maintenance
CRN04157,DR00123,PR00005,SR07963,QC-02,Quay Crane,6.25,0.89,132,Operational
CRN04158,DR09225,PR00006,SR07837,QC-07,Quay Crane,6.78,1.17,194,Inspection
CRN04159,DR04869,PR00001,SR00470,QC-06,Quay Crane,7.41,1.27,194,Inspection
CRN04160,DR05182,PR00003,SR01311,QC-07,Quay Crane,8.24,0.92,225,Operational
CRN04161,DR03903,PR00003,SR03933,QC-04,Quay Crane,4.68,0.89,144,Operational
CRN04162,DR08576,PR00006,SR01930,QC-05,Quay Crane,7.91,1.84,167,Maintenance
CRN04163,DR01865,PR00002,SR07848,QC-05,Quay Crane,8.78,1.95,200,Maintenance
CRN04164,DR08676,PR00001,SR07575,QC-08,Quay Crane,7.88,0.48,158,Operational
CRN04165,DR06877,PR00005,SR09597,QC-03,Quay Crane,9.26,1.49,300,Inspection
CRN04166,DR08776,PR00003,SR08410,QC-01,Quay Crane,6.75,0.3,195,Operational
CRN04167,DR02490,PR00006,SR09585,QC-01,Quay Crane,4.9,0.44,157,Operational
CRN04168,DR04459,PR00003,SR09935,QC-02,RTG Crane,8.01,0.88,205,Operational
CRN04169,DR01367,PR00006,SR03142,QC-01,Quay Crane,7.23,0.34,227,Operational
CRN04170,DR04725,PR00003,SR00145,QC-01,Quay Crane,9.99,0.81,231,Operational
CRN04171,DR08273,PR00006,SR06308,QC-01,RTG Crane,7.61,0.8,220,Operational
CRN04172,DR02936,PR00005,SR02584,QC-07,Quay Crane,8.52,1.05,222,Inspection
CRN04173,DR05781,PR00002,SR05865,QC-02,RTG Crane,6.72,0.99,188,Operational
CRN04174,DR04773,PR00002,SR09921,QC-07,Quay Crane,7.27,1.06,190,Inspection
CRN04175,DR03606,PR00006,SR01135,QC-02,Quay Crane,9.05,1.19,253,Inspection
CRN04176,DR01084,PR00002,SR00211,QC-08,RTG Crane,8.18,0.06,171,Operational
CRN04177,DR08497,PR00005,SR01867,QC-08,RTG Crane,10.0,0.82,249,Operational
CRN04178,DR05508,PR00001,SR04816,QC-08,RTG Crane,8.63,0.83,253,Operational
CRN04179,DR06409,PR00005,SR09928,QC-05,Quay Crane,7.32,1.68,243,Maintenance
CRN04180,DR04044,PR00002,SR05294,QC-03,Quay Crane,7.62,1.45,175,Inspection
CRN04181,DR08875,PR00004,SR03968,QC-06,Quay Crane,8.25,0.79,243,Operational
CRN04182,DR02785,PR00004,SR02111,QC-02,Quay Crane,9.29,0.65,271,Operational
CRN04183,DR07366,PR00002,SR04829,QC-01,RTG Crane,6.98,0.8,195,Operational
CRN04184,DR06256,PR00003,SR08135,QC-07,Quay Crane,4.65,1.57,159,Maintenance
CRN04185,DR02385,PR00006,SR08878,QC-02,Quay Crane,8.46,0.6,216,Operational
CRN04186,DR09645,PR00005,SR05446,QC-03,Quay Crane,8.86,1.61,259,Maintenance
CRN04187,DR01315,PR00007,SR07135,QC-07,Quay Crane,6.61,1.43,165,Inspection
CRN04188,DR09903,PR00006,SR04863,QC-07,Quay Crane,9.38,0.82,300,Operational
CRN04189,DR03574,PR00004,SR08590,QC-06,Quay Crane,8.54,0.79,213,Operational
CRN04190,DR09185,PR00004,SR09437,QC-03,Quay Crane,7.69,1.11,210,Inspection
CRN04191,DR06285,PR00007,SR02729,QC-01,Quay Crane,6.53,0.57,136,Operational
CRN04192,DR00260,PR00003,SR06011,QC-07,Quay Crane,5.9,1.01,133,Inspection
CRN04193,DR02573,PR00003,SR02546,QC-01,RTG Crane,8.15,0.55,270,Operational
CRN04194,DR04030,PR00006,SR08849,QC-04,Quay Crane,7.77,0.93,195,Operational
CRN04195,DR00137,PR00007,SR08164,QC-08,Quay Crane,6.8,0.74,174,Operational
CRN04196,DR08752,PR00003,SR07421,QC-05,Quay Crane,4.74,1.69,144,Maintenance
CRN04197,DR00690,PR00001,SR09256,QC-01,Quay Crane,8.17,0.78,197,Operational
CRN04198,DR05724,PR00004,SR01830,QC-01,Quay Crane,8.24,0.78,222,Operational
CRN04199,DR03693,PR00005,SR06778,QC-07,Quay Crane,7.58,1.44,188,Inspection
CRN04200,DR00101,PR00003,SR07238,QC-04,Quay Crane,7.08,0.92,198,Operational
CRN04201,DR06605,PR00005,SR03129,QC-03,Quay Crane,5.68,1.05,167,Inspection
CRN04202,DR03432,PR00003,SR00381,QC-05,Quay Crane,8.28,2.05,215,Maintenance
CRN04203,DR09173,PR00002,SR03981,QC-03,Quay Crane,10.0,1.27,206,Inspection
CRN04204,DR05989,PR00004,SR07036,QC-07,Quay Crane,5.92,1.11,151,Inspection
CRN04205,DR07778,PR00003,SR04929,QC-06,RTG Crane,6.04,0.95,141,Operational
CRN04206,DR03480,PR00006,SR08996,QC-03,RTG Crane,6.66,1.36,133,Inspection
CRN04207,DR03927,PR00001,SR06483,QC-08,Quay Crane,9.15,0.16,165,Operational
CRN04208,DR06022,PR00006,SR08468,QC-08,Quay Crane,9.43,0.74,232,Operational
CRN04209,DR06749,PR00002,SR02934,QC-05,Quay Crane,7.13,1.88,224,Maintenance
CRN04210,DR02561,PR00007,SR07663,QC-03,Quay Crane,7.21,1.4,198,Inspection
CRN04211,DR00094,PR00005,SR03040,QC-05,Quay Crane,7.29,1.49,214,Inspection
CRN04212,DR09893,PR00002,SR00949,QC-06,Quay Crane,5.07,0.74,137,Operational
CRN04213,DR00839,PR00007,SR09732,QC-07,RTG Crane,4.84,1.1,166,Inspection
CRN04214,DR02947,PR00003,SR06285,QC-07,Quay Crane,7.82,1.29,211,Inspection
CRN04215,DR09673,PR00003,SR07543,QC-07,Quay Crane,10.0,1.41,279,Inspection
CRN04216,DR01993,PR00007,SR06442,QC-07,Quay Crane,10.0,1.03,263,Inspection
CRN04217,DR02490,PR00007,SR04431,QC-03,RTG Crane,6.86,1.55,176,Inspection
CRN04218,DR03843,PR00005,SR02124,QC-03,Quay Crane,6.01,1.19,149,Inspection
CRN04219,DR06488,PR00007,SR04240,QC-05,RTG Crane,5.69,1.73,166,Maintenance
CRN04220,DR05729,PR00002,SR01693,QC-07,Quay Crane,10.0,1.16,296,Inspection
CRN04221,DR02910,PR00002,SR00438,QC-04,Quay Crane,5.51,0.57,156,Operational
CRN04222,DR07518,PR00001,SR09428,QC-05,Quay Crane,7.22,1.93,203,Maintenance
CRN04223,DR05323,PR00002,SR09879,QC-03,Quay Crane,8.78,1.17,232,Inspection
CRN04224,DR07020,PR00004,SR06107,QC-02,RTG Crane,7.21,0.94,206,Operational
CRN04225,DR05084,PR00002,SR04828,QC-08,Quay Crane,9.47,0.64,272,Operational
CRN04226,DR00772,PR00004,SR00746,QC-02,Quay Crane,5.14,0.5,105,Operational
CRN04227,DR05124,PR00001,SR04806,QC-05,Quay Crane,6.11,2.07,88,Maintenance
CRN04228,DR05214,PR00002,SR06464,QC-08,Quay Crane,6.46,0.72,206,Operational
CRN04229,DR02987,PR00005,SR01937,QC-05,Quay Crane,7.0,1.9,176,Maintenance
CRN04230,DR05718,PR00001,SR02246,QC-04,Quay Crane,8.77,0.56,236,Operational
CRN04231,DR04359,PR00005,SR06170,QC-03,Quay Crane,3.99,0.97,90,Operational
CRN04232,DR09879,PR00005,SR08138,QC-03,Quay Crane,6.93,1.44,172,Inspection
CRN04233,DR06258,PR00004,SR09966,QC-07,Quay Crane,7.81,1.86,225,Maintenance
CRN04234,DR07866,PR00006,SR06136,QC-04,RTG Crane,8.54,0.05,222,Operational
CRN04235,DR07920,PR00007,SR06613,QC-02,Quay Crane,6.34,1.05,163,Inspection
CRN04236,DR04863,PR00001,SR06442,QC-07,Quay Crane,7.06,0.92,172,Operational
CRN04237,DR00847,PR00005,SR09611,QC-06,Quay Crane,7.48,1.1,240,Inspection
CRN04238,DR00960,PR00002,SR02060,QC-05,Quay Crane,8.14,1.59,236,Maintenance
CRN04239,DR05971,PR00003,SR08096,QC-03,RTG Crane,9.71,1.51,325,Inspection
CRN04240,DR06144,PR00004,SR03903,QC-01,RTG Crane,7.14,0.85,191,Operational
CRN04241,DR07030,PR00005,SR09777,QC-04,Quay Crane,8.12,0.71,217,Operational
CRN04242,DR02886,PR00006,SR02795,QC-06,Quay Crane,4.23,1.07,129,Inspection
CRN04243,DR07809,PR00005,SR01179,QC-03,RTG Crane,6.86,1.41,151,Inspection
CRN04244,DR00350,PR00005,SR05704,QC-05,RTG Crane,8.27,1.66,244,Maintenance
CRN04245,DR05992,PR00004,SR04347,QC-06,Quay Crane,8.91,0.92,245,Operational
CRN04246,DR01049,PR00001,SR01046,QC-02,Quay Crane,4.65,0.95,148,Operational
CRN04247,DR02232,PR00001,SR08355,QC-03,Quay Crane,7.1,1.67,163,Maintenance
CRN04248,DR04253,PR00003,SR00030,QC-07,Quay Crane,6.47,1.06,164,Inspection
CRN04249,DR07401,PR00005,SR02201,QC-04,Quay Crane,9.02,0.82,254,Operational
CRN04250,DR07616,PR00001,SR05996,QC-07,Quay Crane,4.88,1.11,136,Inspection
CRN04251,DR05583,PR00003,SR06051,QC-07,RTG Crane,8.12,1.35,202,Inspection
CRN04252,DR08552,PR00002,SR00150,QC-01,Quay Crane,7.79,0.73,241,Operational
CRN04253,DR00184,PR00004,SR01888,QC-06,Quay Crane,8.36,0.92,234,Operational
CRN04254,DR01854,PR00003,SR09329,QC-03,RTG Crane,7.42,1.46,210,Inspection
CRN04255,DR00369,PR00002,SR04893,QC-07,Quay Crane,8.05,0.83,176,Operational
CRN04256,DR04341,PR00001,SR05422,QC-02,Quay Crane,8.39,0.96,177,Operational
CRN04257,DR08855,PR00002,SR05068,QC-08,Quay Crane,6.27,0.71,146,Operational
CRN04258,DR06352,PR00003,SR07797,QC-01,Quay Crane,6.99,0.81,207,Operational
CRN04259,DR08674,PR00007,SR02605,QC-07,Quay Crane,8.52,0.74,242,Operational
CRN04260,DR03339,PR00002,SR03861,QC-03,Quay Crane,7.57,1.32,245,Inspection
CRN04261,DR06861,PR00003,SR06567,QC-01,Quay Crane,4.18,0.25,100,Operational
CRN04262,DR07471,PR00004,SR04194,QC-02,RTG Crane,4.92,0.53,138,Operational
CRN04263,DR00388,PR00004,SR00472,QC-02,Quay Crane,9.39,0.32,230,Operational
CRN04264,DR00636,PR00002,SR05720,QC-04,RTG Crane,6.54,0.76,210,Operational
CRN04265,DR08337,PR00001,SR06928,QC-03,Quay Crane,3.91,1.2,82,Inspection
CRN04266,DR07468,PR00007,SR04783,QC-03,Quay Crane,6.41,1.38,192,Inspection
CRN04267,DR01228,PR00007,SR05233,QC-08,RTG Crane,8.43,0.65,233,Operational
CRN04268,DR07398,PR00003,SR05290,QC-06,Quay Crane,6.38,1.06,153,Inspection
CRN04269,DR05227,PR00004,SR01422,QC-03,Quay Crane,9.31,1.51,215,Inspection
CRN04270,DR00348,PR00001,SR00190,QC-03,Quay Crane,5.63,1.68,158,Maintenance
CRN04271,DR07022,PR00001,SR02104,QC-07,Quay Crane,7.94,1.18,200,Inspection
CRN04272,DR02026,PR00001,SR01805,QC-01,RTG Crane,8.48,0.46,171,Operational
CRN04273,DR01356,PR00005,SR01187,QC-06,Quay Crane,7.65,0.66,271,Operational
CRN04274,DR06370,PR00002,SR08453,QC-04,Quay Crane,8.22,0.82,237,Operational
CRN04275,DR03403,PR00001,SR08643,QC-07,Quay Crane,9.87,1.0,290,Operational
CRN04276,DR04553,PR00001,SR06277,QC-08,Quay Crane,8.08,0.67,202,Operational
CRN04277,DR09096,PR00001,SR08286,QC-01,Quay Crane,4.46,1.05,80,Inspection
CRN04278,DR02809,PR00003,SR04419,QC-03,Quay Crane,7.14,0.97,179,Operational
CRN04279,DR07141,PR00004,SR06604,QC-03,Quay Crane,7.97,1.07,251,Inspection
CRN04280,DR02180,PR00004,SR08646,QC-07,RTG Crane,9.06,1.22,213,Inspection
CRN04281,DR06165,PR00003,SR06594,QC-06,Quay Crane,7.79,0.67,216,Operational
CRN04282,DR05397,PR00003,SR02467,QC-08,Quay Crane,7.64,0.92,183,Operational
CRN04283,DR00415,PR00005,SR08783,QC-03,Quay Crane,8.28,1.1,210,Inspection
CRN04284,DR02719,PR00002,SR00751,QC-02,Quay Crane,7.72,0.8,248,Operational
CRN04285,DR02962,PR00002,SR05562,QC-06,RTG Crane,5.85,1.06,180,Inspection
CRN04286,DR03715,PR00006,SR08592,QC-02,Quay Crane,8.96,0.48,262,Operational
CRN04287,DR03805,PR00005,SR00165,QC-07,Quay Crane,6.11,1.21,177,Inspection
CRN04288,DR00631,PR00003,SR03479,QC-06,RTG Crane,4.79,1.29,96,Inspection
CRN04289,DR00622,PR00002,SR08462,QC-04,Quay Crane,7.68,0.82,255,Operational
CRN04290,DR04710,PR00001,SR00347,QC-02,RTG Crane,6.13,0.72,155,Operational
CRN04291,DR02002,PR00001,SR01543,QC-03,Quay Crane,7.44,1.52,221,Inspection
CRN04292,DR02659,PR00006,SR02856,QC-05,Quay Crane,5.07,1.27,186,Inspection
CRN04293,DR07033,PR00004,SR01482,QC-04,Quay Crane,7.4,0.56,180,Operational
CRN04294,DR08106,PR00001,SR07279,QC-05,Quay Crane,6.66,1.47,135,Inspection
CRN04295,DR01325,PR00001,SR08639,QC-08,Quay Crane,6.98,0.68,199,Operational
CRN04296,DR04685,PR00002,SR04870,QC-08,Quay Crane,7.41,0.64,204,Operational
CRN04297,DR01312,PR00002,SR09542,QC-05,RTG Crane,6.87,1.62,190,Maintenance
CRN04298,DR02929,PR00004,SR02584,QC-03,Quay Crane,6.12,1.6,137,Maintenance
CRN04299,DR03937,PR00003,SR00939,QC-01,Quay Crane,5.34,0.05,136,Operational
CRN04300,DR03493,PR00006,SR05432,QC-01,Quay Crane,7.88,0.95,200,Operational
CRN04301,DR09286,PR00005,SR02290,QC-02,Quay Crane,6.15,1.07,189,Inspection
CRN04302,DR01778,PR00007,SR01174,QC-04,Quay Crane,4.89,0.72,152,Operational
CRN04303,DR06245,PR00006,SR07664,QC-01,Quay Crane,6.47,0.41,181,Operational
CRN04304,DR02004,PR00007,SR07673,QC-01,RTG Crane,6.17,0.48,252,Operational
CRN04305,DR02260,PR00007,SR06183,QC-06,Quay Crane,6.36,1.02,208,Inspection
CRN04306,DR00689,PR00002,SR00218,QC-02,Quay Crane,8.62,0.65,212,Operational
CRN04307,DR07543,PR00002,SR06177,QC-04,Quay Crane,5.79,0.66,150,Operational
CRN04308,DR06666,PR00001,SR03240,QC-03,RTG Crane,9.8,1.42,317,Inspection
CRN04309,DR00187,PR00004,SR01850,QC-04,Quay Crane,7.18,0.84,178,Operational
CRN04310,DR05092,PR00005,SR02888,QC-07,Quay Crane,6.57,1.53,254,Inspection
CRN04311,DR02081,PR00001,SR00508,QC-07,Quay Crane,9.07,1.56,246,Maintenance
CRN04312,DR01639,PR00006,SR02042,QC-01,Quay Crane,6.96,0.52,214,Operational
CRN04313,DR02875,PR00006,SR01965,QC-02,Quay Crane,6.48,0.42,179,Operational
CRN04314,DR05230,PR00004,SR07831,QC-06,Quay Crane,6.9,0.94,140,Operational
CRN04315,DR09925,PR00003,SR02135,QC-04,Quay Crane,10.0,1.03,297,Inspection
CRN04316,DR06226,PR00001,SR09956,QC-08,Quay Crane,3.13,0.59,64,Operational
CRN04317,DR02316,PR00003,SR08634,QC-03,Quay Crane,7.22,1.75,195,Maintenance
CRN04318,DR09677,PR00001,SR09903,QC-06,Quay Crane,8.87,0.64,280,Operational
CRN04319,DR07549,PR00004,SR04017,QC-04,Quay Crane,7.85,0.8,223,Operational
CRN04320,DR02012,PR00002,SR09347,QC-05,Quay Crane,7.84,1.95,166,Maintenance
CRN04321,DR06794,PR00002,SR02580,QC-01,Quay Crane,8.45,0.98,217,Operational
CRN04322,DR02451,PR00003,SR03940,QC-04,Quay Crane,8.35,0.71,169,Operational
CRN04323,DR04766,PR00004,SR09872,QC-03,Quay Crane,6.85,1.46,162,Inspection
CRN04324,DR04819,PR00003,SR03272,QC-02,Quay Crane,8.42,0.99,231,Operational
CRN04325,DR06557,PR00007,SR05998,QC-04,Quay Crane,7.36,0.43,206,Operational
CRN04326,DR05349,PR00001,SR01046,QC-06,RTG Crane,7.66,0.8,211,Operational
CRN04327,DR06323,PR00007,SR05930,QC-08,Quay Crane,5.78,0.7,149,Operational
CRN04328,DR02464,PR00001,SR01817,QC-07,Quay Crane,6.18,1.24,166,Inspection
CRN04329,DR08889,PR00002,SR09844,QC-08,Quay Crane,6.38,0.55,148,Operational
CRN04330,DR07788,PR00007,SR08047,QC-03,Quay Crane,5.95,1.45,130,Inspection
CRN04331,DR00574,PR00005,SR00747,QC-06,RTG Crane,5.53,0.99,125,Operational
CRN04332,DR07228,PR00004,SR05446,QC-07,RTG Crane,8.53,1.44,321,Inspection
CRN04333,DR08608,PR00005,SR02278,QC-02,Quay Crane,6.13,0.68,190,Operational
CRN04334,DR00036,PR00003,SR05509,QC-06,Quay Crane,5.53,1.02,208,Inspection
CRN04335,DR02696,PR00006,SR03450,QC-02,RTG Crane,7.48,0.72,184,Operational
CRN04336,DR09337,PR00001,SR00922,QC-08,RTG Crane,5.84,0.49,132,Operational
CRN04337,DR07155,PR00006,SR03973,QC-08,Quay Crane,8.1,0.94,181,Operational
CRN04338,DR03791,PR00007,SR01799,QC-02,RTG Crane,7.67,1.06,182,Inspection
CRN04339,DR05520,PR00006,SR00609,QC-06,Quay Crane,7.86,0.98,189,Operational
CRN04340,DR06855,PR00005,SR06366,QC-08,RTG Crane,5.85,0.48,144,Operational
CRN04341,DR08001,PR00004,SR08474,QC-01,Quay Crane,6.42,0.88,160,Operational
CRN04342,DR04455,PR00003,SR06329,QC-07,Quay Crane,7.97,1.65,219,Maintenance
CRN04343,DR08880,PR00003,SR07960,QC-04,RTG Crane,4.8,0.34,153,Operational
CRN04344,DR04202,PR00006,SR07866,QC-03,Quay Crane,7.7,1.2,225,Inspection
CRN04345,DR02485,PR00004,SR07164,QC-03,Quay Crane,7.23,1.21,276,Inspection
CRN04346,DR03622,PR00003,SR00685,QC-03,Quay Crane,9.12,1.29,236,Inspection
CRN04347,DR07259,PR00006,SR08661,QC-02,Quay Crane,4.8,0.72,185,Operational
CRN04348,DR00421,PR00001,SR09760,QC-01,Quay Crane,6.45,0.51,206,Operational
CRN04349,DR05937,PR00006,SR03214,QC-05,Quay Crane,7.39,2.01,218,Maintenance
CRN04350,DR09223,PR00006,SR03819,QC-04,Quay Crane,9.12,0.62,260,Operational
CRN04351,DR02059,PR00002,SR00576,QC-06,Quay Crane,8.35,0.84,229,Operational
CRN04352,DR06298,PR00001,SR06051,QC-04,Quay Crane,6.24,0.67,225,Operational
CRN04353,DR04186,PR00005,SR04948,QC-08,Quay Crane,7.48,0.68,268,Operational
CRN04354,DR00506,PR00001,SR09960,QC-06,RTG Crane,8.53,0.97,235,Operational
CRN04355,DR08591,PR00007,SR00656,QC-06,Quay Crane,8.44,1.03,222,Inspection
CRN04356,DR08576,PR00001,SR03257,QC-04,Quay Crane,9.01,0.69,236,Operational
CRN04357,DR06202,PR00002,SR01506,QC-02,RTG Crane,5.55,0.67,159,Operational
CRN04358,DR07747,PR00001,SR02653,QC-01,Quay Crane,10.0,0.63,239,Operational
CRN04359,DR05725,PR00006,SR08113,QC-06,Quay Crane,5.84,0.56,105,Operational
CRN04360,DR02240,PR00004,SR07939,QC-01,Quay Crane,7.55,0.69,194,Operational
CRN04361,DR05527,PR00006,SR01263,QC-01,Quay Crane,6.36,0.77,155,Operational
CRN04362,DR03174,PR00007,SR09396,QC-03,Quay Crane,7.1,1.08,169,Inspection
CRN04363,DR07328,PR00004,SR02684,QC-08,Quay Crane,6.71,0.85,185,Operational
CRN04364,DR00729,PR00002,SR09587,QC-06,Quay Crane,9.78,1.31,289,Inspection
CRN04365,DR03865,PR00001,SR05557,QC-06,Quay Crane,5.33,0.73,155,Operational
CRN04366,DR04167,PR00006,SR01142,QC-07,Quay Crane,4.49,1.27,136,Inspection
CRN04367,DR03307,PR00002,SR08746,QC-07,RTG Crane,5.66,1.1,143,Inspection
CRN04368,DR05147,PR00006,SR06049,QC-08,Quay Crane,5.65,0.58,160,Operational
CRN04369,DR07776,PR00006,SR08986,QC-01,Quay Crane,7.98,0.42,257,Operational
CRN04370,DR05120,PR00004,SR05655,QC-01,Quay Crane,6.91,0.24,162,Operational
CRN04371,DR04647,PR00004,SR09831,QC-08,Quay Crane,7.72,0.97,212,Operational
CRN04372,DR06870,PR00007,SR02829,QC-04,Quay Crane,7.62,0.68,213,Operational
CRN04373,DR02547,PR00005,SR00594,QC-08,Quay Crane,5.95,0.65,149,Operational
CRN04374,DR08665,PR00005,SR08884,QC-05,Quay Crane,6.18,2.02,158,Maintenance
CRN04375,DR03973,PR00003,SR08753,QC-06,Quay Crane,5.51,1.08,170,Inspection
CRN04376,DR01370,PR00003,SR00206,QC-05,Quay Crane,8.26,1.73,189,Maintenance
CRN04377,DR04818,PR00003,SR03882,QC-08,Quay Crane,5.22,0.5,169,Operational
CRN04378,DR07369,PR00007,SR06045,QC-01,Quay Crane,4.07,0.49,132,Operational
CRN04379,DR06896,PR00004,SR00880,QC-01,Quay Crane,6.04,0.82,106,Operational
CRN04380,DR09816,PR00006,SR01988,QC-08,Quay Crane,9.35,0.52,229,Operational
CRN04381,DR06034,PR00001,SR01486,QC-02,Quay Crane,5.85,0.68,181,Operational
CRN04382,DR04398,PR00006,SR05621,QC-08,Quay Crane,6.86,0.48,237,Operational
CRN04383,DR01163,PR00003,SR07862,QC-01,RTG Crane,5.47,0.56,155,Operational
CRN04384,DR03522,PR00005,SR04887,QC-08,RTG Crane,4.98,0.7,134,Operational
CRN04385,DR02142,PR00001,SR05427,QC-02,Quay Crane,5.84,1.49,144,Inspection
CRN04386,DR01820,PR00006,SR08699,QC-02,RTG Crane,7.89,0.53,239,Operational
CRN04387,DR04064,PR00004,SR05117,QC-02,Quay Crane,4.48,0.54,96,Operational
CRN04388,DR01671,PR00003,SR09727,QC-07,Quay Crane,9.53,1.59,268,Maintenance
CRN04389,DR09461,PR00002,SR03299,QC-03,RTG Crane,4.61,0.8,111,Operational
CRN04390,DR00873,PR00002,SR01350,QC-04,Quay Crane,5.93,0.94,110,Operational
CRN04391,DR01423,PR00002,SR08632,QC-03,RTG Crane,5.44,1.17,118,Inspection
CRN04392,DR09174,PR00001,SR08595,QC-03,Quay Crane,6.29,1.32,151,Inspection
CRN04393,DR03512,PR00003,SR00856,QC-04,Quay Crane,9.56,0.66,233,Operational
CRN04394,DR05588,PR00003,SR02128,QC-07,Quay Crane,6.62,1.57,225,Maintenance
CRN04395,DR02830,PR00003,SR02040,QC-05,RTG Crane,6.44,1.76,153,Maintenance
CRN04396,DR01080,PR00005,SR03399,QC-07,Quay Crane,8.08,1.4,178,Inspection
CRN04397,DR03362,PR00003,SR03998,QC-05,Quay Crane,5.73,1.74,178,Maintenance
CRN04398,DR08187,PR00001,SR00419,QC-01,RTG Crane,7.25,0.35,166,Operational
CRN04399,DR03804,PR00006,SR07387,QC-07,RTG Crane,9.31,1.04,205,Inspection
CRN04400,DR07841,PR00003,SR06966,QC-02,RTG Crane,8.2,0.7,267,Operational
CRN04401,DR07062,PR00004,SR07481,QC-02,Quay Crane,7.65,0.49,192,Operational
CRN04402,DR00796,PR00007,SR00893,QC-04,RTG Crane,7.59,0.63,232,Operational
CRN04403,DR06632,PR00005,SR02088,QC-07,Quay Crane,6.3,1.53,210,Inspection
CRN04404,DR04909,PR00003,SR02528,QC-03,Quay Crane,5.17,1.54,81,Inspection
CRN04405,DR06748,PR00004,SR00241,QC-01,RTG Crane,8.17,0.54,198,Operational
CRN04406,DR06601,PR00006,SR04935,QC-07,Quay Crane,7.06,1.3,182,Inspection
CRN04407,DR03587,PR00006,SR03118,QC-05,RTG Crane,8.19,1.76,248,Maintenance
CRN04408,DR09109,PR00001,SR05648,QC-02,Quay Crane,9.59,0.84,279,Operational
CRN04409,DR05804,PR00004,SR02880,QC-07,Quay Crane,9.3,1.29,255,Inspection
CRN04410,DR08170,PR00006,SR05046,QC-08,Quay Crane,7.18,0.28,215,Operational
CRN04411,DR03324,PR00006,SR06847,QC-04,RTG Crane,7.49,0.82,181,Operational
CRN04412,DR05587,PR00001,SR00249,QC-07,Quay Crane,5.64,1.32,164,Inspection
CRN04413,DR03885,PR00003,SR02916,QC-03,Quay Crane,6.15,1.19,155,Inspection
CRN04414,DR07096,PR00003,SR00707,QC-08,Quay Crane,6.52,0.49,197,Operational
CRN04415,DR08059,PR00002,SR04318,QC-03,Quay Crane,7.75,1.59,184,Maintenance
CRN04416,DR04512,PR00005,SR04572,QC-08,RTG Crane,6.72,0.91,180,Operational
CRN04417,DR04311,PR00003,SR07920,QC-06,Quay Crane,7.46,0.85,175,Operational
CRN04418,DR06205,PR00002,SR09458,QC-07,Quay Crane,6.71,1.36,181,Inspection
CRN04419,DR09242,PR00002,SR05074,QC-08,Quay Crane,6.04,0.99,151,Operational
CRN04420,DR03779,PR00006,SR02187,QC-06,Quay Crane,8.09,1.0,203,Operational
CRN04421,DR05250,PR00006,SR04845,QC-02,Quay Crane,7.6,0.51,210,Operational
CRN04422,DR04538,PR00006,SR05363,QC-08,Quay Crane,6.14,0.5,113,Operational
CRN04423,DR05802,PR00007,SR00456,QC-05,Quay Crane,7.73,1.48,233,Inspection
CRN04424,DR08495,PR00007,SR04697,QC-08,Quay Crane,6.45,0.93,138,Operational
CRN04425,DR05789,PR00003,SR06072,QC-02,Quay Crane,8.51,1.33,207,Inspection
CRN04426,DR01151,PR00001,SR05513,QC-02,Quay Crane,9.53,0.92,237,Operational
CRN04427,DR05456,PR00006,SR02298,QC-01,RTG Crane,6.43,0.33,121,Operational
CRN04428,DR05544,PR00004,SR03076,QC-05,Quay Crane,7.59,2.07,218,Maintenance
CRN04429,DR07460,PR00003,SR02793,QC-01,Quay Crane,7.96,0.33,221,Operational
CRN04430,DR02639,PR00007,SR07086,QC-05,RTG Crane,6.98,2.33,174,Maintenance
CRN04431,DR06816,PR00002,SR00973,QC-04,Quay Crane,5.92,0.5,218,Operational
CRN04432,DR06556,PR00007,SR05400,QC-08,Quay Crane,7.33,0.66,180,Operational
CRN04433,DR09518,PR00004,SR06573,QC-02,Quay Crane,8.16,1.05,165,Inspection
CRN04434,DR02225,PR00001,SR07617,QC-04,Quay Crane,4.93,0.74,145,Operational
CRN04435,DR09329,PR00006,SR05151,QC-08,Quay Crane,6.77,0.18,206,Operational
CRN04436,DR08592,PR00005,SR09621,QC-07,RTG Crane,8.71,1.32,162,Inspection
CRN04437,DR08171,PR00004,SR07182,QC-03,Quay Crane,8.6,1.15,181,Inspection
CRN04438,DR04795,PR00004,SR05503,QC-08,Quay Crane,5.21,0.68,157,Operational
CRN04439,DR03336,PR00002,SR06064,QC-07,RTG Crane,4.86,0.89,122,Operational
CRN04440,DR07612,PR00002,SR01839,QC-01,Quay Crane,8.84,0.61,266,Operational
CRN04441,DR03679,PR00001,SR08971,QC-01,Quay Crane,4.36,0.71,117,Operational
CRN04442,DR01206,PR00001,SR09429,QC-07,Quay Crane,6.05,1.46,163,Inspection
CRN04443,DR03758,PR00002,SR04745,QC-08,Quay Crane,8.44,0.83,242,Operational
CRN04444,DR01974,PR00004,SR07244,QC-08,Quay Crane,9.13,1.0,248,Operational
CRN04445,DR03466,PR00001,SR06355,QC-06,Quay Crane,5.62,1.11,138,Inspection
CRN04446,DR02136,PR00004,SR05062,QC-05,Quay Crane,7.6,1.78,174,Maintenance
CRN04447,DR09442,PR00002,SR08849,QC-05,Quay Crane,8.91,1.89,260,Maintenance
CRN04448,DR08062,PR00002,SR06016,QC-03,RTG Crane,6.63,1.54,228,Inspection
CRN04449,DR03409,PR00007,SR06937,QC-08,Quay Crane,6.46,0.22,205,Operational
CRN04450,DR03610,PR00007,SR08131,QC-06,Quay Crane,9.71,0.45,245,Operational
CRN04451,DR00517,PR00006,SR04638,QC-02,Quay Crane,6.95,0.9,154,Operational
CRN04452,DR00527,PR00001,SR03904,QC-07,Quay Crane,3.72,1.74,45,Maintenance
CRN04453,DR05701,PR00005,SR09557,QC-03,Quay Crane,7.4,1.63,187,Maintenance
CRN04454,DR07997,PR00001,SR00552,QC-08,Quay Crane,8.02,0.55,222,Operational
CRN04455,DR00207,PR00004,SR08709,QC-06,Quay Crane,8.8,1.2,221,Inspection
CRN04456,DR09102,PR00006,SR06992,QC-03,Quay Crane,8.26,1.28,248,Inspection
CRN04457,DR09860,PR00003,SR05677,QC-04,Quay Crane,7.81,0.5,208,Operational
CRN04458,DR07940,PR00007,SR07293,QC-04,Quay Crane,5.94,0.38,161,Operational
CRN04459,DR02401,PR00005,SR09935,QC-07,Quay Crane,9.53,1.17,228,Inspection
CRN04460,DR08028,PR00002,SR09895,QC-04,Quay Crane,7.0,0.51,213,Operational
CRN04461,DR00201,PR00001,SR05499,QC-07,Quay Crane,8.43,1.42,210,Inspection
CRN04462,DR07462,PR00006,SR07097,QC-05,Quay Crane,8.5,1.46,147,Inspection
CRN04463,DR07483,PR00003,SR02228,QC-08,Quay Crane,8.11,0.79,250,Operational
CRN04464,DR09928,PR00001,SR05709,QC-06,Quay Crane,6.63,0.74,139,Operational
CRN04465,DR06084,PR00001,SR05569,QC-04,Quay Crane,9.33,0.75,216,Operational
CRN04466,DR00988,PR00007,SR03294,QC-04,Quay Crane,7.35,0.54,157,Operational
CRN04467,DR00140,PR00002,SR09623,QC-06,Quay Crane,7.63,1.19,215,Inspection
CRN04468,DR06298,PR00007,SR09806,QC-07,Quay Crane,8.42,1.14,190,Inspection
CRN04469,DR02964,PR00005,SR00215,QC-03,Quay Crane,7.07,1.54,189,Inspection
CRN04470,DR07452,PR00002,SR02012,QC-02,Quay Crane,8.79,0.89,231,Operational
CRN04471,DR01246,PR00003,SR02658,QC-02,RTG Crane,7.72,1.06,214,Inspection
CRN04472,DR00141,PR00005,SR07167,QC-04,Quay Crane,6.63,0.58,225,Operational
CRN04473,DR01201,PR00003,SR07160,QC-01,Quay Crane,8.03,0.91,254,Operational
CRN04474,DR07101,PR00001,SR05122,QC-08,Quay Crane,5.71,0.49,153,Operational
CRN04475,DR02062,PR00002,SR09928,QC-03,Quay Crane,7.46,1.38,261,Inspection
CRN04476,DR03210,PR00006,SR03076,QC-08,Quay Crane,6.87,0.6,177,Operational
CRN04477,DR09917,PR00005,SR08248,QC-07,Quay Crane,8.3,1.39,183,Inspection
CRN04478,DR08937,PR00003,SR09066,QC-01,Quay Crane,8.35,0.92,184,Operational
CRN04479,DR03004,PR00002,SR01647,QC-02,Quay Crane,6.3,0.81,184,Operational
CRN04480,DR09084,PR00003,SR08545,QC-04,RTG Crane,5.99,0.94,122,Operational
CRN04481,DR08648,PR00006,SR00298,QC-06,Quay Crane,9.28,0.68,265,Operational
CRN04482,DR01581,PR00001,SR09794,QC-05,Quay Crane,9.67,1.92,275,Maintenance
CRN04483,DR01064,PR00007,SR00070,QC-05,Quay Crane,10.0,2.26,264,Maintenance
CRN04484,DR03956,PR00006,SR09685,QC-06,Quay Crane,6.62,0.97,177,Operational
CRN04485,DR08364,PR00002,SR03525,QC-03,RTG Crane,6.33,1.45,165,Inspection
CRN04486,DR00586,PR00006,SR09058,QC-06,Quay Crane,5.66,1.23,134,Inspection
CRN04487,DR08795,PR00005,SR03575,QC-08,Quay Crane,6.93,0.49,223,Operational
CRN04488,DR03773,PR00004,SR04794,QC-01,Quay Crane,4.92,1.08,144,Inspection
CRN04489,DR01145,PR00001,SR06840,QC-06,Quay Crane,6.54,0.89,146,Operational
CRN04490,DR01198,PR00007,SR03958,QC-03,Quay Crane,7.36,1.44,122,Inspection
CRN04491,DR04214,PR00003,SR03365,QC-08,Quay Crane,4.7,0.22,178,Operational
CRN04492,DR04082,PR00006,SR07294,QC-08,Quay Crane,7.39,0.9,225,Operational
CRN04493,DR05730,PR00002,SR09406,QC-01,Quay Crane,8.81,0.62,269,Operational
CRN04494,DR01459,PR00002,SR02337,QC-08,Quay Crane,7.74,0.59,172,Operational
CRN04495,DR03483,PR00007,SR03880,QC-01,Quay Crane,8.4,0.31,202,Operational
CRN04496,DR05318,PR00003,SR06431,QC-04,Quay Crane,5.99,1.2,175,Inspection
CRN04497,DR02213,PR00001,SR01842,QC-02,Quay Crane,4.84,0.95,117,Operational
CRN04498,DR05858,PR00006,SR04680,QC-05,Quay Crane,8.83,2.28,220,Maintenance
CRN04499,DR05795,PR00002,SR07681,QC-04,Quay Crane,7.66,0.78,246,Operational
CRN04500,DR03854,PR00006,SR04601,QC-03,RTG Crane,6.96,1.43,183,Inspection
CRN04501,DR05146,PR00007,SR00006,QC-08,Quay Crane,7.15,0.69,200,Operational
CRN04502,DR07869,PR00001,SR03801,QC-04,Quay Crane,5.61,0.55,180,Operational
CRN04503,DR05753,PR00004,SR05973,QC-02,Quay Crane,7.67,0.71,179,Operational
CRN04504,DR03058,PR00007,SR07659,QC-06,Quay Crane,7.63,0.97,212,Operational
CRN04505,DR00783,PR00007,SR08573,QC-04,RTG Crane,7.6,1.15,260,Inspection
CRN04506,DR02831,PR00003,SR00818,QC-02,RTG Crane,6.52,0.26,215,Operational
CRN04507,DR05734,PR00005,SR04121,QC-02,Quay Crane,7.82,1.13,195,Inspection
CRN04508,DR02224,PR00004,SR03601,QC-07,Quay Crane,7.67,0.97,211,Operational
CRN04509,DR04689,PR00002,SR09662,QC-08,Quay Crane,7.63,0.6,186,Operational
CRN04510,DR08673,PR00004,SR02272,QC-05,Quay Crane,7.13,1.72,178,Maintenance
CRN04511,DR01758,PR00002,SR06318,QC-06,Quay Crane,7.08,1.12,171,Inspection
CRN04512,DR06660,PR00002,SR01408,QC-01,Quay Crane,6.79,0.92,176,Operational
CRN04513,DR08168,PR00003,SR05798,QC-04,Quay Crane,7.34,0.88,223,Operational
CRN04514,DR05748,PR00006,SR02366,QC-04,Quay Crane,5.0,0.5,111,Operational
CRN04515,DR06651,PR00002,SR04226,QC-02,Quay Crane,7.24,0.88,229,Operational
CRN04516,DR08370,PR00002,SR08565,QC-01,Quay Crane,6.88,0.77,237,Operational
CRN04517,DR02134,PR00001,SR01842,QC-06,Quay Crane,9.62,1.04,214,Inspection
CRN04518,DR01529,PR00001,SR03481,QC-03,Quay Crane,5.57,1.54,145,Inspection
CRN04519,DR04121,PR00007,SR00896,QC-03,Quay Crane,5.23,1.63,135,Maintenance
CRN04520,DR01236,PR00003,SR01514,QC-08,Quay Crane,6.19,0.5,188,Operational
CRN04521,DR09147,PR00001,SR08813,QC-02,Quay Crane,7.59,0.83,208,Operational
CRN04522,DR00958,PR00007,SR08129,QC-07,Quay Crane,6.82,1.3,175,Inspection
CRN04523,DR07270,PR00001,SR00958,QC-08,Quay Crane,4.59,0.82,171,Operational
CRN04524,DR05214,PR00003,SR01584,QC-06,Quay Crane,5.23,0.99,177,Operational
CRN04525,DR03726,PR00006,SR05862,QC-03,Quay Crane,8.87,0.97,230,Operational
CRN04526,DR06497,PR00005,SR09447,QC-03,Quay Crane,10.0,1.36,271,Inspection
CRN04527,DR05819,PR00001,SR00136,QC-01,Quay Crane,8.02,0.51,238,Operational
CRN04528,DR08034,PR00005,SR00514,QC-01,Quay Crane,6.95,0.4,153,Operational
CRN04529,DR03898,PR00004,SR08965,QC-03,Quay Crane,7.52,1.11,224,Inspection
CRN04530,DR03653,PR00005,SR00813,QC-03,RTG Crane,6.03,1.08,113,Inspection
CRN04531,DR06788,PR00002,SR04119,QC-02,Quay Crane,9.14,0.71,276,Operational
CRN04532,DR09050,PR00006,SR02192,QC-07,RTG Crane,9.55,1.04,245,Inspection
CRN04533,DR03401,PR00004,SR06494,QC-05,Quay Crane,6.09,1.78,122,Maintenance
CRN04534,DR07396,PR00005,SR07073,QC-02,RTG Crane,7.92,0.74,223,Operational
CRN04535,DR02600,PR00007,SR02675,QC-01,Quay Crane,6.51,0.26,185,Operational
CRN04536,DR03198,PR00006,SR00576,QC-08,Quay Crane,8.05,0.06,169,Operational
CRN04537,DR06288,PR00006,SR00518,QC-06,Quay Crane,6.73,1.28,121,Inspection
CRN04538,DR08511,PR00002,SR05776,QC-01,Quay Crane,6.07,0.63,158,Operational
CRN04539,DR02436,PR00001,SR01186,QC-02,Quay Crane,7.55,0.65,149,Operational
CRN04540,DR01856,PR00004,SR09878,QC-06,Quay Crane,5.13,0.95,119,Operational
CRN04541,DR07743,PR00001,SR09248,QC-07,Quay Crane,7.16,1.59,210,Maintenance
CRN04542,DR04774,PR00005,SR07994,QC-08,RTG Crane,6.84,0.97,195,Operational
CRN04543,DR07216,PR00005,SR00426,QC-06,Quay Crane,8.13,0.55,206,Operational
CRN04544,DR05171,PR00004,SR08988,QC-01,Quay Crane,7.51,0.51,193,Operational
CRN04545,DR08991,PR00001,SR06746,QC-01,Quay Crane,7.24,0.62,211,Operational
CRN04546,DR02492,PR00006,SR05103,QC-02,Quay Crane,8.54,1.17,208,Inspection
CRN04547,DR09047,PR00004,SR08922,QC-03,Quay Crane,8.38,1.09,171,Inspection
CRN04548,DR08462,PR00003,SR03244,QC-07,Quay Crane,8.47,1.19,205,Inspection
CRN04549,DR06144,PR00004,SR03133,QC-08,Quay Crane,5.64,0.4,166,Operational
CRN04550,DR00866,PR00001,SR06800,QC-03,RTG Crane,8.2,1.26,176,Inspection
CRN04551,DR06470,PR00005,SR08465,QC-03,Quay Crane,9.5,1.37,281,Inspection
CRN04552,DR08037,PR00001,SR03397,QC-04,RTG Crane,4.72,0.49,105,Operational
CRN04553,DR00599,PR00004,SR01738,QC-03,Quay Crane,5.33,1.25,197,Inspection
CRN04554,DR03750,PR00001,SR08883,QC-08,Quay Crane,9.94,0.64,258,Operational
CRN04555,DR02186,PR00002,SR00156,QC-04,Quay Crane,7.83,0.92,248,Operational
CRN04556,DR01241,PR00002,SR03732,QC-08,Quay Crane,6.28,0.42,172,Operational
CRN04557,DR01458,PR00001,SR07449,QC-01,Quay Crane,5.34,0.64,99,Operational
CRN04558,DR04062,PR00006,SR05384,QC-02,Quay Crane,6.22,0.79,173,Operational
CRN04559,DR01623,PR00006,SR05177,QC-06,Quay Crane,4.1,1.14,62,Inspection
CRN04560,DR01932,PR00001,SR05488,QC-07,Quay Crane,7.69,0.8,161,Operational
CRN04561,DR03210,PR00001,SR06396,QC-03,Quay Crane,8.55,1.11,252,Inspection
CRN04562,DR07760,PR00006,SR07959,QC-03,Quay Crane,9.26,1.17,259,Inspection
CRN04563,DR08001,PR00001,SR03135,QC-06,Quay Crane,4.44,0.62,98,Operational
CRN04564,DR00832,PR00003,SR00148,QC-02,RTG Crane,8.04,0.85,212,Operational
CRN04565,DR05199,PR00001,SR05996,QC-01,Quay Crane,7.31,0.54,189,Operational
CRN04566,DR06851,PR00004,SR08784,QC-02,Quay Crane,8.32,0.9,205,Operational
CRN04567,DR08534,PR00007,SR00626,QC-06,RTG Crane,3.57,0.98,72,Operational
CRN04568,DR02610,PR00001,SR09247,QC-06,RTG Crane,7.15,1.44,181,Inspection
CRN04569,DR03515,PR00007,SR05993,QC-01,Quay Crane,5.56,0.73,140,Operational
CRN04570,DR09574,PR00006,SR07486,QC-02,Quay Crane,5.57,0.96,138,Operational
CRN04571,DR05041,PR00007,SR05606,QC-08,Quay Crane,9.92,0.58,278,Operational
CRN04572,DR05488,PR00005,SR09814,QC-07,Quay Crane,9.7,1.61,291,Maintenance
CRN04573,DR09233,PR00006,SR05013,QC-04,Quay Crane,7.49,0.63,243,Operational
CRN04574,DR08021,PR00004,SR06578,QC-05,RTG Crane,4.17,2.0,119,Maintenance
CRN04575,DR01692,PR00006,SR00880,QC-08,Quay Crane,6.19,0.54,185,Operational
CRN04576,DR06126,PR00001,SR04056,QC-02,Quay Crane,9.93,0.88,255,Operational
CRN04577,DR06769,PR00005,SR00148,QC-02,RTG Crane,6.9,0.95,154,Operational
CRN04578,DR02720,PR00004,SR08560,QC-06,Quay Crane,5.46,1.18,136,Inspection
CRN04579,DR05307,PR00001,SR03036,QC-04,Quay Crane,7.41,0.44,211,Operational
CRN04580,DR08965,PR00002,SR08666,QC-03,Quay Crane,7.06,1.39,166,Inspection
CRN04581,DR05996,PR00002,SR05267,QC-07,Quay Crane,5.56,0.96,99,Operational
CRN04582,DR01976,PR00003,SR03611,QC-01,RTG Crane,6.22,0.46,205,Operational
CRN04583,DR09493,PR00001,SR07728,QC-04,Quay Crane,5.13,0.72,132,Operational
CRN04584,DR03019,PR00002,SR06712,QC-03,Quay Crane,10.0,1.42,299,Inspection
CRN04585,DR08536,PR00002,SR01237,QC-08,Quay Crane,5.95,0.61,156,Operational
CRN04586,DR02185,PR00004,SR07368,QC-04,Quay Crane,6.44,0.46,205,Operational
CRN04587,DR08524,PR00001,SR07720,QC-07,Quay Crane,6.68,1.4,187,Inspection
CRN04588,DR00302,PR00002,SR03290,QC-07,Quay Crane,8.25,0.79,256,Operational
CRN04589,DR09320,PR00002,SR03949,QC-07,RTG Crane,4.27,1.28,128,Inspection
CRN04590,DR07834,PR00003,SR06524,QC-01,Quay Crane,7.08,0.58,188,Operational
CRN04591,DR00705,PR00001,SR02143,QC-08,Quay Crane,7.4,0.64,201,Operational
CRN04592,DR01487,PR00007,SR06196,QC-04,Quay Crane,7.86,1.04,261,Inspection
CRN04593,DR06475,PR00002,SR04270,QC-02,Quay Crane,7.43,0.87,191,Operational
CRN04594,DR04979,PR00002,SR06747,QC-04,Quay Crane,5.62,1.14,159,Inspection
CRN04595,DR02737,PR00004,SR05768,QC-07,Quay Crane,7.04,1.57,197,Maintenance
CRN04596,DR05176,PR00006,SR09657,QC-05,Quay Crane,8.0,1.7,228,Maintenance
CRN04597,DR08487,PR00003,SR07159,QC-06,Quay Crane,7.29,0.96,189,Operational
CRN04598,DR07159,PR00002,SR09881,QC-03,Quay Crane,7.08,1.24,217,Inspection
CRN04599,DR00863,PR00004,SR04637,QC-07,Quay Crane,9.34,1.52,248,Inspection
CRN04600,DR08676,PR00003,SR02560,QC-05,Quay Crane,8.42,1.99,164,Maintenance
CRN04601,DR08063,PR00003,SR07180,QC-05,Quay Crane,6.21,1.58,160,Maintenance
CRN04602,DR08589,PR00007,SR08324,QC-07,Quay Crane,6.75,1.42,185,Inspection
CRN04603,DR04153,PR00007,SR06877,QC-05,Quay Crane,7.8,1.88,190,Maintenance
CRN04604,DR06814,PR00004,SR03647,QC-03,Quay Crane,5.54,1.58,140,Maintenance
CRN04605,DR03970,PR00001,SR08933,QC-08,RTG Crane,7.2,0.3,202,Operational
CRN04606,DR05366,PR00004,SR09010,QC-02,Quay Crane,7.83,0.8,244,Operational
CRN04607,DR08407,PR00007,SR04647,QC-02,Quay Crane,5.6,0.92,160,Operational
CRN04608,DR09766,PR00007,SR08107,QC-06,RTG Crane,8.45,0.81,277,Operational
CRN04609,DR08134,PR00002,SR06322,QC-04,Quay Crane,8.44,0.82,201,Operational
CRN04610,DR06924,PR00001,SR03002,QC-02,Quay Crane,4.15,0.69,89,Operational
CRN04611,DR02137,PR00001,SR03933,QC-02,RTG Crane,7.92,0.87,233,Operational
CRN04612,DR08408,PR00006,SR08537,QC-05,Quay Crane,9.46,2.05,264,Maintenance
CRN04613,DR01376,PR00003,SR06264,QC-07,Quay Crane,7.2,1.29,217,Inspection
CRN04614,DR09168,PR00002,SR03031,QC-08,Quay Crane,5.25,0.27,135,Operational
CRN04615,DR01379,PR00002,SR06067,QC-07,Quay Crane,8.11,1.56,187,Maintenance
CRN04616,DR02005,PR00002,SR02365,QC-02,Quay Crane,6.4,1.04,159,Inspection
CRN04617,DR02989,PR00006,SR01618,QC-06,Quay Crane,8.03,1.03,145,Inspection
CRN04618,DR03154,PR00003,SR03127,QC-02,Quay Crane,8.21,1.29,244,Inspection
CRN04619,DR00520,PR00002,SR04420,QC-02,Quay Crane,5.43,0.81,127,Operational
CRN04620,DR04944,PR00005,SR01137,QC-02,Quay Crane,7.55,1.02,176,Inspection
CRN04621,DR00831,PR00004,SR08771,QC-02,Quay Crane,5.71,0.36,160,Operational
CRN04622,DR03607,PR00005,SR00746,QC-01,Quay Crane,5.28,0.93,178,Operational
CRN04623,DR04255,PR00006,SR02398,QC-03,Quay Crane,8.33,1.54,236,Inspection
CRN04624,DR08402,PR00001,SR04617,QC-03,Quay Crane,7.35,1.74,180,Maintenance
CRN04625,DR09063,PR00001,SR05920,QC-08,Quay Crane,3.38,0.47,108,Operational
CRN04626,DR02076,PR00001,SR09100,QC-07,Quay Crane,8.17,1.74,225,Maintenance
CRN04627,DR01438,PR00005,SR04603,QC-02,RTG Crane,5.43,1.02,190,Inspection
CRN04628,DR07836,PR00007,SR08545,QC-05,Quay Crane,7.22,2.07,214,Maintenance
CRN04629,DR08797,PR00002,SR08027,QC-05,Quay Crane,6.58,1.64,158,Maintenance
CRN04630,DR05167,PR00006,SR05211,QC-04,Quay Crane,8.64,0.83,235,Operational
CRN04631,DR03428,PR00005,SR08139,QC-04,Quay Crane,7.97,0.79,222,Operational
CRN04632,DR06696,PR00007,SR04309,QC-01,Quay Crane,7.59,0.59,150,Operational
CRN04633,DR05615,PR00003,SR04464,QC-05,Quay Crane,8.05,1.97,114,Maintenance
CRN04634,DR01345,PR00001,SR05843,QC-04,Quay Crane,7.03,0.31,198,Operational
CRN04635,DR03935,PR00005,SR02877,QC-04,Quay Crane,8.49,0.95,252,Operational
CRN04636,DR09281,PR00006,SR04641,QC-08,RTG Crane,7.63,0.42,293,Operational
CRN04637,DR05537,PR00005,SR03056,QC-07,Quay Crane,8.62,1.2,225,Inspection
CRN04638,DR03884,PR00006,SR06635,QC-03,Quay Crane,9.36,1.29,242,Inspection
CRN04639,DR03017,PR00003,SR06782,QC-05,Quay Crane,8.84,1.85,265,Maintenance
CRN04640,DR06818,PR00005,SR08384,QC-03,Quay Crane,7.3,1.01,163,Inspection
CRN04641,DR00814,PR00002,SR05395,QC-05,Quay Crane,9.59,1.48,310,Inspection
CRN04642,DR08859,PR00003,SR09652,QC-08,Quay Crane,6.15,0.53,140,Operational
CRN04643,DR08668,PR00002,SR09515,QC-05,Quay Crane,7.11,1.44,198,Inspection
CRN04644,DR03507,PR00001,SR08151,QC-08,Quay Crane,8.0,0.37,223,Operational
CRN04645,DR04744,PR00001,SR08951,QC-07,Quay Crane,6.78,1.34,137,Inspection
CRN04646,DR07322,PR00005,SR01657,QC-03,RTG Crane,8.53,1.26,214,Inspection
CRN04647,DR09426,PR00006,SR04689,QC-04,Quay Crane,7.24,0.64,167,Operational
CRN04648,DR00970,PR00002,SR01992,QC-04,RTG Crane,4.72,1.07,107,Inspection
CRN04649,DR05409,PR00003,SR00363,QC-01,Quay Crane,5.28,0.05,181,Operational
CRN04650,DR02648,PR00001,SR01451,QC-03,Quay Crane,8.57,1.23,172,Inspection
CRN04651,DR08786,PR00003,SR03251,QC-04,Quay Crane,5.76,0.74,93,Operational
CRN04652,DR04471,PR00002,SR05848,QC-07,Quay Crane,7.27,1.3,188,Inspection
CRN04653,DR02287,PR00004,SR05574,QC-08,Quay Crane,6.51,0.28,141,Operational
CRN04654,DR01771,PR00007,SR05813,QC-04,Quay Crane,7.93,0.79,237,Operational
CRN04655,DR03250,PR00003,SR06422,QC-01,Quay Crane,7.13,0.45,194,Operational
CRN04656,DR01944,PR00005,SR09502,QC-08,Quay Crane,5.88,0.97,182,Operational
CRN04657,DR01082,PR00005,SR08327,QC-05,Quay Crane,4.97,2.06,65,Maintenance
CRN04658,DR06972,PR00001,SR02868,QC-07,RTG Crane,8.46,1.13,231,Inspection
CRN04659,DR05796,PR00002,SR05544,QC-01,RTG Crane,6.89,0.54,267,Operational
CRN04660,DR07915,PR00001,SR01193,QC-07,Quay Crane,5.05,1.27,149,Inspection
CRN04661,DR01196,PR00003,SR05335,QC-01,Quay Crane,7.53,0.6,224,Operational
CRN04662,DR08306,PR00006,SR00857,QC-08,Quay Crane,7.69,0.61,239,Operational
CRN04663,DR04893,PR00003,SR08691,QC-08,RTG Crane,6.66,0.56,165,Operational
CRN04664,DR01509,PR00003,SR03686,QC-06,Quay Crane,7.05,1.44,169,Inspection
CRN04665,DR00616,PR00002,SR09407,QC-05,Quay Crane,8.76,2.07,188,Maintenance
CRN04666,DR06045,PR00002,SR01724,QC-05,Quay Crane,7.29,1.93,191,Maintenance
CRN04667,DR04691,PR00007,SR02979,QC-07,Quay Crane,4.96,1.35,204,Inspection
CRN04668,DR06770,PR00002,SR07452,QC-07,Quay Crane,7.28,1.02,213,Inspection
CRN04669,DR08365,PR00005,SR05683,QC-03,Quay Crane,8.66,1.3,183,Inspection
CRN04670,DR06364,PR00001,SR09969,QC-02,Quay Crane,5.2,0.54,121,Operational
CRN04671,DR00417,PR00001,SR07383,QC-04,RTG Crane,8.27,0.69,246,Operational
CRN04672,DR03039,PR00002,SR04448,QC-04,Quay Crane,7.07,0.45,202,Operational
CRN04673,DR07229,PR00007,SR03883,QC-03,Quay Crane,4.95,1.27,120,Inspection
CRN04674,DR08986,PR00002,SR02421,QC-03,RTG Crane,8.55,1.29,204,Inspection
CRN04675,DR01456,PR00005,SR09415,QC-08,RTG Crane,6.0,0.47,129,Operational
CRN04676,DR06291,PR00001,SR06982,QC-05,Quay Crane,7.18,2.06,138,Maintenance
CRN04677,DR01683,PR00004,SR03810,QC-04,Quay Crane,7.65,1.28,246,Inspection
CRN04678,DR00512,PR00004,SR00781,QC-04,Quay Crane,7.34,0.32,210,Operational
CRN04679,DR01309,PR00004,SR05596,QC-04,RTG Crane,6.05,0.9,192,Operational
CRN04680,DR02489,PR00002,SR05075,QC-01,Quay Crane,8.97,0.53,251,Operational
CRN04681,DR09253,PR00001,SR00208,QC-01,Quay Crane,5.88,0.26,168,Operational
CRN04682,DR05705,PR00006,SR03334,QC-06,Quay Crane,6.63,0.76,173,Operational
CRN04683,DR02157,PR00004,SR05078,QC-07,RTG Crane,8.45,1.23,213,Inspection
CRN04684,DR04106,PR00002,SR06103,QC-04,RTG Crane,6.99,0.72,151,Operational
CRN04685,DR09111,PR00003,SR04086,QC-08,Quay Crane,6.63,0.71,157,Operational
CRN04686,DR06457,PR00001,SR02222,QC-02,RTG Crane,6.68,0.61,131,Operational
CRN04687,DR09230,PR00003,SR00320,QC-01,Quay Crane,4.36,0.1,86,Operational
CRN04688,DR02767,PR00003,SR00499,QC-05,Quay Crane,8.61,1.87,223,Maintenance
CRN04689,DR04016,PR00001,SR02130,QC-02,Quay Crane,5.33,1.08,125,Inspection
CRN04690,DR04929,PR00003,SR04104,QC-02,Quay Crane,7.12,0.52,192,Operational
CRN04691,DR01335,PR00004,SR09083,QC-04,Quay Crane,3.7,0.88,131,Operational
CRN04692,DR06585,PR00007,SR08775,QC-02,Quay Crane,7.29,0.86,217,Operational
CRN04693,DR03708,PR00005,SR06319,QC-01,Quay Crane,5.19,0.89,143,Operational
CRN04694,DR07038,PR00003,SR09149,QC-01,Quay Crane,4.56,0.67,82,Operational
CRN04695,DR03343,PR00005,SR04830,QC-04,Quay Crane,5.65,1.16,113,Inspection
CRN04696,DR01408,PR00002,SR07655,QC-08,Quay Crane,4.61,0.92,100,Operational
CRN04697,DR00022,PR00004,SR07901,QC-06,Quay Crane,6.88,0.49,165,Operational
CRN04698,DR04766,PR00001,SR09654,QC-05,RTG Crane,7.16,1.71,122,Maintenance
CRN04699,DR03443,PR00001,SR04228,QC-01,RTG Crane,6.91,0.12,238,Operational
CRN04700,DR09494,PR00004,SR02573,QC-05,Quay Crane,6.07,2.17,155,Maintenance
CRN04701,DR03822,PR00001,SR02211,QC-06,Quay Crane,8.34,0.89,243,Operational
CRN04702,DR02462,PR00005,SR09784,QC-01,Quay Crane,6.7,0.64,170,Operational
CRN04703,DR04520,PR00004,SR07227,QC-06,Quay Crane,8.78,0.51,249,Operational
CRN04704,DR06640,PR00001,SR07468,QC-05,Quay Crane,3.79,1.43,89,Inspection
CRN04705,DR01425,PR00003,SR04587,QC-08,Quay Crane,7.4,0.5,233,Operational
CRN04706,DR00271,PR00004,SR08859,QC-02,Quay Crane,7.37,0.79,220,Operational
CRN04707,DR03461,PR00005,SR01502,QC-01,RTG Crane,5.86,0.34,153,Operational
CRN04708,DR06071,PR00006,SR06435,QC-06,Quay Crane,8.71,0.9,192,Operational
CRN04709,DR04695,PR00002,SR00956,QC-05,Quay Crane,6.98,1.88,140,Maintenance
CRN04710,DR02171,PR00006,SR03606,QC-03,RTG Crane,7.22,1.45,172,Inspection
CRN04711,DR09807,PR00002,SR08196,QC-05,Quay Crane,7.6,1.77,198,Maintenance
CRN04712,DR06042,PR00001,SR01489,QC-08,RTG Crane,9.79,0.83,230,Operational
CRN04713,DR08849,PR00004,SR05697,QC-02,Quay Crane,6.41,1.01,160,Inspection
CRN04714,DR04651,PR00002,SR07046,QC-05,Quay Crane,7.27,2.24,211,Maintenance
CRN04715,DR03036,PR00001,SR07976,QC-01,RTG Crane,8.8,0.95,263,Operational
CRN04716,DR06591,PR00002,SR07910,QC-07,Quay Crane,6.82,1.11,169,Inspection
CRN04717,DR08285,PR00006,SR01985,QC-05,RTG Crane,8.62,1.55,225,Inspection
CRN04718,DR03585,PR00007,SR09694,QC-02,RTG Crane,7.01,0.74,225,Operational
CRN04719,DR06051,PR00007,SR05601,QC-03,RTG Crane,7.56,1.46,239,Inspection
CRN04720,DR07742,PR00002,SR01717,QC-07,Quay Crane,6.78,1.14,188,Inspection
CRN04721,DR00928,PR00003,SR00084,QC-04,Quay Crane,6.56,0.65,203,Operational
CRN04722,DR01303,PR00006,SR01787,QC-08,Quay Crane,7.04,0.64,218,Operational
CRN04723,DR06312,PR00002,SR07040,QC-04,Quay Crane,5.81,0.6,150,Operational
CRN04724,DR00657,PR00003,SR03906,QC-05,Quay Crane,5.85,1.68,129,Maintenance
CRN04725,DR05669,PR00002,SR05524,QC-02,Quay Crane,6.81,0.57,211,Operational
CRN04726,DR03116,PR00004,SR06322,QC-08,RTG Crane,7.09,0.85,231,Operational
CRN04727,DR01749,PR00004,SR08424,QC-07,Quay Crane,7.98,1.16,194,Inspection
CRN04728,DR09204,PR00002,SR02047,QC-01,Quay Crane,6.46,0.68,153,Operational
CRN04729,DR03268,PR00001,SR06727,QC-02,Quay Crane,9.25,0.82,235,Operational
CRN04730,DR09780,PR00005,SR03287,QC-05,Quay Crane,5.24,1.67,76,Maintenance
CRN04731,DR07185,PR00004,SR09490,QC-07,Quay Crane,5.75,1.1,99,Inspection
CRN04732,DR04134,PR00002,SR07294,QC-06,Quay Crane,7.6,0.56,163,Operational
CRN04733,DR06071,PR00002,SR01311,QC-01,Quay Crane,8.97,0.62,238,Operational
CRN04734,DR00348,PR00007,SR01569,QC-06,Quay Crane,5.96,1.39,136,Inspection
CRN04735,DR03170,PR00004,SR02759,QC-08,Quay Crane,9.3,0.68,234,Operational
CRN04736,DR04082,PR00004,SR05386,QC-05,Quay Crane,8.18,2.06,201,Maintenance
CRN04737,DR08628,PR00004,SR03367,QC-05,Quay Crane,7.79,1.55,243,Inspection
CRN04738,DR06193,PR00007,SR01858,QC-06,RTG Crane,7.76,0.46,219,Operational
CRN04739,DR01032,PR00002,SR06640,QC-05,Quay Crane,7.72,1.75,196,Maintenance
CRN04740,DR09368,PR00002,SR08497,QC-02,Quay Crane,6.33,1.46,179,Inspection
CRN04741,DR06557,PR00003,SR06606,QC-05,Quay Crane,6.32,1.41,139,Inspection
CRN04742,DR08639,PR00006,SR00768,QC-06,Quay Crane,6.31,1.23,163,Inspection
CRN04743,DR02624,PR00001,SR08185,QC-05,Quay Crane,6.36,1.92,133,Maintenance
CRN04744,DR01276,PR00002,SR04571,QC-04,Quay Crane,8.05,0.84,161,Operational
CRN04745,DR07441,PR00002,SR06883,QC-06,Quay Crane,8.9,1.0,230,Operational
CRN04746,DR08070,PR00004,SR03414,QC-07,RTG Crane,5.53,1.06,141,Inspection
CRN04747,DR00718,PR00004,SR03888,QC-01,Quay Crane,5.71,0.46,140,Operational
CRN04748,DR01922,PR00003,SR04383,QC-08,Quay Crane,9.08,0.81,279,Operational
CRN04749,DR03303,PR00002,SR00944,QC-05,Quay Crane,6.95,2.07,175,Maintenance
CRN04750,DR08976,PR00005,SR07140,QC-04,Quay Crane,8.03,0.32,239,Operational
CRN04751,DR04783,PR00001,SR04993,QC-06,Quay Crane,6.43,0.97,130,Operational
CRN04752,DR02361,PR00005,SR03367,QC-08,Quay Crane,9.9,0.54,306,Operational
CRN04753,DR03815,PR00002,SR01802,QC-03,Quay Crane,7.21,1.03,205,Inspection
CRN04754,DR06127,PR00007,SR01445,QC-07,RTG Crane,8.25,1.51,264,Inspection
CRN04755,DR07088,PR00003,SR01901,QC-08,RTG Crane,8.43,0.53,265,Operational
CRN04756,DR07972,PR00004,SR08449,QC-02,Quay Crane,4.63,0.85,64,Operational
CRN04757,DR08307,PR00001,SR09942,QC-08,RTG Crane,4.53,0.92,83,Operational
CRN04758,DR04521,PR00002,SR03617,QC-08,Quay Crane,6.21,0.84,133,Operational
CRN04759,DR02360,PR00005,SR08905,QC-05,Quay Crane,7.13,2.18,182,Maintenance
CRN04760,DR01497,PR00004,SR07830,QC-02,Quay Crane,7.07,0.55,222,Operational
CRN04761,DR02231,PR00005,SR00673,QC-01,Quay Crane,8.58,0.94,223,Operational
CRN04762,DR03049,PR00004,SR05033,QC-05,Quay Crane,5.63,1.71,149,Maintenance
CRN04763,DR07053,PR00004,SR07910,QC-02,Quay Crane,5.51,0.6,120,Operational
CRN04764,DR03358,PR00006,SR09417,QC-02,RTG Crane,5.68,0.95,129,Operational
CRN04765,DR05898,PR00003,SR06950,QC-04,Quay Crane,8.75,0.6,252,Operational
CRN04766,DR01795,PR00006,SR09180,QC-03,RTG Crane,8.22,1.54,242,Inspection
CRN04767,DR06840,PR00003,SR01803,QC-02,Quay Crane,5.14,0.63,153,Operational
CRN04768,DR08808,PR00002,SR07572,QC-06,Quay Crane,8.18,0.98,199,Operational
CRN04769,DR03966,PR00005,SR05721,QC-04,Quay Crane,6.25,1.11,141,Inspection
CRN04770,DR04028,PR00001,SR06061,QC-05,Quay Crane,4.99,1.98,100,Maintenance
CRN04771,DR06480,PR00001,SR03248,QC-01,Quay Crane,7.02,0.53,196,Operational
CRN04772,DR05904,PR00001,SR03351,QC-08,RTG Crane,6.92,0.7,236,Operational
CRN04773,DR09632,PR00003,SR00710,QC-01,RTG Crane,8.24,0.05,225,Operational
CRN04774,DR08689,PR00004,SR03473,QC-07,Quay Crane,6.92,1.14,185,Inspection
CRN04775,DR08895,PR00001,SR00476,QC-02,RTG Crane,8.79,0.51,271,Operational
CRN04776,DR09935,PR00001,SR04807,QC-06,Quay Crane,8.96,0.88,259,Operational
CRN04777,DR06141,PR00002,SR01575,QC-01,Quay Crane,6.24,0.26,192,Operational
CRN04778,DR04070,PR00002,SR01539,QC-01,Quay Crane,6.81,0.62,185,Operational
CRN04779,DR01125,PR00001,SR02530,QC-02,Quay Crane,8.55,0.32,248,Operational
CRN04780,DR09573,PR00001,SR05113,QC-05,Quay Crane,7.14,1.83,187,Maintenance
CRN04781,DR09529,PR00006,SR04851,QC-01,RTG Crane,8.6,0.88,187,Operational
CRN04782,DR02048,PR00005,SR08676,QC-03,Quay Crane,8.66,1.59,197,Maintenance
CRN04783,DR06578,PR00002,SR01914,QC-08,Quay Crane,4.65,0.6,112,Operational
CRN04784,DR02116,PR00002,SR02714,QC-05,Quay Crane,7.92,2.1,180,Maintenance
CRN04785,DR05783,PR00001,SR01204,QC-03,Quay Crane,7.72,1.32,182,Inspection
CRN04786,DR04242,PR00002,SR02837,QC-01,Quay Crane,7.77,0.56,273,Operational
CRN04787,DR01306,PR00003,SR09831,QC-01,Quay Crane,7.64,0.32,220,Operational
CRN04788,DR00767,PR00007,SR02573,QC-05,Quay Crane,7.61,1.8,231,Maintenance
CRN04789,DR09878,PR00005,SR06603,QC-08,Quay Crane,9.83,0.88,199,Operational
CRN04790,DR06019,PR00003,SR08396,QC-01,Quay Crane,7.74,0.71,262,Operational
CRN04791,DR06401,PR00001,SR08446,QC-02,Quay Crane,6.46,1.26,136,Inspection
CRN04792,DR06060,PR00004,SR03021,QC-08,Quay Crane,6.55,0.84,223,Operational
CRN04793,DR05362,PR00007,SR07174,QC-08,Quay Crane,6.77,0.37,168,Operational
CRN04794,DR00308,PR00001,SR03406,QC-05,Quay Crane,9.05,1.34,206,Inspection
CRN04795,DR06011,PR00006,SR07777,QC-05,RTG Crane,5.57,1.98,154,Maintenance
CRN04796,DR00609,PR00001,SR02148,QC-05,Quay Crane,9.43,2.01,203,Maintenance
CRN04797,DR05195,PR00005,SR05967,QC-01,Quay Crane,7.46,0.56,196,Operational
CRN04798,DR02913,PR00001,SR09378,QC-03,Quay Crane,3.95,1.75,48,Maintenance
CRN04799,DR06773,PR00004,SR04897,QC-01,RTG Crane,9.14,0.6,323,Operational
CRN04800,DR01192,PR00002,SR08473,QC-03,Quay Crane,8.38,1.59,191,Maintenance
CRN04801,DR03775,PR00004,SR08239,QC-04,Quay Crane,6.64,0.78,198,Operational
CRN04802,DR01452,PR00004,SR02501,QC-01,Quay Crane,7.48,0.6,212,Operational
CRN04803,DR07130,PR00004,SR09766,QC-03,Quay Crane,8.56,1.65,241,Maintenance
CRN04804,DR09521,PR00005,SR07998,QC-02,Quay Crane,8.94,1.35,224,Inspection
CRN04805,DR09195,PR00001,SR00672,QC-08,Quay Crane,6.97,0.61,200,Operational
CRN04806,DR07055,PR00005,SR07707,QC-01,Quay Crane,9.22,0.71,313,Operational
CRN04807,DR04305,PR00001,SR07683,QC-03,Quay Crane,6.92,1.47,177,Inspection
CRN04808,DR08718,PR00005,SR07090,QC-07,Quay Crane,8.99,1.14,223,Inspection
CRN04809,DR01364,PR00001,SR01950,QC-05,Quay Crane,4.81,1.66,91,Maintenance
CRN04810,DR08892,PR00003,SR08965,QC-02,RTG Crane,9.49,1.09,262,Inspection
CRN04811,DR08041,PR00003,SR02361,QC-06,RTG Crane,4.57,1.33,103,Inspection
CRN04812,DR02270,PR00007,SR03530,QC-04,RTG Crane,6.01,0.72,145,Operational
CRN04813,DR05694,PR00004,SR00366,QC-01,Quay Crane,8.73,0.45,240,Operational
CRN04814,DR03636,PR00001,SR04835,QC-05,Quay Crane,7.35,2.12,161,Maintenance
CRN04815,DR05688,PR00005,SR08374,QC-01,Quay Crane,8.26,0.33,227,Operational
CRN04816,DR04513,PR00001,SR00049,QC-01,Quay Crane,5.42,0.66,118,Operational
CRN04817,DR03847,PR00002,SR09925,QC-06,Quay Crane,5.94,1.06,188,Inspection
CRN04818,DR02557,PR00003,SR01906,QC-06,Quay Crane,6.76,0.98,140,Operational
CRN04819,DR02234,PR00005,SR01500,QC-03,Quay Crane,4.86,1.63,101,Maintenance
CRN04820,DR04171,PR00007,SR09198,QC-02,Quay Crane,8.9,0.92,293,Operational
CRN04821,DR08981,PR00007,SR06059,QC-01,Quay Crane,7.1,0.56,174,Operational
CRN04822,DR02005,PR00001,SR04195,QC-06,Quay Crane,5.49,0.83,128,Operational
CRN04823,DR00022,PR00001,SR06039,QC-06,Quay Crane,7.11,0.92,182,Operational
CRN04824,DR05078,PR00006,SR02334,QC-07,RTG Crane,7.19,1.11,214,Inspection
CRN04825,DR00479,PR00002,SR02042,QC-01,RTG Crane,7.93,0.5,169,Operational
CRN04826,DR09820,PR00004,SR05702,QC-01,Quay Crane,7.02,0.74,201,Operational
CRN04827,DR08643,PR00007,SR00749,QC-02,Quay Crane,6.05,0.67,116,Operational
CRN04828,DR08216,PR00001,SR01839,QC-07,RTG Crane,6.87,1.4,227,Inspection
CRN04829,DR04028,PR00003,SR06908,QC-02,Quay Crane,10.0,1.06,254,Inspection
CRN04830,DR08277,PR00006,SR00904,QC-05,Quay Crane,7.71,2.24,107,Maintenance
CRN04831,DR03518,PR00004,SR09760,QC-06,RTG Crane,5.74,1.11,197,Inspection
CRN04832,DR08110,PR00007,SR02658,QC-07,Quay Crane,8.7,1.29,260,Inspection
CRN04833,DR09767,PR00004,SR01073,QC-01,Quay Crane,10.0,0.76,250,Operational
CRN04834,DR08966,PR00002,SR09728,QC-06,Quay Crane,7.99,1.11,179,Inspection
CRN04835,DR01755,PR00006,SR02359,QC-08,Quay Crane,7.11,0.84,157,Operational
CRN04836,DR08302,PR00005,SR08018,QC-04,Quay Crane,4.98,0.39,105,Operational
CRN04837,DR07548,PR00007,SR06774,QC-06,Quay Crane,7.06,0.72,204,Operational
CRN04838,DR09610,PR00003,SR02193,QC-04,Quay Crane,5.35,0.52,167,Operational
CRN04839,DR06917,PR00003,SR05838,QC-01,Quay Crane,7.64,0.93,136,Operational
CRN04840,DR02288,PR00002,SR09837,QC-03,Quay Crane,4.07,0.8,98,Operational
CRN04841,DR09611,PR00002,SR09949,QC-06,Quay Crane,8.06,1.24,220,Inspection
CRN04842,DR06525,PR00007,SR05873,QC-01,Quay Crane,4.55,0.53,85,Operational
CRN04843,DR03375,PR00007,SR03093,QC-04,Quay Crane,7.33,0.72,224,Operational
CRN04844,DR08965,PR00003,SR04745,QC-01,Quay Crane,9.54,0.62,197,Operational
CRN04845,DR02314,PR00007,SR02557,QC-08,Quay Crane,5.8,0.12,142,Operational
CRN04846,DR08828,PR00002,SR00145,QC-08,RTG Crane,6.21,0.48,193,Operational
CRN04847,DR01101,PR00006,SR03005,QC-04,Quay Crane,7.75,0.82,202,Operational
CRN04848,DR03116,PR00004,SR07513,QC-03,Quay Crane,6.38,1.56,131,Maintenance
CRN04849,DR08575,PR00005,SR04308,QC-07,Quay Crane,8.99,1.42,247,Inspection
CRN04850,DR00320,PR00005,SR01274,QC-08,Quay Crane,6.78,0.64,147,Operational
CRN04851,DR07600,PR00004,SR03033,QC-06,Quay Crane,8.65,1.29,255,Inspection
CRN04852,DR08943,PR00006,SR08983,QC-08,RTG Crane,7.92,0.61,176,Operational
CRN04853,DR01865,PR00003,SR04092,QC-05,Quay Crane,7.28,1.94,219,Maintenance
CRN04854,DR06776,PR00006,SR02271,QC-02,Quay Crane,7.41,0.97,227,Operational
CRN04855,DR07734,PR00001,SR07002,QC-08,Quay Crane,7.73,0.49,274,Operational
CRN04856,DR07113,PR00001,SR09541,QC-08,Quay Crane,6.63,0.74,162,Operational
CRN04857,DR02571,PR00005,SR00224,QC-07,Quay Crane,8.96,1.15,246,Inspection
CRN04858,DR03285,PR00005,SR06040,QC-08,Quay Crane,5.27,0.57,103,Operational
CRN04859,DR09027,PR00007,SR06142,QC-01,Quay Crane,9.61,0.66,305,Operational
CRN04860,DR00573,PR00002,SR09320,QC-08,Quay Crane,5.28,0.78,133,Operational
CRN04861,DR03915,PR00001,SR04216,QC-04,Quay Crane,8.75,0.73,281,Operational
CRN04862,DR05824,PR00003,SR05151,QC-01,Quay Crane,10.0,0.55,307,Operational
CRN04863,DR02018,PR00006,SR05200,QC-06,Quay Crane,9.79,1.07,258,Inspection
CRN04864,DR05829,PR00007,SR06382,QC-01,Quay Crane,4.13,0.6,110,Operational
CRN04865,DR06256,PR00006,SR07902,QC-03,RTG Crane,7.27,1.15,189,Inspection
CRN04866,DR00805,PR00003,SR03437,QC-03,RTG Crane,7.24,1.6,186,Maintenance
CRN04867,DR05631,PR00006,SR06253,QC-08,RTG Crane,9.63,0.45,265,Operational
CRN04868,DR08718,PR00002,SR03654,QC-06,RTG Crane,5.15,1.22,99,Inspection
CRN04869,DR08871,PR00007,SR07084,QC-08,RTG Crane,7.15,0.77,198,Operational
CRN04870,DR02241,PR00004,SR07376,QC-01,Quay Crane,5.79,0.69,166,Operational
CRN04871,DR01383,PR00003,SR09987,QC-07,Quay Crane,7.52,1.5,150,Inspection
CRN04872,DR04818,PR00004,SR06400,QC-02,RTG Crane,6.38,0.92,215,Operational
CRN04873,DR02784,PR00006,SR08195,QC-03,Quay Crane,7.46,1.94,124,Maintenance
CRN04874,DR07999,PR00002,SR09034,QC-07,Quay Crane,6.65,1.2,185,Inspection
CRN04875,DR09559,PR00001,SR09227,QC-01,RTG Crane,5.03,0.07,121,Operational
CRN04876,DR08052,PR00005,SR04464,QC-08,RTG Crane,8.68,0.54,206,Operational
CRN04877,DR01802,PR00007,SR03670,QC-06,Quay Crane,4.19,1.33,94,Inspection
CRN04878,DR09032,PR00004,SR02230,QC-04,Quay Crane,7.42,1.26,174,Inspection
CRN04879,DR04881,PR00001,SR04089,QC-08,Quay Crane,6.73,1.17,209,Inspection
CRN04880,DR07440,PR00004,SR05691,QC-05,RTG Crane,8.19,2.24,146,Maintenance
CRN04881,DR07539,PR00001,SR00376,QC-02,Quay Crane,10.0,0.85,241,Operational
CRN04882,DR06772,PR00002,SR03548,QC-06,Quay Crane,4.44,0.92,116,Operational
CRN04883,DR00171,PR00001,SR03141,QC-01,Quay Crane,6.26,1.06,129,Inspection
CRN04884,DR02603,PR00003,SR05050,QC-08,Quay Crane,6.87,0.78,179,Operational
CRN04885,DR03183,PR00002,SR04430,QC-06,Quay Crane,6.07,0.89,175,Operational
CRN04886,DR03333,PR00001,SR00883,QC-06,Quay Crane,8.25,1.2,184,Inspection
CRN04887,DR06013,PR00002,SR00703,QC-04,Quay Crane,7.15,0.41,162,Operational
CRN04888,DR07493,PR00004,SR01807,QC-07,Quay Crane,6.09,1.0,116,Operational
CRN04889,DR08198,PR00002,SR05939,QC-07,RTG Crane,5.67,0.87,112,Operational
CRN04890,DR07608,PR00001,SR02129,QC-05,RTG Crane,4.11,1.91,116,Maintenance
CRN04891,DR06114,PR00004,SR02749,QC-04,Quay Crane,8.13,0.94,210,Operational
CRN04892,DR03945,PR00005,SR01830,QC-04,Quay Crane,6.24,0.81,140,Operational
CRN04893,DR08981,PR00006,SR03582,QC-07,RTG Crane,10.0,0.88,224,Operational
CRN04894,DR07728,PR00003,SR02714,QC-08,Quay Crane,9.06,0.7,226,Operational
CRN04895,DR08775,PR00005,SR02914,QC-06,Quay Crane,6.76,0.82,165,Operational
CRN04896,DR09531,PR00006,SR06217,QC-08,Quay Crane,7.0,0.35,132,Operational
CRN04897,DR02363,PR00005,SR08345,QC-08,Quay Crane,5.88,0.35,167,Operational
CRN04898,DR06934,PR00003,SR09912,QC-05,Quay Crane,6.94,2.13,143,Maintenance
CRN04899,DR09990,PR00001,SR05679,QC-04,Quay Crane,6.5,0.79,146,Operational
CRN04900,DR07340,PR00002,SR02470,QC-05,Quay Crane,7.07,2.11,170,Maintenance
CRN04901,DR08075,PR00002,SR06220,QC-04,Quay Crane,8.41,1.24,236,Inspection
CRN04902,DR09407,PR00003,SR05765,QC-07,RTG Crane,10.0,1.25,214,Inspection
CRN04903,DR03612,PR00007,SR06506,QC-06,RTG Crane,6.17,1.27,133,Inspection
CRN04904,DR08693,PR00002,SR02842,QC-05,Quay Crane,4.79,1.78,91,Maintenance
CRN04905,DR07621,PR00004,SR08292,QC-07,RTG Crane,6.72,1.18,126,Inspection
CRN04906,DR01393,PR00007,SR01562,QC-05,Quay Crane,7.29,1.95,209,Maintenance
CRN04907,DR09823,PR00004,SR00886,QC-08,Quay Crane,7.97,0.66,233,Operational
CRN04908,DR05831,PR00002,SR07680,QC-01,Quay Crane,8.82,0.66,225,Operational
CRN04909,DR09507,PR00007,SR05023,QC-05,Quay Crane,5.01,1.54,112,Inspection
CRN04910,DR06765,PR00002,SR07104,QC-07,Quay Crane,7.62,1.48,239,Inspection
CRN04911,DR00784,PR00001,SR01250,QC-07,Quay Crane,10.0,1.07,237,Inspection
CRN04912,DR07759,PR00003,SR00843,QC-04,RTG Crane,7.71,0.72,173,Operational
CRN04913,DR05170,PR00002,SR04513,QC-03,Quay Crane,5.5,1.43,153,Inspection
CRN04914,DR01067,PR00006,SR03224,QC-02,Quay Crane,4.86,1.17,91,Inspection
CRN04915,DR06117,PR00002,SR01161,QC-03,Quay Crane,6.9,1.56,179,Maintenance
CRN04916,DR05819,PR00006,SR02307,QC-08,Quay Crane,9.52,0.54,235,Operational
CRN04917,DR05381,PR00001,SR06284,QC-05,RTG Crane,7.02,1.36,164,Inspection
CRN04918,DR07102,PR00007,SR09663,QC-06,Quay Crane,6.03,1.13,150,Inspection
CRN04919,DR08274,PR00001,SR02290,QC-04,RTG Crane,5.41,1.05,89,Inspection
CRN04920,DR02125,PR00007,SR03202,QC-06,Quay Crane,10.0,0.75,313,Operational
CRN04921,DR09362,PR00001,SR00437,QC-08,Quay Crane,4.05,0.75,113,Operational
CRN04922,DR05933,PR00006,SR08168,QC-05,Quay Crane,6.58,1.98,145,Maintenance
CRN04923,DR04016,PR00006,SR03092,QC-08,Quay Crane,5.47,0.93,106,Operational
CRN04924,DR02034,PR00004,SR02836,QC-07,Quay Crane,6.94,1.08,121,Inspection
CRN04925,DR00058,PR00001,SR04720,QC-02,Quay Crane,7.02,1.05,211,Inspection
CRN04926,DR02727,PR00004,SR05960,QC-02,Quay Crane,8.47,0.76,227,Operational
CRN04927,DR09131,PR00004,SR09604,QC-08,RTG Crane,4.95,0.39,64,Operational
CRN04928,DR02613,PR00004,SR02602,QC-02,Quay Crane,7.16,0.66,204,Operational
CRN04929,DR03570,PR00004,SR03429,QC-02,RTG Crane,4.64,0.83,126,Operational
CRN04930,DR03897,PR00007,SR08091,QC-03,RTG Crane,4.58,1.5,167,Inspection
CRN04931,DR05123,PR00007,SR09503,QC-06,Quay Crane,6.7,1.02,250,Inspection
CRN04932,DR05274,PR00003,SR05605,QC-03,Quay Crane,7.86,1.28,216,Inspection
CRN04933,DR08217,PR00001,SR01835,QC-06,Quay Crane,8.28,0.89,270,Operational
CRN04934,DR01251,PR00001,SR01067,QC-02,Quay Crane,7.96,0.52,232,Operational
CRN04935,DR01723,PR00005,SR07953,QC-08,Quay Crane,7.13,0.17,201,Operational
CRN04936,DR02810,PR00007,SR02537,QC-02,RTG Crane,7.66,0.54,180,Operational
CRN04937,DR02530,PR00003,SR01653,QC-02,RTG Crane,6.54,0.48,199,Operational
CRN04938,DR01214,PR00001,SR01894,QC-03,Quay Crane,5.8,1.76,148,Maintenance
CRN04939,DR08387,PR00002,SR03564,QC-07,Quay Crane,5.87,1.31,147,Inspection
CRN04940,DR06645,PR00003,SR08477,QC-01,Quay Crane,6.84,0.76,200,Operational
CRN04941,DR08708,PR00007,SR07296,QC-04,Quay Crane,6.01,0.79,150,Operational
CRN04942,DR04707,PR00005,SR09323,QC-07,Quay Crane,9.69,1.07,216,Inspection
CRN04943,DR00869,PR00001,SR06154,QC-01,Quay Crane,6.23,0.47,139,Operational
CRN04944,DR08913,PR00002,SR08492,QC-05,Quay Crane,4.28,1.39,97,Inspection
CRN04945,DR01777,PR00001,SR09384,QC-01,Quay Crane,8.24,0.4,221,Operational
CRN04946,DR01818,PR00004,SR06779,QC-05,Quay Crane,8.29,1.66,227,Maintenance
CRN04947,DR02761,PR00005,SR04050,QC-07,Quay Crane,7.33,0.75,191,Operational
CRN04948,DR06822,PR00001,SR06116,QC-06,RTG Crane,7.22,1.1,210,Inspection
CRN04949,DR05054,PR00002,SR04334,QC-01,Quay Crane,6.82,0.49,201,Operational
CRN04950,DR00547,PR00007,SR07668,QC-02,Quay Crane,6.75,1.12,204,Inspection
CRN04951,DR06530,PR00006,SR02158,QC-01,Quay Crane,6.9,0.83,117,Operational
CRN04952,DR09732,PR00004,SR01316,QC-04,Quay Crane,7.23,1.17,202,Inspection
CRN04953,DR03811,PR00003,SR01535,QC-05,Quay Crane,6.82,2.14,213,Maintenance
CRN04954,DR00738,PR00007,SR09091,QC-03,Quay Crane,4.38,1.43,118,Inspection
CRN04955,DR06067,PR00005,SR07052,QC-06,RTG Crane,5.55,0.92,130,Operational
CRN04956,DR05243,PR00007,SR05941,QC-01,Quay Crane,7.44,0.42,229,Operational
CRN04957,DR00741,PR00001,SR08437,QC-01,Quay Crane,5.51,0.86,190,Operational
CRN04958,DR01641,PR00002,SR01541,QC-01,Quay Crane,5.83,0.31,184,Operational
CRN04959,DR04662,PR00001,SR06226,QC-05,RTG Crane,8.22,1.84,143,Maintenance
CRN04960,DR05754,PR00006,SR08755,QC-01,RTG Crane,4.61,0.57,145,Operational
CRN04961,DR06633,PR00005,SR01289,QC-02,RTG Crane,5.55,0.83,155,Operational
CRN04962,DR03481,PR00001,SR05924,QC-08,Quay Crane,8.04,0.2,203,Operational
CRN04963,DR02147,PR00007,SR02483,QC-03,Quay Crane,5.97,1.34,197,Inspection
CRN04964,DR04040,PR00007,SR05124,QC-02,RTG Crane,6.99,0.76,146,Operational
CRN04965,DR08969,PR00002,SR02828,QC-05,Quay Crane,3.14,2.14,84,Maintenance
CRN04966,DR02316,PR00004,SR02545,QC-01,Quay Crane,8.58,0.83,249,Operational
CRN04967,DR04876,PR00004,SR06874,QC-02,Quay Crane,8.56,0.61,224,Operational
CRN04968,DR02466,PR00001,SR00753,QC-07,RTG Crane,7.11,1.47,196,Inspection
CRN04969,DR09405,PR00005,SR08327,QC-02,RTG Crane,5.45,0.64,204,Operational
CRN04970,DR00087,PR00002,SR03410,QC-02,Quay Crane,9.45,0.69,257,Operational
CRN04971,DR03735,PR00007,SR07466,QC-01,Quay Crane,10.0,0.57,270,Operational
CRN04972,DR02341,PR00006,SR00199,QC-04,Quay Crane,9.66,0.85,256,Operational
CRN04973,DR03376,PR00007,SR05734,QC-08,Quay Crane,8.44,0.33,201,Operational
CRN04974,DR09420,PR00005,SR06851,QC-02,RTG Crane,7.37,0.95,200,Operational
CRN04975,DR01432,PR00001,SR04826,QC-05,Quay Crane,6.59,1.78,131,Maintenance
CRN04976,DR04939,PR00003,SR07025,QC-07,Quay Crane,9.15,1.05,237,Inspection
CRN04977,DR08523,PR00005,SR07251,QC-01,Quay Crane,6.95,0.27,209,Operational
CRN04978,DR05113,PR00002,SR09927,QC-06,Quay Crane,2.69,1.04,66,Inspection
CRN04979,DR06732,PR00005,SR03254,QC-01,Quay Crane,7.17,0.76,150,Operational
CRN04980,DR02362,PR00002,SR00321,QC-02,Quay Crane,6.88,0.46,182,Operational
CRN04981,DR02848,PR00001,SR05493,QC-07,RTG Crane,6.17,0.92,184,Operational
CRN04982,DR00542,PR00003,SR06877,QC-02,Quay Crane,8.41,0.58,209,Operational
CRN04983,DR08964,PR00005,SR09804,QC-08,Quay Crane,6.16,0.73,181,Operational
CRN04984,DR01261,PR00003,SR02018,QC-04,Quay Crane,7.48,0.82,180,Operational
CRN04985,DR00048,PR00004,SR01830,QC-03,Quay Crane,3.5,1.39,126,Inspection
CRN04986,DR05672,PR00003,SR05357,QC-04,RTG Crane,5.61,0.34,152,Operational
CRN04987,DR04159,PR00005,SR06585,QC-01,Quay Crane,6.71,0.52,211,Operational
CRN04988,DR00484,PR00004,SR02372,QC-01,Quay Crane,4.11,0.11,131,Operational
CRN04989,DR09881,PR00004,SR02203,QC-03,RTG Crane,5.73,1.4,199,Inspection
CRN04990,DR03241,PR00003,SR00782,QC-07,RTG Crane,8.27,1.4,250,Inspection
CRN04991,DR03444,PR00003,SR00265,QC-01,Quay Crane,6.53,0.05,191,Operational
CRN04992,DR08267,PR00001,SR06841,QC-02,RTG Crane,9.29,0.41,250,Operational
CRN04993,DR06184,PR00004,SR07892,QC-01,Quay Crane,7.64,0.36,177,Operational
CRN04994,DR01612,PR00002,SR08623,QC-04,Quay Crane,5.27,0.54,105,Operational
CRN04995,DR05396,PR00006,SR00190,QC-04,Quay Crane,9.18,0.7,226,Operational
CRN04996,DR06194,PR00006,SR09496,QC-06,Quay Crane,8.16,1.35,174,Inspection
CRN04997,DR09558,PR00003,SR01941,QC-03,Quay Crane,7.58,1.37,180,Inspection
CRN04998,DR00614,PR00006,SR09859,QC-02,Quay Crane,8.67,0.56,216,Operational
CRN04999,DR07610,PR00005,SR06766,QC-06,Quay Crane,5.74,0.17,182,Operational
CRN05000,DR09155,PR00001,SR03467,QC-06,Quay Crane,7.54,1.24,224,Inspection
CRN05001,DR08890,PR00005,SR07082,QC-05,Quay Crane,6.02,1.76,113,Maintenance
CRN05002,DR04595,PR00007,SR03314,QC-06,Quay Crane,8.29,1.18,168,Inspection
CRN05003,DR03603,PR00001,SR08828,QC-04,Quay Crane,5.38,0.73,124,Operational
CRN05004,DR04089,PR00002,SR07662,QC-02,Quay Crane,7.38,0.76,208,Operational
CRN05005,DR08814,PR00004,SR03285,QC-08,RTG Crane,8.82,0.47,182,Operational
CRN05006,DR02988,PR00003,SR02135,QC-01,Quay Crane,6.73,0.66,246,Operational
CRN05007,DR00679,PR00004,SR09491,QC-07,RTG Crane,9.14,1.43,253,Inspection
CRN05008,DR05394,PR00004,SR00954,QC-04,RTG Crane,6.26,0.94,159,Operational
CRN05009,DR09709,PR00006,SR04922,QC-05,Quay Crane,5.4,1.96,95,Maintenance
CRN05010,DR03815,PR00001,SR04696,QC-02,RTG Crane,7.58,0.8,229,Operational
CRN05011,DR03908,PR00003,SR01503,QC-07,Quay Crane,7.0,1.4,165,Inspection
CRN05012,DR04166,PR00006,SR08404,QC-07,RTG Crane,8.95,1.01,192,Inspection
CRN05013,DR04025,PR00003,SR00229,QC-06,Quay Crane,5.92,1.18,139,Inspection
CRN05014,DR01030,PR00003,SR00920,QC-03,Quay Crane,8.63,1.08,244,Inspection
CRN05015,DR07693,PR00001,SR02425,QC-03,Quay Crane,7.29,1.53,198,Inspection
CRN05016,DR02353,PR00002,SR07957,QC-06,Quay Crane,8.64,1.18,266,Inspection
CRN05017,DR03577,PR00003,SR05561,QC-01,Quay Crane,5.99,0.59,145,Operational
CRN05018,DR07822,PR00003,SR09698,QC-08,RTG Crane,6.66,0.68,161,Operational
CRN05019,DR00807,PR00005,SR08935,QC-01,Quay Crane,7.28,0.61,191,Operational
CRN05020,DR04628,PR00004,SR07326,QC-04,Quay Crane,8.96,0.62,226,Operational
CRN05021,DR02589,PR00006,SR05017,QC-07,RTG Crane,7.93,1.04,222,Inspection
CRN05022,DR07599,PR00006,SR09112,QC-05,RTG Crane,5.02,1.94,97,Maintenance
CRN05023,DR00326,PR00002,SR07327,QC-04,Quay Crane,5.93,0.7,133,Operational
CRN05024,DR09565,PR00001,SR06749,QC-03,Quay Crane,7.01,1.41,183,Inspection
CRN05025,DR06335,PR00006,SR03191,QC-02,Quay Crane,6.1,0.97,170,Operational
CRN05026,DR01796,PR00002,SR07539,QC-07,Quay Crane,9.73,1.44,226,Inspection
CRN05027,DR06252,PR00002,SR07807,QC-06,Quay Crane,6.14,0.87,159,Operational
CRN05028,DR09285,PR00001,SR05636,QC-07,RTG Crane,5.42,1.02,175,Inspection
CRN05029,DR05988,PR00005,SR08476,QC-07,Quay Crane,6.39,1.19,238,Inspection
CRN05030,DR06253,PR00002,SR09346,QC-01,Quay Crane,8.09,0.5,253,Operational
CRN05031,DR02522,PR00001,SR02826,QC-01,RTG Crane,6.71,0.17,179,Operational
CRN05032,DR06760,PR00003,SR03353,QC-02,Quay Crane,9.56,0.73,252,Operational
CRN05033,DR00454,PR00005,SR03131,QC-01,Quay Crane,5.09,0.37,161,Operational
CRN05034,DR09109,PR00002,SR08102,QC-08,Quay Crane,6.81,0.54,197,Operational
CRN05035,DR05934,PR00005,SR02862,QC-03,Quay Crane,10.0,1.42,265,Inspection
CRN05036,DR01614,PR00003,SR07232,QC-08,RTG Crane,8.05,0.07,175,Operational
CRN05037,DR04287,PR00003,SR00142,QC-01,RTG Crane,6.1,0.59,175,Operational
CRN05038,DR04954,PR00002,SR04238,QC-06,Quay Crane,4.7,1.14,126,Inspection
CRN05039,DR01198,PR00001,SR08480,QC-01,Quay Crane,5.8,0.65,143,Operational
CRN05040,DR00280,PR00002,SR07351,QC-06,Quay Crane,7.19,0.75,215,Operational
CRN05041,DR04349,PR00006,SR08615,QC-01,RTG Crane,8.88,1.01,262,Inspection
CRN05042,DR06532,PR00001,SR05317,QC-01,RTG Crane,5.54,0.28,117,Operational
CRN05043,DR02931,PR00007,SR01574,QC-02,RTG Crane,5.49,0.87,161,Operational
CRN05044,DR04427,PR00001,SR00607,QC-05,RTG Crane,6.98,2.29,210,Maintenance
CRN05045,DR02134,PR00003,SR05035,QC-04,Quay Crane,9.83,0.58,284,Operational
CRN05046,DR04995,PR00004,SR04113,QC-06,RTG Crane,8.91,0.89,262,Operational
CRN05047,DR08125,PR00006,SR06288,QC-07,Quay Crane,4.48,1.23,93,Inspection
CRN05048,DR06420,PR00001,SR08142,QC-01,Quay Crane,6.98,0.69,177,Operational
CRN05049,DR09253,PR00001,SR07952,QC-05,Quay Crane,7.85,2.49,204,Maintenance
CRN05050,DR06897,PR00004,SR03902,QC-02,Quay Crane,7.1,0.89,198,Operational
CRN05051,DR09193,PR00002,SR04781,QC-04,Quay Crane,5.47,0.7,113,Operational
CRN05052,DR02165,PR00004,SR05837,QC-01,Quay Crane,8.61,0.66,243,Operational
CRN05053,DR07226,PR00006,SR08976,QC-04,Quay Crane,8.2,0.24,233,Operational
CRN05054,DR05516,PR00001,SR00937,QC-03,Quay Crane,9.3,1.65,213,Maintenance
CRN05055,DR03436,PR00006,SR04539,QC-08,Quay Crane,7.46,1.18,214,Inspection
CRN05056,DR08504,PR00001,SR08006,QC-01,Quay Crane,6.53,1.13,149,Inspection
CRN05057,DR09615,PR00006,SR01296,QC-01,Quay Crane,7.86,0.64,219,Operational
CRN05058,DR08388,PR00007,SR03608,QC-04,Quay Crane,6.0,0.48,140,Operational
CRN05059,DR08878,PR00004,SR09766,QC-08,Quay Crane,8.5,0.49,223,Operational
CRN05060,DR04684,PR00007,SR05826,QC-07,Quay Crane,9.75,1.19,253,Inspection
CRN05061,DR02463,PR00006,SR03730,QC-03,Quay Crane,5.62,1.27,146,Inspection
CRN05062,DR03445,PR00001,SR01807,QC-06,RTG Crane,5.99,0.81,106,Operational
CRN05063,DR05949,PR00001,SR00313,QC-01,RTG Crane,9.59,0.38,280,Operational
CRN05064,DR01224,PR00001,SR03352,QC-08,Quay Crane,8.44,0.43,261,Operational
CRN05065,DR01863,PR00003,SR09875,QC-02,Quay Crane,7.22,0.49,152,Operational
CRN05066,DR09559,PR00004,SR00351,QC-02,Quay Crane,4.96,0.91,169,Operational
CRN05067,DR07340,PR00003,SR06753,QC-01,Quay Crane,6.81,0.86,231,Operational
CRN05068,DR04417,PR00005,SR01072,QC-03,Quay Crane,6.76,1.47,98,Inspection
CRN05069,DR01723,PR00003,SR08196,QC-01,Quay Crane,6.37,0.96,123,Operational
CRN05070,DR07650,PR00001,SR09360,QC-08,Quay Crane,7.44,0.88,248,Operational
CRN05071,DR08456,PR00002,SR04198,QC-03,Quay Crane,4.4,1.58,90,Maintenance
CRN05072,DR00634,PR00007,SR00634,QC-05,Quay Crane,7.38,1.55,158,Inspection
CRN05073,DR04229,PR00002,SR04671,QC-02,Quay Crane,7.62,0.59,224,Operational
CRN05074,DR00545,PR00002,SR03548,QC-02,Quay Crane,6.51,0.71,145,Operational
CRN05075,DR02817,PR00001,SR01160,QC-01,Quay Crane,9.02,0.48,254,Operational
CRN05076,DR04482,PR00007,SR04614,QC-04,Quay Crane,6.0,0.42,212,Operational
CRN05077,DR04557,PR00002,SR02599,QC-03,Quay Crane,7.93,1.71,154,Maintenance
CRN05078,DR08297,PR00004,SR06981,QC-05,Quay Crane,9.21,2.21,240,Maintenance
CRN05079,DR07932,PR00001,SR02645,QC-08,Quay Crane,8.14,0.41,189,Operational
CRN05080,DR05114,PR00001,SR06456,QC-08,RTG Crane,5.18,0.55,173,Operational
CRN05081,DR08317,PR00005,SR01716,QC-08,RTG Crane,9.89,0.39,275,Operational
CRN05082,DR05104,PR00004,SR00280,QC-03,Quay Crane,7.04,1.15,201,Inspection
CRN05083,DR00326,PR00005,SR01662,QC-01,RTG Crane,8.56,0.83,221,Operational
CRN05084,DR04182,PR00002,SR09029,QC-05,Quay Crane,7.51,1.62,232,Maintenance
CRN05085,DR05667,PR00007,SR07711,QC-06,Quay Crane,9.0,1.0,204,Operational
CRN05086,DR01102,PR00004,SR05076,QC-01,Quay Crane,8.58,0.05,266,Operational
CRN05087,DR02022,PR00007,SR04514,QC-06,Quay Crane,6.75,1.38,223,Inspection
CRN05088,DR02910,PR00001,SR04890,QC-01,Quay Crane,6.71,0.57,221,Operational
CRN05089,DR02031,PR00003,SR01088,QC-02,Quay Crane,8.02,1.04,256,Inspection
CRN05090,DR06811,PR00002,SR08799,QC-08,Quay Crane,6.64,0.69,162,Operational
CRN05091,DR01971,PR00005,SR06972,QC-07,Quay Crane,8.64,1.28,240,Inspection
CRN05092,DR04198,PR00005,SR04371,QC-07,Quay Crane,9.4,1.0,315,Operational
CRN05093,DR01898,PR00003,SR07489,QC-08,Quay Crane,7.83,0.35,255,Operational
CRN05094,DR02754,PR00001,SR05778,QC-03,Quay Crane,6.66,0.85,209,Operational
CRN05095,DR04153,PR00001,SR00813,QC-05,RTG Crane,8.52,2.31,229,Maintenance
CRN05096,DR04540,PR00001,SR02756,QC-06,Quay Crane,9.07,1.29,197,Inspection
CRN05097,DR03616,PR00006,SR05419,QC-06,Quay Crane,6.72,1.27,113,Inspection
CRN05098,DR07921,PR00002,SR09034,QC-02,Quay Crane,5.94,0.74,188,Operational
CRN05099,DR08036,PR00001,SR08081,QC-01,Quay Crane,5.61,0.73,137,Operational
CRN05100,DR02823,PR00002,SR07160,QC-03,Quay Crane,5.83,1.18,178,Inspection
CRN05101,DR03494,PR00001,SR04544,QC-08,Quay Crane,7.49,0.92,192,Operational
CRN05102,DR04005,PR00007,SR07886,QC-06,Quay Crane,8.63,0.92,224,Operational
CRN05103,DR00982,PR00002,SR05752,QC-03,Quay Crane,5.16,1.25,101,Inspection
CRN05104,DR02375,PR00007,SR00875,QC-03,Quay Crane,8.37,1.12,180,Inspection
CRN05105,DR03428,PR00005,SR07539,QC-05,Quay Crane,8.53,1.81,294,Maintenance
CRN05106,DR04703,PR00004,SR00453,QC-08,Quay Crane,9.79,0.35,263,Operational
CRN05107,DR05590,PR00003,SR06758,QC-03,Quay Crane,6.61,0.96,182,Operational
CRN05108,DR09955,PR00005,SR00442,QC-04,Quay Crane,9.61,0.59,308,Operational
CRN05109,DR04938,PR00005,SR02216,QC-08,Quay Crane,7.5,0.71,245,Operational
CRN05110,DR03998,PR00001,SR02962,QC-05,RTG Crane,6.71,1.76,157,Maintenance
CRN05111,DR00535,PR00007,SR09660,QC-04,Quay Crane,6.03,0.48,159,Operational
CRN05112,DR02407,PR00003,SR07241,QC-06,Quay Crane,6.99,1.73,165,Maintenance
CRN05113,DR02089,PR00002,SR01879,QC-07,RTG Crane,5.64,1.09,140,Inspection
CRN05114,DR07538,PR00003,SR07533,QC-03,Quay Crane,6.76,1.67,179,Maintenance
CRN05115,DR02476,PR00005,SR02542,QC-07,Quay Crane,6.22,0.7,175,Operational
CRN05116,DR09497,PR00003,SR02788,QC-02,Quay Crane,4.5,0.12,155,Operational
CRN05117,DR08936,PR00003,SR05150,QC-01,Quay Crane,7.89,0.92,193,Operational
CRN05118,DR07177,PR00001,SR04623,QC-05,RTG Crane,7.75,1.92,177,Maintenance
CRN05119,DR06391,PR00003,SR05487,QC-05,RTG Crane,6.65,2.08,145,Maintenance
CRN05120,DR08543,PR00001,SR09726,QC-03,Quay Crane,7.93,1.5,240,Inspection
CRN05121,DR06620,PR00006,SR00082,QC-03,RTG Crane,7.87,0.96,213,Operational
CRN05122,DR03664,PR00002,SR02372,QC-04,RTG Crane,5.21,0.77,187,Operational
CRN05123,DR04221,PR00007,SR06472,QC-04,Quay Crane,7.71,0.97,214,Operational
CRN05124,DR09013,PR00005,SR06997,QC-07,Quay Crane,7.65,0.76,238,Operational
CRN05125,DR01654,PR00005,SR06686,QC-06,Quay Crane,6.77,0.84,214,Operational
CRN05126,DR07240,PR00007,SR02975,QC-07,RTG Crane,4.53,1.35,110,Inspection
CRN05127,DR07214,PR00002,SR02054,QC-06,Quay Crane,10.0,0.68,278,Operational
CRN05128,DR06938,PR00004,SR05265,QC-02,Quay Crane,6.51,1.07,152,Inspection
CRN05129,DR07554,PR00001,SR04467,QC-07,RTG Crane,6.4,0.99,150,Operational
CRN05130,DR02273,PR00001,SR01349,QC-02,Quay Crane,7.59,0.28,206,Operational
CRN05131,DR00133,PR00003,SR07702,QC-05,Quay Crane,6.6,1.95,180,Maintenance
CRN05132,DR06870,PR00005,SR02369,QC-02,Quay Crane,6.0,1.09,146,Inspection
CRN05133,DR04961,PR00006,SR08130,QC-05,Quay Crane,8.9,2.2,226,Maintenance
CRN05134,DR00157,PR00002,SR08551,QC-03,Quay Crane,4.95,1.79,94,Maintenance
CRN05135,DR07541,PR00005,SR04093,QC-05,Quay Crane,5.86,1.46,174,Inspection
CRN05136,DR09885,PR00002,SR00257,QC-04,RTG Crane,6.19,0.7,139,Operational
CRN05137,DR04539,PR00001,SR08559,QC-04,Quay Crane,7.73,0.99,245,Operational
CRN05138,DR04579,PR00001,SR07652,QC-07,Quay Crane,9.26,1.37,226,Inspection
CRN05139,DR05773,PR00004,SR00632,QC-07,Quay Crane,5.48,1.12,159,Inspection
CRN05140,DR03351,PR00003,SR04314,QC-04,Quay Crane,7.18,1.11,186,Inspection
CRN05141,DR02336,PR00002,SR08082,QC-07,Quay Crane,4.58,1.37,103,Inspection
CRN05142,DR09187,PR00001,SR04242,QC-03,Quay Crane,5.87,1.66,141,Maintenance
CRN05143,DR07133,PR00004,SR08024,QC-05,Quay Crane,6.94,1.53,197,Inspection
CRN05144,DR08759,PR00006,SR08681,QC-01,Quay Crane,7.55,0.45,179,Operational
CRN05145,DR05467,PR00001,SR07961,QC-07,Quay Crane,3.75,1.02,82,Inspection
CRN05146,DR06968,PR00005,SR07871,QC-02,RTG Crane,5.2,0.81,204,Operational
CRN05147,DR03352,PR00004,SR08704,QC-06,RTG Crane,8.01,0.86,277,Operational
CRN05148,DR09465,PR00003,SR08510,QC-08,Quay Crane,8.25,0.95,238,Operational
CRN05149,DR05120,PR00001,SR03744,QC-03,Quay Crane,6.21,1.18,158,Inspection
CRN05150,DR01517,PR00007,SR03376,QC-02,Quay Crane,6.35,0.76,199,Operational
CRN05151,DR03430,PR00003,SR00497,QC-05,RTG Crane,6.13,2.05,132,Maintenance
CRN05152,DR00832,PR00003,SR03641,QC-07,Quay Crane,9.12,0.88,297,Operational
CRN05153,DR08727,PR00006,SR09384,QC-08,Quay Crane,8.24,0.58,283,Operational
CRN05154,DR07380,PR00006,SR03296,QC-02,Quay Crane,9.54,0.87,289,Operational
CRN05155,DR08072,PR00005,SR07589,QC-08,Quay Crane,9.12,0.51,250,Operational
CRN05156,DR03014,PR00006,SR02407,QC-05,RTG Crane,7.05,1.73,153,Maintenance
CRN05157,DR02012,PR00001,SR08722,QC-06,RTG Crane,6.84,1.02,146,Inspection
CRN05158,DR03549,PR00005,SR08727,QC-02,RTG Crane,7.41,0.6,226,Operational
CRN05159,DR06069,PR00002,SR01303,QC-03,RTG Crane,7.1,1.41,196,Inspection
CRN05160,DR08513,PR00006,SR05154,QC-01,RTG Crane,8.15,0.43,254,Operational
CRN05161,DR02161,PR00003,SR08975,QC-06,Quay Crane,7.88,1.01,227,Inspection
CRN05162,DR04197,PR00001,SR01230,QC-03,Quay Crane,8.87,1.52,294,Inspection
CRN05163,DR00369,PR00003,SR03979,QC-05,Quay Crane,6.02,1.96,169,Maintenance
CRN05164,DR03638,PR00005,SR09936,QC-07,Quay Crane,7.8,1.13,182,Inspection
CRN05165,DR00288,PR00003,SR04072,QC-05,Quay Crane,6.51,2.45,142,Maintenance
CRN05166,DR03618,PR00005,SR01258,QC-02,Quay Crane,8.67,0.96,280,Operational
CRN05167,DR09889,PR00001,SR04753,QC-01,Quay Crane,4.18,0.32,122,Operational
CRN05168,DR08317,PR00001,SR03965,QC-04,Quay Crane,8.19,0.89,230,Operational
CRN05169,DR06532,PR00004,SR09564,QC-04,Quay Crane,5.66,0.61,114,Operational
CRN05170,DR09533,PR00003,SR07860,QC-03,Quay Crane,7.11,1.5,166,Inspection
CRN05171,DR03443,PR00005,SR00445,QC-01,RTG Crane,7.44,0.64,264,Operational
CRN05172,DR09314,PR00007,SR08900,QC-02,RTG Crane,6.05,0.87,184,Operational
CRN05173,DR02254,PR00004,SR06105,QC-05,Quay Crane,6.48,1.97,187,Maintenance
CRN05174,DR06812,PR00003,SR07195,QC-08,Quay Crane,7.59,0.31,189,Operational
CRN05175,DR01160,PR00004,SR00071,QC-02,RTG Crane,6.84,0.64,158,Operational
CRN05176,DR04916,PR00007,SR03147,QC-01,Quay Crane,7.67,0.4,205,Operational
CRN05177,DR04061,PR00005,SR08700,QC-02,Quay Crane,8.66,0.7,247,Operational
CRN05178,DR03535,PR00006,SR07778,QC-05,Quay Crane,6.9,2.22,150,Maintenance
CRN05179,DR07457,PR00002,SR03431,QC-02,Quay Crane,8.64,0.95,228,Operational
CRN05180,DR04211,PR00005,SR03749,QC-02,Quay Crane,5.7,0.9,157,Operational
CRN05181,DR05631,PR00001,SR05057,QC-07,Quay Crane,10.0,1.19,217,Inspection
CRN05182,DR03854,PR00005,SR06786,QC-05,Quay Crane,5.26,2.43,143,Maintenance
CRN05183,DR03475,PR00006,SR06834,QC-08,Quay Crane,6.08,0.46,134,Operational
CRN05184,DR07008,PR00007,SR08735,QC-07,Quay Crane,8.86,1.42,266,Inspection
CRN05185,DR09478,PR00001,SR06284,QC-03,Quay Crane,8.22,1.57,196,Maintenance
CRN05186,DR09983,PR00006,SR09216,QC-05,Quay Crane,7.84,2.05,158,Maintenance
CRN05187,DR07513,PR00001,SR05197,QC-03,Quay Crane,7.14,1.26,146,Inspection
CRN05188,DR09020,PR00003,SR09164,QC-01,Quay Crane,6.01,0.29,119,Operational
CRN05189,DR09371,PR00005,SR03496,QC-04,Quay Crane,5.12,0.81,99,Operational
CRN05190,DR06220,PR00003,SR07929,QC-08,Quay Crane,8.03,0.64,202,Operational
CRN05191,DR01071,PR00002,SR01433,QC-07,Quay Crane,8.26,1.14,248,Inspection
CRN05192,DR08758,PR00005,SR09161,QC-01,RTG Crane,7.94,0.45,141,Operational
CRN05193,DR08213,PR00004,SR06855,QC-03,RTG Crane,6.9,1.56,147,Maintenance
CRN05194,DR08739,PR00004,SR09574,QC-06,RTG Crane,9.76,0.91,329,Operational
CRN05195,DR07541,PR00003,SR06240,QC-06,Quay Crane,7.98,0.72,202,Operational
CRN05196,DR09285,PR00005,SR00001,QC-02,Quay Crane,7.43,1.46,209,Inspection
CRN05197,DR07486,PR00003,SR06265,QC-04,Quay Crane,7.72,1.06,221,Inspection
CRN05198,DR02588,PR00001,SR01371,QC-06,Quay Crane,10.0,0.85,250,Operational
CRN05199,DR09397,PR00003,SR00242,QC-08,Quay Crane,6.03,1.07,144,Inspection
CRN05200,DR04501,PR00005,SR03984,QC-03,Quay Crane,6.08,1.0,191,Operational
CRN05201,DR01822,PR00002,SR02167,QC-01,Quay Crane,7.44,0.25,251,Operational
CRN05202,DR06733,PR00001,SR04476,QC-06,RTG Crane,7.13,0.83,144,Operational
CRN05203,DR06279,PR00007,SR03004,QC-04,RTG Crane,8.35,1.04,258,Inspection
CRN05204,DR07568,PR00006,SR06779,QC-05,Quay Crane,7.35,1.69,133,Maintenance
CRN05205,DR02005,PR00004,SR09732,QC-03,RTG Crane,8.33,1.57,247,Maintenance
CRN05206,DR03163,PR00006,SR06250,QC-05,Quay Crane,8.97,1.62,268,Maintenance
CRN05207,DR03721,PR00007,SR02910,QC-02,Quay Crane,7.0,0.87,197,Operational
CRN05208,DR01383,PR00004,SR03699,QC-01,Quay Crane,9.76,0.6,264,Operational
CRN05209,DR00116,PR00002,SR06222,QC-07,Quay Crane,7.14,1.04,235,Inspection
CRN05210,DR06539,PR00004,SR06543,QC-01,Quay Crane,8.2,0.68,209,Operational
CRN05211,DR07532,PR00007,SR01745,QC-04,Quay Crane,7.11,0.48,203,Operational
CRN05212,DR02802,PR00005,SR05012,QC-04,Quay Crane,5.6,0.4,133,Operational
CRN05213,DR05475,PR00001,SR03907,QC-04,Quay Crane,6.74,0.57,226,Operational
CRN05214,DR03553,PR00007,SR04522,QC-08,Quay Crane,9.72,0.33,269,Operational
CRN05215,DR08890,PR00005,SR01328,QC-03,Quay Crane,5.02,1.04,150,Inspection
CRN05216,DR05834,PR00003,SR08520,QC-06,Quay Crane,9.04,1.38,171,Inspection
CRN05217,DR07896,PR00007,SR03727,QC-04,Quay Crane,4.55,0.65,107,Operational
CRN05218,DR09835,PR00005,SR07345,QC-06,Quay Crane,7.56,0.91,177,Operational
CRN05219,DR06319,PR00006,SR01722,QC-08,Quay Crane,9.03,0.55,220,Operational
CRN05220,DR03930,PR00007,SR00989,QC-08,Quay Crane,4.9,0.5,155,Operational
CRN05221,DR08387,PR00001,SR00778,QC-08,RTG Crane,6.05,0.05,138,Operational
CRN05222,DR03275,PR00005,SR03203,QC-07,Quay Crane,9.19,1.44,243,Inspection
CRN05223,DR00118,PR00003,SR01391,QC-06,RTG Crane,6.37,1.47,228,Inspection
CRN05224,DR06415,PR00006,SR07539,QC-06,Quay Crane,6.89,0.83,182,Operational
CRN05225,DR04049,PR00006,SR03204,QC-05,Quay Crane,6.76,1.88,128,Maintenance
CRN05226,DR04230,PR00006,SR04026,QC-02,Quay Crane,5.29,0.89,173,Operational
CRN05227,DR07584,PR00005,SR02954,QC-07,Quay Crane,7.58,1.09,187,Inspection
CRN05228,DR05261,PR00006,SR08458,QC-06,Quay Crane,9.22,0.81,245,Operational
CRN05229,DR02877,PR00002,SR08870,QC-06,Quay Crane,7.51,1.04,158,Inspection
CRN05230,DR01622,PR00003,SR05374,QC-06,Quay Crane,9.1,0.62,291,Operational
CRN05231,DR09898,PR00001,SR08872,QC-06,Quay Crane,6.8,1.17,215,Inspection
CRN05232,DR09469,PR00006,SR03483,QC-02,RTG Crane,7.62,0.7,230,Operational
CRN05233,DR02897,PR00004,SR05702,QC-08,Quay Crane,8.66,0.07,286,Operational
CRN05234,DR01248,PR00004,SR09262,QC-02,Quay Crane,7.49,0.55,219,Operational
CRN05235,DR02939,PR00002,SR04765,QC-06,RTG Crane,5.64,0.87,121,Operational
CRN05236,DR05539,PR00004,SR08136,QC-04,Quay Crane,6.1,0.92,131,Operational
CRN05237,DR06264,PR00003,SR01425,QC-02,Quay Crane,7.32,1.16,193,Inspection
CRN05238,DR01496,PR00007,SR02462,QC-08,Quay Crane,8.46,0.82,231,Operational
CRN05239,DR00590,PR00006,SR08222,QC-04,Quay Crane,6.96,0.81,185,Operational
CRN05240,DR07382,PR00003,SR08569,QC-07,RTG Crane,8.69,1.4,168,Inspection
CRN05241,DR04148,PR00006,SR09766,QC-04,Quay Crane,10.0,0.54,284,Operational
CRN05242,DR09066,PR00001,SR06683,QC-08,Quay Crane,8.92,0.76,200,Operational
CRN05243,DR03197,PR00001,SR02584,QC-01,Quay Crane,6.55,0.84,201,Operational
CRN05244,DR03690,PR00004,SR00126,QC-08,Quay Crane,6.75,0.41,147,Operational
CRN05245,DR04129,PR00005,SR01590,QC-08,Quay Crane,9.24,0.43,284,Operational
CRN05246,DR05153,PR00001,SR01620,QC-07,Quay Crane,7.62,1.08,209,Inspection
CRN05247,DR09259,PR00002,SR07438,QC-05,Quay Crane,7.26,1.48,162,Inspection
CRN05248,DR01450,PR00003,SR03140,QC-08,Quay Crane,6.94,0.93,199,Operational
CRN05249,DR00780,PR00001,SR07630,QC-03,Quay Crane,5.93,1.22,196,Inspection
CRN05250,DR09273,PR00003,SR08285,QC-06,Quay Crane,5.77,0.54,166,Operational
CRN05251,DR01496,PR00003,SR06606,QC-05,Quay Crane,6.53,1.26,138,Inspection
CRN05252,DR09225,PR00007,SR04012,QC-02,Quay Crane,6.53,1.21,157,Inspection
CRN05253,DR09845,PR00002,SR06260,QC-05,RTG Crane,8.11,2.11,194,Maintenance
CRN05254,DR04153,PR00001,SR04380,QC-04,Quay Crane,6.7,0.5,159,Operational
CRN05255,DR07229,PR00001,SR02606,QC-01,Quay Crane,7.23,0.72,143,Operational
CRN05256,DR09480,PR00001,SR07945,QC-03,Quay Crane,6.56,1.06,230,Inspection
CRN05257,DR04374,PR00005,SR09473,QC-01,Quay Crane,6.71,0.53,160,Operational
CRN05258,DR08596,PR00003,SR03460,QC-08,Quay Crane,7.64,0.43,158,Operational
CRN05259,DR07720,PR00001,SR08271,QC-01,Quay Crane,3.11,0.26,46,Operational
CRN05260,DR05230,PR00007,SR09586,QC-04,Quay Crane,9.21,0.93,224,Operational
CRN05261,DR00457,PR00006,SR06387,QC-01,Quay Crane,6.97,0.64,92,Operational
CRN05262,DR03087,PR00001,SR00687,QC-04,Quay Crane,5.73,0.61,177,Operational
CRN05263,DR07545,PR00002,SR07311,QC-06,Quay Crane,5.48,1.13,159,Inspection
CRN05264,DR01775,PR00006,SR07996,QC-05,Quay Crane,7.3,1.88,192,Maintenance
CRN05265,DR08795,PR00005,SR08046,QC-05,RTG Crane,2.84,1.66,45,Maintenance
CRN05266,DR08058,PR00007,SR07485,QC-01,RTG Crane,9.1,0.31,276,Operational
CRN05267,DR07218,PR00001,SR08975,QC-04,Quay Crane,5.98,0.9,149,Operational
CRN05268,DR04845,PR00005,SR09781,QC-02,Quay Crane,9.15,0.85,288,Operational
CRN05269,DR09579,PR00001,SR02537,QC-05,Quay Crane,8.08,1.78,144,Maintenance
CRN05270,DR01096,PR00002,SR05474,QC-03,RTG Crane,7.06,1.29,157,Inspection
CRN05271,DR05591,PR00005,SR04104,QC-04,Quay Crane,8.35,0.98,191,Operational
CRN05272,DR07986,PR00005,SR06307,QC-02,Quay Crane,6.25,1.0,127,Operational
CRN05273,DR00952,PR00001,SR09160,QC-03,Quay Crane,6.76,1.33,191,Inspection
CRN05274,DR03585,PR00002,SR06750,QC-05,Quay Crane,9.92,2.42,289,Maintenance
CRN05275,DR02434,PR00005,SR02649,QC-02,RTG Crane,8.14,0.82,242,Operational
CRN05276,DR08624,PR00001,SR09331,QC-04,Quay Crane,8.47,0.83,229,Operational
CRN05277,DR04591,PR00002,SR05273,QC-08,Quay Crane,7.16,0.81,200,Operational
CRN05278,DR03368,PR00001,SR02275,QC-01,Quay Crane,5.85,0.12,179,Operational
CRN05279,DR05455,PR00001,SR06319,QC-06,Quay Crane,6.96,0.89,159,Operational
CRN05280,DR01485,PR00006,SR07411,QC-05,Quay Crane,5.42,1.82,139,Maintenance
CRN05281,DR05164,PR00001,SR04497,QC-08,Quay Crane,4.96,0.05,134,Operational
CRN05282,DR07862,PR00003,SR02878,QC-08,Quay Crane,7.27,0.7,144,Operational
CRN05283,DR03810,PR00005,SR05046,QC-07,Quay Crane,6.06,0.75,228,Operational
CRN05284,DR00844,PR00001,SR02272,QC-07,Quay Crane,7.86,1.89,212,Maintenance
CRN05285,DR08124,PR00004,SR00827,QC-05,Quay Crane,6.28,2.05,125,Maintenance
CRN05286,DR04075,PR00002,SR09299,QC-04,Quay Crane,4.51,0.48,108,Operational
CRN05287,DR09916,PR00006,SR02681,QC-06,Quay Crane,8.24,1.52,231,Inspection
CRN05288,DR06352,PR00006,SR09985,QC-02,RTG Crane,8.15,1.11,225,Inspection
CRN05289,DR00590,PR00006,SR03915,QC-06,Quay Crane,7.97,1.11,207,Inspection
CRN05290,DR08636,PR00003,SR05238,QC-05,RTG Crane,6.59,1.96,210,Maintenance
CRN05291,DR07630,PR00006,SR04804,QC-02,Quay Crane,8.95,0.75,233,Operational
CRN05292,DR02574,PR00004,SR01480,QC-03,Quay Crane,7.01,1.3,207,Inspection
CRN05293,DR02285,PR00003,SR06491,QC-02,Quay Crane,7.34,0.97,227,Operational
CRN05294,DR00954,PR00001,SR01553,QC-02,Quay Crane,7.96,1.35,237,Inspection
CRN05295,DR05564,PR00001,SR05872,QC-04,Quay Crane,5.33,0.91,130,Operational
CRN05296,DR08545,PR00002,SR02691,QC-08,RTG Crane,7.19,1.06,152,Inspection
CRN05297,DR09810,PR00002,SR00263,QC-02,Quay Crane,7.06,0.87,122,Operational
CRN05298,DR08191,PR00007,SR06890,QC-01,Quay Crane,7.98,0.43,220,Operational
CRN05299,DR03893,PR00007,SR06557,QC-08,Quay Crane,7.77,1.07,214,Inspection
CRN05300,DR03359,PR00001,SR08620,QC-04,Quay Crane,8.99,1.2,217,Inspection
CRN05301,DR08535,PR00007,SR06408,QC-03,Quay Crane,9.56,1.08,260,Inspection
CRN05302,DR00647,PR00005,SR07250,QC-06,Quay Crane,6.73,0.94,208,Operational
CRN05303,DR00547,PR00003,SR00611,QC-08,RTG Crane,4.32,0.92,80,Operational
CRN05304,DR02714,PR00007,SR01164,QC-07,Quay Crane,4.04,1.07,80,Inspection
CRN05305,DR06242,PR00005,SR06292,QC-02,Quay Crane,8.86,0.79,191,Operational
CRN05306,DR09826,PR00004,SR05340,QC-05,Quay Crane,5.65,2.19,122,Maintenance
CRN05307,DR02564,PR00002,SR08648,QC-04,RTG Crane,6.71,0.74,198,Operational
CRN05308,DR02488,PR00002,SR01640,QC-06,Quay Crane,8.74,0.9,222,Operational
CRN05309,DR06428,PR00007,SR08807,QC-01,Quay Crane,7.53,0.67,200,Operational
CRN05310,DR07374,PR00002,SR00439,QC-07,Quay Crane,10.0,1.4,230,Inspection
CRN05311,DR06639,PR00001,SR05998,QC-07,Quay Crane,8.56,0.53,275,Operational
CRN05312,DR01436,PR00002,SR02561,QC-05,Quay Crane,6.36,2.4,180,Maintenance
CRN05313,DR07287,PR00003,SR04673,QC-01,Quay Crane,6.25,0.62,138,Operational
CRN05314,DR02916,PR00003,SR01815,QC-08,Quay Crane,8.6,0.88,236,Operational
CRN05315,DR06549,PR00007,SR07700,QC-06,Quay Crane,6.71,1.25,190,Inspection
CRN05316,DR06459,PR00003,SR07163,QC-03,RTG Crane,8.25,1.1,279,Inspection
CRN05317,DR01338,PR00006,SR04833,QC-06,Quay Crane,9.9,0.48,298,Operational
CRN05318,DR09304,PR00004,SR00949,QC-04,Quay Crane,5.36,0.96,175,Operational
CRN05319,DR05196,PR00003,SR00751,QC-06,Quay Crane,5.66,1.22,144,Inspection
CRN05320,DR02613,PR00001,SR08027,QC-05,Quay Crane,5.01,1.66,124,Maintenance
CRN05321,DR03586,PR00002,SR07062,QC-02,Quay Crane,5.13,1.2,140,Inspection
CRN05322,DR02387,PR00006,SR03635,QC-04,Quay Crane,6.06,0.49,152,Operational
CRN05323,DR01244,PR00005,SR03791,QC-05,Quay Crane,6.75,1.74,204,Maintenance
CRN05324,DR05770,PR00003,SR04306,QC-04,RTG Crane,6.45,0.69,165,Operational
CRN05325,DR00521,PR00007,SR07175,QC-05,Quay Crane,7.48,1.57,207,Maintenance
CRN05326,DR07639,PR00006,SR07271,QC-01,Quay Crane,6.79,0.45,147,Operational
CRN05327,DR06751,PR00001,SR09046,QC-08,Quay Crane,8.6,0.73,205,Operational
CRN05328,DR07051,PR00004,SR08100,QC-03,Quay Crane,10.0,1.65,244,Maintenance
CRN05329,DR01952,PR00006,SR07529,QC-06,Quay Crane,6.96,1.0,197,Operational
CRN05330,DR01575,PR00006,SR06463,QC-05,Quay Crane,6.46,1.78,198,Maintenance
CRN05331,DR01638,PR00001,SR09975,QC-08,Quay Crane,5.97,0.37,126,Operational
CRN05332,DR06596,PR00002,SR02395,QC-07,Quay Crane,4.74,1.19,103,Inspection
CRN05333,DR07060,PR00003,SR01148,QC-07,Quay Crane,6.28,0.99,175,Operational
CRN05334,DR02417,PR00002,SR00533,QC-05,Quay Crane,7.38,1.62,200,Maintenance
CRN05335,DR00308,PR00001,SR07577,QC-05,Quay Crane,7.04,1.64,225,Maintenance
CRN05336,DR03100,PR00004,SR01573,QC-03,RTG Crane,9.79,1.43,277,Inspection
CRN05337,DR01859,PR00003,SR04516,QC-03,Quay Crane,7.89,1.46,210,Inspection
CRN05338,DR08092,PR00001,SR07797,QC-02,Quay Crane,9.0,0.78,247,Operational
CRN05339,DR08612,PR00004,SR07289,QC-03,Quay Crane,6.57,1.64,190,Maintenance
CRN05340,DR02157,PR00001,SR01107,QC-07,Quay Crane,4.86,1.46,213,Inspection
CRN05341,DR03686,PR00003,SR00464,QC-05,Quay Crane,8.4,1.64,243,Maintenance
CRN05342,DR01121,PR00006,SR06511,QC-04,Quay Crane,8.52,1.09,268,Inspection
CRN05343,DR00024,PR00006,SR03292,QC-07,Quay Crane,5.66,0.66,184,Operational
CRN05344,DR05227,PR00002,SR03603,QC-06,Quay Crane,4.27,1.18,110,Inspection
CRN05345,DR04310,PR00006,SR03454,QC-04,Quay Crane,4.65,0.76,67,Operational
CRN05346,DR04420,PR00006,SR04593,QC-02,Quay Crane,8.68,0.73,224,Operational
CRN05347,DR02083,PR00004,SR09054,QC-08,Quay Crane,7.37,0.54,204,Operational
CRN05348,DR00304,PR00007,SR09508,QC-02,Quay Crane,7.01,0.91,204,Operational
CRN05349,DR03903,PR00002,SR07488,QC-06,Quay Crane,8.28,0.84,247,Operational
CRN05350,DR00104,PR00001,SR05386,QC-01,RTG Crane,6.82,0.72,205,Operational
CRN05351,DR02585,PR00006,SR06100,QC-07,Quay Crane,4.64,0.67,49,Operational
CRN05352,DR08209,PR00003,SR03181,QC-06,Quay Crane,6.29,0.85,166,Operational
CRN05353,DR05120,PR00002,SR00661,QC-06,Quay Crane,10.0,1.05,262,Inspection
CRN05354,DR01848,PR00001,SR04245,QC-02,Quay Crane,9.05,0.81,212,Operational
CRN05355,DR05477,PR00001,SR02437,QC-08,RTG Crane,7.74,0.35,222,Operational
CRN05356,DR02717,PR00001,SR07843,QC-03,Quay Crane,6.13,1.34,172,Inspection
CRN05357,DR07356,PR00001,SR07651,QC-03,Quay Crane,7.89,1.47,181,Inspection
CRN05358,DR09784,PR00007,SR00605,QC-02,Quay Crane,8.82,0.92,264,Operational
CRN05359,DR06941,PR00002,SR04453,QC-05,Quay Crane,7.82,1.78,154,Maintenance
CRN05360,DR06729,PR00006,SR06746,QC-07,Quay Crane,7.21,1.36,162,Inspection
CRN05361,DR04362,PR00001,SR03741,QC-02,Quay Crane,6.67,0.72,206,Operational
CRN05362,DR02734,PR00002,SR06667,QC-04,Quay Crane,8.9,0.62,264,Operational
CRN05363,DR03806,PR00007,SR09268,QC-08,Quay Crane,7.24,0.84,220,Operational
CRN05364,DR09327,PR00001,SR04064,QC-06,Quay Crane,6.9,0.7,200,Operational
CRN05365,DR02969,PR00002,SR03199,QC-02,RTG Crane,6.94,0.85,184,Operational
CRN05366,DR07345,PR00006,SR00531,QC-04,Quay Crane,6.33,0.39,151,Operational
CRN05367,DR07569,PR00001,SR04958,QC-01,Quay Crane,7.5,0.78,195,Operational
CRN05368,DR08652,PR00001,SR05041,QC-01,Quay Crane,4.56,0.63,176,Operational
CRN05369,DR07248,PR00007,SR06001,QC-06,Quay Crane,6.32,1.28,221,Inspection
CRN05370,DR04545,PR00003,SR01231,QC-01,Quay Crane,6.07,0.91,152,Operational
CRN05371,DR03420,PR00004,SR01085,QC-06,RTG Crane,8.29,0.97,276,Operational
CRN05372,DR02349,PR00001,SR05033,QC-08,Quay Crane,7.79,0.3,296,Operational
CRN05373,DR09094,PR00002,SR00377,QC-01,Quay Crane,10.0,0.44,236,Operational
CRN05374,DR07061,PR00003,SR04536,QC-02,Quay Crane,6.84,0.68,183,Operational
CRN05375,DR00283,PR00005,SR01196,QC-01,Quay Crane,8.32,1.04,193,Inspection
CRN05376,DR04817,PR00002,SR09202,QC-06,Quay Crane,4.22,1.06,162,Inspection
CRN05377,DR07133,PR00006,SR05853,QC-02,Quay Crane,7.17,1.01,161,Inspection
CRN05378,DR02938,PR00006,SR08360,QC-05,Quay Crane,6.26,2.25,144,Maintenance
CRN05379,DR02937,PR00004,SR09664,QC-07,Quay Crane,5.32,1.36,145,Inspection
CRN05380,DR06490,PR00003,SR05129,QC-03,Quay Crane,7.52,1.43,195,Inspection
CRN05381,DR00585,PR00004,SR08057,QC-02,RTG Crane,9.8,1.08,231,Inspection
CRN05382,DR03081,PR00005,SR08152,QC-01,Quay Crane,7.74,0.08,193,Operational
CRN05383,DR09048,PR00001,SR07347,QC-05,RTG Crane,5.04,1.56,106,Maintenance
CRN05384,DR02192,PR00006,SR03292,QC-01,RTG Crane,4.17,0.6,75,Operational
CRN05385,DR02345,PR00003,SR06271,QC-06,RTG Crane,7.48,1.21,217,Inspection
CRN05386,DR05370,PR00007,SR08500,QC-01,Quay Crane,6.29,0.57,187,Operational
CRN05387,DR02737,PR00007,SR02037,QC-03,Quay Crane,5.23,1.39,121,Inspection
CRN05388,DR04605,PR00001,SR04285,QC-07,Quay Crane,8.16,0.75,212,Operational
CRN05389,DR00041,PR00003,SR06989,QC-07,RTG Crane,9.15,1.5,227,Inspection
CRN05390,DR07825,PR00003,SR09150,QC-03,RTG Crane,4.81,1.78,76,Maintenance
CRN05391,DR08206,PR00003,SR04546,QC-04,Quay Crane,8.68,0.37,240,Operational
CRN05392,DR05109,PR00006,SR02517,QC-05,Quay Crane,6.15,1.38,173,Inspection
CRN05393,DR00832,PR00001,SR01610,QC-05,RTG Crane,7.04,2.06,134,Maintenance
CRN05394,DR04671,PR00004,SR05382,QC-08,Quay Crane,8.76,0.87,213,Operational
CRN05395,DR05139,PR00007,SR08670,QC-05,Quay Crane,5.94,1.01,200,Inspection
CRN05396,DR07160,PR00007,SR05799,QC-05,Quay Crane,7.04,1.98,198,Maintenance
CRN05397,DR08350,PR00001,SR03958,QC-06,Quay Crane,5.73,0.88,152,Operational
CRN05398,DR09218,PR00007,SR03913,QC-03,RTG Crane,7.69,1.21,206,Inspection
CRN05399,DR03281,PR00001,SR04772,QC-07,RTG Crane,7.87,0.83,207,Operational
CRN05400,DR03531,PR00003,SR02059,QC-02,Quay Crane,5.01,0.89,162,Operational
CRN05401,DR07983,PR00002,SR01695,QC-06,Quay Crane,5.96,0.79,140,Operational
CRN05402,DR00639,PR00004,SR01049,QC-02,Quay Crane,9.31,0.75,237,Operational
CRN05403,DR00722,PR00001,SR00215,QC-02,RTG Crane,8.09,1.33,204,Inspection
CRN05404,DR05700,PR00002,SR07496,QC-07,Quay Crane,7.49,1.66,203,Maintenance
CRN05405,DR08348,PR00002,SR06221,QC-06,RTG Crane,8.67,1.22,276,Inspection
CRN05406,DR07393,PR00007,SR06535,QC-06,Quay Crane,5.99,0.75,107,Operational
CRN05407,DR03431,PR00004,SR05421,QC-03,Quay Crane,6.65,1.21,172,Inspection
CRN05408,DR01626,PR00005,SR01921,QC-08,RTG Crane,5.84,0.59,127,Operational
CRN05409,DR07081,PR00005,SR03775,QC-03,Quay Crane,4.9,1.63,149,Maintenance
CRN05410,DR04434,PR00003,SR03669,QC-02,Quay Crane,6.08,0.5,134,Operational
CRN05411,DR04257,PR00001,SR02461,QC-03,Quay Crane,7.1,1.17,232,Inspection
CRN05412,DR00971,PR00001,SR02380,QC-02,Quay Crane,8.05,0.87,232,Operational
CRN05413,DR06979,PR00003,SR03192,QC-08,Quay Crane,9.01,0.55,292,Operational
CRN05414,DR00816,PR00007,SR07510,QC-08,Quay Crane,7.33,0.41,200,Operational
CRN05415,DR09916,PR00002,SR09607,QC-07,Quay Crane,8.11,1.25,199,Inspection
CRN05416,DR04252,PR00005,SR00290,QC-06,Quay Crane,8.56,0.64,247,Operational
CRN05417,DR04810,PR00006,SR00231,QC-01,Quay Crane,8.64,0.5,235,Operational
CRN05418,DR07392,PR00007,SR05214,QC-03,Quay Crane,6.27,0.97,165,Operational
CRN05419,DR07915,PR00002,SR06718,QC-03,Quay Crane,6.17,1.53,198,Inspection
CRN05420,DR02096,PR00007,SR07593,QC-01,Quay Crane,7.23,0.11,172,Operational
CRN05421,DR00749,PR00004,SR00661,QC-07,Quay Crane,10.0,0.77,288,Operational
CRN05422,DR04491,PR00003,SR05073,QC-08,Quay Crane,8.58,0.42,270,Operational
CRN05423,DR04345,PR00005,SR06800,QC-06,Quay Crane,6.58,0.56,168,Operational
CRN05424,DR07109,PR00002,SR09958,QC-02,Quay Crane,7.23,0.74,250,Operational
CRN05425,DR03037,PR00006,SR06614,QC-07,Quay Crane,7.62,1.07,154,Inspection
CRN05426,DR08752,PR00004,SR08296,QC-06,Quay Crane,5.37,1.05,129,Inspection
CRN05427,DR03802,PR00006,SR05332,QC-01,Quay Crane,6.06,0.45,142,Operational
CRN05428,DR07705,PR00006,SR04933,QC-06,Quay Crane,7.88,1.04,153,Inspection
CRN05429,DR01643,PR00004,SR06929,QC-01,Quay Crane,8.29,0.49,253,Operational
CRN05430,DR02570,PR00001,SR06181,QC-03,Quay Crane,6.98,1.95,218,Maintenance
CRN05431,DR00274,PR00002,SR03770,QC-01,Quay Crane,6.52,0.22,199,Operational
CRN05432,DR07883,PR00006,SR02116,QC-07,RTG Crane,7.76,0.8,238,Operational
CRN05433,DR08148,PR00004,SR06034,QC-05,Quay Crane,5.71,1.85,144,Maintenance
CRN05434,DR02509,PR00006,SR07584,QC-04,Quay Crane,5.84,0.4,116,Operational
CRN05435,DR00703,PR00003,SR08959,QC-07,Quay Crane,10.0,1.14,252,Inspection
CRN05436,DR05097,PR00003,SR07982,QC-07,Quay Crane,6.03,1.49,154,Inspection
CRN05437,DR08240,PR00006,SR08133,QC-05,Quay Crane,8.51,1.93,206,Maintenance
CRN05438,DR06960,PR00005,SR05129,QC-01,Quay Crane,6.63,0.73,202,Operational
CRN05439,DR05738,PR00003,SR09642,QC-08,Quay Crane,8.12,0.46,156,Operational
CRN05440,DR05095,PR00001,SR05719,QC-08,Quay Crane,8.61,0.44,321,Operational
CRN05441,DR00993,PR00006,SR05801,QC-04,Quay Crane,4.86,0.91,107,Operational
CRN05442,DR01564,PR00006,SR06482,QC-08,Quay Crane,7.07,0.22,226,Operational
CRN05443,DR09554,PR00003,SR01212,QC-03,Quay Crane,5.41,1.4,137,Inspection
CRN05444,DR08006,PR00004,SR00321,QC-02,Quay Crane,5.81,0.72,129,Operational
CRN05445,DR02419,PR00002,SR07954,QC-03,Quay Crane,9.26,1.16,243,Inspection
CRN05446,DR07280,PR00003,SR05686,QC-07,Quay Crane,6.0,1.13,164,Inspection
CRN05447,DR02724,PR00001,SR07046,QC-01,Quay Crane,6.12,0.46,246,Operational
CRN05448,DR03193,PR00002,SR07850,QC-08,Quay Crane,8.15,0.73,200,Operational
CRN05449,DR08839,PR00006,SR04705,QC-08,Quay Crane,10.0,0.66,277,Operational
CRN05450,DR01437,PR00003,SR08766,QC-01,Quay Crane,6.55,0.3,158,Operational
CRN05451,DR05041,PR00006,SR03453,QC-03,Quay Crane,6.04,1.65,171,Maintenance
CRN05452,DR04181,PR00003,SR04435,QC-07,RTG Crane,6.94,1.56,151,Maintenance
CRN05453,DR01466,PR00001,SR03818,QC-08,Quay Crane,8.27,0.68,236,Operational
CRN05454,DR00417,PR00003,SR03995,QC-07,RTG Crane,8.75,1.44,203,Inspection
CRN05455,DR09527,PR00001,SR07858,QC-02,RTG Crane,5.28,0.81,143,Operational
CRN05456,DR02861,PR00005,SR02970,QC-03,Quay Crane,9.85,1.11,238,Inspection
CRN05457,DR01098,PR00007,SR00285,QC-03,RTG Crane,8.06,1.51,218,Inspection
CRN05458,DR01171,PR00005,SR06124,QC-03,Quay Crane,6.0,1.34,122,Inspection
CRN05459,DR07293,PR00005,SR08245,QC-04,Quay Crane,6.85,0.74,249,Operational
CRN05460,DR06704,PR00006,SR05971,QC-05,Quay Crane,7.9,1.82,203,Maintenance
CRN05461,DR07457,PR00005,SR09227,QC-06,RTG Crane,7.21,1.18,128,Inspection
CRN05462,DR05396,PR00004,SR04145,QC-01,Quay Crane,6.98,0.52,235,Operational
CRN05463,DR06723,PR00005,SR04329,QC-01,RTG Crane,10.0,0.56,254,Operational
CRN05464,DR00530,PR00003,SR06752,QC-06,Quay Crane,8.0,1.15,259,Inspection
CRN05465,DR00463,PR00001,SR08703,QC-08,Quay Crane,6.52,1.09,152,Inspection
CRN05466,DR04505,PR00005,SR01296,QC-04,Quay Crane,6.67,0.64,135,Operational
CRN05467,DR08977,PR00005,SR08161,QC-07,RTG Crane,9.79,1.72,244,Maintenance
CRN05468,DR06414,PR00002,SR00655,QC-01,Quay Crane,7.74,0.83,213,Operational
CRN05469,DR07438,PR00007,SR08738,QC-02,Quay Crane,5.6,0.93,101,Operational
CRN05470,DR08836,PR00001,SR03754,QC-08,Quay Crane,6.85,0.82,186,Operational
CRN05471,DR09377,PR00005,SR05751,QC-07,Quay Crane,7.16,1.63,185,Maintenance
CRN05472,DR08858,PR00007,SR09849,QC-04,Quay Crane,5.66,0.65,117,Operational
CRN05473,DR06222,PR00002,SR06873,QC-08,Quay Crane,9.66,0.14,223,Operational
CRN05474,DR07878,PR00007,SR03564,QC-07,Quay Crane,5.32,0.83,140,Operational
CRN05475,DR08277,PR00006,SR01649,QC-04,Quay Crane,9.67,0.47,302,Operational
CRN05476,DR01378,PR00005,SR04936,QC-02,Quay Crane,5.44,0.98,132,Operational
CRN05477,DR06604,PR00007,SR08778,QC-04,Quay Crane,7.65,0.68,225,Operational
CRN05478,DR06269,PR00004,SR06728,QC-05,RTG Crane,9.07,2.3,225,Maintenance
CRN05479,DR08822,PR00003,SR05255,QC-02,RTG Crane,6.98,1.05,191,Inspection
CRN05480,DR06855,PR00005,SR08877,QC-02,Quay Crane,5.97,0.84,199,Operational
CRN05481,DR01478,PR00003,SR04870,QC-04,Quay Crane,7.43,0.7,201,Operational
CRN05482,DR04292,PR00002,SR06063,QC-02,Quay Crane,7.8,0.74,223,Operational
CRN05483,DR06239,PR00001,SR04151,QC-03,RTG Crane,9.23,1.27,193,Inspection
CRN05484,DR01730,PR00003,SR08073,QC-08,Quay Crane,5.41,0.64,115,Operational
CRN05485,DR05568,PR00006,SR08676,QC-06,Quay Crane,5.82,0.6,115,Operational
CRN05486,DR05610,PR00007,SR06425,QC-06,Quay Crane,10.0,0.57,285,Operational
CRN05487,DR01830,PR00007,SR05387,QC-07,Quay Crane,7.53,1.16,176,Inspection
CRN05488,DR01641,PR00002,SR07617,QC-05,Quay Crane,7.82,1.89,220,Maintenance
CRN05489,DR01996,PR00004,SR06308,QC-04,Quay Crane,8.3,0.65,198,Operational
CRN05490,DR04273,PR00004,SR01732,QC-02,Quay Crane,7.39,0.67,180,Operational
CRN05491,DR06130,PR00001,SR05084,QC-08,Quay Crane,9.07,0.96,269,Operational
CRN05492,DR03496,PR00004,SR07237,QC-06,Quay Crane,8.19,1.12,220,Inspection
CRN05493,DR09118,PR00003,SR01660,QC-06,Quay Crane,7.29,0.92,184,Operational
CRN05494,DR02654,PR00007,SR04514,QC-03,Quay Crane,4.95,1.18,131,Inspection
CRN05495,DR04950,PR00002,SR09903,QC-02,Quay Crane,8.74,0.6,259,Operational
CRN05496,DR01691,PR00006,SR02453,QC-06,Quay Crane,10.0,1.14,237,Inspection
CRN05497,DR06729,PR00006,SR03430,QC-04,Quay Crane,9.02,0.48,227,Operational
CRN05498,DR05454,PR00005,SR09118,QC-05,Quay Crane,3.88,2.19,107,Maintenance
CRN05499,DR00544,PR00002,SR09750,QC-01,Quay Crane,9.07,0.71,211,Operational
CRN05500,DR03231,PR00002,SR03415,QC-07,Quay Crane,8.21,1.15,257,Inspection
CRN05501,DR01772,PR00007,SR04588,QC-07,Quay Crane,7.29,1.01,192,Inspection
CRN05502,DR01623,PR00001,SR04124,QC-07,Quay Crane,5.23,1.3,135,Inspection
CRN05503,DR00687,PR00001,SR01733,QC-07,RTG Crane,6.06,1.14,183,Inspection
CRN05504,DR05394,PR00007,SR08458,QC-02,Quay Crane,7.89,0.71,216,Operational
CRN05505,DR03300,PR00005,SR07991,QC-01,Quay Crane,6.55,0.4,134,Operational
CRN05506,DR06807,PR00005,SR09506,QC-05,RTG Crane,10.0,1.91,255,Maintenance
CRN05507,DR01106,PR00001,SR06143,QC-05,Quay Crane,4.8,1.67,124,Maintenance
CRN05508,DR01560,PR00003,SR02421,QC-04,Quay Crane,7.06,0.72,215,Operational
CRN05509,DR07857,PR00006,SR06185,QC-04,Quay Crane,4.77,0.97,87,Operational
CRN05510,DR07059,PR00002,SR02199,QC-05,Quay Crane,4.74,1.7,88,Maintenance
CRN05511,DR09270,PR00001,SR01226,QC-05,Quay Crane,5.5,1.6,97,Maintenance
CRN05512,DR03545,PR00001,SR07599,QC-07,Quay Crane,4.53,1.68,106,Maintenance
CRN05513,DR02082,PR00004,SR07934,QC-07,Quay Crane,8.03,1.14,206,Inspection
CRN05514,DR05345,PR00002,SR07258,QC-02,Quay Crane,6.0,1.01,131,Inspection
CRN05515,DR04039,PR00006,SR08003,QC-05,Quay Crane,5.56,1.82,142,Maintenance
CRN05516,DR02388,PR00002,SR02120,QC-05,Quay Crane,7.15,1.76,120,Maintenance
CRN05517,DR07895,PR00001,SR09344,QC-05,Quay Crane,6.89,2.07,161,Maintenance
CRN05518,DR00133,PR00007,SR08959,QC-02,Quay Crane,6.82,1.12,201,Inspection
CRN05519,DR07632,PR00007,SR03830,QC-02,Quay Crane,6.58,0.54,198,Operational
CRN05520,DR02094,PR00005,SR00767,QC-03,Quay Crane,7.76,0.81,250,Operational
CRN05521,DR01615,PR00007,SR08920,QC-04,RTG Crane,8.12,0.86,248,Operational
CRN05522,DR03826,PR00001,SR06178,QC-03,Quay Crane,5.65,1.68,148,Maintenance
CRN05523,DR03952,PR00003,SR09453,QC-04,Quay Crane,9.66,0.7,225,Operational
CRN05524,DR01535,PR00002,SR07085,QC-01,Quay Crane,7.18,0.47,182,Operational
CRN05525,DR03075,PR00003,SR08850,QC-05,Quay Crane,8.94,1.86,218,Maintenance
CRN05526,DR07183,PR00006,SR07202,QC-02,Quay Crane,7.35,1.04,233,Inspection
CRN05527,DR09771,PR00006,SR09334,QC-07,Quay Crane,8.44,1.34,252,Inspection
CRN05528,DR09269,PR00001,SR02860,QC-05,RTG Crane,4.94,1.61,92,Maintenance
CRN05529,DR03016,PR00003,SR00730,QC-03,Quay Crane,5.47,1.03,212,Inspection
CRN05530,DR03882,PR00007,SR00830,QC-03,Quay Crane,6.29,0.95,162,Operational
CRN05531,DR08473,PR00004,SR05683,QC-02,Quay Crane,5.27,0.85,121,Operational
CRN05532,DR05157,PR00002,SR02905,QC-04,RTG Crane,7.61,1.09,185,Inspection
CRN05533,DR09829,PR00003,SR00893,QC-07,Quay Crane,7.16,0.61,151,Operational
CRN05534,DR06758,PR00002,SR08902,QC-04,Quay Crane,5.69,0.46,132,Operational
CRN05535,DR07753,PR00003,SR08302,QC-06,Quay Crane,8.0,1.19,266,Inspection
CRN05536,DR07664,PR00003,SR01580,QC-07,Quay Crane,8.38,0.99,257,Operational
CRN05537,DR07427,PR00003,SR08776,QC-06,Quay Crane,4.06,1.11,109,Inspection
CRN05538,DR04344,PR00003,SR06897,QC-01,Quay Crane,8.74,0.37,278,Operational
CRN05539,DR02906,PR00003,SR02557,QC-04,Quay Crane,8.15,0.43,213,Operational
CRN05540,DR01150,PR00001,SR07642,QC-02,Quay Crane,4.82,0.95,140,Operational
CRN05541,DR05768,PR00001,SR04168,QC-03,Quay Crane,6.15,1.03,181,Inspection
CRN05542,DR09897,PR00003,SR04862,QC-05,Quay Crane,6.19,1.81,204,Maintenance
CRN05543,DR01335,PR00006,SR02265,QC-02,Quay Crane,5.75,0.78,177,Operational
CRN05544,DR00891,PR00006,SR03046,QC-04,Quay Crane,9.48,1.15,211,Inspection
CRN05545,DR04005,PR00001,SR04034,QC-06,Quay Crane,6.42,0.78,213,Operational
CRN05546,DR04066,PR00003,SR01205,QC-04,Quay Crane,3.74,0.55,93,Operational
CRN05547,DR06771,PR00004,SR02561,QC-06,Quay Crane,6.73,1.11,158,Inspection
CRN05548,DR01053,PR00003,SR00947,QC-08,Quay Crane,6.28,0.7,90,Operational
CRN05549,DR08487,PR00005,SR00722,QC-03,Quay Crane,6.12,1.16,109,Inspection
CRN05550,DR07584,PR00007,SR03626,QC-07,Quay Crane,7.68,1.03,215,Inspection
CRN05551,DR07627,PR00001,SR03959,QC-04,Quay Crane,5.07,0.47,118,Operational
CRN05552,DR06172,PR00003,SR01934,QC-08,Quay Crane,9.86,0.54,239,Operational
CRN05553,DR07981,PR00003,SR04143,QC-07,Quay Crane,7.01,1.3,191,Inspection
CRN05554,DR06575,PR00004,SR06544,QC-06,Quay Crane,7.25,0.74,196,Operational
CRN05555,DR02157,PR00001,SR05862,QC-05,Quay Crane,6.53,1.69,156,Maintenance
CRN05556,DR08566,PR00004,SR06233,QC-03,RTG Crane,9.53,1.71,189,Maintenance
CRN05557,DR02466,PR00001,SR03129,QC-03,Quay Crane,6.16,1.3,142,Inspection
CRN05558,DR02114,PR00005,SR04987,QC-07,Quay Crane,7.52,1.39,158,Inspection
CRN05559,DR02047,PR00004,SR07781,QC-03,Quay Crane,7.73,1.41,213,Inspection
CRN05560,DR03375,PR00002,SR05731,QC-08,Quay Crane,6.86,0.6,166,Operational
CRN05561,DR00747,PR00007,SR09352,QC-01,Quay Crane,8.05,0.78,193,Operational
CRN05562,DR05040,PR00006,SR03184,QC-07,Quay Crane,8.51,1.12,289,Inspection
CRN05563,DR06022,PR00003,SR00794,QC-07,Quay Crane,8.3,1.24,196,Inspection
CRN05564,DR03234,PR00007,SR07806,QC-05,Quay Crane,7.04,1.53,196,Inspection
CRN05565,DR05800,PR00006,SR01120,QC-08,Quay Crane,6.81,0.31,131,Operational
CRN05566,DR00480,PR00001,SR01725,QC-01,Quay Crane,7.4,0.27,209,Operational
CRN05567,DR01230,PR00004,SR09047,QC-04,Quay Crane,6.59,0.37,197,Operational
CRN05568,DR03292,PR00004,SR07284,QC-01,Quay Crane,5.62,0.87,123,Operational
CRN05569,DR07220,PR00004,SR07578,QC-02,Quay Crane,7.44,0.62,198,Operational
CRN05570,DR06988,PR00007,SR01175,QC-07,Quay Crane,9.41,1.14,251,Inspection
CRN05571,DR06656,PR00003,SR05495,QC-03,Quay Crane,7.96,1.55,222,Inspection
CRN05572,DR06437,PR00001,SR03321,QC-03,Quay Crane,5.21,1.72,147,Maintenance
CRN05573,DR09776,PR00003,SR00986,QC-04,RTG Crane,7.33,0.65,212,Operational
CRN05574,DR05588,PR00006,SR01564,QC-06,Quay Crane,8.58,0.9,235,Operational
CRN05575,DR09448,PR00002,SR05270,QC-06,Quay Crane,6.94,0.63,165,Operational
CRN05576,DR07700,PR00001,SR04419,QC-07,Quay Crane,7.47,0.74,159,Operational
CRN05577,DR06099,PR00002,SR04007,QC-06,Quay Crane,10.0,1.2,330,Inspection
CRN05578,DR08031,PR00005,SR05790,QC-08,Quay Crane,10.0,0.6,285,Operational
CRN05579,DR08017,PR00001,SR08263,QC-07,Quay Crane,7.22,1.34,155,Inspection
CRN05580,DR00390,PR00003,SR07265,QC-02,Quay Crane,8.31,0.91,275,Operational
CRN05581,DR00052,PR00001,SR08782,QC-02,Quay Crane,6.89,0.58,148,Operational
CRN05582,DR07613,PR00003,SR06354,QC-01,Quay Crane,6.78,0.33,185,Operational
CRN05583,DR00818,PR00001,SR08814,QC-07,RTG Crane,8.68,1.32,220,Inspection
CRN05584,DR02410,PR00001,SR07576,QC-03,Quay Crane,8.65,1.43,250,Inspection
CRN05585,DR06613,PR00005,SR00199,QC-07,Quay Crane,8.25,1.46,212,Inspection
CRN05586,DR06600,PR00001,SR02162,QC-06,Quay Crane,6.92,0.75,174,Operational
CRN05587,DR04918,PR00001,SR05785,QC-07,Quay Crane,10.0,0.96,296,Operational
CRN05588,DR00733,PR00004,SR01015,QC-04,Quay Crane,5.61,0.73,120,Operational
CRN05589,DR02014,PR00001,SR09480,QC-07,Quay Crane,7.41,1.53,170,Inspection
CRN05590,DR08021,PR00001,SR06424,QC-08,Quay Crane,5.53,0.98,131,Operational
CRN05591,DR00149,PR00003,SR06417,QC-07,Quay Crane,7.43,0.94,193,Operational
CRN05592,DR09916,PR00003,SR04135,QC-02,RTG Crane,6.82,0.83,117,Operational
CRN05593,DR00250,PR00004,SR03536,QC-02,Quay Crane,9.31,1.14,257,Inspection
CRN05594,DR02346,PR00007,SR02355,QC-05,Quay Crane,7.26,2.02,169,Maintenance
CRN05595,DR02846,PR00003,SR08132,QC-04,Quay Crane,9.36,0.31,324,Operational
CRN05596,DR07643,PR00004,SR06481,QC-06,Quay Crane,6.99,1.17,132,Inspection
CRN05597,DR00922,PR00007,SR02829,QC-03,Quay Crane,6.54,1.16,151,Inspection
CRN05598,DR05023,PR00003,SR02222,QC-06,Quay Crane,7.91,1.03,162,Inspection
CRN05599,DR07382,PR00006,SR06365,QC-07,RTG Crane,4.12,1.31,109,Inspection
CRN05600,DR03092,PR00004,SR00884,QC-06,RTG Crane,6.76,1.14,205,Inspection
CRN05601,DR01201,PR00004,SR05322,QC-05,Quay Crane,7.6,1.83,234,Maintenance
CRN05602,DR02867,PR00007,SR06097,QC-07,Quay Crane,10.0,1.28,299,Inspection
CRN05603,DR05619,PR00001,SR00427,QC-07,RTG Crane,8.23,1.2,201,Inspection
CRN05604,DR05547,PR00007,SR04579,QC-01,Quay Crane,4.57,0.58,125,Operational
CRN05605,DR04584,PR00003,SR07788,QC-04,Quay Crane,6.26,1.04,136,Inspection
CRN05606,DR03667,PR00004,SR01104,QC-02,Quay Crane,5.59,0.91,188,Operational
CRN05607,DR01318,PR00003,SR02149,QC-08,Quay Crane,7.96,0.39,214,Operational
CRN05608,DR09508,PR00002,SR07146,QC-03,Quay Crane,8.67,1.41,272,Inspection
CRN05609,DR04103,PR00001,SR09944,QC-01,Quay Crane,5.03,0.46,133,Operational
CRN05610,DR00163,PR00007,SR03443,QC-06,Quay Crane,9.01,1.17,254,Inspection
CRN05611,DR00241,PR00004,SR07224,QC-03,Quay Crane,5.92,1.53,133,Inspection
CRN05612,DR07161,PR00006,SR06315,QC-01,Quay Crane,5.95,0.68,167,Operational
CRN05613,DR09404,PR00002,SR07680,QC-05,Quay Crane,5.46,1.53,161,Inspection
CRN05614,DR01930,PR00002,SR08761,QC-02,Quay Crane,6.41,0.88,162,Operational
CRN05615,DR09899,PR00002,SR07993,QC-02,Quay Crane,7.3,0.54,180,Operational
CRN05616,DR02785,PR00002,SR01559,QC-03,Quay Crane,9.06,1.08,237,Inspection
CRN05617,DR09905,PR00003,SR00308,QC-03,Quay Crane,5.34,1.3,122,Inspection
CRN05618,DR04488,PR00007,SR08177,QC-08,RTG Crane,5.41,0.76,156,Operational
CRN05619,DR01836,PR00006,SR09727,QC-01,Quay Crane,8.61,0.61,292,Operational
CRN05620,DR05534,PR00003,SR03068,QC-01,Quay Crane,6.77,0.42,129,Operational
CRN05621,DR03137,PR00002,SR08025,QC-06,RTG Crane,6.24,0.96,125,Operational
CRN05622,DR09898,PR00004,SR00484,QC-06,Quay Crane,7.61,1.34,200,Inspection
CRN05623,DR07834,PR00004,SR08933,QC-01,RTG Crane,6.44,0.39,192,Operational
CRN05624,DR06237,PR00005,SR07551,QC-05,RTG Crane,5.86,1.38,109,Inspection
CRN05625,DR02625,PR00003,SR06503,QC-07,Quay Crane,6.8,1.18,210,Inspection
CRN05626,DR03790,PR00001,SR02733,QC-01,Quay Crane,7.61,0.29,238,Operational
CRN05627,DR06620,PR00001,SR07595,QC-06,Quay Crane,5.58,1.02,190,Inspection
CRN05628,DR03091,PR00007,SR03611,QC-08,Quay Crane,8.76,0.22,254,Operational
CRN05629,DR01037,PR00005,SR09790,QC-07,Quay Crane,7.01,0.69,227,Operational
CRN05630,DR03689,PR00007,SR04070,QC-03,Quay Crane,6.97,1.17,209,Inspection
CRN05631,DR07004,PR00002,SR03089,QC-06,Quay Crane,6.36,1.21,212,Inspection
CRN05632,DR04118,PR00003,SR04852,QC-02,Quay Crane,6.62,0.68,163,Operational
CRN05633,DR08489,PR00002,SR08529,QC-07,Quay Crane,6.09,1.39,180,Inspection
CRN05634,DR01159,PR00007,SR00162,QC-05,Quay Crane,8.93,1.84,218,Maintenance
CRN05635,DR05268,PR00002,SR02357,QC-06,Quay Crane,7.46,0.52,202,Operational
CRN05636,DR02788,PR00005,SR01605,QC-03,Quay Crane,6.49,1.34,82,Inspection
CRN05637,DR05619,PR00001,SR04281,QC-07,Quay Crane,5.94,1.51,142,Inspection
CRN05638,DR00854,PR00001,SR07283,QC-02,Quay Crane,6.51,0.89,181,Operational
CRN05639,DR03983,PR00001,SR06485,QC-06,Quay Crane,7.94,1.24,212,Inspection
CRN05640,DR06765,PR00003,SR08594,QC-06,Quay Crane,6.67,0.99,193,Operational
CRN05641,DR03052,PR00006,SR00787,QC-02,Quay Crane,6.87,1.13,204,Inspection
CRN05642,DR04267,PR00007,SR06684,QC-04,Quay Crane,7.39,0.77,177,Operational
CRN05643,DR04931,PR00004,SR08822,QC-07,Quay Crane,6.37,0.8,217,Operational
CRN05644,DR02219,PR00003,SR07275,QC-07,Quay Crane,7.05,0.96,137,Operational
CRN05645,DR07218,PR00006,SR03158,QC-08,RTG Crane,10.0,0.89,280,Operational
CRN05646,DR04794,PR00001,SR09115,QC-08,RTG Crane,7.48,0.44,122,Operational
CRN05647,DR08989,PR00006,SR06481,QC-08,Quay Crane,7.53,0.62,247,Operational
CRN05648,DR05238,PR00005,SR07650,QC-06,Quay Crane,6.1,1.03,139,Inspection
CRN05649,DR07061,PR00003,SR02914,QC-02,Quay Crane,8.5,0.78,281,Operational
CRN05650,DR05014,PR00001,SR03689,QC-01,Quay Crane,6.23,0.44,113,Operational
CRN05651,DR01505,PR00002,SR00629,QC-06,Quay Crane,7.69,1.06,260,Inspection
CRN05652,DR00401,PR00003,SR03917,QC-01,Quay Crane,4.09,0.53,105,Operational
CRN05653,DR00603,PR00007,SR04121,QC-02,Quay Crane,6.01,1.03,143,Inspection
CRN05654,DR08144,PR00004,SR05257,QC-06,RTG Crane,6.37,0.67,162,Operational
CRN05655,DR05836,PR00003,SR07032,QC-05,Quay Crane,6.74,1.72,213,Maintenance
CRN05656,DR06261,PR00003,SR00987,QC-06,Quay Crane,6.58,1.38,121,Inspection
CRN05657,DR03736,PR00005,SR08644,QC-06,Quay Crane,9.02,1.36,259,Inspection
CRN05658,DR01575,PR00002,SR06286,QC-08,RTG Crane,7.1,0.6,222,Operational
CRN05659,DR01575,PR00001,SR06849,QC-04,Quay Crane,9.03,0.43,247,Operational
CRN05660,DR07249,PR00005,SR05384,QC-03,Quay Crane,5.8,1.62,135,Maintenance
CRN05661,DR03145,PR00002,SR04150,QC-06,Quay Crane,5.38,1.53,133,Inspection
CRN05662,DR02322,PR00002,SR03277,QC-04,Quay Crane,9.44,0.34,248,Operational
CRN05663,DR04149,PR00003,SR08424,QC-01,Quay Crane,5.84,0.78,123,Operational
CRN05664,DR08163,PR00002,SR01197,QC-02,Quay Crane,7.63,0.96,221,Operational
CRN05665,DR03136,PR00007,SR02337,QC-05,Quay Crane,6.81,1.62,196,Maintenance
CRN05666,DR00034,PR00006,SR01811,QC-06,Quay Crane,5.5,1.2,136,Inspection
CRN05667,DR06804,PR00007,SR01358,QC-05,Quay Crane,5.15,1.6,119,Maintenance
CRN05668,DR03004,PR00007,SR04664,QC-01,Quay Crane,5.96,0.45,176,Operational
CRN05669,DR07579,PR00002,SR00612,QC-06,Quay Crane,6.54,0.89,178,Operational
CRN05670,DR04353,PR00003,SR07871,QC-04,Quay Crane,7.82,0.41,187,Operational
CRN05671,DR03624,PR00005,SR03852,QC-02,Quay Crane,7.31,0.81,135,Operational
CRN05672,DR03739,PR00001,SR00959,QC-03,Quay Crane,6.69,1.05,171,Inspection
CRN05673,DR07642,PR00007,SR08629,QC-06,RTG Crane,8.75,0.83,221,Operational
CRN05674,DR04081,PR00001,SR06632,QC-05,Quay Crane,9.18,2.18,198,Maintenance
CRN05675,DR02657,PR00003,SR07137,QC-03,Quay Crane,7.44,1.55,225,Inspection
CRN05676,DR02660,PR00004,SR07664,QC-07,Quay Crane,6.48,1.36,126,Inspection
CRN05677,DR07471,PR00007,SR04512,QC-07,Quay Crane,7.18,1.45,163,Inspection
CRN05678,DR09272,PR00004,SR06460,QC-01,Quay Crane,7.58,0.92,231,Operational
CRN05679,DR01830,PR00004,SR00202,QC-07,Quay Crane,5.01,0.78,159,Operational
CRN05680,DR00167,PR00002,SR06986,QC-05,Quay Crane,7.1,1.92,124,Maintenance
CRN05681,DR01901,PR00004,SR05638,QC-01,Quay Crane,7.25,0.3,197,Operational
CRN05682,DR02842,PR00005,SR03394,QC-04,Quay Crane,5.7,0.53,133,Operational
CRN05683,DR08238,PR00003,SR04635,QC-01,Quay Crane,6.37,0.24,231,Operational
CRN05684,DR08469,PR00005,SR00465,QC-08,Quay Crane,6.07,1.15,213,Inspection
CRN05685,DR04383,PR00001,SR08802,QC-06,Quay Crane,9.01,0.48,227,Operational
CRN05686,DR03315,PR00002,SR01998,QC-08,Quay Crane,5.36,0.66,125,Operational
CRN05687,DR06765,PR00007,SR08133,QC-05,Quay Crane,7.77,2.28,197,Maintenance
CRN05688,DR09141,PR00002,SR06393,QC-08,Quay Crane,9.64,0.6,296,Operational
CRN05689,DR03531,PR00004,SR01328,QC-02,Quay Crane,7.06,0.15,215,Operational
CRN05690,DR00930,PR00003,SR07270,QC-06,Quay Crane,9.28,1.51,212,Inspection
CRN05691,DR00811,PR00007,SR04457,QC-01,RTG Crane,7.35,1.05,228,Inspection
CRN05692,DR01719,PR00001,SR02415,QC-08,Quay Crane,7.93,0.36,209,Operational
CRN05693,DR05187,PR00002,SR07255,QC-01,Quay Crane,5.13,0.82,98,Operational
CRN05694,DR01662,PR00006,SR07310,QC-05,RTG Crane,9.12,1.94,283,Maintenance
CRN05695,DR09323,PR00004,SR09698,QC-05,Quay Crane,6.75,1.51,213,Inspection
CRN05696,DR07654,PR00004,SR09633,QC-02,RTG Crane,7.09,1.08,154,Inspection
CRN05697,DR02073,PR00003,SR06858,QC-05,Quay Crane,6.67,1.72,191,Maintenance
CRN05698,DR03367,PR00003,SR00426,QC-04,Quay Crane,6.06,0.72,202,Operational
CRN05699,DR03491,PR00007,SR02138,QC-01,RTG Crane,8.42,0.73,259,Operational
CRN05700,DR09488,PR00005,SR03203,QC-06,Quay Crane,6.64,1.08,157,Inspection
CRN05701,DR00798,PR00007,SR08548,QC-03,Quay Crane,6.01,1.49,122,Inspection
CRN05702,DR05298,PR00007,SR03587,QC-02,Quay Crane,6.09,0.53,151,Operational
CRN05703,DR03604,PR00004,SR07232,QC-01,Quay Crane,5.77,0.05,143,Operational
CRN05704,DR09735,PR00004,SR00191,QC-06,Quay Crane,9.45,0.76,174,Operational
CRN05705,DR07636,PR00004,SR00473,QC-04,Quay Crane,7.39,0.92,209,Operational
CRN05706,DR00365,PR00006,SR04640,QC-08,Quay Crane,6.0,0.32,126,Operational
CRN05707,DR06142,PR00004,SR02970,QC-08,Quay Crane,5.97,0.59,150,Operational
CRN05708,DR02502,PR00001,SR04775,QC-02,Quay Crane,8.75,0.89,261,Operational
CRN05709,DR06500,PR00007,SR08596,QC-01,Quay Crane,7.6,0.52,235,Operational
CRN05710,DR07116,PR00004,SR05421,QC-04,Quay Crane,4.96,1.03,150,Inspection
CRN05711,DR05298,PR00006,SR02171,QC-02,Quay Crane,2.71,0.68,97,Operational
CRN05712,DR09141,PR00003,SR03459,QC-04,Quay Crane,7.41,0.67,227,Operational
CRN05713,DR02521,PR00003,SR07194,QC-01,Quay Crane,9.25,0.61,285,Operational
CRN05714,DR05076,PR00005,SR09139,QC-04,Quay Crane,6.03,0.74,155,Operational
CRN05715,DR07563,PR00005,SR05172,QC-01,Quay Crane,8.12,0.17,219,Operational
CRN05716,DR04662,PR00001,SR03293,QC-08,Quay Crane,9.87,0.98,215,Operational
CRN05717,DR05054,PR00003,SR03712,QC-01,Quay Crane,5.24,0.8,132,Operational
CRN05718,DR03730,PR00005,SR02023,QC-02,Quay Crane,5.75,0.6,106,Operational
CRN05719,DR06783,PR00007,SR01662,QC-02,RTG Crane,6.67,0.96,148,Operational
CRN05720,DR05432,PR00001,SR06031,QC-03,RTG Crane,7.77,1.26,251,Inspection
CRN05721,DR05869,PR00002,SR07598,QC-02,Quay Crane,7.71,1.04,174,Inspection
CRN05722,DR02974,PR00003,SR08592,QC-04,Quay Crane,7.02,1.08,196,Inspection
CRN05723,DR05793,PR00002,SR07579,QC-04,Quay Crane,10.0,0.29,223,Operational
CRN05724,DR02189,PR00001,SR03874,QC-07,Quay Crane,8.43,1.65,264,Maintenance
CRN05725,DR07635,PR00003,SR02848,QC-06,Quay Crane,6.69,1.36,217,Inspection
CRN05726,DR00248,PR00004,SR03191,QC-08,Quay Crane,6.92,0.38,142,Operational
CRN05727,DR09670,PR00003,SR05794,QC-08,RTG Crane,6.64,0.05,219,Operational
CRN05728,DR01185,PR00003,SR05057,QC-03,RTG Crane,9.08,1.36,219,Inspection
CRN05729,DR02820,PR00007,SR08051,QC-02,Quay Crane,4.92,0.9,95,Operational
CRN05730,DR05548,PR00003,SR05424,QC-07,RTG Crane,6.84,0.95,170,Operational
CRN05731,DR04156,PR00006,SR01372,QC-03,Quay Crane,4.37,1.13,107,Inspection
CRN05732,DR00554,PR00002,SR09081,QC-07,Quay Crane,7.66,1.37,242,Inspection
CRN05733,DR03136,PR00006,SR09828,QC-08,Quay Crane,7.97,0.62,208,Operational
CRN05734,DR03714,PR00006,SR06656,QC-04,Quay Crane,5.06,0.52,152,Operational
CRN05735,DR04836,PR00002,SR08150,QC-08,Quay Crane,4.8,0.81,133,Operational
CRN05736,DR00310,PR00004,SR07169,QC-04,RTG Crane,7.23,0.72,175,Operational
CRN05737,DR04423,PR00005,SR09717,QC-04,Quay Crane,7.73,1.2,173,Inspection
CRN05738,DR01871,PR00003,SR07372,QC-07,Quay Crane,5.02,1.77,150,Maintenance
CRN05739,DR01752,PR00005,SR04737,QC-07,Quay Crane,6.79,1.27,249,Inspection
CRN05740,DR00742,PR00002,SR04144,QC-01,Quay Crane,8.19,0.52,214,Operational
CRN05741,DR04039,PR00003,SR06713,QC-01,Quay Crane,7.92,0.57,187,Operational
CRN05742,DR00450,PR00007,SR00262,QC-06,Quay Crane,6.58,0.78,172,Operational
CRN05743,DR04008,PR00001,SR05523,QC-04,Quay Crane,6.16,0.81,197,Operational
CRN05744,DR09766,PR00001,SR01577,QC-06,Quay Crane,3.48,0.73,76,Operational
CRN05745,DR01601,PR00001,SR05385,QC-03,RTG Crane,6.05,1.41,126,Inspection
CRN05746,DR09620,PR00007,SR03719,QC-08,Quay Crane,7.69,0.44,201,Operational
CRN05747,DR06508,PR00001,SR02370,QC-05,Quay Crane,7.13,1.65,179,Maintenance
CRN05748,DR00535,PR00001,SR09135,QC-04,RTG Crane,8.33,0.58,224,Operational
CRN05749,DR07112,PR00005,SR07480,QC-08,Quay Crane,10.0,0.5,307,Operational
CRN05750,DR07508,PR00005,SR03580,QC-01,Quay Crane,7.2,0.64,218,Operational
CRN05751,DR04302,PR00003,SR07498,QC-06,Quay Crane,4.12,1.05,109,Inspection
CRN05752,DR05066,PR00007,SR04323,QC-02,Quay Crane,6.44,0.83,118,Operational
CRN05753,DR01813,PR00001,SR09747,QC-02,RTG Crane,8.93,0.88,173,Operational
CRN05754,DR03238,PR00004,SR01631,QC-04,Quay Crane,9.02,0.83,240,Operational
CRN05755,DR09325,PR00004,SR01462,QC-07,Quay Crane,4.72,0.99,120,Operational
CRN05756,DR01785,PR00002,SR00521,QC-04,Quay Crane,5.9,0.73,181,Operational
CRN05757,DR07216,PR00006,SR07020,QC-01,Quay Crane,6.88,0.49,241,Operational
CRN05758,DR05615,PR00004,SR03133,QC-04,Quay Crane,8.57,0.52,226,Operational
CRN05759,DR00491,PR00002,SR00497,QC-03,Quay Crane,5.86,1.58,130,Maintenance
CRN05760,DR06330,PR00001,SR07546,QC-05,Quay Crane,8.08,2.32,161,Maintenance
CRN05761,DR08209,PR00001,SR09199,QC-04,Quay Crane,3.08,0.99,111,Operational
CRN05762,DR08986,PR00006,SR04769,QC-03,Quay Crane,6.96,1.56,164,Maintenance
CRN05763,DR07585,PR00002,SR02155,QC-08,RTG Crane,5.41,0.7,139,Operational
CRN05764,DR06249,PR00007,SR02545,QC-06,RTG Crane,6.76,1.01,201,Inspection
CRN05765,DR02996,PR00001,SR01348,QC-06,Quay Crane,4.89,1.04,89,Inspection
CRN05766,DR06050,PR00007,SR04468,QC-02,RTG Crane,7.23,0.94,164,Operational
CRN05767,DR02919,PR00006,SR04671,QC-04,Quay Crane,8.03,0.99,199,Operational
CRN05768,DR06730,PR00001,SR08853,QC-02,Quay Crane,7.52,0.76,168,Operational
CRN05769,DR06574,PR00001,SR00732,QC-05,Quay Crane,8.87,1.88,184,Maintenance
CRN05770,DR05907,PR00006,SR06496,QC-01,Quay Crane,7.38,0.83,203,Operational
CRN05771,DR05093,PR00001,SR02444,QC-08,Quay Crane,7.44,0.47,216,Operational
CRN05772,DR08454,PR00002,SR06626,QC-01,Quay Crane,6.31,0.43,189,Operational
CRN05773,DR08643,PR00006,SR05463,QC-03,RTG Crane,7.82,1.21,238,Inspection
CRN05774,DR08291,PR00007,SR08657,QC-02,Quay Crane,6.41,0.73,206,Operational
CRN05775,DR08925,PR00005,SR02303,QC-03,RTG Crane,6.72,1.6,167,Maintenance
CRN05776,DR05575,PR00006,SR08683,QC-01,Quay Crane,8.81,1.03,244,Inspection
CRN05777,DR09008,PR00004,SR02869,QC-08,Quay Crane,9.76,0.44,292,Operational
CRN05778,DR09513,PR00005,SR09158,QC-03,RTG Crane,6.7,0.99,183,Operational
CRN05779,DR05332,PR00002,SR04633,QC-05,Quay Crane,7.79,1.71,231,Maintenance
CRN05780,DR03079,PR00006,SR04611,QC-05,Quay Crane,6.06,1.87,125,Maintenance
CRN05781,DR08065,PR00005,SR07764,QC-02,Quay Crane,6.22,0.72,172,Operational
CRN05782,DR06171,PR00004,SR08536,QC-08,RTG Crane,3.5,0.72,147,Operational
CRN05783,DR05974,PR00007,SR04824,QC-08,Quay Crane,8.04,0.59,194,Operational
CRN05784,DR07806,PR00003,SR04520,QC-02,Quay Crane,6.52,1.06,145,Inspection
CRN05785,DR04673,PR00004,SR09091,QC-08,Quay Crane,9.7,0.72,258,Operational
CRN05786,DR07022,PR00003,SR07641,QC-08,Quay Crane,6.09,0.05,189,Operational
CRN05787,DR09288,PR00002,SR05760,QC-05,Quay Crane,7.18,1.57,120,Maintenance
CRN05788,DR08559,PR00002,SR04151,QC-01,Quay Crane,8.31,0.48,184,Operational
CRN05789,DR05515,PR00007,SR07443,QC-01,Quay Crane,10.0,0.17,330,Operational
CRN05790,DR06101,PR00003,SR02658,QC-05,Quay Crane,5.91,1.96,194,Maintenance
CRN05791,DR01344,PR00005,SR07634,QC-05,RTG Crane,6.49,2.07,183,Maintenance
CRN05792,DR03418,PR00004,SR00523,QC-08,Quay Crane,7.44,0.68,228,Operational
CRN05793,DR04782,PR00006,SR09071,QC-06,Quay Crane,6.72,0.89,174,Operational
CRN05794,DR07897,PR00005,SR00285,QC-04,Quay Crane,8.24,0.65,221,Operational
CRN05795,DR00284,PR00001,SR08224,QC-06,Quay Crane,7.45,0.77,194,Operational
CRN05796,DR07178,PR00002,SR09504,QC-06,Quay Crane,9.08,0.93,218,Operational
CRN05797,DR05887,PR00005,SR05621,QC-03,Quay Crane,6.82,1.08,145,Inspection
CRN05798,DR03081,PR00001,SR02281,QC-05,RTG Crane,8.48,1.73,230,Maintenance
CRN05799,DR03976,PR00003,SR06483,QC-06,Quay Crane,7.16,0.77,160,Operational
CRN05800,DR09208,PR00002,SR05986,QC-02,Quay Crane,8.05,0.64,204,Operational
CRN05801,DR02448,PR00001,SR04443,QC-02,Quay Crane,7.54,1.36,201,Inspection
CRN05802,DR06484,PR00007,SR01168,QC-04,RTG Crane,7.1,0.63,152,Operational
CRN05803,DR02589,PR00007,SR07533,QC-07,Quay Crane,6.1,1.3,202,Inspection
CRN05804,DR00039,PR00005,SR02735,QC-06,Quay Crane,8.47,0.92,207,Operational
CRN05805,DR06379,PR00002,SR09876,QC-02,Quay Crane,5.63,0.55,154,Operational
CRN05806,DR00504,PR00007,SR07400,QC-01,Quay Crane,8.16,0.61,236,Operational
CRN05807,DR02021,PR00004,SR08826,QC-08,Quay Crane,8.12,0.28,263,Operational
CRN05808,DR09233,PR00007,SR08093,QC-03,Quay Crane,10.0,1.41,302,Inspection
CRN05809,DR00102,PR00001,SR08414,QC-04,Quay Crane,8.47,0.77,261,Operational
CRN05810,DR09925,PR00001,SR05082,QC-01,Quay Crane,4.4,0.5,91,Operational
CRN05811,DR00908,PR00005,SR09869,QC-04,Quay Crane,5.77,0.43,138,Operational
CRN05812,DR00747,PR00007,SR01500,QC-02,RTG Crane,7.17,0.98,156,Operational
CRN05813,DR04447,PR00001,SR00326,QC-08,Quay Crane,6.59,0.98,192,Operational
CRN05814,DR03986,PR00002,SR02712,QC-03,Quay Crane,7.73,0.81,188,Operational
CRN05815,DR07750,PR00004,SR07075,QC-02,Quay Crane,5.32,0.62,101,Operational
CRN05816,DR01472,PR00007,SR08467,QC-06,RTG Crane,4.52,0.69,70,Operational
CRN05817,DR03416,PR00006,SR04178,QC-03,Quay Crane,5.78,1.18,189,Inspection
CRN05818,DR06078,PR00007,SR09480,QC-07,Quay Crane,10.0,1.1,193,Inspection
CRN05819,DR03944,PR00005,SR03152,QC-01,Quay Crane,8.83,0.5,309,Operational
CRN05820,DR03261,PR00006,SR09199,QC-03,Quay Crane,6.36,1.81,190,Maintenance
CRN05821,DR06052,PR00003,SR02751,QC-01,Quay Crane,7.47,0.46,179,Operational
CRN05822,DR04420,PR00001,SR01208,QC-01,RTG Crane,5.71,0.67,144,Operational
CRN05823,DR01341,PR00005,SR06056,QC-03,Quay Crane,8.47,1.41,226,Inspection
CRN05824,DR00718,PR00004,SR07935,QC-01,Quay Crane,5.62,0.56,152,Operational
CRN05825,DR05462,PR00003,SR05377,QC-05,Quay Crane,6.61,2.07,154,Maintenance
CRN05826,DR00589,PR00002,SR07744,QC-08,Quay Crane,6.06,0.55,159,Operational
CRN05827,DR04676,PR00006,SR04570,QC-08,RTG Crane,6.84,0.84,223,Operational
CRN05828,DR02254,PR00006,SR09785,QC-04,Quay Crane,7.63,1.13,238,Inspection
CRN05829,DR05101,PR00003,SR06283,QC-04,Quay Crane,7.17,0.47,228,Operational
CRN05830,DR00043,PR00007,SR03322,QC-08,Quay Crane,8.69,0.86,263,Operational
CRN05831,DR05790,PR00003,SR08311,QC-06,Quay Crane,5.7,1.02,123,Inspection
CRN05832,DR07734,PR00001,SR08553,QC-07,Quay Crane,3.46,1.28,60,Inspection
CRN05833,DR08644,PR00001,SR00297,QC-05,Quay Crane,7.46,1.8,186,Maintenance
CRN05834,DR08931,PR00003,SR03392,QC-02,Quay Crane,9.63,1.04,256,Inspection
CRN05835,DR02013,PR00001,SR04690,QC-03,Quay Crane,5.67,0.97,130,Operational
CRN05836,DR01540,PR00005,SR00473,QC-08,Quay Crane,8.07,0.58,237,Operational
CRN05837,DR02157,PR00006,SR09569,QC-05,Quay Crane,6.52,1.54,187,Inspection
CRN05838,DR08588,PR00004,SR01286,QC-03,Quay Crane,6.02,0.88,122,Operational
CRN05839,DR09816,PR00006,SR05196,QC-01,Quay Crane,6.01,0.81,190,Operational
CRN05840,DR04293,PR00007,SR09870,QC-04,Quay Crane,7.95,0.35,222,Operational
CRN05841,DR02140,PR00003,SR09620,QC-03,RTG Crane,9.22,1.74,257,Maintenance
CRN05842,DR09035,PR00001,SR09506,QC-04,Quay Crane,8.99,0.82,279,Operational
CRN05843,DR05116,PR00002,SR00667,QC-04,Quay Crane,8.49,0.73,257,Operational
CRN05844,DR08626,PR00004,SR04214,QC-06,RTG Crane,7.41,0.75,219,Operational
CRN05845,DR05323,PR00003,SR07309,QC-08,Quay Crane,6.23,0.84,197,Operational
CRN05846,DR02753,PR00005,SR09290,QC-05,Quay Crane,8.6,2.12,208,Maintenance
CRN05847,DR07688,PR00004,SR01022,QC-08,Quay Crane,9.2,0.63,281,Operational
CRN05848,DR03198,PR00004,SR06062,QC-08,Quay Crane,6.56,1.01,143,Inspection
CRN05849,DR01879,PR00001,SR01783,QC-01,Quay Crane,6.53,0.53,165,Operational
CRN05850,DR02733,PR00002,SR00069,QC-01,RTG Crane,7.83,0.46,161,Operational
CRN05851,DR03413,PR00003,SR00296,QC-08,Quay Crane,5.68,0.67,194,Operational
CRN05852,DR08325,PR00006,SR06851,QC-01,RTG Crane,7.54,0.97,196,Operational
CRN05853,DR07451,PR00005,SR04174,QC-02,Quay Crane,4.22,0.62,95,Operational
CRN05854,DR00775,PR00004,SR08796,QC-02,Quay Crane,8.75,1.09,239,Inspection
CRN05855,DR05075,PR00005,SR06176,QC-05,Quay Crane,7.38,1.99,189,Maintenance
CRN05856,DR09050,PR00003,SR01154,QC-05,RTG Crane,7.4,2.01,125,Maintenance
CRN05857,DR00599,PR00001,SR07924,QC-01,Quay Crane,7.99,0.49,227,Operational
CRN05858,DR04049,PR00002,SR04529,QC-05,Quay Crane,6.48,1.7,207,Maintenance
CRN05859,DR01744,PR00001,SR04233,QC-01,RTG Crane,8.64,0.64,244,Operational
CRN05860,DR05979,PR00001,SR07406,QC-07,Quay Crane,8.98,1.04,228,Inspection
CRN05861,DR03195,PR00002,SR03024,QC-02,Quay Crane,8.32,0.87,218,Operational
CRN05862,DR04798,PR00006,SR05730,QC-02,RTG Crane,8.34,0.77,229,Operational
CRN05863,DR02527,PR00001,SR09531,QC-06,Quay Crane,10.0,1.1,288,Inspection
CRN05864,DR08601,PR00001,SR02389,QC-05,Quay Crane,9.61,2.03,257,Maintenance
CRN05865,DR09276,PR00001,SR09987,QC-06,Quay Crane,6.27,1.18,124,Inspection
CRN05866,DR00771,PR00002,SR03250,QC-02,RTG Crane,7.47,0.79,199,Operational
CRN05867,DR07426,PR00002,SR06509,QC-03,RTG Crane,4.66,1.58,142,Maintenance
CRN05868,DR05076,PR00001,SR08692,QC-03,Quay Crane,8.28,1.66,221,Maintenance
CRN05869,DR04495,PR00002,SR00326,QC-08,Quay Crane,6.38,0.3,128,Operational
CRN05870,DR07256,PR00007,SR06569,QC-07,Quay Crane,9.86,1.29,255,Inspection
CRN05871,DR01181,PR00002,SR05742,QC-08,RTG Crane,8.24,0.24,206,Operational
CRN05872,DR06048,PR00002,SR09573,QC-05,RTG Crane,6.49,2.13,160,Maintenance
CRN05873,DR01354,PR00003,SR04226,QC-06,RTG Crane,7.33,1.53,198,Inspection
CRN05874,DR05745,PR00002,SR07106,QC-02,Quay Crane,8.84,0.88,233,Operational
CRN05875,DR06526,PR00004,SR03489,QC-01,Quay Crane,8.4,0.46,217,Operational
CRN05876,DR02628,PR00003,SR08284,QC-05,Quay Crane,6.15,1.86,195,Maintenance
CRN05877,DR09777,PR00006,SR00205,QC-06,Quay Crane,9.31,0.82,236,Operational
CRN05878,DR03652,PR00007,SR00180,QC-06,Quay Crane,3.87,0.65,101,Operational
CRN05879,DR07680,PR00005,SR05662,QC-08,Quay Crane,5.12,0.07,89,Operational
CRN05880,DR09324,PR00002,SR05577,QC-03,Quay Crane,7.11,1.14,217,Inspection
CRN05881,DR06666,PR00003,SR07863,QC-02,Quay Crane,6.59,0.73,166,Operational
CRN05882,DR02775,PR00002,SR01740,QC-02,Quay Crane,7.62,0.68,182,Operational
CRN05883,DR03666,PR00006,SR09085,QC-01,Quay Crane,5.49,0.54,107,Operational
CRN05884,DR03498,PR00001,SR03561,QC-05,Quay Crane,6.1,1.86,147,Maintenance
CRN05885,DR04070,PR00004,SR06939,QC-03,RTG Crane,5.58,1.15,186,Inspection
CRN05886,DR01112,PR00002,SR05069,QC-04,RTG Crane,5.46,0.68,168,Operational
CRN05887,DR07758,PR00003,SR01744,QC-04,Quay Crane,7.06,0.7,184,Operational
CRN05888,DR07871,PR00002,SR05197,QC-05,Quay Crane,5.61,1.77,121,Maintenance
CRN05889,DR07636,PR00003,SR00638,QC-04,Quay Crane,6.48,0.87,214,Operational
CRN05890,DR00636,PR00005,SR05710,QC-07,Quay Crane,6.54,1.85,139,Maintenance
CRN05891,DR04540,PR00004,SR07553,QC-04,Quay Crane,7.17,0.9,197,Operational
CRN05892,DR04843,PR00002,SR09951,QC-08,Quay Crane,4.64,0.57,120,Operational
CRN05893,DR09402,PR00001,SR00853,QC-04,RTG Crane,7.81,0.47,261,Operational
CRN05894,DR07242,PR00006,SR00931,QC-02,RTG Crane,6.23,1.46,155,Inspection
CRN05895,DR04252,PR00003,SR03659,QC-07,Quay Crane,7.65,1.35,272,Inspection
CRN05896,DR01415,PR00004,SR07377,QC-03,Quay Crane,6.96,1.34,190,Inspection
CRN05897,DR01510,PR00003,SR03066,QC-04,Quay Crane,7.67,0.89,167,Operational
CRN05898,DR05264,PR00004,SR09648,QC-03,Quay Crane,7.5,1.42,227,Inspection
CRN05899,DR04763,PR00004,SR09435,QC-07,Quay Crane,9.82,1.39,306,Inspection
CRN05900,DR04395,PR00001,SR07769,QC-05,Quay Crane,4.97,1.89,127,Maintenance
CRN05901,DR05876,PR00003,SR05349,QC-03,Quay Crane,9.78,1.12,289,Inspection
CRN05902,DR06055,PR00003,SR01205,QC-06,Quay Crane,9.03,0.89,306,Operational
CRN05903,DR07612,PR00001,SR08295,QC-02,Quay Crane,6.68,0.49,202,Operational
CRN05904,DR04310,PR00005,SR00267,QC-03,Quay Crane,8.35,1.5,172,Inspection
CRN05905,DR01849,PR00002,SR06098,QC-03,Quay Crane,10.0,1.49,237,Inspection
CRN05906,DR08687,PR00001,SR00119,QC-07,Quay Crane,5.09,1.4,128,Inspection
CRN05907,DR00268,PR00006,SR07400,QC-06,Quay Crane,7.54,1.21,192,Inspection
CRN05908,DR02808,PR00006,SR00450,QC-07,Quay Crane,5.51,0.56,124,Operational
CRN05909,DR08892,PR00002,SR05160,QC-01,Quay Crane,7.76,0.48,250,Operational
CRN05910,DR06589,PR00005,SR05015,QC-06,Quay Crane,8.67,0.89,224,Operational
CRN05911,DR01682,PR00001,SR05303,QC-02,Quay Crane,5.72,0.69,217,Operational
CRN05912,DR01062,PR00005,SR03829,QC-08,RTG Crane,6.37,0.62,164,Operational
CRN05913,DR03428,PR00003,SR01669,QC-05,Quay Crane,7.15,1.57,206,Maintenance
CRN05914,DR08854,PR00006,SR08912,QC-08,Quay Crane,8.61,0.92,281,Operational
CRN05915,DR08728,PR00003,SR03859,QC-05,Quay Crane,8.83,1.39,257,Inspection
CRN05916,DR08509,PR00002,SR02419,QC-03,Quay Crane,7.99,0.99,228,Operational
CRN05917,DR03519,PR00006,SR09037,QC-08,Quay Crane,7.68,0.33,242,Operational
CRN05918,DR05794,PR00001,SR07823,QC-04,Quay Crane,7.28,0.84,229,Operational
CRN05919,DR03870,PR00001,SR00742,QC-01,Quay Crane,8.64,0.36,252,Operational
CRN05920,DR03481,PR00003,SR02939,QC-03,Quay Crane,8.06,1.62,225,Maintenance
CRN05921,DR09303,PR00004,SR02456,QC-08,Quay Crane,8.39,0.31,264,Operational
CRN05922,DR09216,PR00001,SR06649,QC-01,Quay Crane,7.58,0.52,203,Operational
CRN05923,DR01188,PR00004,SR03203,QC-02,RTG Crane,5.35,0.89,117,Operational
CRN05924,DR06657,PR00003,SR09470,QC-01,Quay Crane,5.52,0.64,207,Operational
CRN05925,DR07312,PR00004,SR07079,QC-05,Quay Crane,7.99,1.57,209,Maintenance
CRN05926,DR07347,PR00007,SR02770,QC-07,Quay Crane,6.54,1.21,145,Inspection
CRN05927,DR09517,PR00003,SR09293,QC-01,Quay Crane,7.96,0.05,238,Operational
CRN05928,DR07934,PR00004,SR00478,QC-07,Quay Crane,6.58,1.85,116,Maintenance
CRN05929,DR09914,PR00003,SR02064,QC-02,Quay Crane,6.07,1.08,177,Inspection
CRN05930,DR04125,PR00001,SR08557,QC-03,Quay Crane,8.31,1.58,210,Maintenance
CRN05931,DR04302,PR00006,SR06212,QC-06,Quay Crane,5.26,0.88,80,Operational
CRN05932,DR04374,PR00006,SR08222,QC-08,Quay Crane,8.1,0.58,223,Operational
CRN05933,DR00209,PR00006,SR02327,QC-08,Quay Crane,6.68,0.78,151,Operational
CRN05934,DR00066,PR00007,SR09627,QC-02,Quay Crane,6.09,0.75,170,Operational
CRN05935,DR04046,PR00003,SR05742,QC-08,Quay Crane,6.62,0.76,169,Operational
CRN05936,DR07418,PR00004,SR05674,QC-07,Quay Crane,7.43,1.56,166,Maintenance
CRN05937,DR07900,PR00001,SR05099,QC-04,Quay Crane,9.86,0.43,287,Operational
CRN05938,DR05709,PR00007,SR06010,QC-06,RTG Crane,7.95,1.19,166,Inspection
CRN05939,DR02254,PR00004,SR04661,QC-06,Quay Crane,8.87,0.72,216,Operational
CRN05940,DR09165,PR00002,SR01422,QC-08,Quay Crane,8.3,0.38,231,Operational
CRN05941,DR07430,PR00006,SR01246,QC-04,Quay Crane,7.52,0.69,202,Operational
CRN05942,DR08631,PR00004,SR03044,QC-07,RTG Crane,6.61,1.31,157,Inspection
CRN05943,DR09357,PR00007,SR04054,QC-07,RTG Crane,6.6,0.78,151,Operational
CRN05944,DR01736,PR00005,SR01936,QC-02,Quay Crane,6.93,1.13,156,Inspection
CRN05945,DR04743,PR00006,SR09290,QC-04,RTG Crane,8.79,0.43,260,Operational
CRN05946,DR08903,PR00004,SR08410,QC-07,RTG Crane,10.0,0.57,279,Operational
CRN05947,DR08880,PR00003,SR08350,QC-08,Quay Crane,6.72,0.47,212,Operational
CRN05948,DR04897,PR00005,SR03790,QC-01,Quay Crane,7.54,0.25,166,Operational
CRN05949,DR09701,PR00001,SR05294,QC-08,Quay Crane,7.34,0.62,218,Operational
CRN05950,DR04238,PR00001,SR03487,QC-08,Quay Crane,6.61,0.67,178,Operational
CRN05951,DR09693,PR00007,SR02613,QC-06,Quay Crane,4.26,0.61,104,Operational
CRN05952,DR01242,PR00007,SR01697,QC-03,Quay Crane,9.34,1.29,252,Inspection
CRN05953,DR04914,PR00007,SR08771,QC-08,Quay Crane,8.03,0.88,223,Operational
CRN05954,DR00646,PR00001,SR09818,QC-03,Quay Crane,8.11,1.87,209,Maintenance
CRN05955,DR07546,PR00002,SR09629,QC-01,Quay Crane,6.45,0.47,140,Operational
CRN05956,DR00696,PR00007,SR07087,QC-01,Quay Crane,8.21,0.62,203,Operational
CRN05957,DR09055,PR00001,SR01772,QC-04,Quay Crane,5.51,0.48,158,Operational
CRN05958,DR04646,PR00003,SR09265,QC-05,Quay Crane,7.69,1.79,200,Maintenance
CRN05959,DR01476,PR00002,SR02374,QC-02,RTG Crane,5.69,1.11,124,Inspection
CRN05960,DR06536,PR00006,SR06840,QC-01,RTG Crane,5.75,0.44,183,Operational
CRN05961,DR06970,PR00003,SR04529,QC-01,RTG Crane,7.14,0.35,198,Operational
CRN05962,DR09985,PR00002,SR02162,QC-06,Quay Crane,6.74,0.91,191,Operational
CRN05963,DR03711,PR00003,SR06697,QC-03,Quay Crane,9.64,1.14,301,Inspection
CRN05964,DR04552,PR00001,SR07675,QC-06,Quay Crane,4.66,0.76,132,Operational
CRN05965,DR09601,PR00005,SR04017,QC-03,Quay Crane,8.01,1.4,198,Inspection
CRN05966,DR02952,PR00004,SR07276,QC-02,Quay Crane,8.82,0.59,188,Operational
CRN05967,DR00560,PR00004,SR02216,QC-01,Quay Crane,6.2,0.05,137,Operational
CRN05968,DR08289,PR00003,SR07626,QC-01,Quay Crane,6.79,0.4,146,Operational
CRN05969,DR08510,PR00002,SR03145,QC-04,RTG Crane,8.29,0.53,180,Operational
CRN05970,DR02461,PR00001,SR00982,QC-01,Quay Crane,5.83,0.55,155,Operational
CRN05971,DR07042,PR00007,SR08564,QC-08,RTG Crane,7.24,0.74,126,Operational
CRN05972,DR00686,PR00003,SR02045,QC-03,Quay Crane,7.01,1.36,177,Inspection
CRN05973,DR08020,PR00003,SR07146,QC-08,RTG Crane,7.77,0.43,212,Operational
CRN05974,DR05375,PR00003,SR05640,QC-01,Quay Crane,7.45,0.6,210,Operational
CRN05975,DR03202,PR00007,SR05841,QC-01,Quay Crane,7.06,0.72,206,Operational
CRN05976,DR05108,PR00006,SR02344,QC-04,RTG Crane,7.15,0.52,205,Operational
CRN05977,DR07221,PR00001,SR00515,QC-07,Quay Crane,6.55,1.13,190,Inspection
CRN05978,DR09292,PR00004,SR05829,QC-06,Quay Crane,8.4,1.4,196,Inspection
CRN05979,DR00877,PR00003,SR03048,QC-02,Quay Crane,7.51,0.98,183,Operational
CRN05980,DR01031,PR00006,SR02184,QC-04,Quay Crane,7.4,1.04,285,Inspection
CRN05981,DR09259,PR00007,SR09259,QC-05,Quay Crane,9.51,1.9,275,Maintenance
CRN05982,DR07154,PR00005,SR03549,QC-03,Quay Crane,8.44,1.19,255,Inspection
CRN05983,DR07707,PR00006,SR09163,QC-02,Quay Crane,6.42,0.99,122,Operational
CRN05984,DR06775,PR00003,SR09517,QC-04,RTG Crane,10.0,0.59,310,Operational
CRN05985,DR09163,PR00003,SR03672,QC-04,Quay Crane,6.63,0.37,125,Operational
CRN05986,DR01499,PR00004,SR08074,QC-02,Quay Crane,10.0,0.6,222,Operational
CRN05987,DR01833,PR00005,SR00740,QC-03,Quay Crane,2.5,1.44,80,Inspection
CRN05988,DR04426,PR00002,SR06683,QC-02,Quay Crane,6.47,0.79,220,Operational
CRN05989,DR05245,PR00003,SR06624,QC-05,Quay Crane,7.05,1.76,143,Maintenance
CRN05990,DR08130,PR00001,SR06271,QC-07,Quay Crane,6.95,1.1,148,Inspection
CRN05991,DR03503,PR00002,SR05977,QC-02,Quay Crane,6.78,0.8,165,Operational
CRN05992,DR08555,PR00006,SR06941,QC-08,Quay Crane,7.98,0.93,139,Operational
CRN05993,DR02593,PR00001,SR02767,QC-01,Quay Crane,6.42,0.09,185,Operational
CRN05994,DR00277,PR00006,SR03577,QC-08,Quay Crane,7.34,0.68,215,Operational
CRN05995,DR02794,PR00003,SR08046,QC-08,Quay Crane,7.68,0.9,184,Operational
CRN05996,DR02235,PR00004,SR04435,QC-05,RTG Crane,10.0,1.9,191,Maintenance
CRN05997,DR01184,PR00007,SR06977,QC-06,RTG Crane,9.61,1.07,235,Inspection
CRN05998,DR03036,PR00006,SR05168,QC-07,RTG Crane,8.14,1.47,253,Inspection
CRN05999,DR06898,PR00006,SR08767,QC-02,Quay Crane,9.43,0.6,282,Operational
CRN06000,DR01992,PR00002,SR02878,QC-03,Quay Crane,3.94,1.39,95,Inspection
CRN06001,DR04046,PR00003,SR06777,QC-03,Quay Crane,4.99,1.05,126,Inspection
CRN06002,DR05505,PR00005,SR05947,QC-03,RTG Crane,6.9,1.54,167,Inspection
CRN06003,DR06538,PR00005,SR00153,QC-03,Quay Crane,5.61,1.75,165,Maintenance
CRN06004,DR08576,PR00006,SR06315,QC-06,Quay Crane,8.05,1.11,237,Inspection
CRN06005,DR06147,PR00005,SR08599,QC-03,Quay Crane,8.55,1.1,187,Inspection
CRN06006,DR00964,PR00002,SR08673,QC-03,Quay Crane,6.9,1.98,165,Maintenance
CRN06007,DR04888,PR00002,SR09493,QC-06,Quay Crane,6.05,1.22,143,Inspection
CRN06008,DR04577,PR00007,SR07746,QC-07,Quay Crane,9.29,1.0,284,Operational
CRN06009,DR01953,PR00004,SR00921,QC-01,Quay Crane,4.42,0.59,150,Operational
CRN06010,DR06290,PR00005,SR06930,QC-04,Quay Crane,6.77,0.58,160,Operational
CRN06011,DR09341,PR00004,SR04122,QC-03,Quay Crane,5.7,1.36,161,Inspection
CRN06012,DR00320,PR00007,SR04541,QC-05,Quay Crane,7.13,2.06,199,Maintenance
CRN06013,DR08107,PR00006,SR03001,QC-04,Quay Crane,6.68,0.6,178,Operational
CRN06014,DR02107,PR00002,SR05843,QC-05,Quay Crane,6.91,1.56,179,Maintenance
CRN06015,DR04602,PR00006,SR05824,QC-07,Quay Crane,7.63,0.87,245,Operational
CRN06016,DR08133,PR00002,SR08737,QC-04,Quay Crane,10.0,0.69,258,Operational
CRN06017,DR00417,PR00003,SR02027,QC-04,RTG Crane,8.83,0.9,275,Operational
CRN06018,DR05388,PR00006,SR02446,QC-03,Quay Crane,6.75,0.93,212,Operational
CRN06019,DR03234,PR00002,SR03964,QC-01,Quay Crane,6.41,0.53,181,Operational
CRN06020,DR00683,PR00002,SR06682,QC-02,RTG Crane,7.85,0.82,187,Operational
CRN06021,DR04385,PR00004,SR09770,QC-02,Quay Crane,4.91,0.65,146,Operational
CRN06022,DR01879,PR00007,SR01346,QC-04,Quay Crane,4.02,0.38,117,Operational
CRN06023,DR02444,PR00001,SR01514,QC-06,Quay Crane,7.42,1.0,148,Operational
CRN06024,DR00076,PR00005,SR09462,QC-04,Quay Crane,7.05,0.78,207,Operational
CRN06025,DR03982,PR00003,SR09941,QC-04,Quay Crane,9.33,0.68,234,Operational
CRN06026,DR01057,PR00003,SR09056,QC-05,Quay Crane,6.98,1.85,192,Maintenance
CRN06027,DR08483,PR00005,SR01238,QC-03,RTG Crane,8.41,1.26,264,Inspection
CRN06028,DR05818,PR00004,SR04647,QC-07,RTG Crane,7.93,1.15,155,Inspection
CRN06029,DR08417,PR00006,SR08120,QC-04,Quay Crane,7.17,1.16,157,Inspection
CRN06030,DR05086,PR00005,SR01344,QC-04,Quay Crane,5.53,0.76,111,Operational
CRN06031,DR02013,PR00007,SR05510,QC-05,Quay Crane,7.11,2.05,149,Maintenance
CRN06032,DR00383,PR00006,SR02658,QC-03,Quay Crane,5.44,1.13,145,Inspection
CRN06033,DR05984,PR00001,SR03324,QC-01,RTG Crane,6.15,0.33,156,Operational
CRN06034,DR05237,PR00005,SR01315,QC-04,Quay Crane,5.26,0.73,93,Operational
CRN06035,DR01798,PR00004,SR07210,QC-07,Quay Crane,9.03,1.02,193,Inspection
CRN06036,DR05419,PR00001,SR09506,QC-08,Quay Crane,7.03,0.38,119,Operational
CRN06037,DR02122,PR00004,SR05295,QC-07,RTG Crane,5.69,1.0,167,Operational
CRN06038,DR04634,PR00005,SR02436,QC-02,Quay Crane,5.34,0.69,121,Operational
CRN06039,DR02457,PR00001,SR07338,QC-02,Quay Crane,8.68,1.37,190,Inspection
CRN06040,DR07471,PR00003,SR06148,QC-07,Quay Crane,8.34,1.68,193,Maintenance
CRN06041,DR06519,PR00004,SR06293,QC-06,Quay Crane,5.27,1.25,134,Inspection
CRN06042,DR05338,PR00003,SR08081,QC-06,Quay Crane,8.07,1.24,195,Inspection
CRN06043,DR05333,PR00006,SR03097,QC-02,Quay Crane,6.26,1.03,190,Inspection
CRN06044,DR07786,PR00001,SR01906,QC-02,Quay Crane,8.36,0.46,238,Operational
CRN06045,DR03273,PR00005,SR01121,QC-04,Quay Crane,4.87,0.9,117,Operational
CRN06046,DR07850,PR00005,SR09698,QC-03,RTG Crane,7.21,0.94,157,Operational
CRN06047,DR09631,PR00003,SR00634,QC-03,Quay Crane,7.7,1.74,229,Maintenance
CRN06048,DR08875,PR00003,SR01082,QC-08,Quay Crane,9.5,0.75,278,Operational
CRN06049,DR01163,PR00001,SR06110,QC-03,Quay Crane,6.12,1.15,97,Inspection
CRN06050,DR07320,PR00001,SR07568,QC-07,Quay Crane,5.71,1.3,172,Inspection
CRN06051,DR05544,PR00003,SR06688,QC-07,Quay Crane,5.38,0.95,156,Operational
CRN06052,DR09513,PR00002,SR08622,QC-04,Quay Crane,5.84,0.66,170,Operational
CRN06053,DR00712,PR00006,SR00011,QC-08,Quay Crane,9.13,0.6,270,Operational
CRN06054,DR08247,PR00004,SR09769,QC-04,Quay Crane,5.68,0.62,160,Operational
CRN06055,DR03347,PR00001,SR03292,QC-04,Quay Crane,7.58,1.15,245,Inspection
CRN06056,DR06433,PR00002,SR07464,QC-02,RTG Crane,7.56,0.98,194,Operational
CRN06057,DR06286,PR00006,SR01875,QC-06,Quay Crane,5.44,1.1,50,Inspection
CRN06058,DR00558,PR00002,SR03664,QC-03,Quay Crane,7.97,1.23,225,Inspection
CRN06059,DR04140,PR00005,SR01394,QC-04,Quay Crane,8.55,0.64,261,Operational
CRN06060,DR06974,PR00001,SR07719,QC-07,RTG Crane,6.36,1.45,163,Inspection
CRN06061,DR02511,PR00007,SR00233,QC-07,Quay Crane,6.88,1.07,163,Inspection
CRN06062,DR07826,PR00003,SR02553,QC-01,Quay Crane,6.61,0.42,211,Operational
CRN06063,DR02013,PR00003,SR03549,QC-07,Quay Crane,5.41,1.23,146,Inspection
CRN06064,DR03790,PR00004,SR06878,QC-06,Quay Crane,7.8,1.02,148,Inspection
CRN06065,DR07368,PR00003,SR05634,QC-06,Quay Crane,7.11,0.87,179,Operational
CRN06066,DR09580,PR00005,SR08991,QC-01,Quay Crane,7.49,0.46,167,Operational
CRN06067,DR00517,PR00001,SR04029,QC-05,RTG Crane,3.91,1.52,96,Inspection
CRN06068,DR06474,PR00001,SR08179,QC-01,Quay Crane,7.71,0.74,180,Operational
CRN06069,DR07779,PR00001,SR00707,QC-06,Quay Crane,9.11,0.78,295,Operational
CRN06070,DR08605,PR00004,SR06602,QC-01,Quay Crane,6.28,0.54,111,Operational
CRN06071,DR04441,PR00006,SR05002,QC-01,Quay Crane,5.85,0.05,229,Operational
CRN06072,DR09895,PR00001,SR07714,QC-02,Quay Crane,8.26,1.0,291,Operational
CRN06073,DR04434,PR00006,SR06632,QC-05,Quay Crane,5.32,2.12,106,Maintenance
CRN06074,DR04883,PR00006,SR09139,QC-04,Quay Crane,3.48,0.88,67,Operational
CRN06075,DR08908,PR00001,SR04326,QC-05,Quay Crane,7.43,2.04,208,Maintenance
CRN06076,DR08164,PR00001,SR05147,QC-03,Quay Crane,6.28,1.29,201,Inspection
CRN06077,DR08278,PR00002,SR00031,QC-06,Quay Crane,8.13,1.41,186,Inspection
CRN06078,DR08021,PR00001,SR01996,QC-04,Quay Crane,7.28,0.64,182,Operational
CRN06079,DR06511,PR00005,SR06057,QC-04,Quay Crane,8.17,1.07,265,Inspection
CRN06080,DR07015,PR00003,SR02895,QC-08,Quay Crane,7.39,0.5,222,Operational
CRN06081,DR07005,PR00003,SR07914,QC-03,Quay Crane,8.44,1.81,213,Maintenance
CRN06082,DR00029,PR00005,SR00672,QC-06,RTG Crane,10.0,0.97,263,Operational
CRN06083,DR05483,PR00002,SR03764,QC-02,Quay Crane,6.56,0.6,230,Operational
CRN06084,DR05246,PR00006,SR02085,QC-07,RTG Crane,6.9,0.67,178,Operational
CRN06085,DR07704,PR00004,SR04737,QC-02,Quay Crane,5.51,0.7,122,Operational
CRN06086,DR07502,PR00002,SR09411,QC-07,Quay Crane,6.81,1.44,184,Inspection
CRN06087,DR01594,PR00003,SR09506,QC-01,Quay Crane,7.19,0.35,218,Operational
CRN06088,DR03685,PR00002,SR02701,QC-03,Quay Crane,6.58,0.96,144,Operational
CRN06089,DR09035,PR00007,SR09353,QC-06,Quay Crane,7.32,0.9,201,Operational
CRN06090,DR04759,PR00003,SR00492,QC-01,Quay Crane,7.37,0.97,195,Operational
CRN06091,DR02942,PR00006,SR02025,QC-08,Quay Crane,7.55,1.04,214,Inspection
CRN06092,DR05965,PR00007,SR00602,QC-04,RTG Crane,6.56,0.05,219,Operational
CRN06093,DR03315,PR00003,SR04735,QC-04,Quay Crane,4.77,0.85,134,Operational
CRN06094,DR05328,PR00005,SR04562,QC-05,Quay Crane,8.21,1.97,236,Maintenance
CRN06095,DR05186,PR00004,SR07143,QC-08,RTG Crane,6.7,0.26,163,Operational
CRN06096,DR03078,PR00001,SR04281,QC-02,Quay Crane,8.34,0.81,229,Operational
CRN06097,DR08587,PR00007,SR02800,QC-04,Quay Crane,6.61,1.15,143,Inspection
CRN06098,DR07768,PR00003,SR00032,QC-02,Quay Crane,5.08,0.91,99,Operational
CRN06099,DR06529,PR00006,SR04832,QC-08,Quay Crane,6.7,0.94,202,Operational
CRN06100,DR06380,PR00004,SR00562,QC-08,RTG Crane,4.34,0.29,116,Operational
CRN06101,DR02087,PR00001,SR03680,QC-03,Quay Crane,5.73,1.57,162,Maintenance
CRN06102,DR07000,PR00003,SR02473,QC-06,Quay Crane,6.72,0.93,172,Operational
CRN06103,DR04044,PR00001,SR02361,QC-06,Quay Crane,5.34,0.86,113,Operational
CRN06104,DR02399,PR00001,SR06382,QC-03,Quay Crane,6.83,1.14,248,Inspection
CRN06105,DR07982,PR00005,SR05400,QC-08,Quay Crane,5.75,0.47,128,Operational
CRN06106,DR07757,PR00001,SR00242,QC-04,Quay Crane,8.03,0.71,208,Operational
CRN06107,DR05267,PR00007,SR01675,QC-07,Quay Crane,4.17,1.06,171,Inspection
CRN06108,DR00623,PR00003,SR01936,QC-05,Quay Crane,7.57,2.07,185,Maintenance
CRN06109,DR04017,PR00003,SR08529,QC-06,Quay Crane,6.98,0.42,182,Operational
CRN06110,DR03383,PR00002,SR03177,QC-03,Quay Crane,6.09,1.59,145,Maintenance
CRN06111,DR04476,PR00001,SR07253,QC-05,Quay Crane,6.9,1.42,124,Inspection
CRN06112,DR07339,PR00004,SR00401,QC-08,Quay Crane,7.72,0.4,187,Operational
CRN06113,DR05203,PR00002,SR02049,QC-05,Quay Crane,3.56,2.07,102,Maintenance
CRN06114,DR05380,PR00004,SR03256,QC-03,Quay Crane,8.08,1.58,190,Maintenance
CRN06115,DR00805,PR00004,SR02962,QC-06,Quay Crane,9.58,1.05,193,Inspection
CRN06116,DR05149,PR00002,SR01136,QC-07,Quay Crane,5.13,1.44,87,Inspection
CRN06117,DR05978,PR00003,SR09256,QC-08,Quay Crane,9.84,0.69,284,Operational
CRN06118,DR00693,PR00002,SR07377,QC-05,Quay Crane,8.54,1.8,216,Maintenance
CRN06119,DR03734,PR00002,SR07866,QC-03,Quay Crane,6.06,1.26,222,Inspection
CRN06120,DR08719,PR00005,SR00091,QC-05,Quay Crane,7.35,1.82,145,Maintenance
CRN06121,DR00505,PR00001,SR06579,QC-03,Quay Crane,6.29,1.37,163,Inspection
CRN06122,DR05621,PR00002,SR07976,QC-04,Quay Crane,7.4,0.63,184,Operational
CRN06123,DR05837,PR00003,SR07336,QC-02,Quay Crane,9.72,0.61,259,Operational
CRN06124,DR02061,PR00003,SR05892,QC-03,Quay Crane,8.01,0.96,168,Operational
CRN06125,DR05000,PR00007,SR07074,QC-07,Quay Crane,6.73,0.97,152,Operational
CRN06126,DR05871,PR00006,SR02521,QC-05,Quay Crane,7.78,2.1,231,Maintenance
CRN06127,DR05697,PR00005,SR00746,QC-06,Quay Crane,5.09,0.89,126,Operational
CRN06128,DR08426,PR00003,SR01673,QC-06,Quay Crane,9.58,0.82,294,Operational
CRN06129,DR03115,PR00003,SR00986,QC-03,Quay Crane,6.86,1.58,165,Maintenance
CRN06130,DR04643,PR00001,SR08645,QC-02,RTG Crane,6.84,0.8,197,Operational
CRN06131,DR05618,PR00006,SR03756,QC-02,Quay Crane,7.52,0.93,186,Operational
CRN06132,DR00108,PR00003,SR06204,QC-02,Quay Crane,6.46,0.72,167,Operational
CRN06133,DR04307,PR00002,SR07836,QC-02,Quay Crane,5.92,0.74,128,Operational
CRN06134,DR06979,PR00004,SR02389,QC-02,Quay Crane,7.69,0.54,213,Operational
CRN06135,DR06049,PR00005,SR02021,QC-07,Quay Crane,6.68,1.19,228,Inspection
CRN06136,DR05082,PR00003,SR05314,QC-03,Quay Crane,5.47,1.16,146,Inspection
CRN06137,DR05624,PR00001,SR06147,QC-08,RTG Crane,8.68,0.39,287,Operational
CRN06138,DR08068,PR00007,SR04314,QC-03,Quay Crane,3.49,1.39,103,Inspection
CRN06139,DR08795,PR00001,SR05284,QC-05,Quay Crane,5.39,1.87,136,Maintenance
CRN06140,DR08239,PR00007,SR06619,QC-02,Quay Crane,8.39,0.63,196,Operational
CRN06141,DR05713,PR00003,SR09929,QC-04,RTG Crane,6.76,0.63,169,Operational
CRN06142,DR04449,PR00007,SR08201,QC-01,Quay Crane,9.03,0.52,274,Operational
CRN06143,DR06648,PR00007,SR06328,QC-01,Quay Crane,8.9,0.84,201,Operational
CRN06144,DR00210,PR00003,SR02379,QC-04,Quay Crane,8.62,0.31,229,Operational
CRN06145,DR00979,PR00006,SR02784,QC-06,Quay Crane,9.46,1.26,272,Inspection
CRN06146,DR02382,PR00001,SR00374,QC-08,Quay Crane,6.82,0.87,188,Operational
CRN06147,DR01715,PR00001,SR05285,QC-07,Quay Crane,7.01,1.2,271,Inspection
CRN06148,DR08194,PR00002,SR02810,QC-07,Quay Crane,7.25,1.31,208,Inspection
CRN06149,DR08277,PR00004,SR08390,QC-05,Quay Crane,8.71,1.98,225,Maintenance
CRN06150,DR01400,PR00001,SR08374,QC-04,Quay Crane,6.35,0.35,158,Operational
CRN06151,DR05163,PR00003,SR02482,QC-08,RTG Crane,8.56,0.68,216,Operational
CRN06152,DR07638,PR00007,SR06716,QC-01,Quay Crane,7.32,0.45,187,Operational
CRN06153,DR09676,PR00006,SR03604,QC-01,Quay Crane,8.71,0.08,254,Operational
CRN06154,DR04760,PR00002,SR07831,QC-07,Quay Crane,8.56,1.0,313,Operational
CRN06155,DR07262,PR00003,SR07730,QC-08,Quay Crane,6.99,0.89,181,Operational
CRN06156,DR04749,PR00001,SR01196,QC-02,Quay Crane,9.67,0.77,265,Operational
CRN06157,DR02245,PR00002,SR05553,QC-04,Quay Crane,8.6,0.93,224,Operational
CRN06158,DR06755,PR00007,SR00809,QC-03,RTG Crane,4.51,1.42,102,Inspection
CRN06159,DR00644,PR00007,SR02414,QC-04,Quay Crane,4.09,0.36,64,Operational
CRN06160,DR03607,PR00002,SR03446,QC-05,Quay Crane,5.68,2.04,116,Maintenance
CRN06161,DR02572,PR00002,SR05609,QC-07,Quay Crane,7.16,1.41,169,Inspection
CRN06162,DR01517,PR00003,SR01558,QC-01,RTG Crane,8.9,0.42,293,Operational
CRN06163,DR06432,PR00003,SR02656,QC-06,Quay Crane,6.69,0.58,143,Operational
CRN06164,DR08090,PR00001,SR02404,QC-01,Quay Crane,6.71,0.51,185,Operational
CRN06165,DR01744,PR00001,SR00125,QC-08,RTG Crane,7.62,0.47,229,Operational
CRN06166,DR00298,PR00003,SR01429,QC-04,RTG Crane,9.42,0.67,263,Operational
CRN06167,DR04728,PR00002,SR02263,QC-05,Quay Crane,7.75,2.16,162,Maintenance
CRN06168,DR03715,PR00006,SR08129,QC-06,Quay Crane,6.83,1.22,175,Inspection
CRN06169,DR04047,PR00005,SR03875,QC-08,Quay Crane,5.51,0.83,64,Operational
CRN06170,DR06853,PR00003,SR03741,QC-02,RTG Crane,5.29,0.96,169,Operational
CRN06171,DR04629,PR00003,SR06070,QC-04,Quay Crane,4.96,0.66,145,Operational
CRN06172,DR03920,PR00006,SR02760,QC-04,Quay Crane,7.94,1.0,179,Operational
CRN06173,DR05089,PR00001,SR01172,QC-07,RTG Crane,7.68,0.98,236,Operational
CRN06174,DR03370,PR00006,SR05083,QC-04,Quay Crane,8.09,0.53,215,Operational
CRN06175,DR05048,PR00001,SR04401,QC-05,Quay Crane,8.52,1.97,229,Maintenance
CRN06176,DR09595,PR00007,SR06149,QC-05,Quay Crane,7.45,2.39,185,Maintenance
CRN06177,DR07602,PR00001,SR04988,QC-02,Quay Crane,5.78,0.78,142,Operational
CRN06178,DR01578,PR00006,SR07874,QC-08,RTG Crane,6.2,0.9,144,Operational
CRN06179,DR05665,PR00001,SR08692,QC-04,Quay Crane,7.37,0.43,240,Operational
CRN06180,DR02280,PR00006,SR04750,QC-04,Quay Crane,6.61,0.77,174,Operational
CRN06181,DR06781,PR00004,SR03887,QC-08,Quay Crane,4.45,0.78,98,Operational
CRN06182,DR03397,PR00001,SR01540,QC-02,Quay Crane,6.13,1.03,152,Inspection
CRN06183,DR03910,PR00005,SR00805,QC-04,Quay Crane,9.31,0.64,264,Operational
CRN06184,DR05852,PR00001,SR09358,QC-03,RTG Crane,7.53,1.2,204,Inspection
CRN06185,DR06105,PR00003,SR09034,QC-08,Quay Crane,7.37,0.34,230,Operational
CRN06186,DR08722,PR00002,SR04029,QC-03,RTG Crane,5.99,1.31,167,Inspection
CRN06187,DR05326,PR00005,SR04452,QC-06,RTG Crane,5.04,1.37,133,Inspection
CRN06188,DR09353,PR00006,SR09744,QC-03,Quay Crane,7.3,1.28,203,Inspection
CRN06189,DR04875,PR00003,SR02297,QC-07,Quay Crane,7.75,1.82,219,Maintenance
CRN06190,DR09938,PR00005,SR07848,QC-05,Quay Crane,5.04,1.86,79,Maintenance
CRN06191,DR04753,PR00007,SR00978,QC-01,Quay Crane,8.48,0.76,219,Operational
CRN06192,DR09673,PR00005,SR09253,QC-05,Quay Crane,6.47,2.4,116,Maintenance
CRN06193,DR07523,PR00002,SR01465,QC-01,RTG Crane,7.72,0.59,186,Operational
CRN06194,DR03417,PR00003,SR08417,QC-04,RTG Crane,7.26,1.18,186,Inspection
CRN06195,DR08001,PR00002,SR09218,QC-03,Quay Crane,7.06,1.37,177,Inspection
CRN06196,DR00322,PR00003,SR06536,QC-08,Quay Crane,10.0,0.58,261,Operational
CRN06197,DR04584,PR00002,SR08373,QC-08,Quay Crane,8.04,0.66,204,Operational
CRN06198,DR00824,PR00006,SR03093,QC-02,Quay Crane,7.25,0.45,161,Operational
CRN06199,DR02069,PR00004,SR03748,QC-07,Quay Crane,8.15,0.99,190,Operational
CRN06200,DR09922,PR00004,SR05323,QC-02,RTG Crane,6.6,0.56,119,Operational
CRN06201,DR02887,PR00001,SR08355,QC-06,RTG Crane,8.42,0.95,206,Operational
CRN06202,DR08951,PR00001,SR05647,QC-04,Quay Crane,7.61,0.85,197,Operational
CRN06203,DR06553,PR00006,SR06834,QC-04,Quay Crane,6.98,0.56,183,Operational
CRN06204,DR04214,PR00004,SR01025,QC-08,Quay Crane,6.77,1.25,200,Inspection
CRN06205,DR01886,PR00007,SR01015,QC-04,Quay Crane,6.96,0.31,219,Operational
CRN06206,DR09020,PR00003,SR00509,QC-02,Quay Crane,7.22,0.52,186,Operational
CRN06207,DR09212,PR00002,SR01703,QC-05,Quay Crane,9.01,2.03,218,Maintenance
CRN06208,DR03242,PR00005,SR08655,QC-05,Quay Crane,7.84,1.76,249,Maintenance
CRN06209,DR03566,PR00005,SR06429,QC-02,Quay Crane,4.05,0.32,108,Operational
CRN06210,DR06858,PR00001,SR06000,QC-01,Quay Crane,9.68,0.67,252,Operational
CRN06211,DR03610,PR00005,SR04721,QC-06,Quay Crane,8.03,1.04,221,Inspection
CRN06212,DR07955,PR00002,SR01904,QC-03,Quay Crane,10.0,1.41,295,Inspection
CRN06213,DR04387,PR00002,SR07678,QC-06,Quay Crane,7.11,0.94,207,Operational
CRN06214,DR04188,PR00001,SR04038,QC-03,RTG Crane,8.93,1.35,249,Inspection
CRN06215,DR02628,PR00004,SR09418,QC-02,Quay Crane,8.34,1.24,219,Inspection
CRN06216,DR06366,PR00005,SR08340,QC-01,Quay Crane,7.49,0.81,189,Operational
CRN06217,DR05383,PR00002,SR04980,QC-08,Quay Crane,9.21,0.81,323,Operational
CRN06218,DR09285,PR00006,SR03026,QC-06,Quay Crane,6.93,1.23,111,Inspection
CRN06219,DR09447,PR00005,SR01104,QC-01,Quay Crane,7.4,0.53,191,Operational
CRN06220,DR08836,PR00003,SR09959,QC-01,RTG Crane,5.58,0.63,154,Operational
CRN06221,DR07362,PR00001,SR07399,QC-02,Quay Crane,6.88,0.05,177,Operational
CRN06222,DR08400,PR00002,SR05541,QC-04,RTG Crane,5.86,1.34,120,Inspection
CRN06223,DR01650,PR00001,SR07168,QC-04,Quay Crane,7.27,0.71,175,Operational
CRN06224,DR09502,PR00007,SR00471,QC-06,Quay Crane,8.13,1.25,196,Inspection
CRN06225,DR04886,PR00006,SR06444,QC-06,RTG Crane,7.8,1.18,227,Inspection
CRN06226,DR09000,PR00001,SR04126,QC-07,Quay Crane,7.54,1.4,193,Inspection
CRN06227,DR01285,PR00003,SR01470,QC-03,Quay Crane,8.3,1.27,207,Inspection
CRN06228,DR01968,PR00002,SR05518,QC-07,Quay Crane,10.0,1.53,274,Inspection
CRN06229,DR03415,PR00001,SR08828,QC-06,Quay Crane,6.54,1.16,118,Inspection
CRN06230,DR02186,PR00002,SR05253,QC-02,Quay Crane,10.0,0.54,260,Operational
CRN06231,DR06242,PR00001,SR08985,QC-08,RTG Crane,5.11,0.67,110,Operational
CRN06232,DR00692,PR00002,SR00898,QC-07,Quay Crane,3.71,1.23,80,Inspection
CRN06233,DR07765,PR00002,SR00853,QC-01,Quay Crane,9.03,0.44,211,Operational
CRN06234,DR00089,PR00003,SR04418,QC-06,Quay Crane,7.33,0.67,222,Operational
CRN06235,DR09653,PR00003,SR08265,QC-05,RTG Crane,4.89,1.61,92,Maintenance
CRN06236,DR01430,PR00003,SR04453,QC-08,Quay Crane,7.28,0.78,153,Operational
CRN06237,DR01260,PR00003,SR09037,QC-03,RTG Crane,6.59,1.26,157,Inspection
CRN06238,DR04482,PR00003,SR09100,QC-03,Quay Crane,7.81,1.48,190,Inspection
CRN06239,DR08736,PR00003,SR09216,QC-01,Quay Crane,6.83,0.52,194,Operational
CRN06240,DR05686,PR00007,SR08240,QC-02,Quay Crane,9.15,0.79,288,Operational
CRN06241,DR00506,PR00001,SR02619,QC-06,RTG Crane,7.46,0.72,201,Operational
CRN06242,DR03565,PR00004,SR01191,QC-03,Quay Crane,7.63,1.2,216,Inspection
CRN06243,DR09992,PR00001,SR08551,QC-08,Quay Crane,6.92,0.6,166,Operational
CRN06244,DR04720,PR00003,SR09960,QC-08,RTG Crane,8.25,0.21,188,Operational
CRN06245,DR08849,PR00004,SR04392,QC-06,Quay Crane,7.03,1.01,200,Inspection
CRN06246,DR02626,PR00005,SR00095,QC-04,Quay Crane,8.72,0.68,285,Operational
CRN06247,DR09072,PR00007,SR01876,QC-04,Quay Crane,5.12,0.32,126,Operational
CRN06248,DR02023,PR00003,SR02526,QC-04,RTG Crane,7.39,0.67,190,Operational
CRN06249,DR04343,PR00002,SR02696,QC-06,RTG Crane,6.33,0.26,199,Operational
CRN06250,DR06933,PR00006,SR04568,QC-03,Quay Crane,5.73,1.24,167,Inspection
CRN06251,DR02475,PR00002,SR07618,QC-08,Quay Crane,5.22,0.64,125,Operational
CRN06252,DR02749,PR00003,SR07154,QC-06,Quay Crane,5.91,1.18,189,Inspection
CRN06253,DR01227,PR00006,SR06676,QC-06,Quay Crane,7.74,1.61,173,Maintenance
CRN06254,DR00117,PR00003,SR07076,QC-08,Quay Crane,7.88,0.67,216,Operational
CRN06255,DR08750,PR00004,SR06200,QC-07,Quay Crane,8.41,1.27,187,Inspection
CRN06256,DR02384,PR00001,SR01574,QC-06,Quay Crane,6.53,0.55,176,Operational
CRN06257,DR02233,PR00001,SR07023,QC-03,Quay Crane,8.74,1.31,245,Inspection
CRN06258,DR08145,PR00007,SR03736,QC-06,RTG Crane,7.11,0.83,175,Operational
CRN06259,DR05306,PR00001,SR08296,QC-04,RTG Crane,8.21,0.28,221,Operational
CRN06260,DR04554,PR00002,SR01236,QC-01,Quay Crane,7.37,0.98,200,Operational
CRN06261,DR05614,PR00003,SR01954,QC-05,Quay Crane,6.1,1.96,159,Maintenance
CRN06262,DR05819,PR00003,SR05057,QC-03,Quay Crane,5.09,1.49,109,Inspection
CRN06263,DR00501,PR00001,SR03043,QC-01,Quay Crane,5.41,0.97,191,Operational
CRN06264,DR09523,PR00001,SR08037,QC-06,Quay Crane,5.76,0.6,156,Operational
CRN06265,DR06692,PR00003,SR04649,QC-01,Quay Crane,6.46,0.23,192,Operational
CRN06266,DR00017,PR00003,SR00467,QC-04,Quay Crane,8.17,1.05,178,Inspection
CRN06267,DR02910,PR00006,SR05278,QC-01,Quay Crane,8.69,0.31,249,Operational
CRN06268,DR08883,PR00002,SR08152,QC-02,RTG Crane,8.8,0.99,202,Operational
CRN06269,DR00213,PR00007,SR07569,QC-01,Quay Crane,2.51,0.62,93,Operational
CRN06270,DR06607,PR00002,SR09282,QC-05,Quay Crane,6.5,2.35,165,Maintenance
CRN06271,DR03514,PR00002,SR07864,QC-07,Quay Crane,6.8,1.58,155,Maintenance
CRN06272,DR08508,PR00007,SR07453,QC-03,Quay Crane,6.58,1.74,163,Maintenance
CRN06273,DR08811,PR00006,SR03721,QC-05,RTG Crane,4.63,1.43,138,Inspection
CRN06274,DR09074,PR00002,SR03229,QC-02,Quay Crane,8.74,0.99,231,Operational
CRN06275,DR00612,PR00003,SR06215,QC-06,Quay Crane,9.93,1.21,252,Inspection
CRN06276,DR00092,PR00006,SR09086,QC-06,Quay Crane,6.69,0.95,192,Operational
CRN06277,DR08312,PR00001,SR03640,QC-05,Quay Crane,10.0,1.7,262,Maintenance
CRN06278,DR01474,PR00002,SR06294,QC-02,RTG Crane,3.72,0.79,135,Operational
CRN06279,DR05438,PR00003,SR03716,QC-02,Quay Crane,5.54,1.04,190,Inspection
CRN06280,DR01534,PR00006,SR06223,QC-03,Quay Crane,6.8,1.04,136,Inspection
CRN06281,DR09130,PR00004,SR01491,QC-07,Quay Crane,8.17,1.64,202,Maintenance
CRN06282,DR07230,PR00003,SR05289,QC-03,Quay Crane,7.32,0.89,269,Operational
CRN06283,DR07703,PR00007,SR06706,QC-06,Quay Crane,5.56,0.78,164,Operational
CRN06284,DR07868,PR00001,SR00934,QC-08,Quay Crane,8.31,0.32,254,Operational
CRN06285,DR06613,PR00006,SR00690,QC-08,Quay Crane,8.07,0.63,229,Operational
CRN06286,DR02767,PR00001,SR05838,QC-03,Quay Crane,6.39,1.22,175,Inspection
CRN06287,DR06619,PR00005,SR03398,QC-03,Quay Crane,6.64,1.68,99,Maintenance
CRN06288,DR05868,PR00004,SR08697,QC-08,Quay Crane,5.51,0.57,166,Operational
CRN06289,DR01647,PR00002,SR09923,QC-05,Quay Crane,8.0,1.93,252,Maintenance
CRN06290,DR07030,PR00004,SR03221,QC-05,Quay Crane,5.42,1.82,99,Maintenance
CRN06291,DR02378,PR00006,SR07883,QC-04,Quay Crane,5.25,0.62,117,Operational
CRN06292,DR03430,PR00003,SR01072,QC-01,Quay Crane,9.64,0.6,260,Operational
CRN06293,DR04806,PR00001,SR03105,QC-01,Quay Crane,7.34,0.22,153,Operational
CRN06294,DR01484,PR00001,SR05921,QC-05,Quay Crane,6.12,1.61,143,Maintenance
CRN06295,DR03175,PR00004,SR02703,QC-03,Quay Crane,4.31,1.07,74,Inspection
CRN06296,DR09361,PR00005,SR04642,QC-05,Quay Crane,7.37,1.93,201,Maintenance
CRN06297,DR01519,PR00003,SR08361,QC-08,Quay Crane,7.22,0.66,201,Operational
CRN06298,DR04493,PR00002,SR01764,QC-08,Quay Crane,8.87,0.68,231,Operational
CRN06299,DR02410,PR00005,SR04950,QC-02,Quay Crane,3.67,0.83,80,Operational
CRN06300,DR00515,PR00002,SR06556,QC-08,Quay Crane,6.07,0.72,165,Operational
CRN06301,DR03616,PR00001,SR01981,QC-01,Quay Crane,8.02,0.44,252,Operational
CRN06302,DR01749,PR00003,SR03656,QC-06,Quay Crane,6.95,0.92,168,Operational
CRN06303,DR03461,PR00003,SR06040,QC-02,Quay Crane,8.27,0.92,224,Operational
CRN06304,DR06061,PR00007,SR09872,QC-02,Quay Crane,7.6,0.64,248,Operational
CRN06305,DR05494,PR00004,SR02360,QC-04,Quay Crane,7.52,0.82,178,Operational
CRN06306,DR04375,PR00002,SR06303,QC-02,Quay Crane,8.12,1.11,247,Inspection
CRN06307,DR03853,PR00006,SR03022,QC-07,Quay Crane,5.36,1.25,129,Inspection
CRN06308,DR07793,PR00002,SR05051,QC-02,Quay Crane,7.71,1.18,259,Inspection
CRN06309,DR02778,PR00007,SR04850,QC-08,Quay Crane,7.78,0.59,133,Operational
CRN06310,DR04974,PR00002,SR09335,QC-06,Quay Crane,10.0,1.23,246,Inspection
CRN06311,DR06445,PR00007,SR04561,QC-05,Quay Crane,4.07,1.65,104,Maintenance
CRN06312,DR08193,PR00006,SR09757,QC-02,Quay Crane,6.61,0.9,183,Operational
CRN06313,DR03747,PR00006,SR09527,QC-07,Quay Crane,8.01,1.34,235,Inspection
CRN06314,DR04256,PR00001,SR04574,QC-05,Quay Crane,8.53,2.1,213,Maintenance
CRN06315,DR05976,PR00006,SR06757,QC-02,Quay Crane,6.88,0.95,222,Operational
CRN06316,DR07626,PR00005,SR02841,QC-01,Quay Crane,6.69,0.94,201,Operational
CRN06317,DR05097,PR00002,SR02266,QC-08,Quay Crane,6.86,0.81,154,Operational
CRN06318,DR06990,PR00003,SR07436,QC-05,Quay Crane,9.32,1.87,277,Maintenance
CRN06319,DR06073,PR00004,SR09696,QC-05,Quay Crane,7.13,1.88,192,Maintenance
CRN06320,DR03738,PR00007,SR02247,QC-03,Quay Crane,6.13,1.2,180,Inspection
CRN06321,DR05675,PR00006,SR02185,QC-02,Quay Crane,6.28,0.76,210,Operational
CRN06322,DR05804,PR00003,SR09736,QC-03,Quay Crane,6.08,1.31,104,Inspection
CRN06323,DR00287,PR00004,SR02857,QC-02,RTG Crane,8.45,0.88,178,Operational
CRN06324,DR08151,PR00001,SR06944,QC-06,Quay Crane,8.84,0.92,254,Operational
CRN06325,DR00615,PR00003,SR05796,QC-07,RTG Crane,4.65,0.86,48,Operational
CRN06326,DR00493,PR00006,SR08956,QC-05,Quay Crane,6.44,2.16,154,Maintenance
CRN06327,DR07784,PR00004,SR09410,QC-08,Quay Crane,8.05,0.09,230,Operational
CRN06328,DR01525,PR00006,SR05221,QC-05,RTG Crane,7.58,1.64,184,Maintenance
CRN06329,DR04513,PR00003,SR09231,QC-03,Quay Crane,6.75,1.67,208,Maintenance
CRN06330,DR01098,PR00003,SR05714,QC-03,Quay Crane,8.46,1.15,231,Inspection
CRN06331,DR08370,PR00005,SR01294,QC-04,Quay Crane,9.3,0.95,324,Operational
CRN06332,DR09890,PR00001,SR07067,QC-07,Quay Crane,6.13,1.26,125,Inspection
CRN06333,DR06699,PR00007,SR08700,QC-08,Quay Crane,4.82,0.76,150,Operational
CRN06334,DR04291,PR00007,SR09783,QC-01,RTG Crane,7.06,0.45,214,Operational
CRN06335,DR09051,PR00006,SR00569,QC-04,Quay Crane,5.57,0.64,144,Operational
CRN06336,DR04194,PR00006,SR05110,QC-01,Quay Crane,8.27,0.72,239,Operational
CRN06337,DR03950,PR00003,SR07428,QC-02,Quay Crane,5.65,0.84,149,Operational
CRN06338,DR03915,PR00003,SR05645,QC-05,Quay Crane,10.0,1.74,220,Maintenance
CRN06339,DR02415,PR00006,SR01229,QC-01,Quay Crane,5.47,0.54,154,Operational
CRN06340,DR03886,PR00002,SR03584,QC-05,Quay Crane,7.02,1.78,230,Maintenance
CRN06341,DR07240,PR00006,SR06161,QC-07,Quay Crane,7.5,0.88,251,Operational
CRN06342,DR08997,PR00002,SR02470,QC-01,Quay Crane,6.23,0.57,140,Operational
CRN06343,DR04219,PR00006,SR09238,QC-03,Quay Crane,6.93,1.53,182,Inspection
CRN06344,DR04520,PR00004,SR03769,QC-03,RTG Crane,7.5,1.35,240,Inspection
CRN06345,DR00342,PR00006,SR09120,QC-02,Quay Crane,10.0,0.79,235,Operational
CRN06346,DR00824,PR00003,SR03086,QC-06,Quay Crane,7.73,1.03,211,Inspection
CRN06347,DR01474,PR00004,SR06601,QC-05,Quay Crane,7.31,1.6,162,Maintenance
CRN06348,DR05078,PR00007,SR00466,QC-04,Quay Crane,9.08,0.21,282,Operational
CRN06349,DR03971,PR00003,SR01893,QC-02,RTG Crane,8.23,1.06,228,Inspection
CRN06350,DR08271,PR00002,SR01551,QC-03,Quay Crane,9.06,1.5,215,Inspection
CRN06351,DR00080,PR00001,SR02964,QC-06,Quay Crane,5.94,0.45,149,Operational
CRN06352,DR06057,PR00004,SR07497,QC-07,Quay Crane,5.05,1.16,162,Inspection
CRN06353,DR08448,PR00004,SR06642,QC-03,RTG Crane,9.79,1.35,255,Inspection
CRN06354,DR03634,PR00004,SR01346,QC-08,Quay Crane,7.96,0.51,191,Operational
CRN06355,DR09161,PR00001,SR08678,QC-02,RTG Crane,6.39,0.6,193,Operational
CRN06356,DR01296,PR00001,SR00903,QC-01,Quay Crane,5.57,0.54,159,Operational
CRN06357,DR02214,PR00006,SR00338,QC-06,RTG Crane,6.58,0.76,175,Operational
CRN06358,DR03028,PR00005,SR06281,QC-03,Quay Crane,10.0,1.34,255,Inspection
CRN06359,DR02421,PR00001,SR01313,QC-03,Quay Crane,5.36,1.01,149,Inspection
CRN06360,DR04838,PR00001,SR00262,QC-04,RTG Crane,9.98,0.83,295,Operational
CRN06361,DR02806,PR00001,SR00519,QC-07,Quay Crane,6.32,1.6,135,Maintenance
CRN06362,DR09565,PR00006,SR01784,QC-07,Quay Crane,7.19,1.21,168,Inspection
CRN06363,DR09334,PR00005,SR02080,QC-07,Quay Crane,7.23,1.38,198,Inspection
CRN06364,DR01417,PR00004,SR03779,QC-06,Quay Crane,7.42,0.89,197,Operational
CRN06365,DR04515,PR00004,SR01361,QC-04,RTG Crane,4.93,1.09,127,Inspection
CRN06366,DR08882,PR00006,SR01210,QC-03,Quay Crane,10.0,1.18,246,Inspection
CRN06367,DR01414,PR00002,SR02767,QC-05,Quay Crane,8.3,1.45,237,Inspection
CRN06368,DR05569,PR00002,SR04678,QC-07,RTG Crane,8.45,0.84,202,Operational
CRN06369,DR04205,PR00003,SR08609,QC-05,Quay Crane,7.36,1.63,223,Maintenance
CRN06370,DR04214,PR00007,SR08576,QC-01,Quay Crane,7.6,0.59,244,Operational
CRN06371,DR02658,PR00004,SR03721,QC-06,Quay Crane,7.91,0.87,255,Operational
CRN06372,DR06277,PR00004,SR00865,QC-04,RTG Crane,7.74,1.2,267,Inspection
CRN06373,DR03810,PR00006,SR09417,QC-06,Quay Crane,5.88,1.01,142,Inspection
CRN06374,DR00123,PR00001,SR02173,QC-08,Quay Crane,6.23,0.65,206,Operational
CRN06375,DR05890,PR00003,SR04032,QC-07,Quay Crane,8.68,1.23,212,Inspection
CRN06376,DR04002,PR00004,SR08119,QC-02,Quay Crane,9.33,1.15,207,Inspection
CRN06377,DR02674,PR00007,SR09137,QC-03,Quay Crane,6.02,0.93,124,Operational
CRN06378,DR07231,PR00001,SR02257,QC-08,Quay Crane,6.86,0.78,160,Operational
CRN06379,DR08571,PR00003,SR01550,QC-01,RTG Crane,6.81,0.32,139,Operational
CRN06380,DR03099,PR00007,SR06279,QC-01,Quay Crane,8.54,0.63,293,Operational
CRN06381,DR09659,PR00005,SR03497,QC-01,Quay Crane,7.01,0.47,185,Operational
CRN06382,DR03545,PR00004,SR06334,QC-07,Quay Crane,6.72,1.22,213,Inspection
CRN06383,DR08642,PR00002,SR00466,QC-05,Quay Crane,6.03,1.97,188,Maintenance
CRN06384,DR08517,PR00001,SR05110,QC-02,RTG Crane,8.63,1.04,209,Inspection
CRN06385,DR02327,PR00003,SR05523,QC-06,Quay Crane,7.11,1.07,192,Inspection
CRN06386,DR09774,PR00002,SR03793,QC-07,Quay Crane,6.73,1.24,134,Inspection
CRN06387,DR04483,PR00006,SR08280,QC-06,RTG Crane,7.09,1.07,200,Inspection
CRN06388,DR06140,PR00005,SR04333,QC-03,Quay Crane,9.62,1.34,273,Inspection
CRN06389,DR00183,PR00006,SR00281,QC-02,Quay Crane,7.64,0.96,255,Operational
CRN06390,DR08423,PR00001,SR04418,QC-02,RTG Crane,9.48,1.11,251,Inspection
CRN06391,DR03153,PR00002,SR07663,QC-03,Quay Crane,5.8,1.8,170,Maintenance
CRN06392,DR05645,PR00005,SR09701,QC-01,Quay Crane,7.44,0.84,181,Operational
CRN06393,DR06487,PR00001,SR06793,QC-05,Quay Crane,7.06,2.21,223,Maintenance
CRN06394,DR07234,PR00001,SR03618,QC-02,Quay Crane,10.0,0.61,294,Operational
CRN06395,DR03690,PR00003,SR00850,QC-05,Quay Crane,7.24,2.08,140,Maintenance
CRN06396,DR05442,PR00001,SR07638,QC-01,Quay Crane,5.93,0.61,127,Operational
CRN06397,DR08561,PR00001,SR05793,QC-02,Quay Crane,7.76,0.62,214,Operational
CRN06398,DR05875,PR00002,SR06916,QC-01,Quay Crane,8.05,0.39,228,Operational
CRN06399,DR03685,PR00006,SR08176,QC-03,Quay Crane,9.56,1.63,237,Maintenance
CRN06400,DR07081,PR00001,SR00524,QC-03,Quay Crane,6.65,1.59,176,Maintenance
CRN06401,DR02099,PR00004,SR06829,QC-04,Quay Crane,9.23,0.42,190,Operational
CRN06402,DR02287,PR00004,SR06313,QC-02,Quay Crane,7.49,0.79,174,Operational
CRN06403,DR02927,PR00003,SR04469,QC-07,Quay Crane,8.02,0.88,190,Operational
CRN06404,DR09463,PR00003,SR05760,QC-07,RTG Crane,8.27,1.11,254,Inspection
CRN06405,DR07445,PR00001,SR03801,QC-07,Quay Crane,7.15,1.03,165,Inspection
CRN06406,DR08932,PR00001,SR08574,QC-05,Quay Crane,5.1,1.84,66,Maintenance
CRN06407,DR08478,PR00003,SR05000,QC-06,Quay Crane,7.57,1.15,224,Inspection
CRN06408,DR08357,PR00007,SR06924,QC-03,Quay Crane,6.51,1.15,199,Inspection
CRN06409,DR09647,PR00003,SR01483,QC-03,RTG Crane,5.53,1.1,98,Inspection
CRN06410,DR03787,PR00003,SR00786,QC-07,RTG Crane,7.53,1.2,195,Inspection
CRN06411,DR02115,PR00007,SR01532,QC-05,Quay Crane,5.84,1.85,100,Maintenance
CRN06412,DR09922,PR00005,SR06268,QC-07,Quay Crane,7.51,0.89,193,Operational
CRN06413,DR00439,PR00005,SR04469,QC-04,Quay Crane,7.33,0.84,186,Operational
CRN06414,DR07093,PR00003,SR00383,QC-08,Quay Crane,6.99,0.39,234,Operational
CRN06415,DR07017,PR00006,SR07847,QC-04,Quay Crane,5.82,1.04,187,Inspection
CRN06416,DR00987,PR00004,SR05623,QC-07,Quay Crane,5.15,1.39,113,Inspection
CRN06417,DR04550,PR00004,SR04909,QC-02,Quay Crane,7.53,1.13,212,Inspection
CRN06418,DR03010,PR00006,SR06017,QC-01,Quay Crane,9.12,0.49,236,Operational
CRN06419,DR05241,PR00003,SR09953,QC-07,Quay Crane,8.42,1.58,236,Maintenance
CRN06420,DR03815,PR00007,SR00962,QC-04,Quay Crane,5.34,0.83,141,Operational
CRN06421,DR04709,PR00007,SR08206,QC-01,Quay Crane,6.65,0.79,165,Operational
CRN06422,DR07585,PR00004,SR06462,QC-01,RTG Crane,6.84,0.82,216,Operational
CRN06423,DR03915,PR00002,SR03377,QC-04,Quay Crane,5.36,0.9,137,Operational
CRN06424,DR07288,PR00005,SR01160,QC-07,Quay Crane,6.36,0.91,223,Operational
CRN06425,DR08258,PR00002,SR02074,QC-01,Quay Crane,5.79,0.47,141,Operational
CRN06426,DR09678,PR00004,SR00216,QC-03,Quay Crane,9.59,1.41,274,Inspection
CRN06427,DR07872,PR00001,SR02106,QC-02,Quay Crane,7.53,0.63,176,Operational
CRN06428,DR05081,PR00006,SR00951,QC-04,Quay Crane,9.44,0.82,275,Operational
CRN06429,DR02899,PR00007,SR09802,QC-08,Quay Crane,7.64,0.42,260,Operational
CRN06430,DR09581,PR00001,SR00832,QC-03,Quay Crane,9.38,1.51,270,Inspection
CRN06431,DR08913,PR00005,SR06531,QC-05,Quay Crane,5.14,2.14,174,Maintenance
CRN06432,DR01289,PR00006,SR06917,QC-08,Quay Crane,9.14,1.15,214,Inspection
CRN06433,DR04925,PR00001,SR09883,QC-06,RTG Crane,7.08,0.91,209,Operational
CRN06434,DR09273,PR00002,SR09832,QC-07,Quay Crane,7.05,1.27,180,Inspection
CRN06435,DR01238,PR00003,SR06089,QC-02,Quay Crane,8.75,0.76,204,Operational
CRN06436,DR00708,PR00006,SR07859,QC-05,Quay Crane,7.13,2.05,177,Maintenance
CRN06437,DR08700,PR00003,SR09348,QC-08,RTG Crane,7.97,0.62,255,Operational
CRN06438,DR02247,PR00001,SR05897,QC-03,Quay Crane,5.87,1.27,150,Inspection
CRN06439,DR09924,PR00002,SR03628,QC-03,Quay Crane,10.0,1.86,280,Maintenance
CRN06440,DR08236,PR00003,SR03104,QC-01,RTG Crane,6.02,0.77,135,Operational
CRN06441,DR01176,PR00001,SR00187,QC-05,Quay Crane,5.61,1.52,168,Inspection
CRN06442,DR00714,PR00004,SR01540,QC-04,Quay Crane,5.9,0.59,161,Operational
CRN06443,DR08343,PR00001,SR04711,QC-08,Quay Crane,5.36,0.69,141,Operational
CRN06444,DR03209,PR00006,SR06404,QC-04,Quay Crane,4.49,0.79,126,Operational
CRN06445,DR02330,PR00005,SR07222,QC-05,Quay Crane,7.34,1.43,258,Inspection
CRN06446,DR00738,PR00006,SR01990,QC-06,Quay Crane,5.39,0.9,185,Operational
CRN06447,DR03260,PR00001,SR09913,QC-06,Quay Crane,6.17,1.35,131,Inspection
CRN06448,DR09953,PR00004,SR09621,QC-08,Quay Crane,4.03,0.85,114,Operational
CRN06449,DR02180,PR00006,SR09801,QC-02,Quay Crane,9.57,1.02,247,Inspection
CRN06450,DR05728,PR00003,SR02156,QC-03,Quay Crane,7.97,0.83,216,Operational
CRN06451,DR02141,PR00001,SR07134,QC-06,Quay Crane,4.08,0.48,96,Operational
CRN06452,DR08195,PR00001,SR03339,QC-05,Quay Crane,6.94,1.82,184,Maintenance
CRN06453,DR08569,PR00004,SR01780,QC-03,Quay Crane,6.92,1.13,228,Inspection
CRN06454,DR08934,PR00003,SR03254,QC-02,Quay Crane,6.97,0.7,149,Operational
CRN06455,DR07149,PR00007,SR07573,QC-03,Quay Crane,7.74,1.21,195,Inspection
CRN06456,DR08094,PR00006,SR06346,QC-08,Quay Crane,4.93,0.65,125,Operational
CRN06457,DR06907,PR00005,SR02327,QC-05,Quay Crane,5.73,1.73,120,Maintenance
CRN06458,DR06709,PR00007,SR01906,QC-07,RTG Crane,6.43,1.58,150,Maintenance
CRN06459,DR09366,PR00005,SR07420,QC-03,Quay Crane,7.98,0.74,181,Operational
CRN06460,DR05379,PR00001,SR04615,QC-05,Quay Crane,6.66,1.97,194,Maintenance
CRN06461,DR07210,PR00001,SR00371,QC-02,Quay Crane,7.51,0.76,159,Operational
CRN06462,DR04259,PR00006,SR05493,QC-05,Quay Crane,5.32,1.94,196,Maintenance
CRN06463,DR03742,PR00003,SR06796,QC-02,Quay Crane,6.1,0.91,155,Operational
CRN06464,DR09470,PR00007,SR01369,QC-07,Quay Crane,8.26,1.0,194,Operational
CRN06465,DR06758,PR00001,SR03453,QC-01,Quay Crane,8.01,0.52,187,Operational
CRN06466,DR09051,PR00001,SR00980,QC-07,Quay Crane,7.65,1.34,219,Inspection
CRN06467,DR00647,PR00005,SR03271,QC-01,Quay Crane,8.37,0.39,221,Operational
CRN06468,DR03083,PR00006,SR00026,QC-08,Quay Crane,8.07,0.77,280,Operational
CRN06469,DR09929,PR00006,SR08090,QC-07,Quay Crane,6.42,1.43,154,Inspection
CRN06470,DR04815,PR00001,SR08326,QC-06,RTG Crane,8.04,0.59,250,Operational
CRN06471,DR01992,PR00003,SR05354,QC-06,RTG Crane,7.39,0.71,192,Operational
CRN06472,DR04065,PR00004,SR08570,QC-04,Quay Crane,6.81,0.1,165,Operational
CRN06473,DR06042,PR00007,SR09286,QC-08,Quay Crane,6.62,0.95,199,Operational
CRN06474,DR04393,PR00002,SR07760,QC-01,Quay Crane,8.79,0.36,286,Operational
CRN06475,DR07023,PR00004,SR06673,QC-01,Quay Crane,8.32,1.02,189,Inspection
CRN06476,DR09599,PR00001,SR05446,QC-06,Quay Crane,6.5,0.87,129,Operational
CRN06477,DR08090,PR00005,SR00439,QC-05,Quay Crane,6.19,2.36,141,Maintenance
CRN06478,DR09038,PR00001,SR01762,QC-02,RTG Crane,6.41,0.78,80,Operational
CRN06479,DR08478,PR00007,SR05004,QC-03,Quay Crane,8.32,1.05,226,Inspection
CRN06480,DR05624,PR00001,SR05687,QC-05,Quay Crane,5.72,1.86,108,Maintenance
CRN06481,DR09117,PR00005,SR04946,QC-04,Quay Crane,7.04,0.58,176,Operational
CRN06482,DR04496,PR00005,SR00629,QC-01,Quay Crane,8.17,0.48,223,Operational
CRN06483,DR01088,PR00002,SR08802,QC-01,Quay Crane,7.84,0.81,261,Operational
CRN06484,DR00919,PR00002,SR05295,QC-04,RTG Crane,7.9,0.89,220,Operational
CRN06485,DR06805,PR00004,SR02105,QC-04,Quay Crane,4.95,0.76,193,Operational
CRN06486,DR03316,PR00004,SR03876,QC-06,Quay Crane,7.79,0.87,240,Operational
CRN06487,DR08627,PR00005,SR00491,QC-08,RTG Crane,6.08,0.54,177,Operational
CRN06488,DR09654,PR00004,SR01758,QC-01,Quay Crane,6.53,0.7,240,Operational
CRN06489,DR03881,PR00001,SR06563,QC-03,Quay Crane,4.85,1.78,132,Maintenance
CRN06490,DR03742,PR00007,SR05016,QC-05,Quay Crane,8.68,2.12,231,Maintenance
CRN06491,DR06709,PR00001,SR06706,QC-03,Quay Crane,8.04,1.0,236,Operational
CRN06492,DR02544,PR00004,SR05749,QC-03,Quay Crane,6.2,1.59,232,Maintenance
CRN06493,DR03839,PR00007,SR06715,QC-03,Quay Crane,7.8,1.22,217,Inspection
CRN06494,DR09330,PR00007,SR00074,QC-02,Quay Crane,8.39,0.79,226,Operational
CRN06495,DR05392,PR00001,SR01823,QC-05,Quay Crane,9.09,2.09,180,Maintenance
CRN06496,DR03348,PR00002,SR00706,QC-06,Quay Crane,8.03,0.97,227,Operational
CRN06497,DR09604,PR00004,SR08228,QC-06,Quay Crane,6.5,1.18,140,Inspection
CRN06498,DR08562,PR00002,SR07606,QC-01,Quay Crane,5.6,0.49,100,Operational
CRN06499,DR03904,PR00005,SR00066,QC-02,Quay Crane,10.0,0.41,269,Operational
CRN06500,DR04052,PR00003,SR09198,QC-08,RTG Crane,6.69,0.47,228,Operational
CRN06501,DR03304,PR00002,SR01440,QC-02,Quay Crane,7.18,0.37,227,Operational
CRN06502,DR04877,PR00003,SR02982,QC-05,Quay Crane,7.84,1.95,223,Maintenance
CRN06503,DR02313,PR00005,SR08816,QC-01,Quay Crane,8.54,0.44,269,Operational
CRN06504,DR06629,PR00006,SR06675,QC-06,Quay Crane,6.96,0.87,133,Operational
CRN06505,DR04207,PR00003,SR03236,QC-01,Quay Crane,8.68,0.48,217,Operational
CRN06506,DR04698,PR00001,SR05912,QC-04,Quay Crane,10.0,0.92,279,Operational
CRN06507,DR05044,PR00002,SR08067,QC-02,Quay Crane,6.84,0.94,148,Operational
CRN06508,DR03746,PR00004,SR03730,QC-04,Quay Crane,8.11,0.05,238,Operational
CRN06509,DR06013,PR00005,SR01327,QC-08,Quay Crane,5.89,0.05,151,Operational
CRN06510,DR05973,PR00006,SR02039,QC-02,Quay Crane,6.7,1.08,224,Inspection
CRN06511,DR06708,PR00007,SR00313,QC-02,Quay Crane,6.1,0.89,113,Operational
CRN06512,DR04537,PR00003,SR00283,QC-01,Quay Crane,5.71,0.5,98,Operational
CRN06513,DR06790,PR00006,SR02133,QC-02,Quay Crane,5.73,0.83,183,Operational
CRN06514,DR01686,PR00002,SR06674,QC-07,Quay Crane,9.32,1.23,254,Inspection
CRN06515,DR04140,PR00004,SR05983,QC-02,Quay Crane,9.84,0.83,303,Operational
CRN06516,DR09385,PR00003,SR00569,QC-08,Quay Crane,9.2,0.8,221,Operational
CRN06517,DR09437,PR00005,SR08347,QC-03,Quay Crane,7.1,1.08,249,Inspection
CRN06518,DR01679,PR00005,SR04710,QC-02,Quay Crane,8.53,0.74,256,Operational
CRN06519,DR01771,PR00002,SR01280,QC-07,Quay Crane,5.21,1.18,128,Inspection
CRN06520,DR03827,PR00006,SR03892,QC-05,Quay Crane,3.19,1.89,70,Maintenance
CRN06521,DR04201,PR00006,SR08686,QC-04,Quay Crane,6.77,0.65,174,Operational
CRN06522,DR02339,PR00007,SR08180,QC-02,Quay Crane,7.56,0.78,179,Operational
CRN06523,DR08537,PR00003,SR05070,QC-06,Quay Crane,6.85,1.08,172,Inspection
CRN06524,DR06176,PR00007,SR09927,QC-06,Quay Crane,7.58,1.21,207,Inspection
CRN06525,DR00169,PR00006,SR00719,QC-08,Quay Crane,7.36,0.68,194,Operational
CRN06526,DR09063,PR00004,SR04000,QC-08,Quay Crane,6.56,0.3,131,Operational
CRN06527,DR00211,PR00003,SR05086,QC-05,Quay Crane,6.6,1.74,195,Maintenance
CRN06528,DR01727,PR00006,SR07728,QC-03,Quay Crane,7.82,0.94,133,Operational
CRN06529,DR07789,PR00005,SR09022,QC-08,Quay Crane,9.94,0.77,215,Operational
CRN06530,DR00362,PR00004,SR01076,QC-02,Quay Crane,6.67,0.76,194,Operational
CRN06531,DR06930,PR00007,SR06014,QC-05,Quay Crane,9.21,2.1,228,Maintenance
CRN06532,DR00732,PR00002,SR08941,QC-02,Quay Crane,6.26,0.9,189,Operational
CRN06533,DR02727,PR00004,SR01653,QC-04,RTG Crane,6.18,0.81,158,Operational
CRN06534,DR05092,PR00002,SR01816,QC-02,Quay Crane,8.57,0.5,279,Operational
CRN06535,DR02240,PR00003,SR08175,QC-08,Quay Crane,9.65,0.38,238,Operational
CRN06536,DR03312,PR00002,SR04583,QC-02,Quay Crane,5.77,0.75,168,Operational
CRN06537,DR07523,PR00002,SR00676,QC-05,Quay Crane,4.38,1.73,148,Maintenance
CRN06538,DR08953,PR00003,SR06787,QC-03,Quay Crane,6.68,1.27,187,Inspection
CRN06539,DR01161,PR00001,SR02945,QC-08,Quay Crane,9.17,0.37,280,Operational
CRN06540,DR07254,PR00001,SR07365,QC-08,Quay Crane,7.81,0.76,222,Operational
CRN06541,DR08565,PR00005,SR00027,QC-07,Quay Crane,4.72,1.15,145,Inspection
CRN06542,DR06198,PR00002,SR09719,QC-05,Quay Crane,6.33,2.1,122,Maintenance
CRN06543,DR05379,PR00001,SR08181,QC-03,RTG Crane,7.63,0.99,212,Operational
CRN06544,DR08346,PR00001,SR05080,QC-06,Quay Crane,8.93,1.31,230,Inspection
CRN06545,DR08080,PR00001,SR06182,QC-01,RTG Crane,6.81,0.52,176,Operational
CRN06546,DR05024,PR00001,SR02544,QC-01,RTG Crane,8.22,0.34,168,Operational
CRN06547,DR07298,PR00007,SR02697,QC-04,Quay Crane,8.35,0.63,251,Operational
CRN06548,DR01479,PR00004,SR04153,QC-03,RTG Crane,7.42,1.14,220,Inspection
CRN06549,DR09420,PR00003,SR02825,QC-07,Quay Crane,6.9,1.13,215,Inspection
CRN06550,DR03183,PR00003,SR07170,QC-06,RTG Crane,8.28,1.21,206,Inspection
CRN06551,DR01832,PR00001,SR06892,QC-08,Quay Crane,6.61,0.54,150,Operational
CRN06552,DR02306,PR00005,SR06016,QC-01,Quay Crane,6.35,0.58,200,Operational
CRN06553,DR03298,PR00007,SR01477,QC-06,Quay Crane,5.03,0.85,114,Operational
CRN06554,DR04088,PR00001,SR05633,QC-05,Quay Crane,3.57,1.79,67,Maintenance
CRN06555,DR05969,PR00001,SR03481,QC-01,Quay Crane,5.18,0.45,149,Operational
CRN06556,DR07068,PR00004,SR08208,QC-01,Quay Crane,7.15,0.24,168,Operational
CRN06557,DR02800,PR00001,SR00143,QC-08,Quay Crane,9.14,1.07,225,Inspection
CRN06558,DR04845,PR00001,SR09511,QC-02,Quay Crane,7.83,0.9,207,Operational
CRN06559,DR07799,PR00005,SR05632,QC-01,Quay Crane,9.13,1.0,283,Operational
CRN06560,DR08945,PR00004,SR03191,QC-05,Quay Crane,6.91,2.01,152,Maintenance
CRN06561,DR01961,PR00002,SR02522,QC-01,Quay Crane,7.69,0.1,205,Operational
CRN06562,DR04594,PR00006,SR08491,QC-06,Quay Crane,6.46,1.04,216,Inspection
CRN06563,DR07970,PR00001,SR08986,QC-03,Quay Crane,4.0,1.34,101,Inspection
CRN06564,DR05331,PR00002,SR04410,QC-07,Quay Crane,5.35,1.14,148,Inspection
CRN06565,DR00479,PR00005,SR04828,QC-04,Quay Crane,6.3,0.62,189,Operational
CRN06566,DR08207,PR00004,SR04211,QC-07,Quay Crane,7.61,1.53,180,Inspection
CRN06567,DR05348,PR00004,SR01172,QC-05,Quay Crane,5.01,1.57,166,Maintenance
CRN06568,DR05112,PR00005,SR04857,QC-06,RTG Crane,7.74,0.88,224,Operational
CRN06569,DR03959,PR00004,SR04556,QC-08,Quay Crane,7.8,0.74,211,Operational
CRN06570,DR06922,PR00006,SR01388,QC-05,Quay Crane,4.97,1.69,113,Maintenance
CRN06571,DR00011,PR00004,SR09563,QC-03,Quay Crane,8.22,1.4,188,Inspection
CRN06572,DR00149,PR00003,SR01818,QC-06,Quay Crane,6.91,1.22,182,Inspection
CRN06573,DR08105,PR00005,SR02746,QC-03,RTG Crane,5.05,1.5,129,Inspection
CRN06574,DR06544,PR00002,SR03455,QC-04,Quay Crane,7.16,0.22,187,Operational
CRN06575,DR03380,PR00005,SR07940,QC-02,Quay Crane,5.42,0.63,176,Operational
CRN06576,DR05732,PR00002,SR03909,QC-05,Quay Crane,8.91,1.63,235,Maintenance
CRN06577,DR07006,PR00003,SR01608,QC-03,Quay Crane,4.45,1.51,128,Inspection
CRN06578,DR01827,PR00005,SR09611,QC-01,Quay Crane,8.62,0.42,234,Operational
CRN06579,DR02326,PR00004,SR00049,QC-06,Quay Crane,9.63,0.96,284,Operational
CRN06580,DR08891,PR00001,SR06278,QC-08,Quay Crane,9.31,0.48,254,Operational
CRN06581,DR01083,PR00003,SR01729,QC-01,Quay Crane,9.01,0.51,263,Operational
CRN06582,DR00590,PR00006,SR07411,QC-08,Quay Crane,6.52,1.07,122,Inspection
CRN06583,DR04751,PR00007,SR07102,QC-07,Quay Crane,7.13,1.78,170,Maintenance
CRN06584,DR08651,PR00003,SR06346,QC-04,Quay Crane,7.43,0.77,197,Operational
CRN06585,DR02466,PR00001,SR01615,QC-06,Quay Crane,5.3,0.7,163,Operational
CRN06586,DR06847,PR00003,SR07310,QC-08,Quay Crane,8.35,0.68,222,Operational
CRN06587,DR03995,PR00003,SR05350,QC-04,Quay Crane,8.16,1.08,204,Inspection
CRN06588,DR03304,PR00001,SR03205,QC-02,Quay Crane,7.71,0.88,220,Operational
CRN06589,DR02992,PR00006,SR08421,QC-01,Quay Crane,4.8,0.13,124,Operational
CRN06590,DR00519,PR00003,SR04935,QC-08,Quay Crane,8.34,0.58,266,Operational
CRN06591,DR09716,PR00003,SR01678,QC-08,Quay Crane,7.81,0.29,229,Operational
CRN06592,DR08754,PR00003,SR00543,QC-06,Quay Crane,5.95,0.71,161,Operational
CRN06593,DR02378,PR00001,SR02386,QC-08,Quay Crane,7.25,0.59,174,Operational
CRN06594,DR03832,PR00003,SR09383,QC-08,Quay Crane,9.54,0.41,226,Operational
CRN06595,DR01166,PR00003,SR02486,QC-06,Quay Crane,8.15,1.07,205,Inspection
CRN06596,DR00850,PR00002,SR08957,QC-01,Quay Crane,9.15,0.79,265,Operational
CRN06597,DR07559,PR00004,SR09446,QC-03,Quay Crane,9.76,1.03,279,Inspection
CRN06598,DR03785,PR00003,SR03167,QC-02,Quay Crane,6.74,1.06,192,Inspection
CRN06599,DR07274,PR00004,SR04644,QC-05,Quay Crane,6.71,2.06,161,Maintenance
CRN06600,DR05987,PR00006,SR01882,QC-05,Quay Crane,7.24,1.87,212,Maintenance
CRN06601,DR02962,PR00003,SR06430,QC-08,Quay Crane,3.99,0.7,92,Operational
CRN06602,DR04252,PR00003,SR05928,QC-08,Quay Crane,8.63,0.77,202,Operational
CRN06603,DR06154,PR00006,SR07641,QC-01,Quay Crane,7.79,0.81,188,Operational
CRN06604,DR02197,PR00002,SR06836,QC-07,RTG Crane,6.04,0.78,167,Operational
CRN06605,DR04269,PR00003,SR03201,QC-04,Quay Crane,6.83,0.93,183,Operational
CRN06606,DR02912,PR00006,SR00537,QC-07,Quay Crane,5.14,1.48,171,Inspection
CRN06607,DR08463,PR00004,SR06299,QC-01,Quay Crane,8.82,0.61,272,Operational
CRN06608,DR08711,PR00007,SR04936,QC-04,Quay Crane,7.21,0.91,160,Operational
CRN06609,DR05491,PR00003,SR07954,QC-03,Quay Crane,8.04,0.86,199,Operational
CRN06610,DR02246,PR00003,SR08215,QC-04,Quay Crane,7.27,0.91,194,Operational
CRN06611,DR00336,PR00001,SR01617,QC-06,RTG Crane,9.73,0.65,228,Operational
CRN06612,DR01309,PR00001,SR01435,QC-06,RTG Crane,5.63,1.2,131,Inspection
CRN06613,DR01344,PR00003,SR05664,QC-02,Quay Crane,5.75,1.31,162,Inspection
CRN06614,DR07801,PR00001,SR07122,QC-02,RTG Crane,5.26,1.24,148,Inspection
CRN06615,DR01400,PR00003,SR09682,QC-05,Quay Crane,8.46,2.24,227,Maintenance
CRN06616,DR01584,PR00002,SR01513,QC-07,Quay Crane,4.21,1.14,107,Inspection
CRN06617,DR07647,PR00001,SR05950,QC-08,RTG Crane,4.48,0.9,158,Operational
CRN06618,DR09690,PR00003,SR01429,QC-01,Quay Crane,6.22,0.5,129,Operational
CRN06619,DR04235,PR00004,SR00645,QC-03,Quay Crane,8.62,1.71,253,Maintenance
CRN06620,DR08498,PR00002,SR00490,QC-07,Quay Crane,8.39,1.32,235,Inspection
CRN06621,DR00802,PR00005,SR00365,QC-05,Quay Crane,5.52,1.25,148,Inspection
CRN06622,DR00409,PR00001,SR09266,QC-01,Quay Crane,4.32,0.76,114,Operational
CRN06623,DR01516,PR00001,SR05440,QC-02,Quay Crane,9.77,0.44,272,Operational
CRN06624,DR08351,PR00007,SR05764,QC-03,Quay Crane,6.4,1.82,102,Maintenance
CRN06625,DR09791,PR00007,SR02157,QC-08,Quay Crane,8.48,0.83,220,Operational
CRN06626,DR03602,PR00003,SR00866,QC-05,RTG Crane,8.49,1.82,241,Maintenance
CRN06627,DR04195,PR00003,SR09177,QC-04,Quay Crane,5.6,1.14,102,Inspection
CRN06628,DR08790,PR00006,SR00873,QC-06,RTG Crane,6.54,1.01,206,Inspection
CRN06629,DR00679,PR00003,SR03549,QC-03,Quay Crane,8.44,1.13,239,Inspection
CRN06630,DR06866,PR00001,SR02866,QC-03,RTG Crane,6.9,1.42,230,Inspection
CRN06631,DR02756,PR00001,SR07038,QC-01,Quay Crane,5.02,0.99,123,Operational
CRN06632,DR07834,PR00001,SR03893,QC-05,RTG Crane,7.05,1.97,178,Maintenance
CRN06633,DR06902,PR00006,SR05127,QC-07,Quay Crane,6.49,0.72,166,Operational
CRN06634,DR05170,PR00004,SR06514,QC-05,Quay Crane,8.65,1.93,184,Maintenance
CRN06635,DR00775,PR00002,SR04820,QC-08,Quay Crane,8.31,0.74,231,Operational
CRN06636,DR08515,PR00001,SR05914,QC-06,Quay Crane,5.66,0.99,167,Operational
CRN06637,DR01497,PR00001,SR00190,QC-05,Quay Crane,7.41,1.2,257,Inspection
CRN06638,DR02231,PR00005,SR00818,QC-04,Quay Crane,4.51,0.51,118,Operational
CRN06639,DR05205,PR00006,SR03152,QC-01,Quay Crane,5.77,0.68,127,Operational
CRN06640,DR08370,PR00003,SR08351,QC-08,Quay Crane,9.62,1.01,252,Inspection
CRN06641,DR01447,PR00005,SR08362,QC-07,Quay Crane,7.33,0.97,184,Operational
CRN06642,DR00058,PR00002,SR05788,QC-02,Quay Crane,9.29,0.62,306,Operational
CRN06643,DR06991,PR00004,SR06000,QC-08,Quay Crane,7.68,0.4,191,Operational
CRN06644,DR03769,PR00003,SR08816,QC-02,RTG Crane,8.15,0.97,247,Operational
CRN06645,DR05425,PR00001,SR02810,QC-01,Quay Crane,7.33,0.7,208,Operational
CRN06646,DR07806,PR00003,SR09735,QC-04,RTG Crane,4.18,0.85,144,Operational
CRN06647,DR03436,PR00006,SR03604,QC-02,Quay Crane,7.84,0.71,202,Operational
CRN06648,DR09267,PR00001,SR08035,QC-01,RTG Crane,9.1,0.39,216,Operational
CRN06649,DR00605,PR00003,SR00810,QC-02,Quay Crane,8.42,0.97,285,Operational
CRN06650,DR00707,PR00006,SR08643,QC-03,Quay Crane,4.2,1.7,115,Maintenance
CRN06651,DR01297,PR00006,SR08600,QC-05,RTG Crane,8.48,1.91,268,Maintenance
CRN06652,DR03648,PR00003,SR09019,QC-08,Quay Crane,7.0,0.73,240,Operational
CRN06653,DR05530,PR00001,SR01519,QC-04,Quay Crane,6.55,0.49,162,Operational
CRN06654,DR03211,PR00006,SR07445,QC-08,RTG Crane,6.69,0.34,202,Operational
CRN06655,DR01533,PR00001,SR06391,QC-05,Quay Crane,7.26,2.0,206,Maintenance
CRN06656,DR04078,PR00002,SR03170,QC-07,Quay Crane,5.99,1.1,158,Inspection
CRN06657,DR07338,PR00001,SR05251,QC-05,Quay Crane,7.2,1.85,209,Maintenance
CRN06658,DR03474,PR00003,SR07551,QC-03,Quay Crane,8.17,1.56,250,Maintenance
CRN06659,DR05113,PR00004,SR05221,QC-08,Quay Crane,7.76,0.75,189,Operational
CRN06660,DR07968,PR00006,SR07863,QC-06,Quay Crane,8.04,0.81,270,Operational
CRN06661,DR04895,PR00003,SR04994,QC-08,Quay Crane,9.42,0.81,262,Operational
CRN06662,DR06587,PR00007,SR01679,QC-06,Quay Crane,7.23,1.2,188,Inspection
CRN06663,DR07445,PR00004,SR08821,QC-01,Quay Crane,8.09,0.91,209,Operational
CRN06664,DR03571,PR00004,SR07118,QC-06,Quay Crane,6.48,0.89,136,Operational
CRN06665,DR01917,PR00001,SR04139,QC-08,Quay Crane,7.76,0.58,258,Operational
CRN06666,DR01200,PR00001,SR07233,QC-05,Quay Crane,7.75,1.62,198,Maintenance
CRN06667,DR07817,PR00004,SR02781,QC-06,Quay Crane,5.81,1.15,118,Inspection
CRN06668,DR03687,PR00005,SR00769,QC-02,Quay Crane,6.47,1.05,198,Inspection
CRN06669,DR07756,PR00002,SR04314,QC-07,Quay Crane,5.67,1.23,114,Inspection
CRN06670,DR03296,PR00003,SR03079,QC-01,Quay Crane,7.43,0.95,186,Operational
CRN06671,DR01635,PR00002,SR06117,QC-07,Quay Crane,7.11,1.3,189,Inspection
CRN06672,DR04538,PR00003,SR06396,QC-03,Quay Crane,8.81,1.16,171,Inspection
CRN06673,DR01958,PR00002,SR06440,QC-02,Quay Crane,8.3,0.86,245,Operational
CRN06674,DR01972,PR00001,SR06957,QC-07,RTG Crane,7.59,1.16,210,Inspection
CRN06675,DR02713,PR00002,SR00918,QC-03,Quay Crane,8.33,1.49,185,Inspection
CRN06676,DR08814,PR00006,SR06928,QC-04,RTG Crane,8.03,1.35,280,Inspection
CRN06677,DR02391,PR00006,SR00068,QC-03,Quay Crane,8.66,1.73,205,Maintenance
CRN06678,DR00790,PR00001,SR02188,QC-06,Quay Crane,8.76,1.24,170,Inspection
CRN06679,DR00899,PR00001,SR00767,QC-08,Quay Crane,10.0,0.29,268,Operational
CRN06680,DR06798,PR00003,SR09641,QC-07,Quay Crane,8.55,1.55,205,Inspection
CRN06681,DR03299,PR00002,SR09743,QC-06,Quay Crane,5.62,1.14,155,Inspection
CRN06682,DR02753,PR00006,SR04788,QC-07,Quay Crane,9.28,1.56,224,Maintenance
CRN06683,DR04992,PR00003,SR03797,QC-01,Quay Crane,6.37,0.13,175,Operational
CRN06684,DR00296,PR00006,SR04719,QC-08,Quay Crane,10.0,0.45,298,Operational
CRN06685,DR08760,PR00001,SR00563,QC-03,Quay Crane,6.81,1.53,171,Inspection
CRN06686,DR09910,PR00007,SR00494,QC-01,Quay Crane,9.73,0.16,246,Operational
CRN06687,DR09806,PR00005,SR09698,QC-08,RTG Crane,5.73,1.01,155,Inspection
CRN06688,DR07672,PR00005,SR05998,QC-02,Quay Crane,9.61,0.98,246,Operational
CRN06689,DR03170,PR00007,SR09156,QC-02,Quay Crane,9.97,0.87,288,Operational
CRN06690,DR03049,PR00003,SR07528,QC-08,RTG Crane,10.0,0.41,246,Operational
CRN06691,DR01919,PR00001,SR09563,QC-01,Quay Crane,9.54,0.39,252,Operational
CRN06692,DR05391,PR00003,SR00686,QC-06,Quay Crane,7.84,0.68,224,Operational
CRN06693,DR06741,PR00006,SR08109,QC-03,Quay Crane,7.5,1.3,209,Inspection
CRN06694,DR04901,PR00006,SR09793,QC-07,Quay Crane,7.79,1.43,232,Inspection
CRN06695,DR04401,PR00003,SR05058,QC-01,Quay Crane,5.83,0.47,139,Operational
CRN06696,DR01870,PR00005,SR04166,QC-03,Quay Crane,7.14,1.58,145,Maintenance
CRN06697,DR01957,PR00002,SR04309,QC-02,Quay Crane,8.9,0.48,296,Operational
CRN06698,DR01338,PR00002,SR00216,QC-01,Quay Crane,10.0,0.1,251,Operational
CRN06699,DR09800,PR00004,SR03870,QC-05,Quay Crane,6.93,2.15,156,Maintenance
CRN06700,DR05232,PR00003,SR04270,QC-03,Quay Crane,6.96,1.19,197,Inspection
CRN06701,DR02208,PR00001,SR03470,QC-04,Quay Crane,9.85,0.66,274,Operational
CRN06702,DR02537,PR00005,SR04382,QC-06,RTG Crane,7.17,0.74,200,Operational
CRN06703,DR09102,PR00003,SR03445,QC-01,Quay Crane,6.2,0.62,140,Operational
CRN06704,DR02225,PR00003,SR02548,QC-07,Quay Crane,9.19,1.63,221,Maintenance
CRN06705,DR00284,PR00001,SR07644,QC-04,Quay Crane,7.44,0.51,210,Operational
CRN06706,DR01196,PR00002,SR09803,QC-02,Quay Crane,7.99,0.43,242,Operational
CRN06707,DR03518,PR00005,SR00660,QC-07,Quay Crane,7.08,0.91,164,Operational
CRN06708,DR03433,PR00006,SR05268,QC-02,Quay Crane,8.16,0.83,213,Operational
CRN06709,DR01415,PR00001,SR03249,QC-06,RTG Crane,5.65,0.66,147,Operational
CRN06710,DR05353,PR00006,SR01657,QC-02,Quay Crane,6.93,0.6,177,Operational
CRN06711,DR05971,PR00006,SR08959,QC-05,Quay Crane,7.44,1.33,160,Inspection
CRN06712,DR00308,PR00006,SR07876,QC-04,Quay Crane,6.53,0.77,188,Operational
CRN06713,DR08246,PR00004,SR07815,QC-07,Quay Crane,8.43,1.39,193,Inspection
CRN06714,DR07685,PR00002,SR00788,QC-04,Quay Crane,9.95,0.48,300,Operational
CRN06715,DR09081,PR00005,SR00166,QC-06,Quay Crane,8.34,0.78,202,Operational
CRN06716,DR00222,PR00003,SR02030,QC-08,Quay Crane,7.14,0.67,248,Operational
CRN06717,DR07805,PR00002,SR01256,QC-01,Quay Crane,6.62,0.68,192,Operational
CRN06718,DR09752,PR00003,SR02669,QC-01,Quay Crane,4.46,0.57,77,Operational
CRN06719,DR09165,PR00003,SR00293,QC-05,Quay Crane,6.02,1.88,148,Maintenance
CRN06720,DR09943,PR00003,SR08482,QC-02,Quay Crane,6.72,0.73,177,Operational
CRN06721,DR08677,PR00006,SR00715,QC-01,Quay Crane,8.4,0.71,222,Operational
CRN06722,DR05843,PR00003,SR02532,QC-08,Quay Crane,6.18,0.74,214,Operational
CRN06723,DR03525,PR00002,SR04393,QC-03,Quay Crane,8.13,1.13,268,Inspection
CRN06724,DR03663,PR00007,SR05181,QC-08,RTG Crane,9.14,0.53,240,Operational
CRN06725,DR01914,PR00002,SR07569,QC-02,RTG Crane,6.37,0.96,214,Operational
CRN06726,DR03258,PR00001,SR09694,QC-08,Quay Crane,7.7,0.76,191,Operational
CRN06727,DR09964,PR00006,SR00406,QC-01,Quay Crane,9.13,0.3,219,Operational
CRN06728,DR00286,PR00007,SR07558,QC-05,Quay Crane,7.29,1.84,215,Maintenance
CRN06729,DR03197,PR00005,SR07213,QC-06,Quay Crane,7.23,0.85,179,Operational
CRN06730,DR08536,PR00003,SR06537,QC-06,Quay Crane,6.62,0.48,199,Operational
CRN06731,DR03981,PR00004,SR06935,QC-07,Quay Crane,6.33,1.59,173,Maintenance
CRN06732,DR03740,PR00006,SR07538,QC-07,Quay Crane,5.38,1.11,123,Inspection
CRN06733,DR04241,PR00006,SR07962,QC-03,Quay Crane,6.3,1.15,180,Inspection
CRN06734,DR02895,PR00001,SR01460,QC-05,Quay Crane,7.0,1.84,224,Maintenance
CRN06735,DR04051,PR00006,SR05003,QC-06,Quay Crane,7.76,0.84,203,Operational
CRN06736,DR09286,PR00004,SR07959,QC-07,RTG Crane,8.99,1.54,248,Inspection
CRN06737,DR01767,PR00001,SR09897,QC-01,Quay Crane,5.31,0.84,122,Operational
CRN06738,DR01422,PR00001,SR03803,QC-01,Quay Crane,5.48,0.54,170,Operational
CRN06739,DR00697,PR00001,SR06146,QC-08,Quay Crane,9.26,0.85,217,Operational
CRN06740,DR07039,PR00007,SR08036,QC-01,Quay Crane,6.67,0.55,191,Operational
CRN06741,DR07892,PR00003,SR07462,QC-02,Quay Crane,8.15,0.4,202,Operational
CRN06742,DR02841,PR00005,SR00637,QC-03,Quay Crane,8.73,1.35,220,Inspection
CRN06743,DR05831,PR00001,SR06795,QC-04,Quay Crane,7.99,0.56,163,Operational
CRN06744,DR00369,PR00006,SR00881,QC-06,Quay Crane,7.24,0.77,164,Operational
CRN06745,DR01996,PR00003,SR01825,QC-08,Quay Crane,8.37,0.76,182,Operational
CRN06746,DR06102,PR00007,SR05794,QC-05,Quay Crane,7.47,2.37,169,Maintenance
CRN06747,DR00587,PR00003,SR04848,QC-05,Quay Crane,6.58,1.66,177,Maintenance
CRN06748,DR09950,PR00006,SR09382,QC-04,Quay Crane,7.23,0.76,168,Operational
CRN06749,DR04482,PR00004,SR05463,QC-05,Quay Crane,6.85,1.87,138,Maintenance
CRN06750,DR09017,PR00003,SR02186,QC-01,Quay Crane,7.57,1.04,182,Inspection
CRN06751,DR01326,PR00007,SR08416,QC-05,Quay Crane,5.81,1.74,153,Maintenance
CRN06752,DR09826,PR00003,SR06292,QC-08,Quay Crane,8.86,1.05,197,Inspection
CRN06753,DR00137,PR00006,SR02928,QC-07,Quay Crane,7.14,0.74,181,Operational
CRN06754,DR02871,PR00001,SR05842,QC-03,Quay Crane,5.8,1.19,192,Inspection
CRN06755,DR02364,PR00004,SR05328,QC-07,Quay Crane,6.27,1.41,150,Inspection
CRN06756,DR09466,PR00007,SR08610,QC-02,Quay Crane,5.97,0.29,188,Operational
CRN06757,DR03428,PR00006,SR07416,QC-06,Quay Crane,5.7,0.88,117,Operational
CRN06758,DR00749,PR00003,SR00581,QC-02,Quay Crane,9.6,0.47,309,Operational
CRN06759,DR09615,PR00003,SR01631,QC-06,Quay Crane,9.08,0.61,181,Operational
CRN06760,DR04670,PR00006,SR03710,QC-02,Quay Crane,5.63,1.25,72,Inspection
CRN06761,DR05503,PR00002,SR08509,QC-03,RTG Crane,5.84,1.6,160,Maintenance
CRN06762,DR00672,PR00007,SR07265,QC-03,Quay Crane,5.82,1.39,141,Inspection
CRN06763,DR04014,PR00002,SR06213,QC-08,RTG Crane,7.94,0.94,214,Operational
CRN06764,DR08357,PR00001,SR09136,QC-07,Quay Crane,7.5,1.32,175,Inspection
CRN06765,DR00044,PR00005,SR02125,QC-06,RTG Crane,7.79,1.19,225,Inspection
CRN06766,DR00829,PR00003,SR05096,QC-02,Quay Crane,5.78,0.89,109,Operational
CRN06767,DR07779,PR00002,SR03486,QC-05,Quay Crane,5.47,1.75,167,Maintenance
CRN06768,DR01138,PR00002,SR05039,QC-07,Quay Crane,6.4,1.02,230,Inspection
CRN06769,DR04476,PR00007,SR09541,QC-05,RTG Crane,8.34,1.79,157,Maintenance
CRN06770,DR03608,PR00004,SR08122,QC-02,RTG Crane,10.0,0.41,295,Operational
CRN06771,DR09045,PR00007,SR06761,QC-02,Quay Crane,5.36,0.85,197,Operational
CRN06772,DR00932,PR00002,SR01941,QC-06,Quay Crane,9.07,1.33,251,Inspection
CRN06773,DR03786,PR00003,SR06347,QC-06,Quay Crane,8.17,0.74,207,Operational
CRN06774,DR01127,PR00002,SR07387,QC-01,RTG Crane,5.87,0.52,132,Operational
CRN06775,DR00838,PR00003,SR09337,QC-02,Quay Crane,7.92,0.28,229,Operational
CRN06776,DR07609,PR00001,SR04361,QC-03,Quay Crane,7.49,1.37,214,Inspection
CRN06777,DR05963,PR00001,SR00431,QC-04,Quay Crane,7.57,1.44,166,Inspection
CRN06778,DR00569,PR00003,SR05638,QC-01,Quay Crane,8.32,0.59,252,Operational
CRN06779,DR00727,PR00005,SR04104,QC-04,Quay Crane,9.92,0.95,274,Operational
CRN06780,DR09256,PR00003,SR00837,QC-07,Quay Crane,8.26,1.08,152,Inspection
CRN06781,DR03979,PR00003,SR06464,QC-08,RTG Crane,7.42,0.77,215,Operational
CRN06782,DR03484,PR00003,SR03608,QC-03,RTG Crane,6.37,1.19,107,Inspection
CRN06783,DR04759,PR00003,SR00484,QC-07,RTG Crane,7.09,1.25,171,Inspection
CRN06784,DR02962,PR00005,SR05871,QC-06,Quay Crane,7.64,0.53,245,Operational
CRN06785,DR01704,PR00006,SR02586,QC-06,Quay Crane,6.78,1.23,186,Inspection
CRN06786,DR05181,PR00006,SR03993,QC-07,Quay Crane,8.42,1.32,199,Inspection
CRN06787,DR05987,PR00002,SR03064,QC-07,Quay Crane,9.85,1.38,282,Inspection
CRN06788,DR05980,PR00003,SR03046,QC-05,Quay Crane,4.98,1.74,108,Maintenance
CRN06789,DR07610,PR00006,SR02872,QC-06,RTG Crane,6.36,1.07,198,Inspection
CRN06790,DR01692,PR00007,SR00914,QC-01,Quay Crane,9.8,0.92,244,Operational
CRN06791,DR01709,PR00004,SR06915,QC-02,Quay Crane,7.38,0.63,186,Operational
CRN06792,DR01407,PR00003,SR01630,QC-01,Quay Crane,8.99,0.74,254,Operational
CRN06793,DR08278,PR00005,SR09030,QC-03,Quay Crane,5.71,1.35,188,Inspection
CRN06794,DR02003,PR00007,SR00657,QC-02,Quay Crane,7.88,1.21,212,Inspection
CRN06795,DR02682,PR00003,SR08609,QC-08,Quay Crane,6.82,0.44,199,Operational
CRN06796,DR07437,PR00001,SR08389,QC-03,Quay Crane,7.16,1.22,188,Inspection
CRN06797,DR03265,PR00006,SR06864,QC-01,Quay Crane,6.73,0.8,221,Operational
CRN06798,DR09332,PR00005,SR02539,QC-03,Quay Crane,9.65,1.31,205,Inspection
CRN06799,DR06422,PR00001,SR09938,QC-04,Quay Crane,6.48,0.82,128,Operational
CRN06800,DR02090,PR00002,SR03178,QC-07,RTG Crane,8.91,1.39,207,Inspection
CRN06801,DR00314,PR00004,SR06508,QC-05,Quay Crane,7.3,1.9,213,Maintenance
CRN06802,DR01199,PR00005,SR06535,QC-01,Quay Crane,9.88,0.12,289,Operational
CRN06803,DR08209,PR00006,SR09457,QC-03,Quay Crane,8.16,1.52,246,Inspection
CRN06804,DR09491,PR00001,SR03662,QC-08,Quay Crane,5.24,0.46,153,Operational
CRN06805,DR02157,PR00002,SR05519,QC-08,RTG Crane,7.41,0.25,237,Operational
CRN06806,DR07944,PR00005,SR03862,QC-05,Quay Crane,6.96,2.28,186,Maintenance
CRN06807,DR00237,PR00001,SR04916,QC-05,RTG Crane,8.15,2.14,225,Maintenance
CRN06808,DR07870,PR00003,SR00794,QC-02,Quay Crane,7.48,0.52,153,Operational
CRN06809,DR07712,PR00004,SR02019,QC-03,RTG Crane,4.94,0.77,171,Operational
CRN06810,DR06186,PR00002,SR05920,QC-03,Quay Crane,6.71,1.29,179,Inspection
CRN06811,DR02729,PR00006,SR05792,QC-03,Quay Crane,6.53,1.77,204,Maintenance
CRN06812,DR06991,PR00001,SR05557,QC-04,Quay Crane,7.2,0.45,235,Operational
CRN06813,DR07870,PR00005,SR00267,QC-02,Quay Crane,7.69,0.71,214,Operational
CRN06814,DR03215,PR00004,SR03816,QC-07,Quay Crane,8.3,0.93,205,Operational
CRN06815,DR07840,PR00003,SR09981,QC-06,Quay Crane,8.06,1.03,248,Inspection
CRN06816,DR02662,PR00006,SR06159,QC-05,Quay Crane,3.59,1.82,55,Maintenance
CRN06817,DR04616,PR00002,SR05345,QC-02,RTG Crane,8.01,0.62,228,Operational
CRN06818,DR05312,PR00006,SR03816,QC-01,Quay Crane,9.26,0.18,196,Operational
CRN06819,DR03291,PR00001,SR00570,QC-04,Quay Crane,7.46,0.76,212,Operational
CRN06820,DR09124,PR00007,SR04740,QC-04,Quay Crane,6.3,0.91,193,Operational
CRN06821,DR09706,PR00001,SR06768,QC-05,RTG Crane,5.91,1.71,169,Maintenance
CRN06822,DR01255,PR00004,SR01995,QC-01,Quay Crane,8.55,0.71,221,Operational
CRN06823,DR07274,PR00001,SR00493,QC-01,RTG Crane,7.72,0.53,191,Operational
CRN06824,DR04692,PR00003,SR03359,QC-05,Quay Crane,6.36,2.35,176,Maintenance
CRN06825,DR05970,PR00001,SR06778,QC-08,Quay Crane,7.46,0.96,237,Operational
CRN06826,DR04923,PR00001,SR00372,QC-02,Quay Crane,6.61,0.93,118,Operational
CRN06827,DR01168,PR00001,SR00938,QC-05,RTG Crane,6.56,1.87,158,Maintenance
CRN06828,DR03538,PR00001,SR06129,QC-02,Quay Crane,7.26,0.85,196,Operational
CRN06829,DR04396,PR00005,SR06937,QC-03,Quay Crane,7.49,1.35,172,Inspection
CRN06830,DR06230,PR00003,SR07586,QC-01,Quay Crane,6.09,0.52,199,Operational
CRN06831,DR04130,PR00001,SR08521,QC-02,Quay Crane,6.68,0.38,191,Operational
CRN06832,DR06257,PR00007,SR05691,QC-06,Quay Crane,9.78,1.39,261,Inspection
CRN06833,DR04491,PR00004,SR08956,QC-02,Quay Crane,5.83,0.53,146,Operational
CRN06834,DR01819,PR00002,SR08308,QC-06,Quay Crane,7.53,1.28,208,Inspection
CRN06835,DR03304,PR00003,SR04964,QC-03,Quay Crane,8.09,1.07,205,Inspection
CRN06836,DR08684,PR00003,SR05790,QC-07,Quay Crane,6.32,1.09,140,Inspection
CRN06837,DR09851,PR00004,SR04159,QC-04,Quay Crane,6.41,0.72,156,Operational
CRN06838,DR00407,PR00006,SR01793,QC-06,Quay Crane,6.14,0.98,137,Operational
CRN06839,DR05168,PR00004,SR09816,QC-04,Quay Crane,5.71,0.32,154,Operational
CRN06840,DR00844,PR00007,SR05713,QC-04,Quay Crane,9.36,0.91,279,Operational
CRN06841,DR03776,PR00005,SR02124,QC-01,Quay Crane,6.54,0.41,134,Operational
CRN06842,DR02916,PR00007,SR02607,QC-02,Quay Crane,7.19,0.96,196,Operational
CRN06843,DR06718,PR00004,SR00784,QC-06,Quay Crane,5.85,1.43,217,Inspection
CRN06844,DR02008,PR00005,SR02958,QC-04,Quay Crane,7.77,0.69,225,Operational
CRN06845,DR06891,PR00005,SR01548,QC-08,Quay Crane,6.34,0.67,177,Operational
CRN06846,DR01462,PR00005,SR01667,QC-06,Quay Crane,8.31,0.67,274,Operational
CRN06847,DR07020,PR00001,SR07731,QC-01,Quay Crane,5.84,0.56,93,Operational
CRN06848,DR05484,PR00001,SR06102,QC-05,Quay Crane,9.62,1.55,303,Inspection
CRN06849,DR04624,PR00002,SR01782,QC-01,Quay Crane,6.32,0.5,147,Operational
CRN06850,DR05024,PR00002,SR01526,QC-08,Quay Crane,7.68,0.7,218,Operational
CRN06851,DR00165,PR00007,SR03671,QC-04,Quay Crane,7.72,0.39,172,Operational
CRN06852,DR08341,PR00005,SR07122,QC-05,Quay Crane,8.51,1.62,178,Maintenance
CRN06853,DR00395,PR00001,SR01134,QC-03,Quay Crane,5.03,1.51,117,Inspection
CRN06854,DR05578,PR00003,SR09484,QC-03,Quay Crane,5.81,1.29,153,Inspection
CRN06855,DR01703,PR00002,SR09337,QC-06,Quay Crane,6.64,0.89,184,Operational
CRN06856,DR08467,PR00006,SR06891,QC-04,Quay Crane,8.88,1.04,278,Inspection
CRN06857,DR00474,PR00007,SR04433,QC-01,Quay Crane,6.91,0.26,131,Operational
CRN06858,DR09645,PR00001,SR06516,QC-05,Quay Crane,9.73,1.51,249,Inspection
CRN06859,DR00667,PR00003,SR05287,QC-01,Quay Crane,10.0,0.62,224,Operational
CRN06860,DR01716,PR00007,SR01639,QC-06,Quay Crane,7.15,1.48,186,Inspection
CRN06861,DR04265,PR00004,SR02080,QC-03,RTG Crane,10.0,1.49,330,Inspection
CRN06862,DR03901,PR00006,SR05357,QC-01,Quay Crane,6.67,0.53,221,Operational
CRN06863,DR06934,PR00002,SR04665,QC-03,Quay Crane,7.56,1.42,165,Inspection
CRN06864,DR00143,PR00002,SR03435,QC-08,Quay Crane,7.74,0.51,216,Operational
CRN06865,DR09723,PR00005,SR05996,QC-05,Quay Crane,9.29,2.15,221,Maintenance
CRN06866,DR07690,PR00001,SR00148,QC-05,Quay Crane,8.83,1.64,280,Maintenance
CRN06867,DR04442,PR00006,SR00340,QC-07,Quay Crane,7.13,1.12,208,Inspection
CRN06868,DR09543,PR00005,SR02763,QC-05,RTG Crane,6.33,2.24,118,Maintenance
CRN06869,DR03426,PR00002,SR01553,QC-05,Quay Crane,7.79,1.88,209,Maintenance
CRN06870,DR02675,PR00003,SR08458,QC-08,Quay Crane,8.16,0.81,227,Operational
CRN06871,DR00119,PR00006,SR06807,QC-01,Quay Crane,9.08,0.31,260,Operational
CRN06872,DR08383,PR00007,SR08332,QC-07,Quay Crane,9.66,1.03,264,Inspection
CRN06873,DR03745,PR00002,SR04429,QC-08,Quay Crane,6.81,0.63,217,Operational
CRN06874,DR09626,PR00006,SR01938,QC-01,Quay Crane,6.4,0.59,195,Operational
CRN06875,DR06798,PR00001,SR06371,QC-08,Quay Crane,7.92,0.54,222,Operational
CRN06876,DR04600,PR00007,SR00809,QC-01,RTG Crane,5.27,0.19,134,Operational
CRN06877,DR07668,PR00005,SR03160,QC-02,Quay Crane,9.55,0.9,257,Operational
CRN06878,DR02297,PR00001,SR06644,QC-08,Quay Crane,5.98,0.65,148,Operational
CRN06879,DR04973,PR00005,SR07142,QC-01,Quay Crane,7.38,0.81,174,Operational
CRN06880,DR07004,PR00005,SR02754,QC-01,RTG Crane,5.19,0.13,109,Operational
CRN06881,DR08239,PR00005,SR05071,QC-07,RTG Crane,6.14,0.92,175,Operational
CRN06882,DR04382,PR00002,SR04156,QC-08,Quay Crane,8.16,0.44,264,Operational
CRN06883,DR00555,PR00005,SR08538,QC-08,RTG Crane,5.76,0.07,173,Operational
CRN06884,DR08903,PR00006,SR05767,QC-01,RTG Crane,6.62,0.67,148,Operational
CRN06885,DR02437,PR00002,SR08487,QC-06,Quay Crane,9.74,0.79,237,Operational
CRN06886,DR03565,PR00002,SR01842,QC-01,Quay Crane,7.92,0.41,240,Operational
CRN06887,DR04081,PR00006,SR06344,QC-06,Quay Crane,6.65,0.95,157,Operational
CRN06888,DR04748,PR00004,SR01572,QC-08,Quay Crane,5.14,0.32,138,Operational
CRN06889,DR08987,PR00003,SR03840,QC-02,Quay Crane,9.07,0.71,237,Operational
CRN06890,DR04112,PR00006,SR07611,QC-04,Quay Crane,9.75,0.91,222,Operational
CRN06891,DR04928,PR00001,SR04266,QC-02,Quay Crane,3.87,0.39,120,Operational
CRN06892,DR08073,PR00006,SR04689,QC-02,Quay Crane,5.11,0.6,121,Operational
CRN06893,DR06082,PR00003,SR07760,QC-08,Quay Crane,8.48,0.71,186,Operational
CRN06894,DR08283,PR00001,SR06784,QC-02,RTG Crane,6.19,1.26,164,Inspection
CRN06895,DR07358,PR00007,SR04151,QC-05,RTG Crane,8.64,2.06,222,Maintenance
CRN06896,DR05012,PR00005,SR05224,QC-01,Quay Crane,6.37,0.57,222,Operational
CRN06897,DR01976,PR00002,SR06536,QC-04,Quay Crane,9.23,1.11,245,Inspection
CRN06898,DR04740,PR00007,SR00319,QC-07,Quay Crane,5.15,0.98,71,Operational
CRN06899,DR08265,PR00007,SR06879,QC-01,Quay Crane,6.8,0.81,222,Operational
CRN06900,DR09349,PR00006,SR01936,QC-03,RTG Crane,6.79,1.48,193,Inspection
CRN06901,DR02437,PR00001,SR08349,QC-01,Quay Crane,8.24,0.78,201,Operational
CRN06902,DR00091,PR00001,SR09557,QC-05,Quay Crane,7.21,2.36,249,Maintenance
CRN06903,DR03260,PR00005,SR07063,QC-08,RTG Crane,6.8,0.45,173,Operational
CRN06904,DR03717,PR00007,SR01532,QC-02,Quay Crane,6.65,0.74,223,Operational
CRN06905,DR08440,PR00002,SR05950,QC-01,Quay Crane,4.3,0.52,121,Operational
CRN06906,DR06452,PR00003,SR01676,QC-02,RTG Crane,6.53,1.11,217,Inspection
CRN06907,DR08949,PR00001,SR08451,QC-01,RTG Crane,6.0,0.19,145,Operational
CRN06908,DR07043,PR00003,SR00432,QC-02,Quay Crane,7.93,1.1,205,Inspection
CRN06909,DR08418,PR00004,SR00737,QC-04,Quay Crane,6.23,0.14,162,Operational
CRN06910,DR06983,PR00001,SR02151,QC-02,Quay Crane,8.26,0.92,185,Operational
CRN06911,DR04575,PR00004,SR04868,QC-01,Quay Crane,6.47,0.29,147,Operational
CRN06912,DR09717,PR00004,SR05850,QC-05,Quay Crane,6.94,1.77,122,Maintenance
CRN06913,DR01584,PR00003,SR03171,QC-03,RTG Crane,7.18,1.23,212,Inspection
CRN06914,DR04616,PR00006,SR02521,QC-07,Quay Crane,6.22,1.25,189,Inspection
CRN06915,DR08660,PR00001,SR09728,QC-05,RTG Crane,7.35,1.89,220,Maintenance
CRN06916,DR04928,PR00001,SR01871,QC-04,RTG Crane,4.92,1.04,110,Inspection
CRN06917,DR09119,PR00003,SR04957,QC-08,Quay Crane,7.89,0.3,174,Operational
CRN06918,DR05757,PR00003,SR02124,QC-03,Quay Crane,7.43,1.36,162,Inspection
CRN06919,DR03075,PR00002,SR00899,QC-05,Quay Crane,7.94,1.9,215,Maintenance
CRN06920,DR00781,PR00007,SR09012,QC-04,Quay Crane,8.95,0.6,230,Operational
CRN06921,DR00317,PR00002,SR00627,QC-01,Quay Crane,10.0,0.56,237,Operational
CRN06922,DR03049,PR00002,SR04437,QC-03,Quay Crane,6.76,1.28,222,Inspection
CRN06923,DR02738,PR00006,SR05632,QC-06,Quay Crane,6.07,1.33,133,Inspection
CRN06924,DR09320,PR00007,SR07169,QC-08,Quay Crane,6.56,0.81,220,Operational
CRN06925,DR03573,PR00003,SR08905,QC-05,Quay Crane,9.43,1.98,225,Maintenance
CRN06926,DR02255,PR00001,SR01030,QC-01,Quay Crane,5.72,1.11,133,Inspection
CRN06927,DR00386,PR00002,SR06092,QC-04,Quay Crane,10.0,0.65,270,Operational
CRN06928,DR04808,PR00002,SR00388,QC-02,Quay Crane,7.39,1.01,194,Inspection
CRN06929,DR09834,PR00003,SR00292,QC-04,Quay Crane,7.73,0.53,227,Operational
CRN06930,DR03948,PR00005,SR07216,QC-08,Quay Crane,9.54,0.61,270,Operational
CRN06931,DR00243,PR00003,SR06487,QC-08,RTG Crane,6.67,0.54,212,Operational
CRN06932,DR08151,PR00003,SR09223,QC-03,RTG Crane,7.8,1.37,166,Inspection
CRN06933,DR07940,PR00005,SR03406,QC-08,RTG Crane,9.05,0.81,216,Operational
CRN06934,DR01104,PR00002,SR02934,QC-01,Quay Crane,5.75,0.54,183,Operational
CRN06935,DR00910,PR00001,SR07433,QC-08,Quay Crane,4.76,0.7,96,Operational
CRN06936,DR02238,PR00006,SR05127,QC-06,RTG Crane,7.53,0.79,198,Operational
CRN06937,DR09327,PR00001,SR08865,QC-08,Quay Crane,5.44,0.33,111,Operational
CRN06938,DR09877,PR00001,SR03760,QC-03,Quay Crane,7.84,1.3,232,Inspection
CRN06939,DR03835,PR00001,SR01703,QC-05,Quay Crane,6.94,1.66,133,Maintenance
CRN06940,DR04651,PR00004,SR06221,QC-07,Quay Crane,8.72,1.45,217,Inspection
CRN06941,DR09807,PR00004,SR00688,QC-05,Quay Crane,8.58,1.92,190,Maintenance
CRN06942,DR05900,PR00003,SR06217,QC-02,Quay Crane,4.82,0.74,137,Operational
CRN06943,DR00944,PR00003,SR05171,QC-06,Quay Crane,6.6,0.99,186,Operational
CRN06944,DR01327,PR00003,SR03778,QC-02,Quay Crane,5.43,0.81,184,Operational
CRN06945,DR01113,PR00001,SR09314,QC-02,Quay Crane,7.8,0.52,221,Operational
CRN06946,DR00735,PR00006,SR01696,QC-02,Quay Crane,5.43,0.76,121,Operational
CRN06947,DR07116,PR00007,SR08428,QC-01,RTG Crane,8.78,0.51,244,Operational
CRN06948,DR06774,PR00004,SR00282,QC-03,RTG Crane,4.78,1.54,135,Inspection
CRN06949,DR08755,PR00003,SR04984,QC-06,Quay Crane,7.04,0.55,217,Operational
CRN06950,DR02944,PR00006,SR09428,QC-06,Quay Crane,6.04,0.84,160,Operational
CRN06951,DR05416,PR00001,SR01129,QC-05,Quay Crane,6.54,2.12,190,Maintenance
CRN06952,DR04154,PR00002,SR06520,QC-08,Quay Crane,6.43,0.53,172,Operational
CRN06953,DR04588,PR00007,SR02622,QC-03,Quay Crane,7.22,1.57,154,Maintenance
CRN06954,DR02654,PR00001,SR09538,QC-02,RTG Crane,5.55,0.93,117,Operational
CRN06955,DR03359,PR00001,SR02342,QC-07,RTG Crane,6.49,1.4,162,Inspection
CRN06956,DR01014,PR00004,SR01589,QC-06,Quay Crane,9.79,0.89,259,Operational
CRN06957,DR01640,PR00004,SR00300,QC-03,Quay Crane,7.29,0.99,193,Operational
CRN06958,DR04551,PR00004,SR08143,QC-08,Quay Crane,9.6,0.58,310,Operational
CRN06959,DR07572,PR00001,SR07630,QC-07,Quay Crane,7.07,1.33,188,Inspection
CRN06960,DR08162,PR00005,SR05159,QC-02,Quay Crane,6.41,1.1,194,Inspection
CRN06961,DR05241,PR00002,SR00204,QC-04,Quay Crane,5.45,0.48,161,Operational
CRN06962,DR09190,PR00007,SR07117,QC-02,Quay Crane,7.95,0.74,236,Operational
CRN06963,DR04797,PR00002,SR04306,QC-02,Quay Crane,9.52,0.72,230,Operational
CRN06964,DR04310,PR00001,SR06514,QC-08,Quay Crane,8.83,1.03,248,Inspection
CRN06965,DR06190,PR00004,SR03158,QC-05,Quay Crane,8.19,1.82,255,Maintenance
CRN06966,DR02483,PR00002,SR09098,QC-02,Quay Crane,9.19,0.89,230,Operational
CRN06967,DR01627,PR00004,SR07870,QC-01,RTG Crane,8.33,0.6,210,Operational
CRN06968,DR09503,PR00002,SR00848,QC-03,Quay Crane,8.64,0.79,220,Operational
CRN06969,DR09734,PR00003,SR09070,QC-03,Quay Crane,8.46,1.42,247,Inspection
CRN06970,DR05588,PR00001,SR02233,QC-08,Quay Crane,8.56,0.59,210,Operational
CRN06971,DR01891,PR00003,SR09313,QC-07,Quay Crane,5.64,0.94,135,Operational
CRN06972,DR06903,PR00001,SR01046,QC-08,Quay Crane,6.37,1.16,150,Inspection
CRN06973,DR07245,PR00002,SR08636,QC-08,RTG Crane,9.95,0.99,241,Operational
CRN06974,DR08577,PR00001,SR08303,QC-07,Quay Crane,6.31,1.28,123,Inspection
CRN06975,DR00250,PR00006,SR03445,QC-05,Quay Crane,5.62,1.89,136,Maintenance
CRN06976,DR05969,PR00005,SR09038,QC-04,Quay Crane,8.03,1.08,241,Inspection
CRN06977,DR05649,PR00001,SR02329,QC-07,Quay Crane,6.95,1.48,135,Inspection
CRN06978,DR09988,PR00001,SR05002,QC-02,RTG Crane,9.52,0.75,264,Operational
CRN06979,DR08320,PR00001,SR01709,QC-07,Quay Crane,5.12,1.23,193,Inspection
CRN06980,DR01451,PR00002,SR06182,QC-03,RTG Crane,5.43,1.51,120,Inspection
CRN06981,DR06254,PR00003,SR06436,QC-07,Quay Crane,10.0,1.03,281,Inspection
CRN06982,DR09578,PR00003,SR05249,QC-04,Quay Crane,5.86,1.34,162,Inspection
CRN06983,DR06395,PR00007,SR09053,QC-04,Quay Crane,6.32,0.91,140,Operational
CRN06984,DR00733,PR00006,SR08848,QC-08,Quay Crane,6.76,0.51,186,Operational
CRN06985,DR09003,PR00001,SR07896,QC-02,RTG Crane,3.82,1.97,45,Maintenance
CRN06986,DR08311,PR00001,SR05938,QC-01,Quay Crane,7.97,0.43,217,Operational
CRN06987,DR04940,PR00001,SR05900,QC-04,RTG Crane,5.18,0.96,194,Operational
CRN06988,DR01298,PR00001,SR08613,QC-01,Quay Crane,8.1,0.43,290,Operational
CRN06989,DR07230,PR00003,SR04305,QC-04,Quay Crane,4.9,0.59,87,Operational
CRN06990,DR07534,PR00001,SR05992,QC-01,RTG Crane,8.28,0.66,188,Operational
CRN06991,DR09022,PR00001,SR09380,QC-05,RTG Crane,6.89,1.89,202,Maintenance
CRN06992,DR09114,PR00001,SR01052,QC-05,Quay Crane,6.95,1.87,174,Maintenance
CRN06993,DR06501,PR00004,SR05475,QC-01,RTG Crane,8.13,0.61,243,Operational
CRN06994,DR02997,PR00001,SR01385,QC-04,Quay Crane,8.54,0.94,239,Operational
CRN06995,DR01710,PR00007,SR07986,QC-03,Quay Crane,7.34,1.67,168,Maintenance
CRN06996,DR06959,PR00003,SR05943,QC-07,Quay Crane,7.18,2.03,224,Maintenance
CRN06997,DR02176,PR00002,SR05663,QC-04,Quay Crane,6.44,1.0,123,Operational
CRN06998,DR04622,PR00003,SR00342,QC-02,RTG Crane,7.8,0.76,202,Operational
CRN06999,DR01156,PR00003,SR06561,QC-02,Quay Crane,9.3,0.66,248,Operational
CRN07000,DR09039,PR00003,SR00148,QC-07,RTG Crane,7.99,1.43,181,Inspection
CRN07001,DR06592,PR00003,SR01679,QC-02,Quay Crane,5.5,0.76,134,Operational
CRN07002,DR05628,PR00002,SR03390,QC-08,RTG Crane,7.22,0.43,204,Operational
CRN07003,DR01982,PR00002,SR00145,QC-03,Quay Crane,6.22,1.04,170,Inspection
CRN07004,DR04714,PR00001,SR09869,QC-03,Quay Crane,5.55,1.3,166,Inspection
CRN07005,DR03530,PR00005,SR00557,QC-06,Quay Crane,6.79,0.57,244,Operational
CRN07006,DR05801,PR00004,SR02561,QC-01,Quay Crane,7.8,0.71,216,Operational
CRN07007,DR03158,PR00004,SR04982,QC-03,Quay Crane,8.19,1.05,214,Inspection
CRN07008,DR01641,PR00007,SR07571,QC-06,RTG Crane,7.93,1.17,206,Inspection
CRN07009,DR01321,PR00003,SR08936,QC-08,Quay Crane,6.16,0.96,122,Operational
CRN07010,DR04883,PR00006,SR04189,QC-05,Quay Crane,5.83,1.81,165,Maintenance
CRN07011,DR07385,PR00003,SR00730,QC-01,Quay Crane,5.27,0.06,131,Operational
CRN07012,DR00464,PR00003,SR06517,QC-08,RTG Crane,7.01,1.08,231,Inspection
CRN07013,DR07649,PR00004,SR03505,QC-08,Quay Crane,8.04,0.63,197,Operational
CRN07014,DR08409,PR00002,SR09240,QC-07,Quay Crane,7.9,1.41,212,Inspection
CRN07015,DR00619,PR00002,SR06938,QC-04,Quay Crane,5.8,0.38,193,Operational
CRN07016,DR04141,PR00003,SR06950,QC-04,Quay Crane,9.65,1.09,264,Inspection
CRN07017,DR07949,PR00001,SR05635,QC-03,RTG Crane,7.54,0.81,216,Operational
CRN07018,DR03403,PR00002,SR08078,QC-02,RTG Crane,8.32,0.44,251,Operational
CRN07019,DR04814,PR00006,SR05960,QC-05,Quay Crane,8.01,2.2,183,Maintenance
CRN07020,DR02191,PR00003,SR04733,QC-03,Quay Crane,5.08,1.07,191,Inspection
CRN07021,DR07790,PR00001,SR07899,QC-01,Quay Crane,8.3,0.78,173,Operational
CRN07022,DR08316,PR00001,SR00222,QC-01,RTG Crane,9.41,0.71,252,Operational
CRN07023,DR00198,PR00007,SR09993,QC-05,Quay Crane,5.75,2.04,136,Maintenance
CRN07024,DR08727,PR00007,SR01180,QC-05,Quay Crane,5.79,2.17,171,Maintenance
CRN07025,DR01008,PR00004,SR09687,QC-01,Quay Crane,7.83,0.28,209,Operational
CRN07026,DR02084,PR00001,SR08233,QC-08,Quay Crane,7.32,1.07,154,Inspection
CRN07027,DR05526,PR00003,SR03484,QC-02,Quay Crane,7.97,0.79,217,Operational
CRN07028,DR08802,PR00002,SR03359,QC-04,Quay Crane,5.66,0.9,163,Operational
CRN07029,DR08447,PR00006,SR06183,QC-08,RTG Crane,8.24,1.08,199,Inspection
CRN07030,DR04918,PR00003,SR08629,QC-03,Quay Crane,4.86,1.39,96,Inspection
CRN07031,DR03419,PR00005,SR04924,QC-02,RTG Crane,6.71,1.46,170,Inspection
CRN07032,DR04574,PR00003,SR03040,QC-07,Quay Crane,7.67,0.7,170,Operational
CRN07033,DR05507,PR00006,SR02278,QC-07,RTG Crane,6.12,1.67,166,Maintenance
CRN07034,DR00642,PR00003,SR08366,QC-04,Quay Crane,7.31,0.59,191,Operational
CRN07035,DR00579,PR00003,SR02022,QC-07,Quay Crane,8.8,0.9,222,Operational
CRN07036,DR09904,PR00003,SR00551,QC-07,Quay Crane,6.0,1.92,182,Maintenance
CRN07037,DR05665,PR00004,SR04072,QC-01,Quay Crane,6.64,0.23,207,Operational
CRN07038,DR09120,PR00006,SR09636,QC-06,Quay Crane,3.73,0.71,63,Operational
CRN07039,DR00540,PR00003,SR04132,QC-07,Quay Crane,7.45,1.46,185,Inspection
CRN07040,DR08906,PR00007,SR04323,QC-07,Quay Crane,9.15,1.44,235,Inspection
CRN07041,DR04969,PR00003,SR00023,QC-07,RTG Crane,5.66,1.15,176,Inspection
CRN07042,DR07838,PR00002,SR08737,QC-01,Quay Crane,6.48,0.24,180,Operational
CRN07043,DR01443,PR00002,SR05369,QC-02,Quay Crane,8.73,0.75,241,Operational
CRN07044,DR05607,PR00001,SR08281,QC-02,Quay Crane,9.37,0.74,254,Operational
CRN07045,DR08289,PR00006,SR09201,QC-06,Quay Crane,7.11,0.66,209,Operational
CRN07046,DR03222,PR00001,SR03695,QC-07,Quay Crane,5.82,1.07,104,Inspection
CRN07047,DR02749,PR00002,SR00489,QC-05,Quay Crane,6.54,2.17,198,Maintenance
CRN07048,DR06028,PR00002,SR01958,QC-03,RTG Crane,8.01,1.52,215,Inspection
CRN07049,DR05768,PR00005,SR09848,QC-08,Quay Crane,6.2,0.82,128,Operational
CRN07050,DR00306,PR00007,SR07143,QC-08,Quay Crane,6.48,0.5,134,Operational
CRN07051,DR06955,PR00006,SR09216,QC-02,Quay Crane,6.11,0.58,168,Operational
CRN07052,DR06952,PR00002,SR03734,QC-03,RTG Crane,8.6,1.77,216,Maintenance
CRN07053,DR06920,PR00003,SR05064,QC-04,Quay Crane,7.43,0.53,194,Operational
CRN07054,DR05741,PR00002,SR07064,QC-02,Quay Crane,6.37,0.52,177,Operational
CRN07055,DR03057,PR00007,SR03098,QC-06,Quay Crane,7.34,1.04,218,Inspection
CRN07056,DR01387,PR00001,SR07648,QC-02,Quay Crane,7.89,0.82,191,Operational
CRN07057,DR00237,PR00007,SR02342,QC-08,Quay Crane,4.77,0.45,67,Operational
CRN07058,DR00737,PR00006,SR08915,QC-07,Quay Crane,7.85,0.93,212,Operational
CRN07059,DR04253,PR00005,SR08445,QC-05,Quay Crane,9.12,1.57,241,Maintenance
CRN07060,DR06290,PR00005,SR02018,QC-06,RTG Crane,6.09,1.04,164,Inspection
CRN07061,DR00078,PR00002,SR06249,QC-02,Quay Crane,6.09,0.6,147,Operational
CRN07062,DR00417,PR00002,SR02216,QC-08,Quay Crane,8.85,0.97,240,Operational
CRN07063,DR04310,PR00003,SR01083,QC-07,Quay Crane,4.38,1.44,148,Inspection
CRN07064,DR04247,PR00001,SR05365,QC-05,RTG Crane,10.0,1.9,246,Maintenance
CRN07065,DR05316,PR00005,SR05287,QC-01,Quay Crane,5.61,0.58,136,Operational
CRN07066,DR03773,PR00003,SR08938,QC-08,Quay Crane,6.49,1.0,175,Operational
CRN07067,DR07612,PR00006,SR05868,QC-06,RTG Crane,5.78,1.31,180,Inspection
CRN07068,DR05216,PR00006,SR08430,QC-01,RTG Crane,5.42,0.9,118,Operational
CRN07069,DR08839,PR00001,SR02385,QC-05,Quay Crane,7.73,2.13,202,Maintenance
CRN07070,DR05000,PR00002,SR04383,QC-02,Quay Crane,7.94,0.75,181,Operational
CRN07071,DR00356,PR00003,SR06756,QC-01,Quay Crane,6.16,1.06,198,Inspection
CRN07072,DR08083,PR00001,SR00371,QC-05,Quay Crane,5.05,1.88,89,Maintenance
CRN07073,DR09662,PR00005,SR05508,QC-07,Quay Crane,6.49,1.22,141,Inspection
CRN07074,DR07080,PR00005,SR03032,QC-05,Quay Crane,7.9,1.76,182,Maintenance
CRN07075,DR03508,PR00005,SR02831,QC-02,Quay Crane,7.17,0.65,190,Operational
CRN07076,DR03816,PR00003,SR02168,QC-02,Quay Crane,7.58,0.86,159,Operational
CRN07077,DR03891,PR00006,SR01780,QC-03,Quay Crane,6.7,1.17,213,Inspection
CRN07078,DR02928,PR00004,SR09898,QC-04,Quay Crane,3.79,0.58,97,Operational
CRN07079,DR06065,PR00007,SR02629,QC-07,Quay Crane,4.78,1.54,106,Inspection
CRN07080,DR02151,PR00006,SR05707,QC-07,Quay Crane,8.8,1.36,236,Inspection
CRN07081,DR08407,PR00005,SR05567,QC-04,RTG Crane,7.55,0.84,222,Operational
CRN07082,DR05129,PR00001,SR07405,QC-07,Quay Crane,5.59,0.84,126,Operational
CRN07083,DR02587,PR00006,SR04412,QC-07,Quay Crane,7.05,1.81,216,Maintenance
CRN07084,DR00945,PR00002,SR07251,QC-04,Quay Crane,9.88,0.52,268,Operational
CRN07085,DR06981,PR00003,SR06152,QC-07,Quay Crane,6.31,1.17,136,Inspection
CRN07086,DR02540,PR00003,SR03968,QC-03,Quay Crane,7.21,1.38,141,Inspection
CRN07087,DR08236,PR00002,SR05833,QC-01,Quay Crane,8.14,0.64,203,Operational
CRN07088,DR06475,PR00001,SR02696,QC-07,Quay Crane,6.24,1.23,113,Inspection
CRN07089,DR07557,PR00001,SR06091,QC-07,Quay Crane,10.0,1.09,226,Inspection
CRN07090,DR02089,PR00006,SR02246,QC-01,RTG Crane,6.98,0.35,163,Operational
CRN07091,DR01049,PR00004,SR01754,QC-06,Quay Crane,8.96,0.83,285,Operational
CRN07092,DR03871,PR00007,SR09327,QC-04,Quay Crane,8.36,0.05,273,Operational
CRN07093,DR09654,PR00006,SR06077,QC-06,Quay Crane,8.4,1.35,224,Inspection
CRN07094,DR04558,PR00003,SR06284,QC-02,RTG Crane,8.22,1.45,196,Inspection
CRN07095,DR06606,PR00006,SR05811,QC-08,Quay Crane,4.84,1.09,149,Inspection
CRN07096,DR09045,PR00004,SR00604,QC-04,Quay Crane,5.14,0.92,144,Operational
CRN07097,DR02360,PR00002,SR01484,QC-01,Quay Crane,9.55,0.74,270,Operational
CRN07098,DR04003,PR00007,SR04994,QC-01,Quay Crane,5.76,0.64,162,Operational
CRN07099,DR05245,PR00007,SR09774,QC-08,Quay Crane,9.98,0.7,303,Operational
CRN07100,DR09891,PR00001,SR09678,QC-06,Quay Crane,5.12,0.88,119,Operational
CRN07101,DR07947,PR00006,SR03414,QC-01,Quay Crane,6.63,0.41,186,Operational
CRN07102,DR01023,PR00001,SR02467,QC-04,Quay Crane,7.47,0.16,221,Operational
CRN07103,DR07507,PR00007,SR00203,QC-08,Quay Crane,6.66,0.63,152,Operational
CRN07104,DR09992,PR00004,SR07447,QC-04,Quay Crane,8.37,0.67,272,Operational
CRN07105,DR07215,PR00001,SR07732,QC-04,Quay Crane,10.0,0.74,249,Operational
CRN07106,DR03674,PR00006,SR09205,QC-01,Quay Crane,6.1,0.69,157,Operational
CRN07107,DR02135,PR00003,SR08061,QC-07,Quay Crane,5.74,1.27,152,Inspection
CRN07108,DR08675,PR00001,SR00721,QC-04,Quay Crane,7.83,0.76,207,Operational
CRN07109,DR00723,PR00006,SR09194,QC-08,RTG Crane,7.92,0.47,184,Operational
CRN07110,DR08570,PR00006,SR08834,QC-01,Quay Crane,5.72,0.57,166,Operational
CRN07111,DR05932,PR00003,SR08732,QC-01,Quay Crane,9.77,0.64,231,Operational
CRN07112,DR03540,PR00005,SR00994,QC-04,Quay Crane,6.0,0.55,181,Operational
CRN07113,DR01363,PR00001,SR00064,QC-01,Quay Crane,8.29,0.48,281,Operational
CRN07114,DR04710,PR00002,SR01253,QC-06,Quay Crane,7.26,0.49,216,Operational
CRN07115,DR02649,PR00005,SR02277,QC-01,Quay Crane,8.78,1.07,223,Inspection
CRN07116,DR03613,PR00002,SR03869,QC-01,Quay Crane,5.71,0.24,202,Operational
CRN07117,DR04523,PR00003,SR01317,QC-06,Quay Crane,8.13,1.14,181,Inspection
CRN07118,DR09698,PR00007,SR03815,QC-01,Quay Crane,4.2,0.72,94,Operational
CRN07119,DR04999,PR00006,SR07395,QC-02,Quay Crane,7.02,0.62,218,Operational
CRN07120,DR04789,PR00004,SR06683,QC-05,RTG Crane,6.25,2.09,162,Maintenance
CRN07121,DR06916,PR00004,SR07476,QC-03,Quay Crane,7.85,1.48,224,Inspection
CRN07122,DR09340,PR00006,SR02273,QC-03,Quay Crane,10.0,1.06,245,Inspection
CRN07123,DR01119,PR00006,SR00618,QC-07,Quay Crane,6.0,1.11,118,Inspection
CRN07124,DR04106,PR00001,SR01820,QC-04,Quay Crane,7.61,0.59,200,Operational
CRN07125,DR06718,PR00003,SR08914,QC-05,Quay Crane,6.47,1.99,149,Maintenance
CRN07126,DR03959,PR00001,SR09002,QC-02,Quay Crane,9.32,0.99,256,Operational
CRN07127,DR08706,PR00001,SR08319,QC-05,Quay Crane,7.79,1.71,228,Maintenance
CRN07128,DR02809,PR00002,SR01229,QC-08,RTG Crane,6.62,0.76,158,Operational
CRN07129,DR09859,PR00004,SR03330,QC-08,Quay Crane,8.4,0.56,221,Operational
CRN07130,DR06243,PR00006,SR02320,QC-02,Quay Crane,5.61,0.89,160,Operational
CRN07131,DR05550,PR00007,SR00738,QC-02,RTG Crane,7.6,0.96,141,Operational
CRN07132,DR02307,PR00003,SR07244,QC-07,Quay Crane,6.9,1.39,202,Inspection
CRN07133,DR05390,PR00003,SR07804,QC-06,Quay Crane,8.25,0.83,166,Operational
CRN07134,DR09308,PR00001,SR04916,QC-02,RTG Crane,4.3,0.45,85,Operational
CRN07135,DR00472,PR00001,SR08225,QC-08,Quay Crane,6.05,0.58,212,Operational
CRN07136,DR07041,PR00001,SR05177,QC-08,Quay Crane,6.78,0.64,197,Operational
CRN07137,DR08268,PR00007,SR09473,QC-05,Quay Crane,4.87,1.35,146,Inspection
CRN07138,DR03882,PR00001,SR04771,QC-07,RTG Crane,4.53,1.12,89,Inspection
CRN07139,DR01814,PR00005,SR01473,QC-02,Quay Crane,8.92,0.65,226,Operational
CRN07140,DR09833,PR00002,SR03061,QC-05,Quay Crane,6.95,1.68,167,Maintenance
CRN07141,DR03894,PR00003,SR02529,QC-04,Quay Crane,9.26,0.47,267,Operational
CRN07142,DR09235,PR00006,SR00754,QC-07,Quay Crane,7.17,1.34,208,Inspection
CRN07143,DR02702,PR00007,SR02146,QC-08,RTG Crane,8.98,0.3,266,Operational
CRN07144,DR02630,PR00002,SR00917,QC-07,Quay Crane,5.52,1.34,145,Inspection
CRN07145,DR04149,PR00007,SR06993,QC-03,Quay Crane,8.22,1.6,216,Maintenance
CRN07146,DR08833,PR00002,SR00058,QC-01,Quay Crane,5.05,0.88,130,Operational
CRN07147,DR09970,PR00006,SR07828,QC-08,Quay Crane,7.83,0.67,200,Operational
CRN07148,DR01808,PR00001,SR07562,QC-04,RTG Crane,10.0,1.02,225,Inspection
CRN07149,DR05941,PR00003,SR03979,QC-02,Quay Crane,6.69,0.74,165,Operational
CRN07150,DR07040,PR00005,SR05707,QC-07,RTG Crane,7.68,1.19,253,Inspection
CRN07151,DR03369,PR00006,SR02883,QC-07,RTG Crane,6.8,1.41,167,Inspection
CRN07152,DR03693,PR00006,SR02831,QC-04,Quay Crane,7.77,0.72,200,Operational
CRN07153,DR09454,PR00002,SR06095,QC-07,RTG Crane,7.11,1.02,181,Inspection
CRN07154,DR08263,PR00006,SR05815,QC-07,Quay Crane,10.0,0.92,256,Operational
CRN07155,DR02865,PR00002,SR07268,QC-04,Quay Crane,7.76,0.89,200,Operational
CRN07156,DR02197,PR00002,SR01213,QC-01,RTG Crane,5.89,0.59,133,Operational
CRN07157,DR02349,PR00001,SR08994,QC-03,Quay Crane,6.27,1.35,166,Inspection
CRN07158,DR02693,PR00002,SR04427,QC-08,Quay Crane,9.28,0.75,272,Operational
CRN07159,DR00254,PR00001,SR01356,QC-05,Quay Crane,6.76,1.59,145,Maintenance
CRN07160,DR09083,PR00005,SR05229,QC-04,RTG Crane,9.09,0.8,270,Operational
CRN07161,DR02424,PR00001,SR08866,QC-02,Quay Crane,8.66,0.8,245,Operational
CRN07162,DR07418,PR00004,SR07828,QC-03,Quay Crane,6.68,1.08,139,Inspection
CRN07163,DR04135,PR00001,SR07287,QC-04,Quay Crane,6.3,0.58,197,Operational
CRN07164,DR06139,PR00005,SR04561,QC-07,Quay Crane,8.0,1.53,217,Inspection
CRN07165,DR00053,PR00002,SR05661,QC-01,Quay Crane,5.61,0.4,123,Operational
CRN07166,DR05012,PR00002,SR07220,QC-08,Quay Crane,8.98,0.68,236,Operational
CRN07167,DR01086,PR00004,SR09291,QC-07,Quay Crane,6.29,1.41,191,Inspection
CRN07168,DR07761,PR00007,SR07456,QC-02,RTG Crane,6.99,0.69,192,Operational
CRN07169,DR07565,PR00007,SR04799,QC-05,Quay Crane,7.74,2.38,178,Maintenance
CRN07170,DR06231,PR00002,SR05514,QC-08,Quay Crane,7.82,0.85,217,Operational
CRN07171,DR02565,PR00007,SR03286,QC-08,Quay Crane,5.74,0.5,137,Operational
CRN07172,DR07319,PR00004,SR06704,QC-06,Quay Crane,4.24,0.98,101,Operational
CRN07173,DR08134,PR00007,SR02660,QC-08,Quay Crane,6.29,0.05,174,Operational
CRN07174,DR02966,PR00001,SR03877,QC-04,Quay Crane,7.66,0.8,255,Operational
CRN07175,DR06592,PR00001,SR06013,QC-06,Quay Crane,8.65,1.58,204,Maintenance
CRN07176,DR08735,PR00001,SR02811,QC-04,Quay Crane,5.06,0.73,170,Operational
CRN07177,DR04857,PR00006,SR01165,QC-07,Quay Crane,7.1,1.07,107,Inspection
CRN07178,DR05879,PR00001,SR08014,QC-03,Quay Crane,4.7,1.45,112,Inspection
CRN07179,DR04158,PR00001,SR04254,QC-02,Quay Crane,3.62,0.39,107,Operational
CRN07180,DR05088,PR00004,SR09806,QC-05,Quay Crane,10.0,2.17,283,Maintenance
CRN07181,DR00195,PR00007,SR00031,QC-03,Quay Crane,6.45,1.3,182,Inspection
CRN07182,DR02967,PR00004,SR09469,QC-07,RTG Crane,7.45,1.0,116,Operational
CRN07183,DR09468,PR00005,SR09320,QC-05,Quay Crane,8.36,1.68,254,Maintenance
CRN07184,DR01883,PR00001,SR07047,QC-01,Quay Crane,9.88,0.65,240,Operational
CRN07185,DR06261,PR00007,SR00692,QC-06,Quay Crane,6.87,1.17,154,Inspection
CRN07186,DR09097,PR00001,SR02692,QC-02,Quay Crane,6.11,0.81,116,Operational
CRN07187,DR07575,PR00002,SR01348,QC-04,Quay Crane,6.29,0.87,184,Operational
CRN07188,DR09591,PR00003,SR04410,QC-02,Quay Crane,6.81,0.94,195,Operational
CRN07189,DR04932,PR00002,SR02639,QC-04,Quay Crane,7.18,0.39,185,Operational
CRN07190,DR07654,PR00004,SR04870,QC-08,Quay Crane,7.2,0.81,161,Operational
CRN07191,DR09015,PR00005,SR07330,QC-04,Quay Crane,6.28,0.8,174,Operational
CRN07192,DR03078,PR00002,SR08957,QC-03,Quay Crane,5.54,1.3,90,Inspection
CRN07193,DR06705,PR00001,SR06680,QC-05,Quay Crane,9.68,2.14,330,Maintenance
CRN07194,DR04022,PR00001,SR03537,QC-06,Quay Crane,7.14,0.94,193,Operational
CRN07195,DR08297,PR00001,SR02496,QC-08,Quay Crane,5.87,0.78,198,Operational
CRN07196,DR00481,PR00007,SR04549,QC-02,Quay Crane,4.28,0.48,136,Operational
CRN07197,DR04422,PR00004,SR08112,QC-03,Quay Crane,7.51,1.68,187,Maintenance
CRN07198,DR01366,PR00001,SR02209,QC-06,Quay Crane,6.81,1.33,156,Inspection
CRN07199,DR02615,PR00001,SR06333,QC-07,RTG Crane,5.86,0.89,184,Operational
CRN07200,DR00597,PR00006,SR08268,QC-06,Quay Crane,8.36,0.66,228,Operational
CRN07201,DR09834,PR00006,SR08168,QC-05,Quay Crane,5.36,1.9,162,Maintenance
CRN07202,DR07069,PR00007,SR07668,QC-03,Quay Crane,7.34,1.77,185,Maintenance
CRN07203,DR03316,PR00001,SR08123,QC-08,Quay Crane,7.93,0.89,265,Operational
CRN07204,DR06249,PR00003,SR08042,QC-07,RTG Crane,5.57,1.21,157,Inspection
CRN07205,DR07814,PR00001,SR09786,QC-05,Quay Crane,7.36,1.87,164,Maintenance
CRN07206,DR05116,PR00006,SR07902,QC-01,Quay Crane,6.79,0.34,216,Operational
CRN07207,DR01557,PR00003,SR00730,QC-08,Quay Crane,8.07,0.79,227,Operational
CRN07208,DR00167,PR00005,SR07164,QC-01,Quay Crane,8.3,0.3,213,Operational
CRN07209,DR05176,PR00001,SR08453,QC-07,Quay Crane,3.47,1.55,72,Inspection
CRN07210,DR09196,PR00005,SR08638,QC-06,Quay Crane,7.85,1.05,186,Inspection
CRN07211,DR06913,PR00002,SR04385,QC-01,Quay Crane,7.86,0.19,195,Operational
CRN07212,DR09884,PR00006,SR00497,QC-01,Quay Crane,9.86,0.64,290,Operational
CRN07213,DR06388,PR00001,SR03860,QC-08,Quay Crane,8.25,0.62,269,Operational
CRN07214,DR03144,PR00006,SR07514,QC-04,Quay Crane,7.48,0.35,219,Operational
CRN07215,DR01318,PR00001,SR06372,QC-04,Quay Crane,6.6,0.59,175,Operational
CRN07216,DR07693,PR00004,SR09356,QC-02,Quay Crane,5.46,1.02,136,Inspection
CRN07217,DR08768,PR00005,SR06813,QC-02,Quay Crane,7.79,0.93,216,Operational
CRN07218,DR04331,PR00003,SR07382,QC-01,RTG Crane,6.28,0.56,182,Operational
CRN07219,DR07570,PR00002,SR07011,QC-03,Quay Crane,6.12,1.31,127,Inspection
CRN07220,DR00617,PR00002,SR00626,QC-06,Quay Crane,6.94,0.67,180,Operational
CRN07221,DR05906,PR00002,SR07005,QC-06,RTG Crane,7.74,0.89,219,Operational
CRN07222,DR01108,PR00004,SR02534,QC-06,Quay Crane,8.74,1.05,206,Inspection
CRN07223,DR08536,PR00001,SR09255,QC-06,RTG Crane,7.52,0.86,247,Operational
CRN07224,DR00875,PR00001,SR09042,QC-04,Quay Crane,7.6,0.91,284,Operational
CRN07225,DR02063,PR00002,SR05431,QC-08,Quay Crane,6.64,0.36,215,Operational
CRN07226,DR09917,PR00002,SR02574,QC-01,Quay Crane,6.51,0.58,149,Operational
CRN07227,DR09475,PR00001,SR07826,QC-05,Quay Crane,6.8,1.91,189,Maintenance
CRN07228,DR00065,PR00005,SR04475,QC-07,Quay Crane,7.49,1.44,214,Inspection
CRN07229,DR09229,PR00001,SR09809,QC-03,Quay Crane,5.39,1.5,114,Inspection
CRN07230,DR01895,PR00007,SR08316,QC-05,Quay Crane,5.73,1.65,125,Maintenance
CRN07231,DR06771,PR00005,SR07496,QC-06,Quay Crane,8.65,1.19,206,Inspection
CRN07232,DR08933,PR00003,SR08824,QC-07,RTG Crane,7.3,1.09,181,Inspection
CRN07233,DR03118,PR00006,SR06134,QC-02,Quay Crane,3.05,0.66,45,Operational
CRN07234,DR05826,PR00004,SR06094,QC-03,Quay Crane,7.93,1.28,194,Inspection
CRN07235,DR00288,PR00004,SR02078,QC-01,Quay Crane,7.28,0.56,218,Operational
CRN07236,DR02988,PR00002,SR02121,QC-07,Quay Crane,7.49,1.51,170,Inspection
CRN07237,DR02329,PR00004,SR05354,QC-02,Quay Crane,7.17,0.94,220,Operational
CRN07238,DR01299,PR00001,SR05206,QC-03,RTG Crane,9.73,1.64,224,Maintenance
CRN07239,DR03472,PR00003,SR02987,QC-01,RTG Crane,7.16,0.74,214,Operational
CRN07240,DR06610,PR00001,SR01685,QC-04,Quay Crane,3.71,0.99,110,Operational
CRN07241,DR00642,PR00003,SR08294,QC-08,Quay Crane,9.32,0.58,255,Operational
CRN07242,DR00826,PR00004,SR00645,QC-02,Quay Crane,8.75,0.16,234,Operational
CRN07243,DR03098,PR00001,SR04196,QC-07,RTG Crane,6.19,1.61,159,Maintenance
CRN07244,DR05891,PR00002,SR09215,QC-03,RTG Crane,6.41,1.45,189,Inspection
CRN07245,DR06792,PR00006,SR00935,QC-01,Quay Crane,8.63,0.84,204,Operational
CRN07246,DR05135,PR00002,SR06024,QC-08,Quay Crane,10.0,0.05,280,Operational
CRN07247,DR06048,PR00001,SR01599,QC-07,Quay Crane,8.01,1.56,196,Maintenance
CRN07248,DR00958,PR00002,SR06906,QC-04,RTG Crane,6.12,1.16,162,Inspection
CRN07249,DR07506,PR00007,SR02812,QC-07,RTG Crane,8.18,1.7,202,Maintenance
CRN07250,DR03135,PR00005,SR01642,QC-02,Quay Crane,6.14,0.53,192,Operational
CRN07251,DR02639,PR00004,SR07529,QC-03,Quay Crane,6.03,0.85,118,Operational
CRN07252,DR03469,PR00006,SR00729,QC-07,Quay Crane,6.93,0.96,177,Operational
CRN07253,DR08637,PR00004,SR05751,QC-01,Quay Crane,8.39,0.57,230,Operational
CRN07254,DR09160,PR00006,SR00373,QC-01,Quay Crane,8.73,0.72,210,Operational
CRN07255,DR07689,PR00004,SR05782,QC-05,Quay Crane,5.16,1.72,80,Maintenance
CRN07256,DR08241,PR00006,SR04152,QC-07,Quay Crane,6.23,1.39,188,Inspection
CRN07257,DR02998,PR00004,SR09967,QC-02,Quay Crane,4.68,0.73,112,Operational
CRN07258,DR06999,PR00002,SR09594,QC-01,Quay Crane,8.8,0.51,215,Operational
CRN07259,DR07909,PR00001,SR07670,QC-01,Quay Crane,7.76,0.53,216,Operational
CRN07260,DR04842,PR00001,SR01477,QC-04,Quay Crane,7.77,0.37,195,Operational
CRN07261,DR07745,PR00003,SR09686,QC-01,Quay Crane,7.21,0.46,177,Operational
CRN07262,DR07904,PR00007,SR04795,QC-08,RTG Crane,7.59,0.6,201,Operational
CRN07263,DR05918,PR00005,SR09878,QC-02,Quay Crane,7.63,0.68,196,Operational
CRN07264,DR06962,PR00005,SR05881,QC-08,Quay Crane,7.71,0.47,250,Operational
CRN07265,DR03676,PR00004,SR08250,QC-03,Quay Crane,5.94,1.4,163,Inspection
CRN07266,DR07904,PR00007,SR03574,QC-02,Quay Crane,8.53,0.4,209,Operational
CRN07267,DR07863,PR00005,SR00104,QC-02,Quay Crane,9.03,1.09,281,Inspection
CRN07268,DR03481,PR00002,SR03629,QC-08,Quay Crane,7.57,0.98,194,Operational
CRN07269,DR05098,PR00003,SR09759,QC-06,RTG Crane,6.86,0.88,232,Operational
CRN07270,DR00557,PR00003,SR08851,QC-06,Quay Crane,10.0,1.06,241,Inspection
CRN07271,DR03785,PR00001,SR06991,QC-02,RTG Crane,8.31,1.0,205,Operational
CRN07272,DR02213,PR00002,SR01489,QC-06,Quay Crane,4.77,1.23,75,Inspection
CRN07273,DR07307,PR00002,SR06931,QC-01,Quay Crane,8.19,0.55,206,Operational
CRN07274,DR05126,PR00001,SR06214,QC-01,Quay Crane,8.91,0.79,330,Operational
CRN07275,DR01647,PR00002,SR05046,QC-01,Quay Crane,6.95,0.72,180,Operational
CRN07276,DR08847,PR00007,SR04842,QC-05,Quay Crane,5.26,1.7,147,Maintenance
CRN07277,DR01287,PR00002,SR01206,QC-08,Quay Crane,9.06,0.39,230,Operational
CRN07278,DR02123,PR00006,SR07073,QC-06,RTG Crane,7.66,0.68,203,Operational
CRN07279,DR09769,PR00001,SR02515,QC-01,Quay Crane,9.05,0.18,255,Operational
CRN07280,DR05912,PR00007,SR00230,QC-01,RTG Crane,7.54,0.47,232,Operational
CRN07281,DR07608,PR00005,SR04820,QC-03,RTG Crane,4.66,1.39,107,Inspection
CRN07282,DR09978,PR00007,SR00882,QC-04,RTG Crane,8.31,0.51,259,Operational
CRN07283,DR01019,PR00003,SR01685,QC-02,RTG Crane,8.24,0.67,202,Operational
CRN07284,DR06431,PR00004,SR07914,QC-01,Quay Crane,5.76,0.28,155,Operational
CRN07285,DR00755,PR00003,SR07974,QC-07,Quay Crane,10.0,1.41,255,Inspection
CRN07286,DR01646,PR00003,SR03821,QC-07,RTG Crane,5.83,1.25,162,Inspection
CRN07287,DR07369,PR00005,SR04555,QC-04,RTG Crane,6.12,0.82,172,Operational
CRN07288,DR08321,PR00001,SR00807,QC-06,Quay Crane,9.56,0.86,307,Operational
CRN07289,DR06052,PR00001,SR05121,QC-01,Quay Crane,5.2,0.47,170,Operational
CRN07290,DR07436,PR00006,SR08239,QC-03,Quay Crane,7.06,1.35,186,Inspection
CRN07291,DR03166,PR00001,SR08674,QC-02,Quay Crane,6.18,0.47,153,Operational
CRN07292,DR04843,PR00005,SR09849,QC-01,Quay Crane,7.18,0.55,186,Operational
CRN07293,DR02051,PR00001,SR04698,QC-07,Quay Crane,5.71,1.13,131,Inspection
CRN07294,DR09274,PR00003,SR02978,QC-04,RTG Crane,10.0,0.35,274,Operational
CRN07295,DR06951,PR00002,SR04281,QC-04,Quay Crane,5.86,0.57,198,Operational
CRN07296,DR00817,PR00003,SR09157,QC-01,Quay Crane,8.32,0.44,262,Operational
CRN07297,DR00279,PR00006,SR05233,QC-05,RTG Crane,5.04,1.65,168,Maintenance
CRN07298,DR03388,PR00006,SR03481,QC-05,Quay Crane,6.94,2.19,142,Maintenance
CRN07299,DR00621,PR00002,SR00083,QC-05,Quay Crane,9.2,2.11,264,Maintenance
CRN07300,DR00517,PR00002,SR09583,QC-04,RTG Crane,7.43,0.65,176,Operational
CRN07301,DR04406,PR00006,SR07515,QC-03,Quay Crane,9.2,1.44,256,Inspection
CRN07302,DR07297,PR00001,SR01598,QC-01,Quay Crane,6.92,0.47,181,Operational
CRN07303,DR08049,PR00001,SR08267,QC-07,Quay Crane,8.19,1.19,232,Inspection
CRN07304,DR00310,PR00003,SR01578,QC-04,Quay Crane,7.51,0.88,240,Operational
CRN07305,DR09142,PR00006,SR02994,QC-02,Quay Crane,5.76,0.57,149,Operational
CRN07306,DR05830,PR00002,SR06117,QC-02,Quay Crane,8.96,0.7,224,Operational
CRN07307,DR06385,PR00001,SR02503,QC-03,RTG Crane,5.98,1.37,136,Inspection
CRN07308,DR09733,PR00007,SR06434,QC-08,Quay Crane,7.91,0.36,254,Operational
CRN07309,DR09233,PR00007,SR09380,QC-04,Quay Crane,6.95,0.78,197,Operational
CRN07310,DR07621,PR00004,SR03987,QC-04,Quay Crane,7.68,0.99,177,Operational
CRN07311,DR02577,PR00005,SR04916,QC-02,Quay Crane,7.27,1.0,205,Operational
CRN07312,DR08684,PR00007,SR03058,QC-07,Quay Crane,10.0,1.39,290,Inspection
CRN07313,DR09973,PR00004,SR00939,QC-04,Quay Crane,8.28,0.5,310,Operational
CRN07314,DR04014,PR00006,SR02797,QC-01,Quay Crane,6.66,0.54,148,Operational
CRN07315,DR05271,PR00003,SR09453,QC-01,RTG Crane,6.9,0.81,188,Operational
CRN07316,DR01854,PR00002,SR00667,QC-03,Quay Crane,7.21,1.08,170,Inspection
CRN07317,DR03863,PR00006,SR00532,QC-02,Quay Crane,6.6,0.5,217,Operational
CRN07318,DR02230,PR00005,SR06573,QC-04,Quay Crane,5.3,0.7,124,Operational
CRN07319,DR07402,PR00002,SR07591,QC-05,Quay Crane,10.0,1.81,245,Maintenance
CRN07320,DR02716,PR00004,SR01845,QC-07,Quay Crane,8.6,1.5,237,Inspection
CRN07321,DR08758,PR00006,SR03217,QC-03,Quay Crane,6.22,1.62,145,Maintenance
CRN07322,DR01925,PR00002,SR01741,QC-04,Quay Crane,7.52,0.71,244,Operational
CRN07323,DR06757,PR00005,SR09606,QC-03,RTG Crane,9.1,1.29,304,Inspection
CRN07324,DR02131,PR00001,SR00895,QC-08,Quay Crane,6.55,0.54,144,Operational
CRN07325,DR06929,PR00004,SR01395,QC-08,RTG Crane,4.5,0.36,146,Operational
CRN07326,DR05298,PR00007,SR01127,QC-02,RTG Crane,5.96,0.68,194,Operational
CRN07327,DR08207,PR00006,SR07668,QC-06,Quay Crane,5.43,0.63,129,Operational
CRN07328,DR05085,PR00006,SR09620,QC-01,Quay Crane,7.12,0.5,216,Operational
CRN07329,DR09221,PR00005,SR09979,QC-06,Quay Crane,5.25,0.81,176,Operational
CRN07330,DR04021,PR00003,SR02857,QC-07,Quay Crane,8.48,1.32,203,Inspection
CRN07331,DR09411,PR00005,SR04670,QC-02,Quay Crane,7.49,1.06,178,Inspection
CRN07332,DR06102,PR00002,SR01977,QC-08,Quay Crane,8.22,0.74,216,Operational
CRN07333,DR07675,PR00004,SR03129,QC-07,Quay Crane,8.1,1.31,213,Inspection
CRN07334,DR00418,PR00003,SR01862,QC-04,Quay Crane,5.56,0.91,132,Operational
CRN07335,DR00218,PR00004,SR01318,QC-01,Quay Crane,3.86,0.56,162,Operational
CRN07336,DR01377,PR00003,SR04156,QC-04,Quay Crane,8.46,1.25,231,Inspection
CRN07337,DR01413,PR00002,SR05053,QC-04,Quay Crane,6.14,0.87,147,Operational
CRN07338,DR06453,PR00002,SR06361,QC-07,Quay Crane,8.25,1.08,240,Inspection
CRN07339,DR05389,PR00002,SR01326,QC-04,Quay Crane,7.01,0.57,174,Operational
CRN07340,DR03967,PR00003,SR03719,QC-01,Quay Crane,7.5,0.35,183,Operational
CRN07341,DR01069,PR00001,SR09334,QC-03,Quay Crane,8.61,1.36,238,Inspection
CRN07342,DR09332,PR00007,SR05250,QC-03,Quay Crane,6.03,1.01,114,Inspection
CRN07343,DR03521,PR00001,SR03460,QC-06,Quay Crane,6.11,0.9,156,Operational
CRN07344,DR00369,PR00006,SR07869,QC-02,Quay Crane,9.22,0.16,225,Operational
CRN07345,DR06194,PR00002,SR06759,QC-02,RTG Crane,8.59,1.14,243,Inspection
CRN07346,DR08621,PR00006,SR05576,QC-04,Quay Crane,7.82,0.68,207,Operational
CRN07347,DR05424,PR00005,SR04626,QC-05,Quay Crane,5.18,2.47,115,Maintenance
CRN07348,DR03056,PR00007,SR06888,QC-03,RTG Crane,6.88,1.35,137,Inspection
CRN07349,DR02504,PR00006,SR05042,QC-04,Quay Crane,5.64,0.66,185,Operational
CRN07350,DR05952,PR00005,SR06511,QC-06,Quay Crane,6.25,0.68,159,Operational
CRN07351,DR07462,PR00001,SR01306,QC-06,RTG Crane,5.98,0.9,149,Operational
CRN07352,DR04138,PR00004,SR07972,QC-01,Quay Crane,5.62,1.03,96,Inspection
CRN07353,DR05666,PR00002,SR05816,QC-01,Quay Crane,7.17,0.61,232,Operational
CRN07354,DR06119,PR00006,SR05901,QC-04,Quay Crane,5.87,0.98,146,Operational
CRN07355,DR06079,PR00006,SR08818,QC-01,Quay Crane,6.49,0.56,166,Operational
CRN07356,DR00372,PR00002,SR02847,QC-07,Quay Crane,5.93,1.58,197,Maintenance
CRN07357,DR05905,PR00005,SR06102,QC-05,RTG Crane,9.16,2.06,211,Maintenance
CRN07358,DR01305,PR00002,SR06069,QC-01,RTG Crane,7.55,0.36,210,Operational
CRN07359,DR09528,PR00005,SR02168,QC-05,Quay Crane,7.95,2.0,231,Maintenance
CRN07360,DR05263,PR00004,SR03076,QC-03,Quay Crane,7.0,1.63,184,Maintenance
CRN07361,DR05549,PR00003,SR05396,QC-01,RTG Crane,7.15,0.05,199,Operational
CRN07362,DR07441,PR00006,SR06815,QC-07,Quay Crane,7.55,1.03,214,Inspection
CRN07363,DR00597,PR00002,SR06894,QC-01,RTG Crane,9.47,0.14,276,Operational
CRN07364,DR04481,PR00006,SR09041,QC-08,RTG Crane,8.86,0.85,234,Operational
CRN07365,DR08635,PR00005,SR03995,QC-06,Quay Crane,7.36,1.11,213,Inspection
CRN07366,DR09364,PR00002,SR08209,QC-05,Quay Crane,5.79,1.81,174,Maintenance
CRN07367,DR00108,PR00003,SR02982,QC-06,Quay Crane,8.22,0.93,213,Operational
CRN07368,DR05273,PR00001,SR03705,QC-07,Quay Crane,6.49,1.26,191,Inspection
CRN07369,DR03273,PR00004,SR04180,QC-04,Quay Crane,6.54,0.78,241,Operational
CRN07370,DR02260,PR00006,SR04644,QC-01,Quay Crane,6.92,1.15,208,Inspection
CRN07371,DR03684,PR00001,SR05151,QC-07,Quay Crane,7.42,1.14,195,Inspection
CRN07372,DR06655,PR00001,SR06975,QC-01,Quay Crane,8.66,0.58,208,Operational
CRN07373,DR00937,PR00003,SR01162,QC-01,Quay Crane,5.72,0.71,139,Operational
CRN07374,DR01052,PR00002,SR07682,QC-03,Quay Crane,8.02,1.59,185,Maintenance
CRN07375,DR05126,PR00002,SR05523,QC-08,Quay Crane,6.75,0.65,171,Operational
CRN07376,DR08217,PR00004,SR08555,QC-01,Quay Crane,10.0,0.63,313,Operational
CRN07377,DR06850,PR00003,SR09303,QC-01,RTG Crane,7.0,0.54,228,Operational
CRN07378,DR02371,PR00006,SR01842,QC-05,Quay Crane,8.81,1.79,286,Maintenance
CRN07379,DR09735,PR00003,SR09832,QC-02,Quay Crane,9.81,1.55,237,Inspection
CRN07380,DR08887,PR00004,SR02088,QC-03,Quay Crane,5.69,1.39,141,Inspection
CRN07381,DR01381,PR00003,SR05369,QC-05,Quay Crane,7.18,2.25,127,Maintenance
CRN07382,DR02917,PR00002,SR02751,QC-02,RTG Crane,7.95,0.75,245,Operational
CRN07383,DR07529,PR00003,SR09110,QC-06,Quay Crane,5.87,0.7,212,Operational
CRN07384,DR06004,PR00005,SR07353,QC-05,Quay Crane,6.6,1.51,139,Inspection
CRN07385,DR00465,PR00007,SR06141,QC-04,Quay Crane,6.77,0.62,246,Operational
CRN07386,DR04157,PR00001,SR00004,QC-04,Quay Crane,8.4,0.2,242,Operational
CRN07387,DR06997,PR00003,SR00268,QC-07,Quay Crane,9.64,1.54,280,Inspection
CRN07388,DR01698,PR00004,SR05695,QC-03,Quay Crane,6.92,1.31,147,Inspection
CRN07389,DR09105,PR00001,SR04830,QC-04,Quay Crane,5.77,0.74,174,Operational
CRN07390,DR07881,PR00006,SR08391,QC-02,Quay Crane,10.0,0.58,312,Operational
CRN07391,DR09104,PR00002,SR04746,QC-03,Quay Crane,8.05,1.0,195,Operational
CRN07392,DR09209,PR00006,SR08845,QC-07,Quay Crane,8.39,0.93,240,Operational
CRN07393,DR04278,PR00004,SR06726,QC-06,Quay Crane,4.69,1.25,129,Inspection
CRN07394,DR02399,PR00001,SR09692,QC-08,Quay Crane,4.78,0.85,128,Operational
CRN07395,DR05218,PR00005,SR02228,QC-01,RTG Crane,6.66,0.52,224,Operational
CRN07396,DR04678,PR00001,SR02702,QC-06,Quay Crane,8.08,0.65,221,Operational
CRN07397,DR07366,PR00005,SR07838,QC-08,Quay Crane,7.24,0.64,221,Operational
CRN07398,DR07109,PR00006,SR07300,QC-05,Quay Crane,6.28,2.15,188,Maintenance
CRN07399,DR05829,PR00004,SR02977,QC-03,Quay Crane,5.53,1.83,83,Maintenance
CRN07400,DR01921,PR00002,SR06021,QC-06,Quay Crane,8.47,1.52,221,Inspection
CRN07401,DR08417,PR00003,SR03824,QC-01,Quay Crane,7.98,0.64,202,Operational
CRN07402,DR07249,PR00003,SR02001,QC-01,Quay Crane,6.24,0.36,160,Operational
CRN07403,DR00025,PR00004,SR02683,QC-08,Quay Crane,7.08,0.69,171,Operational
CRN07404,DR05003,PR00004,SR02977,QC-07,Quay Crane,5.96,1.02,143,Inspection
CRN07405,DR01730,PR00003,SR02063,QC-04,RTG Crane,5.92,1.01,101,Inspection
CRN07406,DR08633,PR00005,SR03308,QC-08,Quay Crane,7.5,0.98,182,Operational
CRN07407,DR02249,PR00005,SR09816,QC-03,Quay Crane,10.0,1.31,233,Inspection
CRN07408,DR01537,PR00005,SR02170,QC-08,Quay Crane,7.65,0.81,183,Operational
CRN07409,DR03442,PR00002,SR08009,QC-01,RTG Crane,8.08,0.85,239,Operational
CRN07410,DR09789,PR00003,SR04705,QC-06,RTG Crane,6.8,0.66,223,Operational
CRN07411,DR06373,PR00003,SR04115,QC-01,RTG Crane,6.85,0.83,197,Operational
CRN07412,DR07525,PR00006,SR08515,QC-06,Quay Crane,8.1,1.0,232,Operational
CRN07413,DR07951,PR00006,SR06813,QC-07,Quay Crane,7.56,1.08,177,Inspection
CRN07414,DR09030,PR00006,SR05729,QC-08,Quay Crane,8.01,0.29,198,Operational
CRN07415,DR05288,PR00002,SR01600,QC-07,Quay Crane,5.43,1.3,138,Inspection
CRN07416,DR05236,PR00005,SR00013,QC-07,Quay Crane,7.02,1.37,182,Inspection
CRN07417,DR00049,PR00006,SR01067,QC-07,Quay Crane,7.19,1.75,202,Maintenance
CRN07418,DR00431,PR00001,SR09420,QC-03,Quay Crane,8.09,1.14,229,Inspection
CRN07419,DR05338,PR00001,SR01267,QC-06,Quay Crane,7.75,1.25,217,Inspection
CRN07420,DR01630,PR00001,SR03977,QC-08,Quay Crane,6.14,0.96,218,Operational
CRN07421,DR09844,PR00004,SR02773,QC-03,RTG Crane,8.9,1.26,237,Inspection
CRN07422,DR05230,PR00003,SR00373,QC-02,Quay Crane,9.24,1.07,268,Inspection
CRN07423,DR01612,PR00001,SR07771,QC-07,Quay Crane,6.34,0.86,216,Operational
CRN07424,DR03917,PR00003,SR07513,QC-08,RTG Crane,5.73,1.12,158,Inspection
CRN07425,DR05234,PR00006,SR03520,QC-01,Quay Crane,6.16,0.51,163,Operational
CRN07426,DR00736,PR00006,SR03344,QC-04,Quay Crane,6.2,0.51,134,Operational
CRN07427,DR08381,PR00005,SR05407,QC-01,Quay Crane,7.19,0.53,159,Operational
CRN07428,DR05774,PR00006,SR02695,QC-05,Quay Crane,8.78,1.88,251,Maintenance
CRN07429,DR02897,PR00004,SR08031,QC-01,Quay Crane,7.06,0.34,201,Operational
CRN07430,DR04440,PR00006,SR08477,QC-06,Quay Crane,9.0,1.27,263,Inspection
CRN07431,DR00274,PR00003,SR09632,QC-02,Quay Crane,9.69,0.91,257,Operational
CRN07432,DR08543,PR00006,SR07147,QC-07,Quay Crane,8.74,1.24,212,Inspection
CRN07433,DR07120,PR00006,SR09669,QC-07,Quay Crane,8.67,0.93,202,Operational
CRN07434,DR08047,PR00005,SR01123,QC-08,Quay Crane,8.55,0.82,238,Operational
CRN07435,DR04623,PR00003,SR04555,QC-06,Quay Crane,7.3,1.19,178,Inspection
CRN07436,DR07167,PR00002,SR06511,QC-02,RTG Crane,5.56,0.95,130,Operational
CRN07437,DR02749,PR00002,SR01553,QC-03,RTG Crane,8.92,1.34,297,Inspection
CRN07438,DR07110,PR00001,SR02535,QC-07,Quay Crane,8.49,1.1,264,Inspection
CRN07439,DR01791,PR00001,SR08881,QC-04,Quay Crane,5.09,0.77,120,Operational
CRN07440,DR09190,PR00003,SR01498,QC-07,Quay Crane,6.91,1.25,212,Inspection
CRN07441,DR05027,PR00001,SR05151,QC-08,Quay Crane,7.19,0.85,179,Operational
CRN07442,DR06383,PR00006,SR02879,QC-06,RTG Crane,6.61,1.06,198,Inspection
CRN07443,DR09205,PR00004,SR04316,QC-01,Quay Crane,8.64,0.12,264,Operational
CRN07444,DR03004,PR00006,SR04688,QC-06,Quay Crane,8.42,1.06,157,Inspection
CRN07445,DR07207,PR00003,SR07023,QC-05,Quay Crane,8.27,1.74,210,Maintenance
CRN07446,DR00117,PR00002,SR00584,QC-02,Quay Crane,6.91,0.55,195,Operational
CRN07447,DR00299,PR00002,SR07783,QC-04,RTG Crane,6.08,0.36,150,Operational
CRN07448,DR03976,PR00006,SR08276,QC-03,Quay Crane,9.09,1.17,230,Inspection
CRN07449,DR02842,PR00001,SR00300,QC-06,Quay Crane,5.85,0.5,152,Operational
CRN07450,DR09289,PR00005,SR07129,QC-01,Quay Crane,5.05,0.48,130,Operational
CRN07451,DR08314,PR00002,SR05471,QC-01,Quay Crane,6.93,0.85,155,Operational
CRN07452,DR06456,PR00002,SR05545,QC-05,Quay Crane,6.96,1.85,171,Maintenance
CRN07453,DR04589,PR00001,SR07029,QC-07,Quay Crane,7.55,0.87,172,Operational
CRN07454,DR01190,PR00003,SR06348,QC-06,Quay Crane,8.44,0.69,238,Operational
CRN07455,DR09288,PR00001,SR01200,QC-07,RTG Crane,8.61,1.78,184,Maintenance
CRN07456,DR09103,PR00006,SR06981,QC-02,Quay Crane,8.22,0.87,184,Operational
CRN07457,DR09589,PR00001,SR06442,QC-05,Quay Crane,6.41,1.91,209,Maintenance
CRN07458,DR04466,PR00002,SR07197,QC-06,RTG Crane,7.33,0.97,234,Operational
CRN07459,DR08120,PR00001,SR02148,QC-02,Quay Crane,7.16,0.37,237,Operational
CRN07460,DR00583,PR00007,SR08853,QC-04,RTG Crane,9.53,0.27,279,Operational
CRN07461,DR05130,PR00004,SR01289,QC-05,RTG Crane,5.75,1.57,168,Maintenance
CRN07462,DR08170,PR00004,SR00342,QC-08,Quay Crane,6.43,0.45,252,Operational
CRN07463,DR09140,PR00003,SR06934,QC-08,RTG Crane,10.0,0.38,220,Operational
CRN07464,DR09713,PR00006,SR05987,QC-01,RTG Crane,9.26,0.52,268,Operational
CRN07465,DR04231,PR00001,SR00998,QC-03,Quay Crane,7.26,1.6,231,Maintenance
CRN07466,DR03802,PR00006,SR02467,QC-06,Quay Crane,6.93,1.28,148,Inspection
CRN07467,DR01279,PR00006,SR00832,QC-07,Quay Crane,8.59,1.07,217,Inspection
CRN07468,DR07213,PR00001,SR03882,QC-08,Quay Crane,8.81,0.57,213,Operational
CRN07469,DR06712,PR00001,SR07085,QC-01,RTG Crane,7.2,0.64,161,Operational
CRN07470,DR05316,PR00004,SR01305,QC-08,Quay Crane,10.0,0.68,222,Operational
CRN07471,DR08599,PR00001,SR09608,QC-05,RTG Crane,6.99,1.87,187,Maintenance
CRN07472,DR07352,PR00002,SR09436,QC-02,Quay Crane,7.49,0.98,231,Operational
CRN07473,DR05076,PR00003,SR05875,QC-07,Quay Crane,9.47,1.4,263,Inspection
CRN07474,DR02820,PR00001,SR05930,QC-01,Quay Crane,7.0,0.78,180,Operational
CRN07475,DR03489,PR00005,SR02158,QC-06,RTG Crane,9.92,0.96,268,Operational
CRN07476,DR04027,PR00003,SR09897,QC-08,Quay Crane,8.38,0.83,223,Operational
CRN07477,DR03380,PR00004,SR09988,QC-08,Quay Crane,6.3,0.05,220,Operational
CRN07478,DR00432,PR00003,SR05968,QC-01,Quay Crane,9.43,0.59,245,Operational
CRN07479,DR05781,PR00003,SR09402,QC-04,Quay Crane,6.47,0.87,196,Operational
CRN07480,DR03933,PR00003,SR00394,QC-02,Quay Crane,5.49,0.55,254,Operational
CRN07481,DR05305,PR00006,SR08493,QC-07,RTG Crane,7.24,1.49,193,Inspection
CRN07482,DR06593,PR00003,SR05330,QC-08,RTG Crane,6.3,0.08,128,Operational
CRN07483,DR01759,PR00004,SR02274,QC-05,Quay Crane,6.82,1.39,249,Inspection
CRN07484,DR02164,PR00006,SR08474,QC-01,Quay Crane,6.53,0.56,144,Operational
CRN07485,DR08628,PR00004,SR01534,QC-07,Quay Crane,5.92,0.56,193,Operational
CRN07486,DR04154,PR00002,SR01427,QC-03,Quay Crane,4.75,1.36,145,Inspection
CRN07487,DR09562,PR00001,SR08801,QC-07,Quay Crane,8.42,1.53,210,Inspection
CRN07488,DR08347,PR00004,SR03986,QC-01,RTG Crane,8.13,0.55,193,Operational
CRN07489,DR02284,PR00005,SR00450,QC-03,Quay Crane,8.12,1.17,262,Inspection
CRN07490,DR09057,PR00005,SR01156,QC-08,Quay Crane,7.61,0.87,198,Operational
CRN07491,DR03844,PR00005,SR05664,QC-02,Quay Crane,5.9,0.27,123,Operational
CRN07492,DR02316,PR00001,SR03336,QC-08,Quay Crane,7.82,0.73,240,Operational
CRN07493,DR04432,PR00005,SR00656,QC-08,RTG Crane,6.3,0.61,185,Operational
CRN07494,DR05936,PR00004,SR06561,QC-02,RTG Crane,6.11,0.43,114,Operational
CRN07495,DR04295,PR00007,SR01582,QC-03,Quay Crane,4.28,1.24,134,Inspection
CRN07496,DR02251,PR00005,SR01793,QC-02,RTG Crane,8.69,0.83,243,Operational
CRN07497,DR02636,PR00003,SR03741,QC-08,Quay Crane,6.06,0.69,187,Operational
CRN07498,DR08297,PR00005,SR06597,QC-08,Quay Crane,8.12,1.07,290,Inspection
CRN07499,DR02242,PR00004,SR04758,QC-01,Quay Crane,5.2,0.49,111,Operational
CRN07500,DR04872,PR00002,SR05749,QC-07,Quay Crane,6.1,1.12,167,Inspection
CRN07501,DR08347,PR00003,SR06694,QC-07,Quay Crane,8.93,1.05,238,Inspection
CRN07502,DR04621,PR00002,SR03188,QC-03,Quay Crane,8.51,1.17,250,Inspection
CRN07503,DR00474,PR00001,SR09991,QC-08,RTG Crane,9.09,1.08,226,Inspection
CRN07504,DR08159,PR00005,SR03262,QC-05,Quay Crane,6.52,2.11,174,Maintenance
CRN07505,DR05450,PR00003,SR08083,QC-04,Quay Crane,5.63,0.33,197,Operational
CRN07506,DR07468,PR00005,SR08500,QC-02,Quay Crane,7.87,0.88,270,Operational
CRN07507,DR05031,PR00003,SR07104,QC-01,Quay Crane,4.85,0.43,147,Operational
CRN07508,DR05608,PR00006,SR03301,QC-08,Quay Crane,6.29,0.66,134,Operational
CRN07509,DR08108,PR00005,SR01053,QC-03,Quay Crane,6.07,0.72,196,Operational
CRN07510,DR07484,PR00005,SR04867,QC-05,RTG Crane,9.48,1.43,202,Inspection
CRN07511,DR02363,PR00003,SR09353,QC-02,Quay Crane,6.22,0.78,107,Operational
CRN07512,DR09522,PR00007,SR08827,QC-01,Quay Crane,7.45,0.73,179,Operational
CRN07513,DR09000,PR00003,SR03197,QC-02,Quay Crane,5.24,0.79,110,Operational
CRN07514,DR05394,PR00006,SR02399,QC-07,Quay Crane,8.79,0.89,244,Operational
CRN07515,DR06880,PR00003,SR02811,QC-05,Quay Crane,8.28,1.97,243,Maintenance
CRN07516,DR04508,PR00002,SR01296,QC-08,Quay Crane,6.58,0.55,193,Operational
CRN07517,DR08662,PR00004,SR05490,QC-05,Quay Crane,8.71,1.78,172,Maintenance
CRN07518,DR04049,PR00003,SR01829,QC-07,RTG Crane,9.33,0.98,207,Operational
CRN07519,DR08694,PR00002,SR01708,QC-06,Quay Crane,6.54,1.32,165,Inspection
CRN07520,DR02961,PR00003,SR02592,QC-01,Quay Crane,8.89,0.48,243,Operational
CRN07521,DR05649,PR00001,SR03214,QC-04,Quay Crane,7.19,0.97,217,Operational
CRN07522,DR08591,PR00007,SR01990,QC-04,Quay Crane,5.18,0.63,163,Operational
CRN07523,DR06210,PR00004,SR00611,QC-06,Quay Crane,7.76,0.51,228,Operational
CRN07524,DR01544,PR00001,SR08828,QC-07,Quay Crane,6.42,1.29,139,Inspection
CRN07525,DR00678,PR00005,SR08489,QC-04,Quay Crane,5.27,0.84,55,Operational
CRN07526,DR07990,PR00004,SR08404,QC-05,Quay Crane,7.54,1.48,159,Inspection
CRN07527,DR07753,PR00005,SR05985,QC-07,RTG Crane,7.79,1.46,242,Inspection
CRN07528,DR01883,PR00004,SR07728,QC-01,Quay Crane,10.0,0.44,330,Operational
CRN07529,DR06139,PR00001,SR03642,QC-02,Quay Crane,7.0,1.13,130,Inspection
CRN07530,DR09150,PR00002,SR01286,QC-05,Quay Crane,5.35,1.91,88,Maintenance
CRN07531,DR06224,PR00005,SR07562,QC-04,Quay Crane,6.53,0.52,225,Operational
CRN07532,DR06156,PR00005,SR04113,QC-07,Quay Crane,8.78,1.08,237,Inspection
CRN07533,DR04405,PR00005,SR08656,QC-04,RTG Crane,10.0,1.12,296,Inspection
CRN07534,DR05305,PR00001,SR08014,QC-08,Quay Crane,8.53,0.82,193,Operational
CRN07535,DR00526,PR00006,SR03885,QC-04,Quay Crane,7.85,0.77,210,Operational
CRN07536,DR02356,PR00003,SR08720,QC-01,Quay Crane,6.56,0.77,232,Operational
CRN07537,DR00121,PR00005,SR02576,QC-04,RTG Crane,6.44,0.93,166,Operational
CRN07538,DR07901,PR00002,SR03121,QC-07,Quay Crane,7.96,1.49,206,Inspection
CRN07539,DR06922,PR00005,SR05815,QC-01,Quay Crane,7.53,0.96,225,Operational
CRN07540,DR07792,PR00007,SR08933,QC-04,Quay Crane,4.87,1.05,173,Inspection
CRN07541,DR06471,PR00002,SR07628,QC-04,RTG Crane,5.33,1.22,153,Inspection
CRN07542,DR08826,PR00006,SR01764,QC-08,Quay Crane,6.84,0.52,200,Operational
CRN07543,DR02936,PR00004,SR07629,QC-01,Quay Crane,7.29,0.41,180,Operational
CRN07544,DR05838,PR00002,SR03859,QC-02,Quay Crane,6.27,1.33,186,Inspection
CRN07545,DR03568,PR00002,SR04849,QC-04,RTG Crane,7.73,0.79,227,Operational
CRN07546,DR09716,PR00005,SR02886,QC-08,Quay Crane,7.6,0.55,232,Operational
CRN07547,DR00742,PR00002,SR08531,QC-04,Quay Crane,7.79,0.57,244,Operational
CRN07548,DR03474,PR00001,SR05946,QC-07,Quay Crane,8.52,1.32,258,Inspection
CRN07549,DR07807,PR00006,SR00145,QC-02,Quay Crane,5.56,0.65,165,Operational
CRN07550,DR02141,PR00004,SR05048,QC-02,Quay Crane,7.39,0.6,180,Operational
CRN07551,DR04548,PR00005,SR01910,QC-07,RTG Crane,7.51,1.25,223,Inspection
CRN07552,DR08940,PR00004,SR08993,QC-04,Quay Crane,8.25,0.76,258,Operational
CRN07553,DR09501,PR00003,SR09709,QC-07,Quay Crane,7.19,1.29,199,Inspection
CRN07554,DR06504,PR00005,SR00069,QC-07,Quay Crane,5.93,0.98,146,Operational
CRN07555,DR08390,PR00001,SR05386,QC-03,Quay Crane,7.11,1.18,202,Inspection
CRN07556,DR05447,PR00002,SR06809,QC-01,RTG Crane,7.16,0.78,176,Operational
CRN07557,DR05443,PR00004,SR02160,QC-07,Quay Crane,7.3,1.21,169,Inspection
CRN07558,DR07892,PR00007,SR05939,QC-03,Quay Crane,9.36,1.8,248,Maintenance
CRN07559,DR00794,PR00003,SR07747,QC-06,Quay Crane,6.34,0.99,171,Operational
CRN07560,DR06508,PR00007,SR01132,QC-05,Quay Crane,7.59,1.8,171,Maintenance
CRN07561,DR08184,PR00005,SR05184,QC-06,Quay Crane,4.42,0.55,138,Operational
CRN07562,DR05938,PR00003,SR02229,QC-04,Quay Crane,5.95,0.47,175,Operational
CRN07563,DR05546,PR00003,SR00317,QC-04,RTG Crane,6.43,0.47,146,Operational
CRN07564,DR08808,PR00001,SR00344,QC-04,Quay Crane,6.67,0.76,198,Operational
CRN07565,DR08427,PR00004,SR01719,QC-06,Quay Crane,8.74,0.57,227,Operational
CRN07566,DR02542,PR00001,SR06413,QC-03,Quay Crane,8.72,1.37,267,Inspection
CRN07567,DR09750,PR00003,SR02492,QC-07,Quay Crane,4.24,1.25,75,Inspection
CRN07568,DR03941,PR00002,SR01738,QC-03,Quay Crane,6.87,1.01,181,Inspection
CRN07569,DR09100,PR00007,SR04663,QC-07,Quay Crane,8.7,1.14,236,Inspection
CRN07570,DR01540,PR00003,SR01227,QC-02,Quay Crane,7.57,0.6,209,Operational
CRN07571,DR09483,PR00003,SR07947,QC-01,RTG Crane,7.0,0.6,248,Operational
CRN07572,DR06345,PR00003,SR07774,QC-01,Quay Crane,6.51,0.46,206,Operational
CRN07573,DR03188,PR00001,SR04190,QC-04,Quay Crane,2.78,1.0,78,Operational
CRN07574,DR06348,PR00002,SR06080,QC-08,Quay Crane,7.22,0.1,204,Operational
CRN07575,DR00309,PR00005,SR03899,QC-08,Quay Crane,4.63,0.93,151,Operational
CRN07576,DR02227,PR00004,SR03773,QC-06,Quay Crane,6.87,0.57,148,Operational
CRN07577,DR05287,PR00003,SR09062,QC-01,Quay Crane,9.11,0.75,276,Operational
CRN07578,DR02214,PR00006,SR09150,QC-08,RTG Crane,8.11,0.28,213,Operational
CRN07579,DR02612,PR00001,SR04122,QC-05,RTG Crane,5.84,1.96,111,Maintenance
CRN07580,DR03160,PR00006,SR08078,QC-04,Quay Crane,7.37,0.93,203,Operational
CRN07581,DR04079,PR00001,SR06533,QC-05,Quay Crane,9.15,1.74,229,Maintenance
CRN07582,DR05288,PR00006,SR00683,QC-03,Quay Crane,6.79,1.47,203,Inspection
CRN07583,DR07840,PR00007,SR08536,QC-05,Quay Crane,7.85,1.66,198,Maintenance
CRN07584,DR02810,PR00006,SR05504,QC-01,Quay Crane,7.82,0.83,239,Operational
CRN07585,DR09946,PR00001,SR06534,QC-04,Quay Crane,7.41,0.47,221,Operational
CRN07586,DR06114,PR00003,SR06659,QC-07,Quay Crane,6.68,0.99,164,Operational
CRN07587,DR03111,PR00006,SR08642,QC-02,Quay Crane,10.0,0.83,250,Operational
CRN07588,DR00993,PR00004,SR06594,QC-02,Quay Crane,9.52,1.02,281,Inspection
CRN07589,DR04224,PR00002,SR09347,QC-02,Quay Crane,7.38,0.64,215,Operational
CRN07590,DR05511,PR00003,SR04650,QC-03,Quay Crane,6.73,1.3,167,Inspection
CRN07591,DR04299,PR00001,SR01146,QC-06,RTG Crane,7.92,0.86,239,Operational
CRN07592,DR08881,PR00003,SR04547,QC-03,RTG Crane,10.0,1.62,245,Maintenance
CRN07593,DR06089,PR00001,SR03693,QC-04,RTG Crane,7.72,0.92,209,Operational
CRN07594,DR09640,PR00004,SR08339,QC-04,Quay Crane,8.82,0.46,219,Operational
CRN07595,DR07037,PR00003,SR06219,QC-04,Quay Crane,5.98,0.05,159,Operational
CRN07596,DR09404,PR00001,SR06965,QC-04,Quay Crane,7.97,0.27,233,Operational
CRN07597,DR01525,PR00001,SR06663,QC-01,Quay Crane,9.58,0.89,220,Operational
CRN07598,DR00632,PR00007,SR09615,QC-05,Quay Crane,8.77,2.26,242,Maintenance
CRN07599,DR04031,PR00004,SR05067,QC-03,Quay Crane,9.19,1.25,262,Inspection
CRN07600,DR09552,PR00004,SR09621,QC-07,Quay Crane,6.94,1.13,216,Inspection
CRN07601,DR01707,PR00005,SR08630,QC-01,Quay Crane,6.48,0.56,215,Operational
CRN07602,DR05749,PR00004,SR09547,QC-03,Quay Crane,8.78,1.35,255,Inspection
CRN07603,DR04960,PR00003,SR06192,QC-02,Quay Crane,6.18,1.13,186,Inspection
CRN07604,DR08347,PR00004,SR00783,QC-04,Quay Crane,9.48,1.0,221,Operational
CRN07605,DR00141,PR00002,SR09471,QC-03,RTG Crane,8.75,1.04,256,Inspection
CRN07606,DR06006,PR00004,SR02771,QC-03,Quay Crane,10.0,1.14,309,Inspection
CRN07607,DR00101,PR00002,SR02710,QC-01,Quay Crane,6.52,0.58,216,Operational
CRN07608,DR07167,PR00007,SR02191,QC-01,Quay Crane,5.79,1.04,168,Inspection
CRN07609,DR02214,PR00003,SR08943,QC-02,Quay Crane,8.26,0.93,257,Operational
CRN07610,DR09970,PR00002,SR02426,QC-06,Quay Crane,7.63,1.01,265,Inspection
CRN07611,DR05656,PR00004,SR01127,QC-03,Quay Crane,5.81,1.25,140,Inspection
CRN07612,DR07517,PR00001,SR03114,QC-04,Quay Crane,8.43,0.44,268,Operational
CRN07613,DR03253,PR00003,SR09668,QC-01,Quay Crane,9.86,0.33,301,Operational
CRN07614,DR04102,PR00006,SR07672,QC-06,RTG Crane,9.9,0.75,247,Operational
CRN07615,DR01234,PR00005,SR08485,QC-05,Quay Crane,7.1,2.13,194,Maintenance
CRN07616,DR01504,PR00005,SR03789,QC-07,Quay Crane,5.34,1.51,157,Inspection
CRN07617,DR01685,PR00003,SR02058,QC-01,Quay Crane,6.27,0.8,152,Operational
CRN07618,DR00922,PR00003,SR01718,QC-06,Quay Crane,5.82,0.81,128,Operational
CRN07619,DR02948,PR00001,SR04932,QC-06,Quay Crane,6.06,0.93,183,Operational
CRN07620,DR08205,PR00004,SR06780,QC-03,RTG Crane,7.57,2.08,196,Maintenance
CRN07621,DR00437,PR00004,SR05019,QC-06,Quay Crane,5.98,1.13,143,Inspection
CRN07622,DR00815,PR00001,SR00510,QC-08,Quay Crane,4.7,0.54,82,Operational
CRN07623,DR05812,PR00001,SR07085,QC-02,Quay Crane,5.78,0.56,163,Operational
CRN07624,DR09550,PR00001,SR00424,QC-03,Quay Crane,9.43,1.54,238,Inspection
CRN07625,DR07827,PR00002,SR07386,QC-01,Quay Crane,8.32,0.63,192,Operational
CRN07626,DR07125,PR00001,SR04963,QC-07,Quay Crane,5.64,1.01,165,Inspection
CRN07627,DR06693,PR00003,SR01285,QC-06,RTG Crane,8.01,1.1,228,Inspection
CRN07628,DR02565,PR00003,SR08493,QC-02,Quay Crane,7.23,0.56,170,Operational
CRN07629,DR00278,PR00003,SR02487,QC-07,Quay Crane,6.8,1.63,146,Maintenance
CRN07630,DR07776,PR00001,SR08213,QC-07,RTG Crane,6.75,1.12,150,Inspection
CRN07631,DR03663,PR00003,SR01075,QC-05,Quay Crane,9.24,2.05,252,Maintenance
CRN07632,DR05839,PR00006,SR05348,QC-08,Quay Crane,5.87,0.96,180,Operational
CRN07633,DR08917,PR00002,SR01229,QC-04,RTG Crane,7.5,0.53,141,Operational
CRN07634,DR00364,PR00002,SR05876,QC-04,Quay Crane,6.51,0.82,163,Operational
CRN07635,DR07412,PR00004,SR06540,QC-04,Quay Crane,5.32,1.24,135,Inspection
CRN07636,DR09738,PR00002,SR08140,QC-04,Quay Crane,8.76,1.1,330,Inspection
CRN07637,DR00246,PR00002,SR04690,QC-02,RTG Crane,9.12,0.3,253,Operational
CRN07638,DR05378,PR00003,SR00940,QC-07,RTG Crane,7.34,1.33,176,Inspection
CRN07639,DR00646,PR00003,SR05564,QC-03,RTG Crane,8.56,1.72,258,Maintenance
CRN07640,DR02565,PR00006,SR05560,QC-01,Quay Crane,6.46,0.82,137,Operational
CRN07641,DR07443,PR00006,SR07735,QC-06,RTG Crane,8.33,1.09,178,Inspection
CRN07642,DR07475,PR00003,SR01860,QC-08,Quay Crane,7.16,1.0,212,Operational
CRN07643,DR08703,PR00003,SR03697,QC-08,Quay Crane,6.11,0.66,180,Operational
CRN07644,DR00840,PR00007,SR07246,QC-01,Quay Crane,7.02,1.27,158,Inspection
CRN07645,DR04213,PR00003,SR07779,QC-07,Quay Crane,7.2,0.99,209,Operational
CRN07646,DR09677,PR00007,SR07102,QC-03,Quay Crane,7.93,1.44,200,Inspection
CRN07647,DR08447,PR00005,SR03617,QC-02,Quay Crane,3.63,0.69,66,Operational
CRN07648,DR01726,PR00002,SR09868,QC-07,Quay Crane,6.58,1.54,209,Inspection
CRN07649,DR07123,PR00002,SR09335,QC-01,Quay Crane,9.03,0.58,229,Operational
CRN07650,DR09126,PR00001,SR07406,QC-04,Quay Crane,7.05,0.26,203,Operational
CRN07651,DR06697,PR00006,SR08838,QC-01,Quay Crane,5.29,0.1,193,Operational
CRN07652,DR03144,PR00002,SR06640,QC-05,Quay Crane,8.72,1.44,258,Inspection
CRN07653,DR04272,PR00005,SR06688,QC-01,RTG Crane,8.08,0.09,205,Operational
CRN07654,DR04208,PR00004,SR09538,QC-01,Quay Crane,6.03,0.75,205,Operational
CRN07655,DR08813,PR00006,SR09886,QC-07,Quay Crane,5.19,1.08,126,Inspection
CRN07656,DR03043,PR00005,SR04844,QC-07,Quay Crane,8.27,1.25,193,Inspection
CRN07657,DR07007,PR00001,SR09159,QC-06,Quay Crane,6.65,1.11,176,Inspection
CRN07658,DR00402,PR00002,SR07204,QC-03,Quay Crane,2.8,0.96,45,Operational
CRN07659,DR04292,PR00003,SR07067,QC-08,Quay Crane,5.38,0.5,117,Operational
CRN07660,DR09179,PR00006,SR08535,QC-05,Quay Crane,6.64,2.42,138,Maintenance
CRN07661,DR07174,PR00005,SR03347,QC-04,Quay Crane,9.9,1.02,330,Inspection
CRN07662,DR00117,PR00004,SR04758,QC-07,Quay Crane,8.28,1.35,242,Inspection
CRN07663,DR09220,PR00006,SR02659,QC-06,Quay Crane,4.86,1.07,76,Inspection
CRN07664,DR07662,PR00003,SR04401,QC-08,Quay Crane,6.12,0.61,192,Operational
CRN07665,DR02613,PR00001,SR05563,QC-07,Quay Crane,9.36,0.95,283,Operational
CRN07666,DR04442,PR00006,SR02532,QC-07,Quay Crane,5.47,1.64,107,Maintenance
CRN07667,DR08759,PR00003,SR04931,QC-06,Quay Crane,8.28,0.51,216,Operational
CRN07668,DR06467,PR00006,SR02220,QC-07,Quay Crane,5.91,0.82,95,Operational
CRN07669,DR09600,PR00003,SR04780,QC-07,Quay Crane,6.62,1.23,163,Inspection
CRN07670,DR03082,PR00004,SR06780,QC-04,RTG Crane,4.5,0.73,63,Operational
CRN07671,DR07687,PR00002,SR06225,QC-04,Quay Crane,6.77,1.1,185,Inspection
CRN07672,DR07169,PR00003,SR02568,QC-06,Quay Crane,6.75,0.44,231,Operational
CRN07673,DR03940,PR00001,SR04142,QC-03,RTG Crane,6.62,1.46,198,Inspection
CRN07674,DR03185,PR00005,SR06220,QC-08,Quay Crane,10.0,0.68,289,Operational
CRN07675,DR02481,PR00002,SR06622,QC-06,RTG Crane,8.45,0.94,239,Operational
CRN07676,DR08720,PR00002,SR06671,QC-01,Quay Crane,5.91,0.2,215,Operational
CRN07677,DR06625,PR00002,SR01972,QC-08,Quay Crane,5.74,0.51,190,Operational
CRN07678,DR03783,PR00003,SR01344,QC-03,RTG Crane,8.44,1.28,169,Inspection
CRN07679,DR03492,PR00004,SR08679,QC-07,Quay Crane,5.54,1.81,135,Maintenance
CRN07680,DR03089,PR00005,SR05066,QC-02,Quay Crane,6.52,0.98,141,Operational
CRN07681,DR01819,PR00005,SR07989,QC-08,Quay Crane,8.74,0.32,277,Operational
CRN07682,DR05516,PR00003,SR02273,QC-01,Quay Crane,6.56,0.96,192,Operational
CRN07683,DR07859,PR00003,SR03972,QC-02,Quay Crane,6.16,1.01,139,Inspection
CRN07684,DR08486,PR00001,SR04387,QC-03,Quay Crane,6.15,1.32,204,Inspection
CRN07685,DR08211,PR00003,SR05861,QC-08,Quay Crane,5.88,0.6,177,Operational
CRN07686,DR02463,PR00006,SR05799,QC-06,Quay Crane,8.79,0.82,320,Operational
CRN07687,DR05939,PR00003,SR04696,QC-02,Quay Crane,7.47,0.86,179,Operational
CRN07688,DR07655,PR00007,SR03866,QC-08,RTG Crane,6.77,0.75,177,Operational
CRN07689,DR03689,PR00001,SR03834,QC-03,Quay Crane,6.94,1.37,140,Inspection
CRN07690,DR04148,PR00005,SR05127,QC-05,Quay Crane,8.26,1.8,199,Maintenance
CRN07691,DR01299,PR00005,SR07977,QC-01,RTG Crane,6.43,0.62,155,Operational
CRN07692,DR04641,PR00005,SR09127,QC-07,Quay Crane,7.19,1.37,200,Inspection
CRN07693,DR05750,PR00004,SR06512,QC-07,Quay Crane,5.79,1.3,130,Inspection
CRN07694,DR00150,PR00001,SR09045,QC-04,Quay Crane,9.54,0.87,249,Operational
CRN07695,DR02094,PR00005,SR04910,QC-04,RTG Crane,7.82,0.48,199,Operational
CRN07696,DR06526,PR00003,SR05812,QC-07,Quay Crane,5.25,1.36,127,Inspection
CRN07697,DR00410,PR00003,SR09033,QC-02,Quay Crane,6.32,0.52,190,Operational
CRN07698,DR03947,PR00001,SR02370,QC-07,RTG Crane,6.22,1.42,94,Inspection
CRN07699,DR01205,PR00001,SR02613,QC-08,Quay Crane,6.89,0.22,210,Operational
CRN07700,DR06525,PR00007,SR00323,QC-06,RTG Crane,9.94,1.24,267,Inspection
CRN07701,DR07466,PR00002,SR08542,QC-02,Quay Crane,6.5,1.1,155,Inspection
CRN07702,DR08595,PR00003,SR04808,QC-03,Quay Crane,6.9,1.44,177,Inspection
CRN07703,DR08440,PR00001,SR06260,QC-04,Quay Crane,6.08,0.53,177,Operational
CRN07704,DR08784,PR00004,SR04846,QC-07,Quay Crane,7.39,1.18,225,Inspection
CRN07705,DR06044,PR00005,SR03177,QC-02,Quay Crane,6.14,1.05,154,Inspection
CRN07706,DR09302,PR00007,SR02009,QC-01,RTG Crane,6.04,0.72,205,Operational
CRN07707,DR00433,PR00004,SR03689,QC-08,Quay Crane,6.43,0.47,226,Operational
CRN07708,DR06919,PR00002,SR01793,QC-04,Quay Crane,7.3,0.6,202,Operational
CRN07709,DR05718,PR00001,SR05006,QC-06,Quay Crane,6.9,1.58,236,Maintenance
CRN07710,DR08753,PR00002,SR04037,QC-05,Quay Crane,7.09,1.53,143,Inspection
CRN07711,DR07864,PR00004,SR08387,QC-07,Quay Crane,8.43,0.64,200,Operational
CRN07712,DR07414,PR00007,SR07557,QC-01,Quay Crane,5.29,0.05,179,Operational
CRN07713,DR09601,PR00001,SR03357,QC-07,Quay Crane,7.41,1.19,250,Inspection
CRN07714,DR07459,PR00003,SR09152,QC-08,Quay Crane,8.92,0.44,215,Operational
CRN07715,DR02829,PR00004,SR07060,QC-01,RTG Crane,8.83,0.51,269,Operational
CRN07716,DR08863,PR00004,SR01536,QC-04,Quay Crane,7.41,0.93,244,Operational
CRN07717,DR04580,PR00004,SR02766,QC-07,Quay Crane,8.14,1.68,191,Maintenance
CRN07718,DR00373,PR00003,SR08526,QC-05,RTG Crane,9.02,1.89,203,Maintenance
CRN07719,DR05351,PR00002,SR02895,QC-02,Quay Crane,6.01,0.86,166,Operational
CRN07720,DR02958,PR00003,SR03197,QC-02,Quay Crane,6.61,1.27,150,Inspection
CRN07721,DR00786,PR00003,SR03438,QC-03,Quay Crane,6.29,1.5,94,Inspection
CRN07722,DR08690,PR00005,SR06509,QC-05,Quay Crane,6.83,1.98,198,Maintenance
CRN07723,DR08538,PR00001,SR04868,QC-06,Quay Crane,5.91,1.29,153,Inspection
CRN07724,DR03203,PR00003,SR07555,QC-05,Quay Crane,6.51,1.81,148,Maintenance
CRN07725,DR05959,PR00007,SR00039,QC-05,Quay Crane,7.97,1.48,232,Inspection
CRN07726,DR07778,PR00003,SR02653,QC-03,Quay Crane,6.59,1.36,169,Inspection
CRN07727,DR06890,PR00002,SR08805,QC-01,Quay Crane,7.39,0.33,238,Operational
CRN07728,DR03449,PR00007,SR06998,QC-08,Quay Crane,6.03,0.52,181,Operational
CRN07729,DR07121,PR00002,SR01428,QC-02,RTG Crane,8.37,0.65,197,Operational
CRN07730,DR02894,PR00005,SR03179,QC-05,Quay Crane,4.87,1.85,150,Maintenance
CRN07731,DR04064,PR00001,SR04538,QC-08,Quay Crane,6.83,0.67,217,Operational
CRN07732,DR02758,PR00006,SR00472,QC-01,Quay Crane,8.61,0.2,236,Operational
CRN07733,DR01057,PR00001,SR07087,QC-04,Quay Crane,6.69,1.05,229,Inspection
CRN07734,DR09475,PR00003,SR04580,QC-01,Quay Crane,5.91,0.77,167,Operational
CRN07735,DR08670,PR00007,SR04475,QC-06,RTG Crane,8.86,0.68,261,Operational
CRN07736,DR05011,PR00004,SR04410,QC-06,Quay Crane,6.08,1.02,160,Inspection
CRN07737,DR04198,PR00002,SR00633,QC-03,Quay Crane,6.75,1.95,118,Maintenance
CRN07738,DR01726,PR00001,SR02268,QC-07,RTG Crane,6.68,1.24,205,Inspection
CRN07739,DR04375,PR00001,SR03485,QC-08,Quay Crane,6.47,0.63,178,Operational
CRN07740,DR07921,PR00002,SR02202,QC-06,RTG Crane,8.87,0.6,206,Operational
CRN07741,DR06019,PR00003,SR06236,QC-08,Quay Crane,4.93,0.43,149,Operational
CRN07742,DR07324,PR00003,SR05839,QC-04,RTG Crane,6.17,0.73,180,Operational
CRN07743,DR06535,PR00007,SR09401,QC-03,Quay Crane,7.02,1.5,187,Inspection
CRN07744,DR07818,PR00005,SR03666,QC-02,Quay Crane,7.96,0.68,212,Operational
CRN07745,DR06761,PR00007,SR01352,QC-06,RTG Crane,5.48,0.98,147,Operational
CRN07746,DR00346,PR00003,SR00851,QC-08,Quay Crane,8.13,1.02,207,Inspection
CRN07747,DR09388,PR00003,SR02498,QC-03,Quay Crane,7.81,1.39,211,Inspection
CRN07748,DR07162,PR00004,SR09241,QC-03,Quay Crane,5.18,1.64,115,Maintenance
CRN07749,DR03702,PR00003,SR09550,QC-01,Quay Crane,6.3,0.52,153,Operational
CRN07750,DR09905,PR00002,SR08236,QC-07,Quay Crane,6.81,1.47,163,Inspection
CRN07751,DR04237,PR00006,SR00688,QC-03,Quay Crane,8.88,1.48,263,Inspection
CRN07752,DR07189,PR00005,SR07103,QC-01,Quay Crane,9.1,0.35,240,Operational
CRN07753,DR07002,PR00002,SR09983,QC-04,Quay Crane,8.35,0.44,232,Operational
CRN07754,DR03751,PR00003,SR09931,QC-04,Quay Crane,6.37,1.03,124,Inspection
CRN07755,DR03272,PR00002,SR06774,QC-07,Quay Crane,7.57,1.36,207,Inspection
CRN07756,DR00213,PR00004,SR03129,QC-06,Quay Crane,7.62,0.7,233,Operational
CRN07757,DR09691,PR00002,SR02126,QC-07,Quay Crane,5.44,1.19,157,Inspection
CRN07758,DR09697,PR00006,SR06068,QC-06,Quay Crane,6.93,1.1,163,Inspection
CRN07759,DR00362,PR00003,SR07010,QC-01,Quay Crane,9.47,0.05,273,Operational
CRN07760,DR04342,PR00003,SR05712,QC-07,Quay Crane,5.52,1.26,126,Inspection
CRN07761,DR06996,PR00005,SR02798,QC-06,Quay Crane,7.68,1.12,215,Inspection
CRN07762,DR09610,PR00007,SR00364,QC-06,Quay Crane,7.24,0.97,169,Operational
CRN07763,DR04057,PR00006,SR07172,QC-06,Quay Crane,5.85,1.14,187,Inspection
CRN07764,DR04750,PR00003,SR08407,QC-04,Quay Crane,8.28,0.45,266,Operational
CRN07765,DR01478,PR00002,SR02449,QC-07,Quay Crane,6.38,1.67,157,Maintenance
CRN07766,DR07791,PR00004,SR01132,QC-03,Quay Crane,9.01,0.61,228,Operational
CRN07767,DR06411,PR00006,SR01645,QC-03,Quay Crane,10.0,0.96,226,Operational
CRN07768,DR05729,PR00007,SR09440,QC-01,Quay Crane,7.29,0.75,268,Operational
CRN07769,DR03754,PR00003,SR02192,QC-08,RTG Crane,9.93,0.67,285,Operational
CRN07770,DR09306,PR00004,SR01017,QC-02,RTG Crane,7.39,0.39,196,Operational
CRN07771,DR09492,PR00002,SR04054,QC-08,Quay Crane,3.96,0.91,88,Operational
CRN07772,DR00783,PR00001,SR08822,QC-07,RTG Crane,6.75,0.92,148,Operational
CRN07773,DR00690,PR00002,SR02681,QC-07,Quay Crane,7.11,1.35,212,Inspection
CRN07774,DR01549,PR00001,SR04884,QC-01,RTG Crane,9.84,0.05,288,Operational
CRN07775,DR04562,PR00003,SR08815,QC-05,Quay Crane,7.37,1.46,177,Inspection
CRN07776,DR01275,PR00003,SR01072,QC-01,Quay Crane,3.93,0.78,115,Operational
CRN07777,DR05554,PR00005,SR08760,QC-02,Quay Crane,7.85,1.31,226,Inspection
CRN07778,DR04952,PR00004,SR07683,QC-08,RTG Crane,7.35,0.66,209,Operational
CRN07779,DR05994,PR00001,SR07443,QC-02,Quay Crane,6.93,0.85,240,Operational
CRN07780,DR01946,PR00005,SR07798,QC-06,Quay Crane,7.19,0.58,186,Operational
CRN07781,DR06207,PR00001,SR00357,QC-05,Quay Crane,8.93,1.67,190,Maintenance
CRN07782,DR03668,PR00001,SR05973,QC-03,Quay Crane,7.44,1.11,210,Inspection
CRN07783,DR08029,PR00007,SR01628,QC-08,Quay Crane,7.49,0.43,198,Operational
CRN07784,DR04295,PR00001,SR06833,QC-07,Quay Crane,6.45,0.82,173,Operational
CRN07785,DR01966,PR00002,SR07839,QC-07,Quay Crane,5.3,1.39,152,Inspection
CRN07786,DR00686,PR00004,SR03529,QC-08,Quay Crane,7.48,0.5,173,Operational
CRN07787,DR04816,PR00003,SR09301,QC-04,Quay Crane,6.36,1.06,123,Inspection
CRN07788,DR04088,PR00003,SR04137,QC-03,Quay Crane,7.42,1.11,221,Inspection
CRN07789,DR01117,PR00005,SR00999,QC-07,Quay Crane,4.17,1.14,112,Inspection
CRN07790,DR01153,PR00004,SR05183,QC-04,RTG Crane,7.36,0.73,246,Operational
CRN07791,DR04358,PR00003,SR00892,QC-08,Quay Crane,7.11,0.49,221,Operational
CRN07792,DR06384,PR00006,SR02966,QC-01,Quay Crane,7.29,0.17,210,Operational
CRN07793,DR03695,PR00001,SR07356,QC-05,Quay Crane,7.55,1.92,155,Maintenance
CRN07794,DR03936,PR00003,SR05516,QC-01,Quay Crane,7.92,0.75,273,Operational
CRN07795,DR05552,PR00002,SR03278,QC-08,Quay Crane,8.04,0.7,158,Operational
CRN07796,DR02667,PR00001,SR07179,QC-04,Quay Crane,6.92,0.97,182,Operational
CRN07797,DR06924,PR00007,SR04898,QC-08,RTG Crane,8.61,0.43,205,Operational
CRN07798,DR00972,PR00005,SR03758,QC-04,Quay Crane,7.08,1.26,187,Inspection
CRN07799,DR05906,PR00002,SR01205,QC-07,Quay Crane,5.17,1.15,139,Inspection
CRN07800,DR02058,PR00003,SR07991,QC-03,Quay Crane,8.26,1.31,194,Inspection
CRN07801,DR04873,PR00002,SR08188,QC-03,Quay Crane,6.9,1.49,146,Inspection
CRN07802,DR06173,PR00005,SR07661,QC-07,Quay Crane,6.64,1.69,157,Maintenance
CRN07803,DR05108,PR00002,SR08550,QC-01,Quay Crane,9.42,0.47,261,Operational
CRN07804,DR07954,PR00007,SR00872,QC-02,Quay Crane,6.87,1.15,197,Inspection
CRN07805,DR03285,PR00002,SR02948,QC-02,RTG Crane,7.64,0.86,219,Operational
CRN07806,DR07846,PR00002,SR00298,QC-06,Quay Crane,8.76,0.52,226,Operational
CRN07807,DR01587,PR00007,SR00814,QC-04,RTG Crane,6.41,0.76,150,Operational
CRN07808,DR02050,PR00006,SR09541,QC-07,Quay Crane,8.31,1.16,264,Inspection
CRN07809,DR06001,PR00002,SR07399,QC-04,Quay Crane,7.46,1.09,154,Inspection
CRN07810,DR04003,PR00003,SR01125,QC-07,Quay Crane,9.16,0.95,269,Operational
CRN07811,DR01613,PR00006,SR07774,QC-03,Quay Crane,6.36,1.2,144,Inspection
CRN07812,DR06447,PR00005,SR06082,QC-04,Quay Crane,6.24,0.41,178,Operational
CRN07813,DR00614,PR00004,SR04998,QC-04,Quay Crane,7.63,0.91,245,Operational
CRN07814,DR08220,PR00004,SR07279,QC-06,Quay Crane,5.74,0.94,151,Operational
CRN07815,DR04493,PR00007,SR08743,QC-06,RTG Crane,9.08,1.05,261,Inspection
CRN07816,DR02356,PR00003,SR08187,QC-03,Quay Crane,6.78,1.48,180,Inspection
CRN07817,DR01255,PR00001,SR07396,QC-06,Quay Crane,9.79,0.39,278,Operational
CRN07818,DR09677,PR00003,SR06298,QC-04,Quay Crane,5.71,0.11,161,Operational
CRN07819,DR06434,PR00005,SR07184,QC-07,Quay Crane,8.77,1.49,244,Inspection
CRN07820,DR01691,PR00003,SR02862,QC-08,Quay Crane,6.83,0.45,171,Operational
CRN07821,DR04158,PR00002,SR05799,QC-02,Quay Crane,6.3,0.98,154,Operational
CRN07822,DR00585,PR00004,SR04939,QC-05,Quay Crane,7.87,1.86,180,Maintenance
CRN07823,DR09187,PR00003,SR09196,QC-08,Quay Crane,7.41,1.08,222,Inspection
CRN07824,DR03187,PR00007,SR06198,QC-06,Quay Crane,8.04,0.92,287,Operational
CRN07825,DR00954,PR00002,SR05761,QC-01,RTG Crane,6.15,0.76,197,Operational
CRN07826,DR04095,PR00005,SR09914,QC-04,RTG Crane,4.88,0.71,153,Operational
CRN07827,DR08131,PR00004,SR07420,QC-03,RTG Crane,8.18,1.4,196,Inspection
CRN07828,DR08173,PR00001,SR07355,QC-08,Quay Crane,6.19,0.52,113,Operational
CRN07829,DR03308,PR00003,SR06657,QC-05,Quay Crane,7.28,1.88,118,Maintenance
CRN07830,DR08181,PR00001,SR02706,QC-02,RTG Crane,8.12,0.71,140,Operational
CRN07831,DR07317,PR00006,SR03970,QC-04,Quay Crane,7.43,0.43,205,Operational
CRN07832,DR01148,PR00005,SR02261,QC-06,Quay Crane,6.9,0.83,162,Operational
CRN07833,DR07331,PR00001,SR05533,QC-03,RTG Crane,6.36,1.27,174,Inspection
CRN07834,DR00753,PR00003,SR00193,QC-02,RTG Crane,8.84,0.95,256,Operational
CRN07835,DR06442,PR00007,SR02128,QC-04,Quay Crane,8.35,0.38,218,Operational
CRN07836,DR07837,PR00002,SR05467,QC-01,Quay Crane,8.93,0.19,226,Operational
CRN07837,DR04186,PR00007,SR09631,QC-08,Quay Crane,5.53,0.76,186,Operational
CRN07838,DR09641,PR00001,SR01505,QC-05,Quay Crane,6.23,1.83,173,Maintenance
CRN07839,DR01676,PR00001,SR01273,QC-01,Quay Crane,6.62,0.95,179,Operational
CRN07840,DR05621,PR00003,SR01132,QC-06,Quay Crane,7.72,0.59,216,Operational
CRN07841,DR05541,PR00002,SR04455,QC-04,Quay Crane,9.72,0.58,294,Operational
CRN07842,DR02442,PR00006,SR01030,QC-02,Quay Crane,7.29,1.2,179,Inspection
CRN07843,DR05055,PR00005,SR00496,QC-02,RTG Crane,6.56,0.39,211,Operational
CRN07844,DR04483,PR00005,SR05404,QC-01,RTG Crane,7.57,0.68,226,Operational
CRN07845,DR08270,PR00005,SR01640,QC-03,Quay Crane,5.15,1.36,177,Inspection
CRN07846,DR06034,PR00005,SR01213,QC-08,Quay Crane,4.03,0.82,153,Operational
CRN07847,DR01005,PR00005,SR05223,QC-03,Quay Crane,5.42,1.56,158,Maintenance
CRN07848,DR02279,PR00004,SR04265,QC-06,Quay Crane,6.58,0.7,213,Operational
CRN07849,DR09887,PR00006,SR04642,QC-01,Quay Crane,7.84,0.92,212,Operational
CRN07850,DR07456,PR00004,SR01553,QC-05,Quay Crane,8.87,1.88,254,Maintenance
CRN07851,DR03136,PR00002,SR09270,QC-06,Quay Crane,9.19,1.02,209,Inspection
CRN07852,DR00315,PR00003,SR05658,QC-07,Quay Crane,8.55,1.32,267,Inspection
CRN07853,DR08518,PR00003,SR05749,QC-03,Quay Crane,5.24,1.52,138,Inspection
CRN07854,DR02234,PR00002,SR06280,QC-02,Quay Crane,6.87,0.52,156,Operational
CRN07855,DR06804,PR00003,SR05076,QC-03,Quay Crane,9.33,1.43,274,Inspection
CRN07856,DR00369,PR00003,SR09283,QC-02,Quay Crane,5.09,0.9,170,Operational
CRN07857,DR01088,PR00001,SR02831,QC-05,Quay Crane,7.21,1.68,193,Maintenance
CRN07858,DR08029,PR00006,SR07412,QC-01,Quay Crane,7.23,0.66,190,Operational
CRN07859,DR00874,PR00005,SR05684,QC-05,Quay Crane,8.4,1.89,159,Maintenance
CRN07860,DR00648,PR00002,SR08550,QC-04,Quay Crane,2.98,0.37,79,Operational
CRN07861,DR01098,PR00007,SR05734,QC-08,Quay Crane,8.11,0.73,270,Operational
CRN07862,DR01717,PR00007,SR09398,QC-07,Quay Crane,5.37,1.05,125,Inspection
CRN07863,DR05892,PR00006,SR08873,QC-01,Quay Crane,8.5,0.91,214,Operational
CRN07864,DR05174,PR00001,SR02467,QC-08,Quay Crane,5.31,0.64,178,Operational
CRN07865,DR05967,PR00003,SR08952,QC-07,Quay Crane,7.37,0.93,154,Operational
CRN07866,DR08734,PR00003,SR04223,QC-07,Quay Crane,4.26,1.41,90,Inspection
CRN07867,DR07864,PR00005,SR04151,QC-03,Quay Crane,5.65,1.07,170,Inspection
CRN07868,DR03583,PR00004,SR09967,QC-06,Quay Crane,7.91,1.08,235,Inspection
CRN07869,DR00903,PR00005,SR03698,QC-05,Quay Crane,6.18,1.66,122,Maintenance
CRN07870,DR07655,PR00005,SR03098,QC-01,Quay Crane,8.1,0.63,247,Operational
CRN07871,DR00121,PR00007,SR07617,QC-07,RTG Crane,7.65,0.74,233,Operational
CRN07872,DR05041,PR00004,SR01871,QC-08,Quay Crane,6.96,0.19,175,Operational
CRN07873,DR05925,PR00007,SR00775,QC-03,Quay Crane,3.95,1.64,96,Maintenance
CRN07874,DR09566,PR00006,SR06240,QC-05,Quay Crane,7.43,2.09,216,Maintenance
CRN07875,DR07636,PR00002,SR02262,QC-07,Quay Crane,8.25,1.36,211,Inspection
CRN07876,DR07315,PR00006,SR07413,QC-08,Quay Crane,7.95,0.89,168,Operational
CRN07877,DR06077,PR00001,SR02849,QC-01,Quay Crane,5.92,0.43,185,Operational
CRN07878,DR07870,PR00001,SR02991,QC-05,Quay Crane,7.54,1.65,233,Maintenance
CRN07879,DR04515,PR00007,SR05392,QC-06,RTG Crane,6.89,0.77,195,Operational
CRN07880,DR04647,PR00003,SR05305,QC-05,Quay Crane,7.4,1.74,179,Maintenance
CRN07881,DR06835,PR00003,SR01799,QC-03,Quay Crane,9.01,1.65,237,Maintenance
CRN07882,DR06094,PR00007,SR08144,QC-05,Quay Crane,7.6,1.76,168,Maintenance
CRN07883,DR09013,PR00003,SR02326,QC-03,Quay Crane,6.4,1.13,113,Inspection
CRN07884,DR07756,PR00002,SR00989,QC-08,Quay Crane,7.98,0.75,242,Operational
CRN07885,DR04722,PR00001,SR01169,QC-07,Quay Crane,7.33,1.05,225,Inspection
CRN07886,DR00825,PR00003,SR09383,QC-05,Quay Crane,8.68,1.87,251,Maintenance
CRN07887,DR06703,PR00001,SR04823,QC-03,RTG Crane,5.52,1.59,142,Maintenance
CRN07888,DR04309,PR00001,SR01689,QC-02,Quay Crane,5.42,0.8,188,Operational
CRN07889,DR00821,PR00006,SR05637,QC-03,Quay Crane,6.82,1.41,181,Inspection
CRN07890,DR02954,PR00002,SR00898,QC-04,Quay Crane,4.58,0.9,123,Operational
CRN07891,DR04704,PR00004,SR00326,QC-04,Quay Crane,6.55,0.89,78,Operational
CRN07892,DR06896,PR00001,SR06547,QC-03,Quay Crane,7.47,1.17,190,Inspection
CRN07893,DR08031,PR00003,SR00978,QC-03,Quay Crane,8.83,1.16,176,Inspection
CRN07894,DR08575,PR00004,SR03407,QC-05,Quay Crane,6.63,1.61,211,Maintenance
CRN07895,DR03117,PR00003,SR08707,QC-07,Quay Crane,8.48,1.25,227,Inspection
CRN07896,DR06376,PR00002,SR05811,QC-03,Quay Crane,7.5,1.3,237,Inspection
CRN07897,DR06446,PR00002,SR06466,QC-07,RTG Crane,6.98,1.32,148,Inspection
CRN07898,DR00413,PR00001,SR03602,QC-05,Quay Crane,5.71,1.52,146,Inspection
CRN07899,DR07214,PR00001,SR09950,QC-04,RTG Crane,6.3,0.52,159,Operational
CRN07900,DR04657,PR00003,SR03698,QC-06,Quay Crane,6.36,1.19,98,Inspection
CRN07901,DR08479,PR00001,SR04442,QC-02,RTG Crane,6.71,0.76,220,Operational
CRN07902,DR06776,PR00002,SR01655,QC-05,RTG Crane,6.37,1.8,190,Maintenance
CRN07903,DR03423,PR00001,SR01964,QC-06,Quay Crane,8.45,0.63,238,Operational
CRN07904,DR04407,PR00006,SR01295,QC-08,Quay Crane,6.96,0.84,207,Operational
CRN07905,DR03321,PR00003,SR07805,QC-04,Quay Crane,9.62,0.91,237,Operational
CRN07906,DR08681,PR00004,SR06546,QC-05,Quay Crane,5.82,1.93,108,Maintenance
CRN07907,DR08380,PR00004,SR02424,QC-06,Quay Crane,8.37,0.66,205,Operational
CRN07908,DR07585,PR00003,SR06510,QC-01,Quay Crane,5.47,0.77,121,Operational
CRN07909,DR01906,PR00002,SR04676,QC-08,Quay Crane,6.8,0.14,181,Operational
CRN07910,DR00332,PR00003,SR01222,QC-06,Quay Crane,6.81,0.94,189,Operational
CRN07911,DR01560,PR00003,SR04692,QC-04,Quay Crane,6.85,0.63,178,Operational
CRN07912,DR02757,PR00002,SR07498,QC-01,Quay Crane,8.78,0.89,288,Operational
CRN07913,DR07415,PR00001,SR08725,QC-04,RTG Crane,7.31,0.96,147,Operational
CRN07914,DR03220,PR00007,SR05729,QC-06,RTG Crane,9.68,1.51,277,Inspection
CRN07915,DR01030,PR00005,SR03943,QC-03,Quay Crane,9.05,1.05,219,Inspection
CRN07916,DR06353,PR00001,SR02304,QC-05,Quay Crane,7.05,2.06,166,Maintenance
CRN07917,DR07213,PR00007,SR07760,QC-02,Quay Crane,8.65,0.91,283,Operational
CRN07918,DR04582,PR00001,SR07327,QC-01,RTG Crane,5.37,0.42,131,Operational
CRN07919,DR07954,PR00001,SR07264,QC-08,Quay Crane,7.06,0.53,174,Operational
CRN07920,DR04987,PR00001,SR08468,QC-02,Quay Crane,6.93,1.19,166,Inspection
CRN07921,DR08894,PR00007,SR08644,QC-06,Quay Crane,7.8,0.93,202,Operational
CRN07922,DR07127,PR00002,SR01658,QC-06,RTG Crane,8.06,0.7,220,Operational
CRN07923,DR05529,PR00006,SR05441,QC-07,Quay Crane,5.9,1.49,146,Inspection
CRN07924,DR06874,PR00004,SR04504,QC-03,Quay Crane,7.75,1.55,147,Inspection
CRN07925,DR07001,PR00003,SR04554,QC-03,Quay Crane,9.02,1.41,210,Inspection
CRN07926,DR07846,PR00003,SR02501,QC-01,Quay Crane,8.2,0.26,257,Operational
CRN07927,DR00396,PR00001,SR04190,QC-07,Quay Crane,7.72,0.67,236,Operational
CRN07928,DR09126,PR00005,SR02956,QC-08,Quay Crane,8.44,1.19,231,Inspection
CRN07929,DR08230,PR00003,SR03044,QC-04,Quay Crane,3.83,0.63,87,Operational
CRN07930,DR09317,PR00003,SR04192,QC-03,RTG Crane,4.5,1.86,109,Maintenance
CRN07931,DR09334,PR00001,SR09070,QC-02,RTG Crane,9.52,0.93,234,Operational
CRN07932,DR00399,PR00005,SR04312,QC-08,RTG Crane,8.05,0.8,254,Operational
CRN07933,DR04528,PR00005,SR06649,QC-04,Quay Crane,7.58,0.38,240,Operational
CRN07934,DR06880,PR00003,SR09584,QC-06,Quay Crane,7.35,1.45,197,Inspection
CRN07935,DR00264,PR00003,SR04631,QC-06,RTG Crane,7.11,0.94,171,Operational
CRN07936,DR04964,PR00002,SR00558,QC-04,RTG Crane,7.78,0.72,223,Operational
CRN07937,DR08362,PR00002,SR02048,QC-03,Quay Crane,7.57,1.56,214,Maintenance
CRN07938,DR06907,PR00001,SR00176,QC-06,RTG Crane,6.6,0.68,181,Operational
CRN07939,DR02360,PR00005,SR03274,QC-04,Quay Crane,7.5,1.11,172,Inspection
CRN07940,DR07878,PR00001,SR03910,QC-01,Quay Crane,7.48,0.27,237,Operational
CRN07941,DR00721,PR00001,SR07917,QC-04,Quay Crane,6.31,0.77,188,Operational
CRN07942,DR08035,PR00001,SR08767,QC-08,Quay Crane,8.74,0.66,207,Operational
CRN07943,DR02093,PR00002,SR07729,QC-04,RTG Crane,6.31,1.06,169,Inspection
CRN07944,DR06595,PR00004,SR04092,QC-07,RTG Crane,6.14,0.81,137,Operational
CRN07945,DR05408,PR00005,SR07333,QC-04,Quay Crane,6.54,0.44,170,Operational
CRN07946,DR04620,PR00003,SR03212,QC-01,Quay Crane,5.13,0.63,130,Operational
CRN07947,DR07783,PR00003,SR09211,QC-04,Quay Crane,6.98,0.2,157,Operational
CRN07948,DR03361,PR00004,SR07153,QC-01,Quay Crane,6.58,0.05,157,Operational
CRN07949,DR07331,PR00004,SR03382,QC-02,Quay Crane,8.04,0.59,256,Operational
CRN07950,DR03565,PR00006,SR01000,QC-02,Quay Crane,7.03,0.8,135,Operational
CRN07951,DR04521,PR00006,SR06600,QC-02,Quay Crane,4.85,0.43,150,Operational
CRN07952,DR04587,PR00006,SR01579,QC-02,Quay Crane,6.54,0.92,180,Operational
CRN07953,DR06358,PR00006,SR03157,QC-07,Quay Crane,5.19,1.39,161,Inspection
CRN07954,DR07017,PR00006,SR01666,QC-03,Quay Crane,8.59,0.95,191,Operational
CRN07955,DR05829,PR00004,SR09497,QC-07,Quay Crane,8.66,1.4,241,Inspection
CRN07956,DR00088,PR00004,SR04249,QC-01,Quay Crane,7.72,0.71,242,Operational
CRN07957,DR02114,PR00005,SR06336,QC-01,Quay Crane,8.18,0.61,304,Operational
CRN07958,DR03470,PR00001,SR08352,QC-02,Quay Crane,7.32,1.19,205,Inspection
CRN07959,DR02737,PR00003,SR08223,QC-03,Quay Crane,7.57,1.56,207,Maintenance
CRN07960,DR05983,PR00007,SR04014,QC-01,Quay Crane,6.31,0.6,161,Operational
CRN07961,DR01008,PR00003,SR00574,QC-01,Quay Crane,6.68,0.55,224,Operational
CRN07962,DR06464,PR00001,SR01676,QC-06,Quay Crane,8.24,1.11,197,Inspection
CRN07963,DR06719,PR00003,SR07848,QC-08,RTG Crane,5.92,0.61,154,Operational
CRN07964,DR03716,PR00001,SR06801,QC-05,Quay Crane,7.39,2.06,135,Maintenance
CRN07965,DR05622,PR00002,SR07220,QC-05,Quay Crane,6.32,2.13,104,Maintenance
CRN07966,DR09170,PR00004,SR01371,QC-01,Quay Crane,6.26,0.63,151,Operational
CRN07967,DR02271,PR00003,SR00523,QC-06,Quay Crane,8.73,0.87,231,Operational
CRN07968,DR05920,PR00003,SR06253,QC-06,RTG Crane,7.93,0.73,217,Operational
CRN07969,DR05986,PR00001,SR05825,QC-04,Quay Crane,7.57,0.8,134,Operational
CRN07970,DR04593,PR00003,SR01968,QC-07,Quay Crane,5.82,1.56,172,Maintenance
CRN07971,DR01535,PR00001,SR02387,QC-05,RTG Crane,7.2,2.04,121,Maintenance
CRN07972,DR04206,PR00003,SR08976,QC-01,Quay Crane,6.76,0.07,155,Operational
CRN07973,DR02203,PR00004,SR09752,QC-01,Quay Crane,5.48,0.82,138,Operational
CRN07974,DR02126,PR00001,SR01958,QC-01,Quay Crane,7.94,0.42,226,Operational
CRN07975,DR04596,PR00007,SR09179,QC-01,Quay Crane,7.84,0.64,203,Operational
CRN07976,DR05494,PR00004,SR00929,QC-07,Quay Crane,4.39,0.99,109,Operational
CRN07977,DR02509,PR00002,SR02999,QC-08,Quay Crane,6.93,0.57,120,Operational
CRN07978,DR09132,PR00003,SR07694,QC-01,Quay Crane,9.53,0.05,288,Operational
CRN07979,DR09600,PR00001,SR03750,QC-06,Quay Crane,7.52,0.86,166,Operational
CRN07980,DR00637,PR00001,SR06670,QC-05,Quay Crane,9.53,1.59,260,Maintenance
CRN07981,DR00455,PR00007,SR02463,QC-01,RTG Crane,7.69,0.11,247,Operational
CRN07982,DR09967,PR00005,SR02723,QC-03,RTG Crane,7.95,1.79,183,Maintenance
CRN07983,DR02043,PR00005,SR04966,QC-05,Quay Crane,6.92,1.77,159,Maintenance
CRN07984,DR08160,PR00004,SR05713,QC-01,RTG Crane,5.99,1.0,184,Operational
CRN07985,DR03672,PR00007,SR09967,QC-02,Quay Crane,5.9,0.77,160,Operational
CRN07986,DR04214,PR00006,SR09728,QC-03,Quay Crane,8.69,1.45,247,Inspection
CRN07987,DR08246,PR00001,SR01865,QC-01,Quay Crane,6.88,0.63,199,Operational
CRN07988,DR00542,PR00001,SR03813,QC-06,Quay Crane,6.49,0.79,176,Operational
CRN07989,DR08385,PR00003,SR09552,QC-03,Quay Crane,9.73,1.48,250,Inspection
CRN07990,DR03955,PR00002,SR02187,QC-01,Quay Crane,10.0,1.03,272,Inspection
CRN07991,DR00011,PR00003,SR00376,QC-01,Quay Crane,7.48,0.66,237,Operational
CRN07992,DR09923,PR00002,SR00923,QC-02,Quay Crane,4.88,0.74,146,Operational
CRN07993,DR02729,PR00006,SR07750,QC-03,Quay Crane,7.05,1.42,147,Inspection
CRN07994,DR07022,PR00001,SR03551,QC-06,Quay Crane,5.8,1.13,106,Inspection
CRN07995,DR02583,PR00006,SR08286,QC-08,Quay Crane,5.55,0.54,166,Operational
CRN07996,DR06292,PR00003,SR06983,QC-08,Quay Crane,9.07,0.54,168,Operational
CRN07997,DR00716,PR00001,SR02728,QC-06,Quay Crane,5.49,0.86,100,Operational
CRN07998,DR09315,PR00006,SR03014,QC-05,Quay Crane,6.26,1.94,126,Maintenance
CRN07999,DR00595,PR00003,SR07213,QC-01,Quay Crane,6.93,0.86,204,Operational
CRN08000,DR05737,PR00005,SR00299,QC-01,Quay Crane,5.62,0.58,183,Operational
CRN08001,DR01806,PR00006,SR05473,QC-02,Quay Crane,6.38,0.97,165,Operational
CRN08002,DR01563,PR00001,SR08102,QC-01,Quay Crane,5.68,0.65,131,Operational
CRN08003,DR06695,PR00002,SR07458,QC-04,Quay Crane,5.45,0.14,146,Operational
CRN08004,DR08380,PR00001,SR03428,QC-04,Quay Crane,7.03,0.63,282,Operational
CRN08005,DR00220,PR00001,SR04266,QC-08,RTG Crane,7.14,0.09,224,Operational
CRN08006,DR03801,PR00007,SR01384,QC-08,Quay Crane,5.29,0.37,121,Operational
CRN08007,DR09448,PR00006,SR09660,QC-02,Quay Crane,5.38,0.38,139,Operational
CRN08008,DR08669,PR00003,SR04262,QC-08,Quay Crane,5.41,0.58,101,Operational
CRN08009,DR05404,PR00005,SR05620,QC-07,RTG Crane,5.39,1.02,141,Inspection
CRN08010,DR07948,PR00007,SR04006,QC-06,Quay Crane,7.0,0.99,169,Operational
CRN08011,DR01940,PR00002,SR09623,QC-04,Quay Crane,7.56,0.85,198,Operational
CRN08012,DR01213,PR00001,SR09385,QC-08,Quay Crane,6.52,0.51,135,Operational
CRN08013,DR06781,PR00006,SR09720,QC-02,Quay Crane,8.97,0.65,256,Operational
CRN08014,DR06814,PR00005,SR02392,QC-01,Quay Crane,9.08,0.55,257,Operational
CRN08015,DR04856,PR00001,SR05606,QC-07,Quay Crane,4.64,1.31,150,Inspection
CRN08016,DR08637,PR00003,SR06228,QC-04,Quay Crane,7.33,0.45,164,Operational
CRN08017,DR04437,PR00001,SR08339,QC-04,Quay Crane,4.66,0.47,105,Operational
CRN08018,DR03691,PR00004,SR04529,QC-03,RTG Crane,7.33,1.58,217,Maintenance
CRN08019,DR06834,PR00004,SR08231,QC-08,Quay Crane,8.62,0.81,248,Operational
CRN08020,DR09138,PR00002,SR00414,QC-04,Quay Crane,7.68,0.95,218,Operational
CRN08021,DR03467,PR00006,SR03016,QC-02,Quay Crane,5.98,0.97,173,Operational
CRN08022,DR05574,PR00003,SR00093,QC-04,RTG Crane,8.8,0.6,263,Operational
CRN08023,DR00125,PR00005,SR05315,QC-05,RTG Crane,6.08,1.36,212,Inspection
CRN08024,DR03648,PR00004,SR04773,QC-01,Quay Crane,7.49,0.56,256,Operational
CRN08025,DR05793,PR00003,SR00147,QC-03,Quay Crane,5.83,1.77,132,Maintenance
CRN08026,DR09355,PR00002,SR05104,QC-03,Quay Crane,7.63,1.41,223,Inspection
CRN08027,DR09474,PR00002,SR03211,QC-05,Quay Crane,6.76,1.72,120,Maintenance
CRN08028,DR09593,PR00005,SR01306,QC-05,Quay Crane,4.64,1.41,129,Inspection
CRN08029,DR07169,PR00004,SR04402,QC-04,Quay Crane,6.61,0.29,193,Operational
CRN08030,DR06398,PR00002,SR04576,QC-07,RTG Crane,8.2,1.12,229,Inspection
CRN08031,DR00065,PR00007,SR07780,QC-06,Quay Crane,8.96,0.91,320,Operational
CRN08032,DR08204,PR00006,SR09554,QC-08,Quay Crane,6.62,0.45,209,Operational
CRN08033,DR05877,PR00001,SR04931,QC-06,Quay Crane,8.73,1.12,236,Inspection
CRN08034,DR03133,PR00001,SR07205,QC-08,Quay Crane,6.41,0.48,120,Operational
CRN08035,DR00415,PR00004,SR07660,QC-03,Quay Crane,10.0,1.06,280,Inspection
CRN08036,DR05966,PR00001,SR00487,QC-08,Quay Crane,6.13,0.87,217,Operational
CRN08037,DR08839,PR00007,SR02049,QC-06,Quay Crane,7.28,0.98,124,Operational
CRN08038,DR04780,PR00004,SR02036,QC-03,Quay Crane,5.39,1.3,157,Inspection
CRN08039,DR01823,PR00001,SR07224,QC-05,Quay Crane,6.87,1.63,165,Maintenance
CRN08040,DR06305,PR00003,SR03305,QC-08,Quay Crane,8.09,0.33,249,Operational
CRN08041,DR07560,PR00002,SR08507,QC-06,Quay Crane,10.0,0.62,252,Operational
CRN08042,DR07160,PR00003,SR00709,QC-06,Quay Crane,6.19,0.97,150,Operational
CRN08043,DR06552,PR00002,SR02412,QC-07,Quay Crane,3.94,1.28,123,Inspection
CRN08044,DR06778,PR00006,SR04910,QC-02,Quay Crane,8.95,0.58,248,Operational
CRN08045,DR02978,PR00005,SR08228,QC-08,Quay Crane,7.27,0.47,220,Operational
CRN08046,DR03328,PR00007,SR07089,QC-01,Quay Crane,9.21,0.44,277,Operational
CRN08047,DR04223,PR00001,SR06076,QC-08,Quay Crane,5.51,0.47,151,Operational
CRN08048,DR07954,PR00003,SR04793,QC-04,Quay Crane,10.0,0.49,330,Operational
CRN08049,DR00444,PR00006,SR04681,QC-08,Quay Crane,6.31,0.7,153,Operational
CRN08050,DR03376,PR00003,SR04895,QC-01,Quay Crane,6.91,0.39,205,Operational
CRN08051,DR07403,PR00003,SR06851,QC-08,Quay Crane,7.36,0.66,260,Operational
CRN08052,DR05602,PR00007,SR05993,QC-06,RTG Crane,5.5,0.89,114,Operational
CRN08053,DR06634,PR00005,SR07185,QC-08,Quay Crane,6.68,0.57,179,Operational
CRN08054,DR02630,PR00006,SR01274,QC-01,Quay Crane,4.64,0.39,143,Operational
CRN08055,DR06512,PR00003,SR06473,QC-05,Quay Crane,8.13,1.42,150,Inspection
CRN08056,DR01036,PR00004,SR09440,QC-06,Quay Crane,6.52,0.8,159,Operational
CRN08057,DR08771,PR00003,SR06270,QC-06,Quay Crane,3.21,0.88,101,Operational
CRN08058,DR04035,PR00003,SR07010,QC-08,Quay Crane,6.63,0.55,213,Operational
CRN08059,DR06060,PR00001,SR04091,QC-02,Quay Crane,7.63,0.57,210,Operational
CRN08060,DR00881,PR00006,SR07443,QC-05,RTG Crane,7.67,1.62,226,Maintenance
CRN08061,DR07231,PR00003,SR07104,QC-06,Quay Crane,9.77,1.12,264,Inspection
CRN08062,DR08482,PR00004,SR09363,QC-04,Quay Crane,7.47,0.34,184,Operational
CRN08063,DR02237,PR00006,SR02378,QC-03,Quay Crane,6.83,1.56,167,Maintenance
CRN08064,DR06851,PR00005,SR08019,QC-04,Quay Crane,7.0,0.41,184,Operational
CRN08065,DR03977,PR00001,SR01022,QC-05,RTG Crane,9.65,1.96,262,Maintenance
CRN08066,DR08378,PR00004,SR00566,QC-07,Quay Crane,5.8,1.22,158,Inspection
CRN08067,DR04746,PR00003,SR09197,QC-03,Quay Crane,6.55,0.63,164,Operational
CRN08068,DR08057,PR00002,SR07878,QC-04,RTG Crane,8.3,1.2,180,Inspection
CRN08069,DR05231,PR00001,SR07796,QC-02,RTG Crane,7.51,1.22,246,Inspection
CRN08070,DR02093,PR00004,SR06047,QC-05,Quay Crane,5.56,1.46,163,Inspection
CRN08071,DR02602,PR00005,SR05450,QC-05,Quay Crane,7.56,2.01,197,Maintenance
CRN08072,DR07875,PR00007,SR04118,QC-05,Quay Crane,9.86,1.69,285,Maintenance
CRN08073,DR09751,PR00002,SR07821,QC-01,Quay Crane,7.07,0.18,224,Operational
CRN08074,DR01588,PR00003,SR07890,QC-05,Quay Crane,6.55,1.57,179,Maintenance
CRN08075,DR07060,PR00001,SR00823,QC-07,RTG Crane,7.19,1.2,165,Inspection
CRN08076,DR01677,PR00007,SR01971,QC-02,Quay Crane,6.91,0.77,170,Operational
CRN08077,DR06329,PR00006,SR04056,QC-02,Quay Crane,10.0,0.96,312,Operational
CRN08078,DR00908,PR00007,SR08137,QC-06,Quay Crane,8.52,1.06,192,Inspection
CRN08079,DR09850,PR00003,SR01769,QC-07,Quay Crane,4.06,1.32,91,Inspection
CRN08080,DR03839,PR00002,SR04734,QC-07,Quay Crane,9.18,1.49,272,Inspection
CRN08081,DR00297,PR00004,SR06584,QC-03,Quay Crane,6.49,1.37,146,Inspection
CRN08082,DR07458,PR00003,SR07697,QC-04,Quay Crane,7.56,0.6,205,Operational
CRN08083,DR09009,PR00002,SR07614,QC-05,Quay Crane,8.65,1.88,206,Maintenance
CRN08084,DR06858,PR00001,SR08220,QC-04,Quay Crane,9.4,1.17,265,Inspection
CRN08085,DR01731,PR00001,SR03903,QC-01,Quay Crane,7.82,0.57,175,Operational
CRN08086,DR06743,PR00003,SR04983,QC-03,Quay Crane,7.26,1.09,218,Inspection
CRN08087,DR03832,PR00007,SR02382,QC-07,Quay Crane,6.64,1.09,184,Inspection
CRN08088,DR04490,PR00005,SR00134,QC-02,RTG Crane,7.22,0.68,169,Operational
CRN08089,DR09880,PR00005,SR03114,QC-07,Quay Crane,9.96,1.41,223,Inspection
CRN08090,DR08644,PR00002,SR00774,QC-07,RTG Crane,5.02,0.99,162,Operational
CRN08091,DR03736,PR00005,SR05659,QC-06,Quay Crane,6.94,0.98,179,Operational
CRN08092,DR09045,PR00003,SR04814,QC-05,Quay Crane,8.32,1.99,145,Maintenance
CRN08093,DR01161,PR00001,SR00452,QC-05,Quay Crane,10.0,2.17,242,Maintenance
CRN08094,DR04932,PR00003,SR05744,QC-03,Quay Crane,10.0,1.27,325,Inspection
CRN08095,DR06966,PR00001,SR01144,QC-05,RTG Crane,7.71,2.06,155,Maintenance
CRN08096,DR06329,PR00006,SR03157,QC-03,Quay Crane,8.41,1.54,221,Inspection
CRN08097,DR05783,PR00006,SR09819,QC-06,Quay Crane,8.72,0.63,263,Operational
CRN08098,DR01080,PR00002,SR05140,QC-04,Quay Crane,6.81,0.69,166,Operational
CRN08099,DR06898,PR00004,SR01986,QC-06,RTG Crane,8.54,0.95,188,Operational
CRN08100,DR02414,PR00003,SR00031,QC-07,Quay Crane,6.52,1.85,167,Maintenance
CRN08101,DR00839,PR00001,SR05389,QC-05,Quay Crane,5.33,2.08,120,Maintenance
CRN08102,DR08675,PR00004,SR09636,QC-02,Quay Crane,8.27,0.98,203,Operational
CRN08103,DR09270,PR00005,SR08956,QC-05,Quay Crane,7.26,1.48,200,Inspection
CRN08104,DR01968,PR00005,SR08486,QC-06,Quay Crane,8.67,0.85,282,Operational
CRN08105,DR00142,PR00001,SR08776,QC-05,Quay Crane,7.79,1.35,178,Inspection
CRN08106,DR00407,PR00003,SR04700,QC-01,Quay Crane,6.11,0.06,171,Operational
CRN08107,DR00317,PR00001,SR00238,QC-03,Quay Crane,9.32,1.33,264,Inspection
CRN08108,DR00992,PR00001,SR04319,QC-06,RTG Crane,8.35,0.71,231,Operational
CRN08109,DR03370,PR00001,SR02420,QC-01,Quay Crane,8.48,0.48,187,Operational
CRN08110,DR04271,PR00001,SR02751,QC-05,Quay Crane,5.64,2.02,120,Maintenance
CRN08111,DR06928,PR00002,SR02133,QC-02,RTG Crane,6.29,0.54,161,Operational
CRN08112,DR01560,PR00002,SR05443,QC-06,Quay Crane,6.56,1.03,165,Inspection
CRN08113,DR09413,PR00005,SR07546,QC-05,Quay Crane,7.29,1.97,232,Maintenance
CRN08114,DR08912,PR00002,SR05917,QC-08,Quay Crane,10.0,0.73,213,Operational
CRN08115,DR06996,PR00001,SR00325,QC-01,Quay Crane,5.29,0.72,189,Operational
CRN08116,DR08924,PR00007,SR06679,QC-03,Quay Crane,7.4,1.46,161,Inspection
CRN08117,DR02229,PR00006,SR00841,QC-03,Quay Crane,5.84,1.38,117,Inspection
CRN08118,DR01300,PR00001,SR08724,QC-05,RTG Crane,5.96,1.66,131,Maintenance
CRN08119,DR08382,PR00003,SR03988,QC-08,Quay Crane,6.79,0.44,215,Operational
CRN08120,DR01767,PR00001,SR06187,QC-07,Quay Crane,7.99,0.55,245,Operational
CRN08121,DR01642,PR00007,SR07419,QC-07,Quay Crane,3.6,1.58,76,Maintenance
CRN08122,DR09388,PR00002,SR03643,QC-02,Quay Crane,5.04,1.41,116,Inspection
CRN08123,DR01551,PR00001,SR08555,QC-02,Quay Crane,6.45,0.72,168,Operational
CRN08124,DR05725,PR00005,SR07890,QC-04,Quay Crane,6.9,0.7,184,Operational
CRN08125,DR03455,PR00005,SR00877,QC-03,Quay Crane,5.83,1.56,145,Maintenance
CRN08126,DR03047,PR00002,SR06176,QC-07,Quay Crane,6.69,1.26,208,Inspection
CRN08127,DR01346,PR00002,SR08052,QC-04,Quay Crane,6.64,0.67,188,Operational
CRN08128,DR03837,PR00003,SR08179,QC-07,Quay Crane,8.07,1.29,238,Inspection
CRN08129,DR06196,PR00002,SR00051,QC-01,Quay Crane,7.64,1.03,179,Inspection
CRN08130,DR06339,PR00002,SR08064,QC-08,Quay Crane,7.12,0.6,149,Operational
CRN08131,DR04380,PR00006,SR08288,QC-05,Quay Crane,9.01,1.94,230,Maintenance
CRN08132,DR07350,PR00005,SR06099,QC-08,Quay Crane,8.51,0.51,261,Operational
CRN08133,DR02610,PR00005,SR01549,QC-04,RTG Crane,6.83,0.7,189,Operational
CRN08134,DR08950,PR00005,SR02371,QC-02,Quay Crane,5.25,1.05,140,Inspection
CRN08135,DR09609,PR00003,SR04242,QC-02,Quay Crane,6.92,0.81,187,Operational
CRN08136,DR02836,PR00002,SR07918,QC-06,RTG Crane,5.05,0.73,118,Operational
CRN08137,DR00652,PR00005,SR01303,QC-07,Quay Crane,8.09,0.79,254,Operational
CRN08138,DR02442,PR00001,SR08865,QC-08,Quay Crane,10.0,0.39,291,Operational
CRN08139,DR06242,PR00001,SR02028,QC-02,Quay Crane,7.82,1.19,192,Inspection
CRN08140,DR00960,PR00001,SR05310,QC-02,Quay Crane,8.58,0.77,266,Operational
CRN08141,DR04783,PR00005,SR07329,QC-04,Quay Crane,5.8,0.26,140,Operational
CRN08142,DR00842,PR00004,SR02564,QC-02,Quay Crane,7.49,0.36,201,Operational
CRN08143,DR09499,PR00003,SR08631,QC-07,Quay Crane,6.96,1.31,132,Inspection
CRN08144,DR07981,PR00003,SR05403,QC-03,Quay Crane,5.91,0.91,172,Operational
CRN08145,DR08691,PR00006,SR07255,QC-04,Quay Crane,6.98,0.35,190,Operational
CRN08146,DR04968,PR00001,SR09518,QC-01,Quay Crane,5.5,0.64,122,Operational
CRN08147,DR07189,PR00003,SR00052,QC-01,Quay Crane,8.52,0.9,311,Operational
CRN08148,DR05209,PR00005,SR04045,QC-05,RTG Crane,6.5,2.04,180,Maintenance
CRN08149,DR04806,PR00004,SR01388,QC-07,Quay Crane,5.93,0.85,210,Operational
CRN08150,DR01975,PR00003,SR08779,QC-04,Quay Crane,7.5,0.86,217,Operational
CRN08151,DR07492,PR00002,SR02075,QC-08,Quay Crane,8.27,0.93,219,Operational
CRN08152,DR07394,PR00007,SR09809,QC-01,Quay Crane,8.73,0.3,204,Operational
CRN08153,DR00173,PR00003,SR00989,QC-08,Quay Crane,6.16,0.72,161,Operational
CRN08154,DR04169,PR00006,SR01494,QC-05,Quay Crane,7.21,2.14,239,Maintenance
CRN08155,DR00964,PR00005,SR01446,QC-03,Quay Crane,8.8,1.55,228,Inspection
CRN08156,DR09602,PR00006,SR06430,QC-01,Quay Crane,5.65,0.08,157,Operational
CRN08157,DR09163,PR00001,SR09907,QC-02,Quay Crane,7.32,0.63,203,Operational
CRN08158,DR08470,PR00003,SR07294,QC-07,Quay Crane,7.32,1.12,261,Inspection
CRN08159,DR08869,PR00002,SR07527,QC-08,Quay Crane,5.73,0.58,123,Operational
CRN08160,DR06370,PR00002,SR09022,QC-01,Quay Crane,8.89,0.48,241,Operational
CRN08161,DR09785,PR00002,SR06822,QC-02,Quay Crane,6.76,0.48,199,Operational
CRN08162,DR09371,PR00003,SR08375,QC-03,Quay Crane,9.16,1.16,273,Inspection
CRN08163,DR04145,PR00003,SR06296,QC-08,Quay Crane,5.62,0.44,155,Operational
CRN08164,DR07396,PR00004,SR03377,QC-01,Quay Crane,3.54,0.59,45,Operational
CRN08165,DR07000,PR00002,SR07891,QC-08,Quay Crane,6.37,0.49,205,Operational
CRN08166,DR04028,PR00002,SR06805,QC-03,Quay Crane,7.84,1.3,213,Inspection
CRN08167,DR08359,PR00003,SR01159,QC-04,Quay Crane,6.45,0.19,202,Operational
CRN08168,DR06505,PR00005,SR00820,QC-03,Quay Crane,7.35,1.52,175,Inspection
CRN08169,DR06377,PR00001,SR09015,QC-06,Quay Crane,7.16,0.95,235,Operational
CRN08170,DR02424,PR00005,SR04959,QC-01,Quay Crane,5.86,0.67,161,Operational
CRN08171,DR07289,PR00002,SR07672,QC-07,RTG Crane,10.0,1.0,251,Operational
CRN08172,DR05318,PR00004,SR09393,QC-04,Quay Crane,7.04,0.68,247,Operational
CRN08173,DR08101,PR00005,SR02578,QC-01,Quay Crane,6.23,0.58,159,Operational
CRN08174,DR02647,PR00003,SR07356,QC-02,Quay Crane,10.0,0.73,282,Operational
CRN08175,DR07675,PR00004,SR04456,QC-01,RTG Crane,5.83,0.54,173,Operational
CRN08176,DR02182,PR00007,SR01645,QC-05,Quay Crane,7.4,2.05,208,Maintenance
CRN08177,DR06366,PR00001,SR01103,QC-08,Quay Crane,6.37,0.6,135,Operational
CRN08178,DR09023,PR00002,SR01151,QC-02,Quay Crane,5.41,1.02,221,Inspection
CRN08179,DR02810,PR00007,SR05764,QC-08,Quay Crane,8.64,0.79,254,Operational
CRN08180,DR04216,PR00006,SR06796,QC-02,Quay Crane,7.28,0.42,245,Operational
CRN08181,DR00168,PR00004,SR05400,QC-02,Quay Crane,5.35,1.08,108,Inspection
CRN08182,DR04637,PR00002,SR02566,QC-07,Quay Crane,10.0,1.14,266,Inspection
CRN08183,DR02729,PR00002,SR07196,QC-05,Quay Crane,7.3,2.02,186,Maintenance
CRN08184,DR00836,PR00006,SR09464,QC-03,Quay Crane,9.23,1.39,252,Inspection
CRN08185,DR08700,PR00005,SR09923,QC-06,Quay Crane,9.35,0.74,312,Operational
CRN08186,DR05925,PR00002,SR02023,QC-04,RTG Crane,4.94,0.05,175,Operational
CRN08187,DR06091,PR00001,SR02264,QC-01,Quay Crane,8.39,1.19,198,Inspection
CRN08188,DR09329,PR00006,SR09779,QC-06,Quay Crane,8.87,0.75,298,Operational
CRN08189,DR05232,PR00004,SR05706,QC-06,Quay Crane,7.5,0.85,163,Operational
CRN08190,DR04172,PR00007,SR06057,QC-04,RTG Crane,8.86,0.37,246,Operational
CRN08191,DR01129,PR00003,SR01055,QC-05,Quay Crane,6.58,1.58,136,Maintenance
CRN08192,DR02847,PR00002,SR07831,QC-01,RTG Crane,9.7,0.49,301,Operational
CRN08193,DR05262,PR00002,SR05217,QC-03,Quay Crane,6.54,1.11,158,Inspection
CRN08194,DR01486,PR00003,SR04359,QC-02,Quay Crane,9.68,0.66,245,Operational
CRN08195,DR09700,PR00002,SR04315,QC-07,Quay Crane,8.0,1.14,238,Inspection
CRN08196,DR05967,PR00001,SR04363,QC-02,RTG Crane,7.91,1.02,227,Inspection
CRN08197,DR08442,PR00002,SR03487,QC-07,Quay Crane,5.36,1.27,124,Inspection
CRN08198,DR08363,PR00002,SR06536,QC-05,Quay Crane,9.56,1.5,262,Inspection
CRN08199,DR00396,PR00006,SR09851,QC-03,Quay Crane,5.94,1.63,150,Maintenance
CRN08200,DR01366,PR00002,SR09369,QC-06,Quay Crane,9.91,0.75,289,Operational
CRN08201,DR02101,PR00003,SR05672,QC-04,Quay Crane,7.86,0.27,204,Operational
CRN08202,DR08117,PR00005,SR02948,QC-06,Quay Crane,7.97,0.98,233,Operational
CRN08203,DR03749,PR00001,SR03987,QC-07,Quay Crane,6.54,1.05,165,Inspection
CRN08204,DR06545,PR00003,SR02431,QC-03,Quay Crane,6.72,0.68,200,Operational
CRN08205,DR03675,PR00006,SR02205,QC-07,RTG Crane,4.78,1.08,67,Inspection
CRN08206,DR02080,PR00004,SR02033,QC-04,Quay Crane,8.56,0.94,216,Operational
CRN08207,DR02719,PR00003,SR05727,QC-06,Quay Crane,7.89,0.96,176,Operational
CRN08208,DR07849,PR00006,SR08168,QC-08,Quay Crane,9.75,0.27,231,Operational
CRN08209,DR03489,PR00007,SR04739,QC-02,Quay Crane,6.9,0.93,188,Operational
CRN08210,DR06022,PR00006,SR01118,QC-06,Quay Crane,10.0,1.09,283,Inspection
CRN08211,DR04712,PR00003,SR04482,QC-08,Quay Crane,5.78,0.65,188,Operational
CRN08212,DR05213,PR00004,SR08016,QC-01,RTG Crane,7.77,0.95,231,Operational
CRN08213,DR02597,PR00003,SR09771,QC-04,Quay Crane,8.38,1.02,195,Inspection
CRN08214,DR02292,PR00002,SR04729,QC-02,Quay Crane,8.1,1.0,223,Operational
CRN08215,DR05846,PR00003,SR07017,QC-06,RTG Crane,6.75,0.66,182,Operational
CRN08216,DR05891,PR00006,SR00895,QC-01,RTG Crane,5.28,0.65,115,Operational
CRN08217,DR04976,PR00002,SR07904,QC-08,Quay Crane,7.37,0.61,188,Operational
CRN08218,DR07151,PR00006,SR00682,QC-02,Quay Crane,6.52,0.71,201,Operational
CRN08219,DR01566,PR00007,SR03258,QC-07,Quay Crane,10.0,1.12,281,Inspection
CRN08220,DR05074,PR00002,SR03063,QC-08,RTG Crane,8.15,0.05,196,Operational
CRN08221,DR03905,PR00001,SR04969,QC-04,Quay Crane,7.53,0.74,184,Operational
CRN08222,DR00460,PR00007,SR02694,QC-05,Quay Crane,9.52,1.79,253,Maintenance
CRN08223,DR08981,PR00001,SR08580,QC-07,Quay Crane,8.49,0.76,167,Operational
CRN08224,DR08727,PR00005,SR05875,QC-02,RTG Crane,4.47,0.6,99,Operational
CRN08225,DR06411,PR00001,SR06263,QC-06,Quay Crane,8.84,0.34,255,Operational
CRN08226,DR01838,PR00002,SR08242,QC-08,RTG Crane,8.02,0.9,193,Operational
CRN08227,DR07412,PR00002,SR02618,QC-02,RTG Crane,7.95,1.34,219,Inspection
CRN08228,DR05948,PR00002,SR05383,QC-05,Quay Crane,7.31,1.87,119,Maintenance
CRN08229,DR00528,PR00007,SR00827,QC-08,Quay Crane,6.56,0.63,196,Operational
CRN08230,DR07127,PR00001,SR09492,QC-08,Quay Crane,5.74,0.28,132,Operational
CRN08231,DR02444,PR00001,SR09545,QC-05,Quay Crane,8.55,2.05,236,Maintenance
CRN08232,DR03001,PR00005,SR04738,QC-04,Quay Crane,6.59,0.42,217,Operational
CRN08233,DR07575,PR00007,SR03650,QC-02,Quay Crane,6.29,0.63,181,Operational
CRN08234,DR03701,PR00003,SR09823,QC-03,Quay Crane,10.0,0.82,256,Operational
CRN08235,DR05315,PR00005,SR06297,QC-06,Quay Crane,6.6,0.95,215,Operational
CRN08236,DR06018,PR00001,SR02971,QC-05,Quay Crane,6.34,1.6,150,Maintenance
CRN08237,DR00742,PR00006,SR03656,QC-07,Quay Crane,8.23,0.65,211,Operational
CRN08238,DR07340,PR00005,SR03070,QC-03,Quay Crane,6.82,0.99,166,Operational
CRN08239,DR07822,PR00006,SR01572,QC-06,RTG Crane,9.51,1.39,240,Inspection
CRN08240,DR06503,PR00004,SR05708,QC-02,RTG Crane,8.08,1.03,181,Inspection
CRN08241,DR00464,PR00007,SR00531,QC-01,Quay Crane,7.51,0.75,174,Operational
CRN08242,DR08889,PR00003,SR06497,QC-01,Quay Crane,8.45,0.05,275,Operational
CRN08243,DR06585,PR00005,SR00862,QC-07,Quay Crane,7.89,1.25,258,Inspection
CRN08244,DR06626,PR00005,SR04191,QC-08,RTG Crane,6.12,0.76,147,Operational
CRN08245,DR04897,PR00002,SR06378,QC-08,Quay Crane,7.81,0.83,232,Operational
CRN08246,DR09877,PR00007,SR02052,QC-07,Quay Crane,5.49,1.16,143,Inspection
CRN08247,DR08704,PR00005,SR03155,QC-08,Quay Crane,5.39,0.64,125,Operational
CRN08248,DR05668,PR00006,SR05035,QC-06,RTG Crane,6.34,1.01,193,Inspection
CRN08249,DR06289,PR00003,SR08657,QC-04,Quay Crane,6.89,0.97,172,Operational
CRN08250,DR03269,PR00006,SR05790,QC-07,Quay Crane,7.4,1.04,229,Inspection
CRN08251,DR05234,PR00002,SR05872,QC-01,Quay Crane,3.08,0.59,72,Operational
CRN08252,DR09625,PR00007,SR05930,QC-02,RTG Crane,6.59,1.32,190,Inspection
CRN08253,DR02179,PR00001,SR03867,QC-04,RTG Crane,4.92,0.74,123,Operational
CRN08254,DR09846,PR00004,SR02773,QC-06,Quay Crane,8.12,0.93,237,Operational
CRN08255,DR00259,PR00001,SR09553,QC-06,RTG Crane,6.54,1.42,133,Inspection
CRN08256,DR09026,PR00005,SR01375,QC-05,Quay Crane,6.88,1.85,137,Maintenance
CRN08257,DR01386,PR00003,SR06694,QC-05,Quay Crane,5.62,2.13,160,Maintenance
CRN08258,DR06665,PR00006,SR03682,QC-04,RTG Crane,8.1,1.05,221,Inspection
CRN08259,DR08952,PR00006,SR07866,QC-04,Quay Crane,5.04,0.59,124,Operational
CRN08260,DR03656,PR00003,SR06725,QC-02,Quay Crane,6.74,0.92,189,Operational
CRN08261,DR03851,PR00006,SR03026,QC-06,Quay Crane,6.4,0.93,133,Operational
CRN08262,DR03614,PR00005,SR02683,QC-01,RTG Crane,9.78,0.27,303,Operational
CRN08263,DR08621,PR00003,SR06554,QC-08,Quay Crane,4.34,0.35,93,Operational
CRN08264,DR02514,PR00002,SR05406,QC-03,Quay Crane,9.55,1.51,250,Inspection
CRN08265,DR01017,PR00002,SR00365,QC-04,Quay Crane,6.72,0.85,173,Operational
CRN08266,DR06513,PR00001,SR03054,QC-05,Quay Crane,6.86,1.99,216,Maintenance
CRN08267,DR03552,PR00003,SR01657,QC-03,Quay Crane,9.05,1.32,187,Inspection
CRN08268,DR02237,PR00004,SR01732,QC-05,Quay Crane,8.57,1.59,177,Maintenance
CRN08269,DR07449,PR00003,SR05132,QC-08,Quay Crane,7.51,1.13,141,Inspection
CRN08270,DR08773,PR00007,SR03849,QC-02,RTG Crane,8.07,0.61,226,Operational
CRN08271,DR06653,PR00001,SR02231,QC-08,Quay Crane,4.57,0.72,110,Operational
CRN08272,DR07240,PR00006,SR00688,QC-04,Quay Crane,5.54,0.51,200,Operational
CRN08273,DR03156,PR00006,SR05052,QC-01,Quay Crane,8.02,0.42,235,Operational
CRN08274,DR04840,PR00005,SR02971,QC-02,Quay Crane,5.65,0.68,107,Operational
CRN08275,DR08780,PR00003,SR02183,QC-05,Quay Crane,7.28,1.85,178,Maintenance
CRN08276,DR04205,PR00001,SR01343,QC-03,Quay Crane,6.64,1.46,192,Inspection
CRN08277,DR02048,PR00006,SR05018,QC-06,Quay Crane,5.24,1.14,133,Inspection
CRN08278,DR04145,PR00005,SR04325,QC-07,RTG Crane,8.81,0.82,229,Operational
CRN08279,DR01099,PR00006,SR06858,QC-02,RTG Crane,8.32,0.44,213,Operational
CRN08280,DR08726,PR00002,SR01267,QC-08,Quay Crane,7.0,0.49,190,Operational
CRN08281,DR03755,PR00004,SR00878,QC-03,Quay Crane,9.7,1.32,226,Inspection
CRN08282,DR01154,PR00003,SR00473,QC-08,Quay Crane,4.97,0.41,136,Operational
CRN08283,DR02889,PR00004,SR07057,QC-04,Quay Crane,5.9,0.76,169,Operational
CRN08284,DR03713,PR00005,SR02230,QC-02,Quay Crane,6.11,0.78,154,Operational
CRN08285,DR02246,PR00001,SR08381,QC-02,Quay Crane,6.79,0.6,187,Operational
CRN08286,DR06624,PR00001,SR02989,QC-01,Quay Crane,6.96,0.76,188,Operational
CRN08287,DR05129,PR00001,SR08925,QC-08,Quay Crane,8.54,0.72,221,Operational
CRN08288,DR06248,PR00001,SR01179,QC-03,Quay Crane,10.0,1.42,297,Inspection
CRN08289,DR05658,PR00002,SR02367,QC-04,Quay Crane,8.16,0.6,156,Operational
CRN08290,DR00327,PR00001,SR08136,QC-01,RTG Crane,7.3,0.36,157,Operational
CRN08291,DR06740,PR00002,SR02828,QC-02,Quay Crane,9.46,1.09,270,Inspection
CRN08292,DR07138,PR00005,SR07689,QC-03,RTG Crane,7.51,1.35,222,Inspection
CRN08293,DR08556,PR00006,SR00533,QC-06,Quay Crane,7.33,0.63,187,Operational
CRN08294,DR02162,PR00002,SR02992,QC-06,Quay Crane,7.72,1.13,231,Inspection
CRN08295,DR04539,PR00001,SR09443,QC-02,Quay Crane,7.75,1.33,184,Inspection
CRN08296,DR06722,PR00005,SR02205,QC-08,RTG Crane,8.64,0.42,217,Operational
CRN08297,DR08047,PR00003,SR09181,QC-03,Quay Crane,4.05,1.35,111,Inspection
CRN08298,DR05797,PR00002,SR02837,QC-06,Quay Crane,8.04,0.91,235,Operational
CRN08299,DR01628,PR00003,SR08489,QC-01,Quay Crane,7.55,0.72,204,Operational
CRN08300,DR07669,PR00007,SR03125,QC-05,Quay Crane,6.92,1.84,224,Maintenance
CRN08301,DR01670,PR00003,SR06744,QC-08,Quay Crane,8.67,0.47,258,Operational
CRN08302,DR01636,PR00007,SR05830,QC-05,Quay Crane,8.44,2.01,138,Maintenance
CRN08303,DR09146,PR00002,SR03666,QC-04,Quay Crane,6.39,0.8,173,Operational
CRN08304,DR07173,PR00001,SR04369,QC-05,Quay Crane,7.33,2.18,201,Maintenance
CRN08305,DR04710,PR00001,SR06307,QC-03,RTG Crane,8.13,1.68,243,Maintenance
CRN08306,DR00346,PR00005,SR07534,QC-02,RTG Crane,7.0,0.77,228,Operational
CRN08307,DR09196,PR00003,SR06225,QC-05,RTG Crane,5.92,2.06,160,Maintenance
CRN08308,DR03786,PR00004,SR00771,QC-05,Quay Crane,7.43,2.05,192,Maintenance
CRN08309,DR05293,PR00007,SR06924,QC-01,RTG Crane,9.41,0.84,266,Operational
CRN08310,DR04177,PR00003,SR04910,QC-04,Quay Crane,6.91,0.73,194,Operational
CRN08311,DR07505,PR00001,SR08132,QC-01,Quay Crane,8.03,0.16,144,Operational
CRN08312,DR03346,PR00005,SR02833,QC-07,Quay Crane,10.0,0.92,288,Operational
CRN08313,DR03971,PR00002,SR03042,QC-06,Quay Crane,3.94,0.82,59,Operational
CRN08314,DR09602,PR00004,SR06467,QC-08,Quay Crane,8.51,0.47,297,Operational
CRN08315,DR03341,PR00006,SR01737,QC-06,Quay Crane,6.02,1.13,149,Inspection
CRN08316,DR08540,PR00003,SR07443,QC-06,Quay Crane,6.25,1.04,180,Inspection
CRN08317,DR07102,PR00002,SR04432,QC-06,Quay Crane,6.79,1.01,202,Inspection
CRN08318,DR01022,PR00004,SR09609,QC-04,Quay Crane,6.09,0.74,190,Operational
CRN08319,DR09377,PR00001,SR00895,QC-07,Quay Crane,8.13,1.05,233,Inspection
CRN08320,DR03345,PR00002,SR03603,QC-04,Quay Crane,5.35,1.14,144,Inspection
CRN08321,DR05147,PR00003,SR02896,QC-05,Quay Crane,8.42,1.91,291,Maintenance
CRN08322,DR05435,PR00002,SR03199,QC-07,Quay Crane,8.82,1.23,273,Inspection
CRN08323,DR03055,PR00001,SR08867,QC-07,RTG Crane,4.8,1.18,94,Inspection
CRN08324,DR09801,PR00004,SR09685,QC-04,RTG Crane,4.96,0.37,127,Operational
CRN08325,DR00154,PR00003,SR05398,QC-07,Quay Crane,6.39,1.5,243,Inspection
CRN08326,DR04693,PR00003,SR07012,QC-05,RTG Crane,8.82,2.02,156,Maintenance
CRN08327,DR03087,PR00007,SR05828,QC-04,RTG Crane,6.11,1.22,148,Inspection
CRN08328,DR08191,PR00001,SR02694,QC-08,Quay Crane,7.49,0.8,169,Operational
CRN08329,DR07702,PR00001,SR06283,QC-06,Quay Crane,4.99,1.14,103,Inspection
CRN08330,DR05423,PR00006,SR05454,QC-03,Quay Crane,5.98,1.22,104,Inspection
CRN08331,DR04430,PR00001,SR06100,QC-03,Quay Crane,5.62,1.43,162,Inspection
CRN08332,DR06901,PR00007,SR04297,QC-08,Quay Crane,6.01,0.77,190,Operational
CRN08333,DR09514,PR00005,SR04101,QC-03,Quay Crane,7.04,0.87,194,Operational
CRN08334,DR07028,PR00003,SR06910,QC-05,Quay Crane,7.46,2.31,185,Maintenance
CRN08335,DR00419,PR00002,SR05768,QC-03,RTG Crane,7.67,1.48,182,Inspection
CRN08336,DR01885,PR00002,SR05259,QC-06,Quay Crane,5.36,1.25,170,Inspection
CRN08337,DR03192,PR00006,SR07631,QC-05,Quay Crane,9.3,2.13,272,Maintenance
CRN08338,DR06021,PR00001,SR02713,QC-04,Quay Crane,6.78,0.46,233,Operational
CRN08339,DR01833,PR00005,SR00429,QC-07,Quay Crane,8.98,1.01,204,Inspection
CRN08340,DR08062,PR00006,SR09303,QC-02,Quay Crane,8.38,0.78,210,Operational
CRN08341,DR01859,PR00005,SR02022,QC-07,Quay Crane,8.14,1.12,215,Inspection
CRN08342,DR04243,PR00001,SR03944,QC-01,Quay Crane,9.29,0.63,278,Operational
CRN08343,DR03472,PR00005,SR01828,QC-02,Quay Crane,6.09,1.07,151,Inspection
CRN08344,DR08734,PR00005,SR01863,QC-05,Quay Crane,8.04,1.43,232,Inspection
CRN08345,DR01498,PR00001,SR00201,QC-04,RTG Crane,3.42,0.62,45,Operational
CRN08346,DR02613,PR00006,SR00732,QC-04,Quay Crane,7.64,0.94,224,Operational
CRN08347,DR07709,PR00001,SR05226,QC-08,Quay Crane,7.95,0.22,201,Operational
CRN08348,DR02718,PR00007,SR07399,QC-02,RTG Crane,6.02,0.97,123,Operational
CRN08349,DR00220,PR00001,SR03102,QC-06,Quay Crane,7.4,1.22,194,Inspection
CRN08350,DR05749,PR00002,SR08640,QC-05,Quay Crane,4.57,1.6,130,Maintenance
CRN08351,DR09765,PR00005,SR02977,QC-02,RTG Crane,5.55,0.9,110,Operational
CRN08352,DR08373,PR00001,SR00051,QC-05,Quay Crane,7.18,2.03,225,Maintenance
CRN08353,DR04285,PR00001,SR08295,QC-08,Quay Crane,5.29,0.74,119,Operational
CRN08354,DR06826,PR00001,SR01775,QC-02,Quay Crane,10.0,1.01,330,Inspection
CRN08355,DR07957,PR00006,SR07503,QC-02,Quay Crane,8.03,0.92,183,Operational
CRN08356,DR09320,PR00001,SR07922,QC-03,Quay Crane,7.07,1.43,157,Inspection
CRN08357,DR00481,PR00004,SR06162,QC-05,Quay Crane,7.55,1.92,163,Maintenance
CRN08358,DR01745,PR00004,SR09945,QC-04,Quay Crane,7.82,0.96,208,Operational
CRN08359,DR05472,PR00003,SR02311,QC-07,Quay Crane,5.47,1.06,178,Inspection
CRN08360,DR09736,PR00003,SR04418,QC-08,RTG Crane,7.97,0.81,197,Operational
CRN08361,DR02229,PR00002,SR02172,QC-06,Quay Crane,7.81,0.63,208,Operational
CRN08362,DR06380,PR00007,SR05215,QC-05,RTG Crane,6.31,1.51,145,Inspection
CRN08363,DR01070,PR00006,SR04366,QC-01,Quay Crane,7.93,0.05,239,Operational
CRN08364,DR05557,PR00007,SR03010,QC-02,Quay Crane,6.83,0.68,192,Operational
CRN08365,DR01574,PR00005,SR08859,QC-07,Quay Crane,7.98,0.97,299,Operational
CRN08366,DR02552,PR00006,SR08931,QC-05,Quay Crane,9.02,1.8,244,Maintenance
CRN08367,DR01860,PR00007,SR02559,QC-01,Quay Crane,7.17,0.58,210,Operational
CRN08368,DR03895,PR00003,SR01659,QC-06,Quay Crane,10.0,0.77,296,Operational
CRN08369,DR02184,PR00007,SR07105,QC-04,Quay Crane,6.57,0.9,122,Operational
CRN08370,DR02494,PR00001,SR09404,QC-07,Quay Crane,5.63,1.32,117,Inspection
CRN08371,DR07119,PR00001,SR09692,QC-04,Quay Crane,7.54,0.41,219,Operational
CRN08372,DR08630,PR00003,SR01649,QC-04,Quay Crane,5.66,0.19,201,Operational
CRN08373,DR09697,PR00003,SR09576,QC-06,RTG Crane,7.85,0.93,200,Operational
CRN08374,DR09418,PR00003,SR07006,QC-06,Quay Crane,5.48,0.7,141,Operational
CRN08375,DR00363,PR00003,SR02528,QC-08,Quay Crane,8.28,0.87,209,Operational
CRN08376,DR08269,PR00003,SR02177,QC-04,Quay Crane,6.86,0.84,192,Operational
CRN08377,DR04871,PR00006,SR01748,QC-07,Quay Crane,9.87,1.06,315,Inspection
CRN08378,DR05763,PR00002,SR04326,QC-07,Quay Crane,9.58,1.29,243,Inspection
CRN08379,DR00174,PR00002,SR04810,QC-07,RTG Crane,8.83,1.24,275,Inspection
CRN08380,DR02645,PR00005,SR01522,QC-01,RTG Crane,5.71,0.81,89,Operational
CRN08381,DR00719,PR00004,SR08331,QC-04,Quay Crane,5.96,0.52,191,Operational
CRN08382,DR02063,PR00006,SR06218,QC-06,Quay Crane,7.39,1.61,199,Maintenance
CRN08383,DR02501,PR00002,SR00814,QC-04,Quay Crane,8.09,0.84,212,Operational
CRN08384,DR00818,PR00001,SR02557,QC-05,Quay Crane,7.2,1.89,209,Maintenance
CRN08385,DR03154,PR00007,SR06490,QC-08,Quay Crane,6.91,0.75,186,Operational
CRN08386,DR03696,PR00001,SR09133,QC-06,Quay Crane,8.05,0.84,157,Operational
CRN08387,DR07791,PR00005,SR04369,QC-08,Quay Crane,9.37,0.58,251,Operational
CRN08388,DR07916,PR00002,SR02508,QC-05,Quay Crane,9.98,1.61,263,Maintenance
CRN08389,DR09522,PR00003,SR00552,QC-01,Quay Crane,9.84,0.8,260,Operational
CRN08390,DR08582,PR00006,SR03471,QC-06,RTG Crane,4.56,0.9,107,Operational
CRN08391,DR05101,PR00003,SR01917,QC-05,Quay Crane,2.72,1.83,45,Maintenance
CRN08392,DR09030,PR00001,SR09739,QC-06,RTG Crane,8.18,0.88,210,Operational
CRN08393,DR08014,PR00005,SR07101,QC-06,RTG Crane,8.79,0.89,215,Operational
CRN08394,DR05943,PR00001,SR04469,QC-06,Quay Crane,8.7,0.77,227,Operational
CRN08395,DR00597,PR00002,SR05476,QC-07,Quay Crane,8.66,1.15,246,Inspection
CRN08396,DR03263,PR00003,SR04927,QC-08,RTG Crane,8.8,0.05,185,Operational
CRN08397,DR09613,PR00003,SR03481,QC-06,Quay Crane,7.23,1.26,181,Inspection
CRN08398,DR08404,PR00004,SR01150,QC-04,Quay Crane,7.8,0.63,210,Operational
CRN08399,DR05840,PR00003,SR02026,QC-05,RTG Crane,8.25,1.7,215,Maintenance
CRN08400,DR06586,PR00003,SR05607,QC-06,Quay Crane,8.33,1.21,187,Inspection
CRN08401,DR08150,PR00002,SR09260,QC-02,Quay Crane,6.8,1.27,188,Inspection
CRN08402,DR03988,PR00006,SR01503,QC-05,RTG Crane,5.67,1.52,143,Inspection
CRN08403,DR03376,PR00001,SR04567,QC-07,RTG Crane,4.91,1.52,105,Inspection
CRN08404,DR08343,PR00007,SR07913,QC-02,Quay Crane,6.62,0.51,156,Operational
CRN08405,DR08430,PR00002,SR05920,QC-02,Quay Crane,5.36,0.85,152,Operational
CRN08406,DR06630,PR00003,SR04434,QC-07,Quay Crane,7.17,1.57,139,Maintenance
CRN08407,DR07640,PR00005,SR04077,QC-08,RTG Crane,8.45,0.37,242,Operational
CRN08408,DR03981,PR00003,SR09282,QC-05,Quay Crane,7.7,1.63,209,Maintenance
CRN08409,DR06654,PR00004,SR01286,QC-03,Quay Crane,7.14,1.67,131,Maintenance
CRN08410,DR06735,PR00007,SR00165,QC-06,Quay Crane,8.05,0.28,224,Operational
CRN08411,DR05378,PR00006,SR09129,QC-07,RTG Crane,5.77,1.56,112,Maintenance
CRN08412,DR01281,PR00003,SR04751,QC-01,Quay Crane,8.42,0.22,286,Operational
CRN08413,DR01829,PR00005,SR04630,QC-04,RTG Crane,7.57,0.78,167,Operational
CRN08414,DR08251,PR00003,SR01607,QC-07,Quay Crane,6.35,0.86,214,Operational
CRN08415,DR07423,PR00005,SR07453,QC-05,Quay Crane,8.45,1.83,210,Maintenance
CRN08416,DR09859,PR00001,SR05125,QC-07,Quay Crane,2.59,1.04,71,Inspection
CRN08417,DR05610,PR00001,SR03769,QC-02,Quay Crane,7.25,0.7,205,Operational
CRN08418,DR07765,PR00004,SR08442,QC-08,Quay Crane,6.56,0.4,132,Operational
CRN08419,DR06548,PR00002,SR05444,QC-05,Quay Crane,6.11,1.92,135,Maintenance
CRN08420,DR07539,PR00005,SR09134,QC-02,Quay Crane,6.43,0.7,160,Operational
CRN08421,DR05479,PR00001,SR03757,QC-06,Quay Crane,8.01,1.1,165,Inspection
CRN08422,DR03733,PR00001,SR00466,QC-07,Quay Crane,6.68,1.26,167,Inspection
CRN08423,DR00310,PR00005,SR01635,QC-03,Quay Crane,9.09,1.33,242,Inspection
CRN08424,DR02901,PR00003,SR00639,QC-04,Quay Crane,5.2,0.82,99,Operational
CRN08425,DR00866,PR00007,SR03945,QC-05,Quay Crane,7.42,1.87,230,Maintenance
CRN08426,DR09410,PR00002,SR04302,QC-08,Quay Crane,5.67,0.13,131,Operational
CRN08427,DR09982,PR00001,SR08697,QC-05,Quay Crane,9.37,1.94,201,Maintenance
CRN08428,DR09608,PR00001,SR04630,QC-02,RTG Crane,8.08,0.69,250,Operational
CRN08429,DR07064,PR00003,SR04829,QC-08,Quay Crane,5.64,0.37,121,Operational
CRN08430,DR05365,PR00001,SR00434,QC-08,Quay Crane,8.2,0.32,203,Operational
CRN08431,DR05093,PR00005,SR07402,QC-03,Quay Crane,9.05,1.14,269,Inspection
CRN08432,DR01407,PR00001,SR04676,QC-02,Quay Crane,6.94,0.96,163,Operational
CRN08433,DR04398,PR00007,SR03146,QC-07,Quay Crane,7.18,0.7,226,Operational
CRN08434,DR01638,PR00004,SR01038,QC-01,RTG Crane,7.75,0.69,210,Operational
CRN08435,DR06329,PR00005,SR03327,QC-03,Quay Crane,7.19,1.0,172,Operational
CRN08436,DR00373,PR00001,SR07505,QC-08,Quay Crane,9.03,0.61,258,Operational
CRN08437,DR07174,PR00001,SR00586,QC-02,Quay Crane,7.58,1.28,179,Inspection
CRN08438,DR02227,PR00002,SR04898,QC-06,Quay Crane,7.9,1.04,245,Inspection
CRN08439,DR04769,PR00003,SR02376,QC-03,Quay Crane,8.14,1.21,215,Inspection
CRN08440,DR00779,PR00004,SR04404,QC-06,Quay Crane,7.69,0.52,230,Operational
CRN08441,DR00711,PR00002,SR04222,QC-04,Quay Crane,7.33,0.77,153,Operational
CRN08442,DR05659,PR00002,SR06249,QC-08,Quay Crane,6.73,0.42,160,Operational
CRN08443,DR03683,PR00007,SR02008,QC-08,Quay Crane,7.72,0.44,169,Operational
CRN08444,DR01972,PR00002,SR03702,QC-02,Quay Crane,7.82,1.36,247,Inspection
CRN08445,DR02453,PR00001,SR09001,QC-08,Quay Crane,7.82,0.59,202,Operational
CRN08446,DR04999,PR00002,SR07303,QC-06,RTG Crane,4.61,0.71,91,Operational
CRN08447,DR07310,PR00002,SR06685,QC-04,Quay Crane,8.03,0.63,201,Operational
CRN08448,DR05565,PR00003,SR05577,QC-01,Quay Crane,7.72,0.32,189,Operational
CRN08449,DR03543,PR00004,SR04019,QC-06,Quay Crane,8.21,0.87,273,Operational
CRN08450,DR08668,PR00004,SR02210,QC-04,Quay Crane,5.32,0.56,157,Operational
CRN08451,DR04306,PR00005,SR05838,QC-07,Quay Crane,7.1,1.26,148,Inspection
CRN08452,DR01033,PR00001,SR08014,QC-05,Quay Crane,7.78,1.75,185,Maintenance
CRN08453,DR02858,PR00001,SR08540,QC-04,Quay Crane,7.46,1.06,203,Inspection
CRN08454,DR09466,PR00006,SR02966,QC-08,RTG Crane,8.3,0.89,234,Operational
CRN08455,DR03347,PR00002,SR03382,QC-01,Quay Crane,7.11,0.34,195,Operational
CRN08456,DR02063,PR00002,SR01209,QC-03,RTG Crane,5.03,1.21,97,Inspection
CRN08457,DR02292,PR00003,SR03174,QC-04,Quay Crane,3.2,0.47,102,Operational
CRN08458,DR07105,PR00005,SR04203,QC-03,Quay Crane,5.68,1.37,145,Inspection
CRN08459,DR06340,PR00001,SR04868,QC-04,RTG Crane,5.82,0.9,167,Operational
CRN08460,DR01298,PR00007,SR04489,QC-04,Quay Crane,8.81,0.64,175,Operational
CRN08461,DR04474,PR00002,SR07974,QC-04,Quay Crane,8.92,1.04,245,Inspection
CRN08462,DR07444,PR00007,SR09196,QC-06,RTG Crane,8.62,1.12,266,Inspection
CRN08463,DR01165,PR00002,SR08018,QC-05,Quay Crane,7.11,2.02,176,Maintenance
CRN08464,DR05526,PR00005,SR06990,QC-02,Quay Crane,4.79,1.16,114,Inspection
CRN08465,DR07436,PR00003,SR04432,QC-07,RTG Crane,6.46,1.26,142,Inspection
CRN08466,DR06343,PR00006,SR05888,QC-08,Quay Crane,9.77,0.73,203,Operational
CRN08467,DR01072,PR00003,SR00724,QC-01,RTG Crane,5.71,0.64,151,Operational
CRN08468,DR09073,PR00006,SR08802,QC-08,Quay Crane,8.04,0.6,201,Operational
CRN08469,DR02408,PR00005,SR07485,QC-07,RTG Crane,7.18,1.03,227,Inspection
CRN08470,DR09565,PR00004,SR09077,QC-04,Quay Crane,6.68,0.94,140,Operational
CRN08471,DR09069,PR00002,SR07697,QC-07,Quay Crane,6.89,1.05,183,Inspection
CRN08472,DR08398,PR00002,SR09612,QC-03,RTG Crane,8.59,1.32,237,Inspection
CRN08473,DR06469,PR00007,SR00056,QC-02,Quay Crane,4.77,1.11,131,Inspection
CRN08474,DR06101,PR00007,SR06632,QC-01,Quay Crane,7.5,1.02,173,Inspection
CRN08475,DR09925,PR00001,SR05315,QC-06,Quay Crane,4.06,1.4,87,Inspection
CRN08476,DR04657,PR00002,SR09924,QC-06,Quay Crane,6.77,1.12,188,Inspection
CRN08477,DR00623,PR00001,SR02521,QC-01,Quay Crane,8.12,0.61,213,Operational
CRN08478,DR09217,PR00002,SR05499,QC-03,RTG Crane,8.31,1.6,224,Maintenance
CRN08479,DR09442,PR00002,SR00545,QC-06,Quay Crane,7.81,0.8,161,Operational
CRN08480,DR04331,PR00006,SR03230,QC-02,Quay Crane,6.92,0.83,175,Operational
CRN08481,DR08564,PR00001,SR08137,QC-04,Quay Crane,8.03,1.14,231,Inspection
CRN08482,DR02328,PR00006,SR07198,QC-01,Quay Crane,9.88,0.59,263,Operational
CRN08483,DR00230,PR00007,SR07599,QC-03,Quay Crane,7.99,1.37,146,Inspection
CRN08484,DR03844,PR00002,SR03897,QC-02,Quay Crane,3.75,0.81,100,Operational
CRN08485,DR00582,PR00003,SR00267,QC-08,Quay Crane,7.72,0.99,199,Operational
CRN08486,DR06640,PR00003,SR00364,QC-06,Quay Crane,8.85,1.02,210,Inspection
CRN08487,DR09983,PR00002,SR01429,QC-05,RTG Crane,7.47,1.65,220,Maintenance
CRN08488,DR02434,PR00005,SR03948,QC-01,Quay Crane,6.13,0.45,191,Operational
CRN08489,DR08296,PR00004,SR07525,QC-05,RTG Crane,9.07,1.89,217,Maintenance
CRN08490,DR00920,PR00001,SR04443,QC-06,RTG Crane,7.03,0.66,196,Operational
CRN08491,DR00329,PR00006,SR04227,QC-01,Quay Crane,5.32,0.53,141,Operational
CRN08492,DR05221,PR00002,SR01475,QC-06,Quay Crane,7.19,0.81,171,Operational
CRN08493,DR08369,PR00001,SR01921,QC-07,Quay Crane,8.56,0.86,267,Operational
CRN08494,DR05395,PR00007,SR06075,QC-05,Quay Crane,7.24,1.92,166,Maintenance
CRN08495,DR01370,PR00001,SR07579,QC-04,Quay Crane,6.26,0.89,160,Operational
CRN08496,DR07604,PR00001,SR08664,QC-03,Quay Crane,8.11,1.63,199,Maintenance
CRN08497,DR06769,PR00002,SR00103,QC-03,Quay Crane,8.19,1.35,223,Inspection
CRN08498,DR07877,PR00002,SR02950,QC-07,RTG Crane,5.79,1.1,199,Inspection
CRN08499,DR01554,PR00003,SR00882,QC-03,RTG Crane,6.67,1.3,204,Inspection
CRN08500,DR02438,PR00005,SR02781,QC-07,RTG Crane,6.0,1.62,211,Maintenance
CRN08501,DR00689,PR00003,SR03513,QC-03,Quay Crane,7.49,1.12,223,Inspection
CRN08502,DR03555,PR00004,SR06011,QC-07,RTG Crane,9.72,1.18,276,Inspection
CRN08503,DR03650,PR00001,SR04749,QC-06,Quay Crane,9.37,0.77,178,Operational
CRN08504,DR05989,PR00003,SR08555,QC-08,Quay Crane,7.28,0.86,207,Operational
CRN08505,DR03689,PR00007,SR05194,QC-03,Quay Crane,4.85,1.22,107,Inspection
CRN08506,DR02879,PR00005,SR01537,QC-01,Quay Crane,7.26,0.14,171,Operational
CRN08507,DR02223,PR00005,SR07693,QC-03,Quay Crane,6.86,1.24,166,Inspection
CRN08508,DR08126,PR00002,SR02673,QC-02,Quay Crane,5.71,0.87,139,Operational
CRN08509,DR03219,PR00003,SR09098,QC-02,Quay Crane,8.68,1.04,196,Inspection
CRN08510,DR05469,PR00006,SR01881,QC-06,Quay Crane,8.62,1.22,218,Inspection
CRN08511,DR03981,PR00006,SR09867,QC-01,RTG Crane,7.28,0.33,265,Operational
CRN08512,DR09727,PR00005,SR09754,QC-04,RTG Crane,6.92,0.59,144,Operational
CRN08513,DR06279,PR00003,SR08781,QC-02,RTG Crane,5.79,0.79,164,Operational
CRN08514,DR03638,PR00001,SR03615,QC-08,Quay Crane,7.72,0.59,220,Operational
CRN08515,DR08558,PR00001,SR03471,QC-01,Quay Crane,8.26,0.15,241,Operational
CRN08516,DR00860,PR00001,SR04958,QC-08,Quay Crane,8.08,0.59,220,Operational
CRN08517,DR00108,PR00002,SR02418,QC-06,Quay Crane,7.49,0.76,216,Operational
CRN08518,DR06790,PR00001,SR02861,QC-06,Quay Crane,9.86,1.11,223,Inspection
CRN08519,DR03485,PR00003,SR02657,QC-01,RTG Crane,7.82,0.96,195,Operational
CRN08520,DR04680,PR00004,SR09041,QC-06,Quay Crane,6.78,1.09,172,Inspection
CRN08521,DR01322,PR00004,SR06341,QC-04,RTG Crane,6.33,0.6,230,Operational
CRN08522,DR04707,PR00004,SR00641,QC-05,RTG Crane,5.59,1.82,126,Maintenance
CRN08523,DR07997,PR00002,SR01785,QC-02,RTG Crane,10.0,1.22,239,Inspection
CRN08524,DR01269,PR00003,SR04320,QC-02,Quay Crane,8.43,0.4,255,Operational
CRN08525,DR07801,PR00007,SR06576,QC-02,Quay Crane,9.16,0.87,278,Operational
CRN08526,DR09165,PR00003,SR04225,QC-05,RTG Crane,7.45,2.03,189,Maintenance
CRN08527,DR05628,PR00006,SR01977,QC-03,Quay Crane,7.61,1.66,143,Maintenance
CRN08528,DR01110,PR00003,SR05661,QC-02,Quay Crane,5.88,0.34,162,Operational
CRN08529,DR04551,PR00004,SR07778,QC-04,Quay Crane,6.77,0.48,165,Operational
CRN08530,DR06077,PR00003,SR00072,QC-08,RTG Crane,6.74,0.51,189,Operational
CRN08531,DR04234,PR00005,SR06808,QC-08,Quay Crane,5.7,0.56,131,Operational
CRN08532,DR00796,PR00006,SR07022,QC-08,Quay Crane,7.96,0.48,215,Operational
CRN08533,DR04114,PR00003,SR01438,QC-05,Quay Crane,10.0,1.77,243,Maintenance
CRN08534,DR02205,PR00005,SR05336,QC-04,Quay Crane,5.28,0.65,83,Operational
CRN08535,DR07637,PR00006,SR01791,QC-06,Quay Crane,8.02,0.92,247,Operational
CRN08536,DR02103,PR00006,SR07360,QC-04,Quay Crane,6.42,0.65,142,Operational
CRN08537,DR06142,PR00001,SR04468,QC-06,Quay Crane,7.62,1.08,205,Inspection
CRN08538,DR07413,PR00001,SR02211,QC-03,RTG Crane,9.72,1.64,304,Maintenance
CRN08539,DR07805,PR00006,SR03947,QC-08,Quay Crane,4.63,1.03,95,Inspection
CRN08540,DR01505,PR00005,SR08956,QC-01,Quay Crane,5.49,0.51,164,Operational
CRN08541,DR00379,PR00007,SR05438,QC-06,Quay Crane,6.73,1.24,146,Inspection
CRN08542,DR05151,PR00002,SR03921,QC-05,Quay Crane,7.24,1.9,199,Maintenance
CRN08543,DR05519,PR00006,SR05822,QC-08,Quay Crane,6.22,0.34,155,Operational
CRN08544,DR08973,PR00006,SR04957,QC-03,RTG Crane,6.8,1.15,118,Inspection
CRN08545,DR06239,PR00006,SR03508,QC-01,Quay Crane,8.57,0.79,252,Operational
CRN08546,DR03181,PR00005,SR04980,QC-01,Quay Crane,5.47,0.75,139,Operational
CRN08547,DR06017,PR00001,SR03545,QC-06,RTG Crane,6.28,1.25,173,Inspection
CRN08548,DR02783,PR00005,SR05455,QC-01,RTG Crane,6.12,0.61,167,Operational
CRN08549,DR00869,PR00004,SR09575,QC-06,Quay Crane,8.97,0.64,221,Operational
CRN08550,DR07895,PR00002,SR07761,QC-05,RTG Crane,6.66,2.31,193,Maintenance
CRN08551,DR06796,PR00002,SR03680,QC-03,Quay Crane,6.36,1.36,174,Inspection
CRN08552,DR02731,PR00006,SR04116,QC-02,RTG Crane,6.82,0.71,163,Operational
CRN08553,DR01676,PR00001,SR08650,QC-06,Quay Crane,7.25,0.66,194,Operational
CRN08554,DR05363,PR00003,SR01859,QC-08,Quay Crane,9.12,0.42,297,Operational
CRN08555,DR00130,PR00004,SR06203,QC-08,Quay Crane,7.86,0.78,204,Operational
CRN08556,DR00356,PR00007,SR04532,QC-07,Quay Crane,10.0,1.17,261,Inspection
CRN08557,DR02174,PR00005,SR05572,QC-01,Quay Crane,6.43,0.08,220,Operational
CRN08558,DR05726,PR00002,SR09598,QC-03,RTG Crane,8.53,1.18,298,Inspection
CRN08559,DR08931,PR00001,SR05429,QC-08,Quay Crane,9.33,0.39,230,Operational
CRN08560,DR02050,PR00002,SR02362,QC-07,Quay Crane,5.32,1.03,135,Inspection
CRN08561,DR03500,PR00002,SR01754,QC-03,Quay Crane,5.1,1.39,125,Inspection
CRN08562,DR00697,PR00006,SR04099,QC-04,Quay Crane,6.56,0.27,210,Operational
CRN08563,DR09368,PR00003,SR05477,QC-02,Quay Crane,9.92,0.84,319,Operational
CRN08564,DR06756,PR00001,SR09288,QC-06,Quay Crane,7.47,1.55,186,Inspection
CRN08565,DR04373,PR00006,SR08775,QC-06,Quay Crane,7.65,0.76,152,Operational
CRN08566,DR02713,PR00001,SR08316,QC-08,RTG Crane,6.84,0.94,181,Operational
CRN08567,DR01673,PR00001,SR06116,QC-01,Quay Crane,7.92,0.41,215,Operational
CRN08568,DR01535,PR00003,SR09730,QC-02,Quay Crane,7.42,0.49,232,Operational
CRN08569,DR09858,PR00001,SR06236,QC-04,Quay Crane,5.15,0.09,104,Operational
CRN08570,DR05979,PR00001,SR06793,QC-06,Quay Crane,3.8,1.22,79,Inspection
CRN08571,DR07663,PR00007,SR01376,QC-07,Quay Crane,9.1,1.27,276,Inspection
CRN08572,DR04391,PR00006,SR02715,QC-01,Quay Crane,3.59,0.05,112,Operational
CRN08573,DR03075,PR00005,SR07690,QC-05,Quay Crane,6.45,1.85,166,Maintenance
CRN08574,DR04839,PR00005,SR06816,QC-07,Quay Crane,6.32,0.81,182,Operational
CRN08575,DR02265,PR00001,SR00543,QC-01,Quay Crane,6.85,1.1,177,Inspection
CRN08576,DR05100,PR00006,SR09137,QC-04,Quay Crane,7.1,0.69,157,Operational
CRN08577,DR07334,PR00003,SR07756,QC-03,RTG Crane,9.25,1.25,245,Inspection
CRN08578,DR08540,PR00001,SR01175,QC-03,Quay Crane,7.7,1.24,206,Inspection
CRN08579,DR09980,PR00002,SR01148,QC-03,Quay Crane,9.17,1.44,301,Inspection
CRN08580,DR04837,PR00003,SR01174,QC-01,Quay Crane,6.56,0.45,170,Operational
CRN08581,DR06556,PR00001,SR06710,QC-01,Quay Crane,6.94,0.27,207,Operational
CRN08582,DR04556,PR00002,SR07928,QC-08,Quay Crane,5.42,0.75,155,Operational
CRN08583,DR06319,PR00002,SR02244,QC-07,Quay Crane,6.56,0.97,206,Operational
CRN08584,DR04721,PR00003,SR09882,QC-02,Quay Crane,7.86,1.05,209,Inspection
CRN08585,DR00284,PR00001,SR08696,QC-05,RTG Crane,4.14,2.17,68,Maintenance
CRN08586,DR03759,PR00004,SR02023,QC-07,RTG Crane,7.69,1.11,305,Inspection
CRN08587,DR04494,PR00001,SR03201,QC-03,Quay Crane,5.25,0.92,91,Operational
CRN08588,DR04845,PR00004,SR09313,QC-01,Quay Crane,6.11,0.47,145,Operational
CRN08589,DR04206,PR00002,SR08974,QC-04,Quay Crane,8.75,0.69,231,Operational
CRN08590,DR01040,PR00003,SR01408,QC-08,RTG Crane,5.69,0.26,211,Operational
CRN08591,DR01716,PR00004,SR00485,QC-03,Quay Crane,5.96,0.83,142,Operational
CRN08592,DR07702,PR00004,SR09258,QC-05,RTG Crane,8.34,1.34,188,Inspection
CRN08593,DR00585,PR00001,SR02514,QC-02,Quay Crane,7.37,1.11,206,Inspection
CRN08594,DR00105,PR00003,SR03959,QC-02,Quay Crane,4.73,1.02,160,Inspection
CRN08595,DR06395,PR00006,SR01322,QC-07,Quay Crane,6.68,0.86,138,Operational
CRN08596,DR00262,PR00002,SR07986,QC-02,RTG Crane,6.59,1.08,190,Inspection
CRN08597,DR06740,PR00003,SR08067,QC-03,Quay Crane,7.18,1.4,197,Inspection
CRN08598,DR03799,PR00003,SR00152,QC-08,Quay Crane,7.38,0.71,172,Operational
CRN08599,DR00064,PR00006,SR01754,QC-06,Quay Crane,6.24,0.05,137,Operational
CRN08600,DR06495,PR00003,SR09700,QC-04,Quay Crane,10.0,0.51,281,Operational
CRN08601,DR09659,PR00007,SR00648,QC-05,Quay Crane,6.65,2.12,138,Maintenance
CRN08602,DR01559,PR00004,SR09184,QC-02,Quay Crane,7.79,0.25,208,Operational
CRN08603,DR03932,PR00004,SR03217,QC-04,RTG Crane,4.26,1.11,146,Inspection
CRN08604,DR00449,PR00002,SR02980,QC-06,Quay Crane,6.26,1.12,170,Inspection
CRN08605,DR09229,PR00004,SR03114,QC-05,Quay Crane,7.24,1.78,175,Maintenance
CRN08606,DR03517,PR00001,SR01479,QC-06,Quay Crane,5.29,0.69,204,Operational
CRN08607,DR07585,PR00003,SR07792,QC-06,Quay Crane,6.57,1.14,185,Inspection
CRN08608,DR02812,PR00002,SR02252,QC-03,Quay Crane,7.51,1.42,177,Inspection
CRN08609,DR08354,PR00005,SR00638,QC-06,Quay Crane,5.11,0.86,151,Operational
CRN08610,DR08835,PR00005,SR01269,QC-05,Quay Crane,6.19,1.98,184,Maintenance
CRN08611,DR00848,PR00007,SR08312,QC-03,Quay Crane,7.23,1.07,210,Inspection
CRN08612,DR02584,PR00002,SR09391,QC-03,Quay Crane,8.17,1.19,246,Inspection
CRN08613,DR08446,PR00006,SR01411,QC-08,Quay Crane,8.16,0.52,258,Operational
CRN08614,DR01432,PR00006,SR07917,QC-07,Quay Crane,7.2,1.04,186,Inspection
CRN08615,DR08940,PR00006,SR03021,QC-06,Quay Crane,6.95,0.96,225,Operational
CRN08616,DR04034,PR00005,SR02954,QC-06,Quay Crane,9.29,0.9,297,Operational
CRN08617,DR02411,PR00002,SR07553,QC-08,Quay Crane,9.8,0.77,273,Operational
CRN08618,DR05829,PR00006,SR03108,QC-01,Quay Crane,9.82,0.64,330,Operational
CRN08619,DR04064,PR00004,SR07251,QC-02,RTG Crane,7.52,1.09,187,Inspection
CRN08620,DR01337,PR00005,SR06507,QC-07,Quay Crane,6.84,0.79,173,Operational
CRN08621,DR00977,PR00002,SR08418,QC-07,Quay Crane,7.32,1.46,151,Inspection
CRN08622,DR07487,PR00001,SR08642,QC-08,RTG Crane,5.56,0.48,153,Operational
CRN08623,DR07649,PR00002,SR02991,QC-07,Quay Crane,6.26,1.0,150,Operational
CRN08624,DR09299,PR00003,SR00426,QC-02,RTG Crane,6.75,0.61,168,Operational
CRN08625,DR09703,PR00003,SR09358,QC-02,Quay Crane,7.71,0.58,227,Operational
CRN08626,DR08429,PR00006,SR03435,QC-02,Quay Crane,8.35,0.64,208,Operational
CRN08627,DR05053,PR00001,SR04907,QC-03,Quay Crane,9.35,1.43,234,Inspection
CRN08628,DR00382,PR00001,SR09476,QC-02,RTG Crane,9.69,1.18,299,Inspection
CRN08629,DR08601,PR00002,SR00915,QC-04,RTG Crane,6.65,0.79,144,Operational
CRN08630,DR00272,PR00001,SR04608,QC-06,Quay Crane,7.45,0.73,234,Operational
CRN08631,DR09813,PR00003,SR01446,QC-06,Quay Crane,9.11,0.6,313,Operational
CRN08632,DR07425,PR00005,SR04932,QC-07,Quay Crane,7.46,1.09,244,Inspection
CRN08633,DR04534,PR00007,SR01432,QC-01,Quay Crane,5.55,0.5,129,Operational
CRN08634,DR02830,PR00002,SR03400,QC-01,Quay Crane,8.71,0.35,191,Operational
CRN08635,DR00427,PR00002,SR04785,QC-08,Quay Crane,6.4,0.56,163,Operational
CRN08636,DR00178,PR00005,SR08852,QC-03,Quay Crane,5.11,1.27,115,Inspection
CRN08637,DR01486,PR00002,SR04787,QC-02,Quay Crane,6.0,1.16,100,Inspection
CRN08638,DR05321,PR00005,SR05562,QC-02,Quay Crane,7.94,0.41,190,Operational
CRN08639,DR06702,PR00004,SR05599,QC-04,Quay Crane,7.55,0.71,196,Operational
CRN08640,DR06461,PR00006,SR09699,QC-06,Quay Crane,6.47,0.89,192,Operational
CRN08641,DR06816,PR00001,SR02200,QC-04,Quay Crane,10.0,0.8,280,Operational
CRN08642,DR01927,PR00007,SR02119,QC-06,Quay Crane,5.45,1.05,139,Inspection
CRN08643,DR00366,PR00007,SR03716,QC-01,Quay Crane,6.3,0.87,186,Operational
CRN08644,DR04183,PR00001,SR00764,QC-06,RTG Crane,6.78,0.93,184,Operational
CRN08645,DR09370,PR00003,SR03369,QC-03,RTG Crane,5.17,1.24,127,Inspection
CRN08646,DR07623,PR00003,SR00508,QC-03,Quay Crane,6.64,1.43,115,Inspection
CRN08647,DR05573,PR00002,SR05752,QC-06,Quay Crane,4.83,0.45,107,Operational
CRN08648,DR06143,PR00007,SR02320,QC-04,RTG Crane,8.15,0.7,227,Operational
CRN08649,DR01797,PR00001,SR06543,QC-07,RTG Crane,7.53,1.27,152,Inspection
CRN08650,DR05044,PR00002,SR00245,QC-04,Quay Crane,7.5,0.72,236,Operational
CRN08651,DR04462,PR00001,SR01127,QC-07,Quay Crane,9.13,1.08,248,Inspection
CRN08652,DR03688,PR00004,SR06109,QC-03,RTG Crane,7.14,1.42,243,Inspection
CRN08653,DR07335,PR00006,SR07830,QC-08,Quay Crane,4.74,0.67,131,Operational
CRN08654,DR06632,PR00004,SR02484,QC-01,Quay Crane,6.6,0.69,191,Operational
CRN08655,DR05953,PR00004,SR03581,QC-01,Quay Crane,8.36,0.67,195,Operational
CRN08656,DR06534,PR00001,SR05528,QC-08,Quay Crane,5.98,0.68,205,Operational
CRN08657,DR04836,PR00005,SR03068,QC-07,Quay Crane,7.41,1.22,212,Inspection
CRN08658,DR02269,PR00003,SR09471,QC-07,Quay Crane,6.03,1.09,158,Inspection
CRN08659,DR02942,PR00003,SR04581,QC-06,Quay Crane,5.93,1.07,174,Inspection
CRN08660,DR07418,PR00004,SR06431,QC-03,Quay Crane,7.28,1.83,184,Maintenance
CRN08661,DR00465,PR00007,SR00511,QC-02,Quay Crane,8.77,1.07,209,Inspection
CRN08662,DR03368,PR00005,SR00699,QC-06,Quay Crane,6.35,0.84,152,Operational
CRN08663,DR01837,PR00005,SR01682,QC-08,Quay Crane,9.13,0.36,260,Operational
CRN08664,DR04284,PR00003,SR07510,QC-04,Quay Crane,6.98,0.78,238,Operational
CRN08665,DR09619,PR00001,SR06099,QC-07,Quay Crane,6.49,1.43,152,Inspection
CRN08666,DR07531,PR00003,SR04059,QC-08,Quay Crane,5.85,0.55,180,Operational
CRN08667,DR03114,PR00004,SR08741,QC-04,Quay Crane,7.31,0.65,168,Operational
CRN08668,DR00884,PR00005,SR00154,QC-04,Quay Crane,7.26,0.6,214,Operational
CRN08669,DR04125,PR00004,SR03949,QC-02,Quay Crane,6.6,1.35,186,Inspection
CRN08670,DR08706,PR00002,SR05120,QC-01,Quay Crane,5.68,0.59,131,Operational
CRN08671,DR03379,PR00002,SR02159,QC-06,Quay Crane,3.9,1.14,115,Inspection
CRN08672,DR04254,PR00001,SR06701,QC-08,Quay Crane,6.71,0.36,144,Operational
CRN08673,DR02833,PR00005,SR08408,QC-01,RTG Crane,7.16,0.47,195,Operational
CRN08674,DR07070,PR00007,SR09553,QC-02,Quay Crane,9.34,1.35,240,Inspection
CRN08675,DR07552,PR00003,SR02861,QC-08,RTG Crane,7.23,0.6,235,Operational
CRN08676,DR03383,PR00005,SR03046,QC-04,Quay Crane,8.81,0.88,229,Operational
CRN08677,DR07414,PR00005,SR01450,QC-01,Quay Crane,6.25,0.25,210,Operational
CRN08678,DR01781,PR00001,SR06075,QC-04,Quay Crane,5.77,0.7,192,Operational
CRN08679,DR06092,PR00001,SR07234,QC-07,Quay Crane,2.52,0.7,125,Operational
CRN08680,DR05046,PR00002,SR07631,QC-03,Quay Crane,6.71,1.22,101,Inspection
CRN08681,DR07260,PR00007,SR01611,QC-06,RTG Crane,8.75,0.94,244,Operational
CRN08682,DR07695,PR00001,SR07456,QC-04,Quay Crane,3.99,0.95,143,Operational
CRN08683,DR04951,PR00004,SR05390,QC-01,Quay Crane,7.05,0.51,205,Operational
CRN08684,DR03028,PR00003,SR04435,QC-04,RTG Crane,8.22,0.68,224,Operational
CRN08685,DR09674,PR00004,SR00934,QC-01,Quay Crane,5.39,0.31,162,Operational
CRN08686,DR08524,PR00002,SR03360,QC-01,Quay Crane,8.0,0.51,198,Operational
CRN08687,DR06395,PR00007,SR01893,QC-06,Quay Crane,6.08,1.13,208,Inspection
CRN08688,DR09497,PR00002,SR07346,QC-07,Quay Crane,9.66,0.55,262,Operational
CRN08689,DR02742,PR00007,SR06207,QC-01,Quay Crane,5.4,0.76,134,Operational
CRN08690,DR04527,PR00004,SR03968,QC-04,Quay Crane,8.59,0.61,165,Operational
CRN08691,DR09040,PR00003,SR01879,QC-03,RTG Crane,3.97,1.3,121,Inspection
CRN08692,DR01277,PR00005,SR01096,QC-03,Quay Crane,8.52,1.24,187,Inspection
CRN08693,DR01111,PR00004,SR01002,QC-02,Quay Crane,6.87,0.66,229,Operational
CRN08694,DR06147,PR00001,SR05573,QC-08,Quay Crane,7.81,0.31,247,Operational
CRN08695,DR00872,PR00005,SR02235,QC-05,RTG Crane,4.78,1.62,111,Maintenance
CRN08696,DR01839,PR00004,SR02537,QC-06,Quay Crane,6.5,0.67,116,Operational
CRN08697,DR03578,PR00004,SR09997,QC-01,Quay Crane,8.31,0.7,203,Operational
CRN08698,DR07905,PR00005,SR07391,QC-06,Quay Crane,7.05,1.32,189,Inspection
CRN08699,DR00428,PR00004,SR06783,QC-01,Quay Crane,6.11,0.45,169,Operational
CRN08700,DR02493,PR00003,SR04325,QC-06,Quay Crane,9.33,0.81,232,Operational
CRN08701,DR08758,PR00002,SR00383,QC-06,Quay Crane,7.25,0.91,241,Operational
CRN08702,DR07650,PR00002,SR04889,QC-01,Quay Crane,8.44,0.26,206,Operational
CRN08703,DR03693,PR00004,SR07908,QC-02,RTG Crane,4.91,0.91,68,Operational
CRN08704,DR09903,PR00002,SR04243,QC-05,Quay Crane,6.79,1.81,195,Maintenance
CRN08705,DR03041,PR00001,SR07451,QC-05,Quay Crane,5.95,1.31,175,Inspection
CRN08706,DR07184,PR00006,SR07602,QC-02,Quay Crane,6.38,0.96,161,Operational
CRN08707,DR01342,PR00002,SR06711,QC-02,Quay Crane,10.0,0.48,268,Operational
CRN08708,DR01500,PR00001,SR03613,QC-08,Quay Crane,8.35,0.56,222,Operational
CRN08709,DR01810,PR00006,SR04157,QC-06,Quay Crane,7.05,0.85,178,Operational
CRN08710,DR01088,PR00005,SR04498,QC-03,Quay Crane,6.68,1.52,196,Inspection
CRN08711,DR05053,PR00005,SR07068,QC-01,Quay Crane,5.07,0.42,142,Operational
CRN08712,DR04740,PR00002,SR01851,QC-05,Quay Crane,5.49,2.19,109,Maintenance
CRN08713,DR00443,PR00004,SR04550,QC-06,RTG Crane,8.18,1.22,244,Inspection
CRN08714,DR09199,PR00007,SR07566,QC-06,Quay Crane,6.87,0.93,221,Operational
CRN08715,DR01229,PR00002,SR02309,QC-02,Quay Crane,6.48,1.33,171,Inspection
CRN08716,DR06472,PR00001,SR09315,QC-03,Quay Crane,3.59,1.24,88,Inspection
CRN08717,DR00895,PR00001,SR08534,QC-04,Quay Crane,6.87,0.5,218,Operational
CRN08718,DR04558,PR00006,SR08043,QC-02,RTG Crane,10.0,1.27,320,Inspection
CRN08719,DR01328,PR00002,SR06443,QC-06,Quay Crane,8.14,1.15,204,Inspection
CRN08720,DR01496,PR00003,SR01291,QC-03,Quay Crane,6.49,1.57,167,Maintenance
CRN08721,DR00272,PR00003,SR00869,QC-03,Quay Crane,7.46,1.54,197,Inspection
CRN08722,DR03191,PR00007,SR07519,QC-05,Quay Crane,6.2,2.05,148,Maintenance
CRN08723,DR09971,PR00002,SR06501,QC-02,RTG Crane,9.97,0.88,275,Operational
CRN08724,DR02280,PR00003,SR04259,QC-07,Quay Crane,8.58,1.0,324,Operational
CRN08725,DR03217,PR00007,SR00959,QC-07,Quay Crane,7.6,0.82,194,Operational
CRN08726,DR03824,PR00002,SR02219,QC-07,Quay Crane,6.2,1.08,196,Inspection
CRN08727,DR08794,PR00004,SR07345,QC-02,Quay Crane,8.26,0.88,198,Operational
CRN08728,DR01203,PR00001,SR00023,QC-02,RTG Crane,7.86,1.1,197,Inspection
CRN08729,DR00250,PR00002,SR07591,QC-01,Quay Crane,8.01,0.44,127,Operational
CRN08730,DR00171,PR00001,SR08925,QC-01,Quay Crane,8.04,0.11,223,Operational
CRN08731,DR04976,PR00002,SR06148,QC-04,Quay Crane,7.06,1.05,147,Inspection
CRN08732,DR00839,PR00002,SR03403,QC-08,Quay Crane,4.75,0.93,131,Operational
CRN08733,DR08750,PR00006,SR01431,QC-05,RTG Crane,7.4,1.75,179,Maintenance
CRN08734,DR01614,PR00003,SR04918,QC-06,Quay Crane,6.43,1.03,121,Inspection
CRN08735,DR09354,PR00003,SR08450,QC-01,RTG Crane,5.17,0.45,137,Operational
CRN08736,DR07491,PR00005,SR03064,QC-03,Quay Crane,4.53,1.07,107,Inspection
CRN08737,DR04807,PR00007,SR03283,QC-07,Quay Crane,6.86,1.16,242,Inspection
CRN08738,DR02954,PR00002,SR07507,QC-04,Quay Crane,5.3,0.3,152,Operational
CRN08739,DR08093,PR00001,SR00100,QC-04,Quay Crane,4.6,0.75,82,Operational
CRN08740,DR02962,PR00001,SR01832,QC-03,Quay Crane,8.54,1.44,235,Inspection
CRN08741,DR04226,PR00006,SR08975,QC-01,Quay Crane,8.88,0.34,259,Operational
CRN08742,DR05476,PR00006,SR02785,QC-01,Quay Crane,8.36,0.77,214,Operational
CRN08743,DR09919,PR00003,SR05759,QC-03,Quay Crane,8.94,0.99,233,Operational
CRN08744,DR09464,PR00001,SR06649,QC-03,Quay Crane,5.29,1.06,158,Inspection
CRN08745,DR09064,PR00003,SR06828,QC-03,Quay Crane,6.93,1.54,148,Inspection
CRN08746,DR06749,PR00004,SR04832,QC-07,Quay Crane,7.19,1.3,243,Inspection
CRN08747,DR00838,PR00002,SR06519,QC-08,Quay Crane,7.72,0.48,244,Operational
CRN08748,DR07714,PR00001,SR03517,QC-02,Quay Crane,7.29,0.85,209,Operational
CRN08749,DR06823,PR00002,SR08040,QC-03,Quay Crane,4.72,1.22,84,Inspection
CRN08750,DR07561,PR00005,SR02171,QC-02,Quay Crane,6.27,0.68,207,Operational
CRN08751,DR08293,PR00007,SR03713,QC-04,Quay Crane,7.32,0.77,162,Operational
CRN08752,DR00435,PR00001,SR09608,QC-04,Quay Crane,6.55,0.64,183,Operational
CRN08753,DR08309,PR00007,SR08830,QC-08,RTG Crane,8.2,0.51,218,Operational
CRN08754,DR05910,PR00003,SR00610,QC-01,Quay Crane,7.86,0.45,236,Operational
CRN08755,DR06308,PR00004,SR09355,QC-02,Quay Crane,9.81,1.42,252,Inspection
CRN08756,DR00509,PR00006,SR01861,QC-02,Quay Crane,8.01,0.99,181,Operational
CRN08757,DR07173,PR00004,SR01151,QC-08,Quay Crane,8.97,0.48,228,Operational
CRN08758,DR06028,PR00001,SR06852,QC-07,Quay Crane,6.03,0.95,148,Operational
CRN08759,DR05748,PR00002,SR08747,QC-05,RTG Crane,9.41,1.82,278,Maintenance
CRN08760,DR01079,PR00006,SR02951,QC-01,Quay Crane,9.13,0.12,255,Operational
CRN08761,DR09533,PR00004,SR01564,QC-08,RTG Crane,6.83,0.95,148,Operational
CRN08762,DR02407,PR00002,SR06383,QC-05,Quay Crane,6.58,1.68,191,Maintenance
CRN08763,DR00051,PR00004,SR04726,QC-08,RTG Crane,6.76,0.59,200,Operational
CRN08764,DR09030,PR00002,SR07096,QC-06,Quay Crane,4.86,1.18,101,Inspection
CRN08765,DR04039,PR00002,SR08993,QC-08,Quay Crane,5.82,1.0,127,Operational
CRN08766,DR05789,PR00006,SR07767,QC-02,Quay Crane,7.94,0.66,207,Operational
CRN08767,DR09349,PR00003,SR07781,QC-08,Quay Crane,9.03,0.79,228,Operational
CRN08768,DR01731,PR00002,SR01942,QC-04,Quay Crane,8.47,1.2,250,Inspection
CRN08769,DR02801,PR00003,SR07120,QC-02,Quay Crane,5.72,0.42,158,Operational
CRN08770,DR08485,PR00007,SR02903,QC-04,Quay Crane,9.01,0.51,217,Operational
CRN08771,DR09042,PR00001,SR02861,QC-06,RTG Crane,8.68,1.02,235,Inspection
CRN08772,DR09138,PR00001,SR00609,QC-04,Quay Crane,7.6,0.48,210,Operational
CRN08773,DR01278,PR00002,SR05057,QC-01,Quay Crane,9.11,0.41,222,Operational
CRN08774,DR03183,PR00001,SR09805,QC-02,Quay Crane,10.0,0.96,257,Operational
CRN08775,DR06019,PR00001,SR01737,QC-05,RTG Crane,6.89,2.2,181,Maintenance
CRN08776,DR01081,PR00001,SR01748,QC-04,Quay Crane,6.64,1.01,214,Inspection
CRN08777,DR02066,PR00001,SR09947,QC-02,Quay Crane,6.38,0.62,194,Operational
CRN08778,DR01554,PR00004,SR06989,QC-01,Quay Crane,6.63,0.5,158,Operational
CRN08779,DR00807,PR00001,SR00695,QC-01,Quay Crane,8.48,0.28,278,Operational
CRN08780,DR02929,PR00003,SR07529,QC-05,Quay Crane,4.96,2.26,102,Maintenance
CRN08781,DR05484,PR00005,SR07785,QC-05,Quay Crane,4.94,1.96,136,Maintenance
CRN08782,DR02072,PR00001,SR05869,QC-04,Quay Crane,7.82,0.67,249,Operational
CRN08783,DR07716,PR00002,SR02435,QC-03,Quay Crane,6.95,1.35,196,Inspection
CRN08784,DR06380,PR00007,SR07573,QC-01,Quay Crane,8.83,0.51,226,Operational
CRN08785,DR06832,PR00004,SR05753,QC-06,Quay Crane,5.13,0.82,145,Operational
CRN08786,DR07419,PR00004,SR00703,QC-05,RTG Crane,6.53,1.78,175,Maintenance
CRN08787,DR00654,PR00003,SR07823,QC-01,Quay Crane,6.87,0.41,156,Operational
CRN08788,DR04398,PR00007,SR07481,QC-08,Quay Crane,8.28,0.75,214,Operational
CRN08789,DR01431,PR00001,SR01333,QC-01,Quay Crane,6.99,0.26,215,Operational
CRN08790,DR03407,PR00001,SR02347,QC-08,Quay Crane,5.92,0.69,145,Operational
CRN08791,DR09760,PR00006,SR05357,QC-07,Quay Crane,7.81,0.76,189,Operational
CRN08792,DR06057,PR00001,SR04417,QC-06,Quay Crane,7.21,1.11,133,Inspection
CRN08793,DR04414,PR00004,SR08734,QC-06,RTG Crane,6.43,0.69,124,Operational
CRN08794,DR01336,PR00001,SR06368,QC-05,Quay Crane,5.31,1.71,196,Maintenance
CRN08795,DR02559,PR00002,SR03089,QC-08,Quay Crane,8.61,0.54,208,Operational
CRN08796,DR09355,PR00004,SR09074,QC-01,Quay Crane,6.72,0.44,163,Operational
CRN08797,DR06377,PR00004,SR02631,QC-06,Quay Crane,7.19,1.58,219,Maintenance
CRN08798,DR05896,PR00004,SR06735,QC-03,Quay Crane,8.06,1.14,185,Inspection
CRN08799,DR05124,PR00001,SR05361,QC-08,RTG Crane,5.74,0.58,141,Operational
CRN08800,DR04591,PR00002,SR02243,QC-03,RTG Crane,8.15,1.04,246,Inspection
CRN08801,DR05617,PR00005,SR09154,QC-01,RTG Crane,8.3,1.01,225,Inspection
CRN08802,DR02632,PR00001,SR09208,QC-06,Quay Crane,6.12,0.91,121,Operational
CRN08803,DR01116,PR00004,SR01416,QC-08,Quay Crane,6.53,0.3,162,Operational
CRN08804,DR03813,PR00003,SR01809,QC-04,Quay Crane,5.95,1.08,184,Inspection
CRN08805,DR05023,PR00002,SR05165,QC-02,Quay Crane,6.77,0.98,170,Operational
CRN08806,DR03851,PR00002,SR00909,QC-02,Quay Crane,8.04,0.81,216,Operational
CRN08807,DR08311,PR00006,SR00467,QC-08,Quay Crane,5.24,0.62,139,Operational
CRN08808,DR00023,PR00003,SR03796,QC-04,RTG Crane,7.2,0.71,231,Operational
CRN08809,DR05406,PR00001,SR00220,QC-02,Quay Crane,7.55,1.09,175,Inspection
CRN08810,DR05067,PR00007,SR08788,QC-08,Quay Crane,7.92,0.94,165,Operational
CRN08811,DR09109,PR00001,SR08923,QC-04,Quay Crane,5.34,0.07,175,Operational
CRN08812,DR08722,PR00006,SR04277,QC-04,Quay Crane,6.34,0.54,130,Operational
CRN08813,DR09740,PR00001,SR03438,QC-03,Quay Crane,7.08,1.36,143,Inspection
CRN08814,DR08979,PR00003,SR05560,QC-04,RTG Crane,5.99,0.51,191,Operational
CRN08815,DR01774,PR00003,SR08544,QC-08,Quay Crane,4.81,0.4,117,Operational
CRN08816,DR04659,PR00001,SR01510,QC-07,Quay Crane,8.93,1.32,240,Inspection
CRN08817,DR00163,PR00005,SR01856,QC-04,Quay Crane,6.69,1.09,113,Inspection
CRN08818,DR01365,PR00002,SR01991,QC-04,Quay Crane,6.79,0.7,201,Operational
CRN08819,DR07879,PR00004,SR02001,QC-04,Quay Crane,7.24,0.61,166,Operational
CRN08820,DR01238,PR00006,SR08245,QC-05,Quay Crane,9.09,1.54,270,Inspection
CRN08821,DR04837,PR00004,SR02957,QC-05,Quay Crane,8.55,2.22,216,Maintenance
CRN08822,DR07171,PR00003,SR05484,QC-01,Quay Crane,7.68,0.65,232,Operational
CRN08823,DR03859,PR00002,SR08661,QC-08,Quay Crane,4.48,0.68,131,Operational
CRN08824,DR09899,PR00001,SR02497,QC-07,RTG Crane,9.76,1.26,256,Inspection
CRN08825,DR01976,PR00007,SR07143,QC-03,Quay Crane,7.19,1.6,166,Maintenance
CRN08826,DR01638,PR00004,SR03975,QC-03,RTG Crane,4.21,1.26,82,Inspection
CRN08827,DR00027,PR00004,SR06381,QC-02,Quay Crane,8.54,0.98,263,Operational
CRN08828,DR09409,PR00003,SR03898,QC-02,Quay Crane,5.7,0.74,99,Operational
CRN08829,DR07376,PR00003,SR02707,QC-03,Quay Crane,6.09,1.18,118,Inspection
CRN08830,DR07916,PR00001,SR04431,QC-07,Quay Crane,5.95,0.98,148,Operational
CRN08831,DR07179,PR00001,SR03409,QC-03,Quay Crane,3.4,1.09,45,Inspection
CRN08832,DR04323,PR00003,SR05777,QC-01,Quay Crane,6.63,0.13,173,Operational
CRN08833,DR03598,PR00002,SR02143,QC-06,RTG Crane,8.66,1.35,229,Inspection
CRN08834,DR05793,PR00001,SR06276,QC-07,Quay Crane,7.13,1.48,211,Inspection
CRN08835,DR06561,PR00004,SR00846,QC-03,Quay Crane,6.38,1.27,208,Inspection
CRN08836,DR07484,PR00003,SR09827,QC-07,Quay Crane,6.21,1.2,114,Inspection
CRN08837,DR09813,PR00003,SR02724,QC-03,RTG Crane,6.59,1.37,175,Inspection
CRN08838,DR09777,PR00006,SR06454,QC-04,Quay Crane,5.35,0.85,168,Operational
CRN08839,DR09049,PR00004,SR05845,QC-04,Quay Crane,7.84,0.95,221,Operational
CRN08840,DR05358,PR00001,SR04415,QC-03,Quay Crane,8.42,1.5,236,Inspection
CRN08841,DR07331,PR00005,SR09184,QC-01,Quay Crane,8.51,0.28,221,Operational
CRN08842,DR05644,PR00003,SR02038,QC-07,Quay Crane,8.23,1.12,207,Inspection
CRN08843,DR03253,PR00003,SR01781,QC-07,Quay Crane,7.9,1.09,187,Inspection
CRN08844,DR08140,PR00006,SR08280,QC-02,Quay Crane,6.72,0.05,200,Operational
CRN08845,DR01802,PR00001,SR04040,QC-06,Quay Crane,8.03,0.98,252,Operational
CRN08846,DR07645,PR00004,SR07543,QC-02,Quay Crane,7.64,0.18,228,Operational
CRN08847,DR05890,PR00002,SR07740,QC-01,Quay Crane,4.84,0.94,96,Operational
CRN08848,DR09269,PR00001,SR04568,QC-04,Quay Crane,6.37,0.33,147,Operational
CRN08849,DR09543,PR00003,SR04997,QC-06,Quay Crane,7.83,0.93,174,Operational
CRN08850,DR03947,PR00002,SR09229,QC-03,Quay Crane,7.63,1.67,162,Maintenance
CRN08851,DR02487,PR00001,SR03218,QC-07,Quay Crane,6.24,0.96,169,Operational
CRN08852,DR08753,PR00003,SR04448,QC-04,Quay Crane,6.77,0.77,147,Operational
CRN08853,DR04479,PR00002,SR08110,QC-06,Quay Crane,6.67,0.69,158,Operational
CRN08854,DR09777,PR00003,SR05418,QC-07,Quay Crane,7.25,1.14,218,Inspection
CRN08855,DR02981,PR00001,SR00854,QC-03,Quay Crane,8.67,1.17,220,Inspection
CRN08856,DR00118,PR00003,SR02268,QC-03,Quay Crane,9.71,1.5,249,Inspection
CRN08857,DR05025,PR00003,SR00210,QC-06,Quay Crane,7.81,1.02,205,Inspection
CRN08858,DR02583,PR00003,SR04527,QC-04,Quay Crane,3.94,0.82,114,Operational
CRN08859,DR09041,PR00005,SR05984,QC-07,Quay Crane,5.7,1.21,136,Inspection
CRN08860,DR09937,PR00007,SR03439,QC-04,Quay Crane,7.09,0.53,131,Operational
CRN08861,DR00636,PR00001,SR03826,QC-01,Quay Crane,9.12,0.69,246,Operational
CRN08862,DR04909,PR00003,SR02235,QC-02,Quay Crane,9.36,0.89,234,Operational
CRN08863,DR03164,PR00006,SR06445,QC-01,Quay Crane,9.07,0.23,304,Operational
CRN08864,DR04674,PR00004,SR05296,QC-04,Quay Crane,6.37,0.9,130,Operational
CRN08865,DR00533,PR00007,SR00908,QC-08,Quay Crane,6.83,0.8,201,Operational
CRN08866,DR03369,PR00005,SR03630,QC-04,RTG Crane,8.67,0.94,225,Operational
CRN08867,DR08866,PR00005,SR05278,QC-05,RTG Crane,3.72,1.96,155,Maintenance
CRN08868,DR01093,PR00001,SR05096,QC-08,RTG Crane,6.22,0.39,187,Operational
CRN08869,DR08523,PR00002,SR05483,QC-01,Quay Crane,9.52,0.56,310,Operational
CRN08870,DR08814,PR00004,SR06829,QC-04,Quay Crane,7.78,0.36,134,Operational
CRN08871,DR00800,PR00003,SR09054,QC-01,Quay Crane,7.06,0.71,186,Operational
CRN08872,DR01980,PR00005,SR09686,QC-01,Quay Crane,7.56,0.87,181,Operational
CRN08873,DR02273,PR00007,SR08743,QC-03,Quay Crane,10.0,1.86,284,Maintenance
CRN08874,DR06049,PR00002,SR03946,QC-06,Quay Crane,7.8,0.85,221,Operational
CRN08875,DR08251,PR00003,SR09579,QC-01,Quay Crane,8.64,0.1,259,Operational
CRN08876,DR04551,PR00006,SR01638,QC-01,Quay Crane,8.83,0.35,243,Operational
CRN08877,DR00865,PR00006,SR08039,QC-05,Quay Crane,10.0,1.65,292,Maintenance
CRN08878,DR08448,PR00006,SR05778,QC-05,Quay Crane,7.18,1.69,185,Maintenance
CRN08879,DR09418,PR00004,SR07037,QC-06,Quay Crane,7.88,1.38,189,Inspection
CRN08880,DR03093,PR00007,SR01365,QC-01,Quay Crane,8.3,0.6,229,Operational
CRN08881,DR06816,PR00002,SR05002,QC-05,RTG Crane,5.77,2.2,176,Maintenance
CRN08882,DR00425,PR00001,SR08051,QC-05,Quay Crane,9.89,2.08,271,Maintenance
CRN08883,DR06584,PR00001,SR05904,QC-07,Quay Crane,6.8,1.41,187,Inspection
CRN08884,DR06777,PR00003,SR09564,QC-02,Quay Crane,5.85,0.95,171,Operational
CRN08885,DR03552,PR00006,SR04982,QC-05,Quay Crane,7.6,1.73,202,Maintenance
CRN08886,DR00558,PR00003,SR07486,QC-05,Quay Crane,5.24,1.99,113,Maintenance
CRN08887,DR00269,PR00004,SR01686,QC-01,Quay Crane,6.67,1.08,179,Inspection
CRN08888,DR01175,PR00002,SR04895,QC-07,Quay Crane,7.8,1.23,139,Inspection
CRN08889,DR06789,PR00005,SR09182,QC-07,Quay Crane,4.68,1.29,45,Inspection
CRN08890,DR08680,PR00001,SR05081,QC-07,Quay Crane,7.51,0.98,222,Operational
CRN08891,DR02455,PR00003,SR02459,QC-01,Quay Crane,5.42,0.48,114,Operational
CRN08892,DR01693,PR00001,SR06376,QC-01,Quay Crane,7.41,0.44,167,Operational
CRN08893,DR09698,PR00003,SR04216,QC-01,Quay Crane,7.49,0.98,205,Operational
CRN08894,DR03871,PR00003,SR02336,QC-07,Quay Crane,7.15,1.16,184,Inspection
CRN08895,DR04397,PR00004,SR01969,QC-04,Quay Crane,7.13,0.76,198,Operational
CRN08896,DR09043,PR00003,SR01835,QC-03,Quay Crane,9.03,1.76,203,Maintenance
CRN08897,DR07494,PR00007,SR01290,QC-05,Quay Crane,4.25,2.03,111,Maintenance
CRN08898,DR03212,PR00007,SR05543,QC-01,Quay Crane,6.99,0.59,174,Operational
CRN08899,DR04964,PR00002,SR04836,QC-06,Quay Crane,8.04,1.02,251,Inspection
CRN08900,DR04787,PR00001,SR08230,QC-08,RTG Crane,9.89,0.66,255,Operational
CRN08901,DR07627,PR00001,SR01935,QC-03,Quay Crane,6.34,1.63,174,Maintenance
CRN08902,DR03296,PR00001,SR00488,QC-06,Quay Crane,7.21,0.85,169,Operational
CRN08903,DR06846,PR00002,SR08840,QC-01,Quay Crane,9.35,0.5,314,Operational
CRN08904,DR07765,PR00006,SR06868,QC-06,RTG Crane,6.92,0.83,180,Operational
CRN08905,DR08698,PR00007,SR05665,QC-05,RTG Crane,8.82,2.13,233,Maintenance
CRN08906,DR02939,PR00002,SR02796,QC-06,Quay Crane,8.49,1.26,250,Inspection
CRN08907,DR09485,PR00005,SR07041,QC-05,Quay Crane,9.24,1.87,231,Maintenance
CRN08908,DR07755,PR00006,SR02868,QC-07,Quay Crane,6.3,1.27,232,Inspection
CRN08909,DR01061,PR00003,SR07755,QC-01,Quay Crane,6.4,0.96,197,Operational
CRN08910,DR09621,PR00006,SR02920,QC-08,Quay Crane,4.58,0.78,79,Operational
CRN08911,DR05556,PR00007,SR05814,QC-03,Quay Crane,6.36,1.16,178,Inspection
CRN08912,DR08119,PR00007,SR03576,QC-06,Quay Crane,7.64,0.79,226,Operational
CRN08913,DR06446,PR00005,SR01341,QC-02,Quay Crane,8.98,0.9,263,Operational
CRN08914,DR06891,PR00003,SR08477,QC-05,Quay Crane,7.59,2.21,159,Maintenance
CRN08915,DR00559,PR00002,SR08348,QC-05,Quay Crane,7.96,1.99,195,Maintenance
CRN08916,DR02310,PR00007,SR01491,QC-06,Quay Crane,5.7,0.82,180,Operational
CRN08917,DR09918,PR00002,SR09418,QC-05,Quay Crane,4.16,2.16,78,Maintenance
CRN08918,DR09052,PR00003,SR04982,QC-04,RTG Crane,9.11,0.58,221,Operational
CRN08919,DR03012,PR00002,SR02126,QC-04,Quay Crane,8.22,0.7,195,Operational
CRN08920,DR08878,PR00003,SR03392,QC-06,Quay Crane,8.54,1.57,202,Maintenance
CRN08921,DR09580,PR00001,SR03226,QC-06,Quay Crane,4.86,0.84,69,Operational
CRN08922,DR00803,PR00006,SR01188,QC-03,Quay Crane,6.14,1.39,129,Inspection
CRN08923,DR06028,PR00003,SR03833,QC-06,Quay Crane,5.8,1.04,162,Inspection
CRN08924,DR07848,PR00003,SR08452,QC-05,Quay Crane,6.64,1.56,203,Maintenance
CRN08925,DR03369,PR00003,SR01497,QC-06,Quay Crane,8.18,1.21,204,Inspection
CRN08926,DR08723,PR00004,SR08598,QC-06,Quay Crane,8.54,0.97,232,Operational
CRN08927,DR05568,PR00005,SR00844,QC-04,RTG Crane,8.11,0.8,216,Operational
CRN08928,DR06460,PR00007,SR00388,QC-06,Quay Crane,6.2,0.95,155,Operational
CRN08929,DR09542,PR00006,SR01313,QC-07,Quay Crane,7.09,0.92,154,Operational
CRN08930,DR00047,PR00003,SR06808,QC-08,Quay Crane,7.85,0.83,171,Operational
CRN08931,DR02463,PR00006,SR02978,QC-05,Quay Crane,5.29,2.18,161,Maintenance
CRN08932,DR09519,PR00003,SR09383,QC-06,Quay Crane,6.55,0.68,172,Operational
CRN08933,DR09437,PR00004,SR01981,QC-02,Quay Crane,7.04,0.85,207,Operational
CRN08934,DR09529,PR00005,SR03545,QC-05,Quay Crane,7.59,2.12,191,Maintenance
CRN08935,DR08034,PR00003,SR05661,QC-06,Quay Crane,7.78,0.89,247,Operational
CRN08936,DR00408,PR00003,SR00627,QC-04,RTG Crane,4.78,0.69,87,Operational
CRN08937,DR05945,PR00005,SR06187,QC-06,Quay Crane,5.26,1.05,128,Inspection
CRN08938,DR01179,PR00002,SR06731,QC-01,Quay Crane,5.35,0.49,130,Operational
CRN08939,DR06249,PR00005,SR06396,QC-03,RTG Crane,8.29,1.45,193,Inspection
CRN08940,DR09329,PR00002,SR03227,QC-06,RTG Crane,5.8,0.81,84,Operational
CRN08941,DR09701,PR00004,SR09580,QC-08,Quay Crane,6.24,0.7,168,Operational
CRN08942,DR03277,PR00006,SR02800,QC-04,Quay Crane,4.6,0.64,136,Operational
CRN08943,DR06076,PR00001,SR06600,QC-01,Quay Crane,8.23,0.6,267,Operational
CRN08944,DR04007,PR00002,SR05079,QC-03,Quay Crane,7.1,1.48,171,Inspection
CRN08945,DR03920,PR00004,SR03985,QC-08,Quay Crane,10.0,0.45,239,Operational
CRN08946,DR00020,PR00001,SR09880,QC-02,Quay Crane,2.88,0.68,45,Operational
CRN08947,DR09988,PR00002,SR02898,QC-07,Quay Crane,5.17,1.22,109,Inspection
CRN08948,DR04645,PR00005,SR08923,QC-05,Quay Crane,7.78,1.55,205,Inspection
CRN08949,DR09601,PR00001,SR00340,QC-08,Quay Crane,9.87,0.49,240,Operational
CRN08950,DR08626,PR00004,SR01592,QC-05,RTG Crane,5.28,1.6,130,Maintenance
CRN08951,DR01767,PR00001,SR02943,QC-07,Quay Crane,4.13,1.19,69,Inspection
CRN08952,DR01622,PR00001,SR09208,QC-05,RTG Crane,7.04,2.02,170,Maintenance
CRN08953,DR07882,PR00003,SR05524,QC-01,Quay Crane,6.1,0.79,222,Operational
CRN08954,DR04438,PR00007,SR06864,QC-05,Quay Crane,7.58,2.2,196,Maintenance
CRN08955,DR09435,PR00004,SR02292,QC-04,Quay Crane,9.76,0.75,234,Operational
CRN08956,DR06531,PR00002,SR09313,QC-07,RTG Crane,6.39,0.92,252,Operational
CRN08957,DR09710,PR00003,SR08901,QC-08,Quay Crane,6.8,0.33,218,Operational
CRN08958,DR08243,PR00004,SR04134,QC-06,Quay Crane,6.72,1.06,197,Inspection
CRN08959,DR07917,PR00004,SR04691,QC-04,RTG Crane,8.02,0.61,210,Operational
CRN08960,DR00354,PR00002,SR03652,QC-02,Quay Crane,7.01,0.61,213,Operational
CRN08961,DR01675,PR00001,SR07780,QC-03,Quay Crane,5.77,1.59,165,Maintenance
CRN08962,DR09297,PR00003,SR07421,QC-02,Quay Crane,8.79,1.22,204,Inspection
CRN08963,DR04270,PR00004,SR07258,QC-02,Quay Crane,5.16,0.94,166,Operational
CRN08964,DR02245,PR00006,SR09510,QC-01,RTG Crane,6.48,0.78,198,Operational
CRN08965,DR00857,PR00004,SR05682,QC-05,Quay Crane,6.77,1.73,170,Maintenance
CRN08966,DR08216,PR00005,SR03147,QC-08,Quay Crane,5.08,0.52,119,Operational
CRN08967,DR05884,PR00003,SR01917,QC-06,Quay Crane,8.84,0.2,285,Operational
CRN08968,DR07582,PR00004,SR09195,QC-08,Quay Crane,6.18,0.9,151,Operational
CRN08969,DR07510,PR00004,SR01359,QC-04,Quay Crane,5.66,0.88,149,Operational
CRN08970,DR02933,PR00002,SR01211,QC-06,Quay Crane,9.45,0.96,221,Operational
CRN08971,DR06203,PR00007,SR07289,QC-02,RTG Crane,7.53,1.15,165,Inspection
CRN08972,DR06255,PR00002,SR01592,QC-01,Quay Crane,6.12,0.67,218,Operational
CRN08973,DR00237,PR00004,SR01143,QC-01,Quay Crane,6.99,0.57,232,Operational
CRN08974,DR01015,PR00004,SR05729,QC-03,RTG Crane,7.39,1.64,225,Maintenance
CRN08975,DR02424,PR00006,SR04267,QC-08,Quay Crane,7.33,0.51,208,Operational
CRN08976,DR00656,PR00001,SR07245,QC-04,Quay Crane,7.74,0.59,168,Operational
CRN08977,DR00732,PR00006,SR05746,QC-01,Quay Crane,7.33,0.45,212,Operational
CRN08978,DR05537,PR00001,SR06526,QC-02,Quay Crane,9.72,0.54,280,Operational
CRN08979,DR06609,PR00001,SR00491,QC-04,Quay Crane,7.78,1.16,204,Inspection
CRN08980,DR06893,PR00006,SR07158,QC-05,Quay Crane,7.8,1.62,221,Maintenance
CRN08981,DR03649,PR00002,SR00114,QC-08,Quay Crane,5.55,0.56,206,Operational
CRN08982,DR03240,PR00004,SR01411,QC-07,RTG Crane,7.17,1.29,170,Inspection
CRN08983,DR01971,PR00003,SR02284,QC-04,Quay Crane,4.99,0.84,139,Operational
CRN08984,DR08747,PR00007,SR02617,QC-06,Quay Crane,8.26,1.11,189,Inspection
CRN08985,DR03551,PR00006,SR08507,QC-04,RTG Crane,7.52,0.33,223,Operational
CRN08986,DR09380,PR00002,SR02575,QC-05,Quay Crane,7.46,1.53,186,Inspection
CRN08987,DR05747,PR00006,SR00918,QC-06,RTG Crane,8.57,1.05,232,Inspection
CRN08988,DR08535,PR00002,SR01062,QC-01,Quay Crane,9.03,0.94,219,Operational
CRN08989,DR07242,PR00004,SR00928,QC-03,Quay Crane,4.68,1.73,92,Maintenance
CRN08990,DR09543,PR00005,SR01398,QC-03,Quay Crane,6.46,1.64,87,Maintenance
CRN08991,DR06222,PR00005,SR06694,QC-03,Quay Crane,7.34,1.31,192,Inspection
CRN08992,DR06359,PR00004,SR06158,QC-07,Quay Crane,5.5,1.09,131,Inspection
CRN08993,DR02894,PR00006,SR05087,QC-08,Quay Crane,7.91,0.33,222,Operational
CRN08994,DR01934,PR00004,SR05150,QC-03,Quay Crane,8.13,1.49,211,Inspection
CRN08995,DR04165,PR00007,SR04171,QC-01,Quay Crane,6.63,0.77,196,Operational
CRN08996,DR03903,PR00001,SR01407,QC-07,Quay Crane,8.2,1.27,267,Inspection
CRN08997,DR05219,PR00002,SR06809,QC-04,Quay Crane,7.17,0.98,163,Operational
CRN08998,DR09629,PR00006,SR00439,QC-05,Quay Crane,5.63,2.03,157,Maintenance
CRN08999,DR09239,PR00002,SR02086,QC-04,Quay Crane,6.96,0.82,155,Operational
CRN09000,DR05491,PR00003,SR02191,QC-01,Quay Crane,4.84,0.55,116,Operational
CRN09001,DR07159,PR00005,SR04850,QC-07,Quay Crane,7.17,0.79,188,Operational
CRN09002,DR00407,PR00003,SR05318,QC-08,Quay Crane,8.17,0.63,244,Operational
CRN09003,DR07385,PR00001,SR07575,QC-05,Quay Crane,8.17,1.52,174,Inspection
CRN09004,DR09950,PR00001,SR08683,QC-04,Quay Crane,6.82,0.7,142,Operational
CRN09005,DR05260,PR00002,SR05511,QC-02,Quay Crane,6.78,0.16,187,Operational
CRN09006,DR03291,PR00002,SR09562,QC-08,Quay Crane,8.5,0.56,137,Operational
CRN09007,DR05474,PR00001,SR08703,QC-06,RTG Crane,6.2,1.1,190,Inspection
CRN09008,DR07068,PR00006,SR06808,QC-06,Quay Crane,5.77,0.56,174,Operational
CRN09009,DR09268,PR00002,SR04632,QC-04,Quay Crane,9.63,0.84,257,Operational
CRN09010,DR01121,PR00006,SR04879,QC-08,RTG Crane,6.23,0.41,189,Operational
CRN09011,DR06570,PR00007,SR05859,QC-07,RTG Crane,5.44,1.28,80,Inspection
CRN09012,DR02497,PR00002,SR07790,QC-02,Quay Crane,7.82,0.77,228,Operational
CRN09013,DR05297,PR00007,SR08033,QC-06,Quay Crane,5.68,0.9,166,Operational
CRN09014,DR06464,PR00001,SR01270,QC-06,Quay Crane,8.8,1.26,177,Inspection
CRN09015,DR07766,PR00004,SR02475,QC-07,RTG Crane,6.49,1.38,169,Inspection
CRN09016,DR09228,PR00007,SR02185,QC-02,Quay Crane,6.59,0.35,167,Operational
CRN09017,DR01500,PR00006,SR06323,QC-05,Quay Crane,7.88,1.64,142,Maintenance
CRN09018,DR01042,PR00002,SR01298,QC-04,Quay Crane,9.66,0.57,255,Operational
CRN09019,DR05732,PR00002,SR07121,QC-02,Quay Crane,7.7,1.16,217,Inspection
CRN09020,DR03521,PR00002,SR01710,QC-07,Quay Crane,7.63,1.09,134,Inspection
CRN09021,DR05046,PR00007,SR00618,QC-01,Quay Crane,7.16,0.28,214,Operational
CRN09022,DR07585,PR00002,SR06120,QC-01,Quay Crane,10.0,0.46,309,Operational
CRN09023,DR09944,PR00003,SR00119,QC-06,Quay Crane,7.97,0.81,175,Operational
CRN09024,DR00658,PR00002,SR08848,QC-08,Quay Crane,5.69,0.48,108,Operational
CRN09025,DR02601,PR00003,SR08060,QC-01,Quay Crane,5.41,0.56,175,Operational
CRN09026,DR05866,PR00003,SR09367,QC-05,RTG Crane,8.0,2.03,189,Maintenance
CRN09027,DR09143,PR00002,SR07678,QC-05,Quay Crane,7.74,1.99,229,Maintenance
CRN09028,DR03259,PR00004,SR06802,QC-04,Quay Crane,6.81,1.09,178,Inspection
CRN09029,DR01246,PR00003,SR06134,QC-04,Quay Crane,5.02,0.82,90,Operational
CRN09030,DR00492,PR00003,SR01009,QC-04,Quay Crane,7.65,0.84,167,Operational
CRN09031,DR08071,PR00003,SR03572,QC-07,Quay Crane,6.28,1.25,223,Inspection
CRN09032,DR06180,PR00002,SR00161,QC-08,Quay Crane,5.94,0.47,107,Operational
CRN09033,DR08908,PR00005,SR05617,QC-01,RTG Crane,8.74,0.42,226,Operational
CRN09034,DR03549,PR00003,SR08109,QC-01,Quay Crane,6.67,0.29,156,Operational
CRN09035,DR06618,PR00003,SR04055,QC-04,Quay Crane,6.13,0.26,106,Operational
CRN09036,DR06740,PR00002,SR01047,QC-06,Quay Crane,7.06,1.09,201,Inspection
CRN09037,DR06207,PR00001,SR05035,QC-06,Quay Crane,6.83,1.02,151,Inspection
CRN09038,DR06152,PR00006,SR03387,QC-07,Quay Crane,8.15,0.9,235,Operational
CRN09039,DR01522,PR00006,SR01854,QC-08,Quay Crane,6.99,0.7,183,Operational
CRN09040,DR04303,PR00002,SR03280,QC-04,Quay Crane,6.7,0.77,196,Operational
CRN09041,DR00273,PR00003,SR03082,QC-07,Quay Crane,9.19,1.37,172,Inspection
CRN09042,DR08825,PR00002,SR08219,QC-04,Quay Crane,7.88,0.6,202,Operational
CRN09043,DR03145,PR00005,SR00353,QC-08,RTG Crane,8.44,0.44,258,Operational
CRN09044,DR02116,PR00001,SR04571,QC-04,Quay Crane,8.43,0.54,213,Operational
CRN09045,DR09457,PR00007,SR02043,QC-03,Quay Crane,6.67,1.55,160,Inspection
CRN09046,DR09805,PR00001,SR08799,QC-07,Quay Crane,7.09,1.42,146,Inspection
CRN09047,DR00281,PR00007,SR05822,QC-01,Quay Crane,7.26,0.34,192,Operational
CRN09048,DR01429,PR00001,SR08866,QC-08,Quay Crane,9.82,0.62,233,Operational
CRN09049,DR06003,PR00002,SR01290,QC-07,RTG Crane,4.58,1.11,106,Inspection
CRN09050,DR09542,PR00002,SR01940,QC-07,Quay Crane,6.98,1.06,154,Inspection
CRN09051,DR06845,PR00002,SR06409,QC-03,Quay Crane,7.44,1.45,225,Inspection
CRN09052,DR08612,PR00007,SR00824,QC-05,Quay Crane,5.25,1.89,154,Maintenance
CRN09053,DR07181,PR00003,SR04782,QC-08,Quay Crane,4.58,0.05,91,Operational
CRN09054,DR05099,PR00001,SR06095,QC-01,Quay Crane,6.3,0.6,242,Operational
CRN09055,DR03772,PR00007,SR07863,QC-03,Quay Crane,7.68,1.71,205,Maintenance
CRN09056,DR08936,PR00002,SR00700,QC-08,RTG Crane,8.31,0.63,235,Operational
CRN09057,DR05496,PR00001,SR02485,QC-06,Quay Crane,9.03,1.3,283,Inspection
CRN09058,DR05648,PR00001,SR08175,QC-01,Quay Crane,7.73,0.62,223,Operational
CRN09059,DR03002,PR00003,SR08823,QC-05,Quay Crane,6.46,2.35,130,Maintenance
CRN09060,DR02994,PR00007,SR07187,QC-02,RTG Crane,7.18,1.32,135,Inspection
CRN09061,DR09581,PR00001,SR05088,QC-08,Quay Crane,6.43,1.12,56,Inspection
CRN09062,DR09895,PR00005,SR04257,QC-06,Quay Crane,7.73,1.12,267,Inspection
CRN09063,DR00346,PR00002,SR00003,QC-05,Quay Crane,6.65,1.91,173,Maintenance
CRN09064,DR01240,PR00002,SR08513,QC-04,Quay Crane,6.98,0.39,201,Operational
CRN09065,DR07042,PR00005,SR03562,QC-06,Quay Crane,8.09,0.61,237,Operational
CRN09066,DR03510,PR00005,SR00351,QC-08,Quay Crane,5.99,0.97,140,Operational
CRN09067,DR09820,PR00004,SR04810,QC-02,RTG Crane,8.77,0.61,253,Operational
CRN09068,DR07541,PR00002,SR03631,QC-04,Quay Crane,5.34,1.08,95,Inspection
CRN09069,DR03994,PR00001,SR05345,QC-04,Quay Crane,7.59,0.51,211,Operational
CRN09070,DR01839,PR00005,SR04885,QC-08,RTG Crane,5.99,0.1,190,Operational
CRN09071,DR02518,PR00004,SR00990,QC-02,RTG Crane,9.05,0.61,218,Operational
CRN09072,DR05690,PR00003,SR06448,QC-03,Quay Crane,6.91,1.0,271,Operational
CRN09073,DR01013,PR00002,SR00652,QC-08,RTG Crane,7.26,0.98,151,Operational
CRN09074,DR00720,PR00005,SR04042,QC-05,Quay Crane,6.87,1.78,191,Maintenance
CRN09075,DR09860,PR00001,SR04522,QC-07,Quay Crane,7.8,1.12,206,Inspection
CRN09076,DR00271,PR00004,SR06889,QC-08,Quay Crane,6.94,0.49,232,Operational
CRN09077,DR02216,PR00005,SR01421,QC-01,Quay Crane,4.93,0.54,123,Operational
CRN09078,DR06232,PR00002,SR05107,QC-08,Quay Crane,6.83,0.69,154,Operational
CRN09079,DR01153,PR00003,SR02113,QC-07,Quay Crane,8.58,1.06,256,Inspection
CRN09080,DR00740,PR00003,SR01317,QC-01,Quay Crane,7.31,0.14,178,Operational
CRN09081,DR00679,PR00004,SR09361,QC-05,Quay Crane,4.42,1.46,134,Inspection
CRN09082,DR09541,PR00007,SR03622,QC-05,Quay Crane,7.39,1.61,150,Maintenance
CRN09083,DR08392,PR00004,SR04015,QC-02,Quay Crane,7.19,0.45,175,Operational
CRN09084,DR02919,PR00001,SR09744,QC-04,Quay Crane,8.14,1.02,189,Inspection
CRN09085,DR08250,PR00002,SR05333,QC-02,RTG Crane,8.47,0.7,186,Operational
CRN09086,DR07381,PR00004,SR07405,QC-07,RTG Crane,6.04,0.77,121,Operational
CRN09087,DR00950,PR00002,SR05665,QC-01,Quay Crane,6.86,0.65,231,Operational
CRN09088,DR00069,PR00005,SR04277,QC-07,Quay Crane,5.85,1.01,219,Inspection
CRN09089,DR07720,PR00001,SR05168,QC-02,Quay Crane,7.01,1.07,128,Inspection
CRN09090,DR06355,PR00001,SR00455,QC-07,Quay Crane,6.48,1.03,210,Inspection
CRN09091,DR01285,PR00002,SR09804,QC-08,Quay Crane,6.9,0.52,201,Operational
CRN09092,DR02127,PR00006,SR05568,QC-08,Quay Crane,6.61,1.18,173,Inspection
CRN09093,DR05724,PR00005,SR04693,QC-04,Quay Crane,8.03,0.72,174,Operational
CRN09094,DR04067,PR00003,SR04186,QC-01,Quay Crane,9.88,0.55,305,Operational
CRN09095,DR01717,PR00002,SR03877,QC-07,RTG Crane,6.72,1.23,119,Inspection
CRN09096,DR05761,PR00007,SR07146,QC-03,Quay Crane,8.14,1.19,210,Inspection
CRN09097,DR05788,PR00006,SR02917,QC-08,Quay Crane,6.36,1.14,143,Inspection
CRN09098,DR05402,PR00003,SR06107,QC-02,Quay Crane,2.5,0.6,56,Operational
CRN09099,DR08420,PR00005,SR07180,QC-03,RTG Crane,7.45,1.67,234,Maintenance
CRN09100,DR02227,PR00007,SR06867,QC-05,Quay Crane,7.47,1.76,130,Maintenance
CRN09101,DR09214,PR00002,SR03874,QC-05,Quay Crane,9.91,1.74,219,Maintenance
CRN09102,DR00182,PR00002,SR08271,QC-06,Quay Crane,8.05,0.8,204,Operational
CRN09103,DR00976,PR00004,SR08168,QC-06,Quay Crane,6.66,0.44,213,Operational
CRN09104,DR08827,PR00003,SR05314,QC-04,Quay Crane,4.59,0.6,140,Operational
CRN09105,DR09170,PR00005,SR02060,QC-08,Quay Crane,7.59,0.83,259,Operational
CRN09106,DR01762,PR00003,SR05372,QC-06,Quay Crane,8.56,0.94,235,Operational
CRN09107,DR05270,PR00002,SR00259,QC-01,Quay Crane,10.0,0.26,288,Operational
CRN09108,DR08881,PR00002,SR06104,QC-08,RTG Crane,7.35,0.77,179,Operational
CRN09109,DR08663,PR00005,SR07846,QC-01,Quay Crane,8.34,0.52,141,Operational
CRN09110,DR08501,PR00001,SR03216,QC-08,Quay Crane,7.28,0.55,247,Operational
CRN09111,DR05107,PR00002,SR00058,QC-01,Quay Crane,8.19,0.15,237,Operational
CRN09112,DR00203,PR00001,SR02253,QC-04,Quay Crane,7.67,0.54,207,Operational
CRN09113,DR00449,PR00006,SR07818,QC-04,Quay Crane,5.23,0.67,114,Operational
CRN09114,DR08501,PR00001,SR02639,QC-03,Quay Crane,7.26,1.31,238,Inspection
CRN09115,DR03165,PR00001,SR07470,QC-02,Quay Crane,6.81,1.03,133,Inspection
CRN09116,DR00815,PR00006,SR04561,QC-03,Quay Crane,7.46,0.86,164,Operational
CRN09117,DR00657,PR00001,SR07310,QC-03,Quay Crane,8.49,1.13,212,Inspection
CRN09118,DR06271,PR00005,SR09687,QC-02,RTG Crane,8.41,0.73,245,Operational
CRN09119,DR03194,PR00003,SR02953,QC-04,Quay Crane,6.6,0.81,169,Operational
CRN09120,DR03864,PR00006,SR07011,QC-06,Quay Crane,7.47,0.96,220,Operational
CRN09121,DR06664,PR00001,SR04562,QC-03,RTG Crane,6.15,1.3,184,Inspection
CRN09122,DR05248,PR00001,SR03028,QC-08,Quay Crane,5.38,0.87,134,Operational
CRN09123,DR01323,PR00002,SR06379,QC-07,RTG Crane,6.28,2.13,193,Maintenance
CRN09124,DR00207,PR00007,SR03975,QC-08,Quay Crane,6.86,0.57,146,Operational
CRN09125,DR05023,PR00006,SR01525,QC-02,Quay Crane,7.81,1.18,193,Inspection
CRN09126,DR05371,PR00002,SR01279,QC-08,RTG Crane,10.0,1.07,269,Inspection
CRN09127,DR02365,PR00002,SR07516,QC-03,Quay Crane,7.82,1.2,232,Inspection
CRN09128,DR08732,PR00001,SR06548,QC-03,RTG Crane,5.55,1.39,185,Inspection
CRN09129,DR05654,PR00002,SR05408,QC-04,Quay Crane,7.48,0.21,185,Operational
CRN09130,DR07401,PR00002,SR04900,QC-05,RTG Crane,6.91,1.77,184,Maintenance
CRN09131,DR03824,PR00006,SR03480,QC-01,Quay Crane,9.07,0.71,216,Operational
CRN09132,DR08195,PR00001,SR03114,QC-08,Quay Crane,6.3,0.53,162,Operational
CRN09133,DR06188,PR00006,SR01073,QC-01,RTG Crane,7.73,0.59,225,Operational
CRN09134,DR08649,PR00001,SR05302,QC-01,Quay Crane,8.84,0.67,258,Operational
CRN09135,DR05914,PR00006,SR01007,QC-05,Quay Crane,7.1,1.92,187,Maintenance
CRN09136,DR04697,PR00003,SR07103,QC-03,Quay Crane,6.26,1.41,142,Inspection
CRN09137,DR00171,PR00001,SR02182,QC-04,Quay Crane,8.55,0.77,229,Operational
CRN09138,DR05354,PR00006,SR07112,QC-04,Quay Crane,6.85,0.79,170,Operational
CRN09139,DR04498,PR00002,SR09946,QC-04,Quay Crane,9.64,0.74,265,Operational
CRN09140,DR09225,PR00006,SR00935,QC-01,Quay Crane,7.01,0.38,178,Operational
CRN09141,DR00876,PR00005,SR04262,QC-01,Quay Crane,7.02,0.26,173,Operational
CRN09142,DR09164,PR00007,SR03903,QC-04,RTG Crane,8.1,0.71,202,Operational
CRN09143,DR02524,PR00006,SR05780,QC-06,Quay Crane,7.54,0.79,210,Operational
CRN09144,DR01319,PR00002,SR02924,QC-06,Quay Crane,5.48,1.31,120,Inspection
CRN09145,DR08148,PR00003,SR06229,QC-04,Quay Crane,6.26,0.28,135,Operational
CRN09146,DR09783,PR00005,SR05321,QC-04,Quay Crane,6.31,0.58,195,Operational
CRN09147,DR02138,PR00002,SR06187,QC-04,RTG Crane,5.19,0.88,111,Operational
CRN09148,DR06642,PR00004,SR00615,QC-08,RTG Crane,6.03,0.28,149,Operational
CRN09149,DR06146,PR00002,SR05018,QC-04,Quay Crane,7.56,0.51,184,Operational
CRN09150,DR04411,PR00004,SR03823,QC-07,Quay Crane,8.18,1.11,215,Inspection
CRN09151,DR00277,PR00002,SR07398,QC-08,Quay Crane,7.02,1.06,195,Inspection
CRN09152,DR00390,PR00001,SR02899,QC-03,Quay Crane,8.5,1.24,211,Inspection
CRN09153,DR09727,PR00007,SR07719,QC-03,Quay Crane,5.96,1.46,167,Inspection
CRN09154,DR09369,PR00006,SR04684,QC-06,Quay Crane,9.98,0.9,259,Operational
CRN09155,DR07426,PR00002,SR06625,QC-06,Quay Crane,9.14,0.84,256,Operational
CRN09156,DR03078,PR00001,SR01724,QC-02,Quay Crane,8.29,1.15,262,Inspection
CRN09157,DR08189,PR00005,SR01962,QC-06,RTG Crane,7.73,0.68,196,Operational
CRN09158,DR08413,PR00002,SR03488,QC-04,RTG Crane,4.65,0.72,132,Operational
CRN09159,DR08413,PR00004,SR07033,QC-08,Quay Crane,9.4,0.66,294,Operational
CRN09160,DR05631,PR00005,SR03842,QC-08,Quay Crane,6.09,0.94,138,Operational
CRN09161,DR09286,PR00002,SR06032,QC-02,RTG Crane,6.99,0.77,142,Operational
CRN09162,DR06258,PR00002,SR07739,QC-02,Quay Crane,6.47,0.46,175,Operational
CRN09163,DR09284,PR00001,SR01996,QC-03,Quay Crane,6.93,1.03,197,Inspection
CRN09164,DR05167,PR00002,SR00783,QC-07,RTG Crane,7.18,0.96,209,Operational
CRN09165,DR08424,PR00004,SR06461,QC-08,Quay Crane,10.0,0.83,267,Operational
CRN09166,DR01634,PR00001,SR04778,QC-06,Quay Crane,6.94,0.85,188,Operational
CRN09167,DR00803,PR00007,SR00858,QC-08,Quay Crane,6.97,0.76,177,Operational
CRN09168,DR00994,PR00005,SR05644,QC-04,Quay Crane,8.07,1.13,230,Inspection
CRN09169,DR08609,PR00002,SR04790,QC-03,RTG Crane,7.6,1.54,202,Inspection
CRN09170,DR01946,PR00003,SR08465,QC-01,Quay Crane,8.24,0.76,199,Operational
CRN09171,DR05687,PR00003,SR04618,QC-02,Quay Crane,9.47,0.89,299,Operational
CRN09172,DR08911,PR00003,SR08819,QC-04,Quay Crane,6.65,0.46,202,Operational
CRN09173,DR01563,PR00004,SR05172,QC-01,Quay Crane,9.19,1.06,217,Inspection
CRN09174,DR06794,PR00001,SR04289,QC-02,Quay Crane,7.23,0.66,170,Operational
CRN09175,DR00681,PR00002,SR07987,QC-08,Quay Crane,6.31,0.85,153,Operational
CRN09176,DR06201,PR00001,SR08450,QC-06,Quay Crane,5.99,1.19,237,Inspection
CRN09177,DR05132,PR00001,SR03088,QC-02,Quay Crane,8.07,0.49,158,Operational
CRN09178,DR01122,PR00004,SR03006,QC-01,Quay Crane,7.83,0.18,294,Operational
CRN09179,DR09671,PR00007,SR05261,QC-03,RTG Crane,6.93,1.49,171,Inspection
CRN09180,DR03275,PR00004,SR04584,QC-01,Quay Crane,7.9,0.3,193,Operational
CRN09181,DR05314,PR00007,SR05922,QC-01,Quay Crane,6.44,0.9,210,Operational
CRN09182,DR04168,PR00004,SR07149,QC-07,Quay Crane,9.68,1.06,252,Inspection
CRN09183,DR06784,PR00002,SR04305,QC-08,Quay Crane,6.22,0.91,221,Operational
CRN09184,DR03771,PR00006,SR04557,QC-04,Quay Crane,7.26,0.97,191,Operational
CRN09185,DR06895,PR00001,SR09897,QC-07,RTG Crane,4.44,1.27,123,Inspection
CRN09186,DR04950,PR00001,SR08841,QC-04,Quay Crane,9.31,0.68,255,Operational
CRN09187,DR07666,PR00007,SR08179,QC-08,Quay Crane,9.36,0.75,302,Operational
CRN09188,DR03187,PR00004,SR02544,QC-07,RTG Crane,6.92,1.16,161,Inspection
CRN09189,DR08479,PR00007,SR08993,QC-07,Quay Crane,7.16,1.13,178,Inspection
CRN09190,DR09582,PR00001,SR04878,QC-02,Quay Crane,5.24,0.51,139,Operational
CRN09191,DR01719,PR00005,SR01003,QC-06,Quay Crane,6.51,1.16,169,Inspection
CRN09192,DR03934,PR00002,SR07816,QC-08,RTG Crane,7.19,0.52,248,Operational
CRN09193,DR09914,PR00002,SR03962,QC-08,Quay Crane,6.98,0.77,209,Operational
CRN09194,DR07179,PR00006,SR08940,QC-08,Quay Crane,4.32,0.75,108,Operational
CRN09195,DR09466,PR00003,SR07123,QC-08,Quay Crane,7.18,0.28,192,Operational
CRN09196,DR01806,PR00005,SR07498,QC-04,Quay Crane,6.43,0.8,140,Operational
CRN09197,DR01553,PR00006,SR07001,QC-02,Quay Crane,5.29,1.0,137,Operational
CRN09198,DR04090,PR00006,SR09987,QC-02,Quay Crane,5.44,0.83,167,Operational
CRN09199,DR05546,PR00001,SR06179,QC-05,Quay Crane,5.43,1.96,115,Maintenance
CRN09200,DR04621,PR00001,SR03335,QC-07,Quay Crane,8.13,1.29,186,Inspection
CRN09201,DR08302,PR00007,SR05314,QC-03,Quay Crane,9.95,1.78,289,Maintenance
CRN09202,DR07603,PR00004,SR00146,QC-02,Quay Crane,10.0,0.84,300,Operational
CRN09203,DR04787,PR00003,SR08724,QC-01,Quay Crane,6.31,0.8,136,Operational
CRN09204,DR03000,PR00001,SR05308,QC-03,Quay Crane,4.78,0.99,102,Operational
CRN09205,DR07302,PR00001,SR08660,QC-02,RTG Crane,6.24,0.75,209,Operational
CRN09206,DR06106,PR00007,SR08266,QC-08,Quay Crane,5.48,0.77,127,Operational
CRN09207,DR03679,PR00003,SR06905,QC-08,RTG Crane,3.38,0.56,111,Operational
CRN09208,DR04104,PR00006,SR03580,QC-03,RTG Crane,7.91,1.48,178,Inspection
CRN09209,DR09092,PR00002,SR06403,QC-03,RTG Crane,6.2,1.49,152,Inspection
CRN09210,DR08305,PR00002,SR02653,QC-03,RTG Crane,7.14,1.48,267,Inspection
CRN09211,DR09652,PR00004,SR05380,QC-03,Quay Crane,7.01,1.13,140,Inspection
CRN09212,DR07893,PR00006,SR01840,QC-04,Quay Crane,6.28,0.82,139,Operational
CRN09213,DR09853,PR00002,SR01546,QC-02,Quay Crane,3.32,0.65,49,Operational
CRN09214,DR05356,PR00002,SR08821,QC-01,Quay Crane,5.58,0.46,167,Operational
CRN09215,DR09056,PR00004,SR00540,QC-07,Quay Crane,5.13,1.64,65,Maintenance
CRN09216,DR01703,PR00001,SR03199,QC-02,Quay Crane,5.69,1.05,199,Inspection
CRN09217,DR01320,PR00003,SR01131,QC-07,Quay Crane,6.19,1.22,155,Inspection
CRN09218,DR09977,PR00004,SR01861,QC-08,Quay Crane,7.63,0.61,179,Operational
CRN09219,DR04803,PR00001,SR07178,QC-05,Quay Crane,6.74,2.06,202,Maintenance
CRN09220,DR05937,PR00004,SR09426,QC-05,Quay Crane,6.07,2.15,142,Maintenance
CRN09221,DR00356,PR00001,SR01233,QC-02,Quay Crane,7.04,0.93,230,Operational
CRN09222,DR02685,PR00005,SR01389,QC-04,Quay Crane,7.02,0.99,193,Operational
CRN09223,DR04428,PR00006,SR08904,QC-04,Quay Crane,8.9,0.69,231,Operational
CRN09224,DR01721,PR00006,SR00477,QC-07,Quay Crane,10.0,1.34,284,Inspection
CRN09225,DR07198,PR00005,SR05867,QC-03,Quay Crane,4.49,1.21,137,Inspection
CRN09226,DR06623,PR00004,SR01248,QC-03,Quay Crane,8.02,1.36,216,Inspection
CRN09227,DR06437,PR00002,SR06659,QC-08,Quay Crane,4.57,0.2,102,Operational
CRN09228,DR06288,PR00003,SR05222,QC-05,Quay Crane,7.94,1.69,265,Maintenance
CRN09229,DR02758,PR00001,SR03069,QC-06,Quay Crane,4.36,0.82,111,Operational
CRN09230,DR07323,PR00005,SR04249,QC-06,Quay Crane,6.51,0.93,154,Operational
CRN09231,DR01671,PR00001,SR03096,QC-06,Quay Crane,5.58,0.85,178,Operational
CRN09232,DR04430,PR00003,SR06732,QC-05,Quay Crane,7.11,1.37,205,Inspection
CRN09233,DR04538,PR00003,SR08028,QC-02,Quay Crane,5.9,1.11,174,Inspection
CRN09234,DR06481,PR00004,SR02275,QC-02,Quay Crane,6.95,0.84,171,Operational
CRN09235,DR03081,PR00002,SR09683,QC-08,Quay Crane,6.65,0.77,142,Operational
CRN09236,DR07934,PR00003,SR03072,QC-06,Quay Crane,8.3,1.1,238,Inspection
CRN09237,DR08949,PR00004,SR03871,QC-06,Quay Crane,6.76,0.74,173,Operational
CRN09238,DR00735,PR00007,SR02874,QC-08,Quay Crane,9.92,0.55,275,Operational
CRN09239,DR06147,PR00005,SR08618,QC-02,Quay Crane,6.42,0.88,219,Operational
CRN09240,DR02974,PR00002,SR06030,QC-08,Quay Crane,7.74,0.73,252,Operational
CRN09241,DR06430,PR00006,SR09056,QC-03,Quay Crane,5.1,1.63,94,Maintenance
CRN09242,DR02533,PR00001,SR09211,QC-02,Quay Crane,6.93,1.14,225,Inspection
CRN09243,DR04132,PR00002,SR01340,QC-02,RTG Crane,6.14,1.19,194,Inspection
CRN09244,DR02860,PR00001,SR07560,QC-06,RTG Crane,8.3,0.92,218,Operational
CRN09245,DR05550,PR00003,SR06123,QC-05,Quay Crane,7.71,1.43,239,Inspection
CRN09246,DR07599,PR00004,SR07433,QC-08,Quay Crane,7.21,0.85,177,Operational
CRN09247,DR02251,PR00003,SR03484,QC-02,RTG Crane,6.0,0.91,161,Operational
CRN09248,DR00404,PR00006,SR07119,QC-03,Quay Crane,8.23,1.09,250,Inspection
CRN09249,DR02045,PR00004,SR00310,QC-02,Quay Crane,7.73,0.6,192,Operational
CRN09250,DR06132,PR00002,SR08088,QC-03,Quay Crane,9.29,1.25,215,Inspection
CRN09251,DR00817,PR00003,SR06721,QC-03,RTG Crane,2.5,1.31,72,Inspection
CRN09252,DR00254,PR00005,SR08215,QC-01,Quay Crane,8.1,0.35,211,Operational
CRN09253,DR08837,PR00003,SR07420,QC-03,Quay Crane,7.82,1.53,220,Inspection
CRN09254,DR04056,PR00003,SR00643,QC-07,RTG Crane,6.97,1.36,173,Inspection
CRN09255,DR06910,PR00003,SR06008,QC-01,RTG Crane,8.61,0.59,173,Operational
CRN09256,DR06145,PR00004,SR03670,QC-06,Quay Crane,8.15,0.68,211,Operational
CRN09257,DR08178,PR00002,SR05105,QC-02,Quay Crane,6.23,0.91,197,Operational
CRN09258,DR04917,PR00006,SR09306,QC-06,Quay Crane,5.23,0.88,137,Operational
CRN09259,DR09114,PR00002,SR09401,QC-02,Quay Crane,7.85,0.35,209,Operational
CRN09260,DR03908,PR00001,SR02047,QC-06,Quay Crane,8.28,1.09,194,Inspection
CRN09261,DR09356,PR00005,SR01634,QC-02,Quay Crane,5.09,0.6,166,Operational
CRN09262,DR04860,PR00006,SR06941,QC-01,Quay Crane,6.93,0.43,145,Operational
CRN09263,DR02827,PR00004,SR09637,QC-04,Quay Crane,5.71,0.64,150,Operational
CRN09264,DR03474,PR00003,SR01209,QC-01,Quay Crane,8.53,0.13,291,Operational
CRN09265,DR05906,PR00007,SR05711,QC-01,Quay Crane,8.24,0.66,199,Operational
CRN09266,DR03536,PR00003,SR03570,QC-06,Quay Crane,6.72,0.96,198,Operational
CRN09267,DR00912,PR00003,SR09094,QC-05,Quay Crane,6.51,1.88,156,Maintenance
CRN09268,DR08732,PR00004,SR06392,QC-06,Quay Crane,7.89,0.78,170,Operational
CRN09269,DR07882,PR00003,SR08914,QC-01,Quay Crane,7.2,0.62,224,Operational
CRN09270,DR05353,PR00004,SR08562,QC-02,Quay Crane,6.51,0.9,114,Operational
CRN09271,DR07370,PR00007,SR00608,QC-05,Quay Crane,4.2,1.84,98,Maintenance
CRN09272,DR01046,PR00002,SR03610,QC-07,Quay Crane,5.73,1.34,223,Inspection
CRN09273,DR04783,PR00001,SR06556,QC-04,Quay Crane,8.94,0.68,242,Operational
CRN09274,DR00561,PR00003,SR08397,QC-04,Quay Crane,9.65,0.29,221,Operational
CRN09275,DR09915,PR00003,SR06288,QC-03,Quay Crane,6.62,1.22,154,Inspection
CRN09276,DR02872,PR00005,SR01195,QC-06,Quay Crane,7.5,0.85,227,Operational
CRN09277,DR09872,PR00007,SR03691,QC-01,Quay Crane,6.8,0.63,183,Operational
CRN09278,DR08080,PR00005,SR07841,QC-08,Quay Crane,6.33,0.49,137,Operational
CRN09279,DR09381,PR00007,SR03470,QC-08,Quay Crane,6.24,0.55,161,Operational
CRN09280,DR02147,PR00002,SR01220,QC-03,Quay Crane,4.66,1.47,115,Inspection
CRN09281,DR03874,PR00002,SR05602,QC-07,Quay Crane,7.15,1.38,215,Inspection
CRN09282,DR05773,PR00002,SR00351,QC-04,RTG Crane,7.64,0.8,192,Operational
CRN09283,DR06867,PR00006,SR06358,QC-04,Quay Crane,6.63,0.76,184,Operational
CRN09284,DR03849,PR00001,SR04430,QC-02,Quay Crane,8.83,0.9,209,Operational
CRN09285,DR00581,PR00001,SR01597,QC-08,Quay Crane,5.7,1.18,165,Inspection
CRN09286,DR00619,PR00003,SR09180,QC-06,RTG Crane,5.94,1.05,124,Inspection
CRN09287,DR07661,PR00002,SR08658,QC-07,Quay Crane,5.25,1.15,129,Inspection
CRN09288,DR06407,PR00004,SR00224,QC-05,Quay Crane,9.48,1.81,225,Maintenance
CRN09289,DR02448,PR00006,SR05050,QC-05,Quay Crane,5.94,2.2,166,Maintenance
CRN09290,DR08495,PR00001,SR07722,QC-07,Quay Crane,7.02,1.02,198,Inspection
CRN09291,DR05981,PR00004,SR03660,QC-04,Quay Crane,5.82,0.69,165,Operational
CRN09292,DR01049,PR00001,SR05251,QC-08,Quay Crane,8.4,0.77,282,Operational
CRN09293,DR04939,PR00002,SR08332,QC-06,Quay Crane,8.25,1.17,241,Inspection
CRN09294,DR03432,PR00002,SR03103,QC-05,Quay Crane,7.23,1.42,209,Inspection
CRN09295,DR06333,PR00004,SR08688,QC-08,Quay Crane,7.19,0.7,219,Operational
CRN09296,DR05986,PR00004,SR06082,QC-02,Quay Crane,7.61,0.51,197,Operational
CRN09297,DR06297,PR00004,SR00566,QC-01,Quay Crane,7.58,1.27,191,Inspection
CRN09298,DR04697,PR00006,SR06830,QC-04,Quay Crane,8.39,0.63,223,Operational
CRN09299,DR09249,PR00001,SR04814,QC-02,RTG Crane,5.57,0.73,102,Operational
CRN09300,DR00181,PR00005,SR07538,QC-01,Quay Crane,8.51,1.07,186,Inspection
CRN09301,DR08212,PR00004,SR06996,QC-01,Quay Crane,5.81,0.46,164,Operational
CRN09302,DR07220,PR00001,SR05034,QC-07,Quay Crane,7.19,0.99,227,Operational
CRN09303,DR00772,PR00002,SR03255,QC-04,Quay Crane,5.95,1.05,148,Inspection
CRN09304,DR06981,PR00001,SR04134,QC-03,RTG Crane,7.12,1.95,135,Maintenance
CRN09305,DR00613,PR00001,SR06399,QC-08,RTG Crane,7.51,0.62,173,Operational
CRN09306,DR09002,PR00002,SR05008,QC-03,Quay Crane,8.29,1.36,166,Inspection
CRN09307,DR06774,PR00002,SR02028,QC-01,RTG Crane,9.14,0.26,304,Operational
CRN09308,DR02234,PR00007,SR07826,QC-06,Quay Crane,7.5,1.33,192,Inspection
CRN09309,DR03453,PR00006,SR02544,QC-02,RTG Crane,5.48,0.73,159,Operational
CRN09310,DR09697,PR00004,SR06955,QC-08,Quay Crane,6.12,0.43,198,Operational
CRN09311,DR01505,PR00005,SR06355,QC-07,Quay Crane,5.93,1.49,135,Inspection
CRN09312,DR05803,PR00007,SR00198,QC-01,Quay Crane,8.55,0.18,232,Operational
CRN09313,DR03178,PR00003,SR03506,QC-08,Quay Crane,4.0,0.77,103,Operational
CRN09314,DR01465,PR00003,SR08648,QC-02,RTG Crane,7.04,0.29,223,Operational
CRN09315,DR00645,PR00004,SR06360,QC-01,Quay Crane,7.02,0.73,194,Operational
CRN09316,DR09713,PR00007,SR02453,QC-02,Quay Crane,8.67,0.81,245,Operational
CRN09317,DR02838,PR00006,SR03586,QC-02,Quay Crane,6.66,1.04,157,Inspection
CRN09318,DR06056,PR00001,SR07229,QC-03,Quay Crane,6.41,1.03,145,Inspection
CRN09319,DR00563,PR00005,SR02231,QC-02,Quay Crane,8.27,0.79,240,Operational
CRN09320,DR07821,PR00002,SR01486,QC-06,Quay Crane,7.77,0.7,221,Operational
CRN09321,DR08196,PR00002,SR00890,QC-03,Quay Crane,9.28,1.03,234,Inspection
CRN09322,DR09291,PR00004,SR05798,QC-04,Quay Crane,6.78,0.82,170,Operational
CRN09323,DR07915,PR00005,SR09547,QC-06,Quay Crane,6.43,1.18,176,Inspection
CRN09324,DR04255,PR00001,SR00447,QC-05,Quay Crane,6.16,1.23,138,Inspection
CRN09325,DR01898,PR00002,SR08911,QC-02,Quay Crane,8.02,1.1,185,Inspection
CRN09326,DR09959,PR00005,SR01362,QC-08,Quay Crane,9.39,0.99,200,Operational
CRN09327,DR07262,PR00001,SR07193,QC-01,Quay Crane,4.59,1.07,139,Inspection
CRN09328,DR07421,PR00006,SR09182,QC-05,Quay Crane,7.92,1.35,199,Inspection
CRN09329,DR01736,PR00003,SR04231,QC-04,Quay Crane,7.01,1.05,171,Inspection
CRN09330,DR09884,PR00004,SR07135,QC-07,Quay Crane,7.27,1.25,197,Inspection
CRN09331,DR08904,PR00001,SR05792,QC-08,Quay Crane,9.16,0.55,251,Operational
CRN09332,DR04649,PR00007,SR07261,QC-05,Quay Crane,8.61,2.31,189,Maintenance
CRN09333,DR07611,PR00007,SR04361,QC-04,RTG Crane,8.77,0.68,228,Operational
CRN09334,DR08035,PR00001,SR06340,QC-04,Quay Crane,7.81,0.7,227,Operational
CRN09335,DR08166,PR00004,SR09287,QC-04,Quay Crane,7.58,0.27,211,Operational
CRN09336,DR07974,PR00006,SR01372,QC-06,Quay Crane,8.18,0.48,253,Operational
CRN09337,DR09084,PR00001,SR03469,QC-01,Quay Crane,10.0,0.58,293,Operational
CRN09338,DR08017,PR00004,SR05577,QC-07,Quay Crane,7.35,1.7,202,Maintenance
CRN09339,DR00052,PR00006,SR05212,QC-04,Quay Crane,7.61,0.97,156,Operational
CRN09340,DR02666,PR00003,SR04141,QC-05,Quay Crane,6.2,2.09,201,Maintenance
CRN09341,DR08631,PR00007,SR04286,QC-07,Quay Crane,4.63,0.84,126,Operational
CRN09342,DR03448,PR00001,SR06225,QC-01,Quay Crane,9.04,0.7,266,Operational
CRN09343,DR09939,PR00007,SR07148,QC-08,Quay Crane,6.88,0.9,231,Operational
CRN09344,DR05916,PR00007,SR07020,QC-01,Quay Crane,8.16,0.65,231,Operational
CRN09345,DR05262,PR00001,SR02958,QC-04,Quay Crane,7.66,0.26,156,Operational
CRN09346,DR07746,PR00003,SR03143,QC-08,RTG Crane,9.39,1.08,193,Inspection
CRN09347,DR01118,PR00004,SR08521,QC-08,Quay Crane,6.74,0.72,132,Operational
CRN09348,DR07962,PR00006,SR01788,QC-03,Quay Crane,5.15,1.0,98,Operational
CRN09349,DR04750,PR00001,SR02258,QC-01,Quay Crane,9.22,0.97,282,Operational
CRN09350,DR05469,PR00002,SR02776,QC-05,RTG Crane,7.63,1.8,215,Maintenance
CRN09351,DR05605,PR00006,SR07237,QC-06,RTG Crane,7.38,1.13,204,Inspection
CRN09352,DR05532,PR00003,SR01901,QC-08,Quay Crane,3.99,0.48,101,Operational
CRN09353,DR06381,PR00004,SR05386,QC-01,Quay Crane,8.07,0.33,270,Operational
CRN09354,DR01664,PR00004,SR06181,QC-03,Quay Crane,4.55,1.56,107,Maintenance
CRN09355,DR08572,PR00007,SR04843,QC-07,RTG Crane,8.53,0.87,186,Operational
CRN09356,DR08830,PR00001,SR01790,QC-07,Quay Crane,6.72,1.65,160,Maintenance
CRN09357,DR01016,PR00007,SR07348,QC-05,Quay Crane,7.98,1.83,226,Maintenance
CRN09358,DR07115,PR00004,SR01704,QC-01,RTG Crane,7.22,0.55,213,Operational
CRN09359,DR00487,PR00007,SR09294,QC-05,RTG Crane,6.69,1.85,103,Maintenance
CRN09360,DR04586,PR00001,SR04654,QC-07,RTG Crane,6.02,1.33,147,Inspection
CRN09361,DR04574,PR00004,SR04642,QC-01,Quay Crane,4.11,0.33,159,Operational
CRN09362,DR08624,PR00006,SR08157,QC-02,Quay Crane,6.89,0.81,162,Operational
CRN09363,DR04544,PR00006,SR02550,QC-07,RTG Crane,7.59,1.72,169,Maintenance
CRN09364,DR09601,PR00001,SR00934,QC-02,RTG Crane,7.79,1.02,209,Inspection
CRN09365,DR09051,PR00003,SR02208,QC-01,Quay Crane,8.37,0.43,273,Operational
CRN09366,DR02641,PR00001,SR05947,QC-06,RTG Crane,7.79,0.72,173,Operational
CRN09367,DR01711,PR00001,SR00366,QC-07,Quay Crane,10.0,0.81,282,Operational
CRN09368,DR02557,PR00005,SR05320,QC-04,Quay Crane,6.42,0.88,160,Operational
CRN09369,DR01589,PR00007,SR01820,QC-06,Quay Crane,9.84,0.71,219,Operational
CRN09370,DR07645,PR00004,SR06324,QC-05,Quay Crane,7.47,2.08,185,Maintenance
CRN09371,DR01168,PR00001,SR08470,QC-02,Quay Crane,8.15,0.84,207,Operational
CRN09372,DR06389,PR00002,SR05397,QC-04,RTG Crane,8.64,0.75,237,Operational
CRN09373,DR04533,PR00003,SR03306,QC-05,RTG Crane,2.5,1.78,45,Maintenance
CRN09374,DR02922,PR00001,SR08961,QC-07,Quay Crane,9.7,1.04,256,Inspection
CRN09375,DR09409,PR00006,SR07521,QC-02,Quay Crane,7.99,0.64,195,Operational
CRN09376,DR03579,PR00001,SR02570,QC-01,Quay Crane,6.13,0.67,206,Operational
CRN09377,DR00542,PR00001,SR05968,QC-07,Quay Crane,6.5,0.97,136,Operational
CRN09378,DR02969,PR00005,SR08191,QC-08,RTG Crane,8.43,0.49,231,Operational
CRN09379,DR01484,PR00001,SR07601,QC-01,RTG Crane,6.68,0.34,168,Operational
CRN09380,DR05032,PR00003,SR06817,QC-08,Quay Crane,6.2,1.01,151,Inspection
CRN09381,DR09385,PR00003,SR03256,QC-06,Quay Crane,6.9,0.45,183,Operational
CRN09382,DR00041,PR00001,SR07226,QC-08,Quay Crane,5.84,0.77,134,Operational
CRN09383,DR02147,PR00004,SR08984,QC-01,Quay Crane,5.31,1.08,78,Inspection
CRN09384,DR05484,PR00003,SR01066,QC-08,Quay Crane,7.1,0.1,240,Operational
CRN09385,DR02693,PR00004,SR02796,QC-02,Quay Crane,3.23,0.95,65,Operational
CRN09386,DR08084,PR00002,SR01550,QC-01,Quay Crane,7.85,0.33,244,Operational
CRN09387,DR05452,PR00002,SR03025,QC-07,Quay Crane,5.59,1.41,114,Inspection
CRN09388,DR00018,PR00004,SR01869,QC-07,Quay Crane,10.0,0.89,296,Operational
CRN09389,DR04476,PR00001,SR07704,QC-04,Quay Crane,8.0,0.95,196,Operational
CRN09390,DR09049,PR00001,SR07412,QC-07,Quay Crane,8.49,1.06,225,Inspection
CRN09391,DR05555,PR00002,SR02255,QC-08,Quay Crane,4.93,0.31,94,Operational
CRN09392,DR02189,PR00001,SR08368,QC-01,Quay Crane,8.66,0.53,194,Operational
CRN09393,DR03857,PR00001,SR07681,QC-01,Quay Crane,4.62,0.37,101,Operational
CRN09394,DR00537,PR00007,SR02272,QC-05,Quay Crane,6.69,1.26,205,Inspection
CRN09395,DR05611,PR00003,SR06358,QC-01,Quay Crane,4.68,0.22,160,Operational
CRN09396,DR06095,PR00003,SR04307,QC-06,Quay Crane,6.82,1.3,187,Inspection
CRN09397,DR09189,PR00002,SR07136,QC-03,Quay Crane,7.67,1.29,250,Inspection
CRN09398,DR04636,PR00001,SR07830,QC-04,Quay Crane,6.77,0.86,176,Operational
CRN09399,DR00774,PR00005,SR05508,QC-08,Quay Crane,6.03,0.38,144,Operational
CRN09400,DR02172,PR00005,SR07917,QC-06,Quay Crane,8.21,1.09,205,Inspection
CRN09401,DR02756,PR00007,SR06042,QC-03,RTG Crane,7.18,1.38,202,Inspection
CRN09402,DR01234,PR00001,SR00457,QC-08,RTG Crane,6.98,0.96,175,Operational
CRN09403,DR01574,PR00001,SR05204,QC-04,Quay Crane,7.66,0.72,248,Operational
CRN09404,DR04461,PR00005,SR02919,QC-03,RTG Crane,5.51,1.29,125,Inspection
CRN09405,DR04105,PR00002,SR04958,QC-08,RTG Crane,8.46,0.55,261,Operational
CRN09406,DR07007,PR00001,SR01797,QC-01,RTG Crane,8.48,0.5,247,Operational
CRN09407,DR02289,PR00002,SR00808,QC-05,Quay Crane,6.6,1.97,185,Maintenance
CRN09408,DR00757,PR00001,SR08852,QC-08,RTG Crane,7.63,0.74,174,Operational
CRN09409,DR04964,PR00006,SR00675,QC-08,Quay Crane,7.45,0.32,134,Operational
CRN09410,DR03185,PR00006,SR01193,QC-02,Quay Crane,8.79,1.17,237,Inspection
CRN09411,DR07495,PR00004,SR00075,QC-07,Quay Crane,10.0,0.92,253,Operational
CRN09412,DR04448,PR00003,SR06133,QC-03,Quay Crane,9.27,1.3,256,Inspection
CRN09413,DR07368,PR00005,SR04013,QC-07,Quay Crane,5.4,1.17,153,Inspection
CRN09414,DR06950,PR00004,SR06727,QC-01,Quay Crane,8.51,0.51,215,Operational
CRN09415,DR01996,PR00006,SR09065,QC-01,Quay Crane,10.0,0.57,249,Operational
CRN09416,DR06430,PR00003,SR07254,QC-02,RTG Crane,5.7,0.59,154,Operational
CRN09417,DR08382,PR00007,SR07523,QC-05,Quay Crane,9.35,1.88,182,Maintenance
CRN09418,DR02346,PR00002,SR05633,QC-08,Quay Crane,8.21,0.53,211,Operational
CRN09419,DR08493,PR00004,SR00055,QC-07,RTG Crane,7.53,1.56,191,Maintenance
CRN09420,DR06277,PR00006,SR04149,QC-02,RTG Crane,7.62,0.76,219,Operational
CRN09421,DR02386,PR00006,SR00922,QC-02,Quay Crane,6.69,1.21,147,Inspection
CRN09422,DR08789,PR00007,SR08169,QC-08,Quay Crane,4.98,0.7,129,Operational
CRN09423,DR01994,PR00003,SR04883,QC-06,Quay Crane,8.72,0.86,258,Operational
CRN09424,DR01510,PR00005,SR05225,QC-05,Quay Crane,4.63,2.23,117,Maintenance
CRN09425,DR03635,PR00002,SR01288,QC-01,Quay Crane,6.89,0.99,206,Operational
CRN09426,DR08866,PR00004,SR05965,QC-02,Quay Crane,7.24,0.71,165,Operational
CRN09427,DR02396,PR00001,SR05346,QC-05,Quay Crane,6.7,1.9,152,Maintenance
CRN09428,DR04576,PR00003,SR04507,QC-07,Quay Crane,7.51,1.39,203,Inspection
CRN09429,DR03589,PR00007,SR00188,QC-06,Quay Crane,10.0,0.98,240,Operational
CRN09430,DR02149,PR00006,SR08635,QC-04,RTG Crane,7.54,0.61,193,Operational
CRN09431,DR09733,PR00003,SR07716,QC-08,Quay Crane,7.62,0.52,237,Operational
CRN09432,DR06568,PR00001,SR01916,QC-01,Quay Crane,8.7,0.93,237,Operational
CRN09433,DR04189,PR00003,SR07192,QC-02,Quay Crane,7.97,1.17,229,Inspection
CRN09434,DR03245,PR00001,SR09363,QC-02,Quay Crane,7.4,0.71,247,Operational
CRN09435,DR02075,PR00001,SR09960,QC-01,Quay Crane,6.71,0.49,170,Operational
CRN09436,DR03331,PR00007,SR09649,QC-04,Quay Crane,7.37,0.56,245,Operational
CRN09437,DR06561,PR00003,SR04359,QC-04,Quay Crane,8.03,1.09,203,Inspection
CRN09438,DR03359,PR00001,SR02926,QC-01,Quay Crane,8.02,0.47,176,Operational
CRN09439,DR05644,PR00005,SR00217,QC-01,Quay Crane,5.75,0.64,161,Operational
CRN09440,DR07942,PR00001,SR01350,QC-01,RTG Crane,5.09,0.84,120,Operational
CRN09441,DR07423,PR00003,SR06774,QC-04,Quay Crane,7.99,0.21,178,Operational
CRN09442,DR08106,PR00002,SR06320,QC-06,Quay Crane,6.02,0.96,138,Operational
CRN09443,DR08616,PR00001,SR07214,QC-02,Quay Crane,7.36,0.41,178,Operational
CRN09444,DR04242,PR00003,SR03528,QC-06,Quay Crane,6.84,1.35,195,Inspection
CRN09445,DR09222,PR00005,SR06643,QC-02,Quay Crane,6.49,0.39,228,Operational
CRN09446,DR09387,PR00003,SR07037,QC-05,Quay Crane,8.02,1.34,220,Inspection
CRN09447,DR01316,PR00006,SR07376,QC-03,Quay Crane,7.34,1.79,199,Maintenance
CRN09448,DR05923,PR00007,SR03049,QC-01,Quay Crane,9.05,0.4,225,Operational
CRN09449,DR00905,PR00006,SR09786,QC-06,RTG Crane,8.38,0.63,208,Operational
CRN09450,DR07902,PR00007,SR03889,QC-04,Quay Crane,5.88,0.33,174,Operational
CRN09451,DR00078,PR00007,SR01309,QC-04,Quay Crane,6.55,0.8,188,Operational
CRN09452,DR03117,PR00006,SR09621,QC-04,Quay Crane,6.83,0.78,217,Operational
CRN09453,DR04367,PR00002,SR02258,QC-02,Quay Crane,6.23,0.97,153,Operational
CRN09454,DR05264,PR00001,SR08506,QC-03,RTG Crane,8.96,1.3,218,Inspection
CRN09455,DR02511,PR00005,SR06433,QC-05,Quay Crane,6.48,2.36,226,Maintenance
CRN09456,DR09420,PR00006,SR02300,QC-01,Quay Crane,7.17,0.58,221,Operational
CRN09457,DR09383,PR00006,SR01673,QC-08,Quay Crane,7.77,0.56,235,Operational
CRN09458,DR07121,PR00004,SR02293,QC-01,RTG Crane,5.5,0.26,114,Operational
CRN09459,DR00487,PR00006,SR02413,QC-08,RTG Crane,7.24,0.26,206,Operational
CRN09460,DR09949,PR00005,SR05289,QC-08,Quay Crane,9.64,1.16,293,Inspection
CRN09461,DR08194,PR00004,SR03905,QC-08,Quay Crane,7.29,0.25,224,Operational
CRN09462,DR03054,PR00001,SR04504,QC-08,RTG Crane,6.71,0.33,212,Operational
CRN09463,DR06242,PR00003,SR04845,QC-06,Quay Crane,8.43,0.95,218,Operational
CRN09464,DR01215,PR00001,SR00902,QC-03,Quay Crane,8.39,1.75,187,Maintenance
CRN09465,DR06261,PR00001,SR00673,QC-03,Quay Crane,3.72,1.09,77,Inspection
CRN09466,DR06057,PR00004,SR08587,QC-07,RTG Crane,6.99,1.16,196,Inspection
CRN09467,DR03316,PR00001,SR07617,QC-02,RTG Crane,7.77,0.92,194,Operational
CRN09468,DR09003,PR00007,SR06579,QC-01,Quay Crane,8.47,0.61,256,Operational
CRN09469,DR02789,PR00003,SR09039,QC-01,RTG Crane,8.95,0.89,245,Operational
CRN09470,DR06953,PR00005,SR00788,QC-08,Quay Crane,6.8,0.75,180,Operational
CRN09471,DR09301,PR00001,SR02356,QC-04,Quay Crane,7.25,1.3,187,Inspection
CRN09472,DR08758,PR00006,SR08251,QC-08,Quay Crane,6.2,0.77,116,Operational
CRN09473,DR01064,PR00003,SR06330,QC-05,Quay Crane,9.03,1.95,198,Maintenance
CRN09474,DR05423,PR00004,SR09800,QC-04,Quay Crane,3.99,0.38,142,Operational
CRN09475,DR00644,PR00004,SR08976,QC-02,Quay Crane,5.09,0.92,126,Operational
CRN09476,DR02887,PR00003,SR06461,QC-03,Quay Crane,9.58,1.14,243,Inspection
CRN09477,DR06314,PR00004,SR02423,QC-03,RTG Crane,7.13,1.3,147,Inspection
CRN09478,DR06116,PR00005,SR00987,QC-03,Quay Crane,6.54,1.43,184,Inspection
CRN09479,DR05784,PR00006,SR06035,QC-02,Quay Crane,8.7,0.96,174,Operational
CRN09480,DR00805,PR00002,SR01298,QC-02,Quay Crane,4.67,0.86,135,Operational
CRN09481,DR03102,PR00007,SR02240,QC-05,Quay Crane,7.55,1.59,129,Maintenance
CRN09482,DR07059,PR00002,SR09265,QC-06,RTG Crane,8.29,0.69,224,Operational
CRN09483,DR06274,PR00002,SR00364,QC-01,Quay Crane,7.3,0.26,228,Operational
CRN09484,DR04820,PR00002,SR05389,QC-03,Quay Crane,2.5,1.49,45,Inspection
CRN09485,DR03242,PR00002,SR09927,QC-03,RTG Crane,6.63,1.3,169,Inspection
CRN09486,DR01763,PR00002,SR05233,QC-05,RTG Crane,5.72,1.93,175,Maintenance
CRN09487,DR08396,PR00006,SR07900,QC-06,Quay Crane,9.92,0.67,224,Operational
CRN09488,DR02348,PR00004,SR07481,QC-06,Quay Crane,8.84,0.79,231,Operational
CRN09489,DR08755,PR00007,SR07752,QC-05,Quay Crane,6.77,2.17,146,Maintenance
CRN09490,DR02292,PR00001,SR04496,QC-03,Quay Crane,4.49,1.27,107,Inspection
CRN09491,DR06645,PR00004,SR01653,QC-08,Quay Crane,7.2,1.02,187,Inspection
CRN09492,DR00653,PR00001,SR05664,QC-03,Quay Crane,5.43,1.52,165,Inspection
CRN09493,DR06759,PR00003,SR03975,QC-04,Quay Crane,7.96,0.58,172,Operational
CRN09494,DR00247,PR00003,SR08528,QC-06,Quay Crane,7.67,1.24,214,Inspection
CRN09495,DR04880,PR00005,SR07495,QC-06,Quay Crane,6.62,1.02,224,Inspection
CRN09496,DR08017,PR00005,SR00727,QC-05,Quay Crane,7.74,1.58,183,Maintenance
CRN09497,DR09906,PR00002,SR03221,QC-02,RTG Crane,10.0,0.83,278,Operational
CRN09498,DR05209,PR00001,SR01410,QC-08,Quay Crane,4.72,0.64,97,Operational
CRN09499,DR03946,PR00003,SR02284,QC-03,Quay Crane,5.47,1.16,195,Inspection
CRN09500,DR09528,PR00002,SR06103,QC-06,Quay Crane,7.59,0.82,146,Operational
CRN09501,DR00793,PR00005,SR01800,QC-04,Quay Crane,5.95,0.23,158,Operational
CRN09502,DR06388,PR00003,SR05501,QC-02,RTG Crane,7.79,0.85,208,Operational
CRN09503,DR05120,PR00006,SR03227,QC-02,RTG Crane,5.25,0.7,80,Operational
CRN09504,DR00160,PR00007,SR00705,QC-03,Quay Crane,7.28,1.22,147,Inspection
CRN09505,DR08055,PR00003,SR02263,QC-01,RTG Crane,7.17,0.74,171,Operational
CRN09506,DR05175,PR00007,SR02222,QC-06,Quay Crane,8.17,1.68,199,Maintenance
CRN09507,DR00492,PR00005,SR04947,QC-08,Quay Crane,6.9,0.52,191,Operational
CRN09508,DR09091,PR00001,SR03892,QC-06,Quay Crane,8.72,1.04,163,Inspection
CRN09509,DR09330,PR00006,SR07148,QC-07,Quay Crane,5.7,1.46,166,Inspection
CRN09510,DR06420,PR00003,SR06028,QC-04,Quay Crane,7.69,0.81,194,Operational
CRN09511,DR08601,PR00005,SR08237,QC-03,Quay Crane,4.54,1.36,117,Inspection
CRN09512,DR06778,PR00005,SR08606,QC-02,Quay Crane,3.8,0.93,87,Operational
CRN09513,DR01506,PR00006,SR03487,QC-06,Quay Crane,5.14,1.03,106,Inspection
CRN09514,DR06779,PR00005,SR03387,QC-01,Quay Crane,10.0,0.42,297,Operational
CRN09515,DR04589,PR00006,SR05824,QC-01,Quay Crane,9.4,0.74,292,Operational
CRN09516,DR02460,PR00002,SR04061,QC-07,Quay Crane,7.75,1.23,244,Inspection
CRN09517,DR04715,PR00007,SR04453,QC-07,Quay Crane,5.95,1.19,167,Inspection
CRN09518,DR05158,PR00004,SR03187,QC-06,Quay Crane,8.54,0.89,195,Operational
CRN09519,DR07829,PR00005,SR05864,QC-02,Quay Crane,4.77,0.97,110,Operational
CRN09520,DR02076,PR00006,SR02638,QC-04,Quay Crane,4.17,0.67,84,Operational
CRN09521,DR05471,PR00001,SR04813,QC-01,RTG Crane,6.98,0.9,171,Operational
CRN09522,DR07267,PR00002,SR01969,QC-05,Quay Crane,7.12,1.65,141,Maintenance
CRN09523,DR09547,PR00006,SR00810,QC-05,RTG Crane,7.9,1.91,243,Maintenance
CRN09524,DR04302,PR00007,SR00894,QC-08,Quay Crane,6.2,1.17,161,Inspection
CRN09525,DR05854,PR00005,SR00550,QC-07,RTG Crane,6.28,1.17,141,Inspection
CRN09526,DR00417,PR00003,SR02325,QC-02,RTG Crane,9.88,0.5,287,Operational
CRN09527,DR02412,PR00002,SR00831,QC-01,Quay Crane,6.94,0.73,173,Operational
CRN09528,DR05701,PR00003,SR00024,QC-04,Quay Crane,6.37,0.43,173,Operational
CRN09529,DR00953,PR00003,SR03966,QC-06,Quay Crane,7.77,1.36,176,Inspection
CRN09530,DR09567,PR00006,SR03045,QC-03,Quay Crane,6.45,1.3,137,Inspection
CRN09531,DR00686,PR00004,SR03807,QC-08,Quay Crane,9.88,0.57,300,Operational
CRN09532,DR06628,PR00003,SR00454,QC-05,Quay Crane,7.7,1.8,215,Maintenance
CRN09533,DR06169,PR00003,SR09524,QC-08,Quay Crane,6.65,0.51,218,Operational
CRN09534,DR06365,PR00007,SR07260,QC-08,RTG Crane,5.98,0.58,151,Operational
CRN09535,DR08955,PR00004,SR00060,QC-05,Quay Crane,4.23,1.77,98,Maintenance
CRN09536,DR02593,PR00002,SR01831,QC-08,Quay Crane,7.54,0.6,219,Operational
CRN09537,DR04952,PR00003,SR00423,QC-04,Quay Crane,5.96,0.8,139,Operational
CRN09538,DR04282,PR00003,SR04331,QC-07,Quay Crane,4.51,1.14,76,Inspection
CRN09539,DR07212,PR00002,SR05842,QC-05,Quay Crane,5.38,2.61,138,Maintenance
CRN09540,DR02466,PR00005,SR07392,QC-07,Quay Crane,9.12,1.24,227,Inspection
CRN09541,DR06503,PR00002,SR09227,QC-06,Quay Crane,6.87,1.18,172,Inspection
CRN09542,DR06746,PR00003,SR05246,QC-03,Quay Crane,7.49,1.16,241,Inspection
CRN09543,DR09771,PR00003,SR03574,QC-03,Quay Crane,7.52,1.31,180,Inspection
CRN09544,DR05609,PR00003,SR04574,QC-07,RTG Crane,10.0,1.1,278,Inspection
CRN09545,DR00646,PR00004,SR05653,QC-08,Quay Crane,6.16,1.1,158,Inspection
CRN09546,DR03882,PR00005,SR09512,QC-03,Quay Crane,7.01,1.45,184,Inspection
CRN09547,DR02940,PR00001,SR07021,QC-07,RTG Crane,8.66,1.07,180,Inspection
CRN09548,DR04353,PR00002,SR00600,QC-05,Quay Crane,7.2,1.45,201,Inspection
CRN09549,DR07241,PR00005,SR06828,QC-08,Quay Crane,7.68,0.78,254,Operational
CRN09550,DR06739,PR00007,SR00846,QC-08,Quay Crane,6.95,0.75,227,Operational
CRN09551,DR04346,PR00001,SR05442,QC-07,RTG Crane,5.99,1.5,147,Inspection
CRN09552,DR00331,PR00001,SR06609,QC-01,Quay Crane,8.88,0.48,301,Operational
CRN09553,DR09511,PR00007,SR08869,QC-04,Quay Crane,6.8,0.79,217,Operational
CRN09554,DR05401,PR00001,SR06580,QC-08,Quay Crane,7.89,0.82,208,Operational
CRN09555,DR00940,PR00007,SR09335,QC-05,Quay Crane,7.63,1.62,244,Maintenance
CRN09556,DR04025,PR00006,SR05017,QC-01,RTG Crane,2.5,0.85,57,Operational
CRN09557,DR01316,PR00001,SR08140,QC-05,Quay Crane,7.05,1.45,196,Inspection
CRN09558,DR01748,PR00001,SR03038,QC-08,Quay Crane,7.29,0.76,240,Operational
CRN09559,DR06353,PR00007,SR09462,QC-04,RTG Crane,3.73,0.59,82,Operational
CRN09560,DR09892,PR00002,SR08615,QC-07,Quay Crane,5.21,1.14,131,Inspection
CRN09561,DR02584,PR00003,SR03604,QC-01,Quay Crane,6.82,0.75,134,Operational
CRN09562,DR00370,PR00002,SR07435,QC-06,Quay Crane,6.46,1.29,150,Inspection
CRN09563,DR05531,PR00004,SR05201,QC-08,Quay Crane,8.55,0.7,248,Operational
CRN09564,DR02469,PR00006,SR07366,QC-01,Quay Crane,9.48,0.49,260,Operational
CRN09565,DR04566,PR00004,SR06733,QC-05,Quay Crane,6.28,1.69,177,Maintenance
CRN09566,DR05484,PR00001,SR01239,QC-01,Quay Crane,5.87,0.2,103,Operational
CRN09567,DR07052,PR00004,SR01995,QC-04,Quay Crane,7.1,0.55,203,Operational
CRN09568,DR07798,PR00004,SR08231,QC-06,Quay Crane,8.77,1.1,209,Inspection
CRN09569,DR03934,PR00002,SR00568,QC-07,Quay Crane,7.18,1.31,214,Inspection
CRN09570,DR01612,PR00005,SR01204,QC-08,Quay Crane,8.79,0.58,210,Operational
CRN09571,DR06273,PR00004,SR01784,QC-07,Quay Crane,8.81,1.14,262,Inspection
CRN09572,DR05292,PR00001,SR04155,QC-07,Quay Crane,8.09,1.49,168,Inspection
CRN09573,DR03286,PR00007,SR01459,QC-04,Quay Crane,7.11,0.88,199,Operational
CRN09574,DR00640,PR00003,SR05366,QC-07,Quay Crane,5.58,1.3,143,Inspection
CRN09575,DR06539,PR00002,SR06768,QC-07,Quay Crane,7.46,0.89,206,Operational
CRN09576,DR01280,PR00001,SR03747,QC-05,RTG Crane,6.3,1.79,151,Maintenance
CRN09577,DR09309,PR00003,SR05970,QC-01,Quay Crane,9.8,0.92,288,Operational
CRN09578,DR01404,PR00002,SR09513,QC-03,Quay Crane,8.85,1.46,240,Inspection
CRN09579,DR00074,PR00002,SR09893,QC-04,RTG Crane,6.98,0.23,197,Operational
CRN09580,DR07132,PR00006,SR07803,QC-06,Quay Crane,7.04,0.99,189,Operational
CRN09581,DR04587,PR00004,SR06835,QC-01,Quay Crane,5.04,0.76,100,Operational
CRN09582,DR02202,PR00001,SR08781,QC-03,Quay Crane,6.48,1.26,177,Inspection
CRN09583,DR00814,PR00005,SR03498,QC-03,RTG Crane,10.0,1.44,239,Inspection
CRN09584,DR09361,PR00005,SR05442,QC-02,RTG Crane,7.79,1.41,233,Inspection
CRN09585,DR01905,PR00003,SR08853,QC-04,Quay Crane,7.04,0.32,184,Operational
CRN09586,DR05570,PR00007,SR03549,QC-06,Quay Crane,7.83,0.63,210,Operational
CRN09587,DR08389,PR00002,SR07405,QC-08,Quay Crane,6.78,0.45,212,Operational
CRN09588,DR06754,PR00001,SR04001,QC-07,Quay Crane,7.14,0.86,176,Operational
CRN09589,DR02207,PR00001,SR01482,QC-07,Quay Crane,7.17,1.31,174,Inspection
CRN09590,DR08394,PR00002,SR04618,QC-03,Quay Crane,9.81,1.43,260,Inspection
CRN09591,DR02814,PR00003,SR03641,QC-07,Quay Crane,3.85,1.19,126,Inspection
CRN09592,DR04161,PR00001,SR05906,QC-06,RTG Crane,6.11,0.92,186,Operational
CRN09593,DR03601,PR00004,SR07391,QC-03,Quay Crane,3.75,1.37,104,Inspection
CRN09594,DR04993,PR00007,SR04992,QC-04,Quay Crane,6.52,0.71,130,Operational
CRN09595,DR07770,PR00006,SR09700,QC-07,RTG Crane,7.03,1.0,216,Operational
CRN09596,DR02564,PR00005,SR01904,QC-02,Quay Crane,8.11,0.85,190,Operational
CRN09597,DR07827,PR00004,SR02318,QC-06,Quay Crane,5.44,1.25,143,Inspection
CRN09598,DR09628,PR00005,SR09022,QC-05,Quay Crane,5.89,1.96,191,Maintenance
CRN09599,DR05778,PR00003,SR09930,QC-02,RTG Crane,8.19,0.6,202,Operational
CRN09600,DR03986,PR00003,SR08312,QC-04,Quay Crane,7.93,0.71,241,Operational
CRN09601,DR03988,PR00002,SR02880,QC-06,Quay Crane,6.74,0.47,178,Operational
CRN09602,DR01629,PR00001,SR08449,QC-05,Quay Crane,3.66,1.29,45,Inspection
CRN09603,DR03993,PR00004,SR05720,QC-01,Quay Crane,7.14,0.51,220,Operational
CRN09604,DR09859,PR00003,SR08355,QC-07,RTG Crane,7.5,1.37,188,Inspection
CRN09605,DR09437,PR00001,SR03850,QC-06,Quay Crane,7.36,1.14,178,Inspection
CRN09606,DR03375,PR00002,SR03331,QC-03,Quay Crane,4.73,0.61,153,Operational
CRN09607,DR09464,PR00006,SR06671,QC-05,Quay Crane,5.47,2.49,138,Maintenance
CRN09608,DR06130,PR00002,SR04600,QC-06,Quay Crane,8.49,0.87,208,Operational
CRN09609,DR08939,PR00003,SR04392,QC-02,Quay Crane,9.54,0.84,216,Operational
CRN09610,DR09701,PR00001,SR09060,QC-05,RTG Crane,8.43,1.79,213,Maintenance
CRN09611,DR07184,PR00001,SR02522,QC-01,Quay Crane,6.44,0.72,163,Operational
CRN09612,DR09038,PR00005,SR02393,QC-06,RTG Crane,6.69,0.71,181,Operational
CRN09613,DR07321,PR00001,SR02165,QC-07,RTG Crane,5.7,0.81,162,Operational
CRN09614,DR01591,PR00002,SR06407,QC-01,Quay Crane,7.9,1.12,239,Inspection
CRN09615,DR09161,PR00007,SR02801,QC-08,Quay Crane,8.99,0.67,274,Operational
CRN09616,DR01943,PR00003,SR00874,QC-02,Quay Crane,8.36,0.63,322,Operational
CRN09617,DR02440,PR00004,SR09415,QC-04,RTG Crane,8.14,0.74,232,Operational
CRN09618,DR09155,PR00004,SR04616,QC-03,Quay Crane,6.1,1.83,124,Maintenance
CRN09619,DR05320,PR00001,SR03807,QC-02,Quay Crane,6.75,1.14,182,Inspection
CRN09620,DR02532,PR00003,SR06182,QC-03,Quay Crane,6.45,1.58,152,Maintenance
CRN09621,DR09633,PR00003,SR08590,QC-03,Quay Crane,8.42,1.09,193,Inspection
CRN09622,DR06091,PR00002,SR06493,QC-08,Quay Crane,7.24,0.44,186,Operational
CRN09623,DR00100,PR00002,SR03610,QC-05,Quay Crane,8.65,1.9,289,Maintenance
CRN09624,DR02993,PR00004,SR09440,QC-03,Quay Crane,7.8,1.5,195,Inspection
CRN09625,DR02481,PR00001,SR07216,QC-01,Quay Crane,5.9,1.02,196,Inspection
CRN09626,DR02444,PR00001,SR09351,QC-06,Quay Crane,4.94,0.81,162,Operational
CRN09627,DR05544,PR00004,SR02363,QC-08,Quay Crane,10.0,0.71,282,Operational
CRN09628,DR00374,PR00003,SR09876,QC-01,Quay Crane,6.56,0.75,207,Operational
CRN09629,DR05152,PR00004,SR04083,QC-08,Quay Crane,7.37,0.67,214,Operational
CRN09630,DR04836,PR00001,SR03917,QC-01,Quay Crane,9.82,0.83,229,Operational
CRN09631,DR08621,PR00005,SR06976,QC-04,Quay Crane,7.96,1.39,225,Inspection
CRN09632,DR05737,PR00006,SR02750,QC-07,Quay Crane,5.65,1.41,147,Inspection
CRN09633,DR08433,PR00003,SR05711,QC-08,RTG Crane,7.29,0.15,153,Operational
CRN09634,DR09517,PR00006,SR08688,QC-01,RTG Crane,9.41,0.76,260,Operational
CRN09635,DR05472,PR00003,SR05512,QC-07,Quay Crane,7.73,1.47,201,Inspection
CRN09636,DR09150,PR00001,SR02660,QC-03,Quay Crane,10.0,1.17,275,Inspection
CRN09637,DR00770,PR00003,SR06260,QC-08,Quay Crane,4.17,0.67,190,Operational
CRN09638,DR04411,PR00003,SR04515,QC-08,Quay Crane,6.62,0.39,232,Operational
CRN09639,DR01152,PR00006,SR04883,QC-04,Quay Crane,5.16,1.08,140,Inspection
CRN09640,DR04132,PR00002,SR09498,QC-08,Quay Crane,8.28,0.94,253,Operational
CRN09641,DR01732,PR00002,SR06666,QC-04,Quay Crane,5.27,0.63,129,Operational
CRN09642,DR09683,PR00006,SR04667,QC-03,Quay Crane,6.02,1.5,134,Inspection
CRN09643,DR03647,PR00002,SR02405,QC-03,RTG Crane,6.29,1.14,188,Inspection
CRN09644,DR09615,PR00004,SR06198,QC-02,Quay Crane,7.47,0.39,195,Operational
CRN09645,DR00614,PR00002,SR05399,QC-06,Quay Crane,6.92,1.14,193,Inspection
CRN09646,DR06116,PR00007,SR02562,QC-04,Quay Crane,8.66,0.36,219,Operational
CRN09647,DR03001,PR00001,SR07906,QC-05,Quay Crane,5.6,1.57,143,Maintenance
CRN09648,DR04586,PR00005,SR08256,QC-08,Quay Crane,7.8,0.58,233,Operational
CRN09649,DR08360,PR00004,SR02814,QC-05,RTG Crane,6.88,1.73,208,Maintenance
CRN09650,DR04600,PR00007,SR09510,QC-03,Quay Crane,4.3,0.8,96,Operational
CRN09651,DR00800,PR00007,SR08557,QC-05,Quay Crane,8.86,1.77,283,Maintenance
CRN09652,DR05655,PR00006,SR09843,QC-06,Quay Crane,6.1,0.84,174,Operational
CRN09653,DR09728,PR00001,SR00078,QC-06,Quay Crane,7.42,1.14,198,Inspection
CRN09654,DR01118,PR00003,SR01918,QC-03,Quay Crane,5.82,1.71,156,Maintenance
CRN09655,DR08012,PR00006,SR04846,QC-02,Quay Crane,10.0,1.03,274,Inspection
CRN09656,DR06756,PR00004,SR06258,QC-05,Quay Crane,9.63,1.63,263,Maintenance
CRN09657,DR02059,PR00006,SR06352,QC-07,Quay Crane,6.47,1.36,179,Inspection
CRN09658,DR04473,PR00006,SR05398,QC-01,Quay Crane,7.61,0.74,208,Operational
CRN09659,DR03458,PR00002,SR03458,QC-03,Quay Crane,7.63,1.29,245,Inspection
CRN09660,DR04997,PR00001,SR06906,QC-03,RTG Crane,5.09,1.2,132,Inspection
CRN09661,DR09778,PR00002,SR03477,QC-05,Quay Crane,8.15,1.49,169,Inspection
CRN09662,DR04549,PR00005,SR08695,QC-07,Quay Crane,7.26,0.89,246,Operational
CRN09663,DR06568,PR00003,SR00709,QC-06,Quay Crane,8.82,0.97,249,Operational
CRN09664,DR00142,PR00001,SR00331,QC-02,Quay Crane,6.97,0.98,144,Operational
CRN09665,DR07582,PR00005,SR04676,QC-06,Quay Crane,5.48,1.01,116,Inspection
CRN09666,DR02251,PR00001,SR09765,QC-07,Quay Crane,6.05,1.43,149,Inspection
CRN09667,DR03381,PR00003,SR09108,QC-03,RTG Crane,5.38,1.21,152,Inspection
CRN09668,DR03316,PR00003,SR01758,QC-05,RTG Crane,7.42,1.64,98,Maintenance
CRN09669,DR09344,PR00003,SR05751,QC-01,Quay Crane,8.28,0.59,148,Operational
CRN09670,DR01813,PR00001,SR02650,QC-03,Quay Crane,5.07,1.54,129,Inspection
CRN09671,DR02876,PR00005,SR08460,QC-06,Quay Crane,7.78,0.83,251,Operational
CRN09672,DR08556,PR00006,SR09271,QC-05,RTG Crane,8.29,1.52,257,Inspection
CRN09673,DR07344,PR00005,SR08330,QC-08,Quay Crane,7.88,0.92,182,Operational
CRN09674,DR09785,PR00007,SR04261,QC-04,Quay Crane,5.16,0.57,156,Operational
CRN09675,DR00027,PR00002,SR07737,QC-07,Quay Crane,9.75,1.49,275,Inspection
CRN09676,DR08212,PR00001,SR09301,QC-08,Quay Crane,7.72,0.79,215,Operational
CRN09677,DR08131,PR00001,SR06460,QC-04,Quay Crane,4.8,0.6,165,Operational
CRN09678,DR01541,PR00005,SR03943,QC-01,RTG Crane,6.34,0.39,151,Operational
CRN09679,DR06323,PR00001,SR00670,QC-08,Quay Crane,6.29,0.62,181,Operational
CRN09680,DR03551,PR00007,SR00912,QC-01,Quay Crane,6.84,0.05,250,Operational
CRN09681,DR00356,PR00004,SR07367,QC-05,Quay Crane,9.4,2.28,230,Maintenance
CRN09682,DR00460,PR00006,SR09717,QC-02,Quay Crane,7.57,0.86,189,Operational
CRN09683,DR02997,PR00003,SR08506,QC-08,RTG Crane,6.98,0.81,210,Operational
CRN09684,DR05242,PR00005,SR05151,QC-01,Quay Crane,9.56,0.2,277,Operational
CRN09685,DR04476,PR00003,SR04136,QC-01,RTG Crane,7.93,0.96,158,Operational
CRN09686,DR09031,PR00003,SR06412,QC-03,Quay Crane,10.0,1.22,299,Inspection
CRN09687,DR00459,PR00005,SR07412,QC-07,Quay Crane,7.36,1.15,158,Inspection
CRN09688,DR02551,PR00002,SR06773,QC-01,Quay Crane,9.62,0.55,289,Operational
CRN09689,DR02024,PR00006,SR02522,QC-01,Quay Crane,4.09,0.32,108,Operational
CRN09690,DR01365,PR00005,SR06731,QC-01,Quay Crane,8.32,0.39,228,Operational
CRN09691,DR08083,PR00005,SR03131,QC-05,Quay Crane,6.94,2.13,176,Maintenance
CRN09692,DR03046,PR00002,SR08832,QC-05,RTG Crane,7.62,2.07,167,Maintenance
CRN09693,DR08777,PR00001,SR01997,QC-04,Quay Crane,7.85,0.76,249,Operational
CRN09694,DR02883,PR00001,SR05515,QC-05,Quay Crane,8.19,1.59,217,Maintenance
CRN09695,DR03947,PR00004,SR00071,QC-01,RTG Crane,9.67,0.43,257,Operational
CRN09696,DR09824,PR00001,SR07552,QC-01,RTG Crane,8.06,0.61,270,Operational
CRN09697,DR08609,PR00007,SR05929,QC-06,Quay Crane,7.22,1.03,190,Inspection
CRN09698,DR01810,PR00007,SR08113,QC-04,Quay Crane,7.97,0.9,189,Operational
CRN09699,DR01892,PR00001,SR08536,QC-08,Quay Crane,5.87,0.32,187,Operational
CRN09700,DR01455,PR00005,SR04714,QC-05,Quay Crane,10.0,1.89,244,Maintenance
CRN09701,DR05747,PR00002,SR03590,QC-05,Quay Crane,6.23,2.23,203,Maintenance
CRN09702,DR05407,PR00002,SR01369,QC-02,Quay Crane,8.41,0.87,217,Operational
CRN09703,DR08650,PR00002,SR05134,QC-08,Quay Crane,9.1,0.85,230,Operational
CRN09704,DR07835,PR00006,SR01582,QC-07,RTG Crane,8.11,0.96,194,Operational
CRN09705,DR09227,PR00006,SR06598,QC-01,Quay Crane,6.28,0.73,169,Operational
CRN09706,DR03873,PR00001,SR08241,QC-05,Quay Crane,6.16,1.82,143,Maintenance
CRN09707,DR08230,PR00002,SR03817,QC-08,Quay Crane,8.94,0.14,244,Operational
CRN09708,DR02404,PR00003,SR04793,QC-07,Quay Crane,7.82,1.85,159,Maintenance
CRN09709,DR01951,PR00003,SR05281,QC-03,Quay Crane,6.55,1.45,179,Inspection
CRN09710,DR01558,PR00001,SR00377,QC-04,Quay Crane,6.0,1.06,175,Inspection
CRN09711,DR06567,PR00006,SR09958,QC-03,Quay Crane,6.23,1.56,188,Maintenance
CRN09712,DR08787,PR00007,SR07241,QC-07,Quay Crane,7.49,0.9,183,Operational
CRN09713,DR08695,PR00003,SR05732,QC-03,Quay Crane,10.0,1.23,279,Inspection
CRN09714,DR02873,PR00006,SR07093,QC-07,Quay Crane,5.38,1.21,168,Inspection
CRN09715,DR05719,PR00005,SR05541,QC-08,Quay Crane,3.71,1.38,102,Inspection
CRN09716,DR02792,PR00004,SR00305,QC-06,RTG Crane,7.26,1.03,174,Inspection
CRN09717,DR04283,PR00006,SR03634,QC-03,Quay Crane,6.27,1.05,189,Inspection
CRN09718,DR05083,PR00003,SR07060,QC-03,Quay Crane,6.66,1.11,216,Inspection
CRN09719,DR03726,PR00004,SR04739,QC-08,Quay Crane,5.5,0.98,149,Operational
CRN09720,DR00821,PR00002,SR03679,QC-08,Quay Crane,9.13,0.52,261,Operational
CRN09721,DR02951,PR00005,SR05338,QC-05,Quay Crane,6.48,1.68,133,Maintenance
CRN09722,DR07087,PR00001,SR00357,QC-04,Quay Crane,7.93,0.72,201,Operational
CRN09723,DR01899,PR00002,SR03288,QC-05,Quay Crane,9.55,2.47,271,Maintenance
CRN09724,DR00088,PR00003,SR07382,QC-05,Quay Crane,6.86,1.9,174,Maintenance
CRN09725,DR05801,PR00003,SR09044,QC-04,RTG Crane,5.97,1.0,131,Operational
CRN09726,DR08484,PR00002,SR00165,QC-02,RTG Crane,7.0,0.95,229,Operational
CRN09727,DR06182,PR00001,SR03284,QC-06,Quay Crane,7.05,0.81,221,Operational
CRN09728,DR08166,PR00006,SR05851,QC-06,Quay Crane,7.99,0.89,206,Operational
CRN09729,DR07252,PR00004,SR05354,QC-01,Quay Crane,7.21,0.73,272,Operational
CRN09730,DR00201,PR00003,SR08586,QC-01,Quay Crane,7.34,0.05,191,Operational
CRN09731,DR03188,PR00006,SR00607,QC-04,Quay Crane,6.51,0.47,130,Operational
CRN09732,DR04334,PR00006,SR00663,QC-05,Quay Crane,7.51,1.6,190,Maintenance
CRN09733,DR05638,PR00001,SR08230,QC-08,Quay Crane,7.7,0.76,162,Operational
CRN09734,DR07916,PR00004,SR03144,QC-02,RTG Crane,8.03,0.65,234,Operational
CRN09735,DR07247,PR00002,SR06545,QC-04,Quay Crane,4.7,0.57,168,Operational
CRN09736,DR07768,PR00004,SR08243,QC-03,Quay Crane,5.42,1.4,114,Inspection
CRN09737,DR00152,PR00005,SR02303,QC-08,RTG Crane,5.08,0.14,128,Operational
CRN09738,DR03567,PR00001,SR09979,QC-06,RTG Crane,8.63,0.51,221,Operational
CRN09739,DR05371,PR00003,SR05773,QC-05,RTG Crane,5.46,2.06,122,Maintenance
CRN09740,DR05802,PR00002,SR00937,QC-01,RTG Crane,6.55,0.41,176,Operational
CRN09741,DR07607,PR00003,SR00798,QC-06,Quay Crane,7.17,0.52,175,Operational
CRN09742,DR04402,PR00001,SR03262,QC-03,Quay Crane,5.02,1.44,145,Inspection
CRN09743,DR06269,PR00006,SR02770,QC-06,Quay Crane,6.44,0.88,140,Operational
CRN09744,DR06189,PR00004,SR07167,QC-01,Quay Crane,10.0,0.87,279,Operational
CRN09745,DR09980,PR00002,SR04929,QC-05,Quay Crane,7.28,1.94,209,Maintenance
CRN09746,DR05448,PR00005,SR00168,QC-02,Quay Crane,9.88,0.51,242,Operational
CRN09747,DR09785,PR00001,SR01631,QC-08,RTG Crane,6.46,0.48,128,Operational
CRN09748,DR08170,PR00004,SR05250,QC-01,RTG Crane,8.15,0.68,184,Operational
CRN09749,DR05322,PR00003,SR05763,QC-02,Quay Crane,6.51,0.98,160,Operational
CRN09750,DR08604,PR00001,SR00886,QC-04,Quay Crane,7.57,0.94,165,Operational
CRN09751,DR03094,PR00002,SR06089,QC-04,Quay Crane,8.4,0.52,275,Operational
CRN09752,DR08919,PR00001,SR07703,QC-08,Quay Crane,6.52,0.81,174,Operational
CRN09753,DR04645,PR00005,SR00945,QC-07,Quay Crane,7.99,1.77,185,Maintenance
CRN09754,DR04376,PR00005,SR05722,QC-02,Quay Crane,6.72,1.07,154,Inspection
CRN09755,DR09528,PR00001,SR04205,QC-05,Quay Crane,7.59,2.01,217,Maintenance
CRN09756,DR00579,PR00001,SR02409,QC-07,Quay Crane,8.72,1.11,266,Inspection
CRN09757,DR01588,PR00006,SR05891,QC-05,Quay Crane,9.3,2.08,226,Maintenance
CRN09758,DR06397,PR00002,SR08525,QC-03,RTG Crane,8.77,0.98,242,Operational
CRN09759,DR01896,PR00002,SR04756,QC-04,Quay Crane,7.15,0.74,208,Operational
CRN09760,DR07377,PR00005,SR09898,QC-02,RTG Crane,9.13,0.58,264,Operational
CRN09761,DR01524,PR00001,SR09212,QC-04,Quay Crane,8.57,0.56,255,Operational
CRN09762,DR00278,PR00007,SR01429,QC-05,Quay Crane,6.47,2.04,193,Maintenance
CRN09763,DR09135,PR00001,SR09241,QC-02,Quay Crane,5.63,0.23,174,Operational
CRN09764,DR01418,PR00006,SR08045,QC-03,RTG Crane,4.65,1.01,105,Inspection
CRN09765,DR06619,PR00003,SR03891,QC-03,Quay Crane,9.84,1.19,254,Inspection
CRN09766,DR02286,PR00001,SR09033,QC-08,RTG Crane,4.87,0.05,91,Operational
CRN09767,DR08826,PR00003,SR02996,QC-01,RTG Crane,6.87,0.58,192,Operational
CRN09768,DR07065,PR00007,SR09025,QC-07,Quay Crane,7.78,1.05,211,Inspection
CRN09769,DR05157,PR00003,SR06937,QC-02,Quay Crane,5.4,0.99,127,Operational
CRN09770,DR02247,PR00001,SR07837,QC-03,Quay Crane,9.71,1.41,267,Inspection
CRN09771,DR08320,PR00007,SR07023,QC-06,Quay Crane,10.0,0.88,258,Operational
CRN09772,DR04820,PR00001,SR05654,QC-07,RTG Crane,7.4,0.99,172,Operational
CRN09773,DR06358,PR00001,SR01900,QC-01,Quay Crane,6.9,0.85,222,Operational
CRN09774,DR03182,PR00001,SR06223,QC-01,Quay Crane,6.12,0.69,148,Operational
CRN09775,DR01597,PR00006,SR06280,QC-03,Quay Crane,7.78,1.64,199,Maintenance
CRN09776,DR04680,PR00001,SR05757,QC-04,Quay Crane,4.06,0.65,127,Operational
CRN09777,DR00985,PR00001,SR09765,QC-08,Quay Crane,7.32,0.5,170,Operational
CRN09778,DR09669,PR00007,SR07507,QC-05,Quay Crane,8.3,1.72,221,Maintenance
CRN09779,DR01839,PR00004,SR08209,QC-05,Quay Crane,6.28,2.3,125,Maintenance
CRN09780,DR05989,PR00002,SR03582,QC-07,Quay Crane,7.57,1.67,213,Maintenance
CRN09781,DR02455,PR00004,SR01016,QC-05,Quay Crane,7.94,1.92,268,Maintenance
CRN09782,DR07524,PR00002,SR00579,QC-02,RTG Crane,7.7,0.45,241,Operational
CRN09783,DR05343,PR00003,SR01871,QC-02,Quay Crane,6.59,0.87,214,Operational
CRN09784,DR04389,PR00002,SR08596,QC-04,Quay Crane,8.21,0.79,238,Operational
CRN09785,DR03064,PR00004,SR04344,QC-03,RTG Crane,5.96,1.6,203,Maintenance
CRN09786,DR09083,PR00005,SR06535,QC-02,Quay Crane,5.67,0.53,93,Operational
CRN09787,DR05582,PR00002,SR05110,QC-04,RTG Crane,6.21,0.81,176,Operational
CRN09788,DR08498,PR00001,SR08116,QC-03,Quay Crane,7.59,2.2,220,Maintenance
CRN09789,DR01630,PR00002,SR02321,QC-04,Quay Crane,4.49,0.39,114,Operational
CRN09790,DR09791,PR00005,SR01372,QC-08,Quay Crane,5.44,0.8,164,Operational
CRN09791,DR05101,PR00006,SR06200,QC-04,Quay Crane,5.52,0.88,129,Operational
CRN09792,DR09032,PR00006,SR06939,QC-02,Quay Crane,7.42,0.54,245,Operational
CRN09793,DR02874,PR00007,SR02756,QC-04,RTG Crane,5.97,0.88,159,Operational
CRN09794,DR05451,PR00006,SR01167,QC-06,Quay Crane,5.54,0.95,139,Operational
CRN09795,DR01437,PR00007,SR04687,QC-07,Quay Crane,5.24,1.36,113,Inspection
CRN09796,DR02255,PR00004,SR06526,QC-06,Quay Crane,5.76,0.9,155,Operational
CRN09797,DR00444,PR00002,SR06464,QC-05,Quay Crane,6.34,1.93,204,Maintenance
CRN09798,DR02847,PR00004,SR09356,QC-04,Quay Crane,5.43,0.79,179,Operational
CRN09799,DR05344,PR00001,SR03916,QC-05,Quay Crane,7.46,1.79,166,Maintenance
CRN09800,DR02235,PR00001,SR09998,QC-07,Quay Crane,6.92,1.14,186,Inspection
CRN09801,DR05890,PR00002,SR05206,QC-03,Quay Crane,8.98,1.33,253,Inspection
CRN09802,DR09569,PR00003,SR03230,QC-06,Quay Crane,9.74,0.86,259,Operational
CRN09803,DR08283,PR00005,SR02785,QC-06,Quay Crane,6.94,0.87,192,Operational
CRN09804,DR07304,PR00003,SR06110,QC-06,Quay Crane,7.92,0.6,252,Operational
CRN09805,DR06290,PR00001,SR00987,QC-05,Quay Crane,8.15,1.67,209,Maintenance
CRN09806,DR04640,PR00007,SR08127,QC-01,Quay Crane,7.34,0.15,219,Operational
CRN09807,DR03779,PR00004,SR05293,QC-08,RTG Crane,6.05,0.88,194,Operational
CRN09808,DR04934,PR00002,SR04423,QC-08,Quay Crane,7.73,0.74,232,Operational
CRN09809,DR07242,PR00002,SR07759,QC-08,Quay Crane,5.28,0.74,146,Operational
CRN09810,DR03041,PR00001,SR06915,QC-08,Quay Crane,7.78,0.49,257,Operational
CRN09811,DR05352,PR00007,SR03451,QC-07,Quay Crane,6.97,0.97,165,Operational
CRN09812,DR05828,PR00002,SR01477,QC-02,Quay Crane,7.46,0.7,153,Operational
CRN09813,DR07451,PR00007,SR02105,QC-02,Quay Crane,7.35,0.63,211,Operational
CRN09814,DR08985,PR00002,SR01263,QC-01,Quay Crane,9.26,0.12,316,Operational
CRN09815,DR07786,PR00006,SR01433,QC-01,RTG Crane,6.06,0.54,231,Operational
CRN09816,DR04805,PR00001,SR00890,QC-06,Quay Crane,8.45,0.79,203,Operational
CRN09817,DR07913,PR00003,SR04653,QC-03,Quay Crane,7.33,1.36,176,Inspection
CRN09818,DR05707,PR00003,SR06988,QC-03,Quay Crane,9.37,1.1,201,Inspection
CRN09819,DR00141,PR00002,SR03576,QC-07,Quay Crane,5.25,0.85,143,Operational
CRN09820,DR09557,PR00007,SR02715,QC-02,Quay Crane,7.04,0.81,211,Operational
CRN09821,DR03539,PR00005,SR07998,QC-05,Quay Crane,7.73,1.33,176,Inspection
CRN09822,DR01817,PR00002,SR05564,QC-06,RTG Crane,7.18,1.22,177,Inspection
CRN09823,DR05942,PR00005,SR06601,QC-03,Quay Crane,4.88,1.38,164,Inspection
CRN09824,DR01843,PR00001,SR03710,QC-04,RTG Crane,6.23,0.59,228,Operational
CRN09825,DR07365,PR00007,SR09989,QC-04,Quay Crane,5.94,0.66,186,Operational
CRN09826,DR07557,PR00003,SR01374,QC-05,Quay Crane,9.97,2.19,242,Maintenance
CRN09827,DR01007,PR00001,SR08806,QC-05,RTG Crane,7.35,1.81,242,Maintenance
CRN09828,DR05407,PR00002,SR05666,QC-03,Quay Crane,5.67,1.36,162,Inspection
CRN09829,DR08910,PR00001,SR03114,QC-08,Quay Crane,8.33,0.43,219,Operational
CRN09830,DR01596,PR00007,SR01638,QC-07,Quay Crane,6.57,1.55,151,Inspection
CRN09831,DR09208,PR00002,SR06065,QC-05,Quay Crane,9.14,1.94,169,Maintenance
CRN09832,DR09457,PR00001,SR03351,QC-04,RTG Crane,6.0,1.02,210,Inspection
CRN09833,DR00880,PR00006,SR07640,QC-04,Quay Crane,5.6,0.19,233,Operational
CRN09834,DR05978,PR00002,SR00002,QC-04,Quay Crane,6.39,0.42,175,Operational
CRN09835,DR08314,PR00001,SR06062,QC-06,RTG Crane,7.94,0.96,233,Operational
CRN09836,DR01519,PR00004,SR05684,QC-07,Quay Crane,7.94,1.39,207,Inspection
CRN09837,DR06100,PR00001,SR05273,QC-02,Quay Crane,9.23,1.08,255,Inspection
CRN09838,DR00427,PR00006,SR01426,QC-06,Quay Crane,10.0,0.95,239,Operational
CRN09839,DR07132,PR00004,SR06446,QC-06,Quay Crane,8.13,0.73,235,Operational
CRN09840,DR03393,PR00002,SR07678,QC-04,RTG Crane,6.17,0.49,226,Operational
CRN09841,DR02799,PR00003,SR01672,QC-01,RTG Crane,8.57,0.89,231,Operational
CRN09842,DR01460,PR00002,SR07948,QC-05,Quay Crane,7.3,1.99,175,Maintenance
CRN09843,DR06845,PR00003,SR04456,QC-01,Quay Crane,7.25,0.8,229,Operational
CRN09844,DR09763,PR00004,SR04270,QC-08,Quay Crane,7.06,1.1,167,Inspection
CRN09845,DR09831,PR00005,SR04712,QC-05,Quay Crane,5.68,1.08,140,Inspection
CRN09846,DR01005,PR00003,SR04279,QC-02,Quay Crane,5.99,0.56,152,Operational
CRN09847,DR00320,PR00006,SR00087,QC-06,RTG Crane,5.38,0.64,130,Operational
CRN09848,DR03871,PR00001,SR08446,QC-05,RTG Crane,4.55,1.32,89,Inspection
CRN09849,DR09013,PR00007,SR03028,QC-05,Quay Crane,7.56,1.97,217,Maintenance
CRN09850,DR08395,PR00001,SR04417,QC-05,Quay Crane,9.4,1.56,293,Maintenance
CRN09851,DR06213,PR00006,SR00874,QC-07,RTG Crane,7.81,1.03,234,Inspection
CRN09852,DR02273,PR00003,SR06711,QC-06,Quay Crane,8.21,0.94,283,Operational
CRN09853,DR05309,PR00001,SR07779,QC-04,RTG Crane,10.0,0.7,299,Operational
CRN09854,DR09407,PR00002,SR01119,QC-06,Quay Crane,5.65,1.33,148,Inspection
CRN09855,DR08769,PR00007,SR09669,QC-03,Quay Crane,9.56,1.45,248,Inspection
CRN09856,DR00324,PR00006,SR09238,QC-04,Quay Crane,9.06,0.16,257,Operational
CRN09857,DR05665,PR00005,SR08475,QC-02,Quay Crane,7.2,0.64,225,Operational
CRN09858,DR08398,PR00003,SR07062,QC-02,Quay Crane,5.52,0.61,158,Operational
CRN09859,DR05183,PR00004,SR03363,QC-01,Quay Crane,7.94,1.03,249,Inspection
CRN09860,DR04238,PR00002,SR08065,QC-06,Quay Crane,10.0,1.31,245,Inspection
CRN09861,DR00247,PR00004,SR02184,QC-07,Quay Crane,8.68,1.17,225,Inspection
CRN09862,DR05776,PR00002,SR03354,QC-05,Quay Crane,5.99,1.66,165,Maintenance
CRN09863,DR09611,PR00006,SR05098,QC-04,Quay Crane,8.29,0.81,197,Operational
CRN09864,DR08981,PR00005,SR04863,QC-05,Quay Crane,6.83,1.97,186,Maintenance
CRN09865,DR10000,PR00003,SR09820,QC-07,Quay Crane,8.11,1.17,151,Inspection
CRN09866,DR07555,PR00004,SR09268,QC-06,Quay Crane,5.7,0.32,178,Operational
CRN09867,DR04613,PR00002,SR04886,QC-08,Quay Crane,8.03,0.5,205,Operational
CRN09868,DR03013,PR00001,SR03230,QC-01,Quay Crane,6.48,0.4,171,Operational
CRN09869,DR05381,PR00002,SR00508,QC-01,Quay Crane,4.21,0.37,95,Operational
CRN09870,DR05380,PR00002,SR00642,QC-01,Quay Crane,7.24,0.12,202,Operational
CRN09871,DR04851,PR00002,SR02331,QC-06,Quay Crane,6.04,1.16,132,Inspection
CRN09872,DR09531,PR00005,SR01103,QC-03,Quay Crane,5.5,1.34,115,Inspection
CRN09873,DR03156,PR00005,SR02663,QC-01,Quay Crane,5.0,0.36,147,Operational
CRN09874,DR01647,PR00003,SR00269,QC-07,RTG Crane,6.34,0.85,89,Operational
CRN09875,DR06386,PR00007,SR06405,QC-07,Quay Crane,6.61,1.01,162,Inspection
CRN09876,DR04652,PR00006,SR02632,QC-03,Quay Crane,7.44,1.42,215,Inspection
CRN09877,DR03810,PR00001,SR08434,QC-06,Quay Crane,6.2,1.23,141,Inspection
CRN09878,DR05527,PR00003,SR02364,QC-08,Quay Crane,5.88,0.91,185,Operational
CRN09879,DR01269,PR00007,SR02322,QC-07,Quay Crane,6.44,0.96,130,Operational
CRN09880,DR04772,PR00002,SR05269,QC-07,RTG Crane,7.26,1.83,150,Maintenance
CRN09881,DR04635,PR00003,SR04768,QC-02,Quay Crane,7.01,1.4,129,Inspection
CRN09882,DR09331,PR00007,SR00404,QC-03,Quay Crane,7.31,1.02,146,Inspection
CRN09883,DR02997,PR00005,SR08360,QC-01,Quay Crane,5.61,0.27,124,Operational
CRN09884,DR05977,PR00006,SR01026,QC-04,Quay Crane,5.17,0.66,156,Operational
CRN09885,DR02316,PR00006,SR02170,QC-05,Quay Crane,7.99,2.13,166,Maintenance
CRN09886,DR05180,PR00001,SR09626,QC-07,Quay Crane,7.7,1.54,189,Inspection
CRN09887,DR07301,PR00005,SR02830,QC-01,Quay Crane,4.22,0.66,68,Operational
CRN09888,DR09905,PR00006,SR05480,QC-01,Quay Crane,7.37,0.73,206,Operational
CRN09889,DR04062,PR00002,SR09623,QC-03,RTG Crane,6.83,1.38,150,Inspection
CRN09890,DR05192,PR00001,SR06138,QC-03,Quay Crane,5.24,1.45,167,Inspection
CRN09891,DR04115,PR00001,SR05876,QC-08,Quay Crane,9.73,0.73,272,Operational
CRN09892,DR03178,PR00005,SR06162,QC-07,Quay Crane,4.63,1.04,69,Inspection
CRN09893,DR09624,PR00005,SR08336,QC-03,RTG Crane,8.49,1.91,154,Maintenance
CRN09894,DR01314,PR00006,SR07054,QC-01,Quay Crane,5.7,0.83,148,Operational
CRN09895,DR09933,PR00002,SR04524,QC-03,Quay Crane,5.36,1.56,102,Maintenance
CRN09896,DR09392,PR00004,SR01426,QC-08,Quay Crane,7.24,0.56,203,Operational
CRN09897,DR00442,PR00001,SR01086,QC-04,Quay Crane,5.55,0.55,157,Operational
CRN09898,DR01310,PR00007,SR03720,QC-01,Quay Crane,8.96,0.14,264,Operational
CRN09899,DR05742,PR00004,SR09550,QC-03,Quay Crane,8.81,1.28,259,Inspection
CRN09900,DR01895,PR00005,SR08585,QC-04,RTG Crane,6.58,0.76,163,Operational
CRN09901,DR00199,PR00002,SR04516,QC-08,Quay Crane,7.51,0.31,238,Operational
CRN09902,DR06777,PR00001,SR03608,QC-05,Quay Crane,8.18,1.75,169,Maintenance
CRN09903,DR09415,PR00001,SR06729,QC-08,Quay Crane,5.41,0.53,168,Operational
CRN09904,DR04827,PR00006,SR03039,QC-01,Quay Crane,9.24,0.74,242,Operational
CRN09905,DR06261,PR00001,SR09251,QC-04,Quay Crane,6.16,0.87,202,Operational
CRN09906,DR06803,PR00006,SR03331,QC-08,RTG Crane,6.96,0.42,241,Operational
CRN09907,DR07439,PR00002,SR06922,QC-05,RTG Crane,6.82,1.76,208,Maintenance
CRN09908,DR04350,PR00004,SR09223,QC-02,Quay Crane,6.2,0.7,201,Operational
CRN09909,DR07018,PR00002,SR04187,QC-04,Quay Crane,6.26,0.44,171,Operational
CRN09910,DR07928,PR00001,SR05554,QC-02,Quay Crane,7.7,0.69,124,Operational
CRN09911,DR06460,PR00004,SR00095,QC-04,Quay Crane,7.91,0.76,251,Operational
CRN09912,DR03840,PR00003,SR05301,QC-04,Quay Crane,5.41,0.31,152,Operational
CRN09913,DR04620,PR00003,SR03652,QC-08,RTG Crane,6.95,0.74,214,Operational
CRN09914,DR03417,PR00004,SR06516,QC-05,Quay Crane,5.61,1.61,133,Maintenance
CRN09915,DR00610,PR00002,SR06066,QC-04,Quay Crane,5.61,0.35,172,Operational
CRN09916,DR07875,PR00004,SR09390,QC-03,Quay Crane,9.64,1.18,295,Inspection
CRN09917,DR04063,PR00004,SR04472,QC-03,Quay Crane,6.74,1.31,155,Inspection
CRN09918,DR02447,PR00001,SR00284,QC-08,Quay Crane,5.29,0.73,158,Operational
CRN09919,DR05156,PR00002,SR06700,QC-04,Quay Crane,7.73,0.54,211,Operational
CRN09920,DR02932,PR00001,SR05500,QC-08,Quay Crane,6.45,0.73,185,Operational
CRN09921,DR05194,PR00001,SR01659,QC-04,Quay Crane,7.23,0.74,204,Operational
CRN09922,DR00191,PR00001,SR07829,QC-06,Quay Crane,5.6,1.24,182,Inspection
CRN09923,DR01504,PR00004,SR01734,QC-08,Quay Crane,7.1,0.56,174,Operational
CRN09924,DR03673,PR00001,SR09812,QC-08,RTG Crane,8.4,0.48,235,Operational
CRN09925,DR03687,PR00006,SR02308,QC-06,Quay Crane,8.44,1.61,223,Maintenance
CRN09926,DR06765,PR00005,SR05581,QC-05,Quay Crane,9.0,2.1,240,Maintenance
CRN09927,DR07091,PR00001,SR06901,QC-01,RTG Crane,6.61,0.36,144,Operational
CRN09928,DR03601,PR00004,SR08230,QC-08,Quay Crane,6.18,0.87,176,Operational
CRN09929,DR03999,PR00001,SR02104,QC-02,Quay Crane,7.13,1.33,223,Inspection
CRN09930,DR03774,PR00001,SR06275,QC-03,Quay Crane,6.98,1.39,169,Inspection
CRN09931,DR03156,PR00007,SR09844,QC-06,RTG Crane,6.69,0.99,136,Operational
CRN09932,DR01995,PR00003,SR02476,QC-04,Quay Crane,5.59,0.52,172,Operational
CRN09933,DR05597,PR00001,SR02503,QC-01,Quay Crane,10.0,0.83,251,Operational
CRN09934,DR05756,PR00006,SR01573,QC-01,RTG Crane,7.52,0.67,161,Operational
CRN09935,DR00945,PR00007,SR04365,QC-06,RTG Crane,4.57,0.56,123,Operational
CRN09936,DR03481,PR00004,SR00537,QC-05,Quay Crane,7.14,1.81,143,Maintenance
CRN09937,DR01243,PR00005,SR05621,QC-05,Quay Crane,8.5,1.83,178,Maintenance
CRN09938,DR02244,PR00006,SR05936,QC-01,Quay Crane,10.0,0.48,300,Operational
CRN09939,DR02292,PR00005,SR07582,QC-02,Quay Crane,7.4,0.76,200,Operational
CRN09940,DR01838,PR00003,SR05318,QC-03,Quay Crane,8.38,0.92,186,Operational
CRN09941,DR07746,PR00006,SR05539,QC-01,Quay Crane,7.8,1.08,191,Inspection
CRN09942,DR06486,PR00003,SR06120,QC-05,Quay Crane,6.29,1.79,233,Maintenance
CRN09943,DR09063,PR00002,SR04953,QC-01,Quay Crane,7.73,0.93,203,Operational
CRN09944,DR03722,PR00001,SR06773,QC-06,Quay Crane,6.87,0.83,179,Operational
CRN09945,DR03111,PR00002,SR04294,QC-02,Quay Crane,6.03,0.46,130,Operational
CRN09946,DR02032,PR00001,SR03568,QC-05,Quay Crane,7.47,1.87,191,Maintenance
CRN09947,DR03850,PR00001,SR00545,QC-03,Quay Crane,7.52,1.59,157,Maintenance
CRN09948,DR02550,PR00003,SR00686,QC-02,Quay Crane,8.29,0.65,179,Operational
CRN09949,DR01678,PR00007,SR01009,QC-07,RTG Crane,8.56,1.49,231,Inspection
CRN09950,DR08226,PR00001,SR01862,QC-04,Quay Crane,4.48,0.57,78,Operational
CRN09951,DR00011,PR00002,SR08066,QC-06,Quay Crane,5.81,0.65,163,Operational
CRN09952,DR03452,PR00006,SR01300,QC-03,Quay Crane,9.31,1.43,300,Inspection
CRN09953,DR03836,PR00003,SR03329,QC-01,Quay Crane,6.23,0.9,183,Operational
CRN09954,DR02835,PR00005,SR00137,QC-08,Quay Crane,5.56,1.14,98,Inspection
CRN09955,DR04367,PR00004,SR04432,QC-05,Quay Crane,4.46,1.5,85,Inspection
CRN09956,DR04030,PR00004,SR09633,QC-01,RTG Crane,8.96,0.38,212,Operational
CRN09957,DR01904,PR00001,SR06007,QC-08,Quay Crane,6.82,0.48,183,Operational
CRN09958,DR07524,PR00002,SR04956,QC-07,Quay Crane,5.4,1.08,153,Inspection
CRN09959,DR04270,PR00004,SR00020,QC-06,Quay Crane,5.94,0.99,112,Operational
CRN09960,DR09928,PR00001,SR03405,QC-06,Quay Crane,5.8,1.51,148,Inspection
CRN09961,DR03395,PR00001,SR08576,QC-04,Quay Crane,10.0,1.27,302,Inspection
CRN09962,DR06238,PR00003,SR04667,QC-08,Quay Crane,8.19,1.29,218,Inspection
CRN09963,DR07821,PR00005,SR05428,QC-04,Quay Crane,7.88,0.96,194,Operational
CRN09964,DR05181,PR00003,SR01537,QC-06,RTG Crane,7.94,0.93,245,Operational
CRN09965,DR03411,PR00005,SR04146,QC-07,Quay Crane,9.22,0.9,287,Operational
CRN09966,DR01766,PR00005,SR09367,QC-05,Quay Crane,10.0,1.35,269,Inspection
CRN09967,DR09170,PR00001,SR00385,QC-04,Quay Crane,7.45,0.95,190,Operational
CRN09968,DR00574,PR00007,SR07357,QC-01,Quay Crane,6.72,0.57,190,Operational
CRN09969,DR08961,PR00006,SR07868,QC-06,Quay Crane,9.98,1.42,310,Inspection
CRN09970,DR08490,PR00002,SR01662,QC-03,Quay Crane,6.29,1.29,137,Inspection
CRN09971,DR09056,PR00003,SR01381,QC-08,Quay Crane,8.78,0.97,248,Operational
CRN09972,DR08112,PR00002,SR05616,QC-08,Quay Crane,5.56,0.91,190,Operational
CRN09973,DR08139,PR00007,SR08391,QC-03,Quay Crane,7.65,0.71,239,Operational
CRN09974,DR02078,PR00003,SR01968,QC-05,Quay Crane,7.15,1.92,117,Maintenance
CRN09975,DR01900,PR00003,SR04557,QC-02,Quay Crane,6.82,0.79,186,Operational
CRN09976,DR02559,PR00007,SR09839,QC-06,Quay Crane,7.54,0.61,227,Operational
CRN09977,DR09686,PR00004,SR01660,QC-08,RTG Crane,6.52,1.14,195,Inspection
CRN09978,DR07809,PR00001,SR02157,QC-01,Quay Crane,4.37,0.69,160,Operational
CRN09979,DR03309,PR00004,SR00879,QC-03,Quay Crane,8.45,1.86,183,Maintenance
CRN09980,DR07884,PR00006,SR08285,QC-05,Quay Crane,6.71,1.92,157,Maintenance
CRN09981,DR00477,PR00002,SR03602,QC-01,Quay Crane,7.02,0.63,204,Operational
CRN09982,DR07164,PR00003,SR04304,QC-05,Quay Crane,9.63,1.94,259,Maintenance
CRN09983,DR00719,PR00004,SR05117,QC-07,Quay Crane,6.84,1.25,236,Inspection
CRN09984,DR00022,PR00003,SR01566,QC-04,Quay Crane,7.74,0.97,173,Operational
CRN09985,DR01120,PR00007,SR09474,QC-02,RTG Crane,5.95,0.88,191,Operational
CRN09986,DR05810,PR00003,SR05067,QC-03,RTG Crane,10.0,0.97,283,Operational
CRN09987,DR06226,PR00004,SR01830,QC-02,Quay Crane,6.22,1.31,152,Inspection
CRN09988,DR07718,PR00006,SR05711,QC-08,Quay Crane,5.55,0.4,159,Operational
CRN09989,DR09230,PR00001,SR02680,QC-05,Quay Crane,3.2,1.77,83,Maintenance
CRN09990,DR06491,PR00001,SR00667,QC-06,Quay Crane,8.14,0.93,162,Operational
CRN09991,DR07667,PR00007,SR02527,QC-05,Quay Crane,7.9,1.43,209,Inspection
CRN09992,DR01886,PR00005,SR01678,QC-08,Quay Crane,6.84,0.57,203,Operational
CRN09993,DR03298,PR00003,SR02057,QC-08,Quay Crane,6.83,0.46,217,Operational
CRN09994,DR06165,PR00001,SR07615,QC-04,Quay Crane,6.57,0.81,181,Operational
CRN09995,DR04805,PR00001,SR00208,QC-01,Quay Crane,9.71,0.82,279,Operational
CRN09996,DR04385,PR00001,SR03785,QC-06,Quay Crane,6.13,0.57,179,Operational
CRN09997,DR02094,PR00003,SR08513,QC-06,Quay Crane,6.84,0.79,193,Operational
CRN09998,DR02179,PR00004,SR09594,QC-04,Quay Crane,4.24,0.62,115,Operational
CRN09999,DR00890,PR00001,SR03901,QC-02,Quay Crane,7.98,1.34,218,Inspection
CRN10000,DR03346,PR00004,SR00640,QC-07,RTG Crane,7.12,1.1,213,Inspection
