Yard_Record_ID,Date_Record_ID,Port_Record_ID,Yard_ID,Capacity_TEUs,Occupied_TEUs,Available_TEUs,Utilization_Percentage,Inbound_Containers,Outbound_Containers,Long_Stay_Containers
YRD00001,DR05294,PR00002,Yard C,13000,11089,1911,85.3,346,318,83
YRD00002,DR03101,PR00001,Yard C,13000,10998,2002,84.6,313,334,43
YRD00003,DR02592,PR00002,Yard C,13000,10660,2340,82.0,182,243,22
YRD00004,DR09274,PR00006,Yard D,11000,7172,3828,65.2,262,214,37
YRD00005,DR03092,PR00003,Yard A,14000,13034,966,93.1,134,226,71
YRD00006,DR00098,PR00001,Yard D,11000,7348,3652,66.8,294,230,71
YRD00007,DR00200,PR00002,Yard C,13000,11154,1846,85.8,164,166,75
YRD00008,DR05781,PR00007,Yard A,14000,13426,574,95.9,228,252,92
YRD00009,DR08401,PR00003,Yard D,11000,6941,4059,63.1,325,216,50
YRD00010,DR03111,PR00003,Yard A,14000,13790,210,98.5,243,283,64
YRD00011,DR07109,PR00001,Yard D,11000,7238,3762,65.8,216,141,66
YRD00012,DR06558,PR00002,Yard C,13000,11609,1391,89.3,266,203,37
YRD00013,DR04957,PR00006,Yard D,11000,7249,3751,65.9,309,245,51
YRD00014,DR00887,PR00006,Yard A,14000,13538,462,96.7,247,216,75
YRD00015,DR08834,PR00003,Yard A,14000,13790,210,98.5,253,252,88
YRD00016,DR03196,PR00006,Yard D,11000,7029,3971,63.9,205,229,47
YRD00017,DR09872,PR00003,Yard A,14000,13790,210,98.5,256,284,115
YRD00018,DR08234,PR00006,Yard C,13000,10751,2249,82.7,229,225,62
YRD00019,DR03318,PR00001,Yard C,13000,11713,1287,90.1,187,225,84
YRD00020,DR08970,PR00002,Yard C,13000,10998,2002,84.6,230,212,100
YRD00021,DR02979,PR00006,Yard E,12500,12188,312,97.5,282,246,92
YRD00022,DR01768,PR00007,Yard C,13000,11180,1820,86.0,289,231,79
YRD00023,DR08374,PR00005,Yard A,14000,13790,210,98.5,291,249,92
YRD00024,DR00499,PR00004,Yard B,12000,8832,3168,73.6,237,230,33
YRD00025,DR06968,PR00006,Yard B,12000,9540,2460,79.5,299,306,98
YRD00026,DR09718,PR00005,Yard A,14000,12586,1414,89.9,193,221,93
YRD00027,DR05346,PR00002,Yard E,12500,11338,1162,90.7,310,280,75
YRD00028,DR02628,PR00003,Yard D,11000,6974,4026,63.4,180,199,38
YRD00029,DR04737,PR00004,Yard D,11000,7282,3718,66.2,149,335,68
YRD00030,DR04351,PR00004,Yard C,13000,11622,1378,89.4,290,219,68
YRD00031,DR01131,PR00006,Yard E,12500,11475,1025,91.8,190,263,115
YRD00032,DR04595,PR00003,Yard E,12500,12025,475,96.2,335,268,102
YRD00033,DR03069,PR00001,Yard A,14000,13790,210,98.5,229,209,91
YRD00034,DR09173,PR00002,Yard C,13000,11154,1846,85.8,207,199,58
YRD00035,DR04930,PR00006,Yard A,14000,13790,210,98.5,274,253,114
YRD00036,DR07571,PR00001,Yard C,13000,11050,1950,85.0,309,225,78
YRD00037,DR06637,PR00006,Yard D,11000,6930,4070,63.0,136,128,82
YRD00038,DR03048,PR00001,Yard C,13000,11895,1105,91.5,257,274,48
YRD00039,DR06557,PR00003,Yard E,12500,12000,500,96.0,201,220,105
YRD00040,DR00826,PR00006,Yard D,11000,7733,3267,70.3,268,240,49
YRD00041,DR01989,PR00003,Yard B,12000,9072,2928,75.6,243,183,81
YRD00042,DR09244,PR00006,Yard D,11000,7744,3256,70.4,275,277,63
YRD00043,DR07945,PR00001,Yard D,11000,7227,3773,65.7,228,241,34
YRD00044,DR08324,PR00003,Yard A,14000,13216,784,94.4,310,261,82
YRD00045,DR01376,PR00004,Yard C,13000,11362,1638,87.4,163,176,72
YRD00046,DR02535,PR00006,Yard D,11000,7502,3498,68.2,307,201,52
YRD00047,DR02746,PR00001,Yard C,13000,11206,1794,86.2,333,298,77
YRD00048,DR02900,PR00002,Yard B,12000,8784,3216,73.2,268,227,81
YRD00049,DR05927,PR00004,Yard B,12000,9180,2820,76.5,331,191,69
YRD00050,DR07037,PR00007,Yard E,12500,11862,638,94.9,312,229,107
YRD00051,DR08478,PR00006,Yard C,13000,11700,1300,90.0,181,222,91
YRD00052,DR05905,PR00006,Yard D,11000,7084,3916,64.4,223,251,55
YRD00053,DR01344,PR00003,Yard A,14000,13790,210,98.5,248,332,99
YRD00054,DR06195,PR00004,Yard B,12000,9276,2724,77.3,260,214,37
YRD00055,DR02773,PR00006,Yard A,14000,13790,210,98.5,192,275,82
YRD00056,DR08563,PR00006,Yard A,14000,13062,938,93.3,321,286,78
YRD00057,DR07017,PR00006,Yard B,12000,8604,3396,71.7,228,221,34
YRD00058,DR09997,PR00006,Yard C,13000,10712,2288,82.4,286,257,70
YRD00059,DR01437,PR00006,Yard D,11000,7799,3201,70.9,204,263,71
YRD00060,DR05705,PR00001,Yard C,13000,10452,2548,80.4,169,194,56
YRD00061,DR09084,PR00002,Yard A,14000,13790,210,98.5,219,155,82
YRD00062,DR07756,PR00007,Yard C,13000,10842,2158,83.4,250,310,92
YRD00063,DR01467,PR00004,Yard B,12000,8352,3648,69.6,187,125,57
YRD00064,DR06135,PR00001,Yard B,12000,9384,2616,78.2,326,314,59
YRD00065,DR00021,PR00003,Yard A,14000,12362,1638,88.3,269,249,68
YRD00066,DR04558,PR00004,Yard C,13000,11531,1469,88.7,195,289,77
YRD00067,DR08771,PR00006,Yard C,13000,10257,2743,78.9,181,206,79
YRD00068,DR03181,PR00006,Yard D,11000,6941,4059,63.1,246,232,42
YRD00069,DR03088,PR00001,Yard E,12500,12025,475,96.2,299,261,95
YRD00070,DR05072,PR00003,Yard B,12000,8568,3432,71.4,203,206,57
YRD00071,DR01420,PR00001,Yard D,11000,7557,3443,68.7,250,237,68
YRD00072,DR09936,PR00006,Yard C,13000,11063,1937,85.1,247,170,87
YRD00073,DR04762,PR00001,Yard E,12500,11938,562,95.5,189,154,78
YRD00074,DR03647,PR00004,Yard C,13000,12142,858,93.4,328,254,119
YRD00075,DR05408,PR00004,Yard C,13000,10777,2223,82.9,264,298,91
YRD00076,DR00249,PR00004,Yard E,12500,11888,612,95.1,299,350,104
YRD00077,DR06531,PR00004,Yard E,12500,11450,1050,91.6,270,274,85
YRD00078,DR09285,PR00005,Yard B,12000,8880,3120,74.0,235,288,68
YRD00079,DR02940,PR00004,Yard D,11000,7667,3333,69.7,270,207,64
YRD00080,DR05355,PR00001,Yard A,14000,13790,210,98.5,296,271,70
YRD00081,DR00889,PR00003,Yard A,14000,13608,392,97.2,222,240,64
YRD00082,DR03153,PR00004,Yard A,14000,13412,588,95.8,332,250,79
YRD00083,DR07557,PR00002,Yard B,12000,9384,2616,78.2,307,267,56
YRD00084,DR01441,PR00005,Yard E,12500,11300,1200,90.4,161,245,60
YRD00085,DR07077,PR00002,Yard D,11000,6743,4257,61.3,257,248,62
YRD00086,DR01691,PR00006,Yard A,14000,13104,896,93.6,300,222,68
YRD00087,DR02589,PR00001,Yard B,12000,8568,3432,71.4,238,350,73
YRD00088,DR01381,PR00005,Yard E,12500,11450,1050,91.6,312,221,113
YRD00089,DR07405,PR00001,Yard B,12000,8976,3024,74.8,169,230,35
YRD00090,DR07927,PR00003,Yard D,11000,7282,3718,66.2,248,181,86
YRD00091,DR00849,PR00002,Yard A,14000,13790,210,98.5,239,258,105
YRD00092,DR09138,PR00004,Yard B,12000,9288,2712,77.4,277,252,101
YRD00093,DR09895,PR00002,Yard A,14000,13790,210,98.5,258,192,133
YRD00094,DR06067,PR00006,Yard B,12000,9624,2376,80.2,274,251,70
YRD00095,DR02323,PR00004,Yard B,12000,9084,2916,75.7,300,292,36
YRD00096,DR03666,PR00007,Yard D,11000,7623,3377,69.3,272,252,73
YRD00097,DR06264,PR00005,Yard E,12500,11600,900,92.8,219,274,65
YRD00098,DR03720,PR00004,Yard C,13000,10270,2730,79.0,194,286,49
YRD00099,DR03565,PR00006,Yard A,14000,13048,952,93.2,166,265,101
YRD00100,DR06493,PR00002,Yard A,14000,13034,966,93.1,200,236,110
YRD00101,DR00568,PR00004,Yard A,14000,12600,1400,90.0,197,163,58
YRD00102,DR02118,PR00003,Yard E,12500,11650,850,93.2,262,202,110
YRD00103,DR08110,PR00005,Yard E,12500,11588,912,92.7,186,248,79
YRD00104,DR09257,PR00001,Yard C,13000,10738,2262,82.6,221,268,68
YRD00105,DR00134,PR00003,Yard B,12000,9684,2316,80.7,309,195,51
YRD00106,DR03957,PR00004,Yard A,14000,13790,210,98.5,360,178,108
YRD00107,DR00078,PR00003,Yard E,12500,11888,612,95.1,255,291,107
YRD00108,DR08279,PR00002,Yard E,12500,12238,262,97.9,302,241,67
YRD00109,DR02945,PR00003,Yard E,12500,11738,762,93.9,232,192,71
YRD00110,DR07954,PR00006,Yard A,14000,13790,210,98.5,216,236,55
YRD00111,DR09539,PR00002,Yard A,14000,13790,210,98.5,243,267,109
YRD00112,DR03449,PR00003,Yard A,14000,12684,1316,90.6,297,282,102
YRD00113,DR07301,PR00007,Yard C,13000,10634,2366,81.8,202,183,68
YRD00114,DR08492,PR00007,Yard C,13000,11466,1534,88.2,260,201,60
YRD00115,DR03119,PR00001,Yard B,12000,9216,2784,76.8,160,177,49
YRD00116,DR08746,PR00003,Yard B,12000,8472,3528,70.6,242,252,76
YRD00117,DR07408,PR00001,Yard C,13000,10335,2665,79.5,281,289,52
YRD00118,DR06643,PR00007,Yard A,14000,12656,1344,90.4,216,258,99
YRD00119,DR05458,PR00003,Yard B,12000,9924,2076,82.7,274,322,54
YRD00120,DR05089,PR00003,Yard E,12500,11850,650,94.8,225,211,111
YRD00121,DR08625,PR00002,Yard B,12000,9132,2868,76.1,275,295,41
YRD00122,DR07808,PR00004,Yard E,12500,11662,838,93.3,210,188,80
YRD00123,DR00565,PR00001,Yard A,14000,13678,322,97.7,351,285,110
YRD00124,DR04604,PR00006,Yard E,12500,11475,1025,91.8,224,290,84
YRD00125,DR06050,PR00003,Yard D,11000,8074,2926,73.4,250,300,44
YRD00126,DR04853,PR00004,Yard C,13000,10738,2262,82.6,196,269,66
YRD00127,DR09741,PR00006,Yard B,12000,9516,2484,79.3,219,199,106
YRD00128,DR08104,PR00001,Yard A,14000,13790,210,98.5,318,325,96
YRD00129,DR02224,PR00001,Yard E,12500,11125,1375,89.0,248,304,82
YRD00130,DR07698,PR00003,Yard A,14000,12852,1148,91.8,168,182,76
YRD00131,DR01688,PR00006,Yard C,13000,11414,1586,87.8,184,228,77
YRD00132,DR08676,PR00001,Yard B,12000,9456,2544,78.8,257,308,72
YRD00133,DR02301,PR00006,Yard B,12000,8712,3288,72.6,206,323,64
YRD00134,DR03610,PR00003,Yard D,11000,7249,3751,65.9,292,215,52
YRD00135,DR00506,PR00004,Yard C,13000,11245,1755,86.5,252,217,90
YRD00136,DR00295,PR00004,Yard A,14000,13790,210,98.5,333,266,125
YRD00137,DR08622,PR00001,Yard B,12000,9312,2688,77.6,213,169,92
YRD00138,DR00140,PR00002,Yard B,12000,8820,3180,73.5,114,146,47
YRD00139,DR02774,PR00005,Yard D,11000,7326,3674,66.6,260,218,83
YRD00140,DR08906,PR00003,Yard E,12500,11600,900,92.8,198,313,74
YRD00141,DR01488,PR00004,Yard B,12000,9504,2496,79.2,249,244,50
YRD00142,DR08633,PR00007,Yard B,12000,8868,3132,73.9,283,224,64
YRD00143,DR05482,PR00001,Yard B,12000,9528,2472,79.4,258,298,75
YRD00144,DR02662,PR00003,Yard D,11000,7271,3729,66.1,217,230,65
YRD00145,DR05557,PR00003,Yard C,13000,11089,1911,85.3,231,237,70
YRD00146,DR07020,PR00001,Yard C,13000,11960,1040,92.0,274,267,76
YRD00147,DR03426,PR00007,Yard B,12000,8904,3096,74.2,293,208,55
YRD00148,DR04815,PR00007,Yard D,11000,7469,3531,67.9,219,183,50
YRD00149,DR09681,PR00002,Yard E,12500,12138,362,97.1,220,161,91
YRD00150,DR00103,PR00007,Yard B,12000,9360,2640,78.0,266,315,79
YRD00151,DR03586,PR00001,Yard A,14000,13006,994,92.9,282,272,89
YRD00152,DR05325,PR00007,Yard C,13000,11128,1872,85.6,247,213,72
YRD00153,DR09074,PR00006,Yard C,13000,12038,962,92.6,247,249,99
YRD00154,DR04004,PR00002,Yard C,13000,11375,1625,87.5,254,256,67
YRD00155,DR04902,PR00004,Yard E,12500,11562,938,92.5,117,314,109
YRD00156,DR00214,PR00006,Yard D,11000,7249,3751,65.9,150,206,46
YRD00157,DR03178,PR00002,Yard C,13000,10985,2015,84.5,216,145,74
YRD00158,DR08368,PR00002,Yard C,13000,10842,2158,83.4,205,245,71
YRD00159,DR02158,PR00004,Yard C,13000,11440,1560,88.0,197,223,83
YRD00160,DR06385,PR00001,Yard C,13000,10972,2028,84.4,192,314,48
YRD00161,DR03174,PR00001,Yard B,12000,9012,2988,75.1,257,187,73
YRD00162,DR02508,PR00002,Yard E,12500,12000,500,96.0,203,195,82
YRD00163,DR05869,PR00005,Yard D,11000,7678,3322,69.8,224,301,74
YRD00164,DR09853,PR00003,Yard A,14000,13790,210,98.5,238,237,93
YRD00165,DR04842,PR00003,Yard E,12500,11850,650,94.8,306,261,95
YRD00166,DR07722,PR00001,Yard B,12000,9240,2760,77.0,299,266,68
YRD00167,DR01749,PR00001,Yard C,13000,10998,2002,84.6,294,242,61
YRD00168,DR09461,PR00004,Yard B,12000,8916,3084,74.3,185,292,61
YRD00169,DR07000,PR00001,Yard D,11000,7480,3520,68.0,232,291,34
YRD00170,DR05309,PR00004,Yard A,14000,13538,462,96.7,299,168,97
YRD00171,DR01841,PR00003,Yard E,12500,11575,925,92.6,251,193,52
YRD00172,DR09705,PR00005,Yard A,14000,13608,392,97.2,255,285,84
YRD00173,DR04039,PR00003,Yard A,14000,13720,280,98.0,294,247,116
YRD00174,DR05029,PR00006,Yard B,12000,9432,2568,78.6,307,244,56
YRD00175,DR03287,PR00001,Yard C,13000,10959,2041,84.3,198,231,46
YRD00176,DR06041,PR00006,Yard C,13000,11323,1677,87.1,246,199,61
YRD00177,DR00190,PR00002,Yard B,12000,9432,2568,78.6,310,266,94
YRD00178,DR00004,PR00001,Yard E,12500,11088,1412,88.7,237,233,106
YRD00179,DR01907,PR00004,Yard C,13000,11297,1703,86.9,244,221,73
YRD00180,DR06064,PR00002,Yard B,12000,8904,3096,74.2,227,191,93
YRD00181,DR03697,PR00003,Yard A,14000,13384,616,95.6,298,252,125
YRD00182,DR02055,PR00006,Yard E,12500,12088,412,96.7,265,200,108
YRD00183,DR01672,PR00006,Yard D,11000,7975,3025,72.5,317,222,64
YRD00184,DR03049,PR00004,Yard A,14000,13538,462,96.7,340,237,103
YRD00185,DR00828,PR00007,Yard E,12500,10825,1675,86.6,221,169,99
YRD00186,DR03852,PR00003,Yard B,12000,8712,3288,72.6,274,215,22
YRD00187,DR05693,PR00001,Yard A,14000,13790,210,98.5,226,280,81
YRD00188,DR02438,PR00006,Yard D,11000,7425,3575,67.5,266,230,68
YRD00189,DR07656,PR00002,Yard D,11000,8151,2849,74.1,293,287,48
YRD00190,DR03047,PR00001,Yard E,12500,11538,962,92.3,185,262,79
YRD00191,DR07861,PR00001,Yard E,12500,10838,1662,86.7,300,327,57
YRD00192,DR05222,PR00002,Yard E,12500,11850,650,94.8,217,187,76
YRD00193,DR05197,PR00002,Yard C,13000,11375,1625,87.5,206,250,96
YRD00194,DR04851,PR00002,Yard A,14000,12754,1246,91.1,228,232,95
YRD00195,DR03543,PR00004,Yard C,13000,11115,1885,85.5,206,186,69
YRD00196,DR07082,PR00005,Yard A,14000,13790,210,98.5,298,210,73
YRD00197,DR00948,PR00007,Yard D,11000,7513,3487,68.3,267,248,62
YRD00198,DR05060,PR00001,Yard D,11000,7183,3817,65.3,218,199,52
YRD00199,DR00471,PR00001,Yard E,12500,11888,612,95.1,268,296,95
YRD00200,DR09117,PR00004,Yard E,12500,11288,1212,90.3,181,207,73
YRD00201,DR04878,PR00001,Yard A,14000,13538,462,96.7,277,325,90
YRD00202,DR09082,PR00003,Yard B,12000,8472,3528,70.6,296,237,60
YRD00203,DR08526,PR00004,Yard E,12500,11262,1238,90.1,178,261,98
YRD00204,DR09003,PR00006,Yard D,11000,7634,3366,69.4,270,239,68
YRD00205,DR07080,PR00002,Yard B,12000,8856,3144,73.8,192,174,71
YRD00206,DR09820,PR00004,Yard B,12000,9696,2304,80.8,281,280,99
YRD00207,DR04576,PR00004,Yard E,12500,11862,638,94.9,176,241,76
YRD00208,DR06435,PR00006,Yard E,12500,12312,188,98.5,256,281,87
YRD00209,DR00474,PR00002,Yard A,14000,13202,798,94.3,292,222,73
YRD00210,DR03640,PR00005,Yard B,12000,8172,3828,68.1,257,165,57
YRD00211,DR01248,PR00005,Yard E,12500,12125,375,97.0,256,264,94
YRD00212,DR01055,PR00002,Yard A,14000,13216,784,94.4,219,255,104
YRD00213,DR06432,PR00004,Yard A,14000,13538,462,96.7,247,175,82
YRD00214,DR00735,PR00005,Yard D,11000,7524,3476,68.4,194,283,36
YRD00215,DR07130,PR00002,Yard E,12500,11475,1025,91.8,183,165,89
YRD00216,DR07668,PR00003,Yard D,11000,8063,2937,73.3,263,207,64
YRD00217,DR08641,PR00003,Yard C,13000,11024,1976,84.8,144,259,80
YRD00218,DR06131,PR00005,Yard B,12000,9648,2352,80.4,266,243,55
YRD00219,DR04976,PR00001,Yard E,12500,12000,500,96.0,190,297,83
YRD00220,DR09382,PR00003,Yard B,12000,9480,2520,79.0,228,221,75
YRD00221,DR08722,PR00001,Yard A,14000,13790,210,98.5,257,330,99
YRD00222,DR08324,PR00004,Yard A,14000,13202,798,94.3,265,175,70
YRD00223,DR05446,PR00005,Yard A,14000,13790,210,98.5,290,277,103
YRD00224,DR04933,PR00003,Yard E,12500,10838,1662,86.7,284,182,56
YRD00225,DR00953,PR00004,Yard B,12000,9888,2112,82.4,236,277,46
YRD00226,DR04863,PR00002,Yard C,13000,10790,2210,83.0,220,259,67
YRD00227,DR08515,PR00002,Yard E,12500,11450,1050,91.6,204,234,84
YRD00228,DR05805,PR00005,Yard B,12000,8376,3624,69.8,213,266,53
YRD00229,DR00788,PR00001,Yard A,14000,13314,686,95.1,226,245,58
YRD00230,DR06104,PR00005,Yard B,12000,9240,2760,77.0,138,218,49
YRD00231,DR04891,PR00004,Yard A,14000,13790,210,98.5,223,264,81
YRD00232,DR01010,PR00006,Yard C,13000,11869,1131,91.3,239,182,87
YRD00233,DR06105,PR00002,Yard A,14000,13146,854,93.9,218,236,85
YRD00234,DR09581,PR00003,Yard D,11000,7293,3707,66.3,232,246,31
YRD00235,DR04624,PR00001,Yard E,12500,11912,588,95.3,271,275,98
YRD00236,DR00086,PR00007,Yard B,12000,8844,3156,73.7,165,189,59
YRD00237,DR01439,PR00005,Yard A,14000,13524,476,96.6,360,259,89
YRD00238,DR00690,PR00004,Yard B,12000,9516,2484,79.3,222,196,90
YRD00239,DR05406,PR00005,Yard B,12000,9228,2772,76.9,265,233,51
YRD00240,DR07290,PR00002,Yard B,12000,8664,3336,72.2,245,257,46
YRD00241,DR04382,PR00004,Yard E,12500,11538,962,92.3,249,190,94
YRD00242,DR07201,PR00006,Yard B,12000,9156,2844,76.3,293,205,55
YRD00243,DR09422,PR00001,Yard D,11000,7216,3784,65.6,236,127,73
YRD00244,DR01951,PR00007,Yard A,14000,13216,784,94.4,237,144,84
YRD00245,DR07651,PR00006,Yard C,13000,11180,1820,86.0,269,297,99
YRD00246,DR00649,PR00007,Yard A,14000,13790,210,98.5,254,220,53
YRD00247,DR06145,PR00006,Yard A,14000,13790,210,98.5,196,180,93
YRD00248,DR00874,PR00002,Yard D,11000,7117,3883,64.7,153,141,45
YRD00249,DR09965,PR00004,Yard B,12000,9192,2808,76.6,282,232,83
YRD00250,DR05928,PR00001,Yard A,14000,13454,546,96.1,268,210,91
YRD00251,DR01293,PR00005,Yard B,12000,8844,3156,73.7,213,212,61
YRD00252,DR01782,PR00001,Yard C,13000,11128,1872,85.6,111,288,59
YRD00253,DR00305,PR00006,Yard C,13000,11570,1430,89.0,182,270,94
YRD00254,DR01458,PR00002,Yard A,14000,13524,476,96.6,219,271,72
YRD00255,DR08170,PR00001,Yard C,13000,11076,1924,85.2,213,148,82
YRD00256,DR09339,PR00001,Yard E,12500,11750,750,94.0,277,257,104
YRD00257,DR08021,PR00005,Yard B,12000,9072,2928,75.6,285,239,63
YRD00258,DR07427,PR00001,Yard C,13000,10907,2093,83.9,144,159,94
YRD00259,DR04779,PR00001,Yard E,12500,11325,1175,90.6,249,225,86
YRD00260,DR05902,PR00001,Yard E,12500,10662,1838,85.3,252,204,94
YRD00261,DR04724,PR00002,Yard A,14000,13496,504,96.4,208,265,91
YRD00262,DR08586,PR00007,Yard A,14000,13790,210,98.5,254,234,124
YRD00263,DR03327,PR00003,Yard A,14000,12656,1344,90.4,233,240,68
YRD00264,DR07729,PR00002,Yard A,14000,13580,420,97.0,253,251,78
YRD00265,DR01485,PR00001,Yard A,14000,13790,210,98.5,274,274,60
YRD00266,DR09591,PR00001,Yard E,12500,11350,1150,90.8,244,240,76
YRD00267,DR00801,PR00003,Yard A,14000,13790,210,98.5,320,308,128
YRD00268,DR09809,PR00001,Yard B,12000,9024,2976,75.2,317,167,63
YRD00269,DR09484,PR00001,Yard B,12000,9444,2556,78.7,240,240,77
YRD00270,DR06383,PR00001,Yard E,12500,10488,2012,83.9,168,256,106
YRD00271,DR02516,PR00002,Yard C,13000,11271,1729,86.7,271,263,66
YRD00272,DR00581,PR00005,Yard B,12000,9300,2700,77.5,236,317,49
YRD00273,DR02609,PR00001,Yard C,13000,11401,1599,87.7,191,167,99
YRD00274,DR06179,PR00005,Yard A,14000,13468,532,96.2,236,156,102
YRD00275,DR04408,PR00004,Yard A,14000,13790,210,98.5,211,317,99
YRD00276,DR08777,PR00006,Yard D,11000,7546,3454,68.6,265,247,48
YRD00277,DR06958,PR00001,Yard C,13000,11856,1144,91.2,267,280,103
YRD00278,DR06401,PR00006,Yard C,13000,11934,1066,91.8,301,260,93
YRD00279,DR06361,PR00006,Yard E,12500,11100,1400,88.8,260,234,62
YRD00280,DR00439,PR00007,Yard C,13000,11466,1534,88.2,161,309,106
YRD00281,DR04068,PR00006,Yard A,14000,13048,952,93.2,183,195,115
YRD00282,DR01428,PR00001,Yard A,14000,13202,798,94.3,269,262,105
YRD00283,DR07131,PR00007,Yard A,14000,13286,714,94.9,216,186,74
YRD00284,DR06916,PR00006,Yard A,14000,13790,210,98.5,238,117,86
YRD00285,DR00078,PR00002,Yard A,14000,13790,210,98.5,310,250,81
YRD00286,DR04337,PR00001,Yard C,13000,11570,1430,89.0,275,264,91
YRD00287,DR08180,PR00007,Yard B,12000,9828,2172,81.9,302,321,74
YRD00288,DR01112,PR00001,Yard B,12000,9672,2328,80.6,318,294,78
YRD00289,DR06405,PR00005,Yard E,12500,11188,1312,89.5,247,289,74
YRD00290,DR06930,PR00003,Yard C,13000,9971,3029,76.7,258,328,75
YRD00291,DR08436,PR00005,Yard B,12000,8532,3468,71.1,141,283,84
YRD00292,DR03010,PR00001,Yard C,13000,11388,1612,87.6,255,241,80
YRD00293,DR03825,PR00005,Yard E,12500,11800,700,94.4,253,202,87
YRD00294,DR02619,PR00003,Yard C,13000,11024,1976,84.8,256,246,62
YRD00295,DR08008,PR00007,Yard E,12500,11788,712,94.3,306,204,71
YRD00296,DR09166,PR00001,Yard D,11000,8415,2585,76.5,240,269,74
YRD00297,DR00567,PR00001,Yard A,14000,13790,210,98.5,237,236,73
YRD00298,DR07205,PR00001,Yard D,11000,7084,3916,64.4,211,161,22
YRD00299,DR02789,PR00001,Yard D,11000,7084,3916,64.4,319,282,37
YRD00300,DR09932,PR00007,Yard A,14000,13426,574,95.9,342,267,90
YRD00301,DR04295,PR00001,Yard D,11000,6919,4081,62.9,224,232,66
YRD00302,DR08505,PR00002,Yard C,13000,10335,2665,79.5,170,311,102
YRD00303,DR08493,PR00006,Yard A,14000,13790,210,98.5,189,309,100
YRD00304,DR01810,PR00002,Yard A,14000,13552,448,96.8,221,174,97
YRD00305,DR04375,PR00002,Yard B,12000,9036,2964,75.3,275,304,37
YRD00306,DR04675,PR00005,Yard C,13000,11635,1365,89.5,228,226,74
YRD00307,DR03444,PR00003,Yard E,12500,11900,600,95.2,280,161,78
YRD00308,DR03631,PR00006,Yard C,13000,11778,1222,90.6,275,229,70
YRD00309,DR08692,PR00004,Yard C,13000,11700,1300,90.0,242,293,101
YRD00310,DR08777,PR00002,Yard B,12000,8844,3156,73.7,301,235,37
YRD00311,DR03800,PR00004,Yard D,11000,7942,3058,72.2,194,178,74
YRD00312,DR06999,PR00006,Yard E,12500,11750,750,94.0,284,259,104
YRD00313,DR08722,PR00003,Yard B,12000,9684,2316,80.7,276,257,76
YRD00314,DR06659,PR00005,Yard B,12000,9408,2592,78.4,248,249,43
YRD00315,DR09465,PR00003,Yard C,13000,11011,1989,84.7,242,249,65
YRD00316,DR07408,PR00004,Yard A,14000,13790,210,98.5,271,193,87
YRD00317,DR02403,PR00005,Yard B,12000,9336,2664,77.8,294,194,46
YRD00318,DR01907,PR00001,Yard B,12000,8472,3528,70.6,217,199,72
YRD00319,DR06286,PR00003,Yard E,12500,10600,1900,84.8,234,217,99
YRD00320,DR06601,PR00001,Yard E,12500,12212,288,97.7,234,208,82
YRD00321,DR07681,PR00005,Yard D,11000,7865,3135,71.5,298,256,55
YRD00322,DR00952,PR00004,Yard D,11000,7766,3234,70.6,236,238,65
YRD00323,DR05614,PR00002,Yard D,11000,7810,3190,71.0,218,210,45
YRD00324,DR02200,PR00001,Yard C,13000,10465,2535,80.5,249,202,31
YRD00325,DR06297,PR00007,Yard D,11000,7601,3399,69.1,286,299,36
YRD00326,DR02131,PR00002,Yard C,13000,10348,2652,79.6,196,246,69
YRD00327,DR07788,PR00002,Yard A,14000,13790,210,98.5,276,281,82
YRD00328,DR02325,PR00001,Yard B,12000,9168,2832,76.4,153,311,96
YRD00329,DR08599,PR00004,Yard C,13000,11388,1612,87.6,227,257,67
YRD00330,DR02387,PR00002,Yard E,12500,11025,1475,88.2,294,111,83
YRD00331,DR07049,PR00006,Yard A,14000,13552,448,96.8,209,255,115
YRD00332,DR00325,PR00005,Yard C,13000,10634,2366,81.8,211,255,96
YRD00333,DR05746,PR00001,Yard C,13000,11349,1651,87.3,360,282,75
YRD00334,DR08680,PR00004,Yard B,12000,9504,2496,79.2,202,197,78
YRD00335,DR02660,PR00002,Yard A,14000,13650,350,97.5,209,275,69
YRD00336,DR01038,PR00001,Yard E,12500,11662,838,93.3,152,183,59
YRD00337,DR09099,PR00004,Yard E,12500,11812,688,94.5,153,191,95
YRD00338,DR05653,PR00002,Yard D,11000,8228,2772,74.8,215,225,95
YRD00339,DR05766,PR00006,Yard C,13000,10621,2379,81.7,244,181,96
YRD00340,DR01956,PR00004,Yard B,12000,8352,3648,69.6,190,247,63
YRD00341,DR04414,PR00002,Yard A,14000,13790,210,98.5,257,309,119
YRD00342,DR09705,PR00007,Yard B,12000,9504,2496,79.2,277,202,49
YRD00343,DR04669,PR00004,Yard D,11000,7689,3311,69.9,215,229,56
YRD00344,DR05878,PR00001,Yard E,12500,12125,375,97.0,334,190,97
YRD00345,DR02867,PR00003,Yard A,14000,13790,210,98.5,293,214,79
YRD00346,DR02651,PR00007,Yard D,11000,7029,3971,63.9,301,221,44
YRD00347,DR05010,PR00003,Yard E,12500,12312,188,98.5,346,266,100
YRD00348,DR01038,PR00003,Yard B,12000,9084,2916,75.7,254,271,15
YRD00349,DR04870,PR00003,Yard D,11000,7139,3861,64.9,241,231,71
YRD00350,DR02765,PR00002,Yard E,12500,11188,1312,89.5,290,220,91
YRD00351,DR00315,PR00001,Yard E,12500,11462,1038,91.7,212,233,89
YRD00352,DR02773,PR00004,Yard C,13000,11817,1183,90.9,360,207,77
YRD00353,DR04279,PR00006,Yard E,12500,11738,762,93.9,262,243,91
YRD00354,DR04368,PR00005,Yard B,12000,9144,2856,76.2,360,278,57
YRD00355,DR04182,PR00001,Yard B,12000,9120,2880,76.0,174,178,80
YRD00356,DR08103,PR00003,Yard D,11000,7392,3608,67.2,237,197,90
YRD00357,DR05934,PR00001,Yard B,12000,8940,3060,74.5,283,329,71
YRD00358,DR09324,PR00002,Yard D,11000,8129,2871,73.9,273,198,98
YRD00359,DR03579,PR00004,Yard C,13000,11219,1781,86.3,195,208,79
YRD00360,DR01963,PR00002,Yard A,14000,13790,210,98.5,231,232,63
YRD00361,DR05115,PR00006,Yard A,14000,13734,266,98.1,229,254,90
YRD00362,DR09529,PR00003,Yard C,13000,10894,2106,83.8,326,258,120
YRD00363,DR06048,PR00004,Yard B,12000,8316,3684,69.3,240,190,42
YRD00364,DR00181,PR00006,Yard D,11000,7766,3234,70.6,236,250,45
YRD00365,DR07524,PR00005,Yard B,12000,8484,3516,70.7,157,144,70
YRD00366,DR09112,PR00006,Yard C,13000,11089,1911,85.3,271,287,75
YRD00367,DR04040,PR00006,Yard A,14000,13790,210,98.5,247,283,83
YRD00368,DR05708,PR00004,Yard C,13000,11544,1456,88.8,219,308,71
YRD00369,DR09015,PR00002,Yard C,13000,11466,1534,88.2,273,275,85
YRD00370,DR02561,PR00002,Yard B,12000,8952,3048,74.6,207,213,54
YRD00371,DR03629,PR00006,Yard B,12000,8976,3024,74.8,269,244,38
YRD00372,DR08101,PR00001,Yard A,14000,13790,210,98.5,298,302,68
YRD00373,DR02789,PR00007,Yard B,12000,8844,3156,73.7,166,134,76
YRD00374,DR08356,PR00002,Yard E,12500,12088,412,96.7,315,322,105
YRD00375,DR01903,PR00005,Yard E,12500,11612,888,92.9,232,260,106
YRD00376,DR05851,PR00002,Yard C,13000,10335,2665,79.5,153,239,79
YRD00377,DR00974,PR00007,Yard C,13000,11583,1417,89.1,227,239,95
YRD00378,DR05058,PR00001,Yard E,12500,11950,550,95.6,291,186,104
YRD00379,DR07140,PR00002,Yard D,11000,8305,2695,75.5,215,281,70
YRD00380,DR07122,PR00006,Yard C,13000,11349,1651,87.3,219,261,96
YRD00381,DR09130,PR00002,Yard D,11000,7502,3498,68.2,299,284,64
YRD00382,DR05575,PR00002,Yard E,12500,11925,575,95.4,276,314,70
YRD00383,DR01558,PR00006,Yard B,12000,9492,2508,79.1,222,263,90
YRD00384,DR07100,PR00006,Yard D,11000,7700,3300,70.0,305,235,42
YRD00385,DR02266,PR00001,Yard E,12500,11075,1425,88.6,241,220,71
YRD00386,DR05671,PR00004,Yard D,11000,8041,2959,73.1,235,215,65
YRD00387,DR04446,PR00002,Yard A,14000,13762,238,98.3,360,279,96
YRD00388,DR09509,PR00002,Yard E,12500,11875,625,95.0,234,249,104
YRD00389,DR03511,PR00004,Yard D,11000,7612,3388,69.2,330,299,67
YRD00390,DR08110,PR00001,Yard C,13000,10595,2405,81.5,257,315,57
YRD00391,DR00100,PR00003,Yard C,13000,11765,1235,90.5,219,179,63
YRD00392,DR06193,PR00002,Yard A,14000,13286,714,94.9,243,192,93
YRD00393,DR00728,PR00006,Yard A,14000,12642,1358,90.3,194,336,94
YRD00394,DR09137,PR00004,Yard B,12000,8904,3096,74.2,269,162,57
YRD00395,DR01819,PR00002,Yard E,12500,11138,1362,89.1,229,246,90
YRD00396,DR02972,PR00007,Yard A,14000,13328,672,95.2,270,263,88
YRD00397,DR09839,PR00006,Yard E,12500,11900,600,95.2,247,258,84
YRD00398,DR07664,PR00002,Yard C,13000,11336,1664,87.2,224,237,89
YRD00399,DR02085,PR00007,Yard E,12500,11612,888,92.9,213,294,86
YRD00400,DR01699,PR00002,Yard E,12500,11650,850,93.2,238,235,82
YRD00401,DR05164,PR00002,Yard A,14000,13790,210,98.5,266,258,99
YRD00402,DR00706,PR00003,Yard B,12000,8592,3408,71.6,167,188,38
YRD00403,DR06689,PR00001,Yard D,11000,7381,3619,67.1,310,240,45
YRD00404,DR00833,PR00005,Yard D,11000,7271,3729,66.1,185,252,47
YRD00405,DR08064,PR00004,Yard B,12000,9492,2508,79.1,218,236,61
YRD00406,DR02539,PR00006,Yard A,14000,13398,602,95.7,226,190,80
YRD00407,DR06628,PR00002,Yard D,11000,8382,2618,76.2,261,164,70
YRD00408,DR06261,PR00001,Yard E,12500,10788,1712,86.3,208,183,90
YRD00409,DR01677,PR00002,Yard C,13000,11882,1118,91.4,249,318,76
YRD00410,DR02023,PR00001,Yard E,12500,11625,875,93.0,350,192,100
YRD00411,DR05401,PR00007,Yard A,14000,13790,210,98.5,257,275,103
YRD00412,DR01917,PR00005,Yard C,13000,10374,2626,79.8,235,216,83
YRD00413,DR03175,PR00006,Yard B,12000,9384,2616,78.2,330,287,23
YRD00414,DR08318,PR00005,Yard E,12500,11525,975,92.2,166,162,106
YRD00415,DR04697,PR00002,Yard B,12000,8172,3828,68.1,214,216,69
YRD00416,DR09110,PR00001,Yard E,12500,11862,638,94.9,251,290,106
YRD00417,DR03635,PR00003,Yard A,14000,13790,210,98.5,296,347,93
YRD00418,DR06635,PR00006,Yard D,11000,7590,3410,69.0,292,342,83
YRD00419,DR03806,PR00002,Yard C,13000,11492,1508,88.4,264,231,103
YRD00420,DR03903,PR00001,Yard C,13000,10478,2522,80.6,238,210,42
YRD00421,DR06480,PR00004,Yard E,12500,12312,188,98.5,189,222,74
YRD00422,DR05997,PR00002,Yard C,13000,10595,2405,81.5,254,214,68
YRD00423,DR07010,PR00004,Yard C,13000,11583,1417,89.1,230,244,97
YRD00424,DR02994,PR00001,Yard A,14000,13790,210,98.5,250,225,78
YRD00425,DR09761,PR00003,Yard B,12000,8136,3864,67.8,210,283,61
YRD00426,DR06002,PR00003,Yard D,11000,7766,3234,70.6,335,180,78
YRD00427,DR05824,PR00006,Yard C,13000,11219,1781,86.3,263,253,88
YRD00428,DR04898,PR00005,Yard C,13000,11791,1209,90.7,186,208,105
YRD00429,DR08708,PR00001,Yard E,12500,12112,388,96.9,324,254,107
YRD00430,DR07371,PR00006,Yard D,11000,7678,3322,69.8,225,226,69
YRD00431,DR05322,PR00006,Yard E,12500,11688,812,93.5,303,244,81
YRD00432,DR07208,PR00004,Yard B,12000,8508,3492,70.9,325,245,44
YRD00433,DR07599,PR00007,Yard B,12000,9156,2844,76.3,345,217,68
YRD00434,DR07986,PR00006,Yard A,14000,13146,854,93.9,213,174,94
YRD00435,DR09938,PR00002,Yard B,12000,9564,2436,79.7,300,240,67
YRD00436,DR03986,PR00003,Yard B,12000,9768,2232,81.4,252,251,62
YRD00437,DR07885,PR00002,Yard C,13000,11050,1950,85.0,106,178,51
YRD00438,DR06711,PR00003,Yard D,11000,7502,3498,68.2,318,275,22
YRD00439,DR08060,PR00007,Yard A,14000,13790,210,98.5,254,242,97
YRD00440,DR05269,PR00004,Yard D,11000,6897,4103,62.7,240,255,55
YRD00441,DR08687,PR00002,Yard D,11000,7755,3245,70.5,235,324,25
YRD00442,DR08457,PR00007,Yard E,12500,11338,1162,90.7,216,301,93
YRD00443,DR03234,PR00005,Yard C,13000,11973,1027,92.1,210,310,65
YRD00444,DR08584,PR00002,Yard C,13000,11830,1170,91.0,313,210,87
YRD00445,DR08238,PR00007,Yard D,11000,8052,2948,73.2,309,263,48
YRD00446,DR03462,PR00002,Yard D,11000,7348,3652,66.8,144,196,51
YRD00447,DR02768,PR00003,Yard E,12500,11350,1150,90.8,266,196,88
YRD00448,DR05883,PR00003,Yard C,13000,10842,2158,83.4,245,240,58
YRD00449,DR00457,PR00007,Yard C,13000,11674,1326,89.8,207,174,62
YRD00450,DR04927,PR00002,Yard D,11000,7568,3432,68.8,264,269,35
YRD00451,DR08144,PR00002,Yard E,12500,11475,1025,91.8,163,211,143
YRD00452,DR00536,PR00004,Yard E,12500,10725,1775,85.8,226,212,97
YRD00453,DR04371,PR00006,Yard A,14000,13762,238,98.3,309,328,81
YRD00454,DR00416,PR00001,Yard D,11000,7469,3531,67.9,264,213,60
YRD00455,DR04147,PR00002,Yard A,14000,13790,210,98.5,338,234,69
YRD00456,DR06075,PR00007,Yard A,14000,13790,210,98.5,306,188,123
YRD00457,DR05060,PR00005,Yard D,11000,6644,4356,60.4,192,201,16
YRD00458,DR04063,PR00002,Yard D,11000,7370,3630,67.0,195,285,55
YRD00459,DR04989,PR00002,Yard C,13000,10569,2431,81.3,210,181,53
YRD00460,DR04827,PR00003,Yard E,12500,12312,188,98.5,290,327,87
YRD00461,DR03447,PR00005,Yard E,12500,11312,1188,90.5,214,172,81
YRD00462,DR02633,PR00004,Yard E,12500,10750,1750,86.0,264,251,100
YRD00463,DR01930,PR00005,Yard D,11000,7766,3234,70.6,234,230,56
YRD00464,DR09906,PR00001,Yard D,11000,7535,3465,68.5,241,295,69
YRD00465,DR04243,PR00006,Yard D,11000,7755,3245,70.5,233,265,40
YRD00466,DR02494,PR00001,Yard C,13000,12051,949,92.7,173,281,68
YRD00467,DR01383,PR00006,Yard A,14000,13048,952,93.2,186,178,87
YRD00468,DR08123,PR00001,Yard B,12000,9012,2988,75.1,203,106,73
YRD00469,DR00623,PR00001,Yard A,14000,12852,1148,91.8,300,325,83
YRD00470,DR07750,PR00001,Yard C,13000,10712,2288,82.4,284,248,89
YRD00471,DR08596,PR00002,Yard D,11000,8063,2937,73.3,229,212,68
YRD00472,DR06586,PR00003,Yard D,11000,7425,3575,67.5,360,172,44
YRD00473,DR05289,PR00004,Yard D,11000,7139,3861,64.9,187,203,48
YRD00474,DR01077,PR00006,Yard E,12500,11450,1050,91.6,297,259,99
YRD00475,DR02091,PR00003,Yard B,12000,8604,3396,71.7,222,226,68
YRD00476,DR01213,PR00003,Yard D,11000,8129,2871,73.9,320,268,22
YRD00477,DR05356,PR00002,Yard D,11000,7678,3322,69.8,250,231,80
YRD00478,DR05557,PR00006,Yard E,12500,11425,1075,91.4,260,217,63
YRD00479,DR08522,PR00001,Yard E,12500,11738,762,93.9,226,158,93
YRD00480,DR04236,PR00002,Yard C,13000,10205,2795,78.5,182,242,53
YRD00481,DR09779,PR00001,Yard E,12500,11512,988,92.1,240,220,87
YRD00482,DR03279,PR00002,Yard C,13000,10959,2041,84.3,328,207,92
YRD00483,DR02087,PR00004,Yard E,12500,11012,1488,88.1,193,265,64
YRD00484,DR09563,PR00001,Yard E,12500,11388,1112,91.1,158,164,73
YRD00485,DR04343,PR00001,Yard C,13000,11622,1378,89.4,292,335,84
YRD00486,DR07056,PR00006,Yard E,12500,11850,650,94.8,180,218,52
YRD00487,DR08593,PR00001,Yard B,12000,9672,2328,80.6,191,210,59
YRD00488,DR03956,PR00004,Yard E,12500,11750,750,94.0,241,188,82
YRD00489,DR06067,PR00002,Yard C,13000,10530,2470,81.0,179,127,37
YRD00490,DR04763,PR00006,Yard C,13000,11245,1755,86.5,248,218,97
YRD00491,DR07903,PR00005,Yard D,11000,7480,3520,68.0,238,219,27
YRD00492,DR01108,PR00001,Yard A,14000,13244,756,94.6,288,256,96
YRD00493,DR02275,PR00006,Yard E,12500,11412,1088,91.3,234,224,64
YRD00494,DR08833,PR00003,Yard D,11000,6963,4037,63.3,189,342,59
YRD00495,DR03511,PR00002,Yard A,14000,13790,210,98.5,263,221,138
YRD00496,DR03885,PR00005,Yard A,14000,13146,854,93.9,171,98,75
YRD00497,DR09644,PR00005,Yard D,11000,7656,3344,69.6,227,253,39
YRD00498,DR00225,PR00002,Yard B,12000,8304,3696,69.2,319,350,50
YRD00499,DR09030,PR00002,Yard B,12000,9408,2592,78.4,277,173,83
YRD00500,DR08967,PR00001,Yard E,12500,11350,1150,90.8,300,225,117
YRD00501,DR08283,PR00004,Yard C,13000,11648,1352,89.6,256,233,76
YRD00502,DR03686,PR00007,Yard C,13000,11531,1469,88.7,228,296,83
YRD00503,DR09307,PR00003,Yard B,12000,9372,2628,78.1,237,294,56
YRD00504,DR04818,PR00007,Yard E,12500,11600,900,92.8,304,193,82
YRD00505,DR02972,PR00001,Yard D,11000,7458,3542,67.8,207,210,71
YRD00506,DR07047,PR00006,Yard D,11000,7557,3443,68.7,251,242,37
YRD00507,DR01616,PR00007,Yard A,14000,12936,1064,92.4,194,120,96
YRD00508,DR07145,PR00005,Yard A,14000,13076,924,93.4,225,254,75
YRD00509,DR07030,PR00001,Yard D,11000,7172,3828,65.2,206,214,15
YRD00510,DR06396,PR00002,Yard E,12500,11662,838,93.3,244,293,40
YRD00511,DR04447,PR00001,Yard A,14000,13314,686,95.1,119,238,120
YRD00512,DR08612,PR00004,Yard A,14000,13790,210,98.5,311,266,110
YRD00513,DR07210,PR00007,Yard B,12000,9768,2232,81.4,243,346,61
YRD00514,DR07063,PR00003,Yard E,12500,11200,1300,89.6,240,216,65
YRD00515,DR08561,PR00001,Yard D,11000,7150,3850,65.0,171,219,50
YRD00516,DR06597,PR00002,Yard B,12000,9168,2832,76.4,153,235,83
YRD00517,DR03252,PR00004,Yard B,12000,9444,2556,78.7,188,321,56
YRD00518,DR02646,PR00004,Yard B,12000,9204,2796,76.7,217,308,57
YRD00519,DR07755,PR00002,Yard E,12500,12312,188,98.5,260,290,111
YRD00520,DR06267,PR00005,Yard E,12500,11600,900,92.8,198,226,99
YRD00521,DR09281,PR00001,Yard C,13000,12090,910,93.0,345,256,92
YRD00522,DR00335,PR00004,Yard D,11000,8151,2849,74.1,253,235,79
YRD00523,DR04903,PR00003,Yard A,14000,13734,266,98.1,174,164,99
YRD00524,DR09709,PR00001,Yard E,12500,10862,1638,86.9,243,278,60
YRD00525,DR01347,PR00004,Yard A,14000,13790,210,98.5,335,219,129
YRD00526,DR02732,PR00005,Yard D,11000,8305,2695,75.5,360,190,51
YRD00527,DR03253,PR00003,Yard E,12500,11725,775,93.8,252,155,56
YRD00528,DR01707,PR00006,Yard B,12000,9648,2352,80.4,229,184,73
YRD00529,DR00552,PR00003,Yard D,11000,6842,4158,62.2,197,122,35
YRD00530,DR00931,PR00002,Yard B,12000,8400,3600,70.0,198,221,77
YRD00531,DR00142,PR00007,Yard B,12000,9648,2352,80.4,253,338,48
YRD00532,DR04421,PR00007,Yard B,12000,9108,2892,75.9,254,264,49
YRD00533,DR04213,PR00001,Yard D,11000,7095,3905,64.5,203,174,6
YRD00534,DR08514,PR00007,Yard E,12500,10562,1938,84.5,210,219,79
YRD00535,DR07218,PR00005,Yard A,14000,13790,210,98.5,219,153,148
YRD00536,DR02826,PR00001,Yard C,13000,11050,1950,85.0,202,240,55
YRD00537,DR05988,PR00003,Yard D,11000,7634,3366,69.4,221,192,59
YRD00538,DR01950,PR00001,Yard A,14000,12880,1120,92.0,202,111,83
YRD00539,DR08789,PR00004,Yard A,14000,13790,210,98.5,246,173,84
YRD00540,DR00660,PR00007,Yard D,11000,7315,3685,66.5,190,261,57
YRD00541,DR05466,PR00003,Yard E,12500,11725,775,93.8,272,281,118
YRD00542,DR04811,PR00003,Yard B,12000,9612,2388,80.1,230,243,95
YRD00543,DR09949,PR00002,Yard D,11000,7106,3894,64.6,192,226,50
YRD00544,DR01816,PR00004,Yard B,12000,8424,3576,70.2,187,171,69
YRD00545,DR05013,PR00006,Yard E,12500,11112,1388,88.9,102,242,69
YRD00546,DR08941,PR00002,Yard E,12500,11262,1238,90.1,272,177,62
YRD00547,DR01292,PR00004,Yard C,13000,11505,1495,88.5,237,179,73
YRD00548,DR00365,PR00002,Yard C,13000,11102,1898,85.4,257,270,116
YRD00549,DR00615,PR00005,Yard E,12500,10900,1600,87.2,255,188,87
YRD00550,DR05967,PR00005,Yard D,11000,7249,3751,65.9,222,295,29
YRD00551,DR09308,PR00005,Yard B,12000,8844,3156,73.7,133,162,66
YRD00552,DR06313,PR00003,Yard E,12500,11075,1425,88.6,219,184,74
YRD00553,DR05155,PR00004,Yard B,12000,9036,2964,75.3,244,275,50
YRD00554,DR01062,PR00004,Yard D,11000,7612,3388,69.2,320,273,81
YRD00555,DR06961,PR00005,Yard E,12500,11475,1025,91.8,201,224,67
YRD00556,DR03770,PR00004,Yard C,13000,11011,1989,84.7,216,259,40
YRD00557,DR01692,PR00006,Yard B,12000,8544,3456,71.2,270,171,67
YRD00558,DR04355,PR00002,Yard D,11000,7403,3597,67.3,336,238,31
YRD00559,DR04769,PR00001,Yard E,12500,11288,1212,90.3,258,223,87
YRD00560,DR09695,PR00007,Yard A,14000,13454,546,96.1,290,293,51
YRD00561,DR04782,PR00001,Yard E,12500,11175,1325,89.4,240,147,103
YRD00562,DR07877,PR00007,Yard C,13000,11349,1651,87.3,196,218,80
YRD00563,DR06499,PR00004,Yard E,12500,12312,188,98.5,203,180,91
YRD00564,DR02790,PR00007,Yard E,12500,11788,712,94.3,325,176,79
YRD00565,DR00131,PR00004,Yard E,12500,10962,1538,87.7,251,173,114
YRD00566,DR06162,PR00006,Yard E,12500,10862,1638,86.9,196,247,97
YRD00567,DR05370,PR00005,Yard C,13000,11843,1157,91.1,320,350,91
YRD00568,DR03025,PR00003,Yard B,12000,8820,3180,73.5,336,223,67
YRD00569,DR09681,PR00003,Yard E,12500,11788,712,94.3,292,203,110
YRD00570,DR00823,PR00001,Yard A,14000,13034,966,93.1,210,259,106
YRD00571,DR04053,PR00002,Yard C,13000,11427,1573,87.9,220,193,64
YRD00572,DR04639,PR00007,Yard E,12500,11362,1138,90.9,360,241,41
YRD00573,DR07866,PR00002,Yard E,12500,11525,975,92.2,261,201,89
YRD00574,DR01713,PR00005,Yard E,12500,11662,838,93.3,157,235,84
YRD00575,DR03341,PR00003,Yard E,12500,10525,1975,84.2,253,283,85
YRD00576,DR04319,PR00002,Yard A,14000,13790,210,98.5,166,247,121
YRD00577,DR03727,PR00007,Yard E,12500,11862,638,94.9,264,216,83
YRD00578,DR08645,PR00001,Yard E,12500,11238,1262,89.9,221,259,45
YRD00579,DR06468,PR00004,Yard B,12000,8868,3132,73.9,295,188,63
YRD00580,DR09628,PR00003,Yard D,11000,7832,3168,71.2,360,285,59
YRD00581,DR04504,PR00001,Yard A,14000,13482,518,96.3,180,189,92
YRD00582,DR01954,PR00002,Yard D,11000,7205,3795,65.5,268,247,64
YRD00583,DR06283,PR00005,Yard E,12500,10938,1562,87.5,205,167,48
YRD00584,DR02965,PR00001,Yard E,12500,11588,912,92.7,217,306,62
YRD00585,DR01234,PR00006,Yard C,13000,11531,1469,88.7,272,218,75
YRD00586,DR07005,PR00004,Yard C,13000,11271,1729,86.7,248,123,93
YRD00587,DR06140,PR00001,Yard C,13000,11713,1287,90.1,300,332,40
YRD00588,DR09800,PR00002,Yard A,14000,12544,1456,89.6,228,243,66
YRD00589,DR03743,PR00001,Yard C,13000,12142,858,93.4,276,330,86
YRD00590,DR03931,PR00006,Yard D,11000,7238,3762,65.8,195,209,38
YRD00591,DR06517,PR00003,Yard C,13000,11674,1326,89.8,246,236,125
YRD00592,DR02226,PR00001,Yard B,12000,8544,3456,71.2,142,212,71
YRD00593,DR07604,PR00004,Yard C,13000,11063,1937,85.1,217,277,91
YRD00594,DR03953,PR00003,Yard A,14000,13790,210,98.5,219,228,113
YRD00595,DR05738,PR00004,Yard A,14000,13020,980,93.0,241,203,94
YRD00596,DR07108,PR00001,Yard E,12500,11800,700,94.4,165,185,60
YRD00597,DR09214,PR00001,Yard E,12500,11288,1212,90.3,264,344,66
YRD00598,DR07560,PR00002,Yard C,13000,11817,1183,90.9,310,258,117
YRD00599,DR02742,PR00005,Yard C,13000,11258,1742,86.6,225,273,62
YRD00600,DR04669,PR00004,Yard B,12000,9696,2304,80.8,231,299,70
YRD00601,DR07409,PR00002,Yard A,14000,13482,518,96.3,229,245,83
YRD00602,DR09080,PR00002,Yard D,11000,7810,3190,71.0,192,223,28
YRD00603,DR08650,PR00005,Yard E,12500,11562,938,92.5,262,173,114
YRD00604,DR06931,PR00001,Yard E,12500,11462,1038,91.7,299,241,74
YRD00605,DR08282,PR00004,Yard E,12500,11188,1312,89.5,260,184,81
YRD00606,DR05017,PR00003,Yard B,12000,8640,3360,72.0,245,267,51
YRD00607,DR00217,PR00002,Yard C,13000,11804,1196,90.8,344,264,62
YRD00608,DR06845,PR00003,Yard C,13000,10933,2067,84.1,178,253,84
YRD00609,DR01457,PR00002,Yard B,12000,8580,3420,71.5,277,237,61
YRD00610,DR05506,PR00004,Yard E,12500,12112,388,96.9,262,200,98
YRD00611,DR05684,PR00001,Yard E,12500,12288,212,98.3,263,263,126
YRD00612,DR01963,PR00003,Yard B,12000,8976,3024,74.8,249,288,68
YRD00613,DR06719,PR00003,Yard D,11000,6864,4136,62.4,167,270,48
YRD00614,DR05967,PR00001,Yard E,12500,11125,1375,89.0,262,277,82
YRD00615,DR06465,PR00004,Yard B,12000,8220,3780,68.5,236,133,36
YRD00616,DR03982,PR00005,Yard D,11000,7414,3586,67.4,266,249,45
YRD00617,DR01609,PR00007,Yard D,11000,7975,3025,72.5,289,238,72
YRD00618,DR03666,PR00002,Yard C,13000,9867,3133,75.9,335,236,40
YRD00619,DR09424,PR00002,Yard C,13000,11258,1742,86.6,263,204,88
YRD00620,DR00982,PR00002,Yard D,11000,7392,3608,67.2,257,243,49
YRD00621,DR08024,PR00006,Yard D,11000,7920,3080,72.0,322,223,68
YRD00622,DR03480,PR00003,Yard D,11000,8217,2783,74.7,360,190,61
YRD00623,DR09630,PR00002,Yard B,12000,8388,3612,69.9,216,248,63
YRD00624,DR09695,PR00005,Yard C,13000,11635,1365,89.5,196,219,80
YRD00625,DR03767,PR00001,Yard C,13000,11232,1768,86.4,233,251,73
YRD00626,DR01963,PR00004,Yard D,11000,7161,3839,65.1,224,236,70
YRD00627,DR02001,PR00003,Yard B,12000,8904,3096,74.2,263,232,33
YRD00628,DR01898,PR00004,Yard C,13000,10842,2158,83.4,262,298,90
YRD00629,DR06599,PR00005,Yard C,13000,9841,3159,75.7,112,167,101
YRD00630,DR00004,PR00002,Yard A,14000,13790,210,98.5,210,245,76
YRD00631,DR08705,PR00004,Yard C,13000,11362,1638,87.4,234,260,85
YRD00632,DR02405,PR00003,Yard C,13000,10478,2522,80.6,211,201,55
YRD00633,DR05402,PR00001,Yard A,14000,13286,714,94.9,182,329,59
YRD00634,DR08297,PR00006,Yard B,12000,8232,3768,68.6,171,175,74
YRD00635,DR09952,PR00005,Yard C,13000,11817,1183,90.9,121,220,91
YRD00636,DR01667,PR00007,Yard D,11000,7568,3432,68.8,360,239,59
YRD00637,DR07503,PR00005,Yard A,14000,13790,210,98.5,243,233,98
YRD00638,DR09767,PR00002,Yard D,11000,7568,3432,68.8,130,158,43
YRD00639,DR00061,PR00003,Yard A,14000,13790,210,98.5,321,302,70
YRD00640,DR01578,PR00003,Yard E,12500,11900,600,95.2,182,244,92
YRD00641,DR03681,PR00001,Yard A,14000,13790,210,98.5,250,265,94
YRD00642,DR07916,PR00003,Yard B,12000,8964,3036,74.7,318,254,57
YRD00643,DR00889,PR00002,Yard E,12500,12250,250,98.0,204,288,83
YRD00644,DR04406,PR00001,Yard B,12000,8904,3096,74.2,262,174,71
YRD00645,DR04423,PR00006,Yard B,12000,9972,2028,83.1,339,270,64
YRD00646,DR04811,PR00001,Yard C,13000,10881,2119,83.7,225,172,45
YRD00647,DR04269,PR00003,Yard D,11000,7381,3619,67.1,131,212,27
YRD00648,DR02026,PR00006,Yard C,13000,10985,2015,84.5,280,267,112
YRD00649,DR08630,PR00004,Yard B,12000,8460,3540,70.5,221,220,56
YRD00650,DR09185,PR00001,Yard E,12500,10950,1550,87.6,272,281,100
YRD00651,DR05863,PR00004,Yard B,12000,8400,3600,70.0,224,335,56
YRD00652,DR06243,PR00005,Yard C,13000,10855,2145,83.5,205,149,71
YRD00653,DR09929,PR00006,Yard E,12500,11325,1175,90.6,286,250,63
YRD00654,DR01906,PR00002,Yard D,11000,7447,3553,67.7,233,148,63
YRD00655,DR08601,PR00001,Yard A,14000,13412,588,95.8,175,288,74
YRD00656,DR03850,PR00004,Yard D,11000,8019,2981,72.9,249,273,87
YRD00657,DR02871,PR00002,Yard D,11000,7645,3355,69.5,202,207,35
YRD00658,DR00306,PR00006,Yard A,14000,13734,266,98.1,264,314,73
YRD00659,DR05793,PR00005,Yard A,14000,13720,280,98.0,172,226,83
YRD00660,DR09607,PR00005,Yard C,13000,10426,2574,80.2,285,172,49
YRD00661,DR09848,PR00007,Yard C,13000,11830,1170,91.0,201,263,70
YRD00662,DR05746,PR00004,Yard A,14000,13412,588,95.8,204,187,95
YRD00663,DR03231,PR00007,Yard A,14000,13230,770,94.5,172,246,80
YRD00664,DR01011,PR00004,Yard D,11000,7359,3641,66.9,147,196,35
YRD00665,DR04627,PR00001,Yard D,11000,7645,3355,69.5,276,229,68
YRD00666,DR05348,PR00006,Yard D,11000,8514,2486,77.4,228,350,51
YRD00667,DR04757,PR00005,Yard B,12000,8880,3120,74.0,244,211,56
YRD00668,DR02823,PR00007,Yard A,14000,13790,210,98.5,347,282,102
YRD00669,DR00947,PR00002,Yard C,13000,11063,1937,85.1,242,127,98
YRD00670,DR00405,PR00002,Yard E,12500,10912,1588,87.3,348,219,56
YRD00671,DR09084,PR00006,Yard C,13000,10998,2002,84.6,188,192,57
YRD00672,DR08751,PR00001,Yard E,12500,12312,188,98.5,268,250,107
YRD00673,DR00439,PR00004,Yard B,12000,8640,3360,72.0,360,227,57
YRD00674,DR01472,PR00003,Yard C,13000,11453,1547,88.1,280,222,84
YRD00675,DR06668,PR00001,Yard A,14000,12810,1190,91.5,117,235,87
YRD00676,DR06859,PR00001,Yard B,12000,8460,3540,70.5,244,227,44
YRD00677,DR07429,PR00006,Yard E,12500,11650,850,93.2,202,224,60
YRD00678,DR03966,PR00001,Yard A,14000,13734,266,98.1,148,227,91
YRD00679,DR08458,PR00005,Yard D,11000,7513,3487,68.3,309,287,26
YRD00680,DR00291,PR00005,Yard C,13000,11661,1339,89.7,229,172,66
YRD00681,DR05709,PR00004,Yard E,12500,11188,1312,89.5,244,239,119
YRD00682,DR03345,PR00003,Yard D,11000,7920,3080,72.0,256,257,45
YRD00683,DR04785,PR00001,Yard E,12500,11762,738,94.1,195,314,83
YRD00684,DR03003,PR00006,Yard B,12000,8340,3660,69.5,206,233,73
YRD00685,DR09591,PR00001,Yard C,13000,11466,1534,88.2,232,167,83
YRD00686,DR04456,PR00002,Yard E,12500,10950,1550,87.6,238,254,51
YRD00687,DR09311,PR00007,Yard B,12000,8436,3564,70.3,214,161,45
YRD00688,DR05831,PR00002,Yard A,14000,13790,210,98.5,249,254,132
YRD00689,DR08030,PR00002,Yard D,11000,7491,3509,68.1,328,276,69
YRD00690,DR02930,PR00007,Yard A,14000,13678,322,97.7,221,282,112
YRD00691,DR06883,PR00001,Yard D,11000,7403,3597,67.3,291,221,25
YRD00692,DR01477,PR00001,Yard B,12000,8724,3276,72.7,241,219,67
YRD00693,DR03896,PR00003,Yard A,14000,13468,532,96.2,270,263,75
YRD00694,DR00220,PR00006,Yard A,14000,13734,266,98.1,239,283,63
YRD00695,DR03506,PR00006,Yard D,11000,6886,4114,62.6,294,249,48
YRD00696,DR09903,PR00005,Yard C,13000,11492,1508,88.4,186,229,85
YRD00697,DR01590,PR00007,Yard B,12000,8976,3024,74.8,171,273,84
YRD00698,DR09341,PR00001,Yard D,11000,7018,3982,63.8,170,158,65
YRD00699,DR09945,PR00004,Yard D,11000,7282,3718,66.2,274,185,52
YRD00700,DR00509,PR00001,Yard E,12500,10950,1550,87.6,164,261,42
YRD00701,DR03913,PR00007,Yard A,14000,13482,518,96.3,247,259,76
YRD00702,DR04067,PR00007,Yard C,13000,10894,2106,83.8,206,239,85
YRD00703,DR07922,PR00002,Yard A,14000,13664,336,97.6,229,241,113
YRD00704,DR08120,PR00006,Yard C,13000,11635,1365,89.5,283,245,91
YRD00705,DR01574,PR00004,Yard C,13000,10920,2080,84.0,202,256,75
YRD00706,DR07331,PR00001,Yard A,14000,13790,210,98.5,218,273,90
YRD00707,DR05260,PR00004,Yard E,12500,11075,1425,88.6,232,196,52
YRD00708,DR01834,PR00007,Yard E,12500,11738,762,93.9,192,232,75
YRD00709,DR03617,PR00002,Yard D,11000,8250,2750,75.0,263,267,71
YRD00710,DR02897,PR00001,Yard E,12500,11038,1462,88.3,284,242,60
YRD00711,DR09477,PR00007,Yard B,12000,8640,3360,72.0,211,208,35
YRD00712,DR02748,PR00003,Yard A,14000,13790,210,98.5,307,280,84
YRD00713,DR07510,PR00003,Yard C,13000,10803,2197,83.1,158,207,80
YRD00714,DR07795,PR00005,Yard D,11000,7326,3674,66.6,217,286,71
YRD00715,DR00583,PR00004,Yard E,12500,11200,1300,89.6,262,251,90
YRD00716,DR01894,PR00002,Yard C,13000,11596,1404,89.2,305,206,74
YRD00717,DR02053,PR00001,Yard A,14000,12796,1204,91.4,254,215,92
YRD00718,DR01819,PR00006,Yard C,13000,10842,2158,83.4,156,252,83
YRD00719,DR00483,PR00003,Yard C,13000,11700,1300,90.0,282,255,75
YRD00720,DR05747,PR00005,Yard A,14000,13202,798,94.3,238,211,70
YRD00721,DR01134,PR00006,Yard E,12500,11375,1125,91.0,188,186,102
YRD00722,DR09229,PR00001,Yard E,12500,11388,1112,91.1,304,216,76
YRD00723,DR01196,PR00006,Yard A,14000,13790,210,98.5,249,211,85
YRD00724,DR00668,PR00005,Yard A,14000,13790,210,98.5,290,277,101
YRD00725,DR05715,PR00007,Yard E,12500,11988,512,95.9,263,289,73
YRD00726,DR08356,PR00002,Yard B,12000,8772,3228,73.1,287,182,38
YRD00727,DR07728,PR00002,Yard B,12000,8820,3180,73.5,324,219,40
YRD00728,DR05531,PR00004,Yard D,11000,7205,3795,65.5,191,237,59
YRD00729,DR02621,PR00007,Yard C,13000,11921,1079,91.7,231,192,82
YRD00730,DR07105,PR00007,Yard E,12500,11650,850,93.2,195,212,65
YRD00731,DR00692,PR00003,Yard D,11000,8129,2871,73.9,323,210,56
YRD00732,DR08551,PR00003,Yard C,13000,11817,1183,90.9,297,342,86
YRD00733,DR01970,PR00001,Yard D,11000,7953,3047,72.3,240,216,49
YRD00734,DR05535,PR00005,Yard D,11000,7304,3696,66.4,282,234,16
YRD00735,DR04746,PR00006,Yard E,12500,11938,562,95.5,216,254,70
YRD00736,DR03649,PR00006,Yard C,13000,11713,1287,90.1,259,266,95
YRD00737,DR00881,PR00002,Yard E,12500,11625,875,93.0,270,184,83
YRD00738,DR07223,PR00007,Yard D,11000,6952,4048,63.2,195,183,34
YRD00739,DR09826,PR00001,Yard A,14000,13650,350,97.5,290,284,95
YRD00740,DR03173,PR00003,Yard C,13000,11921,1079,91.7,187,280,111
YRD00741,DR02611,PR00004,Yard B,12000,9168,2832,76.4,192,271,90
YRD00742,DR03488,PR00003,Yard C,13000,11492,1508,88.4,247,115,89
YRD00743,DR07729,PR00005,Yard E,12500,11162,1338,89.3,172,159,92
YRD00744,DR07121,PR00004,Yard D,11000,7326,3674,66.6,289,203,42
YRD00745,DR08902,PR00001,Yard C,13000,9828,3172,75.6,106,200,74
YRD00746,DR04356,PR00001,Yard E,12500,10712,1788,85.7,263,223,89
YRD00747,DR04638,PR00003,Yard A,14000,13790,210,98.5,326,197,75
YRD00748,DR07591,PR00005,Yard B,12000,9276,2724,77.3,236,229,95
YRD00749,DR04322,PR00003,Yard C,13000,11713,1287,90.1,266,230,92
YRD00750,DR04257,PR00002,Yard B,12000,8916,3084,74.3,297,262,52
YRD00751,DR03126,PR00001,Yard E,12500,11575,925,92.6,297,236,99
YRD00752,DR07768,PR00006,Yard D,11000,7304,3696,66.4,248,192,19
YRD00753,DR06203,PR00003,Yard D,11000,7854,3146,71.4,245,256,42
YRD00754,DR06129,PR00003,Yard C,13000,11609,1391,89.3,262,197,104
YRD00755,DR08074,PR00003,Yard C,13000,10777,2223,82.9,189,216,77
YRD00756,DR02760,PR00002,Yard D,11000,7843,3157,71.3,224,209,15
YRD00757,DR01659,PR00002,Yard A,14000,13790,210,98.5,250,191,119
YRD00758,DR09598,PR00001,Yard E,12500,11762,738,94.1,265,271,72
YRD00759,DR00415,PR00005,Yard A,14000,13426,574,95.9,285,241,70
YRD00760,DR06762,PR00002,Yard C,13000,11583,1417,89.1,236,280,83
YRD00761,DR09659,PR00002,Yard A,14000,13790,210,98.5,241,262,107
YRD00762,DR05628,PR00007,Yard B,12000,8436,3564,70.3,236,209,63
YRD00763,DR06166,PR00003,Yard A,14000,13720,280,98.0,126,250,124
YRD00764,DR03350,PR00003,Yard B,12000,9360,2640,78.0,269,308,46
YRD00765,DR01687,PR00003,Yard C,13000,11596,1404,89.2,328,184,74
YRD00766,DR00249,PR00002,Yard B,12000,8652,3348,72.1,272,215,57
YRD00767,DR02111,PR00001,Yard A,14000,12838,1162,91.7,341,225,87
YRD00768,DR05157,PR00006,Yard B,12000,9204,2796,76.7,154,185,71
YRD00769,DR08938,PR00003,Yard E,12500,11725,775,93.8,275,247,70
YRD00770,DR00081,PR00005,Yard C,13000,11505,1495,88.5,293,212,78
YRD00771,DR03775,PR00007,Yard A,14000,13496,504,96.4,247,247,91
YRD00772,DR08282,PR00001,Yard E,12500,11362,1138,90.9,324,218,93
YRD00773,DR08982,PR00005,Yard C,13000,12064,936,92.8,360,269,87
YRD00774,DR02662,PR00001,Yard A,14000,13790,210,98.5,323,270,82
YRD00775,DR07692,PR00003,Yard B,12000,9252,2748,77.1,216,249,54
YRD00776,DR08497,PR00006,Yard A,14000,13440,560,96.0,266,222,82
YRD00777,DR04079,PR00001,Yard C,13000,11492,1508,88.4,246,234,66
YRD00778,DR04827,PR00007,Yard A,14000,13790,210,98.5,337,249,93
YRD00779,DR02601,PR00004,Yard C,13000,11466,1534,88.2,281,202,101
YRD00780,DR03487,PR00003,Yard E,12500,11300,1200,90.4,249,220,111
YRD00781,DR00562,PR00001,Yard A,14000,13566,434,96.9,253,269,116
YRD00782,DR01537,PR00004,Yard A,14000,13790,210,98.5,256,236,97
YRD00783,DR04465,PR00003,Yard C,13000,11726,1274,90.2,255,196,62
YRD00784,DR00257,PR00002,Yard A,14000,13790,210,98.5,224,190,90
YRD00785,DR03898,PR00003,Yard D,11000,7634,3366,69.4,148,215,64
YRD00786,DR07371,PR00001,Yard C,13000,11245,1755,86.5,251,249,34
YRD00787,DR05838,PR00007,Yard E,12500,11850,650,94.8,262,247,98
YRD00788,DR02649,PR00002,Yard E,12500,10612,1888,84.9,243,233,86
YRD00789,DR00968,PR00003,Yard C,13000,10712,2288,82.4,323,310,67
YRD00790,DR09264,PR00006,Yard D,11000,7194,3806,65.4,196,176,49
YRD00791,DR01966,PR00005,Yard D,11000,7843,3157,71.3,242,223,56
YRD00792,DR00880,PR00006,Yard C,13000,10569,2431,81.3,245,239,84
YRD00793,DR09462,PR00007,Yard B,12000,9528,2472,79.4,306,272,74
YRD00794,DR06955,PR00001,Yard A,14000,13790,210,98.5,234,196,113
YRD00795,DR00663,PR00003,Yard C,13000,10712,2288,82.4,177,182,49
YRD00796,DR02915,PR00005,Yard B,12000,8364,3636,69.7,183,192,71
YRD00797,DR06063,PR00001,Yard A,14000,13608,392,97.2,292,177,94
YRD00798,DR06653,PR00005,Yard E,12500,11950,550,95.6,182,241,102
YRD00799,DR09096,PR00001,Yard D,11000,7788,3212,70.8,238,277,75
YRD00800,DR02238,PR00007,Yard C,13000,10842,2158,83.4,263,325,80
YRD00801,DR05987,PR00005,Yard C,13000,11193,1807,86.1,227,247,77
YRD00802,DR07482,PR00004,Yard D,11000,6996,4004,63.6,210,252,53
YRD00803,DR07899,PR00003,Yard D,11000,7216,3784,65.6,192,248,55
YRD00804,DR09511,PR00007,Yard E,12500,11988,512,95.9,140,168,72
YRD00805,DR04369,PR00005,Yard A,14000,13762,238,98.3,288,236,117
YRD00806,DR04374,PR00006,Yard E,12500,11038,1462,88.3,279,200,75
YRD00807,DR06069,PR00006,Yard A,14000,13258,742,94.7,135,206,74
YRD00808,DR02580,PR00001,Yard A,14000,12894,1106,92.1,161,245,67
YRD00809,DR08963,PR00001,Yard A,14000,12782,1218,91.3,197,188,77
YRD00810,DR05469,PR00001,Yard E,12500,12188,312,97.5,258,283,101
YRD00811,DR05390,PR00004,Yard A,14000,13468,532,96.2,264,244,108
YRD00812,DR02428,PR00004,Yard A,14000,13706,294,97.9,227,227,86
YRD00813,DR00592,PR00002,Yard C,13000,11167,1833,85.9,128,146,56
YRD00814,DR08019,PR00007,Yard C,13000,11453,1547,88.1,344,248,89
YRD00815,DR08656,PR00001,Yard A,14000,13076,924,93.4,219,322,69
YRD00816,DR02498,PR00005,Yard D,11000,7656,3344,69.6,163,148,51
YRD00817,DR07893,PR00003,Yard C,13000,11518,1482,88.6,185,212,85
YRD00818,DR06187,PR00003,Yard C,13000,12272,728,94.4,326,217,94
YRD00819,DR03528,PR00001,Yard E,12500,11712,788,93.7,212,249,103
YRD00820,DR05138,PR00005,Yard C,13000,11414,1586,87.8,346,214,57
YRD00821,DR02442,PR00005,Yard B,12000,9168,2832,76.4,224,221,65
YRD00822,DR09788,PR00002,Yard D,11000,7150,3850,65.0,187,235,60
YRD00823,DR05974,PR00003,Yard E,12500,10725,1775,85.8,189,224,99
YRD00824,DR03190,PR00004,Yard E,12500,12088,412,96.7,289,274,61
YRD00825,DR08460,PR00003,Yard C,13000,12090,910,93.0,266,249,85
YRD00826,DR01865,PR00004,Yard C,13000,11284,1716,86.8,261,193,93
YRD00827,DR00366,PR00003,Yard A,14000,12488,1512,89.2,236,185,105
YRD00828,DR09602,PR00006,Yard A,14000,13566,434,96.9,188,294,91
YRD00829,DR08135,PR00005,Yard C,13000,11687,1313,89.9,295,242,88
YRD00830,DR00925,PR00001,Yard D,11000,7469,3531,67.9,239,176,27
YRD00831,DR00373,PR00006,Yard C,13000,11362,1638,87.4,260,256,82
YRD00832,DR02899,PR00002,Yard E,12500,11638,862,93.1,268,262,88
YRD00833,DR06522,PR00007,Yard A,14000,13790,210,98.5,269,139,76
YRD00834,DR02493,PR00004,Yard D,11000,7634,3366,69.4,259,323,81
YRD00835,DR01192,PR00001,Yard B,12000,9000,3000,75.0,237,217,59
YRD00836,DR07892,PR00005,Yard D,11000,7590,3410,69.0,267,226,56
YRD00837,DR02631,PR00001,Yard E,12500,11512,988,92.1,305,256,71
YRD00838,DR02100,PR00006,Yard D,11000,7656,3344,69.6,190,118,51
YRD00839,DR07614,PR00007,Yard C,13000,11375,1625,87.5,189,290,76
YRD00840,DR03018,PR00005,Yard D,11000,7920,3080,72.0,218,281,89
YRD00841,DR01768,PR00003,Yard E,12500,11800,700,94.4,227,264,115
YRD00842,DR08076,PR00004,Yard D,11000,7216,3784,65.6,324,223,68
YRD00843,DR01459,PR00003,Yard E,12500,11750,750,94.0,231,183,85
YRD00844,DR09258,PR00001,Yard A,14000,13790,210,98.5,240,230,118
YRD00845,DR08280,PR00007,Yard A,14000,13790,210,98.5,182,233,112
YRD00846,DR01207,PR00002,Yard C,13000,10634,2366,81.8,214,161,85
YRD00847,DR03560,PR00002,Yard E,12500,11350,1150,90.8,159,303,99
YRD00848,DR08777,PR00001,Yard C,13000,11388,1612,87.6,337,247,83
YRD00849,DR06817,PR00007,Yard C,13000,11193,1807,86.1,208,245,62
YRD00850,DR02590,PR00007,Yard C,13000,11427,1573,87.9,360,205,116
YRD00851,DR09757,PR00002,Yard B,12000,8724,3276,72.7,314,277,40
YRD00852,DR06908,PR00002,Yard A,14000,13384,616,95.6,240,217,62
YRD00853,DR00818,PR00006,Yard C,13000,11063,1937,85.1,208,208,72
YRD00854,DR01283,PR00003,Yard E,12500,11812,688,94.5,277,270,68
YRD00855,DR01520,PR00007,Yard A,14000,13790,210,98.5,297,231,51
YRD00856,DR01328,PR00007,Yard A,14000,13678,322,97.7,204,210,86
YRD00857,DR03375,PR00005,Yard A,14000,13440,560,96.0,206,158,89
YRD00858,DR06268,PR00001,Yard E,12500,11962,538,95.7,184,214,132
YRD00859,DR08478,PR00005,Yard C,13000,11622,1378,89.4,270,265,123
YRD00860,DR09053,PR00007,Yard A,14000,12880,1120,92.0,148,122,63
YRD00861,DR03771,PR00003,Yard A,14000,13790,210,98.5,212,189,111
YRD00862,DR07852,PR00006,Yard A,14000,13790,210,98.5,279,221,101
YRD00863,DR04993,PR00003,Yard D,11000,7260,3740,66.0,226,263,66
YRD00864,DR00039,PR00007,Yard C,13000,11141,1859,85.7,249,262,74
YRD00865,DR05908,PR00004,Yard D,11000,7414,3586,67.4,229,273,38
YRD00866,DR06671,PR00001,Yard C,13000,10556,2444,81.2,163,189,39
YRD00867,DR00731,PR00003,Yard B,12000,9528,2472,79.4,262,301,66
YRD00868,DR00606,PR00001,Yard A,14000,13678,322,97.7,246,285,87
YRD00869,DR00607,PR00003,Yard A,14000,13622,378,97.3,216,266,109
YRD00870,DR06701,PR00007,Yard C,13000,12194,806,93.8,283,288,93
YRD00871,DR05915,PR00002,Yard B,12000,9084,2916,75.7,181,183,50
YRD00872,DR00817,PR00007,Yard A,14000,13510,490,96.5,176,174,97
YRD00873,DR06139,PR00001,Yard B,12000,9096,2904,75.8,235,318,66
YRD00874,DR03847,PR00004,Yard C,13000,10881,2119,83.7,256,181,53
YRD00875,DR09371,PR00007,Yard E,12500,12312,188,98.5,209,264,92
YRD00876,DR07617,PR00004,Yard E,12500,11800,700,94.4,174,211,85
YRD00877,DR08881,PR00006,Yard B,12000,8760,3240,73.0,243,243,70
YRD00878,DR01196,PR00007,Yard B,12000,9288,2712,77.4,325,254,52
YRD00879,DR05824,PR00004,Yard B,12000,8940,3060,74.5,211,311,48
YRD00880,DR03751,PR00006,Yard E,12500,10550,1950,84.4,126,171,59
YRD00881,DR04392,PR00001,Yard A,14000,13790,210,98.5,183,217,99
YRD00882,DR09761,PR00003,Yard D,11000,6699,4301,60.9,203,315,45
YRD00883,DR01647,PR00002,Yard D,11000,7513,3487,68.3,298,268,53
YRD00884,DR04516,PR00006,Yard C,13000,11219,1781,86.3,254,213,59
YRD00885,DR09131,PR00005,Yard A,14000,13790,210,98.5,299,235,127
YRD00886,DR04095,PR00004,Yard C,13000,11167,1833,85.9,167,230,108
YRD00887,DR06190,PR00007,Yard E,12500,11750,750,94.0,213,203,79
YRD00888,DR01973,PR00001,Yard E,12500,11388,1112,91.1,235,224,63
YRD00889,DR01207,PR00007,Yard C,13000,11167,1833,85.9,252,165,54
YRD00890,DR05732,PR00001,Yard C,13000,10777,2223,82.9,305,240,60
YRD00891,DR00729,PR00002,Yard A,14000,13566,434,96.9,303,221,103
YRD00892,DR01636,PR00004,Yard A,14000,13356,644,95.4,255,205,103
YRD00893,DR04260,PR00002,Yard E,12500,11412,1088,91.3,308,226,112
YRD00894,DR09812,PR00005,Yard A,14000,13790,210,98.5,262,229,90
YRD00895,DR03089,PR00005,Yard C,13000,10595,2405,81.5,253,243,89
YRD00896,DR09166,PR00006,Yard E,12500,11025,1475,88.2,326,269,102
YRD00897,DR04573,PR00001,Yard E,12500,11100,1400,88.8,223,245,67
YRD00898,DR04896,PR00001,Yard B,12000,8772,3228,73.1,211,234,57
YRD00899,DR09276,PR00001,Yard C,13000,11609,1391,89.3,295,317,78
YRD00900,DR02716,PR00003,Yard E,12500,11138,1362,89.1,227,350,63
YRD00901,DR06056,PR00001,Yard E,12500,11788,712,94.3,334,276,70
YRD00902,DR00222,PR00002,Yard D,11000,6578,4422,59.8,173,287,38
YRD00903,DR05835,PR00006,Yard E,12500,11038,1462,88.3,250,215,65
YRD00904,DR07033,PR00007,Yard C,13000,10712,2288,82.4,210,190,92
YRD00905,DR01624,PR00006,Yard A,14000,13790,210,98.5,226,193,82
YRD00906,DR01577,PR00001,Yard E,12500,11700,800,93.6,279,248,113
YRD00907,DR08310,PR00004,Yard E,12500,11900,600,95.2,305,249,113
YRD00908,DR03564,PR00001,Yard D,11000,7909,3091,71.9,226,263,62
YRD00909,DR03117,PR00003,Yard B,12000,9084,2916,75.7,227,230,60
YRD00910,DR05425,PR00003,Yard A,14000,13468,532,96.2,284,224,75
YRD00911,DR01363,PR00007,Yard E,12500,12312,188,98.5,110,220,96
YRD00912,DR06485,PR00004,Yard A,14000,13748,252,98.2,289,241,110
YRD00913,DR05325,PR00002,Yard A,14000,13510,490,96.5,284,258,64
YRD00914,DR09302,PR00004,Yard A,14000,13776,224,98.4,357,265,89
YRD00915,DR07323,PR00007,Yard D,11000,7832,3168,71.2,201,194,65
YRD00916,DR03377,PR00001,Yard C,13000,11726,1274,90.2,244,309,91
YRD00917,DR08908,PR00006,Yard C,13000,11440,1560,88.0,189,272,47
YRD00918,DR02424,PR00002,Yard B,12000,9492,2508,79.1,277,248,90
YRD00919,DR00691,PR00001,Yard E,12500,11825,675,94.6,164,245,75
YRD00920,DR02744,PR00006,Yard A,14000,13790,210,98.5,291,212,100
YRD00921,DR09001,PR00001,Yard C,13000,11089,1911,85.3,148,216,54
YRD00922,DR01107,PR00005,Yard E,12500,11462,1038,91.7,282,161,94
YRD00923,DR04429,PR00001,Yard B,12000,8796,3204,73.3,238,222,58
YRD00924,DR09031,PR00004,Yard C,13000,11453,1547,88.1,222,217,106
YRD00925,DR08363,PR00004,Yard D,11000,8008,2992,72.8,280,255,103
YRD00926,DR08816,PR00006,Yard C,13000,11934,1066,91.8,151,280,67
YRD00927,DR00087,PR00006,Yard E,12500,11225,1275,89.8,227,237,95
YRD00928,DR07814,PR00005,Yard C,13000,10699,2301,82.3,238,202,74
YRD00929,DR00280,PR00003,Yard B,12000,8676,3324,72.3,259,269,50
YRD00930,DR06600,PR00001,Yard B,12000,8760,3240,73.0,271,234,49
YRD00931,DR08252,PR00004,Yard C,13000,11024,1976,84.8,166,239,64
YRD00932,DR08351,PR00003,Yard C,13000,11050,1950,85.0,187,209,88
YRD00933,DR09853,PR00001,Yard E,12500,11712,788,93.7,255,283,102
YRD00934,DR04155,PR00007,Yard A,14000,13790,210,98.5,360,294,106
YRD00935,DR05633,PR00002,Yard D,11000,6963,4037,63.3,233,230,22
YRD00936,DR00057,PR00001,Yard D,11000,7348,3652,66.8,199,172,65
YRD00937,DR02998,PR00007,Yard D,11000,7194,3806,65.4,291,302,88
YRD00938,DR04261,PR00004,Yard B,12000,8352,3648,69.6,210,249,38
YRD00939,DR09087,PR00005,Yard B,12000,9012,2988,75.1,247,233,88
YRD00940,DR04445,PR00001,Yard B,12000,8772,3228,73.1,227,184,97
YRD00941,DR07566,PR00003,Yard D,11000,7062,3938,64.2,233,231,57
YRD00942,DR00854,PR00004,Yard E,12500,11250,1250,90.0,192,203,90
YRD00943,DR08324,PR00002,Yard C,13000,11375,1625,87.5,218,259,52
YRD00944,DR05947,PR00005,Yard C,13000,11973,1027,92.1,303,288,80
YRD00945,DR09647,PR00002,Yard C,13000,11882,1118,91.4,344,280,96
YRD00946,DR05520,PR00002,Yard E,12500,11625,875,93.0,262,252,65
YRD00947,DR06893,PR00001,Yard A,14000,13790,210,98.5,328,218,92
YRD00948,DR04145,PR00002,Yard D,11000,7282,3718,66.2,148,179,48
YRD00949,DR03094,PR00002,Yard D,11000,7656,3344,69.6,286,224,42
YRD00950,DR00025,PR00005,Yard A,14000,13790,210,98.5,273,273,110
YRD00951,DR02899,PR00004,Yard C,13000,11700,1300,90.0,234,274,83
YRD00952,DR06014,PR00001,Yard D,11000,7150,3850,65.0,245,196,43
YRD00953,DR09290,PR00004,Yard E,12500,12075,425,96.6,322,272,78
YRD00954,DR06642,PR00002,Yard E,12500,12188,312,97.5,320,214,112
YRD00955,DR01816,PR00003,Yard E,12500,11950,550,95.6,176,163,77
YRD00956,DR05209,PR00006,Yard B,12000,9276,2724,77.3,298,228,88
YRD00957,DR07869,PR00005,Yard D,11000,6908,4092,62.8,319,306,83
YRD00958,DR05705,PR00004,Yard E,12500,12112,388,96.9,292,238,120
YRD00959,DR06747,PR00002,Yard C,13000,12051,949,92.7,239,271,97
YRD00960,DR03703,PR00001,Yard B,12000,8928,3072,74.4,195,215,54
YRD00961,DR03947,PR00005,Yard D,11000,7326,3674,66.6,147,248,21
YRD00962,DR01491,PR00004,Yard A,14000,13314,686,95.1,209,193,107
YRD00963,DR05399,PR00004,Yard E,12500,11475,1025,91.8,213,152,77
YRD00964,DR02406,PR00007,Yard A,14000,13790,210,98.5,185,216,87
YRD00965,DR06696,PR00002,Yard A,14000,13790,210,98.5,296,253,84
YRD00966,DR02460,PR00006,Yard A,14000,13790,210,98.5,249,292,84
YRD00967,DR02038,PR00004,Yard E,12500,11738,762,93.9,272,244,69
YRD00968,DR02020,PR00002,Yard D,11000,7040,3960,64.0,262,329,69
YRD00969,DR03939,PR00001,Yard E,12500,12312,188,98.5,296,169,74
YRD00970,DR04862,PR00004,Yard B,12000,8388,3612,69.9,204,203,55
YRD00971,DR07044,PR00002,Yard A,14000,13790,210,98.5,226,246,72
YRD00972,DR02976,PR00005,Yard C,13000,11492,1508,88.4,277,203,87
YRD00973,DR06959,PR00005,Yard E,12500,11788,712,94.3,217,190,81
YRD00974,DR06044,PR00003,Yard B,12000,9468,2532,78.9,257,197,88
YRD00975,DR02270,PR00003,Yard D,11000,7667,3333,69.7,294,271,70
YRD00976,DR09086,PR00004,Yard A,14000,13790,210,98.5,260,261,65
YRD00977,DR02708,PR00003,Yard B,12000,9864,2136,82.2,358,192,83
YRD00978,DR09614,PR00006,Yard A,14000,13790,210,98.5,224,178,75
YRD00979,DR09979,PR00001,Yard A,14000,13580,420,97.0,291,308,71
YRD00980,DR05244,PR00007,Yard B,12000,8616,3384,71.8,285,180,63
YRD00981,DR04544,PR00001,Yard E,12500,11825,675,94.6,258,196,109
YRD00982,DR08786,PR00002,Yard C,13000,11232,1768,86.4,277,180,74
YRD00983,DR01542,PR00005,Yard E,12500,11525,975,92.2,214,188,66
YRD00984,DR07738,PR00001,Yard A,14000,13538,462,96.7,268,268,73
YRD00985,DR06797,PR00002,Yard E,12500,11450,1050,91.6,229,228,71
YRD00986,DR02047,PR00001,Yard B,12000,8808,3192,73.4,293,239,67
YRD00987,DR00988,PR00005,Yard A,14000,13356,644,95.4,218,201,73
YRD00988,DR09317,PR00004,Yard D,11000,7711,3289,70.1,263,233,68
YRD00989,DR07903,PR00001,Yard B,12000,8988,3012,74.9,220,115,57
YRD00990,DR08473,PR00003,Yard C,13000,11011,1989,84.7,216,214,81
YRD00991,DR08683,PR00002,Yard A,14000,13552,448,96.8,162,173,71
YRD00992,DR07033,PR00007,Yard C,13000,11349,1651,87.3,258,166,77
YRD00993,DR06019,PR00001,Yard B,12000,9780,2220,81.5,257,253,95
YRD00994,DR09964,PR00004,Yard C,13000,10959,2041,84.3,290,231,80
YRD00995,DR07008,PR00003,Yard C,13000,11687,1313,89.9,294,232,110
YRD00996,DR04942,PR00004,Yard B,12000,8376,3624,69.8,265,254,52
YRD00997,DR04043,PR00007,Yard A,14000,13790,210,98.5,262,323,93
YRD00998,DR06750,PR00002,Yard A,14000,12600,1400,90.0,189,185,79
YRD00999,DR04760,PR00005,Yard E,12500,11562,938,92.5,227,176,77
YRD01000,DR09543,PR00003,Yard E,12500,11512,988,92.1,254,247,82
YRD01001,DR06101,PR00004,Yard A,14000,12964,1036,92.6,238,209,42
YRD01002,DR08358,PR00003,Yard E,12500,11425,1075,91.4,244,276,51
YRD01003,DR02713,PR00002,Yard A,14000,13790,210,98.5,240,292,86
YRD01004,DR03371,PR00001,Yard E,12500,11650,850,93.2,216,216,53
YRD01005,DR06814,PR00001,Yard D,11000,7216,3784,65.6,293,164,34
YRD01006,DR07635,PR00007,Yard A,14000,13790,210,98.5,235,236,62
YRD01007,DR05474,PR00006,Yard E,12500,11562,938,92.5,328,270,101
YRD01008,DR02830,PR00002,Yard C,13000,9997,3003,76.9,172,149,62
YRD01009,DR04279,PR00003,Yard B,12000,9324,2676,77.7,242,197,74
YRD01010,DR05567,PR00005,Yard D,11000,7304,3696,66.4,256,196,52
YRD01011,DR07364,PR00002,Yard A,14000,13790,210,98.5,281,247,92
YRD01012,DR01317,PR00003,Yard C,13000,11947,1053,91.9,244,229,86
YRD01013,DR07126,PR00005,Yard A,14000,12992,1008,92.8,198,216,95
YRD01014,DR06853,PR00002,Yard B,12000,8316,3684,69.3,171,161,5
YRD01015,DR05823,PR00003,Yard E,12500,11650,850,93.2,247,244,82
YRD01016,DR07456,PR00002,Yard E,12500,10838,1662,86.7,219,206,95
YRD01017,DR07337,PR00001,Yard D,11000,7601,3399,69.1,288,237,76
YRD01018,DR00370,PR00005,Yard D,11000,7645,3355,69.5,234,275,69
YRD01019,DR05326,PR00005,Yard E,12500,11662,838,93.3,200,229,79
YRD01020,DR01746,PR00007,Yard A,14000,13146,854,93.9,235,196,75
YRD01021,DR07723,PR00001,Yard C,13000,11284,1716,86.8,282,254,81
YRD01022,DR02844,PR00005,Yard C,13000,11063,1937,85.1,326,205,77
YRD01023,DR05110,PR00007,Yard C,13000,11154,1846,85.8,141,160,40
YRD01024,DR03966,PR00004,Yard E,12500,11550,950,92.4,344,255,90
YRD01025,DR04607,PR00007,Yard C,13000,11583,1417,89.1,238,216,49
YRD01026,DR03630,PR00007,Yard C,13000,10920,2080,84.0,229,276,105
YRD01027,DR06491,PR00006,Yard E,12500,12100,400,96.8,280,295,102
YRD01028,DR02026,PR00007,Yard C,13000,10673,2327,82.1,173,187,65
YRD01029,DR06747,PR00004,Yard B,12000,9024,2976,75.2,210,177,34
YRD01030,DR08892,PR00003,Yard D,11000,7271,3729,66.1,240,215,68
YRD01031,DR04373,PR00007,Yard D,11000,7502,3498,68.2,271,217,54
YRD01032,DR05161,PR00006,Yard A,14000,13790,210,98.5,302,287,60
YRD01033,DR04004,PR00001,Yard A,14000,13244,756,94.6,248,285,100
YRD01034,DR02869,PR00002,Yard B,12000,10044,1956,83.7,284,321,90
YRD01035,DR06072,PR00002,Yard B,12000,8952,3048,74.6,245,246,50
YRD01036,DR05182,PR00006,Yard B,12000,9468,2532,78.9,280,289,57
YRD01037,DR07826,PR00002,Yard C,13000,12051,949,92.7,298,297,84
YRD01038,DR06994,PR00002,Yard E,12500,12062,438,96.5,168,277,101
YRD01039,DR07259,PR00003,Yard B,12000,9312,2688,77.6,220,191,72
YRD01040,DR04400,PR00001,Yard A,14000,13790,210,98.5,284,191,110
YRD01041,DR06801,PR00007,Yard B,12000,9216,2784,76.8,252,274,37
YRD01042,DR08217,PR00003,Yard A,14000,13790,210,98.5,256,259,144
YRD01043,DR07074,PR00001,Yard E,12500,11125,1375,89.0,198,230,75
YRD01044,DR01699,PR00002,Yard E,12500,11438,1062,91.5,166,177,65
YRD01045,DR01702,PR00006,Yard E,12500,12075,425,96.6,211,233,134
YRD01046,DR02451,PR00004,Yard E,12500,12012,488,96.1,247,259,93
YRD01047,DR03718,PR00003,Yard D,11000,7667,3333,69.7,242,196,33
YRD01048,DR05006,PR00002,Yard C,13000,10907,2093,83.9,273,217,90
YRD01049,DR01494,PR00007,Yard A,14000,12516,1484,89.4,183,141,76
YRD01050,DR05920,PR00005,Yard D,11000,7029,3971,63.9,360,253,80
YRD01051,DR09893,PR00005,Yard C,13000,10816,2184,83.2,234,264,74
YRD01052,DR07652,PR00003,Yard C,13000,11115,1885,85.5,173,222,85
YRD01053,DR09293,PR00007,Yard C,13000,10920,2080,84.0,327,187,74
YRD01054,DR09678,PR00005,Yard E,12500,11150,1350,89.2,256,182,98
YRD01055,DR02726,PR00003,Yard C,13000,11167,1833,85.9,193,235,88
YRD01056,DR04848,PR00007,Yard E,12500,10625,1875,85.0,249,199,93
YRD01057,DR00906,PR00006,Yard C,13000,12025,975,92.5,333,246,72
YRD01058,DR06904,PR00005,Yard E,12500,12038,462,96.3,290,224,80
YRD01059,DR04577,PR00005,Yard B,12000,9228,2772,76.9,274,244,62
YRD01060,DR02144,PR00003,Yard D,11000,8008,2992,72.8,302,202,95
YRD01061,DR08185,PR00003,Yard C,13000,10738,2262,82.6,190,328,53
YRD01062,DR02302,PR00001,Yard A,14000,13230,770,94.5,218,240,128
YRD01063,DR04780,PR00004,Yard B,12000,9060,2940,75.5,243,270,64
YRD01064,DR06280,PR00003,Yard C,13000,10790,2210,83.0,139,173,96
YRD01065,DR08915,PR00002,Yard D,11000,7986,3014,72.6,287,341,56
YRD01066,DR05744,PR00007,Yard B,12000,8136,3864,67.8,178,183,33
YRD01067,DR05518,PR00001,Yard B,12000,9228,2772,76.9,322,227,87
YRD01068,DR08709,PR00006,Yard E,12500,11800,700,94.4,219,198,79
YRD01069,DR05090,PR00002,Yard A,14000,12530,1470,89.5,146,254,90
YRD01070,DR08650,PR00001,Yard C,13000,11622,1378,89.4,247,302,59
YRD01071,DR06385,PR00001,Yard E,12500,11525,975,92.2,272,242,103
YRD01072,DR01316,PR00003,Yard E,12500,11500,1000,92.0,267,234,106
YRD01073,DR00695,PR00003,Yard E,12500,11512,988,92.1,209,198,68
YRD01074,DR09679,PR00002,Yard B,12000,8664,3336,72.2,271,183,79
YRD01075,DR08146,PR00004,Yard A,14000,13426,574,95.9,190,292,71
YRD01076,DR05259,PR00003,Yard C,13000,11466,1534,88.2,314,277,97
YRD01077,DR07648,PR00001,Yard D,11000,6875,4125,62.5,222,241,61
YRD01078,DR07553,PR00002,Yard C,13000,11427,1573,87.9,304,256,89
YRD01079,DR09584,PR00001,Yard E,12500,11562,938,92.5,260,276,59
YRD01080,DR00507,PR00001,Yard C,13000,11661,1339,89.7,314,217,56
YRD01081,DR07804,PR00002,Yard A,14000,13790,210,98.5,285,297,81
YRD01082,DR07106,PR00005,Yard D,11000,8195,2805,74.5,272,250,33
YRD01083,DR05405,PR00005,Yard B,12000,8232,3768,68.6,210,208,50
YRD01084,DR04036,PR00006,Yard A,14000,13790,210,98.5,267,274,133
YRD01085,DR02365,PR00005,Yard D,11000,8173,2827,74.3,314,350,55
YRD01086,DR08944,PR00003,Yard A,14000,13790,210,98.5,245,267,88
YRD01087,DR04800,PR00002,Yard D,11000,6677,4323,60.7,184,179,63
YRD01088,DR09783,PR00001,Yard A,14000,13594,406,97.1,253,262,81
YRD01089,DR06931,PR00004,Yard E,12500,12250,250,98.0,248,184,98
YRD01090,DR01977,PR00002,Yard B,12000,8688,3312,72.4,202,225,55
YRD01091,DR01436,PR00002,Yard E,12500,11000,1500,88.0,297,220,94
YRD01092,DR05277,PR00007,Yard D,11000,8184,2816,74.4,260,179,80
YRD01093,DR00443,PR00001,Yard B,12000,8436,3564,70.3,305,277,39
YRD01094,DR09765,PR00001,Yard E,12500,11975,525,95.8,174,253,99
YRD01095,DR04609,PR00007,Yard B,12000,8880,3120,74.0,247,212,69
YRD01096,DR02986,PR00002,Yard E,12500,11538,962,92.3,216,243,73
YRD01097,DR07219,PR00003,Yard E,12500,12138,362,97.1,224,303,119
YRD01098,DR06196,PR00001,Yard C,13000,11466,1534,88.2,249,256,62
YRD01099,DR02551,PR00003,Yard D,11000,7722,3278,70.2,272,213,54
YRD01100,DR08923,PR00007,Yard B,12000,9348,2652,77.9,343,250,42
YRD01101,DR08355,PR00005,Yard C,13000,11128,1872,85.6,297,197,77
YRD01102,DR08980,PR00003,Yard D,11000,7634,3366,69.4,311,220,71
YRD01103,DR08173,PR00002,Yard B,12000,8940,3060,74.5,156,166,69
YRD01104,DR08670,PR00003,Yard B,12000,9096,2904,75.8,252,254,96
YRD01105,DR06370,PR00004,Yard E,12500,11212,1288,89.7,355,206,80
YRD01106,DR06909,PR00002,Yard D,11000,7524,3476,68.4,292,202,48
YRD01107,DR04896,PR00001,Yard D,11000,7612,3388,69.2,169,273,63
YRD01108,DR06560,PR00005,Yard C,13000,11401,1599,87.7,305,220,75
YRD01109,DR01179,PR00006,Yard C,13000,10816,2184,83.2,244,272,62
YRD01110,DR03543,PR00007,Yard A,14000,13454,546,96.1,187,234,90
YRD01111,DR04656,PR00006,Yard A,14000,13790,210,98.5,250,210,75
YRD01112,DR05724,PR00003,Yard D,11000,7766,3234,70.6,178,151,47
YRD01113,DR02610,PR00006,Yard E,12500,12312,188,98.5,247,305,106
YRD01114,DR01627,PR00007,Yard A,14000,13790,210,98.5,217,213,101
YRD01115,DR04951,PR00001,Yard C,13000,11076,1924,85.2,176,141,88
YRD01116,DR06980,PR00003,Yard A,14000,13790,210,98.5,248,167,82
YRD01117,DR06928,PR00002,Yard A,14000,13230,770,94.5,218,183,61
YRD01118,DR09925,PR00007,Yard A,14000,13790,210,98.5,229,235,86
YRD01119,DR04615,PR00007,Yard B,12000,9120,2880,76.0,346,258,22
YRD01120,DR00831,PR00006,Yard A,14000,13482,518,96.3,257,222,82
YRD01121,DR02448,PR00002,Yard D,11000,7491,3509,68.1,344,194,41
YRD01122,DR00089,PR00007,Yard C,13000,11466,1534,88.2,217,216,77
YRD01123,DR03015,PR00001,Yard B,12000,8556,3444,71.3,216,298,71
YRD01124,DR04022,PR00001,Yard D,11000,7711,3289,70.1,287,253,48
YRD01125,DR07271,PR00004,Yard C,13000,10530,2470,81.0,234,220,79
YRD01126,DR07916,PR00006,Yard A,14000,13440,560,96.0,201,235,108
YRD01127,DR01795,PR00006,Yard A,14000,13174,826,94.1,212,209,86
YRD01128,DR02035,PR00002,Yard A,14000,13426,574,95.9,254,178,87
YRD01129,DR06287,PR00003,Yard E,12500,11588,912,92.7,190,239,86
YRD01130,DR06741,PR00003,Yard E,12500,12075,425,96.6,278,296,97
YRD01131,DR07273,PR00001,Yard E,12500,11775,725,94.2,182,131,83
YRD01132,DR03352,PR00006,Yard D,11000,7568,3432,68.8,352,254,39
YRD01133,DR04770,PR00002,Yard B,12000,8988,3012,74.9,229,220,49
YRD01134,DR06683,PR00001,Yard A,14000,13034,966,93.1,232,241,74
YRD01135,DR01905,PR00003,Yard A,14000,13790,210,98.5,184,279,97
YRD01136,DR01981,PR00005,Yard D,11000,7887,3113,71.7,271,243,33
YRD01137,DR08433,PR00006,Yard A,14000,13664,336,97.6,196,174,77
YRD01138,DR08962,PR00002,Yard A,14000,13608,392,97.2,263,292,58
YRD01139,DR07041,PR00001,Yard D,11000,7337,3663,66.7,207,196,15
YRD01140,DR00993,PR00007,Yard A,14000,13174,826,94.1,163,146,89
YRD01141,DR06076,PR00004,Yard E,12500,11588,912,92.7,172,196,92
YRD01142,DR00712,PR00003,Yard E,12500,11912,588,95.3,229,226,96
YRD01143,DR09503,PR00001,Yard C,13000,10517,2483,80.9,271,233,73
YRD01144,DR04907,PR00007,Yard C,13000,11518,1482,88.6,247,267,41
YRD01145,DR08835,PR00005,Yard D,11000,8415,2585,76.5,334,253,71
YRD01146,DR00431,PR00002,Yard D,11000,7271,3729,66.1,183,226,77
YRD01147,DR02512,PR00001,Yard C,13000,11375,1625,87.5,191,223,69
YRD01148,DR02924,PR00001,Yard C,13000,12272,728,94.4,303,241,75
YRD01149,DR06692,PR00002,Yard E,12500,11900,600,95.2,309,284,113
YRD01150,DR07929,PR00001,Yard D,11000,7876,3124,71.6,245,212,39
YRD01151,DR08281,PR00002,Yard A,14000,13790,210,98.5,265,286,98
YRD01152,DR05369,PR00001,Yard B,12000,9372,2628,78.1,303,300,73
YRD01153,DR05684,PR00003,Yard E,12500,11625,875,93.0,193,258,81
YRD01154,DR07138,PR00003,Yard C,13000,11336,1664,87.2,237,242,72
YRD01155,DR00611,PR00003,Yard E,12500,11038,1462,88.3,294,288,83
YRD01156,DR03774,PR00006,Yard C,13000,10530,2470,81.0,203,327,87
YRD01157,DR07839,PR00002,Yard E,12500,11800,700,94.4,294,272,57
YRD01158,DR04346,PR00006,Yard A,14000,13790,210,98.5,299,215,95
YRD01159,DR01155,PR00007,Yard E,12500,11700,800,93.6,198,226,103
YRD01160,DR04246,PR00007,Yard E,12500,11425,1075,91.4,223,226,90
YRD01161,DR07923,PR00001,Yard A,14000,13496,504,96.4,236,249,98
YRD01162,DR02985,PR00002,Yard D,11000,7073,3927,64.3,218,162,25
YRD01163,DR07700,PR00004,Yard B,12000,9864,2136,82.2,241,310,76
YRD01164,DR07006,PR00001,Yard C,13000,11037,1963,84.9,185,172,73
YRD01165,DR07099,PR00001,Yard A,14000,13762,238,98.3,231,222,61
YRD01166,DR05990,PR00001,Yard B,12000,9876,2124,82.3,275,271,54
YRD01167,DR03245,PR00004,Yard E,12500,11875,625,95.0,245,248,121
YRD01168,DR00367,PR00006,Yard C,13000,11232,1768,86.4,338,263,73
YRD01169,DR01596,PR00002,Yard C,13000,11583,1417,89.1,237,266,106
YRD01170,DR07174,PR00007,Yard B,12000,9516,2484,79.3,251,209,95
YRD01171,DR08202,PR00006,Yard C,13000,10959,2041,84.3,124,243,69
YRD01172,DR05073,PR00001,Yard E,12500,11362,1138,90.9,240,284,45
YRD01173,DR03344,PR00003,Yard D,11000,6842,4158,62.2,219,211,57
YRD01174,DR05637,PR00001,Yard D,11000,7634,3366,69.4,248,212,58
YRD01175,DR09701,PR00007,Yard E,12500,11638,862,93.1,229,266,83
YRD01176,DR08701,PR00005,Yard C,13000,11245,1755,86.5,201,221,81
YRD01177,DR06679,PR00005,Yard E,12500,10838,1662,86.7,235,237,95
YRD01178,DR05117,PR00005,Yard A,14000,13076,924,93.4,248,243,111
YRD01179,DR01738,PR00002,Yard C,13000,10647,2353,81.9,216,168,74
YRD01180,DR05218,PR00007,Yard C,13000,11362,1638,87.4,320,278,91
YRD01181,DR07697,PR00007,Yard A,14000,12712,1288,90.8,248,260,71
YRD01182,DR05643,PR00005,Yard C,13000,11219,1781,86.3,263,263,81
YRD01183,DR01294,PR00003,Yard A,14000,13790,210,98.5,231,242,74
YRD01184,DR07246,PR00001,Yard D,11000,7986,3014,72.6,172,241,91
YRD01185,DR09344,PR00001,Yard B,12000,8328,3672,69.4,170,228,47
YRD01186,DR02837,PR00001,Yard D,11000,7238,3762,65.8,267,267,47
YRD01187,DR01186,PR00004,Yard B,12000,9384,2616,78.2,188,255,66
YRD01188,DR02573,PR00006,Yard E,12500,12312,188,98.5,230,238,77
YRD01189,DR09059,PR00007,Yard D,11000,7601,3399,69.1,291,246,55
YRD01190,DR06769,PR00001,Yard E,12500,11662,838,93.3,165,229,93
YRD01191,DR01899,PR00002,Yard E,12500,11362,1138,90.9,287,212,100
YRD01192,DR04662,PR00001,Yard C,13000,11466,1534,88.2,233,286,79
YRD01193,DR03411,PR00007,Yard E,12500,11300,1200,90.4,258,233,82
YRD01194,DR02178,PR00006,Yard E,12500,11588,912,92.7,296,307,99
YRD01195,DR09280,PR00003,Yard D,11000,7238,3762,65.8,174,260,75
YRD01196,DR04516,PR00004,Yard B,12000,9060,2940,75.5,310,148,70
YRD01197,DR05287,PR00004,Yard D,11000,7150,3850,65.0,346,177,34
YRD01198,DR07889,PR00002,Yard B,12000,8676,3324,72.3,154,196,68
YRD01199,DR04039,PR00001,Yard C,13000,11076,1924,85.2,240,247,83
YRD01200,DR03200,PR00002,Yard E,12500,11200,1300,89.6,278,267,85
YRD01201,DR08841,PR00002,Yard E,12500,11100,1400,88.8,257,341,92
YRD01202,DR06155,PR00004,Yard A,14000,12922,1078,92.3,124,272,52
YRD01203,DR04317,PR00002,Yard D,11000,7799,3201,70.9,357,270,52
YRD01204,DR03870,PR00005,Yard E,12500,11575,925,92.6,253,263,86
YRD01205,DR09150,PR00004,Yard C,13000,10829,2171,83.3,221,122,74
YRD01206,DR02425,PR00003,Yard B,12000,8556,3444,71.3,163,162,36
YRD01207,DR08780,PR00007,Yard C,13000,11622,1378,89.4,238,177,104
YRD01208,DR09380,PR00002,Yard B,12000,9348,2652,77.9,268,312,54
YRD01209,DR08504,PR00004,Yard A,14000,13608,392,97.2,239,211,102
YRD01210,DR04125,PR00001,Yard D,11000,7865,3135,71.5,315,281,42
YRD01211,DR05934,PR00005,Yard E,12500,11100,1400,88.8,198,198,95
YRD01212,DR04994,PR00003,Yard B,12000,9528,2472,79.4,231,217,86
YRD01213,DR09976,PR00002,Yard C,13000,11141,1859,85.7,263,180,97
YRD01214,DR09363,PR00001,Yard E,12500,11512,988,92.1,207,290,91
YRD01215,DR07887,PR00005,Yard B,12000,8292,3708,69.1,266,265,67
YRD01216,DR05678,PR00004,Yard A,14000,13076,924,93.4,195,166,106
YRD01217,DR01828,PR00004,Yard D,11000,7348,3652,66.8,206,294,50
YRD01218,DR06198,PR00003,Yard C,13000,11349,1651,87.3,232,216,75
YRD01219,DR06590,PR00004,Yard E,12500,12250,250,98.0,256,317,70
YRD01220,DR08401,PR00004,Yard C,13000,11648,1352,89.6,257,237,91
YRD01221,DR01946,PR00002,Yard B,12000,8496,3504,70.8,189,266,46
YRD01222,DR09663,PR00003,Yard C,13000,11219,1781,86.3,297,218,52
YRD01223,DR01279,PR00003,Yard E,12500,11425,1075,91.4,294,181,88
YRD01224,DR07488,PR00006,Yard D,11000,7073,3927,64.3,292,205,27
YRD01225,DR05313,PR00003,Yard E,12500,12075,425,96.6,203,188,72
YRD01226,DR00517,PR00003,Yard E,12500,10812,1688,86.5,284,176,83
YRD01227,DR04268,PR00007,Yard A,14000,13790,210,98.5,249,187,60
YRD01228,DR06226,PR00006,Yard A,14000,13790,210,98.5,232,285,98
YRD01229,DR03218,PR00002,Yard B,12000,9384,2616,78.2,306,304,82
YRD01230,DR04080,PR00007,Yard D,11000,7920,3080,72.0,211,272,95
YRD01231,DR02603,PR00001,Yard D,11000,7678,3322,69.8,293,273,70
YRD01232,DR02695,PR00006,Yard C,13000,11531,1469,88.7,233,321,96
YRD01233,DR04178,PR00001,Yard E,12500,11062,1438,88.5,296,215,75
YRD01234,DR09488,PR00003,Yard D,11000,6919,4081,62.9,182,223,52
YRD01235,DR07455,PR00007,Yard B,12000,8568,3432,71.4,157,203,43
YRD01236,DR09372,PR00001,Yard B,12000,9348,2652,77.9,196,205,72
YRD01237,DR04198,PR00006,Yard B,12000,9336,2664,77.8,267,208,75
YRD01238,DR09826,PR00003,Yard D,11000,8140,2860,74.0,255,236,32
YRD01239,DR02322,PR00001,Yard A,14000,13790,210,98.5,320,250,73
YRD01240,DR06428,PR00007,Yard A,14000,13258,742,94.7,215,218,99
YRD01241,DR05396,PR00004,Yard E,12500,11212,1288,89.7,302,205,90
YRD01242,DR03528,PR00006,Yard A,14000,13048,952,93.2,230,313,94
YRD01243,DR07215,PR00006,Yard D,11000,7623,3377,69.3,203,252,81
YRD01244,DR07635,PR00001,Yard E,12500,10962,1538,87.7,212,235,51
YRD01245,DR00084,PR00002,Yard C,13000,11206,1794,86.2,230,242,78
YRD01246,DR00264,PR00002,Yard B,12000,8136,3864,67.8,152,229,34
YRD01247,DR04253,PR00003,Yard C,13000,11765,1235,90.5,249,264,94
YRD01248,DR02612,PR00001,Yard A,14000,12782,1218,91.3,153,198,69
YRD01249,DR05420,PR00003,Yard D,11000,7601,3399,69.1,189,211,64
YRD01250,DR06457,PR00006,Yard E,12500,11925,575,95.4,273,246,93
YRD01251,DR06448,PR00001,Yard B,12000,9420,2580,78.5,242,209,38
YRD01252,DR05222,PR00005,Yard B,12000,9192,2808,76.6,223,262,30
YRD01253,DR04395,PR00003,Yard E,12500,11438,1062,91.5,212,254,75
YRD01254,DR01081,PR00001,Yard D,11000,7447,3553,67.7,180,142,45
YRD01255,DR07582,PR00001,Yard A,14000,13790,210,98.5,279,220,88
YRD01256,DR00641,PR00001,Yard B,12000,8340,3660,69.5,217,258,66
YRD01257,DR09170,PR00004,Yard A,14000,13496,504,96.4,230,267,76
YRD01258,DR01157,PR00001,Yard C,13000,11037,1963,84.9,227,212,75
YRD01259,DR07380,PR00006,Yard A,14000,13790,210,98.5,157,232,117
YRD01260,DR05822,PR00006,Yard C,13000,11050,1950,85.0,270,211,83
YRD01261,DR05369,PR00001,Yard C,13000,11440,1560,88.0,242,265,89
YRD01262,DR04695,PR00006,Yard B,12000,8160,3840,68.0,234,295,28
YRD01263,DR07714,PR00007,Yard A,14000,13454,546,96.1,237,255,90
YRD01264,DR03915,PR00001,Yard B,12000,10164,1836,84.7,250,262,94
YRD01265,DR01549,PR00007,Yard E,12500,11725,775,93.8,228,257,60
YRD01266,DR05935,PR00002,Yard E,12500,11425,1075,91.4,240,181,108
YRD01267,DR02540,PR00004,Yard C,13000,11804,1196,90.8,306,158,44
YRD01268,DR08529,PR00001,Yard E,12500,11125,1375,89.0,222,263,84
YRD01269,DR04357,PR00006,Yard A,14000,13062,938,93.3,256,219,76
YRD01270,DR02809,PR00006,Yard E,12500,12250,250,98.0,230,229,115
YRD01271,DR03219,PR00007,Yard E,12500,10888,1612,87.1,208,208,95
YRD01272,DR06280,PR00007,Yard B,12000,9456,2544,78.8,211,198,38
YRD01273,DR02009,PR00001,Yard C,13000,10426,2574,80.2,223,142,81
YRD01274,DR03988,PR00004,Yard C,13000,11102,1898,85.4,162,210,86
YRD01275,DR01190,PR00002,Yard C,13000,11375,1625,87.5,319,269,59
YRD01276,DR03467,PR00001,Yard E,12500,10725,1775,85.8,185,299,97
YRD01277,DR04312,PR00001,Yard B,12000,9660,2340,80.5,180,239,70
YRD01278,DR04597,PR00007,Yard D,11000,7392,3608,67.2,273,276,79
YRD01279,DR02551,PR00005,Yard B,12000,8484,3516,70.7,270,207,72
YRD01280,DR08833,PR00001,Yard E,12500,10600,1900,84.8,255,206,77
YRD01281,DR00427,PR00007,Yard C,13000,11609,1391,89.3,253,264,70
YRD01282,DR09017,PR00006,Yard C,13000,10764,2236,82.8,180,295,58
YRD01283,DR01417,PR00002,Yard A,14000,13258,742,94.7,184,228,103
YRD01284,DR05287,PR00003,Yard D,11000,7755,3245,70.5,236,310,56
YRD01285,DR06629,PR00005,Yard C,13000,10842,2158,83.4,221,200,83
YRD01286,DR04661,PR00005,Yard C,13000,11479,1521,88.3,233,280,74
YRD01287,DR09735,PR00003,Yard D,11000,7722,3278,70.2,323,226,58
YRD01288,DR08093,PR00003,Yard E,12500,11888,612,95.1,258,262,87
YRD01289,DR04034,PR00001,Yard D,11000,7711,3289,70.1,327,306,84
YRD01290,DR08636,PR00003,Yard E,12500,11662,838,93.3,284,199,56
YRD01291,DR09010,PR00002,Yard E,12500,12275,225,98.2,340,250,96
YRD01292,DR03981,PR00002,Yard E,12500,11712,788,93.7,233,155,87
YRD01293,DR00758,PR00002,Yard E,12500,11350,1150,90.8,294,253,82
YRD01294,DR02375,PR00004,Yard D,11000,7579,3421,68.9,248,168,20
YRD01295,DR02499,PR00003,Yard D,11000,7348,3652,66.8,240,162,69
YRD01296,DR04354,PR00003,Yard A,14000,12992,1008,92.8,236,243,98
YRD01297,DR04519,PR00001,Yard E,12500,12312,188,98.5,206,190,88
YRD01298,DR05215,PR00007,Yard B,12000,8832,3168,73.6,186,230,82
YRD01299,DR04897,PR00002,Yard E,12500,11738,762,93.9,178,261,66
YRD01300,DR09606,PR00003,Yard B,12000,8496,3504,70.8,289,173,80
YRD01301,DR02964,PR00001,Yard E,12500,11588,912,92.7,230,323,99
YRD01302,DR09373,PR00005,Yard D,11000,7480,3520,68.0,288,256,15
YRD01303,DR09602,PR00003,Yard B,12000,9180,2820,76.5,235,215,82
YRD01304,DR04430,PR00003,Yard C,13000,10829,2171,83.3,212,172,58
YRD01305,DR08176,PR00006,Yard D,11000,7612,3388,69.2,298,311,56
YRD01306,DR02338,PR00005,Yard A,14000,13314,686,95.1,187,284,88
YRD01307,DR04126,PR00003,Yard E,12500,11375,1125,91.0,307,269,88
YRD01308,DR02949,PR00003,Yard C,13000,10543,2457,81.1,225,166,37
YRD01309,DR03224,PR00007,Yard B,12000,8940,3060,74.5,233,228,10
YRD01310,DR06293,PR00007,Yard A,14000,13790,210,98.5,360,224,97
YRD01311,DR01939,PR00005,Yard E,12500,10750,1750,86.0,310,249,61
YRD01312,DR03919,PR00005,Yard D,11000,7458,3542,67.8,290,281,47
YRD01313,DR05549,PR00006,Yard D,11000,6820,4180,62.0,157,287,64
YRD01314,DR07363,PR00007,Yard D,11000,7326,3674,66.6,256,249,30
YRD01315,DR04859,PR00001,Yard C,13000,12051,949,92.7,218,224,118
YRD01316,DR00886,PR00007,Yard E,12500,11475,1025,91.8,198,222,86
YRD01317,DR02195,PR00005,Yard E,12500,11650,850,93.2,218,213,84
YRD01318,DR03985,PR00004,Yard A,14000,13790,210,98.5,224,320,81
YRD01319,DR08791,PR00003,Yard A,14000,13090,910,93.5,240,309,61
YRD01320,DR04613,PR00002,Yard D,11000,7909,3091,71.9,261,314,53
YRD01321,DR03047,PR00006,Yard D,11000,7986,3014,72.6,241,249,27
YRD01322,DR02790,PR00004,Yard B,12000,9300,2700,77.5,207,136,75
YRD01323,DR03562,PR00002,Yard A,14000,13790,210,98.5,269,212,104
YRD01324,DR03348,PR00004,Yard A,14000,13790,210,98.5,233,229,105
YRD01325,DR01725,PR00001,Yard C,13000,11193,1807,86.1,323,263,94
YRD01326,DR02972,PR00003,Yard A,14000,13790,210,98.5,281,259,96
YRD01327,DR05056,PR00004,Yard E,12500,11200,1300,89.6,193,266,70
YRD01328,DR01690,PR00004,Yard E,12500,11650,850,93.2,183,291,77
YRD01329,DR04017,PR00001,Yard C,13000,11726,1274,90.2,325,165,117
YRD01330,DR03359,PR00001,Yard C,13000,10855,2145,83.5,298,211,66
YRD01331,DR00883,PR00002,Yard B,12000,8772,3228,73.1,206,216,44
YRD01332,DR04221,PR00004,Yard D,11000,7326,3674,66.6,216,230,45
YRD01333,DR09865,PR00007,Yard D,11000,7348,3652,66.8,249,198,55
YRD01334,DR07948,PR00005,Yard E,12500,10925,1575,87.4,221,240,101
YRD01335,DR03334,PR00005,Yard E,12500,11662,838,93.3,227,146,108
YRD01336,DR05984,PR00002,Yard E,12500,10562,1938,84.5,162,238,78
YRD01337,DR02700,PR00001,Yard D,11000,7282,3718,66.2,269,214,10
YRD01338,DR01262,PR00006,Yard D,11000,7700,3300,70.0,240,184,88
YRD01339,DR03934,PR00003,Yard C,13000,11635,1365,89.5,275,236,86
YRD01340,DR06410,PR00001,Yard B,12000,9588,2412,79.9,273,234,87
YRD01341,DR00116,PR00003,Yard C,13000,11258,1742,86.6,351,227,95
YRD01342,DR06283,PR00005,Yard E,12500,11500,1000,92.0,278,208,109
YRD01343,DR03470,PR00002,Yard B,12000,9144,2856,76.2,266,296,12
YRD01344,DR01318,PR00001,Yard C,13000,10088,2912,77.6,295,280,87
YRD01345,DR03114,PR00004,Yard B,12000,8832,3168,73.6,269,188,59
YRD01346,DR07107,PR00001,Yard C,13000,10751,2249,82.7,315,216,45
YRD01347,DR04073,PR00003,Yard D,11000,7513,3487,68.3,206,308,23
YRD01348,DR02098,PR00006,Yard C,13000,10712,2288,82.4,232,211,80
YRD01349,DR05871,PR00007,Yard B,12000,9084,2916,75.7,252,231,70
YRD01350,DR03175,PR00003,Yard E,12500,11438,1062,91.5,263,233,99
YRD01351,DR07840,PR00001,Yard C,13000,11479,1521,88.3,71,202,99
YRD01352,DR02148,PR00003,Yard A,14000,13230,770,94.5,241,265,65
YRD01353,DR03927,PR00002,Yard C,13000,11583,1417,89.1,204,248,89
YRD01354,DR05772,PR00006,Yard B,12000,8760,3240,73.0,266,182,45
YRD01355,DR00478,PR00005,Yard A,14000,13328,672,95.2,262,206,100
YRD01356,DR03478,PR00003,Yard C,13000,10946,2054,84.2,174,256,103
YRD01357,DR03906,PR00005,Yard C,13000,11336,1664,87.2,268,266,60
YRD01358,DR02164,PR00002,Yard B,12000,8784,3216,73.2,307,192,37
YRD01359,DR01564,PR00003,Yard A,14000,13510,490,96.5,218,346,49
YRD01360,DR07461,PR00007,Yard E,12500,10862,1638,86.9,193,261,75
YRD01361,DR04870,PR00002,Yard C,13000,11141,1859,85.7,236,239,98
YRD01362,DR09434,PR00002,Yard E,12500,11138,1362,89.1,244,161,92
YRD01363,DR01272,PR00006,Yard C,13000,11648,1352,89.6,273,223,50
YRD01364,DR08118,PR00003,Yard E,12500,11662,838,93.3,223,217,69
YRD01365,DR06641,PR00002,Yard A,14000,13692,308,97.8,281,281,96
YRD01366,DR08270,PR00001,Yard A,14000,13272,728,94.8,177,255,73
YRD01367,DR03213,PR00003,Yard A,14000,13790,210,98.5,174,202,93
YRD01368,DR03037,PR00003,Yard B,12000,9840,2160,82.0,261,143,65
YRD01369,DR02479,PR00003,Yard A,14000,12922,1078,92.3,270,269,97
YRD01370,DR04634,PR00002,Yard B,12000,9240,2760,77.0,170,230,78
YRD01371,DR02122,PR00003,Yard D,11000,7513,3487,68.3,350,198,63
YRD01372,DR03320,PR00004,Yard C,13000,11063,1937,85.1,265,327,65
YRD01373,DR04834,PR00006,Yard D,11000,7733,3267,70.3,203,209,30
YRD01374,DR04335,PR00004,Yard E,12500,11250,1250,90.0,206,273,91
YRD01375,DR02909,PR00004,Yard A,14000,13342,658,95.3,175,228,93
YRD01376,DR02756,PR00006,Yard E,12500,11575,925,92.6,256,125,113
YRD01377,DR09313,PR00001,Yard D,11000,7997,3003,72.7,163,225,62
YRD01378,DR07946,PR00002,Yard E,12500,11400,1100,91.2,184,248,117
YRD01379,DR04263,PR00001,Yard A,14000,13790,210,98.5,294,250,111
YRD01380,DR03853,PR00002,Yard C,13000,12558,442,96.6,217,235,72
YRD01381,DR09758,PR00007,Yard A,14000,13328,672,95.2,259,228,106
YRD01382,DR07196,PR00002,Yard B,12000,9276,2724,77.3,252,204,83
YRD01383,DR03953,PR00006,Yard B,12000,9324,2676,77.7,229,299,39
YRD01384,DR04805,PR00001,Yard B,12000,9072,2928,75.6,262,268,60
YRD01385,DR07852,PR00003,Yard C,13000,10413,2587,80.1,191,217,65
YRD01386,DR07685,PR00002,Yard E,12500,11625,875,93.0,271,198,88
YRD01387,DR03178,PR00002,Yard B,12000,9000,3000,75.0,177,196,61
YRD01388,DR09045,PR00003,Yard A,14000,13790,210,98.5,171,237,74
YRD01389,DR00771,PR00004,Yard B,12000,10200,1800,85.0,303,188,81
YRD01390,DR06776,PR00003,Yard D,11000,7656,3344,69.6,283,158,76
YRD01391,DR08883,PR00006,Yard C,13000,11336,1664,87.2,350,204,92
YRD01392,DR03169,PR00007,Yard D,11000,7524,3476,68.4,253,214,32
YRD01393,DR00772,PR00003,Yard D,11000,7304,3696,66.4,251,235,65
YRD01394,DR00325,PR00007,Yard D,11000,7414,3586,67.4,186,274,28
YRD01395,DR06443,PR00001,Yard A,14000,12922,1078,92.3,360,184,71
YRD01396,DR07117,PR00002,Yard A,14000,13790,210,98.5,259,292,89
YRD01397,DR03162,PR00003,Yard D,11000,7733,3267,70.3,250,265,68
YRD01398,DR03542,PR00004,Yard B,12000,9048,2952,75.4,232,206,33
YRD01399,DR04886,PR00004,Yard A,14000,12782,1218,91.3,262,177,82
YRD01400,DR01482,PR00004,Yard C,13000,11596,1404,89.2,239,314,88
YRD01401,DR04564,PR00006,Yard D,11000,7040,3960,64.0,221,178,49
YRD01402,DR08347,PR00002,Yard A,14000,13790,210,98.5,186,201,93
YRD01403,DR02319,PR00006,Yard C,13000,10595,2405,81.5,187,150,94
YRD01404,DR09564,PR00004,Yard C,13000,11713,1287,90.1,287,153,81
YRD01405,DR04891,PR00003,Yard D,11000,7381,3619,67.1,233,311,52
YRD01406,DR04663,PR00002,Yard C,13000,11206,1794,86.2,216,303,67
YRD01407,DR04816,PR00002,Yard C,13000,12753,247,98.1,296,291,63
YRD01408,DR06114,PR00003,Yard A,14000,12824,1176,91.6,184,157,61
YRD01409,DR04353,PR00005,Yard C,13000,11479,1521,88.3,312,240,92
YRD01410,DR02748,PR00003,Yard A,14000,13328,672,95.2,195,244,87
YRD01411,DR09784,PR00001,Yard A,14000,13790,210,98.5,145,212,74
YRD01412,DR01662,PR00005,Yard B,12000,9048,2952,75.4,196,231,74
YRD01413,DR09324,PR00004,Yard D,11000,8151,2849,74.1,301,232,49
YRD01414,DR05847,PR00007,Yard D,11000,7777,3223,70.7,306,227,35
YRD01415,DR04663,PR00003,Yard A,14000,12894,1106,92.1,178,241,72
YRD01416,DR02463,PR00004,Yard E,12500,12012,488,96.1,244,323,79
YRD01417,DR06261,PR00003,Yard D,11000,7865,3135,71.5,240,174,63
YRD01418,DR07306,PR00005,Yard E,12500,11325,1175,90.6,360,234,75
YRD01419,DR09244,PR00003,Yard D,11000,7205,3795,65.5,176,197,52
YRD01420,DR09773,PR00001,Yard B,12000,8868,3132,73.9,199,261,46
YRD01421,DR00212,PR00007,Yard A,14000,13482,518,96.3,151,219,73
YRD01422,DR03786,PR00005,Yard E,12500,11938,562,95.5,300,296,115
YRD01423,DR08224,PR00004,Yard E,12500,10912,1588,87.3,235,240,77
YRD01424,DR02343,PR00003,Yard C,13000,10075,2925,77.5,176,224,83
YRD01425,DR07594,PR00005,Yard D,11000,7568,3432,68.8,174,210,61
YRD01426,DR08813,PR00001,Yard B,12000,9024,2976,75.2,248,258,42
YRD01427,DR06471,PR00002,Yard D,11000,7227,3773,65.7,175,192,56
YRD01428,DR09119,PR00001,Yard A,14000,13734,266,98.1,161,239,131
YRD01429,DR04866,PR00001,Yard C,13000,10348,2652,79.6,193,290,81
YRD01430,DR00713,PR00001,Yard D,11000,7700,3300,70.0,211,201,53
YRD01431,DR03851,PR00005,Yard D,11000,7095,3905,64.5,205,220,55
YRD01432,DR01857,PR00002,Yard A,14000,13328,672,95.2,262,134,85
YRD01433,DR08562,PR00006,Yard D,11000,8107,2893,73.7,317,286,75
YRD01434,DR00203,PR00007,Yard C,13000,11518,1482,88.6,266,241,80
YRD01435,DR09341,PR00001,Yard B,12000,8028,3972,66.9,119,203,60
YRD01436,DR09554,PR00005,Yard C,13000,11141,1859,85.7,274,329,67
YRD01437,DR07557,PR00003,Yard C,13000,11375,1625,87.5,235,166,100
YRD01438,DR04476,PR00007,Yard A,14000,13216,784,94.4,249,116,87
YRD01439,DR05724,PR00003,Yard C,13000,10543,2457,81.1,297,305,75
YRD01440,DR03142,PR00003,Yard B,12000,9036,2964,75.3,167,266,76
YRD01441,DR04250,PR00002,Yard E,12500,11100,1400,88.8,246,204,64
YRD01442,DR05999,PR00007,Yard E,12500,11750,750,94.0,224,256,110
YRD01443,DR09209,PR00002,Yard B,12000,8328,3672,69.4,244,212,35
YRD01444,DR00789,PR00006,Yard C,13000,11739,1261,90.3,240,156,97
YRD01445,DR06500,PR00001,Yard D,11000,8052,2948,73.2,166,205,52
YRD01446,DR04441,PR00004,Yard B,12000,8976,3024,74.8,294,341,26
YRD01447,DR09614,PR00003,Yard D,11000,8481,2519,77.1,259,229,77
YRD01448,DR02514,PR00001,Yard C,13000,11076,1924,85.2,242,216,48
YRD01449,DR05657,PR00001,Yard E,12500,11775,725,94.2,225,246,42
YRD01450,DR04804,PR00002,Yard B,12000,9396,2604,78.3,307,272,50
YRD01451,DR07868,PR00005,Yard B,12000,8916,3084,74.3,317,256,50
YRD01452,DR09645,PR00005,Yard A,14000,12698,1302,90.7,134,180,86
YRD01453,DR07562,PR00002,Yard A,14000,12992,1008,92.8,248,155,106
YRD01454,DR06867,PR00003,Yard E,12500,11562,938,92.5,256,239,75
YRD01455,DR04303,PR00001,Yard A,14000,13790,210,98.5,242,240,109
YRD01456,DR01454,PR00005,Yard A,14000,13188,812,94.2,208,271,63
YRD01457,DR00142,PR00006,Yard B,12000,9144,2856,76.2,207,292,34
YRD01458,DR05744,PR00006,Yard C,13000,11102,1898,85.4,194,202,71
YRD01459,DR03156,PR00006,Yard B,12000,9276,2724,77.3,137,220,74
YRD01460,DR04972,PR00002,Yard B,12000,8928,3072,74.4,360,285,55
YRD01461,DR09762,PR00002,Yard E,12500,11250,1250,90.0,289,241,95
YRD01462,DR06315,PR00006,Yard C,13000,11115,1885,85.5,217,256,71
YRD01463,DR00815,PR00001,Yard A,14000,13664,336,97.6,248,150,95
YRD01464,DR07428,PR00001,Yard A,14000,13790,210,98.5,267,258,79
YRD01465,DR09524,PR00002,Yard B,12000,8820,3180,73.5,271,233,93
YRD01466,DR01925,PR00005,Yard A,14000,13790,210,98.5,342,280,114
YRD01467,DR02024,PR00005,Yard E,12500,11500,1000,92.0,265,283,68
YRD01468,DR07427,PR00007,Yard B,12000,8832,3168,73.6,234,273,57
YRD01469,DR03225,PR00002,Yard B,12000,9108,2892,75.9,167,137,56
YRD01470,DR02320,PR00002,Yard D,11000,7568,3432,68.8,213,172,28
YRD01471,DR00192,PR00003,Yard E,12500,11238,1262,89.9,216,190,89
YRD01472,DR04144,PR00006,Yard C,13000,11648,1352,89.6,240,232,95
YRD01473,DR04821,PR00002,Yard E,12500,11488,1012,91.9,278,217,96
YRD01474,DR06302,PR00007,Yard E,12500,11575,925,92.6,286,148,99
YRD01475,DR06438,PR00003,Yard B,12000,8724,3276,72.7,244,196,39
YRD01476,DR01335,PR00006,Yard A,14000,13062,938,93.3,256,202,68
YRD01477,DR09273,PR00006,Yard E,12500,11438,1062,91.5,270,238,79
YRD01478,DR06967,PR00003,Yard E,12500,11362,1138,90.9,227,188,68
YRD01479,DR04681,PR00005,Yard E,12500,11538,962,92.3,308,256,68
YRD01480,DR07265,PR00003,Yard C,13000,11531,1469,88.7,204,281,68
YRD01481,DR07228,PR00006,Yard D,11000,7205,3795,65.5,302,240,45
YRD01482,DR06940,PR00006,Yard A,14000,13286,714,94.9,201,171,68
YRD01483,DR07466,PR00004,Yard E,12500,12162,338,97.3,251,250,129
YRD01484,DR05033,PR00002,Yard B,12000,9336,2664,77.8,296,298,93
YRD01485,DR00649,PR00007,Yard A,14000,13790,210,98.5,241,272,70
YRD01486,DR02243,PR00007,Yard A,14000,13776,224,98.4,213,178,96
YRD01487,DR06606,PR00004,Yard E,12500,11212,1288,89.7,226,140,123
YRD01488,DR09082,PR00007,Yard E,12500,12225,275,97.8,291,332,106
YRD01489,DR05893,PR00003,Yard A,14000,13468,532,96.2,263,181,62
YRD01490,DR03876,PR00003,Yard C,13000,10751,2249,82.7,243,215,74
YRD01491,DR03722,PR00003,Yard C,13000,11687,1313,89.9,270,324,51
YRD01492,DR06479,PR00001,Yard C,13000,11349,1651,87.3,265,345,44
YRD01493,DR06878,PR00004,Yard D,11000,7106,3894,64.6,159,198,42
YRD01494,DR07971,PR00004,Yard C,13000,11791,1209,90.7,305,218,79
YRD01495,DR01194,PR00001,Yard E,12500,12125,375,97.0,277,227,96
YRD01496,DR04525,PR00002,Yard D,11000,7502,3498,68.2,164,119,42
YRD01497,DR07300,PR00005,Yard E,12500,11725,775,93.8,201,297,93
YRD01498,DR09695,PR00006,Yard C,13000,11401,1599,87.7,274,201,87
YRD01499,DR08346,PR00007,Yard B,12000,8748,3252,72.9,240,200,88
YRD01500,DR08100,PR00002,Yard D,11000,7161,3839,65.1,144,227,58
YRD01501,DR02754,PR00006,Yard C,13000,11674,1326,89.8,181,230,76
YRD01502,DR07623,PR00001,Yard A,14000,13776,224,98.4,292,350,65
YRD01503,DR06675,PR00001,Yard C,13000,11271,1729,86.7,225,99,44
YRD01504,DR05539,PR00005,Yard C,13000,11466,1534,88.2,320,287,99
YRD01505,DR00835,PR00003,Yard B,12000,9792,2208,81.6,284,185,63
YRD01506,DR08836,PR00006,Yard D,11000,7744,3256,70.4,269,210,43
YRD01507,DR01254,PR00002,Yard C,13000,11128,1872,85.6,256,227,68
YRD01508,DR00306,PR00002,Yard E,12500,12312,188,98.5,221,341,72
YRD01509,DR02694,PR00004,Yard B,12000,8388,3612,69.9,206,206,56
YRD01510,DR01801,PR00001,Yard B,12000,9156,2844,76.3,302,256,70
YRD01511,DR06836,PR00002,Yard E,12500,10662,1838,85.3,204,239,43
YRD01512,DR06519,PR00001,Yard C,13000,11284,1716,86.8,290,213,67
YRD01513,DR00909,PR00002,Yard A,14000,13790,210,98.5,310,296,103
YRD01514,DR05402,PR00005,Yard D,11000,8096,2904,73.6,255,215,26
YRD01515,DR00025,PR00001,Yard B,12000,9600,2400,80.0,264,245,105
YRD01516,DR05803,PR00004,Yard B,12000,8952,3048,74.6,256,243,47
YRD01517,DR08328,PR00004,Yard C,13000,11310,1690,87.0,270,281,48
YRD01518,DR00856,PR00003,Yard E,12500,11562,938,92.5,313,225,77
YRD01519,DR02336,PR00003,Yard A,14000,13650,350,97.5,223,280,107
YRD01520,DR00185,PR00004,Yard A,14000,13790,210,98.5,298,285,84
YRD01521,DR08863,PR00006,Yard C,13000,10309,2691,79.3,228,179,61
YRD01522,DR07763,PR00001,Yard D,11000,7205,3795,65.5,179,145,56
YRD01523,DR07241,PR00006,Yard E,12500,11412,1088,91.3,296,153,84
YRD01524,DR00706,PR00001,Yard E,12500,10800,1700,86.4,190,196,61
YRD01525,DR03914,PR00003,Yard A,14000,13790,210,98.5,245,306,99
YRD01526,DR08778,PR00003,Yard C,13000,11440,1560,88.0,226,217,82
YRD01527,DR00026,PR00001,Yard B,12000,8580,3420,71.5,197,269,70
YRD01528,DR06138,PR00001,Yard E,12500,11175,1325,89.4,245,151,64
YRD01529,DR08049,PR00001,Yard D,11000,7700,3300,70.0,225,146,61
YRD01530,DR04126,PR00001,Yard C,13000,11284,1716,86.8,249,231,57
YRD01531,DR07934,PR00004,Yard E,12500,11875,625,95.0,190,240,99
YRD01532,DR04363,PR00001,Yard D,11000,7051,3949,64.1,279,311,68
YRD01533,DR04363,PR00006,Yard E,12500,11050,1450,88.4,208,329,83
YRD01534,DR07435,PR00006,Yard C,13000,10933,2067,84.1,323,316,74
YRD01535,DR05058,PR00002,Yard A,14000,13790,210,98.5,225,196,96
YRD01536,DR08566,PR00001,Yard E,12500,12262,238,98.1,360,279,87
YRD01537,DR06683,PR00003,Yard E,12500,11388,1112,91.1,255,257,61
YRD01538,DR08956,PR00006,Yard B,12000,9528,2472,79.4,218,344,117
YRD01539,DR08176,PR00003,Yard E,12500,11938,562,95.5,325,298,81
YRD01540,DR01406,PR00001,Yard C,13000,11609,1391,89.3,217,203,93
YRD01541,DR06349,PR00007,Yard E,12500,11362,1138,90.9,268,239,90
YRD01542,DR03896,PR00003,Yard D,11000,7634,3366,69.4,264,194,17
YRD01543,DR00929,PR00002,Yard C,13000,11583,1417,89.1,259,323,84
YRD01544,DR04669,PR00006,Yard D,11000,6589,4411,59.9,146,149,56
YRD01545,DR09201,PR00007,Yard B,12000,8856,3144,73.8,235,209,46
YRD01546,DR07709,PR00003,Yard D,11000,8052,2948,73.2,207,244,73
YRD01547,DR08339,PR00002,Yard B,12000,9168,2832,76.4,196,215,56
YRD01548,DR03730,PR00003,Yard C,13000,11869,1131,91.3,344,251,63
YRD01549,DR08780,PR00002,Yard E,12500,11200,1300,89.6,262,192,73
YRD01550,DR06567,PR00003,Yard A,14000,13608,392,97.2,248,179,77
YRD01551,DR00906,PR00002,Yard E,12500,11725,775,93.8,226,163,90
YRD01552,DR01976,PR00004,Yard E,12500,11650,850,93.2,214,170,93
YRD01553,DR02011,PR00005,Yard C,13000,12155,845,93.5,158,153,84
YRD01554,DR06106,PR00007,Yard E,12500,11338,1162,90.7,214,251,83
YRD01555,DR05137,PR00006,Yard A,14000,13790,210,98.5,228,147,106
YRD01556,DR06736,PR00001,Yard C,13000,10660,2340,82.0,194,228,84
YRD01557,DR03465,PR00002,Yard A,14000,13790,210,98.5,236,206,79
YRD01558,DR09818,PR00003,Yard A,14000,13202,798,94.3,209,235,85
YRD01559,DR07045,PR00002,Yard D,11000,7513,3487,68.3,285,228,49
YRD01560,DR06438,PR00001,Yard E,12500,12262,238,98.1,262,268,64
YRD01561,DR02467,PR00005,Yard E,12500,11412,1088,91.3,165,156,98
YRD01562,DR01303,PR00002,Yard C,13000,11570,1430,89.0,255,301,94
YRD01563,DR02175,PR00001,Yard A,14000,12656,1344,90.4,277,253,88
YRD01564,DR05270,PR00003,Yard A,14000,13790,210,98.5,313,245,84
YRD01565,DR07688,PR00007,Yard B,12000,9000,3000,75.0,276,282,70
YRD01566,DR08131,PR00005,Yard C,13000,11167,1833,85.9,235,195,45
YRD01567,DR00561,PR00001,Yard D,11000,7898,3102,71.8,256,165,31
YRD01568,DR09288,PR00003,Yard D,11000,8173,2827,74.3,265,247,43
YRD01569,DR05381,PR00007,Yard A,14000,13790,210,98.5,256,237,75
YRD01570,DR03711,PR00001,Yard D,11000,7359,3641,66.9,301,270,55
YRD01571,DR08313,PR00004,Yard E,12500,11888,612,95.1,237,273,61
YRD01572,DR07535,PR00005,Yard B,12000,8340,3660,69.5,135,260,36
YRD01573,DR09611,PR00005,Yard B,12000,9216,2784,76.8,185,175,74
YRD01574,DR04990,PR00001,Yard D,11000,7480,3520,68.0,234,320,34
YRD01575,DR06272,PR00007,Yard A,14000,13244,756,94.6,246,288,80
YRD01576,DR01850,PR00002,Yard A,14000,12992,1008,92.8,272,236,107
YRD01577,DR01149,PR00001,Yard E,12500,11625,875,93.0,200,270,94
YRD01578,DR07008,PR00001,Yard D,11000,7535,3465,68.5,286,241,85
YRD01579,DR02804,PR00003,Yard C,13000,11063,1937,85.1,299,163,66
YRD01580,DR07401,PR00001,Yard D,11000,7161,3839,65.1,238,344,29
YRD01581,DR07270,PR00005,Yard E,12500,11312,1188,90.5,205,238,77
YRD01582,DR00193,PR00006,Yard C,13000,11570,1430,89.0,360,258,64
YRD01583,DR01294,PR00001,Yard C,13000,10842,2158,83.4,237,292,106
YRD01584,DR09477,PR00006,Yard C,13000,10452,2548,80.4,215,182,71
YRD01585,DR09951,PR00007,Yard A,14000,13790,210,98.5,199,217,92
YRD01586,DR08907,PR00001,Yard C,13000,11661,1339,89.7,296,202,61
YRD01587,DR09553,PR00005,Yard B,12000,8412,3588,70.1,179,226,67
YRD01588,DR01579,PR00007,Yard C,13000,11362,1638,87.4,294,272,50
YRD01589,DR04470,PR00006,Yard E,12500,11512,988,92.1,238,189,90
YRD01590,DR04327,PR00003,Yard E,12500,11700,800,93.6,267,189,105
YRD01591,DR04362,PR00006,Yard E,12500,11375,1125,91.0,325,283,98
YRD01592,DR06396,PR00005,Yard E,12500,12238,262,97.9,274,266,81
YRD01593,DR08169,PR00002,Yard D,11000,7205,3795,65.5,197,218,56
YRD01594,DR01652,PR00002,Yard C,13000,11050,1950,85.0,171,179,65
YRD01595,DR05184,PR00003,Yard D,11000,7788,3212,70.8,282,292,46
YRD01596,DR05996,PR00003,Yard E,12500,11925,575,95.4,266,109,103
YRD01597,DR00425,PR00002,Yard E,12500,11700,800,93.6,286,206,81
YRD01598,DR02262,PR00001,Yard A,14000,13482,518,96.3,253,194,101
YRD01599,DR00604,PR00006,Yard C,13000,10387,2613,79.9,225,268,97
YRD01600,DR01956,PR00005,Yard D,11000,6963,4037,63.3,287,240,51
YRD01601,DR05055,PR00002,Yard E,12500,11562,938,92.5,257,235,55
YRD01602,DR07592,PR00002,Yard B,12000,8784,3216,73.2,252,266,63
YRD01603,DR03544,PR00001,Yard E,12500,11088,1412,88.7,260,243,84
YRD01604,DR00866,PR00001,Yard A,14000,13790,210,98.5,302,253,99
YRD01605,DR02190,PR00004,Yard C,13000,11700,1300,90.0,265,173,56
YRD01606,DR01747,PR00001,Yard D,11000,7359,3641,66.9,294,268,29
YRD01607,DR04455,PR00007,Yard C,13000,10842,2158,83.4,229,118,69
YRD01608,DR09939,PR00002,Yard A,14000,13174,826,94.1,228,216,85
YRD01609,DR09002,PR00001,Yard B,12000,8664,3336,72.2,244,129,56
YRD01610,DR08720,PR00006,Yard E,12500,12312,188,98.5,360,325,126
YRD01611,DR07482,PR00003,Yard C,13000,11180,1820,86.0,140,191,80
YRD01612,DR07408,PR00002,Yard E,12500,11338,1162,90.7,229,251,63
YRD01613,DR07901,PR00001,Yard E,12500,11250,1250,90.0,240,220,36
YRD01614,DR05840,PR00004,Yard D,11000,7953,3047,72.3,210,250,59
YRD01615,DR05349,PR00002,Yard B,12000,9612,2388,80.1,243,348,58
YRD01616,DR00298,PR00006,Yard C,13000,11219,1781,86.3,231,190,74
YRD01617,DR06193,PR00004,Yard E,12500,11325,1175,90.6,264,269,106
YRD01618,DR01378,PR00006,Yard B,12000,9036,2964,75.3,281,175,85
YRD01619,DR02043,PR00004,Yard C,13000,11310,1690,87.0,202,134,100
YRD01620,DR04994,PR00005,Yard C,13000,10920,2080,84.0,233,317,84
YRD01621,DR08825,PR00005,Yard E,12500,10400,2100,83.2,162,152,67
YRD01622,DR00312,PR00003,Yard A,14000,13790,210,98.5,301,242,118
YRD01623,DR08069,PR00005,Yard D,11000,7931,3069,72.1,242,175,48
YRD01624,DR00344,PR00004,Yard B,12000,9384,2616,78.2,261,248,79
YRD01625,DR06594,PR00001,Yard E,12500,11550,950,92.4,179,244,104
YRD01626,DR09587,PR00005,Yard D,11000,7183,3817,65.3,264,224,43
YRD01627,DR03925,PR00002,Yard D,11000,7678,3322,69.8,197,208,75
YRD01628,DR00601,PR00004,Yard A,14000,13790,210,98.5,301,213,90
YRD01629,DR03725,PR00001,Yard C,13000,11531,1469,88.7,241,214,52
YRD01630,DR06549,PR00001,Yard C,13000,10556,2444,81.2,239,246,79
YRD01631,DR03634,PR00001,Yard D,11000,7788,3212,70.8,292,247,79
YRD01632,DR03631,PR00001,Yard D,11000,7370,3630,67.0,193,254,30
YRD01633,DR02397,PR00001,Yard B,12000,8892,3108,74.1,241,114,52
YRD01634,DR05375,PR00001,Yard A,14000,12880,1120,92.0,292,309,53
YRD01635,DR05829,PR00004,Yard A,14000,13636,364,97.4,172,250,80
YRD01636,DR00141,PR00003,Yard B,12000,8532,3468,71.1,136,240,55
YRD01637,DR08369,PR00007,Yard B,12000,8280,3720,69.0,226,178,70
YRD01638,DR04451,PR00006,Yard A,14000,13678,322,97.7,239,134,77
YRD01639,DR03668,PR00001,Yard D,11000,7788,3212,70.8,311,226,68
YRD01640,DR00622,PR00003,Yard A,14000,13790,210,98.5,276,168,79
YRD01641,DR00708,PR00003,Yard E,12500,11362,1138,90.9,234,273,52
YRD01642,DR08176,PR00003,Yard A,14000,13440,560,96.0,231,205,106
YRD01643,DR08918,PR00003,Yard C,13000,11687,1313,89.9,346,216,91
YRD01644,DR06475,PR00004,Yard C,13000,11219,1781,86.3,233,214,62
YRD01645,DR05785,PR00004,Yard A,14000,13790,210,98.5,269,223,96
YRD01646,DR07179,PR00002,Yard E,12500,11912,588,95.3,352,230,91
YRD01647,DR01965,PR00005,Yard D,11000,7997,3003,72.7,253,250,80
YRD01648,DR03974,PR00002,Yard E,12500,12038,462,96.3,290,237,102
YRD01649,DR03783,PR00006,Yard E,12500,11438,1062,91.5,243,227,61
YRD01650,DR05726,PR00007,Yard C,13000,10881,2119,83.7,188,230,72
YRD01651,DR02418,PR00002,Yard C,13000,11232,1768,86.4,238,289,92
YRD01652,DR06451,PR00006,Yard C,13000,11817,1183,90.9,295,263,101
YRD01653,DR09341,PR00006,Yard A,14000,13384,616,95.6,252,243,96
YRD01654,DR06776,PR00003,Yard D,11000,7557,3443,68.7,291,246,47
YRD01655,DR04109,PR00001,Yard A,14000,13426,574,95.9,186,264,80
YRD01656,DR04007,PR00006,Yard C,13000,10465,2535,80.5,134,201,77
YRD01657,DR04574,PR00003,Yard E,12500,11050,1450,88.4,213,197,70
YRD01658,DR08635,PR00002,Yard D,11000,7513,3487,68.3,282,257,54
YRD01659,DR01261,PR00004,Yard D,11000,6919,4081,62.9,177,266,54
YRD01660,DR04505,PR00003,Yard C,13000,11895,1105,91.5,283,350,62
YRD01661,DR07727,PR00001,Yard A,14000,13664,336,97.6,360,219,93
YRD01662,DR08063,PR00007,Yard C,13000,11973,1027,92.1,287,192,93
YRD01663,DR06105,PR00002,Yard A,14000,13790,210,98.5,354,331,100
YRD01664,DR03330,PR00003,Yard D,11000,7623,3377,69.3,186,126,41
YRD01665,DR05268,PR00004,Yard C,13000,11986,1014,92.2,225,280,109
YRD01666,DR07778,PR00001,Yard C,13000,10868,2132,83.6,301,237,61
YRD01667,DR01455,PR00005,Yard A,14000,13776,224,98.4,212,276,93
YRD01668,DR04649,PR00004,Yard B,12000,9144,2856,76.2,335,232,68
YRD01669,DR01588,PR00003,Yard D,11000,7821,3179,71.1,250,260,79
YRD01670,DR04738,PR00003,Yard A,14000,13790,210,98.5,234,221,120
YRD01671,DR03733,PR00007,Yard B,12000,9648,2352,80.4,235,250,42
YRD01672,DR05675,PR00007,Yard A,14000,13790,210,98.5,250,268,90
YRD01673,DR06721,PR00001,Yard C,13000,10803,2197,83.1,282,283,54
YRD01674,DR03498,PR00003,Yard C,13000,11323,1677,87.1,301,277,90
YRD01675,DR02949,PR00003,Yard B,12000,9000,3000,75.0,174,220,74
YRD01676,DR00806,PR00007,Yard A,14000,13496,504,96.4,224,237,82
YRD01677,DR01688,PR00006,Yard C,13000,11557,1443,88.9,224,167,97
YRD01678,DR00482,PR00003,Yard B,12000,7872,4128,65.6,194,200,46
YRD01679,DR01841,PR00006,Yard A,14000,13762,238,98.3,276,219,98
YRD01680,DR05346,PR00003,Yard A,14000,13258,742,94.7,180,184,79
YRD01681,DR02182,PR00002,Yard A,14000,13216,784,94.4,197,237,75
YRD01682,DR07812,PR00004,Yard C,13000,12103,897,93.1,216,249,86
YRD01683,DR03108,PR00002,Yard D,11000,7469,3531,67.9,245,267,56
YRD01684,DR03832,PR00004,Yard A,14000,13412,588,95.8,183,226,95
YRD01685,DR09414,PR00003,Yard A,14000,13790,210,98.5,243,206,71
YRD01686,DR08486,PR00006,Yard A,14000,13636,364,97.4,269,237,61
YRD01687,DR07662,PR00007,Yard B,12000,9180,2820,76.5,214,207,49
YRD01688,DR08373,PR00002,Yard A,14000,13790,210,98.5,320,263,86
YRD01689,DR05546,PR00003,Yard E,12500,11538,962,92.3,255,253,102
YRD01690,DR09388,PR00005,Yard C,13000,10985,2015,84.5,218,238,82
YRD01691,DR01603,PR00001,Yard E,12500,11650,850,93.2,157,239,98
YRD01692,DR05887,PR00006,Yard A,14000,13790,210,98.5,284,263,86
YRD01693,DR04013,PR00004,Yard C,13000,11128,1872,85.6,140,171,31
YRD01694,DR07873,PR00001,Yard A,14000,13132,868,93.8,252,273,91
YRD01695,DR08253,PR00006,Yard B,12000,9264,2736,77.2,212,317,18
YRD01696,DR09924,PR00003,Yard D,11000,7227,3773,65.7,215,160,62
YRD01697,DR04698,PR00001,Yard E,12500,11862,638,94.9,288,275,71
YRD01698,DR09738,PR00001,Yard D,11000,7293,3707,66.3,273,270,60
YRD01699,DR02188,PR00006,Yard B,12000,9720,2280,81.0,360,240,85
YRD01700,DR02402,PR00007,Yard C,13000,10387,2613,79.9,132,158,64
YRD01701,DR00576,PR00003,Yard E,12500,10900,1600,87.2,237,236,76
YRD01702,DR02658,PR00001,Yard B,12000,8928,3072,74.4,257,198,94
YRD01703,DR05658,PR00001,Yard C,13000,11154,1846,85.8,241,198,92
YRD01704,DR03022,PR00004,Yard A,14000,13790,210,98.5,213,214,83
YRD01705,DR09378,PR00003,Yard E,12500,12075,425,96.6,194,264,81
YRD01706,DR04901,PR00003,Yard D,11000,7942,3058,72.2,277,266,69
YRD01707,DR01048,PR00002,Yard B,12000,9300,2700,77.5,258,269,31
YRD01708,DR09491,PR00003,Yard B,12000,9456,2544,78.8,270,286,51
YRD01709,DR03318,PR00004,Yard E,12500,11950,550,95.6,250,298,84
YRD01710,DR03708,PR00004,Yard E,12500,11762,738,94.1,272,234,107
YRD01711,DR02411,PR00001,Yard C,13000,11479,1521,88.3,270,264,77
YRD01712,DR03731,PR00003,Yard E,12500,11612,888,92.9,243,205,69
YRD01713,DR07964,PR00003,Yard E,12500,12275,225,98.2,212,229,85
YRD01714,DR08018,PR00004,Yard C,13000,11648,1352,89.6,266,185,59
YRD01715,DR03600,PR00001,Yard B,12000,8772,3228,73.1,277,206,32
YRD01716,DR08545,PR00001,Yard E,12500,10962,1538,87.7,245,224,55
YRD01717,DR05749,PR00003,Yard A,14000,13482,518,96.3,160,248,57
YRD01718,DR05512,PR00002,Yard E,12500,10950,1550,87.6,190,166,89
YRD01719,DR09382,PR00004,Yard E,12500,12025,475,96.2,183,268,94
YRD01720,DR00818,PR00003,Yard D,11000,7436,3564,67.6,250,267,40
YRD01721,DR04083,PR00002,Yard C,13000,11063,1937,85.1,224,297,79
YRD01722,DR03030,PR00004,Yard B,12000,8952,3048,74.6,192,238,68
YRD01723,DR00195,PR00003,Yard D,11000,8272,2728,75.2,346,246,73
YRD01724,DR03129,PR00001,Yard A,14000,13566,434,96.9,209,213,123
YRD01725,DR07208,PR00006,Yard B,12000,9228,2772,76.9,194,292,73
YRD01726,DR00540,PR00003,Yard E,12500,11400,1100,91.2,250,213,93
YRD01727,DR07145,PR00007,Yard C,13000,11453,1547,88.1,216,205,67
YRD01728,DR04925,PR00001,Yard D,11000,6391,4609,58.1,247,187,16
YRD01729,DR06811,PR00006,Yard B,12000,9252,2748,77.1,286,174,58
YRD01730,DR01245,PR00006,Yard A,14000,13678,322,97.7,282,266,101
YRD01731,DR06731,PR00001,Yard E,12500,11700,800,93.6,276,265,67
YRD01732,DR00114,PR00003,Yard E,12500,11812,688,94.5,259,305,70
YRD01733,DR01733,PR00004,Yard C,13000,10608,2392,81.6,216,196,98
YRD01734,DR05014,PR00003,Yard D,11000,7436,3564,67.6,194,234,45
YRD01735,DR08993,PR00003,Yard D,11000,7326,3674,66.6,236,204,52
YRD01736,DR05072,PR00007,Yard A,14000,13790,210,98.5,321,281,61
YRD01737,DR06408,PR00005,Yard E,12500,11025,1475,88.2,213,322,81
YRD01738,DR08694,PR00007,Yard D,11000,7370,3630,67.0,271,180,20
YRD01739,DR08035,PR00006,Yard E,12500,11725,775,93.8,265,229,68
YRD01740,DR00572,PR00006,Yard D,11000,6809,4191,61.9,241,196,29
YRD01741,DR05418,PR00005,Yard A,14000,13790,210,98.5,218,231,115
YRD01742,DR07206,PR00004,Yard C,13000,10491,2509,80.7,322,261,59
YRD01743,DR03559,PR00006,Yard B,12000,8472,3528,70.6,330,268,51
YRD01744,DR00643,PR00004,Yard C,13000,11921,1079,91.7,247,233,100
YRD01745,DR06102,PR00001,Yard E,12500,11400,1100,91.2,258,274,89
YRD01746,DR05786,PR00004,Yard A,14000,13790,210,98.5,317,233,100
YRD01747,DR08499,PR00001,Yard A,14000,13412,588,95.8,218,230,49
YRD01748,DR03600,PR00007,Yard E,12500,12188,312,97.5,259,255,106
YRD01749,DR09646,PR00004,Yard C,13000,11648,1352,89.6,256,180,82
YRD01750,DR06161,PR00004,Yard D,11000,7425,3575,67.5,218,286,47
YRD01751,DR08387,PR00001,Yard A,14000,11914,2086,85.1,183,174,94
YRD01752,DR06236,PR00003,Yard E,12500,12075,425,96.6,360,290,86
YRD01753,DR03614,PR00002,Yard E,12500,11288,1212,90.3,211,233,82
YRD01754,DR00670,PR00005,Yard B,12000,9600,2400,80.0,226,236,69
YRD01755,DR00806,PR00004,Yard A,14000,13790,210,98.5,283,288,80
YRD01756,DR04201,PR00003,Yard A,14000,13790,210,98.5,360,233,98
YRD01757,DR08429,PR00002,Yard E,12500,11612,888,92.9,190,248,72
YRD01758,DR03023,PR00003,Yard D,11000,8305,2695,75.5,206,238,86
YRD01759,DR09064,PR00003,Yard B,12000,8184,3816,68.2,229,211,66
YRD01760,DR08383,PR00006,Yard C,13000,11128,1872,85.6,222,208,85
YRD01761,DR04136,PR00006,Yard C,13000,11674,1326,89.8,213,226,80
YRD01762,DR08063,PR00005,Yard B,12000,9372,2628,78.1,278,270,82
YRD01763,DR06039,PR00002,Yard B,12000,9108,2892,75.9,269,226,31
YRD01764,DR00902,PR00001,Yard E,12500,10962,1538,87.7,224,277,92
YRD01765,DR09488,PR00007,Yard A,14000,13524,476,96.6,202,175,105
YRD01766,DR06929,PR00007,Yard A,14000,13734,266,98.1,214,200,93
YRD01767,DR09440,PR00001,Yard B,12000,9192,2808,76.6,303,204,77
YRD01768,DR05636,PR00005,Yard B,12000,8724,3276,72.7,271,261,66
YRD01769,DR06074,PR00003,Yard E,12500,11250,1250,90.0,195,238,86
YRD01770,DR01473,PR00001,Yard D,11000,7502,3498,68.2,199,211,52
YRD01771,DR08772,PR00007,Yard A,14000,13286,714,94.9,154,233,61
YRD01772,DR06421,PR00007,Yard C,13000,12220,780,94.0,226,220,109
YRD01773,DR02355,PR00007,Yard C,13000,11037,1963,84.9,242,177,51
YRD01774,DR03569,PR00001,Yard C,13000,11115,1885,85.5,256,266,81
YRD01775,DR06060,PR00003,Yard C,13000,10621,2379,81.7,265,185,55
YRD01776,DR08717,PR00006,Yard B,12000,8472,3528,70.6,193,289,38
YRD01777,DR05766,PR00005,Yard C,13000,10816,2184,83.2,215,243,73
YRD01778,DR06535,PR00003,Yard A,14000,13790,210,98.5,335,228,93
YRD01779,DR02279,PR00003,Yard B,12000,9444,2556,78.7,248,167,63
YRD01780,DR01272,PR00001,Yard D,11000,7678,3322,69.8,303,275,83
YRD01781,DR03652,PR00004,Yard C,13000,11518,1482,88.6,160,172,81
YRD01782,DR03472,PR00006,Yard C,13000,11297,1703,86.9,320,150,74
YRD01783,DR08154,PR00001,Yard C,13000,10855,2145,83.5,215,261,70
YRD01784,DR00107,PR00001,Yard A,14000,13790,210,98.5,234,226,92
YRD01785,DR01044,PR00003,Yard A,14000,13188,812,94.2,197,288,62
YRD01786,DR06428,PR00004,Yard C,13000,10894,2106,83.8,167,226,60
YRD01787,DR09615,PR00002,Yard E,12500,12100,400,96.8,273,271,91
YRD01788,DR08484,PR00001,Yard A,14000,13342,658,95.3,242,219,84
YRD01789,DR05480,PR00005,Yard A,14000,13300,700,95.0,329,224,80
YRD01790,DR09554,PR00002,Yard E,12500,11250,1250,90.0,237,270,103
YRD01791,DR03787,PR00004,Yard A,14000,13272,728,94.8,303,268,80
YRD01792,DR08913,PR00004,Yard C,13000,10855,2145,83.5,233,234,91
YRD01793,DR08887,PR00003,Yard D,11000,7139,3861,64.9,278,275,34
YRD01794,DR05796,PR00004,Yard A,14000,13496,504,96.4,128,123,87
YRD01795,DR08498,PR00005,Yard D,11000,7623,3377,69.3,279,305,55
YRD01796,DR04967,PR00004,Yard A,14000,13454,546,96.1,145,284,96
YRD01797,DR05289,PR00004,Yard E,12500,11362,1138,90.9,190,268,77
YRD01798,DR06443,PR00003,Yard A,14000,13790,210,98.5,309,228,89
YRD01799,DR08239,PR00003,Yard E,12500,11512,988,92.1,222,198,90
YRD01800,DR02017,PR00003,Yard C,13000,11739,1261,90.3,189,257,84
YRD01801,DR08575,PR00003,Yard B,12000,8868,3132,73.9,184,230,47
YRD01802,DR06123,PR00003,Yard E,12500,11675,825,93.4,257,284,97
YRD01803,DR08385,PR00002,Yard E,12500,11400,1100,91.2,230,174,77
YRD01804,DR09336,PR00005,Yard E,12500,11338,1162,90.7,299,297,110
YRD01805,DR01365,PR00001,Yard E,12500,11588,912,92.7,244,210,59
YRD01806,DR00837,PR00007,Yard C,13000,11219,1781,86.3,241,301,61
YRD01807,DR00157,PR00004,Yard A,14000,13790,210,98.5,263,214,78
YRD01808,DR06607,PR00001,Yard C,13000,11219,1781,86.3,338,253,56
YRD01809,DR05709,PR00004,Yard E,12500,11325,1175,90.6,289,338,65
YRD01810,DR07552,PR00003,Yard A,14000,12810,1190,91.5,206,326,95
YRD01811,DR01574,PR00007,Yard E,12500,11562,938,92.5,242,210,123
YRD01812,DR02098,PR00007,Yard C,13000,11284,1716,86.8,276,252,76
YRD01813,DR07597,PR00006,Yard E,12500,11650,850,93.2,196,162,113
YRD01814,DR06223,PR00004,Yard A,14000,13790,210,98.5,275,235,108
YRD01815,DR00323,PR00007,Yard C,13000,11037,1963,84.9,235,272,83
YRD01816,DR08570,PR00004,Yard B,12000,9948,2052,82.9,324,239,55
YRD01817,DR01784,PR00006,Yard B,12000,9372,2628,78.1,200,218,86
YRD01818,DR04168,PR00001,Yard C,13000,11531,1469,88.7,308,227,86
YRD01819,DR04226,PR00007,Yard C,13000,11635,1365,89.5,298,277,79
YRD01820,DR05703,PR00004,Yard B,12000,8592,3408,71.6,238,306,66
YRD01821,DR04765,PR00002,Yard C,13000,10660,2340,82.0,258,176,46
YRD01822,DR04997,PR00007,Yard B,12000,9156,2844,76.3,228,227,61
YRD01823,DR09820,PR00005,Yard D,11000,7062,3938,64.2,182,191,63
YRD01824,DR02286,PR00007,Yard B,12000,8460,3540,70.5,256,201,77
YRD01825,DR01331,PR00001,Yard B,12000,8616,3384,71.8,190,235,88
YRD01826,DR08076,PR00004,Yard B,12000,8604,3396,71.7,287,217,33
YRD01827,DR02774,PR00005,Yard E,12500,11450,1050,91.6,256,162,110
YRD01828,DR06066,PR00001,Yard C,13000,11232,1768,86.4,281,235,95
YRD01829,DR05445,PR00005,Yard C,13000,11284,1716,86.8,248,246,64
YRD01830,DR01245,PR00004,Yard E,12500,11362,1138,90.9,265,246,122
YRD01831,DR04840,PR00002,Yard A,14000,13790,210,98.5,287,237,103
YRD01832,DR08414,PR00005,Yard D,11000,6809,4191,61.9,182,251,39
YRD01833,DR03111,PR00001,Yard A,14000,13692,308,97.8,258,288,118
YRD01834,DR05158,PR00006,Yard E,12500,11212,1288,89.7,283,292,72
YRD01835,DR04113,PR00006,Yard E,12500,11588,912,92.7,224,242,100
YRD01836,DR07079,PR00003,Yard D,11000,8030,2970,73.0,360,285,73
YRD01837,DR07570,PR00003,Yard B,12000,8724,3276,72.7,204,161,57
YRD01838,DR07905,PR00003,Yard B,12000,8664,3336,72.2,188,199,39
YRD01839,DR03240,PR00002,Yard B,12000,8508,3492,70.9,217,255,33
YRD01840,DR05380,PR00006,Yard B,12000,9840,2160,82.0,201,239,53
YRD01841,DR03133,PR00002,Yard E,12500,11438,1062,91.5,227,278,56
YRD01842,DR03756,PR00003,Yard B,12000,9468,2532,78.9,247,212,91
YRD01843,DR05426,PR00002,Yard A,14000,13734,266,98.1,236,263,113
YRD01844,DR07856,PR00004,Yard B,12000,9360,2640,78.0,227,308,74
YRD01845,DR02930,PR00006,Yard A,14000,13790,210,98.5,317,228,109
YRD01846,DR07744,PR00001,Yard B,12000,9420,2580,78.5,232,208,47
YRD01847,DR03896,PR00002,Yard E,12500,11375,1125,91.0,245,210,71
YRD01848,DR03832,PR00001,Yard B,12000,8772,3228,73.1,259,183,58
YRD01849,DR09401,PR00001,Yard B,12000,9216,2784,76.8,227,237,64
YRD01850,DR00526,PR00003,Yard B,12000,8244,3756,68.7,211,187,43
YRD01851,DR02866,PR00005,Yard B,12000,9012,2988,75.1,254,213,72
YRD01852,DR03083,PR00004,Yard A,14000,13678,322,97.7,213,211,89
YRD01853,DR08904,PR00001,Yard A,14000,13090,910,93.5,189,168,79
YRD01854,DR04984,PR00004,Yard B,12000,8868,3132,73.9,175,245,65
YRD01855,DR00976,PR00006,Yard B,12000,9384,2616,78.2,237,337,67
YRD01856,DR08383,PR00003,Yard E,12500,11962,538,95.7,251,302,70
YRD01857,DR05921,PR00002,Yard C,13000,10608,2392,81.6,248,278,65
YRD01858,DR02470,PR00005,Yard E,12500,11300,1200,90.4,238,228,74
YRD01859,DR01867,PR00001,Yard E,12500,11062,1438,88.5,195,220,55
YRD01860,DR06409,PR00006,Yard D,11000,7590,3410,69.0,252,237,40
YRD01861,DR09513,PR00006,Yard A,14000,12530,1470,89.5,209,234,71
YRD01862,DR06412,PR00006,Yard D,11000,7623,3377,69.3,210,241,88
YRD01863,DR05613,PR00001,Yard C,13000,10101,2899,77.7,123,203,45
YRD01864,DR07088,PR00001,Yard B,12000,8544,3456,71.2,248,325,80
YRD01865,DR05723,PR00006,Yard C,13000,10374,2626,79.8,248,201,69
YRD01866,DR06788,PR00003,Yard D,11000,8030,2970,73.0,224,310,53
YRD01867,DR07116,PR00003,Yard E,12500,12075,425,96.6,300,258,53
YRD01868,DR08795,PR00004,Yard C,13000,11726,1274,90.2,271,255,106
YRD01869,DR05198,PR00001,Yard A,14000,13482,518,96.3,250,248,93
YRD01870,DR06850,PR00004,Yard B,12000,9732,2268,81.1,325,293,88
YRD01871,DR09386,PR00007,Yard A,14000,13776,224,98.4,277,280,75
YRD01872,DR06077,PR00005,Yard D,11000,8217,2783,74.7,252,318,40
YRD01873,DR07597,PR00003,Yard A,14000,13440,560,96.0,246,252,125
YRD01874,DR01657,PR00007,Yard E,12500,11850,650,94.8,178,192,72
YRD01875,DR01155,PR00005,Yard B,12000,10020,1980,83.5,290,246,83
YRD01876,DR02689,PR00001,Yard C,13000,10998,2002,84.6,228,241,90
YRD01877,DR05400,PR00005,Yard D,11000,7887,3113,71.7,244,238,78
YRD01878,DR00800,PR00001,Yard D,11000,7656,3344,69.6,184,223,30
YRD01879,DR03168,PR00002,Yard E,12500,12050,450,96.4,234,287,63
YRD01880,DR00707,PR00004,Yard D,11000,7502,3498,68.2,347,279,54
YRD01881,DR03512,PR00002,Yard A,14000,13244,756,94.6,282,184,79
YRD01882,DR03103,PR00001,Yard D,11000,7359,3641,66.9,285,190,47
YRD01883,DR08836,PR00004,Yard D,11000,7205,3795,65.5,345,230,52
YRD01884,DR04977,PR00002,Yard A,14000,13790,210,98.5,266,234,95
YRD01885,DR03308,PR00003,Yard D,11000,7744,3256,70.4,241,256,70
YRD01886,DR06328,PR00002,Yard E,12500,12150,350,97.2,236,199,113
YRD01887,DR05549,PR00005,Yard C,13000,11427,1573,87.9,256,346,62
YRD01888,DR05890,PR00006,Yard C,13000,11323,1677,87.1,174,254,65
YRD01889,DR09133,PR00001,Yard C,13000,11336,1664,87.2,162,249,44
YRD01890,DR01423,PR00006,Yard C,13000,11401,1599,87.7,136,192,68
YRD01891,DR03725,PR00001,Yard E,12500,11450,1050,91.6,306,269,102
YRD01892,DR00641,PR00002,Yard E,12500,10825,1675,86.6,259,229,76
YRD01893,DR01190,PR00002,Yard E,12500,11950,550,95.6,260,160,114
YRD01894,DR01101,PR00002,Yard A,14000,12964,1036,92.6,158,105,93
YRD01895,DR09441,PR00001,Yard C,13000,11648,1352,89.6,245,237,79
YRD01896,DR03279,PR00005,Yard E,12500,10525,1975,84.2,221,282,21
YRD01897,DR06224,PR00006,Yard B,12000,9276,2724,77.3,287,249,53
YRD01898,DR06759,PR00007,Yard D,11000,7722,3278,70.2,220,283,21
YRD01899,DR04265,PR00007,Yard C,13000,10946,2054,84.2,242,310,71
YRD01900,DR05268,PR00003,Yard D,11000,8327,2673,75.7,239,210,58
YRD01901,DR03988,PR00001,Yard D,11000,8690,2310,79.0,252,295,64
YRD01902,DR08161,PR00001,Yard A,14000,13664,336,97.6,283,326,89
YRD01903,DR05107,PR00003,Yard D,11000,7678,3322,69.8,208,218,58
YRD01904,DR04282,PR00006,Yard B,12000,8484,3516,70.7,225,220,75
YRD01905,DR06817,PR00002,Yard B,12000,8808,3192,73.4,221,187,75
YRD01906,DR07711,PR00001,Yard A,14000,13790,210,98.5,247,274,132
YRD01907,DR06633,PR00003,Yard C,13000,11427,1573,87.9,323,215,97
YRD01908,DR08652,PR00006,Yard D,11000,7117,3883,64.7,249,240,43
YRD01909,DR08038,PR00003,Yard C,13000,10764,2236,82.8,304,249,64
YRD01910,DR07416,PR00005,Yard E,12500,11288,1212,90.3,278,237,64
YRD01911,DR09584,PR00003,Yard D,11000,7370,3630,67.0,222,187,63
YRD01912,DR05904,PR00003,Yard B,12000,9072,2928,75.6,253,210,55
YRD01913,DR04513,PR00003,Yard D,11000,7755,3245,70.5,240,250,102
YRD01914,DR08362,PR00005,Yard D,11000,8063,2937,73.3,221,304,56
YRD01915,DR09959,PR00005,Yard C,13000,11843,1157,91.1,241,249,61
YRD01916,DR03764,PR00003,Yard A,14000,12992,1008,92.8,269,203,74
YRD01917,DR04529,PR00002,Yard B,12000,9708,2292,80.9,279,188,40
YRD01918,DR02706,PR00001,Yard C,13000,11297,1703,86.9,165,174,106
YRD01919,DR09098,PR00001,Yard E,12500,11288,1212,90.3,186,277,76
YRD01920,DR01228,PR00001,Yard A,14000,13790,210,98.5,274,291,108
YRD01921,DR02516,PR00001,Yard A,14000,13790,210,98.5,215,281,75
YRD01922,DR06221,PR00005,Yard B,12000,8904,3096,74.2,213,178,60
YRD01923,DR06683,PR00006,Yard A,14000,13790,210,98.5,243,228,62
YRD01924,DR08880,PR00005,Yard B,12000,8688,3312,72.4,355,169,51
YRD01925,DR06398,PR00005,Yard D,11000,7733,3267,70.3,287,223,46
YRD01926,DR06363,PR00007,Yard A,14000,13650,350,97.5,201,195,82
YRD01927,DR03697,PR00007,Yard C,13000,11050,1950,85.0,258,267,86
YRD01928,DR07493,PR00002,Yard D,11000,7722,3278,70.2,253,319,86
YRD01929,DR06151,PR00001,Yard E,12500,10862,1638,86.9,147,261,75
YRD01930,DR04093,PR00001,Yard A,14000,13790,210,98.5,271,230,61
YRD01931,DR04993,PR00006,Yard C,13000,11219,1781,86.3,308,231,65
YRD01932,DR00728,PR00001,Yard B,12000,9432,2568,78.6,320,264,66
YRD01933,DR04369,PR00002,Yard A,14000,13314,686,95.1,275,211,101
YRD01934,DR09456,PR00003,Yard E,12500,11075,1425,88.6,147,230,83
YRD01935,DR05562,PR00004,Yard D,11000,7469,3531,67.9,243,215,63
YRD01936,DR04659,PR00004,Yard B,12000,9084,2916,75.7,225,224,84
YRD01937,DR01266,PR00006,Yard C,13000,11492,1508,88.4,138,263,75
YRD01938,DR03846,PR00004,Yard D,11000,7194,3806,65.4,199,221,71
YRD01939,DR01274,PR00006,Yard E,12500,12312,188,98.5,260,195,92
YRD01940,DR02262,PR00001,Yard A,14000,13790,210,98.5,322,212,75
YRD01941,DR07389,PR00006,Yard A,14000,12670,1330,90.5,250,292,71
YRD01942,DR06387,PR00004,Yard B,12000,9492,2508,79.1,204,147,60
YRD01943,DR09391,PR00002,Yard E,12500,11812,688,94.5,271,304,72
YRD01944,DR01740,PR00007,Yard E,12500,10738,1762,85.9,190,246,86
YRD01945,DR08901,PR00007,Yard C,13000,11973,1027,92.1,338,207,111
YRD01946,DR02341,PR00006,Yard D,11000,6633,4367,60.3,285,173,36
YRD01947,DR05882,PR00007,Yard B,12000,8604,3396,71.7,170,251,68
YRD01948,DR01487,PR00003,Yard D,11000,6655,4345,60.5,188,263,39
YRD01949,DR07823,PR00002,Yard D,11000,7997,3003,72.7,192,228,73
YRD01950,DR01430,PR00001,Yard A,14000,13790,210,98.5,247,281,83
YRD01951,DR06382,PR00006,Yard E,12500,12062,438,96.5,213,270,78
YRD01952,DR08313,PR00006,Yard C,13000,10998,2002,84.6,218,190,107
YRD01953,DR05708,PR00007,Yard A,14000,13790,210,98.5,300,206,71
YRD01954,DR02901,PR00006,Yard E,12500,10800,1700,86.4,247,301,56
YRD01955,DR09162,PR00004,Yard B,12000,8988,3012,74.9,207,258,76
YRD01956,DR04778,PR00001,Yard E,12500,11388,1112,91.1,227,219,46
YRD01957,DR07278,PR00001,Yard E,12500,10875,1625,87.0,238,235,118
YRD01958,DR02550,PR00003,Yard C,13000,11362,1638,87.4,195,224,70
YRD01959,DR07842,PR00005,Yard C,13000,11583,1417,89.1,217,248,61
YRD01960,DR07207,PR00001,Yard A,14000,13356,644,95.4,113,239,105
YRD01961,DR04628,PR00007,Yard D,11000,7150,3850,65.0,256,228,21
YRD01962,DR00895,PR00005,Yard E,12500,12175,325,97.4,354,222,133
YRD01963,DR06793,PR00002,Yard C,13000,10569,2431,81.3,325,199,48
YRD01964,DR05606,PR00006,Yard C,13000,11154,1846,85.8,227,251,87
YRD01965,DR00830,PR00004,Yard E,12500,11862,638,94.9,217,163,78
YRD01966,DR00862,PR00005,Yard C,13000,11934,1066,91.8,189,239,56
YRD01967,DR06164,PR00003,Yard D,11000,8129,2871,73.9,281,298,31
YRD01968,DR06179,PR00003,Yard B,12000,9564,2436,79.7,312,169,80
YRD01969,DR09281,PR00001,Yard D,11000,7942,3058,72.2,309,257,88
YRD01970,DR00005,PR00003,Yard E,12500,11062,1438,88.5,189,236,72
YRD01971,DR06449,PR00005,Yard D,11000,7744,3256,70.4,279,143,64
YRD01972,DR08489,PR00007,Yard C,13000,10712,2288,82.4,195,263,59
YRD01973,DR00780,PR00006,Yard A,14000,12852,1148,91.8,168,268,79
YRD01974,DR06268,PR00001,Yard A,14000,13790,210,98.5,244,260,100
YRD01975,DR00157,PR00007,Yard C,13000,11752,1248,90.4,255,171,83
YRD01976,DR06712,PR00001,Yard E,12500,11862,638,94.9,230,216,64
YRD01977,DR06230,PR00001,Yard B,12000,9276,2724,77.3,131,209,110
YRD01978,DR00288,PR00005,Yard D,11000,7898,3102,71.8,272,184,24
YRD01979,DR08452,PR00007,Yard C,13000,10803,2197,83.1,248,230,59
YRD01980,DR05462,PR00007,Yard D,11000,7315,3685,66.5,267,179,47
YRD01981,DR07962,PR00006,Yard B,12000,9312,2688,77.6,217,238,42
YRD01982,DR07954,PR00002,Yard E,12500,11825,675,94.6,170,233,85
YRD01983,DR04142,PR00001,Yard A,14000,13692,308,97.8,265,283,110
YRD01984,DR07543,PR00001,Yard B,12000,9804,2196,81.7,211,308,42
YRD01985,DR02153,PR00004,Yard D,11000,7920,3080,72.0,263,302,63
YRD01986,DR02948,PR00003,Yard E,12500,11200,1300,89.6,240,328,81
YRD01987,DR07711,PR00001,Yard D,11000,7491,3509,68.1,193,220,43
YRD01988,DR08776,PR00003,Yard B,12000,9384,2616,78.2,229,249,35
YRD01989,DR05052,PR00004,Yard C,13000,10621,2379,81.7,256,213,54
YRD01990,DR00966,PR00005,Yard C,13000,10699,2301,82.3,320,171,73
YRD01991,DR04955,PR00003,Yard A,14000,13538,462,96.7,180,213,106
YRD01992,DR06455,PR00002,Yard A,14000,12236,1764,87.4,179,208,84
YRD01993,DR09292,PR00004,Yard D,11000,7612,3388,69.2,193,265,73
YRD01994,DR00289,PR00005,Yard C,13000,10153,2847,78.1,161,238,59
YRD01995,DR09580,PR00002,Yard E,12500,11025,1475,88.2,179,252,75
YRD01996,DR03297,PR00001,Yard B,12000,8880,3120,74.0,269,221,42
YRD01997,DR02551,PR00007,Yard B,12000,8844,3156,73.7,213,249,47
YRD01998,DR02898,PR00005,Yard E,12500,11425,1075,91.4,309,283,53
YRD01999,DR05287,PR00002,Yard D,11000,7249,3751,65.9,256,243,61
YRD02000,DR03840,PR00004,Yard A,14000,13762,238,98.3,269,204,94
YRD02001,DR04315,PR00004,Yard C,13000,11037,1963,84.9,260,262,50
YRD02002,DR03185,PR00001,Yard C,13000,10582,2418,81.4,261,205,58
YRD02003,DR02323,PR00001,Yard C,13000,11505,1495,88.5,259,298,81
YRD02004,DR09883,PR00007,Yard D,11000,7788,3212,70.8,279,322,77
YRD02005,DR03897,PR00003,Yard B,12000,9240,2760,77.0,212,214,92
YRD02006,DR00378,PR00001,Yard C,13000,11440,1560,88.0,261,224,41
YRD02007,DR03198,PR00006,Yard D,11000,7898,3102,71.8,332,298,64
YRD02008,DR07429,PR00003,Yard B,12000,9240,2760,77.0,205,248,53
YRD02009,DR05932,PR00004,Yard A,14000,13790,210,98.5,207,263,56
YRD02010,DR03764,PR00002,Yard B,12000,9504,2496,79.2,312,212,81
YRD02011,DR09828,PR00001,Yard D,11000,7645,3355,69.5,238,245,79
YRD02012,DR02393,PR00001,Yard B,12000,9528,2472,79.4,241,208,62
YRD02013,DR06857,PR00007,Yard D,11000,8250,2750,75.0,215,277,73
YRD02014,DR06712,PR00004,Yard C,13000,11050,1950,85.0,233,206,60
YRD02015,DR02171,PR00006,Yard D,11000,7601,3399,69.1,199,185,56
YRD02016,DR05370,PR00001,Yard E,12500,11950,550,95.6,283,288,107
YRD02017,DR02409,PR00005,Yard C,13000,10985,2015,84.5,317,122,76
YRD02018,DR00564,PR00003,Yard B,12000,8700,3300,72.5,210,212,44
YRD02019,DR02076,PR00004,Yard A,14000,13790,210,98.5,311,245,92
YRD02020,DR03286,PR00002,Yard A,14000,13650,350,97.5,292,214,78
YRD02021,DR05934,PR00004,Yard B,12000,9492,2508,79.1,293,252,55
YRD02022,DR03526,PR00001,Yard C,13000,10972,2028,84.4,225,188,91
YRD02023,DR03303,PR00001,Yard B,12000,8904,3096,74.2,261,201,67
YRD02024,DR03835,PR00006,Yard A,14000,13790,210,98.5,253,245,93
YRD02025,DR03623,PR00001,Yard B,12000,9144,2856,76.2,254,233,30
YRD02026,DR00687,PR00001,Yard B,12000,9132,2868,76.1,189,200,49
YRD02027,DR04830,PR00007,Yard A,14000,13244,756,94.6,192,283,89
YRD02028,DR03547,PR00002,Yard D,11000,8184,2816,74.4,223,230,51
YRD02029,DR00089,PR00004,Yard E,12500,10950,1550,87.6,318,190,82
YRD02030,DR02446,PR00006,Yard A,14000,13790,210,98.5,210,174,103
YRD02031,DR02634,PR00005,Yard E,12500,10988,1512,87.9,230,192,101
YRD02032,DR09413,PR00001,Yard A,14000,13790,210,98.5,302,249,73
YRD02033,DR02211,PR00004,Yard B,12000,9192,2808,76.6,294,197,37
YRD02034,DR03321,PR00004,Yard C,13000,11583,1417,89.1,331,239,97
YRD02035,DR05914,PR00002,Yard E,12500,11275,1225,90.2,286,241,94
YRD02036,DR05657,PR00005,Yard C,13000,11609,1391,89.3,311,203,79
YRD02037,DR00364,PR00007,Yard E,12500,11862,638,94.9,240,259,83
YRD02038,DR08768,PR00001,Yard C,13000,10088,2912,77.6,236,179,77
YRD02039,DR01663,PR00001,Yard A,14000,13790,210,98.5,285,184,105
YRD02040,DR00226,PR00005,Yard D,11000,7315,3685,66.5,262,288,52
YRD02041,DR01149,PR00003,Yard A,14000,13650,350,97.5,260,228,87
YRD02042,DR02516,PR00006,Yard D,11000,7513,3487,68.3,343,229,50
YRD02043,DR08121,PR00001,Yard E,12500,11488,1012,91.9,239,268,65
YRD02044,DR00348,PR00001,Yard D,11000,7128,3872,64.8,198,214,51
YRD02045,DR01710,PR00005,Yard D,11000,7777,3223,70.7,230,242,50
YRD02046,DR08998,PR00007,Yard C,13000,11531,1469,88.7,194,238,101
YRD02047,DR06555,PR00001,Yard A,14000,13636,364,97.4,185,212,75
YRD02048,DR05391,PR00006,Yard E,12500,11762,738,94.1,222,161,68
YRD02049,DR01464,PR00003,Yard C,13000,11531,1469,88.7,140,309,86
YRD02050,DR08797,PR00001,Yard C,13000,11232,1768,86.4,239,197,75
YRD02051,DR03777,PR00003,Yard C,13000,11609,1391,89.3,269,218,59
YRD02052,DR05764,PR00002,Yard B,12000,8484,3516,70.7,233,249,31
YRD02053,DR02444,PR00005,Yard E,12500,11950,550,95.6,233,173,78
YRD02054,DR06821,PR00002,Yard D,11000,7722,3278,70.2,318,268,69
YRD02055,DR04972,PR00003,Yard C,13000,11271,1729,86.7,218,155,80
YRD02056,DR03509,PR00002,Yard A,14000,13090,910,93.5,250,195,42
YRD02057,DR03998,PR00006,Yard A,14000,12488,1512,89.2,184,200,62
YRD02058,DR02964,PR00007,Yard E,12500,11612,888,92.9,196,249,101
YRD02059,DR04479,PR00003,Yard A,14000,12712,1288,90.8,262,238,98
YRD02060,DR03928,PR00003,Yard C,13000,10829,2171,83.3,181,181,59
YRD02061,DR04909,PR00007,Yard C,13000,11141,1859,85.7,216,267,69
YRD02062,DR03990,PR00001,Yard E,12500,11812,688,94.5,229,276,56
YRD02063,DR01295,PR00006,Yard A,14000,13776,224,98.4,237,272,126
YRD02064,DR03196,PR00004,Yard D,11000,7535,3465,68.5,186,292,58
YRD02065,DR09327,PR00006,Yard C,13000,10465,2535,80.5,297,273,53
YRD02066,DR05593,PR00002,Yard C,13000,10348,2652,79.6,257,288,90
YRD02067,DR07111,PR00002,Yard D,11000,7469,3531,67.9,172,242,40
YRD02068,DR06257,PR00002,Yard B,12000,8664,3336,72.2,224,131,61
YRD02069,DR02525,PR00001,Yard A,14000,13258,742,94.7,271,200,94
YRD02070,DR01432,PR00001,Yard E,12500,11925,575,95.4,269,269,81
YRD02071,DR09198,PR00007,Yard E,12500,11738,762,93.9,229,281,95
YRD02072,DR01673,PR00002,Yard E,12500,11662,838,93.3,225,218,83
YRD02073,DR00440,PR00001,Yard E,12500,10788,1712,86.3,249,231,74
YRD02074,DR01558,PR00002,Yard C,13000,11128,1872,85.6,273,299,95
YRD02075,DR03405,PR00003,Yard A,14000,13790,210,98.5,183,274,79
YRD02076,DR04592,PR00004,Yard B,12000,8388,3612,69.9,281,245,51
YRD02077,DR02863,PR00001,Yard E,12500,10538,1962,84.3,170,123,70
YRD02078,DR05878,PR00006,Yard C,13000,11791,1209,90.7,244,182,94
YRD02079,DR02366,PR00006,Yard C,13000,11011,1989,84.7,205,259,72
YRD02080,DR03461,PR00002,Yard C,13000,11245,1755,86.5,264,253,41
YRD02081,DR03991,PR00006,Yard B,12000,8964,3036,74.7,252,209,57
YRD02082,DR01464,PR00003,Yard D,11000,7315,3685,66.5,190,221,61
YRD02083,DR07746,PR00003,Yard A,14000,13216,784,94.4,216,201,95
YRD02084,DR05665,PR00007,Yard C,13000,10972,2028,84.4,345,255,73
YRD02085,DR09111,PR00006,Yard C,13000,11362,1638,87.4,308,255,59
YRD02086,DR03641,PR00003,Yard A,14000,13790,210,98.5,282,229,111
YRD02087,DR06895,PR00003,Yard B,12000,8964,3036,74.7,293,138,70
YRD02088,DR01002,PR00002,Yard C,13000,11687,1313,89.9,267,296,60
YRD02089,DR08060,PR00003,Yard E,12500,11475,1025,91.8,183,177,76
YRD02090,DR00168,PR00005,Yard B,12000,9552,2448,79.6,253,236,47
YRD02091,DR01675,PR00001,Yard E,12500,11212,1288,89.7,184,198,80
YRD02092,DR04103,PR00007,Yard B,12000,8436,3564,70.3,190,234,54
YRD02093,DR06267,PR00005,Yard B,12000,8880,3120,74.0,202,204,54
YRD02094,DR05540,PR00001,Yard C,13000,11206,1794,86.2,255,190,90
YRD02095,DR05176,PR00006,Yard A,14000,13790,210,98.5,175,173,119
YRD02096,DR04657,PR00005,Yard C,13000,12194,806,93.8,238,231,88
YRD02097,DR09008,PR00002,Yard D,11000,7821,3179,71.1,305,185,42
YRD02098,DR07217,PR00003,Yard E,12500,12000,500,96.0,200,202,92
YRD02099,DR02312,PR00006,Yard D,11000,7128,3872,64.8,254,177,26
YRD02100,DR08885,PR00007,Yard C,13000,11739,1261,90.3,247,262,63
YRD02101,DR02438,PR00002,Yard D,11000,7557,3443,68.7,281,208,36
YRD02102,DR08249,PR00004,Yard A,14000,13692,308,97.8,273,273,116
YRD02103,DR05586,PR00006,Yard A,14000,13454,546,96.1,134,214,101
YRD02104,DR05249,PR00007,Yard D,11000,7931,3069,72.1,315,245,54
YRD02105,DR03929,PR00001,Yard C,13000,11154,1846,85.8,283,156,92
YRD02106,DR01103,PR00003,Yard B,12000,9072,2928,75.6,187,168,66
YRD02107,DR05052,PR00006,Yard D,11000,7029,3971,63.9,213,217,45
YRD02108,DR01559,PR00001,Yard A,14000,13790,210,98.5,205,192,133
YRD02109,DR02518,PR00003,Yard A,14000,13006,994,92.9,311,316,69
YRD02110,DR03986,PR00004,Yard B,12000,8364,3636,69.7,160,231,69
YRD02111,DR05875,PR00003,Yard C,13000,11427,1573,87.9,306,243,80
YRD02112,DR08002,PR00005,Yard A,14000,13790,210,98.5,308,242,135
YRD02113,DR00530,PR00001,Yard A,14000,13790,210,98.5,196,227,118
YRD02114,DR09537,PR00006,Yard D,11000,7557,3443,68.7,296,191,95
YRD02115,DR07776,PR00002,Yard B,12000,8856,3144,73.8,215,209,86
YRD02116,DR03290,PR00006,Yard E,12500,11638,862,93.1,299,227,79
YRD02117,DR03524,PR00003,Yard B,12000,9060,2940,75.5,320,301,63
YRD02118,DR07728,PR00001,Yard C,13000,10491,2509,80.7,220,243,82
YRD02119,DR01303,PR00007,Yard C,13000,11102,1898,85.4,254,244,74
YRD02120,DR00031,PR00006,Yard C,13000,11362,1638,87.4,223,243,74
YRD02121,DR03425,PR00002,Yard D,11000,7491,3509,68.1,217,205,25
YRD02122,DR03208,PR00002,Yard C,13000,11609,1391,89.3,251,216,82
YRD02123,DR05136,PR00004,Yard A,14000,12376,1624,88.4,270,172,82
YRD02124,DR09712,PR00007,Yard C,13000,10439,2561,80.3,278,250,77
YRD02125,DR01629,PR00002,Yard C,13000,11349,1651,87.3,293,258,68
YRD02126,DR01836,PR00007,Yard B,12000,9108,2892,75.9,183,224,84
YRD02127,DR00553,PR00002,Yard E,12500,11000,1500,88.0,184,221,34
YRD02128,DR00364,PR00005,Yard C,13000,11193,1807,86.1,238,230,85
YRD02129,DR09997,PR00003,Yard D,11000,7194,3806,65.4,267,262,78
YRD02130,DR02118,PR00001,Yard B,12000,9372,2628,78.1,331,268,86
YRD02131,DR08933,PR00007,Yard D,11000,7557,3443,68.7,173,264,80
YRD02132,DR04173,PR00001,Yard E,12500,12075,425,96.6,294,231,87
YRD02133,DR04911,PR00007,Yard E,12500,10488,2012,83.9,246,218,81
YRD02134,DR04596,PR00001,Yard A,14000,13790,210,98.5,261,204,122
YRD02135,DR00844,PR00002,Yard E,12500,12050,450,96.4,287,241,98
YRD02136,DR04069,PR00007,Yard B,12000,9444,2556,78.7,207,192,62
YRD02137,DR03559,PR00004,Yard E,12500,11588,912,92.7,167,226,60
YRD02138,DR02902,PR00001,Yard E,12500,11738,762,93.9,135,201,75
YRD02139,DR08235,PR00004,Yard B,12000,9312,2688,77.6,229,223,63
YRD02140,DR00113,PR00001,Yard E,12500,10712,1788,85.7,212,172,78
YRD02141,DR06906,PR00006,Yard C,13000,11609,1391,89.3,188,209,77
YRD02142,DR02752,PR00001,Yard D,11000,7414,3586,67.4,204,184,85
YRD02143,DR08286,PR00003,Yard E,12500,12312,188,98.5,290,217,120
YRD02144,DR08629,PR00001,Yard D,11000,7612,3388,69.2,164,201,43
YRD02145,DR02124,PR00005,Yard E,12500,10850,1650,86.8,147,236,64
YRD02146,DR05313,PR00007,Yard B,12000,8808,3192,73.4,169,197,44
YRD02147,DR06776,PR00006,Yard E,12500,10925,1575,87.4,230,169,94
YRD02148,DR00140,PR00003,Yard E,12500,11925,575,95.4,233,219,97
YRD02149,DR05493,PR00002,Yard E,12500,11588,912,92.7,221,181,68
YRD02150,DR01068,PR00001,Yard E,12500,10312,2188,82.5,233,176,99
YRD02151,DR07237,PR00006,Yard E,12500,11900,600,95.2,360,346,70
YRD02152,DR02538,PR00001,Yard D,11000,8041,2959,73.1,313,308,40
YRD02153,DR06287,PR00004,Yard E,12500,11900,600,95.2,284,296,66
YRD02154,DR08620,PR00003,Yard D,11000,8074,2926,73.4,271,195,73
YRD02155,DR07160,PR00007,Yard A,14000,13678,322,97.7,210,259,99
YRD02156,DR06454,PR00003,Yard C,13000,10985,2015,84.5,147,283,92
YRD02157,DR04530,PR00004,Yard D,11000,7040,3960,64.0,253,275,45
YRD02158,DR08595,PR00007,Yard D,11000,7744,3256,70.4,243,276,57
YRD02159,DR08181,PR00007,Yard A,14000,13790,210,98.5,314,238,109
YRD02160,DR06060,PR00004,Yard C,13000,11518,1482,88.6,273,178,66
YRD02161,DR03706,PR00006,Yard A,14000,13776,224,98.4,245,184,81
YRD02162,DR06470,PR00004,Yard A,14000,13790,210,98.5,337,252,97
YRD02163,DR03547,PR00003,Yard C,13000,11466,1534,88.2,165,208,53
YRD02164,DR09778,PR00001,Yard C,13000,11297,1703,86.9,178,202,57
YRD02165,DR08537,PR00005,Yard A,14000,13524,476,96.6,186,177,62
YRD02166,DR07417,PR00005,Yard C,13000,10959,2041,84.3,251,216,87
YRD02167,DR03632,PR00001,Yard D,11000,7117,3883,64.7,205,307,86
YRD02168,DR02713,PR00002,Yard D,11000,7744,3256,70.4,170,241,71
YRD02169,DR05274,PR00005,Yard A,14000,13790,210,98.5,308,294,101
YRD02170,DR08845,PR00001,Yard B,12000,8436,3564,70.3,337,274,51
YRD02171,DR07900,PR00005,Yard A,14000,13790,210,98.5,210,189,115
YRD02172,DR03995,PR00005,Yard B,12000,8520,3480,71.0,245,245,51
YRD02173,DR08893,PR00002,Yard E,12500,11050,1450,88.4,245,283,115
YRD02174,DR08282,PR00002,Yard B,12000,8592,3408,71.6,162,250,65
YRD02175,DR06027,PR00003,Yard C,13000,11258,1742,86.6,273,249,107
YRD02176,DR09547,PR00002,Yard D,11000,7007,3993,63.7,178,215,69
YRD02177,DR07737,PR00004,Yard E,12500,11312,1188,90.5,198,317,101
YRD02178,DR06474,PR00005,Yard C,13000,11427,1573,87.9,252,241,83
YRD02179,DR09770,PR00006,Yard D,11000,7612,3388,69.2,218,241,38
YRD02180,DR07052,PR00001,Yard A,14000,13790,210,98.5,242,260,97
YRD02181,DR06821,PR00005,Yard D,11000,7733,3267,70.3,250,166,70
YRD02182,DR00612,PR00002,Yard C,13000,11492,1508,88.4,318,331,66
YRD02183,DR07354,PR00006,Yard D,11000,7139,3861,64.9,258,231,12
YRD02184,DR09339,PR00001,Yard A,14000,13440,560,96.0,253,258,59
YRD02185,DR02864,PR00004,Yard E,12500,12050,450,96.4,215,313,140
YRD02186,DR06184,PR00004,Yard A,14000,13356,644,95.4,165,171,109
YRD02187,DR03440,PR00002,Yard A,14000,13776,224,98.4,201,267,105
YRD02188,DR06757,PR00007,Yard C,13000,11310,1690,87.0,235,218,71
YRD02189,DR00252,PR00001,Yard B,12000,8628,3372,71.9,214,229,29
YRD02190,DR05708,PR00001,Yard B,12000,8856,3144,73.8,269,188,49
YRD02191,DR02875,PR00004,Yard C,13000,10465,2535,80.5,230,225,73
YRD02192,DR07390,PR00003,Yard E,12500,11212,1288,89.7,262,261,109
YRD02193,DR02541,PR00002,Yard C,13000,11258,1742,86.6,269,232,46
YRD02194,DR01720,PR00002,Yard E,12500,11825,675,94.6,191,291,86
YRD02195,DR01106,PR00001,Yard C,13000,10894,2106,83.8,284,283,88
YRD02196,DR04196,PR00006,Yard C,13000,11804,1196,90.8,310,276,46
YRD02197,DR07126,PR00004,Yard E,12500,11325,1175,90.6,117,234,60
YRD02198,DR05432,PR00002,Yard C,13000,11024,1976,84.8,164,275,45
YRD02199,DR02324,PR00003,Yard D,11000,6930,4070,63.0,182,230,56
YRD02200,DR04325,PR00007,Yard D,11000,6600,4400,60.0,195,191,38
YRD02201,DR08130,PR00006,Yard A,14000,13790,210,98.5,284,258,99
YRD02202,DR09088,PR00001,Yard E,12500,11862,638,94.9,253,283,88
YRD02203,DR00839,PR00004,Yard D,11000,6930,4070,63.0,168,186,41
YRD02204,DR03151,PR00001,Yard A,14000,12880,1120,92.0,253,253,73
YRD02205,DR02612,PR00002,Yard C,13000,10881,2119,83.7,277,255,126
YRD02206,DR09005,PR00006,Yard E,12500,11712,788,93.7,148,239,92
YRD02207,DR02779,PR00006,Yard C,13000,11492,1508,88.4,192,201,78
YRD02208,DR03897,PR00001,Yard E,12500,11200,1300,89.6,327,287,96
YRD02209,DR06287,PR00006,Yard B,12000,9240,2760,77.0,229,318,82
YRD02210,DR03235,PR00005,Yard A,14000,13692,308,97.8,237,191,91
YRD02211,DR08981,PR00005,Yard E,12500,11925,575,95.4,264,350,79
YRD02212,DR06593,PR00006,Yard B,12000,9456,2544,78.8,145,255,72
YRD02213,DR06763,PR00003,Yard D,11000,7436,3564,67.6,230,269,71
YRD02214,DR02474,PR00007,Yard E,12500,10975,1525,87.8,174,209,67
YRD02215,DR09166,PR00002,Yard E,12500,11025,1475,88.2,251,292,86
YRD02216,DR00432,PR00003,Yard E,12500,11038,1462,88.3,245,281,112
YRD02217,DR08435,PR00002,Yard B,12000,9036,2964,75.3,246,191,65
YRD02218,DR03137,PR00006,Yard B,12000,8796,3204,73.3,262,136,78
YRD02219,DR05596,PR00001,Yard A,14000,13790,210,98.5,266,232,101
YRD02220,DR01907,PR00003,Yard B,12000,9180,2820,76.5,185,259,65
YRD02221,DR08492,PR00005,Yard C,13000,11687,1313,89.9,233,241,77
YRD02222,DR00345,PR00002,Yard A,14000,13552,448,96.8,260,192,98
YRD02223,DR00285,PR00002,Yard D,11000,6886,4114,62.6,204,192,49
YRD02224,DR05474,PR00002,Yard D,11000,7535,3465,68.5,291,199,50
YRD02225,DR09258,PR00005,Yard E,12500,11738,762,93.9,245,258,118
YRD02226,DR01801,PR00002,Yard A,14000,13762,238,98.3,200,232,99
YRD02227,DR09907,PR00003,Yard C,13000,10894,2106,83.8,278,189,80
YRD02228,DR06657,PR00004,Yard D,11000,7667,3333,69.7,337,305,67
YRD02229,DR01287,PR00007,Yard E,12500,11775,725,94.2,297,207,114
YRD02230,DR08088,PR00006,Yard B,12000,8988,3012,74.9,223,298,48
YRD02231,DR09935,PR00001,Yard A,14000,13790,210,98.5,303,229,76
YRD02232,DR08136,PR00006,Yard E,12500,11400,1100,91.2,186,186,70
YRD02233,DR03852,PR00006,Yard C,13000,10660,2340,82.0,223,227,86
YRD02234,DR04928,PR00005,Yard D,11000,7843,3157,71.3,356,252,81
YRD02235,DR05972,PR00003,Yard B,12000,8316,3684,69.3,176,255,66
YRD02236,DR08705,PR00001,Yard C,13000,11674,1326,89.8,265,252,77
YRD02237,DR07447,PR00005,Yard A,14000,13202,798,94.3,221,267,82
YRD02238,DR00658,PR00003,Yard B,12000,9336,2664,77.8,277,191,55
YRD02239,DR03838,PR00002,Yard A,14000,12880,1120,92.0,245,250,85
YRD02240,DR00036,PR00001,Yard B,12000,9444,2556,78.7,250,203,98
YRD02241,DR07209,PR00002,Yard B,12000,9408,2592,78.4,181,257,41
YRD02242,DR07986,PR00004,Yard E,12500,11188,1312,89.5,215,227,117
YRD02243,DR00336,PR00001,Yard E,12500,11038,1462,88.3,156,254,45
YRD02244,DR09900,PR00004,Yard B,12000,8796,3204,73.3,174,238,52
YRD02245,DR08754,PR00006,Yard D,11000,7546,3454,68.6,260,199,44
YRD02246,DR06924,PR00002,Yard D,11000,7876,3124,71.6,159,245,78
YRD02247,DR08884,PR00001,Yard A,14000,13314,686,95.1,195,215,85
YRD02248,DR08838,PR00001,Yard B,12000,9216,2784,76.8,251,241,49
YRD02249,DR01621,PR00002,Yard D,11000,7359,3641,66.9,243,290,10
YRD02250,DR07896,PR00006,Yard A,14000,13328,672,95.2,234,160,100
YRD02251,DR02350,PR00004,Yard A,14000,13468,532,96.2,314,181,122
YRD02252,DR00257,PR00006,Yard A,14000,12978,1022,92.7,207,201,78
YRD02253,DR00177,PR00007,Yard E,12500,10988,1512,87.9,213,251,87
YRD02254,DR07055,PR00002,Yard A,14000,13776,224,98.4,292,265,95
YRD02255,DR04966,PR00005,Yard B,12000,9072,2928,75.6,179,283,79
YRD02256,DR02500,PR00003,Yard C,13000,11375,1625,87.5,326,252,71
YRD02257,DR00404,PR00003,Yard C,13000,11466,1534,88.2,204,166,89
YRD02258,DR02248,PR00002,Yard A,14000,13790,210,98.5,229,301,83
YRD02259,DR01772,PR00002,Yard A,14000,12922,1078,92.3,213,138,67
YRD02260,DR03753,PR00005,Yard A,14000,13020,980,93.0,194,233,76
YRD02261,DR06522,PR00004,Yard C,13000,10920,2080,84.0,287,271,80
YRD02262,DR09255,PR00002,Yard A,14000,13776,224,98.4,248,247,68
YRD02263,DR08479,PR00001,Yard E,12500,11512,988,92.1,174,191,77
YRD02264,DR02047,PR00004,Yard B,12000,9048,2952,75.4,258,215,58
YRD02265,DR09115,PR00005,Yard E,12500,11750,750,94.0,299,236,72
YRD02266,DR06155,PR00004,Yard A,14000,13426,574,95.9,216,187,79
YRD02267,DR02754,PR00001,Yard C,13000,11479,1521,88.3,250,222,94
YRD02268,DR02051,PR00002,Yard A,14000,13412,588,95.8,314,107,125
YRD02269,DR07174,PR00005,Yard A,14000,13496,504,96.4,194,198,80
YRD02270,DR00238,PR00005,Yard C,13000,10556,2444,81.2,183,224,91
YRD02271,DR06125,PR00001,Yard B,12000,9348,2652,77.9,211,286,72
YRD02272,DR09296,PR00003,Yard A,14000,13174,826,94.1,229,218,52
YRD02273,DR05227,PR00003,Yard B,12000,9336,2664,77.8,293,187,63
YRD02274,DR05033,PR00004,Yard E,12500,11200,1300,89.6,199,155,71
YRD02275,DR06900,PR00001,Yard A,14000,13538,462,96.7,302,206,92
YRD02276,DR02143,PR00004,Yard B,12000,9420,2580,78.5,228,231,87
YRD02277,DR00931,PR00007,Yard B,12000,8268,3732,68.9,180,66,42
YRD02278,DR05159,PR00003,Yard E,12500,11900,600,95.2,280,245,89
YRD02279,DR08964,PR00002,Yard D,11000,7282,3718,66.2,231,195,60
YRD02280,DR05527,PR00001,Yard C,13000,11310,1690,87.0,239,193,81
YRD02281,DR04680,PR00001,Yard B,12000,8952,3048,74.6,271,215,46
YRD02282,DR09063,PR00007,Yard E,12500,11225,1275,89.8,147,229,113
YRD02283,DR06202,PR00007,Yard A,14000,13790,210,98.5,299,252,76
YRD02284,DR08368,PR00001,Yard A,14000,13790,210,98.5,313,241,112
YRD02285,DR07580,PR00007,Yard A,14000,13482,518,96.3,175,272,79
YRD02286,DR07519,PR00001,Yard E,12500,11412,1088,91.3,191,224,124
YRD02287,DR00046,PR00004,Yard D,11000,7062,3938,64.2,239,142,36
YRD02288,DR08994,PR00005,Yard D,11000,7546,3454,68.6,343,348,27
YRD02289,DR03035,PR00002,Yard B,12000,9144,2856,76.2,196,216,71
YRD02290,DR04979,PR00003,Yard D,11000,7766,3234,70.6,195,201,80
YRD02291,DR01026,PR00004,Yard A,14000,13790,210,98.5,210,284,96
YRD02292,DR07703,PR00001,Yard C,13000,11531,1469,88.7,300,322,57
YRD02293,DR08084,PR00007,Yard B,12000,8976,3024,74.8,230,210,68
YRD02294,DR02715,PR00002,Yard D,11000,7612,3388,69.2,350,241,64
YRD02295,DR05934,PR00001,Yard C,13000,11882,1118,91.4,263,225,66
YRD02296,DR03802,PR00007,Yard E,12500,11012,1488,88.1,292,290,34
YRD02297,DR07668,PR00003,Yard B,12000,9216,2784,76.8,172,307,48
YRD02298,DR07286,PR00003,Yard A,14000,13090,910,93.5,305,177,105
YRD02299,DR08343,PR00002,Yard D,11000,7392,3608,67.2,180,136,38
YRD02300,DR08409,PR00001,Yard E,12500,11962,538,95.7,234,228,98
YRD02301,DR08337,PR00002,Yard B,12000,8940,3060,74.5,275,193,58
YRD02302,DR09072,PR00003,Yard D,11000,7161,3839,65.1,147,208,61
YRD02303,DR07196,PR00003,Yard A,14000,13048,952,93.2,265,192,87
YRD02304,DR06320,PR00003,Yard D,11000,7249,3751,65.9,239,209,72
YRD02305,DR00673,PR00006,Yard D,11000,7546,3454,68.6,199,207,97
YRD02306,DR07561,PR00007,Yard A,14000,13790,210,98.5,233,225,92
YRD02307,DR04051,PR00002,Yard A,14000,13790,210,98.5,190,196,126
YRD02308,DR00033,PR00007,Yard E,12500,11862,638,94.9,263,218,88
YRD02309,DR04298,PR00006,Yard A,14000,12558,1442,89.7,169,224,67
YRD02310,DR09682,PR00007,Yard E,12500,12050,450,96.4,217,237,89
YRD02311,DR02323,PR00005,Yard A,14000,13622,378,97.3,271,233,67
YRD02312,DR08255,PR00001,Yard A,14000,13202,798,94.3,219,269,80
YRD02313,DR01920,PR00001,Yard A,14000,13468,532,96.2,233,271,71
YRD02314,DR05757,PR00007,Yard C,13000,11401,1599,87.7,315,187,89
YRD02315,DR04595,PR00003,Yard C,13000,11219,1781,86.3,316,311,45
YRD02316,DR02594,PR00006,Yard C,13000,11986,1014,92.2,193,306,79
YRD02317,DR03728,PR00005,Yard A,14000,12908,1092,92.2,123,226,87
YRD02318,DR08267,PR00002,Yard D,11000,8096,2904,73.6,257,237,70
YRD02319,DR02203,PR00003,Yard E,12500,11438,1062,91.5,306,215,79
YRD02320,DR00982,PR00007,Yard B,12000,9312,2688,77.6,242,234,70
YRD02321,DR05373,PR00001,Yard D,11000,7722,3278,70.2,170,282,35
YRD02322,DR06514,PR00005,Yard A,14000,13790,210,98.5,234,210,104
YRD02323,DR09511,PR00007,Yard D,11000,7271,3729,66.1,208,259,42
YRD02324,DR04138,PR00001,Yard C,13000,11102,1898,85.4,259,273,75
YRD02325,DR03061,PR00002,Yard B,12000,8808,3192,73.4,178,232,56
YRD02326,DR03917,PR00004,Yard D,11000,7645,3355,69.5,249,328,38
YRD02327,DR02913,PR00006,Yard C,13000,11596,1404,89.2,285,277,72
YRD02328,DR02316,PR00003,Yard A,14000,13020,980,93.0,211,242,79
YRD02329,DR01129,PR00001,Yard A,14000,13342,658,95.3,291,105,104
YRD02330,DR05012,PR00001,Yard D,11000,7832,3168,71.2,242,309,56
YRD02331,DR03051,PR00003,Yard A,14000,13762,238,98.3,229,235,94
YRD02332,DR06716,PR00002,Yard B,12000,9024,2976,75.2,264,208,100
YRD02333,DR07738,PR00002,Yard D,11000,7887,3113,71.7,269,157,100
YRD02334,DR00901,PR00006,Yard E,12500,11225,1275,89.8,240,267,56
YRD02335,DR04937,PR00001,Yard A,14000,13538,462,96.7,172,167,70
YRD02336,DR01359,PR00006,Yard C,13000,10647,2353,81.9,217,202,71
YRD02337,DR02900,PR00007,Yard A,14000,13790,210,98.5,267,258,92
YRD02338,DR05800,PR00004,Yard A,14000,13454,546,96.1,226,234,84
YRD02339,DR06463,PR00004,Yard E,12500,12050,450,96.4,266,187,82
YRD02340,DR04909,PR00001,Yard D,11000,7810,3190,71.0,249,203,41
YRD02341,DR04255,PR00004,Yard B,12000,8820,3180,73.5,244,235,58
YRD02342,DR01741,PR00003,Yard D,11000,7700,3300,70.0,268,294,25
YRD02343,DR00996,PR00002,Yard A,14000,13160,840,94.0,270,154,91
YRD02344,DR00821,PR00004,Yard C,13000,11700,1300,90.0,247,293,97
YRD02345,DR03016,PR00001,Yard B,12000,8904,3096,74.2,246,203,45
YRD02346,DR02741,PR00002,Yard C,13000,11076,1924,85.2,232,205,80
YRD02347,DR07260,PR00004,Yard D,11000,7887,3113,71.7,245,188,80
YRD02348,DR01374,PR00003,Yard C,13000,11804,1196,90.8,183,242,61
YRD02349,DR02618,PR00001,Yard E,12500,11975,525,95.8,285,290,95
YRD02350,DR07439,PR00001,Yard D,11000,7590,3410,69.0,187,219,67
YRD02351,DR07444,PR00002,Yard A,14000,13006,994,92.9,234,240,66
YRD02352,DR02498,PR00004,Yard E,12500,11500,1000,92.0,279,193,125
YRD02353,DR04894,PR00003,Yard D,11000,7755,3245,70.5,321,245,50
YRD02354,DR03013,PR00001,Yard B,12000,10404,1596,86.7,210,311,85
YRD02355,DR03545,PR00004,Yard A,14000,12852,1148,91.8,246,241,102
YRD02356,DR07735,PR00007,Yard C,13000,11206,1794,86.2,225,240,58
YRD02357,DR02984,PR00004,Yard A,14000,12558,1442,89.7,221,285,100
YRD02358,DR07122,PR00003,Yard E,12500,11512,988,92.1,239,248,95
YRD02359,DR04845,PR00004,Yard D,11000,8030,2970,73.0,260,234,96
YRD02360,DR01110,PR00006,Yard D,11000,7084,3916,64.4,284,147,65
YRD02361,DR00376,PR00007,Yard A,14000,13790,210,98.5,351,179,107
YRD02362,DR02442,PR00001,Yard B,12000,9084,2916,75.7,265,256,64
YRD02363,DR04447,PR00002,Yard D,11000,7667,3333,69.7,207,211,44
YRD02364,DR09135,PR00001,Yard D,11000,7612,3388,69.2,190,206,34
YRD02365,DR06295,PR00005,Yard C,13000,10985,2015,84.5,264,205,88
YRD02366,DR04159,PR00001,Yard D,11000,8228,2772,74.8,212,195,53
YRD02367,DR01856,PR00007,Yard A,14000,13790,210,98.5,260,268,95
YRD02368,DR00559,PR00001,Yard E,12500,10912,1588,87.3,221,232,81
YRD02369,DR08672,PR00004,Yard D,11000,7139,3861,64.9,238,256,34
YRD02370,DR09870,PR00002,Yard A,14000,13790,210,98.5,281,221,107
YRD02371,DR02882,PR00003,Yard B,12000,10104,1896,84.2,248,270,65
YRD02372,DR06781,PR00003,Yard E,12500,11538,962,92.3,265,248,80
YRD02373,DR04217,PR00005,Yard B,12000,9768,2232,81.4,278,260,84
YRD02374,DR08862,PR00003,Yard E,12500,11212,1288,89.7,188,232,101
YRD02375,DR07599,PR00003,Yard E,12500,11225,1275,89.8,240,190,81
YRD02376,DR01730,PR00005,Yard C,13000,11440,1560,88.0,260,233,83
YRD02377,DR08188,PR00007,Yard E,12500,10725,1775,85.8,230,200,69
YRD02378,DR06234,PR00006,Yard C,13000,11323,1677,87.1,157,222,47
YRD02379,DR02076,PR00005,Yard E,12500,11862,638,94.9,318,306,102
YRD02380,DR01839,PR00003,Yard B,12000,9600,2400,80.0,266,230,56
YRD02381,DR01334,PR00007,Yard A,14000,12684,1316,90.6,113,195,105
YRD02382,DR03583,PR00003,Yard A,14000,13580,420,97.0,262,256,120
YRD02383,DR01806,PR00007,Yard E,12500,11825,675,94.6,260,350,65
YRD02384,DR06772,PR00006,Yard A,14000,13608,392,97.2,298,218,86
YRD02385,DR06205,PR00001,Yard D,11000,7359,3641,66.9,192,289,63
YRD02386,DR00974,PR00001,Yard E,12500,11462,1038,91.7,180,260,80
YRD02387,DR03974,PR00005,Yard D,11000,7282,3718,66.2,265,268,75
YRD02388,DR08983,PR00005,Yard B,12000,9408,2592,78.4,287,221,43
YRD02389,DR02255,PR00004,Yard B,12000,9024,2976,75.2,189,267,66
YRD02390,DR07313,PR00007,Yard E,12500,12125,375,97.0,213,296,97
YRD02391,DR03207,PR00004,Yard C,13000,11531,1469,88.7,285,137,83
YRD02392,DR07227,PR00002,Yard C,13000,11115,1885,85.5,212,234,51
YRD02393,DR05539,PR00004,Yard B,12000,8544,3456,71.2,149,195,39
YRD02394,DR02557,PR00001,Yard E,12500,12125,375,97.0,305,291,87
YRD02395,DR05038,PR00004,Yard C,13000,11479,1521,88.3,290,289,87
YRD02396,DR08821,PR00007,Yard A,14000,13790,210,98.5,159,248,97
YRD02397,DR02270,PR00001,Yard B,12000,9552,2448,79.6,248,294,98
YRD02398,DR02402,PR00006,Yard A,14000,13790,210,98.5,266,263,81
YRD02399,DR04907,PR00006,Yard A,14000,13790,210,98.5,245,244,89
YRD02400,DR09853,PR00001,Yard A,14000,13552,448,96.8,229,300,120
YRD02401,DR00248,PR00006,Yard B,12000,9576,2424,79.8,244,245,62
YRD02402,DR06099,PR00005,Yard C,13000,12155,845,93.5,282,258,75
YRD02403,DR06552,PR00003,Yard A,14000,13426,574,95.9,248,164,106
YRD02404,DR04875,PR00002,Yard B,12000,8916,3084,74.3,229,263,85
YRD02405,DR06630,PR00002,Yard D,11000,6743,4257,61.3,196,222,69
YRD02406,DR05025,PR00004,Yard D,11000,7480,3520,68.0,221,307,40
YRD02407,DR09637,PR00002,Yard A,14000,13790,210,98.5,226,266,132
YRD02408,DR06440,PR00002,Yard E,12500,11238,1262,89.9,259,270,88
YRD02409,DR02647,PR00007,Yard D,11000,7634,3366,69.4,208,226,66
YRD02410,DR02218,PR00005,Yard B,12000,9120,2880,76.0,241,240,58
YRD02411,DR03982,PR00005,Yard E,12500,12000,500,96.0,265,274,55
YRD02412,DR09749,PR00007,Yard A,14000,12922,1078,92.3,178,255,101
YRD02413,DR00617,PR00001,Yard E,12500,11850,650,94.8,201,273,94
YRD02414,DR05863,PR00002,Yard D,11000,7865,3135,71.5,251,236,49
YRD02415,DR09941,PR00004,Yard E,12500,11800,700,94.4,230,241,107
YRD02416,DR05514,PR00003,Yard C,13000,11557,1443,88.9,324,223,53
YRD02417,DR04493,PR00001,Yard C,13000,11388,1612,87.6,208,265,92
YRD02418,DR09464,PR00006,Yard D,11000,7645,3355,69.5,292,334,58
YRD02419,DR04055,PR00001,Yard E,12500,11112,1388,88.9,259,251,94
YRD02420,DR00352,PR00004,Yard A,14000,13790,210,98.5,334,251,104
YRD02421,DR08948,PR00004,Yard D,11000,7260,3740,66.0,180,275,64
YRD02422,DR00643,PR00004,Yard B,12000,8988,3012,74.9,243,266,76
YRD02423,DR09488,PR00002,Yard B,12000,8676,3324,72.3,226,307,66
YRD02424,DR09842,PR00001,Yard C,13000,10699,2301,82.3,164,288,80
YRD02425,DR09185,PR00006,Yard C,13000,10907,2093,83.9,188,304,61
YRD02426,DR05605,PR00007,Yard B,12000,9300,2700,77.5,244,272,91
YRD02427,DR04882,PR00003,Yard E,12500,11475,1025,91.8,206,171,83
YRD02428,DR02669,PR00001,Yard B,12000,9252,2748,77.1,250,202,67
YRD02429,DR08501,PR00004,Yard E,12500,11750,750,94.0,235,212,87
YRD02430,DR01462,PR00002,Yard D,11000,7469,3531,67.9,295,263,73
YRD02431,DR08584,PR00001,Yard B,12000,9132,2868,76.1,298,221,81
YRD02432,DR07770,PR00001,Yard B,12000,8856,3144,73.8,167,156,60
YRD02433,DR02882,PR00001,Yard B,12000,9768,2232,81.4,295,289,62
YRD02434,DR02499,PR00002,Yard B,12000,8604,3396,71.7,206,226,52
YRD02435,DR02556,PR00002,Yard B,12000,9048,2952,75.4,227,165,79
YRD02436,DR06782,PR00006,Yard B,12000,9816,2184,81.8,177,280,60
YRD02437,DR08760,PR00003,Yard C,13000,11102,1898,85.4,257,201,71
YRD02438,DR02260,PR00003,Yard D,11000,7447,3553,67.7,261,251,88
YRD02439,DR09685,PR00001,Yard C,13000,11167,1833,85.9,284,233,60
YRD02440,DR08668,PR00006,Yard C,13000,11765,1235,90.5,229,241,65
YRD02441,DR04350,PR00001,Yard E,12500,10988,1512,87.9,189,252,95
YRD02442,DR06684,PR00002,Yard A,14000,13790,210,98.5,309,275,121
YRD02443,DR04352,PR00004,Yard C,13000,11115,1885,85.5,212,184,75
YRD02444,DR06061,PR00005,Yard B,12000,9048,2952,75.4,234,244,58
YRD02445,DR05374,PR00006,Yard D,11000,7546,3454,68.6,224,248,60
YRD02446,DR05442,PR00003,Yard B,12000,8076,3924,67.3,237,246,25
YRD02447,DR06478,PR00002,Yard D,11000,7755,3245,70.5,214,275,55
YRD02448,DR03082,PR00002,Yard A,14000,13468,532,96.2,326,269,75
YRD02449,DR03629,PR00004,Yard C,13000,11024,1976,84.8,271,222,77
YRD02450,DR01042,PR00002,Yard D,11000,8096,2904,73.6,295,288,64
YRD02451,DR01732,PR00002,Yard E,12500,10588,1912,84.7,263,166,61
YRD02452,DR05484,PR00001,Yard C,13000,11401,1599,87.7,236,325,65
YRD02453,DR05357,PR00007,Yard C,13000,10803,2197,83.1,168,225,74
YRD02454,DR05998,PR00001,Yard C,13000,11375,1625,87.5,261,253,74
YRD02455,DR04920,PR00002,Yard E,12500,12312,188,98.5,321,229,72
YRD02456,DR04062,PR00007,Yard B,12000,8916,3084,74.3,263,305,39
YRD02457,DR01096,PR00005,Yard A,14000,13622,378,97.3,294,205,105
YRD02458,DR07427,PR00004,Yard C,13000,10777,2223,82.9,245,252,32
YRD02459,DR06518,PR00004,Yard A,14000,13790,210,98.5,296,309,83
YRD02460,DR00807,PR00001,Yard D,11000,8206,2794,74.6,291,224,72
YRD02461,DR04932,PR00006,Yard A,14000,13370,630,95.5,173,274,62
YRD02462,DR03475,PR00002,Yard C,13000,11804,1196,90.8,339,296,74
YRD02463,DR07801,PR00007,Yard E,12500,11212,1288,89.7,282,306,77
YRD02464,DR00148,PR00002,Yard E,12500,11000,1500,88.0,222,304,91
YRD02465,DR01137,PR00004,Yard E,12500,11425,1075,91.4,164,220,78
YRD02466,DR07436,PR00004,Yard A,14000,13790,210,98.5,210,217,100
YRD02467,DR08043,PR00001,Yard D,11000,7612,3388,69.2,187,291,62
YRD02468,DR05578,PR00003,Yard C,13000,11050,1950,85.0,283,174,73
YRD02469,DR01332,PR00006,Yard C,13000,11141,1859,85.7,255,210,77
YRD02470,DR06982,PR00002,Yard A,14000,13286,714,94.9,328,309,99
YRD02471,DR04612,PR00007,Yard D,11000,7821,3179,71.1,342,298,63
YRD02472,DR06677,PR00002,Yard B,12000,8760,3240,73.0,246,203,75
YRD02473,DR06560,PR00004,Yard B,12000,9720,2280,81.0,186,250,50
YRD02474,DR09519,PR00004,Yard D,11000,7337,3663,66.7,227,201,61
YRD02475,DR04093,PR00003,Yard D,11000,8052,2948,73.2,197,252,42
YRD02476,DR05794,PR00004,Yard B,12000,8628,3372,71.9,275,184,25
YRD02477,DR00973,PR00005,Yard E,12500,11700,800,93.6,259,293,87
YRD02478,DR04820,PR00004,Yard B,12000,9864,2136,82.2,285,184,70
YRD02479,DR08558,PR00004,Yard D,11000,8030,2970,73.0,285,219,52
YRD02480,DR03923,PR00004,Yard A,14000,13790,210,98.5,265,273,97
YRD02481,DR02167,PR00003,Yard B,12000,9756,2244,81.3,225,250,90
YRD02482,DR01906,PR00001,Yard E,12500,11600,900,92.8,319,227,85
YRD02483,DR02677,PR00001,Yard B,12000,9228,2772,76.9,301,322,58
YRD02484,DR03155,PR00004,Yard E,12500,11462,1038,91.7,360,269,97
YRD02485,DR09029,PR00007,Yard E,12500,11275,1225,90.2,236,171,73
YRD02486,DR09159,PR00001,Yard D,11000,7744,3256,70.4,265,244,77
YRD02487,DR09270,PR00004,Yard B,12000,8460,3540,70.5,187,243,33
YRD02488,DR02732,PR00002,Yard B,12000,9180,2820,76.5,247,206,87
YRD02489,DR04001,PR00004,Yard C,13000,10985,2015,84.5,306,225,70
YRD02490,DR04950,PR00005,Yard A,14000,13762,238,98.3,293,270,76
YRD02491,DR01720,PR00005,Yard C,13000,10946,2054,84.2,263,238,85
YRD02492,DR07920,PR00005,Yard B,12000,9588,2412,79.9,263,247,63
YRD02493,DR01692,PR00005,Yard C,13000,11206,1794,86.2,348,239,86
YRD02494,DR04677,PR00001,Yard D,11000,7975,3025,72.5,236,228,41
YRD02495,DR08000,PR00003,Yard C,13000,11739,1261,90.3,289,212,106
YRD02496,DR07693,PR00002,Yard D,11000,7436,3564,67.6,189,242,59
YRD02497,DR00149,PR00007,Yard C,13000,10985,2015,84.5,239,288,95
YRD02498,DR02483,PR00006,Yard E,12500,11150,1350,89.2,218,164,80
YRD02499,DR07027,PR00001,Yard A,14000,13328,672,95.2,205,172,65
YRD02500,DR04905,PR00002,Yard C,13000,10790,2210,83.0,228,218,74
YRD02501,DR01933,PR00003,Yard D,11000,6963,4037,63.3,263,190,100
YRD02502,DR03367,PR00007,Yard E,12500,11838,662,94.7,212,214,74
YRD02503,DR00848,PR00001,Yard E,12500,11350,1150,90.8,292,238,94
YRD02504,DR02844,PR00004,Yard B,12000,8616,3384,71.8,181,192,75
YRD02505,DR04096,PR00002,Yard D,11000,7711,3289,70.1,304,229,59
YRD02506,DR07376,PR00004,Yard D,11000,7656,3344,69.6,265,280,28
YRD02507,DR06906,PR00004,Yard E,12500,11912,588,95.3,267,180,72
YRD02508,DR06321,PR00002,Yard B,12000,9312,2688,77.6,189,170,78
YRD02509,DR07948,PR00006,Yard A,14000,13790,210,98.5,272,223,73
YRD02510,DR01432,PR00001,Yard D,11000,7337,3663,66.7,212,291,17
YRD02511,DR09827,PR00006,Yard A,14000,13664,336,97.6,228,244,87
YRD02512,DR00262,PR00002,Yard D,11000,6875,4125,62.5,233,170,25
YRD02513,DR01906,PR00004,Yard D,11000,6897,4103,62.7,183,183,30
YRD02514,DR00974,PR00002,Yard B,12000,8676,3324,72.3,155,207,62
YRD02515,DR03038,PR00004,Yard D,11000,7678,3322,69.8,258,252,47
YRD02516,DR03749,PR00002,Yard C,13000,10712,2288,82.4,212,260,101
YRD02517,DR05228,PR00004,Yard D,11000,6853,4147,62.3,170,279,64
YRD02518,DR02118,PR00001,Yard E,12500,11812,688,94.5,268,214,80
YRD02519,DR05437,PR00003,Yard A,14000,13790,210,98.5,285,273,117
YRD02520,DR01225,PR00006,Yard C,13000,11284,1716,86.8,291,259,86
YRD02521,DR09464,PR00003,Yard B,12000,9120,2880,76.0,303,213,66
YRD02522,DR08091,PR00003,Yard A,14000,13790,210,98.5,211,233,98
YRD02523,DR08403,PR00004,Yard C,13000,10959,2041,84.3,296,202,37
YRD02524,DR04332,PR00003,Yard E,12500,11488,1012,91.9,210,285,74
YRD02525,DR06060,PR00006,Yard C,13000,11453,1547,88.1,256,189,65
YRD02526,DR08940,PR00003,Yard D,11000,7282,3718,66.2,272,268,30
YRD02527,DR05321,PR00007,Yard E,12500,12062,438,96.5,264,336,91
YRD02528,DR04842,PR00006,Yard A,14000,13720,280,98.0,255,182,112
YRD02529,DR02537,PR00003,Yard E,12500,11050,1450,88.4,243,200,73
YRD02530,DR06281,PR00003,Yard A,14000,13790,210,98.5,279,253,90
YRD02531,DR06345,PR00005,Yard A,14000,13202,798,94.3,160,272,89
YRD02532,DR06877,PR00005,Yard E,12500,11538,962,92.3,224,230,92
YRD02533,DR03902,PR00001,Yard A,14000,13790,210,98.5,230,160,92
YRD02534,DR04393,PR00002,Yard B,12000,9060,2940,75.5,305,227,38
YRD02535,DR01200,PR00001,Yard E,12500,11412,1088,91.3,219,245,82
YRD02536,DR00040,PR00005,Yard B,12000,8964,3036,74.7,313,197,75
YRD02537,DR07849,PR00005,Yard C,13000,11167,1833,85.9,267,195,81
YRD02538,DR06957,PR00001,Yard E,12500,11700,800,93.6,225,209,103
YRD02539,DR00558,PR00003,Yard E,12500,12212,288,97.7,315,291,120
YRD02540,DR02641,PR00005,Yard A,14000,13790,210,98.5,324,295,121
YRD02541,DR03759,PR00007,Yard B,12000,8760,3240,73.0,239,222,39
YRD02542,DR05571,PR00001,Yard D,11000,7359,3641,66.9,218,203,8
YRD02543,DR02835,PR00002,Yard C,13000,11037,1963,84.9,264,193,33
YRD02544,DR09428,PR00002,Yard B,12000,9672,2328,80.6,169,281,50
YRD02545,DR00105,PR00004,Yard A,14000,13720,280,98.0,280,318,86
YRD02546,DR09924,PR00001,Yard E,12500,11562,938,92.5,206,247,78
YRD02547,DR05546,PR00001,Yard C,13000,11882,1118,91.4,259,171,72
YRD02548,DR00048,PR00006,Yard C,13000,12103,897,93.1,233,247,79
YRD02549,DR05630,PR00004,Yard E,12500,11338,1162,90.7,235,284,73
YRD02550,DR04111,PR00001,Yard A,14000,13020,980,93.0,236,248,89
YRD02551,DR04221,PR00003,Yard C,13000,11700,1300,90.0,304,239,76
YRD02552,DR02539,PR00001,Yard C,13000,10400,2600,80.0,250,197,112
YRD02553,DR06065,PR00003,Yard B,12000,9240,2760,77.0,279,312,64
YRD02554,DR04550,PR00003,Yard E,12500,11738,762,93.9,239,196,103
YRD02555,DR07926,PR00001,Yard D,11000,7436,3564,67.6,337,257,22
YRD02556,DR01356,PR00001,Yard E,12500,12000,500,96.0,265,222,109
YRD02557,DR02034,PR00006,Yard D,11000,7722,3278,70.2,272,226,66
YRD02558,DR01439,PR00006,Yard C,13000,11726,1274,90.2,334,283,71
YRD02559,DR08606,PR00001,Yard A,14000,13790,210,98.5,192,254,69
YRD02560,DR00392,PR00004,Yard E,12500,12038,462,96.3,270,305,86
YRD02561,DR08662,PR00001,Yard B,12000,9084,2916,75.7,343,168,82
YRD02562,DR01112,PR00006,Yard B,12000,9444,2556,78.7,249,280,62
YRD02563,DR07927,PR00006,Yard E,12500,11800,700,94.4,231,276,61
YRD02564,DR02472,PR00004,Yard C,13000,11219,1781,86.3,311,223,78
YRD02565,DR00251,PR00004,Yard D,11000,8217,2783,74.7,285,173,48
YRD02566,DR02133,PR00003,Yard E,12500,11875,625,95.0,223,291,85
YRD02567,DR06031,PR00002,Yard D,11000,7381,3619,67.1,244,337,9
YRD02568,DR02913,PR00003,Yard A,14000,13468,532,96.2,234,271,57
YRD02569,DR03713,PR00001,Yard B,12000,9096,2904,75.8,252,258,74
YRD02570,DR02091,PR00005,Yard A,14000,13790,210,98.5,260,184,115
YRD02571,DR08154,PR00003,Yard A,14000,13790,210,98.5,193,183,122
YRD02572,DR09809,PR00001,Yard A,14000,13608,392,97.2,269,238,107
YRD02573,DR00827,PR00004,Yard E,12500,11812,688,94.5,315,156,66
YRD02574,DR08616,PR00006,Yard D,11000,7315,3685,66.5,330,260,54
YRD02575,DR07412,PR00004,Yard E,12500,10962,1538,87.7,293,204,59
YRD02576,DR09801,PR00003,Yard B,12000,9180,2820,76.5,245,179,74
YRD02577,DR02479,PR00006,Yard B,12000,9492,2508,79.1,300,218,91
YRD02578,DR02367,PR00001,Yard E,12500,11662,838,93.3,191,241,68
YRD02579,DR01689,PR00004,Yard A,14000,13790,210,98.5,248,213,71
YRD02580,DR03234,PR00003,Yard D,11000,8954,2046,81.4,285,304,84
YRD02581,DR01959,PR00001,Yard E,12500,12112,388,96.9,258,187,121
YRD02582,DR00261,PR00007,Yard B,12000,8484,3516,70.7,221,205,36
YRD02583,DR00376,PR00003,Yard A,14000,13538,462,96.7,242,294,81
YRD02584,DR02902,PR00002,Yard E,12500,11550,950,92.4,215,249,69
YRD02585,DR05725,PR00001,Yard A,14000,13776,224,98.4,291,245,101
YRD02586,DR01025,PR00007,Yard B,12000,9732,2268,81.1,247,305,64
YRD02587,DR07269,PR00006,Yard E,12500,11300,1200,90.4,300,266,73
YRD02588,DR03903,PR00001,Yard D,11000,7777,3223,70.7,246,335,78
YRD02589,DR02705,PR00004,Yard D,11000,7535,3465,68.5,216,123,50
YRD02590,DR04182,PR00001,Yard E,12500,11938,562,95.5,277,302,101
YRD02591,DR05067,PR00005,Yard A,14000,13790,210,98.5,279,277,101
YRD02592,DR02314,PR00003,Yard C,13000,11180,1820,86.0,223,192,53
YRD02593,DR04982,PR00001,Yard A,14000,12628,1372,90.2,258,249,79
YRD02594,DR09948,PR00004,Yard A,14000,13748,252,98.2,222,252,74
YRD02595,DR05862,PR00007,Yard E,12500,12312,188,98.5,266,214,73
YRD02596,DR04770,PR00002,Yard B,12000,9468,2532,78.9,240,314,74
YRD02597,DR09818,PR00001,Yard D,11000,7513,3487,68.3,274,141,58
YRD02598,DR00867,PR00007,Yard B,12000,8604,3396,71.7,194,214,87
YRD02599,DR02676,PR00001,Yard A,14000,13790,210,98.5,256,237,92
YRD02600,DR09310,PR00003,Yard E,12500,12312,188,98.5,244,222,77
YRD02601,DR03415,PR00004,Yard B,12000,8784,3216,73.2,280,229,42
YRD02602,DR07996,PR00002,Yard E,12500,11425,1075,91.4,197,114,66
YRD02603,DR05853,PR00001,Yard A,14000,13790,210,98.5,230,259,94
YRD02604,DR02773,PR00001,Yard E,12500,11625,875,93.0,206,327,97
YRD02605,DR02280,PR00001,Yard E,12500,11850,650,94.8,267,219,106
YRD02606,DR00218,PR00003,Yard C,13000,11375,1625,87.5,255,199,97
YRD02607,DR03838,PR00006,Yard C,13000,11609,1391,89.3,255,232,88
YRD02608,DR06976,PR00001,Yard A,14000,13566,434,96.9,304,286,81
YRD02609,DR07403,PR00005,Yard A,14000,13384,616,95.6,191,230,91
YRD02610,DR06859,PR00003,Yard D,11000,6996,4004,63.6,128,218,61
YRD02611,DR02471,PR00001,Yard A,14000,13622,378,97.3,278,259,89
YRD02612,DR00982,PR00003,Yard D,11000,7975,3025,72.5,265,320,35
YRD02613,DR01260,PR00002,Yard E,12500,12000,500,96.0,204,210,85
YRD02614,DR00482,PR00004,Yard A,14000,13440,560,96.0,237,280,101
YRD02615,DR03528,PR00002,Yard A,14000,13790,210,98.5,188,241,74
YRD02616,DR06459,PR00004,Yard B,12000,8196,3804,68.3,190,190,57
YRD02617,DR09937,PR00007,Yard A,14000,13790,210,98.5,267,155,82
YRD02618,DR06575,PR00002,Yard A,14000,13062,938,93.3,276,187,77
YRD02619,DR02920,PR00007,Yard D,11000,7194,3806,65.4,213,165,75
YRD02620,DR09171,PR00002,Yard C,13000,11544,1456,88.8,298,232,114
YRD02621,DR02432,PR00001,Yard A,14000,12628,1372,90.2,230,191,84
YRD02622,DR00877,PR00001,Yard C,13000,10946,2054,84.2,174,289,79
YRD02623,DR07394,PR00006,Yard D,11000,7095,3905,64.5,181,158,33
YRD02624,DR04300,PR00005,Yard A,14000,13328,672,95.2,192,245,108
YRD02625,DR09461,PR00007,Yard A,14000,13678,322,97.7,230,192,94
YRD02626,DR03353,PR00005,Yard C,13000,11856,1144,91.2,260,275,122
YRD02627,DR09614,PR00003,Yard B,12000,9156,2844,76.3,258,240,34
YRD02628,DR00636,PR00006,Yard E,12500,10950,1550,87.6,212,217,52
YRD02629,DR03500,PR00007,Yard D,11000,7843,3157,71.3,301,283,75
YRD02630,DR00438,PR00006,Yard A,14000,13790,210,98.5,262,192,96
YRD02631,DR02915,PR00004,Yard D,11000,7249,3751,65.9,324,256,48
YRD02632,DR08652,PR00006,Yard D,11000,7018,3982,63.8,267,233,9
YRD02633,DR07787,PR00001,Yard D,11000,7656,3344,69.6,324,163,64
YRD02634,DR07272,PR00007,Yard C,13000,10036,2964,77.2,222,243,50
YRD02635,DR05435,PR00007,Yard B,12000,9204,2796,76.7,282,241,58
YRD02636,DR02161,PR00004,Yard C,13000,10621,2379,81.7,208,217,63
YRD02637,DR03996,PR00001,Yard E,12500,10912,1588,87.3,227,251,104
YRD02638,DR05329,PR00001,Yard D,11000,7546,3454,68.6,240,283,47
YRD02639,DR04541,PR00007,Yard C,13000,11037,1963,84.9,267,273,46
YRD02640,DR07703,PR00006,Yard D,11000,7579,3421,68.9,262,303,68
YRD02641,DR04254,PR00005,Yard D,11000,7876,3124,71.6,304,254,52
YRD02642,DR06030,PR00007,Yard A,14000,13790,210,98.5,306,273,104
YRD02643,DR05994,PR00003,Yard D,11000,6974,4026,63.4,301,266,16
YRD02644,DR09333,PR00006,Yard A,14000,12866,1134,91.9,287,350,86
YRD02645,DR06145,PR00001,Yard D,11000,7271,3729,66.1,195,193,32
YRD02646,DR08126,PR00001,Yard E,12500,11862,638,94.9,315,266,49
YRD02647,DR04659,PR00003,Yard E,12500,11450,1050,91.6,279,202,100
YRD02648,DR00994,PR00002,Yard A,14000,13790,210,98.5,222,179,99
YRD02649,DR05854,PR00003,Yard E,12500,11300,1200,90.4,284,229,91
YRD02650,DR04919,PR00006,Yard A,14000,12824,1176,91.6,299,265,96
YRD02651,DR06043,PR00001,Yard C,13000,11050,1950,85.0,198,108,102
YRD02652,DR02979,PR00005,Yard A,14000,13720,280,98.0,311,222,89
YRD02653,DR01854,PR00001,Yard A,14000,13300,700,95.0,232,218,65
YRD02654,DR03804,PR00006,Yard C,13000,11635,1365,89.5,291,186,63
YRD02655,DR02013,PR00002,Yard B,12000,9144,2856,76.2,267,210,41
YRD02656,DR07796,PR00005,Yard A,14000,13650,350,97.5,341,274,113
YRD02657,DR04796,PR00004,Yard C,13000,10907,2093,83.9,280,289,65
YRD02658,DR09787,PR00003,Yard E,12500,10925,1575,87.4,215,245,100
YRD02659,DR00816,PR00002,Yard E,12500,12312,188,98.5,272,285,78
YRD02660,DR03078,PR00001,Yard B,12000,9492,2508,79.1,271,250,56
YRD02661,DR06198,PR00002,Yard B,12000,9372,2628,78.1,191,233,36
YRD02662,DR06162,PR00002,Yard B,12000,9240,2760,77.0,248,194,66
YRD02663,DR02772,PR00001,Yard A,14000,13342,658,95.3,189,275,87
YRD02664,DR01291,PR00005,Yard E,12500,11812,688,94.5,236,237,78
YRD02665,DR01355,PR00002,Yard A,14000,13048,952,93.2,190,249,82
YRD02666,DR03928,PR00002,Yard E,12500,11438,1062,91.5,251,320,52
YRD02667,DR07049,PR00002,Yard D,11000,8272,2728,75.2,357,222,99
YRD02668,DR00098,PR00003,Yard B,12000,8328,3672,69.4,246,244,102
YRD02669,DR02510,PR00003,Yard A,14000,13790,210,98.5,195,340,96
YRD02670,DR01448,PR00004,Yard E,12500,11662,838,93.3,273,302,72
YRD02671,DR03667,PR00004,Yard E,12500,11088,1412,88.7,255,205,79
YRD02672,DR07173,PR00003,Yard E,12500,11050,1450,88.4,205,139,58
YRD02673,DR09798,PR00003,Yard D,11000,8085,2915,73.5,292,214,59
YRD02674,DR04167,PR00002,Yard E,12500,11575,925,92.6,210,196,97
YRD02675,DR07080,PR00005,Yard E,12500,11850,650,94.8,342,199,81
YRD02676,DR05315,PR00002,Yard A,14000,13104,896,93.6,276,176,98
YRD02677,DR06980,PR00006,Yard E,12500,10850,1650,86.8,213,189,96
YRD02678,DR08713,PR00004,Yard E,12500,12175,325,97.4,242,191,93
YRD02679,DR07046,PR00004,Yard E,12500,11525,975,92.2,260,210,107
YRD02680,DR06772,PR00003,Yard D,11000,7403,3597,67.3,297,268,55
YRD02681,DR00064,PR00007,Yard A,14000,13790,210,98.5,231,257,97
YRD02682,DR00092,PR00003,Yard E,12500,10962,1538,87.7,178,273,86
YRD02683,DR04451,PR00003,Yard C,13000,10777,2223,82.9,235,226,73
YRD02684,DR07833,PR00006,Yard D,11000,6655,4345,60.5,213,240,44
YRD02685,DR01695,PR00004,Yard C,13000,11024,1976,84.8,232,142,68
YRD02686,DR09435,PR00003,Yard B,12000,8472,3528,70.6,283,164,62
YRD02687,DR08205,PR00002,Yard A,14000,13790,210,98.5,330,282,82
YRD02688,DR08722,PR00002,Yard A,14000,13398,602,95.7,238,118,86
YRD02689,DR03609,PR00006,Yard D,11000,7491,3509,68.1,337,290,39
YRD02690,DR09102,PR00002,Yard B,12000,7608,4392,63.4,127,167,31
YRD02691,DR01126,PR00001,Yard E,12500,11438,1062,91.5,309,234,85
YRD02692,DR08207,PR00001,Yard E,12500,12138,362,97.1,276,234,109
YRD02693,DR07769,PR00007,Yard D,11000,7931,3069,72.1,279,215,30
YRD02694,DR05173,PR00004,Yard D,11000,7656,3344,69.6,264,164,63
YRD02695,DR05035,PR00003,Yard A,14000,12782,1218,91.3,177,226,65
YRD02696,DR09893,PR00007,Yard B,12000,8832,3168,73.6,277,229,38
YRD02697,DR04955,PR00002,Yard E,12500,11362,1138,90.9,201,171,100
YRD02698,DR07796,PR00006,Yard B,12000,10032,1968,83.6,182,274,66
YRD02699,DR04297,PR00005,Yard D,11000,7216,3784,65.6,249,235,26
YRD02700,DR04881,PR00003,Yard E,12500,11612,888,92.9,176,218,64
YRD02701,DR08421,PR00005,Yard A,14000,13160,840,94.0,241,250,85
YRD02702,DR06106,PR00007,Yard D,11000,8272,2728,75.2,274,251,46
YRD02703,DR00012,PR00002,Yard E,12500,11775,725,94.2,257,238,89
YRD02704,DR00296,PR00001,Yard C,13000,11973,1027,92.1,197,263,109
YRD02705,DR09218,PR00006,Yard E,12500,11112,1388,88.9,222,286,104
YRD02706,DR00297,PR00003,Yard E,12500,11400,1100,91.2,193,116,86
YRD02707,DR08843,PR00004,Yard C,13000,12285,715,94.5,228,269,96
YRD02708,DR01424,PR00002,Yard A,14000,13440,560,96.0,360,343,73
YRD02709,DR06825,PR00006,Yard B,12000,8640,3360,72.0,219,184,60
YRD02710,DR02353,PR00005,Yard E,12500,11200,1300,89.6,250,319,69
YRD02711,DR03438,PR00007,Yard A,14000,12656,1344,90.4,165,180,62
YRD02712,DR09473,PR00003,Yard C,13000,11102,1898,85.4,233,188,73
YRD02713,DR06625,PR00007,Yard B,12000,8796,3204,73.3,301,282,34
YRD02714,DR02533,PR00003,Yard A,14000,13790,210,98.5,282,187,109
YRD02715,DR07314,PR00004,Yard D,11000,6831,4169,62.1,127,240,59
YRD02716,DR09468,PR00005,Yard D,11000,7007,3993,63.7,142,187,75
YRD02717,DR00768,PR00003,Yard A,14000,13790,210,98.5,270,301,101
YRD02718,DR04286,PR00004,Yard A,14000,13748,252,98.2,360,262,71
YRD02719,DR02473,PR00002,Yard A,14000,13300,700,95.0,202,183,100
YRD02720,DR09221,PR00003,Yard E,12500,10762,1738,86.1,272,126,105
YRD02721,DR07176,PR00005,Yard C,13000,10842,2158,83.4,247,139,53
YRD02722,DR03315,PR00001,Yard D,11000,7403,3597,67.3,289,302,51
YRD02723,DR04710,PR00005,Yard D,11000,7271,3729,66.1,227,273,55
YRD02724,DR02527,PR00002,Yard B,12000,8592,3408,71.6,227,218,95
YRD02725,DR05495,PR00002,Yard E,12500,12200,300,97.6,284,238,97
YRD02726,DR06514,PR00005,Yard E,12500,11225,1275,89.8,300,269,68
YRD02727,DR09593,PR00002,Yard D,11000,7425,3575,67.5,212,198,52
YRD02728,DR02332,PR00007,Yard D,11000,6699,4301,60.9,190,241,56
YRD02729,DR06015,PR00007,Yard D,11000,7381,3619,67.1,240,320,49
YRD02730,DR05860,PR00003,Yard E,12500,10938,1562,87.5,277,163,75
YRD02731,DR01375,PR00003,Yard A,14000,13790,210,98.5,337,309,110
YRD02732,DR01998,PR00001,Yard C,13000,10842,2158,83.4,274,249,105
YRD02733,DR05777,PR00005,Yard A,14000,13020,980,93.0,233,272,71
YRD02734,DR01457,PR00001,Yard B,12000,8844,3156,73.7,232,191,44
YRD02735,DR02107,PR00007,Yard E,12500,12050,450,96.4,232,243,89
YRD02736,DR07562,PR00007,Yard A,14000,13454,546,96.1,234,278,110
YRD02737,DR04249,PR00001,Yard A,14000,13034,966,93.1,163,260,90
YRD02738,DR07161,PR00005,Yard A,14000,13790,210,98.5,207,289,75
YRD02739,DR06170,PR00003,Yard E,12500,10712,1788,85.7,167,299,102
YRD02740,DR08692,PR00004,Yard C,13000,11583,1417,89.1,292,233,84
YRD02741,DR00860,PR00001,Yard B,12000,9516,2484,79.3,233,291,71
YRD02742,DR05617,PR00005,Yard A,14000,13790,210,98.5,293,191,91
YRD02743,DR08083,PR00001,Yard B,12000,9048,2952,75.4,224,205,59
YRD02744,DR09269,PR00006,Yard D,11000,7128,3872,64.8,117,245,79
YRD02745,DR03712,PR00003,Yard C,13000,11544,1456,88.8,334,295,73
YRD02746,DR02368,PR00004,Yard B,12000,9792,2208,81.6,277,270,85
YRD02747,DR02732,PR00007,Yard B,12000,8940,3060,74.5,303,227,78
YRD02748,DR01362,PR00005,Yard E,12500,12300,200,98.4,260,275,91
YRD02749,DR08438,PR00004,Yard D,11000,7920,3080,72.0,275,165,76
YRD02750,DR09032,PR00003,Yard D,11000,6985,4015,63.5,289,236,59
YRD02751,DR07756,PR00003,Yard B,12000,9252,2748,77.1,162,178,70
YRD02752,DR09529,PR00002,Yard A,14000,13790,210,98.5,241,337,97
YRD02753,DR07589,PR00007,Yard C,13000,11466,1534,88.2,229,210,66
YRD02754,DR00115,PR00002,Yard B,12000,9312,2688,77.6,305,293,42
YRD02755,DR08017,PR00003,Yard E,12500,12312,188,98.5,360,241,115
YRD02756,DR07774,PR00005,Yard B,12000,9096,2904,75.8,221,204,54
YRD02757,DR03983,PR00003,Yard B,12000,9732,2268,81.1,183,266,97
YRD02758,DR08011,PR00006,Yard C,13000,11557,1443,88.9,310,196,61
YRD02759,DR08395,PR00002,Yard D,11000,7931,3069,72.1,186,230,44
YRD02760,DR00882,PR00001,Yard C,13000,12129,871,93.3,256,287,102
YRD02761,DR01676,PR00004,Yard C,13000,11154,1846,85.8,242,169,47
YRD02762,DR08366,PR00003,Yard C,13000,11882,1118,91.4,346,313,55
YRD02763,DR09071,PR00007,Yard A,14000,13188,812,94.2,330,267,93
YRD02764,DR05993,PR00003,Yard B,12000,9252,2748,77.1,327,200,60
YRD02765,DR02474,PR00001,Yard A,14000,13790,210,98.5,227,275,105
YRD02766,DR03406,PR00002,Yard A,14000,12964,1036,92.6,183,163,83
YRD02767,DR09004,PR00003,Yard A,14000,13790,210,98.5,294,325,90
YRD02768,DR06181,PR00004,Yard B,12000,10548,1452,87.9,291,190,38
YRD02769,DR06553,PR00002,Yard A,14000,13328,672,95.2,320,255,100
YRD02770,DR05169,PR00004,Yard D,11000,7766,3234,70.6,280,239,52
YRD02771,DR08943,PR00007,Yard B,12000,8808,3192,73.4,181,188,49
YRD02772,DR06868,PR00003,Yard B,12000,8904,3096,74.2,197,221,64
YRD02773,DR07005,PR00004,Yard E,12500,12200,300,97.6,287,206,91
YRD02774,DR02340,PR00002,Yard E,12500,11675,825,93.4,348,275,77
YRD02775,DR03592,PR00006,Yard A,14000,13174,826,94.1,285,225,85
YRD02776,DR08496,PR00002,Yard D,11000,7590,3410,69.0,302,223,63
YRD02777,DR00816,PR00004,Yard A,14000,12866,1134,91.9,216,276,73
YRD02778,DR09039,PR00002,Yard C,13000,11843,1157,91.1,319,291,80
YRD02779,DR07312,PR00001,Yard B,12000,9516,2484,79.3,305,215,61
YRD02780,DR07923,PR00002,Yard D,11000,6710,4290,61.0,189,267,83
YRD02781,DR02821,PR00002,Yard A,14000,13552,448,96.8,283,262,83
YRD02782,DR05765,PR00006,Yard E,12500,12138,362,97.1,194,227,78
YRD02783,DR02479,PR00002,Yard A,14000,12978,1022,92.7,330,203,57
YRD02784,DR04951,PR00007,Yard D,11000,7425,3575,67.5,251,242,49
YRD02785,DR07106,PR00003,Yard C,13000,10959,2041,84.3,282,165,65
YRD02786,DR06570,PR00002,Yard A,14000,12726,1274,90.9,206,211,61
YRD02787,DR01385,PR00003,Yard D,11000,7678,3322,69.8,255,211,34
YRD02788,DR03231,PR00001,Yard D,11000,7216,3784,65.6,161,249,42
YRD02789,DR02054,PR00006,Yard D,11000,7909,3091,71.9,234,236,42
YRD02790,DR02502,PR00001,Yard E,12500,11725,775,93.8,287,295,91
YRD02791,DR00095,PR00006,Yard B,12000,8928,3072,74.4,190,202,73
YRD02792,DR09785,PR00001,Yard E,12500,11588,912,92.7,186,194,92
YRD02793,DR05844,PR00002,Yard D,11000,7942,3058,72.2,211,214,80
YRD02794,DR03593,PR00001,Yard C,13000,11076,1924,85.2,243,294,64
YRD02795,DR08958,PR00005,Yard E,12500,10725,1775,85.8,219,195,74
YRD02796,DR09455,PR00003,Yard D,11000,8250,2750,75.0,186,222,74
YRD02797,DR04514,PR00007,Yard B,12000,8988,3012,74.9,218,307,66
YRD02798,DR01667,PR00003,Yard E,12500,11562,938,92.5,200,280,92
YRD02799,DR04099,PR00001,Yard A,14000,13692,308,97.8,171,199,91
YRD02800,DR05776,PR00005,Yard B,12000,9516,2484,79.3,317,262,28
YRD02801,DR09632,PR00004,Yard A,14000,13412,588,95.8,180,214,95
YRD02802,DR05173,PR00006,Yard E,12500,11662,838,93.3,259,300,103
YRD02803,DR02082,PR00003,Yard A,14000,12922,1078,92.3,248,183,85
YRD02804,DR08107,PR00005,Yard D,11000,6776,4224,61.6,232,166,14
YRD02805,DR09310,PR00001,Yard A,14000,12978,1022,92.7,213,139,73
YRD02806,DR09018,PR00007,Yard A,14000,13482,518,96.3,201,133,98
YRD02807,DR05084,PR00001,Yard B,12000,8208,3792,68.4,203,249,51
YRD02808,DR05045,PR00006,Yard A,14000,13762,238,98.3,227,202,113
YRD02809,DR04265,PR00002,Yard A,14000,13062,938,93.3,226,224,100
YRD02810,DR06854,PR00006,Yard E,12500,10925,1575,87.4,236,195,79
YRD02811,DR01997,PR00006,Yard D,11000,6886,4114,62.6,158,254,37
YRD02812,DR06915,PR00006,Yard D,11000,6908,4092,62.8,288,243,62
YRD02813,DR00321,PR00003,Yard B,12000,8604,3396,71.7,190,211,58
YRD02814,DR04095,PR00003,Yard B,12000,9120,2880,76.0,225,206,81
YRD02815,DR00441,PR00006,Yard A,14000,13664,336,97.6,173,141,87
YRD02816,DR03203,PR00004,Yard A,14000,13748,252,98.2,350,224,56
YRD02817,DR02406,PR00004,Yard B,12000,9084,2916,75.7,302,253,69
YRD02818,DR05800,PR00002,Yard A,14000,13790,210,98.5,297,272,85
YRD02819,DR03281,PR00003,Yard D,11000,6875,4125,62.5,195,213,57
YRD02820,DR07302,PR00003,Yard C,13000,10972,2028,84.4,284,229,70
YRD02821,DR02927,PR00004,Yard E,12500,11338,1162,90.7,286,216,84
YRD02822,DR08910,PR00001,Yard E,12500,12088,412,96.7,209,204,106
YRD02823,DR02872,PR00003,Yard A,14000,13090,910,93.5,227,189,79
YRD02824,DR05835,PR00006,Yard C,13000,11388,1612,87.6,219,226,50
YRD02825,DR08028,PR00004,Yard C,13000,10946,2054,84.2,127,208,70
YRD02826,DR04781,PR00006,Yard E,12500,12125,375,97.0,169,164,85
YRD02827,DR09189,PR00002,Yard C,13000,11505,1495,88.5,267,244,95
YRD02828,DR00550,PR00003,Yard E,12500,11700,800,93.6,293,217,51
YRD02829,DR03363,PR00003,Yard C,13000,11297,1703,86.9,305,190,87
YRD02830,DR03229,PR00003,Yard D,11000,8393,2607,76.3,167,258,69
YRD02831,DR08926,PR00005,Yard A,14000,12782,1218,91.3,131,241,113
YRD02832,DR00010,PR00001,Yard A,14000,13650,350,97.5,322,287,85
YRD02833,DR00767,PR00003,Yard C,13000,11336,1664,87.2,231,195,80
YRD02834,DR08647,PR00001,Yard E,12500,12312,188,98.5,315,217,103
YRD02835,DR00820,PR00004,Yard D,11000,7920,3080,72.0,249,287,32
YRD02836,DR09014,PR00006,Yard A,14000,13048,952,93.2,140,223,83
YRD02837,DR03577,PR00001,Yard E,12500,12312,188,98.5,186,206,93
YRD02838,DR03463,PR00003,Yard E,12500,11288,1212,90.3,258,232,64
YRD02839,DR06497,PR00003,Yard E,12500,10500,2000,84.0,165,313,121
YRD02840,DR07781,PR00005,Yard D,11000,7788,3212,70.8,313,317,55
YRD02841,DR06883,PR00001,Yard D,11000,7634,3366,69.4,247,212,47
YRD02842,DR02572,PR00003,Yard E,12500,12012,488,96.1,316,212,81
YRD02843,DR06314,PR00006,Yard C,13000,10959,2041,84.3,207,239,71
YRD02844,DR00906,PR00003,Yard B,12000,8820,3180,73.5,258,235,51
YRD02845,DR00826,PR00005,Yard B,12000,9048,2952,75.4,297,250,32
YRD02846,DR00016,PR00003,Yard D,11000,7733,3267,70.3,184,253,13
YRD02847,DR08105,PR00007,Yard B,12000,9288,2712,77.4,286,239,78
YRD02848,DR08043,PR00001,Yard A,14000,13790,210,98.5,197,267,82
YRD02849,DR01017,PR00001,Yard B,12000,9396,2604,78.3,211,230,78
YRD02850,DR01080,PR00003,Yard A,14000,13790,210,98.5,216,136,116
YRD02851,DR06383,PR00003,Yard C,13000,12077,923,92.9,227,320,103
YRD02852,DR08331,PR00004,Yard E,12500,11850,650,94.8,236,185,95
YRD02853,DR02615,PR00002,Yard C,13000,11180,1820,86.0,223,297,75
YRD02854,DR09578,PR00002,Yard E,12500,12162,338,97.3,239,205,107
YRD02855,DR01504,PR00005,Yard C,13000,11232,1768,86.4,263,253,90
YRD02856,DR03150,PR00002,Yard C,13000,11752,1248,90.4,244,239,94
YRD02857,DR08903,PR00005,Yard A,14000,12922,1078,92.3,321,163,79
YRD02858,DR06592,PR00004,Yard B,12000,10008,1992,83.4,216,247,84
YRD02859,DR01664,PR00001,Yard A,14000,13790,210,98.5,315,252,94
YRD02860,DR06001,PR00005,Yard E,12500,10800,1700,86.4,231,296,130
YRD02861,DR04667,PR00006,Yard C,13000,11232,1768,86.4,187,137,89
YRD02862,DR02707,PR00006,Yard B,12000,8952,3048,74.6,250,262,91
YRD02863,DR00062,PR00001,Yard A,14000,13706,294,97.9,309,308,118
YRD02864,DR05317,PR00003,Yard D,11000,7403,3597,67.3,166,308,57
YRD02865,DR06942,PR00007,Yard D,11000,7359,3641,66.9,266,186,57
YRD02866,DR09815,PR00004,Yard A,14000,13356,644,95.4,207,180,110
YRD02867,DR05406,PR00002,Yard B,12000,9012,2988,75.1,230,246,81
YRD02868,DR03117,PR00001,Yard A,14000,13398,602,95.7,212,92,68
YRD02869,DR05768,PR00005,Yard D,11000,6974,4026,63.4,273,242,21
YRD02870,DR04138,PR00005,Yard E,12500,11612,888,92.9,137,261,75
YRD02871,DR00293,PR00007,Yard E,12500,11488,1012,91.9,312,249,118
YRD02872,DR07688,PR00007,Yard C,13000,11596,1404,89.2,275,233,41
YRD02873,DR06837,PR00002,Yard E,12500,11312,1188,90.5,235,211,77
YRD02874,DR05568,PR00004,Yard E,12500,11588,912,92.7,237,280,65
YRD02875,DR06052,PR00001,Yard E,12500,10788,1712,86.3,246,254,57
YRD02876,DR01854,PR00001,Yard C,13000,11297,1703,86.9,214,243,63
YRD02877,DR08959,PR00001,Yard D,11000,7480,3520,68.0,293,225,11
YRD02878,DR04442,PR00007,Yard A,14000,13216,784,94.4,258,296,92
YRD02879,DR01741,PR00001,Yard B,12000,9060,2940,75.5,288,220,88
YRD02880,DR04485,PR00003,Yard B,12000,9144,2856,76.2,158,167,65
YRD02881,DR06270,PR00003,Yard E,12500,11388,1112,91.1,244,224,62
YRD02882,DR04332,PR00002,Yard B,12000,9600,2400,80.0,276,256,100
YRD02883,DR04529,PR00003,Yard A,14000,13790,210,98.5,310,208,97
YRD02884,DR08780,PR00001,Yard B,12000,9756,2244,81.3,263,260,97
YRD02885,DR01647,PR00003,Yard C,13000,11583,1417,89.1,208,183,96
YRD02886,DR01582,PR00003,Yard B,12000,9336,2664,77.8,244,256,55
YRD02887,DR07421,PR00006,Yard C,13000,10257,2743,78.9,254,191,89
YRD02888,DR09725,PR00005,Yard E,12500,10800,1700,86.4,137,201,77
YRD02889,DR06548,PR00006,Yard A,14000,13790,210,98.5,189,237,90
YRD02890,DR04524,PR00003,Yard C,13000,11531,1469,88.7,220,260,79
YRD02891,DR09851,PR00001,Yard A,14000,13790,210,98.5,217,313,104
YRD02892,DR00821,PR00003,Yard D,11000,7359,3641,66.9,271,192,43
YRD02893,DR09110,PR00007,Yard D,11000,7381,3619,67.1,253,339,30
YRD02894,DR08832,PR00002,Yard E,12500,12050,450,96.4,304,238,88
YRD02895,DR00818,PR00001,Yard A,14000,13790,210,98.5,298,278,86
YRD02896,DR01222,PR00007,Yard E,12500,11500,1000,92.0,260,231,95
YRD02897,DR06481,PR00007,Yard E,12500,11288,1212,90.3,256,267,102
YRD02898,DR05883,PR00001,Yard B,12000,8652,3348,72.1,306,299,50
YRD02899,DR06324,PR00005,Yard C,13000,11609,1391,89.3,230,262,67
YRD02900,DR03653,PR00003,Yard E,12500,11288,1212,90.3,185,216,68
YRD02901,DR02017,PR00003,Yard E,12500,11350,1150,90.8,232,232,80
YRD02902,DR03495,PR00003,Yard A,14000,13790,210,98.5,186,350,67
YRD02903,DR04316,PR00007,Yard A,14000,13622,378,97.3,151,140,93
YRD02904,DR00154,PR00001,Yard D,11000,8030,2970,73.0,292,222,47
YRD02905,DR04033,PR00005,Yard E,12500,12125,375,97.0,259,259,88
YRD02906,DR03885,PR00001,Yard C,13000,11141,1859,85.7,259,274,82
YRD02907,DR07432,PR00004,Yard A,14000,13790,210,98.5,321,323,100
YRD02908,DR05725,PR00004,Yard A,14000,13230,770,94.5,292,222,90
YRD02909,DR09914,PR00005,Yard D,11000,7447,3553,67.7,192,268,50
YRD02910,DR03692,PR00007,Yard A,14000,13174,826,94.1,187,230,95
YRD02911,DR08121,PR00005,Yard B,12000,8460,3540,70.5,235,278,58
YRD02912,DR04102,PR00005,Yard B,12000,9000,3000,75.0,179,189,46
YRD02913,DR01598,PR00002,Yard E,12500,11038,1462,88.3,237,240,100
YRD02914,DR06944,PR00007,Yard B,12000,9000,3000,75.0,172,183,37
YRD02915,DR06425,PR00003,Yard B,12000,9372,2628,78.1,294,230,79
YRD02916,DR08711,PR00003,Yard B,12000,8808,3192,73.4,186,162,74
YRD02917,DR08304,PR00003,Yard A,14000,13664,336,97.6,343,313,129
YRD02918,DR05944,PR00003,Yard E,12500,12312,188,98.5,309,252,86
YRD02919,DR02200,PR00004,Yard E,12500,12088,412,96.7,193,218,105
YRD02920,DR09000,PR00002,Yard A,14000,13132,868,93.8,277,215,94
YRD02921,DR06602,PR00002,Yard E,12500,11700,800,93.6,171,250,94
YRD02922,DR01226,PR00007,Yard E,12500,11762,738,94.1,352,247,84
YRD02923,DR07480,PR00007,Yard C,13000,11492,1508,88.4,316,273,94
YRD02924,DR00005,PR00003,Yard E,12500,11112,1388,88.9,182,146,46
YRD02925,DR01800,PR00007,Yard D,11000,7337,3663,66.7,153,296,68
YRD02926,DR03349,PR00003,Yard D,11000,7106,3894,64.6,194,217,91
YRD02927,DR08168,PR00003,Yard C,13000,10907,2093,83.9,192,273,57
YRD02928,DR00333,PR00007,Yard C,13000,10764,2236,82.8,257,234,80
YRD02929,DR02697,PR00004,Yard A,14000,12950,1050,92.5,174,255,97
YRD02930,DR08367,PR00005,Yard D,11000,7612,3388,69.2,360,239,68
YRD02931,DR04243,PR00003,Yard D,11000,7128,3872,64.8,251,262,41
YRD02932,DR07629,PR00003,Yard C,13000,10816,2184,83.2,188,253,81
YRD02933,DR08548,PR00001,Yard D,11000,7711,3289,70.1,280,274,57
YRD02934,DR00570,PR00007,Yard B,12000,8604,3396,71.7,204,264,66
YRD02935,DR07471,PR00002,Yard A,14000,13790,210,98.5,308,291,98
YRD02936,DR09995,PR00003,Yard E,12500,12038,462,96.3,186,234,98
YRD02937,DR09215,PR00001,Yard A,14000,13734,266,98.1,315,310,56
YRD02938,DR08833,PR00004,Yard D,11000,7777,3223,70.7,222,202,92
YRD02939,DR05060,PR00003,Yard D,11000,7546,3454,68.6,162,292,53
YRD02940,DR05562,PR00005,Yard C,13000,11739,1261,90.3,263,148,64
YRD02941,DR07699,PR00003,Yard C,13000,12103,897,93.1,225,221,81
YRD02942,DR01845,PR00001,Yard A,14000,13524,476,96.6,275,218,100
YRD02943,DR04513,PR00001,Yard A,14000,13734,266,98.1,224,257,83
YRD02944,DR08400,PR00002,Yard E,12500,12250,250,98.0,296,263,102
YRD02945,DR00811,PR00005,Yard B,12000,9516,2484,79.3,247,289,98
YRD02946,DR09673,PR00006,Yard C,13000,11011,1989,84.7,260,163,84
YRD02947,DR09666,PR00002,Yard B,12000,9324,2676,77.7,215,228,53
YRD02948,DR00671,PR00003,Yard E,12500,11588,912,92.7,209,285,51
YRD02949,DR06482,PR00002,Yard B,12000,8928,3072,74.4,163,169,73
YRD02950,DR03459,PR00006,Yard A,14000,13230,770,94.5,279,280,91
YRD02951,DR06063,PR00007,Yard E,12500,11512,988,92.1,247,207,105
YRD02952,DR06588,PR00005,Yard C,13000,12168,832,93.6,333,258,78
YRD02953,DR01661,PR00001,Yard A,14000,13244,756,94.6,229,174,89
YRD02954,DR07088,PR00003,Yard B,12000,8892,3108,74.1,198,208,55
YRD02955,DR07685,PR00007,Yard A,14000,13762,238,98.3,251,208,67
YRD02956,DR07640,PR00002,Yard E,12500,11288,1212,90.3,228,241,79
YRD02957,DR06380,PR00005,Yard D,11000,7755,3245,70.5,213,278,52
YRD02958,DR04587,PR00007,Yard A,14000,13790,210,98.5,304,202,106
YRD02959,DR09344,PR00005,Yard E,12500,10975,1525,87.8,268,212,59
YRD02960,DR04178,PR00004,Yard A,14000,13790,210,98.5,196,237,90
YRD02961,DR04282,PR00003,Yard C,13000,10478,2522,80.6,239,182,76
YRD02962,DR06997,PR00007,Yard B,12000,8976,3024,74.8,261,210,62
YRD02963,DR09625,PR00003,Yard B,12000,8076,3924,67.3,236,261,35
YRD02964,DR07549,PR00007,Yard D,11000,7381,3619,67.1,204,208,44
YRD02965,DR07037,PR00003,Yard D,11000,7909,3091,71.9,234,250,24
YRD02966,DR04445,PR00005,Yard E,12500,11600,900,92.8,236,210,90
YRD02967,DR01190,PR00007,Yard B,12000,9300,2700,77.5,219,269,69
YRD02968,DR05675,PR00004,Yard E,12500,12300,200,98.4,223,207,102
YRD02969,DR05658,PR00002,Yard A,14000,13790,210,98.5,194,189,98
YRD02970,DR07187,PR00001,Yard E,12500,11338,1162,90.7,298,279,84
YRD02971,DR07113,PR00006,Yard A,14000,13790,210,98.5,257,289,85
YRD02972,DR09992,PR00004,Yard B,12000,9588,2412,79.9,269,327,57
YRD02973,DR00595,PR00002,Yard C,13000,10439,2561,80.3,323,231,56
YRD02974,DR05926,PR00006,Yard D,11000,7304,3696,66.4,246,228,76
YRD02975,DR02556,PR00007,Yard A,14000,13790,210,98.5,258,203,127
YRD02976,DR04826,PR00006,Yard B,12000,8436,3564,70.3,286,182,83
YRD02977,DR00120,PR00004,Yard A,14000,13510,490,96.5,285,245,156
YRD02978,DR03812,PR00007,Yard E,12500,11925,575,95.4,193,244,93
YRD02979,DR01026,PR00006,Yard E,12500,11675,825,93.4,206,131,77
YRD02980,DR05596,PR00001,Yard C,13000,11141,1859,85.7,311,284,49
YRD02981,DR03826,PR00007,Yard D,11000,7216,3784,65.6,278,240,37
YRD02982,DR02764,PR00004,Yard A,14000,13790,210,98.5,222,202,83
YRD02983,DR05758,PR00007,Yard E,12500,11788,712,94.3,262,191,81
YRD02984,DR05400,PR00005,Yard D,11000,7502,3498,68.2,237,219,50
YRD02985,DR06113,PR00004,Yard B,12000,8196,3804,68.3,293,235,4
YRD02986,DR01311,PR00002,Yard D,11000,7370,3630,67.0,214,155,40
YRD02987,DR03689,PR00001,Yard A,14000,13790,210,98.5,250,218,85
YRD02988,DR03065,PR00002,Yard D,11000,7348,3652,66.8,248,209,51
YRD02989,DR03548,PR00005,Yard C,13000,10881,2119,83.7,265,209,53
YRD02990,DR04735,PR00006,Yard B,12000,9108,2892,75.9,266,280,43
YRD02991,DR09543,PR00001,Yard E,12500,11625,875,93.0,237,296,75
YRD02992,DR06525,PR00002,Yard D,11000,7469,3531,67.9,255,210,41
YRD02993,DR01266,PR00005,Yard A,14000,13790,210,98.5,285,251,86
YRD02994,DR05168,PR00002,Yard E,12500,10725,1775,85.8,164,160,92
YRD02995,DR06060,PR00001,Yard D,11000,6765,4235,61.5,188,213,71
YRD02996,DR06896,PR00001,Yard E,12500,11250,1250,90.0,228,242,41
YRD02997,DR06464,PR00004,Yard C,13000,10829,2171,83.3,233,144,73
YRD02998,DR09586,PR00004,Yard C,13000,10036,2964,77.2,191,193,60
YRD02999,DR04007,PR00006,Yard A,14000,13762,238,98.3,187,266,97
YRD03000,DR06200,PR00002,Yard B,12000,9492,2508,79.1,283,241,50
YRD03001,DR07821,PR00001,Yard A,14000,13790,210,98.5,292,329,78
YRD03002,DR06575,PR00006,Yard A,14000,13790,210,98.5,229,298,107
YRD03003,DR07454,PR00007,Yard A,14000,13300,700,95.0,279,244,110
YRD03004,DR00662,PR00003,Yard C,13000,10660,2340,82.0,205,239,76
YRD03005,DR00065,PR00006,Yard A,14000,13566,434,96.9,205,225,73
YRD03006,DR01377,PR00005,Yard A,14000,13412,588,95.8,211,300,125
YRD03007,DR08603,PR00007,Yard E,12500,11350,1150,90.8,198,311,78
YRD03008,DR00497,PR00003,Yard E,12500,11525,975,92.2,227,165,96
YRD03009,DR05148,PR00001,Yard E,12500,11088,1412,88.7,245,254,50
YRD03010,DR00049,PR00001,Yard C,13000,11271,1729,86.7,213,287,88
YRD03011,DR05932,PR00005,Yard E,12500,11212,1288,89.7,226,309,74
YRD03012,DR04138,PR00006,Yard B,12000,8796,3204,73.3,243,254,45
YRD03013,DR09444,PR00003,Yard E,12500,10662,1838,85.3,105,220,70
YRD03014,DR09076,PR00001,Yard E,12500,11288,1212,90.3,240,193,99
YRD03015,DR09606,PR00001,Yard B,12000,8988,3012,74.9,228,278,107
YRD03016,DR08631,PR00004,Yard E,12500,11675,825,93.4,240,249,124
YRD03017,DR05376,PR00007,Yard E,12500,11438,1062,91.5,268,264,109
YRD03018,DR07572,PR00003,Yard E,12500,11525,975,92.2,166,199,98
YRD03019,DR03872,PR00004,Yard C,13000,10166,2834,78.2,205,202,32
YRD03020,DR04139,PR00004,Yard B,12000,8232,3768,68.6,266,185,75
YRD03021,DR02121,PR00006,Yard E,12500,11375,1125,91.0,242,169,77
YRD03022,DR00121,PR00006,Yard E,12500,11212,1288,89.7,233,226,91
YRD03023,DR05420,PR00001,Yard C,13000,11752,1248,90.4,153,172,64
YRD03024,DR09491,PR00005,Yard D,11000,7205,3795,65.5,269,240,55
YRD03025,DR06538,PR00006,Yard D,11000,8338,2662,75.8,325,338,69
YRD03026,DR03159,PR00007,Yard D,11000,7986,3014,72.6,223,240,27
YRD03027,DR00699,PR00004,Yard E,12500,11175,1325,89.4,314,318,70
YRD03028,DR07351,PR00001,Yard C,13000,11440,1560,88.0,208,185,70
YRD03029,DR02556,PR00004,Yard D,11000,7260,3740,66.0,220,212,28
YRD03030,DR00756,PR00004,Yard B,12000,8400,3600,70.0,184,258,56
YRD03031,DR00151,PR00002,Yard D,11000,6919,4081,62.9,226,317,33
YRD03032,DR03225,PR00007,Yard A,14000,12768,1232,91.2,142,234,90
YRD03033,DR04033,PR00002,Yard B,12000,8952,3048,74.6,213,286,32
YRD03034,DR03384,PR00007,Yard C,13000,10920,2080,84.0,309,188,94
YRD03035,DR05730,PR00003,Yard E,12500,12000,500,96.0,263,196,54
YRD03036,DR05530,PR00001,Yard B,12000,9168,2832,76.4,217,191,100
YRD03037,DR07516,PR00004,Yard C,13000,10439,2561,80.3,226,181,67
YRD03038,DR06787,PR00004,Yard E,12500,11975,525,95.8,213,275,87
YRD03039,DR04626,PR00006,Yard E,12500,11500,1000,92.0,232,215,102
YRD03040,DR00158,PR00004,Yard C,13000,10283,2717,79.1,346,244,64
YRD03041,DR04334,PR00001,Yard B,12000,9120,2880,76.0,229,209,65
YRD03042,DR05382,PR00007,Yard B,12000,8940,3060,74.5,203,301,51
YRD03043,DR00488,PR00004,Yard C,13000,11310,1690,87.0,200,226,90
YRD03044,DR02462,PR00002,Yard E,12500,12038,462,96.3,231,230,127
YRD03045,DR08604,PR00006,Yard A,14000,13790,210,98.5,124,198,88
YRD03046,DR06836,PR00001,Yard C,13000,11063,1937,85.1,328,261,77
YRD03047,DR08968,PR00001,Yard A,14000,13790,210,98.5,281,173,72
YRD03048,DR04973,PR00003,Yard C,13000,11414,1586,87.8,87,101,51
YRD03049,DR09334,PR00004,Yard B,12000,9036,2964,75.3,201,200,63
YRD03050,DR03960,PR00003,Yard A,14000,13790,210,98.5,271,274,126
YRD03051,DR09903,PR00007,Yard E,12500,11275,1225,90.2,167,160,74
YRD03052,DR06536,PR00002,Yard B,12000,9936,2064,82.8,294,270,70
YRD03053,DR06209,PR00007,Yard E,12500,11888,612,95.1,280,244,59
YRD03054,DR03934,PR00001,Yard C,13000,11921,1079,91.7,360,261,81
YRD03055,DR08736,PR00001,Yard A,14000,13496,504,96.4,205,224,128
YRD03056,DR00695,PR00001,Yard C,13000,11297,1703,86.9,255,207,76
YRD03057,DR02746,PR00001,Yard A,14000,13790,210,98.5,291,261,103
YRD03058,DR06380,PR00003,Yard C,13000,11973,1027,92.1,235,229,110
YRD03059,DR00029,PR00006,Yard C,13000,10725,2275,82.5,208,234,68
YRD03060,DR08657,PR00006,Yard A,14000,13174,826,94.1,283,236,126
YRD03061,DR07734,PR00005,Yard C,13000,11050,1950,85.0,169,240,97
YRD03062,DR01106,PR00001,Yard C,13000,10738,2262,82.6,168,212,78
YRD03063,DR05679,PR00006,Yard B,12000,8628,3372,71.9,188,168,27
YRD03064,DR05296,PR00003,Yard B,12000,8892,3108,74.1,293,280,74
YRD03065,DR09428,PR00005,Yard B,12000,9348,2652,77.9,229,301,64
YRD03066,DR06997,PR00005,Yard C,13000,11258,1742,86.6,232,251,74
YRD03067,DR04781,PR00001,Yard A,14000,12614,1386,90.1,176,232,45
YRD03068,DR05117,PR00003,Yard D,11000,8327,2673,75.7,329,314,60
YRD03069,DR04251,PR00007,Yard A,14000,13790,210,98.5,130,238,76
YRD03070,DR09140,PR00002,Yard A,14000,13650,350,97.5,320,222,72
YRD03071,DR03600,PR00005,Yard D,11000,6853,4147,62.3,265,189,18
YRD03072,DR03517,PR00007,Yard C,13000,11154,1846,85.8,326,221,97
YRD03073,DR03114,PR00003,Yard E,12500,12150,350,97.2,209,125,71
YRD03074,DR02964,PR00003,Yard E,12500,11425,1075,91.4,188,238,72
YRD03075,DR09404,PR00003,Yard B,12000,9492,2508,79.1,167,218,72
YRD03076,DR05902,PR00006,Yard B,12000,8208,3792,68.4,133,182,66
YRD03077,DR00861,PR00003,Yard D,11000,7986,3014,72.6,204,133,47
YRD03078,DR08267,PR00003,Yard E,12500,11725,775,93.8,239,288,99
YRD03079,DR04599,PR00002,Yard A,14000,13790,210,98.5,247,273,92
YRD03080,DR02495,PR00007,Yard D,11000,7535,3465,68.5,142,209,38
YRD03081,DR02848,PR00006,Yard A,14000,13748,252,98.2,299,258,72
YRD03082,DR01657,PR00004,Yard B,12000,8856,3144,73.8,247,184,53
YRD03083,DR08649,PR00007,Yard A,14000,13790,210,98.5,232,350,75
YRD03084,DR02224,PR00005,Yard C,13000,11089,1911,85.3,223,289,75
YRD03085,DR09413,PR00007,Yard D,11000,7931,3069,72.1,190,350,25
YRD03086,DR03291,PR00001,Yard A,14000,13790,210,98.5,230,205,103
YRD03087,DR02194,PR00002,Yard E,12500,12312,188,98.5,177,224,104
YRD03088,DR09115,PR00006,Yard A,14000,13790,210,98.5,244,196,85
YRD03089,DR03396,PR00003,Yard E,12500,11600,900,92.8,282,270,55
YRD03090,DR07111,PR00003,Yard A,14000,13356,644,95.4,204,221,107
YRD03091,DR06105,PR00005,Yard E,12500,12038,462,96.3,262,256,87
YRD03092,DR03182,PR00004,Yard A,14000,13790,210,98.5,241,350,102
YRD03093,DR09125,PR00002,Yard D,11000,8294,2706,75.4,283,159,54
YRD03094,DR09663,PR00003,Yard E,12500,11525,975,92.2,260,215,69
YRD03095,DR04120,PR00003,Yard C,13000,11180,1820,86.0,279,254,75
YRD03096,DR07376,PR00001,Yard C,13000,11284,1716,86.8,234,250,66
YRD03097,DR03632,PR00002,Yard D,11000,7436,3564,67.6,167,201,31
YRD03098,DR00491,PR00003,Yard D,11000,7458,3542,67.8,235,145,62
YRD03099,DR03445,PR00006,Yard E,12500,11700,800,93.6,270,182,108
YRD03100,DR07134,PR00003,Yard C,13000,10699,2301,82.3,137,253,75
YRD03101,DR03978,PR00003,Yard E,12500,11400,1100,91.2,254,202,82
YRD03102,DR06588,PR00004,Yard A,14000,13244,756,94.6,243,239,79
YRD03103,DR01454,PR00001,Yard A,14000,13412,588,95.8,283,135,78
YRD03104,DR05590,PR00003,Yard E,12500,11612,888,92.9,360,318,98
YRD03105,DR02053,PR00002,Yard E,12500,12212,288,97.7,262,192,94
YRD03106,DR00294,PR00004,Yard D,11000,7480,3520,68.0,206,192,52
YRD03107,DR04936,PR00001,Yard A,14000,13790,210,98.5,183,191,83
YRD03108,DR06595,PR00003,Yard D,11000,8283,2717,75.3,246,233,93
YRD03109,DR03948,PR00004,Yard B,12000,8772,3228,73.1,263,251,55
YRD03110,DR01773,PR00006,Yard E,12500,11675,825,93.4,251,188,138
YRD03111,DR00469,PR00005,Yard B,12000,9036,2964,75.3,275,225,67
YRD03112,DR04304,PR00007,Yard C,13000,11830,1170,91.0,262,307,59
YRD03113,DR08696,PR00005,Yard B,12000,8988,3012,74.9,267,326,64
YRD03114,DR00116,PR00002,Yard B,12000,8664,3336,72.2,232,227,55
YRD03115,DR00137,PR00002,Yard B,12000,9672,2328,80.6,179,182,59
YRD03116,DR05852,PR00001,Yard E,12500,11550,950,92.4,287,256,92
YRD03117,DR04791,PR00002,Yard B,12000,9036,2964,75.3,216,172,56
YRD03118,DR07902,PR00001,Yard C,13000,10920,2080,84.0,277,246,72
YRD03119,DR08690,PR00003,Yard A,14000,13790,210,98.5,204,206,65
YRD03120,DR00522,PR00005,Yard E,12500,11312,1188,90.5,239,238,69
YRD03121,DR05315,PR00005,Yard E,12500,12012,488,96.1,298,228,94
YRD03122,DR06334,PR00002,Yard C,13000,11947,1053,91.9,269,254,106
YRD03123,DR06352,PR00003,Yard E,12500,11550,950,92.4,254,315,89
YRD03124,DR09598,PR00002,Yard B,12000,8916,3084,74.3,180,228,59
YRD03125,DR03694,PR00003,Yard A,14000,13692,308,97.8,180,238,83
YRD03126,DR09144,PR00003,Yard B,12000,8652,3348,72.1,248,265,21
YRD03127,DR03350,PR00002,Yard D,11000,6820,4180,62.0,162,251,72
YRD03128,DR05511,PR00002,Yard A,14000,13216,784,94.4,271,191,74
YRD03129,DR09987,PR00007,Yard B,12000,9552,2448,79.6,284,245,58
YRD03130,DR02088,PR00003,Yard C,13000,12077,923,92.9,281,244,78
YRD03131,DR09391,PR00004,Yard A,14000,13132,868,93.8,259,242,79
YRD03132,DR09173,PR00001,Yard A,14000,13398,602,95.7,220,212,94
YRD03133,DR04132,PR00001,Yard B,12000,8880,3120,74.0,161,286,44
YRD03134,DR03714,PR00002,Yard A,14000,13524,476,96.6,192,183,113
YRD03135,DR06192,PR00007,Yard D,11000,7458,3542,67.8,193,140,43
YRD03136,DR03640,PR00001,Yard C,13000,11648,1352,89.6,226,175,83
YRD03137,DR02416,PR00002,Yard E,12500,10675,1825,85.4,179,235,43
YRD03138,DR01446,PR00007,Yard E,12500,11862,638,94.9,258,180,95
YRD03139,DR07427,PR00003,Yard E,12500,11912,588,95.3,316,305,91
YRD03140,DR01815,PR00002,Yard C,13000,10933,2067,84.1,253,216,63
YRD03141,DR00367,PR00004,Yard E,12500,12075,425,96.6,217,297,106
YRD03142,DR00768,PR00003,Yard A,14000,12614,1386,90.1,202,301,91
YRD03143,DR05686,PR00007,Yard B,12000,8808,3192,73.4,275,235,36
YRD03144,DR07278,PR00001,Yard C,13000,10985,2015,84.5,264,185,67
YRD03145,DR08338,PR00006,Yard D,11000,8184,2816,74.4,234,190,50
YRD03146,DR04097,PR00002,Yard C,13000,11466,1534,88.2,231,241,70
YRD03147,DR00956,PR00006,Yard B,12000,9876,2124,82.3,305,255,53
YRD03148,DR07989,PR00006,Yard A,14000,13664,336,97.6,301,275,75
YRD03149,DR09370,PR00006,Yard A,14000,13706,294,97.9,249,211,91
YRD03150,DR02082,PR00006,Yard C,13000,10764,2236,82.8,153,221,67
YRD03151,DR04729,PR00005,Yard B,12000,8976,3024,74.8,139,224,50
YRD03152,DR04057,PR00001,Yard E,12500,11788,712,94.3,279,312,73
YRD03153,DR04422,PR00001,Yard E,12500,11588,912,92.7,235,284,74
YRD03154,DR01608,PR00002,Yard B,12000,9864,2136,82.2,236,242,56
YRD03155,DR04371,PR00003,Yard B,12000,8400,3600,70.0,255,262,28
YRD03156,DR07310,PR00002,Yard B,12000,8616,3384,71.8,161,252,85
YRD03157,DR00604,PR00005,Yard B,12000,9000,3000,75.0,332,240,74
YRD03158,DR00558,PR00005,Yard D,11000,7029,3971,63.9,120,183,30
YRD03159,DR05678,PR00007,Yard A,14000,13608,392,97.2,265,250,73
YRD03160,DR05532,PR00003,Yard E,12500,11112,1388,88.9,246,261,98
YRD03161,DR05706,PR00006,Yard C,13000,12129,871,93.3,264,271,88
YRD03162,DR01379,PR00005,Yard E,12500,11762,738,94.1,250,243,122
YRD03163,DR01227,PR00007,Yard A,14000,13790,210,98.5,262,211,83
YRD03164,DR09636,PR00005,Yard B,12000,9108,2892,75.9,250,309,56
YRD03165,DR02453,PR00002,Yard A,14000,13790,210,98.5,320,310,102
YRD03166,DR06137,PR00001,Yard C,13000,11570,1430,89.0,254,239,55
YRD03167,DR04088,PR00007,Yard A,14000,13216,784,94.4,230,178,57
YRD03168,DR02384,PR00005,Yard E,12500,11400,1100,91.2,270,290,78
YRD03169,DR05447,PR00006,Yard A,14000,13790,210,98.5,202,204,112
YRD03170,DR00056,PR00006,Yard D,11000,7370,3630,67.0,176,170,48
YRD03171,DR02934,PR00005,Yard E,12500,12312,188,98.5,289,241,81
YRD03172,DR06596,PR00005,Yard E,12500,11500,1000,92.0,286,275,71
YRD03173,DR02828,PR00007,Yard B,12000,8868,3132,73.9,219,317,93
YRD03174,DR03160,PR00007,Yard C,13000,10452,2548,80.4,209,109,67
YRD03175,DR01554,PR00003,Yard D,11000,7854,3146,71.4,233,232,36
YRD03176,DR00080,PR00001,Yard B,12000,9216,2784,76.8,269,291,52
YRD03177,DR06822,PR00001,Yard D,11000,7359,3641,66.9,288,256,47
YRD03178,DR06601,PR00003,Yard C,13000,11258,1742,86.6,151,241,82
YRD03179,DR01665,PR00006,Yard B,12000,9120,2880,76.0,223,220,38
YRD03180,DR09425,PR00006,Yard E,12500,10762,1738,86.1,194,144,73
YRD03181,DR01955,PR00003,Yard E,12500,12312,188,98.5,246,146,116
YRD03182,DR01610,PR00002,Yard A,14000,13790,210,98.5,322,310,64
YRD03183,DR08618,PR00003,Yard E,12500,11238,1262,89.9,218,228,53
YRD03184,DR06752,PR00006,Yard D,11000,7865,3135,71.5,204,212,82
YRD03185,DR04734,PR00004,Yard C,13000,11011,1989,84.7,256,263,71
YRD03186,DR09004,PR00001,Yard E,12500,11000,1500,88.0,295,113,83
YRD03187,DR01035,PR00003,Yard C,13000,11050,1950,85.0,208,244,104
YRD03188,DR02752,PR00004,Yard E,12500,10638,1862,85.1,195,231,87
YRD03189,DR08321,PR00003,Yard E,12500,11550,950,92.4,247,236,80
YRD03190,DR09988,PR00006,Yard B,12000,10272,1728,85.6,178,215,72
YRD03191,DR07318,PR00007,Yard D,11000,7458,3542,67.8,225,205,36
YRD03192,DR06122,PR00001,Yard B,12000,9312,2688,77.6,239,207,47
YRD03193,DR05583,PR00002,Yard C,13000,11453,1547,88.1,212,185,105
YRD03194,DR04257,PR00003,Yard A,14000,13790,210,98.5,175,153,98
YRD03195,DR07013,PR00002,Yard E,12500,11300,1200,90.4,170,223,70
YRD03196,DR06269,PR00003,Yard A,14000,13538,462,96.7,247,247,73
YRD03197,DR02928,PR00001,Yard D,11000,7436,3564,67.6,205,221,32
YRD03198,DR00396,PR00001,Yard E,12500,11138,1362,89.1,263,247,112
YRD03199,DR06144,PR00006,Yard D,11000,7579,3421,68.9,273,231,57
YRD03200,DR01551,PR00001,Yard E,12500,11575,925,92.6,165,273,92
YRD03201,DR07791,PR00006,Yard E,12500,11200,1300,89.6,256,270,70
YRD03202,DR03556,PR00002,Yard D,11000,7832,3168,71.2,331,275,82
YRD03203,DR07444,PR00002,Yard E,12500,10888,1612,87.1,223,208,89
YRD03204,DR04395,PR00001,Yard E,12500,10838,1662,86.7,231,228,95
YRD03205,DR09106,PR00001,Yard E,12500,11688,812,93.5,301,250,79
YRD03206,DR06094,PR00002,Yard D,11000,7458,3542,67.8,239,301,73
YRD03207,DR02394,PR00006,Yard B,12000,9084,2916,75.7,277,294,82
YRD03208,DR06390,PR00007,Yard B,12000,9312,2688,77.6,241,254,56
YRD03209,DR09295,PR00001,Yard D,11000,7590,3410,69.0,234,172,39
YRD03210,DR03830,PR00001,Yard B,12000,9024,2976,75.2,140,203,75
YRD03211,DR01805,PR00001,Yard A,14000,13790,210,98.5,225,316,89
YRD03212,DR06802,PR00005,Yard A,14000,13398,602,95.7,230,290,88
YRD03213,DR00215,PR00002,Yard C,13000,10907,2093,83.9,281,298,71
YRD03214,DR06813,PR00002,Yard C,13000,11297,1703,86.9,319,237,97
YRD03215,DR00549,PR00006,Yard A,14000,13790,210,98.5,277,297,95
YRD03216,DR04478,PR00006,Yard E,12500,11762,738,94.1,245,177,62
YRD03217,DR03977,PR00005,Yard C,13000,11323,1677,87.1,280,170,90
YRD03218,DR06847,PR00001,Yard B,12000,9144,2856,76.2,304,164,75
YRD03219,DR04820,PR00003,Yard A,14000,13790,210,98.5,208,208,74
YRD03220,DR03200,PR00002,Yard D,11000,8030,2970,73.0,298,249,54
YRD03221,DR01095,PR00005,Yard D,11000,7161,3839,65.1,196,291,50
YRD03222,DR09202,PR00005,Yard A,14000,13482,518,96.3,229,194,120
YRD03223,DR03663,PR00001,Yard C,13000,11310,1690,87.0,256,165,48
YRD03224,DR04971,PR00006,Yard A,14000,13384,616,95.6,285,222,96
YRD03225,DR02587,PR00003,Yard D,11000,7172,3828,65.2,321,167,28
YRD03226,DR04467,PR00006,Yard E,12500,12300,200,98.4,284,173,106
YRD03227,DR08346,PR00001,Yard D,11000,8096,2904,73.6,236,320,64
YRD03228,DR07638,PR00003,Yard E,12500,11638,862,93.1,220,273,64
YRD03229,DR06490,PR00001,Yard E,12500,11800,700,94.4,286,214,63
YRD03230,DR07855,PR00005,Yard E,12500,11400,1100,91.2,299,251,67
YRD03231,DR06593,PR00001,Yard B,12000,9504,2496,79.2,258,224,58
YRD03232,DR09394,PR00002,Yard E,12500,12088,412,96.7,298,195,97
YRD03233,DR01079,PR00006,Yard E,12500,11675,825,93.4,252,163,75
YRD03234,DR09097,PR00005,Yard D,11000,7425,3575,67.5,325,228,40
YRD03235,DR07578,PR00004,Yard A,14000,13790,210,98.5,289,208,71
YRD03236,DR06711,PR00005,Yard B,12000,9468,2532,78.9,266,228,50
YRD03237,DR03686,PR00004,Yard B,12000,8868,3132,73.9,224,252,43
YRD03238,DR06196,PR00004,Yard B,12000,8940,3060,74.5,197,63,73
YRD03239,DR08660,PR00002,Yard D,11000,7227,3773,65.7,265,221,65
YRD03240,DR05019,PR00001,Yard C,13000,11388,1612,87.6,296,225,56
YRD03241,DR07602,PR00003,Yard C,13000,11596,1404,89.2,263,239,88
YRD03242,DR01162,PR00001,Yard D,11000,8030,2970,73.0,151,177,74
YRD03243,DR07926,PR00003,Yard C,13000,10504,2496,80.8,142,215,85
YRD03244,DR08295,PR00003,Yard D,11000,6138,4862,55.8,202,174,5
YRD03245,DR07294,PR00001,Yard A,14000,13748,252,98.2,270,194,88
YRD03246,DR07671,PR00006,Yard B,12000,9264,2736,77.2,276,219,59
YRD03247,DR02985,PR00005,Yard A,14000,12698,1302,90.7,265,167,104
YRD03248,DR08492,PR00004,Yard E,12500,11925,575,95.4,284,302,92
YRD03249,DR00689,PR00007,Yard C,13000,11141,1859,85.7,209,181,73
YRD03250,DR08107,PR00002,Yard A,14000,13104,896,93.6,167,251,78
YRD03251,DR07676,PR00002,Yard E,12500,11225,1275,89.8,289,263,62
YRD03252,DR09015,PR00001,Yard E,12500,10912,1588,87.3,236,193,99
YRD03253,DR01607,PR00004,Yard D,11000,6567,4433,59.7,154,204,60
YRD03254,DR05377,PR00002,Yard D,11000,7271,3729,66.1,190,267,20
YRD03255,DR04178,PR00006,Yard D,11000,7337,3663,66.7,296,260,56
YRD03256,DR09900,PR00002,Yard C,13000,11531,1469,88.7,233,257,55
YRD03257,DR00024,PR00003,Yard E,12500,12138,362,97.1,306,257,94
YRD03258,DR05459,PR00003,Yard D,11000,7986,3014,72.6,222,150,17
YRD03259,DR05923,PR00002,Yard A,14000,13328,672,95.2,235,176,108
YRD03260,DR02951,PR00005,Yard E,12500,11338,1162,90.7,259,188,63
YRD03261,DR04983,PR00005,Yard C,13000,11414,1586,87.8,197,208,75
YRD03262,DR04789,PR00005,Yard A,14000,13286,714,94.9,156,225,93
YRD03263,DR03595,PR00004,Yard B,12000,8400,3600,70.0,240,277,70
YRD03264,DR03276,PR00003,Yard E,12500,11588,912,92.7,248,313,80
YRD03265,DR00127,PR00003,Yard C,13000,11180,1820,86.0,199,222,91
YRD03266,DR04892,PR00005,Yard C,13000,11427,1573,87.9,268,306,58
YRD03267,DR04147,PR00003,Yard C,13000,11063,1937,85.1,273,291,72
YRD03268,DR04103,PR00003,Yard B,12000,9660,2340,80.5,261,264,61
YRD03269,DR08749,PR00001,Yard D,11000,7414,3586,67.4,314,236,40
YRD03270,DR00521,PR00005,Yard A,14000,13132,868,93.8,202,171,74
YRD03271,DR09138,PR00001,Yard E,12500,11625,875,93.0,195,195,111
YRD03272,DR01990,PR00007,Yard D,11000,7953,3047,72.3,200,264,77
YRD03273,DR06181,PR00001,Yard D,11000,7678,3322,69.8,257,245,72
YRD03274,DR02336,PR00003,Yard A,14000,13790,210,98.5,252,258,117
YRD03275,DR06218,PR00002,Yard E,12500,11712,788,93.7,231,224,74
YRD03276,DR03281,PR00002,Yard E,12500,10762,1738,86.1,204,172,49
YRD03277,DR07093,PR00002,Yard E,12500,12100,400,96.8,270,193,80
YRD03278,DR08379,PR00005,Yard D,11000,7931,3069,72.1,156,264,68
YRD03279,DR04894,PR00001,Yard A,14000,13496,504,96.4,235,214,100
YRD03280,DR03965,PR00002,Yard B,12000,9216,2784,76.8,322,281,65
YRD03281,DR01945,PR00001,Yard D,11000,7392,3608,67.2,213,226,39
YRD03282,DR01878,PR00002,Yard D,11000,7502,3498,68.2,157,231,40
YRD03283,DR08333,PR00007,Yard C,13000,11193,1807,86.1,206,222,45
YRD03284,DR09111,PR00003,Yard A,14000,13790,210,98.5,211,254,90
YRD03285,DR05994,PR00005,Yard B,12000,8580,3420,71.5,271,210,58
YRD03286,DR03309,PR00003,Yard C,13000,11700,1300,90.0,208,242,109
YRD03287,DR02887,PR00003,Yard D,11000,7337,3663,66.7,237,225,37
YRD03288,DR05763,PR00006,Yard A,14000,13608,392,97.2,240,196,81
YRD03289,DR05007,PR00001,Yard E,12500,11512,988,92.1,259,315,113
YRD03290,DR03964,PR00006,Yard B,12000,9192,2808,76.6,197,111,36
YRD03291,DR03096,PR00003,Yard D,11000,7535,3465,68.5,196,215,70
YRD03292,DR07390,PR00002,Yard A,14000,13328,672,95.2,303,257,73
YRD03293,DR07819,PR00007,Yard A,14000,13594,406,97.1,210,251,108
YRD03294,DR06036,PR00002,Yard D,11000,7832,3168,71.2,281,165,55
YRD03295,DR09232,PR00007,Yard D,11000,7282,3718,66.2,240,203,79
YRD03296,DR03660,PR00007,Yard E,12500,11712,788,93.7,258,133,105
YRD03297,DR07344,PR00002,Yard E,12500,11538,962,92.3,284,233,106
YRD03298,DR02738,PR00002,Yard C,13000,11453,1547,88.1,257,275,107
YRD03299,DR06293,PR00006,Yard A,14000,13790,210,98.5,197,262,106
YRD03300,DR06528,PR00001,Yard A,14000,13594,406,97.1,249,340,85
YRD03301,DR02569,PR00005,Yard C,13000,10712,2288,82.4,178,158,69
YRD03302,DR08550,PR00001,Yard B,12000,9348,2652,77.9,236,158,65
YRD03303,DR06227,PR00002,Yard B,12000,9624,2376,80.2,360,222,31
YRD03304,DR07138,PR00003,Yard C,13000,11453,1547,88.1,320,265,69
YRD03305,DR01910,PR00005,Yard E,12500,11712,788,93.7,230,255,92
YRD03306,DR05760,PR00005,Yard A,14000,13790,210,98.5,240,158,82
YRD03307,DR00562,PR00004,Yard C,13000,11414,1586,87.8,257,328,100
YRD03308,DR08372,PR00002,Yard E,12500,11525,975,92.2,204,175,54
YRD03309,DR08439,PR00003,Yard A,14000,13482,518,96.3,163,240,71
YRD03310,DR00981,PR00002,Yard B,12000,9120,2880,76.0,295,247,51
YRD03311,DR06203,PR00002,Yard A,14000,13790,210,98.5,204,242,62
YRD03312,DR03498,PR00002,Yard C,13000,10881,2119,83.7,161,251,75
YRD03313,DR04069,PR00004,Yard C,13000,11726,1274,90.2,267,231,72
YRD03314,DR03111,PR00002,Yard A,14000,13790,210,98.5,360,289,87
YRD03315,DR06850,PR00001,Yard A,14000,13552,448,96.8,295,275,113
YRD03316,DR05927,PR00005,Yard C,13000,10855,2145,83.5,304,279,97
YRD03317,DR08907,PR00001,Yard E,12500,11912,588,95.3,299,238,90
YRD03318,DR09476,PR00007,Yard E,12500,11425,1075,91.4,225,186,93
YRD03319,DR07954,PR00002,Yard E,12500,11038,1462,88.3,327,300,66
YRD03320,DR03319,PR00001,Yard A,14000,13370,630,95.5,177,291,81
YRD03321,DR01342,PR00006,Yard D,11000,7590,3410,69.0,225,178,66
YRD03322,DR03029,PR00004,Yard C,13000,10179,2821,78.3,197,235,79
YRD03323,DR00959,PR00006,Yard E,12500,11750,750,94.0,200,267,86
YRD03324,DR01068,PR00003,Yard A,14000,13440,560,96.0,305,198,111
YRD03325,DR07421,PR00002,Yard B,12000,9672,2328,80.6,152,272,79
YRD03326,DR01307,PR00004,Yard D,11000,7975,3025,72.5,235,238,31
YRD03327,DR00526,PR00003,Yard D,11000,6853,4147,62.3,276,252,36
YRD03328,DR09611,PR00004,Yard B,12000,8676,3324,72.3,280,204,41
YRD03329,DR08840,PR00002,Yard A,14000,13426,574,95.9,345,244,60
YRD03330,DR02347,PR00002,Yard C,13000,11232,1768,86.4,259,173,80
YRD03331,DR04728,PR00001,Yard C,13000,11505,1495,88.5,262,237,75
YRD03332,DR03352,PR00006,Yard E,12500,10738,1762,85.9,286,188,81
YRD03333,DR03300,PR00002,Yard E,12500,11338,1162,90.7,213,215,56
YRD03334,DR05185,PR00007,Yard D,11000,7227,3773,65.7,167,284,30
YRD03335,DR02685,PR00002,Yard B,12000,9276,2724,77.3,273,234,61
YRD03336,DR02842,PR00003,Yard A,14000,13202,798,94.3,237,269,58
YRD03337,DR08672,PR00002,Yard D,11000,7810,3190,71.0,188,266,68
YRD03338,DR04100,PR00005,Yard C,13000,11011,1989,84.7,167,145,67
YRD03339,DR05854,PR00006,Yard A,14000,13790,210,98.5,273,281,118
YRD03340,DR09552,PR00003,Yard D,11000,7304,3696,66.4,179,173,74
YRD03341,DR06192,PR00003,Yard D,11000,7260,3740,66.0,212,213,36
YRD03342,DR00121,PR00005,Yard A,14000,13790,210,98.5,247,228,79
YRD03343,DR00572,PR00001,Yard C,13000,11193,1807,86.1,246,267,86
YRD03344,DR00616,PR00004,Yard C,13000,11362,1638,87.4,310,296,77
YRD03345,DR06203,PR00005,Yard B,12000,9648,2352,80.4,235,299,65
YRD03346,DR08954,PR00002,Yard E,12500,11500,1000,92.0,145,211,78
YRD03347,DR05514,PR00004,Yard A,14000,13748,252,98.2,283,187,97
YRD03348,DR02007,PR00005,Yard D,11000,7194,3806,65.4,242,228,25
YRD03349,DR01709,PR00001,Yard A,14000,12726,1274,90.9,200,209,77
YRD03350,DR08708,PR00002,Yard C,13000,10829,2171,83.3,287,216,45
YRD03351,DR00619,PR00003,Yard E,12500,10450,2050,83.6,245,202,69
YRD03352,DR03469,PR00005,Yard D,11000,7480,3520,68.0,287,272,48
YRD03353,DR01739,PR00004,Yard C,13000,10920,2080,84.0,256,318,67
YRD03354,DR03041,PR00003,Yard A,14000,13048,952,93.2,219,292,53
YRD03355,DR07177,PR00002,Yard C,13000,11362,1638,87.4,255,254,63
YRD03356,DR00921,PR00001,Yard D,11000,8206,2794,74.6,296,277,60
YRD03357,DR08091,PR00001,Yard E,12500,11525,975,92.2,244,212,85
YRD03358,DR06585,PR00002,Yard A,14000,13496,504,96.4,180,199,70
YRD03359,DR03407,PR00001,Yard B,12000,9444,2556,78.7,299,238,72
YRD03360,DR05300,PR00001,Yard D,11000,7656,3344,69.6,242,274,34
YRD03361,DR02626,PR00004,Yard A,14000,12908,1092,92.2,241,282,111
YRD03362,DR03978,PR00004,Yard A,14000,12502,1498,89.3,193,172,79
YRD03363,DR06583,PR00001,Yard B,12000,9024,2976,75.2,266,247,87
YRD03364,DR00246,PR00004,Yard B,12000,8784,3216,73.2,302,169,52
YRD03365,DR06954,PR00001,Yard B,12000,9492,2508,79.1,222,230,39
YRD03366,DR03562,PR00003,Yard E,12500,10975,1525,87.8,216,182,57
YRD03367,DR04354,PR00007,Yard C,13000,10842,2158,83.4,305,217,56
YRD03368,DR03660,PR00003,Yard B,12000,9372,2628,78.1,305,210,71
YRD03369,DR05156,PR00001,Yard B,12000,9420,2580,78.5,308,166,64
YRD03370,DR04280,PR00002,Yard B,12000,8388,3612,69.9,215,305,80
YRD03371,DR02902,PR00005,Yard E,12500,11600,900,92.8,199,185,76
YRD03372,DR02800,PR00002,Yard A,14000,13286,714,94.9,148,227,76
YRD03373,DR00513,PR00007,Yard B,12000,9084,2916,75.7,211,221,28
YRD03374,DR08399,PR00003,Yard E,12500,11962,538,95.7,292,276,119
YRD03375,DR00640,PR00001,Yard A,14000,13314,686,95.1,110,305,110
YRD03376,DR01007,PR00004,Yard D,11000,7150,3850,65.0,310,190,36
YRD03377,DR05115,PR00005,Yard B,12000,9048,2952,75.4,144,202,64
YRD03378,DR04529,PR00003,Yard A,14000,13720,280,98.0,297,209,71
YRD03379,DR05234,PR00007,Yard C,13000,11986,1014,92.2,168,194,97
YRD03380,DR04126,PR00007,Yard B,12000,8484,3516,70.7,248,265,75
YRD03381,DR04119,PR00001,Yard C,13000,11830,1170,91.0,274,245,65
YRD03382,DR07727,PR00001,Yard D,11000,7887,3113,71.7,266,189,54
YRD03383,DR03290,PR00002,Yard C,13000,10296,2704,79.2,237,259,75
YRD03384,DR04133,PR00004,Yard E,12500,10950,1550,87.6,235,182,92
YRD03385,DR09766,PR00004,Yard A,14000,13566,434,96.9,229,238,105
YRD03386,DR02223,PR00002,Yard C,13000,10660,2340,82.0,203,218,87
YRD03387,DR05891,PR00007,Yard E,12500,11888,612,95.1,229,240,77
YRD03388,DR06463,PR00002,Yard D,11000,7249,3751,65.9,331,165,29
YRD03389,DR06782,PR00006,Yard D,11000,7656,3344,69.6,207,245,92
YRD03390,DR04231,PR00006,Yard C,13000,11492,1508,88.4,249,234,87
YRD03391,DR04469,PR00001,Yard E,12500,11625,875,93.0,235,116,74
YRD03392,DR05526,PR00002,Yard C,13000,11401,1599,87.7,293,162,81
YRD03393,DR02789,PR00002,Yard A,14000,13790,210,98.5,273,305,111
YRD03394,DR04088,PR00007,Yard D,11000,7128,3872,64.8,174,290,41
YRD03395,DR00283,PR00002,Yard E,12500,11938,562,95.5,186,197,94
YRD03396,DR01091,PR00006,Yard E,12500,11638,862,93.1,228,230,111
YRD03397,DR04860,PR00003,Yard A,14000,13314,686,95.1,186,170,85
YRD03398,DR01556,PR00003,Yard E,12500,10838,1662,86.7,181,182,96
YRD03399,DR01595,PR00007,Yard D,11000,7084,3916,64.4,215,149,74
YRD03400,DR05191,PR00003,Yard A,14000,12894,1106,92.1,232,303,74
YRD03401,DR04546,PR00005,Yard E,12500,11238,1262,89.9,211,213,72
YRD03402,DR07360,PR00003,Yard A,14000,13328,672,95.2,253,220,73
YRD03403,DR00011,PR00001,Yard C,13000,10907,2093,83.9,233,203,78
YRD03404,DR07248,PR00001,Yard A,14000,13692,308,97.8,315,276,124
YRD03405,DR08940,PR00002,Yard D,11000,7502,3498,68.2,277,129,64
YRD03406,DR07425,PR00005,Yard C,13000,11635,1365,89.5,218,178,63
YRD03407,DR09683,PR00003,Yard A,14000,13132,868,93.8,211,220,76
YRD03408,DR02656,PR00003,Yard D,11000,7678,3322,69.8,202,199,34
YRD03409,DR08331,PR00001,Yard C,13000,10504,2496,80.8,168,210,49
YRD03410,DR02472,PR00004,Yard C,13000,10738,2262,82.6,260,239,79
YRD03411,DR04481,PR00006,Yard C,13000,10647,2353,81.9,200,201,24
YRD03412,DR00990,PR00004,Yard E,12500,11175,1325,89.4,151,168,65
YRD03413,DR02841,PR00007,Yard B,12000,9300,2700,77.5,200,159,56
YRD03414,DR01878,PR00001,Yard D,11000,7612,3388,69.2,241,205,36
YRD03415,DR03744,PR00001,Yard E,12500,11975,525,95.8,255,323,84
YRD03416,DR00085,PR00003,Yard D,11000,7293,3707,66.3,227,146,70
YRD03417,DR09185,PR00002,Yard A,14000,13790,210,98.5,335,321,92
YRD03418,DR06290,PR00005,Yard C,13000,11687,1313,89.9,290,209,75
YRD03419,DR00356,PR00006,Yard C,13000,11570,1430,89.0,222,263,74
YRD03420,DR01457,PR00001,Yard E,12500,11388,1112,91.1,163,206,71
YRD03421,DR05076,PR00007,Yard C,13000,11167,1833,85.9,321,313,62
YRD03422,DR09361,PR00001,Yard D,11000,8129,2871,73.9,303,329,77
YRD03423,DR02294,PR00005,Yard B,12000,9084,2916,75.7,293,218,61
YRD03424,DR03448,PR00003,Yard C,13000,12584,416,96.8,270,226,115
YRD03425,DR02613,PR00004,Yard D,11000,8074,2926,73.4,110,182,51
YRD03426,DR05848,PR00001,Yard E,12500,11088,1412,88.7,263,262,65
YRD03427,DR03110,PR00007,Yard E,12500,12188,312,97.5,247,241,105
YRD03428,DR07743,PR00007,Yard C,13000,10660,2340,82.0,223,203,110
YRD03429,DR00665,PR00003,Yard B,12000,8976,3024,74.8,236,300,55
YRD03430,DR07901,PR00003,Yard A,14000,13762,238,98.3,310,275,105
YRD03431,DR09085,PR00004,Yard B,12000,8748,3252,72.9,286,147,78
YRD03432,DR06466,PR00004,Yard B,12000,8844,3156,73.7,228,218,63
YRD03433,DR05575,PR00004,Yard C,13000,11622,1378,89.4,318,245,91
YRD03434,DR01999,PR00004,Yard A,14000,12488,1512,89.2,233,210,45
YRD03435,DR00892,PR00006,Yard B,12000,8652,3348,72.1,263,253,57
YRD03436,DR08646,PR00004,Yard C,13000,11674,1326,89.8,268,276,89
YRD03437,DR03902,PR00001,Yard E,12500,11712,788,93.7,217,204,98
YRD03438,DR03672,PR00007,Yard D,11000,7645,3355,69.5,144,244,64
YRD03439,DR07981,PR00002,Yard C,13000,11609,1391,89.3,351,237,112
YRD03440,DR09629,PR00001,Yard B,12000,9660,2340,80.5,222,210,64
YRD03441,DR03642,PR00007,Yard C,13000,11141,1859,85.7,265,225,92
YRD03442,DR06712,PR00002,Yard E,12500,11788,712,94.3,229,203,75
YRD03443,DR03147,PR00001,Yard D,11000,7920,3080,72.0,278,261,33
YRD03444,DR00148,PR00004,Yard D,11000,7766,3234,70.6,202,283,55
YRD03445,DR03227,PR00006,Yard E,12500,11375,1125,91.0,267,239,111
YRD03446,DR08685,PR00001,Yard B,12000,8412,3588,70.1,197,252,68
YRD03447,DR01497,PR00003,Yard B,12000,8712,3288,72.6,288,172,59
YRD03448,DR02268,PR00001,Yard D,11000,7854,3146,71.4,323,216,60
YRD03449,DR04200,PR00003,Yard B,12000,9252,2748,77.1,244,264,93
YRD03450,DR07264,PR00002,Yard D,11000,6501,4499,59.1,177,162,24
YRD03451,DR06475,PR00001,Yard C,13000,11466,1534,88.2,255,227,74
YRD03452,DR06074,PR00007,Yard A,14000,13776,224,98.4,265,282,59
YRD03453,DR02501,PR00004,Yard A,14000,13762,238,98.3,342,280,106
YRD03454,DR02712,PR00006,Yard C,13000,11336,1664,87.2,232,205,94
YRD03455,DR08055,PR00007,Yard A,14000,12642,1358,90.3,223,163,73
YRD03456,DR06302,PR00007,Yard E,12500,11250,1250,90.0,215,240,112
YRD03457,DR00935,PR00005,Yard A,14000,13720,280,98.0,246,259,94
YRD03458,DR06073,PR00002,Yard E,12500,11838,662,94.7,238,238,86
YRD03459,DR07231,PR00006,Yard D,11000,6864,4136,62.4,186,238,48
YRD03460,DR00473,PR00003,Yard D,11000,7249,3751,65.9,331,288,65
YRD03461,DR02829,PR00002,Yard C,13000,10257,2743,78.9,226,270,90
YRD03462,DR05822,PR00003,Yard D,11000,7700,3300,70.0,189,286,55
YRD03463,DR07023,PR00002,Yard B,12000,8172,3828,68.1,154,259,41
YRD03464,DR04619,PR00003,Yard E,12500,11600,900,92.8,222,249,42
YRD03465,DR05286,PR00006,Yard B,12000,9744,2256,81.2,288,239,69
YRD03466,DR09483,PR00003,Yard E,12500,11588,912,92.7,275,272,97
YRD03467,DR00666,PR00002,Yard C,13000,11531,1469,88.7,267,257,67
YRD03468,DR00806,PR00001,Yard D,11000,7590,3410,69.0,246,231,50
YRD03469,DR06321,PR00006,Yard B,12000,9000,3000,75.0,242,181,59
YRD03470,DR09919,PR00003,Yard C,13000,11700,1300,90.0,255,350,94
YRD03471,DR06725,PR00003,Yard D,11000,8063,2937,73.3,258,257,58
YRD03472,DR05978,PR00005,Yard E,12500,11800,700,94.4,336,299,107
YRD03473,DR04590,PR00006,Yard E,12500,11538,962,92.3,238,161,70
YRD03474,DR04916,PR00003,Yard B,12000,8400,3600,70.0,269,265,44
YRD03475,DR00996,PR00004,Yard D,11000,7458,3542,67.8,271,327,59
YRD03476,DR04099,PR00002,Yard C,13000,11037,1963,84.9,234,175,110
YRD03477,DR06439,PR00007,Yard D,11000,7931,3069,72.1,251,220,43
YRD03478,DR05804,PR00004,Yard C,13000,11115,1885,85.5,199,247,64
YRD03479,DR08557,PR00005,Yard A,14000,12824,1176,91.6,139,145,77
YRD03480,DR05570,PR00001,Yard A,14000,13790,210,98.5,259,234,94
YRD03481,DR00486,PR00004,Yard A,14000,13160,840,94.0,272,226,64
YRD03482,DR01605,PR00003,Yard A,14000,13776,224,98.4,251,186,59
YRD03483,DR08118,PR00003,Yard A,14000,13566,434,96.9,229,221,72
YRD03484,DR06280,PR00005,Yard D,11000,6831,4169,62.1,236,230,56
YRD03485,DR06108,PR00006,Yard C,13000,11245,1755,86.5,202,168,62
YRD03486,DR04923,PR00002,Yard E,12500,11338,1162,90.7,230,257,73
YRD03487,DR02548,PR00006,Yard C,13000,10894,2106,83.8,244,249,27
YRD03488,DR03265,PR00002,Yard A,14000,13790,210,98.5,289,300,96
YRD03489,DR03072,PR00004,Yard D,11000,7304,3696,66.4,215,198,4
YRD03490,DR00131,PR00001,Yard A,14000,13790,210,98.5,322,273,106
YRD03491,DR09936,PR00002,Yard A,14000,12964,1036,92.6,252,261,134
YRD03492,DR07399,PR00006,Yard B,12000,9168,2832,76.4,218,252,67
YRD03493,DR05859,PR00001,Yard D,11000,6908,4092,62.8,138,270,39
YRD03494,DR02728,PR00007,Yard B,12000,9144,2856,76.2,284,338,79
YRD03495,DR08619,PR00002,Yard C,13000,10764,2236,82.8,182,245,81
YRD03496,DR06385,PR00005,Yard D,11000,8195,2805,74.5,201,269,39
YRD03497,DR04692,PR00001,Yard A,14000,13286,714,94.9,143,201,62
YRD03498,DR01570,PR00004,Yard E,12500,11388,1112,91.1,250,179,67
YRD03499,DR06638,PR00007,Yard E,12500,11025,1475,88.2,291,233,104
YRD03500,DR08415,PR00004,Yard B,12000,8892,3108,74.1,249,200,58
YRD03501,DR08349,PR00003,Yard A,14000,13440,560,96.0,206,193,82
YRD03502,DR05301,PR00006,Yard B,12000,9036,2964,75.3,185,224,66
YRD03503,DR01155,PR00005,Yard D,11000,7524,3476,68.4,200,274,48
YRD03504,DR06326,PR00001,Yard C,13000,11375,1625,87.5,271,250,87
YRD03505,DR01365,PR00004,Yard C,13000,11375,1625,87.5,237,175,75
YRD03506,DR01751,PR00004,Yard D,11000,6930,4070,63.0,292,187,15
YRD03507,DR02995,PR00005,Yard D,11000,7579,3421,68.9,224,199,64
YRD03508,DR07360,PR00002,Yard D,11000,7260,3740,66.0,342,227,48
YRD03509,DR08075,PR00003,Yard D,11000,7436,3564,67.6,214,305,25
YRD03510,DR02421,PR00007,Yard B,12000,8364,3636,69.7,212,190,78
YRD03511,DR07874,PR00004,Yard C,13000,11011,1989,84.7,259,213,67
YRD03512,DR06522,PR00003,Yard A,14000,13328,672,95.2,181,169,96
YRD03513,DR08431,PR00007,Yard E,12500,11075,1425,88.6,142,246,50
YRD03514,DR00836,PR00002,Yard E,12500,11450,1050,91.6,180,285,99
YRD03515,DR05107,PR00003,Yard A,14000,13468,532,96.2,328,256,109
YRD03516,DR02225,PR00005,Yard E,12500,11625,875,93.0,231,224,89
YRD03517,DR02013,PR00005,Yard D,11000,7161,3839,65.1,198,277,53
YRD03518,DR06271,PR00007,Yard A,14000,13692,308,97.8,260,231,98
YRD03519,DR00503,PR00004,Yard A,14000,13286,714,94.9,185,205,82
YRD03520,DR02303,PR00002,Yard D,11000,7865,3135,71.5,234,310,50
YRD03521,DR05868,PR00003,Yard E,12500,11288,1212,90.3,261,269,103
YRD03522,DR06516,PR00001,Yard D,11000,7524,3476,68.4,265,235,36
YRD03523,DR06285,PR00007,Yard C,13000,10725,2275,82.5,166,248,77
YRD03524,DR06045,PR00001,Yard A,14000,13202,798,94.3,250,257,68
YRD03525,DR03884,PR00004,Yard E,12500,11488,1012,91.9,149,221,93
YRD03526,DR03970,PR00003,Yard C,13000,10660,2340,82.0,248,258,64
YRD03527,DR09071,PR00001,Yard D,11000,7458,3542,67.8,233,184,75
YRD03528,DR01668,PR00002,Yard C,13000,11336,1664,87.2,331,240,44
YRD03529,DR02741,PR00004,Yard C,13000,11830,1170,91.0,349,262,95
YRD03530,DR07133,PR00001,Yard B,12000,9336,2664,77.8,360,296,33
YRD03531,DR04788,PR00007,Yard C,13000,10491,2509,80.7,177,185,82
YRD03532,DR07950,PR00007,Yard A,14000,13356,644,95.4,262,244,99
YRD03533,DR08100,PR00001,Yard A,14000,13636,364,97.4,305,302,86
YRD03534,DR09158,PR00006,Yard E,12500,11012,1488,88.1,266,193,39
YRD03535,DR09890,PR00002,Yard B,12000,9360,2640,78.0,249,236,53
YRD03536,DR03849,PR00001,Yard A,14000,13062,938,93.3,246,259,101
YRD03537,DR07922,PR00002,Yard E,12500,10900,1600,87.2,170,285,46
YRD03538,DR07685,PR00006,Yard B,12000,8472,3528,70.6,255,195,66
YRD03539,DR00236,PR00004,Yard A,14000,12684,1316,90.6,213,275,61
YRD03540,DR01688,PR00002,Yard C,13000,10777,2223,82.9,193,272,74
YRD03541,DR05844,PR00005,Yard A,14000,13160,840,94.0,243,224,117
YRD03542,DR01212,PR00005,Yard E,12500,12088,412,96.7,257,260,77
YRD03543,DR06934,PR00005,Yard A,14000,13146,854,93.9,217,242,92
YRD03544,DR03151,PR00004,Yard B,12000,9252,2748,77.1,333,285,65
YRD03545,DR04202,PR00006,Yard E,12500,11662,838,93.3,109,289,80
YRD03546,DR06080,PR00004,Yard E,12500,11138,1362,89.1,259,146,94
YRD03547,DR02809,PR00001,Yard E,12500,11550,950,92.4,278,223,95
YRD03548,DR04474,PR00006,Yard B,12000,9108,2892,75.9,315,350,75
YRD03549,DR04482,PR00002,Yard C,13000,11388,1612,87.6,200,298,79
YRD03550,DR00442,PR00005,Yard B,12000,9480,2520,79.0,156,219,65
YRD03551,DR03259,PR00005,Yard D,11000,8096,2904,73.6,299,255,26
YRD03552,DR08038,PR00002,Yard A,14000,12852,1148,91.8,212,163,93
YRD03553,DR09863,PR00001,Yard E,12500,11375,1125,91.0,266,211,123
YRD03554,DR08414,PR00005,Yard B,12000,9060,2940,75.5,335,216,72
YRD03555,DR03156,PR00006,Yard A,14000,13230,770,94.5,260,226,103
YRD03556,DR05939,PR00006,Yard E,12500,11450,1050,91.6,183,269,79
YRD03557,DR07911,PR00004,Yard C,13000,10959,2041,84.3,252,330,73
YRD03558,DR02726,PR00002,Yard B,12000,9900,2100,82.5,288,280,81
YRD03559,DR01451,PR00002,Yard E,12500,11312,1188,90.5,152,314,68
YRD03560,DR03105,PR00005,Yard B,12000,9372,2628,78.1,252,282,76
YRD03561,DR08929,PR00003,Yard E,12500,11188,1312,89.5,302,200,77
YRD03562,DR06260,PR00005,Yard C,13000,10725,2275,82.5,252,248,63
YRD03563,DR01708,PR00002,Yard C,13000,11882,1118,91.4,314,219,84
YRD03564,DR09815,PR00001,Yard D,11000,7777,3223,70.7,337,195,67
YRD03565,DR01821,PR00004,Yard E,12500,10762,1738,86.1,196,278,77
YRD03566,DR00609,PR00004,Yard D,11000,7590,3410,69.0,285,211,55
YRD03567,DR03638,PR00004,Yard A,14000,12964,1036,92.6,221,240,119
YRD03568,DR00470,PR00002,Yard A,14000,13790,210,98.5,296,292,111
YRD03569,DR07433,PR00006,Yard E,12500,11100,1400,88.8,194,149,73
YRD03570,DR00817,PR00003,Yard E,12500,11162,1338,89.3,284,252,68
YRD03571,DR04959,PR00005,Yard A,14000,13790,210,98.5,299,322,111
YRD03572,DR05647,PR00004,Yard C,13000,10595,2405,81.5,266,292,88
YRD03573,DR00512,PR00003,Yard D,11000,6985,4015,63.5,211,164,57
YRD03574,DR01474,PR00005,Yard B,12000,9132,2868,76.1,272,285,89
YRD03575,DR02490,PR00004,Yard C,13000,10686,2314,82.2,283,219,82
YRD03576,DR05218,PR00003,Yard A,14000,13790,210,98.5,219,216,89
YRD03577,DR01757,PR00004,Yard E,12500,10912,1588,87.3,254,240,89
YRD03578,DR07755,PR00001,Yard B,12000,9096,2904,75.8,329,251,61
YRD03579,DR03627,PR00007,Yard E,12500,11975,525,95.8,272,278,107
YRD03580,DR04013,PR00002,Yard A,14000,13244,756,94.6,278,181,110
YRD03581,DR05523,PR00002,Yard D,11000,8030,2970,73.0,252,189,62
YRD03582,DR01663,PR00005,Yard A,14000,13356,644,95.4,195,138,110
YRD03583,DR06738,PR00002,Yard E,12500,11425,1075,91.4,270,263,125
YRD03584,DR00817,PR00007,Yard B,12000,8820,3180,73.5,286,207,68
YRD03585,DR09532,PR00003,Yard E,12500,11825,675,94.6,305,306,102
YRD03586,DR01432,PR00002,Yard B,12000,8412,3588,70.1,247,175,57
YRD03587,DR00820,PR00001,Yard E,12500,11838,662,94.7,263,220,73
YRD03588,DR01161,PR00001,Yard D,11000,6974,4026,63.4,223,111,78
YRD03589,DR02763,PR00001,Yard C,13000,11180,1820,86.0,210,197,84
YRD03590,DR08527,PR00001,Yard D,11000,7788,3212,70.8,188,167,51
YRD03591,DR06099,PR00002,Yard E,12500,11312,1188,90.5,155,296,93
YRD03592,DR06680,PR00002,Yard C,13000,12038,962,92.6,183,234,95
YRD03593,DR00722,PR00003,Yard C,13000,11531,1469,88.7,189,270,83
YRD03594,DR09994,PR00002,Yard B,12000,7944,4056,66.2,186,210,46
YRD03595,DR06196,PR00001,Yard A,14000,13790,210,98.5,345,267,69
YRD03596,DR05011,PR00001,Yard B,12000,9552,2448,79.6,276,265,61
YRD03597,DR03726,PR00001,Yard B,12000,9312,2688,77.6,357,272,82
YRD03598,DR06691,PR00002,Yard A,14000,13790,210,98.5,306,195,114
YRD03599,DR00149,PR00001,Yard C,13000,11115,1885,85.5,296,309,73
YRD03600,DR03365,PR00003,Yard B,12000,9312,2688,77.6,245,226,94
YRD03601,DR01557,PR00007,Yard B,12000,9228,2772,76.9,248,245,68
YRD03602,DR03303,PR00002,Yard C,13000,11804,1196,90.8,319,235,78
YRD03603,DR04294,PR00001,Yard C,13000,10881,2119,83.7,177,189,82
YRD03604,DR01046,PR00004,Yard A,14000,12922,1078,92.3,216,273,87
YRD03605,DR05764,PR00003,Yard D,11000,7249,3751,65.9,260,268,59
YRD03606,DR01588,PR00001,Yard D,11000,7392,3608,67.2,254,208,53
YRD03607,DR06041,PR00006,Yard C,13000,11856,1144,91.2,176,149,136
YRD03608,DR00037,PR00005,Yard A,14000,13790,210,98.5,347,263,79
YRD03609,DR04454,PR00007,Yard A,14000,13664,336,97.6,247,252,75
YRD03610,DR06923,PR00007,Yard E,12500,11662,838,93.3,249,306,98
YRD03611,DR09300,PR00004,Yard B,12000,9048,2952,75.4,257,267,57
YRD03612,DR02420,PR00005,Yard E,12500,12012,488,96.1,314,234,67
YRD03613,DR03520,PR00003,Yard E,12500,11562,938,92.5,285,236,92
YRD03614,DR08135,PR00006,Yard A,14000,13790,210,98.5,278,192,92
YRD03615,DR07451,PR00004,Yard A,14000,13790,210,98.5,238,239,70
YRD03616,DR07695,PR00002,Yard B,12000,9120,2880,76.0,188,219,52
YRD03617,DR00333,PR00001,Yard C,13000,11635,1365,89.5,291,279,85
YRD03618,DR02550,PR00004,Yard E,12500,10888,1612,87.1,294,190,84
YRD03619,DR02383,PR00003,Yard A,14000,13790,210,98.5,202,298,83
YRD03620,DR06403,PR00006,Yard A,14000,13426,574,95.9,175,210,107
YRD03621,DR02230,PR00001,Yard E,12500,11425,1075,91.4,268,184,75
YRD03622,DR08667,PR00006,Yard E,12500,12050,450,96.4,235,239,96
YRD03623,DR02342,PR00001,Yard C,13000,11492,1508,88.4,188,216,90
YRD03624,DR07611,PR00004,Yard B,12000,8520,3480,71.0,148,259,30
YRD03625,DR03035,PR00003,Yard A,14000,13426,574,95.9,247,184,99
YRD03626,DR04346,PR00002,Yard A,14000,12712,1288,90.8,241,217,107
YRD03627,DR02309,PR00003,Yard A,14000,13790,210,98.5,290,285,73
YRD03628,DR03300,PR00002,Yard A,14000,13538,462,96.7,159,227,106
YRD03629,DR04436,PR00001,Yard B,12000,9132,2868,76.1,306,272,72
YRD03630,DR04629,PR00006,Yard C,13000,10998,2002,84.6,285,268,66
YRD03631,DR04257,PR00002,Yard D,11000,7612,3388,69.2,323,193,23
YRD03632,DR02111,PR00005,Yard E,12500,11375,1125,91.0,267,206,66
YRD03633,DR08002,PR00005,Yard B,12000,8460,3540,70.5,237,310,69
YRD03634,DR04227,PR00001,Yard D,11000,7359,3641,66.9,271,226,54
YRD03635,DR04917,PR00006,Yard B,12000,9480,2520,79.0,258,252,81
YRD03636,DR04423,PR00006,Yard C,13000,10491,2509,80.7,157,181,64
YRD03637,DR01308,PR00006,Yard D,11000,8492,2508,77.2,220,231,64
YRD03638,DR08395,PR00006,Yard E,12500,11175,1325,89.4,206,226,88
YRD03639,DR08355,PR00004,Yard E,12500,10875,1625,87.0,232,335,94
YRD03640,DR03627,PR00007,Yard E,12500,11988,512,95.9,319,350,111
YRD03641,DR01374,PR00001,Yard D,11000,7249,3751,65.9,158,199,69
YRD03642,DR07742,PR00001,Yard E,12500,11212,1288,89.7,238,225,91
YRD03643,DR06387,PR00005,Yard A,14000,13706,294,97.9,233,261,78
YRD03644,DR01859,PR00002,Yard D,11000,7986,3014,72.6,346,310,44
YRD03645,DR02134,PR00004,Yard A,14000,13790,210,98.5,307,230,73
YRD03646,DR05267,PR00003,Yard A,14000,12894,1106,92.1,286,233,101
YRD03647,DR01056,PR00002,Yard D,11000,7887,3113,71.7,246,258,47
YRD03648,DR08767,PR00006,Yard A,14000,13790,210,98.5,360,221,71
YRD03649,DR06221,PR00001,Yard C,13000,11180,1820,86.0,311,224,88
YRD03650,DR06756,PR00001,Yard A,14000,13734,266,98.1,315,268,35
YRD03651,DR04895,PR00004,Yard B,12000,8916,3084,74.3,211,227,70
YRD03652,DR09000,PR00006,Yard C,13000,11401,1599,87.7,294,267,68
YRD03653,DR02685,PR00006,Yard D,11000,6886,4114,62.6,203,162,13
YRD03654,DR01372,PR00002,Yard C,13000,11037,1963,84.9,195,250,108
YRD03655,DR07114,PR00006,Yard D,11000,7260,3740,66.0,205,220,64
YRD03656,DR02334,PR00004,Yard C,13000,11232,1768,86.4,223,236,60
YRD03657,DR04684,PR00006,Yard A,14000,13790,210,98.5,264,189,106
YRD03658,DR08513,PR00001,Yard D,11000,7689,3311,69.9,236,178,37
YRD03659,DR03923,PR00002,Yard A,14000,13384,616,95.6,228,285,93
YRD03660,DR05477,PR00003,Yard A,14000,13356,644,95.4,257,222,97
YRD03661,DR00292,PR00004,Yard E,12500,11412,1088,91.3,253,217,99
YRD03662,DR09067,PR00001,Yard A,14000,13706,294,97.9,205,246,104
YRD03663,DR04307,PR00003,Yard A,14000,13552,448,96.8,259,244,74
YRD03664,DR09802,PR00004,Yard E,12500,11262,1238,90.1,176,288,90
YRD03665,DR01093,PR00003,Yard C,13000,11635,1365,89.5,224,236,96
YRD03666,DR02296,PR00003,Yard E,12500,11338,1162,90.7,276,208,101
YRD03667,DR08535,PR00002,Yard B,12000,8028,3972,66.9,192,230,66
YRD03668,DR09110,PR00006,Yard A,14000,13790,210,98.5,260,208,110
YRD03669,DR09801,PR00004,Yard D,11000,7458,3542,67.8,285,281,24
YRD03670,DR05876,PR00004,Yard E,12500,11188,1312,89.5,287,303,62
YRD03671,DR06290,PR00007,Yard D,11000,7271,3729,66.1,252,192,59
YRD03672,DR03440,PR00004,Yard A,14000,13790,210,98.5,186,185,98
YRD03673,DR08958,PR00002,Yard A,14000,13104,896,93.6,360,221,90
YRD03674,DR08166,PR00004,Yard B,12000,9336,2664,77.8,330,338,70
YRD03675,DR04852,PR00007,Yard B,12000,9072,2928,75.6,216,271,33
YRD03676,DR07224,PR00001,Yard A,14000,13244,756,94.6,239,240,100
YRD03677,DR05142,PR00004,Yard E,12500,11025,1475,88.2,177,245,76
YRD03678,DR09866,PR00001,Yard E,12500,11200,1300,89.6,258,118,58
YRD03679,DR02002,PR00006,Yard E,12500,11825,675,94.6,225,248,93
YRD03680,DR04421,PR00004,Yard D,11000,7755,3245,70.5,221,212,64
YRD03681,DR07431,PR00007,Yard E,12500,11162,1338,89.3,197,211,90
YRD03682,DR02449,PR00004,Yard C,13000,10621,2379,81.7,259,148,67
YRD03683,DR09838,PR00001,Yard C,13000,11102,1898,85.4,237,279,89
YRD03684,DR02124,PR00003,Yard B,12000,9072,2928,75.6,227,287,36
YRD03685,DR07830,PR00007,Yard A,14000,13650,350,97.5,219,228,94
YRD03686,DR08885,PR00002,Yard C,13000,11128,1872,85.6,304,268,74
YRD03687,DR05446,PR00001,Yard D,11000,7546,3454,68.6,269,209,55
YRD03688,DR04165,PR00005,Yard B,12000,9036,2964,75.3,297,224,63
YRD03689,DR02501,PR00003,Yard D,11000,7469,3531,67.9,186,240,75
YRD03690,DR00289,PR00001,Yard E,12500,11338,1162,90.7,281,239,80
YRD03691,DR05258,PR00002,Yard A,14000,13622,378,97.3,180,297,95
YRD03692,DR02887,PR00002,Yard B,12000,8328,3672,69.4,188,299,80
YRD03693,DR09754,PR00004,Yard C,13000,10738,2262,82.6,182,242,98
YRD03694,DR09161,PR00003,Yard B,12000,9636,2364,80.3,226,273,7
YRD03695,DR05884,PR00003,Yard E,12500,11150,1350,89.2,167,236,97
YRD03696,DR05300,PR00006,Yard D,11000,7161,3839,65.1,235,181,46
YRD03697,DR05073,PR00002,Yard C,13000,11362,1638,87.4,316,224,73
YRD03698,DR01251,PR00005,Yard D,11000,7821,3179,71.1,263,226,28
YRD03699,DR00648,PR00003,Yard B,12000,8904,3096,74.2,273,269,70
YRD03700,DR04630,PR00003,Yard C,13000,11882,1118,91.4,278,190,114
YRD03701,DR08851,PR00004,Yard B,12000,9312,2688,77.6,234,186,42
YRD03702,DR08421,PR00005,Yard D,11000,7513,3487,68.3,337,248,32
YRD03703,DR03511,PR00007,Yard E,12500,11888,612,95.1,301,277,80
YRD03704,DR07864,PR00002,Yard D,11000,7271,3729,66.1,256,214,48
YRD03705,DR02855,PR00001,Yard C,13000,11128,1872,85.6,159,245,61
YRD03706,DR08966,PR00003,Yard A,14000,13454,546,96.1,313,177,107
YRD03707,DR02944,PR00004,Yard E,12500,11212,1288,89.7,226,238,78
YRD03708,DR08265,PR00002,Yard E,12500,11475,1025,91.8,274,251,86
YRD03709,DR01026,PR00006,Yard B,12000,9192,2808,76.6,129,178,62
YRD03710,DR05818,PR00006,Yard D,11000,7700,3300,70.0,174,161,29
YRD03711,DR00552,PR00003,Yard B,12000,9600,2400,80.0,260,262,54
YRD03712,DR04111,PR00003,Yard B,12000,9420,2580,78.5,301,165,93
YRD03713,DR02814,PR00001,Yard E,12500,12038,462,96.3,279,245,58
YRD03714,DR08921,PR00003,Yard B,12000,8736,3264,72.8,114,152,44
YRD03715,DR01161,PR00004,Yard A,14000,13552,448,96.8,276,273,83
YRD03716,DR00618,PR00006,Yard E,12500,11825,675,94.6,257,201,66
YRD03717,DR02936,PR00003,Yard C,13000,11206,1794,86.2,201,208,101
YRD03718,DR00145,PR00001,Yard A,14000,13790,210,98.5,250,287,129
YRD03719,DR01167,PR00001,Yard E,12500,11625,875,93.0,214,218,80
YRD03720,DR06446,PR00001,Yard C,13000,11258,1742,86.6,294,213,63
YRD03721,DR05495,PR00007,Yard A,14000,13790,210,98.5,318,306,70
YRD03722,DR09013,PR00006,Yard C,13000,11622,1378,89.4,197,247,36
YRD03723,DR03853,PR00006,Yard A,14000,12656,1344,90.4,186,207,83
YRD03724,DR06359,PR00006,Yard E,12500,12088,412,96.7,313,350,115
YRD03725,DR08473,PR00001,Yard C,13000,11245,1755,86.5,276,183,69
YRD03726,DR00214,PR00005,Yard D,11000,7337,3663,66.7,280,310,65
YRD03727,DR04286,PR00005,Yard E,12500,10950,1550,87.6,267,155,89
YRD03728,DR08663,PR00002,Yard E,12500,11575,925,92.6,179,232,87
YRD03729,DR01428,PR00003,Yard A,14000,13440,560,96.0,227,208,97
YRD03730,DR01811,PR00004,Yard E,12500,11762,738,94.1,215,258,91
YRD03731,DR00905,PR00006,Yard B,12000,8964,3036,74.7,274,198,71
YRD03732,DR00184,PR00001,Yard A,14000,13790,210,98.5,295,257,100
YRD03733,DR06610,PR00006,Yard C,13000,11245,1755,86.5,267,299,77
YRD03734,DR09452,PR00007,Yard C,13000,10816,2184,83.2,230,240,100
YRD03735,DR03683,PR00007,Yard B,12000,9036,2964,75.3,318,250,52
YRD03736,DR01164,PR00001,Yard E,12500,11050,1450,88.4,184,311,83
YRD03737,DR05609,PR00002,Yard D,11000,7942,3058,72.2,248,273,69
YRD03738,DR08272,PR00005,Yard D,11000,7942,3058,72.2,198,271,57
YRD03739,DR07490,PR00002,Yard D,11000,6985,4015,63.5,155,203,38
YRD03740,DR02062,PR00001,Yard E,12500,11500,1000,92.0,198,209,89
YRD03741,DR02130,PR00005,Yard C,13000,11687,1313,89.9,265,233,83
YRD03742,DR08458,PR00001,Yard D,11000,7425,3575,67.5,258,302,54
YRD03743,DR04810,PR00003,Yard A,14000,13580,420,97.0,295,242,74
YRD03744,DR00587,PR00007,Yard A,14000,13790,210,98.5,210,161,92
YRD03745,DR03812,PR00003,Yard D,11000,8085,2915,73.5,289,212,88
YRD03746,DR06932,PR00007,Yard E,12500,11150,1350,89.2,212,252,82
YRD03747,DR08302,PR00003,Yard E,12500,11150,1350,89.2,273,301,65
YRD03748,DR07637,PR00002,Yard E,12500,10512,1988,84.1,256,123,78
YRD03749,DR09808,PR00001,Yard A,14000,13734,266,98.1,256,173,100
YRD03750,DR09899,PR00002,Yard E,12500,12000,500,96.0,294,301,113
YRD03751,DR03184,PR00002,Yard E,12500,10912,1588,87.3,231,198,57
YRD03752,DR09958,PR00006,Yard A,14000,13594,406,97.1,245,300,89
YRD03753,DR07935,PR00007,Yard D,11000,7689,3311,69.9,337,237,27
YRD03754,DR06843,PR00001,Yard E,12500,12200,300,97.6,299,284,100
YRD03755,DR00920,PR00001,Yard B,12000,9168,2832,76.4,176,310,35
YRD03756,DR02153,PR00004,Yard E,12500,11425,1075,91.4,166,202,91
YRD03757,DR06545,PR00003,Yard D,11000,8030,2970,73.0,207,237,49
YRD03758,DR01278,PR00002,Yard B,12000,8436,3564,70.3,232,233,39
YRD03759,DR02982,PR00002,Yard E,12500,11675,825,93.4,277,221,85
YRD03760,DR08469,PR00002,Yard E,12500,11050,1450,88.4,250,225,41
YRD03761,DR01235,PR00003,Yard D,11000,7480,3520,68.0,280,227,47
YRD03762,DR00115,PR00001,Yard E,12500,11950,550,95.6,168,241,105
YRD03763,DR08361,PR00005,Yard A,14000,13790,210,98.5,313,283,87
YRD03764,DR01162,PR00002,Yard D,11000,7348,3652,66.8,257,214,93
YRD03765,DR04539,PR00003,Yard A,14000,13090,910,93.5,243,223,79
YRD03766,DR00205,PR00003,Yard D,11000,7271,3729,66.1,322,211,48
YRD03767,DR03351,PR00002,Yard D,11000,7183,3817,65.3,356,160,68
YRD03768,DR03032,PR00006,Yard A,14000,13300,700,95.0,293,241,106
YRD03769,DR01024,PR00005,Yard A,14000,13790,210,98.5,201,243,80
YRD03770,DR05330,PR00006,Yard C,13000,11934,1066,91.8,303,254,74
YRD03771,DR02301,PR00003,Yard E,12500,12000,500,96.0,247,250,84
YRD03772,DR06484,PR00003,Yard A,14000,13328,672,95.2,271,250,86
YRD03773,DR03042,PR00002,Yard A,14000,13790,210,98.5,260,195,85
YRD03774,DR00438,PR00004,Yard E,12500,12312,188,98.5,216,213,77
YRD03775,DR02235,PR00004,Yard E,12500,10700,1800,85.6,193,189,71
YRD03776,DR05261,PR00003,Yard E,12500,11475,1025,91.8,264,219,83
YRD03777,DR04404,PR00001,Yard E,12500,11788,712,94.3,231,267,93
YRD03778,DR01964,PR00002,Yard E,12500,10725,1775,85.8,198,231,64
YRD03779,DR08085,PR00001,Yard C,13000,11323,1677,87.1,171,194,64
YRD03780,DR06908,PR00002,Yard B,12000,9096,2904,75.8,298,350,69
YRD03781,DR03235,PR00004,Yard A,14000,13790,210,98.5,286,228,65
YRD03782,DR00615,PR00007,Yard E,12500,11500,1000,92.0,324,230,76
YRD03783,DR04687,PR00001,Yard C,13000,11570,1430,89.0,256,260,78
YRD03784,DR05395,PR00001,Yard D,11000,8393,2607,76.3,246,243,81
YRD03785,DR05337,PR00002,Yard E,12500,11700,800,93.6,255,267,102
YRD03786,DR04144,PR00001,Yard A,14000,13412,588,95.8,210,261,111
YRD03787,DR07243,PR00005,Yard C,13000,11115,1885,85.5,273,304,43
YRD03788,DR02918,PR00001,Yard A,14000,12992,1008,92.8,298,200,81
YRD03789,DR00657,PR00007,Yard A,14000,13510,490,96.5,344,328,90
YRD03790,DR05287,PR00006,Yard A,14000,12978,1022,92.7,153,190,110
YRD03791,DR00378,PR00003,Yard C,13000,11726,1274,90.2,303,182,82
YRD03792,DR06098,PR00007,Yard B,12000,8856,3144,73.8,236,130,68
YRD03793,DR08342,PR00004,Yard A,14000,13300,700,95.0,178,223,84
YRD03794,DR02035,PR00007,Yard A,14000,13790,210,98.5,206,246,106
YRD03795,DR00395,PR00002,Yard C,13000,11700,1300,90.0,288,251,86
YRD03796,DR01937,PR00007,Yard D,11000,7799,3201,70.9,265,253,102
YRD03797,DR02686,PR00001,Yard A,14000,13790,210,98.5,291,197,102
YRD03798,DR07150,PR00002,Yard A,14000,13790,210,98.5,153,262,79
YRD03799,DR06028,PR00007,Yard D,11000,7205,3795,65.5,228,185,46
YRD03800,DR09197,PR00003,Yard A,14000,13790,210,98.5,160,202,97
YRD03801,DR04057,PR00002,Yard C,13000,11115,1885,85.5,286,98,59
YRD03802,DR04036,PR00001,Yard D,11000,7744,3256,70.4,192,167,29
YRD03803,DR03713,PR00001,Yard A,14000,13510,490,96.5,334,308,96
YRD03804,DR07663,PR00002,Yard D,11000,7205,3795,65.5,206,208,70
YRD03805,DR00120,PR00003,Yard A,14000,13076,924,93.4,337,207,97
YRD03806,DR06438,PR00004,Yard A,14000,12978,1022,92.7,245,190,76
YRD03807,DR06839,PR00006,Yard B,12000,9696,2304,80.8,244,262,35
YRD03808,DR08427,PR00001,Yard A,14000,13328,672,95.2,217,215,74
YRD03809,DR08767,PR00006,Yard E,12500,11938,562,95.5,248,213,99
YRD03810,DR08858,PR00004,Yard E,12500,11525,975,92.2,262,199,83
YRD03811,DR08846,PR00005,Yard B,12000,8376,3624,69.8,265,243,80
YRD03812,DR00678,PR00005,Yard A,14000,13790,210,98.5,282,254,92
YRD03813,DR00283,PR00007,Yard E,12500,11000,1500,88.0,231,241,85
YRD03814,DR08690,PR00001,Yard B,12000,9732,2268,81.1,244,156,73
YRD03815,DR05909,PR00004,Yard E,12500,12038,462,96.3,274,224,97
YRD03816,DR05857,PR00007,Yard A,14000,13272,728,94.8,281,219,90
YRD03817,DR01074,PR00005,Yard E,12500,11325,1175,90.6,306,206,71
YRD03818,DR04365,PR00001,Yard E,12500,11888,612,95.1,287,204,110
YRD03819,DR02162,PR00004,Yard A,14000,13790,210,98.5,316,224,90
YRD03820,DR02600,PR00006,Yard C,13000,11570,1430,89.0,246,271,66
YRD03821,DR06576,PR00002,Yard D,11000,7700,3300,70.0,187,220,73
YRD03822,DR04532,PR00004,Yard C,13000,11921,1079,91.7,190,247,71
YRD03823,DR06422,PR00006,Yard D,11000,7414,3586,67.4,246,251,48
YRD03824,DR07444,PR00003,Yard D,11000,7634,3366,69.4,255,257,58
YRD03825,DR06657,PR00001,Yard A,14000,13342,658,95.3,247,301,89
YRD03826,DR01856,PR00004,Yard D,11000,8239,2761,74.9,260,314,50
YRD03827,DR07803,PR00004,Yard B,12000,10488,1512,87.4,300,350,71
YRD03828,DR08620,PR00003,Yard C,13000,10478,2522,80.6,298,269,69
YRD03829,DR07798,PR00005,Yard A,14000,13790,210,98.5,214,278,102
YRD03830,DR01041,PR00003,Yard B,12000,8568,3432,71.4,234,179,98
YRD03831,DR00860,PR00006,Yard A,14000,13692,308,97.8,292,195,64
YRD03832,DR04071,PR00006,Yard D,11000,7271,3729,66.1,360,339,78
YRD03833,DR03279,PR00006,Yard E,12500,11012,1488,88.1,146,223,72
YRD03834,DR00913,PR00003,Yard E,12500,11775,725,94.2,229,311,62
YRD03835,DR00417,PR00001,Yard D,11000,8008,2992,72.8,143,122,72
YRD03836,DR05055,PR00005,Yard E,12500,12312,188,98.5,279,311,95
YRD03837,DR01748,PR00001,Yard A,14000,13790,210,98.5,137,235,95
YRD03838,DR03020,PR00003,Yard C,13000,11206,1794,86.2,291,269,61
YRD03839,DR07872,PR00001,Yard B,12000,8976,3024,74.8,153,136,67
YRD03840,DR08136,PR00003,Yard E,12500,11125,1375,89.0,208,174,86
YRD03841,DR07399,PR00005,Yard A,14000,13790,210,98.5,347,192,75
YRD03842,DR05547,PR00003,Yard E,12500,11138,1362,89.1,218,223,73
YRD03843,DR04939,PR00003,Yard B,12000,9156,2844,76.3,286,239,75
YRD03844,DR01894,PR00001,Yard A,14000,13790,210,98.5,207,245,100
YRD03845,DR00336,PR00002,Yard D,11000,7403,3597,67.3,271,239,11
YRD03846,DR00269,PR00003,Yard A,14000,12936,1064,92.4,200,181,80
YRD03847,DR00719,PR00006,Yard A,14000,12922,1078,92.3,317,221,88
YRD03848,DR02870,PR00006,Yard B,12000,8472,3528,70.6,222,216,37
YRD03849,DR05081,PR00007,Yard A,14000,13510,490,96.5,220,293,80
YRD03850,DR03667,PR00001,Yard C,13000,10491,2509,80.7,238,159,65
YRD03851,DR08889,PR00002,Yard E,12500,12200,300,97.6,360,254,128
YRD03852,DR04482,PR00003,Yard B,12000,8856,3144,73.8,279,259,19
YRD03853,DR07594,PR00004,Yard E,12500,11600,900,92.8,287,276,97
YRD03854,DR02637,PR00005,Yard C,13000,11414,1586,87.8,237,246,108
YRD03855,DR03864,PR00006,Yard B,12000,9264,2736,77.2,360,243,54
YRD03856,DR08567,PR00003,Yard D,11000,7403,3597,67.3,304,178,60
YRD03857,DR00529,PR00004,Yard A,14000,13426,574,95.9,225,204,124
YRD03858,DR03255,PR00007,Yard C,13000,10881,2119,83.7,291,202,46
YRD03859,DR01138,PR00002,Yard B,12000,9192,2808,76.6,253,229,67
YRD03860,DR01408,PR00006,Yard A,14000,13790,210,98.5,285,318,78
YRD03861,DR08021,PR00005,Yard A,14000,13734,266,98.1,186,308,67
YRD03862,DR04182,PR00001,Yard E,12500,12312,188,98.5,268,290,83
YRD03863,DR02298,PR00007,Yard D,11000,7348,3652,66.8,174,270,15
YRD03864,DR08757,PR00006,Yard E,12500,11250,1250,90.0,225,264,101
YRD03865,DR09638,PR00005,Yard C,13000,11297,1703,86.9,184,277,66
YRD03866,DR04512,PR00001,Yard E,12500,10938,1562,87.5,242,264,93
YRD03867,DR08317,PR00001,Yard D,11000,8041,2959,73.1,221,220,29
YRD03868,DR04894,PR00005,Yard E,12500,11075,1425,88.6,220,270,84
YRD03869,DR03074,PR00001,Yard E,12500,11812,688,94.5,248,322,38
YRD03870,DR01671,PR00001,Yard C,13000,10777,2223,82.9,195,91,117
YRD03871,DR01873,PR00003,Yard C,13000,10686,2314,82.2,202,199,79
YRD03872,DR06742,PR00001,Yard B,12000,7896,4104,65.8,214,205,51
YRD03873,DR05484,PR00005,Yard B,12000,9168,2832,76.4,237,350,46
YRD03874,DR06912,PR00004,Yard B,12000,10428,1572,86.9,272,311,66
YRD03875,DR06482,PR00001,Yard E,12500,11288,1212,90.3,261,302,86
YRD03876,DR03014,PR00004,Yard E,12500,11988,512,95.9,277,300,93
YRD03877,DR07030,PR00001,Yard C,13000,11453,1547,88.1,232,234,87
YRD03878,DR06391,PR00001,Yard B,12000,8964,3036,74.7,336,250,73
YRD03879,DR00056,PR00003,Yard D,11000,6853,4147,62.3,219,248,35
YRD03880,DR07902,PR00003,Yard B,12000,8964,3036,74.7,206,170,74
YRD03881,DR07025,PR00002,Yard D,11000,6875,4125,62.5,256,239,53
YRD03882,DR02148,PR00004,Yard E,12500,11175,1325,89.4,276,254,71
YRD03883,DR03596,PR00003,Yard D,11000,7667,3333,69.7,229,226,29
YRD03884,DR07445,PR00004,Yard B,12000,9432,2568,78.6,183,297,52
YRD03885,DR04171,PR00002,Yard E,12500,11488,1012,91.9,257,190,97
YRD03886,DR08137,PR00005,Yard E,12500,12125,375,97.0,187,171,109
YRD03887,DR06128,PR00004,Yard C,13000,10985,2015,84.5,260,165,89
YRD03888,DR03016,PR00001,Yard E,12500,11475,1025,91.8,254,252,69
YRD03889,DR00599,PR00005,Yard A,14000,13734,266,98.1,216,210,97
YRD03890,DR04613,PR00006,Yard C,13000,10998,2002,84.6,205,232,86
YRD03891,DR00105,PR00001,Yard A,14000,13118,882,93.7,187,244,63
YRD03892,DR09958,PR00004,Yard E,12500,11288,1212,90.3,340,255,70
YRD03893,DR00450,PR00006,Yard A,14000,13146,854,93.9,224,257,98
YRD03894,DR06534,PR00001,Yard B,12000,9096,2904,75.8,244,227,96
YRD03895,DR09135,PR00007,Yard C,13000,11349,1651,87.3,263,225,64
YRD03896,DR03777,PR00003,Yard A,14000,13594,406,97.1,223,191,73
YRD03897,DR09817,PR00005,Yard A,14000,13790,210,98.5,203,319,102
YRD03898,DR00943,PR00006,Yard C,13000,10946,2054,84.2,233,171,65
YRD03899,DR09072,PR00007,Yard B,12000,9288,2712,77.4,276,228,97
YRD03900,DR09606,PR00004,Yard A,14000,13272,728,94.8,228,279,68
YRD03901,DR03810,PR00005,Yard A,14000,13202,798,94.3,315,239,98
YRD03902,DR08165,PR00002,Yard B,12000,8832,3168,73.6,193,236,49
YRD03903,DR01424,PR00002,Yard E,12500,12162,338,97.3,209,255,64
YRD03904,DR08678,PR00006,Yard E,12500,11325,1175,90.6,243,265,114
YRD03905,DR02888,PR00003,Yard E,12500,12312,188,98.5,270,267,80
YRD03906,DR03862,PR00006,Yard A,14000,12908,1092,92.2,312,253,84
YRD03907,DR01376,PR00001,Yard B,12000,8532,3468,71.1,214,272,11
YRD03908,DR02825,PR00002,Yard D,11000,7381,3619,67.1,187,265,46
YRD03909,DR06414,PR00001,Yard C,13000,11388,1612,87.6,263,260,78
YRD03910,DR05194,PR00003,Yard C,13000,11063,1937,85.1,261,254,81
YRD03911,DR02750,PR00001,Yard A,14000,13524,476,96.6,278,213,92
YRD03912,DR00422,PR00002,Yard A,14000,13790,210,98.5,260,254,66
YRD03913,DR03056,PR00007,Yard B,12000,8100,3900,67.5,275,231,34
YRD03914,DR08051,PR00006,Yard D,11000,7667,3333,69.7,287,188,40
YRD03915,DR05547,PR00005,Yard E,12500,12312,188,98.5,342,204,86
YRD03916,DR03012,PR00001,Yard B,12000,9336,2664,77.8,243,237,49
YRD03917,DR09776,PR00003,Yard A,14000,12936,1064,92.4,194,279,79
YRD03918,DR02322,PR00005,Yard A,14000,13706,294,97.9,303,261,26
YRD03919,DR08046,PR00001,Yard E,12500,11300,1200,90.4,284,242,100
YRD03920,DR05511,PR00003,Yard A,14000,13790,210,98.5,276,278,61
YRD03921,DR02669,PR00007,Yard B,12000,9360,2640,78.0,303,126,29
YRD03922,DR04977,PR00001,Yard D,11000,7007,3993,63.7,248,153,40
YRD03923,DR01475,PR00007,Yard C,13000,11284,1716,86.8,289,229,58
YRD03924,DR06077,PR00001,Yard D,11000,8063,2937,73.3,318,280,62
YRD03925,DR05829,PR00001,Yard D,11000,7667,3333,69.7,275,287,62
YRD03926,DR07251,PR00001,Yard A,14000,13496,504,96.4,208,232,71
YRD03927,DR04484,PR00007,Yard E,12500,11312,1188,90.5,223,162,74
YRD03928,DR04878,PR00004,Yard E,12500,12075,425,96.6,289,207,79
YRD03929,DR09259,PR00005,Yard C,13000,10816,2184,83.2,211,310,91
YRD03930,DR01917,PR00003,Yard B,12000,9204,2796,76.7,296,261,84
YRD03931,DR06534,PR00006,Yard E,12500,10975,1525,87.8,214,117,78
YRD03932,DR06950,PR00004,Yard A,14000,13062,938,93.3,337,230,77
YRD03933,DR05183,PR00004,Yard C,13000,11063,1937,85.1,276,188,78
YRD03934,DR00884,PR00005,Yard C,13000,11284,1716,86.8,269,237,66
YRD03935,DR05070,PR00005,Yard E,12500,11438,1062,91.5,283,224,48
YRD03936,DR05551,PR00005,Yard D,11000,7920,3080,72.0,294,266,50
YRD03937,DR03529,PR00001,Yard E,12500,11925,575,95.4,162,186,110
YRD03938,DR08092,PR00006,Yard C,13000,11427,1573,87.9,252,232,100
YRD03939,DR07544,PR00002,Yard E,12500,11225,1275,89.8,197,223,95
YRD03940,DR09432,PR00007,Yard E,12500,12075,425,96.6,300,258,87
YRD03941,DR08909,PR00003,Yard B,12000,8700,3300,72.5,190,202,42
YRD03942,DR06036,PR00001,Yard C,13000,11505,1495,88.5,231,326,129
YRD03943,DR02909,PR00002,Yard A,14000,13426,574,95.9,176,87,88
YRD03944,DR04037,PR00004,Yard A,14000,12838,1162,91.7,219,141,55
YRD03945,DR04859,PR00003,Yard E,12500,11200,1300,89.6,214,147,36
YRD03946,DR08518,PR00006,Yard C,13000,11193,1807,86.1,222,215,64
YRD03947,DR00622,PR00005,Yard B,12000,9744,2256,81.2,190,280,87
YRD03948,DR08494,PR00002,Yard E,12500,12050,450,96.4,273,142,77
YRD03949,DR06684,PR00003,Yard E,12500,11425,1075,91.4,306,269,75
YRD03950,DR07117,PR00006,Yard C,13000,10985,2015,84.5,229,218,89
YRD03951,DR03432,PR00006,Yard B,12000,9072,2928,75.6,239,186,86
YRD03952,DR00903,PR00003,Yard E,12500,12012,488,96.1,223,322,80
YRD03953,DR09588,PR00007,Yard D,11000,8063,2937,73.3,231,210,68
YRD03954,DR00066,PR00001,Yard D,11000,7315,3685,66.5,208,266,33
YRD03955,DR05648,PR00005,Yard D,11000,7315,3685,66.5,187,313,54
YRD03956,DR08924,PR00006,Yard C,13000,11141,1859,85.7,171,237,120
YRD03957,DR01277,PR00003,Yard A,14000,13776,224,98.4,314,232,90
YRD03958,DR07731,PR00001,Yard A,14000,13762,238,98.3,290,227,96
YRD03959,DR03264,PR00005,Yard B,12000,9840,2160,82.0,214,235,91
YRD03960,DR07089,PR00002,Yard C,13000,11700,1300,90.0,207,269,86
YRD03961,DR01971,PR00001,Yard E,12500,11725,775,93.8,269,302,70
YRD03962,DR08871,PR00001,Yard E,12500,11100,1400,88.8,262,246,49
YRD03963,DR01640,PR00005,Yard D,11000,7623,3377,69.3,355,325,59
YRD03964,DR02348,PR00001,Yard E,12500,11500,1000,92.0,294,299,65
YRD03965,DR05452,PR00003,Yard C,13000,11505,1495,88.5,257,328,83
YRD03966,DR02229,PR00007,Yard D,11000,7623,3377,69.3,244,206,67
YRD03967,DR02829,PR00005,Yard E,12500,12200,300,97.6,360,258,94
YRD03968,DR05389,PR00004,Yard A,14000,13706,294,97.9,241,247,96
YRD03969,DR04590,PR00003,Yard C,13000,11076,1924,85.2,312,167,32
YRD03970,DR00135,PR00001,Yard B,12000,8604,3396,71.7,300,280,83
YRD03971,DR03135,PR00003,Yard E,12500,11300,1200,90.4,200,211,87
YRD03972,DR05381,PR00001,Yard B,12000,8688,3312,72.4,189,207,47
YRD03973,DR08117,PR00001,Yard A,14000,13328,672,95.2,294,234,86
YRD03974,DR06172,PR00001,Yard C,13000,11011,1989,84.7,262,344,102
YRD03975,DR02494,PR00004,Yard D,11000,7920,3080,72.0,259,265,43
YRD03976,DR02897,PR00001,Yard B,12000,9132,2868,76.1,197,235,62
YRD03977,DR08630,PR00001,Yard B,12000,8952,3048,74.6,228,228,49
YRD03978,DR07231,PR00006,Yard A,14000,13202,798,94.3,213,307,58
YRD03979,DR02083,PR00001,Yard A,14000,13790,210,98.5,213,179,104
YRD03980,DR01051,PR00005,Yard B,12000,8928,3072,74.4,211,201,92
YRD03981,DR08527,PR00003,Yard E,12500,12125,375,97.0,311,219,119
YRD03982,DR07706,PR00004,Yard E,12500,12012,488,96.1,234,249,99
YRD03983,DR07985,PR00001,Yard E,12500,12300,200,98.4,354,222,93
YRD03984,DR09739,PR00001,Yard B,12000,9600,2400,80.0,287,225,75
YRD03985,DR05217,PR00006,Yard A,14000,13020,980,93.0,252,321,95
YRD03986,DR07343,PR00003,Yard A,14000,13790,210,98.5,299,212,107
YRD03987,DR00502,PR00001,Yard B,12000,8592,3408,71.6,257,186,109
YRD03988,DR00667,PR00002,Yard E,12500,11538,962,92.3,209,234,110
YRD03989,DR04858,PR00003,Yard A,14000,13790,210,98.5,232,297,61
YRD03990,DR01912,PR00001,Yard E,12500,12088,412,96.7,297,140,94
YRD03991,DR02430,PR00004,Yard A,14000,12740,1260,91.0,179,332,88
YRD03992,DR00826,PR00003,Yard D,11000,8019,2981,72.9,310,250,69
YRD03993,DR04735,PR00004,Yard B,12000,8736,3264,72.8,328,341,33
YRD03994,DR02626,PR00006,Yard B,12000,9528,2472,79.4,232,219,88
YRD03995,DR03797,PR00003,Yard A,14000,13790,210,98.5,214,208,64
YRD03996,DR03716,PR00006,Yard A,14000,13790,210,98.5,210,226,100
YRD03997,DR09430,PR00003,Yard E,12500,11925,575,95.4,275,326,129
YRD03998,DR02354,PR00003,Yard B,12000,9492,2508,79.1,307,252,45
YRD03999,DR06694,PR00004,Yard D,11000,7458,3542,67.8,169,258,49
YRD04000,DR02161,PR00004,Yard A,14000,13790,210,98.5,235,235,86
YRD04001,DR08490,PR00001,Yard C,13000,11479,1521,88.3,270,256,77
YRD04002,DR09761,PR00007,Yard E,12500,11388,1112,91.1,202,245,105
YRD04003,DR01817,PR00007,Yard C,13000,11726,1274,90.2,299,204,86
YRD04004,DR05272,PR00002,Yard E,12500,11712,788,93.7,257,241,96
YRD04005,DR06326,PR00004,Yard E,12500,11862,638,94.9,228,305,83
YRD04006,DR06788,PR00005,Yard C,13000,11310,1690,87.0,221,175,70
YRD04007,DR03174,PR00007,Yard B,12000,9204,2796,76.7,324,244,84
YRD04008,DR08944,PR00004,Yard B,12000,9372,2628,78.1,317,247,91
YRD04009,DR02339,PR00001,Yard D,11000,7546,3454,68.6,166,171,45
YRD04010,DR00005,PR00005,Yard B,12000,9396,2604,78.3,251,267,54
YRD04011,DR05231,PR00001,Yard B,12000,9084,2916,75.7,186,284,63
YRD04012,DR09908,PR00005,Yard C,13000,10803,2197,83.1,207,234,42
YRD04013,DR06487,PR00004,Yard B,12000,9156,2844,76.3,265,240,67
YRD04014,DR07766,PR00004,Yard A,14000,12768,1232,91.2,254,259,130
YRD04015,DR07035,PR00001,Yard A,14000,13496,504,96.4,257,248,69
YRD04016,DR09284,PR00003,Yard C,13000,10881,2119,83.7,223,246,72
YRD04017,DR09601,PR00004,Yard C,13000,11271,1729,86.7,333,254,54
YRD04018,DR09954,PR00002,Yard C,13000,10985,2015,84.5,228,212,100
YRD04019,DR08377,PR00001,Yard B,12000,9036,2964,75.3,232,304,85
YRD04020,DR09578,PR00002,Yard E,12500,11975,525,95.8,280,301,81
YRD04021,DR09858,PR00006,Yard C,13000,10946,2054,84.2,229,202,55
YRD04022,DR08731,PR00003,Yard A,14000,13720,280,98.0,247,255,99
YRD04023,DR05512,PR00004,Yard B,12000,9276,2724,77.3,315,303,77
YRD04024,DR02495,PR00003,Yard C,13000,10998,2002,84.6,287,262,56
YRD04025,DR04003,PR00006,Yard E,12500,11300,1200,90.4,297,350,70
YRD04026,DR06452,PR00003,Yard E,12500,11512,988,92.1,283,230,67
YRD04027,DR07542,PR00001,Yard B,12000,8628,3372,71.9,172,207,37
YRD04028,DR07294,PR00001,Yard B,12000,9240,2760,77.0,276,172,53
YRD04029,DR02520,PR00001,Yard D,11000,7953,3047,72.3,168,166,21
YRD04030,DR09715,PR00006,Yard B,12000,9396,2604,78.3,315,206,53
YRD04031,DR06327,PR00004,Yard D,11000,7447,3553,67.7,331,197,22
YRD04032,DR05705,PR00005,Yard E,12500,11725,775,93.8,221,225,66
YRD04033,DR00721,PR00005,Yard D,11000,7051,3949,64.1,250,207,54
YRD04034,DR01925,PR00006,Yard D,11000,7359,3641,66.9,201,284,40
YRD04035,DR08592,PR00007,Yard D,11000,7953,3047,72.3,154,247,55
YRD04036,DR07021,PR00004,Yard A,14000,13356,644,95.4,267,180,91
YRD04037,DR04686,PR00002,Yard D,11000,7161,3839,65.1,194,172,58
YRD04038,DR07924,PR00001,Yard A,14000,13790,210,98.5,281,325,67
YRD04039,DR03986,PR00004,Yard C,13000,10816,2184,83.2,250,240,56
YRD04040,DR04969,PR00005,Yard E,12500,10225,2275,81.8,278,233,49
YRD04041,DR02715,PR00004,Yard C,13000,11232,1768,86.4,310,290,101
YRD04042,DR06381,PR00002,Yard E,12500,11550,950,92.4,252,257,76
YRD04043,DR04643,PR00005,Yard B,12000,9516,2484,79.3,230,264,46
YRD04044,DR07195,PR00003,Yard D,11000,7502,3498,68.2,208,211,62
YRD04045,DR08761,PR00002,Yard D,11000,7315,3685,66.5,238,188,50
YRD04046,DR03090,PR00006,Yard A,14000,12950,1050,92.5,271,248,99
YRD04047,DR00711,PR00004,Yard A,14000,13790,210,98.5,335,259,98
YRD04048,DR01854,PR00002,Yard C,13000,11375,1625,87.5,259,344,117
YRD04049,DR07195,PR00002,Yard E,12500,11138,1362,89.1,218,221,78
YRD04050,DR03486,PR00004,Yard A,14000,13650,350,97.5,210,253,123
YRD04051,DR08431,PR00003,Yard A,14000,12964,1036,92.6,265,272,89
YRD04052,DR03623,PR00001,Yard E,12500,11250,1250,90.0,192,206,68
YRD04053,DR09829,PR00004,Yard A,14000,13790,210,98.5,280,225,100
YRD04054,DR02866,PR00005,Yard C,13000,11271,1729,86.7,284,301,103
YRD04055,DR06852,PR00001,Yard B,12000,8508,3492,70.9,238,271,60
YRD04056,DR07044,PR00003,Yard C,13000,10517,2483,80.9,192,220,55
YRD04057,DR01727,PR00004,Yard D,11000,7810,3190,71.0,341,255,77
YRD04058,DR05979,PR00002,Yard B,12000,9804,2196,81.7,325,203,72
YRD04059,DR03561,PR00002,Yard E,12500,11438,1062,91.5,344,167,89
YRD04060,DR07656,PR00002,Yard E,12500,11588,912,92.7,227,176,102
YRD04061,DR04278,PR00003,Yard D,11000,7018,3982,63.8,303,236,42
YRD04062,DR03407,PR00006,Yard A,14000,13790,210,98.5,328,248,87
YRD04063,DR04918,PR00003,Yard D,11000,7722,3278,70.2,320,265,55
YRD04064,DR03177,PR00007,Yard E,12500,10862,1638,86.9,204,213,120
YRD04065,DR03243,PR00003,Yard A,14000,13790,210,98.5,262,226,130
YRD04066,DR09955,PR00005,Yard A,14000,12698,1302,90.7,318,247,107
YRD04067,DR06698,PR00004,Yard C,13000,10816,2184,83.2,229,157,59
YRD04068,DR04305,PR00005,Yard E,12500,11338,1162,90.7,195,256,97
YRD04069,DR07758,PR00006,Yard D,11000,6908,4092,62.8,192,245,36
YRD04070,DR03906,PR00003,Yard E,12500,11312,1188,90.5,269,207,66
YRD04071,DR08179,PR00003,Yard E,12500,11788,712,94.3,145,196,113
YRD04072,DR02890,PR00007,Yard B,12000,8940,3060,74.5,357,277,62
YRD04073,DR06469,PR00007,Yard C,13000,11271,1729,86.7,266,249,85
YRD04074,DR01505,PR00007,Yard E,12500,10762,1738,86.1,181,310,83
YRD04075,DR05366,PR00001,Yard E,12500,11825,675,94.6,226,182,89
YRD04076,DR08675,PR00001,Yard D,11000,8195,2805,74.5,334,302,79
YRD04077,DR08924,PR00003,Yard B,12000,9444,2556,78.7,172,245,70
YRD04078,DR03850,PR00005,Yard A,14000,13776,224,98.4,267,253,122
YRD04079,DR01245,PR00001,Yard D,11000,7414,3586,67.4,271,210,39
YRD04080,DR05262,PR00003,Yard B,12000,9204,2796,76.7,307,159,59
YRD04081,DR01327,PR00004,Yard D,11000,7337,3663,66.7,249,208,47
YRD04082,DR00921,PR00002,Yard B,12000,8856,3144,73.8,285,298,80
YRD04083,DR01005,PR00005,Yard C,13000,11219,1781,86.3,219,212,78
YRD04084,DR08691,PR00002,Yard E,12500,12312,188,98.5,348,329,43
YRD04085,DR02216,PR00006,Yard A,14000,13790,210,98.5,329,178,86
YRD04086,DR05353,PR00002,Yard E,12500,11988,512,95.9,288,236,107
YRD04087,DR00757,PR00004,Yard D,11000,8316,2684,75.6,251,319,89
YRD04088,DR02383,PR00004,Yard D,11000,7711,3289,70.1,254,305,54
YRD04089,DR03461,PR00002,Yard D,11000,6853,4147,62.3,161,113,29
YRD04090,DR01630,PR00003,Yard E,12500,12075,425,96.6,283,246,99
YRD04091,DR09199,PR00006,Yard A,14000,13356,644,95.4,158,246,107
YRD04092,DR06482,PR00004,Yard D,11000,7359,3641,66.9,197,188,13
YRD04093,DR00499,PR00001,Yard C,13000,9997,3003,76.9,231,302,74
YRD04094,DR02304,PR00005,Yard D,11000,7337,3663,66.7,246,268,46
YRD04095,DR04825,PR00001,Yard B,12000,9624,2376,80.2,306,174,62
YRD04096,DR02290,PR00003,Yard A,14000,13062,938,93.3,244,218,81
YRD04097,DR05913,PR00003,Yard A,14000,13314,686,95.1,211,220,116
YRD04098,DR06296,PR00003,Yard E,12500,11988,512,95.9,268,289,100
YRD04099,DR01679,PR00001,Yard B,12000,9372,2628,78.1,268,218,79
YRD04100,DR08877,PR00002,Yard B,12000,9372,2628,78.1,168,212,22
YRD04101,DR09105,PR00001,Yard E,12500,11488,1012,91.9,227,169,105
YRD04102,DR02755,PR00003,Yard B,12000,9372,2628,78.1,319,266,46
YRD04103,DR08094,PR00004,Yard D,11000,7744,3256,70.4,224,222,62
YRD04104,DR03619,PR00004,Yard C,13000,11869,1131,91.3,213,264,104
YRD04105,DR05457,PR00001,Yard A,14000,13048,952,93.2,235,207,91
YRD04106,DR09642,PR00001,Yard E,12500,11538,962,92.3,284,248,108
YRD04107,DR05025,PR00004,Yard D,11000,7414,3586,67.4,248,204,54
YRD04108,DR08981,PR00003,Yard A,14000,13790,210,98.5,285,218,113
YRD04109,DR03529,PR00006,Yard E,12500,11375,1125,91.0,260,228,81
YRD04110,DR00244,PR00002,Yard B,12000,9048,2952,75.4,255,238,35
YRD04111,DR08255,PR00001,Yard C,13000,10907,2093,83.9,273,271,81
YRD04112,DR08477,PR00003,Yard A,14000,13622,378,97.3,263,277,89
YRD04113,DR03011,PR00004,Yard E,12500,12038,462,96.3,243,204,34
YRD04114,DR09462,PR00003,Yard A,14000,12656,1344,90.4,308,209,62
YRD04115,DR01861,PR00001,Yard D,11000,6963,4037,63.3,200,301,24
YRD04116,DR04191,PR00001,Yard C,13000,10452,2548,80.4,264,248,56
YRD04117,DR03641,PR00005,Yard B,12000,8784,3216,73.2,260,318,64
YRD04118,DR09116,PR00002,Yard E,12500,11325,1175,90.6,185,144,61
YRD04119,DR03756,PR00004,Yard E,12500,11562,938,92.5,166,145,86
YRD04120,DR07842,PR00002,Yard C,13000,10751,2249,82.7,177,246,106
YRD04121,DR01353,PR00002,Yard B,12000,9312,2688,77.6,346,259,71
YRD04122,DR06001,PR00002,Yard D,11000,7722,3278,70.2,203,242,45
YRD04123,DR05504,PR00007,Yard B,12000,8952,3048,74.6,125,167,56
YRD04124,DR08812,PR00001,Yard A,14000,13790,210,98.5,201,202,94
YRD04125,DR03757,PR00001,Yard E,12500,11788,712,94.3,251,232,108
YRD04126,DR01916,PR00006,Yard B,12000,9432,2568,78.6,183,261,43
YRD04127,DR07787,PR00001,Yard C,13000,11635,1365,89.5,190,215,81
YRD04128,DR00277,PR00002,Yard C,13000,11128,1872,85.6,275,293,58
YRD04129,DR02772,PR00002,Yard C,13000,11128,1872,85.6,194,213,71
YRD04130,DR02118,PR00005,Yard A,14000,13790,210,98.5,285,226,70
YRD04131,DR03172,PR00003,Yard E,12500,11788,712,94.3,237,260,69
YRD04132,DR01937,PR00006,Yard A,14000,13790,210,98.5,256,292,76
YRD04133,DR08521,PR00005,Yard E,12500,11425,1075,91.4,226,188,97
YRD04134,DR01793,PR00003,Yard C,13000,11089,1911,85.3,160,227,72
YRD04135,DR05097,PR00002,Yard A,14000,13790,210,98.5,262,251,89
YRD04136,DR03147,PR00006,Yard A,14000,13776,224,98.4,285,337,114
YRD04137,DR05651,PR00006,Yard D,11000,7524,3476,68.4,342,262,54
YRD04138,DR09090,PR00006,Yard A,14000,13790,210,98.5,208,277,74
YRD04139,DR02662,PR00001,Yard E,12500,11462,1038,91.7,213,297,108
YRD04140,DR00039,PR00005,Yard E,12500,10875,1625,87.0,149,148,96
YRD04141,DR08121,PR00005,Yard E,12500,12075,425,96.6,254,224,123
YRD04142,DR02524,PR00007,Yard A,14000,13622,378,97.3,233,239,120
YRD04143,DR06746,PR00002,Yard A,14000,13202,798,94.3,202,227,77
YRD04144,DR06735,PR00006,Yard A,14000,12950,1050,92.5,205,184,95
YRD04145,DR04587,PR00005,Yard E,12500,11212,1288,89.7,231,169,98
YRD04146,DR07524,PR00006,Yard C,13000,11128,1872,85.6,326,347,75
YRD04147,DR01341,PR00005,Yard E,12500,11738,762,93.9,322,200,118
YRD04148,DR01256,PR00006,Yard E,12500,10838,1662,86.7,268,265,70
YRD04149,DR05435,PR00002,Yard C,13000,11206,1794,86.2,164,250,59
YRD04150,DR02174,PR00001,Yard C,13000,11947,1053,91.9,306,230,84
YRD04151,DR09842,PR00003,Yard A,14000,13370,630,95.5,152,245,95
YRD04152,DR03417,PR00006,Yard C,13000,11180,1820,86.0,191,236,111
YRD04153,DR09114,PR00001,Yard C,13000,10829,2171,83.3,171,250,99
YRD04154,DR03065,PR00004,Yard B,12000,8868,3132,73.9,176,211,65
YRD04155,DR09646,PR00007,Yard D,11000,8129,2871,73.9,334,216,58
YRD04156,DR09825,PR00006,Yard D,11000,8151,2849,74.1,307,230,57
YRD04157,DR04553,PR00005,Yard C,13000,10868,2132,83.6,256,220,64
YRD04158,DR03573,PR00006,Yard C,13000,11466,1534,88.2,301,225,80
YRD04159,DR07963,PR00001,Yard A,14000,13678,322,97.7,253,261,98
YRD04160,DR05818,PR00003,Yard C,13000,11063,1937,85.1,130,275,53
YRD04161,DR00451,PR00003,Yard C,13000,10868,2132,83.6,258,244,16
YRD04162,DR04639,PR00006,Yard B,12000,9180,2820,76.5,273,199,79
YRD04163,DR09078,PR00002,Yard A,14000,13790,210,98.5,173,200,54
YRD04164,DR03519,PR00001,Yard B,12000,9072,2928,75.6,172,279,60
YRD04165,DR04295,PR00005,Yard A,14000,13636,364,97.4,234,220,107
YRD04166,DR05454,PR00003,Yard E,12500,11538,962,92.3,218,235,109
YRD04167,DR01600,PR00006,Yard A,14000,13580,420,97.0,287,171,97
YRD04168,DR05958,PR00003,Yard E,12500,11175,1325,89.4,161,256,91
YRD04169,DR09543,PR00006,Yard C,13000,10270,2730,79.0,261,231,79
YRD04170,DR05086,PR00003,Yard E,12500,11262,1238,90.1,266,241,85
YRD04171,DR09788,PR00006,Yard E,12500,10988,1512,87.9,204,228,101
YRD04172,DR06603,PR00005,Yard A,14000,13790,210,98.5,298,198,103
YRD04173,DR04932,PR00002,Yard A,14000,13216,784,94.4,192,267,86
YRD04174,DR04403,PR00002,Yard C,13000,11206,1794,86.2,243,244,45
YRD04175,DR00293,PR00006,Yard C,13000,11440,1560,88.0,246,282,48
YRD04176,DR02231,PR00002,Yard B,12000,8484,3516,70.7,204,264,38
YRD04177,DR00399,PR00005,Yard E,12500,11100,1400,88.8,285,191,117
YRD04178,DR07161,PR00001,Yard C,13000,11778,1222,90.6,243,319,66
YRD04179,DR03815,PR00005,Yard A,14000,12866,1134,91.9,278,290,95
YRD04180,DR03946,PR00002,Yard E,12500,11688,812,93.5,210,175,99
YRD04181,DR09830,PR00004,Yard E,12500,11062,1438,88.5,227,286,119
YRD04182,DR09361,PR00004,Yard B,12000,8880,3120,74.0,235,252,56
YRD04183,DR05038,PR00002,Yard D,11000,7546,3454,68.6,226,222,55
YRD04184,DR08877,PR00003,Yard E,12500,12025,475,96.2,276,258,111
YRD04185,DR05940,PR00006,Yard D,11000,7755,3245,70.5,315,169,45
YRD04186,DR04079,PR00005,Yard A,14000,13160,840,94.0,281,194,88
YRD04187,DR08283,PR00007,Yard B,12000,8484,3516,70.7,228,228,70
YRD04188,DR05931,PR00006,Yard A,14000,13090,910,93.5,264,263,96
YRD04189,DR01949,PR00004,Yard D,11000,7524,3476,68.4,235,239,33
YRD04190,DR05068,PR00004,Yard C,13000,11700,1300,90.0,236,309,101
YRD04191,DR04363,PR00007,Yard E,12500,11400,1100,91.2,261,250,75
YRD04192,DR06105,PR00003,Yard E,12500,11625,875,93.0,301,206,99
YRD04193,DR08105,PR00003,Yard E,12500,11325,1175,90.6,271,232,109
YRD04194,DR07353,PR00006,Yard D,11000,8063,2937,73.3,281,269,60
YRD04195,DR03505,PR00007,Yard D,11000,7392,3608,67.2,184,250,58
YRD04196,DR02896,PR00003,Yard D,11000,7821,3179,71.1,262,239,51
YRD04197,DR07567,PR00001,Yard E,12500,11100,1400,88.8,108,180,104
YRD04198,DR07666,PR00004,Yard D,11000,7645,3355,69.5,226,220,28
YRD04199,DR05474,PR00005,Yard C,13000,10959,2041,84.3,209,313,59
YRD04200,DR01082,PR00003,Yard B,12000,9216,2784,76.8,141,202,69
YRD04201,DR01084,PR00005,Yard D,11000,7326,3674,66.6,238,241,33
YRD04202,DR07041,PR00003,Yard A,14000,13482,518,96.3,123,226,59
YRD04203,DR04160,PR00002,Yard A,14000,13496,504,96.4,308,285,103
YRD04204,DR01442,PR00004,Yard D,11000,7491,3509,68.1,265,195,31
YRD04205,DR08894,PR00003,Yard B,12000,9168,2832,76.4,272,265,64
YRD04206,DR08975,PR00006,Yard C,13000,10647,2353,81.9,276,175,21
YRD04207,DR04447,PR00001,Yard B,12000,9084,2916,75.7,265,214,85
YRD04208,DR01323,PR00006,Yard D,11000,7447,3553,67.7,230,207,23
YRD04209,DR04911,PR00002,Yard C,13000,11661,1339,89.7,259,243,77
YRD04210,DR00271,PR00007,Yard E,12500,11300,1200,90.4,346,349,63
YRD04211,DR02304,PR00005,Yard C,13000,10712,2288,82.4,295,158,83
YRD04212,DR04331,PR00002,Yard B,12000,8556,3444,71.3,273,187,69
YRD04213,DR01833,PR00007,Yard C,13000,10725,2275,82.5,302,193,77
YRD04214,DR07013,PR00003,Yard E,12500,11012,1488,88.1,199,181,74
YRD04215,DR04273,PR00003,Yard B,12000,8496,3504,70.8,268,218,48
YRD04216,DR02388,PR00007,Yard D,11000,7304,3696,66.4,163,221,76
YRD04217,DR08023,PR00007,Yard B,12000,8556,3444,71.3,195,240,68
YRD04218,DR03596,PR00005,Yard E,12500,11112,1388,88.9,281,314,79
YRD04219,DR01507,PR00007,Yard C,13000,11232,1768,86.4,159,140,97
YRD04220,DR02861,PR00002,Yard A,14000,13790,210,98.5,245,278,96
YRD04221,DR09733,PR00002,Yard E,12500,12225,275,97.8,360,202,86
YRD04222,DR04394,PR00001,Yard E,12500,11288,1212,90.3,148,131,97
YRD04223,DR07164,PR00002,Yard C,13000,10569,2431,81.3,247,229,63
YRD04224,DR09143,PR00004,Yard B,12000,8328,3672,69.4,318,246,52
YRD04225,DR07245,PR00002,Yard E,12500,12038,462,96.3,245,345,57
YRD04226,DR08522,PR00004,Yard C,13000,11674,1326,89.8,360,291,89
YRD04227,DR06132,PR00001,Yard B,12000,9288,2712,77.4,235,169,70
YRD04228,DR05066,PR00002,Yard C,13000,11323,1677,87.1,250,230,43
YRD04229,DR08094,PR00005,Yard C,13000,11297,1703,86.9,304,250,63
YRD04230,DR04804,PR00001,Yard B,12000,9420,2580,78.5,234,220,28
YRD04231,DR03925,PR00005,Yard B,12000,8304,3696,69.2,228,148,55
YRD04232,DR08901,PR00005,Yard B,12000,8472,3528,70.6,316,183,43
YRD04233,DR05259,PR00004,Yard E,12500,11300,1200,90.4,221,228,55
YRD04234,DR00259,PR00006,Yard A,14000,12488,1512,89.2,200,238,75
YRD04235,DR05173,PR00007,Yard E,12500,11888,612,95.1,270,239,71
YRD04236,DR08513,PR00001,Yard D,11000,7392,3608,67.2,229,217,54
YRD04237,DR02314,PR00005,Yard D,11000,7612,3388,69.2,242,276,92
YRD04238,DR03857,PR00002,Yard D,11000,8349,2651,75.9,312,240,85
YRD04239,DR01145,PR00003,Yard C,13000,11128,1872,85.6,212,229,107
YRD04240,DR01018,PR00004,Yard B,12000,9636,2364,80.3,235,270,60
YRD04241,DR09204,PR00005,Yard A,14000,13566,434,96.9,245,230,93
YRD04242,DR07375,PR00006,Yard C,13000,11297,1703,86.9,199,229,84
YRD04243,DR04174,PR00005,Yard C,13000,11466,1534,88.2,256,323,85
YRD04244,DR02863,PR00005,Yard E,12500,10825,1675,86.6,137,216,57
YRD04245,DR02642,PR00004,Yard C,13000,11466,1534,88.2,201,219,96
YRD04246,DR04448,PR00001,Yard D,11000,8085,2915,73.5,263,193,58
YRD04247,DR05976,PR00001,Yard C,13000,11167,1833,85.9,221,328,116
YRD04248,DR09072,PR00003,Yard B,12000,8568,3432,71.4,261,225,73
YRD04249,DR00450,PR00005,Yard E,12500,10812,1688,86.5,161,216,91
YRD04250,DR02294,PR00001,Yard D,11000,6864,4136,62.4,219,186,17
YRD04251,DR00810,PR00003,Yard C,13000,10907,2093,83.9,259,213,36
YRD04252,DR09914,PR00002,Yard A,14000,13412,588,95.8,263,261,59
YRD04253,DR01729,PR00004,Yard C,13000,11323,1677,87.1,335,263,64
YRD04254,DR02387,PR00003,Yard D,11000,7711,3289,70.1,218,281,37
YRD04255,DR07277,PR00002,Yard E,12500,11800,700,94.4,337,240,100
YRD04256,DR00975,PR00001,Yard A,14000,13790,210,98.5,206,211,99
YRD04257,DR04329,PR00002,Yard B,12000,8532,3468,71.1,218,181,81
YRD04258,DR05940,PR00003,Yard B,12000,9696,2304,80.8,305,294,60
YRD04259,DR00670,PR00007,Yard E,12500,10538,1962,84.3,233,280,95
YRD04260,DR03129,PR00002,Yard E,12500,12038,462,96.3,164,222,88
YRD04261,DR05428,PR00003,Yard E,12500,11425,1075,91.4,241,201,85
YRD04262,DR04759,PR00004,Yard D,11000,6655,4345,60.5,217,167,61
YRD04263,DR05169,PR00004,Yard D,11000,7601,3399,69.1,187,130,74
YRD04264,DR01245,PR00002,Yard B,12000,9648,2352,80.4,242,238,68
YRD04265,DR02993,PR00001,Yard D,11000,7667,3333,69.7,185,231,70
YRD04266,DR06995,PR00007,Yard B,12000,8316,3684,69.3,162,148,61
YRD04267,DR02251,PR00007,Yard C,13000,11362,1638,87.4,229,166,105
YRD04268,DR02253,PR00003,Yard D,11000,7491,3509,68.1,280,290,32
YRD04269,DR04563,PR00004,Yard A,14000,13650,350,97.5,234,334,81
YRD04270,DR04187,PR00001,Yard A,14000,13454,546,96.1,349,265,100
YRD04271,DR00295,PR00001,Yard C,13000,11596,1404,89.2,241,285,94
YRD04272,DR05344,PR00001,Yard A,14000,12838,1162,91.7,282,287,112
YRD04273,DR04949,PR00005,Yard C,13000,11791,1209,90.7,289,211,68
YRD04274,DR05522,PR00002,Yard D,11000,7546,3454,68.6,360,293,34
YRD04275,DR09283,PR00001,Yard A,14000,13720,280,98.0,208,195,112
YRD04276,DR01379,PR00001,Yard C,13000,10699,2301,82.3,247,229,49
YRD04277,DR04171,PR00001,Yard D,11000,8085,2915,73.5,343,125,48
YRD04278,DR05666,PR00003,Yard C,13000,10998,2002,84.6,239,269,87
YRD04279,DR05497,PR00004,Yard E,12500,11325,1175,90.6,168,215,52
YRD04280,DR08457,PR00004,Yard C,13000,11076,1924,85.2,304,240,73
YRD04281,DR07081,PR00003,Yard D,11000,7964,3036,72.4,237,281,52
YRD04282,DR01874,PR00003,Yard C,13000,11544,1456,88.8,226,166,81
YRD04283,DR09910,PR00005,Yard E,12500,11638,862,93.1,340,219,112
YRD04284,DR09838,PR00002,Yard A,14000,13790,210,98.5,318,216,87
YRD04285,DR07431,PR00002,Yard C,13000,11830,1170,91.0,241,231,94
YRD04286,DR01187,PR00006,Yard E,12500,11412,1088,91.3,327,198,104
YRD04287,DR04717,PR00005,Yard D,11000,8052,2948,73.2,216,241,62
YRD04288,DR09014,PR00003,Yard E,12500,10400,2100,83.2,224,211,50
YRD04289,DR03583,PR00002,Yard D,11000,7535,3465,68.5,273,291,38
YRD04290,DR04868,PR00001,Yard D,11000,8019,2981,72.9,360,264,62
YRD04291,DR02727,PR00001,Yard A,14000,13776,224,98.4,297,273,54
YRD04292,DR09137,PR00006,Yard D,11000,7678,3322,69.8,253,121,58
YRD04293,DR09940,PR00004,Yard D,11000,7601,3399,69.1,360,207,82
YRD04294,DR05344,PR00001,Yard B,12000,8520,3480,71.0,226,176,36
YRD04295,DR02547,PR00001,Yard C,13000,11193,1807,86.1,231,210,74
YRD04296,DR04285,PR00002,Yard B,12000,9444,2556,78.7,266,204,71
YRD04297,DR04463,PR00002,Yard B,12000,9084,2916,75.7,312,259,111
YRD04298,DR02669,PR00004,Yard C,13000,11765,1235,90.5,186,283,101
YRD04299,DR07654,PR00003,Yard E,12500,11188,1312,89.5,203,267,40
YRD04300,DR05422,PR00006,Yard C,13000,10894,2106,83.8,251,195,72
YRD04301,DR01388,PR00005,Yard D,11000,7524,3476,68.4,189,125,46
YRD04302,DR05844,PR00007,Yard B,12000,8940,3060,74.5,143,182,66
YRD04303,DR04046,PR00006,Yard E,12500,11975,525,95.8,247,274,82
YRD04304,DR05692,PR00007,Yard C,13000,10855,2145,83.5,270,326,46
YRD04305,DR00660,PR00007,Yard C,13000,11869,1131,91.3,247,219,74
YRD04306,DR08665,PR00002,Yard E,12500,11875,625,95.0,243,259,96
YRD04307,DR09501,PR00002,Yard C,13000,11466,1534,88.2,220,276,71
YRD04308,DR08237,PR00001,Yard A,14000,13650,350,97.5,245,219,61
YRD04309,DR01719,PR00004,Yard A,14000,13790,210,98.5,334,319,94
YRD04310,DR02880,PR00005,Yard A,14000,13706,294,97.9,253,244,67
YRD04311,DR08396,PR00001,Yard C,13000,11193,1807,86.1,302,238,84
YRD04312,DR06403,PR00006,Yard E,12500,11625,875,93.0,212,230,61
YRD04313,DR05496,PR00006,Yard E,12500,12200,300,97.6,300,288,79
YRD04314,DR06423,PR00004,Yard E,12500,12138,362,97.1,244,234,131
YRD04315,DR06793,PR00003,Yard C,13000,10374,2626,79.8,215,256,78
YRD04316,DR08162,PR00001,Yard E,12500,11625,875,93.0,139,211,68
YRD04317,DR03214,PR00003,Yard B,12000,8472,3528,70.6,269,220,47
YRD04318,DR04162,PR00001,Yard B,12000,8280,3720,69.0,249,245,42
YRD04319,DR07501,PR00004,Yard E,12500,10838,1662,86.7,355,256,76
YRD04320,DR02867,PR00002,Yard D,11000,7942,3058,72.2,275,211,74
YRD04321,DR05480,PR00002,Yard D,11000,7733,3267,70.3,287,135,68
YRD04322,DR09343,PR00003,Yard B,12000,9972,2028,83.1,317,246,78
YRD04323,DR02697,PR00004,Yard E,12500,11612,888,92.9,149,246,78
YRD04324,DR01464,PR00003,Yard D,11000,7106,3894,64.6,277,221,9
YRD04325,DR00188,PR00007,Yard A,14000,13664,336,97.6,234,294,99
YRD04326,DR03209,PR00001,Yard A,14000,13790,210,98.5,188,274,71
YRD04327,DR07416,PR00007,Yard E,12500,11612,888,92.9,214,295,98
YRD04328,DR01084,PR00001,Yard C,13000,10595,2405,81.5,288,292,75
YRD04329,DR07897,PR00002,Yard D,11000,8085,2915,73.5,250,274,69
YRD04330,DR04652,PR00007,Yard E,12500,10788,1712,86.3,247,208,74
YRD04331,DR06470,PR00005,Yard C,13000,10504,2496,80.8,265,237,86
YRD04332,DR01265,PR00004,Yard A,14000,13650,350,97.5,168,249,62
YRD04333,DR07377,PR00005,Yard E,12500,12312,188,98.5,309,350,108
YRD04334,DR02034,PR00003,Yard C,13000,11193,1807,86.1,327,304,41
YRD04335,DR07807,PR00006,Yard C,13000,11804,1196,90.8,325,312,86
YRD04336,DR05496,PR00001,Yard A,14000,13790,210,98.5,207,254,99
YRD04337,DR02856,PR00006,Yard E,12500,11262,1238,90.1,232,218,81
YRD04338,DR03266,PR00007,Yard E,12500,10850,1650,86.8,282,265,81
YRD04339,DR05708,PR00006,Yard A,14000,13664,336,97.6,227,194,80
YRD04340,DR00442,PR00005,Yard B,12000,8760,3240,73.0,170,231,57
YRD04341,DR05064,PR00004,Yard C,13000,10530,2470,81.0,173,237,66
YRD04342,DR03889,PR00003,Yard E,12500,11512,988,92.1,200,311,107
YRD04343,DR02784,PR00003,Yard A,14000,13524,476,96.6,164,201,94
YRD04344,DR02172,PR00006,Yard E,12500,11275,1225,90.2,360,308,92
YRD04345,DR06194,PR00004,Yard A,14000,13482,518,96.3,201,174,63
YRD04346,DR03200,PR00003,Yard D,11000,8668,2332,78.8,360,342,53
YRD04347,DR03348,PR00006,Yard D,11000,7095,3905,64.5,259,160,73
YRD04348,DR08894,PR00001,Yard E,12500,11250,1250,90.0,315,334,97
YRD04349,DR06917,PR00006,Yard E,12500,12312,188,98.5,243,261,77
YRD04350,DR08364,PR00006,Yard C,13000,11271,1729,86.7,212,329,42
YRD04351,DR06003,PR00002,Yard B,12000,8772,3228,73.1,211,231,61
YRD04352,DR01587,PR00001,Yard A,14000,12824,1176,91.6,247,230,79
YRD04353,DR07234,PR00005,Yard E,12500,11162,1338,89.3,194,228,78
YRD04354,DR01109,PR00001,Yard C,13000,11752,1248,90.4,286,277,100
YRD04355,DR09668,PR00007,Yard A,14000,13790,210,98.5,303,277,87
YRD04356,DR03189,PR00001,Yard B,12000,9168,2832,76.4,151,221,57
YRD04357,DR08131,PR00002,Yard E,12500,11712,788,93.7,185,206,118
YRD04358,DR00214,PR00001,Yard E,12500,11725,775,93.8,243,200,75
YRD04359,DR07735,PR00006,Yard E,12500,11788,712,94.3,249,291,119
YRD04360,DR04605,PR00004,Yard B,12000,9456,2544,78.8,218,302,64
YRD04361,DR09328,PR00006,Yard B,12000,9372,2628,78.1,224,212,97
YRD04362,DR04255,PR00007,Yard E,12500,11350,1150,90.8,269,240,100
YRD04363,DR00477,PR00004,Yard E,12500,11300,1200,90.4,160,208,86
YRD04364,DR03875,PR00002,Yard B,12000,8832,3168,73.6,173,215,46
YRD04365,DR06833,PR00001,Yard A,14000,12950,1050,92.5,281,281,82
YRD04366,DR09673,PR00006,Yard C,13000,11037,1963,84.9,277,236,82
YRD04367,DR06069,PR00002,Yard A,14000,13790,210,98.5,250,201,100
YRD04368,DR02125,PR00006,Yard C,13000,10894,2106,83.8,131,227,83
YRD04369,DR01301,PR00006,Yard E,12500,10312,2188,82.5,83,177,82
YRD04370,DR06856,PR00004,Yard D,11000,7832,3168,71.2,231,179,68
YRD04371,DR01976,PR00004,Yard E,12500,11075,1425,88.6,192,287,80
YRD04372,DR02855,PR00007,Yard A,14000,13790,210,98.5,277,298,81
YRD04373,DR03794,PR00005,Yard C,13000,10855,2145,83.5,284,303,97
YRD04374,DR01487,PR00005,Yard B,12000,9480,2520,79.0,277,189,72
YRD04375,DR05285,PR00003,Yard E,12500,11125,1375,89.0,154,209,88
YRD04376,DR01284,PR00003,Yard D,11000,7777,3223,70.7,243,322,50
YRD04377,DR02612,PR00003,Yard C,13000,11531,1469,88.7,281,259,80
YRD04378,DR00197,PR00007,Yard D,11000,6974,4026,63.4,234,296,42
YRD04379,DR01367,PR00004,Yard C,13000,12194,806,93.8,281,223,72
YRD04380,DR03948,PR00006,Yard C,13000,11544,1456,88.8,298,226,67
YRD04381,DR05376,PR00001,Yard D,11000,7315,3685,66.5,226,214,70
YRD04382,DR02365,PR00006,Yard B,12000,9648,2352,80.4,188,116,83
YRD04383,DR07074,PR00003,Yard E,12500,11538,962,92.3,254,252,96
YRD04384,DR03245,PR00005,Yard A,14000,12950,1050,92.5,250,280,75
YRD04385,DR00731,PR00001,Yard B,12000,9156,2844,76.3,258,213,94
YRD04386,DR04263,PR00006,Yard D,11000,7414,3586,67.4,250,143,68
YRD04387,DR04255,PR00004,Yard D,11000,7392,3608,67.2,200,264,25
YRD04388,DR01912,PR00003,Yard A,14000,13650,350,97.5,254,288,90
YRD04389,DR01804,PR00002,Yard A,14000,13790,210,98.5,288,317,117
YRD04390,DR01807,PR00002,Yard A,14000,12544,1456,89.6,256,296,98
YRD04391,DR01041,PR00002,Yard B,12000,8844,3156,73.7,193,165,42
YRD04392,DR00379,PR00001,Yard A,14000,13790,210,98.5,180,203,105
YRD04393,DR02996,PR00003,Yard D,11000,7843,3157,71.3,145,254,57
YRD04394,DR03101,PR00003,Yard D,11000,7150,3850,65.0,331,248,53
YRD04395,DR05384,PR00003,Yard E,12500,11650,850,93.2,195,176,63
YRD04396,DR02888,PR00005,Yard D,11000,7436,3564,67.6,220,193,61
YRD04397,DR03901,PR00003,Yard D,11000,7458,3542,67.8,232,231,80
YRD04398,DR05307,PR00001,Yard D,11000,7238,3762,65.8,246,207,47
YRD04399,DR09062,PR00006,Yard B,12000,9288,2712,77.4,275,300,72
YRD04400,DR08676,PR00003,Yard C,13000,10751,2249,82.7,275,273,56
YRD04401,DR07062,PR00004,Yard B,12000,9336,2664,77.8,318,277,45
YRD04402,DR07770,PR00007,Yard D,11000,8228,2772,74.8,266,214,69
YRD04403,DR09324,PR00005,Yard C,13000,12363,637,95.1,248,251,94
YRD04404,DR04152,PR00003,Yard C,13000,10478,2522,80.6,175,254,83
YRD04405,DR08673,PR00004,Yard C,13000,11505,1495,88.5,345,218,93
YRD04406,DR01516,PR00006,Yard B,12000,9336,2664,77.8,231,214,46
YRD04407,DR01962,PR00006,Yard D,11000,7249,3751,65.9,317,207,48
YRD04408,DR05550,PR00001,Yard E,12500,11262,1238,90.1,202,235,45
YRD04409,DR01646,PR00004,Yard D,11000,7128,3872,64.8,249,285,29
YRD04410,DR07137,PR00006,Yard E,12500,11900,600,95.2,284,323,80
YRD04411,DR09168,PR00006,Yard A,14000,13398,602,95.7,233,238,98
YRD04412,DR02211,PR00001,Yard A,14000,13566,434,96.9,360,327,90
YRD04413,DR03232,PR00003,Yard D,11000,7590,3410,69.0,287,241,71
YRD04414,DR00668,PR00003,Yard B,12000,8868,3132,73.9,291,214,54
YRD04415,DR03253,PR00002,Yard A,14000,13790,210,98.5,298,338,81
YRD04416,DR06998,PR00005,Yard E,12500,11650,850,93.2,194,181,91
YRD04417,DR06326,PR00003,Yard E,12500,12188,312,97.5,306,298,115
YRD04418,DR08105,PR00002,Yard E,12500,11912,588,95.3,295,236,75
YRD04419,DR04418,PR00002,Yard C,13000,10491,2509,80.7,226,195,46
YRD04420,DR00863,PR00006,Yard B,12000,8604,3396,71.7,238,334,61
YRD04421,DR07763,PR00006,Yard C,13000,11934,1066,91.8,161,287,118
YRD04422,DR03196,PR00006,Yard E,12500,12312,188,98.5,242,240,99
YRD04423,DR07646,PR00007,Yard C,13000,12142,858,93.4,199,236,87
YRD04424,DR06897,PR00007,Yard A,14000,13790,210,98.5,285,255,81
YRD04425,DR07842,PR00003,Yard E,12500,11275,1225,90.2,316,193,76
YRD04426,DR09833,PR00001,Yard E,12500,11100,1400,88.8,260,189,102
YRD04427,DR06605,PR00006,Yard D,11000,7986,3014,72.6,225,206,52
YRD04428,DR05163,PR00004,Yard B,12000,9288,2712,77.4,348,261,84
YRD04429,DR05081,PR00003,Yard A,14000,13510,490,96.5,177,191,91
YRD04430,DR09693,PR00007,Yard C,13000,11128,1872,85.6,256,217,57
YRD04431,DR07618,PR00002,Yard E,12500,11288,1212,90.3,224,183,75
YRD04432,DR04866,PR00007,Yard C,13000,11427,1573,87.9,317,296,76
YRD04433,DR00068,PR00004,Yard B,12000,9024,2976,75.2,175,332,43
YRD04434,DR03705,PR00001,Yard A,14000,13790,210,98.5,330,225,108
YRD04435,DR03460,PR00006,Yard C,13000,11635,1365,89.5,260,309,85
YRD04436,DR06243,PR00005,Yard A,14000,13790,210,98.5,212,212,105
YRD04437,DR09708,PR00004,Yard A,14000,13468,532,96.2,185,214,65
YRD04438,DR08060,PR00004,Yard D,11000,7568,3432,68.8,308,277,42
YRD04439,DR01999,PR00002,Yard D,11000,7293,3707,66.3,218,214,42
YRD04440,DR06544,PR00002,Yard C,13000,12389,611,95.3,328,290,69
YRD04441,DR02923,PR00001,Yard C,13000,11180,1820,86.0,242,151,75
YRD04442,DR00466,PR00001,Yard E,12500,11588,912,92.7,278,269,83
YRD04443,DR02692,PR00002,Yard A,14000,13384,616,95.6,240,280,75
YRD04444,DR05482,PR00004,Yard A,14000,13790,210,98.5,237,205,96
YRD04445,DR08341,PR00001,Yard E,12500,10788,1712,86.3,199,285,69
YRD04446,DR03663,PR00004,Yard C,13000,11089,1911,85.3,229,204,110
YRD04447,DR06010,PR00002,Yard D,11000,7458,3542,67.8,254,159,54
YRD04448,DR01593,PR00002,Yard E,12500,11688,812,93.5,271,288,63
YRD04449,DR08240,PR00007,Yard C,13000,10998,2002,84.6,163,208,87
YRD04450,DR09622,PR00007,Yard C,13000,11518,1482,88.6,324,210,90
YRD04451,DR05454,PR00006,Yard B,12000,9000,3000,75.0,249,261,60
YRD04452,DR06197,PR00001,Yard B,12000,9060,2940,75.5,286,261,76
YRD04453,DR08488,PR00005,Yard B,12000,8880,3120,74.0,246,203,73
YRD04454,DR02468,PR00001,Yard E,12500,11100,1400,88.8,195,216,93
YRD04455,DR07305,PR00004,Yard A,14000,13482,518,96.3,200,298,74
YRD04456,DR07538,PR00006,Yard C,13000,11141,1859,85.7,207,234,82
YRD04457,DR04184,PR00003,Yard B,12000,8880,3120,74.0,280,249,58
YRD04458,DR09817,PR00007,Yard E,12500,12138,362,97.1,358,290,68
YRD04459,DR05763,PR00005,Yard E,12500,11550,950,92.4,263,235,105
YRD04460,DR04107,PR00002,Yard A,14000,13524,476,96.6,277,249,62
YRD04461,DR02658,PR00001,Yard D,11000,7469,3531,67.9,218,244,76
YRD04462,DR03392,PR00006,Yard D,11000,7337,3663,66.7,195,204,28
YRD04463,DR01476,PR00003,Yard E,12500,10800,1700,86.4,253,275,71
YRD04464,DR07247,PR00001,Yard C,13000,11544,1456,88.8,218,282,73
YRD04465,DR06684,PR00001,Yard A,14000,13594,406,97.1,300,264,68
YRD04466,DR05582,PR00007,Yard C,13000,12038,962,92.6,244,247,94
YRD04467,DR01936,PR00002,Yard A,14000,12348,1652,88.2,194,209,108
YRD04468,DR08436,PR00007,Yard C,13000,11453,1547,88.1,151,166,72
YRD04469,DR07829,PR00005,Yard D,11000,7997,3003,72.7,282,276,43
YRD04470,DR07344,PR00002,Yard E,12500,11625,875,93.0,172,204,81
YRD04471,DR01931,PR00003,Yard D,11000,7227,3773,65.7,329,268,37
YRD04472,DR02531,PR00005,Yard B,12000,8952,3048,74.6,270,266,63
YRD04473,DR08551,PR00003,Yard E,12500,11675,825,93.4,360,277,69
YRD04474,DR03627,PR00001,Yard C,13000,11297,1703,86.9,157,168,81
YRD04475,DR01623,PR00002,Yard A,14000,13412,588,95.8,226,286,87
YRD04476,DR08135,PR00006,Yard C,13000,11817,1183,90.9,130,214,90
YRD04477,DR09517,PR00005,Yard C,13000,11167,1833,85.9,223,225,89
YRD04478,DR01067,PR00003,Yard A,14000,13622,378,97.3,244,188,91
YRD04479,DR06462,PR00002,Yard D,11000,7007,3993,63.7,269,267,38
YRD04480,DR02702,PR00003,Yard B,12000,9324,2676,77.7,126,161,93
YRD04481,DR07923,PR00006,Yard B,12000,9024,2976,75.2,227,214,32
YRD04482,DR07818,PR00001,Yard D,11000,7689,3311,69.9,251,280,42
YRD04483,DR02424,PR00007,Yard C,13000,10556,2444,81.2,360,249,63
YRD04484,DR07232,PR00006,Yard A,14000,13790,210,98.5,188,310,89
YRD04485,DR01777,PR00002,Yard B,12000,9528,2472,79.4,268,282,90
YRD04486,DR02405,PR00006,Yard E,12500,11200,1300,89.6,325,180,63
YRD04487,DR02411,PR00005,Yard B,12000,9540,2460,79.5,269,231,86
YRD04488,DR06014,PR00004,Yard C,13000,11635,1365,89.5,249,301,85
YRD04489,DR02650,PR00001,Yard B,12000,9156,2844,76.3,302,312,64
YRD04490,DR05009,PR00007,Yard B,12000,8568,3432,71.4,303,208,27
YRD04491,DR04573,PR00003,Yard A,14000,13790,210,98.5,222,296,93
YRD04492,DR00489,PR00006,Yard A,14000,13608,392,97.2,272,173,100
YRD04493,DR09517,PR00002,Yard B,12000,9384,2616,78.2,294,284,81
YRD04494,DR01173,PR00002,Yard D,11000,7337,3663,66.7,210,197,76
YRD04495,DR07591,PR00007,Yard D,11000,7634,3366,69.4,252,335,60
YRD04496,DR08388,PR00003,Yard A,14000,13790,210,98.5,246,258,82
YRD04497,DR07177,PR00001,Yard D,11000,7964,3036,72.4,236,216,38
YRD04498,DR09504,PR00006,Yard A,14000,13790,210,98.5,301,350,95
YRD04499,DR08861,PR00002,Yard D,11000,6919,4081,62.9,360,262,47
YRD04500,DR03938,PR00006,Yard A,14000,12796,1204,91.4,217,254,84
YRD04501,DR01522,PR00007,Yard D,11000,8151,2849,74.1,271,212,67
YRD04502,DR03709,PR00001,Yard B,12000,8940,3060,74.5,274,284,67
YRD04503,DR07677,PR00004,Yard A,14000,13524,476,96.6,236,207,46
YRD04504,DR08964,PR00007,Yard E,12500,11575,925,92.6,277,317,46
YRD04505,DR03707,PR00007,Yard E,12500,11712,788,93.7,180,161,52
YRD04506,DR09386,PR00003,Yard A,14000,13790,210,98.5,182,263,106
YRD04507,DR03726,PR00005,Yard B,12000,9048,2952,75.4,256,175,42
YRD04508,DR07311,PR00004,Yard E,12500,11188,1312,89.5,280,175,57
YRD04509,DR07561,PR00002,Yard A,14000,13678,322,97.7,220,210,114
YRD04510,DR02995,PR00004,Yard C,13000,10322,2678,79.4,216,213,48
YRD04511,DR04350,PR00002,Yard E,12500,11888,612,95.1,250,339,90
YRD04512,DR07372,PR00002,Yard B,12000,8952,3048,74.6,240,286,26
YRD04513,DR06150,PR00003,Yard E,12500,11262,1238,90.1,222,278,89
YRD04514,DR08407,PR00006,Yard A,14000,13650,350,97.5,242,235,83
YRD04515,DR00949,PR00002,Yard A,14000,12544,1456,89.6,162,114,70
YRD04516,DR07412,PR00002,Yard D,11000,7150,3850,65.0,224,207,34
YRD04517,DR03975,PR00001,Yard C,13000,10556,2444,81.2,274,258,65
YRD04518,DR03663,PR00001,Yard D,11000,7513,3487,68.3,189,239,44
YRD04519,DR02885,PR00007,Yard D,11000,7502,3498,68.2,360,330,56
YRD04520,DR00238,PR00003,Yard A,14000,12796,1204,91.4,191,139,105
YRD04521,DR05026,PR00001,Yard A,14000,13664,336,97.6,214,201,107
YRD04522,DR08301,PR00007,Yard E,12500,10888,1612,87.1,263,224,98
YRD04523,DR00497,PR00001,Yard E,12500,11725,775,93.8,235,243,86
YRD04524,DR07952,PR00003,Yard B,12000,9852,2148,82.1,255,259,70
YRD04525,DR00014,PR00006,Yard C,13000,11089,1911,85.3,229,212,83
YRD04526,DR07606,PR00005,Yard E,12500,10838,1662,86.7,215,212,101
YRD04527,DR00407,PR00001,Yard C,13000,10985,2015,84.5,202,298,72
YRD04528,DR00847,PR00005,Yard E,12500,10738,1762,85.9,172,198,70
YRD04529,DR05620,PR00004,Yard C,13000,11453,1547,88.1,254,220,81
YRD04530,DR01282,PR00005,Yard C,13000,10582,2418,81.4,216,256,85
YRD04531,DR03164,PR00002,Yard E,12500,11250,1250,90.0,229,173,78
YRD04532,DR02025,PR00006,Yard C,13000,11154,1846,85.8,130,205,64
YRD04533,DR00244,PR00004,Yard C,13000,10504,2496,80.8,232,248,61
YRD04534,DR02640,PR00005,Yard B,12000,9000,3000,75.0,297,214,31
YRD04535,DR05459,PR00007,Yard A,14000,13202,798,94.3,270,253,77
YRD04536,DR09947,PR00006,Yard A,14000,13790,210,98.5,263,177,113
YRD04537,DR02763,PR00006,Yard C,13000,10790,2210,83.0,276,158,71
YRD04538,DR01001,PR00002,Yard A,14000,13790,210,98.5,139,185,83
YRD04539,DR03367,PR00001,Yard B,12000,9024,2976,75.2,203,210,32
YRD04540,DR00505,PR00004,Yard B,12000,8436,3564,70.3,160,209,62
YRD04541,DR01130,PR00001,Yard A,14000,13790,210,98.5,189,306,100
YRD04542,DR08646,PR00005,Yard C,13000,11154,1846,85.8,320,290,90
YRD04543,DR08226,PR00005,Yard E,12500,11412,1088,91.3,259,250,91
YRD04544,DR04991,PR00004,Yard C,13000,11011,1989,84.7,197,151,107
YRD04545,DR01381,PR00001,Yard B,12000,8748,3252,72.9,222,248,15
YRD04546,DR03050,PR00006,Yard E,12500,11425,1075,91.4,261,222,92
YRD04547,DR04700,PR00004,Yard A,14000,13790,210,98.5,219,227,77
YRD04548,DR06407,PR00003,Yard B,12000,8556,3444,71.3,143,254,32
YRD04549,DR05669,PR00004,Yard A,14000,13286,714,94.9,277,249,108
YRD04550,DR02125,PR00001,Yard E,12500,11525,975,92.2,191,236,78
YRD04551,DR09089,PR00005,Yard D,11000,7590,3410,69.0,236,222,35
YRD04552,DR01460,PR00001,Yard D,11000,6776,4224,61.6,231,105,59
YRD04553,DR04248,PR00004,Yard A,14000,13790,210,98.5,354,263,109
YRD04554,DR02473,PR00001,Yard E,12500,11838,662,94.7,249,279,82
YRD04555,DR04548,PR00002,Yard D,11000,7535,3465,68.5,220,292,51
YRD04556,DR05631,PR00002,Yard D,11000,6754,4246,61.4,181,346,59
YRD04557,DR04578,PR00001,Yard D,11000,7172,3828,65.2,245,134,70
YRD04558,DR05012,PR00006,Yard D,11000,7678,3322,69.8,230,295,60
YRD04559,DR07515,PR00006,Yard C,13000,10933,2067,84.1,234,195,56
YRD04560,DR09245,PR00001,Yard D,11000,7733,3267,70.3,122,219,52
YRD04561,DR07003,PR00001,Yard B,12000,8700,3300,72.5,176,112,39
YRD04562,DR06078,PR00006,Yard D,11000,8613,2387,78.3,204,227,94
YRD04563,DR01497,PR00001,Yard B,12000,9492,2508,79.1,215,201,75
YRD04564,DR05756,PR00003,Yard D,11000,6765,4235,61.5,349,195,27
YRD04565,DR09509,PR00001,Yard B,12000,9456,2544,78.8,330,310,81
YRD04566,DR07878,PR00004,Yard D,11000,7832,3168,71.2,247,245,72
YRD04567,DR00672,PR00007,Yard A,14000,13650,350,97.5,165,212,75
YRD04568,DR09146,PR00001,Yard A,14000,13790,210,98.5,213,225,117
YRD04569,DR06363,PR00007,Yard D,11000,7755,3245,70.5,293,227,50
YRD04570,DR06041,PR00006,Yard A,14000,13720,280,98.0,178,278,78
YRD04571,DR09091,PR00007,Yard B,12000,9648,2352,80.4,250,279,65
YRD04572,DR02129,PR00005,Yard B,12000,9528,2472,79.4,222,164,61
YRD04573,DR06981,PR00006,Yard D,11000,7018,3982,63.8,225,271,33
YRD04574,DR00326,PR00004,Yard B,12000,8712,3288,72.6,237,263,17
YRD04575,DR09808,PR00006,Yard B,12000,9048,2952,75.4,257,248,85
YRD04576,DR03246,PR00001,Yard C,13000,11297,1703,86.9,291,255,94
YRD04577,DR07185,PR00005,Yard C,13000,11180,1820,86.0,237,258,83
YRD04578,DR04994,PR00004,Yard E,12500,10725,1775,85.8,256,312,94
YRD04579,DR04191,PR00001,Yard D,11000,7271,3729,66.1,354,176,59
YRD04580,DR04944,PR00002,Yard E,12500,11312,1188,90.5,300,183,85
YRD04581,DR04881,PR00002,Yard B,12000,8712,3288,72.6,283,264,65
YRD04582,DR00910,PR00003,Yard E,12500,11325,1175,90.6,343,277,71
YRD04583,DR03828,PR00001,Yard C,13000,10231,2769,78.7,289,228,72
YRD04584,DR00581,PR00002,Yard B,12000,8256,3744,68.8,228,241,52
YRD04585,DR00372,PR00002,Yard D,11000,7062,3938,64.2,208,226,74
YRD04586,DR06030,PR00004,Yard E,12500,12050,450,96.4,333,293,85
YRD04587,DR02572,PR00001,Yard A,14000,13790,210,98.5,263,196,102
YRD04588,DR02678,PR00002,Yard E,12500,11512,988,92.1,267,209,119
YRD04589,DR08491,PR00002,Yard A,14000,13272,728,94.8,256,221,88
YRD04590,DR02077,PR00003,Yard C,13000,11388,1612,87.6,234,218,51
YRD04591,DR07037,PR00001,Yard E,12500,11225,1275,89.8,319,269,77
YRD04592,DR06619,PR00007,Yard C,13000,11609,1391,89.3,284,202,99
YRD04593,DR03751,PR00002,Yard E,12500,11000,1500,88.0,205,140,81
YRD04594,DR07856,PR00002,Yard A,14000,13790,210,98.5,304,233,67
YRD04595,DR01130,PR00004,Yard C,13000,11284,1716,86.8,193,254,33
YRD04596,DR08485,PR00006,Yard D,11000,8272,2728,75.2,301,220,72
YRD04597,DR06423,PR00003,Yard A,14000,13496,504,96.4,168,181,91
YRD04598,DR09594,PR00002,Yard D,11000,8272,2728,75.2,325,237,64
YRD04599,DR05375,PR00004,Yard C,13000,10998,2002,84.6,227,294,86
YRD04600,DR04762,PR00003,Yard D,11000,7535,3465,68.5,216,260,44
YRD04601,DR06456,PR00003,Yard A,14000,13314,686,95.1,211,168,96
YRD04602,DR05795,PR00007,Yard D,11000,7755,3245,70.5,246,210,58
YRD04603,DR09597,PR00007,Yard C,13000,10972,2028,84.4,200,277,84
YRD04604,DR03466,PR00004,Yard E,12500,11738,762,93.9,108,234,92
YRD04605,DR04636,PR00001,Yard E,12500,11288,1212,90.3,196,216,68
YRD04606,DR08046,PR00004,Yard C,13000,11427,1573,87.9,254,244,62
YRD04607,DR03356,PR00007,Yard E,12500,11225,1275,89.8,174,202,86
YRD04608,DR06059,PR00007,Yard D,11000,7634,3366,69.4,204,207,34
YRD04609,DR02618,PR00002,Yard B,12000,8832,3168,73.6,225,207,42
YRD04610,DR08583,PR00001,Yard D,11000,6864,4136,62.4,304,251,41
YRD04611,DR02876,PR00001,Yard E,12500,11800,700,94.4,296,207,90
YRD04612,DR04738,PR00006,Yard B,12000,8460,3540,70.5,218,236,43
YRD04613,DR08100,PR00003,Yard D,11000,7172,3828,65.2,207,212,39
YRD04614,DR00626,PR00002,Yard B,12000,9300,2700,77.5,334,340,86
YRD04615,DR08102,PR00002,Yard A,14000,13580,420,97.0,240,221,110
YRD04616,DR05093,PR00002,Yard A,14000,12614,1386,90.1,182,213,92
YRD04617,DR05890,PR00006,Yard A,14000,13748,252,98.2,275,250,89
YRD04618,DR06990,PR00003,Yard B,12000,8760,3240,73.0,186,217,54
YRD04619,DR08442,PR00002,Yard B,12000,9252,2748,77.1,224,320,82
YRD04620,DR05599,PR00005,Yard E,12500,11150,1350,89.2,201,193,78
YRD04621,DR02976,PR00004,Yard E,12500,11162,1338,89.3,239,261,56
YRD04622,DR06919,PR00005,Yard C,13000,11362,1638,87.4,258,298,69
YRD04623,DR02424,PR00006,Yard B,12000,9996,2004,83.3,232,262,65
YRD04624,DR01518,PR00001,Yard C,13000,11583,1417,89.1,257,243,43
YRD04625,DR04259,PR00001,Yard A,14000,13356,644,95.4,240,274,44
YRD04626,DR09942,PR00001,Yard B,12000,8940,3060,74.5,172,175,76
YRD04627,DR06029,PR00005,Yard E,12500,10950,1550,87.6,272,153,88
YRD04628,DR05547,PR00007,Yard D,11000,8206,2794,74.6,273,187,38
YRD04629,DR03430,PR00002,Yard A,14000,13790,210,98.5,242,191,108
YRD04630,DR00261,PR00006,Yard A,14000,13790,210,98.5,271,260,82
YRD04631,DR03551,PR00005,Yard C,13000,10712,2288,82.4,216,194,67
YRD04632,DR03433,PR00007,Yard A,14000,13790,210,98.5,189,248,87
YRD04633,DR07524,PR00003,Yard B,12000,9204,2796,76.7,216,230,67
YRD04634,DR03151,PR00001,Yard C,13000,11076,1924,85.2,235,193,69
YRD04635,DR07824,PR00005,Yard B,12000,8424,3576,70.2,215,182,54
YRD04636,DR04842,PR00006,Yard B,12000,8916,3084,74.3,216,198,81
YRD04637,DR06345,PR00005,Yard E,12500,11712,788,93.7,332,261,67
YRD04638,DR08407,PR00006,Yard E,12500,11912,588,95.3,258,242,93
YRD04639,DR07267,PR00003,Yard D,11000,7909,3091,71.9,216,211,36
YRD04640,DR07584,PR00005,Yard B,12000,8244,3756,68.7,287,249,81
YRD04641,DR01813,PR00002,Yard A,14000,13174,826,94.1,175,293,84
YRD04642,DR09362,PR00003,Yard B,12000,8832,3168,73.6,204,189,62
YRD04643,DR07961,PR00002,Yard D,11000,7425,3575,67.5,284,240,61
YRD04644,DR07591,PR00001,Yard A,14000,13734,266,98.1,241,350,114
YRD04645,DR06944,PR00001,Yard A,14000,13790,210,98.5,235,294,79
YRD04646,DR07280,PR00005,Yard B,12000,9048,2952,75.4,239,223,74
YRD04647,DR07243,PR00006,Yard C,13000,11505,1495,88.5,323,258,104
YRD04648,DR01447,PR00002,Yard C,13000,11011,1989,84.7,213,298,104
YRD04649,DR08329,PR00003,Yard C,13000,12077,923,92.9,239,196,54
YRD04650,DR00143,PR00001,Yard E,12500,12312,188,98.5,247,200,117
YRD04651,DR05380,PR00003,Yard C,13000,10439,2561,80.3,201,154,60
YRD04652,DR08569,PR00002,Yard D,11000,7799,3201,70.9,188,209,67
YRD04653,DR05891,PR00004,Yard A,14000,13384,616,95.6,264,244,73
YRD04654,DR09957,PR00007,Yard A,14000,13482,518,96.3,252,214,86
YRD04655,DR00214,PR00003,Yard B,12000,9696,2304,80.8,276,327,73
YRD04656,DR04527,PR00005,Yard B,12000,9576,2424,79.8,227,148,51
YRD04657,DR09296,PR00005,Yard E,12500,11588,912,92.7,257,264,144
YRD04658,DR02274,PR00001,Yard D,11000,7524,3476,68.4,172,349,63
YRD04659,DR05589,PR00002,Yard E,12500,11412,1088,91.3,263,162,99
YRD04660,DR08416,PR00001,Yard E,12500,11188,1312,89.5,217,210,67
YRD04661,DR03843,PR00003,Yard B,12000,9540,2460,79.5,233,302,94
YRD04662,DR04369,PR00006,Yard C,13000,11258,1742,86.6,209,237,77
YRD04663,DR04191,PR00003,Yard B,12000,8112,3888,67.6,273,225,42
YRD04664,DR04436,PR00003,Yard E,12500,12275,225,98.2,301,240,78
YRD04665,DR05146,PR00002,Yard B,12000,8232,3768,68.6,151,164,107
YRD04666,DR01833,PR00002,Yard C,13000,11232,1768,86.4,274,231,78
YRD04667,DR09205,PR00007,Yard A,14000,13790,210,98.5,230,236,93
YRD04668,DR00308,PR00002,Yard E,12500,11412,1088,91.3,187,177,90
YRD04669,DR08936,PR00005,Yard D,11000,7832,3168,71.2,254,189,40
YRD04670,DR08604,PR00001,Yard D,11000,7777,3223,70.7,218,225,62
YRD04671,DR04414,PR00001,Yard D,11000,7590,3410,69.0,206,185,4
YRD04672,DR02204,PR00002,Yard B,12000,8712,3288,72.6,327,289,63
YRD04673,DR03458,PR00007,Yard C,13000,11206,1794,86.2,164,221,64
YRD04674,DR08058,PR00002,Yard D,11000,7227,3773,65.7,328,258,54
YRD04675,DR08849,PR00005,Yard B,12000,9132,2868,76.1,196,188,66
YRD04676,DR05055,PR00001,Yard B,12000,8784,3216,73.2,173,223,61
YRD04677,DR04918,PR00004,Yard E,12500,11588,912,92.7,292,281,115
YRD04678,DR02271,PR00004,Yard C,13000,11167,1833,85.9,284,242,118
YRD04679,DR07821,PR00004,Yard A,14000,13790,210,98.5,314,300,104
YRD04680,DR07522,PR00002,Yard D,11000,7293,3707,66.3,202,233,27
YRD04681,DR00445,PR00001,Yard C,13000,11453,1547,88.1,224,251,99
YRD04682,DR02122,PR00006,Yard A,14000,13790,210,98.5,263,173,95
YRD04683,DR03501,PR00004,Yard B,12000,8580,3420,71.5,305,174,47
YRD04684,DR06602,PR00002,Yard E,12500,11125,1375,89.0,295,218,105
YRD04685,DR07625,PR00003,Yard B,12000,8892,3108,74.1,310,275,34
YRD04686,DR09897,PR00001,Yard C,13000,10725,2275,82.5,186,302,63
YRD04687,DR01211,PR00003,Yard E,12500,12312,188,98.5,192,210,75
YRD04688,DR08881,PR00003,Yard E,12500,11350,1150,90.8,222,271,86
YRD04689,DR03148,PR00001,Yard A,14000,13790,210,98.5,214,257,96
YRD04690,DR02405,PR00003,Yard D,11000,7392,3608,67.2,336,243,77
YRD04691,DR09419,PR00004,Yard B,12000,8388,3612,69.9,186,273,69
YRD04692,DR08676,PR00007,Yard C,13000,11466,1534,88.2,240,263,75
YRD04693,DR03603,PR00005,Yard D,11000,7469,3531,67.9,247,175,55
YRD04694,DR06328,PR00003,Yard D,11000,7392,3608,67.2,256,180,78
YRD04695,DR02349,PR00005,Yard C,13000,11544,1456,88.8,358,294,55
YRD04696,DR05275,PR00002,Yard A,14000,13538,462,96.7,291,150,90
YRD04697,DR00007,PR00004,Yard C,13000,11154,1846,85.8,274,209,87
YRD04698,DR00529,PR00001,Yard B,12000,9252,2748,77.1,111,184,74
YRD04699,DR07421,PR00001,Yard C,13000,11154,1846,85.8,227,161,81
YRD04700,DR03560,PR00004,Yard B,12000,10128,1872,84.4,198,268,79
YRD04701,DR00455,PR00001,Yard D,11000,6831,4169,62.1,206,215,52
YRD04702,DR00435,PR00005,Yard E,12500,11725,775,93.8,317,298,88
YRD04703,DR06202,PR00004,Yard E,12500,12312,188,98.5,241,292,78
YRD04704,DR03608,PR00001,Yard A,14000,13790,210,98.5,194,157,96
YRD04705,DR04833,PR00003,Yard B,12000,9660,2340,80.5,320,241,52
YRD04706,DR00744,PR00004,Yard C,13000,11999,1001,92.3,248,262,71
YRD04707,DR08560,PR00005,Yard B,12000,8736,3264,72.8,222,204,40
YRD04708,DR04669,PR00006,Yard B,12000,9060,2940,75.5,304,178,71
YRD04709,DR01417,PR00002,Yard D,11000,7480,3520,68.0,184,199,57
YRD04710,DR00767,PR00006,Yard C,13000,11297,1703,86.9,324,261,74
YRD04711,DR06469,PR00002,Yard D,11000,7161,3839,65.1,230,249,82
YRD04712,DR05295,PR00001,Yard C,13000,11427,1573,87.9,276,164,80
YRD04713,DR08178,PR00004,Yard D,11000,8206,2794,74.6,223,253,34
YRD04714,DR06277,PR00002,Yard D,11000,7766,3234,70.6,173,294,55
YRD04715,DR05218,PR00001,Yard A,14000,13790,210,98.5,283,262,105
YRD04716,DR04889,PR00002,Yard D,11000,7491,3509,68.1,243,262,65
YRD04717,DR08457,PR00006,Yard E,12500,11950,550,95.6,194,221,114
YRD04718,DR03548,PR00007,Yard D,11000,6809,4191,61.9,190,132,47
YRD04719,DR01736,PR00007,Yard E,12500,11775,725,94.2,308,229,101
YRD04720,DR04741,PR00002,Yard B,12000,8544,3456,71.2,239,226,68
YRD04721,DR02862,PR00003,Yard C,13000,12025,975,92.5,360,244,106
YRD04722,DR01989,PR00006,Yard E,12500,12238,262,97.9,210,254,84
YRD04723,DR06357,PR00002,Yard A,14000,13790,210,98.5,228,235,80
YRD04724,DR00402,PR00003,Yard D,11000,7150,3850,65.0,205,251,40
YRD04725,DR07340,PR00002,Yard B,12000,8328,3672,69.4,360,254,73
YRD04726,DR01084,PR00004,Yard C,13000,10803,2197,83.1,253,197,83
YRD04727,DR08552,PR00004,Yard A,14000,13790,210,98.5,287,294,78
YRD04728,DR01423,PR00002,Yard E,12500,11650,850,93.2,280,209,108
YRD04729,DR03687,PR00001,Yard E,12500,11288,1212,90.3,263,255,86
YRD04730,DR00143,PR00005,Yard D,11000,7524,3476,68.4,221,213,40
YRD04731,DR04124,PR00004,Yard D,11000,8393,2607,76.3,334,277,63
YRD04732,DR03844,PR00002,Yard C,13000,10777,2223,82.9,230,172,39
YRD04733,DR01210,PR00002,Yard D,11000,7524,3476,68.4,224,289,53
YRD04734,DR07227,PR00007,Yard A,14000,13538,462,96.7,187,216,102
YRD04735,DR00958,PR00004,Yard A,14000,13790,210,98.5,148,290,93
YRD04736,DR08889,PR00004,Yard C,13000,10387,2613,79.9,315,265,33
YRD04737,DR02894,PR00004,Yard B,12000,10164,1836,84.7,209,210,43
YRD04738,DR01846,PR00007,Yard A,14000,13734,266,98.1,279,285,74
YRD04739,DR09461,PR00002,Yard E,12500,11475,1025,91.8,297,263,86
YRD04740,DR03943,PR00002,Yard B,12000,9000,3000,75.0,324,210,72
YRD04741,DR03129,PR00003,Yard D,11000,7788,3212,70.8,294,212,31
YRD04742,DR06937,PR00006,Yard E,12500,12300,200,98.4,189,273,94
YRD04743,DR06869,PR00001,Yard D,11000,7997,3003,72.7,244,248,50
YRD04744,DR04723,PR00002,Yard C,13000,11791,1209,90.7,320,204,68
YRD04745,DR08442,PR00002,Yard E,12500,11662,838,93.3,217,269,123
YRD04746,DR02837,PR00004,Yard E,12500,11200,1300,89.6,158,240,63
YRD04747,DR01723,PR00004,Yard C,13000,11635,1365,89.5,311,295,101
YRD04748,DR05791,PR00003,Yard C,13000,11050,1950,85.0,153,216,39
YRD04749,DR02178,PR00002,Yard A,14000,13790,210,98.5,308,249,82
YRD04750,DR03206,PR00005,Yard D,11000,7656,3344,69.6,234,216,21
YRD04751,DR08564,PR00001,Yard D,11000,7931,3069,72.1,253,230,18
YRD04752,DR00451,PR00005,Yard B,12000,9396,2604,78.3,243,285,82
YRD04753,DR08086,PR00002,Yard E,12500,11938,562,95.5,223,276,93
YRD04754,DR07457,PR00007,Yard D,11000,7150,3850,65.0,321,250,61
YRD04755,DR05866,PR00003,Yard A,14000,13342,658,95.3,247,312,90
YRD04756,DR03957,PR00004,Yard A,14000,13790,210,98.5,249,212,74
YRD04757,DR09248,PR00001,Yard B,12000,8820,3180,73.5,192,185,59
YRD04758,DR09819,PR00002,Yard A,14000,13104,896,93.6,79,104,79
YRD04759,DR07509,PR00005,Yard A,14000,13790,210,98.5,256,239,135
YRD04760,DR02116,PR00004,Yard D,11000,6985,4015,63.5,299,305,45
YRD04761,DR00532,PR00005,Yard C,13000,10426,2574,80.2,275,212,55
YRD04762,DR04393,PR00004,Yard B,12000,9516,2484,79.3,307,292,98
YRD04763,DR09179,PR00004,Yard A,14000,13790,210,98.5,300,201,100
YRD04764,DR08288,PR00006,Yard A,14000,13734,266,98.1,195,272,109
YRD04765,DR08320,PR00003,Yard E,12500,11700,800,93.6,261,224,88
YRD04766,DR02673,PR00006,Yard A,14000,13790,210,98.5,341,267,107
YRD04767,DR02307,PR00003,Yard A,14000,13790,210,98.5,260,308,67
YRD04768,DR06854,PR00002,Yard B,12000,8436,3564,70.3,298,242,51
YRD04769,DR02115,PR00005,Yard E,12500,12312,188,98.5,272,297,110
YRD04770,DR07654,PR00001,Yard C,13000,12194,806,93.8,288,317,99
YRD04771,DR02501,PR00001,Yard D,11000,6457,4543,58.7,156,133,17
YRD04772,DR02043,PR00001,Yard B,12000,8604,3396,71.7,190,151,35
YRD04773,DR00420,PR00003,Yard A,14000,13790,210,98.5,246,230,59
YRD04774,DR06206,PR00004,Yard D,11000,7678,3322,69.8,251,306,53
YRD04775,DR04920,PR00001,Yard A,14000,13790,210,98.5,129,184,73
YRD04776,DR08677,PR00001,Yard C,13000,11063,1937,85.1,201,231,85
YRD04777,DR00074,PR00002,Yard D,11000,7777,3223,70.7,297,186,28
YRD04778,DR09126,PR00002,Yard C,13000,11856,1144,91.2,311,234,84
YRD04779,DR03021,PR00001,Yard D,11000,6930,4070,63.0,179,273,54
YRD04780,DR06272,PR00001,Yard D,11000,7711,3289,70.1,205,294,37
YRD04781,DR02202,PR00006,Yard B,12000,9144,2856,76.2,315,309,64
YRD04782,DR06384,PR00005,Yard A,14000,13594,406,97.1,281,196,91
YRD04783,DR03569,PR00002,Yard A,14000,13720,280,98.0,255,266,83
YRD04784,DR03205,PR00002,Yard A,14000,13790,210,98.5,277,208,93
YRD04785,DR04145,PR00001,Yard D,11000,7293,3707,66.3,148,171,22
YRD04786,DR07997,PR00002,Yard C,13000,10920,2080,84.0,204,240,83
YRD04787,DR05934,PR00003,Yard E,12500,11112,1388,88.9,237,213,75
YRD04788,DR06144,PR00007,Yard C,13000,11635,1365,89.5,333,289,110
YRD04789,DR03134,PR00005,Yard D,11000,7194,3806,65.4,170,195,58
YRD04790,DR02432,PR00003,Yard D,11000,6259,4741,56.9,161,226,42
YRD04791,DR08838,PR00001,Yard B,12000,9696,2304,80.8,286,234,60
YRD04792,DR00619,PR00004,Yard E,12500,11538,962,92.3,307,229,78
YRD04793,DR02390,PR00007,Yard C,13000,10985,2015,84.5,259,234,92
YRD04794,DR07782,PR00001,Yard A,14000,13258,742,94.7,212,173,112
YRD04795,DR08893,PR00006,Yard D,11000,7194,3806,65.4,273,243,69
YRD04796,DR02762,PR00001,Yard B,12000,9540,2460,79.5,298,319,72
YRD04797,DR06942,PR00005,Yard E,12500,12212,288,97.7,225,288,121
YRD04798,DR09140,PR00001,Yard B,12000,9360,2640,78.0,189,215,52
YRD04799,DR06598,PR00004,Yard B,12000,10056,1944,83.8,266,254,54
YRD04800,DR01092,PR00002,Yard E,12500,11488,1012,91.9,239,235,95
YRD04801,DR05894,PR00004,Yard B,12000,8364,3636,69.7,220,191,32
YRD04802,DR02633,PR00004,Yard B,12000,8760,3240,73.0,182,249,60
YRD04803,DR00521,PR00004,Yard A,14000,13692,308,97.8,360,303,109
YRD04804,DR07354,PR00005,Yard E,12500,11312,1188,90.5,149,196,108
YRD04805,DR02448,PR00001,Yard A,14000,13440,560,96.0,264,252,97
YRD04806,DR02273,PR00005,Yard A,14000,13552,448,96.8,300,350,76
YRD04807,DR07592,PR00001,Yard A,14000,13622,378,97.3,212,218,119
YRD04808,DR00934,PR00005,Yard E,12500,11412,1088,91.3,152,216,80
YRD04809,DR03718,PR00001,Yard D,11000,7788,3212,70.8,242,199,69
YRD04810,DR00397,PR00003,Yard C,13000,12415,585,95.5,260,282,88
YRD04811,DR09979,PR00003,Yard C,13000,11973,1027,92.1,297,211,90
YRD04812,DR03194,PR00007,Yard D,11000,7205,3795,65.5,276,251,38
YRD04813,DR06285,PR00004,Yard D,11000,6941,4059,63.1,290,247,35
YRD04814,DR09149,PR00001,Yard C,13000,11141,1859,85.7,238,230,90
YRD04815,DR08009,PR00005,Yard C,13000,10296,2704,79.2,257,203,50
YRD04816,DR07587,PR00001,Yard A,14000,13790,210,98.5,169,258,91
YRD04817,DR04858,PR00002,Yard E,12500,11312,1188,90.5,261,234,77
YRD04818,DR05474,PR00003,Yard B,12000,8760,3240,73.0,172,314,57
YRD04819,DR00619,PR00005,Yard A,14000,13272,728,94.8,212,277,91
YRD04820,DR00146,PR00007,Yard D,11000,7799,3201,70.9,281,198,54
YRD04821,DR08564,PR00007,Yard E,12500,11575,925,92.6,127,271,78
YRD04822,DR06746,PR00001,Yard B,12000,8844,3156,73.7,192,188,27
YRD04823,DR00477,PR00001,Yard A,14000,13692,308,97.8,211,292,91
YRD04824,DR05181,PR00006,Yard C,13000,11609,1391,89.3,143,193,59
YRD04825,DR00050,PR00002,Yard D,11000,7524,3476,68.4,263,241,71
YRD04826,DR04482,PR00004,Yard D,11000,7722,3278,70.2,251,259,65
YRD04827,DR07684,PR00007,Yard B,12000,9468,2532,78.9,280,268,73
YRD04828,DR05376,PR00001,Yard B,12000,8292,3708,69.1,166,203,42
YRD04829,DR05849,PR00003,Yard A,14000,13790,210,98.5,196,254,92
YRD04830,DR02410,PR00006,Yard C,13000,11154,1846,85.8,273,236,50
YRD04831,DR05248,PR00004,Yard E,12500,11125,1375,89.0,144,210,92
YRD04832,DR06596,PR00007,Yard D,11000,7975,3025,72.5,217,194,41
YRD04833,DR01590,PR00004,Yard C,13000,11206,1794,86.2,353,330,47
YRD04834,DR06239,PR00002,Yard E,12500,11575,925,92.6,276,317,82
YRD04835,DR08926,PR00006,Yard B,12000,8940,3060,74.5,288,219,71
YRD04836,DR09272,PR00005,Yard D,11000,7799,3201,70.9,271,246,33
YRD04837,DR01580,PR00007,Yard A,14000,13118,882,93.7,223,284,66
YRD04838,DR02879,PR00003,Yard A,14000,13706,294,97.9,197,231,110
YRD04839,DR04805,PR00003,Yard E,12500,10262,2238,82.1,185,204,88
YRD04840,DR06035,PR00002,Yard D,11000,7205,3795,65.5,197,197,31
YRD04841,DR04001,PR00002,Yard A,14000,13790,210,98.5,291,269,81
YRD04842,DR03647,PR00007,Yard D,11000,7172,3828,65.2,233,276,38
YRD04843,DR01179,PR00007,Yard D,11000,6820,4180,62.0,294,272,72
YRD04844,DR01954,PR00003,Yard C,13000,11557,1443,88.9,235,309,117
YRD04845,DR01412,PR00007,Yard D,11000,7249,3751,65.9,297,262,66
YRD04846,DR04235,PR00002,Yard C,13000,11076,1924,85.2,266,216,63
YRD04847,DR02724,PR00006,Yard E,12500,11500,1000,92.0,241,209,84
YRD04848,DR09113,PR00004,Yard C,13000,10790,2210,83.0,213,198,47
YRD04849,DR00768,PR00005,Yard D,11000,7348,3652,66.8,195,220,45
YRD04850,DR03792,PR00005,Yard E,12500,12075,425,96.6,290,313,103
YRD04851,DR02103,PR00004,Yard B,12000,8316,3684,69.3,310,284,66
YRD04852,DR08291,PR00006,Yard A,14000,13790,210,98.5,304,269,120
YRD04853,DR04318,PR00003,Yard A,14000,13524,476,96.6,74,172,102
YRD04854,DR09687,PR00006,Yard E,12500,12212,288,97.7,360,227,110
YRD04855,DR02411,PR00001,Yard E,12500,11700,800,93.6,271,242,68
YRD04856,DR04843,PR00001,Yard D,11000,8756,2244,79.6,245,259,84
YRD04857,DR03385,PR00005,Yard A,14000,13790,210,98.5,247,192,95
YRD04858,DR07316,PR00005,Yard E,12500,11162,1338,89.3,186,177,64
YRD04859,DR01464,PR00007,Yard B,12000,8952,3048,74.6,143,235,50
YRD04860,DR01026,PR00002,Yard B,12000,8676,3324,72.3,262,187,85
YRD04861,DR06157,PR00001,Yard B,12000,8856,3144,73.8,222,243,52
YRD04862,DR03607,PR00003,Yard C,13000,11687,1313,89.9,322,345,108
YRD04863,DR04617,PR00006,Yard B,12000,9480,2520,79.0,228,247,43
YRD04864,DR07012,PR00007,Yard A,14000,13174,826,94.1,188,231,60
YRD04865,DR08525,PR00006,Yard E,12500,12062,438,96.5,329,272,107
YRD04866,DR07340,PR00003,Yard B,12000,8976,3024,74.8,298,170,89
YRD04867,DR08188,PR00006,Yard B,12000,9204,2796,76.7,255,270,80
YRD04868,DR02874,PR00002,Yard B,12000,9000,3000,75.0,186,191,80
YRD04869,DR09774,PR00007,Yard C,13000,11232,1768,86.4,260,249,62
YRD04870,DR02271,PR00004,Yard A,14000,13790,210,98.5,194,262,81
YRD04871,DR09663,PR00003,Yard A,14000,13790,210,98.5,233,223,120
YRD04872,DR04009,PR00004,Yard D,11000,7975,3025,72.5,227,247,49
YRD04873,DR06539,PR00006,Yard A,14000,12894,1106,92.1,223,177,76
YRD04874,DR00879,PR00002,Yard E,12500,11412,1088,91.3,268,239,61
YRD04875,DR02503,PR00001,Yard E,12500,11938,562,95.5,320,231,59
YRD04876,DR01994,PR00005,Yard D,11000,7535,3465,68.5,228,214,65
YRD04877,DR06797,PR00007,Yard D,11000,6765,4235,61.5,270,203,47
YRD04878,DR06035,PR00004,Yard B,12000,9648,2352,80.4,269,180,59
YRD04879,DR07014,PR00001,Yard A,14000,12936,1064,92.4,255,343,77
YRD04880,DR00998,PR00004,Yard B,12000,9240,2760,77.0,288,197,39
YRD04881,DR08881,PR00001,Yard A,14000,13790,210,98.5,296,249,74
YRD04882,DR07194,PR00002,Yard C,13000,10894,2106,83.8,237,227,69
YRD04883,DR03753,PR00001,Yard A,14000,13384,616,95.6,231,209,60
YRD04884,DR07703,PR00003,Yard E,12500,11875,625,95.0,188,287,112
YRD04885,DR03466,PR00002,Yard C,13000,11115,1885,85.5,272,258,104
YRD04886,DR02702,PR00001,Yard A,14000,13230,770,94.5,226,294,105
YRD04887,DR05269,PR00002,Yard A,14000,13538,462,96.7,237,209,126
YRD04888,DR09131,PR00004,Yard E,12500,11400,1100,91.2,211,224,61
YRD04889,DR03398,PR00002,Yard D,11000,7370,3630,67.0,294,177,78
YRD04890,DR08211,PR00001,Yard E,12500,11500,1000,92.0,242,145,81
YRD04891,DR04223,PR00004,Yard E,12500,12312,188,98.5,189,281,69
YRD04892,DR02101,PR00005,Yard B,12000,8940,3060,74.5,299,228,15
YRD04893,DR00125,PR00006,Yard E,12500,11938,562,95.5,285,246,101
YRD04894,DR01012,PR00003,Yard B,12000,8424,3576,70.2,316,146,21
YRD04895,DR04958,PR00005,Yard D,11000,6765,4235,61.5,267,145,65
YRD04896,DR07544,PR00006,Yard B,12000,9048,2952,75.4,262,294,48
YRD04897,DR08956,PR00005,Yard D,11000,7645,3355,69.5,230,241,47
YRD04898,DR01168,PR00003,Yard C,13000,10803,2197,83.1,302,252,26
YRD04899,DR03351,PR00001,Yard D,11000,7029,3971,63.9,222,131,64
YRD04900,DR07263,PR00002,Yard D,11000,7381,3619,67.1,263,200,48
YRD04901,DR04160,PR00002,Yard A,14000,13482,518,96.3,258,284,86
YRD04902,DR04903,PR00003,Yard C,13000,11570,1430,89.0,337,177,93
YRD04903,DR04824,PR00007,Yard C,13000,11037,1963,84.9,309,266,70
YRD04904,DR08870,PR00002,Yard E,12500,11750,750,94.0,261,255,93
YRD04905,DR01663,PR00004,Yard C,13000,11310,1690,87.0,238,254,91
YRD04906,DR05191,PR00007,Yard D,11000,7733,3267,70.3,276,215,44
YRD04907,DR06456,PR00004,Yard E,12500,12000,500,96.0,203,206,102
YRD04908,DR07374,PR00002,Yard E,12500,11450,1050,91.6,144,247,100
YRD04909,DR00346,PR00007,Yard A,14000,13762,238,98.3,186,147,66
YRD04910,DR07918,PR00002,Yard B,12000,9156,2844,76.3,253,326,49
YRD04911,DR08385,PR00001,Yard A,14000,13790,210,98.5,204,225,91
YRD04912,DR06051,PR00003,Yard A,14000,13790,210,98.5,314,211,122
YRD04913,DR08218,PR00002,Yard A,14000,12992,1008,92.8,274,273,58
YRD04914,DR01389,PR00006,Yard A,14000,13790,210,98.5,288,228,85
YRD04915,DR08319,PR00002,Yard C,13000,11154,1846,85.8,295,141,59
YRD04916,DR03341,PR00006,Yard A,14000,13608,392,97.2,244,155,101
YRD04917,DR09223,PR00001,Yard B,12000,9540,2460,79.5,344,259,54
YRD04918,DR03357,PR00007,Yard A,14000,13384,616,95.6,265,189,67
YRD04919,DR01452,PR00001,Yard E,12500,11325,1175,90.6,259,213,103
YRD04920,DR04802,PR00007,Yard E,12500,11262,1238,90.1,325,222,56
YRD04921,DR03578,PR00001,Yard A,14000,13594,406,97.1,275,227,104
YRD04922,DR03465,PR00006,Yard E,12500,10938,1562,87.5,230,168,74
YRD04923,DR02632,PR00006,Yard C,13000,11973,1027,92.1,267,248,90
YRD04924,DR08371,PR00004,Yard B,12000,9552,2448,79.6,263,216,55
YRD04925,DR06435,PR00001,Yard B,12000,9168,2832,76.4,154,196,60
YRD04926,DR03084,PR00004,Yard E,12500,11175,1325,89.4,195,175,60
YRD04927,DR09219,PR00004,Yard B,12000,8496,3504,70.8,248,231,63
YRD04928,DR04561,PR00004,Yard E,12500,11388,1112,91.1,288,238,101
YRD04929,DR09444,PR00004,Yard D,11000,7612,3388,69.2,244,204,31
YRD04930,DR05807,PR00007,Yard A,14000,13790,210,98.5,163,201,82
YRD04931,DR04153,PR00007,Yard D,11000,7557,3443,68.7,170,254,30
YRD04932,DR05869,PR00003,Yard A,14000,13622,378,97.3,275,199,59
YRD04933,DR05130,PR00001,Yard C,13000,11206,1794,86.2,214,235,84
YRD04934,DR02011,PR00001,Yard C,13000,10426,2574,80.2,276,213,69
YRD04935,DR04541,PR00005,Yard D,11000,7392,3608,67.2,237,311,57
YRD04936,DR01592,PR00007,Yard C,13000,11817,1183,90.9,172,180,101
YRD04937,DR05157,PR00003,Yard A,14000,12936,1064,92.4,158,215,91
YRD04938,DR08848,PR00001,Yard E,12500,12100,400,96.8,331,327,84
YRD04939,DR01556,PR00002,Yard B,12000,9216,2784,76.8,299,267,72
YRD04940,DR08610,PR00003,Yard C,13000,11427,1573,87.9,183,131,74
YRD04941,DR01269,PR00007,Yard E,12500,12100,400,96.8,267,289,106
YRD04942,DR08969,PR00005,Yard A,14000,12642,1358,90.3,268,255,63
YRD04943,DR05350,PR00001,Yard A,14000,13482,518,96.3,236,254,104
YRD04944,DR05301,PR00002,Yard E,12500,11438,1062,91.5,267,194,71
YRD04945,DR05526,PR00001,Yard E,12500,11600,900,92.8,341,204,83
YRD04946,DR03114,PR00004,Yard A,14000,13552,448,96.8,238,265,67
YRD04947,DR00094,PR00005,Yard C,13000,9789,3211,75.3,269,219,19
YRD04948,DR06113,PR00001,Yard A,14000,13790,210,98.5,252,271,91
YRD04949,DR04297,PR00002,Yard C,13000,10920,2080,84.0,282,284,70
YRD04950,DR08914,PR00007,Yard C,13000,10530,2470,81.0,261,209,54
YRD04951,DR04153,PR00006,Yard A,14000,13776,224,98.4,358,279,120
YRD04952,DR09690,PR00004,Yard B,12000,8688,3312,72.4,264,298,38
YRD04953,DR07175,PR00003,Yard E,12500,11675,825,93.4,251,220,78
YRD04954,DR07936,PR00007,Yard D,11000,7348,3652,66.8,324,268,71
YRD04955,DR09886,PR00005,Yard C,13000,11024,1976,84.8,269,143,70
YRD04956,DR00106,PR00007,Yard B,12000,8868,3132,73.9,163,201,59
YRD04957,DR05989,PR00001,Yard D,11000,7370,3630,67.0,253,238,51
YRD04958,DR00827,PR00002,Yard D,11000,7810,3190,71.0,275,250,57
YRD04959,DR08491,PR00001,Yard E,12500,11575,925,92.6,310,234,45
YRD04960,DR00893,PR00006,Yard D,11000,7161,3839,65.1,153,126,54
YRD04961,DR08185,PR00005,Yard E,12500,11525,975,92.2,209,301,85
YRD04962,DR06905,PR00001,Yard A,14000,13090,910,93.5,255,245,82
YRD04963,DR02400,PR00007,Yard C,13000,10413,2587,80.1,201,178,76
YRD04964,DR08928,PR00007,Yard D,11000,7139,3861,64.9,312,224,16
YRD04965,DR01451,PR00002,Yard D,11000,6941,4059,63.1,196,206,48
YRD04966,DR04544,PR00004,Yard C,13000,12376,624,95.2,237,231,90
YRD04967,DR03217,PR00004,Yard A,14000,13594,406,97.1,275,257,105
YRD04968,DR02997,PR00001,Yard D,11000,7689,3311,69.9,236,281,80
YRD04969,DR01891,PR00005,Yard E,12500,12312,188,98.5,325,166,82
YRD04970,DR05493,PR00002,Yard E,12500,11762,738,94.1,269,258,93
YRD04971,DR05926,PR00007,Yard A,14000,13552,448,96.8,242,268,89
YRD04972,DR02259,PR00006,Yard B,12000,8616,3384,71.8,355,283,45
YRD04973,DR09806,PR00007,Yard C,13000,11102,1898,85.4,173,230,55
YRD04974,DR07470,PR00005,Yard C,13000,10205,2795,78.5,276,300,90
YRD04975,DR06577,PR00001,Yard E,12500,11762,738,94.1,232,235,72
YRD04976,DR04313,PR00003,Yard E,12500,11950,550,95.6,247,225,98
YRD04977,DR06803,PR00005,Yard A,14000,12908,1092,92.2,179,164,101
YRD04978,DR09144,PR00002,Yard E,12500,11850,650,94.8,197,243,116
YRD04979,DR04447,PR00005,Yard B,12000,7860,4140,65.5,227,189,74
YRD04980,DR04129,PR00002,Yard A,14000,13790,210,98.5,279,266,116
YRD04981,DR09804,PR00001,Yard E,12500,11900,600,95.2,318,247,125
YRD04982,DR04029,PR00003,Yard B,12000,9708,2292,80.9,286,224,96
YRD04983,DR00407,PR00005,Yard C,13000,10985,2015,84.5,291,207,88
YRD04984,DR05877,PR00003,Yard C,13000,11115,1885,85.5,319,265,95
YRD04985,DR01833,PR00004,Yard B,12000,8808,3192,73.4,281,274,68
YRD04986,DR04721,PR00003,Yard E,12500,11662,838,93.3,296,152,74
YRD04987,DR03008,PR00005,Yard D,11000,7480,3520,68.0,224,279,35
YRD04988,DR07480,PR00004,Yard D,11000,7359,3641,66.9,149,227,32
YRD04989,DR01918,PR00004,Yard C,13000,11570,1430,89.0,246,180,88
YRD04990,DR04749,PR00003,Yard B,12000,8940,3060,74.5,191,241,79
YRD04991,DR01731,PR00003,Yard E,12500,11462,1038,91.7,232,219,93
YRD04992,DR09297,PR00001,Yard D,11000,7931,3069,72.1,197,203,28
YRD04993,DR09394,PR00004,Yard A,14000,13496,504,96.4,243,232,81
YRD04994,DR08781,PR00002,Yard D,11000,8261,2739,75.1,298,262,38
YRD04995,DR00667,PR00006,Yard A,14000,13790,210,98.5,330,270,97
YRD04996,DR08384,PR00006,Yard B,12000,8700,3300,72.5,259,212,58
YRD04997,DR05009,PR00003,Yard A,14000,13790,210,98.5,360,277,93
YRD04998,DR03034,PR00006,Yard B,12000,8040,3960,67.0,185,129,41
YRD04999,DR04653,PR00005,Yard E,12500,11188,1312,89.5,217,227,69
YRD05000,DR05577,PR00001,Yard A,14000,13720,280,98.0,248,289,125
YRD05001,DR08930,PR00005,Yard B,12000,9720,2280,81.0,290,180,41
YRD05002,DR01994,PR00007,Yard A,14000,13790,210,98.5,222,280,88
YRD05003,DR07141,PR00001,Yard D,11000,7040,3960,64.0,193,220,67
YRD05004,DR07807,PR00002,Yard D,11000,7513,3487,68.3,248,286,50
YRD05005,DR04791,PR00004,Yard C,13000,11063,1937,85.1,189,196,45
YRD05006,DR05576,PR00003,Yard B,12000,8316,3684,69.3,286,269,42
YRD05007,DR03707,PR00004,Yard B,12000,10032,1968,83.6,258,309,53
YRD05008,DR09816,PR00004,Yard E,12500,11862,638,94.9,249,161,100
YRD05009,DR08274,PR00006,Yard E,12500,12075,425,96.6,187,217,61
YRD05010,DR04267,PR00001,Yard D,11000,7227,3773,65.7,165,202,37
YRD05011,DR04591,PR00003,Yard D,11000,6985,4015,63.5,183,207,74
YRD05012,DR00502,PR00006,Yard A,14000,13048,952,93.2,360,234,94
YRD05013,DR08990,PR00003,Yard E,12500,11488,1012,91.9,206,115,52
YRD05014,DR08646,PR00003,Yard D,11000,7183,3817,65.3,230,252,41
YRD05015,DR02166,PR00001,Yard E,12500,11325,1175,90.6,263,283,62
YRD05016,DR04936,PR00002,Yard C,13000,10439,2561,80.3,197,183,21
YRD05017,DR08242,PR00003,Yard C,13000,10725,2275,82.5,197,149,67
YRD05018,DR08414,PR00003,Yard B,12000,8676,3324,72.3,273,299,71
YRD05019,DR04018,PR00005,Yard D,11000,7645,3355,69.5,254,241,30
YRD05020,DR09477,PR00004,Yard C,13000,11817,1183,90.9,175,210,63
YRD05021,DR08654,PR00006,Yard C,13000,10985,2015,84.5,252,224,94
YRD05022,DR05883,PR00006,Yard A,14000,13356,644,95.4,245,263,114
YRD05023,DR09751,PR00002,Yard E,12500,12312,188,98.5,231,227,80
YRD05024,DR06564,PR00001,Yard D,11000,7953,3047,72.3,239,208,45
YRD05025,DR07848,PR00006,Yard B,12000,8916,3084,74.3,304,350,69
YRD05026,DR09791,PR00002,Yard B,12000,8436,3564,70.3,193,171,48
YRD05027,DR02283,PR00002,Yard A,14000,13524,476,96.6,129,188,96
YRD05028,DR06853,PR00001,Yard A,14000,13748,252,98.2,239,163,99
YRD05029,DR04276,PR00005,Yard E,12500,11562,938,92.5,237,264,77
YRD05030,DR04229,PR00002,Yard A,14000,12866,1134,91.9,317,246,74
YRD05031,DR06904,PR00001,Yard D,11000,7183,3817,65.3,174,242,68
YRD05032,DR05830,PR00003,Yard D,11000,8096,2904,73.6,235,185,52
YRD05033,DR03895,PR00005,Yard D,11000,7942,3058,72.2,288,258,42
YRD05034,DR04655,PR00002,Yard A,14000,13244,756,94.6,209,218,89
YRD05035,DR01153,PR00005,Yard A,14000,12502,1498,89.3,264,220,80
YRD05036,DR00033,PR00003,Yard C,13000,10829,2171,83.3,288,171,54
YRD05037,DR03651,PR00003,Yard B,12000,9732,2268,81.1,360,237,24
YRD05038,DR08304,PR00002,Yard E,12500,11788,712,94.3,257,239,92
YRD05039,DR04352,PR00001,Yard B,12000,8964,3036,74.7,257,217,38
YRD05040,DR07467,PR00002,Yard D,11000,7183,3817,65.3,210,167,9
YRD05041,DR03075,PR00006,Yard A,14000,13552,448,96.8,327,245,91
YRD05042,DR03738,PR00001,Yard A,14000,13538,462,96.7,195,154,89
YRD05043,DR05257,PR00007,Yard A,14000,13608,392,97.2,206,197,84
YRD05044,DR06184,PR00001,Yard B,12000,9312,2688,77.6,199,287,50
YRD05045,DR03170,PR00003,Yard C,13000,11778,1222,90.6,329,260,79
YRD05046,DR06911,PR00004,Yard C,13000,11674,1326,89.8,246,186,82
YRD05047,DR05114,PR00006,Yard A,14000,13790,210,98.5,287,180,95
YRD05048,DR04201,PR00001,Yard C,13000,11219,1781,86.3,267,201,58
YRD05049,DR06734,PR00001,Yard B,12000,9600,2400,80.0,223,316,69
YRD05050,DR03855,PR00004,Yard A,14000,12824,1176,91.6,238,146,77
YRD05051,DR02897,PR00002,Yard C,13000,11713,1287,90.1,299,236,89
YRD05052,DR00031,PR00004,Yard B,12000,9276,2724,77.3,198,217,46
YRD05053,DR02657,PR00006,Yard B,12000,9780,2220,81.5,171,266,74
YRD05054,DR09421,PR00001,Yard E,12500,11688,812,93.5,158,169,113
YRD05055,DR07491,PR00006,Yard C,13000,11596,1404,89.2,188,191,106
YRD05056,DR05797,PR00001,Yard A,14000,13790,210,98.5,172,318,75
YRD05057,DR09223,PR00006,Yard C,13000,11440,1560,88.0,259,229,80
YRD05058,DR03797,PR00007,Yard C,13000,10803,2197,83.1,257,303,69
YRD05059,DR02550,PR00004,Yard E,12500,11575,925,92.6,253,274,112
YRD05060,DR00652,PR00007,Yard E,12500,11238,1262,89.9,301,261,59
YRD05061,DR07738,PR00006,Yard D,11000,7381,3619,67.1,296,189,67
YRD05062,DR06235,PR00001,Yard B,12000,8916,3084,74.3,269,228,69
YRD05063,DR03417,PR00001,Yard E,12500,12050,450,96.4,161,277,92
YRD05064,DR09422,PR00001,Yard C,13000,11739,1261,90.3,360,281,72
YRD05065,DR02116,PR00003,Yard B,12000,9816,2184,81.8,250,275,70
YRD05066,DR01467,PR00004,Yard D,11000,8052,2948,73.2,195,219,42
YRD05067,DR02381,PR00003,Yard C,13000,11492,1508,88.4,235,225,87
YRD05068,DR09083,PR00005,Yard C,13000,10894,2106,83.8,258,271,29
YRD05069,DR09911,PR00003,Yard E,12500,11888,612,95.1,288,265,121
YRD05070,DR09237,PR00001,Yard E,12500,11625,875,93.0,251,175,98
YRD05071,DR03901,PR00002,Yard A,14000,13580,420,97.0,265,258,82
YRD05072,DR03187,PR00007,Yard C,13000,11167,1833,85.9,214,180,65
YRD05073,DR04227,PR00002,Yard E,12500,11988,512,95.9,227,269,111
YRD05074,DR02639,PR00002,Yard E,12500,11738,762,93.9,218,193,68
YRD05075,DR01595,PR00001,Yard A,14000,13426,574,95.9,256,251,79
YRD05076,DR01196,PR00007,Yard E,12500,11575,925,92.6,351,258,59
YRD05077,DR08718,PR00002,Yard B,12000,8664,3336,72.2,249,277,77
YRD05078,DR03256,PR00004,Yard A,14000,13552,448,96.8,199,238,97
YRD05079,DR04553,PR00001,Yard D,11000,6996,4004,63.6,161,195,16
YRD05080,DR02284,PR00001,Yard A,14000,13370,630,95.5,202,304,81
YRD05081,DR05885,PR00005,Yard B,12000,9804,2196,81.7,246,265,72
YRD05082,DR02778,PR00004,Yard D,11000,7953,3047,72.3,243,310,60
YRD05083,DR05032,PR00005,Yard C,13000,11011,1989,84.7,179,207,68
YRD05084,DR02521,PR00002,Yard A,14000,13790,210,98.5,265,244,105
YRD05085,DR06326,PR00007,Yard C,13000,10660,2340,82.0,225,274,53
YRD05086,DR07202,PR00004,Yard B,12000,9516,2484,79.3,232,284,53
YRD05087,DR03961,PR00007,Yard D,11000,7667,3333,69.7,284,262,64
YRD05088,DR03512,PR00001,Yard E,12500,12312,188,98.5,301,218,106
YRD05089,DR08921,PR00003,Yard B,12000,9576,2424,79.8,286,183,42
YRD05090,DR07981,PR00002,Yard B,12000,9204,2796,76.7,189,223,75
YRD05091,DR07767,PR00005,Yard D,11000,7139,3861,64.9,238,236,53
YRD05092,DR07863,PR00005,Yard A,14000,13692,308,97.8,205,192,82
YRD05093,DR08814,PR00003,Yard E,12500,10538,1962,84.3,226,142,102
YRD05094,DR02895,PR00001,Yard A,14000,13342,658,95.3,217,224,105
YRD05095,DR06757,PR00001,Yard B,12000,9276,2724,77.3,289,235,58
YRD05096,DR06834,PR00001,Yard E,12500,11375,1125,91.0,284,170,114
YRD05097,DR05745,PR00006,Yard A,14000,12950,1050,92.5,185,245,102
YRD05098,DR00463,PR00002,Yard B,12000,9168,2832,76.4,260,301,54
YRD05099,DR06172,PR00001,Yard D,11000,7821,3179,71.1,244,340,58
YRD05100,DR05302,PR00002,Yard C,13000,11349,1651,87.3,271,236,61
YRD05101,DR08533,PR00001,Yard D,11000,7744,3256,70.4,207,330,28
YRD05102,DR06043,PR00007,Yard E,12500,11612,888,92.9,232,269,90
YRD05103,DR04547,PR00002,Yard C,13000,10998,2002,84.6,250,226,92
YRD05104,DR01784,PR00007,Yard E,12500,11800,700,94.4,315,278,125
YRD05105,DR01836,PR00005,Yard A,14000,13790,210,98.5,320,233,95
YRD05106,DR06687,PR00004,Yard D,11000,7326,3674,66.6,253,257,39
YRD05107,DR03728,PR00003,Yard A,14000,13482,518,96.3,236,168,84
YRD05108,DR09958,PR00005,Yard E,12500,11588,912,92.7,190,242,61
YRD05109,DR08018,PR00005,Yard B,12000,9108,2892,75.9,253,243,38
YRD05110,DR09102,PR00001,Yard B,12000,9312,2688,77.6,258,264,62
YRD05111,DR05636,PR00007,Yard C,13000,10374,2626,79.8,246,100,61
YRD05112,DR05657,PR00003,Yard A,14000,13790,210,98.5,164,228,88
YRD05113,DR08218,PR00002,Yard E,12500,11425,1075,91.4,200,236,80
YRD05114,DR06684,PR00003,Yard C,13000,11037,1963,84.9,199,266,100
YRD05115,DR00712,PR00005,Yard D,11000,7568,3432,68.8,237,189,53
YRD05116,DR07999,PR00003,Yard B,12000,8808,3192,73.4,218,225,65
YRD05117,DR04160,PR00003,Yard E,12500,11550,950,92.4,130,307,68
YRD05118,DR00690,PR00001,Yard E,12500,11262,1238,90.1,318,195,73
YRD05119,DR09646,PR00003,Yard C,13000,11752,1248,90.4,193,213,93
YRD05120,DR09521,PR00001,Yard B,12000,9216,2784,76.8,231,288,71
YRD05121,DR08874,PR00006,Yard B,12000,9360,2640,78.0,278,275,56
YRD05122,DR02030,PR00002,Yard E,12500,12312,188,98.5,270,255,76
YRD05123,DR02900,PR00007,Yard D,11000,7700,3300,70.0,246,212,51
YRD05124,DR00904,PR00005,Yard E,12500,11238,1262,89.9,355,247,86
YRD05125,DR01864,PR00005,Yard C,13000,11050,1950,85.0,220,156,94
YRD05126,DR08936,PR00007,Yard E,12500,11500,1000,92.0,219,244,82
YRD05127,DR01050,PR00002,Yard C,13000,11466,1534,88.2,312,287,69
YRD05128,DR05733,PR00004,Yard B,12000,9348,2652,77.9,265,232,55
YRD05129,DR02123,PR00001,Yard D,11000,7766,3234,70.6,246,184,61
YRD05130,DR00609,PR00001,Yard A,14000,13790,210,98.5,244,171,95
YRD05131,DR05158,PR00003,Yard B,12000,8856,3144,73.8,199,218,70
YRD05132,DR06830,PR00005,Yard D,11000,7590,3410,69.0,183,184,64
YRD05133,DR01229,PR00006,Yard B,12000,8268,3732,68.9,203,245,89
YRD05134,DR02642,PR00002,Yard C,13000,11388,1612,87.6,201,186,89
YRD05135,DR03627,PR00005,Yard D,11000,7964,3036,72.4,267,239,55
YRD05136,DR08060,PR00002,Yard C,13000,10985,2015,84.5,257,138,86
YRD05137,DR01756,PR00001,Yard B,12000,9120,2880,76.0,202,169,59
YRD05138,DR08261,PR00001,Yard D,11000,7953,3047,72.3,182,202,48
YRD05139,DR02750,PR00004,Yard A,14000,13412,588,95.8,200,179,80
YRD05140,DR02663,PR00003,Yard B,12000,9240,2760,77.0,199,218,60
YRD05141,DR04291,PR00002,Yard E,12500,12012,488,96.1,300,323,77
YRD05142,DR08257,PR00001,Yard D,11000,6721,4279,61.1,274,146,76
YRD05143,DR09289,PR00004,Yard B,12000,9444,2556,78.7,261,304,53
YRD05144,DR09745,PR00006,Yard A,14000,12768,1232,91.2,211,249,72
YRD05145,DR02327,PR00001,Yard A,14000,13664,336,97.6,256,248,82
YRD05146,DR03290,PR00005,Yard C,13000,11362,1638,87.4,291,282,93
YRD05147,DR02269,PR00004,Yard C,13000,10881,2119,83.7,266,307,97
YRD05148,DR07532,PR00003,Yard A,14000,13580,420,97.0,283,276,106
YRD05149,DR07973,PR00001,Yard B,12000,9000,3000,75.0,205,158,80
YRD05150,DR08818,PR00007,Yard E,12500,12000,500,96.0,237,338,64
YRD05151,DR09020,PR00003,Yard C,13000,11648,1352,89.6,294,196,84
YRD05152,DR06042,PR00003,Yard E,12500,11600,900,92.8,266,256,57
YRD05153,DR00348,PR00006,Yard D,11000,7337,3663,66.7,264,278,50
YRD05154,DR09078,PR00006,Yard E,12500,11400,1100,91.2,175,246,70
YRD05155,DR07414,PR00005,Yard D,11000,7458,3542,67.8,204,267,29
YRD05156,DR00527,PR00006,Yard C,13000,11271,1729,86.7,232,290,82
YRD05157,DR04958,PR00001,Yard E,12500,11238,1262,89.9,145,111,104
YRD05158,DR03047,PR00005,Yard A,14000,13118,882,93.7,199,193,76
YRD05159,DR04576,PR00002,Yard B,12000,8688,3312,72.4,262,155,48
YRD05160,DR03612,PR00006,Yard E,12500,12050,450,96.4,290,251,90
YRD05161,DR05249,PR00003,Yard E,12500,10988,1512,87.9,270,244,81
YRD05162,DR07875,PR00001,Yard C,13000,10647,2353,81.9,239,229,74
YRD05163,DR09354,PR00003,Yard B,12000,9360,2640,78.0,259,255,39
YRD05164,DR06821,PR00005,Yard E,12500,11512,988,92.1,311,283,118
YRD05165,DR06596,PR00003,Yard B,12000,8712,3288,72.6,253,273,15
YRD05166,DR02415,PR00005,Yard A,14000,13202,798,94.3,230,233,97
YRD05167,DR03290,PR00001,Yard B,12000,9120,2880,76.0,252,234,79
YRD05168,DR09802,PR00001,Yard E,12500,11988,512,95.9,216,190,100
YRD05169,DR00949,PR00004,Yard D,11000,7469,3531,67.9,237,208,52
YRD05170,DR07146,PR00003,Yard C,13000,10699,2301,82.3,119,249,88
YRD05171,DR00287,PR00005,Yard B,12000,9636,2364,80.3,261,236,67
YRD05172,DR01132,PR00007,Yard D,11000,6963,4037,63.3,244,262,14
YRD05173,DR05539,PR00004,Yard C,13000,11622,1378,89.4,237,259,70
YRD05174,DR00214,PR00003,Yard C,13000,11986,1014,92.2,269,246,84
YRD05175,DR07103,PR00004,Yard E,12500,11425,1075,91.4,224,262,81
YRD05176,DR06969,PR00007,Yard A,14000,13790,210,98.5,311,251,46
YRD05177,DR01888,PR00005,Yard E,12500,11338,1162,90.7,209,343,93
YRD05178,DR02486,PR00006,Yard C,13000,11479,1521,88.3,106,232,57
YRD05179,DR09606,PR00002,Yard C,13000,11284,1716,86.8,245,320,66
YRD05180,DR08986,PR00005,Yard C,13000,12051,949,92.7,231,234,110
YRD05181,DR02110,PR00001,Yard A,14000,13160,840,94.0,310,292,119
YRD05182,DR09973,PR00005,Yard C,13000,10985,2015,84.5,189,226,88
YRD05183,DR05018,PR00006,Yard E,12500,12050,450,96.4,204,200,103
YRD05184,DR03116,PR00007,Yard E,12500,11475,1025,91.8,253,236,70
YRD05185,DR03475,PR00001,Yard A,14000,13790,210,98.5,242,228,98
YRD05186,DR07522,PR00006,Yard B,12000,9468,2532,78.9,200,207,83
YRD05187,DR08472,PR00001,Yard C,13000,11245,1755,86.5,209,202,90
YRD05188,DR09848,PR00003,Yard A,14000,13790,210,98.5,278,238,90
YRD05189,DR06808,PR00005,Yard C,13000,10855,2145,83.5,293,203,55
YRD05190,DR02659,PR00003,Yard E,12500,12312,188,98.5,245,249,99
YRD05191,DR05733,PR00002,Yard E,12500,11688,812,93.5,295,291,61
YRD05192,DR00206,PR00005,Yard E,12500,11538,962,92.3,214,294,91
YRD05193,DR08651,PR00004,Yard A,14000,13790,210,98.5,227,256,100
YRD05194,DR00246,PR00004,Yard B,12000,8940,3060,74.5,158,215,68
YRD05195,DR03932,PR00003,Yard A,14000,13790,210,98.5,269,263,98
YRD05196,DR04491,PR00005,Yard E,12500,11100,1400,88.8,193,252,61
YRD05197,DR06726,PR00003,Yard E,12500,11738,762,93.9,280,217,95
YRD05198,DR01201,PR00001,Yard E,12500,10762,1738,86.1,197,299,65
YRD05199,DR04500,PR00003,Yard C,13000,10998,2002,84.6,243,209,77
YRD05200,DR01085,PR00005,Yard E,12500,11688,812,93.5,168,323,77
YRD05201,DR08432,PR00002,Yard B,12000,8652,3348,72.1,266,284,63
YRD05202,DR05524,PR00001,Yard A,14000,13552,448,96.8,340,212,89
YRD05203,DR05033,PR00007,Yard B,12000,7932,4068,66.1,285,145,90
YRD05204,DR01044,PR00006,Yard D,11000,7667,3333,69.7,327,305,44
YRD05205,DR08451,PR00004,Yard D,11000,8074,2926,73.4,260,273,57
YRD05206,DR09606,PR00006,Yard C,13000,11882,1118,91.4,231,245,89
YRD05207,DR00114,PR00007,Yard E,12500,11488,1012,91.9,190,183,76
YRD05208,DR03656,PR00004,Yard A,14000,13790,210,98.5,292,266,114
YRD05209,DR04297,PR00002,Yard A,14000,13090,910,93.5,323,275,77
YRD05210,DR09045,PR00004,Yard D,11000,7084,3916,64.4,267,212,48
YRD05211,DR03673,PR00007,Yard D,11000,7414,3586,67.4,203,231,56
YRD05212,DR03694,PR00005,Yard D,11000,7700,3300,70.0,227,318,62
YRD05213,DR01432,PR00001,Yard B,12000,9648,2352,80.4,190,209,57
YRD05214,DR02817,PR00007,Yard C,13000,10699,2301,82.3,211,350,69
YRD05215,DR07152,PR00005,Yard A,14000,13174,826,94.1,253,238,68
YRD05216,DR08117,PR00003,Yard E,12500,11175,1325,89.4,234,179,94
YRD05217,DR08827,PR00007,Yard D,11000,7832,3168,71.2,286,238,65
YRD05218,DR00434,PR00005,Yard D,11000,7062,3938,64.2,228,276,36
YRD05219,DR00372,PR00006,Yard E,12500,12262,238,98.1,233,273,107
YRD05220,DR00145,PR00007,Yard C,13000,10933,2067,84.1,268,247,56
YRD05221,DR01610,PR00001,Yard E,12500,11575,925,92.6,338,343,92
YRD05222,DR07687,PR00005,Yard B,12000,8628,3372,71.9,259,222,42
YRD05223,DR02720,PR00003,Yard A,14000,13468,532,96.2,228,140,111
YRD05224,DR02581,PR00006,Yard C,13000,10673,2327,82.1,265,305,74
YRD05225,DR05977,PR00006,Yard A,14000,13706,294,97.9,329,264,101
YRD05226,DR00185,PR00006,Yard D,11000,7315,3685,66.5,286,255,72
YRD05227,DR02063,PR00005,Yard B,12000,8532,3468,71.1,313,266,64
YRD05228,DR01845,PR00006,Yard B,12000,10128,1872,84.4,183,311,86
YRD05229,DR01744,PR00002,Yard E,12500,11188,1312,89.5,263,282,80
YRD05230,DR06021,PR00003,Yard D,11000,7051,3949,64.1,229,242,41
YRD05231,DR06675,PR00001,Yard E,12500,11550,950,92.4,231,225,119
YRD05232,DR06591,PR00006,Yard B,12000,9708,2292,80.9,237,280,57
YRD05233,DR09499,PR00004,Yard A,14000,13636,364,97.4,258,220,50
YRD05234,DR02427,PR00004,Yard E,12500,10962,1538,87.7,221,243,85
YRD05235,DR07911,PR00002,Yard C,13000,11726,1274,90.2,284,290,59
YRD05236,DR00426,PR00004,Yard C,13000,10634,2366,81.8,307,230,88
YRD05237,DR06018,PR00003,Yard A,14000,13202,798,94.3,239,294,96
YRD05238,DR02824,PR00007,Yard D,11000,7469,3531,67.9,227,251,64
YRD05239,DR05174,PR00006,Yard B,12000,8088,3912,67.4,310,260,72
YRD05240,DR09383,PR00003,Yard E,12500,11888,612,95.1,241,271,60
YRD05241,DR08378,PR00006,Yard B,12000,9132,2868,76.1,150,286,35
YRD05242,DR09097,PR00001,Yard C,13000,11830,1170,91.0,123,205,63
YRD05243,DR01515,PR00001,Yard E,12500,12100,400,96.8,284,285,113
YRD05244,DR07554,PR00004,Yard A,14000,12838,1162,91.7,227,243,81
YRD05245,DR09871,PR00005,Yard D,11000,7249,3751,65.9,352,210,39
YRD05246,DR01897,PR00001,Yard A,14000,13314,686,95.1,176,306,68
YRD05247,DR05767,PR00002,Yard C,13000,11609,1391,89.3,197,167,45
YRD05248,DR08590,PR00003,Yard A,14000,13734,266,98.1,322,205,91
YRD05249,DR03854,PR00001,Yard A,14000,13776,224,98.4,270,251,81
YRD05250,DR03669,PR00003,Yard E,12500,11662,838,93.3,258,204,78
YRD05251,DR00956,PR00003,Yard A,14000,13622,378,97.3,310,269,71
YRD05252,DR09659,PR00007,Yard E,12500,12112,388,96.9,303,227,110
YRD05253,DR09098,PR00002,Yard B,12000,8616,3384,71.8,197,210,38
YRD05254,DR02194,PR00001,Yard D,11000,7304,3696,66.4,261,197,51
YRD05255,DR08165,PR00001,Yard E,12500,11625,875,93.0,258,207,70
YRD05256,DR02478,PR00001,Yard D,11000,7623,3377,69.3,248,248,31
YRD05257,DR01875,PR00005,Yard C,13000,11414,1586,87.8,289,209,47
YRD05258,DR04327,PR00003,Yard C,13000,11882,1118,91.4,219,218,37
YRD05259,DR05717,PR00001,Yard B,12000,9072,2928,75.6,199,288,73
YRD05260,DR05371,PR00007,Yard D,11000,7128,3872,64.8,141,247,66
YRD05261,DR09008,PR00006,Yard C,13000,11310,1690,87.0,245,197,80
YRD05262,DR09896,PR00001,Yard E,12500,11388,1112,91.1,132,247,93
YRD05263,DR08554,PR00002,Yard D,11000,7227,3773,65.7,238,239,40
YRD05264,DR00428,PR00006,Yard D,11000,7810,3190,71.0,260,224,47
YRD05265,DR06489,PR00005,Yard D,11000,8206,2794,74.6,281,260,49
YRD05266,DR06959,PR00007,Yard B,12000,8772,3228,73.1,343,345,76
YRD05267,DR05831,PR00001,Yard E,12500,11150,1350,89.2,216,147,85
YRD05268,DR07051,PR00005,Yard E,12500,11500,1000,92.0,202,139,76
YRD05269,DR05203,PR00001,Yard E,12500,11312,1188,90.5,277,152,87
YRD05270,DR01893,PR00002,Yard B,12000,9396,2604,78.3,339,264,82
YRD05271,DR03986,PR00005,Yard E,12500,11138,1362,89.1,285,303,43
YRD05272,DR04608,PR00005,Yard A,14000,13370,630,95.5,316,229,62
YRD05273,DR08093,PR00001,Yard C,13000,10946,2054,84.2,110,298,54
YRD05274,DR02787,PR00002,Yard D,11000,7601,3399,69.1,220,239,100
YRD05275,DR00867,PR00005,Yard B,12000,9168,2832,76.4,350,350,58
YRD05276,DR04367,PR00001,Yard B,12000,9828,2172,81.9,320,302,91
YRD05277,DR05990,PR00002,Yard A,14000,12782,1218,91.3,296,243,77
YRD05278,DR07348,PR00001,Yard D,11000,7183,3817,65.3,232,233,42
YRD05279,DR08593,PR00001,Yard D,11000,7150,3850,65.0,268,260,38
YRD05280,DR07410,PR00006,Yard B,12000,9540,2460,79.5,255,220,88
YRD05281,DR07907,PR00001,Yard D,11000,7095,3905,64.5,206,211,57
YRD05282,DR02472,PR00003,Yard A,14000,13650,350,97.5,201,350,83
YRD05283,DR03410,PR00005,Yard C,13000,11479,1521,88.3,241,317,80
YRD05284,DR04941,PR00001,Yard C,13000,11011,1989,84.7,212,257,89
YRD05285,DR01098,PR00004,Yard A,14000,13412,588,95.8,231,252,96
YRD05286,DR08843,PR00002,Yard A,14000,13790,210,98.5,259,264,128
YRD05287,DR05930,PR00006,Yard E,12500,12312,188,98.5,283,241,69
YRD05288,DR01742,PR00006,Yard E,12500,12312,188,98.5,274,205,56
YRD05289,DR04184,PR00006,Yard C,13000,11466,1534,88.2,283,267,48
YRD05290,DR05372,PR00003,Yard E,12500,11675,825,93.4,257,233,56
YRD05291,DR05732,PR00006,Yard C,13000,12168,832,93.6,300,289,65
YRD05292,DR06638,PR00004,Yard C,13000,10933,2067,84.1,278,247,50
YRD05293,DR08124,PR00003,Yard B,12000,8964,3036,74.7,242,314,55
YRD05294,DR00460,PR00001,Yard D,11000,7832,3168,71.2,288,214,87
YRD05295,DR06395,PR00001,Yard D,11000,7887,3113,71.7,180,220,59
YRD05296,DR07740,PR00002,Yard D,11000,6864,4136,62.4,204,168,72
YRD05297,DR02778,PR00002,Yard B,12000,8604,3396,71.7,329,243,61
YRD05298,DR05398,PR00007,Yard A,14000,13790,210,98.5,242,281,101
YRD05299,DR03571,PR00007,Yard B,12000,9048,2952,75.4,220,229,59
YRD05300,DR02116,PR00001,Yard D,11000,7205,3795,65.5,239,262,51
YRD05301,DR01969,PR00007,Yard C,13000,11622,1378,89.4,271,241,79
YRD05302,DR02201,PR00005,Yard E,12500,12200,300,97.6,309,278,91
YRD05303,DR09225,PR00003,Yard A,14000,12824,1176,91.6,245,207,65
YRD05304,DR09499,PR00007,Yard E,12500,11462,1038,91.7,256,257,63
YRD05305,DR08147,PR00005,Yard A,14000,13636,364,97.4,250,208,54
YRD05306,DR00838,PR00004,Yard A,14000,13790,210,98.5,180,216,71
YRD05307,DR04987,PR00002,Yard E,12500,11900,600,95.2,289,228,114
YRD05308,DR06997,PR00002,Yard E,12500,11350,1150,90.8,191,248,86
YRD05309,DR07752,PR00007,Yard E,12500,11450,1050,91.6,295,235,74
YRD05310,DR04454,PR00002,Yard B,12000,8088,3912,67.4,222,157,56
YRD05311,DR08051,PR00001,Yard B,12000,9492,2508,79.1,221,219,63
YRD05312,DR02837,PR00002,Yard D,11000,8140,2860,74.0,350,285,75
YRD05313,DR03097,PR00003,Yard E,12500,11300,1200,90.4,241,250,60
YRD05314,DR08783,PR00003,Yard A,14000,13482,518,96.3,203,169,59
YRD05315,DR05038,PR00007,Yard A,14000,13678,322,97.7,199,309,73
YRD05316,DR01785,PR00003,Yard D,11000,7348,3652,66.8,207,276,58
YRD05317,DR02064,PR00006,Yard A,14000,13776,224,98.4,263,296,146
YRD05318,DR04196,PR00004,Yard E,12500,11662,838,93.3,248,255,83
YRD05319,DR02779,PR00003,Yard C,13000,11271,1729,86.7,226,195,66
YRD05320,DR04703,PR00001,Yard A,14000,13342,658,95.3,294,230,82
YRD05321,DR05629,PR00002,Yard B,12000,8832,3168,73.6,166,222,49
YRD05322,DR07069,PR00006,Yard D,11000,8063,2937,73.3,280,323,39
YRD05323,DR07128,PR00005,Yard C,13000,12558,442,96.6,321,283,99
YRD05324,DR02866,PR00003,Yard B,12000,9060,2940,75.5,169,220,70
YRD05325,DR01957,PR00007,Yard E,12500,11062,1438,88.5,236,161,85
YRD05326,DR08127,PR00006,Yard A,14000,13734,266,98.1,234,243,83
YRD05327,DR05834,PR00001,Yard E,12500,11388,1112,91.1,246,165,60
YRD05328,DR09617,PR00004,Yard E,12500,11850,650,94.8,226,228,98
YRD05329,DR07002,PR00006,Yard D,11000,8360,2640,76.0,223,236,78
YRD05330,DR07384,PR00006,Yard B,12000,8412,3588,70.1,238,320,43
YRD05331,DR00078,PR00001,Yard C,13000,11063,1937,85.1,146,183,70
YRD05332,DR05364,PR00002,Yard E,12500,10975,1525,87.8,199,192,81
YRD05333,DR07890,PR00003,Yard D,11000,7887,3113,71.7,211,208,68
YRD05334,DR00567,PR00002,Yard E,12500,12312,188,98.5,254,215,75
YRD05335,DR02702,PR00001,Yard D,11000,7480,3520,68.0,258,314,66
YRD05336,DR06030,PR00004,Yard A,14000,13790,210,98.5,214,259,70
YRD05337,DR08305,PR00003,Yard A,14000,13790,210,98.5,292,214,113
YRD05338,DR02711,PR00001,Yard D,11000,7205,3795,65.5,237,160,41
YRD05339,DR06586,PR00004,Yard B,12000,9420,2580,78.5,192,221,58
YRD05340,DR00500,PR00001,Yard B,12000,8700,3300,72.5,228,253,49
YRD05341,DR00161,PR00003,Yard A,14000,12894,1106,92.1,181,194,96
YRD05342,DR08562,PR00006,Yard E,12500,12125,375,97.0,320,259,89
YRD05343,DR01434,PR00006,Yard A,14000,13188,812,94.2,232,158,100
YRD05344,DR05227,PR00002,Yard C,13000,11141,1859,85.7,219,241,88
YRD05345,DR05498,PR00006,Yard A,14000,13440,560,96.0,234,165,109
YRD05346,DR06775,PR00006,Yard B,12000,9624,2376,80.2,265,208,52
YRD05347,DR09453,PR00004,Yard D,11000,7579,3421,68.9,274,295,82
YRD05348,DR06155,PR00007,Yard A,14000,13748,252,98.2,290,218,97
YRD05349,DR05583,PR00002,Yard C,13000,11258,1742,86.6,222,215,56
YRD05350,DR01536,PR00001,Yard E,12500,11575,925,92.6,246,223,81
YRD05351,DR08458,PR00006,Yard B,12000,8772,3228,73.1,258,229,57
YRD05352,DR04699,PR00003,Yard E,12500,11325,1175,90.6,224,283,93
YRD05353,DR00017,PR00002,Yard A,14000,13790,210,98.5,276,207,69
YRD05354,DR00394,PR00001,Yard C,13000,11128,1872,85.6,132,251,62
YRD05355,DR01500,PR00001,Yard A,14000,13790,210,98.5,233,230,83
YRD05356,DR01068,PR00001,Yard B,12000,9240,2760,77.0,279,290,68
YRD05357,DR03250,PR00001,Yard B,12000,8760,3240,73.0,271,323,86
YRD05358,DR07521,PR00007,Yard A,14000,13790,210,98.5,203,282,89
YRD05359,DR03301,PR00002,Yard E,12500,10775,1725,86.2,244,157,65
YRD05360,DR08369,PR00006,Yard D,11000,7744,3256,70.4,290,201,45
YRD05361,DR08375,PR00001,Yard C,13000,11206,1794,86.2,352,207,79
YRD05362,DR02890,PR00002,Yard B,12000,9312,2688,77.6,245,239,79
YRD05363,DR01688,PR00007,Yard E,12500,11288,1212,90.3,227,230,104
YRD05364,DR04278,PR00001,Yard A,14000,13790,210,98.5,253,240,69
YRD05365,DR05922,PR00002,Yard A,14000,13692,308,97.8,226,217,61
YRD05366,DR09840,PR00006,Yard B,12000,9504,2496,79.2,328,260,71
YRD05367,DR08637,PR00001,Yard A,14000,13790,210,98.5,226,192,114
YRD05368,DR06847,PR00001,Yard B,12000,9444,2556,78.7,247,316,44
YRD05369,DR01980,PR00007,Yard D,11000,7722,3278,70.2,233,250,64
YRD05370,DR08510,PR00003,Yard A,14000,12992,1008,92.8,219,251,71
YRD05371,DR01751,PR00004,Yard E,12500,10750,1750,86.0,213,283,65
YRD05372,DR02635,PR00001,Yard E,12500,11725,775,93.8,299,230,69
YRD05373,DR06528,PR00002,Yard E,12500,11200,1300,89.6,299,301,85
YRD05374,DR06579,PR00003,Yard E,12500,11925,575,95.4,188,208,88
YRD05375,DR04792,PR00005,Yard E,12500,12000,500,96.0,184,318,101
YRD05376,DR01691,PR00002,Yard A,14000,12838,1162,91.7,190,259,87
YRD05377,DR04151,PR00006,Yard A,14000,13202,798,94.3,277,124,96
YRD05378,DR08953,PR00006,Yard B,12000,8388,3612,69.9,212,190,77
YRD05379,DR05303,PR00004,Yard C,13000,11271,1729,86.7,262,231,84
YRD05380,DR03418,PR00003,Yard E,12500,12300,200,98.4,186,227,62
YRD05381,DR01991,PR00004,Yard A,14000,13300,700,95.0,235,246,96
YRD05382,DR00441,PR00005,Yard C,13000,10790,2210,83.0,237,242,117
YRD05383,DR07648,PR00001,Yard C,13000,11622,1378,89.4,121,139,71
YRD05384,DR00197,PR00006,Yard C,13000,10426,2574,80.2,276,268,75
YRD05385,DR07238,PR00003,Yard B,12000,9036,2964,75.3,225,229,88
YRD05386,DR05370,PR00007,Yard A,14000,13790,210,98.5,245,251,105
YRD05387,DR07751,PR00007,Yard A,14000,13216,784,94.4,195,307,71
YRD05388,DR07175,PR00001,Yard A,14000,13790,210,98.5,304,301,102
YRD05389,DR07555,PR00003,Yard E,12500,11362,1138,90.9,228,325,87
YRD05390,DR00606,PR00003,Yard A,14000,13720,280,98.0,179,210,111
YRD05391,DR05383,PR00003,Yard B,12000,9432,2568,78.6,249,284,68
YRD05392,DR00388,PR00006,Yard B,12000,8268,3732,68.9,209,262,53
YRD05393,DR06327,PR00001,Yard E,12500,12212,288,97.7,326,239,119
YRD05394,DR02696,PR00004,Yard D,11000,6699,4301,60.9,248,288,50
YRD05395,DR01725,PR00007,Yard E,12500,11500,1000,92.0,250,222,88
YRD05396,DR07087,PR00007,Yard B,12000,9276,2724,77.3,252,246,69
YRD05397,DR06629,PR00001,Yard E,12500,11475,1025,91.8,225,278,116
YRD05398,DR03971,PR00007,Yard B,12000,9336,2664,77.8,230,270,84
YRD05399,DR08740,PR00001,Yard C,13000,12038,962,92.6,359,294,98
YRD05400,DR09496,PR00003,Yard E,12500,12312,188,98.5,248,213,65
YRD05401,DR03960,PR00002,Yard B,12000,8832,3168,73.6,213,266,73
YRD05402,DR04257,PR00004,Yard E,12500,11412,1088,91.3,288,279,68
YRD05403,DR07454,PR00001,Yard A,14000,13790,210,98.5,208,223,110
YRD05404,DR03456,PR00002,Yard E,12500,12262,238,98.1,291,308,98
YRD05405,DR08119,PR00002,Yard A,14000,13790,210,98.5,198,192,70
YRD05406,DR01143,PR00007,Yard B,12000,9252,2748,77.1,238,286,55
YRD05407,DR05862,PR00004,Yard E,12500,12138,362,97.1,300,222,92
YRD05408,DR07441,PR00005,Yard E,12500,11262,1238,90.1,150,264,81
YRD05409,DR04342,PR00005,Yard A,14000,13790,210,98.5,204,185,124
YRD05410,DR01085,PR00003,Yard B,12000,9036,2964,75.3,255,280,37
YRD05411,DR05000,PR00001,Yard E,12500,12050,450,96.4,312,255,107
YRD05412,DR04230,PR00001,Yard A,14000,13524,476,96.6,242,136,115
YRD05413,DR06365,PR00003,Yard B,12000,9012,2988,75.1,261,195,40
YRD05414,DR08993,PR00007,Yard A,14000,13790,210,98.5,209,324,99
YRD05415,DR02552,PR00002,Yard B,12000,9732,2268,81.1,279,251,62
YRD05416,DR01752,PR00005,Yard B,12000,8496,3504,70.8,258,279,77
YRD05417,DR00282,PR00006,Yard A,14000,13790,210,98.5,192,175,112
YRD05418,DR09277,PR00007,Yard D,11000,8184,2816,74.4,220,227,61
YRD05419,DR00281,PR00002,Yard B,12000,9408,2592,78.4,192,205,54
YRD05420,DR09787,PR00007,Yard C,13000,11466,1534,88.2,316,258,55
YRD05421,DR06619,PR00004,Yard C,13000,10803,2197,83.1,331,302,56
YRD05422,DR00257,PR00003,Yard B,12000,8904,3096,74.2,206,211,60
YRD05423,DR01102,PR00005,Yard A,14000,13790,210,98.5,254,266,121
YRD05424,DR02605,PR00002,Yard B,12000,9492,2508,79.1,239,283,58
YRD05425,DR04873,PR00006,Yard C,13000,11271,1729,86.7,223,314,74
YRD05426,DR04888,PR00004,Yard A,14000,13790,210,98.5,268,182,93
YRD05427,DR03154,PR00006,Yard D,11000,6347,4653,57.7,328,267,32
YRD05428,DR02687,PR00006,Yard A,14000,13552,448,96.8,228,253,70
YRD05429,DR09196,PR00004,Yard A,14000,13552,448,96.8,254,192,101
YRD05430,DR06206,PR00001,Yard A,14000,13524,476,96.6,260,175,79
YRD05431,DR07923,PR00002,Yard C,13000,10868,2132,83.6,281,224,66
YRD05432,DR05639,PR00006,Yard D,11000,7975,3025,72.5,340,262,49
YRD05433,DR09371,PR00004,Yard D,11000,7645,3355,69.5,174,222,82
YRD05434,DR09643,PR00006,Yard D,11000,7568,3432,68.8,271,159,70
YRD05435,DR09133,PR00003,Yard A,14000,13454,546,96.1,250,220,103
YRD05436,DR04343,PR00003,Yard B,12000,8964,3036,74.7,208,238,44
YRD05437,DR01034,PR00006,Yard C,13000,11544,1456,88.8,234,194,71
YRD05438,DR05115,PR00005,Yard E,12500,11325,1175,90.6,341,212,64
YRD05439,DR06921,PR00003,Yard B,12000,9840,2160,82.0,223,262,90
YRD05440,DR02499,PR00001,Yard B,12000,8376,3624,69.8,188,215,86
YRD05441,DR05424,PR00006,Yard A,14000,13188,812,94.2,250,164,72
YRD05442,DR04125,PR00006,Yard B,12000,9624,2376,80.2,191,199,63
YRD05443,DR05918,PR00003,Yard B,12000,9468,2532,78.9,250,219,79
YRD05444,DR05470,PR00004,Yard D,11000,7986,3014,72.6,318,230,24
YRD05445,DR04824,PR00002,Yard A,14000,13160,840,94.0,323,278,72
YRD05446,DR08306,PR00003,Yard B,12000,9456,2544,78.8,306,237,62
YRD05447,DR03989,PR00001,Yard E,12500,11238,1262,89.9,324,237,78
YRD05448,DR04164,PR00002,Yard E,12500,11775,725,94.2,239,223,100
YRD05449,DR01564,PR00006,Yard C,13000,11674,1326,89.8,201,191,61
YRD05450,DR03835,PR00003,Yard B,12000,9720,2280,81.0,343,241,87
YRD05451,DR05778,PR00006,Yard A,14000,13790,210,98.5,251,167,88
YRD05452,DR03818,PR00003,Yard C,13000,11076,1924,85.2,289,233,35
YRD05453,DR00383,PR00001,Yard D,11000,7381,3619,67.1,288,235,30
YRD05454,DR00575,PR00003,Yard C,13000,11635,1365,89.5,298,241,90
YRD05455,DR09959,PR00001,Yard D,11000,7667,3333,69.7,242,214,42
YRD05456,DR03685,PR00005,Yard E,12500,10800,1700,86.4,211,268,66
YRD05457,DR07302,PR00007,Yard A,14000,13790,210,98.5,190,276,69
YRD05458,DR03381,PR00005,Yard C,13000,11375,1625,87.5,193,252,80
YRD05459,DR01623,PR00005,Yard E,12500,11275,1225,90.2,179,207,53
YRD05460,DR09855,PR00006,Yard E,12500,11788,712,94.3,272,226,83
YRD05461,DR03891,PR00005,Yard A,14000,13706,294,97.9,232,200,91
YRD05462,DR07633,PR00004,Yard E,12500,11888,612,95.1,208,273,76
YRD05463,DR01358,PR00005,Yard D,11000,7667,3333,69.7,182,217,48
YRD05464,DR06762,PR00003,Yard A,14000,13132,868,93.8,267,230,77
YRD05465,DR08735,PR00001,Yard C,13000,11596,1404,89.2,299,221,99
YRD05466,DR00536,PR00005,Yard C,13000,10387,2613,79.9,263,339,91
YRD05467,DR01231,PR00005,Yard E,12500,11488,1012,91.9,267,248,90
YRD05468,DR04522,PR00002,Yard A,14000,13650,350,97.5,172,272,66
YRD05469,DR01431,PR00007,Yard B,12000,9144,2856,76.2,295,225,56
YRD05470,DR04828,PR00001,Yard D,11000,7557,3443,68.7,286,265,14
YRD05471,DR01836,PR00005,Yard D,11000,7062,3938,64.2,222,194,32
YRD05472,DR02488,PR00007,Yard B,12000,9108,2892,75.9,263,335,47
YRD05473,DR04334,PR00002,Yard D,11000,7051,3949,64.1,221,162,40
YRD05474,DR09632,PR00007,Yard B,12000,9120,2880,76.0,244,200,78
YRD05475,DR00721,PR00006,Yard D,11000,7876,3124,71.6,257,262,23
YRD05476,DR08479,PR00005,Yard C,13000,10530,2470,81.0,240,237,69
YRD05477,DR06683,PR00007,Yard E,12500,11488,1012,91.9,275,268,100
YRD05478,DR05226,PR00004,Yard B,12000,9324,2676,77.7,264,243,55
YRD05479,DR05558,PR00003,Yard D,11000,7337,3663,66.7,308,289,55
YRD05480,DR06766,PR00005,Yard B,12000,8676,3324,72.3,234,158,61
YRD05481,DR07643,PR00003,Yard B,12000,8124,3876,67.7,233,210,60
YRD05482,DR02278,PR00002,Yard E,12500,12200,300,97.6,299,233,87
YRD05483,DR06870,PR00001,Yard D,11000,7942,3058,72.2,193,248,66
YRD05484,DR09491,PR00003,Yard A,14000,13160,840,94.0,282,200,94
YRD05485,DR06241,PR00006,Yard E,12500,10900,1600,87.2,200,219,98
YRD05486,DR09659,PR00007,Yard E,12500,11450,1050,91.6,258,253,71
YRD05487,DR09977,PR00007,Yard E,12500,11212,1288,89.7,281,196,61
YRD05488,DR07470,PR00002,Yard B,12000,8484,3516,70.7,289,199,35
YRD05489,DR06428,PR00004,Yard E,12500,11612,888,92.9,260,299,57
YRD05490,DR01568,PR00004,Yard A,14000,13118,882,93.7,271,183,66
YRD05491,DR04627,PR00001,Yard C,13000,11479,1521,88.3,242,200,100
YRD05492,DR04960,PR00004,Yard E,12500,11575,925,92.6,228,239,96
YRD05493,DR01701,PR00003,Yard D,11000,7733,3267,70.3,215,241,66
YRD05494,DR00589,PR00007,Yard E,12500,11650,850,93.2,252,182,88
YRD05495,DR08735,PR00002,Yard B,12000,9396,2604,78.3,298,267,55
YRD05496,DR03784,PR00006,Yard E,12500,11650,850,93.2,212,244,95
YRD05497,DR06161,PR00006,Yard C,13000,11687,1313,89.9,255,304,60
YRD05498,DR03878,PR00005,Yard A,14000,13398,602,95.7,284,206,99
YRD05499,DR09034,PR00002,Yard B,12000,9204,2796,76.7,308,217,55
YRD05500,DR08026,PR00002,Yard A,14000,13790,210,98.5,258,207,89
YRD05501,DR07319,PR00007,Yard E,12500,11700,800,93.6,225,245,110
YRD05502,DR09491,PR00001,Yard C,13000,11752,1248,90.4,290,213,89
YRD05503,DR02600,PR00001,Yard C,13000,10972,2028,84.4,146,268,104
YRD05504,DR08708,PR00007,Yard D,11000,7282,3718,66.2,196,162,70
YRD05505,DR02680,PR00005,Yard E,12500,12038,462,96.3,158,295,83
YRD05506,DR07962,PR00005,Yard E,12500,11288,1212,90.3,213,298,76
YRD05507,DR09139,PR00001,Yard D,11000,7304,3696,66.4,197,135,60
YRD05508,DR06675,PR00003,Yard A,14000,13790,210,98.5,290,254,77
YRD05509,DR00310,PR00006,Yard D,11000,7128,3872,64.8,233,265,41
YRD05510,DR02238,PR00002,Yard D,11000,7546,3454,68.6,238,238,67
YRD05511,DR04124,PR00001,Yard B,12000,8832,3168,73.6,227,234,38
YRD05512,DR07895,PR00001,Yard E,12500,11962,538,95.7,276,237,86
YRD05513,DR04009,PR00004,Yard B,12000,8868,3132,73.9,245,157,47
YRD05514,DR05833,PR00002,Yard E,12500,10900,1600,87.2,259,232,89
YRD05515,DR01858,PR00006,Yard E,12500,10925,1575,87.4,199,214,88
YRD05516,DR04897,PR00002,Yard A,14000,13790,210,98.5,334,262,103
YRD05517,DR05805,PR00001,Yard D,11000,6710,4290,61.0,209,156,24
YRD05518,DR04676,PR00007,Yard A,14000,13664,336,97.6,301,271,90
YRD05519,DR02864,PR00007,Yard E,12500,11862,638,94.9,247,181,94
YRD05520,DR06581,PR00005,Yard D,11000,7194,3806,65.4,149,267,62
YRD05521,DR05079,PR00007,Yard B,12000,9384,2616,78.2,179,234,50
YRD05522,DR01506,PR00001,Yard A,14000,13790,210,98.5,202,185,78
YRD05523,DR06228,PR00003,Yard A,14000,13650,350,97.5,261,226,47
YRD05524,DR00254,PR00002,Yard E,12500,11838,662,94.7,263,253,78
YRD05525,DR03343,PR00003,Yard C,13000,11141,1859,85.7,265,136,64
YRD05526,DR04321,PR00006,Yard C,13000,10959,2041,84.3,184,162,86
YRD05527,DR06024,PR00006,Yard B,12000,8880,3120,74.0,199,251,78
YRD05528,DR07782,PR00001,Yard E,12500,11625,875,93.0,261,253,94
YRD05529,DR07323,PR00003,Yard A,14000,13608,392,97.2,250,270,82
YRD05530,DR09042,PR00007,Yard A,14000,13244,756,94.6,238,274,84
YRD05531,DR07773,PR00004,Yard C,13000,10556,2444,81.2,264,187,39
YRD05532,DR04127,PR00002,Yard B,12000,9108,2892,75.9,191,201,41
YRD05533,DR00334,PR00003,Yard D,11000,6875,4125,62.5,315,261,40
YRD05534,DR07049,PR00002,Yard C,13000,10764,2236,82.8,233,212,81
YRD05535,DR08728,PR00003,Yard D,11000,7161,3839,65.1,298,284,23
YRD05536,DR02875,PR00003,Yard A,14000,13580,420,97.0,230,300,86
YRD05537,DR06029,PR00003,Yard E,12500,11438,1062,91.5,278,191,99
YRD05538,DR09902,PR00003,Yard B,12000,8580,3420,71.5,269,243,55
YRD05539,DR09466,PR00003,Yard B,12000,8808,3192,73.4,297,244,40
YRD05540,DR04671,PR00001,Yard E,12500,11825,675,94.6,312,192,110
YRD05541,DR04714,PR00001,Yard A,14000,13790,210,98.5,204,168,93
YRD05542,DR08536,PR00003,Yard C,13000,10985,2015,84.5,306,234,78
YRD05543,DR05609,PR00006,Yard C,13000,11284,1716,86.8,202,222,87
YRD05544,DR07136,PR00006,Yard E,12500,11675,825,93.4,233,150,95
YRD05545,DR08657,PR00001,Yard A,14000,13426,574,95.9,297,254,102
YRD05546,DR06450,PR00003,Yard B,12000,9660,2340,80.5,238,241,77
YRD05547,DR05957,PR00004,Yard E,12500,11362,1138,90.9,243,226,110
YRD05548,DR06634,PR00003,Yard B,12000,9552,2448,79.6,286,273,87
YRD05549,DR04635,PR00005,Yard B,12000,9048,2952,75.4,324,211,78
YRD05550,DR04437,PR00007,Yard C,13000,11128,1872,85.6,70,249,66
YRD05551,DR01558,PR00001,Yard E,12500,11962,538,95.7,312,304,80
YRD05552,DR08595,PR00003,Yard C,13000,11310,1690,87.0,186,187,80
YRD05553,DR05335,PR00003,Yard B,12000,8640,3360,72.0,210,239,57
YRD05554,DR00856,PR00004,Yard C,13000,11076,1924,85.2,292,178,53
YRD05555,DR06111,PR00001,Yard D,11000,6985,4015,63.5,198,183,70
YRD05556,DR07137,PR00004,Yard E,12500,12212,288,97.7,321,254,106
YRD05557,DR05649,PR00001,Yard A,14000,13790,210,98.5,239,254,96
YRD05558,DR09223,PR00005,Yard C,13000,11245,1755,86.5,179,302,58
YRD05559,DR00456,PR00004,Yard C,13000,11973,1027,92.1,316,309,72
YRD05560,DR02586,PR00002,Yard E,12500,11725,775,93.8,310,245,97
YRD05561,DR07857,PR00007,Yard E,12500,11112,1388,88.9,279,265,68
YRD05562,DR04058,PR00006,Yard D,11000,7557,3443,68.7,258,295,47
YRD05563,DR00935,PR00003,Yard A,14000,13230,770,94.5,235,168,99
YRD05564,DR07826,PR00007,Yard C,13000,10244,2756,78.8,202,173,82
YRD05565,DR01771,PR00006,Yard A,14000,13790,210,98.5,284,251,91
YRD05566,DR02623,PR00001,Yard C,13000,10504,2496,80.8,278,212,52
YRD05567,DR00370,PR00004,Yard E,12500,12312,188,98.5,225,186,111
YRD05568,DR00186,PR00004,Yard E,12500,11412,1088,91.3,290,242,101
YRD05569,DR03908,PR00004,Yard C,13000,10595,2405,81.5,217,188,63
YRD05570,DR09226,PR00007,Yard B,12000,8616,3384,71.8,258,184,55
YRD05571,DR06179,PR00003,Yard C,13000,11414,1586,87.8,228,290,92
YRD05572,DR08622,PR00001,Yard A,14000,13454,546,96.1,208,241,82
YRD05573,DR06618,PR00003,Yard B,12000,8532,3468,71.1,199,256,29
YRD05574,DR09736,PR00006,Yard A,14000,13580,420,97.0,266,207,107
YRD05575,DR05474,PR00002,Yard B,12000,9384,2616,78.2,253,252,68
YRD05576,DR05925,PR00001,Yard A,14000,13790,210,98.5,190,168,92
YRD05577,DR02434,PR00002,Yard B,12000,9096,2904,75.8,200,245,74
YRD05578,DR06468,PR00005,Yard A,14000,13790,210,98.5,259,222,97
YRD05579,DR03498,PR00001,Yard D,11000,7293,3707,66.3,247,197,50
YRD05580,DR04359,PR00003,Yard A,14000,13790,210,98.5,279,219,107
YRD05581,DR04069,PR00001,Yard C,13000,11479,1521,88.3,170,250,60
YRD05582,DR02242,PR00003,Yard B,12000,9108,2892,75.9,291,214,78
YRD05583,DR05575,PR00001,Yard A,14000,13062,938,93.3,255,183,134
YRD05584,DR01533,PR00001,Yard E,12500,11800,700,94.4,187,125,80
YRD05585,DR05718,PR00005,Yard C,13000,10621,2379,81.7,173,160,52
YRD05586,DR01353,PR00001,Yard D,11000,7326,3674,66.6,205,224,69
YRD05587,DR00521,PR00001,Yard E,12500,11038,1462,88.3,228,189,85
YRD05588,DR05615,PR00004,Yard A,14000,13230,770,94.5,278,303,69
YRD05589,DR07547,PR00001,Yard D,11000,7579,3421,68.9,267,242,39
YRD05590,DR06008,PR00001,Yard B,12000,9168,2832,76.4,247,281,68
YRD05591,DR04585,PR00003,Yard B,12000,8676,3324,72.3,322,243,64
YRD05592,DR08518,PR00003,Yard A,14000,13720,280,98.0,282,304,87
YRD05593,DR03874,PR00004,Yard C,13000,11258,1742,86.6,182,182,60
YRD05594,DR02661,PR00007,Yard A,14000,13594,406,97.1,319,306,94
YRD05595,DR07221,PR00003,Yard B,12000,8940,3060,74.5,339,276,60
YRD05596,DR06923,PR00004,Yard D,11000,7678,3322,69.8,287,236,57
YRD05597,DR00034,PR00007,Yard E,12500,11550,950,92.4,249,327,101
YRD05598,DR05144,PR00003,Yard D,11000,7546,3454,68.6,193,164,56
YRD05599,DR08115,PR00006,Yard A,14000,13790,210,98.5,246,234,95
YRD05600,DR05472,PR00004,Yard D,11000,8052,2948,73.2,330,289,53
YRD05601,DR00856,PR00004,Yard B,12000,9936,2064,82.8,239,261,92
YRD05602,DR06596,PR00007,Yard B,12000,9060,2940,75.5,328,204,64
YRD05603,DR03780,PR00001,Yard E,12500,11962,538,95.7,227,162,78
YRD05604,DR09968,PR00007,Yard A,14000,13790,210,98.5,217,214,84
YRD05605,DR08873,PR00003,Yard C,13000,11219,1781,86.3,266,277,82
YRD05606,DR01250,PR00004,Yard C,13000,11063,1937,85.1,206,243,99
YRD05607,DR06762,PR00003,Yard D,11000,7370,3630,67.0,285,217,63
YRD05608,DR03322,PR00002,Yard A,14000,13790,210,98.5,242,328,104
YRD05609,DR08227,PR00001,Yard A,14000,13776,224,98.4,253,182,136
YRD05610,DR00383,PR00007,Yard A,14000,12838,1162,91.7,324,199,61
YRD05611,DR03202,PR00004,Yard A,14000,13510,490,96.5,268,304,60
YRD05612,DR08338,PR00006,Yard E,12500,11462,1038,91.7,331,264,62
YRD05613,DR05546,PR00002,Yard C,13000,11115,1885,85.5,273,329,102
YRD05614,DR09859,PR00002,Yard B,12000,8196,3804,68.3,184,85,37
YRD05615,DR03069,PR00002,Yard B,12000,9144,2856,76.2,241,203,66
YRD05616,DR01465,PR00002,Yard A,14000,13790,210,98.5,168,239,65
YRD05617,DR05258,PR00003,Yard A,14000,13790,210,98.5,216,164,88
YRD05618,DR02608,PR00007,Yard A,14000,13790,210,98.5,256,275,68
YRD05619,DR08853,PR00006,Yard C,13000,10634,2366,81.8,282,328,62
YRD05620,DR09976,PR00003,Yard D,11000,7557,3443,68.7,231,209,55
YRD05621,DR06486,PR00002,Yard A,14000,13790,210,98.5,277,261,66
YRD05622,DR08131,PR00004,Yard D,11000,7788,3212,70.8,336,289,12
YRD05623,DR06736,PR00004,Yard D,11000,7359,3641,66.9,286,220,39
YRD05624,DR03059,PR00005,Yard C,13000,11817,1183,90.9,251,259,129
YRD05625,DR05858,PR00003,Yard C,13000,11687,1313,89.9,290,250,86
YRD05626,DR02850,PR00001,Yard E,12500,11362,1138,90.9,217,199,45
YRD05627,DR08455,PR00001,Yard B,12000,8724,3276,72.7,216,204,38
YRD05628,DR05945,PR00007,Yard A,14000,13790,210,98.5,230,248,110
YRD05629,DR01497,PR00005,Yard A,14000,13790,210,98.5,240,231,79
YRD05630,DR05509,PR00007,Yard B,12000,8520,3480,71.0,141,233,38
YRD05631,DR06887,PR00002,Yard A,14000,13790,210,98.5,276,267,64
YRD05632,DR06118,PR00003,Yard C,13000,11765,1235,90.5,277,257,85
YRD05633,DR09372,PR00002,Yard D,11000,7040,3960,64.0,193,226,50
YRD05634,DR08222,PR00007,Yard A,14000,13230,770,94.5,196,235,99
YRD05635,DR06469,PR00002,Yard C,13000,10803,2197,83.1,242,268,70
YRD05636,DR09020,PR00005,Yard D,11000,8019,2981,72.9,197,233,63
YRD05637,DR04921,PR00001,Yard D,11000,7282,3718,66.2,161,181,47
YRD05638,DR02905,PR00001,Yard A,14000,13790,210,98.5,230,350,112
YRD05639,DR02940,PR00001,Yard C,13000,11648,1352,89.6,175,178,65
YRD05640,DR03449,PR00003,Yard A,14000,13286,714,94.9,242,299,66
YRD05641,DR06802,PR00006,Yard C,13000,11492,1508,88.4,305,274,92
YRD05642,DR05407,PR00007,Yard B,12000,8700,3300,72.5,265,316,93
YRD05643,DR03329,PR00004,Yard D,11000,6930,4070,63.0,163,230,56
YRD05644,DR08430,PR00003,Yard A,14000,13202,798,94.3,223,205,76
YRD05645,DR00691,PR00006,Yard C,13000,11427,1573,87.9,228,229,91
YRD05646,DR06883,PR00001,Yard D,11000,6600,4400,60.0,233,247,46
YRD05647,DR00565,PR00006,Yard E,12500,11475,1025,91.8,222,125,95
YRD05648,DR08398,PR00005,Yard E,12500,12188,312,97.5,261,167,120
YRD05649,DR02936,PR00003,Yard A,14000,13034,966,93.1,234,307,75
YRD05650,DR04230,PR00001,Yard C,13000,10790,2210,83.0,289,287,83
YRD05651,DR04575,PR00002,Yard C,13000,11453,1547,88.1,325,338,68
YRD05652,DR00898,PR00003,Yard B,12000,8592,3408,71.6,200,239,73
YRD05653,DR01239,PR00007,Yard E,12500,10900,1600,87.2,178,183,109
YRD05654,DR00815,PR00004,Yard D,11000,7469,3531,67.9,291,317,60
YRD05655,DR01632,PR00003,Yard E,12500,11562,938,92.5,299,257,73
YRD05656,DR03174,PR00003,Yard C,13000,11323,1677,87.1,189,260,101
YRD05657,DR07636,PR00005,Yard E,12500,12288,212,98.3,238,222,61
YRD05658,DR01968,PR00002,Yard E,12500,11425,1075,91.4,215,164,85
YRD05659,DR06469,PR00001,Yard B,12000,8712,3288,72.6,188,194,82
YRD05660,DR02203,PR00005,Yard E,12500,11612,888,92.9,278,258,102
YRD05661,DR05432,PR00002,Yard B,12000,8124,3876,67.7,197,197,22
YRD05662,DR09020,PR00002,Yard E,12500,11738,762,93.9,250,242,54
YRD05663,DR03749,PR00003,Yard B,12000,9264,2736,77.2,236,243,60
YRD05664,DR09849,PR00002,Yard C,13000,11193,1807,86.1,261,190,51
YRD05665,DR00452,PR00007,Yard B,12000,8952,3048,74.6,207,161,68
YRD05666,DR05617,PR00006,Yard E,12500,10962,1538,87.7,206,251,102
YRD05667,DR06592,PR00007,Yard B,12000,8772,3228,73.1,174,215,59
YRD05668,DR02009,PR00007,Yard D,11000,7909,3091,71.9,256,222,53
YRD05669,DR07323,PR00002,Yard A,14000,12684,1316,90.6,147,195,71
YRD05670,DR09685,PR00003,Yard C,13000,11791,1209,90.7,236,292,60
YRD05671,DR04783,PR00005,Yard C,13000,11570,1430,89.0,333,206,75
YRD05672,DR01079,PR00001,Yard D,11000,8448,2552,76.8,300,294,68
YRD05673,DR04755,PR00007,Yard E,12500,11075,1425,88.6,213,212,71
YRD05674,DR04529,PR00001,Yard C,13000,11063,1937,85.1,184,223,97
YRD05675,DR09034,PR00003,Yard A,14000,13048,952,93.2,243,225,81
YRD05676,DR07593,PR00004,Yard A,14000,13790,210,98.5,221,222,85
YRD05677,DR07715,PR00007,Yard A,14000,13790,210,98.5,356,227,74
YRD05678,DR02260,PR00004,Yard A,14000,13790,210,98.5,289,229,75
YRD05679,DR01737,PR00004,Yard E,12500,11450,1050,91.6,220,173,100
YRD05680,DR01010,PR00002,Yard A,14000,13790,210,98.5,210,192,120
YRD05681,DR06321,PR00004,Yard E,12500,12312,188,98.5,314,275,76
YRD05682,DR03854,PR00005,Yard B,12000,9612,2388,80.1,327,350,45
YRD05683,DR09768,PR00003,Yard D,11000,7502,3498,68.2,206,255,44
YRD05684,DR09913,PR00005,Yard A,14000,13076,924,93.4,229,218,99
YRD05685,DR09406,PR00001,Yard E,12500,11350,1150,90.8,275,236,55
YRD05686,DR01757,PR00002,Yard B,12000,9372,2628,78.1,194,319,53
YRD05687,DR06926,PR00007,Yard D,11000,7678,3322,69.8,223,250,61
YRD05688,DR08509,PR00002,Yard B,12000,8940,3060,74.5,227,289,60
YRD05689,DR05946,PR00004,Yard B,12000,8916,3084,74.3,261,235,62
YRD05690,DR09487,PR00003,Yard A,14000,13790,210,98.5,223,252,62
YRD05691,DR08061,PR00007,Yard A,14000,13244,756,94.6,310,170,105
YRD05692,DR04707,PR00001,Yard C,13000,10634,2366,81.8,186,150,65
YRD05693,DR04697,PR00002,Yard A,14000,13062,938,93.3,169,195,95
YRD05694,DR07798,PR00006,Yard B,12000,9288,2712,77.4,258,206,53
YRD05695,DR02167,PR00004,Yard E,12500,11662,838,93.3,237,283,87
YRD05696,DR08781,PR00004,Yard C,13000,11167,1833,85.9,272,197,31
YRD05697,DR03088,PR00003,Yard C,13000,11076,1924,85.2,236,254,81
YRD05698,DR03788,PR00003,Yard A,14000,13538,462,96.7,244,245,117
YRD05699,DR08295,PR00007,Yard E,12500,11775,725,94.2,236,206,67
YRD05700,DR09930,PR00005,Yard A,14000,12978,1022,92.7,313,264,89
YRD05701,DR02370,PR00007,Yard D,11000,7007,3993,63.7,215,194,87
YRD05702,DR09702,PR00007,Yard C,13000,12129,871,93.3,173,214,97
YRD05703,DR02374,PR00004,Yard A,14000,13328,672,95.2,206,227,48
YRD05704,DR06886,PR00004,Yard D,11000,8085,2915,73.5,272,272,49
YRD05705,DR09966,PR00004,Yard B,12000,9156,2844,76.3,247,221,68
YRD05706,DR00096,PR00006,Yard E,12500,11488,1012,91.9,244,296,53
YRD05707,DR09787,PR00004,Yard D,11000,7227,3773,65.7,171,171,59
YRD05708,DR04896,PR00001,Yard D,11000,6930,4070,63.0,256,233,33
YRD05709,DR04319,PR00007,Yard D,11000,7601,3399,69.1,267,285,50
YRD05710,DR07121,PR00004,Yard A,14000,13300,700,95.0,273,305,83
YRD05711,DR07459,PR00006,Yard C,13000,11323,1677,87.1,275,240,63
YRD05712,DR08708,PR00003,Yard D,11000,7084,3916,64.4,155,279,64
YRD05713,DR01667,PR00003,Yard E,12500,11450,1050,91.6,326,297,122
YRD05714,DR05744,PR00005,Yard B,12000,8160,3840,68.0,176,329,72
YRD05715,DR00439,PR00005,Yard B,12000,8568,3432,71.4,252,297,50
YRD05716,DR09938,PR00001,Yard A,14000,13790,210,98.5,159,223,83
YRD05717,DR03741,PR00003,Yard E,12500,12312,188,98.5,259,224,46
YRD05718,DR00064,PR00005,Yard D,11000,7359,3641,66.9,257,226,71
YRD05719,DR09227,PR00007,Yard B,12000,10176,1824,84.8,293,256,95
YRD05720,DR01886,PR00001,Yard A,14000,13790,210,98.5,126,277,83
YRD05721,DR02446,PR00002,Yard C,13000,11271,1729,86.7,234,166,79
YRD05722,DR00217,PR00003,Yard A,14000,13748,252,98.2,217,256,90
YRD05723,DR04514,PR00002,Yard E,12500,10988,1512,87.9,239,261,100
YRD05724,DR08355,PR00001,Yard B,12000,8748,3252,72.9,186,151,39
YRD05725,DR02822,PR00003,Yard D,11000,7128,3872,64.8,228,169,42
YRD05726,DR03693,PR00004,Yard B,12000,8832,3168,73.6,181,223,69
YRD05727,DR00826,PR00003,Yard B,12000,9012,2988,75.1,254,261,58
YRD05728,DR07771,PR00003,Yard D,11000,7392,3608,67.2,326,243,69
YRD05729,DR00591,PR00007,Yard C,13000,10881,2119,83.7,216,177,40
YRD05730,DR01592,PR00003,Yard A,14000,13790,210,98.5,324,302,66
YRD05731,DR00784,PR00006,Yard D,11000,7854,3146,71.4,359,318,29
YRD05732,DR05003,PR00002,Yard B,12000,9072,2928,75.6,309,282,66
YRD05733,DR02860,PR00006,Yard B,12000,8268,3732,68.9,240,253,50
YRD05734,DR02482,PR00006,Yard D,11000,7722,3278,70.2,289,259,69
YRD05735,DR01809,PR00002,Yard B,12000,8712,3288,72.6,275,236,82
YRD05736,DR08856,PR00004,Yard A,14000,13790,210,98.5,286,222,120
YRD05737,DR03969,PR00005,Yard A,14000,13090,910,93.5,293,232,76
YRD05738,DR04091,PR00003,Yard A,14000,13790,210,98.5,220,201,96
YRD05739,DR05201,PR00005,Yard B,12000,9408,2592,78.4,265,170,47
YRD05740,DR09583,PR00002,Yard A,14000,13076,924,93.4,266,141,76
YRD05741,DR01538,PR00003,Yard B,12000,8412,3588,70.1,214,260,69
YRD05742,DR05611,PR00007,Yard A,14000,13790,210,98.5,261,238,78
YRD05743,DR05350,PR00001,Yard B,12000,8940,3060,74.5,232,170,28
YRD05744,DR05018,PR00001,Yard B,12000,8376,3624,69.8,234,190,33
YRD05745,DR08139,PR00001,Yard E,12500,12075,425,96.6,291,325,104
YRD05746,DR09991,PR00007,Yard E,12500,12312,188,98.5,214,250,70
YRD05747,DR09160,PR00001,Yard E,12500,11500,1000,92.0,208,261,109
YRD05748,DR03556,PR00001,Yard D,11000,7579,3421,68.9,196,238,94
YRD05749,DR07396,PR00005,Yard A,14000,13566,434,96.9,243,235,108
YRD05750,DR03763,PR00005,Yard E,12500,11412,1088,91.3,285,287,104
YRD05751,DR00591,PR00003,Yard D,11000,7370,3630,67.0,239,222,54
YRD05752,DR05018,PR00007,Yard B,12000,9264,2736,77.2,287,258,57
YRD05753,DR00296,PR00001,Yard B,12000,9228,2772,76.9,168,263,67
YRD05754,DR03551,PR00004,Yard B,12000,8880,3120,74.0,224,254,72
YRD05755,DR03501,PR00004,Yard E,12500,12238,262,97.9,326,294,79
YRD05756,DR04910,PR00002,Yard D,11000,7634,3366,69.4,203,289,44
YRD05757,DR08454,PR00006,Yard E,12500,11262,1238,90.1,332,251,95
YRD05758,DR07933,PR00004,Yard B,12000,9396,2604,78.3,252,170,36
YRD05759,DR05798,PR00002,Yard A,14000,13776,224,98.4,328,211,82
YRD05760,DR02726,PR00001,Yard A,14000,13496,504,96.4,243,227,88
YRD05761,DR07589,PR00001,Yard C,13000,10920,2080,84.0,245,134,42
YRD05762,DR07342,PR00006,Yard E,12500,11262,1238,90.1,283,283,120
YRD05763,DR06165,PR00002,Yard D,11000,6919,4081,62.9,145,249,27
YRD05764,DR05619,PR00007,Yard A,14000,13524,476,96.6,149,162,113
YRD05765,DR02409,PR00001,Yard B,12000,8592,3408,71.6,190,221,79
YRD05766,DR04680,PR00007,Yard D,11000,7920,3080,72.0,245,231,73
YRD05767,DR06517,PR00006,Yard C,13000,11128,1872,85.6,270,216,45
YRD05768,DR03464,PR00001,Yard E,12500,11312,1188,90.5,221,247,135
YRD05769,DR03000,PR00001,Yard D,11000,7733,3267,70.3,298,222,69
YRD05770,DR02736,PR00006,Yard B,12000,8916,3084,74.3,186,164,13
YRD05771,DR04322,PR00001,Yard D,11000,7458,3542,67.8,257,267,46
YRD05772,DR00057,PR00002,Yard E,12500,11462,1038,91.7,259,224,117
YRD05773,DR08698,PR00006,Yard B,12000,8688,3312,72.4,255,224,59
YRD05774,DR06969,PR00007,Yard A,14000,13636,364,97.4,257,234,147
YRD05775,DR00148,PR00005,Yard C,13000,10478,2522,80.6,296,230,89
YRD05776,DR07389,PR00006,Yard E,12500,11662,838,93.3,221,261,98
YRD05777,DR09005,PR00004,Yard D,11000,6787,4213,61.7,291,245,57
YRD05778,DR03996,PR00005,Yard B,12000,8460,3540,70.5,250,265,32
YRD05779,DR05611,PR00002,Yard E,12500,11225,1275,89.8,225,281,48
YRD05780,DR03036,PR00006,Yard D,11000,8272,2728,75.2,231,251,46
YRD05781,DR05818,PR00005,Yard E,12500,12312,188,98.5,298,193,100
YRD05782,DR07370,PR00004,Yard C,13000,11388,1612,87.6,195,194,90
YRD05783,DR04534,PR00007,Yard B,12000,9480,2520,79.0,306,180,60
YRD05784,DR06364,PR00003,Yard B,12000,9444,2556,78.7,195,216,68
YRD05785,DR02609,PR00004,Yard E,12500,10975,1525,87.8,210,133,116
YRD05786,DR04452,PR00003,Yard D,11000,7359,3641,66.9,175,185,52
YRD05787,DR02664,PR00002,Yard A,14000,13790,210,98.5,341,350,84
YRD05788,DR02368,PR00002,Yard E,12500,11400,1100,91.2,210,146,89
YRD05789,DR06194,PR00007,Yard C,13000,11141,1859,85.7,236,194,55
YRD05790,DR06386,PR00003,Yard D,11000,7678,3322,69.8,206,247,62
YRD05791,DR00904,PR00005,Yard E,12500,11238,1262,89.9,254,277,83
YRD05792,DR01023,PR00004,Yard E,12500,11725,775,93.8,232,199,70
YRD05793,DR04050,PR00006,Yard A,14000,13496,504,96.4,282,188,61
YRD05794,DR09353,PR00005,Yard D,11000,6930,4070,63.0,222,233,40
YRD05795,DR02101,PR00001,Yard C,13000,11934,1066,91.8,272,332,84
YRD05796,DR01066,PR00002,Yard B,12000,9132,2868,76.1,211,201,33
YRD05797,DR03344,PR00005,Yard A,14000,13398,602,95.7,234,261,78
YRD05798,DR04288,PR00001,Yard B,12000,8916,3084,74.3,205,271,54
YRD05799,DR03812,PR00003,Yard B,12000,8424,3576,70.2,239,248,67
YRD05800,DR08754,PR00002,Yard B,12000,9228,2772,76.9,206,252,68
YRD05801,DR00118,PR00001,Yard C,13000,10153,2847,78.1,258,247,66
YRD05802,DR00944,PR00007,Yard B,12000,9336,2664,77.8,199,180,58
YRD05803,DR09658,PR00007,Yard E,12500,11112,1388,88.9,176,201,98
YRD05804,DR02891,PR00005,Yard A,14000,13300,700,95.0,220,223,90
YRD05805,DR02427,PR00002,Yard B,12000,8916,3084,74.3,202,225,36
YRD05806,DR03329,PR00007,Yard B,12000,9240,2760,77.0,288,206,81
YRD05807,DR08131,PR00004,Yard D,11000,7117,3883,64.7,305,173,53
YRD05808,DR05109,PR00007,Yard C,13000,11180,1820,86.0,278,328,86
YRD05809,DR06200,PR00001,Yard B,12000,8580,3420,71.5,267,190,86
YRD05810,DR02037,PR00001,Yard E,12500,11812,688,94.5,234,222,96
YRD05811,DR07073,PR00005,Yard B,12000,9300,2700,77.5,264,244,92
YRD05812,DR08061,PR00007,Yard B,12000,9252,2748,77.1,167,171,35
YRD05813,DR04560,PR00001,Yard A,14000,13314,686,95.1,204,197,104
YRD05814,DR08602,PR00002,Yard A,14000,13790,210,98.5,196,158,84
YRD05815,DR04015,PR00004,Yard E,12500,11362,1138,90.9,151,235,112
YRD05816,DR03915,PR00007,Yard D,11000,7898,3102,71.8,323,245,67
YRD05817,DR07773,PR00006,Yard D,11000,7403,3597,67.3,237,224,27
YRD05818,DR02480,PR00007,Yard E,12500,12175,325,97.4,242,312,95
YRD05819,DR09807,PR00005,Yard D,11000,7491,3509,68.1,177,160,40
YRD05820,DR04156,PR00006,Yard C,13000,11934,1066,91.8,244,203,80
YRD05821,DR08893,PR00003,Yard E,12500,11575,925,92.6,310,230,100
YRD05822,DR05493,PR00001,Yard A,14000,13790,210,98.5,260,253,93
YRD05823,DR00432,PR00005,Yard B,12000,8412,3588,70.1,280,147,43
YRD05824,DR00704,PR00004,Yard D,11000,7546,3454,68.6,179,235,31
YRD05825,DR00677,PR00003,Yard E,12500,11612,888,92.9,360,338,73
YRD05826,DR09603,PR00002,Yard B,12000,9756,2244,81.3,252,264,95
YRD05827,DR01667,PR00006,Yard C,13000,11466,1534,88.2,232,213,91
YRD05828,DR04704,PR00006,Yard D,11000,7986,3014,72.6,158,188,64
YRD05829,DR08547,PR00003,Yard B,12000,9132,2868,76.1,227,273,42
YRD05830,DR01052,PR00007,Yard C,13000,10842,2158,83.4,278,210,75
YRD05831,DR07139,PR00003,Yard C,13000,11518,1482,88.6,313,214,91
YRD05832,DR04289,PR00001,Yard E,12500,11050,1450,88.4,247,310,49
YRD05833,DR03629,PR00001,Yard A,14000,13790,210,98.5,285,272,78
YRD05834,DR02947,PR00003,Yard A,14000,13790,210,98.5,293,248,75
YRD05835,DR07272,PR00001,Yard A,14000,13580,420,97.0,289,275,94
YRD05836,DR06937,PR00005,Yard D,11000,7711,3289,70.1,242,194,43
YRD05837,DR08454,PR00006,Yard A,14000,13146,854,93.9,152,184,69
YRD05838,DR07002,PR00004,Yard B,12000,9264,2736,77.2,301,217,70
YRD05839,DR00712,PR00006,Yard E,12500,12250,250,98.0,295,232,73
YRD05840,DR09465,PR00007,Yard E,12500,11612,888,92.9,229,196,52
YRD05841,DR06310,PR00003,Yard C,13000,11453,1547,88.1,268,156,56
YRD05842,DR04275,PR00001,Yard A,14000,13496,504,96.4,311,190,107
YRD05843,DR07068,PR00002,Yard A,14000,13790,210,98.5,204,268,94
YRD05844,DR09959,PR00004,Yard A,14000,13790,210,98.5,193,303,88
YRD05845,DR08351,PR00003,Yard E,12500,12238,262,97.9,301,212,92
YRD05846,DR04337,PR00005,Yard B,12000,8652,3348,72.1,212,268,66
YRD05847,DR08009,PR00004,Yard B,12000,9420,2580,78.5,360,282,31
YRD05848,DR07660,PR00004,Yard E,12500,10962,1538,87.7,151,204,94
YRD05849,DR08808,PR00001,Yard C,13000,10296,2704,79.2,255,186,50
YRD05850,DR03159,PR00002,Yard D,11000,7458,3542,67.8,318,117,46
YRD05851,DR02875,PR00003,Yard B,12000,8652,3348,72.1,271,181,65
YRD05852,DR06700,PR00006,Yard B,12000,8796,3204,73.3,151,190,62
YRD05853,DR07143,PR00005,Yard A,14000,12796,1204,91.4,178,278,73
YRD05854,DR02273,PR00004,Yard E,12500,11888,612,95.1,254,283,43
YRD05855,DR01299,PR00005,Yard D,11000,7326,3674,66.6,289,236,46
YRD05856,DR05558,PR00003,Yard C,13000,12064,936,92.8,304,288,48
YRD05857,DR05868,PR00001,Yard C,13000,10569,2431,81.3,292,322,55
YRD05858,DR09499,PR00002,Yard B,12000,9168,2832,76.4,331,290,90
YRD05859,DR04826,PR00001,Yard B,12000,9264,2736,77.2,198,240,52
YRD05860,DR00612,PR00001,Yard E,12500,12188,312,97.5,184,238,76
YRD05861,DR00695,PR00002,Yard A,14000,13790,210,98.5,327,255,71
YRD05862,DR03042,PR00006,Yard E,12500,12062,438,96.5,236,288,109
YRD05863,DR04198,PR00001,Yard B,12000,9420,2580,78.5,246,301,67
YRD05864,DR08967,PR00001,Yard D,11000,7128,3872,64.8,270,258,51
YRD05865,DR00248,PR00001,Yard A,14000,13300,700,95.0,263,105,106
YRD05866,DR09093,PR00002,Yard C,13000,10686,2314,82.2,227,179,100
YRD05867,DR04204,PR00002,Yard B,12000,9456,2544,78.8,303,220,69
YRD05868,DR01656,PR00001,Yard A,14000,13790,210,98.5,303,128,72
YRD05869,DR00195,PR00002,Yard B,12000,9036,2964,75.3,336,306,40
YRD05870,DR04370,PR00007,Yard B,12000,9456,2544,78.8,329,330,81
YRD05871,DR06486,PR00002,Yard D,11000,8030,2970,73.0,302,276,59
YRD05872,DR03268,PR00002,Yard A,14000,13790,210,98.5,238,225,85
YRD05873,DR01511,PR00003,Yard E,12500,11900,600,95.2,215,208,70
YRD05874,DR00322,PR00002,Yard C,13000,11921,1079,91.7,246,190,80
YRD05875,DR07902,PR00004,Yard A,14000,13622,378,97.3,296,289,64
YRD05876,DR01632,PR00003,Yard B,12000,9072,2928,75.6,294,218,71
YRD05877,DR03436,PR00006,Yard B,12000,9576,2424,79.8,251,271,48
YRD05878,DR04160,PR00007,Yard B,12000,8628,3372,71.9,267,253,86
YRD05879,DR07150,PR00005,Yard B,12000,9576,2424,79.8,196,320,67
YRD05880,DR08270,PR00002,Yard D,11000,7997,3003,72.7,273,186,37
YRD05881,DR08332,PR00003,Yard A,14000,13790,210,98.5,284,267,54
YRD05882,DR02838,PR00002,Yard D,11000,7249,3751,65.9,286,300,59
YRD05883,DR09802,PR00006,Yard C,13000,11336,1664,87.2,300,312,67
YRD05884,DR06411,PR00001,Yard E,12500,11538,962,92.3,244,206,117
YRD05885,DR05956,PR00004,Yard C,13000,12090,910,93.0,224,161,88
YRD05886,DR05667,PR00002,Yard A,14000,13790,210,98.5,295,301,98
YRD05887,DR03777,PR00003,Yard C,13000,11414,1586,87.8,234,190,44
YRD05888,DR06591,PR00002,Yard B,12000,7956,4044,66.3,260,282,86
YRD05889,DR08970,PR00003,Yard C,13000,10946,2054,84.2,300,281,91
YRD05890,DR02168,PR00005,Yard D,11000,7689,3311,69.9,270,245,64
YRD05891,DR04537,PR00004,Yard C,13000,11752,1248,90.4,156,238,74
YRD05892,DR03849,PR00002,Yard B,12000,9792,2208,81.6,319,254,75
YRD05893,DR03814,PR00001,Yard C,13000,10491,2509,80.7,271,230,75
YRD05894,DR04615,PR00006,Yard A,14000,13790,210,98.5,333,202,125
YRD05895,DR08904,PR00003,Yard B,12000,9288,2712,77.4,286,179,66
YRD05896,DR07841,PR00004,Yard D,11000,7425,3575,67.5,268,231,76
YRD05897,DR07616,PR00003,Yard B,12000,8796,3204,73.3,177,230,25
YRD05898,DR09031,PR00004,Yard A,14000,13552,448,96.8,293,166,96
YRD05899,DR01443,PR00004,Yard C,13000,11765,1235,90.5,303,292,79
YRD05900,DR05166,PR00001,Yard E,12500,11388,1112,91.1,244,228,80
YRD05901,DR06172,PR00003,Yard E,12500,11662,838,93.3,254,226,59
YRD05902,DR08557,PR00003,Yard E,12500,10988,1512,87.9,172,173,128
YRD05903,DR04889,PR00001,Yard A,14000,13118,882,93.7,192,255,92
YRD05904,DR00213,PR00005,Yard D,11000,7623,3377,69.3,260,229,27
YRD05905,DR02003,PR00002,Yard C,13000,11466,1534,88.2,188,187,91
YRD05906,DR05814,PR00001,Yard D,11000,7403,3597,67.3,238,223,33
YRD05907,DR05735,PR00006,Yard E,12500,10738,1762,85.9,138,209,66
YRD05908,DR04748,PR00006,Yard D,11000,7678,3322,69.8,152,222,52
YRD05909,DR02985,PR00002,Yard B,12000,9324,2676,77.7,275,322,63
YRD05910,DR06395,PR00005,Yard A,14000,13398,602,95.7,243,168,108
YRD05911,DR04550,PR00001,Yard C,13000,11180,1820,86.0,253,242,83
YRD05912,DR04555,PR00005,Yard E,12500,10812,1688,86.5,257,173,71
YRD05913,DR03728,PR00003,Yard E,12500,11312,1188,90.5,245,139,57
YRD05914,DR02215,PR00006,Yard B,12000,8988,3012,74.9,255,203,61
YRD05915,DR02883,PR00003,Yard D,11000,7139,3861,64.9,239,212,72
YRD05916,DR00810,PR00002,Yard A,14000,13594,406,97.1,299,259,110
YRD05917,DR01511,PR00006,Yard B,12000,8760,3240,73.0,255,164,69
YRD05918,DR02258,PR00001,Yard C,13000,10309,2691,79.3,247,280,57
YRD05919,DR04518,PR00001,Yard D,11000,7414,3586,67.4,283,285,29
YRD05920,DR09352,PR00003,Yard D,11000,8459,2541,76.9,354,260,17
YRD05921,DR08614,PR00004,Yard A,14000,13104,896,93.6,337,232,100
YRD05922,DR05778,PR00001,Yard C,13000,11674,1326,89.8,198,291,101
YRD05923,DR01605,PR00004,Yard A,14000,13790,210,98.5,256,202,76
YRD05924,DR00523,PR00003,Yard A,14000,13762,238,98.3,258,269,96
YRD05925,DR00409,PR00004,Yard D,11000,7678,3322,69.8,360,258,31
YRD05926,DR07460,PR00007,Yard D,11000,7139,3861,64.9,276,295,77
YRD05927,DR00003,PR00003,Yard E,12500,11950,550,95.6,273,299,72
YRD05928,DR07507,PR00004,Yard A,14000,13790,210,98.5,219,248,94
YRD05929,DR00768,PR00003,Yard A,14000,13790,210,98.5,337,345,63
YRD05930,DR06610,PR00001,Yard A,14000,13776,224,98.4,228,253,76
YRD05931,DR06365,PR00006,Yard A,14000,13426,574,95.9,262,255,91
YRD05932,DR01785,PR00006,Yard B,12000,8844,3156,73.7,190,239,37
YRD05933,DR08315,PR00006,Yard D,11000,7128,3872,64.8,142,269,45
YRD05934,DR06464,PR00007,Yard A,14000,13720,280,98.0,287,291,82
YRD05935,DR02219,PR00003,Yard A,14000,12362,1638,88.3,220,226,99
YRD05936,DR06372,PR00004,Yard C,13000,11674,1326,89.8,248,212,96
YRD05937,DR06837,PR00001,Yard E,12500,12312,188,98.5,231,256,126
YRD05938,DR00563,PR00007,Yard D,11000,7183,3817,65.3,302,214,63
YRD05939,DR03675,PR00004,Yard D,11000,8063,2937,73.3,119,208,65
YRD05940,DR06875,PR00002,Yard E,12500,11325,1175,90.6,295,231,110
YRD05941,DR04365,PR00006,Yard C,13000,10894,2106,83.8,240,224,60
YRD05942,DR03667,PR00004,Yard C,13000,10894,2106,83.8,213,245,71
YRD05943,DR08888,PR00007,Yard E,12500,11362,1138,90.9,175,169,77
YRD05944,DR09710,PR00005,Yard B,12000,9468,2532,78.9,231,188,40
YRD05945,DR07450,PR00006,Yard C,13000,11596,1404,89.2,168,182,93
YRD05946,DR03060,PR00004,Yard E,12500,11888,612,95.1,319,339,86
YRD05947,DR04413,PR00003,Yard E,12500,12050,450,96.4,273,263,108
YRD05948,DR06202,PR00005,Yard D,11000,7590,3410,69.0,320,263,60
YRD05949,DR00773,PR00001,Yard E,12500,11562,938,92.5,260,349,69
YRD05950,DR04501,PR00001,Yard D,11000,7634,3366,69.4,180,168,68
YRD05951,DR08674,PR00007,Yard A,14000,13790,210,98.5,313,184,93
YRD05952,DR04304,PR00007,Yard C,13000,11310,1690,87.0,302,210,71
YRD05953,DR03641,PR00007,Yard A,14000,13790,210,98.5,265,294,94
YRD05954,DR09608,PR00001,Yard A,14000,13790,210,98.5,272,187,84
YRD05955,DR07245,PR00002,Yard E,12500,11538,962,92.3,281,198,70
YRD05956,DR03787,PR00007,Yard D,11000,7722,3278,70.2,156,227,73
YRD05957,DR04807,PR00001,Yard D,11000,8195,2805,74.5,268,277,74
YRD05958,DR04559,PR00003,Yard E,12500,11262,1238,90.1,284,298,79
YRD05959,DR02635,PR00002,Yard E,12500,11512,988,92.1,288,218,96
YRD05960,DR01363,PR00006,Yard C,13000,10959,2041,84.3,185,249,44
YRD05961,DR09595,PR00003,Yard A,14000,13188,812,94.2,215,213,90
YRD05962,DR07159,PR00002,Yard D,11000,8184,2816,74.4,213,209,51
YRD05963,DR05176,PR00003,Yard D,11000,7315,3685,66.5,256,240,42
YRD05964,DR09146,PR00001,Yard B,12000,7608,4392,63.4,242,190,39
YRD05965,DR06181,PR00005,Yard C,13000,10790,2210,83.0,181,233,54
YRD05966,DR05108,PR00004,Yard A,14000,13790,210,98.5,253,209,95
YRD05967,DR02905,PR00004,Yard B,12000,8052,3948,67.1,275,264,34
YRD05968,DR02218,PR00003,Yard B,12000,10656,1344,88.8,329,204,84
YRD05969,DR06411,PR00002,Yard A,14000,13776,224,98.4,262,336,115
YRD05970,DR01173,PR00001,Yard D,11000,7227,3773,65.7,206,237,41
YRD05971,DR02825,PR00007,Yard A,14000,13608,392,97.2,303,298,94
YRD05972,DR00334,PR00003,Yard E,12500,11638,862,93.1,304,251,82
YRD05973,DR07825,PR00003,Yard C,13000,11050,1950,85.0,251,226,89
YRD05974,DR00342,PR00003,Yard A,14000,13790,210,98.5,213,250,90
YRD05975,DR03425,PR00007,Yard D,11000,7678,3322,69.8,316,283,68
YRD05976,DR02634,PR00006,Yard A,14000,13692,308,97.8,272,210,107
YRD05977,DR03145,PR00001,Yard E,12500,12050,450,96.4,343,252,79
YRD05978,DR00343,PR00004,Yard E,12500,11112,1388,88.9,270,188,49
YRD05979,DR05059,PR00003,Yard C,13000,11258,1742,86.6,203,286,63
YRD05980,DR05224,PR00006,Yard B,12000,9408,2592,78.4,211,251,60
YRD05981,DR09227,PR00007,Yard B,12000,9024,2976,75.2,235,198,69
YRD05982,DR01050,PR00005,Yard D,11000,8195,2805,74.5,242,196,47
YRD05983,DR09680,PR00006,Yard B,12000,9336,2664,77.8,245,220,87
YRD05984,DR08275,PR00003,Yard E,12500,12000,500,96.0,219,256,54
YRD05985,DR05224,PR00003,Yard D,11000,7260,3740,66.0,194,206,53
YRD05986,DR07400,PR00004,Yard E,12500,11450,1050,91.6,169,184,83
YRD05987,DR05069,PR00005,Yard C,13000,11544,1456,88.8,127,252,79
YRD05988,DR05392,PR00002,Yard D,11000,7183,3817,65.3,222,248,57
YRD05989,DR07276,PR00003,Yard D,11000,7964,3036,72.4,246,204,67
YRD05990,DR09450,PR00001,Yard E,12500,10588,1912,84.7,193,242,83
YRD05991,DR04661,PR00002,Yard D,11000,7447,3553,67.7,252,237,58
YRD05992,DR06702,PR00006,Yard E,12500,11675,825,93.4,319,247,117
YRD05993,DR01969,PR00001,Yard A,14000,13664,336,97.6,280,243,93
YRD05994,DR03857,PR00006,Yard B,12000,8964,3036,74.7,228,280,31
YRD05995,DR01421,PR00003,Yard C,13000,11011,1989,84.7,182,201,42
YRD05996,DR01969,PR00004,Yard C,13000,11921,1079,91.7,295,322,86
YRD05997,DR07117,PR00007,Yard B,12000,9108,2892,75.9,211,244,50
YRD05998,DR01177,PR00006,Yard D,11000,7513,3487,68.3,228,276,55
YRD05999,DR01508,PR00006,Yard E,12500,11475,1025,91.8,198,236,82
YRD06000,DR01632,PR00002,Yard C,13000,11245,1755,86.5,285,268,75
YRD06001,DR03219,PR00003,Yard C,13000,11856,1144,91.2,296,251,117
YRD06002,DR01112,PR00005,Yard D,11000,7447,3553,67.7,257,224,47
YRD06003,DR03383,PR00005,Yard C,13000,12233,767,94.1,187,251,72
YRD06004,DR08370,PR00006,Yard C,13000,10777,2223,82.9,320,269,86
YRD06005,DR01898,PR00005,Yard B,12000,8700,3300,72.5,296,292,52
YRD06006,DR03677,PR00002,Yard D,11000,7964,3036,72.4,265,248,37
YRD06007,DR07228,PR00002,Yard E,12500,11588,912,92.7,254,217,89
YRD06008,DR03940,PR00007,Yard E,12500,11288,1212,90.3,191,248,80
YRD06009,DR06605,PR00004,Yard B,12000,9444,2556,78.7,202,218,41
YRD06010,DR00292,PR00005,Yard C,13000,11011,1989,84.7,234,320,80
YRD06011,DR01759,PR00004,Yard E,12500,11325,1175,90.6,256,225,114
YRD06012,DR03708,PR00007,Yard A,14000,13790,210,98.5,274,233,117
YRD06013,DR03170,PR00006,Yard E,12500,11162,1338,89.3,272,242,55
YRD06014,DR04540,PR00002,Yard D,11000,7502,3498,68.2,205,142,62
YRD06015,DR03519,PR00006,Yard C,13000,11453,1547,88.1,217,223,56
YRD06016,DR04150,PR00002,Yard E,12500,11288,1212,90.3,191,350,56
YRD06017,DR05684,PR00003,Yard E,12500,10762,1738,86.1,302,266,76
YRD06018,DR09974,PR00006,Yard E,12500,11425,1075,91.4,195,246,92
YRD06019,DR08058,PR00002,Yard D,11000,8360,2640,76.0,263,196,79
YRD06020,DR05719,PR00002,Yard E,12500,11362,1138,90.9,169,219,85
YRD06021,DR00137,PR00004,Yard D,11000,7799,3201,70.9,204,284,86
YRD06022,DR03942,PR00007,Yard E,12500,11638,862,93.1,329,248,101
YRD06023,DR05447,PR00001,Yard E,12500,10875,1625,87.0,233,227,74
YRD06024,DR07175,PR00005,Yard D,11000,7898,3102,71.8,246,280,63
YRD06025,DR04893,PR00003,Yard C,13000,11414,1586,87.8,261,176,50
YRD06026,DR01712,PR00003,Yard A,14000,13790,210,98.5,298,250,95
YRD06027,DR08859,PR00005,Yard C,13000,10270,2730,79.0,353,189,46
YRD06028,DR01039,PR00004,Yard B,12000,8832,3168,73.6,262,199,73
YRD06029,DR06135,PR00006,Yard A,14000,13790,210,98.5,224,314,91
YRD06030,DR03199,PR00005,Yard D,11000,7491,3509,68.1,192,189,75
YRD06031,DR04085,PR00007,Yard E,12500,11875,625,95.0,260,248,77
YRD06032,DR06241,PR00006,Yard B,12000,9132,2868,76.1,301,273,74
YRD06033,DR07325,PR00001,Yard D,11000,7744,3256,70.4,263,254,46
YRD06034,DR09408,PR00005,Yard A,14000,13426,574,95.9,240,168,70
YRD06035,DR00571,PR00004,Yard A,14000,13510,490,96.5,229,184,109
YRD06036,DR04676,PR00001,Yard A,14000,13356,644,95.4,320,214,110
YRD06037,DR05565,PR00004,Yard A,14000,13776,224,98.4,289,296,98
YRD06038,DR03099,PR00005,Yard C,13000,11206,1794,86.2,221,237,59
YRD06039,DR01991,PR00001,Yard A,14000,13762,238,98.3,292,291,115
YRD06040,DR02411,PR00003,Yard C,13000,11622,1378,89.4,250,206,68
YRD06041,DR06334,PR00004,Yard B,12000,9864,2136,82.2,231,212,105
YRD06042,DR05664,PR00003,Yard B,12000,8712,3288,72.6,290,261,41
YRD06043,DR05841,PR00006,Yard D,11000,8239,2761,74.9,278,168,61
YRD06044,DR08711,PR00001,Yard D,11000,6787,4213,61.7,288,209,33
YRD06045,DR03076,PR00005,Yard D,11000,6996,4004,63.6,142,222,17
YRD06046,DR06837,PR00005,Yard A,14000,13188,812,94.2,178,183,95
YRD06047,DR04678,PR00003,Yard D,11000,7293,3707,66.3,241,272,43
YRD06048,DR05885,PR00003,Yard D,11000,7161,3839,65.1,190,185,69
YRD06049,DR00259,PR00001,Yard A,14000,13790,210,98.5,247,129,78
YRD06050,DR01645,PR00001,Yard D,11000,6666,4334,60.6,207,213,36
YRD06051,DR05382,PR00003,Yard A,14000,13258,742,94.7,154,225,111
YRD06052,DR01223,PR00002,Yard A,14000,13356,644,95.4,293,263,104
YRD06053,DR04681,PR00006,Yard B,12000,8412,3588,70.1,240,237,71
YRD06054,DR09589,PR00004,Yard E,12500,11488,1012,91.9,328,256,106
YRD06055,DR08601,PR00001,Yard A,14000,13790,210,98.5,191,294,96
YRD06056,DR06688,PR00002,Yard C,13000,11895,1105,91.5,284,211,69
YRD06057,DR08010,PR00006,Yard A,14000,13790,210,98.5,232,211,108
YRD06058,DR03372,PR00002,Yard B,12000,9312,2688,77.6,331,205,49
YRD06059,DR05559,PR00005,Yard B,12000,8880,3120,74.0,260,254,26
YRD06060,DR07147,PR00001,Yard E,12500,11862,638,94.9,320,177,66
YRD06061,DR08149,PR00007,Yard A,14000,13608,392,97.2,227,246,132
YRD06062,DR04109,PR00003,Yard C,13000,10959,2041,84.3,279,184,100
YRD06063,DR02670,PR00003,Yard E,12500,11362,1138,90.9,221,184,75
YRD06064,DR03656,PR00004,Yard B,12000,8772,3228,73.1,254,246,47
YRD06065,DR03805,PR00003,Yard A,14000,13790,210,98.5,262,172,77
YRD06066,DR05684,PR00005,Yard D,11000,7513,3487,68.3,271,236,70
YRD06067,DR06188,PR00001,Yard A,14000,13790,210,98.5,206,236,90
YRD06068,DR00386,PR00001,Yard B,12000,8844,3156,73.7,288,247,31
YRD06069,DR09389,PR00001,Yard D,11000,7238,3762,65.8,265,215,78
YRD06070,DR09684,PR00004,Yard B,12000,9132,2868,76.1,313,208,51
YRD06071,DR03634,PR00006,Yard D,11000,7436,3564,67.6,284,207,62
YRD06072,DR07166,PR00001,Yard C,13000,10907,2093,83.9,283,260,85
YRD06073,DR03791,PR00006,Yard B,12000,10488,1512,87.4,281,240,81
YRD06074,DR04944,PR00006,Yard A,14000,13636,364,97.4,226,293,88
YRD06075,DR07910,PR00001,Yard D,11000,7051,3949,64.1,227,219,82
YRD06076,DR05727,PR00001,Yard A,14000,13790,210,98.5,220,284,102
YRD06077,DR01731,PR00002,Yard C,13000,11557,1443,88.9,266,243,95
YRD06078,DR07560,PR00001,Yard B,12000,9648,2352,80.4,210,324,40
YRD06079,DR00030,PR00005,Yard C,13000,11050,1950,85.0,222,254,45
YRD06080,DR05937,PR00003,Yard B,12000,8736,3264,72.8,197,127,40
YRD06081,DR02007,PR00003,Yard B,12000,8688,3312,72.4,198,265,42
YRD06082,DR05199,PR00005,Yard D,11000,7315,3685,66.5,329,234,81
YRD06083,DR02659,PR00002,Yard B,12000,9192,2808,76.6,326,267,43
YRD06084,DR02090,PR00006,Yard C,13000,11960,1040,92.0,274,267,80
YRD06085,DR03948,PR00004,Yard E,12500,12262,238,98.1,242,266,70
YRD06086,DR04364,PR00002,Yard A,14000,13048,952,93.2,287,274,120
YRD06087,DR05915,PR00003,Yard E,12500,12012,488,96.1,267,242,77
YRD06088,DR06922,PR00002,Yard C,13000,11141,1859,85.7,264,214,72
YRD06089,DR03173,PR00007,Yard B,12000,9300,2700,77.5,329,279,78
YRD06090,DR05341,PR00003,Yard D,11000,7128,3872,64.8,238,182,59
YRD06091,DR04187,PR00006,Yard E,12500,11388,1112,91.1,255,206,64
YRD06092,DR03165,PR00007,Yard B,12000,8244,3756,68.7,198,197,47
YRD06093,DR05992,PR00003,Yard C,13000,11830,1170,91.0,205,278,71
YRD06094,DR08704,PR00005,Yard A,14000,13146,854,93.9,196,235,99
YRD06095,DR07878,PR00004,Yard C,13000,11505,1495,88.5,261,157,73
YRD06096,DR01355,PR00001,Yard E,12500,11950,550,95.6,360,334,94
YRD06097,DR07805,PR00007,Yard C,13000,10348,2652,79.6,122,226,101
YRD06098,DR09052,PR00003,Yard C,13000,11960,1040,92.0,233,236,104
YRD06099,DR06394,PR00006,Yard C,13000,11557,1443,88.9,256,321,73
YRD06100,DR02781,PR00004,Yard B,12000,9588,2412,79.9,235,184,72
YRD06101,DR09580,PR00001,Yard B,12000,8796,3204,73.3,252,268,66
YRD06102,DR04079,PR00003,Yard A,14000,13790,210,98.5,360,276,90
YRD06103,DR08774,PR00001,Yard D,11000,7326,3674,66.6,166,265,28
YRD06104,DR06299,PR00001,Yard D,11000,7249,3751,65.9,218,227,77
YRD06105,DR01762,PR00005,Yard B,12000,9576,2424,79.8,241,218,36
YRD06106,DR02186,PR00001,Yard B,12000,8820,3180,73.5,228,173,47
YRD06107,DR08136,PR00007,Yard C,13000,10972,2028,84.4,140,180,55
YRD06108,DR06563,PR00003,Yard B,12000,8484,3516,70.7,287,197,77
YRD06109,DR05270,PR00003,Yard C,13000,11401,1599,87.7,258,262,63
YRD06110,DR07126,PR00002,Yard E,12500,11225,1275,89.8,237,248,59
YRD06111,DR04018,PR00001,Yard D,11000,7117,3883,64.7,229,133,35
YRD06112,DR01916,PR00004,Yard A,14000,12712,1288,90.8,246,179,58
YRD06113,DR00262,PR00002,Yard A,14000,13468,532,96.2,331,196,83
YRD06114,DR01067,PR00004,Yard A,14000,13650,350,97.5,249,274,112
YRD06115,DR05592,PR00004,Yard D,11000,7183,3817,65.3,204,249,45
YRD06116,DR02590,PR00002,Yard D,11000,6776,4224,61.6,130,231,45
YRD06117,DR06381,PR00003,Yard B,12000,8952,3048,74.6,191,250,77
YRD06118,DR09835,PR00002,Yard C,13000,11648,1352,89.6,311,186,85
YRD06119,DR05553,PR00002,Yard E,12500,11825,675,94.6,254,218,76
YRD06120,DR09387,PR00005,Yard A,14000,13790,210,98.5,200,269,89
YRD06121,DR08079,PR00001,Yard E,12500,11588,912,92.7,289,252,66
YRD06122,DR05606,PR00002,Yard A,14000,13790,210,98.5,226,205,57
YRD06123,DR07260,PR00003,Yard C,13000,10855,2145,83.5,276,265,61
YRD06124,DR07622,PR00003,Yard C,13000,10348,2652,79.6,211,246,50
YRD06125,DR05990,PR00007,Yard E,12500,12312,188,98.5,307,253,98
YRD06126,DR06183,PR00006,Yard D,11000,7755,3245,70.5,204,216,34
YRD06127,DR09707,PR00005,Yard D,11000,8426,2574,76.6,273,259,60
YRD06128,DR09866,PR00003,Yard A,14000,13412,588,95.8,276,261,88
YRD06129,DR08282,PR00003,Yard E,12500,11325,1175,90.6,219,208,96
YRD06130,DR07105,PR00001,Yard C,13000,11466,1534,88.2,305,278,66
YRD06131,DR02161,PR00006,Yard E,12500,11950,550,95.6,245,291,85
YRD06132,DR01898,PR00003,Yard A,14000,12838,1162,91.7,202,180,65
YRD06133,DR02361,PR00002,Yard A,14000,13622,378,97.3,274,216,64
YRD06134,DR01676,PR00004,Yard D,11000,7601,3399,69.1,283,280,28
YRD06135,DR07171,PR00005,Yard E,12500,11150,1350,89.2,243,210,62
YRD06136,DR02692,PR00003,Yard C,13000,11167,1833,85.9,248,260,70
YRD06137,DR08039,PR00001,Yard B,12000,8724,3276,72.7,200,244,70
YRD06138,DR04035,PR00007,Yard A,14000,13790,210,98.5,207,282,89
YRD06139,DR09650,PR00001,Yard E,12500,12038,462,96.3,154,194,74
YRD06140,DR01595,PR00007,Yard D,11000,7953,3047,72.3,281,270,63
YRD06141,DR02403,PR00003,Yard D,11000,7370,3630,67.0,243,174,83
YRD06142,DR09284,PR00007,Yard D,11000,7414,3586,67.4,276,315,47
YRD06143,DR06007,PR00007,Yard E,12500,11888,612,95.1,211,184,110
YRD06144,DR06429,PR00003,Yard B,12000,9600,2400,80.0,306,188,69
YRD06145,DR03042,PR00006,Yard B,12000,9636,2364,80.3,289,272,47
YRD06146,DR04775,PR00001,Yard A,14000,13790,210,98.5,258,284,95
YRD06147,DR02295,PR00001,Yard D,11000,7755,3245,70.5,189,301,63
YRD06148,DR05008,PR00002,Yard B,12000,9192,2808,76.6,240,307,42
YRD06149,DR00519,PR00004,Yard A,14000,13076,924,93.4,256,267,145
YRD06150,DR07669,PR00001,Yard B,12000,9336,2664,77.8,275,282,78
YRD06151,DR02071,PR00003,Yard C,13000,10868,2132,83.6,205,163,76
YRD06152,DR08928,PR00007,Yard B,12000,8472,3528,70.6,169,247,83
YRD06153,DR03579,PR00006,Yard B,12000,9684,2316,80.7,266,191,77
YRD06154,DR01296,PR00002,Yard A,14000,13720,280,98.0,259,200,76
YRD06155,DR01334,PR00003,Yard E,12500,11400,1100,91.2,233,137,84
YRD06156,DR08291,PR00001,Yard C,13000,10777,2223,82.9,239,218,45
YRD06157,DR03582,PR00002,Yard D,11000,8129,2871,73.9,276,271,35
YRD06158,DR09864,PR00007,Yard D,11000,7117,3883,64.7,294,244,54
YRD06159,DR01982,PR00007,Yard E,12500,11475,1025,91.8,195,272,96
YRD06160,DR09185,PR00002,Yard B,12000,9048,2952,75.4,241,259,66
YRD06161,DR06383,PR00002,Yard A,14000,13706,294,97.9,272,197,92
YRD06162,DR00635,PR00003,Yard E,12500,10612,1888,84.9,210,158,77
YRD06163,DR03220,PR00003,Yard B,12000,8436,3564,70.3,275,338,45
YRD06164,DR05938,PR00001,Yard C,13000,11765,1235,90.5,236,231,96
YRD06165,DR08973,PR00001,Yard E,12500,11375,1125,91.0,250,226,85
YRD06166,DR08166,PR00003,Yard A,14000,13230,770,94.5,196,289,93
YRD06167,DR06609,PR00002,Yard D,11000,7117,3883,64.7,156,191,81
YRD06168,DR03437,PR00006,Yard E,12500,11550,950,92.4,280,225,78
YRD06169,DR05553,PR00005,Yard B,12000,8616,3384,71.8,205,155,68
YRD06170,DR08426,PR00003,Yard C,13000,10842,2158,83.4,221,197,97
YRD06171,DR08832,PR00003,Yard E,12500,10888,1612,87.1,211,252,77
YRD06172,DR04107,PR00006,Yard C,13000,11206,1794,86.2,301,226,88
YRD06173,DR08078,PR00001,Yard A,14000,13076,924,93.4,261,199,67
YRD06174,DR04793,PR00006,Yard E,12500,11775,725,94.2,329,271,91
YRD06175,DR03134,PR00001,Yard B,12000,8640,3360,72.0,311,254,58
YRD06176,DR04373,PR00007,Yard B,12000,9732,2268,81.1,267,264,71
YRD06177,DR08599,PR00001,Yard C,13000,11362,1638,87.4,190,276,62
YRD06178,DR00078,PR00006,Yard D,11000,7711,3289,70.1,241,248,49
YRD06179,DR02842,PR00001,Yard A,14000,13580,420,97.0,234,159,112
YRD06180,DR08425,PR00006,Yard C,13000,11414,1586,87.8,216,224,59
YRD06181,DR04151,PR00004,Yard E,12500,11538,962,92.3,184,227,59
YRD06182,DR04492,PR00001,Yard B,12000,9528,2472,79.4,237,229,58
YRD06183,DR04241,PR00005,Yard A,14000,13790,210,98.5,312,302,93
YRD06184,DR08793,PR00001,Yard B,12000,9012,2988,75.1,212,195,63
YRD06185,DR01928,PR00003,Yard A,14000,13160,840,94.0,229,264,78
YRD06186,DR00341,PR00002,Yard E,12500,10988,1512,87.9,235,248,49
YRD06187,DR03830,PR00005,Yard E,12500,11650,850,93.2,200,260,91
YRD06188,DR06392,PR00006,Yard C,13000,11479,1521,88.3,256,275,66
YRD06189,DR01440,PR00003,Yard E,12500,11412,1088,91.3,261,191,80
YRD06190,DR09524,PR00005,Yard E,12500,11425,1075,91.4,256,256,97
YRD06191,DR05985,PR00007,Yard C,13000,11310,1690,87.0,235,216,104
YRD06192,DR07349,PR00005,Yard E,12500,11650,850,93.2,274,279,81
YRD06193,DR09951,PR00002,Yard D,11000,7469,3531,67.9,289,332,40
YRD06194,DR02297,PR00003,Yard B,12000,8532,3468,71.1,232,167,63
YRD06195,DR03110,PR00002,Yard B,12000,9456,2544,78.8,280,223,42
YRD06196,DR01776,PR00003,Yard A,14000,13300,700,95.0,203,233,94
YRD06197,DR06797,PR00002,Yard D,11000,7590,3410,69.0,230,286,67
YRD06198,DR02957,PR00006,Yard E,12500,11662,838,93.3,330,228,112
YRD06199,DR06804,PR00004,Yard D,11000,7249,3751,65.9,259,266,32
YRD06200,DR02643,PR00004,Yard C,13000,10907,2093,83.9,200,170,88
YRD06201,DR08728,PR00001,Yard B,12000,9168,2832,76.4,273,290,41
YRD06202,DR05061,PR00001,Yard A,14000,12838,1162,91.7,249,263,100
YRD06203,DR03649,PR00006,Yard B,12000,8664,3336,72.2,174,284,49
YRD06204,DR06111,PR00004,Yard E,12500,11338,1162,90.7,340,266,102
YRD06205,DR08451,PR00007,Yard C,13000,11544,1456,88.8,251,248,84
YRD06206,DR08446,PR00003,Yard C,13000,11960,1040,92.0,301,195,83
YRD06207,DR05341,PR00002,Yard C,13000,11791,1209,90.7,272,265,91
YRD06208,DR02095,PR00005,Yard D,11000,7766,3234,70.6,254,223,56
YRD06209,DR05099,PR00005,Yard B,12000,9276,2724,77.3,327,213,62
YRD06210,DR06583,PR00001,Yard B,12000,8640,3360,72.0,188,301,54
YRD06211,DR03434,PR00005,Yard B,12000,8568,3432,71.4,203,195,62
YRD06212,DR00083,PR00002,Yard C,13000,10608,2392,81.6,101,208,100
YRD06213,DR00120,PR00002,Yard A,14000,13146,854,93.9,200,207,64
YRD06214,DR07078,PR00001,Yard B,12000,8412,3588,70.1,180,164,53
YRD06215,DR09099,PR00004,Yard B,12000,8580,3420,71.5,179,129,29
YRD06216,DR01264,PR00005,Yard C,13000,10777,2223,82.9,228,186,51
YRD06217,DR02416,PR00002,Yard D,11000,7183,3817,65.3,209,271,40
YRD06218,DR02378,PR00006,Yard E,12500,11875,625,95.0,265,220,65
YRD06219,DR01998,PR00005,Yard A,14000,13566,434,96.9,274,202,94
YRD06220,DR09751,PR00003,Yard A,14000,13790,210,98.5,244,277,77
YRD06221,DR03384,PR00001,Yard D,11000,7612,3388,69.2,192,261,63
YRD06222,DR00583,PR00002,Yard B,12000,8904,3096,74.2,265,223,50
YRD06223,DR06171,PR00001,Yard C,13000,11752,1248,90.4,327,287,111
YRD06224,DR00894,PR00007,Yard C,13000,11739,1261,90.3,255,196,79
YRD06225,DR05959,PR00006,Yard B,12000,8520,3480,71.0,238,284,81
YRD06226,DR03702,PR00001,Yard E,12500,11225,1275,89.8,231,216,79
YRD06227,DR09128,PR00003,Yard B,12000,8340,3660,69.5,243,267,54
YRD06228,DR03571,PR00002,Yard D,11000,7414,3586,67.4,297,234,51
YRD06229,DR03944,PR00001,Yard A,14000,13566,434,96.9,152,294,62
YRD06230,DR06123,PR00002,Yard A,14000,13790,210,98.5,253,172,90
YRD06231,DR06812,PR00001,Yard A,14000,13790,210,98.5,252,244,102
YRD06232,DR02301,PR00002,Yard D,11000,7348,3652,66.8,187,245,50
YRD06233,DR08255,PR00002,Yard A,14000,13776,224,98.4,189,222,55
YRD06234,DR00855,PR00003,Yard D,11000,6930,4070,63.0,158,260,40
YRD06235,DR09521,PR00003,Yard D,11000,7150,3850,65.0,317,205,26
YRD06236,DR07247,PR00003,Yard B,12000,9504,2496,79.2,216,150,74
YRD06237,DR01225,PR00003,Yard B,12000,8556,3444,71.3,237,262,72
YRD06238,DR01318,PR00003,Yard C,13000,10829,2171,83.3,252,244,39
YRD06239,DR02949,PR00003,Yard B,12000,9600,2400,80.0,294,246,83
YRD06240,DR02524,PR00007,Yard A,14000,13790,210,98.5,280,279,79
YRD06241,DR02647,PR00001,Yard E,12500,11312,1188,90.5,293,350,85
YRD06242,DR09801,PR00004,Yard C,13000,11661,1339,89.7,257,269,72
YRD06243,DR00402,PR00001,Yard C,13000,11323,1677,87.1,244,178,91
YRD06244,DR03179,PR00003,Yard B,12000,9732,2268,81.1,296,342,55
YRD06245,DR09503,PR00004,Yard D,11000,7062,3938,64.2,227,258,32
YRD06246,DR00520,PR00005,Yard A,14000,13790,210,98.5,297,233,83
YRD06247,DR03596,PR00007,Yard C,13000,12142,858,93.4,272,294,73
YRD06248,DR00801,PR00003,Yard D,11000,7557,3443,68.7,142,196,49
YRD06249,DR06702,PR00002,Yard D,11000,7667,3333,69.7,360,267,50
YRD06250,DR03114,PR00006,Yard A,14000,13790,210,98.5,237,304,124
YRD06251,DR00762,PR00002,Yard A,14000,13636,364,97.4,276,203,86
YRD06252,DR03719,PR00003,Yard A,14000,13790,210,98.5,223,139,113
YRD06253,DR05472,PR00006,Yard E,12500,11438,1062,91.5,143,157,80
YRD06254,DR07199,PR00003,Yard C,13000,11856,1144,91.2,262,307,70
YRD06255,DR04312,PR00004,Yard A,14000,13790,210,98.5,210,288,99
YRD06256,DR04879,PR00001,Yard A,14000,13790,210,98.5,174,130,77
YRD06257,DR05967,PR00001,Yard D,11000,7172,3828,65.2,149,169,35
YRD06258,DR01246,PR00007,Yard E,12500,11525,975,92.2,249,200,70
YRD06259,DR00405,PR00001,Yard E,12500,10962,1538,87.7,288,213,75
YRD06260,DR07840,PR00002,Yard B,12000,8940,3060,74.5,229,274,75
YRD06261,DR06384,PR00003,Yard A,14000,13090,910,93.5,222,283,80
YRD06262,DR07466,PR00003,Yard E,12500,11150,1350,89.2,284,238,103
YRD06263,DR01104,PR00001,Yard D,11000,8404,2596,76.4,210,239,50
YRD06264,DR08406,PR00001,Yard C,13000,11362,1638,87.4,261,245,114
YRD06265,DR00358,PR00003,Yard D,11000,7799,3201,70.9,259,179,70
YRD06266,DR04924,PR00003,Yard E,12500,11825,675,94.6,280,295,104
YRD06267,DR08863,PR00006,Yard A,14000,12908,1092,92.2,223,183,47
YRD06268,DR03510,PR00002,Yard D,11000,6963,4037,63.3,223,141,64
YRD06269,DR00409,PR00007,Yard E,12500,11488,1012,91.9,193,220,103
YRD06270,DR07159,PR00002,Yard C,13000,11830,1170,91.0,304,229,66
YRD06271,DR03642,PR00002,Yard B,12000,9156,2844,76.3,278,200,45
YRD06272,DR07011,PR00007,Yard E,12500,11325,1175,90.6,249,202,86
YRD06273,DR09292,PR00006,Yard A,14000,13790,210,98.5,255,256,100
YRD06274,DR02843,PR00002,Yard B,12000,8556,3444,71.3,235,152,55
YRD06275,DR04455,PR00003,Yard E,12500,11188,1312,89.5,153,259,76
YRD06276,DR00618,PR00006,Yard C,13000,11297,1703,86.9,230,265,69
YRD06277,DR00401,PR00001,Yard A,14000,13538,462,96.7,206,233,85
YRD06278,DR09594,PR00002,Yard E,12500,12312,188,98.5,309,176,99
YRD06279,DR03450,PR00003,Yard A,14000,13482,518,96.3,139,214,111
YRD06280,DR05382,PR00006,Yard B,12000,8952,3048,74.6,163,192,77
YRD06281,DR09456,PR00004,Yard A,14000,13790,210,98.5,280,248,99
YRD06282,DR07464,PR00003,Yard E,12500,11862,638,94.9,202,185,91
YRD06283,DR01001,PR00007,Yard A,14000,13524,476,96.6,276,146,107
YRD06284,DR09000,PR00001,Yard E,12500,11688,812,93.5,314,233,75
YRD06285,DR04768,PR00006,Yard E,12500,11575,925,92.6,245,239,53
YRD06286,DR01262,PR00001,Yard C,13000,11141,1859,85.7,250,257,76
YRD06287,DR03764,PR00005,Yard E,12500,11375,1125,91.0,250,234,82
YRD06288,DR01636,PR00004,Yard E,12500,11425,1075,91.4,261,265,92
YRD06289,DR08464,PR00002,Yard B,12000,8820,3180,73.5,253,279,86
YRD06290,DR04819,PR00004,Yard E,12500,11962,538,95.7,220,350,89
YRD06291,DR04875,PR00006,Yard D,11000,7480,3520,68.0,343,334,28
YRD06292,DR05339,PR00003,Yard C,13000,11674,1326,89.8,223,189,66
YRD06293,DR04795,PR00001,Yard E,12500,12288,212,98.3,207,281,66
YRD06294,DR01294,PR00001,Yard E,12500,11612,888,92.9,201,263,144
YRD06295,DR02481,PR00004,Yard C,13000,11687,1313,89.9,256,212,77
YRD06296,DR00373,PR00005,Yard A,14000,13426,574,95.9,215,230,82
YRD06297,DR02927,PR00003,Yard C,13000,10816,2184,83.2,195,286,60
YRD06298,DR02900,PR00002,Yard A,14000,13790,210,98.5,220,227,99
YRD06299,DR08854,PR00005,Yard B,12000,9084,2916,75.7,319,179,46
YRD06300,DR05902,PR00002,Yard C,13000,11622,1378,89.4,230,170,92
YRD06301,DR01382,PR00001,Yard D,11000,7722,3278,70.2,301,211,51
YRD06302,DR04811,PR00003,Yard D,11000,7997,3003,72.7,263,268,91
YRD06303,DR06248,PR00003,Yard B,12000,8892,3108,74.1,227,301,70
YRD06304,DR05823,PR00007,Yard A,14000,13790,210,98.5,241,240,89
YRD06305,DR07796,PR00004,Yard E,12500,11975,525,95.8,257,204,105
YRD06306,DR09651,PR00002,Yard C,13000,11258,1742,86.6,294,293,49
YRD06307,DR04141,PR00006,Yard A,14000,13762,238,98.3,263,301,103
YRD06308,DR01420,PR00002,Yard B,12000,9156,2844,76.3,299,242,40
YRD06309,DR06258,PR00007,Yard E,12500,11625,875,93.0,216,254,66
YRD06310,DR03137,PR00002,Yard D,11000,7348,3652,66.8,309,276,42
YRD06311,DR05250,PR00007,Yard B,12000,9384,2616,78.2,282,263,51
YRD06312,DR00941,PR00006,Yard C,13000,10621,2379,81.7,288,185,52
YRD06313,DR06814,PR00006,Yard C,13000,11752,1248,90.4,235,266,99
YRD06314,DR02285,PR00001,Yard E,12500,11325,1175,90.6,188,180,97
YRD06315,DR09685,PR00006,Yard C,13000,11544,1456,88.8,240,315,78
YRD06316,DR07950,PR00005,Yard E,12500,11238,1262,89.9,261,254,63
YRD06317,DR02809,PR00002,Yard A,14000,13790,210,98.5,252,195,80
YRD06318,DR09642,PR00003,Yard B,12000,9876,2124,82.3,249,233,61
YRD06319,DR09387,PR00004,Yard A,14000,13678,322,97.7,272,260,70
YRD06320,DR09250,PR00007,Yard B,12000,9048,2952,75.4,240,304,95
YRD06321,DR03378,PR00006,Yard E,12500,11538,962,92.3,73,194,60
YRD06322,DR07288,PR00003,Yard B,12000,9240,2760,77.0,333,270,67
YRD06323,DR02056,PR00004,Yard C,13000,11479,1521,88.3,230,191,92
YRD06324,DR00936,PR00001,Yard A,14000,13468,532,96.2,294,247,96
YRD06325,DR02535,PR00003,Yard C,13000,11986,1014,92.2,250,215,77
YRD06326,DR03202,PR00006,Yard E,12500,11362,1138,90.9,175,350,81
YRD06327,DR04755,PR00004,Yard E,12500,11712,788,93.7,303,143,78
YRD06328,DR09017,PR00006,Yard E,12500,11462,1038,91.7,263,267,42
YRD06329,DR08259,PR00003,Yard A,14000,12852,1148,91.8,162,227,65
YRD06330,DR05743,PR00003,Yard D,11000,7128,3872,64.8,166,253,42
YRD06331,DR05200,PR00005,Yard D,11000,7337,3663,66.7,237,254,55
YRD06332,DR03567,PR00001,Yard D,11000,7810,3190,71.0,239,169,36
YRD06333,DR03697,PR00007,Yard D,11000,7425,3575,67.5,198,152,49
YRD06334,DR03194,PR00007,Yard C,13000,11154,1846,85.8,304,278,85
YRD06335,DR04521,PR00006,Yard D,11000,7425,3575,67.5,323,219,34
YRD06336,DR09296,PR00006,Yard D,11000,6864,4136,62.4,218,268,44
YRD06337,DR03086,PR00003,Yard B,12000,9252,2748,77.1,260,235,55
YRD06338,DR05096,PR00003,Yard E,12500,11888,612,95.1,246,241,87
YRD06339,DR01116,PR00006,Yard A,14000,13664,336,97.6,180,294,93
YRD06340,DR00568,PR00002,Yard C,13000,10946,2054,84.2,216,146,62
YRD06341,DR05366,PR00006,Yard E,12500,10875,1625,87.0,201,261,99
YRD06342,DR01816,PR00002,Yard A,14000,13678,322,97.7,244,250,103
YRD06343,DR04198,PR00006,Yard B,12000,9204,2796,76.7,265,220,69
YRD06344,DR00714,PR00004,Yard A,14000,13020,980,93.0,190,170,86
YRD06345,DR09353,PR00006,Yard C,13000,11427,1573,87.9,234,266,93
YRD06346,DR07725,PR00003,Yard E,12500,11375,1125,91.0,310,209,85
YRD06347,DR00951,PR00004,Yard E,12500,11412,1088,91.3,319,306,75
YRD06348,DR02052,PR00007,Yard C,13000,11557,1443,88.9,333,239,84
YRD06349,DR05821,PR00003,Yard A,14000,13342,658,95.3,216,260,75
YRD06350,DR04904,PR00002,Yard D,11000,7546,3454,68.6,219,218,61
YRD06351,DR04077,PR00001,Yard E,12500,11875,625,95.0,275,240,73
YRD06352,DR05084,PR00004,Yard A,14000,13594,406,97.1,303,223,70
YRD06353,DR07098,PR00004,Yard D,11000,7315,3685,66.5,313,216,51
YRD06354,DR04662,PR00004,Yard D,11000,6732,4268,61.2,181,233,49
YRD06355,DR07282,PR00001,Yard A,14000,13328,672,95.2,199,207,73
YRD06356,DR07840,PR00001,Yard C,13000,11128,1872,85.6,271,328,94
YRD06357,DR01813,PR00006,Yard A,14000,13790,210,98.5,237,181,91
YRD06358,DR05853,PR00005,Yard C,13000,11089,1911,85.3,313,281,72
YRD06359,DR09505,PR00001,Yard A,14000,13216,784,94.4,223,282,105
YRD06360,DR03864,PR00001,Yard B,12000,9180,2820,76.5,217,273,63
YRD06361,DR01057,PR00001,Yard C,13000,11401,1599,87.7,205,260,74
YRD06362,DR08032,PR00006,Yard C,13000,11661,1339,89.7,209,257,67
YRD06363,DR05037,PR00005,Yard E,12500,11800,700,94.4,254,222,62
YRD06364,DR05861,PR00004,Yard C,13000,11206,1794,86.2,185,326,48
YRD06365,DR05430,PR00004,Yard D,11000,7491,3509,68.1,201,250,58
YRD06366,DR02826,PR00006,Yard B,12000,9096,2904,75.8,209,246,89
YRD06367,DR08343,PR00002,Yard B,12000,8856,3144,73.8,246,213,50
YRD06368,DR02667,PR00002,Yard C,13000,11661,1339,89.7,235,206,71
YRD06369,DR00380,PR00003,Yard E,12500,11425,1075,91.4,227,180,79
YRD06370,DR07001,PR00007,Yard E,12500,10988,1512,87.9,208,165,67
YRD06371,DR00937,PR00004,Yard C,13000,12571,429,96.7,279,217,95
YRD06372,DR05608,PR00004,Yard C,13000,11037,1963,84.9,295,257,89
YRD06373,DR09434,PR00006,Yard E,12500,11838,662,94.7,218,266,99
YRD06374,DR04657,PR00001,Yard E,12500,11775,725,94.2,237,295,112
YRD06375,DR02972,PR00003,Yard C,13000,10374,2626,79.8,167,173,54
YRD06376,DR03890,PR00004,Yard A,14000,12964,1036,92.6,178,253,82
YRD06377,DR02378,PR00007,Yard D,11000,7293,3707,66.3,290,219,59
YRD06378,DR09945,PR00001,Yard C,13000,11778,1222,90.6,234,242,133
YRD06379,DR05943,PR00003,Yard E,12500,11325,1175,90.6,243,253,91
YRD06380,DR05115,PR00007,Yard C,13000,11869,1131,91.3,308,255,87
YRD06381,DR04449,PR00005,Yard C,13000,11596,1404,89.2,287,241,97
YRD06382,DR03734,PR00004,Yard E,12500,12012,488,96.1,205,270,118
YRD06383,DR09853,PR00002,Yard C,13000,11388,1612,87.6,231,215,78
YRD06384,DR01688,PR00001,Yard E,12500,12050,450,96.4,253,306,82
YRD06385,DR04248,PR00003,Yard C,13000,10257,2743,78.9,226,183,50
YRD06386,DR03294,PR00002,Yard D,11000,7513,3487,68.3,227,218,70
YRD06387,DR04037,PR00006,Yard C,13000,10998,2002,84.6,262,324,59
YRD06388,DR02367,PR00005,Yard B,12000,9768,2232,81.4,338,258,85
YRD06389,DR08070,PR00006,Yard A,14000,13790,210,98.5,225,258,89
YRD06390,DR07134,PR00001,Yard C,13000,11219,1781,86.3,206,247,55
YRD06391,DR07372,PR00002,Yard D,11000,7700,3300,70.0,303,237,55
YRD06392,DR07608,PR00005,Yard E,12500,12238,262,97.9,172,240,83
YRD06393,DR04842,PR00001,Yard B,12000,9660,2340,80.5,274,201,100
YRD06394,DR03027,PR00001,Yard C,13000,11557,1443,88.9,210,223,86
YRD06395,DR06062,PR00003,Yard B,12000,9240,2760,77.0,294,190,99
YRD06396,DR06089,PR00001,Yard B,12000,9612,2388,80.1,243,237,84
YRD06397,DR07945,PR00001,Yard C,13000,11583,1417,89.1,294,286,77
YRD06398,DR02580,PR00002,Yard D,11000,7469,3531,67.9,252,236,64
YRD06399,DR01421,PR00006,Yard C,13000,11024,1976,84.8,191,288,78
YRD06400,DR01133,PR00001,Yard A,14000,13790,210,98.5,205,250,94
YRD06401,DR01273,PR00004,Yard A,14000,13790,210,98.5,304,296,132
YRD06402,DR07303,PR00004,Yard D,11000,6864,4136,62.4,185,215,27
YRD06403,DR01282,PR00003,Yard A,14000,12978,1022,92.7,200,309,57
YRD06404,DR01077,PR00003,Yard D,11000,7502,3498,68.2,271,307,69
YRD06405,DR07763,PR00001,Yard A,14000,13538,462,96.7,154,165,111
YRD06406,DR03533,PR00001,Yard E,12500,11938,562,95.5,294,221,81
YRD06407,DR00030,PR00003,Yard B,12000,9384,2616,78.2,282,278,82
YRD06408,DR06208,PR00007,Yard B,12000,9432,2568,78.6,225,212,54
YRD06409,DR08611,PR00003,Yard E,12500,11100,1400,88.8,246,240,91
YRD06410,DR04644,PR00003,Yard B,12000,8628,3372,71.9,268,291,95
YRD06411,DR06467,PR00007,Yard E,12500,12312,188,98.5,262,277,105
YRD06412,DR02007,PR00005,Yard C,13000,12324,676,94.8,249,194,80
YRD06413,DR01892,PR00005,Yard C,13000,11063,1937,85.1,289,224,75
YRD06414,DR09592,PR00003,Yard D,11000,7502,3498,68.2,202,265,81
YRD06415,DR04415,PR00006,Yard C,13000,11141,1859,85.7,236,249,64
YRD06416,DR06423,PR00004,Yard E,12500,11900,600,95.2,236,223,115
YRD06417,DR05427,PR00004,Yard A,14000,13790,210,98.5,285,284,89
YRD06418,DR08002,PR00006,Yard E,12500,11350,1150,90.8,345,229,98
YRD06419,DR04271,PR00003,Yard D,11000,7326,3674,66.6,234,195,91
YRD06420,DR00334,PR00007,Yard C,13000,11453,1547,88.1,228,302,89
YRD06421,DR06037,PR00007,Yard E,12500,11325,1175,90.6,228,189,95
YRD06422,DR05412,PR00004,Yard C,13000,11323,1677,87.1,284,284,93
YRD06423,DR04433,PR00002,Yard A,14000,13790,210,98.5,278,210,45
YRD06424,DR09455,PR00005,Yard A,14000,13790,210,98.5,352,242,104
YRD06425,DR08970,PR00002,Yard C,13000,11336,1664,87.2,271,259,76
YRD06426,DR02731,PR00004,Yard E,12500,11900,600,95.2,257,137,58
YRD06427,DR09048,PR00001,Yard A,14000,13706,294,97.9,193,264,85
YRD06428,DR00741,PR00006,Yard C,13000,11193,1807,86.1,235,229,66
YRD06429,DR06098,PR00007,Yard D,11000,7436,3564,67.6,205,177,45
YRD06430,DR01900,PR00001,Yard C,13000,11011,1989,84.7,199,217,100
YRD06431,DR01465,PR00005,Yard B,12000,9264,2736,77.2,199,206,45
YRD06432,DR03204,PR00006,Yard E,12500,11800,700,94.4,298,266,102
YRD06433,DR02895,PR00001,Yard A,14000,13790,210,98.5,260,188,102
YRD06434,DR03406,PR00002,Yard E,12500,11338,1162,90.7,255,190,107
YRD06435,DR02430,PR00003,Yard A,14000,13328,672,95.2,261,285,97
YRD06436,DR01617,PR00006,Yard D,11000,7216,3784,65.6,214,228,63
YRD06437,DR02178,PR00003,Yard E,12500,11238,1262,89.9,251,188,47
YRD06438,DR04029,PR00001,Yard E,12500,11662,838,93.3,257,189,116
YRD06439,DR04356,PR00002,Yard C,13000,11167,1833,85.9,225,269,83
YRD06440,DR07227,PR00003,Yard A,14000,13132,868,93.8,194,190,77
YRD06441,DR09456,PR00001,Yard E,12500,12312,188,98.5,287,217,107
YRD06442,DR07350,PR00004,Yard E,12500,11688,812,93.5,209,147,109
YRD06443,DR00648,PR00001,Yard C,13000,11219,1781,86.3,206,221,33
YRD06444,DR08402,PR00006,Yard B,12000,8616,3384,71.8,192,187,52
YRD06445,DR06664,PR00005,Yard E,12500,10600,1900,84.8,213,227,81
YRD06446,DR01297,PR00006,Yard B,12000,9048,2952,75.4,325,300,75
YRD06447,DR09525,PR00001,Yard B,12000,9444,2556,78.7,203,189,26
YRD06448,DR03650,PR00004,Yard E,12500,12312,188,98.5,280,232,57
YRD06449,DR02769,PR00006,Yard D,11000,7128,3872,64.8,267,214,92
YRD06450,DR02390,PR00003,Yard A,14000,13538,462,96.7,233,296,74
YRD06451,DR09691,PR00001,Yard C,13000,11258,1742,86.6,289,286,106
YRD06452,DR02341,PR00001,Yard E,12500,11250,1250,90.0,309,257,65
YRD06453,DR08368,PR00004,Yard E,12500,11162,1338,89.3,240,219,87
YRD06454,DR06317,PR00003,Yard B,12000,9096,2904,75.8,174,262,59
YRD06455,DR09227,PR00007,Yard D,11000,7678,3322,69.8,286,279,42
YRD06456,DR05824,PR00006,Yard B,12000,9180,2820,76.5,207,162,73
YRD06457,DR09788,PR00005,Yard A,14000,13174,826,94.1,261,225,84
YRD06458,DR03163,PR00007,Yard A,14000,13258,742,94.7,206,298,100
YRD06459,DR04688,PR00005,Yard E,12500,11075,1425,88.6,191,210,65
YRD06460,DR02832,PR00001,Yard E,12500,12025,475,96.2,295,281,68
YRD06461,DR00405,PR00001,Yard E,12500,11888,612,95.1,266,224,78
YRD06462,DR03628,PR00006,Yard E,12500,10975,1525,87.8,301,166,65
YRD06463,DR00934,PR00003,Yard C,13000,11544,1456,88.8,259,206,81
YRD06464,DR07124,PR00007,Yard A,14000,13762,238,98.3,223,183,89
YRD06465,DR08068,PR00001,Yard D,11000,7469,3531,67.9,333,218,55
YRD06466,DR07389,PR00001,Yard C,13000,11505,1495,88.5,307,177,90
YRD06467,DR08059,PR00005,Yard D,11000,7359,3641,66.9,313,157,69
YRD06468,DR10000,PR00006,Yard E,12500,12025,475,96.2,237,271,105
YRD06469,DR09209,PR00006,Yard D,11000,7986,3014,72.6,251,222,58
YRD06470,DR01853,PR00001,Yard A,14000,13762,238,98.3,254,229,93
YRD06471,DR09205,PR00003,Yard A,14000,13356,644,95.4,220,246,86
YRD06472,DR00292,PR00004,Yard D,11000,7656,3344,69.6,247,185,25
YRD06473,DR07308,PR00007,Yard B,12000,9168,2832,76.4,233,276,39
YRD06474,DR02698,PR00002,Yard C,13000,10725,2275,82.5,301,204,82
YRD06475,DR00958,PR00004,Yard A,14000,13790,210,98.5,228,216,114
YRD06476,DR06809,PR00001,Yard D,11000,8107,2893,73.7,300,290,64
YRD06477,DR06991,PR00005,Yard E,12500,11462,1038,91.7,235,164,85
YRD06478,DR04285,PR00001,Yard A,14000,13790,210,98.5,258,205,76
YRD06479,DR01968,PR00007,Yard B,12000,10104,1896,84.2,266,296,59
YRD06480,DR07977,PR00001,Yard D,11000,8261,2739,75.1,173,286,92
YRD06481,DR08263,PR00005,Yard A,14000,13790,210,98.5,211,114,80
YRD06482,DR00463,PR00005,Yard D,11000,6842,4158,62.2,243,199,42
YRD06483,DR08908,PR00002,Yard D,11000,7425,3575,67.5,231,196,35
YRD06484,DR06759,PR00002,Yard C,13000,10855,2145,83.5,264,209,78
YRD06485,DR02046,PR00004,Yard A,14000,13748,252,98.2,195,228,117
YRD06486,DR07439,PR00004,Yard D,11000,6919,4081,62.9,198,240,44
YRD06487,DR09968,PR00005,Yard E,12500,11900,600,95.2,262,264,89
YRD06488,DR03414,PR00004,Yard A,14000,12768,1232,91.2,210,250,83
YRD06489,DR01408,PR00001,Yard A,14000,13790,210,98.5,360,310,118
YRD06490,DR07214,PR00007,Yard C,13000,11609,1391,89.3,294,294,82
YRD06491,DR07517,PR00001,Yard D,11000,8140,2860,74.0,274,242,64
YRD06492,DR06365,PR00004,Yard D,11000,8041,2959,73.1,222,262,55
YRD06493,DR06508,PR00007,Yard B,12000,8928,3072,74.4,162,256,33
YRD06494,DR03479,PR00007,Yard A,14000,13748,252,98.2,229,233,80
YRD06495,DR04762,PR00001,Yard C,13000,10621,2379,81.7,216,171,102
YRD06496,DR08403,PR00002,Yard C,13000,10556,2444,81.2,204,303,82
YRD06497,DR09155,PR00004,Yard C,13000,11505,1495,88.5,330,197,55
YRD06498,DR06753,PR00002,Yard C,13000,11219,1781,86.3,295,308,76
YRD06499,DR05482,PR00005,Yard C,13000,10270,2730,79.0,265,183,44
YRD06500,DR04554,PR00003,Yard E,12500,11788,712,94.3,336,291,101
YRD06501,DR06587,PR00002,Yard D,11000,7249,3751,65.9,231,303,48
YRD06502,DR03140,PR00003,Yard A,14000,13790,210,98.5,293,203,77
YRD06503,DR09881,PR00005,Yard E,12500,10762,1738,86.1,239,207,75
YRD06504,DR03311,PR00006,Yard E,12500,11075,1425,88.6,269,251,64
YRD06505,DR07756,PR00003,Yard E,12500,11175,1325,89.4,164,223,82
YRD06506,DR04309,PR00001,Yard E,12500,11725,775,93.8,275,253,94
YRD06507,DR05255,PR00002,Yard E,12500,10988,1512,87.9,259,216,129
YRD06508,DR02492,PR00004,Yard B,12000,9228,2772,76.9,290,218,82
YRD06509,DR02628,PR00005,Yard E,12500,11850,650,94.8,259,255,76
YRD06510,DR02589,PR00006,Yard E,12500,11475,1025,91.8,245,255,53
YRD06511,DR06129,PR00007,Yard D,11000,7898,3102,71.8,224,304,51
YRD06512,DR05499,PR00003,Yard E,12500,11150,1350,89.2,244,306,54
YRD06513,DR01864,PR00006,Yard D,11000,7964,3036,72.4,223,316,47
YRD06514,DR01088,PR00002,Yard E,12500,11950,550,95.6,225,217,106
YRD06515,DR01875,PR00004,Yard A,14000,13482,518,96.3,235,199,96
YRD06516,DR01204,PR00003,Yard B,12000,8820,3180,73.5,214,231,70
YRD06517,DR04322,PR00005,Yard A,14000,13524,476,96.6,309,211,142
YRD06518,DR06593,PR00005,Yard C,13000,11115,1885,85.5,235,207,73
YRD06519,DR09931,PR00002,Yard B,12000,8676,3324,72.3,143,247,61
YRD06520,DR02309,PR00006,Yard C,13000,10959,2041,84.3,123,237,71
YRD06521,DR08874,PR00006,Yard E,12500,11900,600,95.2,242,221,70
YRD06522,DR04226,PR00007,Yard C,13000,11817,1183,90.9,289,273,70
YRD06523,DR06235,PR00003,Yard E,12500,11412,1088,91.3,360,245,91
YRD06524,DR01417,PR00007,Yard C,13000,10803,2197,83.1,214,241,80
YRD06525,DR03869,PR00006,Yard C,13000,11453,1547,88.1,233,263,78
YRD06526,DR08969,PR00004,Yard B,12000,7908,4092,65.9,195,223,40
YRD06527,DR00947,PR00003,Yard A,14000,13650,350,97.5,254,300,64
YRD06528,DR06453,PR00006,Yard A,14000,13790,210,98.5,188,154,93
YRD06529,DR08631,PR00005,Yard E,12500,11788,712,94.3,230,182,100
YRD06530,DR04652,PR00004,Yard D,11000,8305,2695,75.5,281,234,69
YRD06531,DR01353,PR00007,Yard A,14000,13790,210,98.5,205,216,82
YRD06532,DR09677,PR00002,Yard A,14000,12950,1050,92.5,270,187,91
YRD06533,DR09054,PR00004,Yard C,13000,12662,338,97.4,245,277,107
YRD06534,DR08058,PR00002,Yard A,14000,13006,994,92.9,271,324,104
YRD06535,DR03173,PR00003,Yard E,12500,11388,1112,91.1,198,167,93
YRD06536,DR07484,PR00002,Yard D,11000,7799,3201,70.9,220,253,39
YRD06537,DR06726,PR00002,Yard D,11000,7370,3630,67.0,227,219,65
YRD06538,DR00390,PR00003,Yard D,11000,7260,3740,66.0,331,285,4
YRD06539,DR00305,PR00001,Yard E,12500,11738,762,93.9,227,126,91
YRD06540,DR04948,PR00001,Yard B,12000,8652,3348,72.1,195,181,52
YRD06541,DR04241,PR00005,Yard E,12500,12012,488,96.1,360,284,117
YRD06542,DR02682,PR00002,Yard B,12000,9348,2652,77.9,285,219,68
YRD06543,DR02809,PR00001,Yard E,12500,11350,1150,90.8,242,198,88
YRD06544,DR08505,PR00001,Yard D,11000,7689,3311,69.9,264,274,88
YRD06545,DR01740,PR00001,Yard E,12500,11150,1350,89.2,271,303,72
YRD06546,DR08733,PR00001,Yard D,11000,7744,3256,70.4,214,255,51
YRD06547,DR05048,PR00007,Yard A,14000,13538,462,96.7,217,247,94
YRD06548,DR09499,PR00004,Yard A,14000,13244,756,94.6,340,253,64
YRD06549,DR04155,PR00003,Yard B,12000,9396,2604,78.3,251,260,65
YRD06550,DR07970,PR00003,Yard A,14000,13790,210,98.5,341,317,71
YRD06551,DR02607,PR00001,Yard D,11000,8074,2926,73.4,297,252,79
YRD06552,DR00363,PR00005,Yard E,12500,11112,1388,88.9,281,246,53
YRD06553,DR08720,PR00007,Yard C,13000,11375,1625,87.5,240,345,101
YRD06554,DR07002,PR00001,Yard D,11000,7458,3542,67.8,204,260,76
YRD06555,DR06857,PR00001,Yard C,13000,11934,1066,91.8,257,181,74
YRD06556,DR04459,PR00004,Yard E,12500,11612,888,92.9,256,311,65
YRD06557,DR07743,PR00001,Yard C,13000,11336,1664,87.2,235,249,69
YRD06558,DR06716,PR00001,Yard E,12500,10512,1988,84.1,279,260,94
YRD06559,DR09405,PR00005,Yard C,13000,11843,1157,91.1,281,229,79
YRD06560,DR08631,PR00004,Yard B,12000,8292,3708,69.1,188,174,61
YRD06561,DR08559,PR00002,Yard A,14000,13454,546,96.1,360,282,111
YRD06562,DR08348,PR00006,Yard A,14000,13510,490,96.5,262,350,113
YRD06563,DR09311,PR00001,Yard C,13000,11427,1573,87.9,266,297,52
YRD06564,DR06137,PR00002,Yard E,12500,11012,1488,88.1,360,158,32
YRD06565,DR08948,PR00005,Yard A,14000,12936,1064,92.4,250,330,91
YRD06566,DR04669,PR00004,Yard B,12000,8976,3024,74.8,252,198,32
YRD06567,DR09840,PR00004,Yard E,12500,12100,400,96.8,212,234,88
YRD06568,DR03795,PR00005,Yard D,11000,6974,4026,63.4,278,242,44
YRD06569,DR02779,PR00004,Yard C,13000,10179,2821,78.3,220,170,54
YRD06570,DR04736,PR00006,Yard B,12000,8520,3480,71.0,231,227,86
YRD06571,DR06570,PR00004,Yard C,13000,10660,2340,82.0,128,255,66
YRD06572,DR06663,PR00003,Yard D,11000,7557,3443,68.7,237,257,61
YRD06573,DR05365,PR00005,Yard D,11000,7909,3091,71.9,253,274,80
YRD06574,DR02301,PR00002,Yard E,12500,11912,588,95.3,326,203,81
YRD06575,DR09598,PR00005,Yard B,12000,8472,3528,70.6,268,208,51
YRD06576,DR00173,PR00002,Yard D,11000,7051,3949,64.1,222,277,73
YRD06577,DR09030,PR00003,Yard E,12500,11788,712,94.3,266,217,79
YRD06578,DR09454,PR00005,Yard D,11000,7183,3817,65.3,283,250,44
YRD06579,DR04781,PR00004,Yard B,12000,9204,2796,76.7,157,226,70
YRD06580,DR02105,PR00001,Yard B,12000,8940,3060,74.5,161,194,61
YRD06581,DR02441,PR00003,Yard A,14000,13272,728,94.8,175,188,86
YRD06582,DR06573,PR00006,Yard B,12000,9096,2904,75.8,199,239,38
YRD06583,DR04489,PR00007,Yard A,14000,13790,210,98.5,344,317,121
YRD06584,DR07821,PR00003,Yard D,11000,8338,2662,75.8,279,196,46
YRD06585,DR00436,PR00001,Yard E,12500,11688,812,93.5,189,256,92
YRD06586,DR05402,PR00003,Yard E,12500,10900,1600,87.2,230,167,108
YRD06587,DR00328,PR00003,Yard C,13000,10907,2093,83.9,215,224,86
YRD06588,DR00655,PR00001,Yard D,11000,8184,2816,74.4,278,260,77
YRD06589,DR05111,PR00006,Yard B,12000,8856,3144,73.8,235,186,72
YRD06590,DR01989,PR00003,Yard A,14000,12558,1442,89.7,225,163,66
YRD06591,DR00514,PR00003,Yard A,14000,13790,210,98.5,254,344,102
YRD06592,DR05840,PR00003,Yard D,11000,7271,3729,66.1,240,222,50
YRD06593,DR05957,PR00001,Yard B,12000,9324,2676,77.7,207,269,51
YRD06594,DR05987,PR00003,Yard C,13000,10647,2353,81.9,155,206,49
YRD06595,DR09384,PR00003,Yard D,11000,6930,4070,63.0,316,306,58
YRD06596,DR04815,PR00002,Yard B,12000,8592,3408,71.6,178,210,54
YRD06597,DR03140,PR00004,Yard D,11000,7865,3135,71.5,263,162,42
YRD06598,DR08266,PR00003,Yard A,14000,13790,210,98.5,266,300,83
YRD06599,DR06861,PR00004,Yard E,12500,11412,1088,91.3,323,300,51
YRD06600,DR06278,PR00006,Yard A,14000,13790,210,98.5,237,339,87
YRD06601,DR04531,PR00003,Yard E,12500,12312,188,98.5,267,205,104
YRD06602,DR02510,PR00003,Yard B,12000,8904,3096,74.2,267,258,88
YRD06603,DR07473,PR00006,Yard B,12000,9288,2712,77.4,192,190,50
YRD06604,DR05574,PR00002,Yard D,11000,7161,3839,65.1,227,209,52
YRD06605,DR07849,PR00003,Yard B,12000,9384,2616,78.2,216,245,74
YRD06606,DR04165,PR00006,Yard E,12500,12200,300,97.6,229,254,68
YRD06607,DR04597,PR00004,Yard D,11000,7898,3102,71.8,253,142,73
YRD06608,DR05004,PR00007,Yard B,12000,8628,3372,71.9,353,296,99
YRD06609,DR04668,PR00003,Yard A,14000,13608,392,97.2,265,263,86
YRD06610,DR07724,PR00003,Yard B,12000,8988,3012,74.9,218,150,70
YRD06611,DR08500,PR00001,Yard D,11000,7667,3333,69.7,160,205,47
YRD06612,DR00258,PR00001,Yard E,12500,11612,888,92.9,270,202,70
YRD06613,DR09827,PR00003,Yard D,11000,6743,4257,61.3,70,190,27
YRD06614,DR07032,PR00001,Yard A,14000,13790,210,98.5,241,247,74
YRD06615,DR04475,PR00003,Yard E,12500,11388,1112,91.1,250,164,95
YRD06616,DR00704,PR00002,Yard E,12500,10912,1588,87.3,330,246,88
YRD06617,DR02750,PR00001,Yard C,13000,11310,1690,87.0,248,159,96
YRD06618,DR01115,PR00003,Yard D,11000,7689,3311,69.9,267,202,73
YRD06619,DR07732,PR00004,Yard B,12000,9096,2904,75.8,211,170,72
YRD06620,DR03894,PR00002,Yard A,14000,13104,896,93.6,268,236,70
YRD06621,DR09575,PR00005,Yard B,12000,8928,3072,74.4,218,186,86
YRD06622,DR09238,PR00001,Yard D,11000,7821,3179,71.1,216,258,35
YRD06623,DR02044,PR00001,Yard C,13000,11440,1560,88.0,209,316,51
YRD06624,DR09392,PR00007,Yard B,12000,9720,2280,81.0,309,260,56
YRD06625,DR06426,PR00007,Yard D,11000,8558,2442,77.8,162,247,74
YRD06626,DR05509,PR00003,Yard E,12500,11612,888,92.9,311,278,87
YRD06627,DR03985,PR00003,Yard B,12000,8832,3168,73.6,260,224,49
YRD06628,DR07610,PR00006,Yard E,12500,11150,1350,89.2,327,266,86
YRD06629,DR04297,PR00003,Yard A,14000,13748,252,98.2,260,305,106
YRD06630,DR08635,PR00001,Yard E,12500,10775,1725,86.2,180,198,52
YRD06631,DR04334,PR00001,Yard C,13000,12038,962,92.6,278,233,59
YRD06632,DR01954,PR00001,Yard E,12500,11138,1362,89.1,228,227,54
YRD06633,DR02540,PR00006,Yard C,13000,10621,2379,81.7,225,169,62
YRD06634,DR08683,PR00004,Yard B,12000,9084,2916,75.7,263,175,84
YRD06635,DR08768,PR00002,Yard B,12000,9276,2724,77.3,229,262,59
YRD06636,DR00408,PR00001,Yard D,11000,7953,3047,72.3,293,295,83
YRD06637,DR04350,PR00001,Yard B,12000,9156,2844,76.3,283,292,48
YRD06638,DR05393,PR00005,Yard D,11000,6655,4345,60.5,228,244,37
YRD06639,DR03385,PR00006,Yard C,13000,11167,1833,85.9,163,160,97
YRD06640,DR05832,PR00003,Yard A,14000,13790,210,98.5,269,258,86
YRD06641,DR07289,PR00005,Yard D,11000,7293,3707,66.3,190,252,23
YRD06642,DR00788,PR00002,Yard A,14000,13790,210,98.5,182,286,84
YRD06643,DR06533,PR00004,Yard C,13000,11752,1248,90.4,248,275,94
YRD06644,DR01182,PR00003,Yard A,14000,13146,854,93.9,106,194,93
YRD06645,DR06710,PR00001,Yard A,14000,13328,672,95.2,219,218,126
YRD06646,DR00119,PR00003,Yard E,12500,11762,738,94.1,214,259,93
YRD06647,DR06146,PR00006,Yard E,12500,11650,850,93.2,250,276,53
YRD06648,DR08477,PR00001,Yard C,13000,11882,1118,91.4,275,214,64
YRD06649,DR04062,PR00003,Yard B,12000,9228,2772,76.9,171,236,63
YRD06650,DR08997,PR00006,Yard E,12500,11000,1500,88.0,199,202,114
YRD06651,DR03074,PR00006,Yard A,14000,13748,252,98.2,235,273,88
YRD06652,DR09804,PR00003,Yard C,13000,10582,2418,81.4,240,278,102
YRD06653,DR09894,PR00001,Yard D,11000,6534,4466,59.4,274,247,28
YRD06654,DR08094,PR00006,Yard B,12000,8844,3156,73.7,284,257,53
YRD06655,DR08338,PR00001,Yard E,12500,11950,550,95.6,255,291,65
YRD06656,DR07286,PR00002,Yard E,12500,11588,912,92.7,284,218,96
YRD06657,DR08839,PR00001,Yard E,12500,12125,375,97.0,341,239,85
YRD06658,DR06414,PR00003,Yard E,12500,11562,938,92.5,157,228,83
YRD06659,DR05282,PR00004,Yard E,12500,11562,938,92.5,260,234,74
YRD06660,DR04582,PR00006,Yard A,14000,13608,392,97.2,239,261,78
YRD06661,DR01090,PR00003,Yard C,13000,11544,1456,88.8,119,171,93
YRD06662,DR05531,PR00007,Yard E,12500,11138,1362,89.1,303,242,104
YRD06663,DR08642,PR00004,Yard D,11000,7249,3751,65.9,196,261,52
YRD06664,DR09513,PR00004,Yard C,13000,11570,1430,89.0,292,322,88
YRD06665,DR07006,PR00001,Yard E,12500,10938,1562,87.5,175,240,55
YRD06666,DR03969,PR00001,Yard A,14000,13202,798,94.3,207,183,93
YRD06667,DR00857,PR00004,Yard B,12000,9528,2472,79.4,277,251,66
YRD06668,DR02638,PR00005,Yard B,12000,8916,3084,74.3,288,280,67
YRD06669,DR01889,PR00002,Yard D,11000,7667,3333,69.7,244,313,43
YRD06670,DR02643,PR00003,Yard C,13000,11765,1235,90.5,284,214,71
YRD06671,DR02788,PR00002,Yard B,12000,9372,2628,78.1,163,173,55
YRD06672,DR03676,PR00003,Yard D,11000,7326,3674,66.6,286,270,57
YRD06673,DR03028,PR00002,Yard B,12000,9384,2616,78.2,360,238,68
YRD06674,DR09754,PR00001,Yard B,12000,9000,3000,75.0,247,227,68
YRD06675,DR08813,PR00002,Yard D,11000,6985,4015,63.5,149,187,25
YRD06676,DR07177,PR00006,Yard A,14000,13454,546,96.1,240,183,74
YRD06677,DR04610,PR00006,Yard E,12500,11125,1375,89.0,314,266,69
YRD06678,DR04489,PR00001,Yard C,13000,11336,1664,87.2,306,177,60
YRD06679,DR08664,PR00001,Yard A,14000,13636,364,97.4,147,281,105
YRD06680,DR05808,PR00003,Yard B,12000,9144,2856,76.2,272,272,33
YRD06681,DR02237,PR00002,Yard A,14000,13664,336,97.6,177,228,88
YRD06682,DR05547,PR00006,Yard B,12000,9912,2088,82.6,335,295,45
YRD06683,DR09047,PR00003,Yard D,11000,8514,2486,77.4,242,200,64
YRD06684,DR06951,PR00006,Yard D,11000,8404,2596,76.4,241,245,51
YRD06685,DR00669,PR00001,Yard D,11000,7920,3080,72.0,314,226,19
YRD06686,DR05443,PR00007,Yard E,12500,11025,1475,88.2,134,168,71
YRD06687,DR09209,PR00005,Yard E,12500,11538,962,92.3,295,204,88
YRD06688,DR02504,PR00005,Yard E,12500,11212,1288,89.7,283,239,83
YRD06689,DR00103,PR00007,Yard C,13000,11505,1495,88.5,301,210,119
YRD06690,DR07940,PR00003,Yard C,13000,11102,1898,85.4,162,230,95
YRD06691,DR00350,PR00001,Yard E,12500,11625,875,93.0,263,216,75
YRD06692,DR07598,PR00003,Yard C,13000,11960,1040,92.0,213,220,85
YRD06693,DR05708,PR00006,Yard E,12500,11100,1400,88.8,250,238,107
YRD06694,DR04980,PR00006,Yard D,11000,7623,3377,69.3,147,271,49
YRD06695,DR08126,PR00003,Yard D,11000,7876,3124,71.6,277,196,64
YRD06696,DR09861,PR00005,Yard E,12500,11388,1112,91.1,209,205,98
YRD06697,DR00254,PR00002,Yard A,14000,13790,210,98.5,226,259,87
YRD06698,DR09200,PR00002,Yard E,12500,11250,1250,90.0,201,211,79
YRD06699,DR03950,PR00004,Yard A,14000,13342,658,95.3,184,185,83
YRD06700,DR05398,PR00003,Yard E,12500,11250,1250,90.0,345,204,89
YRD06701,DR05853,PR00001,Yard B,12000,8568,3432,71.4,272,202,42
YRD06702,DR05327,PR00005,Yard E,12500,11200,1300,89.6,306,208,86
YRD06703,DR00265,PR00003,Yard D,11000,7656,3344,69.6,261,234,47
YRD06704,DR08962,PR00003,Yard A,14000,13790,210,98.5,300,257,120
YRD06705,DR02599,PR00001,Yard E,12500,11275,1225,90.2,222,201,70
YRD06706,DR07713,PR00002,Yard D,11000,7458,3542,67.8,168,284,54
YRD06707,DR09720,PR00005,Yard B,12000,9468,2532,78.9,293,230,59
YRD06708,DR09436,PR00006,Yard B,12000,9336,2664,77.8,144,206,66
YRD06709,DR00399,PR00001,Yard B,12000,8832,3168,73.6,252,183,58
YRD06710,DR02409,PR00006,Yard C,13000,11752,1248,90.4,330,225,92
YRD06711,DR05307,PR00006,Yard B,12000,8316,3684,69.3,150,296,11
YRD06712,DR07654,PR00006,Yard C,13000,11024,1976,84.8,265,296,74
YRD06713,DR08781,PR00004,Yard A,14000,13762,238,98.3,283,182,81
YRD06714,DR01308,PR00002,Yard C,13000,10959,2041,84.3,231,296,59
YRD06715,DR03158,PR00005,Yard E,12500,11888,612,95.1,233,200,109
YRD06716,DR08231,PR00003,Yard E,12500,12212,288,97.7,264,305,77
YRD06717,DR05681,PR00002,Yard E,12500,11312,1188,90.5,316,264,77
YRD06718,DR00464,PR00003,Yard A,14000,13790,210,98.5,360,201,113
YRD06719,DR00565,PR00003,Yard B,12000,8916,3084,74.3,312,235,77
YRD06720,DR09592,PR00003,Yard C,13000,10452,2548,80.4,181,189,80
YRD06721,DR08513,PR00006,Yard D,11000,7854,3146,71.4,299,265,26
YRD06722,DR02466,PR00003,Yard A,14000,12908,1092,92.2,269,233,107
YRD06723,DR05702,PR00002,Yard C,13000,11037,1963,84.9,135,181,99
YRD06724,DR09355,PR00007,Yard C,13000,12194,806,93.8,189,250,54
YRD06725,DR02183,PR00002,Yard D,11000,8283,2717,75.3,245,224,73
YRD06726,DR00583,PR00001,Yard A,14000,13174,826,94.1,166,252,66
YRD06727,DR03214,PR00006,Yard C,13000,11674,1326,89.8,274,176,91
YRD06728,DR03221,PR00007,Yard E,12500,11725,775,93.8,293,272,88
YRD06729,DR02872,PR00005,Yard A,14000,13790,210,98.5,226,270,69
YRD06730,DR04975,PR00003,Yard A,14000,13608,392,97.2,297,219,110
YRD06731,DR08369,PR00004,Yard D,11000,7667,3333,69.7,236,197,40
YRD06732,DR08219,PR00006,Yard E,12500,11762,738,94.1,294,248,103
YRD06733,DR06252,PR00006,Yard D,11000,6886,4114,62.6,206,196,62
YRD06734,DR07961,PR00001,Yard E,12500,11350,1150,90.8,175,305,63
YRD06735,DR05304,PR00006,Yard A,14000,13118,882,93.7,198,191,77
YRD06736,DR05583,PR00004,Yard A,14000,13790,210,98.5,312,335,99
YRD06737,DR05701,PR00001,Yard B,12000,9384,2616,78.2,244,229,107
YRD06738,DR01486,PR00001,Yard B,12000,8556,3444,71.3,226,271,70
YRD06739,DR04879,PR00001,Yard B,12000,9696,2304,80.8,304,250,72
YRD06740,DR02154,PR00007,Yard A,14000,13790,210,98.5,209,217,102
YRD06741,DR05656,PR00003,Yard B,12000,9096,2904,75.8,283,222,76
YRD06742,DR05591,PR00005,Yard C,13000,11765,1235,90.5,232,157,60
YRD06743,DR02030,PR00001,Yard C,13000,10595,2405,81.5,155,253,70
YRD06744,DR01442,PR00006,Yard D,11000,7843,3157,71.3,245,231,93
YRD06745,DR09085,PR00003,Yard A,14000,13790,210,98.5,271,259,102
YRD06746,DR04523,PR00007,Yard E,12500,11850,650,94.8,275,321,73
YRD06747,DR07109,PR00003,Yard E,12500,11688,812,93.5,320,296,58
YRD06748,DR08175,PR00006,Yard E,12500,11912,588,95.3,276,312,77
YRD06749,DR07067,PR00004,Yard E,12500,11088,1412,88.7,220,214,78
YRD06750,DR09680,PR00003,Yard D,11000,8195,2805,74.5,302,240,89
YRD06751,DR09492,PR00007,Yard E,12500,12225,275,97.8,294,287,115
YRD06752,DR06156,PR00003,Yard A,14000,12978,1022,92.7,241,207,73
YRD06753,DR05157,PR00006,Yard E,12500,11075,1425,88.6,189,193,94
YRD06754,DR04486,PR00001,Yard C,13000,11141,1859,85.7,282,159,63
YRD06755,DR03492,PR00004,Yard E,12500,12288,212,98.3,284,304,80
YRD06756,DR01216,PR00007,Yard E,12500,11112,1388,88.9,195,193,80
YRD06757,DR03740,PR00006,Yard A,14000,13762,238,98.3,225,331,67
YRD06758,DR04498,PR00003,Yard B,12000,9192,2808,76.6,167,156,59
YRD06759,DR09917,PR00003,Yard E,12500,11838,662,94.7,347,293,92
YRD06760,DR05648,PR00006,Yard E,12500,11575,925,92.6,275,187,86
YRD06761,DR00323,PR00002,Yard D,11000,7711,3289,70.1,271,320,82
YRD06762,DR02567,PR00007,Yard A,14000,13384,616,95.6,226,123,107
YRD06763,DR09134,PR00002,Yard E,12500,11162,1338,89.3,158,221,101
YRD06764,DR07627,PR00001,Yard E,12500,11388,1112,91.1,343,261,91
YRD06765,DR07715,PR00005,Yard D,11000,7623,3377,69.3,123,212,47
YRD06766,DR03313,PR00003,Yard C,13000,10959,2041,84.3,233,242,95
YRD06767,DR07367,PR00002,Yard D,11000,7557,3443,68.7,275,194,56
YRD06768,DR07998,PR00002,Yard C,13000,11869,1131,91.3,265,217,97
YRD06769,DR08083,PR00007,Yard E,12500,12100,400,96.8,286,210,87
YRD06770,DR03493,PR00004,Yard E,12500,12312,188,98.5,310,277,87
YRD06771,DR08673,PR00007,Yard D,11000,7480,3520,68.0,267,274,53
YRD06772,DR07917,PR00002,Yard C,13000,10881,2119,83.7,207,191,99
YRD06773,DR09609,PR00003,Yard A,14000,13524,476,96.6,213,279,106
YRD06774,DR03792,PR00002,Yard B,12000,9276,2724,77.3,299,212,73
YRD06775,DR05789,PR00003,Yard D,11000,7579,3421,68.9,225,219,87
YRD06776,DR00109,PR00001,Yard D,11000,7502,3498,68.2,236,205,62
YRD06777,DR08392,PR00001,Yard D,11000,7161,3839,65.1,246,229,52
YRD06778,DR04186,PR00003,Yard C,13000,10816,2184,83.2,222,184,101
YRD06779,DR03107,PR00005,Yard C,13000,11063,1937,85.1,151,187,68
YRD06780,DR05621,PR00003,Yard B,12000,8904,3096,74.2,259,251,83
YRD06781,DR05335,PR00003,Yard C,13000,10777,2223,82.9,263,276,83
YRD06782,DR07527,PR00003,Yard A,14000,13496,504,96.4,238,247,119
YRD06783,DR02033,PR00003,Yard A,14000,12516,1484,89.4,287,235,125
YRD06784,DR03552,PR00005,Yard C,13000,11661,1339,89.7,329,304,54
YRD06785,DR04937,PR00006,Yard A,14000,13706,294,97.9,296,252,88
YRD06786,DR04824,PR00006,Yard A,14000,13580,420,97.0,353,277,110
YRD06787,DR00374,PR00002,Yard A,14000,13790,210,98.5,315,159,66
YRD06788,DR05242,PR00003,Yard A,14000,13790,210,98.5,210,253,76
YRD06789,DR04777,PR00006,Yard A,14000,13328,672,95.2,222,207,80
YRD06790,DR00508,PR00007,Yard E,12500,12025,475,96.2,202,239,95
YRD06791,DR02957,PR00004,Yard B,12000,8880,3120,74.0,226,233,95
YRD06792,DR00008,PR00003,Yard C,13000,10504,2496,80.8,136,146,85
YRD06793,DR04586,PR00005,Yard D,11000,7106,3894,64.6,205,263,63
YRD06794,DR08852,PR00007,Yard C,13000,10777,2223,82.9,185,186,74
YRD06795,DR07691,PR00003,Yard C,13000,11791,1209,90.7,253,246,62
YRD06796,DR04457,PR00001,Yard A,14000,13790,210,98.5,283,282,100
YRD06797,DR03956,PR00006,Yard E,12500,11500,1000,92.0,267,267,100
YRD06798,DR07503,PR00005,Yard A,14000,13664,336,97.6,289,222,78
YRD06799,DR05423,PR00001,Yard E,12500,12075,425,96.6,218,178,100
YRD06800,DR01220,PR00002,Yard B,12000,9732,2268,81.1,204,271,72
YRD06801,DR00039,PR00004,Yard D,11000,7810,3190,71.0,341,257,49
YRD06802,DR05919,PR00005,Yard C,13000,10829,2171,83.3,232,306,114
YRD06803,DR04698,PR00006,Yard A,14000,13664,336,97.6,270,319,91
YRD06804,DR09270,PR00001,Yard E,12500,11725,775,93.8,331,232,56
YRD06805,DR09022,PR00002,Yard E,12500,11075,1425,88.6,232,198,73
YRD06806,DR04595,PR00005,Yard D,11000,8096,2904,73.6,259,280,53
YRD06807,DR08659,PR00001,Yard C,13000,10725,2275,82.5,195,217,57
YRD06808,DR04888,PR00003,Yard C,13000,11596,1404,89.2,201,238,86
YRD06809,DR05787,PR00004,Yard B,12000,8496,3504,70.8,173,176,55
YRD06810,DR00405,PR00002,Yard A,14000,13426,574,95.9,252,321,82
YRD06811,DR01974,PR00006,Yard C,13000,11037,1963,84.9,301,290,78
YRD06812,DR00879,PR00001,Yard A,14000,13370,630,95.5,307,235,105
YRD06813,DR03895,PR00005,Yard D,11000,6941,4059,63.1,242,349,31
YRD06814,DR07801,PR00004,Yard D,11000,7425,3575,67.5,205,270,76
YRD06815,DR06237,PR00003,Yard E,12500,11412,1088,91.3,292,207,85
YRD06816,DR02261,PR00006,Yard C,13000,11232,1768,86.4,250,247,70
YRD06817,DR01068,PR00002,Yard A,14000,13580,420,97.0,242,273,88
YRD06818,DR00010,PR00006,Yard C,13000,11752,1248,90.4,222,294,56
YRD06819,DR08918,PR00001,Yard D,11000,7931,3069,72.1,264,258,55
YRD06820,DR06957,PR00007,Yard A,14000,13790,210,98.5,144,170,71
YRD06821,DR01596,PR00001,Yard E,12500,11650,850,93.2,268,339,113
YRD06822,DR03686,PR00004,Yard E,12500,11362,1138,90.9,191,184,92
YRD06823,DR02260,PR00001,Yard D,11000,8063,2937,73.3,221,286,27
YRD06824,DR00546,PR00003,Yard A,14000,13496,504,96.4,226,271,132
YRD06825,DR08865,PR00001,Yard A,14000,13790,210,98.5,259,189,72
YRD06826,DR07395,PR00001,Yard C,13000,11037,1963,84.9,273,220,54
YRD06827,DR09867,PR00001,Yard E,12500,11475,1025,91.8,295,220,64
YRD06828,DR08306,PR00001,Yard C,13000,10530,2470,81.0,243,136,69
YRD06829,DR02072,PR00005,Yard B,12000,9528,2472,79.4,275,310,89
YRD06830,DR06630,PR00003,Yard E,12500,11050,1450,88.4,306,220,65
YRD06831,DR02479,PR00001,Yard C,13000,10998,2002,84.6,231,202,76
YRD06832,DR04094,PR00007,Yard B,12000,8904,3096,74.2,249,219,57
YRD06833,DR08917,PR00004,Yard E,12500,12162,338,97.3,301,213,91
YRD06834,DR01198,PR00002,Yard E,12500,11975,525,95.8,161,250,81
YRD06835,DR01081,PR00003,Yard B,12000,9096,2904,75.8,267,324,68
YRD06836,DR07699,PR00003,Yard E,12500,12062,438,96.5,305,274,100
YRD06837,DR01326,PR00004,Yard B,12000,9312,2688,77.6,182,217,75
YRD06838,DR00753,PR00006,Yard C,13000,11193,1807,86.1,271,257,84
YRD06839,DR02913,PR00004,Yard C,13000,10634,2366,81.8,168,174,77
YRD06840,DR01348,PR00007,Yard D,11000,7579,3421,68.9,265,241,35
YRD06841,DR04676,PR00005,Yard E,12500,12312,188,98.5,272,254,82
YRD06842,DR04258,PR00007,Yard C,13000,10790,2210,83.0,296,239,88
YRD06843,DR03129,PR00004,Yard C,13000,10972,2028,84.4,199,217,62
YRD06844,DR00096,PR00005,Yard A,14000,13790,210,98.5,185,259,124
YRD06845,DR09256,PR00005,Yard C,13000,10985,2015,84.5,327,237,70
YRD06846,DR03276,PR00005,Yard C,13000,10751,2249,82.7,274,276,63
YRD06847,DR00472,PR00001,Yard B,12000,8748,3252,72.9,233,216,56
YRD06848,DR01550,PR00001,Yard D,11000,7876,3124,71.6,283,207,66
YRD06849,DR05834,PR00002,Yard B,12000,9084,2916,75.7,249,182,38
YRD06850,DR03118,PR00002,Yard A,14000,13356,644,95.4,268,282,106
YRD06851,DR01314,PR00007,Yard B,12000,8928,3072,74.4,287,239,63
YRD06852,DR06008,PR00005,Yard A,14000,13300,700,95.0,289,226,65
YRD06853,DR04139,PR00001,Yard B,12000,9036,2964,75.3,205,266,58
YRD06854,DR07836,PR00003,Yard C,13000,11206,1794,86.2,139,298,104
YRD06855,DR01062,PR00002,Yard C,13000,11830,1170,91.0,299,279,68
YRD06856,DR00202,PR00006,Yard A,14000,13608,392,97.2,218,276,92
YRD06857,DR04449,PR00007,Yard B,12000,9336,2664,77.8,110,201,73
YRD06858,DR06750,PR00001,Yard B,12000,8616,3384,71.8,253,266,43
YRD06859,DR02312,PR00003,Yard E,12500,11025,1475,88.2,245,171,73
YRD06860,DR08121,PR00007,Yard E,12500,12300,200,98.4,344,249,122
YRD06861,DR03438,PR00004,Yard A,14000,13356,644,95.4,202,226,85
YRD06862,DR03714,PR00006,Yard D,11000,7854,3146,71.4,233,273,51
YRD06863,DR02939,PR00002,Yard C,13000,11284,1716,86.8,237,222,78
YRD06864,DR04049,PR00002,Yard A,14000,13314,686,95.1,253,298,64
YRD06865,DR07215,PR00005,Yard A,14000,13790,210,98.5,231,253,102
YRD06866,DR00186,PR00001,Yard E,12500,11900,600,95.2,292,251,106
YRD06867,DR03944,PR00006,Yard A,14000,13398,602,95.7,163,269,63
YRD06868,DR02087,PR00005,Yard C,13000,11648,1352,89.6,207,174,91
YRD06869,DR06394,PR00002,Yard B,12000,9252,2748,77.1,258,242,81
YRD06870,DR07199,PR00003,Yard B,12000,8916,3084,74.3,226,206,64
YRD06871,DR06894,PR00006,Yard C,13000,11323,1677,87.1,288,252,77
YRD06872,DR00482,PR00007,Yard C,13000,10647,2353,81.9,225,245,62
YRD06873,DR08609,PR00002,Yard E,12500,11688,812,93.5,255,180,86
YRD06874,DR01252,PR00006,Yard B,12000,9672,2328,80.6,273,222,16
YRD06875,DR03739,PR00001,Yard E,12500,11575,925,92.6,170,256,66
YRD06876,DR07879,PR00007,Yard E,12500,11075,1425,88.6,215,239,66
YRD06877,DR05284,PR00005,Yard D,11000,7546,3454,68.6,257,225,76
YRD06878,DR09951,PR00001,Yard D,11000,7491,3509,68.1,284,247,68
YRD06879,DR06681,PR00005,Yard C,13000,11856,1144,91.2,222,268,90
YRD06880,DR04461,PR00005,Yard A,14000,13566,434,96.9,151,164,139
YRD06881,DR09447,PR00005,Yard A,14000,12824,1176,91.6,154,148,101
YRD06882,DR00681,PR00002,Yard E,12500,11725,775,93.8,277,254,79
YRD06883,DR02635,PR00005,Yard C,13000,11908,1092,91.6,199,171,62
YRD06884,DR04864,PR00006,Yard C,13000,11180,1820,86.0,284,286,75
YRD06885,DR02957,PR00002,Yard E,12500,11462,1038,91.7,257,206,116
YRD06886,DR05800,PR00002,Yard D,11000,7524,3476,68.4,203,218,61
YRD06887,DR05392,PR00006,Yard C,13000,11050,1950,85.0,272,147,73
YRD06888,DR03185,PR00004,Yard B,12000,8532,3468,71.1,270,285,31
YRD06889,DR04512,PR00003,Yard C,13000,10595,2405,81.5,246,183,105
YRD06890,DR09020,PR00006,Yard E,12500,11312,1188,90.5,315,267,81
YRD06891,DR02269,PR00001,Yard C,13000,11869,1131,91.3,167,198,60
YRD06892,DR00641,PR00006,Yard A,14000,12852,1148,91.8,235,147,62
YRD06893,DR03820,PR00003,Yard C,13000,11401,1599,87.7,324,262,54
YRD06894,DR09671,PR00001,Yard E,12500,11725,775,93.8,187,185,120
YRD06895,DR03631,PR00007,Yard D,11000,7612,3388,69.2,304,231,85
YRD06896,DR04746,PR00005,Yard E,12500,11400,1100,91.2,229,181,81
YRD06897,DR06617,PR00002,Yard E,12500,11025,1475,88.2,273,236,108
YRD06898,DR07875,PR00007,Yard C,13000,11115,1885,85.5,180,205,71
YRD06899,DR06674,PR00007,Yard B,12000,8340,3660,69.5,197,183,26
YRD06900,DR03421,PR00006,Yard C,13000,10829,2171,83.3,233,208,58
YRD06901,DR08485,PR00001,Yard D,11000,7469,3531,67.9,225,263,68
YRD06902,DR02875,PR00001,Yard D,11000,7348,3652,66.8,318,270,32
YRD06903,DR09702,PR00005,Yard C,13000,11297,1703,86.9,229,318,88
YRD06904,DR06891,PR00007,Yard C,13000,10894,2106,83.8,170,217,59
YRD06905,DR04100,PR00002,Yard A,14000,13790,210,98.5,219,266,94
YRD06906,DR03549,PR00003,Yard A,14000,13118,882,93.7,188,245,95
YRD06907,DR08391,PR00001,Yard D,11000,8118,2882,73.8,278,238,85
YRD06908,DR00923,PR00003,Yard B,12000,8988,3012,74.9,177,229,53
YRD06909,DR00498,PR00004,Yard B,12000,9636,2364,80.3,242,197,53
YRD06910,DR09397,PR00001,Yard E,12500,10825,1675,86.6,187,235,69
YRD06911,DR07357,PR00004,Yard E,12500,10938,1562,87.5,194,263,85
YRD06912,DR02854,PR00004,Yard E,12500,11538,962,92.3,227,149,99
YRD06913,DR02416,PR00003,Yard E,12500,11788,712,94.3,247,208,102
YRD06914,DR03680,PR00006,Yard C,13000,11245,1755,86.5,245,211,99
YRD06915,DR05107,PR00001,Yard D,11000,7502,3498,68.2,290,272,54
YRD06916,DR04734,PR00001,Yard B,12000,9144,2856,76.2,307,236,27
YRD06917,DR09287,PR00003,Yard A,14000,12880,1120,92.0,244,233,44
YRD06918,DR09395,PR00003,Yard C,13000,11050,1950,85.0,177,223,65
YRD06919,DR05781,PR00002,Yard E,12500,11888,612,95.1,247,215,112
YRD06920,DR06652,PR00007,Yard C,13000,11167,1833,85.9,156,161,85
YRD06921,DR04324,PR00002,Yard D,11000,7722,3278,70.2,288,315,88
YRD06922,DR03649,PR00002,Yard D,11000,6677,4323,60.7,143,195,33
YRD06923,DR01022,PR00006,Yard E,12500,11538,962,92.3,228,226,78
YRD06924,DR02512,PR00007,Yard D,11000,7249,3751,65.9,183,222,46
YRD06925,DR01208,PR00003,Yard A,14000,13636,364,97.4,191,249,92
YRD06926,DR08743,PR00001,Yard E,12500,11575,925,92.6,268,331,90
YRD06927,DR09677,PR00002,Yard E,12500,11725,775,93.8,157,218,116
YRD06928,DR08780,PR00002,Yard E,12500,11875,625,95.0,267,277,79
YRD06929,DR08195,PR00003,Yard E,12500,11125,1375,89.0,296,247,63
YRD06930,DR06204,PR00005,Yard A,14000,13790,210,98.5,339,336,117
YRD06931,DR03970,PR00003,Yard E,12500,11225,1275,89.8,186,224,94
YRD06932,DR04056,PR00003,Yard E,12500,11662,838,93.3,213,244,99
YRD06933,DR00258,PR00005,Yard A,14000,13328,672,95.2,268,138,86
YRD06934,DR05961,PR00002,Yard C,13000,10322,2678,79.4,187,119,35
YRD06935,DR08714,PR00001,Yard A,14000,13790,210,98.5,244,218,99
YRD06936,DR02734,PR00006,Yard E,12500,11775,725,94.2,283,236,91
YRD06937,DR00516,PR00001,Yard C,13000,11544,1456,88.8,237,201,68
YRD06938,DR05830,PR00001,Yard C,13000,11154,1846,85.8,249,206,89
YRD06939,DR07624,PR00001,Yard D,11000,7007,3993,63.7,234,273,46
YRD06940,DR00944,PR00004,Yard A,14000,13202,798,94.3,292,164,88
YRD06941,DR09899,PR00004,Yard E,12500,11900,600,95.2,231,196,85
YRD06942,DR06555,PR00003,Yard A,14000,13062,938,93.3,278,239,85
YRD06943,DR04319,PR00003,Yard E,12500,11962,538,95.7,293,260,62
YRD06944,DR02346,PR00003,Yard B,12000,8916,3084,74.3,299,227,45
YRD06945,DR05148,PR00001,Yard C,13000,11089,1911,85.3,218,227,82
YRD06946,DR01824,PR00006,Yard C,13000,11245,1755,86.5,269,321,126
YRD06947,DR05463,PR00007,Yard D,11000,7392,3608,67.2,214,201,52
YRD06948,DR02858,PR00004,Yard B,12000,8784,3216,73.2,260,250,72
YRD06949,DR00692,PR00003,Yard C,13000,11583,1417,89.1,300,247,124
YRD06950,DR06439,PR00006,Yard B,12000,9528,2472,79.4,282,298,73
YRD06951,DR07474,PR00001,Yard A,14000,13202,798,94.3,201,215,48
YRD06952,DR07821,PR00002,Yard C,13000,11791,1209,90.7,360,234,82
YRD06953,DR04231,PR00007,Yard C,13000,11869,1131,91.3,288,202,99
YRD06954,DR02586,PR00001,Yard C,13000,11258,1742,86.6,227,257,31
YRD06955,DR03669,PR00001,Yard E,12500,11662,838,93.3,294,209,58
YRD06956,DR06040,PR00004,Yard E,12500,11662,838,93.3,318,208,72
YRD06957,DR01274,PR00004,Yard C,13000,11167,1833,85.9,312,227,66
YRD06958,DR02587,PR00004,Yard B,12000,8844,3156,73.7,196,194,72
YRD06959,DR05644,PR00001,Yard B,12000,8772,3228,73.1,253,152,41
YRD06960,DR04643,PR00005,Yard E,12500,11162,1338,89.3,203,221,68
YRD06961,DR05830,PR00002,Yard B,12000,8868,3132,73.9,181,294,51
YRD06962,DR05101,PR00007,Yard C,13000,11076,1924,85.2,291,189,79
YRD06963,DR08362,PR00002,Yard E,12500,11238,1262,89.9,278,182,69
YRD06964,DR01311,PR00001,Yard D,11000,7447,3553,67.7,261,350,75
YRD06965,DR04623,PR00004,Yard A,14000,13020,980,93.0,219,237,90
YRD06966,DR01725,PR00002,Yard A,14000,13790,210,98.5,212,155,70
YRD06967,DR09221,PR00004,Yard C,13000,11492,1508,88.4,132,247,118
YRD06968,DR04522,PR00002,Yard B,12000,8904,3096,74.2,269,188,58
YRD06969,DR06824,PR00003,Yard C,13000,11115,1885,85.5,250,220,81
YRD06970,DR01676,PR00001,Yard A,14000,13636,364,97.4,177,284,107
YRD06971,DR04156,PR00003,Yard B,12000,9204,2796,76.7,294,334,61
YRD06972,DR02044,PR00001,Yard C,13000,11440,1560,88.0,233,324,77
YRD06973,DR02995,PR00002,Yard C,13000,10855,2145,83.5,357,221,64
YRD06974,DR06378,PR00001,Yard B,12000,9396,2604,78.3,230,201,84
YRD06975,DR03348,PR00006,Yard D,11000,7150,3850,65.0,230,314,42
YRD06976,DR02615,PR00005,Yard B,12000,9072,2928,75.6,251,185,70
YRD06977,DR06463,PR00001,Yard E,12500,11662,838,93.3,278,231,57
YRD06978,DR07030,PR00001,Yard C,13000,11986,1014,92.2,220,241,72
YRD06979,DR00912,PR00001,Yard E,12500,12038,462,96.3,241,202,68
YRD06980,DR04073,PR00002,Yard E,12500,11775,725,94.2,288,248,61
YRD06981,DR02299,PR00003,Yard B,12000,8988,3012,74.9,213,196,64
YRD06982,DR06172,PR00003,Yard E,12500,11400,1100,91.2,259,167,101
YRD06983,DR05947,PR00007,Yard E,12500,12175,325,97.4,190,268,85
YRD06984,DR03180,PR00006,Yard A,14000,13790,210,98.5,253,185,79
YRD06985,DR04540,PR00001,Yard D,11000,7216,3784,65.6,297,227,58
YRD06986,DR03770,PR00001,Yard B,12000,8772,3228,73.1,260,196,52
YRD06987,DR03645,PR00001,Yard E,12500,11800,700,94.4,293,174,102
YRD06988,DR07007,PR00001,Yard E,12500,11588,912,92.7,282,248,68
YRD06989,DR08287,PR00003,Yard D,11000,7546,3454,68.6,232,156,21
YRD06990,DR03768,PR00001,Yard B,12000,8280,3720,69.0,233,225,26
YRD06991,DR06532,PR00001,Yard A,14000,13790,210,98.5,281,226,87
YRD06992,DR03127,PR00001,Yard D,11000,8063,2937,73.3,304,277,50
YRD06993,DR01609,PR00004,Yard E,12500,11038,1462,88.3,192,177,67
YRD06994,DR05072,PR00001,Yard E,12500,11612,888,92.9,328,220,78
YRD06995,DR01808,PR00007,Yard B,12000,8808,3192,73.4,247,255,77
YRD06996,DR01334,PR00003,Yard E,12500,11812,688,94.5,213,196,84
YRD06997,DR02918,PR00002,Yard A,14000,13510,490,96.5,262,263,129
YRD06998,DR09903,PR00003,Yard B,12000,9336,2664,77.8,282,305,69
YRD06999,DR04944,PR00003,Yard D,11000,7238,3762,65.8,296,273,32
YRD07000,DR07617,PR00003,Yard B,12000,8724,3276,72.7,233,206,53
YRD07001,DR08620,PR00003,Yard B,12000,9108,2892,75.9,148,199,86
YRD07002,DR06583,PR00002,Yard A,14000,13090,910,93.5,266,194,124
YRD07003,DR02072,PR00002,Yard E,12500,11625,875,93.0,334,219,93
YRD07004,DR06462,PR00001,Yard A,14000,13342,658,95.3,117,219,91
YRD07005,DR05672,PR00005,Yard A,14000,13090,910,93.5,149,266,82
YRD07006,DR06819,PR00004,Yard E,12500,12075,425,96.6,303,350,105
YRD07007,DR01633,PR00004,Yard C,13000,11076,1924,85.2,219,254,67
YRD07008,DR00555,PR00007,Yard D,11000,7040,3960,64.0,205,128,64
YRD07009,DR00457,PR00003,Yard A,14000,13398,602,95.7,218,292,76
YRD07010,DR02503,PR00006,Yard A,14000,12432,1568,88.8,119,222,68
YRD07011,DR02566,PR00003,Yard A,14000,13202,798,94.3,215,254,87
YRD07012,DR05372,PR00003,Yard D,11000,7711,3289,70.1,224,252,92
YRD07013,DR02323,PR00004,Yard C,13000,11089,1911,85.3,174,332,45
YRD07014,DR05205,PR00002,Yard B,12000,9156,2844,76.3,351,282,71
YRD07015,DR00852,PR00002,Yard E,12500,12062,438,96.5,298,229,84
YRD07016,DR08453,PR00003,Yard E,12500,12312,188,98.5,295,171,85
YRD07017,DR09599,PR00001,Yard E,12500,12312,188,98.5,226,273,94
YRD07018,DR02921,PR00002,Yard D,11000,7601,3399,69.1,255,205,66
YRD07019,DR07993,PR00006,Yard E,12500,11525,975,92.2,287,270,52
YRD07020,DR02946,PR00003,Yard D,11000,6787,4213,61.7,232,242,40
YRD07021,DR08918,PR00001,Yard D,11000,7260,3740,66.0,207,126,48
YRD07022,DR09494,PR00001,Yard E,12500,11538,962,92.3,300,227,83
YRD07023,DR07137,PR00007,Yard E,12500,11625,875,93.0,256,223,79
YRD07024,DR07756,PR00007,Yard A,14000,13146,854,93.9,222,234,83
YRD07025,DR05269,PR00004,Yard E,12500,11588,912,92.7,289,251,90
YRD07026,DR03328,PR00001,Yard E,12500,11738,762,93.9,260,264,61
YRD07027,DR03048,PR00003,Yard B,12000,8952,3048,74.6,221,290,61
YRD07028,DR02843,PR00002,Yard E,12500,11900,600,95.2,243,295,123
YRD07029,DR09404,PR00006,Yard C,13000,11960,1040,92.0,294,275,118
YRD07030,DR04611,PR00003,Yard B,12000,8616,3384,71.8,138,161,46
YRD07031,DR02250,PR00005,Yard E,12500,11238,1262,89.9,221,201,72
YRD07032,DR07025,PR00003,Yard A,14000,13790,210,98.5,205,255,82
YRD07033,DR03971,PR00006,Yard C,13000,11921,1079,91.7,263,257,70
YRD07034,DR09980,PR00003,Yard E,12500,11475,1025,91.8,107,163,78
YRD07035,DR04068,PR00003,Yard C,13000,11167,1833,85.9,227,237,78
YRD07036,DR01627,PR00003,Yard B,12000,8952,3048,74.6,236,292,57
YRD07037,DR04934,PR00004,Yard C,13000,10907,2093,83.9,200,218,75
YRD07038,DR05313,PR00006,Yard B,12000,8964,3036,74.7,250,201,37
YRD07039,DR09189,PR00003,Yard C,13000,11271,1729,86.7,217,269,70
YRD07040,DR02460,PR00007,Yard C,13000,11388,1612,87.6,355,252,73
YRD07041,DR04023,PR00003,Yard A,14000,13426,574,95.9,258,215,132
YRD07042,DR08606,PR00002,Yard C,13000,10725,2275,82.5,268,206,84
YRD07043,DR07702,PR00002,Yard A,14000,13636,364,97.4,262,247,90
YRD07044,DR02093,PR00001,Yard D,11000,6897,4103,62.7,289,189,57
YRD07045,DR07834,PR00006,Yard B,12000,9456,2544,78.8,282,245,54
YRD07046,DR07512,PR00001,Yard A,14000,13566,434,96.9,240,244,97
YRD07047,DR08999,PR00002,Yard E,12500,11462,1038,91.7,116,339,102
YRD07048,DR00878,PR00002,Yard A,14000,13678,322,97.7,218,202,105
YRD07049,DR06944,PR00005,Yard B,12000,9024,2976,75.2,252,201,59
YRD07050,DR01999,PR00007,Yard C,13000,11141,1859,85.7,206,215,83
YRD07051,DR05371,PR00006,Yard C,13000,12012,988,92.4,287,227,79
YRD07052,DR03355,PR00002,Yard D,11000,7689,3311,69.9,327,279,49
YRD07053,DR06642,PR00003,Yard E,12500,11612,888,92.9,238,321,45
YRD07054,DR09491,PR00002,Yard E,12500,12300,200,98.4,303,346,90
YRD07055,DR00147,PR00007,Yard A,14000,13790,210,98.5,335,261,91
YRD07056,DR00748,PR00001,Yard E,12500,10662,1838,85.3,235,231,55
YRD07057,DR03844,PR00007,Yard B,12000,9012,2988,75.1,178,254,93
YRD07058,DR07893,PR00006,Yard D,11000,7810,3190,71.0,267,247,77
YRD07059,DR02243,PR00005,Yard D,11000,7106,3894,64.6,213,189,69
YRD07060,DR08425,PR00005,Yard B,12000,9252,2748,77.1,184,249,59
YRD07061,DR06117,PR00002,Yard C,13000,11284,1716,86.8,71,235,76
YRD07062,DR04647,PR00002,Yard B,12000,8700,3300,72.5,306,268,36
YRD07063,DR01337,PR00003,Yard B,12000,9240,2760,77.0,147,196,92
YRD07064,DR06318,PR00001,Yard A,14000,13790,210,98.5,260,219,103
YRD07065,DR04087,PR00005,Yard A,14000,13258,742,94.7,263,214,91
YRD07066,DR03002,PR00003,Yard E,12500,11612,888,92.9,233,267,94
YRD07067,DR07949,PR00006,Yard B,12000,8556,3444,71.3,247,229,71
YRD07068,DR07995,PR00006,Yard D,11000,7447,3553,67.7,280,307,64
YRD07069,DR06540,PR00001,Yard B,12000,9324,2676,77.7,246,261,62
YRD07070,DR08344,PR00002,Yard C,13000,10894,2106,83.8,233,235,109
YRD07071,DR06921,PR00003,Yard E,12500,11938,562,95.5,311,308,83
YRD07072,DR05180,PR00001,Yard C,13000,11713,1287,90.1,342,187,77
YRD07073,DR05264,PR00005,Yard A,14000,13664,336,97.6,262,136,116
YRD07074,DR06920,PR00005,Yard B,12000,8604,3396,71.7,249,206,61
YRD07075,DR03500,PR00005,Yard E,12500,11888,612,95.1,270,238,106
YRD07076,DR06953,PR00003,Yard B,12000,9000,3000,75.0,321,265,42
YRD07077,DR06552,PR00006,Yard D,11000,7150,3850,65.0,242,224,42
YRD07078,DR08873,PR00004,Yard A,14000,13790,210,98.5,266,248,86
YRD07079,DR02961,PR00007,Yard A,14000,13776,224,98.4,300,303,57
YRD07080,DR05947,PR00006,Yard E,12500,12312,188,98.5,243,270,93
YRD07081,DR02412,PR00005,Yard A,14000,13790,210,98.5,216,279,92
YRD07082,DR07267,PR00001,Yard E,12500,12312,188,98.5,272,299,110
YRD07083,DR04145,PR00006,Yard C,13000,10751,2249,82.7,113,184,87
YRD07084,DR04123,PR00002,Yard B,12000,8916,3084,74.3,208,291,99
YRD07085,DR05359,PR00003,Yard C,13000,11258,1742,86.6,170,266,106
YRD07086,DR03630,PR00003,Yard D,11000,7524,3476,68.4,199,197,47
YRD07087,DR05164,PR00002,Yard E,12500,12200,300,97.6,261,310,82
YRD07088,DR05237,PR00001,Yard D,11000,7326,3674,66.6,268,235,67
YRD07089,DR09468,PR00001,Yard A,14000,13622,378,97.3,228,252,91
YRD07090,DR06095,PR00006,Yard B,12000,9144,2856,76.2,297,218,58
YRD07091,DR02182,PR00004,Yard B,12000,9432,2568,78.6,225,264,85
YRD07092,DR00972,PR00007,Yard B,12000,8808,3192,73.4,253,206,64
YRD07093,DR02084,PR00006,Yard C,13000,11154,1846,85.8,226,188,74
YRD07094,DR02491,PR00003,Yard A,14000,13692,308,97.8,205,212,67
YRD07095,DR02188,PR00006,Yard C,13000,11245,1755,86.5,277,218,63
YRD07096,DR03085,PR00004,Yard B,12000,8724,3276,72.7,360,262,72
YRD07097,DR01334,PR00002,Yard C,13000,10179,2821,78.3,216,203,48
YRD07098,DR06898,PR00007,Yard D,11000,7645,3355,69.5,282,258,34
YRD07099,DR07701,PR00007,Yard E,12500,11550,950,92.4,227,229,101
YRD07100,DR00653,PR00001,Yard A,14000,13104,896,93.6,296,221,71
YRD07101,DR04145,PR00006,Yard C,13000,10829,2171,83.3,243,346,75
YRD07102,DR08463,PR00001,Yard E,12500,11275,1225,90.2,231,227,102
YRD07103,DR06103,PR00007,Yard A,14000,13622,378,97.3,240,257,99
YRD07104,DR02913,PR00004,Yard B,12000,8976,3024,74.8,200,233,80
YRD07105,DR03387,PR00001,Yard B,12000,8220,3780,68.5,236,196,52
YRD07106,DR02241,PR00006,Yard A,14000,13286,714,94.9,244,264,49
YRD07107,DR09041,PR00003,Yard A,14000,13790,210,98.5,219,275,100
YRD07108,DR08665,PR00001,Yard A,14000,13790,210,98.5,223,203,101
YRD07109,DR05286,PR00006,Yard D,11000,7744,3256,70.4,307,271,77
YRD07110,DR03795,PR00006,Yard E,12500,11812,688,94.5,256,184,79
YRD07111,DR08290,PR00003,Yard D,11000,7018,3982,63.8,204,264,45
YRD07112,DR06094,PR00005,Yard E,12500,11312,1188,90.5,265,211,96
YRD07113,DR09411,PR00001,Yard D,11000,7766,3234,70.6,260,239,73
YRD07114,DR05022,PR00002,Yard A,14000,13790,210,98.5,319,219,91
YRD07115,DR01522,PR00005,Yard C,13000,10257,2743,78.9,204,182,90
YRD07116,DR03001,PR00002,Yard E,12500,12062,438,96.5,292,289,82
YRD07117,DR03318,PR00003,Yard B,12000,9108,2892,75.9,91,195,39
YRD07118,DR01682,PR00007,Yard C,13000,11739,1261,90.3,171,154,99
YRD07119,DR01593,PR00006,Yard C,13000,11596,1404,89.2,275,264,79
YRD07120,DR09099,PR00004,Yard D,11000,7744,3256,70.4,207,261,67
YRD07121,DR04066,PR00004,Yard E,12500,11312,1188,90.5,202,191,88
YRD07122,DR03176,PR00006,Yard E,12500,11475,1025,91.8,233,250,80
YRD07123,DR04931,PR00006,Yard D,11000,8074,2926,73.4,249,204,70
YRD07124,DR03425,PR00001,Yard E,12500,11462,1038,91.7,225,278,101
YRD07125,DR02962,PR00003,Yard C,13000,11492,1508,88.4,300,292,86
YRD07126,DR04713,PR00001,Yard A,14000,13790,210,98.5,282,198,101
YRD07127,DR01111,PR00001,Yard C,13000,12103,897,93.1,226,195,89
YRD07128,DR03538,PR00002,Yard C,13000,11037,1963,84.9,310,227,96
YRD07129,DR02787,PR00004,Yard E,12500,11100,1400,88.8,275,251,84
YRD07130,DR08692,PR00006,Yard B,12000,9156,2844,76.3,318,248,75
YRD07131,DR09253,PR00007,Yard E,12500,11088,1412,88.7,109,203,98
YRD07132,DR08372,PR00003,Yard A,14000,13790,210,98.5,307,267,95
YRD07133,DR04458,PR00003,Yard D,11000,7502,3498,68.2,247,130,42
YRD07134,DR01780,PR00001,Yard B,12000,9264,2736,77.2,289,326,75
YRD07135,DR00383,PR00001,Yard D,11000,8272,2728,75.2,236,210,68
YRD07136,DR02896,PR00001,Yard B,12000,9060,2940,75.5,262,320,42
YRD07137,DR01321,PR00007,Yard E,12500,11100,1400,88.8,204,158,66
YRD07138,DR01187,PR00001,Yard D,11000,7238,3762,65.8,229,188,52
YRD07139,DR03222,PR00005,Yard A,14000,13440,560,96.0,219,98,74
YRD07140,DR01058,PR00002,Yard A,14000,13524,476,96.6,239,218,89
YRD07141,DR05164,PR00003,Yard C,13000,11453,1547,88.1,208,226,76
YRD07142,DR06916,PR00006,Yard B,12000,9240,2760,77.0,201,245,57
YRD07143,DR00245,PR00007,Yard D,11000,7194,3806,65.4,219,153,57
YRD07144,DR09024,PR00002,Yard E,12500,11912,588,95.3,252,294,76
YRD07145,DR09217,PR00007,Yard A,14000,13790,210,98.5,268,289,112
YRD07146,DR01508,PR00002,Yard B,12000,8640,3360,72.0,249,268,61
YRD07147,DR04736,PR00006,Yard B,12000,8460,3540,70.5,211,237,30
YRD07148,DR01832,PR00001,Yard B,12000,9372,2628,78.1,171,202,45
YRD07149,DR02150,PR00003,Yard B,12000,8652,3348,72.1,269,197,71
YRD07150,DR06686,PR00005,Yard B,12000,9288,2712,77.4,199,270,75
YRD07151,DR03765,PR00006,Yard D,11000,7337,3663,66.7,219,234,55
YRD07152,DR05356,PR00006,Yard D,11000,8162,2838,74.2,208,253,56
YRD07153,DR01011,PR00002,Yard B,12000,9012,2988,75.1,248,251,65
YRD07154,DR06927,PR00006,Yard C,13000,11375,1625,87.5,282,231,41
YRD07155,DR03578,PR00002,Yard D,11000,7865,3135,71.5,291,253,23
YRD07156,DR08607,PR00002,Yard A,14000,13496,504,96.4,291,340,60
YRD07157,DR04469,PR00001,Yard D,11000,7722,3278,70.2,253,237,37
YRD07158,DR03123,PR00002,Yard B,12000,8100,3900,67.5,254,248,24
YRD07159,DR04749,PR00001,Yard A,14000,13314,686,95.1,283,319,92
YRD07160,DR05597,PR00005,Yard B,12000,9468,2532,78.9,290,312,43
YRD07161,DR09042,PR00001,Yard A,14000,13748,252,98.2,329,248,74
YRD07162,DR03582,PR00004,Yard E,12500,11625,875,93.0,306,216,74
YRD07163,DR08457,PR00001,Yard B,12000,9792,2208,81.6,230,177,39
YRD07164,DR06140,PR00005,Yard B,12000,8856,3144,73.8,164,173,70
YRD07165,DR07609,PR00002,Yard A,14000,13790,210,98.5,151,289,72
YRD07166,DR02127,PR00002,Yard D,11000,8184,2816,74.4,269,242,57
YRD07167,DR08232,PR00004,Yard E,12500,11362,1138,90.9,212,233,70
YRD07168,DR00317,PR00007,Yard E,12500,11175,1325,89.4,310,274,98
YRD07169,DR02460,PR00007,Yard B,12000,9672,2328,80.6,262,225,78
YRD07170,DR07973,PR00002,Yard E,12500,11762,738,94.1,219,253,69
YRD07171,DR08617,PR00007,Yard B,12000,9540,2460,79.5,261,282,85
YRD07172,DR04209,PR00004,Yard E,12500,11400,1100,91.2,211,199,75
YRD07173,DR08970,PR00007,Yard A,14000,13300,700,95.0,211,144,101
YRD07174,DR03088,PR00001,Yard B,12000,9156,2844,76.3,360,226,87
YRD07175,DR05093,PR00001,Yard E,12500,11125,1375,89.0,267,231,95
YRD07176,DR07626,PR00001,Yard B,12000,9552,2448,79.6,293,241,50
YRD07177,DR03584,PR00006,Yard E,12500,11925,575,95.4,346,304,96
YRD07178,DR08493,PR00001,Yard C,13000,11557,1443,88.9,268,314,77
YRD07179,DR01871,PR00001,Yard B,12000,9816,2184,81.8,347,302,70
YRD07180,DR03755,PR00004,Yard A,14000,13790,210,98.5,360,295,97
YRD07181,DR09489,PR00007,Yard C,13000,11804,1196,90.8,309,239,72
YRD07182,DR02321,PR00004,Yard C,13000,11193,1807,86.1,229,219,71
YRD07183,DR05409,PR00005,Yard D,11000,7293,3707,66.3,254,188,15
YRD07184,DR06160,PR00001,Yard D,11000,7898,3102,71.8,273,145,60
YRD07185,DR07329,PR00007,Yard D,11000,7788,3212,70.8,318,181,54
YRD07186,DR01564,PR00001,Yard E,12500,11800,700,94.4,299,273,72
YRD07187,DR04649,PR00002,Yard C,13000,11245,1755,86.5,288,255,86
YRD07188,DR05656,PR00003,Yard A,14000,13664,336,97.6,236,191,101
YRD07189,DR04469,PR00002,Yard A,14000,13608,392,97.2,257,255,101
YRD07190,DR04624,PR00004,Yard B,12000,9120,2880,76.0,156,211,75
YRD07191,DR05530,PR00005,Yard E,12500,11238,1262,89.9,201,189,71
YRD07192,DR09283,PR00002,Yard D,11000,7414,3586,67.4,315,247,59
YRD07193,DR04705,PR00001,Yard B,12000,7836,4164,65.3,228,235,43
YRD07194,DR05300,PR00001,Yard E,12500,11550,950,92.4,268,256,77
YRD07195,DR03859,PR00001,Yard B,12000,9576,2424,79.8,253,224,37
YRD07196,DR03639,PR00007,Yard B,12000,9744,2256,81.2,189,178,84
YRD07197,DR09124,PR00004,Yard B,12000,8232,3768,68.6,242,236,63
YRD07198,DR09849,PR00001,Yard C,13000,10712,2288,82.4,277,227,86
YRD07199,DR07612,PR00001,Yard D,11000,7139,3861,64.9,158,153,62
YRD07200,DR05963,PR00006,Yard E,12500,11475,1025,91.8,280,206,116
YRD07201,DR03682,PR00006,Yard A,14000,13258,742,94.7,232,349,102
YRD07202,DR02369,PR00007,Yard D,11000,7656,3344,69.6,345,269,28
YRD07203,DR09289,PR00001,Yard A,14000,13258,742,94.7,267,263,106
YRD07204,DR02060,PR00003,Yard B,12000,9588,2412,79.9,341,242,88
YRD07205,DR00521,PR00001,Yard C,13000,11778,1222,90.6,230,266,116
YRD07206,DR06794,PR00006,Yard C,13000,10491,2509,80.7,196,112,82
YRD07207,DR03207,PR00003,Yard A,14000,13398,602,95.7,224,190,99
YRD07208,DR03947,PR00005,Yard A,14000,13496,504,96.4,264,242,98
YRD07209,DR01880,PR00001,Yard D,11000,7491,3509,68.1,196,253,38
YRD07210,DR00176,PR00005,Yard E,12500,11375,1125,91.0,342,266,96
YRD07211,DR09502,PR00002,Yard C,13000,11232,1768,86.4,184,261,94
YRD07212,DR04982,PR00006,Yard A,14000,13790,210,98.5,273,272,74
YRD07213,DR08840,PR00001,Yard A,14000,13188,812,94.2,251,225,103
YRD07214,DR00806,PR00006,Yard A,14000,12838,1162,91.7,163,236,86
YRD07215,DR09615,PR00001,Yard E,12500,11725,775,93.8,215,212,104
YRD07216,DR03259,PR00004,Yard C,13000,10647,2353,81.9,296,206,86
YRD07217,DR02284,PR00005,Yard E,12500,11325,1175,90.6,301,274,96
YRD07218,DR06245,PR00003,Yard B,12000,9588,2412,79.9,253,327,69
YRD07219,DR05522,PR00002,Yard D,11000,6952,4048,63.2,127,265,32
YRD07220,DR00555,PR00002,Yard A,14000,13440,560,96.0,223,297,120
YRD07221,DR06337,PR00002,Yard C,13000,10855,2145,83.5,148,231,67
YRD07222,DR05340,PR00004,Yard C,13000,11817,1183,90.9,355,229,104
YRD07223,DR02734,PR00001,Yard C,13000,11141,1859,85.7,222,150,80
YRD07224,DR09647,PR00001,Yard E,12500,11625,875,93.0,315,256,89
YRD07225,DR00088,PR00002,Yard A,14000,13384,616,95.6,275,229,110
YRD07226,DR03820,PR00002,Yard A,14000,13594,406,97.1,193,193,85
YRD07227,DR06104,PR00001,Yard C,13000,11102,1898,85.4,173,220,47
YRD07228,DR07343,PR00005,Yard E,12500,10912,1588,87.3,177,297,91
YRD07229,DR09178,PR00001,Yard D,11000,7084,3916,64.4,221,152,40
YRD07230,DR00231,PR00007,Yard C,13000,11674,1326,89.8,150,177,89
YRD07231,DR03441,PR00005,Yard C,13000,11687,1313,89.9,302,350,69
YRD07232,DR08705,PR00003,Yard E,12500,11250,1250,90.0,273,216,64
YRD07233,DR00070,PR00006,Yard E,12500,10900,1600,87.2,181,189,74
YRD07234,DR02463,PR00004,Yard E,12500,11475,1025,91.8,147,225,95
YRD07235,DR07179,PR00004,Yard B,12000,9000,3000,75.0,249,316,54
YRD07236,DR00762,PR00002,Yard E,12500,11338,1162,90.7,228,243,106
YRD07237,DR03356,PR00004,Yard A,14000,13706,294,97.9,291,208,122
YRD07238,DR06704,PR00001,Yard D,11000,7997,3003,72.7,318,328,75
YRD07239,DR06133,PR00003,Yard B,12000,9156,2844,76.3,260,225,58
YRD07240,DR07126,PR00001,Yard E,12500,10925,1575,87.4,251,149,55
YRD07241,DR00495,PR00003,Yard E,12500,11025,1475,88.2,291,236,58
YRD07242,DR08562,PR00004,Yard D,11000,7029,3971,63.9,282,287,42
YRD07243,DR02161,PR00001,Yard D,11000,7590,3410,69.0,204,237,41
YRD07244,DR06398,PR00002,Yard B,12000,9564,2436,79.7,215,238,90
YRD07245,DR08601,PR00006,Yard E,12500,11512,988,92.1,286,299,39
YRD07246,DR08042,PR00002,Yard E,12500,11962,538,95.7,317,214,115
YRD07247,DR00663,PR00001,Yard C,13000,10738,2262,82.6,261,239,82
YRD07248,DR06641,PR00002,Yard D,11000,6633,4367,60.3,289,144,68
YRD07249,DR06752,PR00007,Yard D,11000,7601,3399,69.1,198,270,24
YRD07250,DR05897,PR00005,Yard C,13000,10699,2301,82.3,163,171,100
YRD07251,DR08844,PR00004,Yard E,12500,11688,812,93.5,290,196,90
YRD07252,DR06555,PR00006,Yard B,12000,8520,3480,71.0,108,192,76
YRD07253,DR03536,PR00004,Yard B,12000,8904,3096,74.2,245,247,45
YRD07254,DR02845,PR00006,Yard D,11000,8217,2783,74.7,351,228,46
YRD07255,DR00839,PR00004,Yard B,12000,9072,2928,75.6,264,254,75
YRD07256,DR01705,PR00006,Yard C,13000,11193,1807,86.1,272,228,103
YRD07257,DR08674,PR00004,Yard C,13000,11271,1729,86.7,279,212,58
YRD07258,DR07159,PR00002,Yard A,14000,13790,210,98.5,216,179,102
YRD07259,DR07480,PR00001,Yard E,12500,10363,2137,82.9,150,165,42
YRD07260,DR04557,PR00001,Yard B,12000,9108,2892,75.9,360,236,68
YRD07261,DR02407,PR00003,Yard B,12000,9264,2736,77.2,297,250,49
YRD07262,DR09104,PR00007,Yard C,13000,10894,2106,83.8,199,202,58
YRD07263,DR09243,PR00005,Yard C,13000,11284,1716,86.8,285,243,60
YRD07264,DR09420,PR00005,Yard B,12000,9168,2832,76.4,326,231,74
YRD07265,DR01408,PR00004,Yard A,14000,13790,210,98.5,287,334,61
YRD07266,DR01086,PR00007,Yard C,13000,10816,2184,83.2,232,199,24
YRD07267,DR00995,PR00005,Yard E,12500,10950,1550,87.6,216,249,69
YRD07268,DR02856,PR00002,Yard E,12500,12000,500,96.0,285,201,78
YRD07269,DR04124,PR00003,Yard C,13000,11414,1586,87.8,172,227,81
YRD07270,DR02336,PR00003,Yard E,12500,11800,700,94.4,262,218,59
YRD07271,DR00445,PR00001,Yard A,14000,13790,210,98.5,252,168,127
YRD07272,DR06984,PR00002,Yard E,12500,10762,1738,86.1,168,281,88
YRD07273,DR09556,PR00002,Yard C,13000,11349,1651,87.3,273,252,80
YRD07274,DR08191,PR00001,Yard E,12500,11475,1025,91.8,171,179,85
YRD07275,DR05019,PR00002,Yard E,12500,11075,1425,88.6,260,161,63
YRD07276,DR07646,PR00007,Yard B,12000,8592,3408,71.6,237,206,51
YRD07277,DR04147,PR00002,Yard B,12000,9744,2256,81.2,249,248,77
YRD07278,DR03053,PR00006,Yard D,11000,7876,3124,71.6,197,179,67
YRD07279,DR07212,PR00001,Yard B,12000,8796,3204,73.3,202,275,100
YRD07280,DR02950,PR00007,Yard A,14000,13790,210,98.5,182,198,90
YRD07281,DR09136,PR00005,Yard A,14000,12138,1862,86.7,225,284,68
YRD07282,DR06444,PR00007,Yard A,14000,13790,210,98.5,265,220,98
YRD07283,DR02185,PR00003,Yard A,14000,12992,1008,92.8,217,162,71
YRD07284,DR00902,PR00004,Yard D,11000,7898,3102,71.8,228,197,40
YRD07285,DR05231,PR00003,Yard B,12000,8700,3300,72.5,196,214,76
YRD07286,DR08057,PR00003,Yard D,11000,7909,3091,71.9,331,350,41
YRD07287,DR07565,PR00005,Yard D,11000,7777,3223,70.7,236,277,66
YRD07288,DR06173,PR00001,Yard E,12500,12312,188,98.5,139,203,88
YRD07289,DR04953,PR00001,Yard B,12000,9012,2988,75.1,191,214,53
YRD07290,DR01838,PR00006,Yard E,12500,12075,425,96.6,306,326,80
YRD07291,DR00036,PR00001,Yard D,11000,7755,3245,70.5,289,199,94
YRD07292,DR06488,PR00005,Yard E,12500,11625,875,93.0,323,232,102
YRD07293,DR06645,PR00001,Yard A,14000,13062,938,93.3,263,248,82
YRD07294,DR01315,PR00003,Yard B,12000,9240,2760,77.0,262,219,27
YRD07295,DR00777,PR00002,Yard C,13000,10829,2171,83.3,180,283,65
YRD07296,DR00483,PR00003,Yard B,12000,9180,2820,76.5,241,233,72
YRD07297,DR02137,PR00006,Yard C,13000,11076,1924,85.2,228,180,60
YRD07298,DR07080,PR00006,Yard E,12500,11662,838,93.3,182,219,97
YRD07299,DR03485,PR00002,Yard A,14000,13594,406,97.1,261,209,104
YRD07300,DR05766,PR00002,Yard C,13000,11193,1807,86.1,240,271,68
YRD07301,DR01434,PR00006,Yard C,13000,10881,2119,83.7,250,218,39
YRD07302,DR01248,PR00001,Yard B,12000,9048,2952,75.4,355,214,82
YRD07303,DR07481,PR00001,Yard B,12000,8448,3552,70.4,181,187,68
YRD07304,DR01616,PR00003,Yard C,13000,11531,1469,88.7,291,244,66
YRD07305,DR00798,PR00006,Yard A,14000,13566,434,96.9,251,234,79
YRD07306,DR03973,PR00002,Yard E,12500,11288,1212,90.3,148,254,83
YRD07307,DR06772,PR00001,Yard E,12500,11812,688,94.5,248,179,87
YRD07308,DR07012,PR00007,Yard B,12000,9180,2820,76.5,153,265,87
YRD07309,DR09475,PR00007,Yard A,14000,13342,658,95.3,232,246,88
YRD07310,DR06400,PR00004,Yard C,13000,12493,507,96.1,305,195,80
YRD07311,DR08460,PR00005,Yard A,14000,13314,686,95.1,360,253,116
YRD07312,DR06248,PR00007,Yard A,14000,13328,672,95.2,263,186,75
YRD07313,DR09901,PR00004,Yard A,14000,13790,210,98.5,267,244,50
YRD07314,DR05231,PR00006,Yard E,12500,11275,1225,90.2,251,225,62
YRD07315,DR08049,PR00003,Yard A,14000,13790,210,98.5,308,228,91
YRD07316,DR06837,PR00002,Yard E,12500,11800,700,94.4,323,303,109
YRD07317,DR04394,PR00006,Yard A,14000,13790,210,98.5,171,261,107
YRD07318,DR03999,PR00005,Yard C,13000,11583,1417,89.1,211,238,118
YRD07319,DR05711,PR00002,Yard E,12500,10113,2387,80.9,268,165,91
YRD07320,DR03202,PR00004,Yard D,11000,7898,3102,71.8,247,215,67
YRD07321,DR05302,PR00006,Yard B,12000,8748,3252,72.9,237,208,64
YRD07322,DR07408,PR00002,Yard E,12500,11288,1212,90.3,195,259,110
YRD07323,DR08715,PR00005,Yard E,12500,11800,700,94.4,156,160,55
YRD07324,DR05154,PR00001,Yard A,14000,13468,532,96.2,291,273,102
YRD07325,DR05876,PR00004,Yard A,14000,13510,490,96.5,182,259,95
YRD07326,DR04890,PR00007,Yard A,14000,13790,210,98.5,273,288,89
YRD07327,DR06655,PR00006,Yard C,13000,10296,2704,79.2,165,215,58
YRD07328,DR07419,PR00006,Yard E,12500,11862,638,94.9,136,190,80
YRD07329,DR03847,PR00005,Yard B,12000,9060,2940,75.5,274,218,56
YRD07330,DR00172,PR00003,Yard A,14000,13790,210,98.5,302,274,110
YRD07331,DR07194,PR00005,Yard B,12000,9276,2724,77.3,290,236,60
YRD07332,DR08301,PR00002,Yard C,13000,10894,2106,83.8,190,206,92
YRD07333,DR03751,PR00004,Yard E,12500,11288,1212,90.3,280,206,68
YRD07334,DR06795,PR00003,Yard E,12500,11538,962,92.3,285,239,98
YRD07335,DR07189,PR00004,Yard B,12000,8688,3312,72.4,160,277,64
YRD07336,DR08707,PR00003,Yard E,12500,11862,638,94.9,211,271,121
YRD07337,DR07864,PR00002,Yard C,13000,11141,1859,85.7,305,162,78
YRD07338,DR01009,PR00002,Yard D,11000,6820,4180,62.0,233,224,51
YRD07339,DR05699,PR00002,Yard C,13000,11414,1586,87.8,346,187,86
YRD07340,DR02050,PR00003,Yard C,13000,11310,1690,87.0,176,228,96
YRD07341,DR02752,PR00001,Yard E,12500,11675,825,93.4,258,235,114
YRD07342,DR01499,PR00007,Yard A,14000,13622,378,97.3,224,243,96
YRD07343,DR02336,PR00001,Yard B,12000,9108,2892,75.9,201,202,61
YRD07344,DR04335,PR00006,Yard A,14000,13132,868,93.8,201,230,121
YRD07345,DR01180,PR00002,Yard D,11000,7832,3168,71.2,269,287,36
YRD07346,DR00871,PR00006,Yard D,11000,8932,2068,81.2,212,256,74
YRD07347,DR03412,PR00005,Yard B,12000,8424,3576,70.2,225,164,105
YRD07348,DR09742,PR00007,Yard E,12500,11950,550,95.6,237,237,105
YRD07349,DR06666,PR00006,Yard C,13000,12272,728,94.4,332,324,103
YRD07350,DR00438,PR00005,Yard B,12000,9096,2904,75.8,318,181,64
YRD07351,DR00512,PR00001,Yard E,12500,11888,612,95.1,261,179,102
YRD07352,DR01462,PR00004,Yard B,12000,9588,2412,79.9,263,201,68
YRD07353,DR09216,PR00002,Yard D,11000,7777,3223,70.7,257,297,59
YRD07354,DR09121,PR00006,Yard D,11000,7766,3234,70.6,288,306,63
YRD07355,DR02274,PR00006,Yard A,14000,13790,210,98.5,202,234,89
YRD07356,DR05434,PR00002,Yard C,13000,10309,2691,79.3,220,222,42
YRD07357,DR00705,PR00005,Yard D,11000,8382,2618,76.2,262,257,79
YRD07358,DR04334,PR00002,Yard B,12000,9180,2820,76.5,228,152,55
YRD07359,DR02215,PR00005,Yard C,13000,10881,2119,83.7,217,304,66
YRD07360,DR01765,PR00004,Yard A,14000,13538,462,96.7,270,210,91
YRD07361,DR07075,PR00003,Yard D,11000,7150,3850,65.0,195,171,31
YRD07362,DR03738,PR00006,Yard A,14000,12838,1162,91.7,334,185,81
YRD07363,DR08474,PR00002,Yard E,12500,11388,1112,91.1,284,336,79
YRD07364,DR06077,PR00006,Yard D,11000,8327,2673,75.7,297,264,43
YRD07365,DR09912,PR00005,Yard D,11000,7843,3157,71.3,314,204,71
YRD07366,DR09098,PR00002,Yard C,13000,11128,1872,85.6,322,245,72
YRD07367,DR05476,PR00003,Yard A,14000,13790,210,98.5,260,226,113
YRD07368,DR00818,PR00001,Yard E,12500,11325,1175,90.6,256,227,89
YRD07369,DR03875,PR00004,Yard A,14000,12950,1050,92.5,248,194,88
YRD07370,DR02870,PR00006,Yard A,14000,13524,476,96.6,265,191,68
YRD07371,DR05641,PR00001,Yard D,11000,7711,3289,70.1,265,241,17
YRD07372,DR02867,PR00001,Yard A,14000,12964,1036,92.6,211,227,100
YRD07373,DR03937,PR00003,Yard D,11000,7414,3586,67.4,223,197,46
YRD07374,DR05732,PR00002,Yard C,13000,11557,1443,88.9,219,206,79
YRD07375,DR00734,PR00002,Yard E,12500,12312,188,98.5,250,350,56
YRD07376,DR09434,PR00004,Yard B,12000,8424,3576,70.2,207,131,50
YRD07377,DR05995,PR00003,Yard B,12000,9240,2760,77.0,189,202,72
YRD07378,DR04113,PR00006,Yard C,13000,11050,1950,85.0,211,225,51
YRD07379,DR09837,PR00003,Yard A,14000,13062,938,93.3,252,276,96
YRD07380,DR01032,PR00004,Yard E,12500,12312,188,98.5,229,298,74
YRD07381,DR04830,PR00003,Yard B,12000,9048,2952,75.4,221,183,82
YRD07382,DR04095,PR00002,Yard B,12000,8604,3396,71.7,259,146,53
YRD07383,DR08305,PR00003,Yard A,14000,12880,1120,92.0,153,111,80
YRD07384,DR05980,PR00005,Yard A,14000,13468,532,96.2,204,213,94
YRD07385,DR03731,PR00007,Yard B,12000,9336,2664,77.8,239,222,90
YRD07386,DR08560,PR00001,Yard E,12500,11788,712,94.3,234,264,68
YRD07387,DR07633,PR00003,Yard B,12000,8976,3024,74.8,181,194,65
YRD07388,DR00626,PR00004,Yard E,12500,11812,688,94.5,270,263,80
YRD07389,DR08072,PR00001,Yard C,13000,10946,2054,84.2,332,266,55
YRD07390,DR01912,PR00006,Yard A,14000,13384,616,95.6,154,205,86
YRD07391,DR09938,PR00002,Yard B,12000,9480,2520,79.0,294,296,55
YRD07392,DR00173,PR00006,Yard E,12500,10850,1650,86.8,211,253,72
YRD07393,DR02852,PR00004,Yard B,12000,9024,2976,75.2,202,184,83
YRD07394,DR09736,PR00001,Yard B,12000,9228,2772,76.9,209,265,67
YRD07395,DR07656,PR00005,Yard C,13000,10504,2496,80.8,247,318,73
YRD07396,DR05480,PR00001,Yard E,12500,10812,1688,86.5,218,245,85
YRD07397,DR09036,PR00005,Yard E,12500,11988,512,95.9,219,192,68
YRD07398,DR01072,PR00006,Yard D,11000,6952,4048,63.2,292,226,36
YRD07399,DR03241,PR00004,Yard B,12000,9060,2940,75.5,194,227,61
YRD07400,DR04837,PR00002,Yard D,11000,7392,3608,67.2,258,266,53
YRD07401,DR05733,PR00003,Yard C,13000,10998,2002,84.6,172,143,85
YRD07402,DR06433,PR00003,Yard E,12500,11075,1425,88.6,218,201,85
YRD07403,DR09534,PR00004,Yard B,12000,9312,2688,77.6,206,248,44
YRD07404,DR08330,PR00004,Yard E,12500,11438,1062,91.5,254,269,89
YRD07405,DR03231,PR00003,Yard A,14000,13650,350,97.5,232,293,106
YRD07406,DR00143,PR00005,Yard E,12500,11900,600,95.2,295,235,74
YRD07407,DR03458,PR00005,Yard E,12500,11525,975,92.2,145,129,75
YRD07408,DR04087,PR00005,Yard C,13000,11908,1092,91.6,207,258,44
YRD07409,DR00229,PR00002,Yard E,12500,11775,725,94.2,239,182,85
YRD07410,DR01739,PR00003,Yard C,13000,11440,1560,88.0,344,220,70
YRD07411,DR01725,PR00003,Yard C,13000,10972,2028,84.4,279,233,86
YRD07412,DR08934,PR00006,Yard D,11000,7733,3267,70.3,356,277,50
YRD07413,DR05465,PR00006,Yard E,12500,11950,550,95.6,289,316,136
YRD07414,DR03351,PR00006,Yard D,11000,7161,3839,65.1,213,81,72
YRD07415,DR08929,PR00002,Yard B,12000,9348,2652,77.9,257,231,81
YRD07416,DR03252,PR00005,Yard A,14000,13286,714,94.9,177,289,100
YRD07417,DR02043,PR00006,Yard B,12000,9888,2112,82.4,199,202,50
YRD07418,DR07599,PR00001,Yard C,13000,10400,2600,80.0,197,209,66
YRD07419,DR04430,PR00001,Yard E,12500,12075,425,96.6,274,216,88
YRD07420,DR07260,PR00001,Yard B,12000,9156,2844,76.3,247,323,91
YRD07421,DR04464,PR00004,Yard A,14000,13482,518,96.3,244,232,97
YRD07422,DR01502,PR00003,Yard A,14000,13622,378,97.3,286,167,101
YRD07423,DR00078,PR00001,Yard C,13000,10101,2899,77.7,235,218,78
YRD07424,DR00250,PR00003,Yard E,12500,12050,450,96.4,316,312,77
YRD07425,DR01410,PR00006,Yard B,12000,8808,3192,73.4,232,199,88
YRD07426,DR06291,PR00006,Yard E,12500,11225,1275,89.8,208,244,73
YRD07427,DR02632,PR00005,Yard D,11000,7205,3795,65.5,241,265,67
YRD07428,DR04944,PR00006,Yard A,14000,13412,588,95.8,313,234,107
YRD07429,DR03493,PR00004,Yard A,14000,12880,1120,92.0,197,180,74
YRD07430,DR03624,PR00006,Yard A,14000,13482,518,96.3,297,256,95
YRD07431,DR02624,PR00003,Yard E,12500,11662,838,93.3,304,239,90
YRD07432,DR02054,PR00006,Yard E,12500,11538,962,92.3,291,154,82
YRD07433,DR04884,PR00006,Yard C,13000,10491,2509,80.7,267,178,82
YRD07434,DR03978,PR00005,Yard A,14000,13048,952,93.2,221,181,92
YRD07435,DR01079,PR00003,Yard E,12500,12300,200,98.4,185,227,84
YRD07436,DR04290,PR00002,Yard C,13000,11635,1365,89.5,319,217,85
YRD07437,DR01431,PR00002,Yard C,13000,11102,1898,85.4,288,290,63
YRD07438,DR04328,PR00001,Yard C,13000,11297,1703,86.9,204,175,116
YRD07439,DR00930,PR00001,Yard C,13000,10881,2119,83.7,215,187,49
YRD07440,DR07095,PR00003,Yard C,13000,10946,2054,84.2,282,233,78
YRD07441,DR04377,PR00001,Yard D,11000,7777,3223,70.7,240,259,49
YRD07442,DR08157,PR00006,Yard B,12000,9336,2664,77.8,325,277,68
YRD07443,DR06444,PR00004,Yard E,12500,12088,412,96.7,251,280,76
YRD07444,DR06763,PR00006,Yard A,14000,13622,378,97.3,189,233,99
YRD07445,DR05880,PR00003,Yard E,12500,11688,812,93.5,195,183,104
YRD07446,DR09935,PR00002,Yard C,13000,11167,1833,85.9,280,186,81
YRD07447,DR07842,PR00002,Yard A,14000,13790,210,98.5,221,185,125
YRD07448,DR08749,PR00006,Yard A,14000,13790,210,98.5,328,289,77
YRD07449,DR01549,PR00001,Yard C,13000,11856,1144,91.2,268,244,106
YRD07450,DR03922,PR00005,Yard D,11000,8129,2871,73.9,197,228,54
YRD07451,DR09562,PR00002,Yard E,12500,11288,1212,90.3,284,266,87
YRD07452,DR02980,PR00002,Yard C,13000,11401,1599,87.7,153,291,100
YRD07453,DR05096,PR00001,Yard E,12500,11600,900,92.8,254,233,85
YRD07454,DR07795,PR00003,Yard D,11000,7722,3278,70.2,189,274,22
YRD07455,DR07748,PR00001,Yard D,11000,7271,3729,66.1,209,275,56
YRD07456,DR04853,PR00006,Yard D,11000,7546,3454,68.6,194,175,58
YRD07457,DR00248,PR00001,Yard C,13000,12012,988,92.4,317,267,68
YRD07458,DR07392,PR00002,Yard A,14000,13790,210,98.5,112,198,72
YRD07459,DR02022,PR00001,Yard E,12500,11262,1238,90.1,323,260,99
YRD07460,DR06897,PR00007,Yard C,13000,10673,2327,82.1,250,280,82
YRD07461,DR05566,PR00004,Yard C,13000,11401,1599,87.7,297,210,79
YRD07462,DR09053,PR00004,Yard D,11000,7535,3465,68.5,246,203,49
YRD07463,DR09149,PR00003,Yard E,12500,12312,188,98.5,183,266,111
YRD07464,DR05337,PR00006,Yard E,12500,11588,912,92.7,229,289,109
YRD07465,DR02891,PR00001,Yard D,11000,7370,3630,67.0,250,307,21
YRD07466,DR05775,PR00006,Yard E,12500,11938,562,95.5,239,238,114
YRD07467,DR00088,PR00006,Yard C,13000,12454,546,95.8,316,249,91
YRD07468,DR09035,PR00001,Yard E,12500,12312,188,98.5,203,337,74
YRD07469,DR09441,PR00001,Yard D,11000,6963,4037,63.3,289,255,68
YRD07470,DR05957,PR00004,Yard B,12000,8580,3420,71.5,266,286,68
YRD07471,DR07893,PR00001,Yard D,11000,7722,3278,70.2,312,290,48
YRD07472,DR07440,PR00002,Yard D,11000,7854,3146,71.4,187,197,34
YRD07473,DR09906,PR00003,Yard A,14000,13790,210,98.5,156,216,77
YRD07474,DR03824,PR00001,Yard B,12000,8532,3468,71.1,218,286,65
YRD07475,DR01248,PR00005,Yard E,12500,11788,712,94.3,234,221,52
YRD07476,DR03893,PR00003,Yard B,12000,8364,3636,69.7,198,223,47
YRD07477,DR04058,PR00004,Yard B,12000,8868,3132,73.9,271,270,63
YRD07478,DR09217,PR00003,Yard E,12500,11600,900,92.8,189,256,97
YRD07479,DR07081,PR00003,Yard C,13000,11570,1430,89.0,247,221,91
YRD07480,DR03875,PR00003,Yard C,13000,11141,1859,85.7,241,226,73
YRD07481,DR08247,PR00006,Yard B,12000,9024,2976,75.2,272,221,68
YRD07482,DR06222,PR00003,Yard D,11000,7997,3003,72.7,126,223,76
YRD07483,DR06075,PR00004,Yard C,13000,11414,1586,87.8,263,202,80
YRD07484,DR02287,PR00006,Yard E,12500,11550,950,92.4,246,320,50
YRD07485,DR04279,PR00004,Yard E,12500,11825,675,94.6,317,196,53
YRD07486,DR07369,PR00002,Yard A,14000,13118,882,93.7,161,271,78
YRD07487,DR09337,PR00001,Yard C,13000,11206,1794,86.2,241,202,69
YRD07488,DR00617,PR00004,Yard E,12500,11338,1162,90.7,275,268,102
YRD07489,DR05615,PR00005,Yard B,12000,9012,2988,75.1,241,198,76
YRD07490,DR01174,PR00005,Yard C,13000,10959,2041,84.3,315,231,58
YRD07491,DR02257,PR00005,Yard E,12500,10862,1638,86.9,208,251,114
YRD07492,DR00334,PR00001,Yard E,12500,11325,1175,90.6,208,197,99
YRD07493,DR00867,PR00005,Yard A,14000,13566,434,96.9,282,285,82
YRD07494,DR05738,PR00004,Yard A,14000,13790,210,98.5,226,293,104
YRD07495,DR02536,PR00007,Yard D,11000,7645,3355,69.5,309,204,60
YRD07496,DR04817,PR00005,Yard C,13000,10972,2028,84.4,136,158,59
YRD07497,DR08653,PR00003,Yard D,11000,8008,2992,72.8,241,281,23
YRD07498,DR05812,PR00005,Yard B,12000,8904,3096,74.2,212,184,77
YRD07499,DR04358,PR00004,Yard B,12000,8820,3180,73.5,165,171,39
YRD07500,DR01500,PR00002,Yard A,14000,13314,686,95.1,273,155,99
YRD07501,DR07949,PR00003,Yard B,12000,9504,2496,79.2,198,178,67
YRD07502,DR03361,PR00002,Yard C,13000,10686,2314,82.2,234,260,77
YRD07503,DR07777,PR00001,Yard D,11000,7733,3267,70.3,256,131,60
YRD07504,DR00082,PR00005,Yard A,14000,13440,560,96.0,199,242,78
YRD07505,DR01542,PR00003,Yard B,12000,8856,3144,73.8,223,293,58
YRD07506,DR05639,PR00005,Yard D,11000,7744,3256,70.4,320,262,33
YRD07507,DR00664,PR00003,Yard C,13000,11856,1144,91.2,222,236,81
YRD07508,DR00012,PR00006,Yard A,14000,13790,210,98.5,268,253,83
YRD07509,DR08501,PR00005,Yard C,13000,11895,1105,91.5,298,289,47
YRD07510,DR05506,PR00005,Yard B,12000,8484,3516,70.7,244,184,35
YRD07511,DR04644,PR00003,Yard C,13000,11388,1612,87.6,329,253,53
YRD07512,DR08675,PR00007,Yard A,14000,13790,210,98.5,256,280,79
YRD07513,DR04897,PR00003,Yard B,12000,9552,2448,79.6,282,225,57
YRD07514,DR08342,PR00006,Yard E,12500,11588,912,92.7,354,270,102
YRD07515,DR00036,PR00003,Yard C,13000,10556,2444,81.2,252,226,67
YRD07516,DR07103,PR00002,Yard A,14000,13790,210,98.5,205,275,100
YRD07517,DR00322,PR00004,Yard A,14000,13188,812,94.2,342,259,80
YRD07518,DR09389,PR00003,Yard B,12000,9804,2196,81.7,192,245,68
YRD07519,DR05864,PR00002,Yard B,12000,9132,2868,76.1,239,247,72
YRD07520,DR03066,PR00003,Yard A,14000,13790,210,98.5,223,208,107
YRD07521,DR02405,PR00001,Yard C,13000,11570,1430,89.0,305,215,57
YRD07522,DR03521,PR00007,Yard A,14000,13790,210,98.5,231,313,72
YRD07523,DR09137,PR00004,Yard E,12500,11238,1262,89.9,222,164,100
YRD07524,DR03531,PR00001,Yard A,14000,13342,658,95.3,231,196,64
YRD07525,DR02351,PR00005,Yard E,12500,11012,1488,88.1,256,280,84
YRD07526,DR09450,PR00004,Yard D,11000,7260,3740,66.0,312,239,28
YRD07527,DR09795,PR00005,Yard D,11000,7777,3223,70.7,242,142,40
YRD07528,DR01086,PR00004,Yard C,13000,10400,2600,80.0,251,169,58
YRD07529,DR02266,PR00001,Yard E,12500,11312,1188,90.5,225,213,80
YRD07530,DR09011,PR00002,Yard C,13000,10712,2288,82.4,235,248,71
YRD07531,DR05494,PR00005,Yard B,12000,9108,2892,75.9,198,197,88
YRD07532,DR02708,PR00005,Yard C,13000,11193,1807,86.1,267,162,63
YRD07533,DR03945,PR00005,Yard C,13000,10595,2405,81.5,269,254,70
YRD07534,DR00726,PR00001,Yard C,13000,10309,2691,79.3,297,209,71
YRD07535,DR02405,PR00006,Yard C,13000,11089,1911,85.3,204,210,109
YRD07536,DR00975,PR00003,Yard A,14000,13748,252,98.2,218,189,102
YRD07537,DR06108,PR00005,Yard A,14000,13790,210,98.5,272,146,106
YRD07538,DR05316,PR00002,Yard E,12500,12062,438,96.5,210,282,116
YRD07539,DR08458,PR00005,Yard A,14000,13790,210,98.5,263,285,136
YRD07540,DR00779,PR00007,Yard B,12000,9096,2904,75.8,250,243,70
YRD07541,DR01293,PR00002,Yard A,14000,12628,1372,90.2,276,216,69
YRD07542,DR01038,PR00006,Yard B,12000,9384,2616,78.2,277,229,94
YRD07543,DR07846,PR00004,Yard E,12500,11412,1088,91.3,269,156,93
YRD07544,DR00876,PR00002,Yard C,13000,11596,1404,89.2,296,282,97
YRD07545,DR01713,PR00002,Yard E,12500,11125,1375,89.0,293,169,85
YRD07546,DR01382,PR00005,Yard C,13000,11557,1443,88.9,287,292,98
YRD07547,DR02119,PR00002,Yard A,14000,13790,210,98.5,213,199,63
YRD07548,DR06327,PR00001,Yard A,14000,12558,1442,89.7,196,220,79
YRD07549,DR00448,PR00006,Yard A,14000,13790,210,98.5,250,231,70
YRD07550,DR07817,PR00004,Yard D,11000,7568,3432,68.8,247,281,58
YRD07551,DR03993,PR00005,Yard A,14000,13790,210,98.5,223,315,111
YRD07552,DR07128,PR00004,Yard A,14000,13244,756,94.6,275,178,109
YRD07553,DR09929,PR00003,Yard D,11000,7249,3751,65.9,208,206,68
YRD07554,DR06069,PR00005,Yard C,13000,11323,1677,87.1,185,287,49
YRD07555,DR00333,PR00001,Yard E,12500,11662,838,93.3,276,248,71
YRD07556,DR05176,PR00002,Yard C,13000,11843,1157,91.1,178,159,105
YRD07557,DR06525,PR00004,Yard B,12000,8976,3024,74.8,328,216,35
YRD07558,DR03426,PR00007,Yard E,12500,12250,250,98.0,264,326,94
YRD07559,DR06725,PR00003,Yard D,11000,6809,4191,61.9,176,164,35
YRD07560,DR07489,PR00007,Yard D,11000,7876,3124,71.6,302,273,43
YRD07561,DR01578,PR00005,Yard A,14000,13538,462,96.7,202,232,41
YRD07562,DR04663,PR00003,Yard E,12500,11425,1075,91.4,225,222,75
YRD07563,DR07681,PR00003,Yard D,11000,7810,3190,71.0,318,244,69
YRD07564,DR00472,PR00001,Yard B,12000,8724,3276,72.7,303,292,51
YRD07565,DR07640,PR00004,Yard E,12500,11675,825,93.4,199,235,96
YRD07566,DR00569,PR00001,Yard A,14000,13216,784,94.4,249,194,94
YRD07567,DR01179,PR00003,Yard D,11000,7755,3245,70.5,227,260,55
YRD07568,DR01583,PR00002,Yard C,13000,11141,1859,85.7,206,160,62
YRD07569,DR05358,PR00007,Yard C,13000,10959,2041,84.3,175,224,64
YRD07570,DR03343,PR00003,Yard B,12000,8640,3360,72.0,247,204,54
YRD07571,DR04385,PR00003,Yard B,12000,9012,2988,75.1,192,209,38
YRD07572,DR04746,PR00003,Yard B,12000,9204,2796,76.7,268,255,38
YRD07573,DR06976,PR00001,Yard C,13000,11336,1664,87.2,132,225,83
YRD07574,DR01350,PR00002,Yard D,11000,7623,3377,69.3,273,311,63
YRD07575,DR06000,PR00005,Yard A,14000,13230,770,94.5,220,180,95
YRD07576,DR02618,PR00004,Yard A,14000,13790,210,98.5,165,130,71
YRD07577,DR04739,PR00003,Yard A,14000,13538,462,96.7,249,242,93
YRD07578,DR07675,PR00006,Yard C,13000,10764,2236,82.8,279,198,85
YRD07579,DR00088,PR00001,Yard E,12500,11688,812,93.5,252,236,75
YRD07580,DR02384,PR00006,Yard E,12500,11100,1400,88.8,355,181,79
YRD07581,DR08684,PR00001,Yard A,14000,12670,1330,90.5,176,215,83
YRD07582,DR08460,PR00006,Yard B,12000,8436,3564,70.3,234,245,71
YRD07583,DR06554,PR00007,Yard A,14000,12628,1372,90.2,172,158,87
YRD07584,DR03657,PR00006,Yard B,12000,10056,1944,83.8,239,311,91
YRD07585,DR04118,PR00001,Yard A,14000,13706,294,97.9,251,196,98
YRD07586,DR03706,PR00003,Yard A,14000,13790,210,98.5,291,342,77
YRD07587,DR04690,PR00006,Yard C,13000,11323,1677,87.1,223,236,59
YRD07588,DR02741,PR00004,Yard D,11000,6842,4158,62.2,210,207,55
YRD07589,DR04224,PR00002,Yard E,12500,10212,2288,81.7,297,272,43
YRD07590,DR08968,PR00003,Yard A,14000,13790,210,98.5,263,196,133
YRD07591,DR01791,PR00001,Yard D,11000,7700,3300,70.0,299,180,74
YRD07592,DR09983,PR00003,Yard A,14000,13790,210,98.5,177,280,77
YRD07593,DR06937,PR00001,Yard E,12500,11738,762,93.9,315,312,68
YRD07594,DR07988,PR00004,Yard B,12000,9084,2916,75.7,291,238,32
YRD07595,DR08839,PR00003,Yard B,12000,9312,2688,77.6,274,144,107
YRD07596,DR06275,PR00001,Yard E,12500,11850,650,94.8,268,245,96
YRD07597,DR01306,PR00001,Yard D,11000,7788,3212,70.8,291,315,61
YRD07598,DR03250,PR00007,Yard A,14000,13790,210,98.5,274,274,101
YRD07599,DR01020,PR00004,Yard B,12000,9060,2940,75.5,239,243,29
YRD07600,DR03511,PR00004,Yard B,12000,9360,2640,78.0,333,279,40
YRD07601,DR07917,PR00005,Yard E,12500,11662,838,93.3,216,274,82
YRD07602,DR01099,PR00004,Yard A,14000,13622,378,97.3,212,179,88
YRD07603,DR05418,PR00003,Yard A,14000,13790,210,98.5,251,282,97
YRD07604,DR01584,PR00004,Yard C,13000,11687,1313,89.9,272,239,70
YRD07605,DR08635,PR00002,Yard D,11000,7755,3245,70.5,267,287,32
YRD07606,DR02477,PR00004,Yard E,12500,11050,1450,88.4,210,249,83
YRD07607,DR03913,PR00002,Yard A,14000,13790,210,98.5,292,191,67
YRD07608,DR07784,PR00007,Yard E,12500,11662,838,93.3,282,237,83
YRD07609,DR05183,PR00003,Yard C,13000,11414,1586,87.8,294,263,76
YRD07610,DR03371,PR00002,Yard D,11000,7535,3465,68.5,204,195,50
YRD07611,DR04256,PR00004,Yard D,11000,8030,2970,73.0,242,246,32
YRD07612,DR00522,PR00001,Yard B,12000,8940,3060,74.5,209,255,61
YRD07613,DR07133,PR00003,Yard D,11000,7073,3927,64.3,237,199,15
YRD07614,DR02868,PR00006,Yard A,14000,13398,602,95.7,220,317,82
YRD07615,DR07053,PR00005,Yard C,13000,11739,1261,90.3,216,211,97
YRD07616,DR04017,PR00005,Yard C,13000,11544,1456,88.8,222,233,72
YRD07617,DR01316,PR00003,Yard E,12500,11038,1462,88.3,240,256,46
YRD07618,DR05496,PR00003,Yard B,12000,9348,2652,77.9,203,203,71
YRD07619,DR06886,PR00001,Yard E,12500,11838,662,94.7,244,323,118
YRD07620,DR01437,PR00004,Yard E,12500,11962,538,95.7,288,202,66
YRD07621,DR06205,PR00004,Yard A,14000,13790,210,98.5,248,239,118
YRD07622,DR06516,PR00001,Yard E,12500,11975,525,95.8,172,227,71
YRD07623,DR02032,PR00001,Yard C,13000,11466,1534,88.2,269,182,74
YRD07624,DR07434,PR00001,Yard D,11000,7524,3476,68.4,352,309,64
YRD07625,DR00945,PR00002,Yard D,11000,7392,3608,67.2,360,208,35
YRD07626,DR08125,PR00001,Yard C,13000,10634,2366,81.8,225,252,35
YRD07627,DR00542,PR00003,Yard E,12500,11500,1000,92.0,282,226,71
YRD07628,DR06932,PR00003,Yard A,14000,13664,336,97.6,219,332,130
YRD07629,DR05785,PR00003,Yard D,11000,7370,3630,67.0,238,319,36
YRD07630,DR01395,PR00001,Yard C,13000,11258,1742,86.6,253,256,71
YRD07631,DR02663,PR00003,Yard D,11000,7788,3212,70.8,269,279,56
YRD07632,DR00516,PR00006,Yard A,14000,12460,1540,89.0,249,160,89
YRD07633,DR08677,PR00002,Yard B,12000,8544,3456,71.2,271,199,82
YRD07634,DR02773,PR00002,Yard B,12000,9120,2880,76.0,244,157,82
YRD07635,DR06972,PR00004,Yard E,12500,11875,625,95.0,316,252,90
YRD07636,DR05744,PR00002,Yard B,12000,9336,2664,77.8,303,231,56
YRD07637,DR09562,PR00002,Yard D,11000,8019,2981,72.9,360,252,82
YRD07638,DR02549,PR00003,Yard C,13000,10686,2314,82.2,172,220,67
YRD07639,DR06492,PR00003,Yard B,12000,8700,3300,72.5,284,201,65
YRD07640,DR06439,PR00006,Yard A,14000,12950,1050,92.5,257,196,85
YRD07641,DR08126,PR00006,Yard A,14000,13552,448,96.8,210,258,96
YRD07642,DR02972,PR00003,Yard C,13000,11284,1716,86.8,236,133,85
YRD07643,DR08285,PR00003,Yard A,14000,13790,210,98.5,278,195,88
YRD07644,DR01466,PR00007,Yard E,12500,12050,450,96.4,247,299,114
YRD07645,DR05089,PR00003,Yard B,12000,8988,3012,74.9,194,294,67
YRD07646,DR04200,PR00007,Yard C,13000,11427,1573,87.9,277,225,77
YRD07647,DR00497,PR00005,Yard E,12500,10825,1675,86.6,169,181,67
YRD07648,DR09761,PR00002,Yard D,11000,7590,3410,69.0,284,208,47
YRD07649,DR02365,PR00002,Yard D,11000,6952,4048,63.2,277,261,60
YRD07650,DR05691,PR00001,Yard D,11000,7711,3289,70.1,216,133,59
YRD07651,DR07625,PR00006,Yard B,12000,8952,3048,74.6,246,331,69
YRD07652,DR01578,PR00002,Yard D,11000,7491,3509,68.1,227,253,78
YRD07653,DR04134,PR00005,Yard C,13000,11726,1274,90.2,211,242,75
YRD07654,DR05522,PR00004,Yard E,12500,12138,362,97.1,254,319,114
YRD07655,DR06215,PR00006,Yard A,14000,13524,476,96.6,227,241,100
YRD07656,DR00805,PR00005,Yard E,12500,11675,825,93.4,238,272,100
YRD07657,DR03362,PR00001,Yard B,12000,8352,3648,69.6,235,237,66
YRD07658,DR06297,PR00002,Yard D,11000,7612,3388,69.2,250,212,38
YRD07659,DR06803,PR00003,Yard D,11000,8107,2893,73.7,193,258,49
YRD07660,DR03373,PR00006,Yard B,12000,8760,3240,73.0,327,198,33
YRD07661,DR04547,PR00005,Yard D,11000,7678,3322,69.8,185,164,96
YRD07662,DR08124,PR00004,Yard A,14000,13552,448,96.8,270,250,97
YRD07663,DR03245,PR00006,Yard A,14000,13412,588,95.8,231,189,95
YRD07664,DR00966,PR00003,Yard B,12000,9828,2172,81.9,261,263,94
YRD07665,DR03748,PR00001,Yard E,12500,10325,2175,82.6,185,168,63
YRD07666,DR03229,PR00006,Yard A,14000,13622,378,97.3,266,184,115
YRD07667,DR05748,PR00003,Yard E,12500,11875,625,95.0,204,239,79
YRD07668,DR05384,PR00006,Yard E,12500,11288,1212,90.3,324,182,95
YRD07669,DR07150,PR00003,Yard B,12000,8736,3264,72.8,218,169,97
YRD07670,DR09813,PR00004,Yard A,14000,13552,448,96.8,272,188,69
YRD07671,DR05831,PR00002,Yard E,12500,12312,188,98.5,360,213,73
YRD07672,DR06821,PR00003,Yard B,12000,8448,3552,70.4,253,215,29
YRD07673,DR00061,PR00001,Yard C,13000,10881,2119,83.7,274,256,74
YRD07674,DR07318,PR00005,Yard D,11000,7876,3124,71.6,317,290,60
YRD07675,DR02861,PR00002,Yard D,11000,7810,3190,71.0,328,216,82
YRD07676,DR03506,PR00002,Yard D,11000,8206,2794,74.6,332,227,69
YRD07677,DR01081,PR00002,Yard E,12500,11512,988,92.1,248,175,70
YRD07678,DR09679,PR00003,Yard C,13000,10764,2236,82.8,344,350,78
YRD07679,DR04833,PR00004,Yard C,13000,11778,1222,90.6,292,229,104
YRD07680,DR04146,PR00005,Yard A,14000,13790,210,98.5,313,159,103
YRD07681,DR03122,PR00005,Yard E,12500,11862,638,94.9,220,227,55
YRD07682,DR08921,PR00003,Yard B,12000,9060,2940,75.5,359,277,53
YRD07683,DR09874,PR00003,Yard D,11000,7260,3740,66.0,293,229,74
YRD07684,DR08839,PR00001,Yard B,12000,9264,2736,77.2,333,257,40
YRD07685,DR01053,PR00003,Yard B,12000,8892,3108,74.1,260,285,80
YRD07686,DR06152,PR00006,Yard D,11000,7832,3168,71.2,246,209,78
YRD07687,DR01279,PR00003,Yard C,13000,11648,1352,89.6,223,231,68
YRD07688,DR09007,PR00007,Yard D,11000,7095,3905,64.5,163,207,58
YRD07689,DR05604,PR00001,Yard D,11000,7744,3256,70.4,296,240,84
YRD07690,DR05809,PR00005,Yard D,11000,7645,3355,69.5,164,234,43
YRD07691,DR00599,PR00005,Yard D,11000,7414,3586,67.4,263,198,54
YRD07692,DR06299,PR00005,Yard D,11000,7546,3454,68.6,279,282,58
YRD07693,DR06928,PR00004,Yard A,14000,13790,210,98.5,232,295,89
YRD07694,DR01968,PR00001,Yard C,13000,10582,2418,81.4,208,237,46
YRD07695,DR06775,PR00005,Yard A,14000,13566,434,96.9,295,264,100
YRD07696,DR01486,PR00003,Yard B,12000,9348,2652,77.9,241,265,67
YRD07697,DR00998,PR00003,Yard E,12500,10862,1638,86.9,203,230,85
YRD07698,DR06472,PR00001,Yard B,12000,8220,3780,68.5,204,257,59
YRD07699,DR07498,PR00001,Yard B,12000,9048,2952,75.4,310,297,64
YRD07700,DR01967,PR00007,Yard E,12500,10762,1738,86.1,209,152,77
YRD07701,DR07406,PR00002,Yard E,12500,11462,1038,91.7,212,251,74
YRD07702,DR02247,PR00003,Yard D,11000,6985,4015,63.5,278,234,56
YRD07703,DR02472,PR00001,Yard D,11000,7601,3399,69.1,293,245,52
YRD07704,DR03236,PR00004,Yard D,11000,8063,2937,73.3,298,175,45
YRD07705,DR05809,PR00005,Yard B,12000,9816,2184,81.8,193,218,82
YRD07706,DR08169,PR00007,Yard B,12000,8364,3636,69.7,188,260,54
YRD07707,DR03357,PR00004,Yard A,14000,13790,210,98.5,289,211,64
YRD07708,DR09797,PR00002,Yard B,12000,9036,2964,75.3,212,163,68
YRD07709,DR08972,PR00001,Yard C,13000,10920,2080,84.0,240,269,93
YRD07710,DR09583,PR00002,Yard E,12500,11750,750,94.0,223,247,79
YRD07711,DR07083,PR00004,Yard E,12500,11388,1112,91.1,196,209,107
YRD07712,DR00337,PR00007,Yard A,14000,13790,210,98.5,297,234,109
YRD07713,DR07179,PR00001,Yard C,13000,11232,1768,86.4,255,251,68
YRD07714,DR04701,PR00003,Yard E,12500,11450,1050,91.6,286,266,78
YRD07715,DR07052,PR00004,Yard E,12500,12212,288,97.7,250,206,104
YRD07716,DR02248,PR00004,Yard C,13000,11323,1677,87.1,245,277,110
YRD07717,DR05791,PR00004,Yard A,14000,13790,210,98.5,347,350,78
YRD07718,DR00813,PR00003,Yard D,11000,7447,3553,67.7,200,281,9
YRD07719,DR01377,PR00002,Yard E,12500,11100,1400,88.8,179,232,89
YRD07720,DR01334,PR00003,Yard A,14000,13790,210,98.5,267,234,103
YRD07721,DR07033,PR00003,Yard D,11000,7656,3344,69.6,221,273,55
YRD07722,DR02939,PR00005,Yard A,14000,13790,210,98.5,204,157,127
YRD07723,DR07440,PR00001,Yard A,14000,13328,672,95.2,279,211,58
YRD07724,DR08282,PR00003,Yard B,12000,9384,2616,78.2,281,221,73
YRD07725,DR07272,PR00007,Yard A,14000,13258,742,94.7,232,292,92
YRD07726,DR07288,PR00003,Yard B,12000,9228,2772,76.9,218,152,47
YRD07727,DR03688,PR00002,Yard A,14000,13272,728,94.8,199,209,134
YRD07728,DR07108,PR00007,Yard E,12500,11875,625,95.0,208,347,86
YRD07729,DR08214,PR00002,Yard B,12000,9240,2760,77.0,272,282,49
YRD07730,DR09122,PR00005,Yard A,14000,12922,1078,92.3,214,298,65
YRD07731,DR00077,PR00001,Yard E,12500,11775,725,94.2,354,244,70
YRD07732,DR04406,PR00006,Yard A,14000,12810,1190,91.5,256,303,60
YRD07733,DR04528,PR00001,Yard B,12000,9012,2988,75.1,316,271,82
YRD07734,DR05528,PR00003,Yard D,11000,7832,3168,71.2,233,244,42
YRD07735,DR09087,PR00007,Yard C,13000,11245,1755,86.5,238,177,52
YRD07736,DR02987,PR00004,Yard B,12000,8796,3204,73.3,175,259,50
YRD07737,DR01139,PR00002,Yard A,14000,12908,1092,92.2,271,235,63
YRD07738,DR05388,PR00001,Yard E,12500,12212,288,97.7,234,246,96
YRD07739,DR06040,PR00001,Yard A,14000,13216,784,94.4,360,340,85
YRD07740,DR04674,PR00002,Yard A,14000,13790,210,98.5,255,255,89
YRD07741,DR05618,PR00003,Yard D,11000,6952,4048,63.2,228,202,44
YRD07742,DR06706,PR00003,Yard A,14000,13790,210,98.5,228,220,107
YRD07743,DR00365,PR00007,Yard A,14000,12796,1204,91.4,310,208,77
YRD07744,DR05574,PR00005,Yard A,14000,13790,210,98.5,243,259,68
YRD07745,DR08384,PR00007,Yard C,13000,11414,1586,87.8,178,269,84
YRD07746,DR00435,PR00003,Yard A,14000,13356,644,95.4,244,265,100
YRD07747,DR00009,PR00003,Yard D,11000,7227,3773,65.7,297,260,48
YRD07748,DR07155,PR00004,Yard D,11000,7612,3388,69.2,186,191,31
YRD07749,DR05245,PR00003,Yard B,12000,9132,2868,76.1,249,234,101
YRD07750,DR00330,PR00002,Yard C,13000,11895,1105,91.5,182,158,83
YRD07751,DR06244,PR00006,Yard C,13000,11609,1391,89.3,227,171,88
YRD07752,DR00700,PR00005,Yard C,13000,10881,2119,83.7,271,234,82
YRD07753,DR02525,PR00002,Yard C,13000,11453,1547,88.1,281,207,59
YRD07754,DR09831,PR00003,Yard E,12500,10675,1825,85.4,291,255,43
YRD07755,DR04323,PR00002,Yard A,14000,13790,210,98.5,198,206,100
YRD07756,DR06722,PR00004,Yard D,11000,7854,3146,71.4,201,296,42
YRD07757,DR00862,PR00002,Yard E,12500,11938,562,95.5,233,212,85
YRD07758,DR06199,PR00006,Yard D,11000,7150,3850,65.0,232,187,67
YRD07759,DR01762,PR00003,Yard E,12500,11462,1038,91.7,241,232,91
YRD07760,DR05903,PR00003,Yard D,11000,8173,2827,74.3,267,299,85
YRD07761,DR07817,PR00005,Yard D,11000,7953,3047,72.3,360,260,33
YRD07762,DR09928,PR00007,Yard C,13000,11128,1872,85.6,200,164,88
YRD07763,DR01577,PR00006,Yard C,13000,11349,1651,87.3,276,288,90
YRD07764,DR04489,PR00003,Yard D,11000,7205,3795,65.5,322,327,47
YRD07765,DR01326,PR00002,Yard D,11000,8492,2508,77.2,243,231,16
YRD07766,DR06964,PR00004,Yard E,12500,12025,475,96.2,203,267,79
YRD07767,DR00969,PR00006,Yard B,12000,9288,2712,77.4,264,176,71
YRD07768,DR07827,PR00007,Yard A,14000,13552,448,96.8,240,110,94
YRD07769,DR04460,PR00003,Yard C,13000,10725,2275,82.5,248,222,80
YRD07770,DR04458,PR00004,Yard C,13000,12324,676,94.8,231,236,47
YRD07771,DR03390,PR00002,Yard E,12500,10888,1612,87.1,215,271,58
YRD07772,DR05162,PR00001,Yard C,13000,11037,1963,84.9,286,265,74
YRD07773,DR06274,PR00002,Yard D,11000,7139,3861,64.9,166,198,52
YRD07774,DR03382,PR00001,Yard E,12500,12075,425,96.6,208,240,92
YRD07775,DR08517,PR00003,Yard E,12500,11800,700,94.4,239,240,106
YRD07776,DR05152,PR00003,Yard D,11000,7700,3300,70.0,242,148,51
YRD07777,DR09199,PR00005,Yard B,12000,8952,3048,74.6,287,242,51
YRD07778,DR03626,PR00004,Yard C,13000,10439,2561,80.3,230,168,53
YRD07779,DR00369,PR00001,Yard B,12000,9276,2724,77.3,258,279,55
YRD07780,DR07910,PR00005,Yard B,12000,9096,2904,75.8,164,151,33
YRD07781,DR04794,PR00001,Yard A,14000,13790,210,98.5,282,286,82
YRD07782,DR02064,PR00001,Yard A,14000,13552,448,96.8,233,240,82
YRD07783,DR00343,PR00007,Yard B,12000,9480,2520,79.0,174,259,72
YRD07784,DR01066,PR00001,Yard E,12500,10988,1512,87.9,273,235,99
YRD07785,DR08397,PR00002,Yard D,11000,8129,2871,73.9,292,285,80
YRD07786,DR00484,PR00004,Yard E,12500,10525,1975,84.2,132,291,59
YRD07787,DR02394,PR00003,Yard A,14000,12880,1120,92.0,223,237,101
YRD07788,DR09375,PR00003,Yard C,13000,11258,1742,86.6,217,164,83
YRD07789,DR05834,PR00005,Yard D,11000,8239,2761,74.9,209,228,31
YRD07790,DR07308,PR00004,Yard B,12000,9084,2916,75.7,246,219,94
YRD07791,DR08254,PR00003,Yard C,13000,11908,1092,91.6,265,225,66
YRD07792,DR07767,PR00006,Yard E,12500,12088,412,96.7,252,270,100
YRD07793,DR09515,PR00001,Yard E,12500,11200,1300,89.6,180,226,81
YRD07794,DR05570,PR00003,Yard D,11000,7249,3751,65.9,296,202,67
YRD07795,DR00216,PR00002,Yard E,12500,11650,850,93.2,280,245,103
YRD07796,DR00974,PR00001,Yard B,12000,9300,2700,77.5,256,239,65
YRD07797,DR02540,PR00007,Yard D,11000,7799,3201,70.9,251,273,43
YRD07798,DR08076,PR00005,Yard B,12000,8616,3384,71.8,153,140,77
YRD07799,DR03987,PR00002,Yard B,12000,9168,2832,76.4,223,297,66
YRD07800,DR05205,PR00003,Yard E,12500,11112,1388,88.9,162,253,57
YRD07801,DR05516,PR00002,Yard D,11000,7260,3740,66.0,276,298,76
YRD07802,DR01571,PR00005,Yard B,12000,9168,2832,76.4,202,270,73
YRD07803,DR04180,PR00002,Yard C,13000,10634,2366,81.8,154,207,33
YRD07804,DR02539,PR00007,Yard C,13000,11245,1755,86.5,195,218,84
YRD07805,DR02234,PR00002,Yard D,11000,7392,3608,67.2,271,150,86
YRD07806,DR06817,PR00002,Yard B,12000,8592,3408,71.6,250,204,62
YRD07807,DR02310,PR00007,Yard D,11000,7711,3289,70.1,176,220,45
YRD07808,DR04908,PR00006,Yard E,12500,10625,1875,85.0,252,190,74
YRD07809,DR06451,PR00002,Yard C,13000,10842,2158,83.4,220,278,83
YRD07810,DR04004,PR00003,Yard C,13000,11414,1586,87.8,301,251,85
YRD07811,DR08879,PR00006,Yard C,13000,10608,2392,81.6,253,145,73
YRD07812,DR09192,PR00005,Yard E,12500,11338,1162,90.7,195,171,69
YRD07813,DR00707,PR00004,Yard D,11000,6930,4070,63.0,294,271,40
YRD07814,DR00678,PR00004,Yard B,12000,9624,2376,80.2,316,292,76
YRD07815,DR08207,PR00007,Yard E,12500,11562,938,92.5,234,256,65
YRD07816,DR08161,PR00003,Yard C,13000,11440,1560,88.0,281,245,63
YRD07817,DR03306,PR00001,Yard A,14000,12992,1008,92.8,327,182,76
YRD07818,DR01436,PR00003,Yard E,12500,11312,1188,90.5,238,199,110
YRD07819,DR02889,PR00005,Yard B,12000,9276,2724,77.3,164,267,76
YRD07820,DR04654,PR00003,Yard C,13000,10777,2223,82.9,230,209,64
YRD07821,DR01325,PR00002,Yard C,13000,11193,1807,86.1,152,143,100
YRD07822,DR02676,PR00004,Yard E,12500,11050,1450,88.4,238,261,67
YRD07823,DR05645,PR00003,Yard E,12500,11350,1150,90.8,185,172,69
YRD07824,DR03751,PR00007,Yard C,13000,11219,1781,86.3,312,252,91
YRD07825,DR05571,PR00002,Yard C,13000,11128,1872,85.6,305,174,93
YRD07826,DR05758,PR00005,Yard D,11000,7755,3245,70.5,214,305,27
YRD07827,DR01907,PR00004,Yard A,14000,13790,210,98.5,138,228,107
YRD07828,DR07777,PR00001,Yard B,12000,9444,2556,78.7,268,159,47
YRD07829,DR00803,PR00003,Yard E,12500,11350,1150,90.8,229,337,94
YRD07830,DR00974,PR00001,Yard B,12000,9468,2532,78.9,268,245,69
YRD07831,DR03935,PR00006,Yard A,14000,13496,504,96.4,270,270,92
YRD07832,DR01260,PR00005,Yard E,12500,12125,375,97.0,266,236,116
YRD07833,DR02754,PR00001,Yard E,12500,11325,1175,90.6,244,243,87
YRD07834,DR01755,PR00003,Yard B,12000,8736,3264,72.8,193,201,73
YRD07835,DR09224,PR00007,Yard D,11000,7722,3278,70.2,230,319,84
YRD07836,DR01674,PR00002,Yard A,14000,13790,210,98.5,199,121,93
YRD07837,DR08153,PR00007,Yard A,14000,13328,672,95.2,260,245,76
YRD07838,DR09441,PR00001,Yard B,12000,9180,2820,76.5,237,240,35
YRD07839,DR05157,PR00001,Yard A,14000,13790,210,98.5,241,300,78
YRD07840,DR06645,PR00003,Yard B,12000,8844,3156,73.7,116,259,36
YRD07841,DR04558,PR00002,Yard E,12500,11475,1025,91.8,272,237,100
YRD07842,DR04076,PR00006,Yard A,14000,13412,588,95.8,194,204,96
YRD07843,DR02058,PR00005,Yard E,12500,10700,1800,85.6,261,197,71
YRD07844,DR02206,PR00005,Yard E,12500,10938,1562,87.5,187,197,86
YRD07845,DR08455,PR00005,Yard A,14000,13510,490,96.5,224,277,91
YRD07846,DR08063,PR00005,Yard D,11000,7018,3982,63.8,284,273,10
YRD07847,DR08323,PR00005,Yard A,14000,13790,210,98.5,303,314,119
YRD07848,DR08297,PR00004,Yard C,13000,11362,1638,87.4,267,283,59
YRD07849,DR06681,PR00006,Yard D,11000,7502,3498,68.2,159,159,87
YRD07850,DR00150,PR00004,Yard A,14000,13146,854,93.9,206,217,97
YRD07851,DR07910,PR00002,Yard D,11000,7469,3531,67.9,287,220,51
YRD07852,DR01380,PR00003,Yard C,13000,10465,2535,80.5,225,159,48
YRD07853,DR00364,PR00003,Yard B,12000,9588,2412,79.9,234,253,62
YRD07854,DR01900,PR00002,Yard D,11000,7293,3707,66.3,169,250,60
YRD07855,DR01464,PR00003,Yard E,12500,11988,512,95.9,248,283,87
YRD07856,DR02678,PR00003,Yard C,13000,10855,2145,83.5,281,250,78
YRD07857,DR00795,PR00001,Yard A,14000,13454,546,96.1,266,224,108
YRD07858,DR06232,PR00006,Yard A,14000,13790,210,98.5,194,225,90
YRD07859,DR08532,PR00005,Yard C,13000,11830,1170,91.0,249,238,86
YRD07860,DR05147,PR00002,Yard B,12000,9228,2772,76.9,192,199,35
YRD07861,DR01758,PR00007,Yard B,12000,8664,3336,72.2,301,233,66
YRD07862,DR07225,PR00007,Yard B,12000,8868,3132,73.9,177,250,67
YRD07863,DR06620,PR00006,Yard A,14000,12880,1120,92.0,174,156,85
YRD07864,DR08123,PR00001,Yard D,11000,7634,3366,69.4,235,176,68
YRD07865,DR02625,PR00003,Yard D,11000,7733,3267,70.3,282,260,44
YRD07866,DR01291,PR00003,Yard E,12500,11975,525,95.8,283,193,101
YRD07867,DR05763,PR00005,Yard D,11000,8569,2431,77.9,239,301,61
YRD07868,DR09800,PR00004,Yard C,13000,12207,793,93.9,182,318,132
YRD07869,DR02219,PR00005,Yard B,12000,8760,3240,73.0,271,275,40
YRD07870,DR02636,PR00005,Yard A,14000,13412,588,95.8,175,226,124
YRD07871,DR06683,PR00007,Yard B,12000,8652,3348,72.1,242,226,60
YRD07872,DR01559,PR00004,Yard C,13000,11284,1716,86.8,334,177,75
YRD07873,DR01554,PR00007,Yard A,14000,12474,1526,89.1,201,225,68
YRD07874,DR04078,PR00006,Yard A,14000,13272,728,94.8,153,196,93
YRD07875,DR07821,PR00002,Yard C,13000,10478,2522,80.6,312,233,55
YRD07876,DR08106,PR00006,Yard B,12000,8892,3108,74.1,178,220,46
YRD07877,DR01117,PR00001,Yard C,13000,11388,1612,87.6,220,275,74
YRD07878,DR08834,PR00001,Yard B,12000,8628,3372,71.9,182,189,47
YRD07879,DR07274,PR00007,Yard B,12000,8652,3348,72.1,227,212,107
YRD07880,DR01302,PR00003,Yard E,12500,12162,338,97.3,236,289,85
YRD07881,DR01536,PR00003,Yard C,13000,10816,2184,83.2,306,252,59
YRD07882,DR03961,PR00007,Yard B,12000,9744,2256,81.2,247,245,41
YRD07883,DR02145,PR00003,Yard D,11000,6578,4422,59.8,237,246,50
YRD07884,DR07481,PR00002,Yard D,11000,7590,3410,69.0,273,330,65
YRD07885,DR00327,PR00001,Yard B,12000,9888,2112,82.4,297,332,104
YRD07886,DR02029,PR00003,Yard C,13000,11648,1352,89.6,241,224,83
YRD07887,DR02139,PR00001,Yard C,13000,10894,2106,83.8,217,176,62
YRD07888,DR07328,PR00001,Yard C,13000,10491,2509,80.7,142,170,80
YRD07889,DR07436,PR00006,Yard E,12500,12238,262,97.9,285,111,99
YRD07890,DR02632,PR00002,Yard E,12500,11200,1300,89.6,291,256,83
YRD07891,DR01530,PR00004,Yard C,13000,11453,1547,88.1,279,317,121
YRD07892,DR05735,PR00001,Yard D,11000,7975,3025,72.5,266,235,66
YRD07893,DR06375,PR00003,Yard D,11000,7744,3256,70.4,167,247,49
YRD07894,DR02309,PR00004,Yard B,12000,8796,3204,73.3,171,153,44
YRD07895,DR00899,PR00003,Yard D,11000,7623,3377,69.3,228,255,57
YRD07896,DR02839,PR00002,Yard C,13000,11843,1157,91.1,248,216,103
YRD07897,DR06844,PR00002,Yard D,11000,6908,4092,62.8,230,230,40
YRD07898,DR01473,PR00001,Yard C,13000,10933,2067,84.1,243,253,58
YRD07899,DR02503,PR00001,Yard D,11000,7898,3102,71.8,241,249,65
YRD07900,DR00018,PR00003,Yard B,12000,8868,3132,73.9,270,256,70
YRD07901,DR04575,PR00001,Yard A,14000,13356,644,95.4,220,219,97
YRD07902,DR06297,PR00002,Yard C,13000,12025,975,92.5,297,252,113
YRD07903,DR00991,PR00001,Yard A,14000,13790,210,98.5,233,277,83
YRD07904,DR07282,PR00006,Yard C,13000,11440,1560,88.0,203,206,71
YRD07905,DR04008,PR00003,Yard D,11000,6886,4114,62.6,228,261,38
YRD07906,DR07393,PR00004,Yard D,11000,8052,2948,73.2,229,225,41
YRD07907,DR03916,PR00004,Yard A,14000,13496,504,96.4,213,283,121
YRD07908,DR09696,PR00003,Yard A,14000,12964,1036,92.6,304,276,104
YRD07909,DR06582,PR00002,Yard C,13000,11609,1391,89.3,254,177,95
YRD07910,DR01265,PR00003,Yard A,14000,13146,854,93.9,268,220,88
YRD07911,DR02146,PR00003,Yard D,11000,7491,3509,68.1,158,222,41
YRD07912,DR04546,PR00002,Yard A,14000,13622,378,97.3,314,350,71
YRD07913,DR01120,PR00001,Yard D,11000,7447,3553,67.7,235,290,40
YRD07914,DR08554,PR00007,Yard E,12500,11288,1212,90.3,235,232,73
YRD07915,DR05790,PR00005,Yard D,11000,7722,3278,70.2,270,242,28
YRD07916,DR01551,PR00001,Yard D,11000,7106,3894,64.6,222,286,42
YRD07917,DR08892,PR00007,Yard D,11000,7766,3234,70.6,234,211,33
YRD07918,DR01028,PR00001,Yard A,14000,13538,462,96.7,219,209,108
YRD07919,DR09356,PR00001,Yard B,12000,8412,3588,70.1,197,222,59
YRD07920,DR05809,PR00001,Yard E,12500,11425,1075,91.4,207,226,67
YRD07921,DR04828,PR00007,Yard C,13000,10764,2236,82.8,197,221,42
YRD07922,DR02272,PR00002,Yard D,11000,7249,3751,65.9,131,182,53
YRD07923,DR05228,PR00006,Yard B,12000,8832,3168,73.6,267,233,62
YRD07924,DR02697,PR00004,Yard D,11000,7623,3377,69.3,276,192,56
YRD07925,DR03776,PR00003,Yard C,13000,10608,2392,81.6,218,199,67
YRD07926,DR08354,PR00003,Yard B,12000,9624,2376,80.2,341,244,62
YRD07927,DR09779,PR00001,Yard D,11000,7568,3432,68.8,334,282,45
YRD07928,DR07597,PR00005,Yard B,12000,9132,2868,76.1,184,223,46
YRD07929,DR06920,PR00003,Yard B,12000,8484,3516,70.7,225,205,62
YRD07930,DR04035,PR00003,Yard E,12500,11275,1225,90.2,166,190,61
YRD07931,DR05038,PR00001,Yard E,12500,11812,688,94.5,201,237,91
YRD07932,DR05320,PR00005,Yard A,14000,12978,1022,92.7,325,269,55
YRD07933,DR02118,PR00005,Yard C,13000,11037,1963,84.9,211,204,101
YRD07934,DR00708,PR00003,Yard D,11000,7821,3179,71.1,274,256,39
YRD07935,DR09100,PR00003,Yard A,14000,13370,630,95.5,319,252,90
YRD07936,DR02598,PR00002,Yard E,12500,11375,1125,91.0,116,200,84
YRD07937,DR02961,PR00002,Yard D,11000,7722,3278,70.2,294,350,19
YRD07938,DR08888,PR00001,Yard B,12000,8808,3192,73.4,201,259,85
YRD07939,DR07061,PR00005,Yard A,14000,13790,210,98.5,245,215,51
YRD07940,DR03606,PR00001,Yard D,11000,7293,3707,66.3,255,259,44
YRD07941,DR05480,PR00001,Yard C,13000,11947,1053,91.9,289,317,94
YRD07942,DR04091,PR00001,Yard D,11000,6633,4367,60.3,219,236,40
YRD07943,DR08679,PR00002,Yard D,11000,7997,3003,72.7,210,235,54
YRD07944,DR00908,PR00004,Yard A,14000,13790,210,98.5,290,284,65
YRD07945,DR01721,PR00005,Yard C,13000,10868,2132,83.6,187,250,51
YRD07946,DR06652,PR00003,Yard E,12500,11700,800,93.6,300,240,98
YRD07947,DR07930,PR00003,Yard C,13000,11674,1326,89.8,270,220,76
YRD07948,DR09959,PR00004,Yard D,11000,7337,3663,66.7,204,220,75
YRD07949,DR07489,PR00004,Yard A,14000,13762,238,98.3,199,197,81
YRD07950,DR03485,PR00006,Yard E,12500,11350,1150,90.8,265,257,78
YRD07951,DR07512,PR00006,Yard B,12000,9384,2616,78.2,306,192,66
YRD07952,DR02143,PR00006,Yard A,14000,13678,322,97.7,207,253,118
YRD07953,DR08492,PR00006,Yard A,14000,13790,210,98.5,257,218,84
YRD07954,DR04252,PR00006,Yard D,11000,7612,3388,69.2,273,185,39
YRD07955,DR01060,PR00004,Yard C,13000,11297,1703,86.9,213,232,64
YRD07956,DR04705,PR00004,Yard A,14000,13636,364,97.4,336,297,84
YRD07957,DR04829,PR00005,Yard B,12000,9144,2856,76.2,350,296,73
YRD07958,DR08828,PR00001,Yard D,11000,6963,4037,63.3,218,146,80
YRD07959,DR07270,PR00003,Yard E,12500,11875,625,95.0,152,247,93
YRD07960,DR09675,PR00007,Yard C,13000,10621,2379,81.7,167,213,52
YRD07961,DR04725,PR00003,Yard E,12500,11362,1138,90.9,311,264,91
YRD07962,DR09368,PR00001,Yard E,12500,12312,188,98.5,346,198,89
YRD07963,DR01751,PR00003,Yard A,14000,13790,210,98.5,282,257,96
YRD07964,DR03357,PR00001,Yard A,14000,13342,658,95.3,201,208,112
YRD07965,DR02914,PR00002,Yard C,13000,11128,1872,85.6,242,273,87
YRD07966,DR02888,PR00004,Yard D,11000,7271,3729,66.1,286,158,34
YRD07967,DR09498,PR00003,Yard E,12500,11525,975,92.2,188,124,72
YRD07968,DR05431,PR00003,Yard B,12000,9648,2352,80.4,245,277,76
YRD07969,DR03108,PR00001,Yard D,11000,7359,3641,66.9,301,156,62
YRD07970,DR00428,PR00003,Yard A,14000,13636,364,97.4,246,228,82
YRD07971,DR08180,PR00001,Yard C,13000,11908,1092,91.6,212,144,81
YRD07972,DR07676,PR00003,Yard C,13000,11869,1131,91.3,306,220,93
YRD07973,DR09972,PR00004,Yard D,11000,7381,3619,67.1,215,265,72
YRD07974,DR05916,PR00001,Yard B,12000,8940,3060,74.5,281,282,26
YRD07975,DR04847,PR00007,Yard B,12000,9108,2892,75.9,299,243,53
YRD07976,DR00827,PR00004,Yard D,11000,7425,3575,67.5,260,293,72
YRD07977,DR07181,PR00002,Yard B,12000,8784,3216,73.2,202,207,79
YRD07978,DR02069,PR00003,Yard A,14000,13790,210,98.5,247,264,85
YRD07979,DR03789,PR00001,Yard D,11000,7964,3036,72.4,293,223,58
YRD07980,DR08081,PR00001,Yard E,12500,11862,638,94.9,190,269,72
YRD07981,DR01486,PR00007,Yard E,12500,11088,1412,88.7,168,215,107
YRD07982,DR01348,PR00005,Yard A,14000,13496,504,96.4,225,196,108
YRD07983,DR01501,PR00005,Yard A,14000,12110,1890,86.5,187,262,92
YRD07984,DR06142,PR00004,Yard E,12500,11238,1262,89.9,160,212,82
YRD07985,DR02535,PR00007,Yard E,12500,12312,188,98.5,257,249,84
YRD07986,DR01002,PR00006,Yard D,11000,8228,2772,74.8,341,213,59
YRD07987,DR05173,PR00001,Yard A,14000,13328,672,95.2,139,253,102
YRD07988,DR00457,PR00001,Yard C,13000,10244,2756,78.8,209,175,52
YRD07989,DR01009,PR00003,Yard C,13000,11791,1209,90.7,98,290,101
YRD07990,DR03382,PR00002,Yard C,13000,11141,1859,85.7,176,226,122
YRD07991,DR01195,PR00003,Yard E,12500,11150,1350,89.2,175,198,79
YRD07992,DR00230,PR00002,Yard A,14000,12922,1078,92.3,301,152,69
YRD07993,DR03168,PR00006,Yard C,13000,11388,1612,87.6,241,204,78
YRD07994,DR05012,PR00001,Yard A,14000,13790,210,98.5,275,259,91
YRD07995,DR01018,PR00006,Yard D,11000,7601,3399,69.1,202,344,68
YRD07996,DR08949,PR00003,Yard C,13000,11128,1872,85.6,282,173,63
YRD07997,DR01429,PR00001,Yard C,13000,11076,1924,85.2,256,228,88
YRD07998,DR07412,PR00006,Yard D,11000,7216,3784,65.6,242,205,42
YRD07999,DR00505,PR00003,Yard D,11000,7832,3168,71.2,318,130,53
YRD08000,DR01808,PR00005,Yard E,12500,11562,938,92.5,217,283,92
YRD08001,DR09431,PR00006,Yard A,14000,13706,294,97.9,242,164,93
YRD08002,DR01450,PR00001,Yard E,12500,11138,1362,89.1,146,288,106
YRD08003,DR01972,PR00002,Yard D,11000,8613,2387,78.3,244,273,58
YRD08004,DR04013,PR00001,Yard A,14000,13328,672,95.2,254,227,105
YRD08005,DR06171,PR00001,Yard D,11000,7502,3498,68.2,342,288,49
YRD08006,DR04213,PR00007,Yard B,12000,8364,3636,69.7,286,194,57
YRD08007,DR05580,PR00006,Yard D,11000,7403,3597,67.3,276,350,83
YRD08008,DR03288,PR00003,Yard E,12500,11588,912,92.7,221,205,99
YRD08009,DR08536,PR00005,Yard E,12500,11925,575,95.4,290,178,78
YRD08010,DR05462,PR00007,Yard A,14000,13790,210,98.5,219,216,54
YRD08011,DR07818,PR00002,Yard E,12500,11125,1375,89.0,274,279,65
YRD08012,DR06791,PR00001,Yard B,12000,8220,3780,68.5,259,219,45
YRD08013,DR09023,PR00006,Yard E,12500,12075,425,96.6,203,200,78
YRD08014,DR05920,PR00005,Yard A,14000,13048,952,93.2,267,169,90
YRD08015,DR04359,PR00001,Yard D,11000,7942,3058,72.2,290,231,65
YRD08016,DR02849,PR00003,Yard C,13000,11765,1235,90.5,205,261,78
YRD08017,DR00240,PR00001,Yard A,14000,12740,1260,91.0,298,233,110
YRD08018,DR01809,PR00004,Yard B,12000,8892,3108,74.1,227,196,78
YRD08019,DR08261,PR00004,Yard D,11000,7557,3443,68.7,209,212,41
YRD08020,DR03322,PR00002,Yard D,11000,7447,3553,67.7,251,259,43
YRD08021,DR06188,PR00006,Yard D,11000,7491,3509,68.1,267,308,38
YRD08022,DR07789,PR00003,Yard C,13000,11622,1378,89.4,334,312,94
YRD08023,DR01132,PR00005,Yard D,11000,7062,3938,64.2,233,221,59
YRD08024,DR06769,PR00004,Yard E,12500,11262,1238,90.1,237,246,102
YRD08025,DR07317,PR00003,Yard A,14000,12222,1778,87.3,204,108,35
YRD08026,DR08882,PR00002,Yard B,12000,8868,3132,73.9,258,306,69
YRD08027,DR04834,PR00002,Yard E,12500,12138,362,97.1,242,235,131
YRD08028,DR00944,PR00005,Yard B,12000,8748,3252,72.9,220,300,52
YRD08029,DR00320,PR00004,Yard A,14000,13790,210,98.5,261,254,105
YRD08030,DR09193,PR00002,Yard C,13000,11180,1820,86.0,248,229,114
YRD08031,DR01028,PR00007,Yard E,12500,12312,188,98.5,340,227,98
YRD08032,DR06239,PR00006,Yard A,14000,13650,350,97.5,214,271,107
YRD08033,DR01848,PR00001,Yard E,12500,11662,838,93.3,207,265,123
YRD08034,DR00978,PR00001,Yard E,12500,11975,525,95.8,243,210,94
YRD08035,DR02238,PR00004,Yard C,13000,11453,1547,88.1,244,327,74
YRD08036,DR04054,PR00001,Yard A,14000,13706,294,97.9,194,242,85
YRD08037,DR02971,PR00007,Yard D,11000,7062,3938,64.2,256,240,57
YRD08038,DR08392,PR00004,Yard B,12000,9324,2676,77.7,278,269,69
YRD08039,DR01698,PR00001,Yard E,12500,10588,1912,84.7,280,226,70
YRD08040,DR01564,PR00003,Yard C,13000,11245,1755,86.5,237,261,138
YRD08041,DR09210,PR00002,Yard C,13000,11323,1677,87.1,253,221,69
YRD08042,DR06439,PR00003,Yard D,11000,8206,2794,74.6,232,240,31
YRD08043,DR07389,PR00002,Yard A,14000,13762,238,98.3,277,253,112
YRD08044,DR08865,PR00006,Yard E,12500,11362,1138,90.9,205,231,90
YRD08045,DR02571,PR00005,Yard A,14000,13720,280,98.0,347,192,78
YRD08046,DR00678,PR00007,Yard B,12000,8604,3396,71.7,229,206,45
YRD08047,DR02930,PR00001,Yard B,12000,9096,2904,75.8,188,207,53
YRD08048,DR06111,PR00003,Yard D,11000,7755,3245,70.5,233,267,28
YRD08049,DR09523,PR00006,Yard C,13000,11206,1794,86.2,185,203,74
YRD08050,DR01447,PR00003,Yard A,14000,13790,210,98.5,278,282,88
YRD08051,DR00673,PR00003,Yard B,12000,8808,3192,73.4,177,263,79
YRD08052,DR02198,PR00007,Yard C,13000,12168,832,93.6,272,219,121
YRD08053,DR03338,PR00005,Yard E,12500,11388,1112,91.1,304,274,95
YRD08054,DR01333,PR00006,Yard B,12000,8988,3012,74.9,263,170,54
YRD08055,DR00070,PR00003,Yard C,13000,11011,1989,84.7,258,196,63
YRD08056,DR03119,PR00004,Yard D,11000,8107,2893,73.7,112,277,83
YRD08057,DR02018,PR00003,Yard D,11000,7381,3619,67.1,214,228,52
YRD08058,DR05604,PR00003,Yard E,12500,12100,400,96.8,254,315,85
YRD08059,DR07827,PR00001,Yard E,12500,12312,188,98.5,202,294,61
YRD08060,DR05494,PR00006,Yard A,14000,13300,700,95.0,193,151,100
YRD08061,DR05562,PR00003,Yard B,12000,8808,3192,73.4,170,228,65
YRD08062,DR02162,PR00004,Yard D,11000,6996,4004,63.6,228,251,58
YRD08063,DR05478,PR00006,Yard A,14000,13790,210,98.5,216,229,77
YRD08064,DR09127,PR00005,Yard D,11000,7469,3531,67.9,251,253,64
YRD08065,DR08364,PR00001,Yard B,12000,9084,2916,75.7,290,139,71
YRD08066,DR02653,PR00004,Yard B,12000,8484,3516,70.7,284,230,53
YRD08067,DR08412,PR00003,Yard D,11000,7414,3586,67.4,132,181,46
YRD08068,DR00695,PR00002,Yard C,13000,12415,585,95.5,335,324,89
YRD08069,DR08801,PR00001,Yard D,11000,7282,3718,66.2,243,218,69
YRD08070,DR09061,PR00004,Yard D,11000,7381,3619,67.1,273,253,42
YRD08071,DR08176,PR00005,Yard A,14000,13398,602,95.7,306,262,81
YRD08072,DR06596,PR00007,Yard A,14000,12992,1008,92.8,242,270,75
YRD08073,DR04649,PR00002,Yard A,14000,13272,728,94.8,275,269,121
YRD08074,DR00774,PR00003,Yard C,13000,11986,1014,92.2,235,252,57
YRD08075,DR03329,PR00001,Yard E,12500,11025,1475,88.2,216,252,78
YRD08076,DR01943,PR00007,Yard D,11000,7172,3828,65.2,222,274,43
YRD08077,DR02989,PR00006,Yard C,13000,10998,2002,84.6,244,142,49
YRD08078,DR09127,PR00007,Yard E,12500,11062,1438,88.5,291,135,78
YRD08079,DR01002,PR00003,Yard A,14000,13300,700,95.0,188,258,29
YRD08080,DR08513,PR00002,Yard E,12500,11588,912,92.7,121,246,64
YRD08081,DR00349,PR00004,Yard B,12000,9372,2628,78.1,360,288,46
YRD08082,DR09109,PR00003,Yard A,14000,13062,938,93.3,269,156,72
YRD08083,DR08261,PR00002,Yard A,14000,13678,322,97.7,295,145,90
YRD08084,DR02869,PR00001,Yard A,14000,13510,490,96.5,263,227,91
YRD08085,DR03256,PR00001,Yard B,12000,8832,3168,73.6,240,158,45
YRD08086,DR04835,PR00003,Yard C,13000,11479,1521,88.3,181,195,117
YRD08087,DR01182,PR00007,Yard A,14000,13790,210,98.5,249,182,64
YRD08088,DR04464,PR00005,Yard B,12000,8160,3840,68.0,195,224,83
YRD08089,DR03697,PR00005,Yard B,12000,9552,2448,79.6,229,164,93
YRD08090,DR03767,PR00002,Yard D,11000,7370,3630,67.0,179,245,44
YRD08091,DR05838,PR00005,Yard E,12500,11025,1475,88.2,257,238,95
YRD08092,DR02826,PR00003,Yard D,11000,7524,3476,68.4,310,163,40
YRD08093,DR09870,PR00001,Yard E,12500,12075,425,96.6,340,302,110
YRD08094,DR09334,PR00003,Yard C,13000,10647,2353,81.9,293,237,65
YRD08095,DR00882,PR00001,Yard E,12500,11288,1212,90.3,326,227,72
YRD08096,DR08191,PR00006,Yard C,13000,11440,1560,88.0,231,277,79
YRD08097,DR02666,PR00006,Yard A,14000,13762,238,98.3,216,254,67
YRD08098,DR00187,PR00002,Yard C,13000,10829,2171,83.3,195,250,72
YRD08099,DR06032,PR00004,Yard E,12500,12100,400,96.8,205,153,100
YRD08100,DR02339,PR00003,Yard C,13000,11102,1898,85.4,215,260,67
YRD08101,DR03807,PR00001,Yard A,14000,13482,518,96.3,239,243,123
YRD08102,DR00619,PR00004,Yard E,12500,11938,562,95.5,238,255,67
YRD08103,DR05075,PR00005,Yard A,14000,12992,1008,92.8,219,165,68
YRD08104,DR07761,PR00005,Yard C,13000,11076,1924,85.2,143,192,81
YRD08105,DR00686,PR00001,Yard E,12500,10575,1925,84.6,259,267,62
YRD08106,DR07277,PR00003,Yard D,11000,7260,3740,66.0,225,193,30
YRD08107,DR01601,PR00001,Yard A,14000,13496,504,96.4,226,204,81
YRD08108,DR03441,PR00001,Yard B,12000,9036,2964,75.3,266,251,70
YRD08109,DR00486,PR00001,Yard A,14000,13566,434,96.9,258,205,115
YRD08110,DR06714,PR00001,Yard B,12000,8484,3516,70.7,276,120,65
YRD08111,DR07869,PR00002,Yard E,12500,11712,788,93.7,193,149,52
YRD08112,DR06322,PR00002,Yard B,12000,9492,2508,79.1,224,260,57
YRD08113,DR09303,PR00005,Yard B,12000,8256,3744,68.8,265,240,43
YRD08114,DR01601,PR00002,Yard E,12500,11075,1425,88.6,272,158,84
YRD08115,DR02895,PR00001,Yard A,14000,13272,728,94.8,268,227,89
YRD08116,DR09569,PR00007,Yard D,11000,7447,3553,67.7,267,260,59
YRD08117,DR05930,PR00006,Yard C,13000,11128,1872,85.6,228,321,61
YRD08118,DR04516,PR00001,Yard E,12500,11800,700,94.4,308,291,99
YRD08119,DR06911,PR00003,Yard A,14000,13566,434,96.9,229,173,113
YRD08120,DR08022,PR00001,Yard B,12000,8448,3552,70.4,307,171,49
YRD08121,DR07578,PR00007,Yard A,14000,13524,476,96.6,186,257,111
YRD08122,DR04670,PR00002,Yard A,14000,13790,210,98.5,207,166,90
YRD08123,DR00345,PR00001,Yard D,11000,7590,3410,69.0,271,315,62
YRD08124,DR09457,PR00005,Yard A,14000,13790,210,98.5,238,186,114
YRD08125,DR04539,PR00005,Yard C,13000,11479,1521,88.3,238,160,86
YRD08126,DR02053,PR00002,Yard E,12500,12312,188,98.5,258,313,128
YRD08127,DR01446,PR00002,Yard B,12000,9144,2856,76.2,288,203,38
YRD08128,DR03217,PR00003,Yard E,12500,11975,525,95.8,263,203,74
YRD08129,DR09218,PR00002,Yard C,13000,11947,1053,91.9,219,175,69
YRD08130,DR07433,PR00002,Yard D,11000,7579,3421,68.9,278,207,43
YRD08131,DR03485,PR00006,Yard D,11000,7700,3300,70.0,259,293,74
YRD08132,DR05412,PR00005,Yard C,13000,10673,2327,82.1,229,239,77
YRD08133,DR03490,PR00005,Yard E,12500,12000,500,96.0,231,217,94
YRD08134,DR01525,PR00005,Yard D,11000,6655,4345,60.5,208,193,32
YRD08135,DR06688,PR00003,Yard E,12500,11838,662,94.7,281,239,109
YRD08136,DR00483,PR00002,Yard A,14000,13370,630,95.5,181,186,98
YRD08137,DR04433,PR00005,Yard A,14000,12670,1330,90.5,186,272,65
YRD08138,DR04552,PR00001,Yard B,12000,8928,3072,74.4,208,179,20
YRD08139,DR04364,PR00001,Yard A,14000,13258,742,94.7,212,179,106
YRD08140,DR09705,PR00001,Yard E,12500,11775,725,94.2,352,267,95
YRD08141,DR09249,PR00005,Yard A,14000,13314,686,95.1,172,210,73
YRD08142,DR03962,PR00004,Yard A,14000,13230,770,94.5,175,189,81
YRD08143,DR03249,PR00003,Yard E,12500,11312,1188,90.5,182,273,88
YRD08144,DR07352,PR00003,Yard A,14000,13790,210,98.5,232,257,88
YRD08145,DR06242,PR00006,Yard E,12500,11700,800,93.6,299,223,132
YRD08146,DR05205,PR00001,Yard A,14000,13790,210,98.5,269,202,85
YRD08147,DR03894,PR00003,Yard E,12500,11812,688,94.5,230,141,97
YRD08148,DR09691,PR00005,Yard A,14000,13790,210,98.5,211,303,85
YRD08149,DR03711,PR00004,Yard C,13000,10946,2054,84.2,234,273,62
YRD08150,DR09791,PR00003,Yard C,13000,12051,949,92.7,156,288,86
YRD08151,DR02380,PR00002,Yard C,13000,10751,2249,82.7,272,197,70
YRD08152,DR01170,PR00007,Yard E,12500,11275,1225,90.2,296,247,72
YRD08153,DR08367,PR00003,Yard E,12500,12312,188,98.5,309,206,100
YRD08154,DR04454,PR00006,Yard A,14000,13706,294,97.9,216,238,77
YRD08155,DR03954,PR00005,Yard B,12000,8700,3300,72.5,232,210,33
YRD08156,DR07171,PR00006,Yard B,12000,8868,3132,73.9,251,225,53
YRD08157,DR07096,PR00001,Yard D,11000,7084,3916,64.4,301,295,55
YRD08158,DR03480,PR00003,Yard E,12500,10750,1750,86.0,160,295,69
YRD08159,DR07900,PR00002,Yard A,14000,13790,210,98.5,226,259,62
YRD08160,DR08104,PR00002,Yard E,12500,10900,1600,87.2,203,172,58
YRD08161,DR01144,PR00002,Yard E,12500,11275,1225,90.2,318,243,95
YRD08162,DR06660,PR00003,Yard B,12000,8808,3192,73.4,213,266,68
YRD08163,DR09698,PR00003,Yard C,13000,11856,1144,91.2,225,267,84
YRD08164,DR07177,PR00004,Yard A,14000,13636,364,97.4,234,203,82
YRD08165,DR02069,PR00002,Yard C,13000,10842,2158,83.4,170,277,71
YRD08166,DR05967,PR00002,Yard C,13000,11388,1612,87.6,273,182,60
YRD08167,DR08286,PR00003,Yard C,13000,10738,2262,82.6,259,208,111
YRD08168,DR01579,PR00005,Yard A,14000,13790,210,98.5,328,321,81
YRD08169,DR01878,PR00001,Yard D,11000,7018,3982,63.8,238,226,55
YRD08170,DR09792,PR00005,Yard D,11000,7887,3113,71.7,263,196,93
YRD08171,DR04839,PR00002,Yard A,14000,13146,854,93.9,251,207,88
YRD08172,DR07179,PR00004,Yard B,12000,10140,1860,84.5,172,247,111
YRD08173,DR03690,PR00005,Yard C,13000,10985,2015,84.5,204,221,71
YRD08174,DR09923,PR00003,Yard A,14000,12964,1036,92.6,290,269,123
YRD08175,DR09467,PR00004,Yard D,11000,7634,3366,69.4,195,251,48
YRD08176,DR04478,PR00007,Yard A,14000,13748,252,98.2,237,232,88
YRD08177,DR05006,PR00001,Yard B,12000,9024,2976,75.2,183,199,79
YRD08178,DR07924,PR00002,Yard E,12500,11150,1350,89.2,252,301,62
YRD08179,DR01234,PR00007,Yard A,14000,13790,210,98.5,289,296,106
YRD08180,DR06751,PR00006,Yard D,11000,7117,3883,64.7,281,216,15
YRD08181,DR04394,PR00004,Yard E,12500,11212,1288,89.7,230,216,83
YRD08182,DR06532,PR00002,Yard B,12000,8520,3480,71.0,191,228,66
YRD08183,DR07370,PR00002,Yard B,12000,9216,2784,76.8,173,299,51
YRD08184,DR01060,PR00006,Yard D,11000,7370,3630,67.0,205,246,39
YRD08185,DR04773,PR00005,Yard C,13000,11115,1885,85.5,317,329,87
YRD08186,DR06678,PR00002,Yard E,12500,12312,188,98.5,226,267,74
YRD08187,DR09613,PR00001,Yard E,12500,12062,438,96.5,334,218,76
YRD08188,DR05207,PR00006,Yard E,12500,11150,1350,89.2,289,175,64
YRD08189,DR07680,PR00004,Yard A,14000,13790,210,98.5,232,237,81
YRD08190,DR03953,PR00007,Yard A,14000,13790,210,98.5,218,246,132
YRD08191,DR03479,PR00003,Yard C,13000,11206,1794,86.2,291,283,88
YRD08192,DR07450,PR00002,Yard E,12500,11412,1088,91.3,263,255,87
YRD08193,DR00044,PR00002,Yard B,12000,9360,2640,78.0,327,219,75
YRD08194,DR04134,PR00003,Yard B,12000,8832,3168,73.6,182,231,51
YRD08195,DR04509,PR00002,Yard A,14000,13790,210,98.5,217,235,69
YRD08196,DR02263,PR00001,Yard D,11000,8019,2981,72.9,201,325,56
YRD08197,DR05652,PR00002,Yard C,13000,11128,1872,85.6,240,171,101
YRD08198,DR03902,PR00002,Yard A,14000,13790,210,98.5,248,255,108
YRD08199,DR07157,PR00006,Yard D,11000,7425,3575,67.5,256,239,32
YRD08200,DR00373,PR00002,Yard E,12500,11512,988,92.1,293,250,85
YRD08201,DR01991,PR00003,Yard B,12000,9048,2952,75.4,304,290,67
YRD08202,DR03596,PR00005,Yard A,14000,13118,882,93.7,248,268,75
YRD08203,DR09915,PR00001,Yard D,11000,7139,3861,64.9,298,184,59
YRD08204,DR01469,PR00003,Yard B,12000,9612,2388,80.1,302,280,87
YRD08205,DR03997,PR00006,Yard A,14000,12796,1204,91.4,228,164,55
YRD08206,DR09902,PR00004,Yard D,11000,7392,3608,67.2,260,234,73
YRD08207,DR03884,PR00003,Yard D,11000,7568,3432,68.8,244,273,42
YRD08208,DR02750,PR00006,Yard B,12000,8040,3960,67.0,175,156,42
YRD08209,DR09678,PR00007,Yard D,11000,8382,2618,76.2,297,284,101
YRD08210,DR09019,PR00006,Yard C,13000,11206,1794,86.2,232,245,74
YRD08211,DR06937,PR00003,Yard E,12500,11450,1050,91.6,179,161,89
YRD08212,DR00067,PR00004,Yard E,12500,11712,788,93.7,322,287,83
YRD08213,DR08842,PR00003,Yard C,13000,12688,312,97.6,322,252,61
YRD08214,DR01481,PR00002,Yard E,12500,11388,1112,91.1,222,163,118
YRD08215,DR01280,PR00003,Yard C,13000,11193,1807,86.1,300,212,49
YRD08216,DR09708,PR00006,Yard D,11000,7634,3366,69.4,294,281,74
YRD08217,DR05244,PR00002,Yard C,13000,10920,2080,84.0,209,216,57
YRD08218,DR05173,PR00006,Yard A,14000,13328,672,95.2,234,193,88
YRD08219,DR00910,PR00007,Yard A,14000,13538,462,96.7,181,171,102
YRD08220,DR06612,PR00002,Yard E,12500,11350,1150,90.8,193,222,92
YRD08221,DR06648,PR00001,Yard A,14000,13258,742,94.7,261,275,84
YRD08222,DR05052,PR00007,Yard C,13000,11960,1040,92.0,277,258,50
YRD08223,DR07090,PR00001,Yard B,12000,8772,3228,73.1,307,296,59
YRD08224,DR02763,PR00005,Yard D,11000,8294,2706,75.4,324,241,61
YRD08225,DR00326,PR00001,Yard E,12500,11912,588,95.3,347,260,113
YRD08226,DR01883,PR00002,Yard C,13000,10881,2119,83.7,214,261,111
YRD08227,DR05761,PR00002,Yard C,13000,11219,1781,86.3,295,233,72
YRD08228,DR05950,PR00002,Yard A,14000,13790,210,98.5,240,258,103
YRD08229,DR06578,PR00007,Yard E,12500,11812,688,94.5,241,188,68
YRD08230,DR06765,PR00001,Yard E,12500,11488,1012,91.9,245,315,68
YRD08231,DR00847,PR00001,Yard C,13000,11128,1872,85.6,220,165,79
YRD08232,DR03103,PR00005,Yard D,11000,8382,2618,76.2,323,211,78
YRD08233,DR01151,PR00007,Yard A,14000,13790,210,98.5,168,275,52
YRD08234,DR03765,PR00003,Yard A,14000,13790,210,98.5,245,173,104
YRD08235,DR05955,PR00005,Yard B,12000,9096,2904,75.8,224,268,70
YRD08236,DR04062,PR00001,Yard B,12000,9156,2844,76.3,237,238,67
YRD08237,DR02213,PR00006,Yard C,13000,11414,1586,87.8,263,185,73
YRD08238,DR03842,PR00005,Yard E,12500,10925,1575,87.4,277,285,73
YRD08239,DR07581,PR00006,Yard B,12000,9312,2688,77.6,216,195,55
YRD08240,DR08834,PR00004,Yard D,11000,7425,3575,67.5,217,164,26
YRD08241,DR04945,PR00007,Yard A,14000,13790,210,98.5,275,223,103
YRD08242,DR02742,PR00003,Yard C,13000,11141,1859,85.7,254,172,95
YRD08243,DR00353,PR00005,Yard C,13000,11219,1781,86.3,166,186,63
YRD08244,DR09019,PR00005,Yard B,12000,8880,3120,74.0,276,298,72
YRD08245,DR03021,PR00002,Yard D,11000,6996,4004,63.6,219,199,30
YRD08246,DR02364,PR00007,Yard D,11000,7953,3047,72.3,242,254,66
YRD08247,DR09555,PR00005,Yard A,14000,13790,210,98.5,199,317,87
YRD08248,DR06535,PR00006,Yard B,12000,8760,3240,73.0,324,201,78
YRD08249,DR02069,PR00003,Yard E,12500,11650,850,93.2,183,283,86
YRD08250,DR06566,PR00006,Yard B,12000,9216,2784,76.8,261,250,62
YRD08251,DR08360,PR00002,Yard E,12500,11575,925,92.6,192,206,96
YRD08252,DR08492,PR00007,Yard E,12500,10950,1550,87.6,254,162,87
YRD08253,DR06320,PR00001,Yard A,14000,13790,210,98.5,206,269,95
YRD08254,DR07044,PR00004,Yard A,14000,13790,210,98.5,226,175,108
YRD08255,DR07605,PR00001,Yard A,14000,13790,210,98.5,247,171,86
YRD08256,DR06496,PR00005,Yard E,12500,10400,2100,83.2,230,229,64
YRD08257,DR07758,PR00003,Yard B,12000,8484,3516,70.7,184,237,47
YRD08258,DR09986,PR00006,Yard B,12000,9072,2928,75.6,232,169,59
YRD08259,DR04069,PR00006,Yard B,12000,8952,3048,74.6,308,225,86
YRD08260,DR06007,PR00003,Yard E,12500,11788,712,94.3,263,248,103
YRD08261,DR04987,PR00006,Yard B,12000,8340,3660,69.5,196,230,62
YRD08262,DR02838,PR00005,Yard A,14000,12460,1540,89.0,228,172,59
YRD08263,DR09280,PR00003,Yard E,12500,12000,500,96.0,263,230,90
YRD08264,DR05509,PR00002,Yard B,12000,8568,3432,71.4,170,215,25
YRD08265,DR05429,PR00002,Yard B,12000,9456,2544,78.8,259,206,81
YRD08266,DR05661,PR00001,Yard D,11000,7249,3751,65.9,270,247,41
YRD08267,DR01649,PR00003,Yard C,13000,11310,1690,87.0,193,158,86
YRD08268,DR07431,PR00004,Yard C,13000,10478,2522,80.6,348,297,58
YRD08269,DR00340,PR00003,Yard A,14000,13090,910,93.5,235,287,78
YRD08270,DR04409,PR00007,Yard E,12500,11938,562,95.5,256,255,85
YRD08271,DR06294,PR00001,Yard E,12500,12175,325,97.4,280,285,47
YRD08272,DR07509,PR00006,Yard A,14000,13790,210,98.5,267,260,108
YRD08273,DR06068,PR00006,Yard A,14000,12824,1176,91.6,174,250,75
YRD08274,DR07562,PR00005,Yard D,11000,7425,3575,67.5,299,238,33
YRD08275,DR00632,PR00003,Yard B,12000,8892,3108,74.1,258,337,69
YRD08276,DR01831,PR00001,Yard C,13000,11479,1521,88.3,289,238,74
YRD08277,DR07371,PR00006,Yard E,12500,11825,675,94.6,242,198,89
YRD08278,DR09682,PR00005,Yard E,12500,10550,1950,84.4,327,293,70
YRD08279,DR01009,PR00006,Yard E,12500,12012,488,96.1,212,303,122
YRD08280,DR00824,PR00002,Yard E,12500,11162,1338,89.3,334,213,97
YRD08281,DR08723,PR00004,Yard B,12000,8616,3384,71.8,223,336,57
YRD08282,DR04663,PR00003,Yard C,13000,11713,1287,90.1,321,248,69
YRD08283,DR02232,PR00004,Yard E,12500,11425,1075,91.4,250,234,58
YRD08284,DR08271,PR00005,Yard E,12500,11062,1438,88.5,302,243,55
YRD08285,DR00372,PR00001,Yard A,14000,13790,210,98.5,309,322,87
YRD08286,DR03312,PR00001,Yard D,11000,7777,3223,70.7,360,257,49
YRD08287,DR02882,PR00001,Yard A,14000,13370,630,95.5,340,199,71
YRD08288,DR01303,PR00001,Yard B,12000,9420,2580,78.5,238,229,60
YRD08289,DR03213,PR00002,Yard E,12500,11475,1025,91.8,249,234,75
YRD08290,DR05768,PR00001,Yard D,11000,7788,3212,70.8,194,158,77
YRD08291,DR05568,PR00002,Yard D,11000,6875,4125,62.5,157,263,55
YRD08292,DR03786,PR00005,Yard B,12000,8724,3276,72.7,243,259,60
YRD08293,DR08351,PR00006,Yard B,12000,8748,3252,72.9,178,214,60
YRD08294,DR08863,PR00002,Yard C,13000,10764,2236,82.8,151,142,98
YRD08295,DR03264,PR00001,Yard C,13000,10595,2405,81.5,299,275,67
YRD08296,DR09007,PR00005,Yard A,14000,12656,1344,90.4,278,199,89
YRD08297,DR06275,PR00003,Yard C,13000,11063,1937,85.1,265,256,71
YRD08298,DR07109,PR00002,Yard B,12000,7956,4044,66.3,189,121,51
YRD08299,DR03134,PR00003,Yard A,14000,13552,448,96.8,261,237,77
YRD08300,DR04037,PR00007,Yard C,13000,11726,1274,90.2,235,152,63
YRD08301,DR01550,PR00003,Yard E,12500,10625,1875,85.0,232,144,56
YRD08302,DR06219,PR00007,Yard A,14000,13790,210,98.5,239,281,77
YRD08303,DR05100,PR00002,Yard C,13000,10777,2223,82.9,281,249,69
YRD08304,DR00959,PR00001,Yard A,14000,13440,560,96.0,219,309,80
YRD08305,DR05476,PR00001,Yard E,12500,10600,1900,84.8,284,280,44
YRD08306,DR02855,PR00005,Yard A,14000,13790,210,98.5,313,199,104
YRD08307,DR04886,PR00003,Yard D,11000,7392,3608,67.2,287,281,38
YRD08308,DR05001,PR00004,Yard E,12500,10925,1575,87.4,238,309,85
YRD08309,DR03570,PR00007,Yard D,11000,7601,3399,69.1,253,326,52
YRD08310,DR06053,PR00003,Yard A,14000,13356,644,95.4,247,192,99
YRD08311,DR00120,PR00001,Yard D,11000,7425,3575,67.5,271,244,26
YRD08312,DR07628,PR00005,Yard B,12000,9600,2400,80.0,283,205,72
YRD08313,DR03454,PR00002,Yard C,13000,11453,1547,88.1,271,276,36
YRD08314,DR06206,PR00004,Yard D,11000,7887,3113,71.7,190,257,94
YRD08315,DR01601,PR00006,Yard C,13000,10946,2054,84.2,251,227,81
YRD08316,DR05905,PR00003,Yard A,14000,13790,210,98.5,129,258,95
YRD08317,DR06056,PR00002,Yard D,11000,7590,3410,69.0,253,287,78
YRD08318,DR00599,PR00004,Yard A,14000,13412,588,95.8,233,250,77
YRD08319,DR01283,PR00001,Yard E,12500,11025,1475,88.2,327,308,80
YRD08320,DR00813,PR00002,Yard B,12000,9216,2784,76.8,207,234,85
YRD08321,DR07033,PR00003,Yard E,12500,12262,238,98.1,271,247,92
YRD08322,DR01820,PR00002,Yard B,12000,9696,2304,80.8,242,212,82
YRD08323,DR05015,PR00001,Yard A,14000,13356,644,95.4,272,194,99
YRD08324,DR05337,PR00004,Yard C,13000,11271,1729,86.7,170,176,79
YRD08325,DR08384,PR00003,Yard E,12500,11900,600,95.2,190,211,89
YRD08326,DR07830,PR00003,Yard B,12000,9264,2736,77.2,325,268,65
YRD08327,DR04742,PR00007,Yard C,13000,10764,2236,82.8,235,168,81
YRD08328,DR06007,PR00001,Yard D,11000,7150,3850,65.0,356,313,30
YRD08329,DR08618,PR00001,Yard D,11000,7073,3927,64.3,292,191,70
YRD08330,DR00363,PR00006,Yard C,13000,11362,1638,87.4,294,217,60
YRD08331,DR03462,PR00001,Yard C,13000,11206,1794,86.2,309,269,77
YRD08332,DR05238,PR00007,Yard B,12000,8976,3024,74.8,242,279,61
YRD08333,DR02495,PR00005,Yard D,11000,7744,3256,70.4,217,251,69
YRD08334,DR03854,PR00003,Yard A,14000,13342,658,95.3,228,289,87
YRD08335,DR05817,PR00002,Yard B,12000,9252,2748,77.1,309,223,43
YRD08336,DR01395,PR00002,Yard A,14000,13244,756,94.6,205,260,116
YRD08337,DR03827,PR00006,Yard C,13000,11492,1508,88.4,256,314,42
YRD08338,DR07642,PR00001,Yard D,11000,7205,3795,65.5,202,198,55
YRD08339,DR09059,PR00005,Yard B,12000,9996,2004,83.3,360,281,69
YRD08340,DR09859,PR00006,Yard B,12000,9888,2112,82.4,325,288,87
YRD08341,DR09228,PR00005,Yard B,12000,9060,2940,75.5,251,274,56
YRD08342,DR04762,PR00001,Yard D,11000,7458,3542,67.8,209,183,53
YRD08343,DR02329,PR00005,Yard E,12500,11162,1338,89.3,269,240,105
YRD08344,DR09247,PR00005,Yard E,12500,11562,938,92.5,253,234,94
YRD08345,DR04121,PR00001,Yard A,14000,13510,490,96.5,140,223,98
YRD08346,DR00336,PR00006,Yard A,14000,13790,210,98.5,227,251,103
YRD08347,DR08429,PR00001,Yard C,13000,11128,1872,85.6,248,309,75
YRD08348,DR06111,PR00007,Yard C,13000,10907,2093,83.9,254,240,59
YRD08349,DR05073,PR00001,Yard B,12000,9156,2844,76.3,238,271,72
YRD08350,DR05162,PR00002,Yard E,12500,11725,775,93.8,305,350,87
YRD08351,DR04550,PR00005,Yard E,12500,12088,412,96.7,225,187,113
YRD08352,DR06192,PR00001,Yard A,14000,13244,756,94.6,183,279,109
YRD08353,DR08795,PR00001,Yard A,14000,13552,448,96.8,223,174,89
YRD08354,DR08288,PR00001,Yard B,12000,9564,2436,79.7,258,228,83
YRD08355,DR06054,PR00006,Yard E,12500,12000,500,96.0,232,255,110
YRD08356,DR09680,PR00001,Yard B,12000,9660,2340,80.5,233,287,64
YRD08357,DR02515,PR00004,Yard D,11000,7557,3443,68.7,225,213,47
YRD08358,DR05780,PR00004,Yard E,12500,12138,362,97.1,288,288,86
YRD08359,DR05120,PR00003,Yard D,11000,7986,3014,72.6,333,270,53
YRD08360,DR01182,PR00003,Yard A,14000,13580,420,97.0,180,209,73
YRD08361,DR08835,PR00002,Yard E,12500,12175,325,97.4,259,165,73
YRD08362,DR03033,PR00007,Yard C,13000,10634,2366,81.8,259,299,71
YRD08363,DR04353,PR00006,Yard B,12000,9252,2748,77.1,206,221,72
YRD08364,DR03501,PR00007,Yard D,11000,7997,3003,72.7,220,266,76
YRD08365,DR07535,PR00005,Yard A,14000,13622,378,97.3,260,254,65
YRD08366,DR04613,PR00006,Yard C,13000,11362,1638,87.4,328,265,77
YRD08367,DR05233,PR00007,Yard A,14000,13790,210,98.5,224,219,82
YRD08368,DR00230,PR00003,Yard E,12500,11825,675,94.6,302,349,96
YRD08369,DR06070,PR00007,Yard D,11000,7854,3146,71.4,294,308,47
YRD08370,DR04630,PR00001,Yard E,12500,11850,650,94.8,191,261,79
YRD08371,DR08146,PR00001,Yard B,12000,8964,3036,74.7,263,283,74
YRD08372,DR01683,PR00003,Yard A,14000,13790,210,98.5,268,232,129
YRD08373,DR01122,PR00003,Yard C,13000,10439,2561,80.3,179,249,63
YRD08374,DR08926,PR00003,Yard B,12000,8916,3084,74.3,182,227,61
YRD08375,DR04868,PR00003,Yard A,14000,13272,728,94.8,345,254,51
YRD08376,DR00936,PR00003,Yard C,13000,10686,2314,82.2,186,154,66
YRD08377,DR01930,PR00006,Yard B,12000,8232,3768,68.6,158,245,48
YRD08378,DR03962,PR00002,Yard C,13000,11999,1001,92.3,279,150,102
YRD08379,DR02137,PR00002,Yard E,12500,12075,425,96.6,305,231,79
YRD08380,DR00063,PR00005,Yard A,14000,13650,350,97.5,240,215,98
YRD08381,DR08378,PR00004,Yard D,11000,6963,4037,63.3,292,241,31
YRD08382,DR01064,PR00006,Yard E,12500,11225,1275,89.8,248,197,96
YRD08383,DR01744,PR00002,Yard A,14000,13790,210,98.5,294,221,108
YRD08384,DR03772,PR00001,Yard D,11000,7546,3454,68.6,223,210,53
YRD08385,DR08044,PR00007,Yard A,14000,13776,224,98.4,271,295,111
YRD08386,DR08019,PR00001,Yard E,12500,11575,925,92.6,330,260,86
YRD08387,DR07912,PR00005,Yard C,13000,11362,1638,87.4,221,175,95
YRD08388,DR08091,PR00002,Yard B,12000,9132,2868,76.1,318,272,37
YRD08389,DR04103,PR00003,Yard D,11000,7436,3564,67.6,216,350,61
YRD08390,DR05480,PR00006,Yard C,13000,11323,1677,87.1,236,166,68
YRD08391,DR00988,PR00003,Yard B,12000,9228,2772,76.9,293,209,62
YRD08392,DR07343,PR00001,Yard A,14000,13020,980,93.0,243,236,123
YRD08393,DR06262,PR00005,Yard C,13000,11492,1508,88.4,356,185,95
YRD08394,DR08283,PR00001,Yard B,12000,9456,2544,78.8,239,213,75
YRD08395,DR05169,PR00002,Yard A,14000,13790,210,98.5,274,310,79
YRD08396,DR05937,PR00003,Yard C,13000,11726,1274,90.2,240,179,75
YRD08397,DR06295,PR00003,Yard A,14000,13748,252,98.2,301,250,96
YRD08398,DR08439,PR00004,Yard A,14000,13790,210,98.5,276,246,104
YRD08399,DR00689,PR00003,Yard E,12500,11062,1438,88.5,219,245,76
YRD08400,DR05056,PR00003,Yard E,12500,11488,1012,91.9,245,255,81
YRD08401,DR06778,PR00002,Yard D,11000,7887,3113,71.7,249,265,30
YRD08402,DR05305,PR00006,Yard B,12000,8832,3168,73.6,194,245,26
YRD08403,DR09904,PR00001,Yard D,11000,7282,3718,66.2,239,255,46
YRD08404,DR01253,PR00007,Yard C,13000,10374,2626,79.8,225,173,83
YRD08405,DR02667,PR00002,Yard D,11000,8096,2904,73.6,181,235,58
YRD08406,DR01490,PR00003,Yard A,14000,13790,210,98.5,275,282,96
YRD08407,DR00986,PR00005,Yard E,12500,11350,1150,90.8,210,259,76
YRD08408,DR04531,PR00003,Yard B,12000,8868,3132,73.9,234,160,27
YRD08409,DR01717,PR00004,Yard A,14000,12726,1274,90.9,212,233,81
YRD08410,DR07890,PR00007,Yard D,11000,7513,3487,68.3,172,209,59
YRD08411,DR03449,PR00006,Yard C,13000,12155,845,93.5,303,263,96
YRD08412,DR00970,PR00003,Yard A,14000,13790,210,98.5,309,218,97
YRD08413,DR01233,PR00005,Yard C,13000,11440,1560,88.0,336,210,72
YRD08414,DR03898,PR00003,Yard B,12000,9348,2652,77.9,267,282,36
YRD08415,DR04521,PR00005,Yard D,11000,7920,3080,72.0,265,350,52
YRD08416,DR01286,PR00001,Yard D,11000,7964,3036,72.4,144,181,46
YRD08417,DR01727,PR00001,Yard A,14000,12642,1358,90.3,209,201,105
YRD08418,DR00856,PR00004,Yard B,12000,9120,2880,76.0,254,201,21
YRD08419,DR09499,PR00002,Yard E,12500,11525,975,92.2,360,308,63
YRD08420,DR00625,PR00005,Yard E,12500,12175,325,97.4,159,285,92
YRD08421,DR02361,PR00001,Yard B,12000,8148,3852,67.9,187,239,65
YRD08422,DR08994,PR00001,Yard D,11000,7821,3179,71.1,311,252,31
YRD08423,DR08943,PR00005,Yard C,13000,11882,1118,91.4,224,282,71
YRD08424,DR04687,PR00003,Yard B,12000,8640,3360,72.0,208,233,31
YRD08425,DR09820,PR00007,Yard E,12500,11538,962,92.3,206,167,78
YRD08426,DR00203,PR00002,Yard A,14000,13790,210,98.5,275,301,97
YRD08427,DR04303,PR00001,Yard E,12500,11688,812,93.5,258,198,82
YRD08428,DR01106,PR00001,Yard C,13000,11310,1690,87.0,267,217,106
YRD08429,DR02299,PR00003,Yard D,11000,7172,3828,65.2,257,220,45
YRD08430,DR01366,PR00001,Yard B,12000,9084,2916,75.7,271,296,60
YRD08431,DR00429,PR00005,Yard D,11000,7623,3377,69.3,300,264,63
YRD08432,DR08630,PR00001,Yard D,11000,8008,2992,72.8,235,201,37
YRD08433,DR00171,PR00007,Yard B,12000,9972,2028,83.1,322,276,73
YRD08434,DR09348,PR00004,Yard E,12500,11750,750,94.0,230,236,66
YRD08435,DR06619,PR00005,Yard A,14000,13790,210,98.5,338,281,83
YRD08436,DR07793,PR00001,Yard E,12500,11712,788,93.7,181,242,90
YRD08437,DR09626,PR00001,Yard E,12500,10050,2450,80.4,213,145,63
YRD08438,DR00265,PR00002,Yard A,14000,13090,910,93.5,340,269,92
YRD08439,DR08008,PR00003,Yard C,13000,10959,2041,84.3,220,229,83
YRD08440,DR06471,PR00004,Yard B,12000,9012,2988,75.1,274,197,37
YRD08441,DR03879,PR00002,Yard C,13000,10530,2470,81.0,212,194,73
YRD08442,DR01274,PR00002,Yard C,13000,10998,2002,84.6,252,180,100
YRD08443,DR04477,PR00007,Yard C,13000,10868,2132,83.6,294,143,79
YRD08444,DR00091,PR00002,Yard A,14000,13790,210,98.5,231,193,78
YRD08445,DR02712,PR00001,Yard D,11000,7425,3575,67.5,268,181,54
YRD08446,DR04783,PR00002,Yard B,12000,9792,2208,81.6,321,247,72
YRD08447,DR09708,PR00002,Yard B,12000,9792,2208,81.6,221,284,69
YRD08448,DR03920,PR00003,Yard E,12500,11388,1112,91.1,289,249,86
YRD08449,DR01651,PR00004,Yard A,14000,13566,434,96.9,288,288,107
YRD08450,DR06038,PR00004,Yard E,12500,10363,2137,82.9,194,288,84
YRD08451,DR07363,PR00005,Yard D,11000,7447,3553,67.7,212,233,44
YRD08452,DR09269,PR00001,Yard C,13000,10426,2574,80.2,173,205,69
YRD08453,DR02467,PR00001,Yard D,11000,7425,3575,67.5,311,240,79
YRD08454,DR02060,PR00006,Yard C,13000,11076,1924,85.2,327,249,102
YRD08455,DR07904,PR00002,Yard E,12500,11150,1350,89.2,239,125,84
YRD08456,DR01854,PR00002,Yard C,13000,11466,1534,88.2,264,263,73
YRD08457,DR01496,PR00003,Yard C,13000,11765,1235,90.5,304,281,72
YRD08458,DR00090,PR00005,Yard B,12000,9504,2496,79.2,275,168,70
YRD08459,DR08644,PR00001,Yard E,12500,11750,750,94.0,284,274,102
YRD08460,DR00191,PR00007,Yard B,12000,9408,2592,78.4,244,283,78
YRD08461,DR02614,PR00002,Yard A,14000,13790,210,98.5,269,221,86
YRD08462,DR07246,PR00007,Yard D,11000,7425,3575,67.5,295,241,37
YRD08463,DR07206,PR00002,Yard D,11000,7150,3850,65.0,202,161,62
YRD08464,DR05975,PR00005,Yard E,12500,10962,1538,87.7,228,183,65
YRD08465,DR01269,PR00003,Yard A,14000,13790,210,98.5,290,208,105
YRD08466,DR09834,PR00006,Yard C,13000,10855,2145,83.5,285,266,85
YRD08467,DR06034,PR00003,Yard E,12500,11575,925,92.6,251,158,69
YRD08468,DR05594,PR00006,Yard A,14000,13790,210,98.5,251,247,100
YRD08469,DR00623,PR00005,Yard A,14000,12810,1190,91.5,209,301,85
YRD08470,DR07915,PR00004,Yard C,13000,11583,1417,89.1,191,195,96
YRD08471,DR03392,PR00002,Yard A,14000,13706,294,97.9,253,225,81
YRD08472,DR01124,PR00002,Yard A,14000,13790,210,98.5,205,234,140
YRD08473,DR08052,PR00007,Yard A,14000,12698,1302,90.7,218,233,47
YRD08474,DR03602,PR00007,Yard E,12500,12312,188,98.5,240,263,159
YRD08475,DR04093,PR00001,Yard E,12500,10662,1838,85.3,219,197,71
YRD08476,DR02173,PR00002,Yard C,13000,11427,1573,87.9,226,199,52
YRD08477,DR00512,PR00001,Yard E,12500,11862,638,94.9,233,217,76
YRD08478,DR08060,PR00002,Yard A,14000,13748,252,98.2,246,226,99
YRD08479,DR03912,PR00002,Yard A,14000,13384,616,95.6,219,190,37
YRD08480,DR02743,PR00006,Yard D,11000,7205,3795,65.5,295,224,60
YRD08481,DR01948,PR00001,Yard C,13000,10608,2392,81.6,190,232,79
YRD08482,DR02624,PR00006,Yard C,13000,11843,1157,91.1,313,285,101
YRD08483,DR05671,PR00007,Yard D,11000,7557,3443,68.7,274,175,34
YRD08484,DR03075,PR00002,Yard E,12500,11025,1475,88.2,214,198,74
YRD08485,DR06480,PR00003,Yard A,14000,13790,210,98.5,324,235,119
YRD08486,DR02418,PR00003,Yard E,12500,11038,1462,88.3,287,245,63
YRD08487,DR02181,PR00002,Yard B,12000,8796,3204,73.3,225,262,63
YRD08488,DR06226,PR00005,Yard C,13000,11752,1248,90.4,230,226,53
YRD08489,DR01633,PR00004,Yard A,14000,13426,574,95.9,164,216,100
YRD08490,DR04023,PR00001,Yard D,11000,7392,3608,67.2,245,149,72
YRD08491,DR04020,PR00006,Yard A,14000,13790,210,98.5,208,237,88
YRD08492,DR08569,PR00002,Yard B,12000,9564,2436,79.7,207,200,67
YRD08493,DR01743,PR00001,Yard E,12500,11212,1288,89.7,216,233,86
YRD08494,DR09520,PR00007,Yard B,12000,8136,3864,67.8,316,258,67
YRD08495,DR02269,PR00001,Yard D,11000,7865,3135,71.5,287,283,46
YRD08496,DR09148,PR00001,Yard E,12500,12100,400,96.8,216,296,95
YRD08497,DR06183,PR00002,Yard D,11000,7304,3696,66.4,185,281,61
YRD08498,DR08415,PR00002,Yard E,12500,11262,1238,90.1,132,226,97
YRD08499,DR04544,PR00003,Yard D,11000,7095,3905,64.5,255,251,48
YRD08500,DR03673,PR00005,Yard A,14000,13790,210,98.5,214,269,103
YRD08501,DR07013,PR00003,Yard A,14000,12782,1218,91.3,228,210,53
YRD08502,DR01120,PR00004,Yard E,12500,11062,1438,88.5,208,263,102
YRD08503,DR09706,PR00001,Yard D,11000,8129,2871,73.9,333,187,85
YRD08504,DR09953,PR00003,Yard C,13000,11037,1963,84.9,285,178,64
YRD08505,DR06818,PR00007,Yard B,12000,8712,3288,72.6,191,236,38
YRD08506,DR00180,PR00005,Yard A,14000,13678,322,97.7,226,233,54
YRD08507,DR08944,PR00005,Yard C,13000,11271,1729,86.7,222,327,75
YRD08508,DR04021,PR00002,Yard A,14000,13216,784,94.4,155,273,77
YRD08509,DR00032,PR00003,Yard C,13000,11908,1092,91.6,243,319,88
YRD08510,DR06746,PR00006,Yard C,13000,11271,1729,86.7,313,261,73
YRD08511,DR01759,PR00006,Yard E,12500,11038,1462,88.3,193,350,56
YRD08512,DR00211,PR00005,Yard C,13000,10907,2093,83.9,236,252,91
YRD08513,DR04759,PR00003,Yard D,11000,8085,2915,73.5,276,230,81
YRD08514,DR02943,PR00001,Yard D,11000,7689,3311,69.9,300,268,71
YRD08515,DR02982,PR00001,Yard C,13000,11739,1261,90.3,212,221,72
YRD08516,DR02425,PR00001,Yard D,11000,7403,3597,67.3,170,224,57
YRD08517,DR01810,PR00002,Yard D,11000,7458,3542,67.8,215,183,52
YRD08518,DR01436,PR00001,Yard E,12500,11238,1262,89.9,207,146,109
YRD08519,DR08306,PR00003,Yard A,14000,13496,504,96.4,204,175,58
YRD08520,DR07346,PR00004,Yard D,11000,7227,3773,65.7,198,179,31
YRD08521,DR00696,PR00004,Yard E,12500,11000,1500,88.0,308,326,84
YRD08522,DR05319,PR00004,Yard B,12000,9024,2976,75.2,250,253,73
YRD08523,DR07999,PR00002,Yard C,13000,10855,2145,83.5,292,219,75
YRD08524,DR00671,PR00003,Yard D,11000,7524,3476,68.4,213,245,51
YRD08525,DR01997,PR00007,Yard C,13000,10868,2132,83.6,289,225,92
YRD08526,DR09778,PR00003,Yard E,12500,12162,338,97.3,196,247,108
YRD08527,DR00824,PR00006,Yard E,12500,11000,1500,88.0,308,257,90
YRD08528,DR01591,PR00003,Yard E,12500,11588,912,92.7,284,243,108
YRD08529,DR05219,PR00004,Yard C,13000,11544,1456,88.8,230,270,66
YRD08530,DR07329,PR00003,Yard C,13000,10660,2340,82.0,197,192,78
YRD08531,DR04839,PR00005,Yard A,14000,13790,210,98.5,326,198,91
YRD08532,DR07671,PR00006,Yard D,11000,7535,3465,68.5,163,319,30
YRD08533,DR09257,PR00003,Yard D,11000,7260,3740,66.0,220,235,59
YRD08534,DR01632,PR00005,Yard C,13000,10361,2639,79.7,281,281,79
YRD08535,DR07622,PR00006,Yard E,12500,11425,1075,91.4,212,260,87
YRD08536,DR06251,PR00006,Yard C,13000,12116,884,93.2,310,258,81
YRD08537,DR07412,PR00001,Yard C,13000,10946,2054,84.2,251,226,51
YRD08538,DR01190,PR00001,Yard C,13000,11258,1742,86.6,359,258,80
YRD08539,DR04495,PR00006,Yard C,13000,11076,1924,85.2,181,220,77
YRD08540,DR06195,PR00005,Yard E,12500,10975,1525,87.8,311,295,75
YRD08541,DR00814,PR00007,Yard E,12500,11850,650,94.8,204,224,70
YRD08542,DR01451,PR00002,Yard A,14000,13524,476,96.6,194,216,116
YRD08543,DR04567,PR00006,Yard A,14000,13524,476,96.6,242,217,90
YRD08544,DR02228,PR00006,Yard E,12500,12012,488,96.1,210,134,115
YRD08545,DR05461,PR00006,Yard A,14000,13034,966,93.1,216,237,43
YRD08546,DR03626,PR00005,Yard D,11000,7964,3036,72.4,281,267,60
YRD08547,DR05370,PR00001,Yard C,13000,11063,1937,85.1,253,274,106
YRD08548,DR01227,PR00005,Yard D,11000,7942,3058,72.2,265,310,54
YRD08549,DR02733,PR00004,Yard A,14000,13314,686,95.1,173,170,75
YRD08550,DR05807,PR00002,Yard D,11000,8173,2827,74.3,254,266,37
YRD08551,DR08229,PR00002,Yard C,13000,10569,2431,81.3,244,185,84
YRD08552,DR02454,PR00006,Yard C,13000,12142,858,93.4,165,151,79
YRD08553,DR08335,PR00001,Yard C,13000,11154,1846,85.8,198,241,71
YRD08554,DR08049,PR00003,Yard E,12500,11988,512,95.9,277,230,116
YRD08555,DR08297,PR00004,Yard D,11000,6963,4037,63.3,264,234,52
YRD08556,DR09029,PR00007,Yard B,12000,8880,3120,74.0,215,218,44
YRD08557,DR01260,PR00005,Yard A,14000,12880,1120,92.0,198,284,92
YRD08558,DR01275,PR00002,Yard E,12500,11462,1038,91.7,296,260,64
YRD08559,DR04048,PR00001,Yard E,12500,10750,1750,86.0,283,292,59
YRD08560,DR06897,PR00002,Yard D,11000,7458,3542,67.8,224,309,29
YRD08561,DR06801,PR00002,Yard D,11000,7546,3454,68.6,272,229,105
YRD08562,DR09552,PR00006,Yard C,13000,12532,468,96.4,246,185,81
YRD08563,DR09418,PR00003,Yard C,13000,10972,2028,84.4,201,251,64
YRD08564,DR01100,PR00001,Yard A,14000,13734,266,98.1,217,153,98
YRD08565,DR09724,PR00006,Yard E,12500,11525,975,92.2,203,273,117
YRD08566,DR06611,PR00001,Yard B,12000,8004,3996,66.7,254,216,31
YRD08567,DR06845,PR00001,Yard A,14000,13188,812,94.2,220,186,54
YRD08568,DR03574,PR00003,Yard D,11000,8327,2673,75.7,303,289,90
YRD08569,DR07592,PR00001,Yard E,12500,11225,1275,89.8,319,254,92
YRD08570,DR02773,PR00001,Yard E,12500,11650,850,93.2,256,162,82
YRD08571,DR08595,PR00007,Yard B,12000,9348,2652,77.9,252,249,69
YRD08572,DR04401,PR00006,Yard B,12000,9204,2796,76.7,309,259,10
YRD08573,DR01543,PR00005,Yard E,12500,11138,1362,89.1,219,193,72
YRD08574,DR08992,PR00005,Yard A,14000,13790,210,98.5,280,227,93
YRD08575,DR07219,PR00001,Yard A,14000,13188,812,94.2,182,300,99
YRD08576,DR08701,PR00006,Yard E,12500,11125,1375,89.0,188,221,67
YRD08577,DR07160,PR00003,Yard B,12000,9996,2004,83.3,286,155,100
YRD08578,DR07943,PR00001,Yard A,14000,13790,210,98.5,307,277,75
YRD08579,DR04423,PR00002,Yard C,13000,11375,1625,87.5,321,227,115
YRD08580,DR04413,PR00003,Yard C,13000,10998,2002,84.6,314,220,52
YRD08581,DR05560,PR00001,Yard D,11000,7216,3784,65.6,264,255,56
YRD08582,DR07882,PR00002,Yard D,11000,7029,3971,63.9,124,179,73
YRD08583,DR09968,PR00002,Yard B,12000,8628,3372,71.9,237,211,74
YRD08584,DR08448,PR00003,Yard D,11000,7491,3509,68.1,240,287,53
YRD08585,DR01968,PR00001,Yard D,11000,8041,2959,73.1,311,242,7
YRD08586,DR04995,PR00004,Yard D,11000,7546,3454,68.6,140,199,42
YRD08587,DR00406,PR00001,Yard E,12500,11750,750,94.0,143,161,96
YRD08588,DR01940,PR00004,Yard A,14000,13790,210,98.5,310,298,105
YRD08589,DR02618,PR00002,Yard E,12500,11400,1100,91.2,234,238,98
YRD08590,DR01983,PR00003,Yard A,14000,13552,448,96.8,291,239,70
YRD08591,DR01988,PR00004,Yard E,12500,12175,325,97.4,188,289,95
YRD08592,DR07840,PR00004,Yard A,14000,13790,210,98.5,264,306,84
YRD08593,DR07308,PR00001,Yard C,13000,11388,1612,87.6,187,242,89
YRD08594,DR08011,PR00003,Yard E,12500,11100,1400,88.8,231,173,79
YRD08595,DR02978,PR00006,Yard C,13000,10127,2873,77.9,222,231,72
YRD08596,DR02964,PR00002,Yard E,12500,11738,762,93.9,228,300,118
YRD08597,DR04294,PR00003,Yard B,12000,10092,1908,84.1,291,262,83
YRD08598,DR02303,PR00003,Yard B,12000,9864,2136,82.2,320,274,93
YRD08599,DR06734,PR00006,Yard D,11000,7128,3872,64.8,263,249,57
YRD08600,DR07722,PR00003,Yard E,12500,11425,1075,91.4,331,348,100
YRD08601,DR05268,PR00007,Yard B,12000,8376,3624,69.8,256,289,43
YRD08602,DR04318,PR00004,Yard D,11000,6765,4235,61.5,257,217,25
YRD08603,DR08581,PR00004,Yard D,11000,7337,3663,66.7,165,173,64
YRD08604,DR00080,PR00002,Yard E,12500,12000,500,96.0,213,302,102
YRD08605,DR04314,PR00004,Yard D,11000,6952,4048,63.2,266,186,53
YRD08606,DR05683,PR00001,Yard D,11000,7513,3487,68.3,290,310,62
YRD08607,DR07929,PR00003,Yard E,12500,11675,825,93.4,262,242,86
YRD08608,DR09436,PR00002,Yard D,11000,7447,3553,67.7,218,173,29
YRD08609,DR06715,PR00005,Yard C,13000,11960,1040,92.0,340,214,87
YRD08610,DR03034,PR00005,Yard B,12000,8892,3108,74.1,159,315,78
YRD08611,DR09444,PR00007,Yard A,14000,13538,462,96.7,244,186,88
YRD08612,DR05698,PR00002,Yard D,11000,6413,4587,58.3,191,230,61
YRD08613,DR05571,PR00006,Yard A,14000,13314,686,95.1,241,277,110
YRD08614,DR00185,PR00006,Yard B,12000,8832,3168,73.6,179,195,92
YRD08615,DR02577,PR00006,Yard A,14000,13440,560,96.0,209,249,45
YRD08616,DR09256,PR00005,Yard E,12500,10975,1525,87.8,315,238,73
YRD08617,DR04962,PR00002,Yard A,14000,13790,210,98.5,280,247,102
YRD08618,DR03821,PR00006,Yard B,12000,8604,3396,71.7,156,191,56
YRD08619,DR04923,PR00004,Yard E,12500,11862,638,94.9,273,263,79
YRD08620,DR06108,PR00005,Yard D,11000,6908,4092,62.8,304,272,40
YRD08621,DR05576,PR00002,Yard C,13000,10712,2288,82.4,202,299,70
YRD08622,DR00245,PR00001,Yard A,14000,13790,210,98.5,239,225,68
YRD08623,DR00774,PR00002,Yard E,12500,12000,500,96.0,340,256,125
YRD08624,DR05456,PR00003,Yard B,12000,9048,2952,75.4,270,281,66
YRD08625,DR08722,PR00003,Yard E,12500,11012,1488,88.1,310,191,57
YRD08626,DR00043,PR00006,Yard C,13000,11505,1495,88.5,358,190,94
YRD08627,DR00135,PR00001,Yard D,11000,7084,3916,64.4,135,238,64
YRD08628,DR03423,PR00001,Yard A,14000,12740,1260,91.0,246,192,59
YRD08629,DR03205,PR00002,Yard A,14000,12446,1554,88.9,234,186,72
YRD08630,DR00869,PR00001,Yard B,12000,7932,4068,66.1,212,180,48
YRD08631,DR03215,PR00003,Yard C,13000,11167,1833,85.9,221,198,106
YRD08632,DR09437,PR00005,Yard E,12500,11438,1062,91.5,200,268,84
YRD08633,DR09220,PR00007,Yard B,12000,10404,1596,86.7,249,166,71
YRD08634,DR01126,PR00002,Yard D,11000,7700,3300,70.0,291,255,58
YRD08635,DR08413,PR00002,Yard A,14000,13790,210,98.5,246,170,111
YRD08636,DR01998,PR00005,Yard B,12000,9432,2568,78.6,261,245,84
YRD08637,DR02775,PR00002,Yard D,11000,7832,3168,71.2,334,216,50
YRD08638,DR08130,PR00005,Yard A,14000,13258,742,94.7,242,339,79
YRD08639,DR08678,PR00004,Yard E,12500,11662,838,93.3,277,278,84
YRD08640,DR04315,PR00006,Yard D,11000,7656,3344,69.6,224,174,56
YRD08641,DR01950,PR00001,Yard A,14000,13790,210,98.5,196,183,86
YRD08642,DR08831,PR00007,Yard A,14000,12964,1036,92.6,205,263,87
YRD08643,DR09627,PR00007,Yard B,12000,9108,2892,75.9,184,173,62
YRD08644,DR07340,PR00001,Yard A,14000,13734,266,98.1,280,264,100
YRD08645,DR04232,PR00003,Yard B,12000,8916,3084,74.3,273,132,97
YRD08646,DR06249,PR00003,Yard B,12000,9216,2784,76.8,235,227,67
YRD08647,DR08168,PR00002,Yard C,13000,11427,1573,87.9,309,223,62
YRD08648,DR07294,PR00007,Yard B,12000,8748,3252,72.9,347,253,49
YRD08649,DR04779,PR00001,Yard D,11000,8173,2827,74.3,194,221,73
YRD08650,DR04658,PR00002,Yard D,11000,7689,3311,69.9,331,261,26
YRD08651,DR06322,PR00001,Yard D,11000,7942,3058,72.2,345,182,57
YRD08652,DR07508,PR00004,Yard E,12500,12225,275,97.8,299,301,91
YRD08653,DR05885,PR00006,Yard B,12000,9336,2664,77.8,302,300,75
YRD08654,DR08183,PR00004,Yard E,12500,12175,325,97.4,279,320,118
YRD08655,DR08704,PR00004,Yard B,12000,8520,3480,71.0,228,268,39
YRD08656,DR06563,PR00001,Yard D,11000,7370,3630,67.0,306,170,26
YRD08657,DR03107,PR00005,Yard A,14000,13790,210,98.5,309,274,64
YRD08658,DR05319,PR00003,Yard E,12500,11175,1325,89.4,147,236,69
YRD08659,DR00354,PR00003,Yard B,12000,8328,3672,69.4,284,260,40
YRD08660,DR01839,PR00004,Yard A,14000,13384,616,95.6,230,340,97
YRD08661,DR06627,PR00007,Yard A,14000,13790,210,98.5,232,196,67
YRD08662,DR02757,PR00005,Yard D,11000,7920,3080,72.0,219,266,68
YRD08663,DR08268,PR00005,Yard A,14000,13622,378,97.3,287,217,67
YRD08664,DR06885,PR00003,Yard A,14000,12782,1218,91.3,261,181,84
YRD08665,DR01474,PR00001,Yard E,12500,11200,1300,89.6,269,243,69
YRD08666,DR05426,PR00003,Yard C,13000,10829,2171,83.3,243,256,96
YRD08667,DR05204,PR00004,Yard E,12500,11462,1038,91.7,187,226,103
YRD08668,DR05353,PR00005,Yard E,12500,12088,412,96.7,256,248,88
YRD08669,DR03186,PR00004,Yard B,12000,9072,2928,75.6,120,209,99
YRD08670,DR02334,PR00002,Yard C,13000,10127,2873,77.9,186,206,54
YRD08671,DR03492,PR00002,Yard A,14000,13790,210,98.5,326,270,95
YRD08672,DR02176,PR00001,Yard B,12000,8724,3276,72.7,221,168,47
YRD08673,DR04276,PR00005,Yard E,12500,11550,950,92.4,283,324,87
YRD08674,DR07562,PR00007,Yard D,11000,7843,3157,71.3,245,301,73
YRD08675,DR08817,PR00003,Yard B,12000,9156,2844,76.3,277,326,44
YRD08676,DR00233,PR00005,Yard C,13000,10712,2288,82.4,231,208,66
YRD08677,DR09431,PR00005,Yard D,11000,7249,3751,65.9,250,215,53
YRD08678,DR08986,PR00001,Yard D,11000,7216,3784,65.6,143,256,10
YRD08679,DR03011,PR00001,Yard E,12500,10512,1988,84.1,193,233,75
YRD08680,DR09022,PR00002,Yard B,12000,8556,3444,71.3,233,184,27
YRD08681,DR06283,PR00007,Yard A,14000,13762,238,98.3,315,248,115
YRD08682,DR07056,PR00001,Yard C,13000,12181,819,93.7,257,218,81
YRD08683,DR03794,PR00004,Yard E,12500,11312,1188,90.5,127,227,132
YRD08684,DR01496,PR00003,Yard B,12000,10056,1944,83.8,290,293,48
YRD08685,DR09308,PR00004,Yard D,11000,7469,3531,67.9,291,237,64
YRD08686,DR00191,PR00002,Yard B,12000,9252,2748,77.1,289,288,64
YRD08687,DR00948,PR00007,Yard B,12000,9900,2100,82.5,286,225,25
YRD08688,DR07332,PR00002,Yard A,14000,13286,714,94.9,254,207,72
YRD08689,DR06842,PR00007,Yard E,12500,10788,1712,86.3,255,288,108
YRD08690,DR06386,PR00004,Yard E,12500,11838,662,94.7,244,287,118
YRD08691,DR07656,PR00003,Yard C,13000,11687,1313,89.9,324,291,102
YRD08692,DR09231,PR00005,Yard B,12000,9432,2568,78.6,308,267,78
YRD08693,DR03275,PR00004,Yard B,12000,8292,3708,69.1,329,184,82
YRD08694,DR09571,PR00001,Yard D,11000,7546,3454,68.6,237,203,44
YRD08695,DR04370,PR00005,Yard D,11000,7590,3410,69.0,231,174,44
YRD08696,DR09771,PR00004,Yard B,12000,9156,2844,76.3,307,338,91
YRD08697,DR00480,PR00004,Yard B,12000,9492,2508,79.1,249,294,94
YRD08698,DR02903,PR00005,Yard E,12500,11775,725,94.2,232,320,92
YRD08699,DR00912,PR00004,Yard B,12000,8760,3240,73.0,232,161,35
YRD08700,DR04326,PR00003,Yard C,13000,11102,1898,85.4,161,181,73
YRD08701,DR02313,PR00002,Yard A,14000,13790,210,98.5,301,290,92
YRD08702,DR09237,PR00002,Yard E,12500,11262,1238,90.1,333,226,80
YRD08703,DR07700,PR00004,Yard B,12000,9540,2460,79.5,246,312,90
YRD08704,DR08047,PR00002,Yard B,12000,8316,3684,69.3,202,220,55
YRD08705,DR07146,PR00001,Yard E,12500,11650,850,93.2,196,143,73
YRD08706,DR01124,PR00006,Yard A,14000,12684,1316,90.6,248,207,106
YRD08707,DR07490,PR00002,Yard B,12000,9180,2820,76.5,297,271,42
YRD08708,DR06544,PR00001,Yard B,12000,8544,3456,71.2,191,205,69
YRD08709,DR02221,PR00006,Yard B,12000,9000,3000,75.0,252,342,70
YRD08710,DR05578,PR00005,Yard C,13000,11180,1820,86.0,235,220,64
YRD08711,DR09491,PR00005,Yard A,14000,13790,210,98.5,242,239,106
YRD08712,DR07987,PR00002,Yard E,12500,11075,1425,88.6,121,166,89
YRD08713,DR07814,PR00004,Yard B,12000,8340,3660,69.5,288,253,26
YRD08714,DR04516,PR00007,Yard E,12500,11175,1325,89.4,260,197,67
YRD08715,DR07369,PR00002,Yard A,14000,13636,364,97.4,197,309,118
YRD08716,DR09506,PR00001,Yard B,12000,9108,2892,75.9,266,265,73
YRD08717,DR08331,PR00001,Yard D,11000,7425,3575,67.5,281,290,29
YRD08718,DR04150,PR00006,Yard E,12500,11912,588,95.3,222,229,63
YRD08719,DR06461,PR00002,Yard C,13000,10699,2301,82.3,278,222,75
YRD08720,DR07739,PR00003,Yard E,12500,11625,875,93.0,294,192,95
YRD08721,DR09269,PR00003,Yard A,14000,13524,476,96.6,234,329,108
YRD08722,DR07056,PR00007,Yard B,12000,8040,3960,67.0,219,273,19
YRD08723,DR05111,PR00002,Yard B,12000,8808,3192,73.4,200,130,54
YRD08724,DR02000,PR00003,Yard E,12500,11838,662,94.7,300,187,100
YRD08725,DR03749,PR00007,Yard E,12500,10775,1725,86.2,281,221,126
YRD08726,DR02709,PR00002,Yard D,11000,7909,3091,71.9,342,229,73
YRD08727,DR07609,PR00004,Yard B,12000,10200,1800,85.0,274,244,48
YRD08728,DR08638,PR00001,Yard B,12000,8772,3228,73.1,222,350,64
YRD08729,DR02236,PR00002,Yard C,13000,11752,1248,90.4,272,212,97
YRD08730,DR02796,PR00001,Yard E,12500,12312,188,98.5,205,200,81
YRD08731,DR07180,PR00002,Yard A,14000,13664,336,97.6,232,220,75
YRD08732,DR08052,PR00002,Yard A,14000,13524,476,96.6,226,263,87
YRD08733,DR00689,PR00006,Yard C,13000,11349,1651,87.3,254,255,66
YRD08734,DR06077,PR00003,Yard B,12000,8424,3576,70.2,292,230,60
YRD08735,DR03379,PR00003,Yard E,12500,12312,188,98.5,245,244,100
YRD08736,DR05719,PR00005,Yard C,13000,10673,2327,82.1,273,221,74
YRD08737,DR08794,PR00007,Yard E,12500,10550,1950,84.4,177,212,69
YRD08738,DR02854,PR00002,Yard B,12000,9048,2952,75.4,264,254,81
YRD08739,DR07511,PR00001,Yard E,12500,12025,475,96.2,253,185,70
YRD08740,DR01643,PR00001,Yard E,12500,11875,625,95.0,180,186,64
YRD08741,DR08118,PR00006,Yard E,12500,11338,1162,90.7,252,272,78
YRD08742,DR05261,PR00006,Yard D,11000,7733,3267,70.3,332,280,40
YRD08743,DR00941,PR00003,Yard B,12000,8556,3444,71.3,288,212,36
YRD08744,DR02772,PR00001,Yard D,11000,7898,3102,71.8,349,186,73
YRD08745,DR07831,PR00003,Yard A,14000,13790,210,98.5,214,205,97
YRD08746,DR06200,PR00004,Yard C,13000,10790,2210,83.0,265,250,85
YRD08747,DR07270,PR00002,Yard E,12500,11425,1075,91.4,259,258,86
YRD08748,DR06182,PR00001,Yard A,14000,13790,210,98.5,303,235,83
YRD08749,DR06144,PR00002,Yard E,12500,11762,738,94.1,357,210,64
YRD08750,DR05252,PR00005,Yard D,11000,7645,3355,69.5,151,211,38
YRD08751,DR09537,PR00007,Yard B,12000,9600,2400,80.0,244,268,58
YRD08752,DR06253,PR00001,Yard E,12500,12175,325,97.4,226,223,97
YRD08753,DR09591,PR00007,Yard E,12500,10625,1875,85.0,82,208,68
YRD08754,DR06209,PR00003,Yard D,11000,7590,3410,69.0,230,227,60
YRD08755,DR06852,PR00004,Yard D,11000,7436,3564,67.6,270,180,84
YRD08756,DR04203,PR00006,Yard D,11000,7601,3399,69.1,259,265,77
YRD08757,DR08876,PR00004,Yard A,14000,13790,210,98.5,217,171,105
YRD08758,DR09126,PR00001,Yard A,14000,13692,308,97.8,230,203,90
YRD08759,DR06811,PR00002,Yard E,12500,11938,562,95.5,324,229,85
YRD08760,DR07299,PR00006,Yard C,13000,10738,2262,82.6,253,271,62
YRD08761,DR09249,PR00004,Yard A,14000,13482,518,96.3,235,196,76
YRD08762,DR02375,PR00002,Yard B,12000,8484,3516,70.7,284,303,28
YRD08763,DR06519,PR00004,Yard B,12000,8784,3216,73.2,260,130,78
YRD08764,DR00458,PR00002,Yard E,12500,12238,262,97.9,157,221,59
YRD08765,DR01940,PR00002,Yard E,12500,11750,750,94.0,208,222,117
YRD08766,DR02935,PR00006,Yard E,12500,11700,800,93.6,194,240,78
YRD08767,DR09834,PR00003,Yard E,12500,11275,1225,90.2,223,193,86
YRD08768,DR05371,PR00002,Yard D,11000,7260,3740,66.0,177,256,42
YRD08769,DR03615,PR00003,Yard C,13000,11466,1534,88.2,258,223,87
YRD08770,DR03144,PR00007,Yard C,13000,11297,1703,86.9,302,177,48
YRD08771,DR07253,PR00001,Yard E,12500,11700,800,93.6,223,279,67
YRD08772,DR00031,PR00001,Yard B,12000,8928,3072,74.4,230,212,72
YRD08773,DR04952,PR00002,Yard B,12000,8808,3192,73.4,230,252,54
YRD08774,DR01318,PR00001,Yard B,12000,8532,3468,71.1,288,255,62
YRD08775,DR09343,PR00001,Yard C,13000,11440,1560,88.0,264,285,48
YRD08776,DR09598,PR00001,Yard D,11000,7260,3740,66.0,260,341,21
YRD08777,DR09813,PR00001,Yard C,13000,11960,1040,92.0,182,275,82
YRD08778,DR01922,PR00004,Yard D,11000,7238,3762,65.8,205,295,76
YRD08779,DR07072,PR00001,Yard E,12500,12150,350,97.2,293,309,103
YRD08780,DR01255,PR00003,Yard A,14000,13524,476,96.6,241,291,106
YRD08781,DR09950,PR00005,Yard D,11000,7744,3256,70.4,353,205,46
YRD08782,DR07453,PR00001,Yard B,12000,8976,3024,74.8,221,226,71
YRD08783,DR05704,PR00002,Yard B,12000,8832,3168,73.6,246,192,76
YRD08784,DR02479,PR00007,Yard B,12000,8664,3336,72.2,336,174,13
YRD08785,DR04070,PR00004,Yard B,12000,9012,2988,75.1,268,213,38
YRD08786,DR01325,PR00004,Yard E,12500,11538,962,92.3,343,217,88
YRD08787,DR08240,PR00003,Yard E,12500,11238,1262,89.9,131,237,80
YRD08788,DR06804,PR00007,Yard E,12500,11838,662,94.7,329,245,69
YRD08789,DR03874,PR00001,Yard C,13000,11128,1872,85.6,263,270,76
YRD08790,DR06514,PR00001,Yard C,13000,11505,1495,88.5,235,208,71
YRD08791,DR00901,PR00006,Yard E,12500,11175,1325,89.4,243,233,105
YRD08792,DR05934,PR00001,Yard E,12500,11838,662,94.7,275,235,115
YRD08793,DR06085,PR00004,Yard B,12000,9036,2964,75.3,230,265,58
YRD08794,DR03286,PR00001,Yard B,12000,8376,3624,69.8,109,183,46
YRD08795,DR03057,PR00002,Yard B,12000,9024,2976,75.2,308,276,70
YRD08796,DR02346,PR00004,Yard C,13000,11336,1664,87.2,285,263,78
YRD08797,DR05880,PR00004,Yard C,13000,11739,1261,90.3,168,241,75
YRD08798,DR04712,PR00004,Yard C,13000,11089,1911,85.3,143,155,81
YRD08799,DR01823,PR00001,Yard C,13000,11492,1508,88.4,169,186,70
YRD08800,DR04477,PR00002,Yard E,12500,12000,500,96.0,206,205,43
YRD08801,DR04291,PR00005,Yard D,11000,7579,3421,68.9,236,289,37
YRD08802,DR02933,PR00001,Yard A,14000,13160,840,94.0,193,240,110
YRD08803,DR08102,PR00004,Yard E,12500,11212,1288,89.7,214,269,68
YRD08804,DR00873,PR00003,Yard A,14000,13776,224,98.4,319,266,79
YRD08805,DR00242,PR00002,Yard C,13000,10582,2418,81.4,298,301,33
YRD08806,DR05609,PR00002,Yard C,13000,11102,1898,85.4,225,252,80
YRD08807,DR00292,PR00006,Yard B,12000,8640,3360,72.0,232,129,62
YRD08808,DR06589,PR00003,Yard E,12500,10612,1888,84.9,316,273,123
YRD08809,DR06017,PR00001,Yard B,12000,8568,3432,71.4,155,184,78
YRD08810,DR05359,PR00007,Yard E,12500,12100,400,96.8,272,178,88
YRD08811,DR02977,PR00001,Yard A,14000,13790,210,98.5,313,299,87
YRD08812,DR05486,PR00006,Yard C,13000,11063,1937,85.1,281,231,74
YRD08813,DR01499,PR00001,Yard B,12000,8496,3504,70.8,184,188,48
YRD08814,DR00321,PR00003,Yard A,14000,13790,210,98.5,255,310,81
YRD08815,DR00489,PR00003,Yard A,14000,13790,210,98.5,327,235,100
YRD08816,DR04239,PR00001,Yard A,14000,13510,490,96.5,191,279,107
YRD08817,DR05157,PR00005,Yard B,12000,9168,2832,76.4,222,228,98
YRD08818,DR01307,PR00002,Yard B,12000,9384,2616,78.2,207,300,20
YRD08819,DR07077,PR00004,Yard E,12500,11162,1338,89.3,209,253,40
YRD08820,DR04138,PR00006,Yard D,11000,6842,4158,62.2,211,142,68
YRD08821,DR01528,PR00004,Yard E,12500,12125,375,97.0,206,187,72
YRD08822,DR05012,PR00003,Yard B,12000,8904,3096,74.2,242,226,100
YRD08823,DR08586,PR00002,Yard E,12500,11662,838,93.3,239,247,44
YRD08824,DR08312,PR00001,Yard A,14000,13216,784,94.4,154,245,74
YRD08825,DR03997,PR00007,Yard C,13000,11999,1001,92.3,304,244,75
YRD08826,DR08974,PR00004,Yard E,12500,11438,1062,91.5,223,237,66
YRD08827,DR05369,PR00004,Yard D,11000,7535,3465,68.5,215,260,74
YRD08828,DR06159,PR00003,Yard C,13000,10985,2015,84.5,165,203,69
YRD08829,DR04920,PR00003,Yard A,14000,13790,210,98.5,337,331,102
YRD08830,DR04271,PR00001,Yard A,14000,13454,546,96.1,235,224,100
YRD08831,DR03459,PR00001,Yard C,13000,11141,1859,85.7,269,261,94
YRD08832,DR04906,PR00003,Yard E,12500,11325,1175,90.6,223,240,89
YRD08833,DR05149,PR00002,Yard D,11000,7667,3333,69.7,134,218,74
YRD08834,DR04353,PR00001,Yard E,12500,10888,1612,87.1,296,243,63
YRD08835,DR05517,PR00004,Yard B,12000,9384,2616,78.2,286,280,82
YRD08836,DR09742,PR00003,Yard E,12500,11912,588,95.3,266,350,53
YRD08837,DR09547,PR00003,Yard D,11000,7139,3861,64.9,293,210,44
YRD08838,DR07849,PR00006,Yard B,12000,9132,2868,76.1,242,217,74
YRD08839,DR02839,PR00004,Yard E,12500,10962,1538,87.7,251,159,67
YRD08840,DR04280,PR00001,Yard B,12000,8292,3708,69.1,184,212,66
YRD08841,DR08306,PR00005,Yard C,13000,11492,1508,88.4,332,240,71
YRD08842,DR03833,PR00003,Yard E,12500,11450,1050,91.6,230,148,70
YRD08843,DR07600,PR00003,Yard A,14000,13790,210,98.5,289,272,101
YRD08844,DR04047,PR00006,Yard C,13000,11583,1417,89.1,244,263,102
YRD08845,DR00932,PR00001,Yard A,14000,13440,560,96.0,235,220,92
YRD08846,DR08898,PR00004,Yard D,11000,7381,3619,67.1,271,170,71
YRD08847,DR02880,PR00002,Yard A,14000,13790,210,98.5,317,225,80
YRD08848,DR08184,PR00001,Yard E,12500,11575,925,92.6,184,168,111
YRD08849,DR02513,PR00003,Yard C,13000,11947,1053,91.9,241,250,83
YRD08850,DR07789,PR00002,Yard A,14000,13146,854,93.9,221,227,68
YRD08851,DR07440,PR00001,Yard D,11000,7920,3080,72.0,256,242,47
YRD08852,DR01074,PR00003,Yard C,13000,11336,1664,87.2,159,229,78
YRD08853,DR02238,PR00002,Yard A,14000,13790,210,98.5,195,197,93
YRD08854,DR07908,PR00003,Yard E,12500,11438,1062,91.5,206,297,86
YRD08855,DR08227,PR00001,Yard A,14000,13790,210,98.5,325,231,87
YRD08856,DR04157,PR00003,Yard E,12500,11512,988,92.1,274,198,89
YRD08857,DR08855,PR00003,Yard C,13000,10725,2275,82.5,190,244,83
YRD08858,DR05396,PR00003,Yard A,14000,13412,588,95.8,217,228,109
YRD08859,DR03773,PR00005,Yard B,12000,9048,2952,75.4,275,218,78
YRD08860,DR05788,PR00007,Yard A,14000,13552,448,96.8,295,296,75
YRD08861,DR06234,PR00001,Yard C,13000,10816,2184,83.2,171,194,60
YRD08862,DR01739,PR00003,Yard E,12500,12088,412,96.7,265,249,53
YRD08863,DR01176,PR00006,Yard B,12000,8436,3564,70.3,231,211,46
YRD08864,DR03206,PR00004,Yard A,14000,13034,966,93.1,218,268,76
YRD08865,DR05912,PR00007,Yard D,11000,7062,3938,64.2,200,190,74
YRD08866,DR06017,PR00005,Yard E,12500,11125,1375,89.0,320,260,92
YRD08867,DR07932,PR00005,Yard C,13000,10452,2548,80.4,221,235,67
YRD08868,DR00990,PR00001,Yard B,12000,9024,2976,75.2,190,204,83
YRD08869,DR05570,PR00002,Yard B,12000,9228,2772,76.9,305,158,55
YRD08870,DR04041,PR00004,Yard E,12500,11550,950,92.4,290,171,104
YRD08871,DR05206,PR00003,Yard E,12500,10962,1538,87.7,287,213,88
YRD08872,DR08797,PR00005,Yard A,14000,13020,980,93.0,231,134,70
YRD08873,DR08924,PR00007,Yard D,11000,7007,3993,63.7,294,250,33
YRD08874,DR01809,PR00002,Yard B,12000,8952,3048,74.6,217,287,56
YRD08875,DR09792,PR00003,Yard E,12500,11438,1062,91.5,299,308,77
YRD08876,DR03344,PR00006,Yard C,13000,11466,1534,88.2,270,247,97
YRD08877,DR08040,PR00006,Yard E,12500,12025,475,96.2,222,300,82
YRD08878,DR06277,PR00006,Yard C,13000,11648,1352,89.6,339,269,98
YRD08879,DR07239,PR00004,Yard C,13000,10179,2821,78.3,332,202,52
YRD08880,DR05730,PR00007,Yard C,13000,10829,2171,83.3,226,182,75
YRD08881,DR04605,PR00002,Yard B,12000,9120,2880,76.0,282,224,56
YRD08882,DR09994,PR00001,Yard E,12500,11438,1062,91.5,278,277,105
YRD08883,DR04251,PR00001,Yard C,13000,11518,1482,88.6,237,198,104
YRD08884,DR05065,PR00003,Yard D,11000,7546,3454,68.6,208,216,43
YRD08885,DR07910,PR00006,Yard D,11000,7667,3333,69.7,195,277,41
YRD08886,DR07709,PR00003,Yard E,12500,10550,1950,84.4,216,111,56
YRD08887,DR09024,PR00004,Yard E,12500,12312,188,98.5,352,235,79
YRD08888,DR00731,PR00002,Yard B,12000,8376,3624,69.8,198,193,57
YRD08889,DR07579,PR00005,Yard C,13000,10413,2587,80.1,304,239,36
YRD08890,DR03545,PR00001,Yard C,13000,10881,2119,83.7,274,241,51
YRD08891,DR04740,PR00003,Yard E,12500,11138,1362,89.1,295,189,73
YRD08892,DR05370,PR00001,Yard E,12500,11588,912,92.7,213,175,67
YRD08893,DR09058,PR00003,Yard D,11000,7326,3674,66.6,215,202,42
YRD08894,DR03035,PR00003,Yard B,12000,8520,3480,71.0,239,216,64
YRD08895,DR07641,PR00004,Yard C,13000,10777,2223,82.9,221,251,79
YRD08896,DR02013,PR00003,Yard D,11000,7469,3531,67.9,266,310,83
YRD08897,DR07605,PR00007,Yard E,12500,12275,225,98.2,185,244,80
YRD08898,DR03690,PR00007,Yard A,14000,13790,210,98.5,217,227,137
YRD08899,DR02889,PR00002,Yard A,14000,13342,658,95.3,227,249,66
YRD08900,DR04978,PR00001,Yard B,12000,9648,2352,80.4,285,276,61
YRD08901,DR07024,PR00001,Yard E,12500,11788,712,94.3,233,297,115
YRD08902,DR06924,PR00001,Yard D,11000,8129,2871,73.9,305,297,97
YRD08903,DR04403,PR00002,Yard B,12000,8664,3336,72.2,216,228,52
YRD08904,DR09980,PR00006,Yard A,14000,13748,252,98.2,315,226,80
YRD08905,DR05252,PR00007,Yard E,12500,11638,862,93.1,216,244,79
YRD08906,DR09031,PR00002,Yard E,12500,10950,1550,87.6,251,289,75
YRD08907,DR00078,PR00005,Yard B,12000,9636,2364,80.3,214,236,71
YRD08908,DR04366,PR00006,Yard A,14000,13790,210,98.5,206,208,81
YRD08909,DR03315,PR00003,Yard A,14000,13454,546,96.1,281,270,58
YRD08910,DR04125,PR00006,Yard A,14000,13286,714,94.9,252,291,99
YRD08911,DR05462,PR00007,Yard B,12000,9456,2544,78.8,222,238,72
YRD08912,DR07279,PR00007,Yard A,14000,13734,266,98.1,265,286,98
YRD08913,DR06807,PR00005,Yard C,13000,11635,1365,89.5,322,202,74
YRD08914,DR05019,PR00003,Yard A,14000,13790,210,98.5,188,222,96
YRD08915,DR06497,PR00002,Yard B,12000,8448,3552,70.4,279,280,86
YRD08916,DR07425,PR00007,Yard D,11000,7689,3311,69.9,319,177,76
YRD08917,DR00318,PR00002,Yard C,13000,11596,1404,89.2,294,293,91
YRD08918,DR02447,PR00003,Yard A,14000,13776,224,98.4,197,199,68
YRD08919,DR00966,PR00002,Yard C,13000,10816,2184,83.2,292,242,63
YRD08920,DR05408,PR00003,Yard C,13000,11466,1534,88.2,230,301,53
YRD08921,DR00224,PR00001,Yard B,12000,8940,3060,74.5,338,275,49
YRD08922,DR02858,PR00006,Yard C,13000,10855,2145,83.5,214,169,66
YRD08923,DR01446,PR00003,Yard A,14000,13258,742,94.7,170,270,92
YRD08924,DR00118,PR00003,Yard C,13000,10621,2379,81.7,281,278,43
YRD08925,DR08690,PR00003,Yard C,13000,11076,1924,85.2,289,175,79
YRD08926,DR04110,PR00004,Yard E,12500,11988,512,95.9,209,174,86
YRD08927,DR04342,PR00005,Yard D,11000,7084,3916,64.4,251,183,47
YRD08928,DR07878,PR00007,Yard B,12000,8808,3192,73.4,264,160,36
YRD08929,DR04325,PR00006,Yard A,14000,13622,378,97.3,204,237,80
YRD08930,DR04069,PR00003,Yard A,14000,13790,210,98.5,232,185,95
YRD08931,DR00366,PR00006,Yard B,12000,9348,2652,77.9,360,206,72
YRD08932,DR02040,PR00003,Yard C,13000,10972,2028,84.4,233,270,67
YRD08933,DR00560,PR00004,Yard E,12500,11062,1438,88.5,265,298,80
YRD08934,DR08423,PR00005,Yard E,12500,10888,1612,87.1,166,230,85
YRD08935,DR03349,PR00003,Yard E,12500,11438,1062,91.5,275,308,102
YRD08936,DR06661,PR00003,Yard C,13000,12363,637,95.1,253,188,99
YRD08937,DR04049,PR00005,Yard D,11000,7546,3454,68.6,304,293,77
YRD08938,DR09760,PR00002,Yard D,11000,7062,3938,64.2,220,241,63
YRD08939,DR08642,PR00005,Yard A,14000,13188,812,94.2,348,279,67
YRD08940,DR05093,PR00002,Yard C,13000,11271,1729,86.7,262,154,83
YRD08941,DR02382,PR00004,Yard C,13000,11323,1677,87.1,184,189,79
YRD08942,DR02113,PR00006,Yard B,12000,9300,2700,77.5,307,330,34
YRD08943,DR01744,PR00001,Yard A,14000,13790,210,98.5,183,200,97
YRD08944,DR09785,PR00002,Yard D,11000,7733,3267,70.3,343,205,12
YRD08945,DR03306,PR00004,Yard B,12000,8808,3192,73.4,214,204,48
YRD08946,DR02710,PR00001,Yard C,13000,11739,1261,90.3,207,300,120
YRD08947,DR06707,PR00002,Yard E,12500,11812,688,94.5,295,314,90
YRD08948,DR05434,PR00005,Yard A,14000,13734,266,98.1,280,205,89
YRD08949,DR06861,PR00001,Yard B,12000,9096,2904,75.8,293,283,43
YRD08950,DR06475,PR00004,Yard B,12000,8220,3780,68.5,191,175,57
YRD08951,DR09364,PR00001,Yard E,12500,11812,688,94.5,277,287,69
YRD08952,DR09274,PR00001,Yard C,13000,11648,1352,89.6,336,289,109
YRD08953,DR08831,PR00003,Yard E,12500,11900,600,95.2,224,148,62
YRD08954,DR00361,PR00007,Yard A,14000,13790,210,98.5,264,293,79
YRD08955,DR09708,PR00004,Yard C,13000,11362,1638,87.4,139,177,61
YRD08956,DR00241,PR00002,Yard A,14000,13524,476,96.6,278,220,81
YRD08957,DR03439,PR00003,Yard E,12500,11500,1000,92.0,298,216,69
YRD08958,DR06420,PR00004,Yard D,11000,7557,3443,68.7,234,279,47
YRD08959,DR08364,PR00004,Yard B,12000,9396,2604,78.3,329,221,86
YRD08960,DR09257,PR00002,Yard B,12000,9132,2868,76.1,287,224,72
YRD08961,DR03195,PR00001,Yard A,14000,12810,1190,91.5,210,173,57
YRD08962,DR09510,PR00003,Yard C,13000,10894,2106,83.8,336,253,45
YRD08963,DR08637,PR00004,Yard B,12000,9456,2544,78.8,226,204,50
YRD08964,DR04527,PR00006,Yard B,12000,9444,2556,78.7,351,265,74
YRD08965,DR07983,PR00004,Yard E,12500,10612,1888,84.9,225,174,82
YRD08966,DR07569,PR00005,Yard E,12500,11288,1212,90.3,154,250,95
YRD08967,DR07029,PR00003,Yard C,13000,11843,1157,91.1,241,190,99
YRD08968,DR00104,PR00004,Yard B,12000,9048,2952,75.4,229,217,69
YRD08969,DR02255,PR00004,Yard C,13000,11674,1326,89.8,310,230,94
YRD08970,DR04713,PR00002,Yard C,13000,11388,1612,87.6,232,299,66
YRD08971,DR03147,PR00007,Yard A,14000,13482,518,96.3,272,204,107
YRD08972,DR04369,PR00002,Yard B,12000,8628,3372,71.9,253,273,55
YRD08973,DR03689,PR00004,Yard C,13000,10764,2236,82.8,122,151,69
YRD08974,DR07421,PR00004,Yard A,14000,12964,1036,92.6,253,239,61
YRD08975,DR05065,PR00006,Yard B,12000,8304,3696,69.2,285,138,35
YRD08976,DR08411,PR00001,Yard B,12000,9504,2496,79.2,166,261,76
YRD08977,DR01702,PR00006,Yard A,14000,13790,210,98.5,359,275,81
YRD08978,DR00064,PR00001,Yard B,12000,8760,3240,73.0,213,176,54
YRD08979,DR07500,PR00001,Yard E,12500,11875,625,95.0,235,312,91
YRD08980,DR00063,PR00006,Yard B,12000,8844,3156,73.7,314,242,71
YRD08981,DR00486,PR00002,Yard B,12000,9228,2772,76.9,342,269,51
YRD08982,DR05828,PR00004,Yard A,14000,13482,518,96.3,196,164,42
YRD08983,DR06090,PR00003,Yard B,12000,8976,3024,74.8,297,311,60
YRD08984,DR05826,PR00007,Yard B,12000,8868,3132,73.9,185,321,53
YRD08985,DR06367,PR00006,Yard E,12500,11625,875,93.0,305,177,85
YRD08986,DR04410,PR00002,Yard E,12500,10988,1512,87.9,306,213,83
YRD08987,DR04403,PR00006,Yard C,13000,11414,1586,87.8,294,259,87
YRD08988,DR07061,PR00002,Yard C,13000,11180,1820,86.0,262,247,58
YRD08989,DR06939,PR00004,Yard B,12000,8388,3612,69.9,310,234,61
YRD08990,DR04916,PR00005,Yard B,12000,8508,3492,70.9,255,208,48
YRD08991,DR06543,PR00005,Yard B,12000,9492,2508,79.1,258,238,48
YRD08992,DR08688,PR00004,Yard E,12500,11275,1225,90.2,278,138,58
YRD08993,DR09311,PR00006,Yard E,12500,11750,750,94.0,313,255,98
YRD08994,DR03639,PR00004,Yard C,13000,11336,1664,87.2,346,236,111
YRD08995,DR01695,PR00007,Yard E,12500,11400,1100,91.2,252,229,97
YRD08996,DR09794,PR00001,Yard C,13000,11258,1742,86.6,198,247,97
YRD08997,DR09500,PR00002,Yard C,13000,10933,2067,84.1,168,220,99
YRD08998,DR04651,PR00006,Yard C,13000,12519,481,96.3,290,277,98
YRD08999,DR00547,PR00002,Yard E,12500,12225,275,97.8,348,225,85
YRD09000,DR07914,PR00003,Yard E,12500,11412,1088,91.3,224,136,89
YRD09001,DR02843,PR00005,Yard B,12000,8916,3084,74.3,205,194,71
YRD09002,DR02446,PR00003,Yard C,13000,11713,1287,90.1,174,216,131
YRD09003,DR09468,PR00001,Yard E,12500,11625,875,93.0,307,184,74
YRD09004,DR03543,PR00001,Yard A,14000,13454,546,96.1,196,231,67
YRD09005,DR01086,PR00002,Yard B,12000,8772,3228,73.1,194,248,80
YRD09006,DR02756,PR00002,Yard A,14000,13272,728,94.8,265,192,85
YRD09007,DR03676,PR00001,Yard E,12500,11862,638,94.9,254,224,91
YRD09008,DR00786,PR00006,Yard A,14000,13790,210,98.5,221,345,78
YRD09009,DR07795,PR00002,Yard E,12500,12312,188,98.5,318,205,50
YRD09010,DR03501,PR00006,Yard B,12000,8940,3060,74.5,260,198,74
YRD09011,DR02655,PR00007,Yard C,13000,11427,1573,87.9,175,169,83
YRD09012,DR08915,PR00002,Yard B,12000,9216,2784,76.8,259,202,67
YRD09013,DR01736,PR00007,Yard C,13000,12077,923,92.9,249,252,88
YRD09014,DR02410,PR00001,Yard B,12000,9084,2916,75.7,273,237,79
YRD09015,DR08485,PR00004,Yard E,12500,11275,1225,90.2,338,185,77
YRD09016,DR04844,PR00007,Yard D,11000,7623,3377,69.3,219,252,29
YRD09017,DR06133,PR00006,Yard E,12500,11225,1275,89.8,279,248,93
YRD09018,DR05877,PR00002,Yard A,14000,13790,210,98.5,262,279,83
YRD09019,DR07194,PR00002,Yard C,13000,11141,1859,85.7,194,281,109
YRD09020,DR03895,PR00002,Yard D,11000,7557,3443,68.7,226,296,11
YRD09021,DR03440,PR00007,Yard A,14000,13566,434,96.9,202,294,109
YRD09022,DR02878,PR00002,Yard B,12000,9264,2736,77.2,233,283,63
YRD09023,DR09412,PR00003,Yard C,13000,11661,1339,89.7,230,246,80
YRD09024,DR01026,PR00002,Yard A,14000,12404,1596,88.6,213,209,94
YRD09025,DR07782,PR00003,Yard E,12500,10888,1612,87.1,213,195,71
YRD09026,DR06640,PR00003,Yard B,12000,8688,3312,72.4,293,332,89
YRD09027,DR03812,PR00002,Yard A,14000,13006,994,92.9,219,183,92
YRD09028,DR07874,PR00004,Yard A,14000,13202,798,94.3,256,225,78
YRD09029,DR02474,PR00003,Yard A,14000,13748,252,98.2,283,160,91
YRD09030,DR02869,PR00003,Yard E,12500,12312,188,98.5,222,229,80
YRD09031,DR00332,PR00003,Yard A,14000,13188,812,94.2,215,275,100
YRD09032,DR00784,PR00002,Yard B,12000,7992,4008,66.6,180,257,47
YRD09033,DR02537,PR00005,Yard C,13000,10647,2353,81.9,358,147,67
YRD09034,DR07882,PR00003,Yard B,12000,8196,3804,68.3,271,261,26
YRD09035,DR00083,PR00003,Yard A,14000,13790,210,98.5,252,268,64
YRD09036,DR01172,PR00002,Yard C,13000,11882,1118,91.4,241,185,89
YRD09037,DR00485,PR00001,Yard A,14000,13132,868,93.8,301,226,92
YRD09038,DR08656,PR00006,Yard A,14000,13412,588,95.8,323,214,75
YRD09039,DR07097,PR00006,Yard B,12000,8820,3180,73.5,258,147,71
YRD09040,DR07214,PR00002,Yard C,13000,11804,1196,90.8,250,312,81
YRD09041,DR00978,PR00003,Yard C,13000,11141,1859,85.7,238,284,52
YRD09042,DR08527,PR00002,Yard C,13000,11245,1755,86.5,285,166,100
YRD09043,DR04496,PR00005,Yard C,13000,12064,936,92.8,211,225,80
YRD09044,DR03490,PR00001,Yard D,11000,7359,3641,66.9,208,220,37
YRD09045,DR03960,PR00007,Yard A,14000,13664,336,97.6,199,159,71
YRD09046,DR02284,PR00001,Yard D,11000,7997,3003,72.7,255,199,53
YRD09047,DR05637,PR00007,Yard C,13000,10816,2184,83.2,262,312,68
YRD09048,DR02946,PR00001,Yard E,12500,11638,862,93.1,217,264,64
YRD09049,DR07946,PR00002,Yard D,11000,7480,3520,68.0,236,205,24
YRD09050,DR01964,PR00002,Yard C,13000,11154,1846,85.8,237,249,91
YRD09051,DR03253,PR00002,Yard E,12500,11275,1225,90.2,243,239,70
YRD09052,DR01157,PR00007,Yard A,14000,13552,448,96.8,156,242,95
YRD09053,DR09976,PR00003,Yard E,12500,12125,375,97.0,187,261,79
YRD09054,DR09666,PR00001,Yard D,11000,7205,3795,65.5,191,323,67
YRD09055,DR08587,PR00007,Yard D,11000,7238,3762,65.8,254,253,13
YRD09056,DR09276,PR00002,Yard C,13000,11427,1573,87.9,345,283,49
YRD09057,DR02530,PR00001,Yard A,14000,12544,1456,89.6,302,294,86
YRD09058,DR03792,PR00001,Yard C,13000,12025,975,92.5,255,235,86
YRD09059,DR03158,PR00003,Yard C,13000,11583,1417,89.1,270,267,41
YRD09060,DR08285,PR00007,Yard E,12500,11425,1075,91.4,220,252,108
YRD09061,DR04062,PR00001,Yard B,12000,8580,3420,71.5,300,158,87
YRD09062,DR07380,PR00005,Yard C,13000,11193,1807,86.1,293,284,74
YRD09063,DR04010,PR00002,Yard A,14000,13790,210,98.5,247,235,97
YRD09064,DR05355,PR00002,Yard C,13000,11934,1066,91.8,294,260,49
YRD09065,DR05978,PR00005,Yard D,11000,7898,3102,71.8,311,282,54
YRD09066,DR09283,PR00005,Yard D,11000,7425,3575,67.5,250,252,83
YRD09067,DR05281,PR00004,Yard E,12500,11412,1088,91.3,189,157,71
YRD09068,DR00977,PR00002,Yard D,11000,7832,3168,71.2,236,270,57
YRD09069,DR03230,PR00001,Yard A,14000,13776,224,98.4,267,261,84
YRD09070,DR08835,PR00005,Yard D,11000,7326,3674,66.6,219,254,35
YRD09071,DR01099,PR00004,Yard A,14000,13664,336,97.6,171,134,79
YRD09072,DR09118,PR00003,Yard E,12500,11562,938,92.5,252,277,104
YRD09073,DR00635,PR00002,Yard D,11000,7612,3388,69.2,235,205,71
YRD09074,DR03137,PR00005,Yard A,14000,13370,630,95.5,289,230,95
YRD09075,DR03135,PR00001,Yard B,12000,8952,3048,74.6,274,165,99
YRD09076,DR02801,PR00004,Yard A,14000,13510,490,96.5,244,223,111
YRD09077,DR09147,PR00005,Yard D,11000,7458,3542,67.8,267,250,10
YRD09078,DR04337,PR00002,Yard D,11000,7117,3883,64.7,259,253,45
YRD09079,DR07569,PR00003,Yard B,12000,9144,2856,76.2,360,217,53
YRD09080,DR02102,PR00003,Yard E,12500,11500,1000,92.0,290,227,78
YRD09081,DR06603,PR00004,Yard D,11000,7942,3058,72.2,186,225,70
YRD09082,DR04360,PR00007,Yard B,12000,9600,2400,80.0,188,232,83
YRD09083,DR07780,PR00004,Yard B,12000,9396,2604,78.3,318,255,101
YRD09084,DR05495,PR00001,Yard D,11000,7062,3938,64.2,192,214,39
YRD09085,DR02767,PR00002,Yard E,12500,11762,738,94.1,178,243,91
YRD09086,DR08914,PR00004,Yard C,13000,10556,2444,81.2,200,141,64
YRD09087,DR02610,PR00002,Yard B,12000,8568,3432,71.4,131,189,58
YRD09088,DR09881,PR00005,Yard D,11000,7469,3531,67.9,360,273,84
YRD09089,DR08605,PR00001,Yard C,13000,11115,1885,85.5,203,251,85
YRD09090,DR01968,PR00001,Yard D,11000,6479,4521,58.9,240,273,56
YRD09091,DR06738,PR00002,Yard A,14000,13384,616,95.6,240,198,53
YRD09092,DR01616,PR00006,Yard B,12000,8760,3240,73.0,252,223,61
YRD09093,DR07566,PR00005,Yard E,12500,11612,888,92.9,196,139,75
YRD09094,DR05402,PR00003,Yard C,13000,10569,2431,81.3,272,245,72
YRD09095,DR09585,PR00002,Yard D,11000,7172,3828,65.2,184,248,66
YRD09096,DR09711,PR00007,Yard D,11000,7392,3608,67.2,207,246,35
YRD09097,DR04221,PR00006,Yard A,14000,13790,210,98.5,233,264,105
YRD09098,DR09323,PR00003,Yard A,14000,13790,210,98.5,178,240,79
YRD09099,DR08837,PR00005,Yard C,13000,10530,2470,81.0,164,167,75
YRD09100,DR06278,PR00007,Yard D,11000,7381,3619,67.1,245,247,55
YRD09101,DR04270,PR00002,Yard A,14000,13594,406,97.1,265,340,114
YRD09102,DR09118,PR00002,Yard C,13000,11895,1105,91.5,159,295,80
YRD09103,DR06777,PR00004,Yard E,12500,11412,1088,91.3,260,218,73
YRD09104,DR09974,PR00003,Yard E,12500,12000,500,96.0,240,201,78
YRD09105,DR09782,PR00005,Yard C,13000,11037,1963,84.9,330,289,98
YRD09106,DR02576,PR00003,Yard D,11000,7007,3993,63.7,239,209,25
YRD09107,DR06126,PR00002,Yard B,12000,8580,3420,71.5,346,197,49
YRD09108,DR01481,PR00002,Yard E,12500,11550,950,92.4,233,142,83
YRD09109,DR03658,PR00005,Yard E,12500,12200,300,97.6,218,272,77
YRD09110,DR01517,PR00001,Yard C,13000,10920,2080,84.0,225,245,55
YRD09111,DR05477,PR00002,Yard D,11000,7293,3707,66.3,215,207,73
YRD09112,DR03319,PR00001,Yard C,13000,11596,1404,89.2,228,203,86
YRD09113,DR04315,PR00006,Yard B,12000,9468,2532,78.9,270,232,52
YRD09114,DR00516,PR00001,Yard B,12000,9264,2736,77.2,315,268,43
YRD09115,DR06823,PR00001,Yard A,14000,13412,588,95.8,244,241,92
YRD09116,DR03739,PR00006,Yard A,14000,13790,210,98.5,237,258,44
YRD09117,DR08166,PR00001,Yard E,12500,10725,1775,85.8,193,182,65
YRD09118,DR05674,PR00005,Yard B,12000,9456,2544,78.8,243,204,87
YRD09119,DR07782,PR00003,Yard B,12000,9300,2700,77.5,174,201,71
YRD09120,DR08429,PR00006,Yard E,12500,11575,925,92.6,258,316,106
YRD09121,DR03027,PR00001,Yard D,11000,8019,2981,72.9,194,304,66
YRD09122,DR01500,PR00001,Yard D,11000,8041,2959,73.1,232,229,32
YRD09123,DR02748,PR00002,Yard A,14000,13790,210,98.5,256,251,75
YRD09124,DR00767,PR00007,Yard C,13000,11661,1339,89.7,270,255,98
YRD09125,DR09927,PR00006,Yard D,11000,7524,3476,68.4,297,189,63
YRD09126,DR00881,PR00002,Yard E,12500,11788,712,94.3,186,252,102
YRD09127,DR02116,PR00002,Yard B,12000,8424,3576,70.2,287,223,67
YRD09128,DR07750,PR00001,Yard A,14000,13258,742,94.7,171,241,97
YRD09129,DR03244,PR00002,Yard C,13000,11583,1417,89.1,171,225,40
YRD09130,DR05922,PR00002,Yard B,12000,9168,2832,76.4,127,137,86
YRD09131,DR07367,PR00006,Yard B,12000,8820,3180,73.5,203,274,41
YRD09132,DR03096,PR00001,Yard E,12500,10588,1912,84.7,152,229,61
YRD09133,DR07530,PR00006,Yard D,11000,8382,2618,76.2,308,187,58
YRD09134,DR03881,PR00001,Yard E,12500,11412,1088,91.3,239,227,62
YRD09135,DR00704,PR00006,Yard A,14000,13370,630,95.5,207,158,111
YRD09136,DR05489,PR00003,Yard A,14000,13790,210,98.5,312,260,93
YRD09137,DR08095,PR00001,Yard C,13000,11180,1820,86.0,258,232,86
YRD09138,DR04903,PR00006,Yard C,13000,10881,2119,83.7,259,267,64
YRD09139,DR02089,PR00002,Yard A,14000,13790,210,98.5,254,251,74
YRD09140,DR04964,PR00006,Yard B,12000,8832,3168,73.6,243,244,32
YRD09141,DR00918,PR00005,Yard C,13000,11089,1911,85.3,283,291,72
YRD09142,DR09124,PR00007,Yard E,12500,12138,362,97.1,251,252,72
YRD09143,DR03561,PR00006,Yard B,12000,9300,2700,77.5,226,212,49
YRD09144,DR04064,PR00002,Yard B,12000,8988,3012,74.9,258,196,81
YRD09145,DR07059,PR00003,Yard A,14000,12950,1050,92.5,226,167,83
YRD09146,DR00988,PR00005,Yard C,13000,12012,988,92.4,155,270,77
YRD09147,DR05287,PR00002,Yard C,13000,10998,2002,84.6,278,229,92
YRD09148,DR03259,PR00004,Yard D,11000,7260,3740,66.0,194,200,53
YRD09149,DR06552,PR00002,Yard B,12000,8496,3504,70.8,163,192,63
YRD09150,DR07085,PR00004,Yard E,12500,11550,950,92.4,231,130,74
YRD09151,DR01560,PR00002,Yard B,12000,8664,3336,72.2,245,314,40
YRD09152,DR06290,PR00001,Yard D,11000,7216,3784,65.6,252,229,66
YRD09153,DR00767,PR00007,Yard D,11000,7260,3740,66.0,199,226,66
YRD09154,DR05055,PR00006,Yard E,12500,12125,375,97.0,234,222,88
YRD09155,DR09249,PR00002,Yard E,12500,11050,1450,88.4,219,276,88
YRD09156,DR07054,PR00001,Yard A,14000,13678,322,97.7,242,195,99
YRD09157,DR05161,PR00005,Yard A,14000,13790,210,98.5,234,282,82
YRD09158,DR00392,PR00002,Yard B,12000,9036,2964,75.3,195,253,44
YRD09159,DR02228,PR00004,Yard A,14000,13790,210,98.5,289,297,85
YRD09160,DR07010,PR00005,Yard E,12500,12050,450,96.4,275,246,92
YRD09161,DR00439,PR00002,Yard B,12000,10044,1956,83.7,237,269,78
YRD09162,DR09405,PR00002,Yard B,12000,9132,2868,76.1,301,288,34
YRD09163,DR08134,PR00001,Yard B,12000,9456,2544,78.8,313,301,64
YRD09164,DR05504,PR00002,Yard D,11000,7986,3014,72.6,237,272,57
YRD09165,DR06444,PR00004,Yard A,14000,12978,1022,92.7,204,184,66
YRD09166,DR03114,PR00001,Yard D,11000,7117,3883,64.7,221,228,63
YRD09167,DR04641,PR00007,Yard E,12500,11562,938,92.5,194,226,78
YRD09168,DR09491,PR00005,Yard C,13000,11219,1781,86.3,360,214,119
YRD09169,DR08421,PR00002,Yard C,13000,11349,1651,87.3,360,192,83
YRD09170,DR00758,PR00003,Yard D,11000,7425,3575,67.5,284,323,45
YRD09171,DR00944,PR00003,Yard C,13000,10660,2340,82.0,192,252,74
YRD09172,DR03219,PR00003,Yard B,12000,9024,2976,75.2,276,199,55
YRD09173,DR00912,PR00004,Yard C,13000,10491,2509,80.7,234,175,64
YRD09174,DR09367,PR00001,Yard E,12500,10988,1512,87.9,232,261,82
YRD09175,DR00812,PR00002,Yard E,12500,11475,1025,91.8,245,216,81
YRD09176,DR02151,PR00001,Yard B,12000,8976,3024,74.8,217,266,59
YRD09177,DR09379,PR00001,Yard C,13000,11414,1586,87.8,144,279,65
YRD09178,DR01238,PR00004,Yard E,12500,12312,188,98.5,328,275,86
YRD09179,DR05915,PR00007,Yard B,12000,8724,3276,72.7,222,228,57
YRD09180,DR06582,PR00004,Yard E,12500,12200,300,97.6,302,323,83
YRD09181,DR00925,PR00007,Yard C,13000,11024,1976,84.8,309,214,81
YRD09182,DR07273,PR00004,Yard E,12500,12162,338,97.3,302,313,93
YRD09183,DR08435,PR00002,Yard A,14000,13748,252,98.2,194,263,112
YRD09184,DR00995,PR00006,Yard E,12500,11825,675,94.6,228,224,92
YRD09185,DR00653,PR00001,Yard C,13000,11557,1443,88.9,212,265,72
YRD09186,DR06745,PR00001,Yard D,11000,7502,3498,68.2,274,268,72
YRD09187,DR08350,PR00007,Yard A,14000,13454,546,96.1,360,147,80
YRD09188,DR04486,PR00004,Yard B,12000,8712,3288,72.6,155,207,49
YRD09189,DR06915,PR00007,Yard A,14000,13538,462,96.7,247,228,98
YRD09190,DR04925,PR00001,Yard C,13000,10790,2210,83.0,197,277,66
YRD09191,DR08523,PR00005,Yard A,14000,13790,210,98.5,225,275,73
YRD09192,DR06538,PR00002,Yard D,11000,8404,2596,76.4,241,246,51
YRD09193,DR02739,PR00002,Yard B,12000,9552,2448,79.6,334,197,81
YRD09194,DR00211,PR00006,Yard C,13000,10855,2145,83.5,286,169,34
YRD09195,DR08405,PR00003,Yard C,13000,11648,1352,89.6,360,270,88
YRD09196,DR03916,PR00005,Yard B,12000,9132,2868,76.1,189,138,67
YRD09197,DR03610,PR00006,Yard E,12500,11875,625,95.0,242,225,92
YRD09198,DR06477,PR00006,Yard D,11000,7106,3894,64.6,112,134,56
YRD09199,DR09788,PR00001,Yard A,14000,13762,238,98.3,205,280,112
YRD09200,DR08944,PR00001,Yard B,12000,8952,3048,74.6,282,205,55
YRD09201,DR04953,PR00007,Yard A,14000,13272,728,94.8,305,271,88
YRD09202,DR08687,PR00004,Yard E,12500,10838,1662,86.7,234,208,83
YRD09203,DR03557,PR00003,Yard C,13000,11661,1339,89.7,226,195,78
YRD09204,DR01301,PR00001,Yard E,12500,11575,925,92.6,290,199,84
YRD09205,DR07702,PR00001,Yard C,13000,10426,2574,80.2,263,209,102
YRD09206,DR07627,PR00007,Yard C,13000,11492,1508,88.4,242,233,69
YRD09207,DR01867,PR00003,Yard B,12000,8808,3192,73.4,246,179,73
YRD09208,DR04522,PR00006,Yard E,12500,11525,975,92.2,284,259,49
YRD09209,DR07884,PR00002,Yard B,12000,9588,2412,79.9,221,242,49
YRD09210,DR00345,PR00002,Yard E,12500,11212,1288,89.7,265,144,41
YRD09211,DR07500,PR00004,Yard D,11000,7348,3652,66.8,168,185,37
YRD09212,DR01868,PR00006,Yard D,11000,7304,3696,66.4,212,202,64
YRD09213,DR04708,PR00002,Yard C,13000,10543,2457,81.1,304,193,51
YRD09214,DR02654,PR00002,Yard C,13000,10985,2015,84.5,222,205,65
YRD09215,DR08113,PR00004,Yard A,14000,13790,210,98.5,261,279,66
YRD09216,DR00411,PR00001,Yard D,11000,7656,3344,69.6,208,180,83
YRD09217,DR02254,PR00003,Yard D,11000,6853,4147,62.3,211,193,78
YRD09218,DR01255,PR00004,Yard C,13000,10738,2262,82.6,243,199,58
YRD09219,DR06835,PR00001,Yard B,12000,9096,2904,75.8,212,223,54
YRD09220,DR00013,PR00004,Yard C,13000,11765,1235,90.5,249,230,135
YRD09221,DR02762,PR00001,Yard A,14000,13790,210,98.5,252,274,88
YRD09222,DR03144,PR00005,Yard E,12500,11325,1175,90.6,218,251,97
YRD09223,DR03187,PR00006,Yard D,11000,7282,3718,66.2,274,255,62
YRD09224,DR07331,PR00006,Yard D,11000,7106,3894,64.6,186,319,51
YRD09225,DR03803,PR00005,Yard E,12500,11962,538,95.7,201,264,90
YRD09226,DR07868,PR00004,Yard E,12500,11888,612,95.1,360,339,76
YRD09227,DR07013,PR00002,Yard A,14000,13790,210,98.5,276,272,112
YRD09228,DR04862,PR00003,Yard E,12500,11362,1138,90.9,217,262,78
YRD09229,DR05853,PR00001,Yard E,12500,12088,412,96.7,252,274,91
YRD09230,DR03459,PR00005,Yard B,12000,8796,3204,73.3,295,235,59
YRD09231,DR00397,PR00001,Yard B,12000,8640,3360,72.0,290,308,44
YRD09232,DR07390,PR00003,Yard B,12000,9000,3000,75.0,293,244,61
YRD09233,DR07073,PR00003,Yard B,12000,9108,2892,75.9,360,219,58
YRD09234,DR08405,PR00004,Yard A,14000,13580,420,97.0,285,332,93
YRD09235,DR08372,PR00002,Yard A,14000,13790,210,98.5,208,211,95
YRD09236,DR07744,PR00003,Yard E,12500,12312,188,98.5,297,237,71
YRD09237,DR07073,PR00004,Yard D,11000,8074,2926,73.4,232,197,41
YRD09238,DR03409,PR00007,Yard C,13000,10751,2249,82.7,275,279,59
YRD09239,DR04433,PR00005,Yard C,13000,10868,2132,83.6,226,212,75
YRD09240,DR06017,PR00002,Yard E,12500,11138,1362,89.1,230,253,101
YRD09241,DR05169,PR00006,Yard D,11000,7711,3289,70.1,275,202,57
YRD09242,DR00997,PR00001,Yard A,14000,13790,210,98.5,350,335,82
YRD09243,DR04639,PR00002,Yard B,12000,9504,2496,79.2,197,225,42
YRD09244,DR05141,PR00001,Yard C,13000,11297,1703,86.9,212,266,87
YRD09245,DR05364,PR00003,Yard E,12500,11788,712,94.3,212,310,51
YRD09246,DR03502,PR00004,Yard D,11000,7491,3509,68.1,255,189,36
YRD09247,DR03310,PR00003,Yard E,12500,11425,1075,91.4,286,182,87
YRD09248,DR05391,PR00006,Yard E,12500,11475,1025,91.8,206,166,49
YRD09249,DR04270,PR00004,Yard C,13000,11323,1677,87.1,273,238,62
YRD09250,DR07365,PR00002,Yard C,13000,11778,1222,90.6,273,289,111
YRD09251,DR05942,PR00003,Yard B,12000,9456,2544,78.8,291,212,25
YRD09252,DR08650,PR00005,Yard E,12500,11212,1288,89.7,274,294,80
YRD09253,DR09310,PR00003,Yard E,12500,11225,1275,89.8,280,174,90
YRD09254,DR00389,PR00003,Yard A,14000,13566,434,96.9,112,211,95
YRD09255,DR03847,PR00003,Yard A,14000,12642,1358,90.3,217,121,79
YRD09256,DR04622,PR00004,Yard E,12500,11962,538,95.7,231,230,93
YRD09257,DR02800,PR00002,Yard C,13000,11245,1755,86.5,179,275,79
YRD09258,DR06480,PR00006,Yard E,12500,11350,1150,90.8,211,137,110
YRD09259,DR00122,PR00002,Yard C,13000,10803,2197,83.1,251,275,71
YRD09260,DR08634,PR00001,Yard C,13000,10790,2210,83.0,230,347,38
YRD09261,DR05535,PR00005,Yard C,13000,11674,1326,89.8,204,190,106
YRD09262,DR06644,PR00006,Yard B,12000,9444,2556,78.7,247,292,68
YRD09263,DR01430,PR00004,Yard E,12500,11900,600,95.2,294,208,102
YRD09264,DR06136,PR00003,Yard C,13000,10855,2145,83.5,286,203,60
YRD09265,DR06895,PR00007,Yard A,14000,12600,1400,90.0,174,236,76
YRD09266,DR09391,PR00003,Yard E,12500,11988,512,95.9,197,219,99
YRD09267,DR03506,PR00003,Yard E,12500,11725,775,93.8,160,264,100
YRD09268,DR05719,PR00004,Yard A,14000,12432,1568,88.8,290,133,87
YRD09269,DR09615,PR00003,Yard C,13000,11518,1482,88.6,293,263,91
YRD09270,DR07531,PR00004,Yard E,12500,11888,612,95.1,209,234,95
YRD09271,DR02978,PR00007,Yard D,11000,7942,3058,72.2,227,198,52
YRD09272,DR08349,PR00002,Yard C,13000,12064,936,92.8,307,255,89
YRD09273,DR03580,PR00001,Yard D,11000,7348,3652,66.8,261,207,60
YRD09274,DR02345,PR00003,Yard E,12500,11550,950,92.4,264,288,83
YRD09275,DR04867,PR00003,Yard E,12500,11975,525,95.8,275,237,87
YRD09276,DR01444,PR00005,Yard B,12000,8616,3384,71.8,308,262,42
YRD09277,DR05224,PR00007,Yard D,11000,7370,3630,67.0,249,268,31
YRD09278,DR01866,PR00005,Yard B,12000,9624,2376,80.2,252,296,36
YRD09279,DR06623,PR00007,Yard C,13000,11466,1534,88.2,281,227,67
YRD09280,DR07097,PR00002,Yard A,14000,13538,462,96.7,252,176,84
YRD09281,DR06417,PR00002,Yard E,12500,11638,862,93.1,196,193,106
YRD09282,DR06346,PR00002,Yard A,14000,13090,910,93.5,201,181,75
YRD09283,DR07483,PR00006,Yard B,12000,8916,3084,74.3,169,251,72
YRD09284,DR04306,PR00001,Yard A,14000,13790,210,98.5,288,197,119
YRD09285,DR09740,PR00001,Yard B,12000,9204,2796,76.7,163,264,39
YRD09286,DR09710,PR00003,Yard A,14000,13790,210,98.5,249,323,110
YRD09287,DR05688,PR00002,Yard D,11000,8228,2772,74.8,237,205,40
YRD09288,DR07370,PR00004,Yard B,12000,9492,2508,79.1,278,205,48
YRD09289,DR07168,PR00006,Yard C,13000,11453,1547,88.1,224,225,85
YRD09290,DR04657,PR00001,Yard E,12500,11075,1425,88.6,273,199,73
YRD09291,DR07567,PR00004,Yard E,12500,11650,850,93.2,319,209,79
YRD09292,DR04361,PR00001,Yard A,14000,13398,602,95.7,212,199,74
YRD09293,DR08121,PR00002,Yard E,12500,11312,1188,90.5,238,127,79
YRD09294,DR06483,PR00002,Yard E,12500,11312,1188,90.5,232,262,73
YRD09295,DR05524,PR00004,Yard E,12500,11562,938,92.5,141,139,79
YRD09296,DR06049,PR00004,Yard C,13000,10244,2756,78.8,254,224,79
YRD09297,DR03779,PR00004,Yard C,13000,11310,1690,87.0,223,330,113
YRD09298,DR08067,PR00006,Yard C,13000,10465,2535,80.5,145,257,60
YRD09299,DR07204,PR00001,Yard B,12000,9540,2460,79.5,253,270,64
YRD09300,DR08777,PR00005,Yard C,13000,12012,988,92.4,214,236,118
YRD09301,DR09867,PR00004,Yard A,14000,13790,210,98.5,200,184,104
YRD09302,DR02027,PR00001,Yard C,13000,11674,1326,89.8,223,255,89
YRD09303,DR01999,PR00002,Yard D,11000,7392,3608,67.2,269,192,91
YRD09304,DR01538,PR00001,Yard B,12000,8652,3348,72.1,205,225,47
YRD09305,DR07388,PR00001,Yard D,11000,6743,4257,61.3,258,232,48
YRD09306,DR09341,PR00002,Yard D,11000,8316,2684,75.6,285,332,63
YRD09307,DR00785,PR00002,Yard E,12500,11688,812,93.5,221,346,92
YRD09308,DR04586,PR00007,Yard B,12000,9204,2796,76.7,170,204,62
YRD09309,DR08901,PR00006,Yard C,13000,11323,1677,87.1,272,345,55
YRD09310,DR08246,PR00004,Yard B,12000,8724,3276,72.7,261,187,64
YRD09311,DR03015,PR00005,Yard E,12500,11312,1188,90.5,229,203,65
YRD09312,DR06858,PR00007,Yard A,14000,12376,1624,88.4,199,215,66
YRD09313,DR01040,PR00003,Yard A,14000,13062,938,93.3,202,137,102
YRD09314,DR07581,PR00003,Yard A,14000,13272,728,94.8,232,248,105
YRD09315,DR05075,PR00004,Yard A,14000,13706,294,97.9,235,275,74
YRD09316,DR09532,PR00007,Yard B,12000,9576,2424,79.8,211,227,65
YRD09317,DR08178,PR00006,Yard A,14000,13594,406,97.1,162,138,71
YRD09318,DR00073,PR00001,Yard B,12000,9432,2568,78.6,175,159,53
YRD09319,DR01687,PR00005,Yard B,12000,8796,3204,73.3,280,215,52
YRD09320,DR04813,PR00002,Yard B,12000,9336,2664,77.8,314,239,77
YRD09321,DR05223,PR00002,Yard D,11000,7887,3113,71.7,324,236,61
YRD09322,DR05707,PR00004,Yard A,14000,13790,210,98.5,219,185,92
YRD09323,DR07695,PR00005,Yard D,11000,7381,3619,67.1,263,250,49
YRD09324,DR06615,PR00001,Yard B,12000,8652,3348,72.1,304,215,43
YRD09325,DR04304,PR00002,Yard B,12000,9420,2580,78.5,232,187,57
YRD09326,DR04351,PR00005,Yard E,12500,11988,512,95.9,249,278,76
YRD09327,DR04463,PR00001,Yard E,12500,12050,450,96.4,322,212,113
YRD09328,DR01327,PR00006,Yard E,12500,11525,975,92.2,148,192,71
YRD09329,DR01480,PR00003,Yard E,12500,10625,1875,85.0,190,194,80
YRD09330,DR03360,PR00004,Yard C,13000,11713,1287,90.1,251,250,102
YRD09331,DR05959,PR00001,Yard C,13000,11375,1625,87.5,336,214,90
YRD09332,DR02086,PR00007,Yard B,12000,8820,3180,73.5,163,138,64
YRD09333,DR02511,PR00007,Yard A,14000,13790,210,98.5,264,257,84
YRD09334,DR02331,PR00001,Yard C,13000,11609,1391,89.3,249,228,88
YRD09335,DR01876,PR00004,Yard A,14000,13174,826,94.1,280,244,54
YRD09336,DR08981,PR00006,Yard D,11000,7920,3080,72.0,250,261,69
YRD09337,DR00900,PR00001,Yard B,12000,8892,3108,74.1,289,241,81
YRD09338,DR07778,PR00004,Yard A,14000,13790,210,98.5,254,236,110
YRD09339,DR06074,PR00006,Yard A,14000,12936,1064,92.4,206,246,85
YRD09340,DR01582,PR00003,Yard C,13000,11141,1859,85.7,268,237,85
YRD09341,DR09527,PR00007,Yard A,14000,13790,210,98.5,260,325,72
YRD09342,DR01757,PR00001,Yard C,13000,11674,1326,89.8,182,214,86
YRD09343,DR04149,PR00007,Yard A,14000,12810,1190,91.5,172,244,114
YRD09344,DR04594,PR00007,Yard E,12500,11625,875,93.0,341,286,95
YRD09345,DR08551,PR00001,Yard C,13000,11882,1118,91.4,229,271,83
YRD09346,DR01097,PR00003,Yard B,12000,9564,2436,79.7,302,201,81
YRD09347,DR07511,PR00004,Yard C,13000,10296,2704,79.2,177,183,67
YRD09348,DR03831,PR00006,Yard A,14000,13790,210,98.5,247,275,38
YRD09349,DR06245,PR00001,Yard A,14000,13790,210,98.5,238,214,88
YRD09350,DR03068,PR00002,Yard A,14000,13258,742,94.7,242,172,57
YRD09351,DR05017,PR00006,Yard A,14000,13664,336,97.6,229,270,83
YRD09352,DR06371,PR00003,Yard E,12500,12112,388,96.9,261,173,102
YRD09353,DR03306,PR00004,Yard A,14000,13286,714,94.9,166,266,98
YRD09354,DR07329,PR00004,Yard C,13000,11050,1950,85.0,234,264,93
YRD09355,DR07763,PR00007,Yard A,14000,13790,210,98.5,261,245,109
YRD09356,DR05801,PR00001,Yard E,12500,11850,650,94.8,227,240,106
YRD09357,DR02742,PR00007,Yard D,11000,7546,3454,68.6,311,189,19
YRD09358,DR09300,PR00004,Yard C,13000,11258,1742,86.6,327,138,96
YRD09359,DR02725,PR00007,Yard D,11000,7150,3850,65.0,211,233,53
YRD09360,DR04072,PR00001,Yard B,12000,8568,3432,71.4,235,241,73
YRD09361,DR04760,PR00004,Yard D,11000,6754,4246,61.4,293,242,31
YRD09362,DR01336,PR00006,Yard C,13000,10998,2002,84.6,146,178,72
YRD09363,DR02065,PR00006,Yard D,11000,7964,3036,72.4,233,279,30
YRD09364,DR02356,PR00001,Yard C,13000,11635,1365,89.5,250,183,95
YRD09365,DR03299,PR00003,Yard C,13000,11141,1859,85.7,245,193,88
YRD09366,DR05707,PR00001,Yard D,11000,8184,2816,74.4,329,244,74
YRD09367,DR02167,PR00001,Yard A,14000,13272,728,94.8,255,204,85
YRD09368,DR03746,PR00005,Yard D,11000,7381,3619,67.1,267,248,57
YRD09369,DR00008,PR00007,Yard A,14000,13622,378,97.3,301,208,113
YRD09370,DR07733,PR00004,Yard B,12000,9252,2748,77.1,217,273,56
YRD09371,DR06298,PR00001,Yard A,14000,13636,364,97.4,112,237,130
YRD09372,DR08426,PR00002,Yard E,12500,11888,612,95.1,236,301,92
YRD09373,DR05669,PR00003,Yard A,14000,13342,658,95.3,252,260,63
YRD09374,DR02942,PR00001,Yard D,11000,7667,3333,69.7,203,292,42
YRD09375,DR04355,PR00006,Yard B,12000,9168,2832,76.4,241,267,58
YRD09376,DR09037,PR00001,Yard E,12500,11638,862,93.1,172,244,84
YRD09377,DR07406,PR00001,Yard C,13000,11453,1547,88.1,340,214,64
YRD09378,DR02661,PR00005,Yard A,14000,13790,210,98.5,219,201,79
YRD09379,DR02296,PR00001,Yard D,11000,7843,3157,71.3,235,306,77
YRD09380,DR00190,PR00003,Yard B,12000,8964,3036,74.7,182,176,50
YRD09381,DR03447,PR00003,Yard C,13000,10855,2145,83.5,255,191,63
YRD09382,DR09470,PR00001,Yard B,12000,8796,3204,73.3,259,209,77
YRD09383,DR06994,PR00004,Yard E,12500,11200,1300,89.6,230,186,80
YRD09384,DR02212,PR00003,Yard A,14000,13790,210,98.5,246,270,81
YRD09385,DR07203,PR00004,Yard A,14000,13790,210,98.5,287,239,65
YRD09386,DR01853,PR00002,Yard E,12500,11625,875,93.0,331,286,86
YRD09387,DR00993,PR00002,Yard C,13000,11206,1794,86.2,240,201,81
YRD09388,DR05880,PR00004,Yard D,11000,7579,3421,68.9,360,186,63
YRD09389,DR07719,PR00001,Yard C,13000,11817,1183,90.9,329,282,53
YRD09390,DR07054,PR00001,Yard C,13000,10465,2535,80.5,221,228,67
YRD09391,DR07050,PR00002,Yard E,12500,11762,738,94.1,226,243,93
YRD09392,DR07186,PR00001,Yard C,13000,10959,2041,84.3,261,236,67
YRD09393,DR07572,PR00001,Yard C,13000,10712,2288,82.4,216,199,86
YRD09394,DR09116,PR00007,Yard C,13000,11076,1924,85.2,172,188,104
YRD09395,DR01021,PR00003,Yard C,13000,11765,1235,90.5,250,157,63
YRD09396,DR00254,PR00003,Yard A,14000,13146,854,93.9,173,236,82
YRD09397,DR01766,PR00002,Yard E,12500,11900,600,95.2,332,260,55
YRD09398,DR09769,PR00001,Yard E,12500,11912,588,95.3,303,171,68
YRD09399,DR04994,PR00005,Yard A,14000,13412,588,95.8,287,234,30
YRD09400,DR05110,PR00005,Yard C,13000,10803,2197,83.1,259,204,79
YRD09401,DR03577,PR00007,Yard C,13000,11336,1664,87.2,214,243,87
YRD09402,DR05623,PR00001,Yard A,14000,13790,210,98.5,189,331,82
YRD09403,DR00643,PR00001,Yard B,12000,8508,3492,70.9,231,163,68
YRD09404,DR03779,PR00005,Yard D,11000,7524,3476,68.4,292,286,54
YRD09405,DR02462,PR00002,Yard C,13000,11505,1495,88.5,183,299,66
YRD09406,DR04041,PR00001,Yard D,11000,7524,3476,68.4,244,195,25
YRD09407,DR05874,PR00002,Yard B,12000,8988,3012,74.9,352,314,83
YRD09408,DR04117,PR00001,Yard D,11000,7689,3311,69.9,269,195,58
YRD09409,DR00800,PR00006,Yard C,13000,11102,1898,85.4,324,265,68
YRD09410,DR07641,PR00006,Yard A,14000,13034,966,93.1,328,200,79
YRD09411,DR05832,PR00004,Yard B,12000,8952,3048,74.6,190,225,39
YRD09412,DR07293,PR00003,Yard E,12500,11238,1262,89.9,243,199,79
YRD09413,DR01695,PR00005,Yard D,11000,7029,3971,63.9,174,239,38
YRD09414,DR05846,PR00004,Yard A,14000,13790,210,98.5,267,252,117
YRD09415,DR05198,PR00006,Yard C,13000,11778,1222,90.6,224,197,86
YRD09416,DR08613,PR00003,Yard A,14000,13636,364,97.4,216,197,94
YRD09417,DR01402,PR00007,Yard D,11000,7689,3311,69.9,215,259,65
YRD09418,DR05893,PR00002,Yard D,11000,6435,4565,58.5,154,202,22
YRD09419,DR07643,PR00004,Yard E,12500,11762,738,94.1,296,221,126
YRD09420,DR03501,PR00006,Yard B,12000,8652,3348,72.1,198,143,64
YRD09421,DR00935,PR00006,Yard C,13000,11193,1807,86.1,250,173,71
YRD09422,DR03806,PR00007,Yard D,11000,6886,4114,62.6,338,251,47
YRD09423,DR00362,PR00003,Yard B,12000,9336,2664,77.8,241,302,66
YRD09424,DR02963,PR00005,Yard E,12500,11812,688,94.5,298,280,84
YRD09425,DR00813,PR00002,Yard A,14000,13790,210,98.5,240,210,90
YRD09426,DR01995,PR00004,Yard E,12500,11988,512,95.9,317,296,87
YRD09427,DR08590,PR00001,Yard E,12500,11475,1025,91.8,205,274,114
YRD09428,DR00545,PR00003,Yard D,11000,7205,3795,65.5,208,213,51
YRD09429,DR04702,PR00007,Yard E,12500,12175,325,97.4,266,237,68
YRD09430,DR00976,PR00006,Yard D,11000,8327,2673,75.7,178,259,57
YRD09431,DR02249,PR00003,Yard D,11000,7436,3564,67.6,221,177,50
YRD09432,DR09731,PR00001,Yard D,11000,7612,3388,69.2,256,225,70
YRD09433,DR03889,PR00003,Yard B,12000,9132,2868,76.1,237,303,45
YRD09434,DR06431,PR00001,Yard D,11000,7777,3223,70.7,236,300,67
YRD09435,DR05502,PR00001,Yard A,14000,13664,336,97.6,300,236,105
YRD09436,DR08483,PR00007,Yard A,14000,13258,742,94.7,163,210,121
YRD09437,DR07558,PR00003,Yard C,13000,10621,2379,81.7,191,326,61
YRD09438,DR07643,PR00001,Yard E,12500,11950,550,95.6,254,275,112
YRD09439,DR00662,PR00005,Yard C,13000,10751,2249,82.7,161,230,71
YRD09440,DR08487,PR00001,Yard A,14000,13734,266,98.1,208,245,93
YRD09441,DR06405,PR00003,Yard B,12000,8916,3084,74.3,281,209,60
YRD09442,DR05205,PR00002,Yard B,12000,10008,1992,83.4,360,349,94
YRD09443,DR05279,PR00001,Yard A,14000,13790,210,98.5,266,284,125
YRD09444,DR04939,PR00003,Yard A,14000,13216,784,94.4,262,302,99
YRD09445,DR06678,PR00005,Yard A,14000,13790,210,98.5,322,243,60
YRD09446,DR02949,PR00003,Yard C,13000,11609,1391,89.3,302,281,62
YRD09447,DR04250,PR00006,Yard A,14000,13496,504,96.4,174,280,97
YRD09448,DR06123,PR00007,Yard E,12500,11738,762,93.9,259,271,87
YRD09449,DR05599,PR00006,Yard E,12500,11675,825,93.4,262,196,76
YRD09450,DR02055,PR00007,Yard D,11000,7469,3531,67.9,135,214,43
YRD09451,DR06790,PR00007,Yard D,11000,7601,3399,69.1,237,270,38
YRD09452,DR01197,PR00006,Yard B,12000,9408,2592,78.4,334,311,77
YRD09453,DR02896,PR00002,Yard E,12500,11838,662,94.7,199,183,90
YRD09454,DR07033,PR00001,Yard B,12000,9756,2244,81.3,289,184,97
YRD09455,DR07581,PR00005,Yard C,13000,11427,1573,87.9,360,204,75
YRD09456,DR00059,PR00006,Yard A,14000,13790,210,98.5,233,298,66
YRD09457,DR05041,PR00006,Yard C,13000,10829,2171,83.3,313,275,95
YRD09458,DR00680,PR00004,Yard D,11000,7392,3608,67.2,227,241,46
YRD09459,DR03457,PR00006,Yard A,14000,13790,210,98.5,284,303,86
YRD09460,DR09656,PR00005,Yard C,13000,11843,1157,91.1,302,239,68
YRD09461,DR07458,PR00004,Yard C,13000,11323,1677,87.1,242,303,71
YRD09462,DR05753,PR00001,Yard A,14000,13790,210,98.5,283,350,92
YRD09463,DR08214,PR00003,Yard A,14000,13342,658,95.3,227,197,78
YRD09464,DR06512,PR00001,Yard E,12500,11500,1000,92.0,283,226,36
YRD09465,DR06602,PR00001,Yard A,14000,13622,378,97.3,210,218,103
YRD09466,DR05967,PR00004,Yard E,12500,10988,1512,87.9,273,241,83
YRD09467,DR09913,PR00001,Yard E,12500,11900,600,95.2,160,183,106
YRD09468,DR02085,PR00007,Yard C,13000,11635,1365,89.5,348,295,61
YRD09469,DR00155,PR00003,Yard D,11000,7172,3828,65.2,196,270,28
YRD09470,DR06422,PR00005,Yard D,11000,8052,2948,73.2,230,179,71
YRD09471,DR03081,PR00001,Yard E,12500,11788,712,94.3,304,249,97
YRD09472,DR02268,PR00006,Yard D,11000,7931,3069,72.1,204,169,83
YRD09473,DR01074,PR00003,Yard D,11000,7612,3388,69.2,220,278,57
YRD09474,DR01936,PR00004,Yard E,12500,11588,912,92.7,294,295,102
YRD09475,DR02758,PR00004,Yard E,12500,10900,1600,87.2,200,146,91
YRD09476,DR05105,PR00003,Yard B,12000,8268,3732,68.9,236,151,49
YRD09477,DR03511,PR00004,Yard B,12000,8916,3084,74.3,210,234,94
YRD09478,DR08533,PR00005,Yard E,12500,11462,1038,91.7,241,170,59
YRD09479,DR09797,PR00006,Yard D,11000,7634,3366,69.4,171,248,31
YRD09480,DR06404,PR00002,Yard A,14000,13790,210,98.5,247,214,107
YRD09481,DR02340,PR00007,Yard E,12500,11412,1088,91.3,239,209,79
YRD09482,DR06958,PR00002,Yard D,11000,7953,3047,72.3,266,256,39
YRD09483,DR05091,PR00002,Yard B,12000,8652,3348,72.1,190,182,74
YRD09484,DR00918,PR00002,Yard C,13000,10946,2054,84.2,201,186,80
YRD09485,DR04682,PR00002,Yard D,11000,7392,3608,67.2,272,206,73
YRD09486,DR00403,PR00002,Yard C,13000,11362,1638,87.4,297,219,82
YRD09487,DR05072,PR00006,Yard C,13000,10478,2522,80.6,233,212,51
YRD09488,DR03169,PR00004,Yard D,11000,7117,3883,64.7,251,243,63
YRD09489,DR07405,PR00007,Yard B,12000,8928,3072,74.4,265,178,76
YRD09490,DR09572,PR00001,Yard B,12000,8808,3192,73.4,209,247,36
YRD09491,DR05282,PR00004,Yard A,14000,13790,210,98.5,283,217,88
YRD09492,DR01553,PR00001,Yard B,12000,9288,2712,77.4,173,264,43
YRD09493,DR02171,PR00003,Yard A,14000,13790,210,98.5,234,212,74
YRD09494,DR06455,PR00003,Yard B,12000,9336,2664,77.8,306,295,83
YRD09495,DR02050,PR00005,Yard B,12000,8964,3036,74.7,267,173,51
YRD09496,DR03042,PR00005,Yard E,12500,12138,362,97.1,309,313,95
YRD09497,DR05268,PR00002,Yard A,14000,13790,210,98.5,291,312,94
YRD09498,DR04096,PR00001,Yard A,14000,13790,210,98.5,188,273,87
YRD09499,DR04471,PR00003,Yard E,12500,11288,1212,90.3,199,219,102
YRD09500,DR07330,PR00002,Yard A,14000,13118,882,93.7,176,219,76
YRD09501,DR02455,PR00005,Yard B,12000,9444,2556,78.7,230,214,84
YRD09502,DR06389,PR00003,Yard C,13000,10985,2015,84.5,202,257,83
YRD09503,DR00225,PR00006,Yard B,12000,9840,2160,82.0,328,292,76
YRD09504,DR02037,PR00007,Yard E,12500,11475,1025,91.8,258,249,66
YRD09505,DR02502,PR00003,Yard A,14000,13790,210,98.5,278,248,96
YRD09506,DR04725,PR00007,Yard A,14000,12460,1540,89.0,181,192,74
YRD09507,DR08885,PR00005,Yard A,14000,13790,210,98.5,284,338,91
YRD09508,DR06053,PR00001,Yard B,12000,9240,2760,77.0,263,289,55
YRD09509,DR06998,PR00006,Yard C,13000,10907,2093,83.9,281,265,86
YRD09510,DR01944,PR00003,Yard E,12500,11350,1150,90.8,218,171,84
YRD09511,DR02121,PR00005,Yard A,14000,13440,560,96.0,343,232,80
YRD09512,DR03144,PR00005,Yard A,14000,13482,518,96.3,242,251,112
YRD09513,DR05959,PR00006,Yard B,12000,9480,2520,79.0,358,270,31
YRD09514,DR06485,PR00005,Yard E,12500,11675,825,93.4,171,209,96
YRD09515,DR06634,PR00006,Yard A,14000,13118,882,93.7,319,247,86
YRD09516,DR09036,PR00002,Yard B,12000,8832,3168,73.6,265,264,50
YRD09517,DR07601,PR00007,Yard D,11000,7293,3707,66.3,277,152,48
YRD09518,DR05841,PR00004,Yard A,14000,13314,686,95.1,210,309,49
YRD09519,DR02132,PR00005,Yard A,14000,13790,210,98.5,303,282,77
YRD09520,DR08869,PR00006,Yard D,11000,7106,3894,64.6,225,119,47
YRD09521,DR09863,PR00001,Yard B,12000,9252,2748,77.1,331,284,70
YRD09522,DR06329,PR00002,Yard A,14000,13790,210,98.5,277,216,102
YRD09523,DR01192,PR00006,Yard C,13000,11687,1313,89.9,310,269,58
YRD09524,DR02288,PR00007,Yard D,11000,8305,2695,75.5,234,237,70
YRD09525,DR04992,PR00005,Yard E,12500,11362,1138,90.9,311,290,37
YRD09526,DR09618,PR00003,Yard C,13000,11362,1638,87.4,349,189,84
YRD09527,DR05026,PR00002,Yard C,13000,10972,2028,84.4,224,248,84
YRD09528,DR03881,PR00003,Yard D,11000,7766,3234,70.6,251,266,44
YRD09529,DR05158,PR00003,Yard A,14000,13790,210,98.5,289,195,109
YRD09530,DR01598,PR00006,Yard E,12500,11562,938,92.5,296,291,118
YRD09531,DR09772,PR00004,Yard B,12000,8892,3108,74.1,284,256,58
YRD09532,DR03091,PR00003,Yard D,11000,8041,2959,73.1,294,266,108
YRD09533,DR06800,PR00003,Yard E,12500,12312,188,98.5,264,171,105
YRD09534,DR00439,PR00007,Yard C,13000,10777,2223,82.9,191,174,89
YRD09535,DR02887,PR00004,Yard E,12500,12188,312,97.5,241,265,135
YRD09536,DR05442,PR00002,Yard E,12500,11738,762,93.9,192,230,59
YRD09537,DR02529,PR00003,Yard D,11000,8426,2574,76.6,295,245,65
YRD09538,DR09611,PR00003,Yard C,13000,10504,2496,80.8,272,243,65
YRD09539,DR07001,PR00002,Yard E,12500,11712,788,93.7,224,161,117
YRD09540,DR00037,PR00005,Yard A,14000,13608,392,97.2,285,273,56
YRD09541,DR08692,PR00002,Yard B,12000,9684,2316,80.7,293,292,61
YRD09542,DR00659,PR00003,Yard A,14000,13790,210,98.5,241,257,90
YRD09543,DR09504,PR00003,Yard B,12000,8964,3036,74.7,224,192,67
YRD09544,DR00540,PR00003,Yard A,14000,12992,1008,92.8,224,283,77
YRD09545,DR09204,PR00004,Yard B,12000,9576,2424,79.8,188,258,70
YRD09546,DR01268,PR00005,Yard D,11000,6787,4213,61.7,338,252,48
YRD09547,DR09418,PR00001,Yard A,14000,13132,868,93.8,223,274,124
YRD09548,DR09569,PR00002,Yard E,12500,11375,1125,91.0,305,262,123
YRD09549,DR09508,PR00005,Yard A,14000,12810,1190,91.5,320,129,83
YRD09550,DR06869,PR00007,Yard B,12000,8448,3552,70.4,285,195,76
YRD09551,DR02901,PR00001,Yard D,11000,7084,3916,64.4,267,248,61
YRD09552,DR09082,PR00001,Yard A,14000,13790,210,98.5,194,231,116
YRD09553,DR02491,PR00007,Yard C,13000,11726,1274,90.2,295,255,95
YRD09554,DR08210,PR00001,Yard D,11000,7810,3190,71.0,231,187,74
YRD09555,DR07248,PR00007,Yard D,11000,7799,3201,70.9,304,242,28
YRD09556,DR08531,PR00006,Yard C,13000,11986,1014,92.2,256,272,97
YRD09557,DR03116,PR00001,Yard A,14000,13342,658,95.3,152,177,87
YRD09558,DR09578,PR00001,Yard A,14000,13356,644,95.4,324,263,85
YRD09559,DR08524,PR00007,Yard A,14000,13720,280,98.0,237,233,83
YRD09560,DR00491,PR00002,Yard A,14000,13468,532,96.2,294,314,94
YRD09561,DR01343,PR00003,Yard C,13000,11570,1430,89.0,142,207,92
YRD09562,DR05203,PR00002,Yard C,13000,11024,1976,84.8,298,289,53
YRD09563,DR04886,PR00004,Yard D,11000,7590,3410,69.0,236,290,78
YRD09564,DR06669,PR00006,Yard A,14000,13006,994,92.9,259,177,70
YRD09565,DR02136,PR00004,Yard C,13000,11687,1313,89.9,206,171,82
YRD09566,DR04731,PR00001,Yard E,12500,11262,1238,90.1,159,174,86
YRD09567,DR09976,PR00004,Yard E,12500,10662,1838,85.3,231,174,79
YRD09568,DR06840,PR00004,Yard C,13000,10530,2470,81.0,230,215,89
YRD09569,DR06225,PR00002,Yard E,12500,12050,450,96.4,287,333,87
YRD09570,DR04765,PR00005,Yard D,11000,7469,3531,67.9,169,254,48
YRD09571,DR04142,PR00004,Yard A,14000,12782,1218,91.3,250,250,113
YRD09572,DR03655,PR00001,Yard D,11000,8250,2750,75.0,275,207,56
YRD09573,DR04125,PR00007,Yard E,12500,11125,1375,89.0,330,243,62
YRD09574,DR07228,PR00003,Yard D,11000,7634,3366,69.4,289,225,59
YRD09575,DR05866,PR00002,Yard A,14000,13258,742,94.7,148,180,93
YRD09576,DR01739,PR00001,Yard A,14000,13790,210,98.5,199,261,80
YRD09577,DR08382,PR00003,Yard A,14000,12530,1470,89.5,177,228,80
YRD09578,DR03708,PR00002,Yard C,13000,11076,1924,85.2,171,247,93
YRD09579,DR03763,PR00002,Yard D,11000,7293,3707,66.3,313,307,50
YRD09580,DR02920,PR00006,Yard C,13000,11700,1300,90.0,325,306,58
YRD09581,DR04050,PR00004,Yard C,13000,12376,624,95.2,287,286,78
YRD09582,DR05780,PR00001,Yard D,11000,7722,3278,70.2,262,286,65
YRD09583,DR07424,PR00005,Yard A,14000,12950,1050,92.5,246,313,106
YRD09584,DR06145,PR00005,Yard B,12000,8784,3216,73.2,96,190,39
YRD09585,DR08660,PR00003,Yard B,12000,8904,3096,74.2,254,217,65
YRD09586,DR00193,PR00007,Yard B,12000,9144,2856,76.2,170,267,74
YRD09587,DR00816,PR00002,Yard E,12500,11838,662,94.7,235,293,59
YRD09588,DR07175,PR00001,Yard E,12500,11750,750,94.0,221,327,99
YRD09589,DR06106,PR00001,Yard E,12500,11638,862,93.1,263,252,61
YRD09590,DR06470,PR00002,Yard A,14000,13608,392,97.2,226,223,87
YRD09591,DR02273,PR00003,Yard D,11000,7172,3828,65.2,315,231,30
YRD09592,DR04066,PR00001,Yard C,13000,10699,2301,82.3,203,225,97
YRD09593,DR01443,PR00004,Yard C,13000,11518,1482,88.6,199,264,78
YRD09594,DR02915,PR00007,Yard B,12000,9048,2952,75.4,204,271,71
YRD09595,DR06339,PR00006,Yard C,13000,11427,1573,87.9,207,233,90
YRD09596,DR00600,PR00005,Yard D,11000,7458,3542,67.8,172,229,25
YRD09597,DR01616,PR00004,Yard E,12500,11450,1050,91.6,175,281,97
YRD09598,DR04553,PR00005,Yard B,12000,9228,2772,76.9,176,259,72
YRD09599,DR00252,PR00003,Yard E,12500,11788,712,94.3,311,207,65
YRD09600,DR03669,PR00003,Yard D,11000,7304,3696,66.4,211,209,29
YRD09601,DR09577,PR00002,Yard A,14000,13678,322,97.7,222,269,113
YRD09602,DR02286,PR00001,Yard C,13000,11752,1248,90.4,320,148,74
YRD09603,DR04600,PR00004,Yard C,13000,11141,1859,85.7,246,350,88
YRD09604,DR02496,PR00003,Yard E,12500,11525,975,92.2,276,226,75
YRD09605,DR08132,PR00001,Yard A,14000,13790,210,98.5,235,350,95
YRD09606,DR05622,PR00002,Yard A,14000,13146,854,93.9,245,272,95
YRD09607,DR05416,PR00006,Yard E,12500,11950,550,95.6,249,239,96
YRD09608,DR08484,PR00002,Yard D,11000,7271,3729,66.1,250,267,37
YRD09609,DR01850,PR00003,Yard E,12500,11575,925,92.6,211,215,84
YRD09610,DR09083,PR00001,Yard E,12500,11425,1075,91.4,208,268,79
YRD09611,DR04174,PR00001,Yard E,12500,11350,1150,90.8,208,231,83
YRD09612,DR04855,PR00005,Yard D,11000,7304,3696,66.4,262,312,40
YRD09613,DR03379,PR00001,Yard D,11000,7865,3135,71.5,295,322,63
YRD09614,DR09468,PR00002,Yard B,12000,9444,2556,78.7,266,177,41
YRD09615,DR09011,PR00007,Yard C,13000,11830,1170,91.0,280,278,77
YRD09616,DR08104,PR00003,Yard E,12500,11788,712,94.3,250,227,71
YRD09617,DR09229,PR00004,Yard A,14000,13790,210,98.5,248,264,67
YRD09618,DR08058,PR00004,Yard B,12000,8712,3288,72.6,194,181,36
YRD09619,DR02059,PR00001,Yard B,12000,9168,2832,76.4,195,253,76
YRD09620,DR03055,PR00003,Yard C,13000,12103,897,93.1,354,208,68
YRD09621,DR07677,PR00003,Yard E,12500,11400,1100,91.2,293,223,64
YRD09622,DR07193,PR00002,Yard E,12500,11088,1412,88.7,286,286,79
YRD09623,DR08112,PR00002,Yard E,12500,11688,812,93.5,258,239,90
YRD09624,DR00995,PR00004,Yard E,12500,11238,1262,89.9,219,321,68
YRD09625,DR07670,PR00001,Yard B,12000,9624,2376,80.2,260,276,47
YRD09626,DR07402,PR00001,Yard E,12500,11650,850,93.2,194,216,67
YRD09627,DR08108,PR00004,Yard E,12500,12275,225,98.2,213,141,106
YRD09628,DR04503,PR00003,Yard E,12500,11850,650,94.8,320,281,97
YRD09629,DR08269,PR00004,Yard C,13000,11232,1768,86.4,136,243,71
YRD09630,DR07791,PR00001,Yard D,11000,7513,3487,68.3,260,172,60
YRD09631,DR02351,PR00005,Yard E,12500,11062,1438,88.5,195,276,61
YRD09632,DR08838,PR00006,Yard D,11000,7392,3608,67.2,303,161,38
YRD09633,DR03155,PR00003,Yard C,13000,11674,1326,89.8,262,232,71
YRD09634,DR06606,PR00006,Yard C,13000,11726,1274,90.2,322,231,61
YRD09635,DR05849,PR00003,Yard B,12000,9060,2940,75.5,193,288,61
YRD09636,DR01283,PR00001,Yard B,12000,8232,3768,68.6,129,249,68
YRD09637,DR04589,PR00003,Yard C,13000,11557,1443,88.9,157,214,81
YRD09638,DR06174,PR00003,Yard B,12000,9504,2496,79.2,156,141,46
YRD09639,DR07270,PR00006,Yard B,12000,9552,2448,79.6,278,313,99
YRD09640,DR04906,PR00002,Yard D,11000,7139,3861,64.9,245,197,50
YRD09641,DR09396,PR00002,Yard B,12000,8724,3276,72.7,266,203,65
YRD09642,DR04324,PR00006,Yard E,12500,11262,1238,90.1,131,255,67
YRD09643,DR01537,PR00002,Yard A,14000,13776,224,98.4,232,193,72
YRD09644,DR06194,PR00004,Yard E,12500,12312,188,98.5,320,254,78
YRD09645,DR02547,PR00002,Yard D,11000,8184,2816,74.4,243,226,70
YRD09646,DR07035,PR00007,Yard C,13000,11739,1261,90.3,251,167,96
YRD09647,DR08807,PR00001,Yard D,11000,7359,3641,66.9,288,226,27
YRD09648,DR03077,PR00005,Yard B,12000,9240,2760,77.0,227,257,44
YRD09649,DR03607,PR00004,Yard D,11000,6831,4169,62.1,222,303,35
YRD09650,DR05447,PR00007,Yard E,12500,11262,1238,90.1,276,320,62
YRD09651,DR08725,PR00007,Yard B,12000,8736,3264,72.8,258,311,80
YRD09652,DR00353,PR00006,Yard D,11000,7073,3927,64.3,160,276,40
YRD09653,DR00806,PR00001,Yard D,11000,7568,3432,68.8,187,238,33
YRD09654,DR09485,PR00003,Yard E,12500,11688,812,93.5,351,188,79
YRD09655,DR08066,PR00006,Yard C,13000,11323,1677,87.1,278,260,76
YRD09656,DR04389,PR00004,Yard E,12500,11275,1225,90.2,245,233,98
YRD09657,DR09368,PR00006,Yard B,12000,9696,2304,80.8,189,292,44
YRD09658,DR03090,PR00006,Yard A,14000,13790,210,98.5,188,212,83
YRD09659,DR05687,PR00002,Yard A,14000,13272,728,94.8,229,217,87
YRD09660,DR00346,PR00001,Yard E,12500,10512,1988,84.1,171,189,92
YRD09661,DR07950,PR00002,Yard D,11000,7590,3410,69.0,216,216,66
YRD09662,DR04951,PR00005,Yard A,14000,13790,210,98.5,228,249,91
YRD09663,DR05805,PR00003,Yard A,14000,12740,1260,91.0,218,155,79
YRD09664,DR00991,PR00001,Yard A,14000,13790,210,98.5,278,295,93
YRD09665,DR06312,PR00005,Yard C,13000,12064,936,92.8,320,235,80
YRD09666,DR08991,PR00001,Yard C,13000,11427,1573,87.9,255,263,57
YRD09667,DR07131,PR00003,Yard B,12000,9192,2808,76.6,219,222,51
YRD09668,DR07145,PR00003,Yard C,13000,10972,2028,84.4,189,128,53
YRD09669,DR03070,PR00003,Yard C,13000,11193,1807,86.1,146,184,62
YRD09670,DR04501,PR00001,Yard B,12000,9408,2592,78.4,296,305,45
YRD09671,DR06731,PR00005,Yard E,12500,11550,950,92.4,282,254,72
YRD09672,DR08253,PR00006,Yard A,14000,13776,224,98.4,159,228,74
YRD09673,DR09578,PR00005,Yard D,11000,7436,3564,67.6,257,196,74
YRD09674,DR06871,PR00007,Yard D,11000,7150,3850,65.0,211,158,38
YRD09675,DR09245,PR00002,Yard D,11000,7700,3300,70.0,305,266,36
YRD09676,DR04164,PR00001,Yard C,13000,11219,1781,86.3,233,239,90
YRD09677,DR01147,PR00001,Yard A,14000,13790,210,98.5,316,289,96
YRD09678,DR01725,PR00005,Yard E,12500,10525,1975,84.2,178,216,33
YRD09679,DR01552,PR00001,Yard C,13000,11401,1599,87.7,302,249,69
YRD09680,DR00218,PR00007,Yard B,12000,8040,3960,67.0,134,200,54
YRD09681,DR08230,PR00004,Yard E,12500,11900,600,95.2,246,143,45
YRD09682,DR09764,PR00006,Yard A,14000,13790,210,98.5,184,169,90
YRD09683,DR04454,PR00003,Yard B,12000,8256,3744,68.8,234,307,57
YRD09684,DR02122,PR00005,Yard C,13000,11128,1872,85.6,242,244,56
YRD09685,DR01118,PR00003,Yard D,11000,7975,3025,72.5,244,270,25
YRD09686,DR04025,PR00003,Yard B,12000,9132,2868,76.1,249,324,81
YRD09687,DR08430,PR00005,Yard D,11000,7128,3872,64.8,174,308,46
YRD09688,DR09904,PR00002,Yard A,14000,13790,210,98.5,277,328,78
YRD09689,DR01301,PR00006,Yard D,11000,8217,2783,74.7,193,257,78
YRD09690,DR06357,PR00005,Yard B,12000,8820,3180,73.5,280,199,106
YRD09691,DR06757,PR00005,Yard E,12500,12000,500,96.0,299,262,84
YRD09692,DR09396,PR00002,Yard C,13000,12038,962,92.6,211,237,78
YRD09693,DR07788,PR00001,Yard C,13000,11778,1222,90.6,275,265,92
YRD09694,DR07368,PR00001,Yard E,12500,11400,1100,91.2,233,303,100
YRD09695,DR05716,PR00004,Yard C,13000,10998,2002,84.6,177,217,54
YRD09696,DR02222,PR00001,Yard E,12500,11975,525,95.8,256,182,69
YRD09697,DR00628,PR00007,Yard B,12000,9240,2760,77.0,284,174,69
YRD09698,DR09635,PR00007,Yard C,13000,12376,624,95.2,295,316,73
YRD09699,DR06766,PR00001,Yard E,12500,12312,188,98.5,284,219,106
YRD09700,DR00273,PR00005,Yard C,13000,12545,455,96.5,164,253,86
YRD09701,DR09039,PR00002,Yard C,13000,10686,2314,82.2,249,165,96
YRD09702,DR00817,PR00002,Yard E,12500,11162,1338,89.3,219,211,76
YRD09703,DR06859,PR00002,Yard E,12500,11662,838,93.3,278,231,62
YRD09704,DR03009,PR00006,Yard B,12000,8832,3168,73.6,221,205,71
YRD09705,DR02560,PR00006,Yard A,14000,13580,420,97.0,278,192,79
YRD09706,DR06229,PR00001,Yard A,14000,13608,392,97.2,297,223,92
YRD09707,DR00220,PR00002,Yard A,14000,13790,210,98.5,232,251,83
YRD09708,DR01666,PR00003,Yard A,14000,13356,644,95.4,216,276,77
YRD09709,DR09555,PR00003,Yard A,14000,13230,770,94.5,326,207,69
YRD09710,DR01340,PR00001,Yard E,12500,10675,1825,85.4,196,235,75
YRD09711,DR08215,PR00006,Yard E,12500,12175,325,97.4,211,274,87
YRD09712,DR02313,PR00007,Yard E,12500,11962,538,95.7,269,191,92
YRD09713,DR00176,PR00003,Yard A,14000,13790,210,98.5,295,257,98
YRD09714,DR05668,PR00006,Yard E,12500,10975,1525,87.8,210,168,64
YRD09715,DR04851,PR00005,Yard E,12500,11662,838,93.3,232,294,87
YRD09716,DR00052,PR00004,Yard C,13000,10855,2145,83.5,263,286,74
YRD09717,DR05370,PR00006,Yard B,12000,8916,3084,74.3,257,292,61
YRD09718,DR06826,PR00003,Yard D,11000,7106,3894,64.6,193,210,99
YRD09719,DR02603,PR00004,Yard E,12500,12162,338,97.3,318,243,120
YRD09720,DR09780,PR00002,Yard B,12000,8856,3144,73.8,220,253,71
YRD09721,DR02094,PR00005,Yard B,12000,8892,3108,74.1,259,225,72
YRD09722,DR00080,PR00001,Yard A,14000,13314,686,95.1,302,219,76
YRD09723,DR02867,PR00002,Yard C,13000,10660,2340,82.0,289,190,78
YRD09724,DR06351,PR00003,Yard A,14000,13790,210,98.5,173,322,122
YRD09725,DR00355,PR00003,Yard A,14000,13790,210,98.5,243,231,81
YRD09726,DR08282,PR00002,Yard D,11000,8162,2838,74.2,293,212,45
YRD09727,DR00723,PR00001,Yard E,12500,11475,1025,91.8,188,262,68
YRD09728,DR02580,PR00006,Yard A,14000,13510,490,96.5,169,234,99
YRD09729,DR05674,PR00004,Yard D,11000,7062,3938,64.2,219,269,72
YRD09730,DR09579,PR00003,Yard D,11000,7337,3663,66.7,265,307,79
YRD09731,DR08080,PR00006,Yard D,11000,7161,3839,65.1,211,163,13
YRD09732,DR04475,PR00006,Yard B,12000,9144,2856,76.2,276,290,70
YRD09733,DR05372,PR00001,Yard E,12500,11662,838,93.3,213,194,75
YRD09734,DR07277,PR00004,Yard C,13000,11193,1807,86.1,290,183,83
YRD09735,DR07294,PR00002,Yard A,14000,13454,546,96.1,164,186,63
YRD09736,DR07040,PR00004,Yard A,14000,13510,490,96.5,194,294,108
YRD09737,DR04124,PR00005,Yard D,11000,8184,2816,74.4,255,244,96
YRD09738,DR06847,PR00001,Yard A,14000,13776,224,98.4,281,204,83
YRD09739,DR01866,PR00003,Yard D,11000,7073,3927,64.3,316,209,35
YRD09740,DR05122,PR00002,Yard A,14000,13790,210,98.5,224,263,77
YRD09741,DR03991,PR00003,Yard B,12000,9408,2592,78.4,255,261,80
YRD09742,DR08022,PR00001,Yard E,12500,11550,950,92.4,185,130,46
YRD09743,DR07991,PR00006,Yard B,12000,9060,2940,75.5,280,224,87
YRD09744,DR06333,PR00004,Yard B,12000,8796,3204,73.3,247,266,33
YRD09745,DR08257,PR00002,Yard C,13000,11063,1937,85.1,357,273,58
YRD09746,DR09715,PR00005,Yard C,13000,12155,845,93.5,221,231,80
YRD09747,DR01506,PR00001,Yard D,11000,7612,3388,69.2,258,224,47
YRD09748,DR03008,PR00004,Yard C,13000,10439,2561,80.3,151,301,23
YRD09749,DR03051,PR00003,Yard E,12500,11200,1300,89.6,267,207,81
YRD09750,DR04794,PR00001,Yard E,12500,11912,588,95.3,215,86,95
YRD09751,DR08762,PR00002,Yard E,12500,11712,788,93.7,221,223,111
YRD09752,DR05244,PR00001,Yard D,11000,7007,3993,63.7,184,173,95
YRD09753,DR09130,PR00005,Yard D,11000,7711,3289,70.1,151,247,40
YRD09754,DR06628,PR00005,Yard D,11000,7282,3718,66.2,236,146,68
YRD09755,DR03162,PR00001,Yard B,12000,9300,2700,77.5,255,304,53
YRD09756,DR04010,PR00001,Yard A,14000,12502,1498,89.3,167,252,64
YRD09757,DR07664,PR00006,Yard B,12000,9084,2916,75.7,243,231,84
YRD09758,DR02593,PR00002,Yard C,13000,10881,2119,83.7,212,232,59
YRD09759,DR02286,PR00002,Yard D,11000,7568,3432,68.8,212,185,63
YRD09760,DR05061,PR00005,Yard A,14000,13790,210,98.5,327,232,94
YRD09761,DR06744,PR00001,Yard A,14000,13048,952,93.2,242,202,110
YRD09762,DR05133,PR00007,Yard B,12000,8172,3828,68.1,162,189,50
YRD09763,DR02358,PR00001,Yard D,11000,7469,3531,67.9,176,189,57
YRD09764,DR09681,PR00006,Yard E,12500,11888,612,95.1,294,281,81
YRD09765,DR06139,PR00003,Yard A,14000,13790,210,98.5,326,271,82
YRD09766,DR00519,PR00001,Yard E,12500,11800,700,94.4,295,225,65
YRD09767,DR00439,PR00003,Yard D,11000,7722,3278,70.2,160,251,71
YRD09768,DR07702,PR00007,Yard E,12500,11162,1338,89.3,234,265,92
YRD09769,DR05102,PR00003,Yard B,12000,9720,2280,81.0,274,257,93
YRD09770,DR05568,PR00001,Yard C,13000,10491,2509,80.7,169,190,65
YRD09771,DR05902,PR00007,Yard E,12500,11075,1425,88.6,251,275,87
YRD09772,DR01772,PR00001,Yard B,12000,9072,2928,75.6,254,280,73
YRD09773,DR09869,PR00001,Yard E,12500,11475,1025,91.8,261,150,102
YRD09774,DR01411,PR00001,Yard B,12000,9204,2796,76.7,246,238,61
YRD09775,DR05009,PR00006,Yard C,13000,10959,2041,84.3,270,324,69
YRD09776,DR06866,PR00001,Yard C,13000,10218,2782,78.6,231,289,84
YRD09777,DR05493,PR00001,Yard C,13000,11414,1586,87.8,247,195,58
YRD09778,DR07604,PR00007,Yard D,11000,6721,4279,61.1,298,121,28
YRD09779,DR05825,PR00004,Yard C,13000,11973,1027,92.1,360,290,48
YRD09780,DR04111,PR00002,Yard A,14000,13454,546,96.1,268,189,94
YRD09781,DR01942,PR00004,Yard D,11000,7359,3641,66.9,224,205,24
YRD09782,DR05937,PR00002,Yard A,14000,13692,308,97.8,216,180,94
YRD09783,DR05641,PR00003,Yard C,13000,11245,1755,86.5,137,197,61
YRD09784,DR08392,PR00002,Yard C,13000,11791,1209,90.7,327,276,87
YRD09785,DR06203,PR00004,Yard C,13000,11570,1430,89.0,250,210,83
YRD09786,DR01864,PR00005,Yard C,13000,11453,1547,88.1,321,248,74
YRD09787,DR06806,PR00002,Yard A,14000,13384,616,95.6,228,282,61
YRD09788,DR04144,PR00001,Yard A,14000,12516,1484,89.4,243,257,75
YRD09789,DR08356,PR00002,Yard C,13000,10751,2249,82.7,269,245,80
YRD09790,DR03430,PR00005,Yard D,11000,8217,2783,74.7,257,165,61
YRD09791,DR02572,PR00006,Yard E,12500,11138,1362,89.1,313,272,71
YRD09792,DR06423,PR00006,Yard E,12500,11538,962,92.3,186,263,60
YRD09793,DR01930,PR00007,Yard B,12000,8832,3168,73.6,112,187,58
YRD09794,DR09808,PR00006,Yard E,12500,12175,325,97.4,250,292,84
YRD09795,DR06603,PR00007,Yard C,13000,11622,1378,89.4,297,217,69
YRD09796,DR02043,PR00004,Yard E,12500,10900,1600,87.2,235,277,73
YRD09797,DR03428,PR00002,Yard B,12000,8376,3624,69.8,253,227,60
YRD09798,DR02274,PR00004,Yard C,13000,11167,1833,85.9,202,147,95
YRD09799,DR06537,PR00001,Yard B,12000,8760,3240,73.0,205,130,53
YRD09800,DR04980,PR00001,Yard B,12000,9468,2532,78.9,271,209,54
YRD09801,DR04736,PR00002,Yard A,14000,13790,210,98.5,188,243,82
YRD09802,DR07552,PR00003,Yard D,11000,6798,4202,61.8,171,191,42
YRD09803,DR09036,PR00005,Yard C,13000,11661,1339,89.7,215,221,75
YRD09804,DR04198,PR00003,Yard D,11000,7359,3641,66.9,341,238,44
YRD09805,DR04017,PR00001,Yard D,11000,7590,3410,69.0,280,245,49
YRD09806,DR07206,PR00007,Yard A,14000,13188,812,94.2,235,233,68
YRD09807,DR05027,PR00004,Yard D,11000,7645,3355,69.5,301,154,33
YRD09808,DR09950,PR00002,Yard E,12500,11200,1300,89.6,266,187,83
YRD09809,DR04803,PR00002,Yard E,12500,11400,1100,91.2,223,248,80
YRD09810,DR01695,PR00001,Yard C,13000,11206,1794,86.2,321,249,58
YRD09811,DR04612,PR00007,Yard E,12500,11838,662,94.7,292,264,75
YRD09812,DR00201,PR00002,Yard D,11000,7491,3509,68.1,270,307,63
YRD09813,DR09666,PR00007,Yard A,14000,13468,532,96.2,239,219,111
YRD09814,DR03921,PR00002,Yard D,11000,7271,3729,66.1,248,220,62
YRD09815,DR02441,PR00006,Yard D,11000,7711,3289,70.1,224,244,40
YRD09816,DR06605,PR00001,Yard E,12500,10950,1550,87.6,237,169,59
YRD09817,DR05355,PR00003,Yard A,14000,12446,1554,88.9,178,227,53
YRD09818,DR07120,PR00003,Yard A,14000,13790,210,98.5,254,233,89
YRD09819,DR09535,PR00002,Yard D,11000,7128,3872,64.8,329,320,31
YRD09820,DR08908,PR00007,Yard E,12500,11688,812,93.5,287,208,97
YRD09821,DR04584,PR00005,Yard A,14000,13790,210,98.5,191,171,67
YRD09822,DR02009,PR00002,Yard D,11000,7249,3751,65.9,325,234,72
YRD09823,DR06263,PR00005,Yard D,11000,7447,3553,67.7,163,302,26
YRD09824,DR04185,PR00001,Yard C,13000,11063,1937,85.1,248,260,76
YRD09825,DR07150,PR00007,Yard A,14000,13790,210,98.5,281,271,114
YRD09826,DR02350,PR00003,Yard A,14000,13790,210,98.5,307,332,80
YRD09827,DR05362,PR00001,Yard D,11000,7876,3124,71.6,270,213,52
YRD09828,DR04589,PR00002,Yard A,14000,13790,210,98.5,294,229,105
YRD09829,DR09403,PR00001,Yard E,12500,11188,1312,89.5,256,248,96
YRD09830,DR08517,PR00007,Yard E,12500,11912,588,95.3,258,284,53
YRD09831,DR00444,PR00002,Yard D,11000,7788,3212,70.8,229,310,97
YRD09832,DR00495,PR00001,Yard C,13000,11531,1469,88.7,330,186,64
YRD09833,DR09450,PR00006,Yard C,13000,11739,1261,90.3,271,270,94
YRD09834,DR08195,PR00002,Yard C,13000,11362,1638,87.4,278,261,86
YRD09835,DR03262,PR00001,Yard C,13000,11089,1911,85.3,216,347,98
YRD09836,DR07060,PR00004,Yard D,11000,6853,4147,62.3,250,193,82
YRD09837,DR00981,PR00001,Yard C,13000,10569,2431,81.3,193,246,97
YRD09838,DR05641,PR00006,Yard D,11000,7557,3443,68.7,250,322,64
YRD09839,DR09324,PR00004,Yard D,11000,7667,3333,69.7,286,322,52
YRD09840,DR07282,PR00002,Yard C,13000,10764,2236,82.8,231,238,73
YRD09841,DR09719,PR00003,Yard E,12500,11988,512,95.9,228,273,76
YRD09842,DR02878,PR00002,Yard D,11000,7744,3256,70.4,218,257,77
YRD09843,DR00954,PR00003,Yard D,11000,7821,3179,71.1,271,218,42
YRD09844,DR08432,PR00004,Yard D,11000,7007,3993,63.7,293,260,14
YRD09845,DR06939,PR00005,Yard E,12500,11800,700,94.4,247,249,85
YRD09846,DR05987,PR00003,Yard A,14000,13790,210,98.5,260,295,109
YRD09847,DR09277,PR00006,Yard B,12000,9372,2628,78.1,289,310,66
YRD09848,DR04639,PR00001,Yard C,13000,10556,2444,81.2,211,162,109
YRD09849,DR01421,PR00007,Yard E,12500,11162,1338,89.3,274,211,57
YRD09850,DR02934,PR00001,Yard D,11000,7315,3685,66.5,163,199,39
YRD09851,DR00802,PR00006,Yard D,11000,7161,3839,65.1,77,213,29
YRD09852,DR02912,PR00003,Yard D,11000,7909,3091,71.9,272,290,68
YRD09853,DR02795,PR00001,Yard C,13000,10855,2145,83.5,202,239,74
YRD09854,DR01927,PR00002,Yard D,11000,7095,3905,64.5,232,174,9
YRD09855,DR06571,PR00007,Yard A,14000,13790,210,98.5,162,240,96
YRD09856,DR09195,PR00006,Yard B,12000,9276,2724,77.3,249,342,54
YRD09857,DR01430,PR00005,Yard C,13000,11921,1079,91.7,325,260,74
YRD09858,DR01809,PR00003,Yard E,12500,11512,988,92.1,197,265,61
YRD09859,DR03277,PR00004,Yard E,12500,11712,788,93.7,288,307,72
YRD09860,DR06364,PR00002,Yard C,13000,11635,1365,89.5,226,180,89
YRD09861,DR02956,PR00004,Yard A,14000,13370,630,95.5,249,186,103
YRD09862,DR04789,PR00002,Yard D,11000,8019,2981,72.9,252,206,42
YRD09863,DR02418,PR00006,Yard E,12500,11488,1012,91.9,299,245,77
YRD09864,DR09692,PR00005,Yard B,12000,9276,2724,77.3,226,177,65
YRD09865,DR05980,PR00003,Yard E,12500,11612,888,92.9,302,259,86
YRD09866,DR07732,PR00004,Yard B,12000,8952,3048,74.6,214,185,55
YRD09867,DR03548,PR00002,Yard B,12000,8244,3756,68.7,201,265,55
YRD09868,DR01981,PR00001,Yard E,12500,11300,1200,90.4,150,329,61
YRD09869,DR03642,PR00002,Yard A,14000,13790,210,98.5,273,343,103
YRD09870,DR01184,PR00002,Yard E,12500,12088,412,96.7,185,174,112
YRD09871,DR01032,PR00002,Yard E,12500,11612,888,92.9,282,179,49
YRD09872,DR05199,PR00005,Yard E,12500,11375,1125,91.0,313,279,64
YRD09873,DR09216,PR00005,Yard B,12000,9096,2904,75.8,219,257,55
YRD09874,DR06982,PR00003,Yard D,11000,7975,3025,72.5,281,176,77
YRD09875,DR09471,PR00007,Yard A,14000,13048,952,93.2,207,335,78
YRD09876,DR01305,PR00006,Yard D,11000,7513,3487,68.3,290,223,54
YRD09877,DR05441,PR00001,Yard A,14000,13664,336,97.6,309,261,90
YRD09878,DR08552,PR00003,Yard D,11000,7601,3399,69.1,224,265,42
YRD09879,DR07658,PR00007,Yard E,12500,12312,188,98.5,238,229,60
YRD09880,DR03497,PR00002,Yard E,12500,11762,738,94.1,272,306,83
YRD09881,DR08736,PR00003,Yard C,13000,11102,1898,85.4,280,219,61
YRD09882,DR06385,PR00007,Yard B,12000,9432,2568,78.6,266,257,105
YRD09883,DR00172,PR00005,Yard C,13000,10972,2028,84.4,258,263,37
YRD09884,DR00455,PR00006,Yard B,12000,9396,2604,78.3,209,259,62
YRD09885,DR01107,PR00006,Yard E,12500,11925,575,95.4,246,245,116
YRD09886,DR02803,PR00001,Yard B,12000,9240,2760,77.0,345,222,75
YRD09887,DR07640,PR00005,Yard B,12000,8892,3108,74.1,243,214,56
YRD09888,DR01679,PR00006,Yard A,14000,13328,672,95.2,360,350,69
YRD09889,DR07790,PR00002,Yard B,12000,9288,2712,77.4,319,259,60
YRD09890,DR05618,PR00001,Yard E,12500,11512,988,92.1,151,207,92
YRD09891,DR08074,PR00001,Yard E,12500,11000,1500,88.0,190,253,85
YRD09892,DR02198,PR00005,Yard A,14000,13790,210,98.5,284,308,84
YRD09893,DR00797,PR00005,Yard B,12000,9192,2808,76.6,313,190,83
YRD09894,DR02333,PR00006,Yard E,12500,10762,1738,86.1,261,237,85
YRD09895,DR02779,PR00002,Yard C,13000,12233,767,94.1,250,260,92
YRD09896,DR03892,PR00004,Yard D,11000,7348,3652,66.8,310,247,76
YRD09897,DR01492,PR00001,Yard A,14000,13580,420,97.0,259,293,69
YRD09898,DR08869,PR00007,Yard E,12500,11575,925,92.6,156,279,90
YRD09899,DR04354,PR00004,Yard C,13000,11401,1599,87.7,297,283,59
YRD09900,DR01038,PR00005,Yard E,12500,11700,800,93.6,273,309,75
YRD09901,DR08820,PR00002,Yard A,14000,13314,686,95.1,161,230,85
YRD09902,DR04957,PR00001,Yard D,11000,8030,2970,73.0,196,350,35
YRD09903,DR02782,PR00001,Yard D,11000,7458,3542,67.8,254,208,49
YRD09904,DR07256,PR00006,Yard C,13000,11492,1508,88.4,285,243,100
YRD09905,DR06570,PR00001,Yard E,12500,11200,1300,89.6,176,169,77
YRD09906,DR05425,PR00006,Yard D,11000,7777,3223,70.7,267,185,44
YRD09907,DR06659,PR00002,Yard A,14000,13790,210,98.5,249,335,97
YRD09908,DR07958,PR00004,Yard A,14000,13790,210,98.5,248,235,76
YRD09909,DR03749,PR00002,Yard B,12000,9372,2628,78.1,339,254,53
YRD09910,DR06417,PR00001,Yard C,13000,11674,1326,89.8,240,275,118
YRD09911,DR07836,PR00004,Yard B,12000,9120,2880,76.0,289,205,89
YRD09912,DR01819,PR00003,Yard A,14000,13062,938,93.3,164,193,98
YRD09913,DR00680,PR00003,Yard D,11000,6963,4037,63.3,278,204,40
YRD09914,DR01966,PR00004,Yard B,12000,9000,3000,75.0,258,185,83
YRD09915,DR07994,PR00002,Yard D,11000,8030,2970,73.0,325,314,52
YRD09916,DR02892,PR00004,Yard C,13000,11128,1872,85.6,317,234,95
YRD09917,DR08932,PR00004,Yard B,12000,8868,3132,73.9,232,215,83
YRD09918,DR02283,PR00001,Yard C,13000,11791,1209,90.7,256,225,73
YRD09919,DR05733,PR00002,Yard C,13000,12246,754,94.2,283,215,73
YRD09920,DR00274,PR00001,Yard B,12000,10032,1968,83.6,320,244,82
YRD09921,DR09433,PR00001,Yard E,12500,11812,688,94.5,286,263,87
YRD09922,DR06249,PR00001,Yard B,12000,9144,2856,76.2,251,232,48
YRD09923,DR02970,PR00004,Yard C,13000,11570,1430,89.0,264,199,96
YRD09924,DR07682,PR00001,Yard B,12000,8304,3696,69.2,156,258,40
YRD09925,DR06714,PR00006,Yard E,12500,12312,188,98.5,335,290,88
YRD09926,DR03923,PR00005,Yard D,11000,7799,3201,70.9,259,261,61
YRD09927,DR03983,PR00001,Yard A,14000,13076,924,93.4,145,205,75
YRD09928,DR08149,PR00004,Yard B,12000,8712,3288,72.6,264,236,78
YRD09929,DR08125,PR00001,Yard D,11000,7073,3927,64.3,114,236,62
YRD09930,DR03114,PR00001,Yard B,12000,9132,2868,76.1,259,205,78
YRD09931,DR00377,PR00007,Yard B,12000,10140,1860,84.5,175,262,119
YRD09932,DR02570,PR00003,Yard C,13000,10686,2314,82.2,230,202,55
YRD09933,DR02688,PR00001,Yard B,12000,9252,2748,77.1,253,253,116
YRD09934,DR00830,PR00006,Yard C,13000,10790,2210,83.0,186,163,50
YRD09935,DR01845,PR00007,Yard A,14000,13790,210,98.5,182,250,76
YRD09936,DR01875,PR00004,Yard C,13000,11258,1742,86.6,219,289,68
YRD09937,DR04718,PR00005,Yard B,12000,8844,3156,73.7,221,193,43
YRD09938,DR04029,PR00006,Yard D,11000,6930,4070,63.0,228,297,38
YRD09939,DR07777,PR00005,Yard D,11000,7579,3421,68.9,248,291,63
YRD09940,DR04172,PR00003,Yard E,12500,12012,488,96.1,269,197,93
YRD09941,DR09158,PR00006,Yard D,11000,7117,3883,64.7,252,271,34
YRD09942,DR05986,PR00003,Yard D,11000,7535,3465,68.5,213,234,65
YRD09943,DR00701,PR00002,Yard D,11000,7755,3245,70.5,243,170,56
YRD09944,DR08266,PR00001,Yard A,14000,13216,784,94.4,233,191,63
YRD09945,DR02123,PR00002,Yard B,12000,9516,2484,79.3,226,165,78
YRD09946,DR03037,PR00001,Yard B,12000,8700,3300,72.5,270,172,34
YRD09947,DR05679,PR00001,Yard D,11000,7656,3344,69.6,254,300,45
YRD09948,DR07494,PR00003,Yard A,14000,13468,532,96.2,173,219,88
YRD09949,DR09909,PR00007,Yard E,12500,12312,188,98.5,328,228,36
YRD09950,DR06322,PR00001,Yard E,12500,12062,438,96.5,232,245,81
YRD09951,DR04343,PR00002,Yard E,12500,11788,712,94.3,191,230,73
YRD09952,DR05909,PR00006,Yard D,11000,7106,3894,64.6,245,210,53
YRD09953,DR00421,PR00003,Yard E,12500,11638,862,93.1,348,287,81
YRD09954,DR08662,PR00005,Yard C,13000,10816,2184,83.2,299,170,88
YRD09955,DR05652,PR00004,Yard C,13000,11791,1209,90.7,256,342,91
YRD09956,DR05524,PR00004,Yard E,12500,11500,1000,92.0,203,188,88
YRD09957,DR07076,PR00001,Yard A,14000,13790,210,98.5,299,260,95
YRD09958,DR07521,PR00002,Yard E,12500,11550,950,92.4,197,225,69
YRD09959,DR05286,PR00004,Yard D,11000,7304,3696,66.4,222,213,48
YRD09960,DR02142,PR00001,Yard B,12000,8616,3384,71.8,199,143,64
YRD09961,DR06378,PR00001,Yard D,11000,7744,3256,70.4,280,298,65
YRD09962,DR00527,PR00003,Yard A,14000,12936,1064,92.4,245,251,59
YRD09963,DR06383,PR00005,Yard C,13000,11375,1625,87.5,226,210,86
YRD09964,DR00652,PR00003,Yard B,12000,8700,3300,72.5,214,210,52
YRD09965,DR05580,PR00005,Yard B,12000,9180,2820,76.5,174,169,64
YRD09966,DR05107,PR00005,Yard E,12500,12100,400,96.8,302,228,87
YRD09967,DR05803,PR00001,Yard A,14000,13790,210,98.5,195,200,94
YRD09968,DR00463,PR00007,Yard B,12000,9168,2832,76.4,245,283,69
YRD09969,DR08709,PR00006,Yard C,13000,11232,1768,86.4,247,176,79
YRD09970,DR00962,PR00002,Yard C,13000,10933,2067,84.1,188,312,58
YRD09971,DR08983,PR00003,Yard A,14000,12768,1232,91.2,287,256,79
YRD09972,DR07781,PR00002,Yard D,11000,7348,3652,66.8,222,217,63
YRD09973,DR07500,PR00007,Yard D,11000,7535,3465,68.5,275,275,47
YRD09974,DR09343,PR00003,Yard D,11000,8063,2937,73.3,259,333,59
YRD09975,DR09996,PR00003,Yard A,14000,13790,210,98.5,354,227,110
YRD09976,DR08656,PR00007,Yard A,14000,13468,532,96.2,286,218,104
YRD09977,DR07333,PR00004,Yard D,11000,6919,4081,62.9,271,203,70
YRD09978,DR04700,PR00001,Yard C,13000,11063,1937,85.1,105,245,72
YRD09979,DR01749,PR00004,Yard D,11000,7458,3542,67.8,271,262,83
YRD09980,DR06556,PR00006,Yard A,14000,13216,784,94.4,230,262,81
YRD09981,DR04175,PR00002,Yard D,11000,7678,3322,69.8,177,261,45
YRD09982,DR06583,PR00003,Yard B,12000,9168,2832,76.4,193,295,66
YRD09983,DR03179,PR00004,Yard C,13000,11973,1027,92.1,203,241,90
YRD09984,DR06698,PR00003,Yard B,12000,9444,2556,78.7,210,240,43
YRD09985,DR07608,PR00007,Yard C,13000,11349,1651,87.3,166,234,95
YRD09986,DR00082,PR00003,Yard E,12500,12125,375,97.0,248,98,93
YRD09987,DR01698,PR00004,Yard A,14000,12810,1190,91.5,255,134,71
YRD09988,DR00825,PR00006,Yard D,11000,7777,3223,70.7,330,251,49
YRD09989,DR06145,PR00001,Yard A,14000,13664,336,97.6,205,227,109
YRD09990,DR09494,PR00001,Yard D,11000,8393,2607,76.3,175,209,66
YRD09991,DR05415,PR00007,Yard B,12000,8844,3156,73.7,217,221,57
YRD09992,DR08575,PR00005,Yard C,13000,11869,1131,91.3,234,236,84
YRD09993,DR08575,PR00003,Yard D,11000,7348,3652,66.8,235,217,37
YRD09994,DR04265,PR00001,Yard D,11000,7304,3696,66.4,229,185,53
YRD09995,DR01070,PR00001,Yard E,12500,11275,1225,90.2,189,181,94
YRD09996,DR06881,PR00001,Yard A,14000,13062,938,93.3,266,271,87
YRD09997,DR05079,PR00003,Yard A,14000,13440,560,96.0,187,219,85
YRD09998,DR01216,PR00004,Yard D,11000,7018,3982,63.8,181,208,41
YRD09999,DR02054,PR00001,Yard C,13000,10959,2041,84.3,178,226,30
YRD10000,DR07704,PR00004,Yard E,12500,11162,1338,89.3,225,82,72
